timestep,x_0,x_1,x_2,x_3,x_4,x_5,x_6,x_7,x_8,x_9,x_10,x_11,x_12,x_13,x_14,x_15,x_16,x_17,x_18,x_19,x_20,x_21,x_22,x_23,x_24,x_25,x_26,x_27,x_28,x_29,x_30,u_0,u_1,u_2,u_3,u_4,u_5,u_6,u_7,u_8,lambda_0,lambda_1,lambda_2,lambda_3,lambda_4,lambda_5,lambda_6,lambda_7,lambda_8,lambda_9,lambda_10,lambda_11,lambda_12,lambda_13,lambda_14,lambda_15,lambda_16,lambda_17,lambda_18,lambda_19,lambda_20,lambda_21,lambda_22,lambda_23,lambda_24,lambda_25,lambda_26,lambda_27,eta_0,eta_1,eta_2,eta_3,eta_4,eta_5,eta_6,eta_7,eta_8,eta_9,eta_10,eta_11,eta_12,eta_13,eta_14,eta_15,eta_16,eta_17,eta_18,eta_19,eta_20,eta_21,eta_22,eta_23,eta_24,eta_25,eta_26,eta_27
0,-8.63792636911433e-11,0.0699999999854824,0.0499999999911767,0.0700000001105719,-0.0550000001925183,0.0499999999463856,-0.070000000094181,-0.0550000001899821,0.0499999999853574,0.999999999992237,-2.72269096843514e-11,-1.13927544369346e-11,-2.93954016786887e-11,-1.17158096456824e-11,-8.05519051486678e-12,0.0519999999964132,-1.61389004654014e-13,6.33789596421861e-11,1.103877420843e-12,1.44069969666648e-11,-3.46137495959886e-12,-3.20369620282468e-11,-2.56426329785611e-11,-7.10809477445885e-12,-3.83943401738876e-12,6.20293513981713e-13,6.7205308184667e-13,-2.2893838967258e-12,1.94283651954408e-13,-4.3168472539287e-11,1.2515613177338e-12,-0.165295677018024,0.0791108831653182,0.150000000656423,0.060778681553037,-0.00739955378297526,0.249999980949163,0.186430742192309,0.0645288493747534,0.183369131747191,0,0,0,0.01,0,0,0,0,0,0,0,0,0.01,0,0.01,0,0.117992676743999,0.01,0.01,0,0.01,0.43407133314017,0,0.01,0,0.01,0.01,0.01,0.542029274719509,0.5,0.575762567981776,0,0.622777806617227,0.646174578169593,0.503771199417327,0.546689640010328,0.537594343604545,0.661670408287059,0.5042224245637,0.516051471431992,0,0.5,0,0.538482953996154,0,0,0,0.5,0,0,0.5,0,0.5,0,0,0
1,-0.00130368328229558,0.068632515358574,0.0504149378783157,0.0696946218853373,-0.0540694504729347,0.0505406899999995,-0.0709778228073158,-0.0561300169627626,0.0505406899999969,0.999999999999967,-1.52624785476501e-14,3.03197641845753e-14,6.03367795181146e-15,6.52930974341889e-14,7.42187181329761e-15,0.051997443923655,-0.0750000000000019,-0.0750000000000031,0.0412873510763468,-0.0303858820532764,0.0750000000000007,0.05,-0.075,-0.0750000000000015,0.0500000000000004,9.34327923634066e-16,-9.41697629804952e-16,-1.05807667798021e-14,1.72292015824518e-13,3.16606392930315e-14,-2.90503201318025e-05,0.0528991590510849,0.0693185613321827,0.189125926590982,0.122100721635677,-0.0846914452635162,0.229499091122232,0.11531156184542,0.0831376338998219,0.173877498200344,0,0,0,0,0,0,0,0,0.01,0,0,0,0.01,0,0.01,0,0.111523435680483,0.01,0.01,0,0.01,0.478311052827174,0,0.01,0,0.01,0,0.01,0.5,0.5,0.529156795548733,0.5,0.5,0.618763336288875,0.5,0.5,0,0.663845197705728,0.511743086630926,0.529750029077194,0,0.5,0,0.541244497211951,0,0,0,0.5,0,0,0.5,0,0.5,0,0.5,0
2,-0.00307231958467609,0.0668157239551285,0.0514002315789313,0.070162514167359,-0.0528477744476697,0.0515514517167982,-0.0726497249801955,-0.0577353309903713,0.0515788438685376,0.999999998980629,-4.64140254631955e-11,4.53095254709943e-10,-2.81350418014319e-09,-2.38374117426558e-09,-1.83991220517918e-09,0.0519974248907539,-0.075000000027304,-0.0750000012571862,0.0500000000004069,0.0749999995450159,0.0473052410795793,0.0499999986591754,-0.0749999989457419,-0.0749999974401146,0.0500000000074825,1.78496582148006e-11,1.43031307482664e-11,-2.79597426743477e-11,2.11799960469135e-09,-4.35693526257761e-09,-4.20805388596384e-07,-0.0813575919913912,0.179783209030887,0.184920416121988,-0.0274376219392047,-0.0739943395254821,0.230550996807221,0.00381571253071984,-0.0417114443862013,0.174771260102322,0,0,0,0.01,0,0,0,0,0,0,0,0,0.01,0,0.01,0,0.0741624786173924,0.01,0.01,0,0.01,0.464422360103923,0.153569701145247,0.021677301653728,0,0.01,0.01,0.01,0.5,0.5,0.5,0,0.5,0.660595091757717,0.566416828315144,0.612216364944259,0.5,0.651068726058006,0.551921013544437,0.575558857509497,0,0.5,0,0.531002244667846,0,0,0,0.5,0,0,0,0,0.5,0,0,0
3,-0.00467826446733594,0.0651341234979184,0.0524273485089236,0.0716489704092237,-0.051798305562091,0.0520871393189942,-0.0744603345065828,-0.0593962698365578,0.0524173819180899,1.00000000112892,-1.46980195678101e-09,-4.45172293608997e-11,-4.10695035736912e-09,1.55961863503698e-09,6.47923833373185e-09,0.0519974247583291,-0.0750000001418923,-0.0749999973365562,0.0499999999830535,0.0736519530824852,0.0575914996462173,0.00379996473403337,-0.0749999962343002,-0.0749999987986936,0.0339339607769735,-2.48284997509272e-11,3.38333881859289e-11,-9.03945783418592e-10,1.0929064553703e-08,1.37030242444268e-08,-1.03627636442524e-09,0.113174460764438,-0.0939051096732482,0.14999998992261,0.221246200935306,-0.0658312200519016,0.224884123457293,-0.0447628854920313,-0.0183339681417086,0.184107089752675,0,0.0286384539896797,0,0,0,0,0,0,0,0,0,0,0.01,0.330486688104324,0.01,0,0,0.01,0.01,0,0.01,0.548510483662942,0.217012036926007,0.10496268851812,0.411507782277102,0.01,0,0.01,0.5,0,0.5,0.5,0.5,0.665100706805786,0.536223773448013,0.612850127999958,0.556361054810934,0.824936160914166,0.65299083052552,0.728306385199576,0,0,0,0.520487617180957,0.5,0,0,0.543287765723378,0,0,0,0,0,0,0.5,0
4,-0.00636726936068024,0.063425279004211,0.0534308331433297,0.0724929176005531,-0.0510972262225361,0.0516988352162134,-0.0763447842418872,-0.0610509313650636,0.0529303296739447,0.99999999999997,3.92841259531444e-15,-1.47092391736531e-14,2.20095966777138e-14,6.14876364669494e-14,-4.87582121032549e-15,0.0519974248766325,-0.075000000000002,-0.0749999999999997,0.0499999999999999,0.0110557414213629,0.0127402430351229,-0.0423994156806034,-0.0750000000000029,-0.0750000000000024,0.0174432563947746,-3.16386156243423e-16,-1.0869709194784e-15,-8.17172929873522e-15,1.73810853666272e-13,-7.97088170601619e-15,-1.10442800948565e-10,0.170014319932883,-0.144344036662645,0.15,0.182032629094261,-0.0589806950751712,0.228431919076075,-0.150727335510855,-0.0496742509282917,0.179159484447587,0.116673903150008,0,0,0.01,0,0,0,0,0,0,0,0,0.01,0.155045730164024,0.01,0,0.194021116431778,0.01,0.01,0,0.01,0,0.01,0.01,0.302299502084562,0.01,0,0.01,0,0.5,0.5,0,0.528741029289455,0.754335329014215,0.62637676853673,0.667956825371606,0.682334001796256,0.894677431806558,0.747057412421583,0.829954021181232,0,0,0,0.5,0,0,0,0.541082639623352,0,0.5,0,0,0,0,0.5,0
5,-0.00797629015885625,0.0631546455151948,0.0539665234553634,0.0738153684508337,-0.050073886422453,0.0513915377447921,-0.0781102085068482,-0.0626827834964278,0.0528847597291124,0.999999998336551,4.86466959193405e-10,-2.23322201465592e-09,-6.73215697774023e-09,-1.31268267827423e-09,4.53284279273151e-09,0.0519974233903554,-0.0750000002098114,0.0473256959018023,0.00380003080768198,0.0749999969225452,0.0750000001307858,0.0114006714885288,-0.0749999978898593,-0.074999999245725,-0.0218033304169556,4.95389549568911e-12,3.37649287300288e-11,-1.00573975053532e-09,9.92622869762218e-09,3.85594211140369e-09,-1.51764142597875e-10,0.130748887022784,-0.258506543036288,0.241155831081699,0.0388766562152019,-0.069000522293379,0.232200587085987,-0.2171939608459,-0.0795418741084614,0.244441581935166,0.0767196182392013,0,0,0.01,0,0,0,0,0,0,0,0,0.01,0.248176807594217,0.01,0,0,0.01,0.01,0.757760258705376,0.01,0,0.01,0.01,0.364448011616873,0.01,0,0.0587840796499732,0,0.5,0.5,0,0.592753858765061,0.792965323251218,0.664102791322063,0.721616390694212,0.776572767035939,0.999664764627838,0.846679855085724,0.929557676578048,0,0,0,0.508144129305513,0.5,0,0,0,0,0.5,0,0,0,0,0.5,0
6,-0.00947708768743311,0.0636183012339962,0.0535782144062601,0.0754078385189886,-0.0490859074571596,0.0521317228308834,-0.0797889425735306,-0.0642404755889498,0.0522779485061126,0.999999997292497,6.89793111217995e-10,2.79324516071459e-10,-2.64694269262481e-09,1.46390360688507e-09,-4.21450937382098e-09,0.0519974248904883,-0.0750000001071639,-0.000721235292228372,-0.0423999714385799,0.0749999972488992,0.0240523980815836,0.049999999976473,-0.0749999973121935,-0.0749999987395605,-0.0387936965984532,-6.13239340032178e-11,1.08123645339501e-10,-7.20611733770055e-10,9.99572230580202e-09,-9.89767688469798e-09,2.21290220935361e-09,0.060530934050669,-0.0582884029219845,0.250000039572047,0.0978579027054284,-0.0561157125727323,0.161712182338678,-0.159587095301076,-0.0603642485286669,0.250001434710574,0.198959230199615,0,0,0.01,0,0,0,0,0,0,0,0,0.01,0.207862285861443,0.01,0,0,0.01,0.01,0.763936477656205,0.01,0,0.01,0.01,0.383028487775624,0.01,0,0.0459592700323895,0,0.5,0.5,0,0.750255497608479,0.736468553122913,0.63930240411377,0.847421646617626,0.881005400809468,1.13072357027419,0.964688339574755,1.0470406315089,0,0,0,0.521437679513482,0.5,0,0,0,0,0.5,0,0,0,0,0.5,0
7,-0.011001409151492,0.0640079549011507,0.0525508641941214,0.0769828199820291,-0.0482967942832324,0.0531882128100769,-0.0814135027944849,-0.0657739515049987,0.051667083663006,0.999999999999972,1.33339921755308e-17,2.91485652679854e-16,3.24745264766243e-14,6.42923663530258e-14,-7.90131064754856e-15,0.0519974248756885,-0.0750000000000016,0.0394862354131898,-0.0499999999999987,0.0750000000000052,0.0547065177478,0.0500000000000004,-0.0750000000000035,-0.0750000000000027,-0.0223747041919348,1.47808479378902e-15,-7.60096568747822e-16,-5.61883733619864e-15,1.36044690618876e-13,-1.42503470639835e-14,-1.12167043412004e-10,0.0807143391998694,0.00767222976428388,0.250000000000001,-0.092619579303706,-0.0707709549262679,0.15,-0.027776554184512,0.0525287055195859,0.152679712605615,0.195200631610998,0,0,0.01,0,0,0,0,0,0,0,0,0.01,0.268681249308995,0.01,0,0,0.01,0.01,0.679977275736326,0.01,0,0.01,0.01,0.659664804267161,0.01,0.01,0.01,0,0.5,0.5,0,0.815015651223413,0.798593107230636,0.696984553131394,0.916624205322656,0.984484741883534,1.24719594915817,1.07217673547993,1.15950395556178,0,0,0,0.516869040835268,0.507353147019851,0,0,0,0,0.5,0,0,0,0,0,0
8,-0.0125274878721397,0.0631814410041442,0.0515023542167886,0.0784903673837972,-0.0472334989619562,0.0542430811144595,-0.083069064473532,-0.0673358058604478,0.0510486570350852,0.999999997755022,1.33509780995476e-09,-5.52256939982942e-10,-4.14813256338871e-09,-5.11795236024741e-10,1.3869030484946e-09,0.0519974245706922,-0.0750000000758941,-0.0749999993425489,-0.0500000001825905,0.0750000010046915,0.0516375486287314,0.0500000001955941,-0.0750000021790044,-0.0750000013219566,-0.03938260640792,-2.30584172378085e-11,1.57895445685135e-11,-5.07752907519109e-10,3.28025892497661e-09,5.78007610921887e-09,-7.03362879603056e-11,0.0116093561940353,-0.171334105802932,0.149999891415547,0.121838186048938,-0.00172088220205004,0.169063599186507,0.0633231362249644,0.0719650590078283,0.20119784459097,0,0.127750828721516,0.93994811074352,0,0,0,0,0,0,0,0,0,0.01,0,0.01,0,0.38533544980288,0,0.01,0,0.01,0.558989270971531,0,0.01,0,0.01,0.0871733148856729,0,0.5,0,0,0.5,0.87608773364899,0.813443162728945,0.746644013238761,0.942886883139172,1.0845718041028,1.38536054582416,1.16989159279667,1.3000407571303,0,0.5,0,0.597995058228218,0,0.5,0,0.5,0,0,0.5,0,0.5,0,0,0.5
9,-0.0144474474803358,0.0612614633658033,0.0510430469166768,0.0790602866043697,-0.0466879709979896,0.0552499586015501,-0.0843670197843145,-0.0681247177326904,0.0508017027344675,0.999999999516112,2.8874301104385e-10,-7.35391268554455e-10,-4.20390146009266e-10,3.14738276218553e-10,-6.16591658869092e-10,0.0519974247091893,-0.0749999998357722,-0.0750000001757131,0.00380026904577541,-0.017545625757715,0.00315841147044342,0.0500000000974862,-0.0548955209296122,-0.00424402835630759,0.0144179918701601,6.86270692379196e-12,1.17325513937497e-11,-4.05660109366798e-11,1.12574299857652e-09,-2.16871303750952e-09,-1.74262126375946e-10,-0.399999902351439,-0.400000104484917,0.150000006421206,0.0214673699913978,-0.033894384272556,0.149985405682848,0.24894625128546,0.179873653026587,0.219720291809122,0.01,0.01,0,0.01,0,0,0,0,0,0,0,0,0.01,0,0.01,0,0.340888549883174,0,0.01,0,0.01,0,0,0.01,0,0.01,0.01,0,0,0,0.578562053814087,0,0.904491964814618,0.850675389596407,0.738820782609088,1.01634657180194,1.17348383602553,1.46423143228067,1.27040700718281,1.36730826112338,0,0.5,0,0.611132985436999,0,0.5,0,0.5,0,0.5,0.5,0,0.5,0,0,0.5
10,-0.0152432760703325,0.0599838612586938,0.0516549135486181,0.0803193777714426,-0.0454610767464019,0.0562821150238351,-0.086120158880413,-0.0696298067971628,0.051189103413672,0.999999999537665,3.74278702874575e-06,5.08819171815592e-07,1.9823080907391e-06,-3.87717023758813e-09,-6.99743105565951e-07,0.051997567582303,-0.00474042064295147,-0.0414639835309715,0.049999999999697,0.0750000001740146,0.0750000000063697,0.0500000001097974,-0.07500000022709,-0.0750000001144165,0.0242726994554281,0.0413649846756084,0.00676850155734949,0.0242316561256531,-3.52496730534031e-05,-0.00399339530256017,0.000897928391394153,0.0687089896078848,-0.243717018918886,0.202938428359352,0.0394846783093805,-0.0266641610564944,0.150772421158173,0.0116292644881902,0.0437605106488706,0.207590120862433,0.167820586042261,0,0.982341087207171,0.01,0,0,0,0,0,0,0,0,0.01,0,0.01,0,0.400148965756375,0.01,0.01,0,0.01,0,0,0.01,0,0.01,0.0153415311090645,0.0116204657920709,0,0.5,0,0,0.929937158238676,0.871934171214517,0.767609153715797,1.03426217573739,1.31321575622067,1.61955213485458,1.41799538462241,1.51477250645284,0,0.5,0,0.581461304989076,0,0,0,0.5,0,0.5,0.5,0,0.5,0,0,0
11,-0.0168729406117505,0.0587494810121407,0.0517167171340423,0.0819065688819078,-0.0439168702428487,0.0573061408344825,-0.0860600508756838,-0.0700133571666496,0.0512755078673075,0.999979789755009,7.51771607312063e-06,-2.40396281681812e-06,0.00637627037998632,-0.000357369758500881,-0.00103634044372043,0.0519974262323051,-0.0749999998429602,-0.0750000001995672,-0.0124719486035471,0.0750000003125405,0.0750000000108695,0.0500000000668277,0.0749999996257473,0.0360895243487102,-0.0154337102023597,-0.000122678338964554,0.0037168922387044,0.908703530309257,-0.030090868292062,-0.075948034106655,0.000144457615903496,-0.399999906625376,-0.400000118669851,0.150000001170918,0.06983692064569,0.0104073978625354,0.200353815206375,0.366630666362774,0.268330851145269,0.174356765504255,0.01,0,0.01,0.01,0,0,0,0,0,0,0,0,0,0,0.01,0.953227825530019,0,0.01,0.01,0,0.01,0.783048752691377,0.254909580260044,0.0639266348030377,0,0.01,0.152204517977512,0.0452421536737147,0,0.582897391924183,0,0,0.793997629258067,1.03233109999992,0.81202474116567,1.01430398809233,1.24854742764961,1.64396488872183,1.37595630266929,1.51655601370216,0.5,0.5,0,0,0.5,0,0,0.5,0,0,0,0,0.51093945692915,0,0,0
12,-0.0164129594442027,0.0571789200730456,0.0519844989716663,0.0837703659732291,-0.0437281710221213,0.057841831455169,-0.0869796371084443,-0.0711364372608804,0.0507658616836201,0.999931562705082,8.54081633627991e-06,7.0008122638594e-08,0.0117160846148083,-0.000734848458340449,-0.00246585430499337,0.0519975053423168,0.075000000000022,-0.0749999999999997,0.0342127872607841,0.0750000000000044,-0.0554776242128599,0.00380005553952342,-0.0749999999999927,-0.0750000000000008,-0.0354309642706747,0.000622638692794916,0.000160229046897286,0.277551399996713,-0.00551714669277603,-0.0755187321341553,3.39187701099289e-06,-0.399999999999987,-0.4,0.150000000000001,0.400000000000003,0.143752904253911,0.25,0.400000000000004,0.317347587477183,0.25,0.01,0,0.01,0.01,0,0,0,0,0,0,0,0,0.01,0,0.01,0,0,0.01,0.01,0,0.01,0.760541880917106,0,0.01,0.487361139000028,0.01,0,0.122366669883182,0,0.542040491790207,0,0,0.811380608856326,1.07825561461303,0.854464435263271,1.03517178820608,1.26233533036929,1.67820099912589,1.39680900270373,1.54372732679145,0,0.5,0,0.648901335369639,0.5,0,0,0.5,0,0,0.5,0,0,0,0.5,0
13,-0.0162469800714302,0.0576587776193657,0.0529185629763831,0.0855859939784184,-0.0441188640636555,0.0574535225752929,-0.0884841529839433,-0.0727321968533255,0.0497784648837862,0.999913864807668,8.14626628550515e-06,-9.11202521732116e-07,0.0131404825631549,-0.000816565541043347,-0.00339836297483433,0.0519974255530279,-0.0566012067174009,0.0750000000000014,0.0499999999999985,0.0749999999999977,0.0160506785450748,-0.0423999435319091,-0.0749999999999996,-0.0750000000000007,-0.0499999999999997,-2.71935770647066e-05,-0.000122628585467933,0.0343796836322978,-0.00223612062447774,-0.0169057844393035,3.48641190536944e-07,-0.0622466116617063,-0.193520049650283,0.249999999999999,0.399999999999999,0.0666416310874326,0.247698425389155,0.0941076738970427,-0.00830331555630893,0.25,0.01,1.03650086700463,0.20128486775548,0,0,0,0,0,0,0,0,0,0.01,0,0.01,0.832598785277066,0.464697745322639,0.01,0.01,0.936384540838971,0.01,0,0,0.01,0.657508144679459,0.01,0,0.0580984346175779,0,0,0,0.51261514369802,0.857520091659005,1.17478357588516,0.921860442660329,1.11044322488383,1.37696502402049,1.74121177211967,1.46484338550732,1.65333341063285,0,0.535908094377233,0,0,0,0,0,0,0,0.5,0.5,0,0,0,0.507481099708188,0
14,-0.018130131296284,0.0588453755090481,0.0534542501946485,0.0875059618245117,-0.0441735910482004,0.0568259951165517,-0.0872842447363903,-0.0715322457091523,0.0487299516347485,0.999913327744983,-3.77151079063574e-07,5.37947320493075e-08,0.013181296839531,-0.000823334917890544,-0.00344450106600807,0.0519974245265407,-0.0749999999096539,0.0438157877350844,0.00380000576256021,0.0749999951897288,-0.0213354318411973,-0.020462412377274,0.0749999980307179,0.074999997865036,-0.0500000007910634,-0.00214181120684966,0.000409429290723524,4.87343095996822e-09,2.16503488026377e-05,0.000114359376170483,2.57125956714391e-07,0.0168084800937251,-0.399996875599153,0.149999369216748,0.399997139798767,0.030954000888618,0.158180970753589,-0.0631329588283322,-0.178070906204938,0.249999529588524,0.01,0,0,0.315582638498417,0,0,0,0,0,0,0,0,0.01,0.859689758192786,0.01,0.962078781282421,0,0.01,0.01,0,0.01,0,0.421343514562679,0.01,0,0.01,0.444983134331609,0.01,0,0.5,0.5,0,0.902031147875156,1.24768078402583,0.994074704113217,1.15563722778777,1.24678047196701,1.63632771614592,1.34523445408853,1.5378737340244,0,0,0,0,0.5,0,0,0.5,0,0.560295268146308,0,0,0.5,0,0,0
15,-0.0187268798145082,0.0576012632240748,0.0540665028695406,0.0894259104336192,-0.0447829610744888,0.0559969719887214,-0.0876401243517073,-0.0711083557251328,0.0482061196273804,0.999913327502288,3.50540606420734e-08,-6.4979520608367e-09,0.0131813059376726,-0.00082333417999768,-0.00344454884907711,0.0519974248487651,0.0148767203841203,-0.0750000000121639,0.0499999998794893,0.0750000001097722,-0.0395113702790868,-0.0500000000052567,-0.0750000000999077,-0.0320759573382342,-0.00262028431862355,1.84463018086232e-05,-5.77918167711619e-06,3.09565435350168e-11,-3.46353398977924e-07,-1.2242494176079e-06,3.69510446335414e-09,-0.042610551159361,0.314766156728809,0.149999928337191,0.400000065270386,0.0672406166008874,0.249999996874076,0.356411621653208,0.139770058802281,0.248149748400816,0.01,0,0.205317996093842,0.156823600265906,0,0,0,0,0,0,0,0,0.01,0.760994174201538,0.01,0.815490440595578,0,0.01,0.01,1.51598914126881,0.01,0,0,0.01,0,0.01,0.28999465747012,0.01,0,0.5,0,0,0.970351487635111,1.3120214183771,0.996567982910512,1.28580492310171,1.17326591176165,1.63250909615366,1.34942613160144,1.45634887631388,0,0,0,0,0.5,0,0,0,0,0.5,0.582111975764452,0,0.5,0,0,0
16,-0.0179983638350811,0.0559663959964138,0.0545688785391499,0.0913458662727311,-0.0460077286950183,0.0554506085303657,-0.0864836179907527,-0.0698855174823109,0.0486655626048658,0.999913990699843,2.40634336718039e-05,8.62317779372011e-06,0.0131308821316461,-0.000756098502146815,-0.00363035625988356,0.051996400802999,0.0267602396554585,-0.0575704441947788,-0.00562133656526999,0.0749999998728321,-0.0749999996508926,-0.00486205421562679,0.0749999998863469,0.0749999998942266,0.0483098881600778,0.0465140993628662,0.0235676355253463,-0.0288932876607057,0.0157814586036651,-0.0428866992900638,0.00244903109649972,-0.39999996058013,-0.399999977612718,0.150000002041285,0.399999924385924,0.0450542064649003,0.149999943871474,-0.0067291184365069,-0.103916146677382,0.228561281452233,0.01,0,0.01,0.01,0,0,0,0,0,0,0,0,0.01,0.904937246359095,0.01,0.928816493094122,0,0.01,0.01,1.10881183549613,0.01,0,0.364817420318061,0.01,0,0.01,0.404741385878661,0.01,0,0.537004473390206,0,0,1.03689626734888,1.37605198569382,1.12796088302238,1.28498737002033,1.07998960051341,1.50749692861294,1.21910846414347,1.36837806498288,0,0,0,0,0.5,0,0,0,0,0.542237766298147,0,0,0.5,0,0,0
17,-0.0168377303557509,0.0548929522198734,0.0542561703304824,0.093194504385889,-0.0475260180987097,0.0548890527564497,-0.0849016626024758,-0.0683273361400061,0.049167436937702,0.999915284744966,7.20762026336382e-06,2.39072476617065e-06,0.0130319828804843,-0.000381306341109853,-0.0046946069864129,0.0519973209140931,0.0749999999528361,-0.0583752412677756,-0.0272183247853396,0.0749999998418751,-0.0749999999709719,-0.0500000000032741,0.0750000004963942,0.0750000003870417,0.00210854778134464,0.00101791231484706,0.00033604366710391,-0.00788459241266648,0.020625693462928,-0.0596307210778878,-7.134446597825e-05,-0.158888712300557,-0.207284948735455,0.150000005943914,0.365671530156815,0.0619915376425699,0.205732252778424,-0.294388921733469,-0.366070700578386,0.250000011283666,0.01,1.04153743671811,0.149808553209203,0.184635563201935,0,0,0,0,0,0,0,0,0.01,0.97407005928603,0.01,1.01839597738145,0,0.01,0.01,1.20782452089487,0.01,0,0.391833024867046,0.01,0,0.01,0.404663952323231,0.01,0,0,0,0,1.14597477512492,1.43636241054547,1.21216854027956,1.37016864539082,0.916960797272262,1.33034856395329,1.04004549567092,1.20726386555462,0,0,0,0,0.5,0,0,0,0,0.515346435123996,0,0,0.5,0,0,0
18,-0.0180322245214773,0.0532068783173268,0.0537219100252087,0.0948801210849306,-0.0486297208497051,0.0538670260473936,-0.082981702827522,-0.0664073539810083,0.0488660435953115,0.999855528711831,8.40121312813212e-06,4.15407906944937e-07,0.0170126702647119,-0.000211999606454402,-0.00621318014112563,0.05199740098567,-0.0749999999098462,-0.0749999985065588,-0.0381334373546613,0.0750000003220714,-0.0355670822814097,-0.0500000000038619,0.0749999989027914,0.0749999989914273,-0.0320768023348807,-0.00422478534727268,-0.000755599459755188,0.612316495401132,-0.00354489320829463,-0.0788524954553056,-4.80021617490501e-05,-0.399999946392329,-0.399999111939744,0.14999995350931,0.230674496654775,0.0515246962231116,0.193527338300461,0.107616915459464,0.0319593638568563,0.249999811285693,0.01,0,0.01,0.01,0,0,0,0,0,0,0,0,0.01,0.902129305753973,0.01,0.889411702243104,0,0.01,0.01,1.09125565842331,0.01,0,0.34628996304657,0.01,0,0.01,0.396634372503106,0.01,0,0.540945414584724,0,0,1.2218960844026,1.51015527047141,1.28606973821535,1.44598161665869,0.805971581595839,1.20951191881502,0.915239566274588,1.10024393413628,0,0,0,0,0.5,0,0,0,0,0.541770533904981,0,0,0.5,0,0,0
19,-0.0170020135530163,0.0540607120231431,0.0529603611611206,0.0965039293807781,-0.0489458178210876,0.0528527138278152,-0.0814171532787646,-0.0648879688615705,0.048264088389867,0.999795643455303,8.02712812702379e-06,-9.69504312109857e-07,0.0202298144025995,-0.000305651058434849,-0.00723662276827029,0.0519974237068502,0.0750000009870123,0.0749999995341318,-0.0389357629227741,0.0749999978329239,0.00375573654822159,-0.0500000000112496,0.0750000033940194,0.0750000011037567,-0.0281383027475768,8.64941380938953e-05,-0.000225566663651178,0.0908187348373882,-0.00374817912460016,-0.0222737133740534,-2.3473224052696e-06,-0.157685373994919,-0.348752962030573,0.150000041892523,0.220761057829571,0.0633501749351826,0.195855883405043,-0.17613991025007,-0.228095955468937,0.24999953177679,0.01,1.04321981873456,0,0,0,0,0,0,0,0,0,0,0.01,0.952186482811302,0.01,1.00482603372283,0,0.01,0.01,1.18296908154827,0.01,0,0.404396004972694,0.01,0,0.01,0.408586377992362,0.01,0,0,0.5,0.5,1.34454570970953,1.6131673857618,1.39899117656099,1.55872191891035,0.750254315705582,1.10990292314575,0.845690054891417,1.01446718395991,0,0,0,0,0.5,0,0,0,0,0.562928965392465,0,0,0.5,0,0,0
20,-0.0182019165357483,0.0528607554167749,0.0519942685287186,0.0981047064086908,-0.049032728117655,0.0518285247433817,-0.0794971899208579,-0.0630110532969587,0.0477067611160102,0.999792731319561,8.14059148759977e-07,-2.05302105250269e-07,0.0203732415813954,-0.000321875345862872,-0.00731892691618437,0.0519974250807826,-0.0750000000000019,-0.075,-0.0499999999999998,0.0750000000000016,-0.0123614868344116,-0.0500000000000001,0.0750000000000012,0.0749999999999995,-0.0275973737744598,0.00207056183934769,-0.000669636864751146,2.01668077366586e-08,-3.62747332299255e-05,-0.000113932608679451,-1.84414714393064e-07,0.0972735869670721,-0.0171881373529729,0.25,0.15910449471214,0.112653670625808,0.202341937077265,-0.343901718502557,-0.363071090562966,0.250000000000001,0.01,1.06642514600769,0.107205406236832,0,0,0,0,0,0,0,0,0,0.01,0.901565734954547,0.01,0.982810896147622,0.641959634967242,0.01,0.01,1.14157158647587,0.01,0,0.4087748043536,0.01,0,0.01,0.406644215533101,0.01,0,0,0,0.5,1.483646813559,1.73032064701295,1.52643346668297,1.68753399388899,0.664675743029508,0.989793159875917,0.741213930905831,0.913254971999593,0,0,0,0,0,0,0,0,0,0.564926526860799,0,0,0.5,0,0,0
21,-0.0200714286872777,0.0513371703611683,0.0511150114228946,0.0972692425448286,-0.048842224803812,0.050810993245028,-0.0775772319166459,-0.0610910742958698,0.0469271767480592,0.999725623345686,5.93085240351821e-06,-8.78207197848072e-06,0.0234381672407654,-0.000450567465800129,-0.00780159177226854,0.0519966873295671,-0.0749999999999869,-0.0750000000000042,-0.0321889019681759,-0.0749999999999971,0.0311940405845318,-0.0500000000000001,0.0750000000000015,0.0750000000000021,-0.0499999999999994,0.0443320259597116,0.0222396573385484,0.759964310267306,-0.0179522406752489,-0.064097263178516,0.000417736582872665,-0.399999999999992,-0.400000000000003,0.242775137064783,-0.0683734285992663,-0.00326855816549684,0.199432171257446,0.0234313026478967,-0.0912173542185099,0.25,0.01,0,0.01,0.01,0,0,0,0,0,0,0,0,0.01,0,0.01,0.795677287236207,0.393445627811457,0.01,0.01,0,0.01,0,0.265123377890715,0.01,0.375305776822527,0.01,0,0.01,0,0.572167516783905,0,0,1.49245119695022,1.75908115731702,1.54893304836272,1.70259930590452,0.568762312447997,0.885703131543539,0.67935151905073,0.775113924940807,0,0.5,0,0,0,0,0,0.5,0,0.5,0,0,0,0,0.5,0
22,-0.0194628476080316,0.052564605985389,0.0508461418580778,0.0957218754666263,-0.0475739494312397,0.0498234214308633,-0.0759252831168164,-0.0595497844255273,0.0462754365234564,0.999631490616766,7.26382883230073e-06,-3.41265664947211e-06,0.0271595492469163,-0.000737827486969867,-0.00857750797795401,0.0519974209096883,0.0749999992507437,0.0750000008088436,0.00365634788913683,-0.0749999997626977,0.0749999999916633,-0.0487632602245607,0.0749999998024566,0.0750000001460066,-0.0153472714863782,-0.000164553026372067,-0.000337996478402513,0.0777960662052299,-0.00663999432696937,-0.0118734207523566,4.81440924788197e-06,-0.400000445509718,-0.283005950412806,0.227960735021918,0.0616712279431434,0.0118818706602526,0.249999989977781,0.308010236318741,-0.119490249533337,0.249999954771864,0.01,0,0.01,0,0,0,0,0,0,0,0,0,0.01,0,0.01,0,0,0.01,0.01,0,0.01,0,0.410627581263678,0.0324576519003769,0.403901755162391,0.01,0.226321920531191,0.01,0,0.5,0,0.5,1.58399961132054,1.8205989601561,1.57960803469479,1.82499053678186,0.720932309013443,0.914578779542351,0.732610555568525,0.902900532987274,0,0.5,0,0.5,0.5,0,0,0.5,0,0.5,0,0,0,0,0,0
23,-0.0197501824321074,0.054089548814447,0.0507594939311257,0.0939527078125987,-0.0460481000759931,0.0488608940226441,-0.0764858929446093,-0.0606237288456437,0.0457232973365546,0.999629382059819,-4.99274050741144e-07,4.11811469337283e-07,0.027237065177063,-0.000753521402050133,-0.00860305847350289,0.0519974250314718,-0.0749999999999909,0.0749999999999984,-0.0122416501900788,-0.0749999999999954,0.0750000000000009,-0.0474959222119627,-0.0750000000000036,-0.0750000000000008,-0.0397446749548128,0.000831541730480739,-0.000430585288050401,1.42560746427669e-08,-1.94129162833392e-05,-3.94362460544053e-05,1.81012284900943e-07,-0.399999999999995,-0.019043241782661,0.215247603037996,-0.274807898781138,0.0584097606741596,0.250000000000001,0.399999999999998,-0.0335630828768572,0.25,0.01,0,0,0.01,0,0,0,0,0,0,0,0,0.01,0,0.01,0,0,0.01,0.01,0.670894125010589,0.01,0,0.292171165083639,0.01,0,0.01,0,0.01,0,0.5,0.5,0,1.56404973648649,1.80269984202533,1.57244590891291,1.79430366959891,0.856202688226719,0.985025187600512,0.891807401275861,0.94942047455137,0,0.5,0,0.5,0.505398545298105,0,0,0,0,0.5,0,0,0.5,0,0.5,0
24,-0.0207064359260298,0.0548667913507698,0.0510553509273241,0.0923639137991483,-0.0449406985188293,0.0482690222662674,-0.0754105784511134,-0.0622081205591291,0.0454690938374587,0.999629382059513,4.86654479243986e-09,-6.54821036401522e-09,0.0272370651994886,-0.000753564194708269,-0.0086031134979367,0.0519974248764087,-0.0208958700416998,0.0030838344590091,0.0415583498099203,-0.0749999999999947,0.0359354783251701,-0.0118693861062377,0.0750000000000038,-0.0750000000000001,0.0140553250451879,-7.23340797704787e-05,5.072937950028e-05,2.65760293309693e-11,2.59207618182289e-06,3.72684279728658e-06,-6.20440195700406e-10,-0.175306876095888,0.0383016999488449,0.224158880602008,-0.399999999999997,0.0814818881851832,0.250000000000001,0.33467532007458,-0.102666049185242,0.23276208477161,0.01,0.737890557087453,0.01,0.01,0,0,0,0,0,0,0,0,0.01,0,0.01,0,0,0.01,0.01,0.735937139614987,0.01,0.694386620962171,0.28578238629529,0.01,0,0.01,0,0.01,0,0,0,0,1.49353063692557,1.71464569117524,1.50635883365403,1.70181749444677,0.848168225177523,1.02316656703618,0.915880717843778,0.955454074369926,0,0.5,0,0.5,0.5,0,0,0,0,0,0,0,0.5,0,0.5,0
25,-0.0224899694112044,0.053179151687334,0.0518089557883439,0.0914406058248554,-0.0441190400203714,0.0475843181317294,-0.0737100552208452,-0.0633410498422097,0.0461515087318455,0.999629382059534,6.68220913296599e-10,-4.12935214394077e-10,0.0272370651994907,-0.000753563479497767,-0.00860311291634139,0.0519974248750026,-0.0750000000000007,-0.0749999999999963,0.0338407244191048,-0.0176177088846261,0.046179153145089,-0.0499999999999962,0.0749999999999967,-0.038475550560008,0.0500000000000002,2.3892791349158e-06,-1.96100860124248e-06,4.46590323172491e-14,-1.05033009848871e-07,-1.29463890196423e-07,-1.89907680708196e-11,-0.058164366300235,0.400000000000002,0.233052486557409,-0.262037441173111,0.0456147046511905,0.250000000000002,0.399999999999998,-0.00545347205854458,0.188703369782557,0.01,0,0.01,0,0,0,0,0,0,0,0,0,0.01,0,0.01,0.489962842804941,0.01,0.01,0.01,0,0.01,0,0.362822118347443,0.108051719988111,0.164732310325765,0.01,0,0.01,0,0.5,0,0.5,1.24892402811142,1.52837303642383,1.25163474057168,1.52566232396357,0.893689800953686,0.977931921716521,0.929359872851324,0.942261849818882,0,0.5,0,0,0,0,0,0.5,0,0.5,0,0,0,0,0.5,0
26,-0.0230162965716726,0.0543790926093929,0.0520214584172152,0.090023284936527,-0.0431874821767138,0.0465774919253544,-0.0717900951720135,-0.0643776839709734,0.0471779530833486,0.999629379311332,-8.3197843860052e-10,5.54263025345181e-10,0.0272370725437346,-0.00075355976301572,-0.00860311074384851,0.0519974248751216,0.0218839816700382,0.0749999987010852,-0.012359274494442,-0.0749999977323561,0.0469726287977398,-0.0499999971490301,0.0750000017766169,-0.0650563714187583,0.0500000009200977,-3.45032137182541e-09,2.05329053532075e-08,-2.96419460805369e-11,2.62584709324537e-08,-1.48783565031113e-08,1.09256100272647e-09,0.0310255328522226,0.399999227939863,0.241108807863154,-0.399998651669254,-0.043566483421915,0.250001695185709,-0.117113327892611,0.0846815024810294,0.150000547073865,0.01,0.01,0.01,0.01,0,0,0,0,0,0,0,0,0.01,0,0,0.197024645924432,0.01,0.01,0.01,0.530266881144772,0.01,0.518869406616203,0,0.0550838365665207,0.0905647534376459,0.0556820375238748,0.231104865643259,0.01,0,0,0,0,1.34652339860293,1.54231845084295,1.40524556275251,1.48359628669337,0.691321302376044,0.616329331316053,0.657063302254293,0.650587331437791,0,0.5,0.5,0,0,0,0,0,0,0,0.5,0,0,0,0,0
27,-0.0219816296977402,0.0562990856905749,0.0523149647651095,0.08825276701772,-0.0431379374382605,0.0461181762835223,-0.0702468298349578,-0.0645506723176671,0.0477136403355868,0.999629382059485,9.96277456319146e-12,-1.73645102916658e-11,0.0272370651995857,-0.000753563443128328,-0.00860311285144693,0.0519974248750047,0.0749999999999982,0.0749999999999796,0.0414407244191054,-0.0749999999999902,-0.0415753786157923,0.00380000000000117,0.0750000000000001,0.0471976818625064,0.00379999999999972,-8.64315988284392e-09,-6.1211014688212e-09,-9.56089757512744e-15,-3.52111580122229e-10,2.59149115576163e-10,7.91016161359837e-14,-0.0315052650524615,0.399999999999988,0.178861554549214,-0.399999999999994,0.0430664630767319,0.165847792670748,-0.0102939179982291,0.399999999999998,0.161915388413213,0.01,0.0104028576021752,0.01,0.01,0,0,0,0,0.01,0.471492035712617,0.0133034405932529,0.01,0.01,0,0.01,0.172504880744991,0.01,0.01,0.01,0.566683332431239,0.01,0,0.139458633774992,0.01,0.01,0.01,0.278328812366358,0.01,0,0,0,0,1.4543838041675,1.64072763251761,1.5109842179471,1.58412721873801,0,0,0,0,0,0.546790176212333,0,0,0,0,0,0,0,0.5,0,0,0,0,0,0
28,-0.0213493332345129,0.058219064691654,0.0532539833576311,0.0863770029183113,-0.0418186471244925,0.046730426283521,-0.0686820205947662,-0.0626862979529424,0.0479700515803161,0.999629382059502,1.17773114750271e-11,5.7184776758179e-12,0.0272370651995725,-0.000753563440858582,-0.00860311285053122,0.0519974248750004,-0.0113386603767164,0.0749999999999899,0.0500000000000001,-0.0749999999999895,0.0750000000000022,0.05,0.075000000000001,0.0750000000000089,0.0217513676353393,5.50333504315929e-09,-4.5172051079002e-09,-1.20773864303688e-14,-1.14196529577516e-10,-2.52840521742467e-10,2.25422029740061e-13,-0.20473778154712,0.399999999999994,0.167859557949678,-0.399999999999994,0.0116312372170789,0.183282882631991,0.115470138686102,0.400000000000005,0.201278506212307,0.01,0,0.01,0.01,0,0,0,0,0.010330593878079,0.366109876785204,0.0925802492649455,0.022361935027259,0.01,0,0.01,0.338728295204913,0.01,0,0.01,0,0.01,0,0.0470322739402053,0,0.01,0.01,0.221979087074469,0.01,0,0.5,0,0,1.41455921347127,1.64101574190043,1.48099764840925,1.57457730696245,0,0,0,0,0,0.508882005703792,0,0,0,0.5,0,0.5,0,0.5,0,0.5,0,0,0,0
29,-0.0227946672750117,0.0601390436927588,0.0542910582502038,0.0844570449141481,-0.0400529487615192,0.0477633989103978,-0.0670407872316533,-0.0607663189519515,0.0486158070210228,0.999629382059514,-1.10676260265016e-11,3.74447067677433e-12,0.0272370651995671,-0.000753563441682916,-0.00860311284921268,0.0519974248750042,-0.0750000000000019,0.0749999999999867,0.0500000000000001,-0.0749999999999856,0.0750000000000019,0.05,0.0750000000000005,0.0749999999999986,0.0427193365906394,3.18928273079365e-09,1.61583828290668e-09,-9.29169714425905e-15,9.10783460215362e-11,-8.74183632695188e-11,3.14144331607331e-14,0.0164200927396214,0.399999999999992,0.185451849804703,-0.399999999999991,0.081243778015791,0.181208406865765,-0.0894185838141986,-0.355589754700006,0.194539472426646,0.01,0,0.01,0,0,0,0,0,0.0788192177612136,0.01,0.01,0.01,0.01,0,0.01,0,0,0,0.01,0.691305779569076,0.01,0,0.01,0,0.212073579403552,0.01,0.01,0.150016473944551,0,0.5,0,0.5,1.35994185087769,1.54500055372739,1.40829115532697,1.49665124927812,0,0,0,0,0,0.592942824516052,0,0.5,0.5,0.5,0,0,0,0.5,0,0.5,0,0,0,0
30,-0.0240130143714186,0.0620590226938167,0.0548267482502047,0.0825370869099626,-0.0383461489375375,0.0488198889103986,-0.0656782543552673,-0.0592359521164762,0.0494889222500871,0.999629382059521,6.82944440048959e-13,-5.541688594368e-12,0.0272370651995235,-0.000753563441870785,-0.00860311284978863,0.0519974248750034,-0.0469748354609666,0.0749999999999977,0.00380000000000037,-0.0749999999999994,0.0750000000000013,0.0499999999999991,0.0613216792186387,0.0749999999999999,0.0445828686554323,-2.18573848991803e-09,-5.17137479954445e-09,-6.35817234682738e-15,-1.79233084035023e-10,6.36190788256712e-11,-5.47388141087384e-13,-0.0481375269058075,-0.400000000000001,0.250000000000001,-0.0760683935491185,0.0833143897459507,0.149999999999999,0.0261146246935961,-0.0909113086425431,0.193335369895718,0,0,0,0,0,0,0,0,0.01,0,0,0,0.01,0.759249244857082,0.01,1.17888380458906,0.451338787753011,0.01,0.01,0,0.01,0,0.01,0.191850898850809,0,0.01,0,0.01,0.5,0.708484398264624,0.5,0.638722472208299,0.964473299696586,1.15549922737591,1.02556097900693,1.09441154806557,0,0.541416820955451,0.5,0.5,0,0,0,0,0,0,0,0.5,0,0.5,0,0,0.5,0,0.5,0
31,-0.0252043643255921,0.0635936881527429,0.0544633434576221,0.0815795510065114,-0.0367842992537065,0.0498310121560445,-0.0641569275288657,-0.0579343360592242,0.0505345039468411,0.999629381890108,-5.82174241565589e-10,-3.22715137127296e-11,0.0272370655301166,-0.000753561971414745,-0.00860311027779733,0.0519974244904479,-0.072035332045946,0.0750000005338511,-0.039921319992763,-0.0210233709421739,0.0750000002995005,0.0500000000351773,0.0749999979029029,0.0552603787934655,0.0500000000014013,-8.24301569465229e-10,1.62887861542744e-09,-1.95002059615798e-10,4.03244910077741e-09,5.48536006257745e-09,-6.43100540346024e-10,-0.0220048454468457,-0.399999682562347,0.249998736920621,-0.205685825063156,0.0507283984638689,0.150000020918902,-0.0364194609371707,-0.0930806481830865,0.183305281300028,0,0,0,0,0,0,0,0,0,0,0.148346452879415,0,0.01,0,0.01,1.18900886624618,0.469393504645444,0.01,0.01,0,0.01,0,0.01,0.132454332277931,0,0.01,0,0.01,0.5,0.811595493867744,0.515259852370189,0.760370731109157,0.964443160714874,1.13863614596059,1.0152451320764,1.08783417459907,0.5,0.5,0,0.5,0,0.5,0,0,0,0,0,0.5,0,0.51044145827735,0,0,0.5,0,0.5,0
32,-0.0267317143834509,0.0653774905198807,0.053447591098409,0.0807158138476591,-0.0351598923060148,0.0508676172041308,-0.0623378978846711,-0.0579103856902074,0.0510701939383027,0.999629382059521,8.46930802090156e-12,-7.71015428028166e-12,0.0272370651995166,-0.000753563443271166,-0.00860311285002903,0.0519974248749889,-0.0750000000000016,0.0750000000000018,-0.0499999999999992,-0.0651299095652333,0.0750000000000012,0.0499999999999986,0.0750000000000012,-0.0523274779531309,0.00380000000000143,8.22776419129556e-11,-3.29945108745017e-10,-5.45143906086668e-15,-5.72278138870299e-11,-5.27375531178166e-11,4.73835317912796e-12,-0.035361090791579,-0.342195302707209,0.25,-0.399999999999998,0.0521626216085876,0.149999999999999,0.18173462930473,0.0460486884260047,0.181156803400353,0,0,0,0,0,0,0,0,0.01,0,0,0,0.01,0,0.01,1.19530896475619,0.435748823536775,0.01,0.01,0,0.01,0,0.01,0.138761492937377,0,0.01,0,0.01,0.5,0.879902145150486,0.584093642027061,0.825782357394722,0.926990059432337,1.12729454118293,0.988866492722077,1.06541810789319,0,0.5,0.5,0.5,0,0.5,0,0,0,0,0,0.5,0,0.511431928112581,0,0,0.5,0,0.5,0
33,-0.0282718926956226,0.067297469700882,0.0523990810817568,0.0812596220306057,-0.0335043164303791,0.0518986144487827,-0.0605918068377322,-0.057579751830219,0.0516824418410664,0.999629382059521,9.2179923650936e-12,-1.10376658975105e-11,0.027237065199514,-0.00075356344442013,-0.00860311285108734,0.0519974248750813,-0.0750000000000014,0.0749999999999976,-0.0499999999999993,0.0750000000000032,0.0750000000000013,0.049999999999999,0.0750000000000009,0.0749999999999996,0.0500000000000004,8.22779037750677e-11,-3.29945454488561e-10,-5.39326277653243e-15,-5.72353519799148e-11,-5.27592995701298e-11,4.73505379409244e-12,-0.0324791071033999,-0.400000000000001,0.25,-0.399999999999998,0.0595024691930167,0.149999999999999,0.311177259457734,-0.198220052502237,0.16499316356478,0,0,0,0,0,0,0,0,0.01,0.410464385064623,0,0,0.01,0,0.01,1.18078631063783,0,0.01,0.01,0,0.01,0,0.01,0.153197967334149,0,0.01,0.0158276136560912,0.01,0.659358022526869,1.0229674969845,0.718292926185921,0.96403259332545,0.884961358033476,1.10838182611721,0.94168865660893,1.05165452754175,0,0,0.5,0.5,0,0.5,0,0,0.5,0,0,0.5,0,0.612991842480557,0,0,0.5,0,0,0
34,-0.0297916348647039,0.0690205062278624,0.0513762041965635,0.0807958537919823,-0.0318879711564021,0.0524343011002519,-0.0586718489033923,-0.0587527030751457,0.0527389319179927,0.999629382059522,9.95179707410385e-12,-1.4333539057495e-11,0.0272370651995113,-0.000753563445567592,-0.00860311285213633,0.0519974248751718,-0.0750000000000012,0.0749999999999978,-0.0499999999999997,-0.074999999999998,0.0750000000000013,0.00379966681280757,0.0750000000000043,-0.0749999999999982,0.0499999999999992,8.22778112092572e-11,-3.29944193735568e-10,-7.25999748680147e-15,-5.72481045992948e-11,-5.27354806637876e-11,4.7186113967609e-12,-0.112953891176383,-0.00646466683496012,0.25,-0.345493410595737,0.124900299621926,0.219007536099008,0.400000000000003,-0.102967444204184,0.25,0,0,0,0,0,0,0,0,0.01,0,0.125192946188786,0,0.01,0,0.01,1.34344219954761,0.378040587041479,0.01,0.01,0,0.01,1.11281711600828,0,0.38204802288137,0,0.01,0.147422800383386,0.01,0.780001156405464,1.13558083511337,0.836822813059187,1.07875917845965,0.920015798788268,1.11194346764259,0.931980380252905,1.09997888617796,0,0.5,0,0.5,0,0.5,0,0,0,0,0,0.5,0,0,0.5,0,0.5,0,0,0
35,-0.0297231156240364,0.067820551225613,0.0503276941965624,0.0792000194415516,-0.0308138800170728,0.0520459844365088,-0.0571249106960925,-0.0582448999198654,0.0530428612439618,0.999510213014581,-3.67076612634175e-06,7.56330905002356e-06,0.0313084648601499,-0.000139264519444255,-0.00842293818831917,0.0519972733336477,0.0749999999999986,-0.0749999999999986,-0.0500000000000008,-0.0749999999999998,0.0326210088880223,-0.0424003331871912,0.0750000000000009,0.0749999999999992,-0.0126247935788863,-0.0180785322544093,0.00610777569410619,0.722097062440137,0.06239479235173,0.0199211029581672,-0.000911968808060826,-0.177468659184768,-0.361967965914,0.25,-0.225650978965923,0.123036008913059,0.175822106629448,0.216011608962264,-0.168710443715152,0.222122051368773,0,0,0,0,0,0,0,0,0.01,0.445140909900386,0.206417624812292,0,0.01,0,0.01,1.23338344766737,0,0.01,0.01,0,0.01,0,0.01,0.255691883462399,0,0.01,0.01,0.01,0.71661417270737,1.09415736303121,0.784526116751177,1.0262454189874,0.63122920809607,0.904380815027839,0.68911964819298,0.846490374930928,0,0,0,0.5,0,0.5,0,0,0.5,0,0,0.5,0,0.620408136439115,0,0,0.5,0,0,0
36,-0.0299617483209617,0.0688465172111549,0.0493062157339539,0.0776693488852889,-0.0293350793385433,0.0517386813176192,-0.0552768987589349,-0.0590388613444571,0.0525009157503449,0.999288052867863,-1.16742003715899e-06,7.09866894987966e-06,0.037742265679211,0.00103761453701674,-0.00815668557479306,0.0519973807089873,-0.0750000002385468,0.0749999999773652,-0.0500000010222943,-0.0749999908973264,0.0750000013931344,0.0114004106333725,0.0749999915919661,-0.0750000011523446,-0.0415853594560418,0.00432731237420314,-0.00599802833468155,0.680283298180807,0.0557364137911053,0.00323535752588219,-9.89568656090605e-05,-0.0340935886055236,-0.400000013523832,0.24999939202303,-0.32336762354606,0.0487588194788164,0.152152281441295,0.303342489902789,0.0604321531410053,0.191342253231558,0,0,0,0,0,0,0,0,0.01,0.459189358215626,0.240470256902213,0,0.01,0,0.01,1.2608269631596,0,0.01,0.01,0,0.01,0,0.01,0.283995002872451,0,0.01,0.01,0.01,0.778010085821942,1.1591835347537,0.848704510738714,1.08848910983692,0.509217891729316,0.773729874829026,0.57584425084584,0.707103515712499,0,0,0,0.5,0,0.5,0,0,0.5,0,0,0.5,0,0.612584862393295,0,0,0.5,0,0,0
37,-0.0314916763459226,0.0705018461057837,0.0482864710468952,0.0760502488262997,-0.0277305314854297,0.0522163983001361,-0.0534357264736374,-0.0607289883260321,0.0515149839810758,0.999012180411993,-3.43128753336719e-07,7.30034061778826e-06,0.0444520313762455,0.00211385527158596,-0.00823796806820668,0.0519974015461621,-0.0750000000000015,0.0750000000000005,-0.0500000000000006,-0.0750000000000011,0.0750000000000011,0.0362476611579756,0.0750000000000013,-0.0750000000000005,-0.0499999999999998,0.00604585802839474,-0.0106502040875496,0.71071608891289,0.053633957055413,-0.0099072170664596,-0.000153616675973202,0.0432577674674768,-0.288184234024913,0.25,-0.325753302056132,0.00736728228694526,0.150000000000003,0.0729858791740691,0.100634290353274,0.237309727507093,0,0,0,0,0,0,0,0,0.01,0.275896123257122,0.0806189871786521,0.0147595347668532,0.01,0.321501105912439,0.01,0,0,0.01,0.01,0.789505433482849,0.01,0,0.01,0.295083945072729,0.350541371623627,0.01,0,0.01,0.840337171496391,1.27287553165074,0.983760430826939,1.12945227232019,0.516581607908078,0.773561204858939,0.598894464457674,0.691248348309342,0,0,0,0,0,0,0,0.742699757782075,0.5,0,0,0,0,0.547647291596297,0,0,0,0,0.5,0
38,-0.0331368169797392,0.0721447375077444,0.047715634541291,0.074130290614995,-0.0261355548605799,0.0532136762388996,-0.0516650140429194,-0.0622439748671819,0.0512034949016216,0.998686107040818,2.23109850191266e-07,5.66171038229839e-06,0.0512602403217296,0.0031164303529553,-0.0085284218752556,0.0519974422964537,-0.0750000000000018,0.0749999999999983,-0.00729716473668674,-0.074999999999996,0.0750000000000016,0.0500000000000073,0.074999999999999,-0.0750000000000002,0.0116181313594805,-0.00303568181198397,0.00571128734996683,0.73674219410059,0.0491521301862819,-0.0197516186254456,9.77104925694339e-05,0.12236961188878,0.0194400070706892,0.192410089587912,-0.399999999999998,-0.0796395262700648,0.150000000000004,0.106683181277492,0.0340752316598168,0.207994317767166,0,0,0,0,0,0,0,0,0.01,0,0.01,0.01,0.01,0.140265344859163,0.01,0,0.01,0.01,0.01,0,0.01,0,0,0.292203172435386,0.28265768890755,0.01,0.01,0.01,0.928812451706936,1.42505760265254,1.11397085859997,1.2398991957595,0.5,0.710051233174216,0.5,0.576041421080027,0,0.5,0,0,0,0,0,0.765147294971342,0,0,0,0.515685728585526,0,0.5,0.5,0,0,0,0,0
39,-0.0348880374918582,0.072589282997184,0.0480747131920285,0.0722103325579159,-0.0244396994693766,0.0542566776469871,-0.0499607070022128,-0.0627950049846312,0.0516443048351167,0.998305390234154,-8.23132820928915e-07,6.24666555166149e-06,0.0582077453594591,0.00413176120915379,-0.00886368868959051,0.0519975024088637,-0.0749999998582668,-0.0300204501718207,0.0429539271162886,-0.0749999999877816,0.0750000000609264,0.0499999999834857,0.0749999997826953,0.00852346369970435,0.0326541605751139,-0.00387988342541494,0.00623008385626944,0.683842222759438,0.0553646395682171,-0.00995323379198025,0.000111762542437415,0.093746229631633,0.203819311628302,0.149999989000387,-0.399999992736504,-0.0750660197720371,0.149999990177519,0.226881156351833,0.0172061408649879,0.150000015275234,0,0,0,0,0.01,0,0.390641853985164,0,0.01,0.278291194352153,0.072264291028576,0,0.01,0,0.01,0,0.0288372412371954,0.01,0.01,0,0.01,0,0.01,0.270676160981428,0.256585399357341,0.01,0,0.01,0.993464986618619,1.50431446776124,1.19574828258654,1.30203117179331,0,0.5,0,0.5,0,0,0,0.5,0,0.5,0,0.816974981815185,0,0,0,0.5,0,0.566442485313209,0,0,0,0,0.5,0
40,-0.0367000612769746,0.0740311768371546,0.0491111121675167,0.0702903768673196,-0.0227467871865804,0.0547923678154027,-0.0481131841113924,-0.063989587332502,0.0516805753409162,0.997887984602834,2.74817151724845e-07,6.82961858735135e-06,0.064973803516313,0.00520922431171383,-0.00908123658851184,0.0519974011409425,-0.0750000000400755,0.0749999996081958,0.0500000017120893,-0.075000002003489,0.0749999997944519,0.00380001001167433,0.0749999988743113,-0.0749999999880645,-0.0193905759886821,0.00346496651083163,-0.00478776401373057,0.721511673074967,0.0510771518028035,-0.0156031912231882,-7.84225662320168e-05,-0.0419557460049144,0.399999767015775,0.158237036736292,-0.35288929038713,0.117970656702951,0.236540829648275,0.3999993306494,-0.00574193294941496,0.249999987461124,0,0,0,0,0.01,1.38028543808446,0.214017585700445,0,0.215599331186905,0.01,0,0,0.01,0,0.01,0,0,0.01,0.01,0.54383144794361,0.01,1.1204520585535,0.080183937560502,0,0.01,0.367481350789042,0,0.01,1.05139037723624,1.38552896204096,1.17038779480663,1.26653154447058,0,0,0,0.5,0,0,0.5,0.5,0,0.5,0,0.692229022709743,0.5,0,0,0,0,0,0,0.5,0,0,0.5,0
41,-0.0382586852075613,0.0759511581832635,0.0501222265814164,0.0684326862376965,-0.020834992780966,0.0544101419013407,-0.0462975939625967,-0.0651613826032492,0.0516790512178773,0.99738628762847,7.45076611449438e-07,1.64739290276824e-05,0.0722695387463964,0.00619749651431531,-0.0094565736924529,0.0519959982609944,-0.0750000000000015,0.0749999999999877,0.05,0.0182634239234552,0.0750000000000017,-0.028336938765525,0.0750000000000008,-0.0485172241918677,0.0048914009428371,-0.0257863991670597,0.0588935483723746,0.858189529519616,0.00855430036233854,-0.0123215060146051,-0.00193264397810931,-0.0474925033752239,0.399999999999993,0.192269700913533,-0.399999999999998,0.0900419621867747,0.25,0.00827263519251624,0.399999999999998,0.194976539751694,0,0,0,0,0.01,1.41145657382774,0,0,0.01,0.224542217543178,0.175010904590215,0.0345974538043206,0.01,0,0,0,0.01,0.01,0.01,0.301628581784367,0.01,1.45544278412449,0.231987363780488,0.255246084316332,0.01,0,0.0668837619076113,0.01,1.01478564095109,1.2090445051746,1.04047247010374,1.18335767602195,0,0,0.5,0.5,0,0,0,0,0,0.5,0.5,0.620259284364086,0,0,0,0,0,0,0,0,0,0.561899624715428,0,0
42,-0.0395805294972701,0.0778711370673232,0.0508670624620302,0.0678609504520572,-0.0189730336132908,0.0540014170550443,-0.0470275724186646,-0.0638988448690191,0.0513610376286371,0.997216026004887,-2.09232566000552e-06,-8.13276080479417e-06,0.0745826584894451,0.00575089687155492,-0.00939621674405868,0.0519972950949562,-0.0572734428188813,0.0749999989015415,0.0246106747597111,-0.0706814181958742,0.0750000003932754,-0.0206589622628599,-0.0749999992824662,0.0750000001263642,-0.0322022873671312,-5.49658505104811e-05,0.00109766424536058,-0.049267194841841,-0.0575995136457513,0.00949697221669574,0.00025419861177375,-0.0137365859253894,0.39999934680603,0.249999824414876,-0.399999754112811,0.400000233861475,0.150000053708607,0.400000426663784,0.0832738402404229,0.250000000770786,0,0,0,0,0.01,0,0.01,0.01,0,0.01,0.01,0.01,0.01,0,0,0.713975347014556,0.01,0.0924965782301309,0.01,0.530603306751156,0.01,0,0.01,0.01,0.01,0,0.01,0.01,1.11304298263997,1.32286316371469,1.12925613809172,1.30665000826294,0,0.60760555427095,0,0,0.5,0,0,0,0,0.503593354849919,0.5,0,0,0,0,0,0,0.734255351172616,0,0,0,0.5,0,0
43,-0.0408892171889212,0.0797911158749348,0.0508949648320971,0.0670304283747539,-0.0173658035058945,0.0539923557049311,-0.0469605039470264,-0.0636977522086176,0.0512479416750953,0.996703977201577,-4.23003815632658e-06,-5.37573935108534e-06,0.0811412426595716,0.00485428124160637,-0.00892925396646655,0.051997274366898,-0.0735138076979581,0.075000000124585,-0.0215893254931611,-0.0164540685625318,0.0749999999843032,0.00317771758535538,0.0425089992138491,-0.0330881738410697,0.00171423844557253,0.00161686422824232,-0.014502898026476,1.30770990417505,-0.026473912124289,0.021896821860452,0.00238843409583911,-0.0221436402148659,0.400000074082649,0.249999674039682,-0.39999993207926,0.038907432243041,0.24999999358708,-0.100250723530086,0.400000035984353,0.239345285572006,0,0,0,0,0.01,0,0.0939972030057871,0,0.217668198223958,0.0233549075306893,0.115757228879234,0.100164009834479,0.01,0.764694599022826,0,0,0.01,0,0.01,0,0.01,1.14504493474406,0,0.342849396819027,0.01,0.546237449091704,0.11326626455299,0,1.22622599467757,1.4770128564597,1.25104272211636,1.45219612902092,0,0.5,0,0.5,0,0,0,0,0,0,0.5,0.558072944536803,0,0.5,0,0.5,0,0,0.5,0,0,0,0,0.5
44,-0.0424368337577396,0.081711095186422,0.0507041335878812,0.0659747243717817,-0.0166331433031414,0.0539868079650048,-0.0479438271893879,-0.0622886449891134,0.0515921673422617,0.99640711618404,-3.52660534112401e-06,-3.78983343821813e-06,0.0847096419611199,0.0037297354647409,-0.00856970017736538,0.0519974084206642,-0.075000000000001,0.0749999999999962,0.00238607007592474,-0.0749999999999935,0.00443245486710471,-4.57357600480295e-05,-0.0750000000000017,0.0749999999999998,0.0300905917834077,0.0105309571479711,-0.00510436607856581,-0.150035559504052,-0.0776401683445098,0.0120526954753479,-0.000174924753842279,-0.0579320192836788,0.248307753761713,0.150000000000001,-0.399999999999996,0.10578527488507,0.25,0.399999999999999,-0.127964195245554,0.195636921716797,0,0,0,0,0.01,1.19150098608671,0.16218607531363,0,0.01,0.249815471428985,0.0399885881388123,0.01,0.01,0,0.01,0,0,0.01,0.01,1.04834346389527,0.01,0,0,0.127518172120782,0.126248381790852,0.01,0,0.01,1.56352325658204,2.01776141179652,1.74367379857591,1.83761086980266,0,0,0,0.5,0,0,0,0,0,0.5,0,0.5,0.5,0,0,0,0,0.5,0.5,0,0,0,0.5,0
45,-0.0430100395715229,0.0805111422105465,0.0508849994344145,0.0645987252543509,-0.0149368702276445,0.0538943847345803,-0.0483260735636122,-0.0633182342114019,0.0515300850468914,0.995569621836194,3.51070805240634e-06,-2.99036334017418e-06,0.0940456470230148,0.00223488336227378,-0.00816505314429707,0.0519968669523031,0.0172186827872731,-0.0750000016642894,0.0156341127577472,-0.0608513381811499,0.074999999994696,-0.00242668001434798,0.0213348955461071,-0.0749999999417545,-0.0156481017884687,-0.00951816168592059,-0.0050340771811507,1.72934481479482,-0.0757691676096415,0.0151211843391516,0.000253621024510106,-0.151412251122338,0.31108969704286,0.163150769948028,-0.399999616937711,-0.0824740889418348,0.250000025820938,0.400000524638809,0.101212624510503,0.250000059544803,0,0,0,0,0.01,1.02370407966873,0.113071708862414,0,0.01,0.21988064684365,0.0431133665525457,0.01,0.01,0,0.01,0,0.14701069630805,0.01,0.01,0,0.01,0,0.440973536943268,0.253508751272593,0.130230242285322,0.01,0,0.01,1.49996059850797,1.95199008610299,1.65913466513907,1.7928160194719,0,0,0,0.5,0,0,0,0,0,0.5,0,0.5,0,0,0,0.5,0,0.5,0,0,0,0,0.5,0
46,-0.0432237930055543,0.0793102117631594,0.0514729081151404,0.0634774592552406,-0.0128711162401655,0.0538488473899807,-0.0476541935082525,-0.0648272097281466,0.0515128774508393,0.993541484464266,-2.48988462278312e-06,2.88569287332668e-06,0.113493137514008,0.000790295997557414,-0.00808552257815797,0.051997397705851,-0.0383165395379413,-0.045241700704006,0.0430200070735376,-0.0526687384247228,0.0750000000533537,-0.00233819546747866,0.0438684503038654,-0.0749999999797411,8.09656293110146e-05,-0.0050197857595844,-0.00753912368228441,2.11571698731364,-0.0676519310783041,0.000256830707262429,4.29925214440275e-05,-0.0426882827590556,0.216399752543702,0.151383028501682,-0.40000044977632,-0.0971558209569921,0.250000007587005,0.399999489726513,0.125295564005001,0.149999965755455,0,0,0,0,0.01,0.9941723227112,0.189694655636398,0,0.01,0,0.036586741158787,0.01,0.01,0,0.01,0,0.160783745983962,0.01,0.01,0,0.01,1.03302004394134,0.413302568659777,0,0.0742732268263983,0.01,0,0.01,1.48940008430041,1.91445103810057,1.6389089961584,1.7649421262426,0,0,0,0.5,0,0.5,0,0,0,0.5,0,0.5,0,0,0,0.5,0,0,0,0.5,0,0,0.5,0
47,-0.0431133922831031,0.0774573884480586,0.0523896121988755,0.062104295321575,-0.0108670355677723,0.0537856447896625,-0.0473823604472848,-0.0659514911866528,0.0515135866070354,0.991509762295897,-1.61411386623457e-06,-2.48555960840823e-06,0.130058348253805,-0.000769360917338438,-0.00794868092032381,0.0519973738405003,0.0489202604628549,-0.0750000000000225,0.0486223731104794,-0.0749999999999987,0.0750000000000025,-0.00456799355271197,-0.00805825191721629,-0.0350135423167797,7.04557468868896e-05,-0.00321938736838224,-0.0112889883371924,1.42087553881522,-0.0858739807516743,0.0177274022386055,0.000264276872467103,-0.0576658700503635,0.399999999999987,0.174479199937568,-0.122052532281031,-0.0677119162053877,0.224922143610307,0.111657242972498,0.399999999999992,0.167782435817488,0,0,0,0,0.01,0,0.100623918116309,0,0.01,0.309016959454423,0.165357569819771,0.01,0.01,0,0,0,0.01,0.11471694821263,0.01,0,0.01,0,0.01,0.01,0.01,0,0.01,0.01,1.01471528294542,1.19558242934049,1.07734200121064,1.13295571107527,0,0.5,0,0.5,0,0,0,0,0,0.66651081989551,0.5,0.5,0,0,0,0.5,0,0.731051681396523,0,0,0,0.5,0,0
48,-0.0437026974205016,0.0786573434503086,0.0534268443303116,0.0608367963398589,-0.00900228180316816,0.053671356600516,-0.0479920518027739,-0.0646581597338373,0.0518203186817928,0.990151539298513,-4.95511274055032e-06,-4.66343432161226e-06,0.140025832591912,-0.00209520588241838,-0.00732384706519036,0.0519973138396737,-0.0750000000000007,0.0749999999999978,0.0500000000000001,-0.0544255150134586,0.0750000000000012,-0.00868955813740761,-0.0364915766708496,0.0750000000000002,0.0303523310828389,-0.00484992877031265,-0.00606627485206329,0.756177612230711,-0.0513196720437747,0.0354568040840657,0.000166077158647844,-0.0512571220415904,0.0293959386390407,0.226639024776067,-0.399999999999998,-0.0818040227995857,0.25,0.399999999999997,-0.149581270003913,0.149999999999999,0,0,0,0,0.01,0.970356978877617,0.213702171292878,0,0.01,0,0.01,0.0328788989241877,0.01,0,0.01,0,0,0.01,0.01,0.566424404923368,0.01,0.987335061287222,0.407763195643771,0,0.194488456566238,0.01,0,0.01,1.44429505530588,1.83335964351941,1.57134399491323,1.70631070391206,0,0,0,0.5,0,0.5,0,0,0,0.5,0,0.5,0.5,0,0,0,0,0,0,0.5,0,0,0.5,0
49,-0.0435177087055658,0.0774573869336809,0.0539862729546714,0.0598245162113262,-0.00700411469690304,0.0535939557721277,-0.047924808414695,-0.0645080039247245,0.0519507451191192,0.988589983530429,-9.01142843932288e-07,-2.81785463402368e-07,0.150657730933311,-0.00314957078797699,-0.00659656459207082,0.051997161062339,0.0750000002221843,-0.0750000000988221,0.0061620699618086,-0.0486493465463265,0.0749999994604548,-0.00277226496320231,0.0261378953520363,-0.0274705833128216,0.000175756002245586,-0.00514437328965212,-0.0118477128945338,1.47499996088531,-0.0525529333740621,0.0253273965556443,0.000315314777323616,-0.0350276823399984,-0.0841159827109539,0.249999999408735,-0.400000872293915,0.399999680270263,0.250000040542835,0.399998945330155,-0.0364689153148744,0.149999928564723,0,0,0,0,0.01,0,0.01,0,0.01,0,0.0415959254509372,0,0.01,0,0.01,0,0,0.01,0.01,0.477073986513036,0.01,0.776864864674744,0.308286512856862,0,0.205332061313292,0.01,0,0.01,1.35008210832496,1.72413165116536,1.46024324593244,1.61397051355786,0,0.5,0,0.5,0,0.522167204540427,0,0.5,0,0.5,0,0.5,0.531673541326612,0,0,0,0,0,0,0.5,0,0,0.5,0
50,-0.0420386133970191,0.0755374094469974,0.0539570879355795,0.0590071916803481,-0.00565953226149033,0.0535925668936805,-0.0476662169205801,-0.0649561543787638,0.0519493000735642,0.986980088129455,3.21963749456746e-06,-5.9839065619502e-06,0.160868767745716,-0.00403406684416692,-0.0063280205377762,0.0519972709613133,0.0729201820368944,-0.0750000000000008,-0.00900475562078525,-0.0353541625597783,0.0526461850861654,-3.67215184345771e-05,0.00685436459347864,-0.0173134072067981,-0.000103500788191051,0.000396619578947894,1.88310019062116e-05,0.797690895676329,-0.0373766018565554,0.00993608093868204,-4.75388041375827e-05,-0.131502670452918,-0.119955735775534,0.246954472708569,-0.399999999999998,-0.0283220433089741,0.25,0.399999999999996,0.0274176487400768,0.226783308480667,0,0,0,0,0.01,0.951891416671488,0.182572151029237,0,0.01,0.482408477710211,0,0,0,0,0.01,0,0,0.01,0.01,0,0.01,0.905795518908009,0.392137434307325,0,0,0.01,0,0.01,1.24079261039508,1.63754102302456,1.34071468789891,1.53761894552073,0,0,0,0.5,0,0,0.5,0.5,0.5,0.5,0,0.5,0.5,0,0,0.5,0,0,0,0.5,0.5,0,0.546769588411626,0
51,-0.0404842899163935,0.0736174307845786,0.054096308484837,0.058103462945983,-0.00372200405363714,0.0534971900286282,-0.0466301808421216,-0.0666439368247187,0.0522532824916611,0.984617399692263,-4.62685194396914e-06,3.43198626166735e-06,0.174751515073506,-0.00488554472452128,-0.00619855656589004,0.0519975266595522,0.0749999999999987,-0.075000000000028,0.0227679470333121,-0.0437703012390763,0.0750000000000026,-0.00276194109990218,0.0750000000000015,-0.0750000000000095,0.0195868715607818,0.00308153405965659,-0.0195471596591717,2.02648444955035,-0.0455243928619576,-0.00257235433213986,4.23606621326652e-05,-0.255669030804299,0.399999999999983,0.15,-0.138880401925375,-0.124520100077752,0.199119422942241,-0.122035064512798,0.399999999999994,0.151957600790954,0,0,0,0,0.01,0,0.0939455309081946,0,0.148031478500615,0.0605304076473187,0.217435586063242,0.01,0.01,0,0.01,0.01,0.01,0,0.01,0.01,0.01,0,0,0.01,0.01,0,0.01,0.01,0.762985423844582,0.792255937103501,0.757982211525898,0.797259149422185,0,0.5,0,0.5,0,0,0,0,0,0.526269974821916,0,0,0,0.5,0,0,0,0.646878363678914,0.5,0,0,0.5,0,0
52,-0.041412747532594,0.0748173865163634,0.0549874106463175,0.0589735647953004,-0.00183534852940721,0.0531401542728177,-0.0471825619154694,-0.0654940673258055,0.0525486417464616,0.982918367647975,-2.23391323531504e-06,-7.17308315234369e-06,0.184069585968426,-0.00555724993016903,-0.0061777343550423,0.0519974278967597,-0.0750000001257988,0.0749999999833829,0.0499999987192191,0.0750000016592289,0.0749999999462914,-0.0337785363073105,-0.0750000001120097,0.0749999998179681,0.0138433078605942,-0.000976950527608057,0.000247668263354797,0.162954326099836,-0.0152331534086061,0.00478354081656052,7.43968274415754e-06,0.131566900622333,0.20762290444336,0.149999238372159,-0.399999013346725,0.264305357520768,0.149999990457849,0.198161153972058,0.211739509458171,0.232003110531822,0,0,0,0,0.01,0,0,0.01,0.01,0.429196779346062,0.01,0.01,0.01,0,0.01,0,0.215940696503499,0,0.01,0.293057471325566,0.01,0,0,0,0.0847065861295759,0,0,0.01,0.847136079679074,1.09300420714869,0.935655728830611,1.00448455799716,0,0.66223373224849,0.5,0,0,0,0,0,0,0.5,0,0.5,0,0.5,0,0,0,0.5,0.5,0.5,0,0.5,0.5,0
53,-0.04306841305098,0.0767373648247079,0.0557573592841712,0.0580541742678269,-0.000297383867853482,0.0530052725249513,-0.0468873806412984,-0.0637114915541945,0.05318260650315,0.982409739906393,-2.78114120533535e-06,9.26779807270466e-06,0.186765352054668,-0.00520917783317016,-0.00587706236143403,0.0519965793281625,-0.0750000000002055,0.0749999999726419,0.0271089987622026,-0.0749999999940131,0.0749999998474229,0.0200214637098666,0.0565361384950042,0.0749999999591187,0.0409290995651852,-0.029408239142057,0.0240132272415388,0.593771834758525,0.0494441353280977,0.0350712441966278,-0.000171257729130054,-0.0218275620890271,-0.0506798137854316,0.204722464642378,-0.39999999644026,-0.102859360311403,0.250000000673627,0.399999982442153,-0.288648023568333,0.230033236435315,0,0,0,0,0.01,0.828205531429085,0.236930800569394,0,0.01,0,0.01,0.01,0,0.659568527435179,0.01,0,0,0.01,0.01,0,0.01,0.874896820050202,0,0,0,0.01,0,0.01,1.2119192278994,1.54361665339456,1.28039582982583,1.47514005146812,0,0,0,0.5,0,0.540182362362367,0,0,0.5,0,0,0.5,0.5,0,0,0.5,0,0,0.5,0.5,0.5,0,0.5,0
54,-0.0425798953778643,0.0755374097856081,0.055835229261987,0.0576828218093924,0.00154127497791852,0.0530567309959488,-0.0453358758959612,-0.063222803364753,0.053672916757055,0.980674645591544,1.02766933630851e-06,6.49816339620934e-06,0.195672843952527,-0.00453216605682209,-0.00508231793686461,0.0519974304119149,0.0749999999999985,-0.07500000000002,-0.0190910012396524,0.0153975465259065,0.0750000000000015,-0.00418638163554889,0.0750000000000015,-0.00673047080976199,0.000662858590219094,0.0303380974343841,0.0040062224695287,1.22787616725937,0.0159456336503759,0.0334863274142442,-0.00284360209614257,-0.283031213256981,0.399999999999988,0.203803985303081,-0.399999999999996,-0.089148291431858,0.25,0.0370747700573331,0.400000000000003,0.249999999999999,0,0,0,0,0.01,0,0.154098982916495,0,0.01,0.438844764546388,0.0197755123269151,0.0566443191182486,0.01,0,0,0.933587192378042,0.220911299334559,0.01,0.01,0.468813886090171,0.01,0,0.284142999238041,0.279586548856335,0.01,0,0,0.01,0.86532441552861,1.09412843353892,0.890878174774423,1.06857467429311,0,0.5,0,0.5,0,0,0,0,0,0.5,0.5,0,0,0,0,0,0,0.5,0,0,0,0.5,0.5,0
55,-0.0415199034568079,0.0767373647791234,0.0550254052268791,0.0578855973302623,0.0028457440430027,0.0529745361533549,-0.0449391054482149,-0.0618275671891369,0.0540360473796839,0.979561104572996,-8.02190742837015e-06,3.12009098202527e-06,0.201173668190318,-0.00427831888415327,-0.00442200685080446,0.0519972693391904,0.0312180939759405,0.0750000000070318,-0.0500000000005673,0.000359595394889623,0.0467566231627578,-0.00722212325151683,-0.013359275189748,0.074999999996498,0.0367391561113413,-0.00555662891767831,0.00107857488682441,0.292453551846895,0.00533309789968205,0.0241197259252509,3.62618225041477e-05,-0.159919296771193,-0.0904853100493486,0.249999999662624,-0.39999997032405,-0.129479660173442,0.167362169439491,0.400000041092867,-0.319590208657871,0.149999998575828,0,0,0,0,0.01,0.677560673444721,0,0.232603688127381,0.01,0,0,0.01,0,0.567847605699214,0.01,0,0,0.01,0.01,0,0.01,0,0,0,0.457759100728664,0.01,0,0.01,1.06727979217217,1.4002472259235,1.11236116386014,1.35516585423552,0,0,0.5,0,0,0.5,0.5,0,0.5,0,0,0.5,0.5,0,0,0.5,0,0.5,0.5,0.5,0,0,0.5,0
56,-0.0403000881959699,0.0755374098096543,0.0540422700407966,0.0577269236059721,0.00458360906453288,0.0530324725868381,-0.044335586987137,-0.0611632591062032,0.054301543264141,0.978125578144448,-5.10019348541815e-06,-2.34326638045534e-06,0.208041901104974,-0.00429238909660391,-0.00362971678880561,0.0519980625014447,0.0750000000233577,-0.0750000000045755,-0.0483219089064349,-0.00626640722727984,0.0749999999719116,0.00176275073066567,0.0521225478320129,0.0102268501450267,0.000251037098950076,0.00187659862729617,0.00455595928487965,1.08241206924041,-0.00317540754192061,0.0448432983581696,0.000176485489754186,-0.257679459746905,0.21279864693543,0.235135986276276,-0.399999929552442,-0.228863634774544,0.149999997250715,0.400000074995124,-0.314484880263525,0.150000000385977,0,0,0,0,0.01,0,0.144149850217024,0.251922980200202,0.01,0,0.01,0.01,0.01,0,0.01,0,0,0.01,0.01,0,0.01,0,0,0,0.510924349539992,0.01,0,0.01,0.811937434615597,1.18849623179159,0.896579201027184,1.10385446537999,0,0.5,0,0,0,0.5,0,0,0,0.565752903453204,0,0.5,0.5,0,0,0.5,0,0.5,0.5,0.5,0,0,0.553591617732725,0
57,-0.0407671175660484,0.0764337183621334,0.0534747782903955,0.0578361091510052,0.00500000001728617,0.0530893010963918,-0.0439342359601982,-0.0610724515933689,0.0542997488703342,0.977394152431751,3.88855064875711e-07,-5.74077775668723e-06,0.211451829458132,-0.00426580594875077,-0.00332525720675785,0.0519976544649898,-0.0750000000000009,0.075000000000001,-0.00862574712993363,-0.0010166414104569,4.68481168089502e-09,0.000442630892195593,-0.000555259048949661,0.000234025643847404,0.000242195547074359,-0.0061692919153647,-0.00587192884401081,0.000523630541366018,-0.00032813644648081,0.000319242081864327,0.00011289607966605,-0.19267652400125,0.359828227027707,0.169703792904251,-0.400000000000006,-0.288962677547523,0.19555382693746,0.399999999999992,-0.210977533738812,0.150000000000002,0,0,0,0,0.01,0.592518151546097,0.165919012164727,0.220917056519555,0.01,0,0.01,0.01,0.01,0,0.01,0,0,0.01,0.01,0.28419257208593,0.01,0.722530393475868,0.337796493191265,0,0.324729252674903,0.01,0,0.01,0.876629436717067,1.26444992562576,0.999090905774027,1.1419884565688,0,0,0,0,0,0.5,0,0,0,0.5,0,0.5,0.586071032039678,0,0,0,0,0,0,0.5,0,0,0.503242148372602,0
58,-0.0407653411324627,0.0752337634259063,0.0535598368346206,0.0578370715532238,0.00499999932311627,0.0530899046976682,-0.0439337184523722,-0.061072694271476,0.0543001177575421,0.977392819367137,-1.41661156097987e-07,-3.04204925253935e-06,0.211457991202903,-0.00426561955004976,-0.00332545073499264,0.0519977303829428,0.0744304990080007,-0.0750000000136428,0.0170034544377642,2.77073849652705e-05,-2.58429511203447e-11,-3.51351817491598e-06,6.55346985641304e-05,-4.45691138774871e-08,-4.84543563370498e-06,3.46385028132873e-05,0.000480405591090523,0.000700912509711516,1.77756677842522e-05,-7.66502607641307e-06,-1.87354049482161e-05,-0.33207491019939,0.399999991887701,0.181578805438248,-0.39999990698716,-0.195474288828085,0.149999997437248,0.400000073674312,0.0741000680018789,0.248127119249371,0,0,0,0,0.01,0.664254710319978,0.146637019286033,0.203578729460589,0.01,0.683472684671877,0.154009835526251,0,0,0,0.01,0,0,0.01,0.01,0,0.01,0,0.337214852482132,0,0,0.01,0,0.01,0.80433733582966,1.14485127765392,0.881263806630525,1.06792480685306,0,0,0,0,0,0,0,0.5,0.5,0.557397210072282,0,0.5,0.5,0,0,0.5,0,0.5,0,0.5,0.5,0,0.5,0
59,-0.0415257146996204,0.076248164859219,0.054124159666364,0.05770958747809,0.00500000007944695,0.0530906189234753,-0.0431857806379283,-0.0627615819487478,0.054008806853566,0.976828034329478,5.65469897533275e-06,-4.4797779633563e-06,0.214051974714048,-0.00437057580278855,-0.00360696345489599,0.0519974750775509,-0.0750000000000009,0.074999999999991,0.0393172608222991,-0.00948891308809247,-3.23904893066607e-08,1.47817929832781e-05,0.0484363646841997,-0.0750000000000015,-0.02147270934754,-0.00597525288603296,0.00319473225839754,0.560430340749401,-0.00852056714676548,-0.0304584780125337,0.00016794797480414,-0.24139957993755,0.399999999999995,0.15,-0.400000000000003,-0.229212904619756,0.149999999999998,0.399999999999993,-0.0723127072937632,0.250000000000001,0,0,0,0,0.01,0.686282595805741,0.161793664996371,0.193310661510347,0.01,0,0.0166355359744534,0.01,0.01,0,0.01,0,0,0.01,0.01,0,0.01,0.632406094490071,0,0,0,0.01,0.49788513184134,0.01,0.862874063566812,1.23415350211198,0.967356846479487,1.1296707191993,0,0,0,0,0,0.5,0,0,0,0.502632001009808,0,0.5,0.5,0,0,0.5,0,0,0.5,0.5,0.5,0,0,0
60,-0.0430730165077227,0.0778268125950849,0.0548399307444498,0.0572139260929368,0.00500000080973256,0.0530924348156729,-0.0430482670297173,-0.063656183608549,0.053972035902166,0.975733922183657,-1.04830111671108e-06,-5.59319445639075e-06,0.218985618934876,-0.00481931805461062,-0.00414391985375925,0.0519979776776843,-0.0750000000045584,0.0749999999689405,0.0322949588709879,-0.0379974249551464,-3.06893725219164e-10,9.32456853223071e-06,-0.0171147458534461,-0.0286543263466564,0.000240298629028341,-0.00194218600009366,0.000841692552274332,0.348531888726756,-0.0363219991320046,-0.0184969666591509,2.71751641828619e-05,-0.148362393382394,0.202766985724278,0.197634140634065,-0.399999917863268,-0.0799098201455122,0.149999996236178,0.40000008868435,-0.0209044180679199,0.150000003118313,0,0,0,0,0.01,0.857114017719811,0.173191180207386,0.316441064480115,0.01,0,0.013918301603638,0.01,0,0,0.01,0,0,0.01,0.01,0.468149078990824,0.01,0,0,0.262289419556791,0.178096950501096,0.01,0,0.01,1.27660219430141,1.64756345498311,1.37483974338734,1.54932590589717,0,0,0,0,0,0.5,0,0,0.5,0.5,0,0.5,0.5,0,0,0,0,0.5,0.5,0,0,0,0.5,0
61,-0.0424581919696737,0.0766268575472387,0.0550215199239825,0.0565784726670524,0.00500000015054424,0.0530929944380534,-0.0431275954065153,-0.0644040067313191,0.0539726631654514,0.974722112363042,1.37702612949798e-07,-4.33797696992239e-06,0.223446409893432,-0.00540760942547515,-0.00462768653769728,0.0519979306114202,0.0749999999999984,-0.0749999999999995,-0.0139050412965746,-0.0266978798168565,5.15681825463594e-10,3.07006904773323e-05,0.00695166497113055,-0.0450913409739396,4.02335377862989e-05,-5.97716443727416e-05,0.000121656063958692,0.552492370215799,-0.0237396126578201,-0.0292278061559516,-2.62757793462975e-07,-0.169298367532041,0.119235034392988,0.202975686420272,-0.399999999999994,-0.188663759056639,0.149999999999999,0.349378551165846,-0.000508714996717679,0.150000000000002,0,0,0,0,0.01,0.670782525277311,0.234375067218807,0.254197221339118,0.01,0,0.0184500851542526,0.0110531535792678,0,0,0.01,0.769011139777141,0,0.01,0.01,0.487531964931726,0.01,0,0.01,0.117522042952099,0.220249495337925,0.01,0,0.01,1.2194094545797,1.59199580785956,1.33932170167622,1.47208356076304,0,0,0,0,0,0.5,0,0,0.5,0.510764269093042,0,0,0.503063406315633,0,0,0,0,0.675567275594654,0,0,0,0,0.5,0
62,-0.0408121593945015,0.074798117720574,0.0547874317757575,0.0562003505110609,0.0049999929653675,0.0530936800079066,-0.0429958003174136,-0.0650830933052185,0.0539736689499363,0.973780628463444,-9.2910792689243e-07,-3.29755923055091e-06,0.227514553831734,-0.00574018935345767,-0.00506956234205286,0.0519979855960982,0.0750000000213821,-0.075000000005602,-0.00952567027556611,-0.0114801385862722,1.29158087171478e-10,3.80890994542614e-05,0.00598218718949222,-0.023102353454789,6.60990565153495e-05,-0.000263565823634926,0.000124406267944111,0.284950849808454,-0.00986804963792146,-0.0150664454195701,9.93614249127785e-06,-0.0378984384072021,-0.342447906964266,0.249959457301748,-0.399999971617046,-0.0975068514697768,0.149999999673794,0.400000026772958,0.0933465537452824,0.150000000512529,0,0,0,0,0.01,0.743547407564295,0.22160266918043,0.250883379164566,0.01,0.462827805797035,0.1389350027486,0,0,0.469848690198607,0.01,0,0.698032954736949,0.01,0.01,0,0.01,0,0.01,0,0.259866100359453,0.01,0,0.01,1.15903854980605,1.53464747926625,1.23852968101389,1.45515634805841,0,0,0,0,0,0,0,0.5,0.5,0,0,0.501615516411466,0,0,0,0.5,0,0.599190233455703,0,0.5,0,0,0.5,0
63,-0.0406018703629633,0.07521960973141,0.0541348197118211,0.0558769404967103,0.0050000001101682,0.053094028962468,-0.0423897505297613,-0.0664775869354403,0.0537921696088566,0.972512667856923,6.17137834119571e-06,-5.33998556923515e-06,0.232875202635101,-0.00599932943126883,-0.00565345841968803,0.0519973981553382,-0.0533294566187963,0.0749999999999925,-0.0499999999999999,-0.0192365191604278,-1.31722622218808e-08,7.99753632135049e-07,0.0415604508301815,-0.0750000000000001,-0.0104993135312761,-0.00599895226395909,0.00309166935280458,0.823755788595635,-0.0148157196506907,-0.0439688315005877,0.000163954784885957,0.0602934878593564,-0.400000000000004,0.225355069752121,-0.399999999999998,-0.225935934236713,0.150000000000001,0.399999999999998,0.142961370622135,0.231776920004841,0,0,0,0,0.01,0.645673999628787,0.172513623267659,0.205438200455112,0.01,0.476128516855599,0,0,0,0,0.01,0,0,0.01,0.01,0,0.01,0,0.01,0,0.322304189382664,0.01,0,0.01,1.19537199953712,1.58890974437377,1.29733265429736,1.48694908961353,0,0,0,0,0,0,0.5,0.5,0.5,0.560233418907002,0,0.5,0.5,0,0,0.5,0,0.543146392689334,0,0.5,0,0,0.5,0
64,-0.0411893679103688,0.0750516320087857,0.0536755097127232,0.055441658018003,0.00500000295098878,0.0530950497055117,-0.0414693563582219,-0.0681984045719285,0.0537969633219702,0.969974194943882,-1.50247668679628e-06,-5.07312273909262e-07,0.243233188249163,-0.00629344907219874,-0.00678206155265117,0.051998057231496,-0.00565862981230253,-0.0750000000275782,0.00380000026692521,-0.022679807223405,-1.98283245276053e-08,7.15137189447681e-05,0.049798184634662,-0.0749999999974064,0.000578111037959681,0.00305598950698661,-0.000972730423654398,1.18579818752795,-0.0145217460507708,-0.0628689531342717,-3.37613596664586e-05,0.0241039517302461,-0.242435939444001,0.186920595098724,-0.399999933826135,-0.218032510749104,0.249999998399929,0.400000026927841,0.14095990045927,0.235692071152388,0,0,0,0,0.01,0.675419194803817,0.241878116105095,0.212755517136281,0.01,0.436494151516745,0,0,0,0,0.01,0,0,0.01,0.01,0,0.01,0,0.01,0,0.297378175445471,0.01,0,0.01,1.25247881638143,1.65053567147924,1.37034327476281,1.53267121309786,0,0,0,0,0,0,0.5,0.5,0.5,0.5,0,0.5,0.5,0,0,0.5,0,0.5,0,0.5,0,0,0.5,0
65,-0.0415793208693783,0.0745779933856795,0.054073329688628,0.0549861363481342,0.0050000001278377,0.0530958145455513,-0.0404429981691227,-0.0699907737807032,0.0538106386944638,0.967063117455633,-1.44871902400912e-06,-5.72211212024882e-07,0.254562239800056,-0.00657172944302455,-0.00801896711277951,0.0519980564490196,-0.0331989867572983,0.0271255198566382,0.0358218877078215,-0.0227027959969323,-1.97396456820932e-08,7.56811113931882e-05,0.0523124338440693,-0.0750000000000002,0.000531168764074438,0.00253369799144471,-0.000681206615952049,1.20242919289618,-0.0132113587095907,-0.0636936713911324,-1.2905317496123e-05,-0.126182972792044,0.027527568512471,0.155887898949763,-0.399999999999998,-0.210571238717624,0.234887794736267,0.399999999999996,0.159072707237115,0.15,0,0,0,0,0.01,0.716688674528776,0.151348859848782,0.304013391559643,0.01,0,0,0.165741266695003,0,0,0.01,0,0.581244377242514,0.01,0.01,0.573748056104143,0.01,0.795719130978242,0.165337846901122,0.311277010882361,0,0.01,0,0.01,1.26468102468063,1.63478107939346,1.36302610664189,1.53643599743219,0,0,0,0,0,0.5,0.5,0,0.5,0.574349887088402,0,0.5,0,0,0,0,0,0,0,0,0.5,0,0.532692556882611,0
66,-0.0402848750460911,0.0730307794777494,0.0543254574451717,0.0546168456563966,0.00499999910136854,0.0530965481216625,-0.0395642570459327,-0.0714534669516596,0.0538141034673797,0.96459152083312,-8.36646341511645e-07,-1.42064043208555e-06,0.263773886928785,-0.006778921950896,-0.00902625172883571,0.0519979840354415,0.0749999999765961,-0.0749999999995731,-0.0103781120832306,-0.0160946024182429,5.43733886708476e-10,7.32989144263055e-05,0.0396909706110107,-0.0647029840795044,7.60020100023673e-05,-0.000254472695430327,-0.000174055814568423,0.841240901858917,-0.008552419102626,-0.0443727356228281,3.02147775884086e-05,-0.123982329489264,-0.131216429703095,0.250000000085376,-0.399999917411921,-0.216169553369646,0.249999996923207,0.40000007282079,0.164564896427431,0.229529258321746,0,0,0,0,0.01,0.635732655462068,0.272577590210331,0.20433133234958,0.01,0.469335789291199,0,0,0,0,0.01,0,0,0.01,0.01,0,0.01,0.779544781072164,0.01,0.404995558477998,0.330911898494752,0.01,0,0.01,1.18069798309798,1.55553300307265,1.25066140850002,1.4855695776706,0,0,0,0,0,0,0.5,0.5,0.5,0.5,0,0.5,0.5,0,0,0.5,0,0,0,0,0,0,0.5,0
67,-0.038702344521023,0.0712592231666283,0.0542567370224256,0.054195033490518,0.00499999946893883,0.0530960699441161,-0.0385152528240675,-0.0731455745747015,0.0538329947670548,0.96166918552735,-4.26017143619925e-07,1.3270417458755e-06,0.274237925631296,-0.00699583408566579,-0.0101722455937501,0.0519977367514101,0.0749999999847759,-0.0750000000190585,0.00343699431325933,-0.0229852578775575,-2.17733491442399e-08,7.35287551263451e-05,0.0573214887628715,-0.0749999999960169,0.000507364442512459,0.00384241313680783,-0.00141771983233977,1.23135594913221,-0.0112372854919836,-0.065177107957971,-4.14696155630224e-05,-0.164209400449228,0.0979173384697727,0.250000000769038,-0.399999893259504,-0.258459824219102,0.249999996917651,0.400000083455614,0.0464965232457941,0.150000000314144,0,0,0,0,0.01,0.642496152189021,0.27558791627056,0.211592377004864,0.01,0,0,0.0527765357001502,0,0,0.01,0,0,0.01,0.01,0,0.01,0,0,0,0,0.01,0.198906743482173,0.01,1.05254882252933,1.4153090180474,1.13060794797616,1.33724989260057,0,0,0,0,0,0.5,0.5,0,0.5,0.5,0,0.5,0.5,0,0,0.5,0,0.5,0.5,0.5,0.5,0,0,0
68,-0.0381844457657151,0.0696231575302167,0.0544132075652917,0.0538611703825753,0.00500000012146264,0.0530972979826474,-0.0376372422001119,-0.0744732025522136,0.0538362357335947,0.959182828522339,-9.30748032127718e-07,-1.29765692272256e-06,0.28281225624614,-0.00714604533971494,-0.0111118603946321,0.0519979891185869,-0.0227215223209304,-0.0749999999999988,0.0121664128756032,-0.0119968183431847,2.62965961128483e-10,0.000126066648448228,0.0340974464418443,-0.0502340903405821,0.000106272325853912,-0.000332801293168929,-0.000552680987815776,0.672616671775441,-0.0048249601611308,-0.0353715559776054,6.57758006920886e-05,-0.0329646674980915,-0.133751668968892,0.2275034097712,-0.399999999999999,-0.244574597661785,0.15,0.399999999999995,0.196279294994573,0.149999999999999,0,0,0,0,0.01,0.559195468013444,0.239431651753557,0.168047259523618,0.01,0.473402962992701,0.165776811130175,0,0,0,0.01,0,0,0.01,0.01,0,0.01,0,0,0,0,0.01,0.192066798216374,0.01,0.970679087161388,1.3223852792894,1.03183687320681,1.26122749324398,0,0,0,0,0,0,0,0.5,0.5,0.5,0,0.5,0.5,0,0,0.5,0,0.5,0.5,0.5,0.5,0,0,0
69,-0.0392971896652372,0.0687785326892144,0.0543991569627573,0.0534486714297894,0.00500000118232158,0.0530979218773167,-0.0366025341534266,-0.0761017678245947,0.0537332285212703,0.956514648976889,5.30946160898496e-06,-4.27742567565134e-06,0.291709855686619,-0.00735251834795736,-0.0120888412583985,0.0519974775852735,-0.0749999999883299,-0.00978856725672719,-0.0134434239404952,-0.02568682189788,-2.13068650274158e-08,2.48510154749602e-05,0.0572729220871243,-0.0750000000059075,-0.00130413148577907,-0.0096699205115718,0.00349468971287848,1.17182848328375,-0.0131013156374487,-0.0621753358677233,0.000285486692841906,-0.0147620202884884,-0.105759203309063,0.249999999832961,-0.399999761523661,-0.303942687675133,0.149999997749573,0.321097303621688,0.209362359826386,0.150000001879636,0,0,0,0,0.01,0.521795268967648,0,0.264522058637488,0.01,0.397134079393243,0.185503940172655,0,0,0,0.01,0,0,0.01,0.01,0,0.01,0.670827358007854,0.01,0.457832744014878,0.203851842168538,0.01,0,0.01,0.984075584047747,1.34404511386085,1.05421666252873,1.27390403537986,0,0,0.5,0,0,0,0,0.5,0.5,0.5,0,0.5,0.5,0,0,0.5,0,0,0,0,0,0,0.5,0
70,-0.0391548874384025,0.0672414109956128,0.0543689861196603,0.052878258294033,0.00500000008444913,0.0530987240659814,-0.0354605268922919,-0.0778599977012444,0.0537238655670358,0.952889472718913,5.86391296918312e-06,-5.21959016479224e-06,0.303343550036008,-0.00762891542827234,-0.0133662215870974,0.0519974471162056,0.0749999999999982,-0.0749999999999987,0.0103075845827595,-0.0301777391080136,-2.05706378585291e-08,2.23689511544578e-06,0.0573371978943384,-0.0749999999999993,-0.000580582601419593,-0.002480168394662,0.00202748805489741,1.25975771386173,-0.0148465853849358,-0.0663444318881317,0.000105753127347898,-0.170751995416373,0.017907172778905,0.220413095521829,-0.399999999999997,-0.329916194258794,0.149999999999999,0.35598534976829,0.264577636386759,0.150000000000001,0,0,0,0,0.01,0.521135574360019,0.192049813076774,0.251094626117891,0.01,0.402556630649359,0.178965151330005,0,0,0,0.01,0,0,0.01,0.01,0.527443997843691,0.01,0,0.01,0,0.171402099795389,0.01,0,0.01,0.93533328169704,1.27748930322371,0.989638688102502,1.22318389681825,0,0,0,0,0,0,0,0.5,0.5,0.5,0,0.5,0.5,0,0,0,0,0.5,0,0.5,0,0,0.5,0
71,-0.0392220002865391,0.0669712070519626,0.0541108278110154,0.0522594193181051,0.00499999708857481,0.0530994609675302,-0.0343414532964658,-0.0795756670430199,0.0537182801496424,0.949131154558282,5.76805884824838e-06,-5.4016456666256e-06,0.314907045409808,-0.00792858010724321,-0.0146370206317795,0.0519974530355673,-0.0749999999729151,0.0473677428110681,-0.035892415418247,-0.0318247618933579,-1.51350313899246e-08,1.00769330673529e-05,0.0555048729770652,-0.0749999999919902,-0.000251533072805,-0.000308028405949439,0.00107619383840413,1.2350067826429,-0.0152661238019578,-0.0646818634437164,3.71425077394324e-05,0.0303934285679097,-0.159743257266176,0.249999999401416,-0.399999609651708,-0.0607319775447196,0.14999999691561,0.0718544983632987,0.169414369693552,0.150000001150501,0,0,0,0,0.01,0,0.01,0.01,0.01,0.286744128037507,0.121685815721687,0,0,0,0.01,0,0,0.01,0.01,0.496341407140813,0.01,0,0.01,0,0.116171001032224,0.01,0,0.01,0.904931107882952,1.23483311662412,0.96220214522541,1.17756207928165,0,0.5,0,0,0,0,0,0.5,0.5,0.5,0,0.5,0.5,0,0,0,0,0.5,0,0.5,0,0,0.5,0
72,-0.0409483085909168,0.068679945999186,0.0534594712058134,0.0517615454936402,0.00472319110024598,0.0530991594385961,-0.0334449514153561,-0.0811811892714824,0.0537158667286183,0.946080929973083,9.66931453296706e-06,-4.40190777052499e-06,0.323956372588185,-0.00815698495060413,-0.0159075701766177,0.051997213341856,-0.075000000029984,0.0749999999881133,-0.0292763260686722,-0.0217831478102418,-0.0185642248297149,-2.20671947276971e-05,0.0415920342135318,-0.0750000000046468,-8.80311741911345e-05,0.000688507225727836,0.000369419459369325,0.874568756810929,-0.00926911815082316,-0.0641396255516394,-1.56364541475401e-05,-0.0777550267989215,-0.000593847127418112,0.250000001002649,-0.399999923835602,-0.0541791307549345,0.14999999746431,0.0812687991774365,-0.0447706760738724,0.242406915655713,0,0,0,0,0.01,0,0.01,0.01,0.01,0,0.01,0.01,0,0,0.01,0,0.510093959596857,0.01,0.01,0.456211912091679,0.01,0,0.01,0.26520311074125,0.194250844617696,0.01,0,0.01,1.08495407476984,1.37606860439292,1.12378677098212,1.33723590818065,0,0.5,0,0,0,0.5,0,0,0.5,0.5,0,0.5,0,0,0,0,0,0.5,0,0,0,0,0.5,0
73,-0.0425510308794069,0.0702960139474199,0.0526233939013167,0.0514015749665557,0.00441574227938427,0.0530988651528295,-0.0329018996332947,-0.0823284851113131,0.0537171659070257,0.94408681252847,4.21641300931306e-06,-1.42500088760555e-06,0.329722829053348,-0.0083370863815055,-0.0168485481760945,0.0519974426407198,-0.0750000000000011,0.075,-0.0499999999999973,-0.0138676924319999,-0.0121225016144549,-9.66486174163997e-08,0.0134953164810084,-0.0374141673083267,7.56905372838131e-05,-0.000635333529973112,-7.99828929309797e-06,0.368971362100608,-0.00833944284871436,-0.0312508784587549,2.15299033755654e-05,-0.0261092218000837,-0.0755407598895579,0.250000000000002,-0.399999999999997,-0.0652242277591487,0.25,0.168158068295828,-0.0513709863788647,0.233096137118101,0,0,0,0,0.01,0,0.01,0,0.01,0.335221130807528,0.01,0.01,0,0,0.01,0.789754620667315,0.552643120957557,0.01,0.01,0.458259670491582,0.01,0,0.01,0.244379539979102,0.202466455216731,0.01,0,0.01,1.19979764331472,1.45893670189074,1.21950977748271,1.43922456772275,0,0.5,0,0.5,0,0,0,0,0.5,0.5,0,0,0,0,0,0,0,0.5,0,0,0,0,0.5,0
74,-0.0434442957697755,0.0718656853216088,0.0515748839025391,0.051155572215533,0.00421858503930414,0.0530983274049782,-0.0324651943279065,-0.0831541030815038,0.0537183384301893,0.942564173752839,2.19447892722561e-06,1.2785716329899e-06,0.334050802026655,-0.00844395734510185,-0.0175216564711351,0.0519975216493935,-0.0146283455500905,0.0749999999700604,-0.0499999999998978,-0.01206983583733,-0.00981483197707948,-3.31450656864169e-05,0.0275094010149332,-0.0458373684577544,3.43172248464111e-05,-0.0002485914475461,-1.30811089094462e-05,0.529081169497803,-0.00390904889149193,-0.0372176385680445,-1.37451402289559e-05,9.03062831658429e-05,-0.128769211251582,0.250000000060796,-0.399999956859982,-0.144532201704528,0.240909913910528,0.0857534446804053,-0.0454109323467474,0.150000001974446,0,0,0,0,0.01,0,0.0216508106876078,0,0.01,0.25680785161651,0.01,0.01,0,0.01,0.01,0,0.395615814544837,0.01,0.01,0.293364042268352,0.01,0,0.01,0.166486015881046,0.233241934848841,0.01,0,0.0181515312815007,1.28926738532207,1.56717483981263,1.34736805559249,1.50907416954221,0,0.5,0,0.5,0,0,0,0,0.5,0,0,0.642501694374169,0,0,0,0,0,0.5,0,0,0,0,0.5,0
75,-0.0450845455300719,0.0735789334799191,0.0509709634368631,0.0507525279689887,0.00389159211920474,0.053098455591433,-0.0318387572956906,-0.0844127485341464,0.0537190173239942,0.940252252165238,3.57676055372916e-06,-1.6369285138751e-06,0.34050418722806,-0.00863170495394564,-0.0185585611209148,0.0519975191649536,-0.075000000028285,0.0749999999739147,-0.0105891012202467,-0.0278157819995558,-0.0220832627186587,1.25864023425784e-05,0.0358524684874761,-0.0749999998750639,2.10285125553096e-05,0.000470044467500821,-0.000272423337867362,0.84739149089129,-0.0143439053981259,-0.0659895264138639,-1.83175393296187e-07,-0.0800693196664,0.00775193630467073,0.250000000228872,-0.399999963262532,-0.11094833814263,0.249999998014711,0.0989679027858302,0.101965329456113,0.228172711909776,0,0,0,0,0.01,0,0.0211245007081108,0,0.01,0.240315449535554,0.01,0.01,0,0.108553991097593,0.01,0.693906308299606,0.498367703351253,0.01,0.01,0.417231359059555,0.01,0,0.01,0.244798777999069,0.144592258163603,0.01,0.136676152960759,0.01,1.41022186386535,1.66430316085041,1.43455978080997,1.6399652439058,0,0.5,0,0.5,0,0,0,0,0.5,0,0,0,0,0,0,0,0,0.5,0,0,0,0,0,0
76,-0.0463732208959379,0.0751980020501512,0.0502992096092892,0.0501558221733859,0.0033414722401101,0.0530975885843924,-0.0312938645045254,-0.0859645156953472,0.0537181545728317,0.937666602517054,7.01996261383007e-06,-1.972680868333e-06,0.347561541462509,-0.00898189637979921,-0.0198838426035125,0.0519971585517831,-0.0539726616682858,0.0749999999274688,-0.0500000000027417,-0.0322929345462872,-0.0316377297241073,-4.6724958680201e-05,0.0200921901890684,-0.074999999836501,-6.36438307474047e-05,0.000584166827928616,9.40354331356682e-05,0.695616304440946,-0.0207750899329621,-0.0675598366768203,-2.53980327002935e-05,-0.153572502821215,0.028308049559011,0.249999998369689,-0.399999863499286,-0.0194375656305161,0.150000000222708,0.143379713238781,0.0849553461630096,0.239447575827512,0,0,0,0,0.01,0,0.01,0.0206618683716079,0.01,0.22817326291983,0.01,0.01,0,0,0.01,0,0.485643004144127,0.01,0.01,0.394717114234659,0.01,0,0.01,0.261924672044749,0.138421771741603,0.01,0.118015267824846,0.01,1.51870379920786,1.77674387909296,1.53060900843923,1.7648386698616,0,0.5,0,0,0,0,0,0,0.5,0.5,0,0.5,0,0,0,0,0,0.5,0,0,0,0,0,0
77,-0.0481382117800201,0.0770732239978975,0.049521020906319,0.0494997784487288,0.00275718201879461,0.0530990268611709,-0.0309867820487195,-0.0873747769250637,0.0537177363276787,0.935465448722702,7.34910700499361e-06,-7.43989302233237e-06,0.353443453585094,-0.0094247893795714,-0.0211143630502996,0.0519975074458584,-0.0750000000244086,0.0749999999521927,-0.0279292249246842,-0.0331364709029048,-0.0269108478370435,7.46902775963166e-05,0.0112918727577835,-0.0647609416810556,-2.07224379283458e-06,0.000108806875843499,-0.000376242271817353,0.577970421639647,-0.0231909793317613,-0.0566283579204073,2.8427694644866e-05,-0.0190233879706884,-0.11127314354357,0.25000000176284,-0.400000191453166,-0.097875754253526,0.249999999281197,0.223803833420979,0.191169078861696,0.232178751303997,0,0,0,0,0.01,0,0.01,0,0.01,0.237752229961297,0.013914328989776,0.01,0.171194286826784,0,0.01,0,0.440020661783711,0.01,0.01,0.553748354618656,0.01,0,0.01,0.29217342807739,0.111390287273207,0.01,0.107645517483124,0.01,1.69641138545357,1.92965049857018,1.74436070530878,1.88170117871497,0,0.5,0,0.5,0,0,0,0,0,0.5,0,0.5,0,0,0,0,0,0.5,0,0,0,0,0,0
78,-0.0498773189214077,0.0788976774764117,0.0488147315558814,0.0488703677004363,0.00244727509842768,0.0530981279168107,-0.0306136036614697,-0.0885296349919191,0.0537176509256634,0.933151915892035,4.95008053020082e-06,-3.36493812634766e-06,0.359507430944383,-0.00982688060476287,-0.022091080002958,0.0519972134539158,-0.0749999999951352,0.0749999999598616,-0.0426262244832423,-0.0286163601903925,-0.00813927979617083,-5.04012951272032e-05,0.0233593253145716,-0.0514672510133086,-2.60078302785796e-05,-0.000207533855700634,0.000217844205165525,0.669900396166716,-0.0166750562202753,-0.0424967167151815,-2.63052731917147e-05,-0.0268372074107409,-0.119049635127387,0.250000000212436,-0.399999955672994,-0.0512993674768531,0.15000000077215,0.14626760534509,0.097710876975535,0.250000002864611,0,0,0,0,0.01,0,0.01,0.0410954083047076,0.01,0.182339866748166,0.01,0.01,0.181982259250825,0,0.01,0,0.434872619059269,0.01,0.01,0.552593606697955,0.01,0,0.01,0.31335326707651,0.122875055761172,0.01,0.112420244721464,0.01,1.84251785390056,2.06178657043872,1.88795178761101,2.01635263672829,0,0.5,0,0,0,0,0,0,0,0.5,0,0.5,0,0,0,0,0,0.5,0,0,0,0,0,0
79,-0.0516729177498869,0.0807810441217901,0.0484982368438281,0.0483682499645151,0.00224896785109246,0.0530989558727263,-0.0301816127076791,-0.0894982109215593,0.0537170665834072,0.930980106876886,6.47137887927071e-06,-6.12478330897813e-06,0.365094936003662,-0.010111867736415,-0.0229029388784168,0.0519974081035803,-0.0749999998960875,0.0749999999188011,0.01071007107767,-0.0222042784026666,-0.0103857473831723,3.90315976421557e-05,0.0207218060723627,-0.0454862097249618,-1.57774367475121e-05,0.000109482355437754,-0.000108221306838702,0.549219754874423,-0.0121359539260931,-0.0384732072636139,1.44523502981608e-05,-0.067285902985055,-0.104357516669206,0.250000004699481,-0.400000138214638,-0.115930191184038,0.247633354032824,0.289673777911883,0.189985760388054,0.249999992700095,0,0,0,0,0.01,0,0.01,0,0.01,0.249791896934277,0.01,0.01,0.179428176367637,0,0.01,0,0.460108190155158,0.01,0.01,0.53849383846627,0.01,0,0.01,0.281806403844337,0.113384088716105,0.01,0.125445741397498,0.01,1.95455403090375,2.17635845542681,2.01680073980998,2.11411174652058,0,0.5,0,0.5,0,0,0,0,0,0.5,0,0.5,0,0,0,0,0,0.5,0,0,0,0,0,0
80,-0.0535324131918777,0.0827010231353942,0.0489000119044912,0.047640157407502,0.00149961241451331,0.0530987613520371,-0.0305393197325173,-0.0905576730969879,0.0537158395797765,0.930105409572828,5.7824982419675e-06,-7.79041760519323e-06,0.367317625674414,-0.0107526233572351,-0.0238973218444103,0.0519972173565695,-0.0749999999785077,0.0749999999917902,0.0293741148107564,-0.0502712978244934,-0.0607673328299547,-3.2281371794011e-05,-0.0487874259660803,-0.0618437169903759,-8.63257607290144e-06,-0.000437251785399835,0.000179833544425757,0.0178402954833378,-0.0498963560506807,-0.0616372822005046,-5.72685879702511e-06,-0.103883098981495,-0.0884716503462454,0.247231542111324,-0.399999997731135,-0.0460168996004385,0.179196390865867,0.400000005315949,0.303735201185018,0.234386513350197,0,0,0,0,0.01,0,0.01,0.01,0.01,0.283765301919925,0.0469848029689026,0.0149325632726175,0.222007489818938,0,0.01,0,0.438250981337034,0.01,0.01,0.380363460856977,0.01,0.395260052990564,0,0,0.0386749927087886,0.0851667676339851,0.18002666745674,0.01,2.02436336549706,2.25900263320425,2.08200260662217,2.20136339207914,0,0.5,0,0,0,0,0,0,0,0.5,0,0.5,0,0,0,0,0,0,0.5,0.5,0,0,0,0
81,-0.0553524817170214,0.0846210021176263,0.0490961079497772,0.0468355204582954,0.000341818868430312,0.0530998660441204,-0.0310598837463464,-0.0919402412651477,0.0537156838651665,0.929445354371204,7.33187888517787e-06,-8.07028902884762e-06,0.368984639371072,-0.0114909167674282,-0.0252375130649292,0.0519975845248535,-0.0750000000000019,0.0750000000000012,-0.00956979079676155,-0.0317486729212977,-0.0549743906300177,7.99914706845991e-05,-0.0066780316195827,-0.0749999999999998,1.42967599090672e-05,1.61605673024322e-05,-0.000185450250765164,0.319563279000269,-0.0258286836490079,-0.0712847004358359,3.47213252298097e-05,-0.0592218526576106,-0.170840877610932,0.235902165015604,-0.399999999999998,-0.0684858642006428,0.15,0.178397492329606,0.303243125723624,0.229958627158958,0,0,0,0,0.01,0,0.01,0.01,0.0177140171558542,0.187882161605731,0.0493643340200383,0.01,0.109129747040063,0,0.01,0,0.431126629077167,0.01,0.01,0.501752593303182,0.01,0,0.01,0.391297232068304,0.01,0.0912355674128889,0.0413457843502735,0.01,2.16267823690466,2.38689908455857,2.21289475799039,2.33668256347284,0,0.5,0,0,0,0,0,0,0,0.5,0,0.5,0,0,0,0,0,0.5,0,0,0,0,0,0
82,-0.0572649499240964,0.0865409811186576,0.0491112610748979,0.0466529968714675,0.00010013440347889,0.0530991651299223,-0.0304658124077048,-0.0928069274304296,0.0537160783240123,0.92760866428912,3.52139772854548e-06,6.72252741530723e-07,0.373578133162904,-0.0114901972913994,-0.0259861226779442,0.0519973922717515,-0.0749999999999997,0.0749999999999989,0.0109823426414527,0.0123269671173398,0.0187452813632023,0.000136595247997895,0.0552777798438349,-0.0152471179596697,-4.17167878380243e-05,0.000921390002618436,-0.00102889115222401,0.543044114971058,0.0227273507987694,-0.00887408299762212,4.38569169665381e-05,-0.369548909341667,0.145409086937719,0.25,-0.399999999999998,-0.112466356347442,0.15,0.0734698587148016,0.051066417592702,0.25,0,0,0,0,0.01,0,0.01,0.01,0.01,0.101389599213076,0.01,0.01,0.21909659299975,0,0.01,0,0.470364512265285,0.01,0.01,0.253791924632732,0.01,0.352238558494721,0.01,0.720667511321512,0.100529174633687,0,0.122321425886923,0.01,2.30879900459355,2.49599503603881,2.31402935191381,2.49076468871856,0,0.5,0,0,0,0,0,0,0,0.5,0,0.5,0,0,0,0,0,0,0,0,0,0.5,0,0
83,-0.0590142510050458,0.0883553214195877,0.0490671608853209,0.0465117428274302,-0.000404251991576294,0.0530994914940327,-0.0307283782771658,-0.0932184335151068,0.0537170057068705,0.92788822142305,1.24283505627825e-06,-5.14027534420205e-06,0.372883288881761,-0.0116578502079529,-0.0264117169396382,0.0519973852501408,-0.0750000000100131,0.07500000000687,-0.0152611442278278,-0.0240893909968225,-0.0591977389452797,-2.25546241500692e-05,-0.0621368684326902,-0.0288372696654717,8.45166732187049e-05,-0.000299676948985771,0.000120279966221948,-0.480066085887032,-0.0332490670383372,-0.0347097227491721,4.0226925417381e-06,-0.288132131074315,0.0141277182527594,0.249999999939628,-0.40000000217671,-0.0447768885750829,0.150000000189241,0.272484957120363,0.21103297405652,0.237775391471177,0,0,0,0,0.01,0,0.01,0.01,0.01,0.292033269502995,0.0283928069544161,0.01,0.243489449427591,0,0.01,0,0.485752136675139,0.01,0.01,0.393720480611832,0.01,0.35260475011506,0,0,0.0410268348484005,0.01,0.189309164737857,0.01,2.43361432505227,2.62444019052044,2.45909966140778,2.59895485416492,0,0.5,0,0,0,0,0,0,0,0.5,0,0.5,0,0,0,0,0,0,0.5,0.5,0,0,0,0
84,-0.0600000000929813,0.0902753004485673,0.0487150923005446,0.0459168732074815,-0.00176501702728755,0.0531008619349992,-0.0318253423162193,-0.0941725999600958,0.0537167867897467,0.92907826599173,3.97433977782802e-06,-8.67586466764944e-06,0.369908270042641,-0.012373511565737,-0.0274445355424181,0.051997710190536,-8.99523642217199e-15,0.0749999999999996,-0.019922407970761,-0.0347206489416686,-0.0749999999999996,3.30486924213009e-05,-0.051455212377152,-0.0635691008493462,6.34726998115433e-05,-0.000512189842180722,0.000330570188031374,-0.214315692190816,-0.0387083047593744,-0.0662142580142994,2.73364653132452e-05,-0.400000000000002,0.355355597430917,0.247778388787412,0.0071888721228229,0.4,0.25,0.399999999999994,0.400000000000005,0.242628635929447,0,0,0,0,0.01,0.682503029815514,0.01,0.01,0.0758330957920554,0,0.0998621298232721,0,0.01,0,0.01,0,0.452340475712455,0.01,0.01,0.162376303517969,0.01,0,0.108216990048432,0,0.01,0.359645428551048,0,0.01,2.33376510017462,2.51974983425934,2.33125808280871,2.52225685162524,0,0,0,0,0,0.5,0,0.5,0,0.5,0,0.5,0,0,0,0,0,0.60612847248286,0,0.582988034995243,0,0,0.5,0
85,-0.0600000001012569,0.0921933629710419,0.0483026288267776,0.0461479303251341,-0.000531960358438275,0.0536078607787193,-0.0311893193469433,-0.0942530761570473,0.0537145134532024,0.927606638800282,-1.36433668136529e-07,3.6985078693965e-06,0.373583441108096,-0.0122084757750685,-0.027438618242416,0.0519971284732819,-3.33376006049997e-14,0.0749999999999992,-0.0213169672297538,0.0482417486052788,0.0750000000000004,0.0500000000000001,0.0750000000000005,0.0440939970449856,-0.000972070495663565,0.0091203218601422,0.00144660094604274,0.789283609622909,0.0474972376963522,0.0510380993599486,-0.000396515703663451,-0.400000000000006,0.119760576066489,0.25,-0.399999999999999,-0.23605029033876,0.222243482740331,0.366396856635904,0.281786482334996,0.189800182680311,0,0,0,0,0.01,0.525774002430296,0.01,0.01,0.01,0.177103760886986,0.01,0.038743204906777,0.191885028760309,0,0.01,0,0,0.01,0,0.17068225319919,0.01,0.443950530320508,0,0,0.159541642910984,0.0285221975155333,0.265783473415323,0.01,2.56040716679734,2.67532462087016,2.52914028549756,2.70659150216994,0,0,0,0,0,0,0,0,0,0.5,0,0.5,0.5,0,0.5,0,0,0,0.5,0.5,0,0,0,0
86,-0.0600000000561574,0.0937857628225833,0.0484169776127552,0.0455632716935,-0.000238206507773737,0.0540895378158082,-0.0300168456394971,-0.094604010682569,0.0537086408745837,0.926301270330288,1.93771765802044e-06,-2.47640102338636e-05,0.376808593660319,-0.0120266967646461,-0.0271032586302691,0.0519961936795722,2.28847148661867e-14,0.0749999999999995,0.0324829147916277,-0.0471699852539976,-0.00846716967918167,-0.0007441243740464,0.045106922330119,-0.0749999999999927,-1.97680566645056e-05,0.000427947011928951,-0.0128232083990764,-0.0200690000225762,-0.0340660138657913,-0.0161419978165342,0.00209306532431438,-0.4,0.260354471268538,0.249347878203793,-0.240954638105238,0.125895616808364,0.25,0.399999999999994,0.400000000000004,0.234616236198678,0,0,0,0,0.01,0.901936717000197,0.01,0.01,0.01,0,0.108059838396198,0,0.0576753345884466,0.433268294935809,0.01,0,0,0.01,0,0.172159905279008,0.01,0,0.124763891004163,0,0.01,0.338927737439696,0,0.01,2.29437258050224,2.50423008501781,2.30199560092288,2.49660706459718,0,0,0,0,0,0.5,0,0.5,0,0,0,0.5,0.5,0,0.5,0,0,0.5,0,0.631334162329888,0,0,0.5,0
87,-0.0600000001013046,0.0954487881960668,0.0486023257786882,0.0449551661273793,0.00124613371958811,0.0543031170524626,-0.0287139286814207,-0.0946540690133486,0.0536745481977931,0.922833069157807,1.86009056714758e-06,-7.29398313367892e-06,0.385225058527138,-0.0120248337365735,-0.0267860483167781,0.0519976614527537,-1.44271798539164e-14,0.0749999999999998,-0.013717101776305,-0.00581561181407863,0.0750000000000008,0.00577714024205528,0.0750000000000004,0.0347069198135014,-0.000193209323919938,0.00249515329611246,0.0213086702523903,1.16234567577572,0.0165513809066406,0.0469991620917672,-0.000213679188802176,-0.400000000000001,0.246240685797701,0.238879281139669,-0.400000000000003,-0.091891223758715,0.250000000000001,0.131692950050151,0.399999999999998,0.150000000000001,0,0,0,0,0.01,0,0.01,0.01,0,0.0359598848349322,0,0.0622804092645792,0.133610274448695,0.30010423658943,0.01,0,0,0.01,0.01,0.35491698001316,0.01,0,0.01,0,0.01,0.176967914583852,0,0.01,2.26496337857617,2.48152553491187,2.27298858231111,2.47350033117693,0,0.5,0,0,0.5,0,0.5,0,0,0,0,0.5,0.5,0,0,0,0,0.5,0,0.640081723787722,0,0,0.5,0
88,-0.0600000001025927,0.09714039121202,0.0479533852102119,0.044598502694719,0.00228290272388227,0.0543107089067523,-0.0277058060541429,-0.0945905460939026,0.0536783814847474,0.919589937836296,-1.30029087997357e-06,-3.87179083251756e-06,0.392904462558696,-0.0120303830589313,-0.0265628831928725,0.0519980972119063,1.76271435074739e-12,0.0749999999994311,-0.0499999999999339,-0.0304031612379665,0.0196389680477798,8.57700894470789e-05,0.0276729219065771,-0.0218842374285116,0.000192414485576073,-0.000666640918108234,-0.000199586014176534,0.705178713713788,-0.0151997396364512,-0.0154971206243009,5.08949648813192e-05,-0.399999998938921,0.161624573987019,0.219450649349692,-0.399999994891678,-0.393257127919791,0.223458664430901,-0.224086284091639,0.187370235075022,0.237667521037858,0,0,0,0,0.01,0,0.01,0,0.534095835184673,0.01,0.01,0.01,0.01,0.01,0.01,0,0,0.01,0.01,0.141867654822923,0.01,0,0.01,0.237820535767745,0.0520062456767359,0.104166922201624,0,0.207595289487723,2.38386381125404,2.6177411819181,2.40450172165025,2.5971032715219,0,0.5,0,0.5,0,0,0,0,0,0,0,0.733886375448014,0.516017463057732,0,0,0,0,0.633258242756644,0,0,0,0,0.5,0
89,-0.0600000001012949,0.0987382503237619,0.0474940751964146,0.0440964249582135,0.00241561676133735,0.0543102495001254,-0.0277484326057772,-0.0947783503741105,0.0536791671986729,0.918496163628399,-5.43735858682717e-06,-5.20944960722022e-06,0.395454709795344,-0.0124113293779481,-0.0267054748226026,0.0519976374093195,3.32129314551447e-14,0.0750000000100779,0.00379998782906064,-0.0191763689228039,-0.000885119451984323,-2.89793602612119e-05,-0.019074527184034,-0.00100373522987247,5.06575468981639e-05,-0.000278014958834628,-6.52767351850814e-05,0.00255482045731713,-0.019135031949549,-0.00102729381317651,-1.92794489546822e-05,-0.399999999972194,0.09920987315894,0.149999999537058,-0.399999967963643,-0.151264111799499,0.249999999018273,0.321640299745249,0.0955497790177307,0.150000000943141,0,0,0,0,0.01,0,0.01,0,0.20416815331407,0,0.170071837919505,0.128023439567171,0.01,0.01,0.01,0,0.01,0.01,0.01,0.385247778567878,0.01,0,0.01,0,0.01,0.396049148952275,0.0194361487567995,0.340884409115255,2.36195650919734,2.62410747037964,2.40328791130176,2.58277606827521,0,0.5,0,0.5,0,0.5,0,0,0,0,0,0.745723662750293,0,0,0,0,0,0.5,0,0.5,0,0,0,0
90,-0.0600000001605731,0.100293236315414,0.0481004506199739,0.0438431458623748,0.00219261878265631,0.0543104091113045,-0.0281132572371357,-0.0949260368948728,0.053675881163674,0.918754569301449,5.14090467396383e-06,-1.0585263096857e-05,0.394853990643795,-0.0126939433942918,-0.0268637322143098,0.0519971794635381,2.13116085393273e-11,0.0750000000067363,0.0500000000002469,-0.00889073778405562,-0.0169619539748489,1.10045529619423e-05,-0.0174278170368056,-0.0108785983005686,-0.000104477983181235,0.000614895212153567,-0.000164371499842826,-0.102929113183754,-0.0111315507302543,-0.0118061259992797,-1.18707069772484e-05,-0.359112654211117,0.400000004005659,0.150000000146811,-0.399999988301604,0.11219661688103,0.249999999743338,0.219895783233757,0.399999999862348,0.218021748314286,0,0,0,0,0.01,0.93901464213635,0.01,0.01,0.150988193715372,0.189937539281952,0.0955632385119188,0.0204400219341177,0.01,0,0,0,0,0.01,0.01,0,0.01,0,0.01,0,0.01,0.01,0,0.01,3.0580480983326,3.35129904754471,3.1488638436763,3.26048330220101,0,0,0,0,0,0,0,0,0,0.5,0.5,0.69061431103997,0.5,0,0,0.5,0,0.5,0,0.5,0,0,0.5,0
91,-0.0600000001109624,0.102009228378763,0.0491569406719178,0.0423851303053919,0.00355345478627571,0.0547387853832452,-0.0279172861372095,-0.0950946472392297,0.0537760312875745,0.918303723794382,-2.16080400623864e-06,-8.88261462810198e-08,0.395901391082412,-0.0127607803269848,-0.0268922975950249,0.0519977487672711,4.74763182336592e-12,0.0749999999979656,0.0500000000001728,-0.0749999999868797,0.0749999999821247,0.0408223982581759,0.0227502621477452,-0.00978121223511313,0.00794845323964663,-0.000941972644125189,0.0016332631312653,0.166433158555584,0.00222456380187239,0.00201011872613067,-2.20653454129442e-05,-0.3666128807462,0.316511479716466,0.150932794637911,-0.399999992198698,-0.0198449319136983,0.198261595658615,0.242525780707707,0.399999999811604,0.209461755571023,0,0,0,0,0.01,0,0.01,0,0.0841567414422257,0.291726653453296,0.0839588547409305,0.0547335666058012,0.01,0,0,0,0.169356492203985,0.01,0.01,0,0.01,0,0.01,0,0.048962339542649,0.0535048944324624,0,0.01,3.10771885782782,3.44462427277365,3.18658480348512,3.36575832711635,0,0.5,0,0.5,0,0,0,0,0,0.5,0.5,0.845333467634343,0,0,0,0.5,0,0.5,0,0.5,0,0,0.5,0
92,-0.0600000000965603,0.103891278895542,0.050176481073379,0.0413730560271069,0.00415187443144684,0.0548943001464323,-0.0277097362254747,-0.0953694397003404,0.0537914811582298,0.916115877617693,1.12028795061556e-06,-3.61355216898752e-06,0.400938272664856,-0.0132416640458721,-0.027065783714256,0.0519974125818855,1.15319570820178e-12,0.075000000010725,0.050000000000234,-0.0494082066945324,0.00649787568046144,-3.0683096648896e-05,-0.00164918639187549,-0.0250295039449977,0.000464704342761368,-0.00495801353555309,0.000516916068005538,0.56429396175141,-0.036004865593363,-0.0206019053076892,0.000131116954331243,-0.399999999303077,0.315964291624338,0.205119301319189,-0.399999998415096,0.0903237804232569,0.249999999689003,0.302261728615705,0.399936811898872,0.205096034471712,0,0,0,0,0.01,0,0.01,0,0.0122515952528817,0.337831313267526,0.161350606678609,0.01,0.0300530806593364,0,0,0,0.395651924606435,0,0.01,0,0.01,0,0.01,0,0.01,0.01,0,0.01,3.2235702601147,3.51814323561101,3.29012727413686,3.45158622158885,0,0.5,0,0.5,0,0,0,0,0,0.5,0.5,0.5,0,0.5,0,0.5,0,0.5,0,0.5,0,0,0.5,0
93,-0.0600000001013088,0.105811257983319,0.0511899185223278,0.0403389034960209,0.00446460034779253,0.0548947147212002,-0.0275952541324646,-0.0957950399419286,0.0537914068293344,0.913396328637517,2.06771664828929e-06,-4.4651696082436e-06,0.407096026215162,-0.0139501871797064,-0.0273950727006837,0.0519975212499148,-9.65597755218024e-15,0.0749999999999988,0.0499999999999998,-0.0540887783067883,0.0225175403326391,2.29550324386907e-05,0.0104109148461892,-0.0187380336776149,-2.49214778044847e-05,0.000413381096780971,-2.58506995570175e-06,0.755433933686763,-0.035647367008414,-0.0134661764221584,1.92389768918204e-06,-0.399999999999999,0.324715608731906,0.188504554611173,-0.399999999999998,0.0422305079086276,0.250000000000001,0.304310365117392,0.397546224881665,0.200323147293173,0,0,0,0,0.01,0,0.01,0.01,0.01,0.360151036391886,0.171013782597572,0.01,0.0377591221175936,0,0.01,0,0.402485962816877,0,0.01,0,0.01,0,0.01,0,0.01,0.01,0,0.01,3.27759808898765,3.57468330971188,3.33913389734506,3.51314750135448,0,0.5,0,0,0,0,0,0,0,0.5,0,0.5,0,0.5,0,0.5,0,0.5,0,0.5,0,0,0.5,0
94,-0.0600000001922319,0.107731237052991,0.051725608505265,0.0392267139001883,0.00499999918721588,0.0548972585364846,-0.0272233112833103,-0.0961852253542304,0.0537908670674415,0.909820682679097,6.76294952584269e-06,-9.63420494800793e-06,0.415026190087735,-0.0146398016580054,-0.0276728736744163,0.051997793612104,1.33850300006201e-10,0.0750000000297076,0.00379999927220056,-0.0350317130798909,-1.53116484855475e-07,-0.000735545462915663,-0.00309978108718262,-0.0493401191314216,0.000643248495481074,-0.0126639636452558,0.00612897659571235,0.564723544060264,-0.0303528230052209,-0.0376611399020843,-0.000159204909312403,-0.399999920409257,0.400000017664796,0.190874708234354,-0.39999977066678,0.0764944857352119,0.249999994994294,0.375105200888428,0.40000002315913,0.207085891382437,0,0,0,0,0.01,0,0.01,0,0.01,0.457636619454422,0.182468721485332,0.0183311215302635,0.01,0,0.01,0,0.379114107066417,0,0.01,0,0.01,0,0,0,0.01,0.01,0.190584181516996,0.01,3.35872714510279,3.65519811907447,3.41542588839135,3.59849937578591,0,0.5,0,0.5,0,0,0,0,0,0.5,0,0.5,0,0.5,0,0.5,0,0.5,0.5,0.522894630212505,0,0,0,0
95,-0.0600000001598175,0.109651215860372,0.0523173289883004,0.038317258576321,0.00499999943577134,0.0548966287546102,-0.0269039877355381,-0.0969387519990927,0.0537907819780074,0.906843356402261,4.74603423645518e-06,-5.46707315986618e-06,0.421492343167889,-0.0151887343473988,-0.0283458971455584,0.0519974240062265,1.65935591563804e-10,0.0750000001450021,0.0500000000005963,-0.0437356244575548,-1.36168289863202e-08,2.388781603657e-05,0.0205029026474536,-0.0407901254628553,-1.00977018652113e-05,0.00021173443124742,4.54237902600282e-05,0.754135547824127,-0.0251242727223079,-0.036386466533649,1.18358879699806e-05,-0.399999901327845,0.400000086221589,0.150000000354603,-0.399999833976249,0.124928704680975,0.249999997280124,0.382689548239144,0.400000133030755,0.204933731759493,0,0,0,0,0.01,0,0.01,0.01,0.01,0.510318379011435,0.191469143054437,0.021041608027799,0.01,0,0.01,0,0.331852420080201,0.01,0.01,0,0.01,0,0,0,0.01,0.01,0.224902196464756,0.01,3.4054904182986,3.70347302165856,3.46587175465467,3.64309168530248,0,0.5,0,0,0,0,0,0,0,0.5,0,0.5,0,0,0,0.5,0,0.524267513894165,0.5,0.50267282687739,0,0,0,0
96,-0.0600000001694506,0.111571195104541,0.052853018949873,0.0373940840667191,0.00499999935094279,0.054897455806423,-0.0263615514320619,-0.0978115570329025,0.0537906053464536,0.903259293167559,5.23810809294389e-06,-6.56658242569341e-06,0.429119650098971,-0.0156734499589918,-0.0291368544986854,0.0519975986766092,9.78005548963412e-11,0.0750000000638911,0.00379999619799486,-0.0482622906455994,2.48955667500028e-10,4.92504091301001e-05,0.0330235208823262,-0.0475584121658408,-6.46156398280845e-06,0.000159819328707794,-6.69466392073172e-05,0.930586291600234,-0.023698828683606,-0.0434829882591172,1.54280375225213e-05,-0.399999941859417,0.400000037991036,0.166476308407489,-0.399999869723751,0.134990779472218,0.249999998393611,0.361406544423783,0.400000052247268,0.200705175791095,0,0,0,0,0.01,0,0.01,0,0.01,0.514821443113751,0.197721809966433,0.0165254964377019,0.01,0,0.01,0,0.261337111905839,0.01,0.01,0,0.01,0,0,0,0.01,0.017669392382317,0.199111211016844,0.01,3.48749907636851,3.7858699395269,3.53696870063101,3.73640031526441,0,0.507948645820416,0,0.5,0,0,0,0,0,0.5,0,0.5,0,0,0,0.5,0,0.533421966635186,0.5,0.500583996224373,0,0,0,0
97,-0.0600000001012922,0.113491174062051,0.0526365806921979,0.0363600573335071,0.00500000002149027,0.0548972828988208,-0.0257222749583231,-0.0987750187114949,0.053790289974073,0.89912320866009,4.88875782153189e-06,-5.11146512226368e-06,0.437720157265708,-0.0161966416131294,-0.0300259730797351,0.0519974030372296,3.49368213417931e-17,0.0750000000000128,-0.0252983303952432,-0.0553815658171909,-2.42565795525472e-10,-1.59808173377683e-05,0.0315204949176991,-0.0491527767917441,-2.4072141746715e-05,-9.9664719891059e-05,8.2838235362383e-05,0.987160389251177,-0.0285859544487722,-0.0458116008284264,-1.80394461060546e-05,-0.399999999999992,0.400000000000008,0.205037997955255,-0.399999999999995,0.162119126650911,0.25,0.387804709060718,0.400000000000005,0.196324204654761,0,0,0,0,0.01,0,0.01,0,0.01,0.568222963283622,0.209089603969432,0.0163684870989998,0.01,0,0.01,0,0.206774554453285,0.01,0.01,0,0.01,0,0,0,0.01,0.0786319743982918,0,0.01,3.55668950969785,3.8543622681931,3.60782820678359,3.80322357110735,0,0.543089600650639,0,0.5,0,0,0,0,0,0.5,0,0.5,0,0,0,0.5,0,0.54677998714362,0.5,0.5,0,0,0.5,0
98,-0.0600000001012826,0.115411153063171,0.0521353642057876,0.0352882475967116,0.00500000002404629,0.0548974611472658,-0.0248824597304755,-0.0998333320071221,0.053790552494365,0.89434142361541,3.58803653439831e-06,-3.96269086982049e-06,0.44740974936504,-0.0166723947036957,-0.0310239560788273,0.0519975101026534,-1.39937487526199e-14,0.0750000000000055,-0.0248256814901291,-0.0526187678809318,9.81871192706017e-11,1.63399207854901e-05,0.052462180299643,-0.0570030116099361,2.39083141302295e-05,-0.000241052443841308,-2.37197208335624e-05,1.18267598675906,-0.019480659081348,-0.0543591727631057,1.18933693628681e-05,-0.389265522575313,0.400000000000003,0.189866951236501,-0.399999999999996,0.220438074637846,0.25,0.348932770279545,0.400000000000005,0.191894681449569,0,0,0,0,0.01,0,0.01,0,0.01,0.593607587285013,0.185536242525068,0.01,0,0,0.01,0,0.0897609330553392,0.01,0.01,0.527285973874362,0.01,0,0,0,0.01,0.157539761431759,0,0.01,3.63381640557401,3.92078994187495,3.70075857034533,3.85384777710362,0,0.550376595053517,0,0.5,0,0,0,0,0.5,0.5,0,0.5,0,0,0,0,0,0.5,0.5,0.5,0,0,0.5,0
99,-0.0600000001012389,0.117331132172842,0.0515611896571007,0.0346828416216308,0.00499854015749252,0.0548975036315531,-0.0235197759225597,-0.100883686033039,0.0537905841334495,0.88934732585815,3.93133430995988e-06,-9.83397175468638e-07,0.457257050556852,-0.0166516737742156,-0.0320376252166304,0.0519975169553838,4.81948614411314e-14,0.0750000000000117,-0.0325531362232503,-0.0117165912147427,-0.000596718851712957,1.11539778754856e-06,0.0750000000000001,-0.0473998497434566,-2.25067263476332e-05,0.000338291093265764,0.000657315808568897,1.02614670780866,0.0181569556507427,-0.0469380546122812,3.01584346975433e-06,-0.399999999999992,0.400000000000007,0.225005290579669,-0.399999999999996,0.290687457040368,0.25,0.299323289402322,0.400000000000005,0.188831102269171,0,0,0,0,0.01,0,0.01,0.01,0.01,0.569143358540662,0.193343627275851,0.01,0,0,0.01,0,0.0539806605961407,0.01,0.01,0.580367084183757,0.01,0,0,0,0.01,0.188345137626079,0,0.01,3.72664363182008,3.99533105532399,3.78682072352013,3.93515396362393,0,0.539162928219185,0,0,0,0,0,0,0.5,0.5,0,0.5,0,0,0,0,0,0.5,0.5,0.5,0,0,0.5,0
100,-0.0600000001012925,0.119251111195975,0.0513013608865603,0.0344330419475763,0.00500000001160007,0.0548985019142617,-0.0219799979632828,-0.101792652111345,0.0537903331789764,0.884757002008422,4.43084326925226e-06,-2.96377835649477e-06,0.466077480765999,-0.0163181888190439,-0.0329360095503272,0.0519976377146284,-1.77013215246609e-16,0.075000000000005,0.00637561537427417,-0.0128837809572766,2.82464291231589e-09,5.08966278265093e-05,0.0750000000000004,-0.0445572074667717,-8.57383950573985e-06,0.000223812795783434,2.60184914576206e-05,0.997041942391652,0.0168222865488516,-0.0447918709718371,1.33513175400365e-05,-0.399999999999992,0.400000000000003,0.17024906829344,0.0838360132067034,-0.0890362486155126,0.25,0.323000839864804,0.4,0.190980232209018,0,0,0,0,0.01,0.95538060955492,0.01,0,0.01,0.643810113288269,0.180842344832546,0.01,0,0,0.01,0.89867499854541,0.01,0.01,0.01,0.629952815298897,0.01,0,0,0,0.01,0.336694818808867,0,0.01,3.93309626931489,4.14291917440856,3.96606743779708,4.10994800592637,0,0,0,0.5,0,0,0,0,0.5,0.5,0,0,0,0,0,0,0,0.5,0.5,0.5,0,0,0.5,0
101,-0.0600000001725155,0.121171090271096,0.0509645631934479,0.033887984459101,0.00499999907336022,0.0548977582181214,-0.0206637303744126,-0.102702259761609,0.0537890840235012,0.879929563024736,5.65608266546626e-06,-2.56710407625112e-06,0.475129099416798,-0.016244613250499,-0.0338558920089128,0.051997084594766,-1.43960625519429e-11,0.0749999999351367,-0.0398243846300106,-0.0398485619714152,2.90878517592288e-10,-4.59891494741863e-05,0.0569838691328605,-0.0462995916965891,-9.46296740796108e-05,0.000376619939992586,0.000164566225296013,1.063177798534,-0.00737195011762874,-0.0474362119557079,-4.15011853078587e-05,-0.400000008561031,0.399999961430776,0.221102808276373,0.141006847829716,-0.0997786118723777,0.235560875631961,0.332340191414416,0.399999956103046,0.186546229732961,0,0,0,0,0.01,0.974622158387425,0.01,0.01,0.01,0.688267802095908,0.140634760719211,0.01,0,0,0.01,0,0.01,0.01,0.01,0.577060058168755,0.01,0,0,0,0.01,0.382688700541454,0,0.01,4.03573598070829,4.26496610414409,4.07035936340406,4.23034272144832,0,0,0,0,0,0,0,0,0.5,0.5,0,0.5,0,0,0,0,0,0.5,0.5,0.5,0,0,0.5,0
102,-0.0600000000352346,0.123091069154499,0.0501623804247287,0.032848209445129,0.00500000034721531,0.0548992108308674,-0.0192668354349887,-0.103836414349486,0.0537901197254579,0.873523353260079,2.86195652118262e-06,-4.86385753609253e-06,0.486807505565542,-0.0164575524232806,-0.0350369231013744,0.0519977967063513,-3.49356739466923e-11,0.0749999999786283,-0.0403910589495827,-0.0658744657108481,8.36577567289566e-09,0.000102317638861336,0.0750000000067609,-0.0653103734597544,9.94343451992322e-05,-0.000215162998747125,-6.2568401605818e-05,1.5957065813691,-0.0152238852262269,-0.0697705716035566,7.84574668799657e-05,-0.372760740600274,0.399999987291872,0.245756186472528,-0.399999950696316,0.340729220604932,0.233443553097946,0.352578374478677,0.400000020026176,0.199091168663452,0,0,0,0,0.01,1.56028371538931,0.01,0.01,0.01,0.739360401272426,0.123362295483486,0.01,0.01,0,0.01,0,0,0.10627782586735,0.01,0.346721311114047,0.01,0,0,0,0.01,0.442839037133499,0.380648047039278,0.01,4.02317369539447,4.27195824202959,4.05016913926656,4.24496279815751,0,0,0,0,0,0,0,0,0,0.5,0,0.5,0.5,0,0,0,0,0.570569158322806,0.5,0.514863977194223,0,0,0,0
103,-0.0599999997790443,0.12501104831468,0.0497114584697226,0.0312862113741968,0.00500000035901923,0.0549006246617912,-0.0177069295575453,-0.105201181954201,0.0537896918488525,0.86515569134586,4.06388717359773e-06,-5.74994250112006e-06,0.501529322713208,-0.0169340732498113,-0.0365135702969317,0.0519976759484599,9.66564205390981e-12,0.0749999999599223,-0.00487870302592267,-0.0750000001717963,2.55412401814368e-08,5.3830037349025e-05,0.0750000000071215,-0.0676612451932193,-2.18436990874085e-05,0.000244813883563082,-0.00040360749362126,1.78696486696779,-0.0267585028475805,-0.0754131685708714,-3.36462767422334e-06,-0.375859569110203,0.399999976168913,0.189879391676719,-0.400000102148809,0.26015648855158,0.235832388835358,0.349521463459659,0.39999991316388,0.181105771277152,0,0,0,0,0.01,0,0.01,0,0.01,0.724611894086398,0.148547309654959,0.01,0.01,0,0.01,0,0,0.01,0.01,0.501178069176894,0.01,0,0,0,0.01,0.383963776626743,0.337671932645794,0.01,3.98858734353295,4.25999895347342,4.04630276096898,4.20228353603738,0,0.5,0,0.5,0,0,0,0,0,0.5,0,0.5,0.5,0,0,0,0,0.619926387130305,0.5,0.562110040469923,0,0,0,0
104,-0.059999999905502,0.12693102724381,0.0499627793373338,0.0323093437532212,0.00435293124755313,0.05495148684929,-0.016051312843227,-0.105881531427664,0.0537892216773538,0.858494358226826,3.69857094451267e-06,2.54493704566857e-06,0.512849276312107,-0.0168333806464255,-0.0373314272371855,0.0519974367933267,1.84187161215464e-10,0.0750000000270737,0.029837205453024,0.0750000002833604,-0.0295638093431491,0.00464591275839749,0.0749999999631663,-0.0125893619842042,3.21398726987263e-05,-0.00201360685171629,0.00287866641805654,0.805526835816224,0.0355571176830628,-0.0162654316940767,-6.46079104721803e-05,-0.399999890481937,0.400000016098578,0.189250180449673,-0.399999831515918,-0.400000147306233,0.249999998910897,0.315874365596097,0.400000032487118,0.197629857994904,0,0,0,0,0.01,0.941885161367434,0.01,0.01,0.01,0.709250221204577,0.0640298874138559,0.01,0,0,0.01,0,0,0.01,0,0.42329562062777,0.01,0,0,0,0.01,0.391043760080821,0,0.01,4.06268823653845,4.2334169133151,4.04919521415206,4.24690993570149,0,0,0,0,0,0,0,0,0.5,0.5,0,0.5,0.5,0,0.5,0,0,0.5,0.5,0.5,0,0,0.5,0
105,-0.0600000000715487,0.128851006456688,0.0508542795808135,0.0319784134971282,0.0050000002220387,0.0551782385993019,-0.0145380623324932,-0.106029620038563,0.0538099296331503,0.854608568285152,1.57795927495588e-05,-1.98375070693967e-05,0.519298984537782,-0.016201217439784,-0.0375748158642474,0.0519997146526114,1.43770522752748e-10,0.0750000000919347,0.049999999996656,-0.057395811685626,2.94478339233987e-07,0.0115220412223457,0.073444126281297,-0.0237293940685122,0.00121508652923684,0.0565065687426303,0.00587015369699204,0.743754981190267,0.0221740871399826,-0.0306938412048949,0.00401763374834204,-0.399999914526576,0.400000054666392,0.149999998011473,-0.0361698738360896,-0.399999999449572,0.249999997379625,0.385477182034608,0.400000082665042,0.203563947235232,0,0,0,0,0.01,0.835346582256659,0.01,0.01,0.01,0.760395878625817,0.0921618675855772,0.01,0.01,0,0.01,0,0,0.01,0.01,0.540526609695731,0.01,0,0,0,0.01,0.295542311044987,0.305375164268442,0.01,4.02199625510021,4.21250162532492,4.04813251726396,4.18636536316117,0,0,0,0,0,0,0,0,0,0.5,0,0.5,0.5,0,0,0,0,0.518821803060757,0.5,0.5,0,0,0,0
106,-0.0600000001012995,0.130000000101306,0.0518593121155216,0.0311115359267824,0.00500000009943854,0.0551800133883455,-0.0130703452703364,-0.106941577486706,0.0538101784398604,0.84821078996733,3.82839829367487e-06,-4.69645931474189e-06,0.529685247939662,-0.0161889735282957,-0.0386560928079438,0.0519975771983006,3.61693153453445e-14,1.07070679722233e-13,0.0499999999999988,-0.0647223464301143,1.14556444973424e-08,4.61915003806391e-05,0.0749999999999998,-0.0530759850970898,0.000277367128923318,-0.00300208884363383,-0.000770846005434926,1.53908267426871,-0.0109171669832648,-0.0652325137048502,9.40810433865525e-05,-0.399999999999997,0.4,0.149999999999999,0.15956752233511,-0.322858707931526,0.249999999999999,0.298109069867226,0.4,0.212361250367412,0,0,0,0,0.01,0.740594911010145,0.01,0,0.01,0.594756817338893,0.104307071951299,0.01,0.01,0.652648474757038,0.01,0,0,0.01,0.01,0.528301556248837,0.01,0,0,0,0.01,0.385246964137293,0.238180520461573,0.01,3.94312883160649,4.15280714316104,3.97584085208491,4.12009512268262,0,0,0,0.5,0,0,0,0,0,0,0,0.5,0.5,0,0,0,0,0.510198994349283,0.5,0.504497501215627,0,0,0,0
107,-0.0599999996560303,0.129999999784151,0.0523950022043026,0.0295403336913438,0.00500000211234362,0.0551778450327778,-0.0116438688722832,-0.108030939555793,0.0538106867154366,0.839679433919763,6.50868480021746e-07,-3.4663167435629e-07,0.54310930778109,-0.0166426160944449,-0.0400077744436544,0.0519972612626614,-1.07797412802516e-10,-1.37376709659655e-10,0.00380001476502457,-0.0750000002071763,1.87314043664589e-08,-6.69845189271535e-05,0.0685722267886111,-0.0528275193421706,3.6800904836121e-05,-0.00114457346634963,-0.00172245662355928,1.63653736462762,-0.0277420342541343,-0.0673815879859582,-6.14901585691545e-05,-0.4000000640997,0.399999918349827,0.201366362568035,0.129453048185998,-0.336614254935497,0.250000000009571,0.262054672512816,0.399999863155618,0.207554935678423,0,0,0,0,0.01,0.69465228955549,0.01,0,0.01,0.53372129533295,0.100396175736299,0.01,0.01,0,0.01,0,0,0.01,0.01,0.25496922322857,0.01,0,0.017188163302888,0,0.01,0.366893696761079,0,0.01,3.83160869807632,4.03801202414698,3.82467743062549,4.04494329159781,0,0,0,0.5,0,0,0,0,0,0.5,0,0.5,0.5,0,0,0,0,0.5,0,0.5,0,0,0.5,0
108,-0.0600000000827836,0.130000000090844,0.0523767481299843,0.0278432836583694,0.00500000002628671,0.0551773452263884,-0.0101874993726979,-0.10908031361941,0.0538114965580487,0.830519965424995,-1.47708015603029e-08,-1.44876987773911e-06,0.557016378472905,-0.0171415863370608,-0.0413870461266588,0.0519975163943111,-1.85968131941005e-11,-2.0406738787692e-11,-0.00557852871387284,-0.0750000000712112,2.45902612535136e-08,3.61154901737316e-05,0.0750000000072156,-0.0513814039579393,8.21973129427758e-05,-0.000658198174909202,-0.00200696990473802,1.74155375181937,-0.0242295734986524,-0.0698068062871684,-9.42683178580484e-06,-0.400000011036913,0.399999987885949,0.213018091542025,0.0899477428791412,-0.363074251441132,0.249999999952955,0.218728349476446,0.399999977037958,0.203345484135286,0,0,0,0,0.01,0,0.01,0,0.01,0.474057898134935,0.105688599851891,0.01,0.01,0,0.01,0,0,0.0102720222129232,0.01,0.251303870491207,0.01,0,0.0165862098671066,0,0.01,0.358950064679745,0,0.01,3.7095222620419,3.92078441613714,3.70285197882937,3.92745469934967,0,0.5,0,0.5,0,0,0,0,0,0.5,0,0.5,0.5,0,0,0,0,0.5,0,0.5,0,0,0.5,0
109,-0.0600000000234987,0.130000000037735,0.0521024518033932,0.0263732549038972,0.00479717781963437,0.0551770473617719,-0.00999999922288282,-0.109777883288592,0.0538449417525603,0.824824034241668,-1.45340746162881e-07,-3.84516137114492e-06,0.565417141553501,-0.0178528861591018,-0.0424219764987037,0.0519976306843689,1.63211909591566e-10,1.19259938615044e-10,-0.0217701492396225,-0.0685132953735126,-0.003330029851958,6.86145849026529e-06,3.92364197717077e-09,-0.0251860142546149,0.000592572443831292,-0.00600179659309999,-0.00108387507941479,0.717469370754498,-0.0414967476501009,-0.0330337668872158,0.000199359806940667,-0.3999999029377,0.400000070885289,0.229133796749,-0.00793446805293974,-0.399999989176079,0.250000003171281,0.391913176179042,0.40000008993635,0.20744871747988,0,0,0,0,0.01,0,0.01,0,0.01,0.627051485313047,0.0747476676178848,0.01,0.01,0,0.01,0,0,0.01,0.01,0.247073844049154,0.01,0,0.0368447792476799,0,0.01,0.25034592801707,0,0.01,3.59194325221959,3.78424274885688,3.57186767292342,3.80431832815304,0,0.5,0,0.5,0,0,0,0,0,0.5,0,0.5,0.5,0,0,0,0,0.5,0,0.5,0,0,0.5,0
110,-0.0600000001013018,0.130000000101306,0.0516298019996037,0.0249264233788338,0.00489282181282109,0.0551765565408648,-0.00999999995002756,-0.110111248122198,0.0538462633720794,0.820550052316946,-3.27902000640574e-06,-1.74838037194506e-06,0.571602244336129,-0.018724468113886,-0.0429335823462491,0.0519976448493609,3.23382179286262e-14,1.06572106356659e-13,-0.0254763039468554,-0.0748087113161387,0.0108042114994514,-2.09810840967287e-05,3.45741575883672e-10,-0.0110093271390959,4.48115928999335e-05,-0.0001507569184854,-9.71941838302584e-05,0.776464938492976,-0.0449029898848924,-0.0204460524850006,-7.93146518555167e-06,-0.4,0.400000000000001,0.241439279479759,0.0849602359518297,-0.400000000000001,0.25,0.399999999999992,0.400000000000004,0.186625099101117,0,0,0,0,0.01,0,0.01,0,0.01,0.477768541104535,0.222595797864191,0,0.0645847250067851,0,0.01,0,0,0.01,0.01,0.230486376451253,0.01,0,0.0610414813786085,0,0.01,0.187173396515894,0,0.01,3.40857268246543,3.58415324453339,3.37999640928314,3.61272951771568,0,0.5,0,0.5,0,0,0,0.5,0,0.5,0,0.5,0.5,0,0,0,0,0.5,0,0.5,0,0,0.5,0
111,-0.0600000001012975,0.130000000101302,0.0510877244627262,0.0237431017568749,0.0049943772641027,0.0551760988747809,-0.00999999994894151,-0.11034899361137,0.0538437336474309,0.817029196616892,5.95486433490138e-06,-4.51419423992155e-06,0.576623793258937,-0.0194330530184759,-0.0433234364856194,0.0519970189076932,-3.26327723823768e-14,-5.66439890988894e-14,-0.0287152507668108,-0.0447750167777591,0.00175368010903738,-6.0477112990719e-05,4.76536166301936e-09,-0.0125780749848484,6.52488448506149e-05,-0.00144472365324946,0.000246951320727308,0.469191315115002,-0.0267580820935381,-0.0176967088252073,2.51539169976404e-05,-0.399999999999999,0.400000000000001,0.250000000000001,-0.00616131206299801,-0.400000000000002,0.249999999999999,0.355139895273528,0.399999999999998,0.149999999999999,0,0,0,0,0.01,0,0.01,0,0.01,0,0,0.0340489192151947,0.0479876409764622,0.425973921021207,0.01,0,0,0.01,0.01,0.250414217036157,0.01,0,0.0537233878922639,0,0.01,0.252447814089294,0,0.01,3.19476131367333,3.34047379582093,3.13586002498143,3.39937508451283,0,0.5,0,0.5,0,0.5,0.5,0,0,0,0,0.5,0.5,0,0,0,0,0.5,0,0.5,0,0,0.5,0
112,-0.0600000001570656,0.130000000114661,0.0502181150581676,0.0231084588428441,0.00500000071208215,0.0551756982794176,-0.0100518814866777,-0.110503193423462,0.0538460224453831,0.815289513436909,-2.59102995054296e-06,-3.67775312681274e-06,0.579080965896611,-0.019831806080898,-0.0435559315680202,0.0519974835947103,6.66649448969232e-11,-5.03807924599294e-11,-0.049999999998876,-0.0182593477072144,-2.05294432928891e-09,-7.43100649185502e-05,-0.00214515957036936,-0.00464482250531877,0.000147135346131737,-0.00153498983638982,5.15482700212649e-05,0.167172003685527,-0.0117531067162756,-0.00679887097131956,1.70499098090262e-05,-0.399999960344239,0.360226568003847,0.236829476572807,-0.399999915122537,-0.262617784989062,0.249999997664646,0.0967983529900739,0.400000040221117,0.212381665197791,0,0,0,0,0.01,0,0.01,0,0.0574309841318575,0.195478140131484,0.443467907032916,0,0.01,0.132997358177059,0.01,0,0.0931473467950016,0.01,0.01,0.01,0.01,0,0.107640136078829,0,0.01,0.241412334833527,0,0.0145085356043028,2.94564932214752,3.10867951227822,2.92072747793543,3.13360135649031,0,0.514794982501241,0,0.5,0,0,0,0.5,0,0,0,0.667283327422419,0,0,0,0,0,0.5,0,0.5,0,0,0.5,0
113,-0.0600000000492744,0.129999999998469,0.049640525519191,0.0229661907537578,0.00499981860554471,0.0551750882974458,-0.00999999992162057,-0.110558385483702,0.0538438055914345,0.814705564000166,1.84779826153677e-06,-3.45568106201386e-06,0.579902240034719,-0.019895106695871,-0.0436375650853657,0.0519970033567185,6.75866342912799e-12,-3.57538119876552e-11,-0.00796909684435021,-0.000252226153649039,-2.45677001169004e-05,-3.0403132398142e-05,-2.21100652757049e-09,0.000475449192658184,8.0022349181374e-05,-0.00199171238523407,-0.00201648929492525,0.000532527750754332,-0.000143345415841796,0.000100866583614013,-2.00727406512183e-05,-0.3999999959745,0.251100523363403,0.250000000254263,-0.399999977214389,-0.293332959851853,0.249999995163326,-0.0266014211688076,0.400000121820409,0.150000005268873,0,0,0,0,0.01,0,0.01,0,0,0,0,0.291851854334505,0.0808940685060251,0.231111699675006,0.01,0.575500115167573,0,0.01,0,0.280491940491477,0.01,0,0.01,0,0.01,0.109601275084262,0,0.01,2.86383226861358,3.00407896834417,2.82372748162081,3.04418375533695,0,0.5,0,0.5,0.5,0.5,0.5,0,0,0,0,0,0.5,0,0.5,0,0,0.707851023068906,0,0.5,0,0,0.5,0
114,-0.0600000000392635,0.129999999989412,0.0490191363344299,0.0229691615350712,0.00500000045634134,0.0551741837292521,-0.00999999968113617,-0.110558006253697,0.0538459440658281,0.814708369259828,-1.02010081462272e-06,4.50024935809336e-06,0.57989829923331,-0.0198940304635125,-0.0436372356477216,0.0519975551953152,-6.35834046587311e-13,-2.45477754868046e-11,-0.050000000002331,0.000138004751881975,-4.92319178701437e-10,-4.82762981426862e-05,2.50168099622437e-10,-7.43640756266951e-05,-7.87883725627415e-06,0.000380776404301145,0.000287724593220173,-0.000220636100481918,4.91466785635425e-05,-2.38498600867503e-05,-2.5084215394163e-05,-0.400000000393802,0.253673271070396,0.249999998613897,-0.399999937937475,-0.183526880373032,0.249999999613978,0.0273217927079502,0.400000172308836,0.249999999953794,0,0,0,0,0.01,0,0.01,0,0,0,0.335205650627604,0,0.0748982395605191,0,0.01,0.684790966179215,0,0.01,0,0.197476147210822,0.01,0.602578778082838,0,0.402519285426767,0.01,0.159225483624017,0,0.01,2.74332510517064,2.89017619174136,2.72689358368623,2.90660771322578,0,0.5,0,0.5,0.5,0.5,0,0.5,0,0.5,0,0,0.5,0,0.5,0,0,0,0.5,0,0,0,0.5,0
115,-0.060000000083203,0.130000000037294,0.0479939928202016,0.0238048178070637,0.00453861308527486,0.0549983268804282,-0.00999999994304423,-0.110748704215499,0.0538340787261793,0.815308096334643,1.12393511932274e-05,-4.76754856571311e-07,0.579054815155073,-0.0197785245619678,-0.0437950847677438,0.0519970407524498,3.02050915388076e-11,1.2106795813581e-11,-0.0499999999991251,0.0750000000305368,-0.0451858715202974,-0.0176500164226931,-5.06695277511934e-10,-0.0172817145431009,-8.82413709813176e-05,-0.000476008228138125,-9.56896982974647e-06,-0.195198476403719,0.0110855858836293,-0.0147822143868385,1.19358171725975e-05,-0.399999982060885,0.229167741689747,0.198500410511405,-0.399999981843104,-0.0568704490226538,0.249999998268524,0.279281937996722,0.400000011681529,0.250000000802547,0,0,0,0,0.01,0,0.01,0,0,0,0,0,0.01,0,0.01,0.519954463534604,0,0.01,0,0.136732390462708,0.01,0.503858607363565,0.01,0,0.01,0.176226446420828,0,0.01,2.79477217553161,2.94777306983386,2.78164832439275,2.96089692097273,0,0.5,0,0.5,0.5,0.545004311843525,0.5,0.527088351015632,0,0.5,0,0,0.5,0,0.5,0,0,0,0,0.5,0,0,0.5,0
116,-0.0600000001013065,0.130000000064217,0.0473844822032367,0.024688017675332,0.00341510730871196,0.054823253793858,-0.0102570342099153,-0.111524731729008,0.0538525802961683,0.817843007422264,2.04359554618599e-06,-7.56511987112747e-07,0.575469102323173,-0.0195358344398322,-0.0444552046164955,0.0519976393959067,-3.55978917753581e-14,1.37004175225396e-13,-0.0111453200470752,0.0310719620035272,-0.0721000443375296,-0.000284218630027843,-0.0220511725221441,-0.0564520658032203,0.000775552683171872,-0.0026396088692832,0.00216584722287773,-0.554786295216794,0.00970526389637166,-0.0494254993094373,-6.16341467127732e-05,-0.400000000000002,0.348668656054666,0.197018949429735,-0.118675303401965,-0.371149385987555,0.25,0.34959062823831,0.399999999999998,0.249999999999999,0,0,0,0,0.01,0,0.01,0,0,0,0,0,0,0.345210022784792,0.01,0,0,0.01,0,0.219184055459222,0.01,0,0.01,0,0.01,0.263764215086505,0,0.01,2.99958073300645,3.22436075351075,2.99548401530067,3.22845747121654,0,0.5,0,0.5,0.5,0.543216215522066,0.5,0.541218925794987,0.5,0,0,0.5,0.5,0,0.5,0,0,0.5,0,0.628962077891462,0,0,0.5,0
117,-0.0600000001034888,0.130000000051261,0.0472664684363375,0.0244772376108923,0.00273573446392992,0.0548210245426368,-0.0099999999300387,-0.112327721945406,0.0538735488506111,0.816192216442278,-2.20431438184372e-06,-2.46546388925041e-06,0.577808146111641,-0.0195131486875135,-0.0453697566802006,0.051997560602048,5.11452371530786e-12,1.0243365121823e-11,-0.000708225264067277,-0.0393978195775341,-0.0132746885130123,0.000357604924173662,-5.11590971206899e-09,-0.0307525020429724,0.00463849845603641,0.00421294762137009,-0.00156826912139285,0.478970554313683,-0.0220483760675466,-0.0366334644463509,0.00017722796259435,-0.399999996950886,0.400000006107203,0.249999999720618,-0.0980188823641566,-0.369952918297364,0.249999999658867,0.18794939797227,0.400000007890254,0.250000000282864,0,0,0,0,0.01,0,0.01,0,0.488440650736818,0,0,0,0,0.455035814516249,0.01,0,0,0.01,0,0.239874597573798,0.01,0,0.0129404649590231,0.772255318436658,0.01,0.382793002592555,0,0.0472023586136727,3.12998546094491,3.33555106491515,3.10157726111318,3.36395926474688,0,0.5,0,0.5,0,0.5,0.5,0.5,0.5,0,0,0.5,0.5,0,0.5,0,0,0.5,0,0,0,0,0.5,0
118,-0.0600000001013094,0.130000000046205,0.0467879941048128,0.0244225211224935,0.00263104911177783,0.0547655243478152,-0.010000000015051,-0.112446527955972,0.053878742680972,0.815634312491698,-7.16517414680614e-06,8.83041429584264e-06,0.578595428782852,-0.0196198404937345,-0.0455146651762981,0.0519975057016479,-1.81837809725331e-14,-1.33774562929858e-13,-0.0469082346987914,0.0260359930609733,-0.00401421110888747,-0.00979329883114183,2.46684272306102e-07,0.00506384133249686,0.000280388951901308,-0.000902746637502014,-0.0027159737881757,-0.0191320022440056,0.00120797375731287,0.0053124886634981,0.000150540885854378,-0.400000000000001,0.371159877247345,0.25,-0.0602912177982311,-0.399999999999998,0.159313568421886,0.0537999037317456,0.193866992238613,0.25,0,0,0,0,0.01,0.662800974061604,0.01,0.01,0,0,0.329048943490201,0,0.01,0,0.01,0,0,0.01,0.01,0.034816014941923,0.01,0,0.01,0.676490824534063,0.0587468209032335,0,0.260506183891693,0.190706027414445,3.21968866072833,3.46509315910877,3.25315086402698,3.43163095581012,0,0,0,0,0.5,0.5,0,0.5,0,0.5,0,0.687571410404967,0.5,0,0,0,0,0.5,0,0,0,0.5,0,0
119,-0.0600000001012927,0.130000000097606,0.0463905192568666,0.0232934358425078,0.00320214035633139,0.0550058089721538,-0.00999999995335605,-0.112248396506845,0.0538766939885378,0.814840097360834,-3.74815534315777e-06,-5.81549206670618e-06,0.57971340369107,-0.0197763815202581,-0.0453522574993332,0.0519973873415792,-3.04174138218662e-14,2.15960190721979e-14,0.00689173545006718,-0.0750000000000054,0.0492654084932916,0.025058995124831,-8.40336783241964e-09,0.0206592894279426,-4.80155381660092e-05,0.000679962046861144,-0.000721553120870732,0.261878420953641,-0.015156201100577,0.0167136434976887,2.68611362550593e-05,-0.400000000000004,0.390356314790012,0.24470701093719,-0.400000000000003,-0.399999999999997,0.249999999999999,0.094753859305813,0.255379109427482,0.250000000000001,0,0,0,0,0.01,0,0.01,0,0.469238073531015,0,0.406144470015792,0,0.202402360477392,0,0.01,0.896760902390109,0,0.01,0.01,0.163945715571453,0.01,0,0.01,0,0.01,0,0.213915299340827,0.0172039433227966,3.35606091932088,3.58979846634694,3.39082107378402,3.5550383118838,0,0.594736473013845,0,0.5,0,0.5,0,0.5,0,0.508570692712606,0,0,0.5,0,0,0,0,0.5,0,0.5,0,0.548979499508827,0,0
120,-0.060000000101297,0.130000000099318,0.0460640438369233,0.0234083225473261,0.00333611458355601,0.0549738821827144,-0.0111501214365428,-0.111681674795436,0.0536692035672773,0.815120170648968,-1.34463662172166e-06,1.96785512825841e-06,0.579319547219606,-0.019977084907814,-0.0450837043209228,0.0519971200293506,1.54024327486236e-14,6.61386660006554e-14,-0.0393083002012846,0.0602921710017241,-0.0177972208068684,-0.0132007942084278,-0.075,0.0313781226755414,-0.0198776733100836,0.00213996294981496,-0.000870048514516686,-0.122710052580258,-0.00363368778089155,0.00739960823689326,4.23429157009723e-05,-0.399999999999999,0.400000000000003,0.25,-0.399999999999998,0.062215095555256,0.249999999999999,0.166123156574754,0.400000000000003,0.201462302350257,0,0,0,0,0.01,0,0.01,0.01,0.01,0.317652074164829,0.0901659110016194,0.01,0.0378482772027313,0,0.01,0,0,0.01,0.01,0.443803877324941,0.01,0,0,0,0.01,0.0724562765336045,0,0.01,3.20774698820711,3.36708200207201,3.17696335683172,3.3978656334474,0,0.5,0,0,0,0,0,0,0,0.5,0,0.5,0.5,0,0,0,0,0.533341217822258,0.5,0.5,0,0,0.5,0
121,-0.0600000001012972,0.1300000000959,0.0455857860278517,0.0229105009808801,0.0035935379339338,0.0549613509572155,-0.0112342035141886,-0.11152568877095,0.0536294333759515,0.813199604597646,-2.01729753672775e-06,-4.71054045888867e-06,0.582012500295103,-0.0202849757393092,-0.0450636085485852,0.0519980464612552,7.77662072744154e-15,-9.42953781305104e-14,-0.00867067009594768,-0.0670140761190427,0.0333572247253376,0.000255382383415901,0.0241896170412889,0.00695783989731578,-1.4600961222898e-06,-0.00123046624709631,0.000564779693700318,0.935519118986217,-0.0292075814625124,-0.00449098249086113,-0.000115441133818627,-0.399999999999997,0.400000000000003,0.25,-0.399999999999997,-0.0679863117076173,0.249999999999999,0.147612239562675,0.400000000000003,0.213768363479302,0,0,0,0,0.01,0,0.01,0.01,0.01,0.449717956452037,0.0346452607543885,0.01,0.106356516100814,0,0.01,0,0.213033290783011,0.01,0.01,0.581662919855402,0.01,0,0.06301011883282,0,0.01,0.178308502668365,0,0.01,3.12728608058205,3.30969821453905,3.10714816248935,3.32983613263175,0,0.5,0,0,0,0,0,0,0,0.5,0,0.5,0,0,0,0,0,0.524014617590915,0,0.5,0,0,0.5,0
122,-0.0600000001012978,0.130000000101304,0.045502899619813,0.0215961850675111,0.00423033512042866,0.0549622648323368,-0.0109482542568006,-0.111340232516127,0.0536303209540057,0.808342526580949,-3.14654941064303e-06,-5.05716726806799e-06,0.588740055577756,-0.0209430342781796,-0.0450878865794986,0.0519979866289123,1.44601908220071e-15,1.33946972365228e-13,0.000336996292629438,-0.0651954204707966,0.0308917051792347,5.15799363412871e-05,0.00661237094810494,0.0112730912842014,5.19746649567454e-05,-9.9074802267343e-05,-0.00013227847350224,0.742883783653136,-0.0355581436220494,0.00156478120563603,3.0816426253663e-06,-0.399999999999997,0.400000000000003,0.250000000000001,-0.399999999999997,-0.0921218745675134,0.25,0.206007217562244,0.400000000000003,0.212462103144548,0,0,0,0,0.01,0,0.01,0.01,0.01,0.559812516290236,0.01,0.01,0.105276339203345,0,0.01,0,0.254530425557811,0.01,0,0,0.01,0,0,0,0.01,0.166480960622472,0,0.01,3.05607631871649,3.24425388120671,3.0493531288788,3.2509770710444,0,0.521900608904735,0,0,0,0,0,0,0,0.5,0,0.5,0,0,0.5,0.5,0,0.5,0.501529970278645,0.5,0,0,0.5,0
123,-0.0600000001013103,0.130000000101315,0.0460503295163242,0.0202875639762601,0.00490853948597705,0.054963129984117,-0.0107074599832634,-0.111075113295942,0.0536311861071931,0.803606460391615,-2.71073471111881e-06,-4.46043048629868e-06,0.595188601002452,-0.0216088604346557,-0.0450376928120233,0.0519979899829849,-9.53171461981581e-16,1.3191848899634e-13,0.0500000000000001,-0.0662205865092742,0.0369064007422553,4.28936812340311e-05,0.0169955859871658,0.0152693907110498,4.36964465324524e-05,-1.78786532955081e-05,5.47951575853375e-05,0.858085256612901,-0.0315077255536994,0.00343193103899267,-1.11554768154208e-06,-0.399999999999996,0.400000000000001,0.226250690433573,-0.118389063936448,-0.399999999999997,0.25,0.226403287924094,0.400000000000001,0.218104257801076,0,0,0,0,0.01,0.798484135023852,0.01,0.01,0.01,0.619872739908247,0.01,0.01,0.0291344277755831,0,0.01,0,0.291381629497237,0.01,0,0,0.01,0,0,0,0.01,0.246209600894208,0,0.01,3.01910838025696,3.21735055181392,3.03009011354142,3.20636881852947,0,0,0,0,0,0,0,0,0,0.5,0,0.5,0,0,0.5,0.5,0,0.5,0.515427430524318,0.5,0,0,0.5,0
124,-0.0600000001772444,0.130000000169459,0.0470750189809274,0.0187390318060662,0.0049999998570594,0.0550071079901804,-0.0105599789652613,-0.111412833885512,0.0536340278074056,0.798784879299447,2.72782267212951e-07,-7.30079004826108e-06,0.601644301472927,-0.0223753169595414,-0.0456027421756242,0.0519981754763294,1.28907207382641e-10,1.37680182871508e-10,0.050000000003731,-0.074999999820114,3.67662974904016e-08,-1.21512370914783e-06,0.012968061436601,-0.0220339669509724,-0.00119769561800114,0.0121437099298065,0.0125518587999344,1.05392054925098,-0.0463660426267198,-0.037350721204763,-0.000382587706856004,-0.399999923344625,0.400000081798044,0.224287133380278,-0.0187457815118578,-0.348863896100311,0.249999997364241,0.242019508462654,0.400000096903845,0.231323369657193,0,0,0,0,0.01,0.728582264455155,0.01,0,0.01,0.674783542309223,0.01,0.01,0.01,0.583288972762749,0.01,0,0.172221736259638,0.01,0,0,0.01,0,0,0,0.01,0.371976584284099,0,0.01,3.00408769364576,3.22162934628958,3.02317194678801,3.20254509314733,0,0,0,0.5,0,0,0,0,0,0,0,0.5,0,0,0.5,0.5,0,0.5,0.530790402334503,0.5,0,0,0.5,0
125,-0.0600000001757062,0.130000000167219,0.0476107095173936,0.0170022403885285,0.00500000002750053,0.0550013386780215,-0.0100816803280546,-0.111935168028402,0.0536333318505443,0.791874886664977,1.55815347433639e-06,-1.62684904950529e-06,0.610711032899877,-0.0231775023459728,-0.046468129734035,0.0519972468925384,1.38565331674284e-10,1.18131730117753e-10,0.00380005302328141,-0.0749999998690315,2.05556826299791e-08,-0.000319321615507471,0.0365213891617332,-0.0277787840979227,1.38276190315593e-05,-0.000177528934747578,-0.00248286862076628,1.29690354773671,-0.0359224969765181,-0.0475567867138024,-3.94978829745242e-05,-0.399999917624357,0.400000070199677,0.228557541924774,0.176481196143765,-0.323100660006115,0.172767109703903,0.273867693949524,0.400000086063086,0.232540914083004,0,0,0,0,0.01,0,0.01,0.01,0.01,0.728699263220028,0.01,0.01,0.01,0,0.01,0,0.173936543023963,0.01,0,0.479911203366692,0.01,0,0,0,0.01,0.748655971016242,0.30219095534399,0.01,2.98652567665938,3.19976112068828,2.98954367712917,3.19674312021849,0,0.5,0,0,0,0,0,0,0,0.5,0,0.5,0,0,0.5,0,0,0.559070047561778,0.5,0.509930457378679,0,0,0,0
126,-0.060000000234276,0.13000000021833,0.0479499031845653,0.0161069363454084,0.00500000049667285,0.0550099576179522,-0.0100000005642647,-0.112152304008122,0.0536157976284419,0.78851651505071,3.8433647701214e-06,-6.53111681730542e-06,0.615041234002174,-0.0236236367572663,-0.0468799039461416,0.0519975624789493,2.65520812415869e-10,2.57445223973193e-10,0.0299883604042663,-0.00454994677182162,-3.54408623322805e-10,4.69523295302827e-05,2.78963748440085e-09,-0.00114648947233228,-0.000332759380740496,0.00329776515653644,0.00127778668205684,0.0466397305522387,-0.00262976501771767,-0.00180228377441687,-9.58864795586249e-05,-0.399999842106033,0.400000153020678,0.235514038502494,-0.0564994929826528,-0.399999923815194,0.172209682345514,0.368046051319157,0.400000184448343,0.235213173466003,0,0,0,0,0.01,0,0.01,0.01,0.01,0.833619320790168,0.01,0.01,0.01,0,0.01,0,0.326031174172179,0.01,0.01,0,0.01,0,0,0,0.01,0,0.379911920340029,0.01,3.0140891271914,3.19102889772569,2.99817888922498,3.20693913569212,0,0.5,0,0,0,0,0,0,0,0.5,0,0.5,0,0,0,0.5,0,0.527722213449561,0.5,0.5,0,0.5,0,0
127,-0.0600000003208824,0.130000000296579,0.0485362068385017,0.0161022708594495,0.00500000070935005,0.0550104824235296,-0.0100000004685944,-0.112152900845898,0.0536151811883464,0.788501454568587,3.21995825457859e-06,-4.10421697883259e-06,0.615060541934174,-0.0236262038252962,-0.0468811166036151,0.0519974797686952,2.87855930005366e-10,1.58351590530242e-10,0.0286487029947923,1.0710608198375e-05,-2.88869355742366e-10,5.35726813549815e-05,-2.24831401652004e-10,6.57277819671638e-06,-3.37637709414078e-05,0.000105792749237413,3.3238751863712e-06,5.27634171448567e-05,2.68650587502275e-06,-6.72842105738234e-07,5.66499881387925e-06,-0.399999828840033,0.400000094199174,0.235510414679488,-0.0611556411596873,-0.400000161616369,0.171636925736542,0.381345835265206,0.400000120798805,0.235750291070058,0,0,0,0,0.01,0,0.01,0.01,0.01,0.854806286179957,0.01,0.01,0.01,0,0.01,0,0.307184577787482,0.01,0.01,0,0.01,0,0,0,0.01,0,0.391339120788734,0.01,3.00670591288301,3.17814614565971,2.98513966989784,3.19971238864489,0,0.5,0,0,0,0,0,0,0,0.5,0,0.5,0,0,0,0.5,0,0.531861347798868,0.5,0.5,0,0.5,0,0
128,-0.0600000001013041,0.13000000010131,0.0491230548023393,0.0161008580806188,0.00500000006990598,0.0550116988379613,-0.00999999995211354,-0.112152503671796,0.0536171352750015,0.788498914436122,-2.05452184602214e-06,-3.98612679488277e-06,0.61506379847205,-0.0236268082020488,-0.0468808822616773,0.0519980067960369,2.91023017433936e-14,7.6971483503366e-14,0.0300291913346329,-1.86582161792709e-05,-5.85899210582122e-10,4.31612410979412e-05,1.58881186634476e-10,-0.000126682701736108,-4.20516591642499e-05,0.00095748780416295,0.000295515487691992,0.00032672447415678,-4.40429499916344e-06,-6.23592418762938e-05,-2.71045589975299e-05,-0.399999999999997,0.400000000000002,0.186553750564617,-0.0422196346012312,-0.387876731372755,0.166381541551963,0.391006432610378,0.400000000000001,0.236237479018844,0,0,0,0,0.01,0,0.01,0.01,0.01,0.867965425906243,0.01,0.01,0,0,0.01,0,0.278395191120595,0.01,0.01,0.539685948664721,0.01,0,0.0463209016226414,0,0.01,0,0.393432778040187,0.01,3.00533511332784,3.17397161151047,2.99227177027762,3.18703495456069,0,0.5,0,0,0,0,0,0,0.5,0.5,0,0.5,0,0,0,0,0,0.5,0,0.5,0,0.5,0,0
129,-0.0600000001013024,0.130000000101309,0.0497351590471616,0.0161039434981118,0.0050000000759097,0.0550122668793695,-0.00999999994105866,-0.112152911665881,0.0536175226442699,0.78850295418813,5.75579373223832e-08,-5.98214526232869e-07,0.615058619577089,-0.0236256516998974,-0.0468810445785923,0.051997897513397,4.10850734860909e-15,-4.1071597986181e-15,0.031175500785192,0.0001008038571835,9.67859085965035e-11,4.02983427107207e-05,7.93217712336275e-12,6.76212351358118e-05,7.22539598438709e-05,-0.000602971796209795,-0.000161087241025696,-0.000425642948744279,3.08173208791401e-05,3.74887735224406e-05,7.72682263098285e-06,-0.399999999999997,0.400000000000002,0.181443901458202,-0.0517302340930571,-0.396768773254053,0.166310707037745,0.39386765546839,0.400000000000001,0.235017436350819,0,0,0,0,0.01,0,0.01,0.01,0.01,0.872669084534917,0.01,0.01,0,0,0.01,0,0.271502335673558,0.01,0.01,0.546355551696764,0.01,0,0.0412831187370796,0,0.01,0,0.390000776246144,0.01,3.0066601843512,3.17635909726737,2.99259447223208,3.19042480938649,0,0.5,0,0,0,0,0,0,0.5,0.5,0,0.5,0,0,0,0,0,0.5,0,0.5,0,0.5,0,0
130,-0.0600000002126612,0.130000000198348,0.0501942026376533,0.0161100597500734,0.00500000008842368,0.0550137788001156,-0.0100000003243925,-0.112152355438278,0.0536182769896239,0.788510786565803,-4.56894310089415e-07,1.49000889848544e-06,0.615048578288885,-0.0236236684605172,-0.0468801510495699,0.0519979035971569,2.49993169139995e-10,2.65096673664334e-10,0.0148106789683261,0.000279916249999462,6.89588934148944e-11,8.72963206399555e-05,-3.03012547827521e-11,5.96592958146269e-05,4.37630989621147e-05,-0.00022217740561027,-4.54957028755914e-05,-0.00105760797166094,8.37809398784909e-05,6.38563046528779e-05,7.52412026856367e-07,-0.399999851347737,0.400000157645384,0.182837407764806,0.0947759072733111,-0.286781775033058,0.167314786682583,0.396035135625195,0.400000191155268,0.234206011982738,0,0,0,0,0.01,0,0.01,0.01,0.01,0.892698989728602,0.01,0.01,0,0,0.01,0,0.247077479454953,0.01,0.01,0.528157893343466,0.01,0,0,0,0.01,0,0.388736056299266,0.01,3.00960606736965,3.15891503082219,2.98043574895014,3.18808534924169,0,0.5,0,0,0,0,0,0,0.5,0.5,0,0.5,0,0,0,0,0,0.5,0.5,0.5,0,0.5,0,0
131,-0.0600000000955862,0.130000000095118,0.0502959833142793,0.0161129956125091,0.00499999972522849,0.0550151699223673,-0.00999999964701926,-0.112151526088952,0.0536190626459054,0.788513689619332,-1.37476478228087e-06,9.68801855332885e-07,0.615044856489969,-0.0236227256936092,-0.0468793111670457,0.0519979318395893,-1.21641545240277e-11,-3.02169772380542e-11,-0.00453587752974888,0.000154874850931098,-2.07185329017704e-10,6.83434509899106e-05,-5.79326852035349e-11,2.08512549425224e-05,2.39691947958214e-05,0.000137713650724248,3.97896751295345e-05,-0.000487563061993307,5.18040625483135e-05,3.19413805572927e-05,-1.938755204514e-06,-0.40000000722465,0.399999982045172,0.187890627954713,0.164921713004262,-0.240470488345104,0.16935334875621,0.399999963061032,0.399999982265647,0.233032466435681,0,0,0,0,0.01,0,0.01,0.01,0.01,0.911664866984317,0.01,0.01,0,0,0.01,0,0.245398035127816,0.01,0.01,0.497302367492457,0.01,0,0,0,0.01,0,0,0.01,3.07073701117279,3.21042430251364,3.03381133406155,3.24734997962488,0,0.5,0,0,0,0,0,0,0.5,0.5,0,0.5,0,0,0,0,0,0.504944295208032,0.5,0.5,0,0.5,0.5,0
132,-0.0599999998754291,0.129999999898509,0.0501495208570668,0.0166658265270043,0.00499999960044944,0.0552671766398839,-0.00999999859113866,-0.112017401659949,0.0536184528746435,0.788590151575028,-3.87524696158793e-06,3.6917745681307e-06,0.614946816505539,-0.0236071815513103,-0.0467411033235791,0.0519974734204564,-6.17234573861403e-11,-1.15517936474652e-10,-0.0100826367057893,0.0560141613916892,-2.41361310993358e-09,0.0257678434396656,8.27130871167969e-10,0.0136413255859672,2.04121535823558e-05,-6.6762891164489e-05,-0.000132603529614979,-0.0310005900002211,0.00183669973671276,0.0142726183448503,3.78783502122278e-05,-0.400000036719496,0.399999931284192,0.223849448037283,0.241343005185471,-0.141128928535786,0.150000004686591,0.399999924327577,0.39999993139818,0.235627401677576,0,0,0,0,0.01,0,0.01,0.01,0.01,0.904731566212628,0.01,0.01,0,0,0.01,0,0.279987564041384,0.01,0.01,0.455083157880202,0.01,0,0,0,0.01,0,0,0.01,3.1862726628072,3.28217424280296,3.12616895854923,3.34227794706092,0,0.5,0,0,0,0,0,0,0.5,0.5,0,0.5,0,0,0,0,0,0.505265825060934,0.5,0.5,0,0.5,0.5,0
133,-0.0600000000561624,0.130000000062307,0.0496624357231546,0.0181330323222755,0.00500000023708878,0.0559745061188209,-0.00999999909680435,-0.111648158333563,0.0536201956099248,0.789062793466854,-4.91742628847906e-06,3.34204411905024e-06,0.61434023612424,-0.0235205243100676,-0.0463481864692306,0.0519979438730815,3.8963387017777e-10,2.23432340236954e-10,-0.0384838815058899,0.0750000005227082,-3.97499079476632e-09,0.0411798286724532,1.31184800557233e-09,0.0198332276282304,4.94479216245898e-05,-0.000124454299117063,0.000470104624559773,-0.126463257117153,0.0070703981158742,0.021825483651174,6.18250210834411e-06,-0.399999768318496,0.400000132870738,0.245627607350107,-0.399999689201576,0.0677028555903709,0.213069683500135,0.400000143446989,0.40000013423891,0.250000009456786,0,0,0,0,0.01,0,0.01,0,0.01,0.93851769269274,0.01,0.01,0,0,0.01,0.781323055548822,0.23981374879143,0.01,0.01,0.446416020664444,0.01,0,0,0,0.01,0,0,0.01,3.25741608615285,3.35203481910142,3.20402433153688,3.40542657371739,0,0.506058003053763,0,0.5,0,0,0,0,0.5,0.5,0,0,0,0,0,0,0,0.528485890761358,0.5,0.5,0,0.5,0.5,0
134,-0.0600000000725089,0.130000000073493,0.0486861433733932,0.0200354446985292,0.00499999998122606,0.056174191217644,-0.00999999966971104,-0.111168417778945,0.0536225687576162,0.790011214964344,-5.52891670580419e-06,8.49814841883241e-06,0.613120143783428,-0.0233450361326418,-0.0458199664085458,0.0519976544602768,1.13468321164084e-10,8.7352705780096e-11,-0.0499999999980857,0.0750000001066919,-3.72425455272452e-08,-0.0133571305106253,1.16798088017454e-08,0.0256652996767896,9.94348858534674e-05,4.37424262366525e-05,-0.00047877052357601,-0.187079076352092,0.01054268073307,0.0287531089064011,3.68255016956438e-05,-0.399999932532527,0.400000051941583,0.247973475356706,0.104402073646537,0.0255592175340783,0.208327026852295,0.386432741502399,0.400000069064389,0.222158743510973,0,0,0,0,0.01,0.777162642178832,0.01,0.0509327910787239,0.01,0.846737522432675,0.01,0.01,0,0,0.01,0.877059107366079,0,0.01,0.01,0.332063119095666,0.01,0,0,0,0.01,0.24557268643601,0,0.01,3.35426462588577,3.44981182416012,3.30565032917793,3.49842612086797,0,0,0,0,0,0,0,0,0.5,0.5,0,0,0.5,0,0,0,0,0.56244648540862,0.5,0.5,0,0,0.614964166680481,0
135,-0.0600000001510398,0.130000000169355,0.0478277541072134,0.0204772491095497,0.00500000008468802,0.0561554686643733,-0.00999999991465587,-0.111047823570768,0.0536233872607647,0.791040169241241,-1.70116697136099e-06,-4.26672413623268e-06,0.61179204259106,-0.0231567495296147,-0.0456468048400058,0.0519980196059246,1.60374765895717e-10,6.86702583085784e-11,-0.0359093821460841,-0.000247857603794677,2.83534620298378e-09,-0.000182459779954913,3.74104679459598e-09,0.000373241995554234,0.000127504454516684,-0.00366160898948938,-0.00163129772871399,0.000706155632174894,-0.000107040816700756,0.000183452024203516,-0.000146485081237115,-0.39999990465954,0.400000040844371,0.250000000808245,-0.399999840972335,0.0460320779702921,0.249999996940121,0.400000049782101,0.400000041489182,0.244769783902241,0,0,0,0,0.01,0,0.01,0.01,0.01,0.867705182383779,0.01,0.01,0,0,0.01,0.749116688750809,0.188023009980292,0.01,0.01,0.421230922397849,0.01,0,0,0,0.01,0,0,0.01,3.20772954849446,3.34501284326451,3.17884932300727,3.3738930687517,0,0.66097724355843,0,0,0,0,0,0,0.5,0.5,0,0,0,0,0,0,0,0.5,0.5,0.5,0,0.5,0.625792603016173,0
136,-0.0599999999555088,0.129999999988338,0.0470656806463066,0.0221640600933095,0.00500000073541772,0.056603285273323,-0.00999999869741103,-0.110597344343435,0.0536389380776049,0.790967274420783,-2.59184334343412e-06,-4.26545446300293e-06,0.611886284025889,-0.0231436858044776,-0.0452130302039056,0.051998505909785,1.40227339232428e-10,8.00027820878427e-11,-0.0402761298374075,0.0750000001796063,1.49487186302954e-07,0.0393872701229298,-3.41154589164146e-09,0.0338068479999261,-0.000702131239998644,0.0133407120711907,0.00208314623576061,-0.139232548698662,0.00660947944155582,0.031806573643624,4.59344813329115e-05,-0.399999916611315,0.400000047576432,0.249999999468238,-0.399999893207356,-0.0524773578363076,0.249999996650855,0.356406594483147,0.400000061597048,0.213293450511421,0,0,0,0,0.01,0,0.01,0,0.01,0.744020099101327,0.01,0.01,0.0127357626393171,0,0.01,0,0,0.01,0.01,0.21655578058188,0.01,0,0,0,0.01,0.142456256391656,0,0.01,3.09955348344572,3.22777696971079,3.05004879849596,3.27728165466056,0,0.626860013756344,0,0.544422745653774,0,0,0,0,0,0.5,0,0.5,0.5,0,0,0,0,0.525122852464518,0.5,0.5,0,0,0.5625499259284,0
137,-0.060000000101309,0.130000000101313,0.0468008482370627,0.0224871619370793,0.00499530069598269,0.0566570773180618,-0.00999999993698691,-0.110523914806645,0.0536410389083222,0.791731526050011,-5.98689125935542e-06,-1.60582049345624e-06,0.610897097874812,-0.02300111400925,-0.0450959009829412,0.0519972834019328,-1.88259402951593e-14,5.62216251574427e-14,0.0135238874931655,-0.000809268539965293,0.000417828879380459,-6.63730210970159e-05,2.9226239695112e-10,0.000191599757351731,0.0002372029894642,-0.00126168059402704,0.000276368254745676,0.00451960558986265,-0.00028211169083612,0.000139952660760462,0.000136191817064666,-0.399999999999998,0.400000000000001,0.250000000000001,-0.0763891133745609,-0.178308155915774,0.205566872606164,0.399999999999999,0.400000000000001,0.159708545964807,0,0,0,0,0.01,0.680815980055735,0.01,0.138416097386333,0.01,0.797409015099045,0.01,0.01,0.0688573799488576,0,0.01,0,0.378881501661515,0.01,0.01,0.523634194851187,0.01,0,0,0,0,0,0.459410915021425,0.01,3.04416354624297,3.16962557768187,2.99017947339765,3.22360965052719,0,0,0,0,0,0,0,0,0,0.5,0,0.5,0,0,0,0,0,0.523752195816941,0.5,0.5,0.5,0.5,0,0
138,-0.0600000001013153,0.130000000101319,0.0468919334263501,0.0217985348464134,0.00500000010664778,0.0566704353092492,-0.00999999995962706,-0.110706252752379,0.0536412540740355,0.78970074730189,2.16483261043865e-06,-8.65498275677098e-06,0.613520072098866,-0.0233728384457932,-0.0453827012624401,0.0519979379244506,-6.24619136866983e-15,-2.244665915621e-14,-0.00432611986414687,-0.065030281041982,-1.66609611484669e-09,3.71334671304952e-05,1.22577191233965e-09,-0.0183521921532851,8.4284093513195e-05,-0.000583765761648112,-0.000206693332864092,0.672891789069665,-0.0375371494987293,-0.0288941511689945,6.83722525240572e-06,-0.399999999999996,0.4,0.209191170135546,-0.0890236313426569,-0.399999999999998,0.15,0.35510286738134,0.4,0.190484164264097,0,0,0,0,0.01,0,0.01,0.01,0.01,0.555298744188658,0.152580918941733,0.01,0,0.278179272210763,0.01,0.572892371148037,0.290333915549805,0.0175335702272769,0,0.510306381521544,0.01,0,0,0.0943419970094079,0.01,0.0892492172195606,0,0.01,2.85457433227151,3.02565745360681,2.87411468679487,3.00611709908346,0,0.5,0,0,0,0,0,0,0.5,0,0,0,0,0,0.5,0,0,0.646187550269651,0.5,0,0,0,0.5,0
139,-0.0600000001055606,0.130000000103354,0.0466196424804824,0.0230357105716982,0.00499999960659461,0.0570848808481861,-0.00999999982395983,-0.110439491307036,0.05365404214832,0.788101935396095,-6.6030450361769e-06,6.2609268543503e-06,0.615572536176106,-0.0236285425609769,-0.045204083632497,0.0519975159430046,2.52842812219861e-11,1.2133447786538e-11,-0.0228105533659755,0.0750000000329683,-2.77410599978726e-12,0.0359682212965024,3.42197079527961e-09,0.0257809120830918,0.00221830623879672,-0.00342482047417636,-0.000324001508649146,-0.00351743102150092,0.00647492839960676,0.022109588620922,-1.49475712324029e-05,-0.399999984979797,0.330216375220168,0.237255716232043,-0.399999980397301,-0.362641113119878,0.214527168211866,0.27414408109916,0.400000009764912,0.172911761148555,0,0,0,0,0.01,0,0.01,0,0.01,0.366471983547633,0.213140096032176,0.01,0.049243337377536,0.203504795074401,0.01,0.389030023399705,0,0.01,0.01,0.260825396320997,0.01,0,0,0.170727242877933,0.01,0.01,0,0.01,2.76668908060847,2.92203829602727,2.75780544248732,2.93092193414841,0,0.637351851354823,0,0.50580370189143,0,0,0,0,0,0,0,0,0.5,0,0,0,0,0.616815635112859,0.5,0,0,0,0.5,0
140,-0.0600000001027489,0.13000000006765,0.0460411626297825,0.023231452176278,0.00499999995302641,0.0571782066106289,-0.0099999999044241,-0.110362251620223,0.0536545882418015,0.788304589967444,3.00174692997296e-06,-4.87174845081937e-06,0.615312998840869,-0.0235860384530028,-0.0451203367107901,0.0519972233008081,2.5615093589026e-11,1.44484634008776e-11,-0.0349766050921341,-0.00580195888907319,-4.43754036267234e-10,-2.51118234701137e-05,3.20530845685513e-11,-0.0017669836004584,2.91632961504259e-06,0.000326086935275996,0.000317538710912337,0.0583986080927481,-0.0033385531648662,-0.00265790234139735,1.53168099400352e-05,-0.39999998478116,0.315132113890092,0.221116347109673,-0.399999985176705,-0.379475373562691,0.249999999476544,0.2511506792315,0.40000000796067,0.150000000461387,0,0,0,0,0.01,0,0.01,0,0.01,0,0.142699478611095,0.0690473511559494,0.01,0.205517725623269,0.01,0.356990594881897,0,0.01,0,0.246230444540489,0.01,0,0,0.19966757826046,0.01,0.01,0,0.01,2.59019565947154,2.76803993452593,2.60421652720275,2.75401906679473,0,0.652324402670602,0,0.529254300903733,0,0.5,0,0,0,0,0,0,0.5,0,0.5,0,0,0.608599071634671,0.5,0,0,0,0.5,0
141,-0.0600000001268398,0.130000000087953,0.045545130282792,0.023794914976974,0.00493372372152899,0.0570057912379254,-0.00999999997677832,-0.110294137022767,0.0536547625340611,0.788438989932226,-2.00901967877575e-06,7.92087019366789e-06,0.615140774576442,-0.0235607985823561,-0.045044512806957,0.0519970691859005,4.13594802285291e-11,1.37429502794503e-11,-0.0147278710895846,0.0589519203687267,-0.00805105171265321,-0.0183547086579457,-1.26796202359265e-10,0.0069272638163788,-1.05471198587856e-05,-0.000157404117298975,-3.30138159584623e-05,-0.038089854319097,0.0021585168401582,0.00752269787813552,1.80500883869663e-05,-0.39999997539501,0.280646263725525,0.216379931960238,-0.399999954969115,-0.319745535982799,0.249999998361838,0.201553118564958,0.400000034367422,0.15000000137132,0,0,0,0,0.01,0,0.01,0,0.0105315200720306,0,0,0.105248648689336,0.0445829811793128,0.176691776341806,0.01,0.41307474871155,0,0.01,0,0.312404041523001,0.01,0,0,0.278935712038421,0.01,0.01,0,0.01,2.57400305422149,2.73797787876028,2.58581048248382,2.72617045049794,0,0.61053705560599,0,0.5,0,0.5,0.5,0,0,0,0,0,0.5,0,0.5,0,0,0.578781542982777,0.5,0,0,0,0.5,0
142,-0.0600000001132414,0.130000000083314,0.0451933229349636,0.0248544480215854,0.0049999998310612,0.0568331902946257,-0.0100011243999727,-0.109934992273253,0.0536565642385943,0.788840973158442,-1.35211489804188e-06,6.89766765277724e-06,0.614625199159508,-0.0234895838651764,-0.0446709214460762,0.0519976696786318,4.0930721298229e-11,1.11573374537688e-11,-0.0204243778463681,0.0449781769740236,1.650803088601e-07,-0.00110749812143278,-0.00247900133858542,0.0199199138773992,-0.000632128051335568,0.00953822655003145,0.00578016136769413,-0.269621185746466,0.0113674933071484,0.0199605450505192,-3.60040064847459e-05,-0.399999975654866,0.338159405289482,0.249999999807403,-0.399999946213924,-0.360834010602486,0.233280873389515,0.383984502666851,0.400000035911268,0.223024298787992,0,0,0,0,0.01,0,0.01,0,0.01,0,0.174563362978991,0.102411286346994,0.01,0.0437154567003415,0.01,0,0,0.01,0,0.01,0.0678842636603609,0,0.0685026379277922,0,0.0328472279463112,0.134157029566209,0,0.12266284444655,2.63340618017918,2.79611126812093,2.61501615784975,2.81450129045035,0,0.51327927826046,0,0.5,0,0.5,0,0,0,0,0,0.685564114695478,0.5,0,0.5,0,0,0.5,0,0.5,0,0,0.5,0
143,-0.0600000001013085,0.130000000066514,0.0453255253275572,0.0248165605000343,0.00500000001884105,0.0568302878994093,-0.0101019525741512,-0.109926505903884,0.0536567506583891,0.78905748243139,-3.81008812566196e-06,-6.70636699268121e-06,0.614347228096041,-0.0235499234893382,-0.044645552496458,0.0519974511975293,2.40880100443446e-14,-9.2207810465618e-14,0.0333756215941141,-0.018405474548202,-9.00079710553648e-10,-0.000151058733026129,-0.00868200555142539,-0.00313393445895366,0.00021922593157912,-0.000996905363882904,0.000340676752253886,0.0905133147555583,-0.0137139574357051,-0.00451508318835957,0.000135883092244421,-0.399999999999998,0.341937712506802,0.244663845318157,-0.0904021723178838,-0.400000000000001,0.232620402057045,0.0564935520512221,0.399999999999998,0.209408948208523,0,0,0,0,0.01,0,0,0,0.01,0.22789476669902,0.474174943563964,0,0.0859879286297243,0,0.01,0.731621937831135,0,0.01,0,0.192468325613907,0.01,0.657360200115943,0,0.446940792559322,0.01,0.161498347279298,0,0.01,2.69744593626206,2.85885386248475,2.70955021575643,2.84674958299037,0,0.5,0.5,0.5,0,0,0,0.5,0,0.502029866758738,0,0,0.5,0,0.5,0,0,0,0.5,0,0,0,0.5,0
144,-0.060000000029429,0.129654295257413,0.0455287276188969,0.024901776473101,0.00496874819612794,0.0568289111325488,-0.00999999994735901,-0.109963114359307,0.0536336333590894,0.789185977630939,6.51110750665512e-06,1.09308022876809e-06,0.614182157091529,-0.0234842671740466,-0.0446598281557538,0.0519972530176007,3.38219522872439e-14,-0.0343984877400397,-0.0128243900632119,0.00889121386348402,-0.00274961543635419,6.76095358416675e-05,1.98915075896154e-09,-0.000948581520966544,-5.63948271064253e-05,0.000874324665641624,-0.000696736498702809,-0.0893002297549315,0.00509778691020623,0.000911006591100497,1.12566297425936e-05,-0.399999999999998,0.359275495764351,0.25,-0.137308287306699,-0.399999999999999,0.18274940341998,0.0414964769781988,0.399999999999999,0.18738649877396,0,0,0,0,0.01,0,0.01,0.0525961513433969,0.0928287068228476,0.146547949593113,0.488908644671564,0,0.132792280570887,0.182923578105991,0.01,0.721877364364225,0,0.01,0,0.318053601366123,0.01,0,0,0,0.01,0.0824567862023417,0.0486513115022354,0.01,2.7217924739623,2.88267014146961,2.70957716886916,2.89488544656275,0,0.5,0,0,0,0,0,0.5,0,0,0,0,0.5,0,0.5,0,0,0.56361903206064,0.5,0.5,0,0,0,0
145,-0.0599999995821578,0.12999999953274,0.0448167385367423,0.024940487671833,0.00495683718144543,0.056830688215978,-0.00999999754341354,-0.109962262721825,0.0536330435459606,0.789307606957027,5.18571619272392e-06,-3.89829003703794e-06,0.614025840193613,-0.0234620886410817,-0.0446531631974078,0.0519974788029667,-6.8217832052871e-10,-3.14732589963321e-10,-0.0499999999946037,9.90154098390546e-05,4.29585781279621e-05,4.95278607742776e-05,1.30336442338794e-10,8.68431905047275e-05,6.06499637634416e-05,-0.00105642196134794,-0.000255291858844706,-0.000770007912619916,3.15106320759274e-05,5.34050433533934e-05,3.32623650176092e-05,-0.40000040561393,0.252037949242243,0.210058272533056,0.00632069237676565,-0.399999562047598,0.149999984051983,-0.0285296235299004,0.290633256509531,0.249999990138539,0,0,0,0,0.01,0,0.01,0.0449380105053519,0,0,0.27957163350882,0.222305935725548,0.118997632211283,0.0948544939463004,0.01,0.608355908460657,0,0.01,0,0.322103931402213,0.01,0,0,0,0.01,0.01,0.0131909460635482,0.01,2.76502707167739,2.97529262673405,2.77152327178836,2.96879642662308,0,0.5,0,0,0.5,0.5,0,0,0,0,0,0,0.5,0,0.5,0,0,0.524769953119415,0.5,0.5,0,0,0,0
146,-0.0600000001013141,0.1300000000856,0.0440514204026277,0.0249381175577746,0.00495555496015361,0.0568324842121864,-0.00999999997015155,-0.109964861603548,0.0536354030028762,0.789306966535581,-4.58143751416879e-07,-7.21844704244781e-06,0.614026662724842,-0.0234632585088839,-0.0446543307146352,0.0519979957981514,2.31711091417777e-14,7.35447224955123e-15,-0.0266485723821339,-9.40262125854812e-05,-4.96301207971587e-05,4.41267919037322e-05,-1.550647516228e-10,-2.83304598915022e-05,8.06154269607016e-05,-0.000339315926098879,-0.000178866069824815,-4.52256208939838e-05,-4.57663177529659e-05,-5.24536835074944e-05,3.82308843294892e-06,-0.399999999999999,0.364961804089612,0.156530224013086,0.0757516549398085,-0.399999999999998,0.15,-0.0473237480279088,-0.046293237190842,0.25,0,0,0,0,0.01,0,0.01,0.0205179977468026,0.247012086512828,0,0.299131808062507,0,0.01,0.01,0.01,0,0,0.01,0,0.114893835883838,0.01,0,0,0,0.01,0.0490133952294374,0.0793797507810292,0.01,2.8452709304479,3.12029611804686,2.92354978547508,3.04201726301969,0,0.5,0,0,0,0.5,0,0.5,0,0,0,0.589283895073319,0.5,0,0.5,0,0,0.5,0.5,0.5,0,0,0,0
147,-0.060000000157918,0.130000000103998,0.0440591390243658,0.0244812940284652,0.00500000025024944,0.0568912103229745,-0.0100915494434883,-0.110015359085489,0.0536334311575462,0.788797595847198,3.97210671322614e-06,-1.65262692182793e-05,0.614680883119242,-0.0236478799989318,-0.0447333945713852,0.0519975917644565,-1.40157075624746e-10,-2.80704080793711e-10,0.0271514468293843,-0.0320399842699168,-8.50571006646028e-09,-0.000113517266035651,-0.0112478115215572,-0.00784822833621378,-0.000690976623037445,0.00661567571926381,0.00512334829666019,0.219548972507106,-0.0233815985187397,-0.0109611754149944,-0.00020608850950154,-0.400000083349093,0.39928211502852,0.188753178313558,0.0979266450522878,-0.394676618532216,0.149999988561627,0.164167706828095,0.190362000317347,0.249999990779447,0,0,0,0,0.01,0,0.01,0.0418591577477723,0,0,0,0,0.01,0.01,0.01,0,0.01,0.01,0.01,0,0.01,0,0.115032254168751,0,0.01,0.107429032887918,0.170145456799198,0.01,3.00374794837369,3.29465598194346,3.07862430247592,3.21977962784122,0,0.5,0,0,0.5,0.5,0.5,0.513420272612772,0,0,0,0.603250376198999,0,0,0,0.5,0,0.5,0,0.644575677467024,0,0,0,0
148,-0.0600000001403225,0.130000000115588,0.0449245973261012,0.0232937713003401,0.00413023143099338,0.0570931703984605,-0.0109606335319543,-0.11095856696538,0.053965764898549,0.790118839146081,8.25621546031443e-07,-1.05972826461262e-05,0.612981647857321,-0.0243877832848885,-0.0455710492298022,0.0519977265190371,8.9014560134086e-11,2.55614838090863e-10,0.0500000000059757,-0.0749999997559532,-0.0749999996836484,0.0188286862757762,-0.0743331702718263,-0.0749999995458555,0.0305989365780742,0.00469292732718796,-0.000506364904433212,-0.535628647334147,-0.0525348927843836,-0.0720621378352013,-0.00010546081133585,-0.399999947085164,0.40000015197506,0.158298017886395,0.151712897895984,-0.114858200424201,0.158511738509722,0.221554361957837,0.400000270044442,0.250000002592799,0,0,0,0,0.01,0,0.01,0,0.311653708228173,0,0.343102570148767,0,0.0868680168591142,0,0.01,0.720950456860946,0,0.01,0,0.210794783198373,0.01,0,0,0.492676630270198,0.01,0.273826195721923,0.206165287666404,0.01,3.29086737807193,3.49852807833275,3.31784131710276,3.47155413930191,0,0.5,0,0.5,0,0.5,0,0.5,0,0.5,0,0,0.5,0,0.5,0,0,0.5,0.5,0,0,0,0,0
149,-0.0600000000614057,0.130000000065326,0.0454602874910022,0.0235954326947427,0.00300987472790384,0.0569642678584713,-0.0119109018470297,-0.111716758656923,0.0540229454831455,0.792175479715225,-5.46109421222738e-09,-4.28489359521657e-06,0.610321514770159,-0.0249626702083534,-0.0462293633239513,0.0519970301412587,7.92067070742319e-12,1.08082413262396e-11,0.00380001085552553,0.0750000000056053,-0.0289121147943266,-0.0214503932047917,-0.00934240085025781,-0.00267643781387879,0.000281709184291198,-0.00441783256841184,-0.00413383163560607,-0.0777040613209856,-0.00489374565599361,-0.0017051138304144,6.79002756507094e-05,-0.399999995296706,0.400000006451147,0.149999999659748,-0.399999996667102,0.400000005020412,0.24999999960619,0.0447786825358927,0.400000007002649,0.214157817513232,0,0,0,0,0.01,0.534557983846343,0.01,0.0588595306214812,0,0,0,0,0.01,0.01,0.01,2.13160692809921,0.01,0.01,0.01,0.565006325696075,0.01,0,0,1.21654547950173,0.01,0,0.01,0.480691416499531,2.80383861040995,3.21735318262706,3.02636223490965,2.99482955812737,0,0,0,0,0.626058361783112,0.562588593409038,0.533052433164521,0.65559452202763,0,0,0,0,0,0,0,0,0,0.527121471742947,0.5,0,0,0.5,0,0
150,-0.0600000001012951,0.130000000101302,0.045071977733763,0.022390225329803,0.00458384675408395,0.0570892834904645,-0.0112444211343071,-0.110860626312535,0.0540246806735969,0.78963739720044,-5.55280131456656e-06,5.02745360131103e-06,0.613601860894308,-0.0247583538993084,-0.0455046749272813,0.0519974542012571,-1.51597095302727e-14,1.17034289840203e-13,-0.0423999272406537,-0.0750000000000003,0.0750000000000023,0.0330265935821654,0.0707822624683309,0.0750000000000007,-9.14836221528166e-05,-0.0005569978794871,0.000970084619846586,0.856239833199337,0.0226359348942528,0.072972935402738,-0.000115073517068775,-0.400000000000001,0.320324869069402,0.250000000000001,-0.137768963015067,-0.399999999999999,0.249999999999998,-0.0936457781856556,0.332245889968363,0.193317163425235,0,0,0,0,0.01,0.71388229635805,0.01,0,0.01,0.211612131476077,0.51087482254034,0,0.308539094580896,0,0.01,0,0,0.01,0,0.171881953151055,0.01,0,0,0,0.01,0.01,0,0.01,2.72643818921453,2.92444197214647,2.68207897580411,2.96880118555689,0,0,0,0.5,0,0,0,0.5,0,0.5,0,0.5,0.5,0,0.5,0,0,0.5,0.5,0.5,0,0,0.5,0
151,-0.0600000001013016,0.130000000069315,0.0447131509622352,0.0212212739300901,0.00477635905888722,0.0571181812434477,-0.0100032268045837,-0.111106392601293,0.0537709350948677,0.787723928094969,3.57860265545685e-06,-7.11478343125721e-06,0.616056467561473,-0.024938658504235,-0.0455774764192663,0.0519974541470467,-1.54969541719341e-14,-2.54072725839196e-14,0.00627397049674626,-0.0750000000000001,-0.0230867645618365,-0.0123512347361181,0.0322847700026043,-0.0626166829215212,-0.0263186175158919,0.00281446056791173,-6.87684009701703e-05,0.165336446092573,-0.0268774915681605,-0.0432773490604371,-3.03994738280888e-05,-0.400000000000001,0.381034261388096,0.25,-0.118462093396451,-0.399999999999999,0.214158447502675,0.18810625349489,0.400000000000001,0.15,0,0,0,0,0.01,0,0.01,0,0.01,0.367954895179324,0.170757182882693,0.0596591951357596,0,0.35693475744049,0.01,0,0,0.01,0,0.2046429087744,0.01,0,0.115445182280404,0.716197564938219,0.01,0.167218763577343,0,0.01,2.92796084961438,3.15678989163844,2.91490794613614,3.16984279511667,0,0.5,0,0.5,0,0,0,0,0.5,0,0,0.5,0.5,0,0.5,0,0,0.5,0,0,0,0,0.5,0
152,-0.0600000001013049,0.130000000056848,0.0443743203844516,0.0206964666472874,0.00441891783730112,0.0570690114490556,-0.00999999993998597,-0.111592083346761,0.0536127222321234,0.786677671727892,1.20605355144687e-05,-5.61767760086827e-06,0.617391948405925,-0.0252270818326254,-0.0461042984976596,0.0519969027330318,1.75606472004521e-14,-1.27112345503005e-13,-0.0399260142032376,0.000812945191871613,-0.0053315408109766,-7.56498932306634e-05,6.28104352679501e-10,-0.0051326666427559,-0.000228944356784884,0.00205322561558272,0.00223365515801768,-0.00838170302274202,0.000447114486498083,-0.00492205765674881,-3.00151684445776e-05,-0.399999999999998,0.400000000000004,0.234008803615724,-0.00675401721033094,-0.399999999999996,0.15,0.0989796992064726,0.400000000000002,0.227222956796435,0,0,0,0,0.01,0,0.01,0.010600429847577,0.01,0.242594507696105,0.435297154476096,0,0.01,0.01,0.01,0,0,0.01,0,0.01,0.01,0,0.01,0,0.0355035408348114,0.104101234742064,0,0.01,2.98632545515414,3.25665354511211,3.02185310398485,3.22112589628141,0,0.5,0,0,0,0,0,0.5,0,0,0,0.731534651293424,0.5,0,0.5,0,0,0.5,0,0.607913622971844,0,0,0.5,0
153,-0.0599999995250463,0.129999999512022,0.0441164899332501,0.0196575845154582,0.00465503259211805,0.0572373423955113,-0.00999999877606818,-0.111613591504051,0.0536133228243036,0.785591800171387,2.32224691849647e-06,-7.82488227156445e-06,0.618773074596326,-0.025424547856119,-0.0461883815140913,0.0519974094456797,4.56178167139276e-10,7.68552283420875e-10,0.0138739587110389,-0.0750000000765032,0.0207599821559536,0.0173148005635531,-3.75492058751117e-09,0.00010857798372429,-2.9687265283886e-05,-0.000234764780970955,-0.000542973178319574,0.282199475282024,-0.015835759781566,-0.00506370437905842,-1.00166344930178e-05,-0.399999728751609,0.400000456973757,0.250000000453666,-0.00810529337631085,-0.399999374673724,0.150819732777683,0.202607824111232,0.400000538492909,0.202926712657151,0,0,0,0,0.01,0,0.01,0.0834592184517779,0.01,0.303656250542438,0.472088121739193,0,0,0.216886301516011,0.01,0,0.43241378611528,0.01,0,0.179275210319317,0.01,0,0.01,0,0.01,0.0681428044990774,0.186573548095568,0.01,3.19311560314187,3.42824786011298,3.19740804324759,3.42395542000725,0,0.5,0,0,0,0,0,0.5,0.5,0,0,0.5,0,0,0.5,0,0,0.5,0,0.657031023205627,0,0,0,0
154,-0.0599999999724532,0.129999999990546,0.0442522189881876,0.018657557043257,0.0047131361452719,0.0574352025180827,-0.0099999994856264,-0.111807997063407,0.0535843425210148,0.783633912154704,7.11621671718416e-06,-1.19854696555717e-05,0.621250784707836,-0.0258175160363035,-0.04648235142024,0.0519975408428324,5.19214773436592e-11,1.55734303474181e-10,-0.000230538299737404,-0.0352214842408973,-0.00837649296357629,-0.000349383004632475,-1.07423113642179e-09,-0.0168761464904043,-0.00226644656769377,-0.00235642103086796,0.000881232908066265,0.326445542311666,-0.0216047074439293,-0.0220826218928258,-0.000267499524634571,-0.399999969119819,0.400000092531068,0.236198472740653,-0.0566320850007312,-0.39999988726269,0.168075570068627,0.104014842913985,0.400000105774649,0.150000005854951,0,0,0,0,0.01,0,0.01,0.0406375532212216,0.10779559038579,0.313232673471922,0,0.240573141814254,0.228556025176129,0.188374363741792,0.01,0.802759676739389,0,0.01,0,0.187272900752922,0.01,0.606867342205301,0,0,0.01,0.105303963229461,0.201452777615519,0.01,3.33226451426578,3.62197240239438,3.39570021449254,3.55853670216762,0,0.5,0,0,0,0,0.5,0,0,0,0,0,0.5,0,0.5,0,0,0,0.5,0.527878351904786,0,0,0,0
155,-0.0597492977228922,0.129999999969451,0.0437832989049418,0.0182929677983118,0.00445601185587685,0.0574350436435288,-0.0100000001649665,-0.112153538540845,0.0535873731400223,0.782488933088107,3.41773457753527e-06,-6.52397994071191e-06,0.622692328768407,-0.0260286674568966,-0.0468946294807568,0.0519977882634664,0.0249454868544112,1.21071718433515e-10,-0.0464304380364358,-0.00438746932704819,-0.0162744656091719,-2.81618419418636e-05,2.35536526214416e-10,-0.017392008765254,0.000146263542563892,-0.000990352608533563,0.000319637412434697,0.0440558319808881,-0.00254450820627971,-0.0181583915747648,1.23507367000883e-05,-0.387662286409003,0.400000072042272,0.249999998044775,0.00939508923376943,-0.384227652498865,0.149999994891769,0.126665652047135,0.400000138372153,0.249999998342121,0,0,0,0,0.01,0,0.01,0.01,0,0,0.291119868021861,0.229448170237634,0.01,0.01,0.01,0,0.0166130626805355,0.01,0.01,0,0.01,0,0.0880021572671785,0,0.01,0.0926412486381409,0,0.01,3.39637474870075,3.73655069872679,3.48751863799477,3.64540680943276,0,0.5,0,0,0.5,0.5,0,0,0,0,0,0.581633667303596,0,0,0,0.5,0,0.5,0,0.686563014195872,0,0,0.5,0
156,-0.0600000001013065,0.130000000101313,0.0433953802549039,0.0172300431306726,0.00455229690235257,0.0575394378862164,-0.00999999998521213,-0.112303800168511,0.053588769892362,0.78026301721247,-1.6451051690557e-06,-6.69552171838259e-06,0.625479308131893,-0.0264257087697003,-0.0471783507311549,0.051997907722511,-4.28778607983888e-15,1.18803469708347e-13,0.00736960934721637,-0.0750000000000003,0.0169993160206237,0.0109095202480626,-3.12968243267319e-09,-0.00235910335918238,3.45320297273538e-05,-0.00109954426516415,0.000560912959798629,0.559645220157164,-0.0310704314818092,-0.0128687321662861,-5.28046071532761e-05,-0.246483952012497,0.400000000000003,0.201268950300317,0.129881605855476,-0.399999999999996,0.150000000000001,0.0838454952831577,0.400000000000004,0.25,0,0,0,0,0.01,0,0.01,0.0143943354857118,0,0,0.238341358308384,0,0.01,0.01,0.01,0,0.207373792313758,0.01,0,0.0590005465739946,0.01,0.430523025771659,0,0,0.01,0.131099132639835,0.229376209691199,0.01,3.42775268637933,3.76898441859437,3.55005887070322,3.64667823427048,0,0.5,0,0,0.5,0.5,0,0.5,0,0,0,0.551424227525652,0,0,0.5,0,0,0,0.5,0.516468985377991,0,0,0,0
157,-0.0599999999077119,0.12999999997908,0.0440710633533012,0.0160099315811656,0.00441305568017238,0.0576133206057412,-0.0099999998757463,-0.112726095442276,0.0534731596943027,0.777268563426967,6.33013723744209e-06,-1.24263927294818e-05,0.629196659023901,-0.0271095982166186,-0.047742348212039,0.0519974436674755,-1.01321232210606e-11,1.33582604164958e-10,0.0500000000025528,-0.0531758636447681,-0.0249366619092111,-1.77241209906986e-05,-3.85462529317014e-10,-0.0364646453886949,-0.00991872779548448,0.000570574146471685,5.73886015037863e-05,0.402065796854455,-0.0360160882371452,-0.0413018830781737,-8.69977985448317e-05,-0.17056186496902,0.400000079439879,0.150000001517999,0.282739496881417,-0.0900224180890685,0.149999994993391,0.217656886976575,0.400000129131231,0.249999999117952,0,0,0,0,0.01,0,0.01,0.01,0.338645108377537,0,0.393798598414606,0,0.01,0.01,0.01,0,0.0834668333074348,0.01,0,0.153973465436496,0.01,0,0,0,0.01,0.127817545681639,0,0.01,3.57294492478301,3.86293229920478,3.68328723370633,3.75258999028147,0,0.5,0,0,0,0.514001424611072,0,0.5,0,0,0,0.524081515179382,0,0,0.5,0,0,0.5,0.5,0.526112984362897,0,0,0.5,0
158,-0.0599999993539661,0.129999999573274,0.04512112841558,0.0149960559790527,0.00419277094803701,0.0576142452546988,-0.0101777443959688,-0.113125251906895,0.0534542454240699,0.77462512069041,3.55591318851514e-06,-1.29825120247772e-05,0.632448311190999,-0.0277657387468595,-0.0483047402438564,0.0519974639067799,-1.12019810039882e-11,1.03878847638612e-09,0.0500000000097833,-0.0467631912149457,-0.000417075199917742,1.85588770576445e-06,-0.00923641190573978,-0.00862700292495534,-0.000134177503388117,0.000492853658500117,-0.000224928020486822,0.383554065425164,-0.030332128201717,-0.0161084214074637,-7.4307458082822e-05,-0.275899078283401,0.400000617631281,0.239310969490769,0.0659228295608128,-0.399999187850988,0.203203364734783,0.34680784971021,0.400000770378874,0.243931835901398,0,0,0,0,0.01,0,0.01,0,0,0,0,0,0.21770342902395,0.232046365940951,0.01,0.724729067105949,0.209279637366052,0.01,0,0.227656366990223,0.01,0,0.01,0.420812847414781,0.01,0,0,0.01,3.61684927830645,3.86882930525709,3.64654314202296,3.83913544154058,0,0.5,0,0.5,0.5,0.605170474037285,0.5,0.554463571010367,0,0,0,0,0,0,0.5,0,0,0.57524267719829,0,0,0,0.5,0.5,0
159,-0.0596762560606678,0.130000000033996,0.0456568173993912,0.0157510597920063,0.00486313867968218,0.0571887482958366,-0.0099999998713158,-0.11237364839671,0.0535544444959595,0.771671830849998,-7.77855292628517e-06,3.41133993916836e-06,0.63604845675647,-0.0278392238262474,-0.0477846019629742,0.0519977590864271,0.0322134318502999,1.20373194106242e-11,0.00379976062491047,0.0750000000073289,0.0583040322789763,-0.042056771647245,-3.75518709031546e-09,0.0725941294575115,0.0122884541647905,0.0101089934527485,0.00544387259468707,0.405935358951763,0.00201854009989062,0.0616061914987498,-0.000161628919504176,-0.342872655773649,0.356510404348741,0.19436648051535,-0.109502004285166,-0.399999880549444,0.204286053421558,0.0467796353303266,-0.211748513552268,0.220171272443467,0,0,0,0,0.01,0,0.01,0.0243073405587996,0,0,0,0,0.01,0,0.01,0,0,0.01,0.01,0.01,0.0913059368553735,0,0.170001120174851,0.517367869190929,0.0739025258116445,0,0,0.01,3.57580055479942,3.86927657866457,3.68606185297138,3.75901528049262,0,0.5,0,0,0.5,0.587244841399514,0.5,0.5873210740562,0,0.5,0,0.5,0.5,0,0,0,0,0.5,0,0,0,0.5,0.5,0
160,-0.0600000000486613,0.1300000000422,0.0462690625964341,0.0161486416708921,0.00493161378586145,0.0571027038026756,-0.00999999994538221,-0.112207632382486,0.0535956820554398,0.772320628783166,-1.33249277278231e-06,-6.79490650948447e-06,0.635260524363007,-0.0277197286845107,-0.0475833001751404,0.0519978509509457,-3.50220572684912e-14,7.45633896258335e-14,0.05,-0.0046889475573834,0.00224838856393351,-0.000353874849601328,1.26433911815385e-09,0.000697714345737989,-0.000364850513106908,-0.00171544109563989,-0.00134308413742774,0.044565684407188,-0.00247310374046186,-8.84217778842231e-05,-0.00050172543228419,-0.234917453712963,0.400000000000001,0.191150054229738,0.0505739952671642,-0.399999999999998,0.195291032567636,0.209545421178759,0.228724408956356,0.25,0,0,0,0,0.01,0,0.01,0.0482969798269124,0,0,0,0,0.0467981194671246,0.01,0.01,0,0.0139398926112606,0.01,0.01,0.152826674324087,0.01,0,0,0,0.01,0,0,0.01,3.69890390784307,3.98486203280979,3.77073701661635,3.9130289240365,0,0.5,0,0,0.5,0.572507397125845,0.5,0.550738592995907,0,0,0,0.563969673786077,0,0,0,0,0,0.548549450551534,0.5,0.5,0,0.5,0.5,0
161,-0.0600000009305796,0.130000000633166,0.0471730188876348,0.0160418867055258,0.004999999392798,0.0571043299109163,-0.00999999954408388,-0.112158273451829,0.0535970041114244,0.77198795442395,-3.82385025322943e-06,-7.49930477601315e-06,0.635664760092485,-0.0277781372459551,-0.04755575994257,0.0519980195835961,2.22201342928835e-10,-4.06399869067069e-10,0.0404434121063722,-0.00590725754407249,7.19168201698885e-06,0.000219594200348601,-1.53186223913829e-08,0.0030066341871257,-5.07976864300531e-05,0.00300780561977599,-0.000147342945890823,0.050499864782233,-0.00314658395884713,0.000590738139927452,5.03939843084631e-05,-0.23218031588349,0.379269329997389,0.149999990136782,0.0442758186768978,-0.399999814138074,0.18635461619668,0.220611815979857,0.219483126158505,0.25000000731528,0,0,0,0,0.01,0,0.01,0.0400307055780962,0.230155731150278,0,0,0,0.0353103325422311,0,0.01,0,0.0851961594643973,0.01,0.01,0.110051812878745,0.01,0,0.0222435637916976,0,0.01,0,0,0.01,3.73066061646609,4.03632362203643,3.82679599985427,3.94018823864826,0,0.5,0,0,0,0.560769298661891,0.5,0.532326605080805,0,0.5,0,0.5,0,0,0,0,0,0.5,0,0.5,0,0.5,0.5,0
162,-0.0600000000427526,0.130000000041261,0.0481589797922073,0.016028214146713,0.00500000000922647,0.0571050186326064,-0.00999999999486039,-0.112164780465531,0.0535976696112956,0.77194898072673,-8.42212189624567e-07,-6.22288226981259e-06,0.63571208898531,-0.027786015208844,-0.0475637176097843,0.0519979761699118,3.26289121560507e-14,-2.53611883859581e-14,0.05,-0.000148660101999932,-2.8077307558756e-10,8.85280277274506e-05,2.29879129320098e-09,-0.000130750672596692,2.42003551970396e-05,0.000526841021341463,-0.000671563419784929,0.000698243240841559,-6.68909257034904e-05,-6.16589179933937e-05,-5.03988145380791e-06,-0.121119185677711,0.182584797166768,0.15,0.0388409371053689,-0.399999999999997,0.1868380819247,0.134117668000125,0.400000000000001,0.25,0,0,0,0,0.01,0,0.01,0.0346819621093129,0,0,0.282113253231688,0,0.0710903450736611,0,0.01,0,0.145759458610299,0.01,0.01,0.078395557427551,0.01,0,0.01,0,0.01,0,0,0.01,3.81451014467297,4.10001641269423,3.90458848923645,4.00993806813074,0,0.5,0,0,0.52134988119048,0.5,0,0.5,0,0.5,0,0.5,0,0,0,0,0,0.5,0,0.5,0,0.5,0.5,0
163,-0.0600000000453485,0.130000000048865,0.0491603074063723,0.0160219729897981,0.00500000001335596,0.0571061502285891,-0.00999999994979626,-0.112165575237029,0.0535957095441366,0.771937745951566,3.71057968919057e-06,-1.07288574416446e-05,0.635725731127968,-0.0277886434246664,-0.0475650539665512,0.0519974484509546,-3.18084839656525e-14,9.03692709962322e-14,0.0499999999999999,-0.000286759681938438,6.05542002821771e-10,5.87112787362045e-05,-9.39260782568253e-11,2.53183177467627e-05,9.26313880324039e-06,-0.000384384223656157,-0.000101545684316265,0.00152722029098512,-0.000124818130631361,-3.4194823401006e-05,2.41267166633976e-05,-0.0373635713794981,0.0925862960252197,0.15,-0.0532295273033573,-0.399999999999997,0.166493131647413,0.146800431512248,0.400000000000001,0.25,0,0,0,0,0.01,0.493185783975567,0.01,0.01,0,0,0.284307607489343,0,0.0693550525730826,0,0.01,0,0.185885731757668,0.01,0.01,0.0148082958438018,0.01,0,0.01,0,0.01,0,0,0.01,3.95434510165508,4.24484672586263,4.04709739562539,4.15209443189232,0,0,0,0,0.5,0.5,0,0.5,0,0.5,0,0.5,0,0,0,0,0,0.5,0,0.5,0,0.5,0.5,0
164,-0.0600000000164133,0.130000000026278,0.0501779351494513,0.0152416252822981,0.00500000004897726,0.0571183011089152,-0.00999999996733347,-0.112334371217962,0.0535931496594369,0.769573958808046,8.21160245570654e-06,-1.00010633326739e-05,0.638585237707785,-0.0282006729819423,-0.0478808957098094,0.0519974632841768,5.33289122385395e-15,-6.71704643867871e-14,0.0499999999999998,-0.0750000000000003,4.61771756145307e-10,0.000469993013144143,-5.38532225625208e-11,-0.016718958536502,-0.000189608546012642,0.000141735222702013,-5.37205350194478e-05,0.757468411720667,-0.0419477964928539,-0.031801294151893,4.95362782142075e-06,-0.0224805542429065,0.0412815100990232,0.15,0.14318560721063,-0.399999999999997,0.177022350066878,0.164774327423558,0.400000000000001,0.149999999999999,0,0,0,0,0.01,0,0.01,0.01,0.0506747141985949,0.403860734333688,0,0.249659677821886,0.075045954380741,0,0.01,0,0.20593516977838,0.01,0,0.01,0.01,0,0.01,0,0.01,0,0,0.01,4.01634276124832,4.34100816301794,4.12753152601992,4.22981939824634,0,0.5,0,0,0,0,0.5,0,0,0.5,0,0.5,0,0,0.5,0,0,0.5,0,0.5,0,0.5,0.5,0
165,-0.0600000000179276,0.130000000014589,0.0512173300979318,0.0142526066265378,0.0049835653850673,0.0571191399398605,-0.0099999999378139,-0.112570700443501,0.0535958167267644,0.766338650540151,4.93942647385276e-07,-6.32603681238096e-06,0.642464313789647,-0.0287531915895929,-0.0483208084198762,0.0519979840276608,-3.09210614974971e-14,-2.81463475031704e-14,0.0499999999999999,-0.0252302006416479,-2.57612709269682e-05,0.00011008158085886,5.78270457927421e-10,-0.00543413384518191,0.000153244226955231,-0.000415172097088672,-0.000556973589297389,0.256750136508756,-0.0140522813228644,-0.0106562784085343,6.14972888113265e-05,0.0010687012160137,0.0602163894826494,0.15,-0.00650901556971573,-0.399999999999997,0.166729563141057,0.17179671613899,0.400000000000001,0.149999999999999,0,0,0,0,0.01,0.381080474621453,0.01,0,0.0410141937830723,0.432046066034971,0,0.26354387337329,0.0605091809656652,0,0.01,0,0,0.01,0.01,0.01,0.01,0,0,0,0.01,0,0,0.01,4.06160947752091,4.35478993332091,4.16493153545023,4.2514678753916,0,0,0,0.5,0,0,0.5,0,0,0.5,0,0.5,0.5,0,0,0,0,0.527729662256994,0.5,0.5,0,0.5,0.5,0
166,-0.059406140988851,0.12870241124469,0.052261264042328,0.0129823225830432,0.00499999990440661,0.0571026892190281,-0.00999999999706301,-0.112804965405069,0.0535974423383877,0.763065708752273,-1.00574293336139e-06,-3.63647217743078e-06,0.646348350536706,-0.029308362037781,-0.0487650908064215,0.0519976498128187,0.0590904391421926,-0.0749999999224985,0.049999999999348,-0.0749999999889109,1.41894179050879e-08,-0.000555073374515278,-5.06379466545946e-09,-0.0156927734737063,7.58275694798337e-05,0.000651302611423919,-0.00066029692290784,0.789621353962576,-0.0430015149272831,-0.0326430503358391,1.93676440448656e-05,-0.14839122860784,0.225205566416432,0.231987447919567,-0.00274036200599691,-0.399999959239211,0.190302037382782,0.373984781295624,0.400000044321976,0.250000002476792,0,0,0,0,0.01,0.33629141925843,0.01,0,0.01,0,0.356964447805467,0,0.257848653982564,0,0.01,0,0,0.01,0.0250517546514566,0.01,0.01,0,0,0,0.01,0,0,0.01,4.03912307272498,4.36604966558907,4.12623727625973,4.27893546205433,0,0,0,0.5,0,0.5,0,0.5,0,0.5,0,0.5,0.5,0,0,0,0,0.582701288457066,0.5,0.5,0,0.5,0.5,0
167,-0.0578730299462981,0.127025554233015,0.0532256078223577,0.0118256567411745,0.00500000006476058,0.057101437474902,-0.0100000000413845,-0.113033234415635,0.0535938449588496,0.75926803532173,3.79516427428631e-06,-2.83553886721824e-06,0.650805419677537,-0.0299469759130667,-0.0492409287310165,0.051997010418365,0.0749999999871638,-0.0749999999728683,0.0464521175174509,-0.0389120099437073,3.32687530755594e-11,-4.57026061126766e-05,-1.46537258679565e-10,-0.00741284680562789,-9.95394319706078e-05,0.000101172397414972,0.000109619899400025,0.393148877591415,-0.0213826193394455,-0.0158340970590739,-1.50536867384707e-05,-0.149717527634019,0.0279438289999083,0.149999999749979,-0.0256981712501334,-0.399999987244215,0.188321665196043,0.283689889277453,0.400000013633586,0.250000000855171,0,0,0,0,0.01,0.352963919660891,0.01,0,0.01,0,0.360101875121028,0,0.233741122378937,0,0.01,0.604584196828421,0.33868755792405,0.01,0.0333364965051976,0.01,0.01,0,0,0,0.01,0,0,0.01,4.04718193892908,4.36703772629492,4.11325625670794,4.30096340851607,0,0,0,0.5,0,0.5,0,0.5,0,0.5,0,0,0,0,0,0,0,0.585467141790073,0.5,0.5,0,0.5,0.5,0
168,-0.0561859821974827,0.125318064769941,0.0536903401979815,0.0116255240381748,0.00500000013044855,0.0570997899982753,-0.0100000001197605,-0.113072413416099,0.0535929863502675,0.758609063121603,3.33399475592933e-06,3.12922282263429e-06,0.651573438965894,-0.0300572846336276,-0.049323174590751,0.0519969516546867,0.0750000000383817,-0.0750000000318669,0.000252120114544707,9.44041799821289e-05,-1.34804714112675e-09,-6.86004794954836e-06,-6.98479405790306e-10,-0.000102723836200612,-0.000142837800189473,0.00148165046339256,0.000282483763224707,-0.000359369876159767,3.2633941556174e-05,-5.92705983120788e-05,-1.99225251411136e-05,-0.0259109245117525,-0.0954530336582002,0.196784700833953,-0.28373915350374,-0.40000017741208,0.186828101146895,0.320634599209906,0.399999839102009,0.250000000856841,0,0,0,0,0.01,0,0.01,0.01,0.01,0.77012157882821,0.387037865407982,0.319709038909053,0.211802518370792,0,0.01,0.558610935096694,0.324872061176921,0.01,0.106092414489438,0.01,0,0,0,0.351777096707828,0.01,0,0,0.01,4.03402850313854,4.35830681192624,4.10359744593936,4.28873786912542,0,0.559041966874053,0,0,0,0,0,0,0,0.5,0,0,0,0,0,0,0.5,0.604018090898755,0.5,0,0,0.5,0.5,0
169,-0.0545599939665089,0.123622408530829,0.0532310726016852,0.0129801622272447,0.00500000005249274,0.057369595952108,-0.00999999990350159,-0.112864506982819,0.0535957124859012,0.758864411535903,-3.35350425918989e-06,4.82919162678539e-06,0.651276027403524,-0.0300128407025313,-0.0490987000700399,0.0519977587065095,0.0750000000000001,-0.0750000000000006,-0.0459478798807146,0.0749999999999999,-1.81832012215582e-08,0.0230551473601396,7.24004432351985e-09,0.0132303567422672,3.38638441822145e-05,-0.00136168738751497,0.00110593056394001,-0.124799787542697,0.00681398846800403,0.0162659926898141,-4.39178294553057e-05,0.0289008930890104,-0.343518000810192,0.25,0.00986644588576972,-0.36273011747605,0.25,0.38865619010272,0.399999999999999,0.15,0,0,0,0,0.01,0,0.01,0,0.01,0,0,0.10412493526219,0.216222152072889,0.01,0.01,0.560487491619376,0.291038787366299,0.01,0.0466453056708763,0.01,0,0,0,0.427575986662732,0.01,0,0.381982701386971,0.01,4.16234086202139,4.4190579429135,4.21350425545667,4.36789454947821,0,0.5,0,0.5,0,0.5,0.5,0,0,0,0,0,0,0,0,0,0.5,0.514328953586821,0.5,0,0,0.5,0,0
170,-0.0528172177339084,0.121702429523956,0.0522162676827901,0.014522189547829,0.0050000001512207,0.0573134223022057,-0.0100000000692947,-0.112603544636074,0.0535965523786033,0.760093593054655,-3.17548054472907e-06,9.09903411481174e-06,0.649841062785417,-0.0298086405273852,-0.0487567068925599,0.0519975530339551,0.0749999999996514,-0.0749999999479926,-0.049999999998806,0.075000000021936,-4.82269844742771e-09,-0.0179834483855966,1.91193891941483e-09,0.0132899088083879,4.73710388921612e-05,5.8733422152751e-05,-0.000179309517703082,-0.221721475683219,0.0120079396464484,0.018128454399139,1.36587178406695e-06,0.148046213631191,-0.39999996907529,0.215532594538584,0.106376584528318,-0.225977643057952,0.250000000357459,0.321401761001609,0.400000035579328,0.160635533534082,0,0,0,0,0.01,0.223159897730547,0.01,0,0.01,0,0.28050852777713,0.01,0.038136081436103,0.01,0.01,0.537712147800144,0.180333145453191,0.01,0.01,0.01,0.01,0,0.01,0,0.01,0,0.344907340004168,0.01,4.14319303816344,4.36301309487307,4.25519719059165,4.25100894244487,0,0,0,0.5,0,0.5,0,0,0,0,0,0,0,0,0,0,0,0.5,0,0.5,0,0.5,0,0
171,-0.0511486023956071,0.119782450613157,0.0517569576879119,0.0147585953770539,0.00500000004226255,0.057263813939578,-0.0100004598461252,-0.112552175493487,0.0535940695645793,0.760570738861958,2.79883826091412e-06,-8.03652240878287e-06,0.649282555305128,-0.029730657214291,-0.0486742550183031,0.0519971617093827,0.0749999999999998,-0.0749999999999985,0.00380000053075036,-0.000839809424285466,-1.59989340572043e-10,0.000406286738002746,-0.000105689960012776,-0.000341437639130417,0.000171340095973155,0.00160152736011928,-0.00208010190819195,0.00500400634259469,-0.000422273929439386,-0.000269675749668941,0.000255230694305491,0.104905825886106,-0.399999999999999,0.15,0.132671166176152,-0.231270117875547,0.25,0.162779919202826,0.4,0.184228391976744,0,0,0,0,0.01,0.125655346914056,0.01,0,0.01,0.427183949362692,0.282684659707728,0.095412812615389,0.109056106357391,0.01,0.01,0,0.201273269720357,0.01,0.0831253266087621,0.01,0.01,0.41703309741651,0.01,0,0.01,0.21221408732344,0,0.01,4.04218140871038,4.31122364519603,4.13206688724057,4.22133816666584,0,0,0,0.5,0,0,0,0,0,0,0,0.5,0,0,0,0,0,0,0,0.5,0,0,0.5,0
172,-0.0494875262256004,0.117862471416115,0.0515694900647811,0.0147579549823716,0.004999999529598,0.0572622962471542,-0.01000000077945,-0.112553077726062,0.0535930856271659,0.760571059851667,4.24867510274776e-06,-2.70449854721153e-06,0.649282179306326,-0.0297307499010049,-0.0486748753640933,0.0519969236448112,0.0749999999928789,-0.0749999997869995,-0.0224156843065351,-5.91256270677586e-05,3.67992195058346e-10,-5.19253350597881e-05,1.24125825773005e-10,1.65812052009397e-06,-2.10327700993971e-05,-0.000352564793173942,-2.93671000362593e-05,-1.46383486437283e-05,-2.21481553161849e-05,-1.08228559019926e-05,-3.52993210744698e-06,0.0938213792533248,-0.399999873345085,0.225832177942914,-0.0555769168377411,-0.320965854053686,0.249999992201666,0.123519614707033,0.400000153742008,0.174487583152049,0,0,0,0,0.01,0,0.01,0.01,0.014334660282787,0.370980165791369,0.280959193924971,0.0636512541603481,0.141202762491713,0.01,0.01,0.277984597795238,0.186250906588342,0.01,0.131820970781375,0.01,0.01,0,0.01,0.0827351814349108,0.01,0.0833532980077362,0,0.01,4.04508280923157,4.28407969918217,4.12230474613699,4.20685776227675,0,0.5,0,0,0,0,0,0,0,0,0,0,0,0,0,0,0,0.5,0,0,0,0,0.5,0
173,-0.0478873457350076,0.115942492614958,0.0508341157701711,0.0148685705854725,0.00500000003066063,0.0572850058343074,-0.00999999990662831,-0.112535278975261,0.0535932163210639,0.760800305771306,1.90815413685256e-06,1.95642457305324e-06,0.64901354448865,-0.0296917947703407,-0.0486419479799144,0.0519974382133231,0.075,-0.0749999999999982,-0.0499999999999987,0.0105736098419329,-5.78822256942264e-10,0.00369455451063825,1.57367937326891e-10,0.00188393222662448,-3.93496855384239e-05,-7.75078878498547e-05,-5.20142166557166e-05,-0.0421138441824779,0.00230531872403882,0.00278822388977084,-6.56184481827598e-06,0.0286186490352167,-0.399999999999999,0.250000000000001,0.0463301153465959,0.0182763877615547,0.25,0.102637417569385,0.4,0.170855232178263,0,0,0,0,0.01,0,0.01,0.01,0.11008804817284,0.283047568797319,0.212834673780526,0.01,0.215249979312134,0.158285591769024,0.01,0.314330648700032,0,0.01,0.164106943846863,0.01,0.01,0.245226015461149,0.01,0,0.01,0.0181735159653686,0,0.01,4.03598783915294,4.2360534891861,4.08313362882031,4.18890769951873,0,0.5,0,0,0,0,0,0,0,0,0,0,0.5,0,0,0,0,0,0,0.5,0,0,0.5,0
174,-0.0462703557060001,0.114022513613909,0.0499442561332155,0.0148898688253568,0.00500000001148708,0.057289727266783,-0.00999999993372816,-0.112528863620514,0.0535934026003092,0.760853701677795,7.38383192598432e-07,-1.02245461079041e-06,0.648950946525399,-0.0296829547534604,-0.0486321766002172,0.0519976237857758,0.075,-0.0749999999999989,-0.0390407598958515,2.74494294328128e-05,5.62034501703405e-10,1.15398653505278e-05,-1.95685255014881e-11,0.000112003060575259,4.53741315855726e-05,-0.000693862816732845,-0.000253976625944774,-0.000326551216968184,7.26943857372003e-06,6.03077501280542e-05,2.13624269250271e-06,0.0145975484446899,-0.399999999999999,0.204637075447341,0.00118758248585931,-0.0655861981269125,0.25,0.0860647042678691,0.4,0.171499017235461,0,0,0,0,0.01,0.01,0.01,0.01,0.129865375312885,0.257090173915222,0.203862203613254,0.01,0.15365283837782,0.264648459085538,0.0119991849453352,0.1831034984918,0.106120733623341,0.01,0,0.01,0.01,0.199369063729994,0.01,0,0.01,0.01,0.122383932177623,0.01,3.99269360979255,4.20077804547214,4.0635895338131,4.12988212145159,0,0,0,0,0,0,0,0,0,0,0,0,0,0,0.5,0,0,0,0,0.5,0,0,0,0
175,-0.0446151657425719,0.112102534610742,0.0492824802754505,0.0149546254216432,0.00500000001946595,0.0572901554376799,-0.00999999992974285,-0.112516102488109,0.053593330450121,0.7610531569663,4.95532069750254e-07,2.11122002863156e-06,0.648717025524174,-0.0296489493107252,-0.0486062770128446,0.0519975154637531,0.075,-0.0749999999999988,-0.0271960494329397,0.00548926569638866,-1.41516238369357e-10,5.11798556049357e-05,-3.39181041639698e-11,0.00120261937186673,5.8878574193469e-06,-0.000187691663799674,5.27160427153837e-06,-0.0533653304676105,0.0029262799439245,0.002319982952876,1.38838684862751e-06,0.0182160028890868,-0.399999999999999,0.203081666248586,-0.0658309707939035,-0.305177613717254,0.234234607561598,0.067681855205321,0.4,0.175723233278762,0,0,0,0,0.01,0.01,0.01,0.01,0.176793395106799,0,0.161490238384631,0.01,0.0654343438263522,0,0.142780710521977,0.0153805920012533,0.0555676543824544,0.01,0.0755077401342809,0.01,0.01,0.188718315646479,0.01,0.01,0.01,0.01,0.01,0.01,4.0458251187961,4.24378142891212,4.10814197586058,4.18146457184764,0,0,0,0,0,0.5,0,0,0,0.5,0,0,0,0,0,0,0,0,0,0,0,0,0,0
176,-0.0430209074106427,0.11018255552526,0.0492040264627729,0.0154809950672614,0.00500000006550877,0.0573746926374446,-0.0100000001313541,-0.112427360589157,0.05359306718521,0.761373467345947,-1.62315679938762e-06,5.34562676826057e-06,0.648341060968161,-0.0295948381247462,-0.0484965959539346,0.0519973605741275,0.0749999999998902,-0.0750000000054623,0.0191190924450271,0.0493087311291063,-1.32273364627185e-10,0.00910034444926825,2.11687161168631e-11,0.00829550411179563,-1.25829571572422e-05,-3.92762088588808e-05,-0.000128143523951788,-0.0540477981168408,0.00295678720137066,0.00944014270314296,5.39730942045942e-06,0.0335011482226975,-0.400000003247976,0.174423794037242,-0.0450938010690235,-0.153248377502617,0.187154136781799,0.0570724671799921,0.399999996135513,0.203777302710848,0,0,0,0,0.01,0.01,0.01,0.01,0.20112815392067,0,0.106556439670563,0.01,0.01,0.317373278112929,0.173211447545806,0,0.01,0.01,0.0127837625687566,0.01,0.01,0.01,0.01,0.01,0.01,0.01,0.01,0.101529377166684,4.04768122692167,4.21936365860672,4.13309112377731,4.13395376175108,0,0,0,0,0,0.5,0,0,0,0,0,0.5,0,0,0,0,0,0,0,0,0,0,0,0
177,-0.041493469737554,0.108262576322459,0.0500039775347202,0.0160372750537837,0.00500000021771047,0.0575488350114984,-0.0100000002200092,-0.112316293839016,0.0535933253557475,0.762220450873555,-5.16612746553454e-07,1.14782459453652e-06,0.647345102346202,-0.029453031495963,-0.0483306251109362,0.0519976633348015,0.0749999999982475,-0.0750000000226389,0.049999999999667,0.0144037914312098,-3.31066411565966e-10,8.44163833139053e-05,-7.34934514682552e-10,0.00345504867219402,-9.11076157995851e-05,0.00143278505844697,0.000212748330223468,-0.146750457853583,0.00795222940512204,0.00641488527261272,-1.76912419707808e-05,-0.0121725275679683,-0.400000013461552,0.180395335984053,-0.0845136726461765,-0.313736639364258,0.250000001224689,-0.0567125375978829,0.400000004656434,0.249637091458039,0,0,0,0,0.01,0.127137150061448,0.01,0.01,0.360921302878865,0.01,0.0196196806100404,0.01,0.01,0.365835842565328,0.01,0.01,0,0.01,0,0.01,0.01,0.01,0.01,0.0331777682123745,0.01,0.0351109442336696,0.01,0.01,4.06577981970539,4.30492006603932,4.16811725562755,4.20258263011715,0,0,0,0,0,0,0,0,0,0,0,0,0.5,0,0.5,0,0,0,0,0,0,0,0,0
178,-0.0399834297545643,0.10634259496141,0.0505763063898817,0.0160753304734235,0.00500000154988497,0.0575499823057705,-0.0100005268384183,-0.112305983551311,0.0535925488990556,0.762350989615803,4.67272730888858e-07,-5.13617186825303e-06,0.647191369526503,-0.0294318218858219,-0.048311867947378,0.051997511203664,0.0749999999723074,-0.0749999994055873,0.00744565754868736,-0.000152205854055055,1.93321909162492e-09,0.000104877564317439,-8.12810100392072e-05,4.10158875833327e-05,5.81848993108616e-05,-0.000272784218912193,-0.00145423814231906,9.9152930379331e-05,-9.93319540098012e-05,2.05143499756903e-05,2.5653640752155e-05,-0.0630923022773232,-0.3999996465478,0.155038875341301,-0.119268916724151,-0.385322165760865,0.244745224925881,-0.00238458866721238,0.400000487024482,0.150000027856714,0,0,0,0,0.01,0.201559117761855,0.0246510794412884,0.01,0.265029923839725,0.01,0.02852175665344,0.01,0.01,0.428717938150254,0.01,0.109662227990265,0.0567941847700026,0.01,0,0.01,0.01,0,0.01,0.0923531325255889,0.01,0,0.01,0.01,4.03921156681608,4.32355334758485,4.16250288867039,4.20026202573055,0,0,0,0,0,0,0,0,0,0,0,0,0,0,0.5,0,0,0.5,0,0,0,0.5,0,0
179,-0.0384830130851615,0.104422618891408,0.0505930756640567,0.0160732973776005,0.00500000005435201,0.0575508134913523,-0.0100005195205986,-0.112305971606904,0.0535920459392469,0.762349127144034,1.31573154439558e-06,-6.41016299065378e-06,0.647193561888246,-0.029432490854848,-0.0483119434219039,0.0519975071648291,0.0749999999999999,-0.0749999999999978,-0.00570298700767427,-8.9468863060635e-05,1.80227224528736e-10,2.99565956103687e-05,4.14570883485791e-06,6.62802397692168e-07,-2.16785879284696e-05,2.85096515598992e-05,7.52740853682958e-05,0.000229931631902178,-2.69637598569928e-05,-3.8776539563281e-06,-6.49965092548683e-07,-0.0397832226776276,-0.399999999999999,0.196826099257594,-0.073677008313783,-0.192628668538326,0.25,0.0495978817333409,0.4,0.157834421450413,0,0,0,0,0.01,0.230126961311443,0.01,0.01,0.0951135457241796,0.0401586878670386,0.209404019340906,0.01,0.066364550748986,0.0222519993176244,0.01,0,0.01,0.01,0.01,0.01,0.01,0.178942951322046,0.01,0,0.01,0,0.01,0.01,4.02846950541567,4.28673866873882,4.15604751868966,4.15916065546484,0,0,0,0,0,0,0,0,0,0,0,0.5,0,0,0,0,0,0,0,0.5,0,0.5,0,0
180,-0.0370939867895883,0.102502639757109,0.0510197060964735,0.0160717482494727,0.0050000018081486,0.0575519675159994,-0.0100000014172822,-0.112306136478349,0.0535922741274986,0.762347522375179,8.10842321163406e-07,-6.9262426058772e-06,0.647195452406167,-0.0294328737253435,-0.0483121164803035,0.0519977069801301,0.0639577802490811,-0.0750000005377269,0.0480970309252789,-7.4135955144634e-05,2.02146977488007e-09,3.51640821998545e-05,-8.80981277410908e-11,-2.85497204768267e-05,-1.90124494176542e-05,0.000101029100666463,2.31721284740699e-05,0.000128912279932081,-2.45799261271841e-05,-1.61824854993995e-05,-1.2742254090077e-05,-0.0763853943623821,0.165141987148259,0.207326360776274,-0.22872466210233,-0.361363159365379,0.170315605122238,0.247869002536869,0.400000875614419,0.249999975924949,0,0,0,0,0.01,0,0.01,0.01,0.309910456587244,0,0.418603130929127,0,0,0.01,0.01,0,0.130451671555491,0.01,0.01,0.01,0.01,0.385121739755643,0,0.239308333586118,0.01,0.173992987712141,0.2290820080016,0.01,2.28064972007337,2.50918793401114,2.35232920540198,2.43750844868253,0,0.523192756513847,0,0,0,0.5,0,0.5,0.5,0,0,0.5,0,0,0,0,0,0,0.5,0,0,0,0,0
181,-0.0354810186092886,0.100668623478009,0.0517678370888117,0.0160723234538905,0.00499830419248419,0.0575498474209156,-0.0100073312810342,-0.112307281470743,0.0535903765315362,0.762363397339717,9.24966340668364e-07,-2.1541360928659e-06,0.647176752249037,-0.0294349248098155,-0.0483122551415541,0.0519969302118431,0.0749999999999997,-0.0750000000000001,0.0268224405073202,1.22090205792341e-05,-0.00013140208056852,5.58551667926041e-06,-0.000308416276389723,-5.85248883397788e-05,-6.17194285179665e-05,0.000463965842746528,6.71981028633342e-05,-0.00185161795227469,-8.33645702175386e-05,-2.83437636459962e-05,2.63818278010733e-05,0.0488605972974323,-0.0422984394191154,0.190763362287957,-0.21575371109857,-0.378794743231628,0.155445318243478,0.0969944674312756,0.399999999999997,0.25,0,0,0,0,0.01,0,0.01,0.01,0,0,0.242745239247148,0,0.01,0.01,0.01,0.349235076881807,0.0867554639795107,0.01,0.01,0.01,0.01,0,0,0.11587298031808,0.01,0.0563877211987078,0.100014829570582,0.0381344273997696,2.31305014980394,2.49358339871265,2.36038034236089,2.44625320615569,0,0.5,0,0,0.5,0.5,0,0.5,0,0,0,0,0,0,0,0,0,0.5,0.5,0,0,0,0,0
182,-0.0339421158407407,0.098990527349233,0.0518399759044869,0.0161729845728098,0.00499999898821267,0.0575277387017351,-0.0100000021450342,-0.112291288671455,0.0535899888831072,0.76249784310073,-1.23614702646686e-06,8.80194823531484e-06,0.647018344058462,-0.0294059343426678,-0.0482875021276942,0.0519970319766245,0.0750000000610411,-0.0750000003779318,-0.0193775585274817,0.00936911327612994,-4.37380133604739e-06,-0.00372389650544382,8.66333042868984e-10,0.00133501775270069,2.91410465427837e-05,-0.000589561273965877,-0.00101877511089845,-0.00711049638156797,0.000422700346937401,0.00153001553829635,1.46752885058447e-05,0.0380588489375705,-0.132767298419615,0.250000005255635,-0.18318550617333,-0.286332446289074,0.173131855602205,0.152501523336876,0.400000791176684,0.249999994956655,0,0,0,0,0.01,0,0.01,0.01,0,0,0.270853057119945,0,0.0375031982748476,0.0101334424437496,0.01,0.250170962568826,0.0333471341325108,0.01,0.01,0.01,0.01,0,0,0.166757687013525,0.01,0.0360047139242075,0.0508399854442603,0.0995484642975241,2.44518326639889,2.66283698881846,2.47214329587384,2.63587695934351,0,0.5,0,0,0.5,0.5,0,0.5,0,0,0,0,0,0,0,0,0,0.5,0.5,0,0,0,0,0
183,-0.0323827062928647,0.0972735694226832,0.0515019974939364,0.0166218112102344,0.00499999988775522,0.0573755251691224,-0.00999999987171487,-0.112214008581734,0.0535892190725586,0.762639779292736,-1.35355537973338e-06,8.359945096147e-06,0.646851038282508,-0.0293815595121201,-0.0482011123090688,0.0519970516287801,0.074999999987102,-0.0749999999945816,-0.0144449456854446,0.0350177688938814,3.05671854227404e-10,-0.0116327716314121,-7.69242213939304e-11,0.0060505874690015,-3.88164412119549e-05,-5.0487933526609e-06,-1.11178231982883e-06,-0.0355524720926007,0.00195552986446888,0.0067919844170803,1.2702647047939e-07,-0.0767940760631556,-0.106425053240664,0.223891464263419,-0.128506222281721,-0.331962089952644,0.250000000844724,0.296478842146752,0.373176255151592,0.191648945106874,0,0,0,0,0.01,0.0929553437516367,0.01,0,0.209070174363032,0,0,0,0.0215659352484029,0.206478454171957,0.01,0.230190832782481,0.01,0.01,0,0.01,0.01,0.131318759897578,0.01,0,0.01,0.01,0.01,0.247417141895122,2.72038270061559,2.93222145679166,2.77425515704313,2.87834900036412,0,0,0,0.5,0,0.5,0.5,0.5,0,0,0,0,0,0,0.5,0,0,0,0,0.5,0,0,0,0
184,-0.0307716392246275,0.0953535912813923,0.0507999061641991,0.0167493632292692,0.0050000000377087,0.0573187977970858,-0.00999999998175972,-0.1121861091314,0.0535905843397141,0.762772618722401,-3.31523742732941e-06,4.04918951023748e-06,0.646694388055765,-0.0293595869369463,-0.0481648077942091,0.0519974746491201,0.075,-0.0750000000000007,-0.0500000000000003,-7.57513032326334e-06,5.62015845793883e-10,-4.60886513286374e-05,2.17325813282889e-10,8.04159626937943e-05,8.70541936637567e-05,-0.00057823592629251,-0.000112162952813309,-0.000182476638542797,-2.73151532529675e-06,4.92237799210895e-05,9.82984962477369e-06,-0.0050647348827182,-0.182282875507029,0.214373095512351,-0.036740510640075,-0.291975483850277,0.25,0.0557269758626089,0.399999999999999,0.25,0,0,0,0,0.01,0,0.01,0,0.382429603935898,0,0.01,0.01,0.01,0.184072878460352,0.01,0,0,0,0.01,0.01,0.01,0.119117233248802,0.01,0.01,0.01,0.01,0.01,0.160520267861455,3.03432359007602,3.14896301485218,3.03903201226845,3.14425459265976,0,0.5,0,0.5,0,0.5,0,0,0,0,0,0.5,0.5,0.5,0,0,0,0,0,0,0,0,0,0
185,-0.0292542982597036,0.093433612364242,0.0503405961990859,0.0167504047507475,0.00500000002132001,0.0573178975197531,-0.00999999998898254,-0.112185973185925,0.053591362414488,0.762775138115417,-2.29228284737673e-06,4.9101621843336e-06,0.646691416431867,-0.029359192943136,-0.0481644673475805,0.0519974638989332,0.0749999999999999,-0.0750000000000005,0.00380000347126341,4.3486779078425e-05,6.01241696899224e-11,-4.23817283390926e-05,1.33742634962731e-12,2.12995808298637e-05,4.94075039249613e-05,-9.62002622725389e-05,-1.95122552806473e-05,-0.000359608015206217,1.44947294325984e-05,2.29964620372543e-05,5.3542093185281e-07,-0.0803435164457079,-0.208696375275045,0.15,-0.0634336930164051,-0.270452259893206,0.239770156274929,0.18053935070783,0.399999999999997,0.25,0,0,0,0,0.01,0,0.01,0,0.105019929409763,0.01,0.01,0,0.01,0.320399283179164,0.198010960905481,0.01,0.01,0.258322760856352,0.01,0,0.01,0.01,0.01,0.01,0.0477070100616599,0.0514547587267683,0.0542280363145093,0.403032805494263,3.24242381703923,3.34804496217913,3.3036828539392,3.28678592527915,0,0.5,0,0.5,0,0,0,0.5,0,0,0,0,0,0,0,0.5,0,0,0,0,0,0,0,0
186,-0.0279014415489231,0.0915136334953892,0.0509527924525844,0.0167507663652707,0.00499999928816084,0.0573169257855766,-0.0100000005912418,-0.112186076002626,0.0535895126121833,0.762776309493099,2.2384705026891e-06,2.54187950648e-06,0.64669003475584,-0.0293590046147401,-0.0481644711761582,0.0519969377244158,0.0603588400664514,-0.0750000002440665,0.0499999999993881,-4.63529979479084e-06,1.42654031971e-09,-4.15697214626224e-05,-2.99568997958863e-10,0.000114147786646206,2.65686016471081e-05,-0.000715445849382631,-0.000147362635995293,-0.00018544440536575,-2.34361702223654e-06,5.88436166040784e-05,2.15824005658348e-05,-0.192127227531263,-0.169195222701495,0.156809134961016,-0.0771843017023923,-0.364198897665523,0.250000003763724,0.0933780468862972,0.400000207400513,0.185784824410316,0,0,0,0,0.0344042744173548,0.01,0.01,0.01,0,0.01,0.01,0.01,0.01,0.01,0.674709127431312,0,0.01,0.36924520015984,0.01,0.0652242368155718,0.01,0.01,0.01,0.01,0.01,0,0.01,0.174395387787484,3.42079552701537,3.42859521493216,3.3988763279384,3.45051441400913,0,0,0,0,0.5,0,0,0,0,0,0,0.5,0,0,0,0,0,0,0,0,0,0.5,0,0
187,-0.0287734033609145,0.0897107218989835,0.0514884825266103,0.0167534342596012,0.00499999999162733,0.0573194273117734,-0.00999999982141622,-0.112185583735465,0.0535918042344017,0.762782677748917,-1.64755184150639e-06,-5.66198327815987e-07,0.646682523275615,-0.0293578995180267,-0.0481635545073363,0.0519980252463414,-0.0750000000545242,-0.0750000002181526,0.00380000657437091,0.000128210060857315,-7.02468113357744e-10,4.44743485434556e-05,1.93115255150414e-10,-3.53300456290225e-05,-4.90844948674021e-07,0.000356830936842691,8.75520794601592e-06,-0.00081547002510548,5.10749626116983e-05,1.69132780873505e-05,-2.54684350835559e-05,-0.0781027186675392,-0.400000129718462,0.150000003974206,-0.103705023060957,-0.400000217867942,0.209387361541778,0.109002253712615,0.399999832535252,0.199708996237359,0,0,0,0,0.01,0.01,0.0185168650882627,0.01,0.226274120019727,0.01,0.01,0.01,0.01,0.259078750523107,0.340388996120335,0.01,0.01,0.182127025110733,0.01,0.01,0.01,0.01,0.01,0.01,0.01,0,0.01,0.215773491950079,3.4457705058902,3.48511830496763,3.46533916141997,3.46554964943786,0,0,0,0,0,0,0,0,0,0,0,0,0,0,0,0,0,0,0,0,0,0.5,0,0
188,-0.0303398362980062,0.0878509868501244,0.0515733365865572,0.0168775077892689,0.00499999994407385,0.0573203837097863,-0.0100000003466432,-0.11215737152482,0.0535928265608676,0.763176312725256,-2.62440515247857e-06,2.91548924993166e-06,0.646217933563616,-0.0292912683389721,-0.0481097511600407,0.0519978718480731,-0.0749999999823228,-0.0750000005325868,0.00468099512374572,0.0114899097134182,9.20970547256185e-10,7.9619316928621e-05,3.34535796737095e-11,0.00275368157296415,3.94660310141446e-05,-1.5549236786476e-05,6.42127185119859e-05,-0.114901370953496,0.0062591674181334,0.00515897284913531,-6.86229626958809e-06,0.103227606671781,-0.202840533177383,0.156050372855427,-0.08016267859966,-0.394142221961924,0.212565438448568,0.106782730105883,0.400000214689546,0.243535428992503,0,0,0,0,0.01,0.01,0.01,0.01,0.207839093987786,0.01,0.01,0,0.01,0.245592631101384,0.346337540724144,0,0.01,0.0821301779273154,0.01,0.144390851745712,0.01,0.01,0.01,0.01,0.01,0,0.01,0.18120877735527,3.24827437035603,3.41678498133187,3.30215719810131,3.36290215358658,0,0,0,0,0,0,0,0.5,0,0,0,0.5,0,0,0,0,0,0,0,0,0,0.5,0,0
189,-0.0314918563833445,0.0859310074114205,0.0512847183207236,0.0169834152847699,0.00500000006171413,0.0573219042637653,-0.00999999997785533,-0.112131125897035,0.0535912771871975,0.763520585817417,2.4570570953444e-06,-2.90658395835786e-07,0.645811132518343,-0.0292329266275385,-0.0480614983326126,0.0519975247086645,-0.0403751468331696,-0.0749999999999986,-0.033352653675318,0.000139922761888718,-4.5485916121392e-10,0.000116813155774157,-4.55242143252237e-10,4.17162492231333e-06,-7.26619890718816e-05,0.000962465252108091,-0.000324494267770058,-0.00079761217995494,4.52176475055135e-05,1.74276052245765e-05,-2.28436504752829e-06,0.0639639142625752,-0.399999999999999,0.174922003062054,-0.0515928378325206,-0.268960942220286,0.238625992898238,0.103535183613812,0.399999999999998,0.196544422382947,0,0,0,0,0.01,0,0.01,0.01,0.0903561313799198,0.0223504143561477,0.160655178843248,0,0.0246604838660136,0.415111790866682,0.273501452799433,0.0747110654929767,0.01,0.01,0,0.01,0.01,0.01,0.01,0.01,0.01,0.0256929574357394,0.01,0.291429584814094,3.057291167546,3.23992375944542,3.09840894793209,3.19880597905933,0,0.5,0,0,0,0,0,0.5,0,0,0,0,0,0,0.5,0,0,0,0,0,0,0,0,0
190,-0.0317336662436114,0.0840110259398063,0.0503890534577902,0.0169836327472957,0.00499999645840724,0.0573216772206395,-0.00999999834497429,-0.11213048360118,0.0535902572190862,0.763521607912233,2.17645805399691e-06,-2.49785286201654e-07,0.645809924938813,-0.0292327626157908,-0.0480607781326408,0.0519972009949786,0.0159125332000253,-0.0749999981339899,-0.0499999999837409,2.28970271576395e-05,3.62194931287923e-09,2.17884545652903e-05,-4.12254282898127e-10,2.11551779946653e-06,-4.22947350390029e-05,0.000252782416823843,6.50653570527667e-05,-0.000205290873555449,1.16476885568693e-05,1.54310452863548e-05,9.39520259243014e-06,0.0168537869360762,-0.399998890425333,0.180686110986692,-0.0399427956964826,-0.25665215798617,0.214809618502506,0.0952965978733681,0.40000099932996,0.178806311891392,0,0,0,0,0.01,0,0.01,0.01,0.0578926530837655,0.0711684451774506,0.215674015259579,0.01,0.01,0.246502325543165,0.183792809953523,0.01,0.01,0.01,0.01,0.01,0.01,0.0184710349840336,0.01,0.01,0.01,0.01,0.01,0.139455038682258,2.96905908579389,3.13547853684768,3.06244165350067,3.0420959691409,0,0.5,0,0,0,0,0,0,0,0,0,0,0,0,0,0,0,0,0,0,0,0,0,0
191,-0.0312701251230968,0.0820910498821574,0.0499297433877744,0.0169836880834083,0.00499999967301678,0.0573223129319466,-0.00999999986422545,-0.112130100452733,0.0535902592207992,0.763522590425358,1.23715298460844e-06,-1.29608063717854e-06,0.645808762533179,-0.0292327413207589,-0.0480603271279061,0.0519974256806211,0.0303694631647729,-0.0749999998510939,0.00379999169375323,1.69624266033894e-05,2.83063346048854e-10,1.38679025116304e-05,4.23747426121896e-11,-1.46545095041483e-05,-3.73921424124114e-05,0.000242612472151403,4.18895580414451e-05,-0.000203019407041041,9.01710864932232e-06,6.57171277328492e-06,-9.31874368668063e-06,0.0439983614003695,-0.399999911457021,0.158875713374789,-0.00889881041593361,-0.28240295577101,0.225113625187275,0.136784014094276,0.400000077050048,0.203638720513703,0,0,0,0,0.01,0,0.01,0.01,0.0970578545937308,0.0938092349907377,0.157995744173684,0,0.0514288362763669,0.216467512018357,0.0840666142938242,0,0.01,0.01,0,0.01,0.01,0.0389477408458457,0.0547161539083959,0.01,0.01,0.0296388526209898,0.01,0.0732895536264856,2.832514345284,3.01650832673522,2.88255158807426,2.96647108394497,0,0.5,0,0,0,0,0,0.5,0,0,0,0.5,0,0,0.5,0,0,0,0,0,0,0,0,0
192,-0.0308011574289795,0.0801710709997425,0.0499714450077425,0.0169829357272698,0.00499999961546312,0.0573236133790511,-0.00999999962274719,-0.112130023329581,0.0535892743707997,0.763522358723942,2.4579889325196e-06,-4.80185918522961e-06,0.645809036484123,-0.0292330004110649,-0.0480602275648023,0.0519974373940609,0.0165961646086597,-0.0749999998212116,0.000387234252404968,-3.03422034573034e-05,6.88095658102108e-10,3.75812139990575e-05,-6.04468346533566e-11,4.18084580929095e-05,-2.30215899161359e-05,-0.000185568086274557,-5.46417839508771e-05,-4.49113710590123e-05,-8.36627880244582e-06,2.5222066912642e-05,1.98633144875514e-06,0.0137170259864226,-0.399999893688365,0.150000000807198,-0.0589717930065259,-0.303353992692804,0.200983518218522,0.149947554358152,0.400000082195683,0.208011353690355,0,0,0,0,0.01,0.01,0.01,0.01,0.0936650223624411,0.118495473875299,0.165731318420055,0,0.01,0.141346186618512,0.164519208249334,0.01,0.01,0.01,0,0.01,0.01,0.01,0.0890678353930273,0.01,0.01,0.0242906481632698,0.01,0.0750277074302264,2.73522789915898,2.9161606973313,2.82883983765995,2.82254875883032,0,0,0,0,0,0,0,0.5,0,0,0,0,0,0,0.5,0,0,0,0,0,0,0,0,0
193,-0.030064072755255,0.0782510916925469,0.0501211475253493,0.016989397014073,0.00499999938921464,0.057323098762468,-0.0100000009625676,-0.112129439856945,0.053588340321164,0.763536416945972,4.65305181152451e-06,1.41788199365328e-06,0.645792415695055,-0.0292302128071114,-0.0480587272029596,0.0519972733123704,0.0569107069355953,-0.0749999994416112,0.0145123919519033,0.000265557750651514,9.67067172270395e-10,1.14301168538654e-05,-7.86274400859959e-11,6.55003916864259e-05,-2.01909503520437e-05,-0.00027302866147281,-2.55988876829199e-05,-0.00178875563638176,0.000105109328144261,8.60932820857338e-05,1.53700096643548e-06,-0.0587042164324131,-0.399999667969058,0.150000002257522,-0.0652794014041018,-0.254210483032102,0.200135787697037,0.132835350483312,0.400000417030231,0.249999995906565,0,0,0,0,0.01,0.01,0.01,0.01,0.11809704408848,0.0818038045604292,0.0109593973799277,0.01,0.01,0.0225331598250036,0.376581704374135,0.01,0.01,0.0976871376148428,0.01,0.01,0.01,0.01,0.160283939308425,0.01,0.01,0.01,0.01,0.0260634061314366,2.75323800206021,2.90912249952456,2.83745831810721,2.82490218347756,0,0,0,0,0,0,0,0,0,0,0,0,0,0,0,0,0,0,0,0,0,0,0,0
194,-0.0289164951736948,0.0763311131710112,0.0502388845116465,0.0169985899848174,0.00499999971570164,0.0573232737331492,-0.00999999940743511,-0.112127710919728,0.0535880903547393,0.763558864599979,3.44078475020709e-06,2.88849912332274e-06,0.645765874165276,-0.0292261702678367,-0.0480555922683668,0.0519973247494185,0.0578424431338487,-0.0750000000178435,-0.00265286760995822,0.000428052190033378,7.65909438206206e-11,1.51881650051899e-05,-1.65981221042099e-11,7.53855781609072e-05,-2.75070241072098e-05,2.31582226439873e-05,1.77217377250019e-05,-0.00313279829181484,0.000183826101077481,0.000144242830400432,-1.40627739727347e-06,-0.185098463520079,-0.331799505810587,0.22766033694583,-0.0224072263297323,-0.268311215458553,0.229579941144512,0.0735312258581517,0.400000037767333,0.172676371645963,0,0,0,0,0.0163381738255927,0.01,0.01,0.01,0.112601961122257,0.0871144285678125,0.0133407168191629,0.01,0.01,0.0347154490063335,0.350681971844674,0.01,0.01,0,0.01,0.01,0.01,0.01,0.203788384759308,0.01,0.01,0.01,0.01,0.0126486939069194,2.90384640917645,2.90483722070839,2.89081946407191,2.91786416581293,0,0,0,0,0,0,0,0,0,0,0,0,0,0.5,0,0,0,0,0,0,0,0,0,0
195,-0.029305634838534,0.0745636253706974,0.0499058132670587,0.0170639108128256,0.00499999490839121,0.0573236820043794,-0.00999999706279604,-0.112112498582524,0.0535901484111927,0.763764743808324,-2.43273703765759e-06,4.747174882725e-06,0.645522362415858,-0.0291911086351862,-0.048027089564556,0.0519977526351607,-0.0750000000618128,-0.0749999982780529,-0.0305149474774235,0.00537301892364579,3.69845679614629e-09,3.23352348837508e-05,-4.44654079982341e-10,0.00130776552482131,5.89843549760573e-05,2.79033896367015e-05,-0.000119849091047075,-0.0534268035330614,0.00292385814424617,0.00240950034899121,1.19442006189587e-05,-0.0870704296464834,-0.399998976087676,0.160352692016998,-0.0378723483513643,-0.314149146268541,0.184957348862161,0.109049346204807,0.400000665013062,0.19780088505156,0,0,0,0,0.0678578232149098,0.01,0.01,0.01,0.11528646201188,0.170251733246548,0.0719881488889597,0.01,0.01,0.01,0.477779258414362,0.01,0.01,0.230212325557039,0.0309315091992201,0.01,0.01,0.01,0.262019029002875,0.01,0.01,0.01,0.01,0.01,2.74360892480592,2.74505274707173,2.74619304241766,2.74246862945999,0,0,0,0,0,0,0,0,0,0,0,0,0,0,0,0,0,0,0,0,0,0,0,0
196,-0.0308649281147418,0.0726436488250306,0.0493726510856837,0.0170823769805946,0.00499999997450227,0.0573246871232034,-0.0100000001182898,-0.112107176984456,0.0535901327753512,0.763823211303046,-5.65529644725524e-07,9.83586882162527e-07,0.645453179165738,-0.0291811955678976,-0.048018122712017,0.0519977073083979,-0.0749999999998878,-0.0749999999675427,-0.0228396459806929,0.000106909500700826,1.15722343458073e-10,2.64609504673911e-05,6.29551689308331e-11,1.86368525513078e-05,1.39936790055443e-05,4.86584351741769e-05,2.71984060741327e-05,-0.000678202640210181,4.16587802242403e-05,3.97136468003794e-05,-1.55315962604182e-06,0.0263177496203273,-0.399999980700223,0.150000000188852,-0.00348173262531824,-0.292579265593246,0.21276288472865,0.117462734195247,0.400000027636336,0.150000001327769,0,0,0,0,0.0958995638890835,0.01,0.01,0.01,0.0771738948313046,0.235158160559854,0.0560464146341687,0.0506458149000336,0.01,0.0123657941267245,0.266738932827206,0.01,0.0312468850770082,0.0878814048661389,0.156587794455203,0.01,0.01,0.01,0.323477884968372,0.01,0.01,0.01,0.100998419449774,0.01,2.43362209579062,2.50045350328727,2.47938692897297,2.45468867010492,0,0,0,0,0,0,0,0,0,0,0,0,0,0,0,0,0,0,0,0,0,0,0,0
197,-0.0323838889769932,0.0707236698997771,0.0490245352685249,0.0170842554173022,0.00499999996121451,0.0573243955606414,-0.0100000001052367,-0.112106578277338,0.0535909648327295,0.763827242205223,-1.48024857766757e-06,2.89191398308401e-06,0.645448409000442,-0.029180463609866,-0.0480172855822154,0.0519976579508092,-0.0750000000004774,-0.0749999999689103,-0.0120260040152051,9.75976798922326e-05,-1.08529792728283e-10,7.96861778335161e-06,-2.11624706247134e-11,-1.23271850907191e-05,1.93427877405531e-05,0.000262613179366809,6.67344399232745e-05,-0.00060313785305729,3.71127642934687e-05,1.83164769075758e-05,-2.67929197714639e-07,0.174128834140951,-0.3999999815134,0.176693225995663,0.018357864328838,-0.283681777422769,0.237739189239464,0.162833140946053,0.400000025983408,0.19605661985529,0,0,0,0,0.0268169370180814,0.01,0.01,0.01,0.01,0.318116061688784,0.0956054288568803,0.0317838128447129,0.102781536753184,0.0746679929870901,0.1395956321989,0.01,0.107720182627603,0.0284957218211158,0.230268227204747,0.01,0.01,0.01,0.290075296212203,0.01,0.01,0.052454308810327,0.122624594254373,0.01,2.33812361246785,2.49304978413163,2.39284214707028,2.4383312495292,0,0,0,0,0,0,0,0,0,0,0,0,0,0,0,0,0,0,0,0,0,0,0,0
198,-0.0326607896288832,0.0688036906662263,0.0486898175286068,0.0170855759972995,0.00499999968678944,0.0573241942397534,-0.0100000014922428,-0.112106486304105,0.0535891940274557,0.76382978464463,2.82465735933125e-06,9.76008429251289e-07,0.645445400218008,-0.0291799393372991,-0.0480170213490327,0.0519971717300104,0.0467013886444778,-0.0749999997350908,-0.0213989049250733,4.30345405864968e-05,1.25324568156773e-09,-1.75377790382461e-06,-2.07497721546631e-10,0.000114474381629521,2.2371770241523e-05,-0.000659749259250974,-0.000138103618259665,-0.000391023076800182,1.42747520880471e-05,6.6665980962059e-05,2.05675848333158e-05,0.0690611707156883,-0.399999842478789,0.187695878353649,0.024121874502136,-0.282118103509261,0.233871632389778,0.196447851227909,0.400000199867363,0.21561125419374,0,0,0,0,0.0380479229285399,0.01,0.01,0.01,0.01,0.372916716104818,0.0952778207489773,0.0478249414510219,0.137159444138529,0.0816588999906126,0.148185740935134,0.01,0.153981626703585,0.0324665478398748,0.304681436314869,0.01,0.01,0.0112136027495432,0.273654967128964,0.01,0.01,0.0871330240094492,0.157796467053225,0.01,2.17634061270136,2.32649580071116,2.2200581795924,2.28277823382011,0,0,0,0,0,0,0,0,0,0,0,0,0,0,0,0,0,0,0,0,0,0,0,0
199,-0.0316952152297663,0.0668837117802388,0.048069801534787,0.0170870264449802,0.00499999966849035,0.0573240690757388,-0.010000001254076,-0.112106066946356,0.0535884117904931,0.763832752542044,3.30269215230666e-06,1.28616244063041e-06,0.6454418879183,-0.0291793877576115,-0.0480164211619992,0.0519971575167317,0.049840337533713,-0.0749999997720745,-0.040507153451549,7.17289983320393e-05,6.13931303708026e-10,-3.12968156957029e-06,-2.62444411114091e-11,1.75856045520256e-05,-3.83046384182602e-05,2.6854756889867e-05,6.87728790368298e-06,-0.000459728462846568,2.64864765754537e-05,2.78577327546276e-05,-1.64040250503669e-07,-0.190849199749866,-0.399999864470291,0.168953583886212,-0.00892525266031881,-0.335799842391572,0.212178787488811,0.170022534197835,0.400000175356492,0.21765773554767,0,0,0,0,0.111736431342494,0.01,0.01,0.01,0.01,0.334170289003893,0.0968329696173005,0.0498529964964676,0.01,0.01,0.25973214220417,0.01,0.0805754948137325,0.130182614290535,0.287470514228211,0.01,0.01,0.01,0.368444474029085,0.01,0.01,0.01,0.165602843842565,0.01,2.26967548774122,2.28832265773787,2.29049421123831,2.26750393424078,0,0,0,0,0,0,0,0,0,0,0,0,0,0,0,0,0,0,0,0,0,0,0,0
200,-0.0321707738296448,0.0649637324899277,0.0478003484939545,0.0170882134409263,0.00499999886015658,0.0573241046925855,-0.00999999973815966,-0.112105709494664,0.0535876845736938,0.763835374249638,3.27950719767527e-06,8.33041091693754e-07,0.64543878539688,-0.0291789531937749,-0.0480158994984495,0.0519971720383172,-0.0749999999885857,-0.0749999995944749,0.013292850008207,6.20181683284038e-05,1.35123679523642e-09,-1.01743355677033e-06,1.01040340129119e-11,1.69404584814543e-05,-3.73004002429603e-05,1.62522078319673e-05,-9.08143982671293e-07,-0.000420269444071223,2.30708448390431e-05,2.54939069474411e-05,-6.51283655451926e-08,-0.056180317270895,-0.399999758864794,0.150000000080434,0.0261417151958362,-0.369903026453287,0.184719566238057,0.231830142861985,0.400000248342428,0.202516232522772,0,0,0,0,0.190303042795618,0.01,0.01,0.01,0.01,0.434491184105085,0.105291283747643,0.0550825709138651,0.01,0.01,0.294966151443908,0.01,0.104832275816942,0.13423380658439,0.369653931556308,0.01,0.01,0.01,0.371321057733623,0.01,0.0112371562359372,0.01,0.169597106470696,0.01,2.2841767572204,2.27053766191066,2.2980793402139,2.25663507891715,0,0,0,0,0,0,0,0,0,0,0,0,0,0,0,0,0,0,0,0,0,0,0,0
201,-0.0337054054798434,0.063043754145431,0.0483725458298366,0.017092706566902,0.00499770151571252,0.0573247403869417,-0.00999999995083569,-0.112106378036244,0.053586749006164,0.763846217662443,5.81033867572465e-06,-3.66558176323451e-07,0.645425952659291,-0.0291770001059453,-0.0480158934193675,0.0519972932738694,-0.0750000000000001,-0.0749999999999986,0.0437744745399301,0.000219387410659271,-8.28103370764479e-05,2.8121504727506e-05,-1.41425143502331e-10,-2.7835947086066e-05,-4.88961403278974e-05,0.000257303732700262,2.4412607878857e-05,-0.00160043539321411,9.28088292054196e-05,7.99091537804104e-06,9.31010882416431e-07,0.26738526849451,-0.399999999999999,0.17936468697397,0.00984197951637767,-0.368266480044789,0.190457527358794,0.256782203001072,0.4,0.235770202261089,0,0,0,0,0.0865686946212399,0.01,0.0193939796781654,0.01,0.01,0,0.110000815325022,0.0782620289203406,0.0730344917407743,0.01,0.140429889941313,0.01,0.146464235032894,0.0420033530440295,0.241364544736788,0.01,0.01,0.01,0.154465325304855,0.01,0.01,0.0744552444358878,0.284680485421108,0.01,1.55479495494122,1.66225459240962,1.62237178204734,1.5946777653035,0,0,0,0,0,0.5,0,0,0,0,0,0,0,0,0,0,0,0,0,0,0,0,0,0
202,-0.0334009213864463,0.0611237751443732,0.0493326867921195,0.0180005192915562,0.00496562494827414,0.0572713397831675,-0.0100001320262427,-0.111995604257111,0.0535847377742192,0.763808358101839,-4.13501335372458e-06,5.01289261658124e-06,0.645470755910897,-0.0291790691824899,-0.0479055731534954,0.0519971579288723,0.0749999999999991,-0.0750000000000005,0.05,0.0749999999999999,-0.00199543104031367,-0.00542271018041053,-4.88026565222287e-05,0.0113375389218626,-6.10232401000168e-05,-0.000671946035707838,-0.000110184848504686,0.00614353653821635,-0.000169050620698866,0.0115765960470451,1.02003622574957e-05,-0.400000000000001,0.281156902880028,0.197016641880577,-0.0368380336652696,0.4,0.25,0.0867789705282288,0.399999999999999,0.25,0,0,0,0,0.01,0.139941637218578,0.01,0.01,0.138141374365975,0.352994063377647,0.167682946212447,0.22170780768021,0.01,0,0.01,0,0.240265201326781,0.01,0.0823455537614779,0.01,0.01,0,0.01,0,0.01,0.423557998211441,0,0.01,0.942010841948704,1.18282776157785,1.05445301278553,1.07038559074102,0,0,0,0,0,0,0,0,0,0.5,0,0.5,0,0,0,0,0,0.5,0,0.504893352825502,0,0,0.5,0
203,-0.0345688062944065,0.0605861481418678,0.0503483756027749,0.0180593730578836,0.00500000000909717,0.0572936881398813,-0.0100144338815461,-0.111940510411137,0.0535860907766506,0.763590587158536,3.44332748738304e-08,-8.33282865637773e-06,0.645728366311707,-0.0292321691911117,-0.047867560130583,0.0519980797704547,-0.0749999998727873,0.0207585055722873,0.0499999999991343,-0.0174448241439005,1.07865539485309e-08,0.000220827174474992,-0.000427465064628777,-0.00316022393903038,0.000439800742271872,-0.00394621328935571,-0.00427920785797598,0.166778592275598,-0.0096703054872967,-0.0067935152886132,4.29254982168424e-05,-0.327801166772495,0.400000009026713,0.229009608471358,-0.117602262805866,0.400000019076433,0.249999995342264,0.112553650450766,0.399999959148158,0.249241019851241,0,0,0,0,0.01,0.441673894468621,0.01,0.01,0,0,0.188590701840672,0.281359429256331,0.01,0.20330264840842,0.01,0,0.0470699420309348,0.0959609519585507,0.230093359550949,0.01,0.01,0,0,0,0.01,0,0.664941216756643,0.01,0.67334242711225,1.06535302598858,0.799738024148253,0.938957428952579,0,0,0,0,0.5,0.5,0,0,0,0,0,0.5,0,0,0,0,0,0.616873819360193,0.5,0.500884986550097,0,0.5,0,0
204,-0.0363768618583315,0.0623691571486872,0.0511844379668661,0.0176420740085726,0.00500000020971912,0.0572967482921219,-0.0102763966338644,-0.111982156114875,0.053587467594683,0.763096499695962,-5.52942465295198e-06,-9.83156183915646e-06,0.646312187085381,-0.0295768048476186,-0.0479406160862318,0.0519980115760799,-0.0750000000000002,0.0750000000000021,0.0336877967936397,-0.0261393419938721,2.82537735781765e-09,7.30982358673635e-05,-0.020366873571544,-0.00107354849485139,5.07740595798243e-05,-0.000120558430763184,0.000176429405400403,0.0569422919394451,-0.0234622803597237,-0.00239433772756507,3.50466513569881e-06,-0.132796167785465,0.400000000000001,0.18280594177919,-0.0653896872134467,0.4,0.25,0.0825445382627367,0.4,0.15,0,0,0,0,0.01,0.4126055679179,0.01,0.01,0,0,0,0.273106797406212,0,0.01,0.01,0,0.211485453420577,0.01,0,0.01,0.01,0,0,0,0.01,0,0,0.01,1.00525913103673,1.44870330993692,1.17323146232528,1.28073097864837,0,0,0,0,0.5,0.5,0.5,0,0.5,0,0,0.5,0,0,0.5,0,0,0.624170475274073,0.5,0.5,0,0.663334960835449,0.5,0
205,-0.0381636934044614,0.0642891361497468,0.0521269242064106,0.0171926717590906,0.00500000022597044,0.0572977316107604,-0.01043302635359,-0.112053971710882,0.0535877933333804,0.762135521702728,6.71537345420969e-07,-9.68533636003282e-06,0.647445109070574,-0.0298957727904915,-0.0480748756453066,0.0519979851404126,-0.0750000000000002,0.075000000000003,0.05,-0.018648418962149,1.23543394071322e-10,1.88429637695435e-06,-0.000597238139508883,-0.00447358446983467,3.025155268149e-05,6.40702799737057e-05,0.000876220013356053,0.183473657933049,-0.0106319625882957,-0.00834910702580072,-6.18822219936048e-06,-0.151966321529317,0.400000000000002,0.15,-0.0458902286125854,0.400000000000001,0.25,0.101570075304197,0.400000000000001,0.15,0,0,0,0,0.01,0.394373070014272,0.01,0.01,0.01,0,0,0.239978417540225,0,0.01,0.01,0,0,0.01,0,0.01,0.01,0,0,0.558281690867149,0.01,0,0,0.01,0.714553698891124,1.15835183450551,0.873741300549596,0.999164232847035,0,0,0,0,0,0.5,0.5,0,0.5,0,0,0.596304532636724,0.5,0,0.5,0,0,0.614390933699288,0.5,0,0,0.719698836925711,0.5,0
206,-0.0399836298137439,0.0662091151507985,0.0531312521926096,0.0171082542316166,0.00500000021181804,0.0572975510394048,-0.0103426188702108,-0.11209533955826,0.0536046133832756,0.761694403842705,3.11124058837492e-06,-1.20444152721618e-06,0.64796401270793,-0.0299208218875375,-0.0481384031818265,0.0519980003089316,-0.0750000000000004,0.0750000000000014,0.0499999999999998,0.000999085078919132,1.02954747873603e-11,6.75119455626295e-05,0.00729782523943921,-0.00119772200965945,0.00168446074537554,0.000246161787984523,-8.4843386816065e-05,0.0218477872081063,0.00196761584995574,-0.000993447073425404,1.21293236381989e-05,-0.4,0.400000000000001,0.15,-0.4,0.400000000000001,0.25,-0.00160992022659128,0.400000000000001,0.15,0,0,0,0,0.01,0.978010086915925,0.01,0.01,0,0,0,0.233613247662794,0.01,0,0.01,1.47061024927735,0.01,0.01,0.01,0.01,0.01,0,0.01,0,0.01,0,0,0.01,0.586585952468939,1.00899833129586,0.790479004756198,0.805105279008603,0,0,0,0,0.5,0.5,0.5,0,0,0.5,0,0,0,0,0,0,0,0.586213289137663,0,0.5,0,0.841755216753367,0.5,0
207,-0.0419035878179343,0.0681290941518411,0.0536669421926108,0.0159366934369171,0.00500000022188967,0.057492664721098,-0.0106651384649005,-0.112234220906169,0.0536064639206191,0.76161775308409,-4.45236594177484e-06,-1.01158975466682e-05,0.64805410643257,-0.0302568264299683,-0.0482816735813819,0.0519979596875426,-0.0749999999999998,0.0750000000000004,0.0038000000000015,-0.0749999999999988,1.17571285555314e-08,0.0170921167434918,-0.0298512434625112,-0.00926856830808514,2.08673074254278e-05,-0.000905138080656169,0.00102316716931133,0.0422068633305434,-0.0321435975252635,-0.0102755152481571,-5.1043499348852e-05,-0.308771212976506,0.4,0.15,-0.399999999999999,0.400000000000004,0.175930033464292,0.114693050368174,0.400000000000002,0.15,0,0,0,0,0.01,0.993037281972808,0.01,0.01,0,0,0,0.163971914451531,0.01,0.212216331145552,0.01,0,0.01,0.473729250106098,0.01,0.01,0.01,0,0.01,0,0.01,0,0,0.183331937965138,1.02935181417599,1.36732224927711,1.16457773712974,1.23209632632337,0,0,0,0,0.5,0.5,0.505325966404141,0,0,0,0,0.5,0,0,0,0,0,0.5,0,0.547014051035673,0,0.5,0.5,0
208,-0.0438235452880709,0.0700490728846253,0.0532786322002601,0.0141889667433338,0.00500000052862901,0.0578910212007454,-0.0119492165400426,-0.112290285880636,0.0536450420881541,0.762615174159611,-7.28611987674959e-06,-8.36083115803141e-06,0.646880080569664,-0.0312919674026352,-0.0482859013864155,0.0519980626951377,-0.0749999999925025,0.0749999999534858,-0.0424000000020112,-0.0749999999557126,1.27132870891454e-08,0.0182204856656045,-0.0749999997725308,0.00113789903733584,0.000384949778359131,-0.00233539862677047,0.00495801233870794,-0.265309501326978,-0.0704472471044668,0.00629935501735425,-9.67611295624594e-05,0.219854466485758,-0.400000027658472,0.181539282997217,0.29013931413803,-0.214108063255225,0.150000000963733,0.400000135251702,0.399999981509809,0.195217850088715,0,0,0,0,0.442928556089982,0.01,0.01,0.01,0.01,0.832842662633941,0.01,0.01,0.01,0.01,0.590041244525636,0.01,0.0470715062161108,0.01,0.779171868464316,0.01,0.01,0.01,0.354008877280783,0.01,0.01,0.01,0.543139138600946,0.01,1.81106568181218,1.76197388690336,1.7658678197738,1.80717174894174,0,0,0,0,0,0,0,0,0,0,0,0,0,0,0,0,0,0,0,0,0,0,0,0
209,-0.0432939176297518,0.0688491181131544,0.0525723509042955,0.0148024035749532,0.00490823544503288,0.0578677172618432,-0.0116054433666554,-0.112333538573711,0.0535926160168822,0.762803116065648,7.73844942448565e-06,6.48257351866371e-06,0.646658449782795,-0.0314555050887493,-0.0482290226975927,0.0519972980136015,0.0749999999999999,-0.0749999999999989,-0.0282986356531608,0.075,-0.0097019957480717,-0.00586559226512578,0.0750000000000002,-0.0086431775575146,-0.00608540006260013,-0.00108034815167866,-0.000182379131983159,-0.0111721735666096,0.0290471392858686,0.00201062814289628,1.19361126868007e-05,-0.233358319598283,0.400000000000001,0.15,0.0867058626297622,0.399999999999998,0.214173412938665,-0.348534935190045,0.399999999999999,0.249999999999999,0,0,0,0,0.01,0.01,0.01,0.01,0.995220267096971,0.01,0.192987667431308,0,0.01,0,0.01,0.01,0.01,0,0.01,0,0.0326265106439754,0.0720894790669776,0,0.01,0.01,0,0.01,0.915094817201129,1.35391202625953,0.834162628821289,1.0426174670947,1.14545718798612,0,0,0,0,0,0,0,0.5,0,0.537636406223562,0,0,0,0.761502433321426,0,0.5,0,0,0.5,0,0,0.5,0,0
210,-0.0430638709069327,0.0700490731144358,0.0525470682042563,0.0164629078724,0.00500000012774392,0.0581795133252343,-0.0128007614211671,-0.111750672982065,0.0532715832849272,0.763759912719509,-5.73290467519272e-07,1.58394939791594e-06,0.645528150117161,-0.0312185016500564,-0.047791694601114,0.0519974713140701,-0.0513635101605695,0.0750000000000046,0.0255013656427178,0.0749999999999994,-5.26963414825287e-08,0.0280759300945323,-0.075,0.0316675099348486,-0.0228558930002826,-0.00563734698270006,-0.00174002226848195,-0.526040654460719,0.00173638133034159,0.0307463933941671,0.000307533057308241,0.400000000000001,0.400000000000003,0.208508824517286,-0.4,0.4,0.239099041365704,0.0527751610109401,0.4,0.25,1.12097987084077,0.01,0.01,0.01,0.01,0.698226187355368,0.01,0.0558141107427934,1.2826990943571,0.01,0.0132744883518987,0.01,0.01,1.0116317971612,0,0.01,0.01,0,0.01,0,0.01,0.342544532599844,0.01,0.316228351646471,0.01,0.681910582375266,0.01,0,0,0,0,0,0,0,0,0,0,0,0,0,0,0,0.5,0,0,0.642447198527932,0,0.5,0,0,0,0,0,0,0,0.692801032844823
211,-0.0416748689792129,0.0719690521154796,0.0525927855171105,0.0157667447790442,0.00500000018931244,0.058270967147231,-0.0146794942727462,-0.111433508428887,0.0532883181805733,0.767170998308435,-7.26662705239606e-06,-4.78180857908086e-06,0.641470653384061,-0.0319113145946938,-0.0473772692466438,0.0519976650553363,0.0749999999999992,0.0750000000000005,-0.0206986343572847,-0.0750000000000019,1.56287872349947e-08,0.000443340901341408,-0.075,0.00806318317970154,0.00506612754346486,0.014979086130339,0.00636532006372246,-0.458606929351072,-0.0660361495083406,0.0132888020017628,-0.0003092317305438,0.169410917311318,0.4,0.212136002729262,-0.400000000000001,0.4,0.25,0.063628067142425,0.4,0.25,1.01117488495433,0.01,0.01,0.01,0.01,0.6180885492753,0.043518914788734,0.102835759618676,1.13619167685901,0.01,0.0198501070434301,0.0857001456679587,0.01,0,0.01,0.01,0.01,0,0.01,0.51581168558312,0.01,0.188317062162688,0.01,0,0,0.641456176270646,0.01,0,0,0,0,0,0,0,0,0,0,0,0,0,0,0.5,0,0,0,0.524698292611242,0,0,0,0,0,0.5,0.5,0,0,0.684443716743711
212,-0.0397764158858287,0.073889031116574,0.0527195028299648,0.0140444532631635,0.00500000020675405,0.0583955318664267,-0.0166733238838783,-0.111325579670173,0.0533561241452882,0.769139456821957,-7.1378459887873e-06,-7.19978659564315e-06,0.639109134571383,-0.0335094293434635,-0.0471649773837265,0.0519979706376229,0.0749999999999997,0.0750000000000012,0.033101365642715,-0.0750000000000001,-4.90643253368641e-09,0.00299390945380446,-0.075000000000005,0.00480771131831053,0.0034771520303169,0.00694112576970144,0.0112576114079132,-0.229715667759281,-0.0917133368031185,0.0074462878038257,-0.000537012092416884,0.229636579223673,-0.399999999999999,0.174011576441521,0.192537547910963,-0.12420244951572,0.15,0.399999999999997,0.400000000000001,0.25,0.01,0.341024581295298,0.11029099095206,0.0727027173031086,0.0505577427942057,0.01,0,0.01,0.01,0.879740882960449,0.24258182592942,0.160018745319494,0.641453190060448,0.01,0.01,0.0666201898623434,0.655846494308272,0.01,0.568977512383831,0.01,0.01,0.296055113405528,0.139671352360192,0.01,0,0,0.677049688196774,0.01,0,0,0,0,0,0,0.5,0,0,0,0,0,0,0,0,0,0,0,0,0,0,0,0,0,0.5,0.5,0,0
213,-0.0380332694297144,0.0726890762999275,0.052917220181031,0.013505973641241,0.00500000002748766,0.0583966962500387,-0.016487303430386,-0.111455774958526,0.0532233566073903,0.76927566585937,8.12936039691424e-06,2.24045444142702e-06,0.638945179902612,-0.0340718277716775,-0.0471456884315497,0.0519974724462645,0.0749999999999997,-0.0750000000000013,-0.0130986305551545,0.0130427964313999,-4.02184296968656e-10,-0.00043905874305214,0.0750000000000003,-0.014564585315866,-0.0131450314201403,-0.00163701990758085,0.00529894978792354,-0.0120621618152881,0.0123713235191267,0.00051671097119674,-0.000165075074836019,0.222761500700803,-0.400000000000001,0.208825985839894,-0.0568471452454174,-0.355154607786351,0.15,0.0211872785260864,0.399999999999999,0.25,0.01,0.581100089129975,0.110895116742245,0.052690958813517,0,0.0120544149180882,0,0.0238721165332288,0.01,0.680412839578935,0.197283509659,0.168403571426682,0,0.01,0.01,0.16503500773986,0.572116881774598,0.01,0.408574725949981,0.01,0.01,0.295571354252808,0.0361345463774043,0.01,0,0,0,0.01,0,0,0,0,0.5,0,0.5,0,0,0,0,0,0.5,0,0,0,0,0,0,0,0,0,0,0,0.5,0.5,0.5,0
214,-0.0361881832945893,0.0707690971954003,0.0529583131831272,0.0137404430958405,0.00499999995110588,0.0583982776955181,-0.0147931857973694,-0.111737826339173,0.053407752988534,0.768763636519967,4.50074102200321e-06,-7.83150765945985e-07,0.639561152817608,-0.0337692640360997,-0.0472177861451223,0.0519979269645883,0.0749999999936315,-0.0750000000204135,0.0170571517927689,0.0128301286456989,3.68529626780761e-09,5.53994627209992e-05,0.0750000000299552,-0.0147457177179979,0.0201229112292212,0.000669968664959401,0.00017525188119145,0.141586721230501,0.0188809959263212,-0.00617099573087105,-4.92778734679848e-06,0.399999996213361,-0.400000012138222,0.224184899206591,0.021194874406437,-0.318295659470943,0.177648125090616,0.400000017811134,0.399999993866239,0.249999999867275,0.01,0.480874539485305,0.145992426462053,0.143917437957853,0,0.01,0.041350538756929,0.01,0.01,0,0.01,0.01,0,0.01,0.138600117985086,0.01,0.474109228362127,0.01,0.396200629365591,0.01,0.01,0.01,0.248921125295822,0.01,0,0.01,0.453757425941149,0.01,0,0,0,0,0.5,0,0,0,0,0.5,0,0,0.5,0,0,0,0,0,0,0,0,0,0,0,0.5,0,0,0
215,-0.0342682253285155,0.0688491182918355,0.0537166725374293,0.0138581218122001,0.00491584035836407,0.0583992958255263,-0.0148856225548811,-0.111791046856239,0.0534874996406563,0.768837939431964,-1.42683291799595e-06,-6.91628131278246e-06,0.639471830120641,-0.0336624377405479,-0.0472953275228435,0.0519975024775972,0.0750000000000024,-0.0749999999999962,0.0500000000000001,-0.000378563139842867,-0.00230915371657778,0.000113971598709178,-0.0557722743881346,0.00841068662708746,-0.00127411576711698,0.00230262812127287,0.000890234984529271,-0.0234524931974469,-0.0013349808082151,-0.00103186251985124,2.97459105177756e-05,0.400000000000001,-0.399999999999998,0.15,0.16167413900098,-0.171704244375816,0.156880190013488,0.399999999999998,0.296502413809223,0.25,0.01,0.453066162634449,0.185558438416651,0.145676743504075,0,0,0.01,0.01,0.01,0.685845044696783,0.01,0.01,0.319317963925388,0.01,0.325684525189239,0.01,0,0.01,0.352240080475764,0.01,0.01,0.01,0.376574747269966,0.01,0,0.01,0.415618739355757,0.01,0,0,0,0,0.5,0.5,0,0,0,0,0,0,0,0,0,0,0.5,0,0,0,0,0,0,0,0.5,0,0,0
216,-0.032348267324318,0.0669291392907906,0.0543199392779559,0.013840793432128,0.00490719566403125,0.058399973193914,-0.013748369493006,-0.112008458568273,0.0532590198371142,0.768826924752078,5.73943598957291e-06,-8.26216387458798e-06,0.639485072898526,-0.0336749040926053,-0.0473032934596052,0.0519974059102926,0.0750000000000041,-0.0749999999999944,0.0105240537837048,-0.000268164567832157,-8.13788319511226e-05,-4.47576976678918e-06,0.0750000000000002,-0.016996432081845,-0.023147944505075,-0.00149776651693247,0.00156740741110837,0.00235427343847776,-4.36103249845286e-06,-4.01318726824548e-05,9.02318796062418e-05,0.400000000000002,-0.399999999999997,0.164348926479899,0.0192767214549543,-0.399999999999999,0.169013121322221,0.233876251076045,0.337768711423891,0.243389835864175,0.176047768429098,0.163988759269558,0.168026755261109,0.172010717717348,0,0,0.0593481127106868,0.0161610052797888,0.01,0.535595867953007,0.0584130961840314,0.0144359993588573,0.152324953662432,0.01,0.330649523017398,0.01,0.202933148014957,0.01,0.401000519980981,0.01,0.01,0.01,0.263428917806625,0.01,0.0218646078063514,0.01,0.333783869492846,0.01,0,0,0,0,0.5,0.5,0,0,0,0,0,0,0,0,0,0,0,0,0,0,0,0,0,0,0,0,0,0
217,-0.0304283092938139,0.0650091601947146,0.0544258924834623,0.0138414279676967,0.00490730577641186,0.0583987819336915,-0.0121552691465815,-0.112304567429896,0.0529363629245006,0.768824192358292,6.98508761560864e-06,-1.86688277361106e-06,0.639488357975139,-0.0336735749247848,-0.0473042841895368,0.0519972873019486,0.075,-0.0749999999999983,0.000123270682544131,-4.12168269351779e-05,-6.34947805109729e-05,-1.19451957085635e-05,0.0750000000000001,-0.0149057010453735,-0.0111962048430079,-0.000828792163978528,-0.000173596414075944,0.000641295009547978,2.84847017537323e-05,-2.27689562173756e-05,2.50021043225866e-05,-0.162087153503453,-0.399999999999999,0.15,0.0369146348253111,-0.4,0.202778105879253,0.132470670291167,0.4,0.208477153545587,0,0,0,0,0,0.01,0.01,0.01,0.01,0.307799738687433,0.146870401621941,0.07055297530446,0.01,0.01,0.493631737857344,0.01,0.01,0.412028053917536,0,0.01,0.01,0.01,0.476369739346738,0.01,0.01,0.01,0.0763675253335338,0.01,1.63795959327867,1.52464704820413,1.58342791545724,1.57917872602556,0.5,0,0,0,0,0,0,0,0,0,0,0,0,0,0.5,0,0,0,0,0,0,0,0,0
218,-0.0294778001120721,0.0630891812095581,0.0539640479137145,0.0139438154726511,0.00500000007192591,0.0583978473865188,-0.0106492173086175,-0.112470830406356,0.0525987418682002,0.768195028244388,1.24816575430539e-05,2.33000405071994e-06,0.640244018924612,-0.0334869853779868,-0.0472981194266652,0.0519970870061522,0.0203242966892738,-0.0750000000000007,-0.0460767276656282,0.00797699313459929,-1.85419652839834e-08,-0.000340348421014658,0.0750000000000004,-0.0156154594048606,-0.0183287719580125,-0.00389134665229525,0.00187585626213865,0.0934052629036217,0.0116392905473176,-0.00584299764268033,-8.18114796857253e-05,0.0631521641818189,0.399536980033974,0.25,-0.115906094404675,-0.4,0.25,-0.0185100434493204,-0.069946855189525,0.168048326407869,0,0,0,0,0.329368845832998,0.01,0.01,0,0.01,0.23960072025226,0.0182175762904085,0.01,0.0350367537950564,0.0348284088507243,0.461426636258644,0.01,0.01,0,0.343257022769995,0.01,0.187538685458994,0.01,0.670339172121209,0.01,0.01,0.01,0.0263402838444774,0.01,2.56491390030084,2.4626411598432,2.43696259473946,2.59059246540458,0,0,0,0.5,0,0,0,0,0,0,0,0,0,0.5,0,0,0,0,0,0,0,0,0,0
219,-0.0307720227835112,0.0614534256769779,0.0529303658189812,0.0144571922727405,0.00495266878307227,0.05835796651034,-0.00999999995623455,-0.112548090930069,0.052627266011479,0.768409213878372,-1.49292809505495e-06,6.3270704899944e-06,0.639986948820009,-0.0331182498024965,-0.0472984410288922,0.0519973764334859,-0.0750000000000003,-0.0750000000000007,-0.0500000000000002,0.0416470501562827,-0.00437668116298193,-0.00695781612334724,-4.2885145952949e-09,0.00415203803285126,0.000477273976152445,-0.00482616637619039,0.000742427076670571,-0.209291014522991,0.0116507613348721,0.00907863716886061,0.000174491745698814,0.154425175232809,0.350041095061672,0.25,-0.170717935185194,-0.4,0.25,0.0546608420352369,-0.151622213558045,0.15,0,0,0,0,0.304039200782142,0.01,0.01,0,0.01,0.249671383117625,0.01,0.01,0.0528150470703762,0.0480627397289581,0.468817327729357,0.01,0.01,0,0.407353892196269,0.01,0.191447348155885,0.01,0.654582109509185,0.01,0.01,0.01,0.0501000548103298,0.01,2.45118908276621,2.3373328933732,2.31774041011898,2.47078156602044,0,0,0,0.5,0,0,0,0,0,0,0,0,0,0.5,0,0,0,0,0,0,0,0,0,0
220,-0.0324098119866171,0.0598104720953271,0.0518947783522698,0.0150002624546876,0.00488449927010434,0.0582988256269162,-0.00999999994541576,-0.112500060280085,0.05262815512249,0.769764830275034,8.36385427624061e-08,5.09917354376644e-06,0.638355812457022,-0.032882183217436,-0.047145953314196,0.0519975056152541,-0.0750000000000002,-0.0750000000000006,-0.0499999999999996,0.0175894441756759,-0.00161033894972887,-7.62563255734643e-05,2.26581530484459e-10,0.00215235573154815,0.000103124854392119,-0.000740043167343872,-8.36944897453667e-05,-0.178089382715285,0.00994114186349753,0.00656960551510181,8.80200783948488e-06,0.151076796227239,0.326476939772886,0.25,-0.138613351468142,-0.4,0.25,0.0442153663198888,-0.224289921407543,0.158101750956476,0,0,0,0,0.315197404474572,0.01,0.01,0,0.01,0.245263462154344,0.01,0.01,0.0239773089530652,0,0.432139219993732,0.01,0.01,0.383301597274566,0.433984577620183,0.01,0.189397825536749,0.01,0.645329858187202,0.01,0.01,0.01,0.0784866801569769,0.01,2.33973493975623,2.21366169601463,2.24835302141258,2.30504361435829,0,0,0,0.5,0,0,0,0,0,0.5,0,0,0,0,0,0,0,0,0,0,0,0,0,0
221,-0.0341338215080033,0.0579372818691859,0.0509659982197354,0.0153469492850218,0.00484584236127158,0.0582965600497212,-0.00999999994879471,-0.112462941140069,0.0526290262993387,0.770876100792261,7.60245440867828e-07,5.38509697425153e-06,0.637013414015851,-0.0326875821469065,-0.047023075787359,0.0519974657830934,-0.0750000000000003,-0.0750000000000007,-0.0429134460232433,0.0170796608027955,-0.00201846705514391,-0.000113820153773479,-7.65020435574274e-12,0.00174644915788703,4.75149325910802e-05,1.44498585299873e-06,8.92224584949886e-06,-0.171659266654884,0.00959176834308932,0.0059556292836256,-9.69745961833041e-07,0.158538141406085,0.352360755392543,0.232785781135388,-0.143168422542337,-0.4,0.25,0.0536106223086887,-0.241802312114577,0.15,0,0,0,0,0.322350625815494,0.01,0.01,0,0.01,0.259222004104456,0.01,0.01,0.0167972586194288,0,0.420995672195961,0.01,0.01,0.359195308211344,0.454181065319934,0.01,0.185398591413938,0.01,0.646972727049953,0.01,0.0220460207857528,0.01,0.070845206242783,0.01,2.18519817493318,2.04672773747008,2.09283868034017,2.13908723206309,0,0,0,0.5,0,0,0,0,0,0.5,0,0,0,0,0,0,0,0,0,0,0,0,0,0
222,-0.0358377372428747,0.0560765519593537,0.0501842452632701,0.0157982989235525,0.00478314808852942,0.058271134481498,-0.00999999995484288,-0.112427083636172,0.0526299792988544,0.772122405443448,9.68172559504131e-07,5.25545452630176e-06,0.635502212986955,-0.0324686312584723,-0.0468914731441283,0.0519974777664778,-0.0749999999999999,-0.0749999999999995,-0.0352999172671005,0.028087385811741,-0.00418813246370991,-0.00241852801693627,-3.16868504050354e-11,0.00194184755194962,5.04093070897562e-05,-1.57939834231921e-05,-8.97125768665322e-06,-0.220919792745406,0.0123521348001823,0.00732105674238465,9.5731428220878e-07,-0.347022008744391,0.101906805509798,0.15,-0.399999999999999,0.399999999999999,0.154613015638305,0.255856539027035,0.399999999999999,0.166793414893594,0,0,0,0,0.01,0.879890790358208,0.01,0.01,0,0,0,0,0.01,0.599833833872684,0.01,0,0.01,0.170220107997939,0.01,0.0902584037734825,0.01,0,0.01,0,0.01,0,0,0.358483903152348,1.94283125553761,2.60001711000019,2.21518689781071,2.32766146772709,0,0,0,0,0.531153067608509,0.717123584300512,0.5,0.536218845719634,0,0,0,0.5,0,0,0,0,0,0.972619186800381,0,0.5,0,0.589988494631251,0.5,0
223,-0.0377576952470428,0.0568385827488197,0.0495011733536991,0.014737255683172,0.00500000017720197,0.0584959714942076,-0.0101233773334205,-0.112401271776882,0.0526714108486927,0.771177915590194,9.25158554923746e-05,-0.000122775576955001,0.636648016108348,-0.0327071255670345,-0.0469460419535188,0.0520126285004678,-0.0750000000000001,0.0749999999999994,-0.0330186798769296,-0.0688813810718477,-3.98150430127729e-08,0.0110534211712829,-0.00628576594427162,-0.0186374087725941,-0.000851278079980707,-0.00587183626450507,0.0422967883378072,0.436045486482852,-0.0302910909306959,-0.0275396737245966,-0.000177204769144874,0.121246057634271,0.28679914500448,0.2133471885213,-0.0390716617538397,-0.4,0.235682035773993,0.117885379371448,-0.0889912280033658,0.158930364653605,0,0,0,0,0.463305741953366,0.01,0.01,0,0.01,0.31526523056998,0.0308815442079175,0.01,0.0389460302744725,0.102809245476144,0.505444670083664,0.01,0.01,0.34110100431789,0.511255893563628,0.01,0.141963809593364,0.01,0.698287332423068,0.01,0.157962116860997,0.01,0.0461915915328411,0.01,2.06944379647977,1.93427080056166,1.9418224844405,2.06189211260093,0,0,0,0.5,0,0,0,0,0,0,0,0,0,0,0,0,0,0,0,0,0,0,0,0
224,-0.0394447510767277,0.0556386277464894,0.0485330739146841,0.0153517746385464,0.00478696176687465,0.0582868803138526,-0.00999999994220808,-0.11252451818046,0.0526513640048925,0.770488017348452,9.1397802769618e-06,1.95279249255886e-06,0.637482819697968,-0.0327308356024018,-0.0471194501739204,0.0519968611467226,-0.0750000000000005,-0.0750000000000004,-0.0499999999999998,0.0750000000000001,-0.0174845646980097,-0.018636053131862,1.42147323774252e-09,-0.000324165936786241,-3.45811128364304e-05,0.00127055398493342,0.00114645119951014,-0.137704735894147,0.007757664219199,0.00325931568668476,0.000119293541032334,0.4,0.193225379930491,0.25,0.158336895277528,-0.4,0.159114048083606,0.279156059385588,-0.113519322462271,0.213912782162586,0.425544719547765,0.01,0.01,0.01,1.62248970427931,0.01,0,0.0411908338317431,0.01,0.703746084837561,0.01,0.01,0.01,0.250095191767793,1.60092595921226,0.01,0.01,0,1.35620354441202,0.01,0,0.01,1.20403661370715,0.01,0.01,0.01,0.19048060737809,0.01,0,0,0,0,0,0,0.5,0,0,0,0,0,0,0,0,0,0,0.5,0,0,0.581423155010362,0,0,0,0,0,0,0
225,-0.0382448411137273,0.0559075298895672,0.0474955382596634,0.0172277540863646,0.0039390099201589,0.0579349902429307,-0.00999999999267827,-0.112991572718876,0.052669277764309,0.772538367292795,5.14266346127538e-06,2.44162198356523e-06,0.634996583552186,-0.032387549990742,-0.0474219440588761,0.0519974605278885,0.0749999999999997,0.0749999999999986,-0.0500000000000001,0.0750000000000003,-0.0664287468948439,-0.0147764372070015,5.57560264683479e-09,-0.0447369671245799,0.00172765031608494,0.00022193683346973,-0.00506451107124205,-0.539389475640764,0.0285710581297565,-0.0302419041713713,0.000181729411173111,-0.4,0.399999999999999,0.240957309028803,-0.4,0.399999999999999,0.25,0.341987950656946,0.399999999999999,0.25,0,0,0,0,0.01,0.767943821746208,0.01,0.01,0,0,0,0,0.01,0.594838239941447,0.01,1.07561537974849,0.01,0.10623660999527,0.01,0.0711545929791205,0.01,0,0,0,0.01,0,0,0.190283774007339,1.95791067882379,2.40154068704867,2.1297107843328,2.22974058153966,0,0,0,0,0.5,0.698475010813195,0.5,0.560263542792727,0,0,0,0,0,0,0,0,0,0.717984220696272,0.5,0.5,0,0.5,0.5,0
226,-0.0394447511227306,0.057672551872848,0.0464470282596641,0.0160220558397093,0.00500000010129303,0.0582195141042813,-0.00999999995790068,-0.112549445077637,0.0528412333776123,0.77185732651561,-8.55606584976564e-06,4.4549798407377e-06,0.635824271121856,-0.0321706098659148,-0.0470992293560192,0.0519976327364967,-0.0749999999999993,0.0749999999999994,-0.0499999999999998,-0.0749999999999998,3.31740415852152e-10,0.0410251350811113,1.81180249292511e-10,0.0727820526986222,0.0142005469682526,-0.000316315292347544,-0.000423073582136686,0.481576025229554,0.00237700170234958,0.055406522405455,4.19555545894083e-06,-0.4,0.4,0.25,-0.4,0.399999999999999,0.199975993737937,0.214542506219992,0.399999999999999,0.17371566663428,0,0,0,0,0.01,0.897195668422284,0.01,0.01,0,0,0,0,0.01,0,0.01,0.943432870701255,0.01,0.01,0.01,0.01,0.01,0,0.01,0,0.01,0,0.240119134945592,0.033793669431801,0.910574034221048,1.49819138282829,1.16121933670114,1.24754608034819,0,0,0,0,0.5,0.719147264252043,0.571151443551539,0.677058025869798,0,0.5,0,0,0,0,0,0,0,0.673759234515925,0,0.5,0,0.771910048582829,0,0
227,-0.0412892487875237,0.0595925308739091,0.0459877182596636,0.0147484097704984,0.00500000018050311,0.0588558763373654,-0.0101469786914552,-0.112394205833531,0.0529410626799861,0.770711250328661,0.00026079439134143,-0.000314615519035037,0.637212914678503,-0.0324336706712414,-0.0470470288860931,0.0520389484150658,-0.075,0.0750000000000012,0.00380000000000024,-0.0750000000000001,3.81474821561598e-08,0.0257901867154727,0.00439243342720355,-0.0110898496892221,0.000616555970183565,0.0281250636603494,-0.0239866296512825,0.442652742794725,-0.0207708667896014,-0.023749669074163,0.00149036061738379,-0.00679406693180214,-0.399999999999999,0.15,0.270252467996821,-0.4,0.188496990120879,0.19839031696441,0.30913341176789,0.166128874578883,0,0,0,0,0.600931709034958,0.01,0.01,0.01,0.01,0.357617020711962,0.136778522874307,0.0793472855135003,0.01,0.0120410736617726,0.680144530381942,0.01,0.01,0.313163946984572,0.408217436492923,0.01,0,0.01,0.249197761905832,0.01,0.17131813674991,0.01,0.129312390035539,0.01,1.60192103685478,1.47037848741894,1.5515883887382,1.52071113553552,0,0,0,0,0,0,0,0,0,0,0,0,0,0,0,0,0.5,0,0,0,0,0,0,0
228,-0.0426612902556221,0.0583925759627769,0.046266250606042,0.0154210263045817,0.00478163496328621,0.0585951861674892,-0.0099999999506646,-0.112523495922174,0.0529408603958874,0.76991398214238,5.27929190999114e-06,2.82971796824805e-07,0.638176152695689,-0.0324337239440641,-0.0472373853557918,0.0519975237400228,-0.0622678077718818,-0.0749999999999998,0.0239524722764076,0.0749999999999997,-0.0184303811943364,-0.022589067718122,1.3934528222876e-08,-0.00232617825105184,-0.000378175897859542,-0.00208837692035515,-0.0064061266661555,-0.144640216366134,0.00815928122240415,0.0016487990566062,-0.000654495642937182,-0.190105408681389,-0.0394956785359084,0.158915021021321,-0.4,0.279727304860337,0.15,0.00349617169679819,0.13645106760752,0.15,0,0,0,0,0.01,0.50350272627819,0.111344773699273,0.0229728310333278,0.30393854631523,0,0.153862013267009,0.0812113559652369,0.01,0.01,0.01,0.269695558883805,0.01,0.01,0.01,0.01,0.01,0.297554405291171,0.01,0.440256558149173,0.01,0.241079786098395,0.01,0.251668630343398,1.47002731658234,1.80317507895947,1.67047925855506,1.60272313698676,0,0,0,0,0,0.5,0,0,0,0,0,0,0,0,0,0,0,0,0,0,0,0,0,0
229,-0.0441823491479741,0.0564725969750253,0.0467999403603826,0.0143619480052819,0.00500000011851155,0.0579628144100864,-0.0112666647908432,-0.112267888582852,0.0529159662499423,0.770305279803876,-5.70753782511432e-06,-5.45636442436725e-06,0.63770379601709,-0.0326380470953551,-0.0471365931339545,0.0519973062636984,-0.075,-0.0749999999999994,0.0293893189244699,-0.075,1.959922820459e-07,-0.0306604408377296,-0.0749999999999999,0.0159790956314482,-0.00184769188142281,-0.000259188713474284,-0.00977408974691264,-0.083754561718222,-0.0222361347150285,0.00260291791137148,-0.000453320271268013,0.212703222448154,-0.4,0.225164824125407,0.13189982676185,-0.400000000000001,0.217297130577783,0.317832125526744,0.399999999999999,0.215987936633638,0,0,0,0,0.245535544861087,0.01,0.0140912388305144,0.01,0.01,0.470886223532531,0.0965007893420632,0.0622157297700242,0.01,0.01,0.277568721336206,0.01,0.107937288257002,0.0553225850335,0.299468779913632,0.01,0.01,0.01,0.265834300764634,0.01,0.0270474547389524,0.01,0.3186936433712,0.01,1.49686284209455,1.59448666955874,1.56291700699973,1.52843250465357,0,0,0,0,0,0,0,0,0,0,0,0,0,0,0,0,0,0,0,0,0,0,0,0
230,-0.0438561844207912,0.054552617973976,0.0475588278606042,0.0145819655945014,0.00496935049703997,0.0579338383050064,-0.0110205261435604,-0.112293806529343,0.0528543176637769,0.770445498739238,9.22858369976061e-06,3.66792982057266e-06,0.637534383580262,-0.0325325578901082,-0.0471263807324057,0.0519973579708956,0.075,-0.0749999999999984,0.0464143061615233,0.0558989527766018,-0.00273346943716564,0.00435857080617752,0.0638996756582595,-0.00448777144876338,-0.00772034753055252,-0.000222481116784225,-0.000794561005934213,0.0142280905582777,0.0323095750945871,0.00115066416102,-3.00274330485167e-06,0.0450423049526208,-0.399999999999999,0.206482294329241,0.00218288670240075,-0.356102418603656,0.185464940084006,0.113938244198069,0.351628663189532,0.218110518218272,0,0,0,0,0.214838449815687,0.01,0.0249031888494426,0.01,0.01,0.362183973669203,0.0833412496659392,0.0707893692507861,0.01,0.01,0.216204186314432,0.01,0.0967585705237946,0.107111966705093,0.195040340635998,0.01,0.01,0.01,0.221902403649101,0.01,0.049681737697477,0.01,0.256248796941148,0.01,1.48913813648144,1.56088276631192,1.54045797808573,1.50956292470763,0,0,0,0,0,0,0,0,0,0,0,0,0,0,0,0,0,0,0,0,0,0,0,0
231,-0.0424224727991217,0.0526534245519049,0.0483955286072344,0.0153568606897145,0.00491815716802086,0.0579400184961801,-0.0103306727531733,-0.112325560702699,0.0528457205075608,0.770788565881463,4.59495376684428e-06,5.5637396244723e-06,0.63711956929669,-0.031844554667395,-0.0471206442978736,0.0519975597700309,0.0684041414564378,-0.0750000000000002,0.037301333365445,0.031452566726565,-0.00367101623073523,-4.59320347746834e-06,0.0210092902107884,-0.00131889844643198,5.52937100453382e-05,-0.000320464369830772,-0.000165458340228709,-0.106820959427408,0.0268969949847111,0.00118682120535745,8.35437203868027e-06,-0.0878901907582158,0.140457284022684,0.157618570263311,-0.140768939588896,-0.4,0.235894226132767,0.0647479113127566,-0.217121655155525,0.187299700489072,0,0,0,0,0.434884353039674,0.01,0.021266092261673,0.01,0.01,0.29327052594999,0.01,0.01,0.0508390211708686,0,0.439465676120916,0.01,0.01,0.29460804425845,0.510703403280294,0.01,0.115904444619037,0.01,0.635488226830663,0.01,0.210107215889441,0.01,0.124679219440281,0.01,1.83123507721142,1.66466544567917,1.70340556558103,1.79249495730956,0,0,0,0,0,0,0,0,0,0.5,0,0,0,0,0,0,0,0,0,0,0,0,0,0
232,-0.0434422926552284,0.0508308286306088,0.048677245274543,0.0166947972653099,0.00468048561307554,0.057953948145794,-0.010000000144999,-0.112351087820942,0.0528425827032997,0.772600428460653,6.36522450456111e-06,1.83761968026191e-06,0.634921240944196,-0.0311871817606791,-0.0470146568997005,0.0519974022005674,-0.0749999999999997,-0.0749999999999959,-0.00889866663455538,0.0749999999999982,-0.0188926912935507,0.00108704687930071,1.88163358181381e-06,-0.00106468738236962,-0.00171042322664835,0.00110825242001059,-0.00426622979396917,-0.5214888657961,0.0356380082205437,0.00959527707729686,-2.82322618125926e-06,0.4,0.400000000000002,0.25,-0.400000000000001,0.148537360009886,0.25,-0.278009715265356,0.399999999999999,0.25,0.873194428627307,0.01,0.01,0.01,0.01,0.338743642379193,0.0215227381731006,0.0363319755077097,1.05595272728341,0.01,0.0690140516643764,0.10460128174583,0.01,1.05463958625654,0.530827636917345,0.01,0.01,1.37838284603327,0.01,0.724600937194933,0,0,0,0,0,0,0.01,0,0,0,0,0,0,0,0,0,0,0,0,0,0,0,0,0,0,0,0,0,0.5,0.5,0.505592157509,0.5,0.5,0.5,0,0.5
233,-0.0422423827489087,0.0520307835822562,0.048035919274455,0.0158433808259107,0.0050000000976182,0.0582701175664989,-0.0116538216107734,-0.111878616352484,0.0531398425823392,0.774345044761817,-2.71441625896831e-05,-1.20889941544098e-05,0.632792400181839,-0.0313056908103731,-0.0466625129758725,0.051994764753957,0.075000000001691,0.0750000000299497,-0.05000000000008,-0.0749999999989574,4.69541081343968e-11,0.0247977998829966,-0.0749999999860265,0.0242935117127417,0.019866576388958,-0.052558486942536,-0.136496866381665,-0.162943835867773,-0.0348054662562934,0.0156748596040812,0.00773932547815145,-0.263664187978107,-0.39999998219121,0.21259079027349,0.276665750542267,-0.399999972077733,0.188130807224931,0.218967847597456,0.219750353329751,0.173739045003469,0,0,0,0,0,0.01,0.01,0.01,0.01,0.40607097596856,0.0102370138897147,0.01,0.01,0.0383142218086088,0,0.01,0.01,0.0936085350588824,0.48530700065524,0.01,0.01,0.01,0.43352422971055,0.01,0.180544964412254,0.01,0.148956675990307,0.01,1.73840770081049,1.59380074729811,1.65631297931552,1.67589546879307,0.5,0,0,0,0,0,0,0,0,0,0.5,0,0,0,0,0,0,0,0,0,0,0,0,0
234,-0.041324967003056,0.0514486317023968,0.0475766092749865,0.0153954866378357,0.00440247009319482,0.05839912299011,-0.0111722242968869,-0.112627147082064,0.0533527185090503,0.776092789595099,2.94328883357197e-06,-1.01635316983914e-05,0.630647680906955,-0.0318667101829639,-0.0470085968261929,0.0519978221223637,0.0170314063848401,-0.0750000000027055,0.00379999999998834,0.00697472008948726,-0.0643856212578685,0.000387253972931376,0.0749999999813179,-0.0749999999975189,0.0101978413834939,-0.00101265055973516,-0.00181161205976051,-0.462945916590809,-0.0122762895788037,-0.043335025211894,0.000301401552453722,-0.399999997762272,0.399999998391241,0.249999999993197,-0.399999997856268,0.399999998203278,0.250000000026789,0.122350476635696,0.40000000147533,0.24999999995565,0,0,0,0,0.01,0.799239842051084,0.01,0.01,0,0,0,0,0.01,0.270624753788994,0.01,0,0.01,0.191768558295904,0.01,0.01,0.01,0,0.01,0,0.01,1.66907561728744,0,0.01,1.67884903033732,2.17847295333476,1.85013778705542,2.00718419661666,0,0,0,0,0.5,0.509262291955892,0.5,0.554009886066877,0,0,0,0.5,0,0,0,0,0,0.632129850501775,0,0.54321351748877,0,0,0.5,0
235,-0.042932712581283,0.049605995999495,0.0478551327867503,0.0138892384408358,0.00500000059655108,0.0587149662944113,-0.0100121315003694,-0.112514836910273,0.0533326263020595,0.774171109585476,6.88730676429796e-05,-0.00013204746178443,0.63300527724423,-0.0316999019883088,-0.046926829949437,0.0520079082802316,-0.075,-0.0750000000000004,0.0239515931969145,-0.0069165498446099,-3.03711976662753e-07,0.0134454540677571,-0.017508242630194,-0.0354374765981432,0.00232927320960928,0.114854054179925,0.0087012920043431,-0.0324259398417736,-0.0123228200297562,-0.0176037933090251,0.00896877485035404,0.4,0.240687927202685,0.213382546494291,0.4,-0.4,0.15,0.293285156563552,0.0384451221318712,0.214674707036274,0.530040930747996,0.01,0.01,0.01,0,0.01,0.01,0.01,0.01,0.6781901467883,0.01,0.01,0.01,0.240400716110554,1.41332963686843,0.01,0.01,0,1.13691435417018,0.01,0,0.01,1.12409674735058,0.01,0.0226656281479197,0.01,0.22997536202188,0.01,0,0,0,0,0.697410530045445,0,0,0,0,0,0,0,0,0,0,0,0,0.5,0,0,0.533296131239629,0,0,0,0,0,0,0
236,-0.041732803139207,0.0503327168838789,0.0478698545441571,0.0147615227587737,0.00373295567255291,0.0586434311365631,-0.0100000004761238,-0.113677341830316,0.0536412756803055,0.777290658842102,6.0103175655603e-06,-4.29812988908288e-06,0.629170874965714,-0.0315850389347706,-0.0477340508910644,0.0519973842617249,0.0749999999851718,0.0750000000401359,-0.0222484173779864,0.0750000000114967,-0.0749999999805815,-0.0122119517584407,7.35524577741726e-10,-0.0714961132057086,0.0249465099024097,0.0131565358692681,0.0106555062964244,-0.759458924950791,0.0218888118522139,-0.0517118887125952,-0.000519481132811422,-0.400000008816765,0.192652590053709,0.250000000314417,-0.399999993164255,0.400000011546641,0.249999999975397,0.137527077856384,0.4000000199309,0.250000000527678,0,0,0,0,0.01,0.793084254603121,0.01,0.01,0,0,0,0,0.01,0,0.01,1.17092584527388,0.01,0.01,0.01,0.01,0.01,1.88785045947373,0.01,0,0.01,1.62092994728877,0,0.0369039447494479,1.66075598468057,2.10714829885773,1.84243123557905,1.92547304795926,0,0,0,0,0.5,0.544033718580312,0.5,0.5257979214014,0,0.5,0,0,0,0,0,0,0,0,0,0.5,0,0,0.530586862525727,0
237,-0.0425312705166033,0.0493973760743157,0.0471768113050322,0.013558202554314,0.00494990934376099,0.0579560507384171,-0.00999999997729245,-0.113599073206981,0.0536879775954223,0.77738581657876,-5.93191676756845e-06,4.153427107074e-06,0.629053328264046,-0.0313919682456007,-0.0476926981551761,0.0519973183668346,-0.0749999999999999,-0.0749999999999999,-0.0469324862146612,-0.075,0.0749999999999999,-0.0500000000000003,8.97548150801474e-11,0.0536084765540905,-0.00346413891841404,-0.000211222229885617,-7.60866394331678e-05,0.320303018475652,-0.00090075815311037,0.0423759803307538,-1.29192857751564e-05,-0.105021858195991,0.106748604059425,0.184391493958033,0.222676004523306,-0.4,0.25,0.0184510913859455,-0.0122432717820449,0.156882519618516,0,0,0,0,0.463534410420422,0.01,0.01,0.01,0.01,0.17375726847036,0.01,0.01,0.01,0.118892248124524,0,0.01,0.01,0.235067859620848,0.31755955346307,0.01,0.0352140861541841,0.01,0.414603276200635,0.01,0.265091345136404,0.01,0.0789498145875234,0.01,1.72258052830885,1.55857727309726,1.61114639819201,1.6700114032141,0,0,0,0,0,0,0,0,0,0,0.5,0,0,0,0,0,0,0,0,0,0,0,0,0
238,-0.044063649764883,0.0491686509514952,0.0467788515600076,0.0139674187720529,0.00377996451677639,0.057735844486121,-0.0109763274437312,-0.114708578988781,0.0539773732879646,0.778866034284018,1.35221364404104e-06,-1.07790944857455e-06,0.627219747690159,-0.0313847284861606,-0.0477296318568551,0.0519977297259005,-0.0749999999966542,0.0514950223364612,0.00686751133381272,0.0749999999814657,-0.0750000000360105,0.0221423802194721,-0.0749999999919041,-0.0750000000395427,0.0318831859574952,0.00880638811752155,0.00854369586084876,-0.764000119579124,0.00573727208625469,-0.0466103009470401,-0.00147561353788863,-0.278365354138075,0.399999977412561,0.179403256082402,-0.400000011020358,0.399999978587294,0.249999999427595,0.156672450172361,0.399999976487005,0.249999999150103,0,0,0,0,0.01,0.819233601110792,0.01,0.01,0,0,0.153784041240893,0,0.01,0,0.01,0,0.01,0.415848065633804,0.01,0.01,0.01,0,0.01,0.81751515208334,0.01,1.1665946952034,0,0,1.47359210767539,1.72730535261075,1.59183420673965,1.6090632535465,0,0,0,0,0.5,0.525925964950476,0,0.5,0,0.5,0,0.5,0,0,0,0,0,0.501602256456881,0,0,0,0,0.5,0.5
239,-0.0456648613908328,0.0510416200949732,0.0467025878611209,0.0127649822576349,0.00498872419218909,0.0582036325554308,-0.0126274687010824,-0.113729066420841,0.054158789477986,0.780292602249768,-7.07280401366303e-06,6.54985544017966e-06,0.62544418189091,-0.0312767782234119,-0.0480950644691061,0.0519974578182589,-0.0750000000000001,0.0750000000000006,-0.0143876052476867,-0.075,0.0749999999999988,0.0250238458125599,-0.0749999999999992,0.064388996244404,-0.0118015984359476,-0.0145834290431985,-0.0100040244482485,0.117803178765065,-0.0003496351269495,0.0202402392009404,-0.000289393826482908,0.157054974257807,0.4,0.207410575035017,0.29782760401176,0.399999999999999,0.244950114875081,-0.0809351627265711,0.399999999999999,0.25,0,0,0,0,0.01,0.01,0.01,0.01,0.71398363571988,0.01,0.212769598212671,0,0.01,0,0.152315105945877,0.01,0.01,0,0.01,0,0.174537646448585,0,0,0.0912144824905744,0.01,0.321266988915713,0.01,0.657385544296593,1.14234301805649,0.925960067281396,0.960945735112225,1.10735735022566,0,0,0,0,0,0,0,0.5,0,0.5,0,0,0,0.516042817267099,0,0.5,0,0.5,0.502696605362724,0,0,0,0,0
240,-0.0453010610047111,0.0529615990594395,0.0466887905778882,0.0138023318181239,0.00500000010132956,0.0588190669894856,-0.014523478233102,-0.112123053655532,0.0536192135384378,0.77834254213873,-6.71280221204811e-06,4.4271674648171e-06,0.627869338993756,-0.031320190219003,-0.0471034037527647,0.0519973778574142,0.0750000000000006,0.0750000000000043,0.0128715809932892,0.0749999999999977,1.98406687212069e-15,0.0364624072971473,-0.0750000000000044,0.0750000000000005,-0.0422611264841395,0.00183547758559726,0.000460237709262629,0.341171083660845,-0.00203929228179462,0.0590229042905924,-2.96189381502793e-05,0.4,0.400000000000003,0.15,-0.400000000000001,0.257413191226525,0.239031436415105,-0.400000000000003,0.4,0.25,1.2677997979339,0.01,0.01,0.01,0.01,0.489284895753672,0.01,0.146587593431548,0,0.01,0.01,0,0.01,0,0,0.01,0.01,0.984542104026095,0.01,0.642812665015509,0,0,0,0,0,0,0.01,0,0,0,0,0,0,0,0,0,0.5,0,0,0.5,0,0.5,0.5,0,0,0,0,0,0.659415165774924,0.505302939295914,0.5,0.5,0.525466769080502,0.5,0,0.565491252635821
241,-0.0433811029997151,0.0548815780590112,0.0464819121976782,0.013093659974816,0.00500000019091066,0.0595006349397857,-0.0160710472297807,-0.111430829957083,0.0533504803649615,0.779143390648484,0.000128250717647319,-0.000204111027686264,0.626875291735435,-0.0318426924468948,-0.04655851811589,0.0520204970218947,0.0750000000005025,0.0749999999992449,-0.0333284190070736,-0.0668967143310753,-9.31044118148661e-08,0.0280874375667945,-0.074999999999517,-0.0120845152551375,0.000475140891974427,0.128974659291927,-0.0521487191333068,-0.323934330899584,-0.0582789886070051,0.000557656696559356,0.00667386355909199,0.40000000029883,0.399999999551032,0.177885567985487,-0.399999999643522,0.357286050702186,0.237640524694595,0.010697057944046,0.399999999615842,0.250000000339333,1.34400463994313,0.01,0.01,0.01,0.01,0.668241453374854,0.01,0.112061704326226,0,0.01,0.0560211995414499,0,0.01,0,0,0.01,0.01,1.09274820066987,0.01,0.543343600865962,0,0,0,0,0,0,0,0,0,0,0,0,0,0,0,0,0.5,0,0,0.5,0,0.5,0.5,0,0,0,0,0,0.515697817029883,0.525172024362704,0.583616350238915,0.5,0.5,0.5,0.5,0.91629264994096
242,-0.0414611450239136,0.0568015571043224,0.0458469286277114,0.0113802158208927,0.00500000010632104,0.0597865057036098,-0.0177949476346456,-0.111425417796813,0.0533067482354554,0.780063406132566,-2.04420980607221e-06,-1.20940767151032e-05,0.625730143471326,-0.0332836951533378,-0.0465268655215851,0.0519975335637345,0.0750000000481037,0.075000000001628,-0.0301856516384975,-0.0749999999496922,5.67103512576893e-09,0.00166540355858693,-0.0749999999017644,3.96768634959076e-05,-0.00168367981232909,-0.0140428705356095,-0.00214672958380801,-0.0213622575727567,-0.0862262104919092,-0.000494457902082624,-0.00029887491242525,0.400000028602079,-0.321370858521584,0.1925245552324,0.400000029912612,-0.399999993861784,0.149999998858136,0.400000058410247,0.0280438677513421,0.151719716579849,0.01,0.431452222241648,0.231234177486044,0.01,0,0.01,0.01,0.01,0.01,0.83224459340196,0.01,0.01,0.01,0.01,1.28210027886657,0.01,0.01,0.01,1.98791811619487,0.01,0,0.01,0,0.01,0,0.01,0,0.01,0,0,0,0,0.500965949365788,0,0,0,0,0,0,0,0,0,0,0,0,0,0,0,0.5,0,0.66000510335749,0,0.5,0,0.5,0
243,-0.0395411869921122,0.0557915563525702,0.0449041621132878,0.0124489402362455,0.00428883697407866,0.0594927435836546,-0.0170581437904533,-0.112056724844902,0.0535247116783114,0.781183067676864,7.67899755187403e-06,7.38675709018404e-07,0.624331775829922,-0.0337957576224647,-0.0467668565791467,0.0519972810771401,0.0750000000000005,-0.0749999999999959,-0.0500000000000005,0.0749999999999982,-0.0554782297865684,-0.0241197603796908,0.0750000000000001,-0.0526686747875127,0.0213719992375019,-0.00520388648244051,-6.39455094914658e-05,-0.364870045415589,0.0162892308927178,-0.0225060629333123,0.000113072805107857,0.4,0.400000000000003,0.25,-0.400000000000001,0.348106516332406,0.25,-0.381329944204392,0.4,0.25,1.03649124118451,0.01,0.01,0.01,0.01,0.586264111435018,0.01,0.105227353657278,1.26654921602146,0.01,0.01,0.0821240569402865,0.01,1.20761689056324,0,0.01,0.01,1.75277991987734,0.01,0.90729236355732,0,0,0,0,0,0,0,0,0,0,0,0,0,0,0,0,0,0,0,0,0,0,0.5,0,0,0,0,0,0.592714015763,0.5,0.701016605825097,0.630063043911573,0.54441301937979,0.5,0.5,0.607884136425033
244,-0.0376212290017169,0.0569915113605687,0.0438556521120336,0.0112417607444725,0.00500000001384423,0.0595984889903574,-0.0183099906105316,-0.111400870297873,0.0541780442216314,0.780662596777491,-9.10708069361977e-06,4.97116548889322e-06,0.624982465433156,-0.0336840716175771,-0.046467739411982,0.0519976046796537,0.0750000000179232,0.0750000000080747,-0.0500000000005647,-0.0749999999882197,-1.22632230272839e-11,0.0321068269703665,-0.0750000000284752,0.0750000000119473,0.0433541567527945,0.00408813549294284,-5.92296678629845e-06,0.333474220673588,-0.000280072435215231,0.0515509530046612,-5.44358412300964e-05,0.400000010657014,-0.352623628221459,0.177245187435874,0.40000000700447,-0.40000000773369,0.149999989159969,0.399999983068868,0.161100068120763,0.15000000101423,0.01,0.437949818856959,0.327756035551564,0.01,0,0.01,0.01,0.01,0.01,0.809887051295181,0.01,0.01,0.01,0.01,2.17789532963752,0.01,0.01,0.01,0,0.01,0,0.01,0,0.01,0,0.01,0,0.01,0,0,0,0,0.662409237765761,0,0,0,0,0,0,0,0,0,0,0,0,0,0.516792750960688,0,0.610221585355215,0,0.5,0,0.5,0,0.5,0
245,-0.035701270994576,0.0557915563614249,0.0428071421127104,0.0126599630496803,0.0038734782717668,0.0594732142026424,-0.01729136665734,-0.112368451506321,0.0549197050677596,0.784179815785245,4.68020161719694e-06,-3.44138742569115e-06,0.620563764726114,-0.0336680710178019,-0.0468299914787262,0.0519973593470024,0.0750000001002311,-0.0749999998526442,-0.0499999999993029,0.0750000000493358,-0.0750000000124104,-0.023613820550148,0.0750000001865871,-0.0749999998871166,0.0500000000054112,0.0136232880356189,-0.0017528557285881,-0.696274819984718,0.00900094187675277,-0.0475019920669958,-0.000380675916002903,0.400000059596707,0.40000008762112,0.250000000414539,-0.399999970665284,0.286583279851192,0.249999982139245,-0.399999889056666,0.400000067122944,0.250000003217719,1.03350986840011,0.01,0.01,0.01,0.01,0.457019006268213,0.01,0.0897956856493473,1.30944882531819,0.01,0.01,0.107071062978719,0.01,1.24982197063287,0,0.01,0.01,1.96090477734208,0.01,0.969572373930116,0,0,0,0,0,0,0,0,0,0,0,0,0,0,0,0,0,0,0,0,0,0,0.5,0,0,0,0,0,0.67909988026903,0.531355746755758,0.694542178396412,0.515913448628376,0.592920792256082,0.5,0.5,0.744971464201441
246,-0.0337813129788638,0.0569915113482196,0.0417586321135114,0.0114587301797117,0.00442826025604531,0.059554448199518,-0.018560003721862,-0.112007311896814,0.0555350854781537,0.784318555974962,-8.20373222932602e-06,4.75640028136781e-06,0.620388428636332,-0.0335720900277555,-0.0468030726887263,0.0519975402048563,0.074999999999999,0.075,-0.0499999999999999,-0.0750000000000001,0.0749999999999988,0.0308107261634663,-0.075,0.0724496592736922,0.0161947548101419,0.00351728062756429,0.000737937959317357,0.25643681245276,-0.00103735672290552,0.0414898879891927,-5.63949862145367e-05,-0.400000000000001,0.0670523328633707,0.25,-0.4,0.399999999999999,0.150000000000001,0.378423789664672,0.4,0.163585658250988,0,0,0,0,0.01,1.05310691054402,0.01,0.01,0,0,0,0,0.01,0.466932402311036,0.01,0,0.01,0.0819993745150062,0.01,0.01,0.01,0,0,0,0.01,0,0.01,0,1.83992029303092,2.4763151878223,2.12436580845432,2.1918696723989,0,0,0,0,0.5,0.709318206910587,0.5,0.501373521077452,0,0,0,0.5,0,0,0,0,0,0.704026092934112,0.5,0.806052942429839,0,0.865951053248371,0,0.5
247,-0.0349812232560136,0.0585161415272644,0.0412993221111255,0.0100001765111912,0.00500000016021073,0.0600000000400959,-0.0198570644812976,-0.111279988081364,0.0558989651833065,0.78442742828304,-4.56914347339655e-05,7.08159314423911e-06,0.620250821710417,-0.0339650983753126,-0.0462807787632819,0.0520054180406014,-0.075000000004059,0.0750000001984996,0.00380000000140725,-0.00178226709396351,2.01097620921101e-10,2.7859052571738e-12,-0.0633960735268095,0.0207958365452191,0.0150149990460679,-0.048915114041861,0.0388777650972406,-0.0494639595402442,-0.0263351748210712,0.0138054295249081,-0.00156492282253729,-0.108093586602124,-0.399999881967569,0.190025035308929,0.133722620834121,-0.399999880420231,0.159037057340649,0.331790020288808,0.294733770218571,0.150000004568612,0,0,0,0,0.498625237868332,0.01,0.01,0.01,0.01,0.565018459298548,0.01,0.0151440768683258,0.01,0.01,0.804222709115942,0.01,0.01,0.01,0.640414052804285,0.01,0.0193853132753361,0.01,0.346342195688866,0.01,0.2046282267046,0.01,0.292897886023324,0.01,2.22573689918573,2.13875010754086,2.19419801000885,2.17028899671775,0,0,0,0,0,0,0,0,0,0,0,0,0,0,0,0,0,0,0,0,0,0,0,0
248,-0.0366515394253392,0.0573161866571931,0.0417098892877473,0.0102766752475227,0.00499999629738848,0.0599918362297328,-0.0192668442365091,-0.111304813777184,0.0559087409063925,0.784310947455141,8.2554808346784e-06,7.86932777358707e-06,0.620398111532238,-0.0337449050246122,-0.0462328448287093,0.05199722881469,-0.0749999999911675,-0.0749999999977914,0.0370902661126652,0.0313590514908668,-2.75652716550202e-05,-0.000326269094401187,0.0750000000062791,-0.0145336926600852,-0.00214118157424517,-0.0027331611782329,0.00254654709260888,0.124572480576444,0.0361554936182988,-0.00575478287098476,-4.73420849511699e-05,0.400000005251683,-0.121481766658859,0.150000000630014,0.400000002370266,-0.400000009111993,0.150000000038091,0.400000003733524,0.399999990588044,0.151945300196705,0.01,0.358070030071539,0.18126856400608,0.01,0,0.01,0.01,0.01,0.01,1.05265168363423,0.01,0.01,0.01,0.01,2.11374641779818,0.01,0.01,0.01,0,0.01,0,0.01,0,0.01,0,0.01,0,0.01,0,0,0,0,0.62359558893535,0,0,0,0,0,0,0,0,0,0,0,0,0,0.540995781687478,0,0.631586155403282,0,0.51210724162236,0,0.5,0,0.5,0
249,-0.0354516293553793,0.0556120821959635,0.0419873846614456,0.0117206713444376,0.00446063751202357,0.0598284421848095,-0.0175002451100085,-0.111920423121401,0.0562247868759847,0.785147788108988,7.71011002543729e-06,5.67226234098214e-06,0.619338718467244,-0.0328837531359831,-0.0465479062215289,0.0519973213114414,0.0750000000000011,-0.0749999999999961,-0.00910972878586566,0.0749999999999989,-0.0447691435944569,-0.00987310228389704,0.0749999999999982,-0.0459340194692188,0.0273366973561075,0.000421931872543843,-0.00271851240988958,-0.318856191715936,0.0505289968767638,-0.0252459096794067,0.000138093266693347,0.400000000000001,0.400000000000002,0.207628702998459,-0.400000000000001,0.213944149408519,0.25,-0.400000000000001,0.400000000000001,0.25,1.03630567051807,0.01,0.01,0.01,0.01,0.356949617373576,0.01,0.157368533230964,1.45276885400367,0.01,0.01,0.0489892245363047,0.01,1.19153085539697,0,0.01,0.01,1.84023590214696,0.01,1.20135913977318,0,0,0,0,0,0,0,0,0,0,0,0,0,0,0,0,0,0,0,0,0,0,0.5,0,0,0,0,0,0.686583645970203,0.579708866959237,0.717192155171468,0.546961291748323,0.6151782986693,0.5,0.5,0.769084754554048
250,-0.03353167135119,0.0568120371982619,0.0413422595433,0.0106776324394391,0.00500000039323771,0.0600000000085136,-0.0187233199042963,-0.111289543512991,0.0567730597891176,0.784811152664892,-2.41821451375688e-05,-8.00436408585977e-06,0.619765255633415,-0.0324305279844369,-0.0463679410554186,0.0519992347772763,0.0750000000000001,0.0750000000000007,-0.05,-0.0113603174339377,-3.15676162295251e-07,-1.02380273333264e-08,-0.0750000000000011,-0.0221994254144784,0.0185392486606616,-0.0223506291833107,0.0267217162328681,-0.493525664036678,-0.0382445862707111,-0.00589520207321552,0.00201574779212315,-0.290100214814083,-0.4,0.234655508206915,0.105009738929879,-0.4,0.15,0.399999999999999,0.4,0.15,0,0,0,0,0.431512729278362,0.01,0.01,0.01,0.01,0.647815225021864,0.01,0.0122419324478863,0.01,0.01,0.671669737677535,0.01,0.0299925906658644,0.01,0.707705632920987,0.01,0.0742638931988669,0.01,0.199288496477411,0.01,0.0495933870818944,0.01,0.340434943337426,0.01,2.16791378588653,2.10050941211113,2.15044290063302,2.11798029736464,0,0,0,0,0,0,0,0,0,0,0,0,0,0,0,0,0,0,0,0,0,0,0,0
251,-0.0344034362123987,0.0556120821959826,0.0408829495433,0.0108610211597097,0.00483810828641129,0.0599880336006477,-0.0183437847649237,-0.111542237253527,0.0567881423026382,0.785262068325086,7.13870793334444e-06,7.64609687722013e-06,0.619193854340221,-0.0323597081978899,-0.0464890133817754,0.0519973230226115,-0.0749999999999997,-0.0750000000000001,0.00380000000000065,0.0245920647211887,0.00258605717354083,-9.58181279132311e-06,0.0749999999999998,-0.0118170434546531,-0.00112334433332548,-0.000375776480466476,-0.000199090743717863,0.176054266358741,0.0319617426101843,-0.00380669676787361,1.86069662529169e-05,0.4,-0.106087940929189,0.15,0.4,-0.4,0.15,0.4,0.396534655302995,0.15,0.01,0.32173754958441,0.243488171194656,0.01,0,0.01,0.01,0.01,0.01,1.05280613835101,0.01,0.01,0.01,0.01,2.22650865958189,0.01,0.01,0.01,0,0.01,0,0.01,0,0.01,0,0,0,0.01,0,0,0,0,0.662334529823553,0,0,0,0,0,0,0,0,0,0,0,0,0,0.531090971865904,0,0.672158307294171,0,0.526762252518103,0,0.5,0.5,0.5,0
252,-0.0332035262033875,0.0539423346513942,0.0404946395433,0.0123254864772795,0.00442690084818688,0.0597989019199236,-0.0165948171469191,-0.112024811485417,0.0570812095716175,0.785393019909826,6.99941733830211e-06,7.08460319929043e-06,0.61902774968285,-0.0315163767545495,-0.0467393122067911,0.0519973648630096,0.0750000000000002,-0.0749999999999978,-0.0424,0.0749999999999987,-0.0350777985702756,-0.0125130991077892,0.0749999999999981,-0.0358356525915926,0.0232737811085271,6.79249570763289e-05,-0.00204617747581948,-0.159024455410227,0.0518050368064941,-0.0206347357115476,0.000117713991058708,0.4,0.400000000000001,0.215931358466265,-0.400000000000001,0.180413870903603,0.25,-0.400000000000001,0.4,0.25,1.03681797813729,0.01,0.01,0.01,0.01,0.295922786803006,0.01,0.183284851944878,1.47085410009838,0.01,0.01,0.0701757566829114,0.01,0,0,0.01,0.01,1.53773279030073,0.01,1.02442059356131,0,0,0,0,0,0,0,0,0,0,0,0,0,0,0,0,0,0,0,0,0,0.589260913109545,0.5,0,0,0,0,0,0.873089115930318,0.5,0.879039617858074,0.664792605056139,0.7150346837654,0.575843505181431,0.586005169169273,0.854617267115086
253,-0.031283568133486,0.0551422896703557,0.0400548410476899,0.0113425676799224,0.00500000019703999,0.0600000000625557,-0.0178143011449473,-0.111383036969198,0.057735788256218,0.784836782033386,-4.88205633472393e-05,1.2929404912675e-05,0.619732844899488,-0.0310848659140992,-0.0465490996850702,0.0520020759202219,0.074999999994341,0.0750000000804995,-0.00178293490970363,-0.0115808682880858,-2.83609016831834e-07,-2.4259686148953e-08,-0.0749999999947408,-0.0343585063742427,0.0238066901478057,-0.00699168285432705,0.0278958703641447,-0.558561444399557,-0.0428334367813884,-0.0106904749349385,0.00141608442298811,-0.304485669437943,-0.39999995213319,0.220248114536221,0.079945732621937,-0.399999955101979,0.150000011758937,0.400000003127067,0.400000042874997,0.150000001756958,0,0,0,0,0.387003969027635,0.01,0.01,0.01,0.01,0.651738073206495,0.01,0.023857751960607,0.01,0.01,0.609579512161514,0.01,0.0372362538774602,0.01,0.667458898788426,0.01,0.0541096764911448,0.01,0.202548527722974,0.01,0.0233155581841034,0.01,0.356238746309926,0.01,2.11294589011116,2.07326477839143,2.1116291211882,2.0745815473144,0,0,0,0,0,0,0,0,0,0,0,0,0,0,0,0,0,0,0,0,0,0,0,0
254,-0.0320800681728685,0.0539423348394446,0.0405213979216765,0.0114864365489481,0.00480529573172746,0.0599858302483355,-0.0173962535446145,-0.111651752233098,0.0577820398238654,0.785323251812359,7.26595273871958e-06,8.51126785437508e-06,0.619116300296386,-0.0310604745816036,-0.0466773278862401,0.051997262950042,-0.0749999999996593,-0.0749999999999032,0.048188763831763,0.0229458748089615,0.00215190135789665,-6.00284767337097e-05,0.0749999999993115,-0.0124231694904905,-0.00278928967856486,-0.000438064451679052,0.00043989762602579,0.169583184813446,0.0300685223560619,-0.00376977199879266,1.43284359613981e-05,-0.399999999797444,-0.0389901555792891,0.217560288927361,-0.40000000005012,0.399999999906262,0.166233847175106,-0.166809573289364,0.400000000089891,0.179604370448974,0,0,0,0,0.01,0.903285200063449,0.01,0.01,0,0,0.138703831142111,0,0.01,0.633340208238887,0.01,1.56900218018953,0.01,0.01,0.01,0.01,0.01,0,0.01,0,0.01,0,0,0,1.72157917695629,2.31129590259321,1.97430625536033,2.05856882418917,0,0,0,0,0.586692236958616,0.569743653256971,0,0.5,0,0,0,0,0,0,0,0,0,0.883174153135076,0,0.614009675507346,0,0.916001839660221,0.5,0.5
255,-0.0339465588833704,0.0551422898418112,0.0410208631982376,0.0105880936824458,0.00500000012087046,0.0600000000135371,-0.016688390574096,-0.111851296375491,0.0577740314651331,0.782841092427876,1.37458400349407e-06,-2.16797967171908e-06,0.622251967313787,-0.0308985266416424,-0.0469777783786087,0.0519975317748872,-0.075000000000001,0.0749999999999999,0.00198876383181031,-0.0740192040036329,-5.89058044035876e-10,2.18400003356768e-10,0.00688947181100801,-0.0180340780377223,-4.1916617280431e-06,-0.00279620392146708,0.00213483016949379,0.496079659860777,-0.020529049714772,-0.0263614670850361,-0.000132767331592435,0.399999999999999,-0.0982888603642518,0.161811311956479,0.399999999999999,-0.4,0.15,0.399999999999999,0.12867880365646,0.15,0.118139217465638,0.0538451560488905,0.244532225419318,0.01,0,0.01,0.01,0.01,0.01,0.992245641096065,0.01,0.01,0.01,0.0392286941010241,1.74813200360451,0.01,0.01,0.111658875225338,1.92269497050775,0.01,0,0.01,0,0.01,0,0,0,0.01,0,0,0,0,0.591410625708563,0,0,0,0,0,0,0,0,0,0,0,0,0,0,0,0.653348640738434,0,0.5,0,0.5,0.5,0.5,0
256,-0.0327466488743838,0.0558909897398367,0.0405963284748737,0.0118014510555557,0.00423144312953537,0.0597543102999153,-0.0151439249506204,-0.112692603412506,0.0580197325472284,0.783168678804309,8.38792302455039e-06,1.61364856560963e-06,0.621839649097099,-0.0307879340549197,-0.0474548296792893,0.0519972761440581,0.0749999999999996,0.000243770945511205,-0.0442112361681891,0.0749999999999998,-0.0608700755493833,-0.0208818461908899,0.0750000000000001,-0.0599112865808929,0.022814375580548,-0.00327428017521024,-0.00323159636752415,-0.409565845954215,0.0246800766410854,-0.029523399065314,0.000176698523588886,-0.4,0.4,0.25,-0.4,0.399999999999999,0.174208118858034,-0.226953009488531,0.399999999999999,0.15,0,0,0,0,0.01,0.776891652468049,0.01,0.01,0,0,0,0,0.01,0,0.01,0,0.01,0.176760832008667,0.01,0.01,0.01,0,0.01,0,0.01,0,0,0.01,1.83538998017721,2.43817400438852,2.09601990630637,2.17754407825937,0,0,0,0,0.564246309502702,0.5,0.553946158333367,0.5,0,0.5,0,0.5,0,0,0,0,0,0.761566105521585,0,0.900043204506519,0,0.823203307800011,0.652576760642572,0
257,-0.0339465588893286,0.0575919398375424,0.0402527936809273,0.0106474425771999,0.00500000102320909,0.0599090864952979,-0.0141394071187935,-0.112323919459339,0.05818712965445,0.781358953984827,2.09608176040401e-05,-7.37602312000637e-05,0.624112159423212,-0.0303465037662142,-0.0471610825098014,0.0520013252555639,-0.075,0.0750000000000006,0.00958875680858803,-0.0268220570241579,1.6363503049183e-07,0.0186038057868923,0.0215887662053604,0.0324629913173212,-0.00220377669536693,0.19453225309649,-0.088214424149682,0.396390987014076,-0.00527857480930681,0.00392229013862773,0.00692326735317161,-0.146933389708933,-0.4,0.165999625436847,0.111694836493918,-0.4,0.15,0.126878736055458,0.230793693148938,0.234464535443936,0,0,0,0,0.433466639252891,0.01,0.01,0.01,0.01,0.304140423766348,0.0695950995806035,0.0557079525342679,0.01,0.01,0.655952362397929,0.01,0.01,0.01,0.429118886497385,0.01,0.0158237153984425,0.01,0.236780518539952,0.01,0.226220285047067,0.01,0.252264416069424,0.01,2.21433602081064,2.16079280112956,2.20648028597998,2.16864853596021,0,0,0,0,0,0,0,0,0,0,0,0,0,0,0,0,0,0,0,0,0,0,0,0
258,-0.0355802993026389,0.0563919848352501,0.0408646201671508,0.0113442981037305,0.00460840060444573,0.0598635311257388,-0.0137712686351526,-0.112725611505075,0.0581554723554683,0.781562778664962,1.26031581901309e-05,7.88535904187187e-06,0.623856906565208,-0.0299997421955615,-0.047516212574671,0.051996685219869,-0.075,-0.0749999999999986,0.0499999999999975,0.0554579494984822,-0.013348392466748,-0.00720593421517862,0.0343002915228477,-0.00979972867014929,4.37131172603464e-05,-0.00352314880294735,0.00930292008877128,0.0114796760297227,0.0336511721387508,-0.00917773334883822,9.47953772499278e-05,0.4,0.400000000000001,0.149999999999999,-0.4,0.224134182173463,0.25,-0.4,0.4,0.25,0.881289455672259,0.01,0.01,0.01,0.01,0.387798483119632,0.01,0.212077512510709,1.61358810458114,0.01,0.01,0.0713986462733037,0.01,0,0,0.01,0.01,1.44714707745584,0.01,1.10715960281817,0,0,0,0,0,0,0,0,0,0,0,0,0,0,0,0,0,0,0,0,0,0.675459601198353,0.5,0,0,0,0,0,0.829457369322203,0.5,0.886668245720126,0.5,0.68138647096887,0.628788950845656,0.576340972776604,0.832694510173099
259,-0.0343803895116555,0.0575919397288729,0.041400310168307,0.0103396956041549,0.00500000006021472,0.0600000000150679,-0.0152265300978263,-0.112273258564609,0.0584815577462744,0.781691005731975,-2.60366280964044e-06,-1.25893854100923e-06,0.623696250526187,-0.0300557850413176,-0.047362661446758,0.0519975288279877,0.0749999999930123,0.0750000001230285,0.00380000000183386,-0.0750000000064272,1.00791825372639e-10,-2.85516872262967e-12,-0.0749999999752089,0.0123513040256199,0.021166081184518,0.0400454418239228,-0.015869696605734,-0.213261803644102,-0.0352520403831418,0.00607810686965191,-0.00247633854760849,-0.293396610160884,-0.399999926844503,0.170951487088659,0.173551393273353,-0.399999940064415,0.172901386720265,0.30623427677067,0.330051970724898,0.181726512799517,0,0,0,0,0.457322390812633,0.01,0.01,0.01,0.01,0.450532926192847,0.0486480958365079,0.0546721692073136,0.01,0.01,0.730558931471371,0.01,0.01,0.01,0.528323082622219,0.01,0.0160525472352454,0.01,0.30048224734067,0.01,0.211343543835563,0.01,0.317355661766969,0.01,2.20750143714352,2.15138838736176,2.19229051607361,2.16659930843167,0,0,0,0,0,0,0,0,0,0,0,0,0,0,0,0,0,0,0,0,0,0,0,0
260,-0.0353117137861142,0.0563919848173272,0.0418979467316122,0.0103634373217292,0.00499999998999281,0.059973120745357,-0.0150674716816544,-0.112261962055528,0.0584965258096309,0.781512369218903,7.50480435907473e-06,9.1554931466269e-06,0.62392007690296,-0.0300529315857869,-0.0473402738029745,0.0519972553921523,-0.0749999999731084,-0.0749999999900258,0.0457538870228121,0.0414881658686436,-2.68593682099738e-09,-0.00296894042995033,0.0631317632092069,-0.00498403847836802,-0.00160636681444514,-0.000309807123918695,0.000544558107478506,0.160630233949904,0.0316458400517303,-0.0025617358594611,1.98237413811713e-05,0.400000015989551,-0.0761123620273646,0.150000002761182,0.399999999721544,-0.400000052562759,0.150000000413597,0.399999991353968,0.399999949176165,0.154764491989238,0.01,0.275695131204874,0.178153912586655,0.025286925480017,0,0.01,0.01,0.01,0.01,1.00799948850498,0.01,0.01,0.01,0.01,1.95833040615609,0.01,0.01,0.01,0,0.01,0,0.01,0,0.01,0,0,0,0.01,0,0,0,0,0.513169109172535,0,0,0,0,0,0,0,0,0,0,0,0,0,0.520757460603994,0,0.571844868227493,0,0.5,0,0.5,0.5,0.5,0
261,-0.0341118037843207,0.0547509050900798,0.0423487144821045,0.0117330759700607,0.00477147866514566,0.0597864710919545,-0.0133602157601991,-0.112565653576009,0.0587157742616145,0.780697669643702,5.22474399752371e-06,9.16839880516334e-06,0.624939199443895,-0.0291194882879799,-0.0475464083894374,0.0519974185083151,0.0750000000000002,-0.0749999999999984,-0.000446111980979846,0.0749999999999993,-0.0199097734280693,-0.0113111597524766,0.0749999999999992,-0.0218265417079457,0.0139157313610906,0.0018662201004241,0.000811102455828464,0.107526565252467,0.0595420242787352,-0.0175999917107918,-4.18051349072987e-05,0.4,0.400000000000001,0.15,-0.4,0.225443914452012,0.25,-0.4,0.4,0.25,1.02895190930637,0.01,0.01,0.01,0.01,0.385250008163905,0.01,0.190422697869017,1.50960016563029,0.01,0.01,0.0692724299178978,0.01,0,0,0.01,0.01,1.45711560296655,0.01,1.22008118850332,0,0,0,0,0,0,0,0,0,0,0,0,0,0,0,0,0,0,0,0,0,0.64647442013828,0.5,0,0,0,0,0,0.74452594979152,0.5,0.79217683433331,0.708551896653929,0.653752796312507,0.575506862837811,0.524972831284048,0.80548352091215
262,-0.0321918457754486,0.0559508601131575,0.0418754822273729,0.0109344244602412,0.00500000032380289,0.0599473843952719,-0.0145358614104255,-0.112230059861637,0.0591151639727786,0.780293098877283,-1.98200795600139e-06,-5.9202626821508e-06,0.625444285505155,-0.0288353272979127,-0.0475805387242581,0.0519981410216636,0.0750000000000001,0.0750000000000005,-0.0466461134847377,-0.075,9.69274410285313e-08,0.0164682328476222,-0.075,0.0189462183930383,0.0240837893366388,0.0629561843235659,-0.0225186186694463,-0.0995884839113805,-0.026110217494135,-0.000883700872010625,-0.00403491227200667,-0.323112667526895,-0.4,0.246689905364192,0.139528695872416,-0.4,0.15,0.358069430528406,0.4,0.180541702278766,0,0,0,0,0.395582229819762,0.01,0.01,0.01,0.01,0.492363159468091,0.0954661241071285,0.0961736594008779,0.01,0.01,0.591687548649389,0.01,0.0486919863036677,0.01,0.5300526134637,0.01,0.138669983041164,0.01,0.125386351949843,0.01,0.096961028616861,0.01,0.281696777606902,0.01,2.17638449128765,2.14676657006232,2.17692623468861,2.14622482666136,0,0,0,0,0,0,0,0,0,0,0,0,0,0,0,0,0,0,0,0,0,0,0,0
263,-0.0330081709655979,0.0547509052805827,0.0414832499630517,0.0110573421788752,0.00496365003624295,0.0599137357778568,-0.0139772818026151,-0.11238250699389,0.0590653559856458,0.780036540493809,7.62328470223275e-06,1.00649207012404e-05,0.625764232892215,-0.0287850363583232,-0.0476400603909834,0.051997111828124,-0.075,-0.0749999999999998,0.00715388704995689,0.0419155466170557,-0.000189744275795923,-0.00574935811548712,0.0750000000000001,-0.0092198271908723,-0.00905040285984871,-0.00156338207425585,0.000966152346752465,0.176916334857116,0.0310778515558194,-0.00190072939480355,3.5187604449307e-05,-0.21167787805706,-0.4,0.169305840440947,0.00633292704926659,-0.4,0.15,0.124161012739563,0.4,0.202333714994843,0,0,0,0,0.354224622299325,0.01,0.01,0.01,0.01,0.355123319022936,0.104804251773775,0.0907008556662233,0.01,0.01,0.491480000484326,0.01,0.0103807904333956,0.117806504847584,0.371757549671222,0.01,0.115189587331653,0.01,0.174971361315618,0.01,0.0560655509523229,0.01,0.20312249316539,0.01,2.12287353081316,2.08329821599482,2.11709779272402,2.08907395408397,0,0,0,0,0,0,0,0,0,0,0,0,0,0,0,0,0,0,0,0,0,0,0,0
264,-0.0346981835198082,0.0528309263652288,0.0420124102299303,0.0116122381200367,0.00499459983862814,0.059899171671073,-0.0128277485208383,-0.112477489718669,0.0590447717439286,0.778450115052743,5.47844957023948e-06,8.82281980732743e-06,0.627736673446455,-0.0280428936602229,-0.0477924243428477,0.0519972865292667,-0.0749999999999997,-0.0750000000000001,0.0455700587792657,0.0245944259735975,-2.55645724171496e-05,-2.8411000394518e-05,0.0510686947847614,-0.00646167332912487,0.000123636656655512,-0.00116802785916266,-0.000578765207544953,0.272046294406896,0.0361743093523937,-0.0106261731145508,3.60363197362898e-05,0.4,-0.00902983203282202,0.15,0.4,-0.4,0.15,0.399999999999999,0.400000000000001,0.154123647197736,0.0512296656049735,0.163203981754892,0.183929031498784,0.0305049671929054,0,0.01,0.01,0,0.01,0.979155138224646,0.01,0.01,0.01,0.01,1.91714711556363,0.01,0.01,0.01,0,0.01,0,0.01,0,0.01,0,0,0,0.01,0,0,0,0,0.5,0,0,0.5,0,0,0,0,0,0,0,0,0,0,0.520119834090804,0,0.521899009663212,0,0.5,0,0.5,0.5,0.5,0
265,-0.033498273510802,0.0512698032817009,0.0424595014055151,0.0128639201305274,0.00478743988042884,0.0597741549049942,-0.0111497626305286,-0.11277256384255,0.0591972670560269,0.777069378384826,5.46766479669742e-06,9.11727154161941e-06,0.629445087923581,-0.0269790104902808,-0.0480847819255759,0.0519974128307471,0.0750000000000005,-0.0749999999999984,-0.000629941220735084,0.0749999999999994,-0.0181636014018256,-0.00938157618886985,0.074999999999999,-0.0198955581363181,0.00734024354538312,0.00593676996987554,0.0019230409113469,0.178125765411353,0.067549582796381,-0.0195585458013028,-0.000148668783050357,0.4,0.400000000000001,0.15,-0.4,0.247413808954286,0.25,-0.400000000000001,0.4,0.25,1.02821719757481,0.01,0.01,0.01,0.01,0.418105854004481,0.01,0.204774913738401,1.46863233401339,0.01,0.01,0,0.01,0,0,0.01,0.01,1.36084080552645,0.01,1.16042029152221,0,0,0,0,0,0,0,0,0,0,0,0,0,0,0,0,0,0,0,0.5,0,0.638684576339052,0.5,0,0,0,0,0,0.79658569958718,0.5,0.894193168878502,0.5,0.658398846061809,0.616028980362364,0.634041613838094,0.790324443948984
266,-0.0315783155139712,0.0524697582839199,0.0419825925840545,0.0120865257269158,0.0050000003272939,0.0599553390062221,-0.0122827651142218,-0.112461174871863,0.0589551676582074,0.77645658140079,-1.35838395404349e-05,-4.38974757813756e-05,0.630200864471704,-0.0266341531140988,-0.0481466894008442,0.0519963816601847,0.0749999999978529,0.0749999999969573,-0.0468299409094811,-0.0682544810275496,-1.41300693555911e-08,0.0136361360530945,-0.0749999999576777,0.00579627826718832,-0.0214602670737146,0.0289080707875902,-0.0219005427260048,-0.0263609235548013,-0.0293749904466363,-0.00691154445496884,0.00241485807302868,-0.400000001276612,0.207672299464543,0.249999999973181,-0.399999999748907,0.40000000066989,0.186452006169609,0.128010888087931,0.399999992423342,0.249999999454642,0,0,0,0,0.01,0.87670892612204,0.01,0.01,0,0,0,0,0.01,0.479156131996411,0.01,1.69657520056723,0.01,0.01,0.01,0.180705856725383,0.01,0,0,0,0.01,0,0,0.144101052276105,1.69251335581663,2.46283974151328,2.01675035664707,2.13860274068284,0,0,0,0,0.5,0.594158304101504,0.5,0.538484089423527,0,0,0,0,0,0,0,0,0,0.747293733419189,0.5,0.539987646746827,0,0.850128613877308,0.621443250777228,0
267,-0.0327782256325094,0.0543628002912349,0.0409404227015705,0.0104837729021571,0.00500000024500786,0.0600000000138786,-0.012976279430929,-0.1126652927243,0.0589262330567345,0.774209716196406,-4.79181826387552e-06,-6.68979086385658e-06,0.632959210670339,-0.0276568667540592,-0.0484751093253614,0.0519977124246068,-0.0750000000003631,0.0750000000186379,-0.0499999999996284,-0.0749999999886314,2.16904499262421e-08,1.02399598347755e-09,-0.0206273570914941,-0.0131322470603856,-9.71672214838629e-05,0.00127472527326497,-0.00362127382551601,0.692971985472552,-0.0582754404492897,-0.0243962046339069,-0.000140768868376973,-0.222825033598081,-0.399999988917445,0.250000000220908,-0.0153388904976841,-0.111642389147049,0.195410084082555,-0.0769923005785303,0.400000010624936,0.149999999440426,0,0,0,0,0.01,0.164768870091676,0.01,0.01,0.436821016855369,0.01,0,0.0813103921985948,0.01,0.262634256471137,0.01,0,0.01,0.01,0.01,0.186696269128008,0.01,0,0.01,0,0.01,0.214014926478364,0.01,0.346981845333726,2.07218901037708,2.34235740355985,2.21274432451476,2.20180208942218,0,0,0,0,0,0,0.5,0,0,0,0,0.5,0,0,0,0,0,0.5,0,0.5,0,0,0,0
268,-0.0345825934448717,0.0531628453356003,0.0404811127022955,0.00999999994014663,0.00500000005360963,0.0600000000028665,-0.0138439058916456,-0.112592469034572,0.0589096706602631,0.773356359718443,-1.6926976624547e-06,-2.88006440250954e-06,0.634001617167189,-0.0285714647839568,-0.0484665555672752,0.0519972064357341,-0.0749999999999988,-0.0749999999999952,0.00380000000000004,6.08294713976905e-09,-4.74108876809042e-08,-6.28666573286008e-10,-0.056786505928717,0.00427856612081641,-0.000462706974996043,-0.00296193942732806,0.000404882430425328,-0.525962083960904,-0.0247420464628187,0.0155881331278455,0.000131275153902959,0.400000000000001,0.400000000000003,0.184887356396159,0.400000000000001,0.148995379091031,0.201726066681752,-0.129226620380201,0.4,0.25,0.869193192768343,0.01,0.01,0.01,0.454755255841008,0.01,0.01,0.01,0.405593087350175,0.01,0.0139597937294502,0.125569345694191,0.01,0.343642052732376,0,0.01,0.01,0.772575184436709,0.152101219417123,0.0128673483795566,0,0.01,0,0,0,0,0,0,0,0,0,0,0,0,0,0,0,0,0,0,0,0,0.518585137467237,0,0,0,0,0,0.5,0,0.74537989795156,0.5,0.515057877744868,0.5,0.683581752873947,0.589147249749139
269,-0.0333826834395206,0.0543627998748196,0.0400928026919129,0.0115262570463445,0.0045227923786592,0.0600000000058716,-0.0154169954884935,-0.112410544537252,0.0590503450459072,0.778136947113502,-3.08452874182035e-06,2.02586730207211e-06,0.628125228249945,-0.0289518972154502,-0.0481166201106456,0.0519977425356368,0.0750000000000007,0.0750000000000007,-0.0424000010331632,0.0749999999999981,-0.0351005980892181,-8.49065570691711e-11,-0.074999999999999,0.00438092138482368,0.00511825375635902,0.00358810415624905,0.000380321578844294,-1.05889777334055,-0.0159748729309991,0.0194781569369654,-0.00018838054789558,-0.4,0.4,0.171593178411462,-0.400000000000001,0.399999999999998,0.25,0.104933357050338,0.399999999999999,0.23127382783236,0.522371167504465,0.01,0.01,0.01,0.01,0.858785153912374,0.01,0.01,0,0,0.100982505584752,0,0.01,0.76814399910333,0.01,0.01,0.01,1.29456119392581,0.01,0.01,0,0,0,0,0,0,0,0,0,0,0,0,0,0,0,0,0.5,0.5,0,0.5,0,0,0,0,0,0,0,0,0.737406900238554,0.895198974597521,0.913528346825049,0.621419276255876,0.639465600297408,0.865093759967832,0.833127099693876,0.568918619457126
270,-0.0345825935070351,0.0562491915848447,0.0399999999956925,0.0106428034700688,0.0050000001013189,0.0600000000136238,-0.0169682933879462,-0.111829729517161,0.0589215255084791,0.780816705639177,-1.12663513824007e-05,-8.41719350795309e-06,0.624791011618412,-0.0295029389095986,-0.047521215835159,0.0519971200999391,-0.0750000000000001,0.0749999999999998,-3.15959268900225e-14,-0.0750000000000001,-5.47044676804104e-15,4.31858930465275e-11,-0.075,-0.00681384039016114,-0.00171590926052394,-0.00796841420177844,0.0127450627317841,-0.334096055719999,-0.0484783983467827,0.000438714055594981,0.00131154609479975,-0.284239890735576,0.0238070151375996,0.157258777991828,-0.4,0.399999999999999,0.151319988824577,0.0222343094619593,0.4,0.15,0,0,0,0,0.01,1.00172717249955,0.01,0.01,0,0,0,0,0.01,0.0832029168830447,0.01,0,0.01,0.01,0.01,0.01,0.01,0,0,0,0.01,0,0,0,1.69831656534659,2.34535461276908,2.00044927779768,2.04322190031799,0,0,0,0,0.5,0.566831654598938,0.5,0.5,0,0,0,0.606411793003662,0,0,0,0,0,0.682992335514295,0.5,0.545850078383472,0,0.837297783955321,0.537349265097008,0.5
271,-0.0365025515112275,0.0579172908047645,0.0405406899956889,0.00999999989734972,0.00500000010495784,0.0600000000131846,-0.0182736401603985,-0.111629324295697,0.0589699461450831,0.782012109292793,-6.60448299849929e-06,-2.25050967424552e-06,0.62329417849625,-0.0304798551605494,-0.047289652261857,0.0519972142871907,-0.0749999999999993,0.0749999999999998,0.05,1.33852688841419e-08,-3.64211739799745e-08,4.42698036550351e-09,-0.0644259478408461,0.0074619813340562,0.00189152262522674,-0.0205683362865448,0.00575467552928891,-0.564957229686897,-0.0289302859190758,0.0159350506123907,0.000577413170691224,-0.4,0.16146996132085,0.196849557793054,-0.4,0.399999999999999,0.25,0.0252836277703948,0.4,0.249424804981363,0,0,0,0,0.01,1.00667317732871,0.01,0.01,0,0,0.335108865321872,0,0.01,0.205795324577127,0.01,1.41529998410982,0.01,0.193513925169191,0.01,0.01,0.01,0,0.01,0,0.01,2.02497030890605,0,0.367727859858817,1.8118950491126,2.28103318733706,2.02049490929497,2.07243332715469,0,0,0,0,0.5,0.504402137128088,0,0.5,0,0,0,0,0,0,0,0,0,0.827386821611901,0,0.637994520396032,0,0,0.5,0
272,-0.0382325597280584,0.0567173358020977,0.0410763799943084,0.0099999999327006,0.00500000019283699,0.0599810438087323,-0.0187879032619571,-0.111488018550309,0.0589665581251291,0.783492212100831,-1.99034956895735e-06,3.65115840965612e-06,0.621432673317714,-0.0307216673970196,-0.0470887985741883,0.0519969323430307,-0.0749999999999999,-0.0750000000000001,0.00379999986264239,-2.96647237090937e-09,-2.58844844806834e-09,7.24353933391386e-05,-7.65014561713431e-05,-0.000779888444350548,-0.000446983656184894,0.00557477779892549,0.000158959720761595,0.000479207150244173,5.58428641689137e-07,-0.000249199526134027,-0.000109150994360217,-0.4,0.14808431799409,0.25,-0.4,0.399999999999999,0.18511887041494,-0.109039052725777,0.4,0.195417129257158,0,0,0,0,0.01,1.00481669420762,0.01,0.01,0,0,0,0,0.01,0.360881065483188,0.01,1.41137804644472,0.01,0.166682267079412,0.01,0.01,0.01,0,0,0,0.01,0,0,0.0560951510071055,1.71164838159069,2.264505379255,1.96469976806564,2.01145399278005,0,0,0,0,0.5,0.613247135919779,0.5,0.5,0,0,0,0,0,0,0,0,0,0.721636310680815,0.5,0.530379091976031,0,0.986986006994942,0.5,0
273,-0.0400382887316175,0.0579172908043227,0.0406880699915625,0.00999999990905477,0.00500000019038495,0.0599840832401526,-0.018812288391172,-0.111483453757852,0.0589693017678717,0.783558302235333,-6.16141136381501e-06,-2.32953405563512e-06,0.621349338882918,-0.0307317316695398,-0.0470809963823466,0.0519980421003764,-0.0749999999999993,0.0750000000000025,-0.0424000001373573,1.63266971309409e-10,-9.73796936481994e-11,5.7171201628706e-05,-0.000987092804367143,0.00023616548697982,6.51275913052819e-05,7.76587945284585e-05,-7.14137905017999e-05,-0.00848656415704451,-0.000401150140202461,0.000331832630049929,-7.88556068226511e-06,0.4,0.400000000000001,0.25,-0.4,-0.107928196674613,0.25,-0.357344373146737,0.4,0.25,1.14931290831047,0.01,0.01,0.01,0.303296595763514,0.01,0.01,0.250099516281965,0,0.01,0.147019162278158,0,0.01,1.17666604388464,0,0.01,0.01,0,0.01,0,0,0,0,0,0,0,0,0,0,0,0,0,0,0,0,0,0.610770265142663,0,0,0.5,0,0,0.5,0,0,0.5,0,0.5,0.699926285625409,0.570642508059569,0.711205047769942,0.526082792812267,0.673028413212387,0.5,0.5,0.819412181100409
274,-0.0388383787226332,0.0598372698053975,0.0400279681222026,0.00999999991169004,0.00500000002958141,0.0599854013389344,-0.020475747077562,-0.111093812825613,0.0586648892824253,0.783773965255316,-2.4575040072234e-06,-5.17962815182619e-06,0.621077278748831,-0.0307621389502644,-0.0470540368972079,0.0519975144135102,0.0749999999999999,0.0749999999999999,-0.0237036684569245,5.09856592877761e-09,-5.50826521767833e-09,5.30958211762188e-05,-0.075,0.0231333258879409,-0.0251327780983392,-0.00069700285969055,-0.000177100946075877,-0.0657926532316315,-0.00289770164730308,0.00215080626350584,2.88650615129158e-05,-0.4,0.0511886739620641,0.25,-0.4,0.399999999999999,0.18892207414902,-0.0259750760900747,0.4,0.215345610975263,0,0,0,0,0.01,1.00633143780746,0.01,0.01,0,0,0,0,0.01,0.354371530788599,0.01,1.42709864533701,0.01,0.128530289057645,0.01,0.01,0.01,0,0.01,0,0.01,0,0,0.0576700941338199,1.80114653102452,2.41322739334684,2.06541020119734,2.14896372317401,0,0,0,0,0.5,0.604773299528834,0.5,0.553963210965288,0,0,0,0,0,0,0,0,0,0.859148094704906,0,0.601793928645001,0,1.04189134064112,0.5,0
275,-0.0400382887247078,0.0617447392301629,0.0399999999882975,0.00999999991124352,0.00500000019832675,0.0599867370230441,-0.0210478975078459,-0.110948239403051,0.0586099565508845,0.784470716751642,-4.98150301083609e-06,-2.82036954663959e-06,0.620196998045409,-0.0308577293083974,-0.0469667019573788,0.0519980967439892,-0.0750000000000001,0.0750000000000014,-3.21194751067245e-14,7.68803747337047e-10,6.06230217681551e-10,0.00011905839889401,-0.00337398684366653,0.000998293425323236,-0.000111494159713591,0.00194416918388498,-0.00119869085881962,-0.0343555053722678,-0.00146329053993899,0.00141335327607792,-6.86035930972827e-05,-0.317019421914229,0.400000000000001,0.199657398645604,-0.4,0.399999999999999,0.230679311984364,0.011669306101126,0.4,0.222049206177166,0,0,0,0,0.01,0.996551061005315,0.01,0.01,0,0,0.358918597134914,0,0.01,0.01,0.01,2.03386346950953,0.01,0.01,0.01,0.01,0.01,0,0,0,0.01,1.96598529099928,0,0,1.58031249519583,2.10453371863255,1.80917035287703,1.87567586095135,0,0,0,0,0.5,0.5,0,0.5,0,0,0,0,0,0,0,0,0,0.761352732399037,0.5,0.62436856898504,0,0,0.5,0.5
276,-0.0417157273534908,0.0636647182220324,0.0399999999928445,0.00999999992176418,0.00500000019715819,0.0599850530426572,-0.0210518512844889,-0.110947070099391,0.0586076364884181,0.78448220976612,6.38432219019508e-07,-3.80311677126684e-07,0.620182460602808,-0.0308592280210455,-0.046965154662461,0.0519969995411465,-0.0749999999999994,0.0750000000000009,2.32136682647197e-14,-3.36653891618943e-10,-1.36027331787565e-10,2.90795286499601e-05,-5.6056068340557e-05,-2.56732080212017e-05,-2.07089111854783e-05,0.000331741909538467,-4.73121604352112e-06,-0.000270510769989773,-1.44910652274913e-05,-4.15925764368331e-06,3.65084535984013e-05,-0.4,0.400000000000001,0.15,-0.4,0.399999999999999,0.23699950867402,0.0495131493748076,0.4,0.25,0,0,0,0,0.01,0.991419724257938,0.01,0.01,0,0,0,0,0.01,0.01,0.01,2.26778543759247,0.01,0.01,0.01,0.01,0.01,0,0,0,0.01,0,0,0,0.906564968755168,1.5803237002418,1.24906992107167,1.2378187479253,0,0,0,0,0.5,0.5,0.5,0.5,0,0,0,0,0,0,0,0,0,0.635494401393628,0.5,0.536884642288568,0,0.60506572033251,0.520945440741309,0.5
277,-0.0434573639134829,0.0655846972204017,0.0399999999882974,0.00999999990715622,0.00500000018267409,0.0599874694384959,-0.0213170066838279,-0.110878356385967,0.0586351985776116,0.785149261630907,-5.64442775062032e-06,-2.3677243128075e-06,0.619337764442267,-0.0309513123525245,-0.0468833181956678,0.0519979929763148,-0.0749999999999985,0.0750000000000013,-3.17476367100653e-14,6.96538991991205e-10,1.43545350444205e-09,4.51184234893401e-05,-0.0252533104495397,0.0069997747383753,0.00221747094464542,-0.000274659672958363,0.000140210150240095,-0.212254787382422,-0.00896930749785905,0.00833625829351033,-5.59920368824626e-06,-0.399999999999999,0.400000000000001,0.15,-0.4,0.4,0.239824352842231,0.0387754029830876,0.4,0.25,0,0,0,0,0.01,0.995070549913507,0.01,0.01,0.169661235883633,0,0.154405615146565,0,0,0.01,0.01,0,0.0608652528429751,0.01,0.01,0.01,0.01,0,0.01,0,0.01,0,0,0,0.598541970470237,1.28649276408715,0.930293820415082,0.954740914142307,0,0,0,0,0,0.5,0,0.5,0.5,0,0,0.754728441310378,0,0,0,0,0,0.642311291313581,0,0.562029705613558,0,0.617058196191731,0.509294008850341,0.5
278,-0.0453773219221563,0.0675046762225931,0.0405406899885944,0.00999999990148439,0.00500000006724776,0.0599885180746957,-0.02222211593105,-0.110641708451804,0.0585004270112076,0.786578029525198,-2.15577649023452e-06,-5.17682190023311e-06,0.617522193679444,-0.0311466808014541,-0.046703871997426,0.0519975043524328,-0.0749999999944435,0.0750000000263381,0.0499999999990701,-6.95138873323816e-11,-3.33740388023543e-10,6.38028993359682e-05,-0.0655902537487304,0.0169245347518876,-0.0126603522465703,5.12617628162934e-06,-5.02740806967561e-05,-0.23888956712714,-0.0100883552416699,0.00924408848552756,5.07983869674849e-06,-0.399999996696133,0.400000015661197,0.149999999447004,-0.399999997281702,0.400000015535911,0.226735568232514,-0.157300096947708,0.400000016318815,0.17057556111493,0,0,0,0,0.01,1.00054663067286,0.01,0.01,0,0.01,0,0,0.01,0.01,0.01,2.14558070012055,0.218307589443705,0.01,0.01,0.01,0.01,0,0.01,0,0.01,0,0,0,0.5,1.07330880298359,0.796855485735702,0.766107718179627,0,0,0,0,0.5,0,0.5,0.5,0,0,0,0,0,0,0,0,0,0.5,0,0.5,0,0.5,0.5,0.5
279,-0.0472972799046789,0.0694246553114035,0.0410763799458762,0.00999999991344748,0.00500000019738027,0.0599897416737476,-0.0230003106258717,-0.11042324203692,0.0585020206342717,0.788437229800194,-5.15536377195302e-06,-2.83384820752877e-06,0.615146679133747,-0.0313998879336826,-0.0464682882100119,0.0519979812408439,-0.0750000000000011,0.0749999999999998,0.00379999577417443,-6.86950975513612e-11,9.64748340561574e-10,-0.000102071581705601,-0.0271825568647176,0.00805776260039655,2.94153389787702e-07,-0.000869417208722847,0.000735529439061424,-0.282296279758292,-0.0118114416728528,0.0110726778913576,-8.84847825034899e-05,-0.400000000000001,0.397849603549639,0.1795559794369,-0.4,0.4,0.199374661639149,-0.217544827214737,-0.4,0.184649487597085,0,0,0,0,0.01,1.01856259555932,0.01,0.01,0.214382500359282,0.01,0.01,0.01,0.105624671298131,0.01,0.01,1.63921795312073,0.317344043418983,0.01,0.01,0.01,0.01,0,0.01,0,0.01,0,0.175872283914727,0,0.742717654986508,1.39384876529426,1.08166545510346,1.05490096517731,0,0,0,0,0,0,0,0,0,0,0,0,0,0,0,0,0,0.5,0,0.5,0,0.630455072597984,0,0.5
280,-0.049217237908879,0.0713270894774996,0.0407713597990557,0.00999999989868746,0.00500000005564044,0.0600000000124564,-0.0246380118908226,-0.112118119134843,0.0590178846299386,0.788721177485947,-7.05809913843252e-07,-7.76627765313327e-07,0.614782572527088,-0.0314580986185844,-0.0464474599869523,0.0519974249810696,-0.075,0.0750000000000007,-0.0341124482361399,3.66439065587278e-15,-4.27823632425801e-15,3.17092398055407e-14,-0.075,-0.0749999999999994,0.0500000000000001,0.000450236692074157,0.000301324289552242,-5.75229354440585e-08,7.78821155169452e-06,-2.28358955546227e-05,2.61295209396594e-06,0.1385320725714,-0.4,0.247254046380157,-0.4,0.384571240454498,0.173794181153845,-0.0685304328256479,-0.4,0.15,0,0,0,0,0.01,0.979696663267417,0.01,0.01,0.01,0.01,0.01,0.0215026314257418,0.0540597789479538,0.01,0.01,0,0.338248343788009,0.01,0.01,0.01,0.01,0.319186212197054,0.01,0,0.01,0.709581311839794,0.237637123663068,0.01,1.50348307372878,2.13622162310258,1.85270400252805,1.78700069430331,0,0,0,0,0,0,0,0,0,0,0,0.5,0,0,0,0,0,0,0,0.5,0,0,0,0
281,-0.0507861800791803,0.070127134401427,0.0406298008392002,0.00999999989868838,0.00500000010131616,0.0596114254137202,-0.025902874841108,-0.114038098165749,0.0595535745291447,0.788721177542014,1.3908187886631e-08,2.25091957155601e-08,0.614782572456372,-0.0314579866206912,-0.0464474687196756,0.0519974248828375,-0.075,-0.0749999999999995,0.0196875522481739,5.9868864308701e-15,-2.15550678550831e-16,-0.03866413920404,-0.0516032786354918,-0.0750000000000001,0.00379998997075282,-1.96153647465018e-05,-0.000111653699680331,-1.06853191134388e-10,-5.61340291685627e-06,1.0424975773337e-06,1.64900399402424e-08,0.286716166270273,-0.4,0.220575398098961,0.0723583800856632,0.025838745853255,0.221846424342147,0.0430846017282836,-0.160463737063123,0.15,0,0,0,0,0.01,0.01,0.01,0.01,0.01,0.377898374797423,0,0,0,0.01,0.01,0,0,0.01,0,0.01,0.01,0.383473954985757,0.01,0.01,0.01,0,0,0.01,1.76772182767779,2.07112731599602,1.91462024291893,1.92422890075488,0,0,0,0,0,0,0.5,0.5,0.5,0,0,0.5,0.5,0,0.5,0,0,0,0,0,0,0.5,0.5,0
282,-0.0502741319784637,0.0682071554348276,0.0414839414599053,0.0102682197613095,0.0049516190597991,0.059241330844805,-0.024515791018031,-0.115000000123977,0.0599372239088164,0.788721177513596,5.67288994346234e-10,2.10945369848794e-10,0.614782572515287,-0.0314579894994013,-0.0464474690004755,0.051997424873242,0.0749999997650545,-0.0750000000938954,0.0499999999945393,0.0266885431749392,-0.00481404097761144,0.00145406966012933,0.0750000000026623,6.11945874906154e-11,0.0344119691235441,2.27677305942961e-07,5.52518313280325e-06,2.10728046032052e-11,2.91684556266713e-07,-1.35063818160005e-08,4.04039019018859e-11,-0.400000139697,0.314650751048741,0.14999999675279,-0.399999991363237,0.400000054890454,0.250000025134782,-0.114043022741923,0.0791810477560554,0.149999999180625,0,0,0,0,0.01,1.03130856261575,0.01,0.01,0.143638316841563,0,0.0878239238040438,0,0,0.01,0.01,1.7818449496606,0,0.01,0.01,0.01,0.01,0,0.01,0,0.01,1.00569545006131,0,0.335817925420945,1.2223330089979,1.91919487594615,1.57626102737051,1.56526685757356,0,0,0,0,0,0.5,0,0.5,0.5,0,0,0,0.5,0,0,0,0,0.510085013162151,0,0.5,0,0,0.5,0
283,-0.0506975638915517,0.0662871763473252,0.0420196314572373,0.00999999961390021,0.00500000017461561,0.0596130392496052,-0.0254807728451261,-0.11500000000689,0.059650756015397,0.788721177537279,-7.52608309586661e-11,-2.61096657531912e-11,0.614782572473928,-0.0314579894426616,-0.0464474688079301,0.0519974248752405,-0.0749999999993133,-0.0749999999870226,0.00379999999989354,1.21643930849664e-11,7.5242233484584e-11,0.0355463377225816,-0.0750000000034748,2.17576072436507e-11,-0.0400516674962891,2.42651815457575e-08,-9.24694005044693e-08,1.15042703172314e-11,-5.31674471664601e-09,-9.3409962836192e-10,-7.14582450039395e-13,0.232109631465837,-0.399999992283324,0.249999999936689,0.04789893802434,0.235126267290279,0.210976569944807,0.105737954045808,-0.399999987034032,0.250000001365153,0,0,0,0,0.01,0.01,0.01,0.01,0.01,0.51503714176283,0.01,0,0.38974886286661,0.01,0.01,0.273126811893818,0,0.01,0,0.01,0.01,0,0,0.222217529331268,0.01,0.245473000893472,0,0.01,1.43302126495882,1.74979886465597,1.53389229799574,1.64892783161905,0,0,0,0,0,0,0,0.5,0,0,0,0,0.607988516651903,0,0.578060145792084,0,0,0.5,0.5,0,0,0,0.5,0
284,-0.0495894017930468,0.0643671974319758,0.0419803255661339,0.0109348567550452,0.00474875305011969,0.0599676171441715,-0.0242808625525234,-0.11370722994469,0.0590500497098897,0.788727427472982,4.50991034173306e-06,-2.85626106836543e-06,0.61477455417648,-0.0314576739618858,-0.0464502723729114,0.0519974135312398,0.0750000000000007,-0.0750000000000001,-0.00767322326181389,0.0750000000000003,-0.0203274328358633,0.00127225601423012,0.075,0.0749999999999997,-0.0201186259944432,0.000294650333766264,0.00120025178153696,-0.000260845555665027,7.06631783107664e-05,-6.85392812806322e-05,-1.39691492096501e-05,-0.4,0.283225641705798,0.25,-0.4,0.399999999999999,0.242800412105969,0.148470829708912,0.4,0.15,0,0,0,0,0.01,0.979233461594372,0.01,0.01,0,0,0,0,0,0,0.01,0,0.772254257114968,0.01,0.328677640604595,0.01,0.01,2.20253053826964,0,1.95400450785258,0.01,0,0,0,0.847421955515226,1.45423981952391,1.04331158263433,1.25835019240481,0,0,0,0,0.5,0.5,0.5,0.5,0.5,0.5,0,0.567814642034421,0,0,0,0,0,0,0.5,0,0,0.573454903595537,0.5,0.5
285,-0.0507893118020478,0.065567152434227,0.0413625511008978,0.00999999989873412,0.00500000010131609,0.05952871303131,-0.0227748666858092,-0.11178725094364,0.0591883671900008,0.788727446194272,-1.56961098326429e-07,8.13057792008383e-08,0.614774530188843,-0.0314577272450786,-0.0464497087895556,0.0519974247422198,-0.0750000000000001,0.0750000000000009,-0.0499999999999999,-4.7220354506068e-10,1.17111547100465e-16,-0.0449297147691978,0.0750000000000001,0.0750000000000005,0.0336813740055564,0.000458669236487172,4.68054047749391e-06,-1.79318689563362e-09,1.50361183362776e-10,-2.25652438300298e-05,-6.87778649495536e-09,0.230544970050456,-0.399999999999999,0.25,0.011883619260577,-0.0517305165590395,0.25,0.0301641349008204,-0.4,0.15,0,0,0,0,0.01,0.136000458663766,0.01,0.01,0.01,0.723413659753323,0.01,0,0.597350300227808,0.01,0.01,0,0,0.01,0.827218703911999,0.01,0.01,0,0.01,0.094056939736112,0.01,0.323925464393612,0,0.01,1.31291594505158,1.63006415468515,1.41223656999026,1.53074352974647,0,0,0,0,0,0,0,0.5,0,0,0,0.5,0.5,0,0,0,0,0.5,0,0,0,0,0.5,0
286,-0.0505738947957977,0.0643671971561909,0.0409032410946988,0.0100139642719484,0.00474720228270597,0.0594085468396018,-0.0211759026985905,-0.111149008645878,0.0593389757270986,0.788579591253111,7.72326548096612e-07,-9.33839942339137e-08,0.614964188396579,-0.0314022545300665,-0.046710749223041,0.0519961640097452,0.0749999999993905,-0.0749999999932792,0.00379999995232776,0.00132035899777368,-0.00771416945161605,-0.00247223183934051,0.0750000000067814,-0.0309306479236701,-0.0157116921479992,0.00691370147488274,0.00569089719435514,0.117306162892231,0.00646167644794101,-0.012911992586088,-0.00174689274376378,0.136430037447753,-0.399999996003649,0.250000000587577,-0.0291831401261705,-0.186732535221078,0.232010769913835,0.329375350497295,0.205390131924378,0.199384734647309,0,0,0,0,0.01,0.182344683266797,0.01,0.01,0.01,0,0.01,0.01,0.491562580841503,0.01,0.01,0.592453580008167,0,0.01,0,0.01,0.01,0.650172694578543,0.01,0.140565143596482,0.01,0.320086001369978,0,0.01,1.20411503347836,1.48453252371157,1.31286138170227,1.37578617548767,0,0,0,0,0,0.5,0,0,0,0,0,0,0.5,0,0.5,0,0,0,0,0,0,0,0.5,0
287,-0.0487606974207491,0.0624472184269224,0.0405149310994356,0.010915266794735,0.0050000000173618,0.0589016585987718,-0.0212474566949238,-0.112664820314952,0.0588577909459332,0.7885177858483,-4.6387683971787e-07,8.93409443211101e-08,0.615043434690785,-0.0313892655930994,-0.0467404685983406,0.0519974107684929,0.075,-0.0749999999999992,-0.0424000000486602,0.075,5.80219995693114e-16,-0.0483262451563455,-0.075,-0.0750000000000001,-0.0323237255153355,0.0015036024315251,0.000733213829310973,-1.84632736091823e-09,3.65539761354571e-05,-7.5110108913152e-05,1.65957996173273e-06,0.181986005004555,-0.4,0.25,0.0343085895212059,0.163087092007397,0.25,0.0769253692476878,-0.126828478053617,0.226013448375115,0,0,0,0,0.01,0.01,0.01,0.01,0.01,0.455275565700628,0.01,0,0,0.01,0.01,0,0,0.01,0,0.01,0.01,0.328203913934403,0.180354617313286,0,0.01,0,0.48505520008451,0.01,1.2862130538424,1.50422716370065,1.3621116678878,1.42832854965524,0,0,0,0,0,0,0,0.5,0.5,0,0,0.5,0.5,0,0.5,0,0,0,0,0.5,0,0.5,0,0
288,-0.0472130154411014,0.0605272394324253,0.0402076210905296,0.0114301555055925,0.0038665317983553,0.0586305628218017,-0.0200749733395335,-0.113868691800822,0.0583067091891241,0.789762379229826,9.29970703063515e-06,-3.80251409724925e-05,0.61344449674461,-0.0314602047092749,-0.0470964328019379,0.0519978457158619,0.0750000000000002,-0.0750000000000001,0.0113999991620485,0.00678158513810458,-0.0612337948327409,0.00867313889688499,0.075,-0.0455344762060632,-0.0228319092468989,0.0371520082667282,-0.0318759389671047,-0.45276576256902,-0.0132663581677311,-0.0493894016652433,0.00569999347306745,-0.4,0.27502543348413,0.248893614416235,-0.4,0.4,0.20320112914778,-0.133106218011406,-0.0954446077013826,0.15,0,0,0,0,0.01,0.911804658725102,0.01,0.01,0.187564974632746,0,0,0.0927155278434645,0.146461537141487,0.01,0.01,0.962471595875212,0.391599852532288,0.01,0.01,0.0947089966280923,0.01,0.539393665276246,0.01,0,0.01,0,0.01,0,0.729598528005429,1.32962544538337,1.03389415334374,1.02532982004506,0,0,0,0,0,0.505296346623673,0.5,0,0,0,0,0,0,0,0,0,0,0,0,0.647031465028846,0,0.508806607366513,0,0.5
289,-0.0484129251749649,0.0615190485911778,0.0400000049297678,0.00999999957315513,0.0050000002660074,0.0593109153559693,-0.0210705883647107,-0.113523274352729,0.0583907610070014,0.790864096443677,2.77823042683802e-06,-2.18501020422536e-06,0.612023509780944,-0.0315790483729683,-0.0476198665641734,0.0519973927383161,-0.0750000000008554,0.0750000000061555,-4.94358783545856e-05,-1.12325150143311e-08,1.40258017665249e-08,0.049999999999742,-0.0750000000008563,0.0750000000107952,0.0309680907522228,-0.0195499634285261,0.00188736793560824,-8.25657531107252e-07,9.80261755164904e-05,0.000990349413018478,8.48045247202129e-05,0.204436396385979,-0.399999996339817,0.249999999188278,0.0427820916386788,-0.109517772367947,0.149999999846607,0.257610441315684,-0.0846365522451063,0.149999999477864,0,0,0,0,0.01,0.01,0.01,0.01,0.01,0,0.01,0.01,0.271500144862204,0.01,0.226708884827237,0.020910821710306,0.259636739125431,0.01,0.664695169710947,0.01,0.01,0,0.10916766691159,0.01,0.01,0.01,0,0.01,1.51302490036764,1.71762872040417,1.60703103887633,1.62362258189548,0,0,0,0,0,0.5,0,0,0,0,0,0,0,0,0,0,0,0.5,0,0,0,0,0.5,0
290,-0.0481337179225048,0.0603190936842387,0.0403176556604675,0.0108746523292452,0.00500000011825221,0.0598466053892588,-0.0221926274583411,-0.114481187785714,0.0585458128193875,0.790864097238201,8.25643926183311e-08,-8.98535386274688e-08,0.612023508773661,-0.0315790440504937,-0.0476194729211247,0.0519974248793109,0.0750000000005659,-0.0750000000034971,0.0316559820339466,0.0750000000055473,3.48610169184596e-11,0.00380000095721276,-0.037391992215411,-0.07500000000421,-0.0152319092473008,0.000854947768084536,-5.16327918960056e-05,-1.44450735327598e-09,-2.84180513526048e-06,-4.54023268386909e-05,1.02515892311307e-06,0.0426141303565456,-0.400000002079497,0.228115518733902,-0.0380211856033702,-0.150858043274796,0.173893744346083,0.0690043613705267,0.126014021619791,0.149999999761132,0,0,0,0,0.01,0.01,0.01,0.01,0.01,0.40519126362227,0.15883961024768,0,0.137889340655371,0.01,0.286551618542176,0.01,0.137371032433431,0.01,0.644048974922383,0.01,0.01,0.0858551448124863,0.177275860133754,0.01,0.01,0.042474866086085,0.534773288953914,0.01,1.71355379551076,1.89579305201813,1.79748951070366,1.81185733682523,0,0,0,0,0,0,0,0.5,0,0,0,0,0,0,0,0,0,0,0,0,0,0,0,0
291,-0.0466025623632187,0.0583991147302319,0.041089740957667,0.0117161980247321,0.00369563891294483,0.0596293297968356,-0.0209735569084845,-0.113281232833111,0.0577948722706604,0.790864097247059,-9.67497733338968e-09,8.96720198797475e-09,0.612023508757312,-0.0315790418438173,-0.0476194605838259,0.0519974248780695,0.075,-0.0749999999999994,0.0454834103985516,0.00948214178448173,-0.0750000000000002,-0.0253816520666358,0.0750000000000001,0.075,-0.05,-1.03924413494534e-05,-6.88662378180973e-07,-2.71097440619979e-12,-2.70388881628889e-08,6.39724710111226e-07,7.38764788873147e-09,-0.00218416048716915,-0.4,0.210860499739992,-0.0136738898472495,-0.4,0.207497698978365,0.25230484005019,0.4,0.237920375467696,0,0,0,0,0.138834072437214,0.01,0.01,0.01,0.01,0,0.180577483299643,0.038711492814006,0.0104980043055263,0.01,0.357952717177058,0.01,0.0268829571235732,0.01,0.526611181375105,0.01,0.01,0.01,0.296139497685863,0.01,0.01,0.01,0.464798380448667,0.01,1.8439525556933,1.93944125259648,1.88796351551976,1.89543029277001,0,0,0,0,0,0.5,0,0,0,0,0,0,0,0,0,0,0,0,0,0,0,0,0,0
292,-0.0456261547248378,0.0564791357291823,0.0420769740838451,0.0126769010929964,0.00424280342416864,0.0592104442451686,-0.0212693255657004,-0.113152975653948,0.0567463622706603,0.79086409724706,3.73124818729446e-10,-3.20897825359002e-10,0.61202350875731,-0.0315790419693072,-0.0476194619818142,0.0519974248750443,0.022901257549814,-0.0749999999999995,0.05,0.075,0.0749999999999998,-0.0165510560800071,-0.075,-0.061491822968919,-0.05,-1.03208445537034e-06,1.34101869989974e-07,-5.41073068784145e-15,6.78837742344485e-09,5.00202895984458e-08,1.90411269921574e-11,0.0227295307362113,-0.4,0.203103735535572,-0.0229546695233415,-0.4,0.207844384176962,0.376464478092651,0.4,0.233232990690812,0,0,0,0,0.155607975759127,0.01,0.01,0.01,0.01,0,0.145513766058775,0,0.01,0.01,0.425216183107133,0.01,0.01,0.01,0.560635971590497,0.01,0.01,0.01,0,0.01,0.01,0.01,0.464089127919219,0.01,1.87786350162414,1.93939192935199,1.90439309923785,1.91286233173827,0,0,0,0,0,0.5,0,0.5,0,0,0,0,0,0,0,0,0,0,0.5,0,0,0,0,0
293,-0.0451277792905471,0.0545591567487069,0.0430882773288832,0.0142087369430888,0.00466246293287626,0.0591608198027101,-0.0227699809008701,-0.114090189122898,0.0556978522700202,0.790864097224357,-1.61802090190515e-11,2.77382215629039e-11,0.612023508776232,-0.0315790419576813,-0.0476194619336438,0.0519974248747941,0.0269162180795745,-0.0750000000050975,0.0500000000002695,0.0750000000000574,-0.0324965641328632,0.0114486150150964,-0.0750000000006422,-0.032375108062085,-0.0500000000007235,-3.19560619893836e-08,4.94246557272656e-09,2.47756426128367e-12,3.4361143642145e-10,1.82713220560806e-09,-1.97244037185854e-12,-0.252393965334126,-0.400000003031127,0.250000000160283,-0.399999999965776,0.400000001678478,0.218715288329808,0.0118482999250706,0.399999999156865,0.249999999569773,0,0,0,0,0.01,0.986139489864789,0.01,0.01,0.489195612197854,0,0,0,0.01,0.01,0.01,1.13229703958517,0.01,0.01,0.01,0.01,0.01,0,0.01,1.13544018829028,0.01,0,0,0.280137338323182,1.68787378967987,2.25202921741605,1.94588250653407,1.99402050056186,0,0,0,0,0,0.513677071911584,0.5,0.5,0,0,0,0,0,0,0,0,0,0.5,0,0,0,0.704746587410193,0.5,0
294,-0.0451114564030721,0.0526391776021326,0.0436239673346987,0.0130088266334594,0.00500000017280475,0.0595935778102633,-0.0244945049998954,-0.11257447269989,0.055238542263738,0.790864097277806,-1.68024511029301e-11,1.80588763316319e-11,0.612023508781523,-0.031579041793907,-0.0476194617984366,0.0519974248753207,-0.0250242286755985,-0.0750000000108042,0.00380000057881487,-0.0749999999893124,7.68789380764455e-11,0.0317257988074392,-0.0750000000236759,0.0749999999925634,0.00379999930979737,3.99213975576817e-09,-3.71223623626203e-09,1.48661468995328e-11,-1.29012181288501e-10,-1.12062646636451e-10,-1.01952263145932e-12,0.065989761561221,-0.400000006424375,0.247401379315208,0.0700956682460711,-0.392681286542434,0.149999999655319,0.399999985922421,0.349904361823653,0.149999999934047,0,0,0,0,0.0700453105756985,0.01,0.01,0.01,0.01,0,0.0681949626177674,0.01,0.0908547535509222,0.01,0.500351165985294,0.01,0.0463530723298739,0.01,0,0.01,0.01,0,0.255634702543186,0.01,0.01,0.01,0,0.01,1.56146543980956,1.67428135231074,1.59540418320304,1.64034260891725,0,0,0,0,0,0.524278948734589,0,0,0,0,0,0,0,0,0.5,0,0,0.5,0,0,0,0,0.5,0
295,-0.044862063421326,0.050719198703247,0.0435824102106246,0.0135131873100156,0.00500000010131615,0.0597637837916436,-0.0250676517462779,-0.113455474113026,0.0557779345112935,0.79086409724706,-3.85264385438825e-15,1.0265045707105e-13,0.61202350875731,-0.0315790419662724,-0.0476194619280368,0.0519974248750001,0.0495904480425319,-0.0749999999999996,-0.00789722677887736,0.075,-4.04771850195819e-15,-0.0144742011919814,0.0172242051467831,-0.0750000000000001,0.0499086820333294,-3.53441201877964e-11,-3.50658022248955e-11,-3.99264108661565e-16,-1.22523673954562e-12,2.32945609060354e-12,2.81322825920837e-14,0.113174947990775,-0.4,0.25,0.00852030359137377,0.0320483011855944,0.197495775952308,-0.00567980692303558,0.00373884552925598,0.15,0,0,0,0,0.0210439690376456,0.01,0.01,0.01,0.01,0,0,0,0.102301074195743,0.01,0.525877008927987,0.01,0.01,0.01,0,0.01,0.01,0,0.227380077218855,0.01,0.01,0.01,0,0.01,0.981344958427636,1.10385635009686,1.02971104654869,1.05549026197581,0,0,0,0,0,0.5,0.5,0.5,0,0,0,0,0,0,0.5,0,0,0.5,0,0,0,0,0.5,0
296,-0.0432990789353956,0.0487992196935324,0.0439651556764358,0.0150527752133143,0.00500000012263881,0.0595082869554876,-0.0237276454913066,-0.114999698605041,0.056792656120098,0.790864097252838,-7.37196100033006e-12,8.31560708528929e-12,0.612023508785622,-0.0315790419307627,-0.0476194619176697,0.0519974248749925,0.0750000000000343,-0.0750000000292907,0.0459027732215412,0.0750000000069915,4.1159808601148e-11,-0.0110923877861708,0.0749999999974407,-0.00301550372711473,0.0499999999991256,-6.51425088898243e-12,9.05367817072343e-12,1.42967897044536e-11,4.86193862696608e-11,6.35109031458011e-11,-5.55738273423166e-14,-0.125121012090194,-0.249209696688507,0.199598528840206,0.149789075184341,-0.234442133858844,0.199781997060932,-0.0636092953447584,0.00226226363503338,0.149999999480014,0,0,0,0,0.411941372485195,0.01,0.01,0.01,0,0,0.19378220507714,0.0633761711968847,0.01,0.01,0.799531983108522,0.01,0.01,0.01,0.928723388690244,0.01,0.01,0.01,0.180388157576592,0.01,0.01,0.01,0,0.01,1.5400843008887,1.4266437174972,1.48276491653005,1.48396310185585,0,0,0,0,0.5,0.5,0,0,0,0,0,0,0,0,0,0,0,0,0,0,0,0,0.5,0
297,-0.0439329370838374,0.0468792407011465,0.0445957835380505,0.0166680382599971,0.00450921599011565,0.0593398992407441,-0.0222347408526154,-0.113691172095368,0.057328346120789,0.79086409724706,-8.79551988985594e-15,1.06414916628341e-13,0.61202350875731,-0.0315790419662742,-0.0476194619280357,0.0519974248749999,-0.075,-0.0749999999999997,0.0173030118858984,0.075,-0.0488342399204367,-0.00577298441125363,0.0742939919440521,0.0749999999999999,0.0037999999999999,-7.50030583913705e-12,8.12837276010338e-12,-2.3646828427873e-16,4.31872295493827e-13,3.92463115618101e-13,-4.96453013058125e-15,-0.0693233620416185,-0.4,0.240314053788306,-0.0267272330877998,0.137881605861486,0.210490001369267,-0.142375812591895,-0.341930063787387,0.225497205634173,0,0,0,0,0.01,0.01,0.01,0.01,0,0,0.0596187372334107,0.01,0.0616474196625433,0.01,0.175076207696241,0.0594240434038519,0.0198310643283904,0.01,0.491744371030461,0.01,0.01,0.176219012930813,0.01,0.01,0.01,0.0542216966334364,0,0.01,1.46057550681248,1.55260358892321,1.5019419658221,1.51123712991358,0,0,0,0,0.5,0.5,0,0,0,0,0,0,0,0,0,0,0,0,0,0,0,0,0.5,0
298,-0.0455496949047396,0.0449592617000954,0.0449600316765655,0.0174937993165657,0.00500000004894147,0.0593199447848811,-0.0221996668333858,-0.114756375320077,0.0574777487832932,0.790864097247062,-4.58779642697078e-15,4.02454435981321e-14,0.612023508757308,-0.0315790419662783,-0.0476194619280404,0.0519974248749996,-0.075,-0.0750000000000001,0.0191127532587405,0.00791154791673155,3.37647173044964e-12,0.00373002378402192,-0.0700647960810255,-0.0749999999999999,0.0111037475128032,-2.11226390496798e-10,2.30570251259442e-10,-6.28858972975128e-16,1.22271462785128e-11,1.12006127937092e-11,-5.63578862365861e-15,-0.205087265758187,-0.4,0.25,-0.0113028975219978,0.4,0.25,0.131799915697216,-0.317032105379021,0.25,0.01,0.898777003757296,0.01,0.01,0.01,0.0498481862361732,0.01,0.01,0.01,0,0.01,0,0,0.01,0.01,0,0.488920998334385,0.01,0,0.01,0.01,0.993034363216336,0,0,0.01,0.86191528508807,0.936462175634832,0.01,0,0,0,0,0,0,0,0,0,0.5,0,0.5,0.5,0,0,0.5,0,0,0.5,0,0,0,0.5,0.5,0,0,0,0
299,-0.0471024044229058,0.0430392827017786,0.0458072747146471,0.018531354452712,0.00500000008362059,0.0592925903662007,-0.023825472695261,-0.115000000101312,0.0572355137378405,0.790864097247055,-2.58761798323135e-15,-4.98662946503226e-15,0.612023508757314,-0.0315790419662839,-0.0476194619280424,0.0519974248750002,-0.0750000000000007,-0.075,0.05,0.075,3.33685925705689e-15,-0.00641474182402719,-0.0749999999999999,-4.39631823286087e-14,-0.0350962520601801,2.72493105121631e-12,-3.02418882267398e-12,-3.69986159037406e-16,-1.94107612786243e-13,-1.65585630046494e-13,-4.93765916763479e-15,0.4,0.287458411892756,0.15,0.0936604712881192,0.132931871981852,0.20594480653734,-0.0758614912279581,0.4,0.175371226869998,0.745165210730415,0.01,0.01,0.01,0.126239058108107,0.01,0.01,0.01,0,0,0,0,0.01,0,0,0.01,0.01,0,0.149180807887231,0.01,0,0.01,0.270822597212122,0.01,0.0151029160296081,0.01,0.0148283035138757,0.0541587782421822,0,0,0,0,0,0,0,0,0.910406562270031,0.778864850890459,0.818466123032471,0.870805290128019,0,0.5,0.521818769611921,0,0,0.5,0,0,0.5,0,0,0,0,0,0,0
300,-0.0459024944126017,0.0442392376737023,0.0467329969352813,0.0201948388148309,0.00500000297030967,0.0595968962510369,-0.0254815224178567,-0.11330002532194,0.0570742786914934,0.790864097285922,-2.48052385866109e-11,-3.26156329986735e-11,0.612023508751716,-0.0315790419657036,-0.047619461829555,0.0519974249095221,0.0749999999996029,0.0750000000281224,0.0426091765788952,0.075000000000494,2.11685363070861e-11,0.0366299989771473,-0.0749999999999714,0.0750000000133466,0.0187037479387269,7.54838916900598e-14,6.77742587789815e-14,3.09130029119615e-12,1.35929863574194e-11,1.77098349717829e-10,-1.05054597534482e-11,-0.251400168101366,-0.227801025408474,0.245797067124758,-0.399999999706264,0.400000012587699,0.234159630459947,0.20183525645589,0.400000007936285,0.177382063852768,0,0,0,0,0.01,1.13975174405813,0.01,0.01,0,0,0,0,0,0.01,0.01,0.854094330541472,0.190066290209204,0.151266371867851,0.95125551389768,0.01,0.01,0,0,0,0.01,2.05052808631795,0,0,0.853340932378969,1.24904486257644,1.00446580337494,1.09791999158047,0,0,0,0,0.604330679841549,0.857149578721861,0.662364577639122,0.799115680924277,0.5,0,0,0,0,0,0,0,0,0.597176432748569,0.5,0.5,0,0,0.5,0.5
301,-0.0443801373736434,0.0430695894441056,0.0473479820261063,0.0189949288044731,0.00500000010131432,0.0598651851514645,-0.0270009644174636,-0.111380046099015,0.0569840436554333,0.790864097247062,6.3722161702296e-16,-3.25558129769241e-16,0.612023508757308,-0.0315790419662806,-0.0476194619280452,0.0519974248749997,0.0749999999999999,-0.0750000000000002,0.0190073412819153,-0.0749999999999999,-1.70690895885086e-15,-0.00957000111769542,-0.075,0.0749999999999996,-0.02749625206018,6.49380638785606e-15,3.69174656225633e-16,-5.24786540037742e-16,-3.93552703034143e-16,-1.0856954601682e-14,-6.09826329554142e-15,-0.0678717194089936,0.0265287269271582,0.154363625137727,-0.4,0.399999999999999,0.25,0.215913314008375,0.4,0.211891801865348,0,0,0,0,0.01,1.18799869640981,0.01,0.01,0,0,0,0,0,0.01,0.01,1.39494830511061,0,0.01,0.916496174700233,0.01,0.01,1.83204753037939,0,0,0.01,2.07491365799082,1.31607562182726,0,0.805201948642596,1.23089728680968,0.990550788490585,1.0455484469617,0,0,0,0,0.520324407386429,0.753807856243601,0.561628957932221,0.712503305697809,0.5,0,0,0,0.5,0,0,0,0,0,0.5,0.5,0,0,0,0.5
302,-0.0428704671441556,0.0414832181335917,0.0474507607124635,0.0170749707811867,0.00500000010131483,0.0592117754255119,-0.0287202061222235,-0.109906313035253,0.0561893834661213,0.79063670824531,-7.13918078087379e-06,5.15301616769599e-06,0.612317231824141,-0.0315926201175308,-0.0472003341141366,0.0519969876534231,0.0749999999999999,-0.0750000000000003,-0.00859147854706141,-0.0749999999999999,3.13539918667278e-16,-0.0499999999999999,-0.075,0.0749999999999996,-0.0423324700319157,-0.00793840378224558,-0.000890117993585387,0.0910981408802511,-0.00172030146756004,0.054717270370024,-0.000277740768326182,-0.0941935594214961,-0.0152111376955481,0.180760890718366,-0.4,0.399999999999999,0.25,0.183268179775218,0.4,0.220797682090463,0,0,0,0,0.01,1.19100398950813,0.01,0.01,0,0,0,0,0,0.01,0.01,1.54872557116645,0,0.01,0.807315440471827,0.01,0.01,1.80006442081661,0,0,0.01,2.02667291360674,0,0,0.672111412737269,1.13548438261584,0.8760920768159,0.931503718537205,0,0,0,0,0.5,0.727866464438512,0.544681159790137,0.688889615393845,0.5,0,0,0,0.5,0,0,0,0,0,0.5,0.5,0,0,0.5,0.5
303,-0.0413454409761499,0.0395632391316926,0.046845038632685,0.0151550134711232,0.00500000010131447,0.0581842607042064,-0.0303267930020714,-0.108162680846307,0.0553824284370724,0.790065509087466,-7.12866811635235e-06,5.14970384185894e-06,0.613054069829832,-0.0316277095792532,-0.0458962319046259,0.0519973701178066,0.0749999999999999,-0.0750000000000002,-0.0499999999999999,-0.0749999999999998,-4.19432164007673e-15,-0.05,-0.075,0.0749999999999997,-0.0413743586767614,0.00212235111778627,0.000443660809564179,0.0852667256771646,-0.00145965716014005,0.0681465065198013,-6.67917454375473e-05,-0.125252278978084,-0.0992960289194403,0.25,-0.4,0.399999999999999,0.25,0.155463073683857,0.4,0.239411171398246,0,0,0,0,0.01,1.19239245493578,0.01,0.01,0,0,0,0,0.01,0,0.01,0,0,0.01,0.712678144646493,0.01,0.01,0,0,0,0.01,2.02424164787707,1.17526871066966,0,0.5,1.02425812296765,0.712284487642658,0.831025771129039,0,0,0,0,0.5,0.685441320573448,0.501028854676355,0.65381741621294,0,0.5,0,0.605236644063904,0.5,0,0,0,0,0.574511758236272,0.5,0.521375085986301,0,0,0,0.5
304,-0.0419482564173685,0.0376902779154559,0.0463857286357845,0.0136606640632523,0.0050000001013162,0.0577583980590304,-0.0319242455026302,-0.107154901565143,0.0546316107428693,0.791202545086069,4.56484422052621e-06,-1.09588322609888e-05,0.611585967600538,-0.0319662910000092,-0.0451496681414975,0.051996335275635,-0.0750000000000005,-0.0750000000000002,0.00380000030842197,-0.0750000000000007,-3.87299670061662e-15,0.0136015585864126,-0.0749999999999999,0.020033628360443,-0.0217423654620873,0.00840256846222248,-0.0594657720875845,-0.280762121304238,-0.0308000021923395,0.0104871931706532,-0.00287174391754816,0.4,0.4,0.171815580234065,0.4,-0.278369654843613,0.25,-0.270539984789426,0.4,0.216723248709797,0.960147028632356,0.01,0.01,0.01,0.27694597194977,0.01,0.01,0.01,0,0,0,0,0.01,0,0,0.01,0.01,1.20209521335991,0.01,0.498888464474581,0,0,0,0,0,0.01,0,0,0,0,0,0,0,0,0,0,1.36728994066586,0.894241835474855,1.0803324847296,1.18119929141111,0,0.5,0.539437238238758,0,0,0,0,0,0.701481647097157,0.5,0.990660799525306,0.5,0.536758531290547,0,0.5,0.630434866189281
305,-0.0407483464083683,0.0388902329177034,0.0461897208233167,0.0149491227651183,0.00427776684563552,0.0581344679539662,-0.0336814359586973,-0.106749485332482,0.0543523175837961,0.796066550395178,-3.37381026968902e-07,-7.21894832484081e-06,0.605241512653581,-0.0323710437781188,-0.0448529582335716,0.0519974911251928,0.075,0.0749999999999998,-0.0232654542822486,0.0750000000000002,-0.0588395349315642,0.0266730510652021,-0.075,0.0177042944957559,-0.00456200162814932,-0.0259836561739543,0.00230865839853453,-1.38765072405905,-0.0100750997311431,0.0181082527394008,0.000177693435246453,-0.176613386845564,-0.0726800606172893,0.189014099788782,-0.4,0.400000000000001,0.233891913155998,0.0336874500775634,0.4,0.178312477264563,0,0,0,0,0.01,1.00658030523719,0.01,0.01,0,0,0,0,0.01,0.01,0.01,0.909280931357081,0.0880029026744509,0.01,0.318049048108217,0.01,0.01,0.684837769070877,0,0,0.01,1.07004714354881,0.659064841635141,0,0.606225398644759,0.841564665587238,0.73198030540597,0.715809758826026,0,0,0,0,0.5,0.5,0.5,0.517594175217366,0,0,0,0,0,0,0,0,0,0,0.5,0.547372413746353,0,0,0,0.5
306,-0.0413560562134198,0.0404670499072345,0.046012880826494,0.0137521809282553,0.0050000000705144,0.0581661646424695,-0.0355641330364454,-0.10813087753921,0.0538459044568533,0.79871065629595,-3.53015777349517e-06,-1.09434230754349e-07,0.601748064980599,-0.0324789718673342,-0.0446702186123041,0.0519974224971093,-0.0750000000000001,0.0749999999999998,0.00543793764036756,-0.0749999999999998,4.49849091566195e-15,-0.0206059542331644,-0.075,-0.0750000000000002,-0.0482765461058108,0.00373198057941772,0.00136185234895967,-6.20323181406892e-07,5.36464685014298e-05,-0.000172791182537838,7.97658180347637e-06,-0.0292101522701875,-0.0947731792896886,0.199765453815338,-0.4,0.399999999999999,0.25,0.146632373394988,0.4,0.25,0,0,0,0,0.01,1.19224449360942,0.01,0.01,0,0,0,0,0.01,0.01,0.01,0,0,0.01,0.726737536103199,0.01,0.01,0,0,0,0.01,2.17222327160924,0,0,0.5,1.03883691434909,0.720449511826392,0.815139764129601,0,0,0,0,0.5,0.741959124072581,0.566357028685757,0.705514304839048,0,0,0,0.607636254942249,0.5,0,0,0,0,0.569158629994137,0.5,0.538335402174519,0,0,0.5,0.5
307,-0.0428915715370205,0.0392670949049846,0.0466546137040206,0.0118443025204912,0.00500000033884002,0.0582090366281989,-0.0371454688159793,-0.107074161585966,0.0528433375041561,0.79872410966465,6.69521204568102e-06,-2.30073989057294e-05,0.601730207325921,-0.0324827868392125,-0.0446772622119007,0.051997809734505,-0.0750000000000007,-0.0750000000000006,0.0499999999999999,-0.0750000000000008,4.25469291533726e-08,0.0220292644897547,-0.0749999999999999,0.074999999999999,-0.05,0.0388775301142815,-0.0409139110769976,-0.0985698052897927,-0.00845912149044732,-0.0137436710554852,0.000739394813570993,0.4,0.4,0.15,0.4,-0.274430791175878,0.25,-0.293995936063951,0.399999999999999,0.238249018874229,0.993600167174232,0.01,0.01,0.01,0.26786155026976,0.01,0.01,0.01,0,0,0,0,0.01,0,0,0.01,0.01,0.96901611739584,0.01,0.561706184404082,0,0.01,0,0.01,0,0.01,0,0,0,0,0,0,0,0,0,0,1.69643883828123,1.18050837682243,1.40256286700735,1.47438434809631,0,0.69211091147251,0.5,0,0,0,0,0,0.669130327205047,0,0.96320006454386,0,0.613399380347201,0,0.5,0.677308060123858
308,-0.0416916615280688,0.0404670499083782,0.0471903037040829,0.0130154525956252,0.00376265954173019,0.0587609052824923,-0.0389803538233013,-0.105911590501487,0.0519449789195147,0.802446029538387,-2.30504981150723e-06,-1.36672479464975e-06,0.596757968166174,-0.0325691734267135,-0.0451881420753425,0.0519970722331692,0.075000000004084,0.0749999999956845,0.00380000000044331,0.0750000000011772,-0.0750000000124269,0.0288549334703869,-0.0750000000030743,0.00181215575163311,-0.0270107150882675,-0.0329679878948921,0.00647240385155581,-1.23073292042364,0.00582489940378527,-0.0130131837913958,-0.00113548479064802,-0.2287197918813,-0.105587014305051,0.150000000263661,-0.399999999300034,0.399999992610696,0.178803791360348,0.0504975354567256,0.227067242908342,0.249999999736189,0.01,0,0,0,0.01,0.985094910153777,0.01,0.01,0,0,0,0,0.01,0.01,0.01,0,0,0.0450872977148572,0.756365734554223,0.01,0.01,0,0,0,0.01,0,0,0,0,0.934353535668521,0.649605288737154,0.733753080562605,0,0,0,0,0.5,0.727639185192621,0.54062653873689,0.698445176544623,0,0,0,0.55999203480249,0.5,0,0,0,0,0.997745172077804,0.5,0.5,0,0.56196798021805,0.5,0.5
309,-0.0428915714443415,0.0414812875522896,0.0478025537040305,0.0118172372005966,0.00497716028313181,0.0597072292013782,-0.0402821870338109,-0.105522028639634,0.0512931023822986,0.804212413104657,-5.56721214820501e-06,4.17571030056961e-06,0.594375482005731,-0.0325094451736395,-0.0451480066388157,0.0519972914088028,-0.0750000000016033,0.0266654370694006,0.0499999999998554,-0.0750000000014115,0.0750000000086848,0.0499999999894733,-0.0548345740333244,0.0234684937429147,-0.0367617161050653,0.000340790594241985,-3.42142623940342e-05,-0.0102059633858148,2.10548602338202e-05,0.00678927361833115,1.75950247629709e-05,-0.134683744613623,-0.129498913680973,0.149999999914014,-0.400000000839332,0.400000005164185,0.210892573214624,-0.0884087229766694,0.0683539018826555,0.201465486407238,0,0,0,0,0.01,1.369180628159,0.01,0.01,0.138282375848868,0,0,0,0.01,0.01,0.01,1.19723242182697,0.0612961439764614,0.01,0.0333100779317803,0.01,0.01,0,0,0,0.01,0,0.403194494979017,0,0.57663898629172,0.881948778450982,0.73137079587964,0.727216968863061,0,0,0,0,0,0.5,0.5,0.5,0,0,0,0,0,0,0,0,0,0.5,0.5,0.5,0,0.5,0,0.5
310,-0.0444926195645084,0.0403014840355074,0.0483684586419631,0.0100000061203381,0.00500000010131577,0.0599333271444676,-0.0420395090828591,-0.104960873181668,0.0506761207765508,0.804226408932075,-5.74660713881916e-06,3.96794475808837e-06,0.594356544658823,-0.0325100371171165,-0.0451232485005366,0.0519973589222317,-0.0750000000000006,-0.075,0.00680646148680135,-6.22481047335025e-05,2.68894298174059e-15,-0.0102394683417126,-0.0749999999999999,0.0281978418786106,-0.0254908711393492,0.00146702930400965,-0.000617500754028565,-0.000144578965502766,-3.79934815473916e-05,1.14201656457167e-05,2.90623631691675e-05,0.4,0.0334922998264614,0.15,0.4,-0.4,0.25,0.0654534607425239,0.372299544072084,0.15,0.132210622400691,0.0349068025310984,0.196434238934987,0.01,0.977120333575801,0.01,0.01,0.01,0,0,0,0,0.01,0,2.16532360288579,0.01,0.01,0,2.75236442226277,0.01,0,0,2.06311850306621,0.01,0,0.01,0,0.01,0,0,0,0,0,0,0,0,0.766030363914987,1.02532882416869,0.85415348773708,0.937205700346601,0,0.5,0,0,0,0.5,0,0,0.5,0.5,0,0,0.5,0,0.572066752937779,0
311,-0.0432927092918068,0.0395439660359237,0.0480402778909861,0.0117009785396731,0.00351771936471024,0.0593978401397726,-0.0430576621504573,-0.105196156189163,0.0497907771797609,0.805942055190155,4.98567087777998e-06,-5.21355492776132e-06,0.592028124744321,-0.0324625448961329,-0.0455141269740746,0.051997328574078,0.0750000000000007,-0.00112119398802786,-0.0393935365940772,0.0750000000000002,-0.075,-0.0372942991312346,-0.0271436088439167,-0.0455011011204913,-0.05,0.00635146120253713,0.0010963557319046,-0.600310812176139,0.00747119237747977,-0.045466978203333,-0.000111404270182508,0.4,0.4,0.209499205903202,0.212868495097688,-0.246934487393601,0.25,-0.279872845071707,0.4,0.25,1.07005686522914,0.01,0.01,0.01,0.345143159848401,0.01,0.01,0.01,0,0,0,0,0.01,0.61924552067242,0,0.01,0.01,0,0.01,0.480482607382932,0,0,0,0.01,0,0.01,0,0,0,0,0,0,0,0,0,0,1.75087100715905,1.27665031653462,1.52036771967506,1.50715360401861,0,0,0.5,0,0,0.5,0,0,0.759220287816592,0.5,0.848198539609016,0,0.605930830458101,0,0.5,0.5
312,-0.0413727512876176,0.0412394562612258,0.0475052661287777,0.0128182019290535,0.00201894976289624,0.059264573189627,-0.0446127224125778,-0.105269089068032,0.0492553079799452,0.811878606757777,2.55189410369264e-06,-6.32718775319937e-06,0.583860915526286,-0.0323180655773935,-0.0461121829316411,0.0519974529484597,0.0749999999999999,0.075,-0.0142334401092087,0.0552707795411142,-0.0750000000000016,-0.000433461775399697,-0.075,0.00134374719289585,-0.0044325027268018,-0.0054601157384086,0.00396825110077152,-1.43751690456259,-0.000316513903599002,-0.0176712681464255,-9.86421803479247e-05,-0.09119321616072,0.0124169216250498,0.15,-0.4,0.399999999999999,0.199947121390928,0.0433541701702372,-3.6279036785978e-05,0.25,0.01,0,0,0,0.01,0.998591252795175,0.01,0.01,0,0,0,0,0.01,0.01,0.01,0,0,0.10888067437643,0.746848412451146,0.01,0.01,0,0,0,0.01,1.90031102862389,0,0,0,0.969415264558383,0.654921424421379,0.735857315213132,0,0,0,0,0.507588818610588,0.759501371577125,0.59502783531845,0.724842350861468,0,0,0,0.551205002986604,0.5,0,0,0,0,0.978090254635708,0.5,0.5,0,0,0.5,0.5
313,-0.0422547910951512,0.042432422931162,0.0477612873319051,0.011490101475198,0.00325194716963789,0.0595877017702066,-0.0461645876949271,-0.106665498675946,0.0487439825056383,0.814331203023638,2.7740648011092e-07,3.6203915822865e-07,0.58043546592401,-0.0323222209646627,-0.0462854174127442,0.0519974250979804,-0.0750000000005618,0.0444494242416229,0.0395665598922173,-0.0750000000229486,0.0750000000024942,0.0328128520549238,-0.0749999999935101,-0.0749999999915579,-0.0485201543701717,-0.0096856660199635,-0.00328285681110847,-5.59014655141281e-07,-0.00016742970909374,0.000503991316501429,-7.15149295020821e-06,0.130378240925829,-0.299972114499419,0.152023638007389,-0.0236728386664284,0.01949953301272,0.150000001983477,0.0115192137005371,-0.202139789153274,0.186210385875072,0,0,0,0,0.01,0.0783018012694634,0.01,0.01,0,0,0,0,0.01,0.01,0.01,0.0909429635136841,0.01,0.01,0.531986926365516,0.01,0.01,0.370497610675901,0.01,0.01,0.01,0.0928317072781874,0.01,0.01,0.694278013110898,0.895064612916428,0.823223924337479,0.766118701689845,0,0,0,0,0.5,0.646315379910324,0.584726760194277,0.513982578213439,0,0,0,0,0,0,0,0,0,0,0,0,0,0,0,0
314,-0.0423912483660132,0.0409972017027785,0.0481611682279247,0.00999999995204087,0.00475545297516975,0.0597796487819483,-0.0476753351642213,-0.108482635429015,0.0477367267164044,0.814331203476463,1.03249410007358e-07,-4.37414157208047e-08,0.58043546521841,-0.0323222717135725,-0.0462854096771254,0.0519974248611638,0.0606758969474144,-0.0749999999999997,0.000616281633604032,-2.27005727494116e-09,0.075,-0.0133871479484441,-0.075,-0.0749999999999997,-0.05,0.000254175157652478,0.000130805434819433,-1.0401731609959e-09,6.99088363018157e-06,-1.40524409159521e-05,-4.03266057252713e-08,0.0414456028897112,-0.4,0.24353106735349,0.238460563429657,-0.178341812146754,0.165982406633262,0.305771635958905,-0.4,0.25,0,0,0,0,0.558262263651153,0.01,0.01,0.01,0,0,0,0,0.263420876650832,0.01,0.983133507780672,0,0,0.01,0,0.01,0.01,0.0821942793210442,0.250299046964293,0.01,0.01,0,0.881945885443561,0.01,0.857808175466583,0.947861598881466,0.861083414099617,0.944586360248433,0,0,0,0,0.5,0.501452003465202,0.5,0.5,0,0,0,0.5,0.5,0,0.512676189554763,0,0,0,0,0,0,0.5,0,0
315,-0.0408923138714503,0.0390772227017291,0.0485861704341139,0.0113359784253068,0.00500000000027017,0.0593013369954516,-0.0489627779395434,-0.110402614430066,0.047277416716405,0.814331203477424,-6.15033715873045e-09,1.70908820554362e-09,0.580435465217081,-0.0323222742341669,-0.0462853981292186,0.0519974248747863,0.075,-0.0749999999999995,0.0416786272572125,0.075,3.23441520402906e-16,-0.0343392700905787,-0.0538500273950836,-0.0749999999999995,0.00380000000000006,4.22166163015478e-06,-1.00439885444391e-06,-1.9452813297377e-12,-6.86583070318286e-08,-1.74593721523656e-07,-1.53113897048854e-10,0.0229034868680775,-0.4,0.205495247024789,0.101107205379153,-0.101592287170908,0.205778346865427,0.274535015169915,-0.4,0.25,0,0,0,0,0.571852071090129,0.01,0.01,0.01,0.01,0,0,0,0.300249278162194,0.01,0.930562330109817,0.01,0,0.01,0,0.01,0.01,0.166495315075414,0.184073073251527,0.01,0.01,0,0.895482455363779,0.01,0.76672765806295,0.880910318202344,0.783827082512879,0.863810893752415,0,0,0,0,0,0.5,0.5,0.565249707608562,0,0,0,0,0.5,0,0.5,0,0,0,0,0,0,0.5,0,0
316,-0.039281227432166,0.0371572437006781,0.049131431985308,0.0129580319775929,0.00500000001439439,0.0586767041258332,-0.0499342259046005,-0.112322593431116,0.0478896667164044,0.814331203477425,1.42273280850799e-10,-1.13943112468331e-11,0.580435465217079,-0.0323222740020073,-0.0462853987729146,0.0519974248749981,0.075,-0.0749999999999993,0.0129909661676411,0.075,1.73127808768379e-16,-0.0281549385290655,-0.0433472828334008,-0.0749999999999993,0.05,-7.05496457443033e-07,-1.89841384944538e-07,-4.02765964626438e-15,-9.32934507961627e-09,3.57978694060653e-08,1.19928647449584e-12,0.0472218778500519,-0.4,0.224671727034156,0.113644344721048,-0.109135835771498,0.225445548811033,0.254307808139417,-0.4,0.168761973392942,0,0,0,0,0.601457513988854,0.01,0.01,0.01,0,0,0.01,0,0.285737125991057,0.01,0.968943299072157,0.01,0,0.01,0,0.01,0.01,0.162896044285896,0.224204523814037,0.01,0.01,0,0,0.01,0.667109209209664,0.731326577405625,0.681884441211792,0.716551345403497,0,0,0,0,0.5,0.600407433866946,0,0.5,0,0,0,0,0.5,0,0.5,0,0,0,0,0,0,0.5,0.5,0
317,-0.0376750559010867,0.035237264699628,0.0494059845610879,0.0145678075045903,0.00500000006466918,0.058314235355475,-0.0499660384507412,-0.114242572432166,0.048906386756618,0.814331203477426,3.74329022222095e-12,-2.57511589336177e-12,0.580435465217079,-0.0323222740099501,-0.0462853987594117,0.0519974248749999,0.075,-0.0749999999999999,0.014456961434023,0.0750000000000001,3.89443231807372e-15,-0.00819175442721306,0.0397505391095545,-0.0749999999999999,0.05,3.05729522905466e-08,1.22294699702087e-08,-8.33963377452327e-17,6.37081378676891e-10,-1.62540160288017e-09,3.99662925619546e-14,-0.054126935192196,-0.4,0.25,-0.4,0.318649141279764,0.25,-0.0705254879832825,-0.4,0.20258827574056,0,0,0,0,0.01,0.824947006248259,0.01,0.01,0.01,0,0.01,0,0.282923210341309,0.01,0.01,0,0,0.01,0,0.01,0.01,0.412861208340336,0.01,0,0.01,0,0,0.01,0.5,0.833879615130278,0.569844828000237,0.692529313453011,0,0,0,0,0,0.5392752523774,0,0.5,0,0,0,0.55377071086322,0.5,0,0.5,0,0,0,0,0.5,0,0.5,0.5,0
318,-0.0365732491008058,0.0333172856775992,0.0492983317134539,0.0133678956588085,0.00500000007237781,0.0586910902905328,-0.050604529362474,-0.115000000068103,0.04944207675651,0.814331203523432,-9.60531730412008e-13,-9.17174854923405e-13,0.580435465173557,-0.0323222741748828,-0.046285398902025,0.0519974248750963,0.0353787850769415,-0.0750000000313293,-0.0250248367164439,-0.0749999999979007,2.19153455476782e-12,0.0456082455737914,-0.074999999997807,-3.18656000828859e-11,0.00380000000043349,-3.4748213563325e-10,-3.12065190906167e-10,1.07937208805514e-11,-1.06543122964358e-10,-1.73870364270289e-10,-1.05263886348813e-13,0.128360632072322,-0.400000018629266,0.250000000029264,0.29831637919755,0.159249641533193,0.170085506082304,0.285749111316702,-0.400000018919654,0.197441690576868,0,0,0,0,0.635597033878351,0.01,0.01,0.01,0.01,0,0,0,0,0.01,0,0,0,0.01,0,0.01,0.01,0.208823960865488,0.25404824835117,0,0.01,0,0,0.01,0.5,0.583168013112696,0.5,0.596727835616462,0,0,0,0,0,0.543566712324484,0.5,0.5,0.5,0,0.5,0.5,0.5,0,0.5,0,0,0,0,0.5,0,0.5,0.5,0
319,-0.0350097270183676,0.0313973066975288,0.0493385249840259,0.0144491049575239,0.00333322705930362,0.0597236478112827,-0.0497799111709034,-0.115000000037457,0.050054326756618,0.814331203477424,1.97456228261682e-14,-5.29795008586429e-15,0.580435465217079,-0.0323222740099403,-0.0462853987589927,0.0519974248750004,0.075,-0.0749999999999997,0.0287751632835068,0.075,-0.0749999999999999,0.0500000000000001,0.075,1.16020846017986e-14,0.05,-3.82368402015895e-11,-5.83671974688122e-12,-2.34751013011216e-16,-2.4968301477398e-13,1.85763203763802e-12,-4.66471699711448e-15,-0.152842260512271,-0.4,0.15,0.231715258325831,-0.0235632201672703,0.15,0.177683320420617,-0.177243019940651,0.174767324852164,0,0,0,0,0.803851557377448,0.01,0.01,0.01,0.01,0,0.01,0,0,0.01,0,0,0,0.01,0,0.01,0.01,0.34622007673568,0.0746848003102234,0.01,0.01,0,0,0.01,0.5,0.544566852329987,0.5,0.5,0,0,0,0,0,0.535480098789388,0,0.5,0.5,0,0.5,0.5,0.5,0,0.5,0,0,0,0,0,0,0.5,0.5,0
320,-0.0333441385687256,0.029477327696478,0.050289776290294,0.016293212808967,0.00141324805825293,0.0598107015542428,-0.048141011337449,-0.114870305008825,0.0506116458685429,0.814331203477429,2.47567333098139e-12,-8.67296189810335e-13,0.580435465217075,-0.0323222740098607,-0.0462853987592559,0.0519974248750003,0.075,-0.075,0.05,0.0750000000000003,-0.0750000000000003,-0.0294556368327136,0.075,0.0129049779733036,0.00595215044029181,4.04978386513173e-10,1.17663293211149e-10,-1.15254274606495e-16,6.14335137971343e-12,-2.1140371697594e-11,-4.19584654409466e-15,-0.0481025233029706,-0.4,0.166764076107541,-0.4,0.4,0.198566748086392,-0.0651942950379171,0.174756503046315,0.15,0.01,0,0,0,0.01,1.06096013524543,0.01,0.01,0.01,0,0,0.25817178990023,0.680572650715923,0.0278009705698828,0.01,1.36168271081243,0,0,0,0.01,0.01,1.53368961833883,0.01,0,0.01,0,0,0,0,0.5,0.5,0.5,0,0,0,0,0,0.5,0.5,0,0,0,0,0,0.507412123293127,0.5,0.5,0,0,0,0,0.5,0,1.07935091152066,0.5,0.5
321,-0.0339944590018894,0.0303219444724431,0.0508254662902939,0.0150933027999723,0.00261320306050344,0.0595889797443704,-0.0465812931045218,-0.113118710095682,0.051262634576468,0.814331203477425,6.45656657470593e-12,-2.26011286748053e-12,0.580435465217079,-0.0323222740097425,-0.0462853987596795,0.0519974248750009,-0.0749999999999999,0.0750000000000002,0.00379999999999955,-0.0749999999999998,0.0749999999999997,0.00710067428982684,0.0750000000000001,0.075,0.0499999999999999,4.04978362417724e-10,1.17663359565595e-10,-2.68591055322177e-16,6.13787575882046e-12,-2.11417813374237e-11,-3.22707030037924e-15,0.4,-0.4,0.15,0.4,-0.4,0.198150972880879,-0.0187078765129574,-0.0230113001697287,0.15,0,0.01,0,0.021272317050638,0.881941781897397,0.01,0.01,0.01,0.01,0,0,0.01,0,0.01,0.466246744167946,0,0,0.01,0,0.01,0.01,0.248914234076289,0.368385189191801,0.01,0.01,0,0.720748130832778,0.01,0.595603188873511,0,0.5,0,0,0,0,0,0,0.5,0.5,0,0.5,0,0,0.5,0.5,0,0.670389004193908,0,0,0,0,0,0,0.5,0,0
322,-0.0345103230385018,0.0291219894701932,0.0514377162902939,0.0162932128089672,0.00141324805825326,0.059530438477191,-0.0449984804034296,-0.113999354034445,0.0523027555575454,0.814331203477429,1.04363809025974e-11,-3.65154393356583e-12,0.580435465217074,-0.0323222740096164,-0.0462853987601015,0.0519974248750004,0.022923976456494,-0.0749999999999997,0.0499999999999999,0.0750000000000003,-0.075,-0.0128550225236666,0.075,-0.0750000000000001,0.0500000000000002,4.04978325300149e-10,1.17663289765845e-10,1.39508680090205e-17,6.14344335118252e-12,-2.11390291184564e-11,-3.31686758964002e-15,-0.0960153681113066,-0.3029286978755,0.15,-0.4,0.4,0.188255395207944,-0.187238229162153,0.273288109880242,0.15,0.01,0,0.01,0.121133387466137,0.01,1.07650268370254,0.01,0.01,0.01,0,0.176802641987601,0.272190747356209,0,0.01,0.01,0,0,0,0,0.01,0.01,0,0.01,0,0.01,0,0,0,0,0.5,0,0,0,0,0,0,0,0.5,0,0,0.5,0,0,0.5,0.5,0.5,0.915861197695598,0,0,0.5,0,0.5,0,1.08797274843785,0.5,0.5
323,-0.0348816011006396,0.0274800826910545,0.0524942062902607,0.0150933029077561,0.00261320295338304,0.059814028034082,-0.0432475481741066,-0.112799399012152,0.0531996562978572,0.814331203542481,1.38141105964122e-11,-5.80400514300217e-12,0.580435465191042,-0.0323222738158253,-0.0462853986370929,0.0519974248750269,-0.059638970842532,-0.0750000000300517,0.0500000000020018,-0.0750000000031335,0.0749999999719927,0.0409449774839649,0.074999999997736,0.074999999969221,0.0397413675597693,4.0590247399502e-10,1.17897239585403e-10,8.52065556279206e-13,1.04363964446416e-10,-3.16336396325817e-10,1.10914953944584e-12,0.400000001865393,-0.400000017869454,0.150000001190346,0.350323599709888,-0.400000016653826,0.150000004538208,-0.0617503818702346,-0.0462033248148243,0.176004663634992,0,0.01,0,0.01,0.722086275265036,0.01,0.01,0.01,0.01,0,0.01,0,0,0.01,0,0.01,0,0.01,0,0.01,0.01,0,0.0111614615327063,0,0.01,0,0.747307642243215,0.01,0.5,0,0.5,0,0,0,0,0,0,0.5,0,0.5,0.558893671234971,0,0.557243224937709,0,0.5,0,0.644767246512726,0,0,0.5,0,0.5,0,0.5,0,0
324,-0.0346398217122715,0.0255601036630789,0.0535280025991969,0.0162932128089639,0.00141324805826388,0.0599262372464257,-0.0416023012708752,-0.112993305461476,0.0536320473977272,0.814331203477416,7.17913627239793e-12,-2.50980161827879e-12,0.580435465217084,-0.0323222740104056,-0.0462853987574143,0.0519974248750016,0.0749999999999995,-0.0749999999999986,0.0500000000000004,0.0749999999999989,-0.075,-0.0102052006219752,0.0750000000000002,-0.0749999999999991,0.00367805860596528,7.32366524403329e-09,2.12772840308061e-09,-7.68340586083788e-16,9.09956001841003e-11,-3.13259361879804e-10,-9.14877412728468e-16,0.4,0.400000000000001,0.15,0.399999999999999,0.0318631276131281,0.211270172133555,-0.184965078524353,0.400000000000001,0.15,0.932043239426144,0.01,0.01,0.01,0.0518567648366148,0.01,0.01,0.01,0,0,0,0,0.01,0,0,0.01,0.01,0,0.0427724266332431,0,0,0,0,0.01,0,0.01,0.343610857726208,0,0,0,0,0,0,0,0,0,1.72499616869226,1.14885898798298,1.46543120284226,1.40842395383298,0,0.755989899868494,0.789407913138831,0,0,0.5,0,0.5,0.5,0.5,0.875011295043255,0,0.5,0,0,0.564542528615954
325,-0.0327198637080836,0.0267600586653188,0.0545354321310106,0.0182131708131667,-0.000169110918112444,0.0600000000105577,-0.041724665752724,-0.111793350459227,0.0542421024526345,0.814331203477428,-1.23276063847089e-12,4.31131395194532e-13,0.580435465217075,-0.0323222740103745,-0.0462853987574948,0.0519974248750002,0.0749999999999999,0.0749999999999999,0.05,0.0750000000000003,-0.0750000000000003,1.31721193339999e-14,-0.075,0.075,0.0499999999999999,-1.21563643420566e-08,-3.53179793140933e-09,-1.1030159457225e-16,-1.8655640656354e-10,6.42130613140931e-10,-4.49240634125185e-15,-0.4,-0.4,0.203000113106224,-0.4,0.4,0.172600023202834,0.123060508160598,0.133300148272147,0.15,0.01,0,0.01,0.01,0.01,1.32483171087438,0.01,0.01,0.01,0,0,0.306171793061673,0.571067337800822,0.01,0.01,1.06132556816113,0,0.10557561723026,0,0.01,0.01,0,0.01,0,0.01,0,0,0,0,0.5,0,0,0,0,0,0,0,0.552015682420572,0.5,0,0,0,0,0,0.5,0,0.5,0,0,0.541170796587081,0,0.538017333322969,0,1.07234107763691,0.5,0.5
326,-0.0326013904144043,0.0262221218341499,0.0550711221310106,0.0170166803562837,0.00106112399062431,0.0600000000136295,-0.0408395853917542,-0.109873371458176,0.0552985924526345,0.814331817564663,-3.66348058593416e-07,3.12446287618446e-07,0.580434603701209,-0.0323222668108506,-0.0462855386916576,0.0519974247235107,-0.0624653439125363,-0.0750000000000002,0.00379999999999969,-0.0749999999999997,0.0749999999999996,-1.9476572631652e-14,0.0749999999999999,0.075,0.05,0.00171696818726946,-9.08057202347951e-05,3.60889351843634e-09,-4.41160550103723e-06,-8.57528635374602e-05,-2.57573904572648e-06,-0.4,-0.4,0.25,-0.4,0.4,0.15,0.4,0.328765725833811,0.25,0.01,0,0.01,0.01,0.01,0,0.01,0.01,0.01,0,0.01,0,0.765767098926656,0.0113716889282257,0.01,1.19222015101651,0,0.0275051461035518,0,0.01,0.01,0,0.01,0,0.01,0,0,0,0,0.5,0,0,0,0.553050945476099,0,0,0,0.830894771025602,0,0.5,0,0,0,0,0.5,0,0.5,0,0,0.5,0,0.5,0,1.10023504840797,0.5,0.5
327,-0.0341350991220177,0.0271792109212192,0.0546828121310106,0.0150967223520879,0.00294815336936569,0.0600000000136296,-0.0392738815104059,-0.107953392457126,0.0558342824526345,0.814331817561544,-4.89026398370269e-09,3.29546443303317e-09,0.580434603705965,-0.0323222713307199,-0.0462855909659744,0.051997424866235,-0.075,0.0749999999999998,-0.0424000000000006,-0.0749999999999997,0.0749999999999997,-1.94654940867554e-14,0.075,0.075,0.00379999999999992,-9.2416355814215e-05,6.51686671388694e-06,6.73750059161093e-12,3.38018812876493e-07,4.85433761839154e-06,-1.65183474721467e-08,-0.4,-0.4,0.25,-0.4,0.4,0.15,0.4,0.259224730147725,0.25,0.01,0,0.01,0,0.01,1.45488498721259,0.01,0.01,0.01,0,0.01,0,0.730485805985517,0.0293185680113739,0.01,0,0,0.0623648417766569,0,0.01,0.01,0,0.01,0,0.01,0,0,0,0,0.519138729321908,0,0.5,0,0,0,0,0,0.820981091749035,0,0.550631178745914,0,0,0,0.5,0.5,0,0.5,0,0,0.5,0,0.5,0,1.11471096433646,0.5,0.5
328,-0.0357042207942527,0.026310390815509,0.0536983751784972,0.0131767644556148,0.004868132262687,0.0600000000136278,-0.0392746551677799,-0.10700620443383,0.0557423922588986,0.813989761739625,-6.36265773053711e-06,5.77469838564494e-06,0.58091420190454,-0.0322353629286812,-0.0459648083955124,0.0519975102297803,-0.075,-0.0749999999999994,-0.0500000000000001,-0.075,0.075,-1.96616152186894e-14,-0.0643692022218536,0.0303013400756048,-0.0129978528148781,0.00386453774976091,0.0025672130808108,-0.0201487119192439,0.00212643067808852,0.0244235599372366,0.000582526822925477,0.24122310657283,-0.4,0.25,0.0124221598454736,-0.228062945544992,0.238533135496361,0.0653993684658911,-0.4,0.25,0.01,0,0,0,0.01,0.351641307217476,0.01,0.01,0.01,0.520937721468348,0.01,0.01,0,0.01,0,0.531081953266391,0,0.01,0.808610259829794,0.01,0,0.814812229445041,0,0,0.01,0.723675769667393,0.709844965486392,0.01,0,0.5,0.5,0.5,0,0,0,0,0,0,0,0,0.5,0,0.5,0,0.5,0,0,0,0.5,0,0.5,0.5,0,0,0,0
329,-0.035214840600566,0.0243904118144673,0.0532390651784971,0.012015905671138,0.00362140524480526,0.0596374645203321,-0.0393084386621045,-0.108534363395022,0.0556797256479703,0.814011212119298,1.181298742345e-07,-8.44207137699775e-08,0.580884144093227,-0.0322273371041161,-0.0458660226780602,0.0519974272096024,0.0749999999999994,-0.0750000000000003,0.00380000000000021,-0.0412546052050734,-0.0750000000000008,-0.036073183641273,0.0603671709235416,-0.0750000000000004,0.00663303727160659,-0.00372015876690741,0.000236088764833225,-4.33985976264478e-09,1.22869553702266e-05,0.000192529918076789,2.99075311368216e-06,0.4,0.4,0.15,0.4,-0.400000000000001,0.15,-0.396273821365132,0.4,0.15,0.869698475415658,0.01,0.0362277922907844,0.01,0.618956047686367,0.01,0.01,0.01,0,0,0,0,0.01,0,0,0.01,0.01,0,0.444843553290957,0,0,0.01,0,0.01,0,0.01,0,0,0,0,0,0,0,0,0,0,1.49696560699315,1.03617375425865,1.23982819451664,1.29331116673517,0,0.822469026188102,1.02670671872932,0,0,0.5,0,0.5,0.542630459896721,0,0.854998351585808,0,0.5,0,0.5,0.5
330,-0.0332948824821067,0.0255903667439172,0.0538513151787058,0.013477065969726,0.00179251488685437,0.0594513786290386,-0.040459938350819,-0.107334408460263,0.0559127679044424,0.81434652425847,-7.49294484170528e-06,5.28173902933325e-06,0.580413987423847,-0.0322252476869775,-0.0459236652474153,0.0519974442896217,0.0749999999763667,0.0750000000905074,0.0500000000006588,0.0749999999986738,-0.0639046274008333,0.0145061683364853,-0.0749999999947029,0.0750000000772024,0.0166212472297422,-0.0218328263524938,0.039565246992547,-0.568090038400246,0.00226145182994249,-0.0304128838280983,-0.000776352900328957,-0.173137399136117,-0.0208415846064415,0.199185200667865,-0.400000000788609,0.400000021669307,0.15301795010051,0.174194670556871,-0.399999954093718,0.187977722836948,0.01,0.747218193257156,0.01,0,0.01,1.09430356555771,0.01,0.01,0.01,0,0,0,0.606027736479341,0.01,0.01,1.19728372766812,0,0.0784190715669749,0.734426071374573,0.01,0.01,0,0.01,0,0.01,3.22161762383048,0,0,0,0,0,0.5,0,0,0,0,0,0.6577012774955,0.5,0.550265905072756,0,0,0,0,0.5,0,0,0,0,0.5,0,0.5,0,0,0.5,0.5
331,-0.0344947925970633,0.0243904118367141,0.0543870051818921,0.012277155965651,0.00308123269994011,0.0592771927319909,-0.0420711940059129,-0.106097805670352,0.0558092413574052,0.815165696047474,-7.75939563797651e-06,5.78368905033691e-06,0.579262950765086,-0.0321858724555204,-0.0460005416442469,0.0519973310417078,-0.0750000000000002,-0.0750000000000002,0.00380000033780447,-0.0750000000000003,0.0749999999999987,-0.031693869775514,-0.0749999999999999,0.0311723156916283,-0.0233793711429034,-6.89977029426622e-05,0.000716449497254065,-0.0420012534258697,-0.00020067575041653,0.0143046812149434,0.000701690721612509,0.4,0.4,0.163219732135776,0.4,-0.400000000000001,0.211486620091327,-0.258397209430637,0.4,0.164667507112218,0.912525140726543,0.01,0.01,0.01,0.789130172553847,0.01,0.01,0.01,0,0,0,0,0.01,0,3.36224620221281,0.01,0.01,0,0.0841197542785195,0,0,0.01,0,0.01,0,0.01,0.125297038217803,0,0,0,0,0,0,0,0,0,1.60407282175195,1.09308073848012,1.30089447273778,1.39625908749429,0,0.512731569599613,0,0,0,0.5,0,0.538248844591646,0.5,0,0.686039594816302,0,0.5,0,0,0.5
332,-0.0332948825880693,0.0255903668389616,0.0539986951886482,0.0134762014647477,0.00217250178167419,0.0591428827617912,-0.0439028404465766,-0.10479160573811,0.0553435283865379,0.817025446095286,5.08236750230879e-06,-1.12712648799791e-05,0.576637011412958,-0.0321801668185215,-0.0452824505457649,0.051997922177378,0.0749999999999999,0.0749999999999998,-0.0423999996621954,0.0750000000000002,-0.0520724073043779,0.0148423529879131,-0.075,0.071636017485012,-0.0175317500451055,-0.0228852871281965,-0.0505040929261271,-1.05482537351907,0.00230193838618499,0.0347570129131908,-0.000169939803963849,-0.4,-0.4,0.25,-0.4,0.4,0.185711970942649,-0.123354608677497,-0.320402771738226,0.202586919408919,0.01,1.04608625087709,0.01,0.01,0.01,1.05896457927299,0.01,0.01,0.01,0,0.01,0,0,0.01,0.01,0.941101697640183,0.01,0.01,0,0.01,0.01,0,0.01,0,0.01,0,0,0,0,0,0,0,0,0,0,0,0,0.5,0,0.5,0.55009526149681,0,0,0,0,0,0.612079794224294,0,0,0.5,0,0.503073682169812,0,0.922643307239222,0.5,0.5
333,-0.0344947925970618,0.0243904118367144,0.0536913851954045,0.0123138879786875,0.00371055415588944,0.0598285586941247,-0.0433397943580107,-0.104099161316931,0.0553217132914686,0.818508435855303,-4.21410210689438e-06,6.96192868492192e-06,0.574530154367813,-0.0319221261038227,-0.0444325038189562,0.0519974385673835,-0.0749999999999999,-0.0749999999999993,0.0114000003378043,-0.0750000000000004,0.0750000000000001,0.05,0.0750000000000001,0.0236689530466899,0.00265367834727919,-0.000806812887313809,0.00131922000686982,0.284085630554709,0.0243309317626479,0.0439498119250211,9.73320338047416e-06,0.4,0.4,0.238629533848961,0.4,-0.270009559585248,0.175268154767306,-0.183051838804394,0.4,0.15,0.891459697026705,0.01,0.01,0.01,0.0459333221765143,0.01,0.01,0.01,0,0,0,0,0.01,0,0,0.01,0.01,0,0.957149841165858,0.01,0,0,0,0.01,0,0,0,0,0,0,0,0,0,0,0,0,1.4049474721451,1.15286279618664,1.24249013453068,1.31532013380105,0,0.5,0.5,0,0,0.5,0,0,0.5,0.5,0.890041026153171,0,0.584845704387405,0.5,0.5,0.5
334,-0.033294882629924,0.0255903668657168,0.0544315552006812,0.0135186948463107,0.00395550436075092,0.0599804599244757,-0.0441186387404288,-0.102699481949029,0.0552315778352342,0.820159189904021,-8.72538032644965e-07,5.29777266753123e-06,0.572171312100021,-0.0315500470822903,-0.0433966766643611,0.0519974044723683,0.0749999999533169,0.0750000000534203,0.0500000000002902,0.074999999992731,-0.00625571386580488,-0.00218101019200084,-0.0749999999928301,0.0750000000604072,-0.00886486093583025,-0.00122275795476193,0.000473675538794527,-0.897466329419666,0.0103900104858316,0.0527577345163798,0.000154453764349842,-0.400000027757371,-0.399999968235093,0.229145608727256,-0.40000000432209,0.400000027987625,0.149999937844302,-0.0455141558936149,-0.399999964080448,0.171258206534341,0.01,1.0611200966126,0.01,0.01,0.01,1.22423509949405,0.01,0.01,0.01,0,0,0,0.677689638426875,0.01,0.01,1.15310786733747,0,0.01,0,0.01,0.01,0,0.01,0,0.01,0,0,0,0,0,0,0,0,0,0,0,0,0.5,0.5,0.5,0,0,0,0,0.5,0,0.778003684963499,0,0,0.5,0,0.5,0,0.967422376693416,0.5,0.5
335,-0.0344947925970681,0.0243904118367117,0.0549672452008092,0.0128387581261624,0.00500000010131546,0.0600000000051574,-0.0446811789494755,-0.101584734735472,0.0552666128815504,0.823197293253149,1.81084983369307e-06,-5.05002675520547e-06,0.56779176225389,-0.0314741679637451,-0.0423994008881735,0.0519967490975975,-0.075,-0.0750000000000002,0.0037999999999997,-0.0153124557895933,-1.34948105584391e-12,8.47580188517692e-08,-0.0384405353672287,-0.00362254175758786,0.00780553704810968,-0.00266478088243035,-0.0175004413809796,-0.42454193967668,-0.0149535501277521,-0.00968733932222864,0.000887162815164532,-0.368299633722801,-0.4,0.25,-0.4,0.4,0.15,0.0259988026055698,-0.4,0.220530984617419,0.01,1.20331652544262,0.01,0.01,0.01,1.30592503510343,0.01,0.01,0.01,0.544841694671077,0.01,0,0,0.01,0.01,0,0,0.01,0,0.01,0.01,0,0.01,0,0.01,0,0,0,0,0,0,0,0,0,0,0,0,0,0,0.5,0.5,0,0,0.5,0.505652168685083,0,0.5,0,0,0.5,0,0.547478835576768,0,0.932168927971302,0.5,0.5
336,-0.0363744605519349,0.0227242372937773,0.0553663224688532,0.0114536119017748,0.00500000013944705,0.0600000000132455,-0.0437241639329465,-0.102517582801318,0.0553154495759187,0.820856966274566,3.69699297405992e-05,-3.57625278604813e-06,0.571170157046859,-0.0318655861447636,-0.0429277999050234,0.0519991299759232,-0.0749999999999996,-0.0698086524507099,0.0105735241764998,-0.0750000000000001,-5.57239617887935e-09,1.5126454045786e-08,0.0750000000000001,-0.0750000000000001,-0.000107434367518037,0.0161451559911167,0.129560834571774,1.33027434239618,-0.031067143839585,-0.0610258275624731,0.00615589331828816,0.4,0.282186992595306,0.227510461040392,0.4,0.21816902538748,0.189735510547075,-0.201904627716907,0.4,0.15,0.516512656540742,0.01,0.0388574919186076,0.0141656541728718,0.01,0.349176532529523,0.01,0.01,0,0,0,0,0.01,0,0,0.01,0,0.228361400068989,1.37696835790472,0.01,0,0,0,0.01,0,0.585631248354716,0,0,0,0,0,0,0,0,0,0,0.886932373330127,1.04736768630234,0.910807693714204,1.02349236591826,0,0.5,0.5,0,0.5,0,0,0,0.5,0.524792576210399,0.5,0,0.5,0,0.5,0.5
337,-0.0351776672943522,0.0238657387273151,0.0559101606691784,0.0126532067556573,0.00448493528519587,0.0600000000047917,-0.0443955183870053,-0.102489465175903,0.0552435766329457,0.818199611410741,1.9043497306225e-07,-2.58039869914569e-08,0.574970568843647,-0.0321723628279005,-0.0431298032574104,0.0519973301926353,0.0750000000000005,0.0749999999999998,0.0438669024795803,0.0750000000000004,-0.0210781647469412,-3.78456412071851e-10,-0.075,0.0552802212190383,-0.00719909780429954,0.026602564291765,0.00736855263954151,-0.381294084958538,-0.0038860488808614,0.0213118426373892,-2.80261898802817e-05,-0.4,-0.4,0.246526155866795,-0.4,0.4,0.15,0.4,-0.4,0.25,0.01,0,0.01,0.01,0.01,0,0.01,0.01,0.01,0,0.01,0,0,0.01,0.01,1.09354614226899,0,0.0320843819999417,0,0.01,0.01,0,0.01,0,0.01,0,0,0,0,0.5,0,0,0,0.5,0,0,0,0.546705044903858,0,0.5,0.5,0,0,0,0.5,0,0.5,0,0,0.5,0,0.5,0,0.911214883203242,0.5,0.5
338,-0.0362425837204158,0.0254996579778763,0.0563231887189999,0.0114488052844631,0.00500000015325461,0.0600000000813393,-0.0447583547406216,-0.103974750094933,0.0549437228432026,0.818778781059977,4.30593335586877e-08,-1.64923620076368e-07,0.57414552385757,-0.0322082996848838,-0.0430031482094406,0.0519974243062792,-0.0750000000073786,0.0750000000201594,-0.00233309751972318,-0.0749999999949676,1.49853622680295e-11,1.03220230381259e-13,0.0378637541222667,-0.0749999999813592,-0.0236336226670774,0.00435437663032336,0.00283882405593327,-1.08497711017431e-07,0.000146923183642425,-0.000227610068871627,-3.31753045086516e-06,-0.00950542435918192,-0.0528863274389606,0.250000000414389,-0.399999997007817,0.400000008909344,0.227302214025025,-0.103451973475634,-0.399999988915748,0.225614537996408,0.01,0.84058010031091,0.01,0.01,0.01,1.41590134842983,0.01,0.01,0.01,0.793893053397483,0.01,0.01,0,0.01,0.01,1.00686375496307,0,0.131485228731764,0,0.01,0.01,1.37903190848515,0.01,1.52417602009257,0.01,1.9114163082309,0.85947194638822,0,0,0,0,0,0,0,0,0,0,0,0,0,0.5,0,0,0,0.5,0,0.5,0,0,0,0,0,0,0,0,0.5
339,-0.0378596903744202,0.0242997029857738,0.0558122167689232,0.0100153581527789,0.00500000039280355,0.0596822374796014,-0.0431003182263169,-0.103344762659967,0.0549606128275001,0.819024440161361,3.86141075751692e-05,4.03533602553894e-05,0.573795043105114,-0.0324567156048509,-0.0433822989270402,0.0519975826292472,-0.0749999999840489,-0.0750000000018353,-0.0485330975203449,0.012142473208449,-2.15908299612258e-07,0.00734621639312348,0.0422766255084401,-0.023559890556688,0.00709191234489197,0.200959152802557,-0.0800023363572332,-0.0179221485798191,0.00442292026744262,-0.0188140057577652,-0.00350681388283444,-0.399999990515526,-0.400000001091313,0.250000000044918,-0.39999999167353,0.400000009294402,0.159941287890381,0.3813176667163,0.190565678092752,0.25000000029114,0.01,1.30826864547748,0.01,0.01,0.01,1.24410305486379,0.01,0.01,0.01,0,0.01,0.01,0,0.01,0.01,1.07417326216082,0,0.0899783467871404,0,0.01,0.01,0,0.01,0,0.01,0,0,0,0,0,0,0,0,0,0,0,0,0.5,0,0,0.5,0,0,0,0.5,0,0.5,0,0,0.5,0,0.511024152261909,0,0.987433493092276,0.5,0.5
340,-0.039659515129517,0.0227597060717794,0.0554051018782499,0.00999999977707794,0.00499999944331545,0.0599789403386558,-0.0431113422734838,-0.103476812733486,0.0551413493745528,0.817937534826084,1.0580346180351e-05,-3.86519882434507e-06,0.575343419543914,-0.0325641442343579,-0.0435257852209622,0.0519983101889841,-0.0749999999367116,-0.0297469247940318,0.00428566355533414,6.50843364772573e-11,2.78879571283139e-12,0.0240541897000133,-0.0151259981183132,-0.0104411217511558,0.0144099762159171,-0.010971873421474,0.00436253265776362,0.925764253068656,-0.035407670481021,-0.026395629113931,0.00221003796586509,-0.399999962369114,-0.400000001745494,0.249999999876193,-0.399999961303519,0.400000001660806,0.2033841328498,0.400000038959157,0.319570130706033,0.250000001148071,0.01,1.22954357149381,0.01,0.01,0.01,0,0.01,0.01,0.01,1.13425492069351,0.01,0.01,0,0.01,0.01,0.838089007871442,0,0.192897246896551,1.10579299212569,0.01,0,0,0.01,0,0.01,1.69979914729491,0.776578919917583,0,0,0,0,0,0,0.5,0,0,0,0,0,0,0.5,0,0,0,0.5,0,0,0,0.5,0.5,0,0.519745882549683,0,0,0,0.5
341,-0.0414360348172238,0.0215219883156708,0.0554569427245641,0.00999999983857264,0.00442062068984618,0.059762727714493,-0.0422233014170261,-0.104654072318427,0.055144481690088,0.811043551186611,7.1967964372463e-06,-2.0878041657259e-07,0.58502217315041,-0.0328842437222605,-0.0445406642257221,0.0519970845837515,-0.0750000000057255,-0.0750000000076311,0.00627606331779988,-2.40486301876063e-09,-0.0339852820698184,-0.0194009918649543,0.0750000000486694,-0.0749999999914221,-0.000357306610764471,0.00336543097094719,-0.00564200961470919,1.4402900907807,0.0082913810847007,-0.077181479872033,-0.00012796275549359,-0.316040204620041,-0.40000000453762,0.250000000118694,-0.399999967881491,0.400000001702636,0.198394091220092,0.400000028938407,0.400000005100671,0.249999999624306,0.01,1.14427566721786,0.01,0.01,0.01,0,0.01,0.01,0.01,0,0.01,0.01,0,0.01,0.01,0.947643754204037,0,0.115990064559386,0,0.01,0.01,0,0.01,0,0.01,0,0.0729714947846191,0,0,0,0,0,0,0.534352287176687,0,0,0,0.571898309448991,0,0,0.5,0,0,0,0.5,0,0.5,0,0,0.5,0,0.5,0,0.900372603383955,0,0.5
342,-0.0432381748121505,0.0199546632153606,0.0554794471599059,0.00999999985280087,0.0050000000321486,0.059937882797755,-0.04225290700806,-0.105690869304046,0.0554321559488876,0.802960881076213,2.75340999334929e-06,-2.89436810127278e-06,0.596068241021659,-0.0331952350714901,-0.0457543215179159,0.0519976956681643,-0.075000000006314,-0.0726280344168165,0.000357732770668297,5.74213474337377e-11,2.79264439765381e-11,0.0355361930898781,-0.0749999999336984,-0.0300516451619462,0.0275609363554363,0.00428652992902577,-0.00292325230073761,1.25573345123375,-0.0320281230373939,-0.0550818002568366,0.000138729672103932,-0.206420984726365,-0.399999997370298,0.25000000085414,-0.399999965861225,0.400000016604491,0.15000001056252,0.400000039422471,0.400000014205038,0.250000002046384,0.01,1.02160246721806,0.01,0.01,0.01,1.4170548479017,0.01,0.01,0.01,1.02095329048767,0.01,0.01,0,0.01,0.01,0,0,0.131760431575573,0,0.01,0.01,0,0.01,0,0.01,0,0,0,0,0,0,0,0,0,0,0,0,0,0,0,0.5,0,0,0.538428951300259,0.5,0,0.5,0,0,0.5,0,0.5,0,0.966585592099909,0.5,0.5
343,-0.0451062393833307,0.0185894567908149,0.0555319898655471,0.00999999987360736,0.00500000023053726,0.0600000006869446,-0.0412081035492708,-0.106662568627477,0.0556306196391268,0.793331155232506,2.80982265209794e-06,9.91631403640986e-07,0.608827174440089,-0.0334945903067614,-0.046624340882297,0.0519981649109231,-0.0750000000022274,-0.0699884422215993,0.00143224966842555,1.75173865436609e-11,1.43165684605979e-11,1.50392449638984e-11,0.0750000000207964,-0.0476930377563347,0.000780941115201224,0.00561447406106836,0.00573176020315855,2.0199424969894,0.00604463741050536,-0.0401358351779221,0.000988247330901188,-0.197372574996521,-0.399999997635355,0.2386015538793,-0.399999989581678,0.400000008510996,0.224665136647442,0.40000001236539,0.40000000656058,0.250000000662839,0.01,0.971250507228914,0.01,0.01,0.01,0,0.01,0.01,0.01,1.27122940169151,0.01,0.01,0,0.01,0.01,0,0,0.499364319815281,0,0.01,0.01,1.02256518881309,0.01,1.02434780027817,0.01,0,0,0,0,0,0,0,0,0.511255381012295,0,0,0,0,0,0,0.5,0,0,0.5,0.5,0,0.5,0,0,0,0,0,0,0.539747445397318,0.5,0.5
344,-0.04684893111449,0.0174533074116917,0.0555290517146786,0.00999999999247304,0.00437800309705217,0.0596259575550573,-0.0393565799913925,-0.107437586255613,0.0556709460429291,0.782788631178382,-1.02068980120041e-06,1.29204017238139e-05,0.622324938127004,-0.0332571167329738,-0.0472740662127118,0.051996933570801,-0.0750000000000003,-0.0591849347843107,-0.000490745789532804,-2.33682525891194e-12,0.0178571204521942,-0.021827578906053,0.0750000000000001,-0.0442585879823895,0.0044511431977659,-0.041335929846245,-0.0275419382752437,1.24841249805182,0.0222691959685187,-0.0435248266297865,-0.00207212455553591,0.4,0.400000000000001,0.191368626101621,0.4,0.00664472896290055,0.15,-0.356158509702408,0.4,0.1528922458917,0.699466836750035,0.01,0.01,0.01,0.01,0.01,0.01,0.01,0,0,0.270413907979903,0,0.01,0,0,0.01,0.01,0,0.674713592341592,0.01,0.01,0.01,0,0.01,0.01,0.01,0.817179859299328,0.01,0,0,0,0,0,0,0,0,0.5,0.5,0,0.501826995162772,0,0.575223153043262,0.689878079178629,0,0,0.712786037361922,0,0,0,0,0.777003822832401,0,0,0,0,0
345,-0.0456319095154432,0.0188037428436617,0.0560574185157755,0.0116952666963685,0.00423186926881579,0.0589386656005009,-0.038876484052097,-0.107361747943878,0.0556590175613532,0.781235023145977,-5.07392900896255e-06,7.75282281251776e-06,0.624274254039753,-0.0329749063644146,-0.0471864394107297,0.0519973417014217,0.0750000000000006,0.0750000000000002,0.05,0.075,-0.00974117446757508,-0.0432826772624174,-0.0210770463435045,0.0371596056043164,-0.00424345666527,0.00880022343583342,0.00433314084779062,-0.218983016956689,0.00390694980613969,0.0350601013774259,0.000639545888293282,-0.4,-0.4,0.194424791564384,-0.0163402079085665,0.126954308324792,0.240536987221729,0.4,0.4,0.25,0.01,0.917557910939102,0.01,0.01,0.01,0,0.01,0.01,0.01,1.07698003236362,0.01,0.01,0,0.01,0.01,0.407562777320227,0.226552130673886,0,0,0.01,0.01,0.937234594444162,0.01,0,0.01,1.75504926835085,0,0,0,0,0,0,0,0.5,0,0,0,0,0,0,0.545810392394937,0,0,0,0,0.5,0.5,0,0,0,0,0.5,0,0,0.5,0.5
346,-0.0467303324681715,0.0181068998815685,0.0567896623212186,0.01282856335905,0.00499947611355341,0.0580987073546841,-0.0377593202460862,-0.106719450028625,0.0557688693544714,0.779328676186262,-3.00201010388773e-05,2.38745919591713e-05,0.62665268126682,-0.0324715918647566,-0.0464626054112461,0.0519940165681019,-0.075,-0.0273115559998909,0.00795470203672165,0.0396684549867105,0.00524394670214152,-0.0463414379825459,0.0749999999999993,0.0191987071150726,0.00514740827228479,-0.144847997356105,0.00770617645157252,1.32540272396621,0.0237949437029301,0.0191298856961583,-0.00713352517030854,-0.341109239870479,-0.4,0.25,-0.0380404500773241,0.0585623872340255,0.242448854658319,0.4,0.4,0.25,0.01,1.13762815994647,0.01,0.01,0.01,0,0.01,0.01,0.01,1.29828923827425,0.01,0.01,0.518611200866433,0.01,0.01,0.524097500726942,0,0,0,0.01,0.01,0,0.01,0,0.01,0,0,0,0,0,0,0,0,0.5,0,0,0,0,0,0,0,0,0,0,0.5,0.5,0.5,0,0,0.5,0,0.5,0,0.542554594156318,0.5,0.5
347,-0.0484753152138764,0.0176921164251889,0.0570013610677127,0.0144318033596079,0.00500000043633594,0.0582794708329356,-0.0360549116605585,-0.107212092037986,0.0558513657996687,0.773881917756569,6.2675095728804e-06,2.38549445278474e-07,0.633367166767205,-0.0317752593760458,-0.0468786425774572,0.0519978622151432,-0.0750000000022438,-0.0312623249882069,0.0111130316574353,0.0749999999861365,1.77219640494926e-08,0.0313804557743676,0.0750000000316902,-0.0240486537535052,0.0023364091801327,-0.00304652620475292,-0.00261403932368753,1.09112233562663,0.0367173983530447,-0.0256580217558846,0.000387462176019427,-0.118125913400894,-0.399999994612118,0.250000000296467,-0.395591575038594,0.400000050669321,0.207830269392353,0.400000018842658,0.400000012129658,0.24999999959665,0.01,0.842762023593714,0.01,0.01,0.01,0,0,0,0.01,1.28795746371074,0.01,0.01,0.446074703401219,0.01,0,0.397675228615784,0,0,0,0.01,0.01,0.996443532920832,0.01,0,0.01,0,0,0,0,0,0,0,0,0.697168249903994,0.5,0.5,0,0,0,0,0,0,0.5,0,0.5,0.5,0.5,0,0,0,0,0.5,0,0.509061556422701,0.5,0.5
348,-0.0503400893886321,0.0176404382819342,0.0570432604500529,0.0160912288842685,0.00500000125609458,0.0585147450964419,-0.0343075227883057,-0.107549332767388,0.0559141979776399,0.770372429717078,5.02884764963462e-06,6.8663150893893e-06,0.637631309576523,-0.0307633887851038,-0.0471570751870965,0.0519975694521933,-0.0749999998261817,0.0187023683337082,-0.00571001243464216,0.0750000002828882,-1.63684060030368e-08,-0.00221685869479625,0.0750000003309561,-0.00789000652369439,0.00429831311040878,0.00524661882574397,-0.00015869399611757,0.227196088893742,0.0643245490468654,-0.00494464819009442,-0.000262978485263508,-0.399999896648638,-0.133794954055954,0.250000006771643,-0.181612322657433,-0.00441172406170341,0.174052592985251,0.400000196784387,0.400000047070945,0.186756608571041,0.01,0.96252716583077,0.01,0.01,0.01,0,0.01,0.01,0.01,1.27053810020056,0.01,0.01,0,0.01,0,0.297171816492247,0.01,0,0,0.01,0.01,1.04552355961335,0.01,0,0.01,0,0,0,0,0,0,0,0,0.5,0,0,0,0,0,0,0.555889246743968,0,0.5,0,0,0.5,0.695122756312831,0,0,0,0,0.5,0,0.544803762409815,0.5,0.5
349,-0.0519195479618496,0.0170084456107807,0.0572681982470416,0.0179770169001523,0.00500000012195243,0.0586110958451089,-0.0324626037452765,-0.108077135754439,0.055943065612222,0.76467196760614,2.90008846644642e-06,1.61678057256013e-06,0.644456824657314,-0.0297830976406304,-0.0476683178149884,0.0519981229282224,-0.075,-0.0693002412703474,0.0180937212002038,0.0749999999999998,-5.58345772878079e-09,0.0106910045879129,0.0749999999999993,-0.0429265205839304,0.00092579412808801,-0.00511306580347136,0.0048811154334468,1.44113816209761,0.0327791321896152,-0.0423108321009132,0.000201573271985008,-0.181728142508416,-0.129518881822155,0.24586144955705,0.4,0.36109652863068,0.169200177998057,0.4,0.4,0.25,0.01,0.647163752713068,0.01,0.01,0.01,0,0,0,0.01,1.2604589428772,0.01,0.01,0,0.01,0,0.328371337936603,0.01,0,0,0.01,0.01,0.992681281419124,0.01,1.15750572971106,0.01,0,0,0,0,0,0,0,0,0.5,0.5,0.5,0,0,0,0,0.538407928172327,0,0.5,0,0,0.524120223351675,0.576002163481889,0,0,0,0,0,0,0.550443648907634,0.5,0.5
350,-0.0537104625928929,0.017989614057184,0.0571820417378433,0.0198660581629244,0.00499999940622791,0.058460119534375,-0.0306846033372091,-0.10835857426195,0.0560679024457237,0.761599732233891,4.21517045492065e-06,1.11582812460023e-05,0.648084777018269,-0.0288230256039724,-0.0478863247696702,0.0519974024145245,-0.0750000000809153,0.0750000000256021,-0.0253362191283357,0.075000000527561,-2.61024292762624e-08,-0.0163180711436677,0.0750000003935655,0.00563963732907757,0.0112006228844857,0.00512074335249641,-0.00510955184445562,-0.138241840983431,0.0638674380517729,0.0112268828824385,0.000107069084615367,-0.316314191851885,-0.18397780379898,0.249999998104362,0.40000031369041,0.363144835766071,0.249999984750674,0.400000234016638,0.400000131600189,0.250000013044459,0.01,0.827587533346413,0.01,0.01,0,0,0.01,0,0.01,1.28391354593935,0.01,0.01,0,0.01,0,0,0,0.373601945131359,0,0.01,0.01,0.865323630775558,0.01,1.00920755803259,0.01,1.74140216713938,0,0,0,0,0,0,0.5,0.601009944547186,0,0.679402891051691,0,0,0,0,0.5,0,0.5,0.5,0.5,0,0.5,0,0,0,0,0,0,0,0.5,0.5
351,-0.0547423991192572,0.0173546228898683,0.0571596470917764,0.021603826263802,0.00499998974873262,0.0583030662248831,-0.0289302758922765,-0.108367607843407,0.0562485948100411,0.761499803440864,3.01871198376994e-06,4.79556509713577e-06,0.648202282172266,-0.0275554438667886,-0.0478170598130188,0.0519969209369862,-0.000270677160516314,-0.0519005643010602,0.0103889779399671,0.075,0.000103855695719604,-0.0163148425654058,0.0749999999999996,-0.0161099763079907,0.0020064798214171,0.0452621468473068,0.0201192249323092,0.849936681281045,0.0516345063147842,-0.020896281689699,-0.000218928835888634,-0.388530342207578,-0.0532742837730847,0.22892595025327,0.355440510117776,0.4,0.25,0.4,0.4,0.25,0.01,0.774166327396829,0.01,0.01,0.01,0,0,0,0.01,1.21245025139674,0.01,0.01,0,0.01,0.01,0,0,0.358011117414183,0,0.01,0.01,0.862905991710627,0.01,1.07339113192382,0.01,0,0,0,0,0,0,0,0,0.737009177655998,0.5,0.508640837545166,0,0,0,0,0.5,0,0,0.5,0.5,0,0.5,0,0,0,0,0,0,0.52761630725664,0.5,0.5
352,-0.0558984945300918,0.01647420925841,0.0572124071892108,0.0233047627040955,0.00500000009106519,0.0582147039237278,-0.0270980899998556,-0.108937330124743,0.0562887005153321,0.75611987668524,2.60591883386891e-06,3.81998639705632e-06,0.654470185780105,-0.0266045927443051,-0.048391792860375,0.051997670694829,-0.075,-0.0440012811245873,0.000413282055632384,0.0750000000000001,-4.21023333012314e-09,0.0029090034187556,0.0749999999999999,-0.0303339943180154,0.00243887615675055,0.00427169249888568,0.00116535928186592,0.876626164855064,0.0463749119907454,-0.0302441837461233,-0.000246383235469135,-0.132344552993729,-0.119870480723354,0.233356435260955,0.4,0.237956155775113,0.163924499641811,0.4,0.4,0.25,0.01,0.579565784642963,0.01,0.01,0,0,0,0,0.01,1.06857562833077,0.01,0.01,0,0.01,0.01,0,0,0.327342214710417,0,0.01,0.01,0,0.01,0.45893154070385,0.01,0,0,0,0,0,0,0,0.5,0.791587554327013,0.5,0.590659650171962,0,0,0,0,0.5,0,0,0.5,0.5,0,0.532125528426031,0,0,0.555903218100177,0,0,0,0.977835621282916,0.5,0.5
353,-0.0577195845324479,0.0164045642277594,0.0577368223750515,0.0251121437655456,0.00500000039084272,0.0585927503525948,-0.0253286150640415,-0.109174736593361,0.0563879068318992,0.753796509176753,3.3028861372185e-06,2.20049241316363e-06,0.657144894367687,-0.0254746055642766,-0.0485978911826688,0.0519979824595807,-0.0750000000072998,0.0299180690292118,0.0499999999998265,0.0750000000412517,-1.57043176700325e-08,0.0236292005775478,0.0750000000593727,0.0022945184118734,0.00807875051464989,-0.00097017480052575,0.00587545030502552,-0.0444048819641314,0.0695931636681344,0.0055608363735858,-0.000308324265893984,-0.372519086912903,0.0396916198219987,0.192590909193219,0.400000024527964,0.400000032712159,0.231166362455297,0.400000035302571,0.400000024414508,0.250000002738102,0.01,0.658228044822349,0.01,0.01,0.01,0,0,0,0.01,1.25435290058043,0.01,0.01,0,0.01,0,0.54830788385282,0,0.44463444570688,0,0.01,0.01,0.87799930429048,0.01,1.09808613889467,0.01,0,0,0,0,0,0,0,0,0.856073358255912,0.5,0.749469979116546,0,0,0,0,0.5,0,0.5,0,0.5,0,0.5,0,0,0,0,0,0,0.58091510319913,0.5,0.5
354,-0.058508870612162,0.0161128754809479,0.0581057189628806,0.0269795256641807,0.00500000014208173,0.0584887918491389,-0.0235196245696517,-0.109430309369177,0.0564440358740291,0.75131981479418,2.05233806985661e-06,6.90615793385813e-06,0.659975167874192,-0.0241359649725885,-0.0488553429953917,0.0519974501596074,-0.000267823782948644,-0.0512524003145125,-0.00627216673276325,0.0750000000000003,-1.90216359097227e-09,-0.0199742913479026,0.0749999999999993,-0.0262003388882006,0.0018594675485166,0.00244351764711093,-0.0020294129317537,0.772730467278133,0.0570516036612611,-0.0272368308677357,-0.000153205263015868,-0.316829978781419,0.119580534318183,0.228428207007416,0.4,0.399999999999999,0.189809811983243,0.4,0.4,0.25,0.01,0.428872910457616,0.01,0.01,0,0,0,0,0.01,1.24040915632151,0.01,0.01,0,0.01,0,0.388809575369825,0,0.536833763136851,0,0.01,0.01,0,0.01,0.752244752211869,0.01,0,0,0,0,0,0,0,0.5,0.90415865022115,0.559818180381962,0.770992769918359,0,0,0,0,0.5,0,0.5,0,0.5,0,0.522492528842796,0,0,0.528972466846322,0,0,0,0.55465773247036,0.5,0.5
355,-0.0599819850733081,0.0164504332082501,0.0581705407432872,0.0288663316484625,0.00500000001142355,0.058496848862443,-0.0217410057673346,-0.109510610185079,0.0565653918239603,0.750463021831549,2.70125420561409e-06,3.37452101417487e-06,0.660949315716945,-0.0228302895831456,-0.0488962891414169,0.051997971203591,-0.075000000098578,0.0750000000483768,0.0120850287031992,0.0750000002874382,-2.80288762744701e-08,0.00629085821018955,0.0750000000186566,0.013865644468352,0.0104607804636795,-0.0102801852040732,0.0128215037438979,-0.372643149335175,0.0791207467433771,0.0188024665218444,-0.000415110883400765,-0.0845682941307231,-0.190300648837608,0.163468047873126,0.400000170908803,0.397337461525607,0.149999998676402,0.400000011093082,0.40000009253786,0.250000001040638,0.01,0.612104636545968,0.01,0.01,0,0,0,0,0.01,1.05906826110406,0.01,0.01,0.0821471980190572,0.01,0.01,0.182270828189105,0,0.535450984036015,0,0.01,0.01,0,0.01,0,0.01,0,0,0,0,0,0,0,0.5,1.04818140159343,0.69484959190368,0.873866589948742,0,0,0,0,0,0,0,0,0.5,0,0.543667358341512,0,0,0.5,0,0.562082522332422,0,0.517757406300751,0.5,0.5
356,-0.0600000000174808,0.0164505297949957,0.058403128175337,0.0307525882537227,0.0050000001690199,0.0586236045305568,-0.0199523695430925,-0.109538765856916,0.0566480429592531,0.750075532556019,6.5290168904164e-06,3.51838855054541e-06,0.661389076776978,-0.0213070362984247,-0.0489021584396721,0.0519978520098512,-1.81304611789256e-08,-0.0395846338358984,0.0085943841513838,0.0750000000000003,-1.71168036372103e-08,0.0135703033388899,0.075,-0.0233620114717885,0.000833309637702368,-0.00626820806409293,0.00976227344542772,0.596107020665855,0.0684465096911021,-0.0235685364262481,-0.000389430431918584,-0.13125330334359,0.0733256797573151,0.25,0.4,0.4,0.25,0.083350975484253,0.4,0.224368586528299,0.01,0.221515792709039,0.01,0.01,0,0,0,0,0.01,0.899390300376744,0.01,0.0757083070382126,0.331977668353866,0.01,0,0.215328312774644,0,0.582614160147472,0,0.01,0.01,0,0.01,0,0.01,0,0,0,0,0,0,0,0.527645187829818,0.97794004576309,0.666834500799586,0.934822409946156,0,0,0,0,0,0,0.5,0,0.5,0,0.5,0,0,0.5,0,0.5,0,0.646848839069591,0.5,0.5
357,-0.0599999996135694,0.0169033474898404,0.0586343378037202,0.0326544282398215,0.00500000035893287,0.0586731222037891,-0.0181664833295241,-0.109521762228934,0.0567594164827419,0.750105842516803,4.13823349670817e-06,9.932077862478e-06,0.661354734244211,-0.0198263542753959,-0.0488451941011551,0.051997507909209,7.6733222029567e-11,0.0749999999956822,0.0148763304681822,0.0749999997790371,-3.13295416025291e-08,-0.00109078612532211,0.074999999907007,0.0169148422150135,0.00972208943574266,0.00652487921786355,0.0020777806339072,-0.444875767945708,0.0833929327484957,0.0218785923174543,-1.73682331311277e-05,0.0635680798839141,-0.124477365831941,0.224409264795589,0.399999868616414,0.321514617588099,0.218296709487564,0.399999944706595,0.399999952592788,0.250000002896938,0.01,0.0597437958058119,0.0454174253300759,0.01,0,0,0,0,0.01,1.02069443465516,0.01,0.01,0,0.01,0,0.01,0,0.376210260636861,0,0.01,0.01,0.400423017625762,0,0.296479380622167,0.01,0,0,0,0,0,0,0,0.776222631920405,0.965882124317849,0.762650151974359,0.979454604263889,0,0,0,0,0.5,0,0.5,0,0.5,0,0.5,0,0,0,0.5,0,0,0.5,0.5,0.5
358,-0.0585051331230539,0.0167641505415746,0.0588310515683273,0.0345924395739346,0.00500000004276659,0.0585491081411257,-0.0163606936663176,-0.109502933590437,0.056869542811348,0.750158660637461,7.78189160858169e-06,8.50254031055306e-06,0.661294868872619,-0.0181214721733823,-0.0488123546588688,0.0519974931404123,0.075,-0.0395428115395074,0.00519158693919965,0.075,-1.55332808026657e-08,-0.0140376463494442,0.075,-0.0175979250071839,0.00159046366500219,-0.0106525665665679,-0.017314965602036,0.466942272864338,0.0857386709364585,-0.0188246734149448,0.000961236478679648,0.161488352747076,-0.113103128244738,0.25,0.4,0.204639121720441,0.197883921464933,0.265263451595263,0.4,0.25,0.494757790642759,0.01,0.01,0.01,0,0,0,0,0.01,0.925570202413652,0.01,0.01,0,0.311275319332578,0.301645374547925,0.01,0,0.46099930480302,0,0.01,0.01,0.333846490441884,0,0.01,0.01,0.597742746510756,0.448498401116401,0.01,0,0,0,0,0.930950747390775,1.01324755238103,0.879491020843576,1.06470727892823,0,0,0,0,0.5,0,0,0,0.5,0,0.5,0,0,0,0.5,0,0,0,0,0
359,-0.0566922410748703,0.0155976340970598,0.0590312868753782,0.036496026492778,0.00499999895974587,0.0579539751182594,-0.014589500308256,-0.109951309008953,0.0569098638661933,0.746026683026348,4.81190845904238e-06,7.17951147352783e-06,0.665952931495974,-0.0167850111331821,-0.0493235197923767,0.0519977595907643,0.0750000000023882,-0.0741902404904851,0.014588070314171,0.074999999982948,-8.5487569365562e-09,-0.0451194580692993,0.0749999999967918,-0.0295123775512541,0.000661254975377577,-0.00746295081160118,0.000311528422497925,0.817370002753193,0.0551856843365868,-0.0323072136803177,0.000248318921608441,0.000822872920653396,0.400000004978969,0.249999998901013,0.399999989861054,0.264885171731921,0.221188404307522,0.082189329627342,0.399999997335474,0.250000000823219,0.65338571292578,0.01,0.01,0.01,0,0,0,0,0.01,0.654484264073348,0.01,0.01,0.01,0,0.331388940929324,0.01,0,0.514416959319967,0.433362747886662,0.01,0.01,0.287159539251512,0,0.01,0.01,0.392887912222447,0,0.01,0,0,0,0,1.06588231220608,1.12429461915412,1.04472791023749,1.14544902112271,0,0,0,0,0,0.5,0,0,0.5,0,0,0,0,0,0.5,0,0,0,0.5,0
360,-0.055028271617117,0.0158904776972943,0.0596421152673737,0.0383925697525759,0.00500000004341879,0.0574304847815313,-0.0139559000182766,-0.109820213291035,0.0569146193171568,0.745920287775468,-2.94277292451727e-06,7.05983995346859e-06,0.66607215879921,-0.016134218037696,-0.0491957126301336,0.0519975087673584,0.0749999999999997,0.0749999999999994,0.0470389613877257,0.0749999999999994,-1.63641163705084e-08,-0.0081105122215925,-0.0123285178434987,0.03416180157363,4.23720835880833e-05,0.000802002220774621,-0.00179056981941745,-0.547037254137681,0.0155088380910955,0.0360095836092728,5.43983213633364e-05,0.4,0.4,0.188981712098207,0.4,0.0935781109159712,0.186369167461895,-0.4,0.4,0.15,0.836910277580674,0.01,0.01,0.01,0,0,0,0,0,0,0,0,0.01,0,0,0.01,0,0,0,0.01,0.01,0.30145239440251,0.751122982729154,0.01,0,0.01,0.745652149904465,0.01,0,0,0,0,0.5,0.5,0.5,0.5,1.45639373951289,1.47938336731269,1.35958117460952,1.57619593221606,0,0.549686184604074,0.59428829301683,0,0.5,0.5,0.5,0,0,0,0,0,0.5,0,0,0
361,-0.0531083134331522,0.0178104568795596,0.0600000000034292,0.0402739551148896,0.00500000007955949,0.0573579300741674,-0.0146654931107926,-0.108728857121119,0.0569159477023368,0.752382454799273,-3.74176822181125e-06,6.43394746620677e-06,0.658764254690876,-0.0158531790247308,-0.0480477022017362,0.0519976936593054,0.0749999999999998,0.0749999999999994,1.97448921681598e-15,0.0749999999999995,-2.41703375327279e-08,-0.000469953688133443,-0.0576787954657829,0.0749999999999993,7.63583876032399e-05,-0.000198986121387917,-0.000962269956979735,-1.38803514963706,0.0128985507860256,0.0791886031511458,5.84057345113045e-06,0.4,0.4,0.242675858765322,0.4,0.0275424205800865,0.15,-0.4,0.4,0.15,0.790871229279917,0.01,0.01,0.0848818956018067,0,0,0,0,0,0,0,0,0.01,0,0,0.01,0,0,1.32122751081267,0,0.01,0.229860148455242,0,0.01,0.01,0.01,0.601490115086912,0.01,0,0,0,0,0.574545171936477,0.5,0.5,0.547072595592467,1.52694133258375,1.53904197284465,1.43704814617749,1.62893515925091,0,0.5,0.691461377946981,0,0.5,0.5,0,0.5,0,0,0.5,0,0,0,0,0
362,-0.0512181824682819,0.0199179126548889,0.0600000000136455,0.0421703332671395,0.00500000002830282,0.0571653828114585,-0.0162657217688808,-0.107180584706888,0.0568683968233385,0.760837285147523,-8.86303253476395e-07,2.78097199454399e-06,0.648981647101722,-0.0157574163416691,-0.0465093875882859,0.0519973414757164,0.075,0.075,-1.78463340332001e-10,0.0750000000000002,-3.21590455504458e-08,-0.017206422528703,-0.075,0.0747461817505232,-0.00344821265628703,-0.0080706147331724,-0.0100982945866084,-1.11599799743264,-0.00216757585477739,0.0713986885054235,0.000159710052932855,-0.151883572952694,-0.11184799859632,0.214663187989302,0.4,0.4,0.22539804564426,0.318401399824384,-0.4,0.240236835957108,0.01,0.765383697619114,0.01,0.01,0,0,0,0,0,0,0,0,0,0.01,0.01,0.468437740492705,0.01,0,0,0.01,0.01,1.26764643848963,0.01,1.39999467543134,0.01,2.02925212759773,0,0,0,0,0,0,0.583340475195094,1.00555005504751,0.686606514268199,0.902284015974401,0.5,0.796073520358751,0.5,0.679691131801444,0.5,0,0,0,0,0.5,0.502067661392686,0,0,0,0,0,0,0,0.5,0.5
363,-0.0513284501994978,0.02019800399431,0.05999074245146,0.0440836740494626,0.00500000002452338,0.0564331467191448,-0.0163673816468815,-0.106850165429858,0.0569998664419172,0.760569381198924,-3.83734169090971e-06,-1.6075518610457e-06,0.649295707628267,-0.0158484410309623,-0.0461834775015523,0.0519973877447725,-0.058451705735693,-0.0503060967995751,9.33437139686145e-05,0.0750000000000001,-3.48241971702599e-15,-0.05,0.0455864366428225,-0.0172890523984779,0.0110403662912042,0.00139505061174661,0.000803307576016986,0.907217730552902,-0.00718718297690682,-0.0168972692748237,4.93077126718954e-05,-0.181141004204546,-0.391082295699652,0.221591011402818,0.4,0.4,0.238451334178564,0.0706272625976482,0.111490429572611,0.198992936051456,0.01,0.817853874343423,0.01,0.01,0,0,0,0,0,0,0,0,0.302503625608497,0.01,0,0.418261722415111,0,0,0,0.01,0.01,1.34065567662291,0.01,0,0.01,2.00749396621925,0,0,0,0,0,0,0.649398878166505,1.0880647405313,0.763150428270465,0.974313190427343,0.5,0.891556925662084,0.5,0.749804146746655,0,0,0.5,0,0.5,0.5,0.5,0,0,0,0,0.5,0,0,0.5,0.5
364,-0.0528819092678872,0.0191243360056924,0.0599825392709915,0.0460036319504906,0.00499999972076033,0.0553846367119774,-0.017039246861513,-0.106841399835141,0.0573695615818883,0.753280408933264,-5.84663936108698e-06,-1.33433574437986e-06,0.657738511257161,-0.0161783908408826,-0.0464135015949465,0.0519973088781166,-0.0749999999813511,-0.0494460279603128,-0.000465697753657747,0.0749999999626362,-1.24996840844867e-11,-0.0500000000001779,-0.0749999999766253,0.010004010851196,0.0309606663803606,-2.63211298523437e-05,-0.00746905167827852,1.14315638516685,-0.0232779348698465,-0.00672718031688874,-0.000131049283271295,-0.0847884102155245,0.310904825948619,0.227349559769078,0.39999997778373,0.399999992566267,0.242582378469198,0.384106997851458,-0.210272894683221,0.190275666857474,0.01,0.369873048795914,0.01,0.01,0,0,0,0,0,0,0,0,0,0.01,0.01,0.429369690956449,0,0.512287603898916,0,0.01,0.01,1.2979505006641,0.01,1.10374416665058,0.01,2.06361753007868,0,0,0,0,0,0,0.668883580472937,1.15258339551698,0.812343346478518,1.04160676594232,0.5,0.81682274136905,0.5,0.688978587255611,0.5,0,0,0,0.5,0,0.5,0,0,0,0,0,0,0,0.5,0.5
365,-0.0531850253935541,0.0177171847472766,0.0597490750502941,0.0479235895413692,0.00500000000680777,0.0543361267796774,-0.0177636957217104,-0.107261102006698,0.0581369052137705,0.747259858870473,1.38385109114723e-06,-2.00989413264836e-06,0.664570874731307,-0.0164589126760403,-0.0470045044356925,0.0519975438268079,0.046455709797682,-0.075,-0.0228295706742143,0.0749999999999997,-3.16791194079984e-15,-0.05,-0.0022006769960501,-0.0407423944030501,0.0423700511848703,0.00499575925358874,-0.00268784396661953,0.752396020662883,-0.00568429185877403,-0.0454858144860308,-6.89345793308237e-05,0.4,0.4,0.20839278435271,0.4,0.379223795169824,0.241399260942375,0.12038347055208,0.4,0.190986343050942,0.534341112915302,0.01,0.0929699434939303,0.0226628593474861,0,0,0,0,0,0,0,0,0.01,0,0.297560875902111,0.01,0.01,0,0,0,0.01,0.825985241227318,0,0.01,0.01,1.39401494782899,0.904076953158334,0.01,0,0,0,0,0.642634698984816,0.795429447970614,0.635727150578487,0.802711528777673,1.04246807966746,1.3020902592298,1.05812364033674,1.28643469856052,0,0.505029853534528,0,0,0,0.606659161743379,0.5,0.5,0,0,0.5,0,0,0,0,0
366,-0.0513244436722804,0.0189441466456083,0.0597014398934617,0.0498435477945484,0.00500000002943924,0.0532876167510631,-0.0191565113044795,-0.106928662909594,0.058288997136544,0.747044640295571,-8.16726937195859e-06,4.86530942243757e-06,0.664812826451343,-0.0166165967213354,-0.046823522025499,0.051997292275524,0.0749999999867425,0.0749999999971969,0.0174939894810408,0.0749999999245423,-3.36359923279942e-12,-0.0500000000002955,-0.0749999999954479,0.0569781572367972,-0.0134577991946033,-0.000613852915557201,0.00027380420033997,-0.304227075099215,-0.0137264983012046,0.0497520480746446,1.62350910463062e-05,-0.360931202619204,-0.400000001666773,0.184100334931428,0.399999955132083,0.399999997997817,0.23995797060484,0.209786791573552,-0.0219496730393574,0.206294258426979,0.01,0.807180035306791,0.01,0.01,0,0,0,0,0.01,0,0,0,0,0.01,0.01,0.303763417775537,0.01,0,0,0.01,0.01,1.28303767857806,0.01,1.11723930094248,0.01,1.99544749665149,0,0,0,0,0,0,0.920353811318133,1.37689976433717,1.03641579076452,1.26083778489079,0,0.696145152617006,0.532870886786451,0.5,0.5,0,0,0,0,0.5,0.533999820020272,0,0,0,0,0,0,0,0.5,0.5
367,-0.0514332189293698,0.0184691750353319,0.0597230241315479,0.0517635058875249,0.00500000008436591,0.0522391067427613,-0.0206670642709801,-0.105952652505209,0.0584249844164449,0.747254843488008,-7.45637751403412e-06,4.47777473223735e-06,0.664576611133582,-0.0169495624148601,-0.0459934548979624,0.0519970839464131,-0.0674830821296365,-0.0176224893019826,-0.00340623621387726,0.0749999999868748,-1.7590792207728e-11,-0.0499999999999842,-0.0750000000078724,0.0271231527345057,0.0219815711559128,-0.049455936849631,-0.00184522712756428,0.669447316011918,-0.0237731511908826,0.0116388814241402,0.000768139498705402,-0.203510179293041,-0.301668520345042,0.246691400974289,0.399999992195922,0.399999989539594,0.250000000009433,0.160103543800896,0.399999976911822,0.249999998667352,0.01,0.800977847476023,0.01,0.01,0,0,0,0,0.01,0,0.17659378646772,0,0,0.01,0,0.332241181172909,0.01,0.510596193271788,0,0.01,0.01,1.20020033241301,0.01,1.01660788086827,0.01,1.96382029801614,0,0,0,0,0,0,1.02249708334677,1.43915827772717,1.11419316073062,1.34746220034332,0,0.5,0,0.575501321672515,0.5,0,0.5,0,0,0,0.510647497094278,0,0,0,0,0,0,0,0.5,0.5
368,-0.0524286581351639,0.0177846700004172,0.0597222560966362,0.0536834637222246,0.00500000012966964,0.0511905967539993,-0.0216397827928643,-0.10615577713991,0.0583617355868346,0.743577765893787,4.40890994660319e-06,-6.04575797201466e-06,0.668688368815879,-0.0173456204472356,-0.0462774006327755,0.0519970996472815,-0.0422631639717307,-0.053719402943712,-9.17978340676131e-06,0.074999999891641,1.38198973116805e-10,-0.0499999999989663,-0.0269287114508879,-0.0323598696121015,-0.0201076989814495,0.00119401831564592,0.000662643563054957,0.51116663199112,-0.0147428765739847,-0.0349766721765056,-2.21883684582671e-05,-0.309418352303534,0.161246454241222,0.196374622655735,0.39999993557049,0.400000082175798,0.25000000061468,0.177000557678242,0.400000009119333,0.207666153773209,0.01,0.497894928896735,0.01,0.01,0,0,0,0,0.01,1.23561233208573,0.01,0.0800437512459144,0,0.01,0.01,0,0.01,0.546448515705239,0,0.01,0.01,1.18287779149812,0.01,0.972907418757929,0.01,2.04370154400421,0,0,0,0,0,0,1.20508223891885,1.60054123095754,1.28098893650057,1.52463453337583,0,0,0,0,0.5,0,0,0.5,0,0,0.532449686000134,0,0,0,0,0,0,0,0.5,0.5
369,-0.0527804555911544,0.0165347833949799,0.059679070054134,0.0556034221567523,0.00500000006812261,0.0501420866985267,-0.0201975496686555,-0.106691099737451,0.0583964857871901,0.736782890349645,-1.51294947515319e-06,5.45686650110373e-06,0.676168287055072,-0.0169365624171212,-0.0467592088117331,0.0519976818512928,0.00497283115852007,-0.0694716495162598,-0.00366620620797499,0.075,1.44373456216792e-15,-0.05,0.0749999999999996,-0.0226352720412198,0.00183829527947156,-0.00950077481037578,0.00942146695946011,1.30966604037035,0.0477711173275323,-0.0206527686962707,0.000405233220849225,-0.4,0.4,0.169234998568562,0.4,0.4,0.238425388836054,0.4,0.4,0.15,0.01,0.389969245698635,0.01,0.01,0,0,0,0,0.01,0,0.01,0,0,0.01,0,0,0.01,0.266674042972781,0,0.01,0.01,1.09745551801127,0.01,1.05481817478651,0.01,0,0,0,0,0,0,0,1.19311095833865,1.68194687928778,1.32479743657539,1.55026040105104,0,0.54755862882173,0,0.5,0.5,0,0.5,0.5,0,0,0.743258624396519,0,0,0,0,0,0,0.596266418581966,0.5,0.5
370,-0.0535756905889702,0.0162162839298533,0.0596141260850395,0.0575233801622552,0.00500000010131586,0.0490935766983761,-0.01890139154648,-0.106449084084915,0.0584272943220538,0.731033979455606,-7.96832260589668e-06,5.3467810404157e-06,0.682379859208696,-0.0163835465426627,-0.0464874959279836,0.0519976987270392,-0.0749999999999999,0.0255136901887952,-0.00640980787540023,0.0750000000000001,-4.90588724584686e-16,-0.05,0.0465014143712881,0.04446449891224,-1.02083032405469e-05,0.000235641068712155,0.000537107581927244,0.642869218914776,0.0144237080228272,0.0457652566850226,-5.41771694983579e-05,-0.4,0.175489558490216,0.19365247249868,0.4,0.4,0.237217796916955,0.4,0.4,0.15,0.01,0.571378276230797,0.01,0.01,0,0,0,0,0.01,0,0.01,0,0,0.01,0,0.318102422300655,0.01,0.206830765727657,0,0.01,0.01,1.00764605885915,0.01,0.994530680978373,0.01,0,0,0,0,0,0,0,1.27167764143696,1.78753483985158,1.41304729651534,1.6461651847732,0,0.563991468164713,0,0.5,0.5,0,0.5,0,0,0,0.746702796940936,0,0,0,0,0,0,0.633425904479609,0.5,0.5
371,-0.0543392748182298,0.0163822447989609,0.0595914416740797,0.0594433382271552,0.00500000008322275,0.0480689184915533,-0.0178140754944704,-0.105644811283793,0.0584274658442591,0.725110798628267,-4.90775297143322e-06,2.92838728596532e-06,0.688670934442412,-0.0161588346696819,-0.0456590147951664,0.0519975270894233,-0.026619909661754,0.00232863578038165,7.54717754246718e-05,0.075,-6.24858919142637e-16,-0.05,0.0603531412721515,0.0343577945287397,2.85109458021179e-05,0.000763915855431152,0.000826419807633778,0.853772231222068,0.0177202160735349,0.035358607757294,3.07907205526906e-05,-0.4,0.265544456773233,0.201369321575692,0.4,0.4,0.25,0.4,0.4,0.25,0.01,0.417301723812699,0.01,0.01,0,0,0,0,0.01,0,0.01,0.01,0.359941322110764,0.01,0,0.290618106112515,0.01,0.299794151189927,0,0.01,0.01,0.980834465156707,0.01,0.942449723855037,0.01,0,0,0,0,0,0,0,1.38611011971823,1.86889304087941,1.50645937646689,1.74854378413076,0,0.5,0,0,0,0,0.5,0,0,0,0.816073344073124,0,0,0,0,0,0,0.659867614591282,0.5,0.5
372,-0.0548791374906056,0.0166210545678535,0.0595894829654452,0.0613632962512912,0.00500000010576818,0.0470330961216302,-0.016742459176339,-0.104802965270326,0.0584280289969572,0.71962890495583,-8.99796060119355e-06,3.77348799239894e-06,0.69439749415241,-0.0158788235355406,-0.0448038392646438,0.051997305635451,-0.0289111496801132,0.0185173579462978,-0.000106741438056104,0.0749999999978208,1.92971740292104e-13,-0.0499999999995199,0.0492176445268541,0.0484734188061791,2.96401873012756e-05,-0.000413627331499661,-0.000308870767259539,0.771040279056432,0.010722279995241,0.0488501939816902,-1.2350108343291e-05,-0.400000002165177,0.234581091671454,0.208211311272397,0.399999998704288,0.400000000114702,0.250000000285511,0.399999999489844,0.400000000218881,0.24999999800966,0.01,0.415976054802635,0.01,0.01,0,0,0,0,0.01,1.22410166757707,0.01,0.01,0,0.01,0,0.292304916803686,0.01,0,0,0.01,0.01,0.986914231185842,0.01,0.952060483697991,0.01,0,0,0,0,0,0,0,1.46568260034237,1.95572553247145,1.59487094651158,1.82653718630224,0,0,0,0,0.5,0,0.5,0,0,0.5,0.842615915460848,0,0,0,0,0,0,0.631625987925197,0.5,0.5
373,-0.056183128873011,0.0172395020756083,0.0592507095448885,0.0632832543859156,0.00500000008317439,0.0462584345424185,-0.0149175423558376,-0.103303097502271,0.0585553380620116,0.711751542331891,-6.26886327985573e-06,4.40136972564968e-06,0.702469949286276,-0.0153514228642112,-0.0433007359267418,0.0519974721566294,-0.0749999999999999,0.03826833740125,-0.033996503796858,0.0750000000000001,-4.44988459286068e-16,-0.0275782704058592,0.0749999999999998,0.0749999999999998,0.0115880862881683,-0.0132683183912658,0.00891976673914457,1.23219683809437,0.0325330106942482,0.0886651922457438,0.00012443911143666,-0.4,0.261342524541595,0.25,0.4,0.4,0.25,0.4,0.4,0.15,0.01,0.399176097731023,0.01,0.01,0,0,0,0,0.01,1.15716041844958,0.01,0.01,0,0.01,0.01,0,0,0.286257335495589,0,0.01,0.01,0,0.01,0.892562331124228,0.01,0,0,0,0,0,0,0,1.47949754119939,1.98794266540156,1.62767639009581,1.83976381650515,0,0,0,0,0.5,0,0,0.5,0.5,0,0.706129725934585,0,0,0.5,0,0,0,0.6165831701123,0.5,0.5
374,-0.0573209853370753,0.0175040734074524,0.0591421818568275,0.0652032125674344,0.00500000010278535,0.0462475592717932,-0.0129288043374969,-0.101670569032674,0.058726926489942,0.700467962010056,-1.33451034682365e-06,5.14050037781868e-06,0.713722776559329,-0.0147680608653082,-0.0417027574283753,0.051998031686475,-0.0585035372958896,0.00286707571156267,5.06657061515583e-05,0.0750000000153705,2.61597416220851e-11,0.026221757915084,0.0750000001101299,0.075000000002876,0.00441902319491094,-0.019130810823325,0.00871922698443025,1.76512914815933,0.0282496457891882,0.0769947460028128,0.000549566061607235,-0.317964671946261,0.143414434624289,0.24791054704094,0.400000009139241,0.400000015555193,0.250000000369065,0.400000065482971,0.400000001710019,0.219355239975288,0.01,0.402574594789093,0.01,0.01,0,0,0,0,0.01,1.15448819644585,0.01,0.01,0,0.01,0.01,0,0,0.594424477474259,0.968040409972311,0.01,0.01,0.803227643867121,0.01,0.761461812509145,0.01,0,0,0,0,0,0,0,1.58831834759262,2.02150905173093,1.70822609902328,1.90160130030027,0,0,0,0,0.5,0,0,0.5,0.5,0,0,0,0,0,0,0,0,0.591226183483275,0.5,0.5
375,-0.0589042956890496,0.017885484153058,0.0590414975116018,0.0671231704338748,0.00500000007846167,0.0463076846376163,-0.0110388395701664,-0.0999286209175827,0.0587366533222437,0.689818158631464,-4.58830975949628e-06,3.39289224460249e-06,0.72402181096714,-0.0143369603296567,-0.0400261565386733,0.0519973960502355,-0.075,0.0258874491642781,-0.00898049992462767,0.0750000000000001,-1.20658220460572e-15,-0.0199782378038515,0.075,0.0749999999999999,0.00017837186607527,-0.00755103271181822,0.0059452864992617,1.29410890608942,0.0212264146086378,0.085491241901008,2.52275200324321e-05,-0.257883318376649,0.0766743527225202,0.25,0.4,0.4,0.25,0.388081311346045,0.4,0.155609838327963,0.01,0.409596192661685,0.01,0.01,0,0,0,0,0.01,0,0.01,0.01,0,0.01,0.01,0,0,0.568864795506317,0.86943900103275,0.01,0.01,0.755883485917991,0.01,0.763286581443137,0.01,0,0,0,0,0,0,0,1.61489798707826,2.030039083292,1.71066347282175,1.9342735975485,0,0.5,0,0,0.5,0,0,0.5,0.5,0,0,0,0,0,0,0,0,0.585289471384143,0.5,0.5
376,-0.0598717728691113,0.0182237378095693,0.0590303626281144,0.0690431284373395,0.00500000008349029,0.0454854393100827,-0.0117794242571039,-0.098597948729972,0.0589693765271072,0.681187079501656,-3.20567506804546e-06,2.95026927280131e-06,0.732148586036152,-0.0141435929910943,-0.0386219851674499,0.0519976778558206,-0.0408809628885802,0.0182486715899929,-0.000226581268892833,0.0750000000000001,-5.29875784138747e-16,-0.05,-0.0750000000000004,0.0511010856358403,0.0206311153145147,-0.00172910237541162,-0.00173447936581365,0.910628082861074,0.00171145430743204,0.059436112253028,-9.34580134986909e-05,-0.394354237797717,0.4,0.238560717514509,0.4,0.4,0.25,0.4,0.4,0.196217802846733,0.01,0.224144266757081,0.01,0.01,0,0,0,0,0.01,1.00631950049005,0.01,0.01,0.288418824997756,0.01,0.01,0.204405907334355,0,0,0,0.01,0.01,0.885967715938647,0.01,0.818089605535173,0.01,0,0,0.0948098935705376,0,0,0,0,1.6984158164769,2.1142416092832,1.76751374386797,2.04514368189213,0,0,0,0,0,0,0,0,0.5,0.5,0.68825438557041,0,0,0,0,0,0,0.656515074470921,0.5,0
377,-0.0597619165941281,0.0193319250705846,0.0586967977623798,0.0709630864987278,0.00500000008381034,0.044476203450452,-0.0104862816143052,-0.096975429433694,0.0592105777222048,0.676441589973083,-5.07060561255342e-06,5.83835631248185e-06,0.736535386737915,-0.0140009205769086,-0.0370652296098715,0.0519974288051761,0.0320081177762436,0.0728087149875563,-0.0341949811100807,0.075,-2.06902763421707e-15,-0.05,0.075,0.0749999999999998,0.012401453934378,-0.0100848680975919,0.00325887143953008,0.587584373223059,0.0155637200875393,0.085243075910866,3.60151900079586e-06,-0.4,0.237433374824048,0.25,0.4,0.4,0.25,0.32913069190392,0.4,0.228111142405884,0.01,0.252574624523583,0.01,0.01,0,0,0,0,0.01,1.15302691402487,0.01,0.01,0.352824241039352,0.01,0.01,0.183871915930641,0,0.313497522759227,0,0.01,0.01,0.810655305387734,0.01,0.7822630142423,0.01,0,0,0,0,0,0,0,1.74240806529344,2.16697810461401,1.84621355840216,2.06317261150528,0,0,0,0,0,0,0,0,0.5,0,0.6611966843629,0,0,0,0,0,0,0.563220381792677,0.5,0.5
378,-0.0599999998402999,0.0206648350376868,0.0581862291452422,0.0728830445122692,0.00500000008379885,0.0440168937656916,-0.0099999998637885,-0.0952101921293294,0.0593198797345292,0.673807247062364,-1.02155562228689e-05,7.50261736408924e-06,0.738946189710379,-0.0138453975084782,-0.0353206989326723,0.0519972719176086,-2.04808856345613e-06,0.075,-0.0133120917445527,0.0750000000000001,-4.70947182629837e-16,0.00380001708044809,3.02473701971402e-08,0.0749999999999999,0.000227877638674493,-0.00163129030123024,-0.0108309829332383,0.16472801554891,-0.00721878402230233,0.0866108296031746,0.000121809194772573,-0.4,0.239534257339033,0.25,0.4,0.4,0.25,0.369259621062787,0.4,0.213382182233121,0.01,0.267945627955953,0.01,0.01,0,0,0,0,0.01,1.16243098029542,0.01,0.01,0.335398106155329,0.01,0.01,0.123483140826187,0,0,0,0.01,0.01,0.795182144941308,0.01,0.813489466312698,0.01,0,0,0.128131540156373,0,0,0,0,1.83820716535683,2.23790453512943,1.91693677261132,2.15917492787493,0,0,0,0,0,0,0,0,0.5,0.5,0.703354741320251,0,0,0,0,0,0,0.657980741611552,0.5,0
379,-0.0600000000093632,0.0222626859108492,0.0581610833752134,0.0748030024773763,0.0050000000832217,0.044251793482399,-0.00999999989145287,-0.0935049976132161,0.0593234655764394,0.672728411826348,-6.16764226338293e-06,6.79274923606754e-06,0.739928491295855,-0.0139856930791256,-0.0336217790632468,0.0519976335488649,1.50946693541732e-08,0.075,0.00477395506886233,0.0750000000000001,-3.67364026571319e-16,0.0196109010943929,-3.37570702700006e-09,0.0749999999999999,0.000334372661947762,-0.0080154768143798,-0.00181002036695735,0.131964334778221,-0.0060984264431386,0.0858364536512135,-8.02060710028349e-05,-0.4,0.254412319643974,0.235684588813742,0.4,0.4,0.25,0.348603193435798,0.4,0.207712954776543,0.01,0.250020828921653,0.01,0.01,0,0,0,0,0.01,1.14674712174642,0.01,0.01,0.33960168336809,0.01,0.01,0.113479377184044,0,0,0,0.01,0.01,0.784431505777578,0.01,0.806753951462316,0.01,0,0,0.139205090282747,0,0,0,0,1.89753231091666,2.27699398469915,1.97276656443788,2.20175973117793,0,0,0,0,0,0,0,0,0.5,0.5,0.703865138072685,0,0,0,0,0,0,0.648968517173048,0.5,0
380,-0.0600000000074097,0.0238839234093353,0.0581749614742736,0.0767229596090498,0.00500000010738578,0.0447545821559284,-0.00999999967796169,-0.0917926087534652,0.0593265180535514,0.671851684568295,-7.60135097329796e-06,7.06176572813951e-06,0.740724651457944,-0.0141003611101949,-0.0319162047750059,0.0519975602877024,1.26463706102892e-08,0.0750000000038571,-0.0011320192828676,0.0750000000142385,-8.62551719095376e-12,0.0306129564618774,3.19624105013478e-09,0.0749999999904824,0.000245269651305062,-0.00607894775767294,0.0010006437010381,0.114547567942927,-0.00521402430208669,0.0861245452584057,-6.63601589534316e-05,-0.39999998440824,0.302098417070575,0.242066337318589,0.400000008466076,0.399999994873355,0.244740180307655,0.344412958055826,0.399999994340566,0.241524107855626,0.01,0.195286937867226,0.01,0.01,0,0,0,0,0.01,1.13594614447945,0.01,0.01,0.293352014609713,0.01,0.01,0.116333845554069,0,0,0,0.01,0.01,0.787774632286557,0.01,0.80255628088307,0.01,0,0,0.143868785184555,0,0,0,0,1.97237381656436,2.33827713028643,2.04117619576881,2.26947475108199,0,0,0,0,0,0,0,0,0.5,0.5,0.69786683425758,0,0,0,0,0,0,0.642342231693319,0.5,0
381,-0.0600000000105888,0.0255023267154542,0.0581771267960102,0.0786429161943412,0.00500000008305723,0.0453219569619596,-0.00999999989925107,-0.0900906634370123,0.0593288343275577,0.671051798464672,-7.01642186547776e-06,6.99822277199249e-06,0.741449381273835,-0.014204766288544,-0.0302207584604578,0.0519975874773902,1.7690407440098e-08,0.075,0.000574678344002311,0.0750000000000001,-2.79838184887401e-16,0.0261468552374711,8.23589132595533e-11,0.0749999999999999,0.000230622871586984,-0.00645505199262787,-2.49545664732034e-05,0.107083022266325,-0.00486089440666548,0.0856581987572852,-0.000101849882934215,-0.39854246529374,0.345886372296732,0.25,0.4,0.4,0.25,0.4,0.4,0.25,0.01,0.117909450366695,0.01,0.01,0,0,0,0,0.01,0,0.01,0.01,0.422222666798284,0.01,0.0133632671536243,0.152227975465879,0,0,0,0.01,0.01,0.646325891254897,0.01,0.721955902110424,0.01,0,0,0.246167342135371,0,0,0,0,2.05545615921169,2.38648400677895,2.08867028289552,2.35326988309512,0,0.5,0,0,0,0,0,0,0.5,0.5,0.5,0,0,0,0,0,0,0.669964279671974,0.5,0
382,-0.0594013280196551,0.0271879767665872,0.0581356368780772,0.0805513752240771,0.00500000008328547,0.0453825889376462,-0.0110996086773884,-0.0885747599009482,0.0595727279524707,0.671084136299227,-9.19839134210893e-06,6.85762061320456e-06,0.7414201138362,-0.0144269121953336,-0.0286181089553662,0.0519976188184165,0.0502086572351167,0.075,-0.00370699272744283,0.0750000000000001,-2.1050780920655e-16,-0.0198222043284811,-0.0750000000000001,0.0705051635885252,0.0203122803238069,-0.00767409896084111,-0.00244810008038353,-0.110416321805362,-0.0168474337389138,0.0779941129904338,2.14938273108815e-05,-0.240213423024349,0.259957071676555,0.210524111519033,0.4,0.4,0.25,0.4,0.4,0.206519247538859,0.01,0.01,0.01,0.01,0,0,0,0,0.01,1.02193078361484,0.01,0.01,0.217191825655798,0.01,0.01,0.01,0.0551368093760139,0,0,0.01,0.01,0,0.01,0,0.01,0,0,0.01,0,0,0,0,2.10259639920774,2.53179866787695,2.20244713903521,2.43194792804948,0,0,0,0,0,0,0,0,0,0.730601681933066,0.521061109820993,0,0,0.5,0,0.5,0,0.628266148095678,0.5,0
383,-0.0600000001013111,0.0291204892432798,0.0586045017493002,0.0824713332447997,0.00500000008346942,0.0455268350824392,-0.0100000005569471,-0.0868109072736543,0.0599840085472582,0.671052779897983,-1.37017422030203e-05,1.17729091692909e-05,0.741448497845218,-0.0146406495752641,-0.0269868928244917,0.0519981175197365,-1.35592623899305e-14,0.075,0.05,0.0750000000000002,-2.81762028916964e-16,0.0339778177271737,6.78483319399846e-06,0.075,0.0224354874100976,-0.0303935241172934,-0.00440048199690932,0.14112985335627,-0.00362902444521442,0.0854048688718523,0.00105141269801507,-0.369440844041087,0.4,0.204744665594446,0.4,0.4,0.248971580377715,0.4,0.4,0.218649811716636,0.01,0.01,0.01,0.01,0,0,0,0,0.01,1.17986714351201,0.01,0.01,0.402880168390892,0.01,0.0562561579866006,0.0819087203010262,0.142511885099623,0,0,0.01,0.01,0,0.01,0.452329034067262,0.01,0,0,0.206389612363255,0,0,0,0,2.20281328801214,2.57500777336372,2.26806498123829,2.50975608013758,0,0,0,0,0,0,0,0,0,0.5,0.596527408443119,0,0,0.5,0,0,0,0.639377641829829,0.5,0
384,-0.0600000000649572,0.0310404683661938,0.0593319338894416,0.0843912914490027,0.0050000000836229,0.0463209367392069,-0.00999999991343736,-0.0850308461360598,0.0599890512140325,0.670412936665359,-5.83431140672932e-06,6.31712812865931e-06,0.742027093113651,-0.0147297855232971,-0.0252109132700046,0.0519973435579308,1.14339693677926e-14,0.075,0.0228788210725575,0.075,-2.39066664488723e-15,0.045375359750404,3.56197331674426e-08,0.0749999999999999,-0.000190368869391776,-0.00076953608205849,0.00297379362672276,0.0877499917436962,-0.0035668215743919,0.0901297353426306,-0.000170981187174738,-0.354309393607601,0.4,0.171779339346407,0.4,0.4,0.23405546530368,0.4,0.4,0.24773757759954,0.01,0.01,0.01,0.01,0,0,0,0,0.01,1.04725788250728,0.01,0.01,0.370278322158226,0.01,0.123430725491575,0.01,0.0293208674981147,0,0,0.01,0.01,0,0.01,0.435956799591759,0.01,0,0,0.116244933664204,0,0,0,0,2.17092412040753,2.60355009199121,2.26040511024294,2.5140691021558,0,0,0,0,0,0,0,0,0,0.5,0.673277445817397,0,0,0.5,0,0,0,0.684909436532157,0.5,0
385,-0.0600000001132415,0.0329604477531478,0.059325198316089,0.086311249848162,0.00500000010460349,0.0472262055415045,-0.0100000002956567,-0.0832279566440205,0.0600000000147218,0.669919974871231,-5.94499152657548e-06,6.54692336831981e-06,0.742472182663473,-0.0148058391226033,-0.0234140744855516,0.0519974405704502,-8.65549699419923e-12,0.0750000000144677,-0.0233211996460602,0.0750000000439738,8.45596332652288e-11,0.0451526341503665,7.0031346399541e-08,0.0750000000537804,1.25464196365422e-08,-0.00348328133631283,0.00289626317347468,0.0794186470800667,-0.00309865202156015,0.0904927256966814,-0.000127697430786639,-0.357095374728726,0.400000008602836,0.249999945670223,0.400000026146491,0.400000050281051,0.234777406811857,0.400000042152924,0.400000031979144,0.250000003595251,0.01,0.01,0.01,0.01,0,0,0,0,0.01,0.734989116710365,0.01,0.0671107672180408,0,0.01,0.239337725734633,0.01,0,0,0,0.01,0.01,0,0.01,0.506442206396672,0.01,0,0,0.01,0,0,0,0,2.03050897196915,2.5151400645489,2.1385533268218,2.40709570969625,0,0,0,0,0.5,0,0,0,0.5,0.515341181369601,0.776789337841696,0,0,0.5,0,0,0,0.747798121924335,0.5,0
386,-0.0600000000834609,0.0348804262597818,0.0591949138355364,0.0882312075644268,0.0050000000808757,0.0477634622392939,-0.00999999986836231,-0.0814293667045763,0.0600000000228235,0.669465081198842,-6.05474761117476e-06,6.69896755609321e-06,0.742882374134886,-0.0148750143377482,-0.0216209085139587,0.051997416390931,4.64761808695423e-13,0.0750000000027615,0.0101256902691987,0.0750000000008289,1.04329728007044e-12,0.00875501901780143,6.51570275614945e-08,0.0750000000026846,1.61573500477103e-08,-0.0036486597701994,0.00291470953850638,0.076022110487848,-0.00291943988667315,0.090450127516452,-0.000133134393744622,0.259300240504229,-0.39999999835801,0.222381910409392,0.40000000049279,0.400000000619324,0.222862931142614,0.399999999496218,0.400000001596347,0.249999999551249,0,0.27807048575639,0.0767609910098626,0,0,0,0,0,0.132995712816152,0.230018082183989,0.0242398393069642,0.338773955667548,0,0.01,0,0.01,0,0,0,0.01,0.01,0,0.01,0.850913698013817,0.01,2.74049293789909,0,0,0.5,0,0,0.5,1.65906164063945,2.19338909569943,1.82926006945716,2.02319066688173,0,0,0,0,0.59722494860483,0,0.553977569671268,0,0.5,0.522397762951483,0.974198586036687,0,0,0.5,0,0,0,0,0.5,0.5
387,-0.0586118290536176,0.0351938322378886,0.0590522322765322,0.090151165667755,0.00500000024631722,0.047474252899671,-0.0100000000599261,-0.0801983799206978,0.0600000000133918,0.667698918354324,-9.17603689254981e-06,7.05657074868923e-06,0.744470224545925,-0.0147819833616175,-0.0203738429214312,0.0519972280871432,0.0749999999978523,0.0352353704920836,-0.0188709136510824,0.0750000000433302,1.44458362435288e-10,-0.0374449707894365,-2.25694626673182e-08,0.0257591886183484,-5.4024710987873e-10,0.011987143162654,0.00462684501519917,0.223021081587054,0.00666653549235485,0.0313451913671853,0.000384555763770128,0.31750880238183,-0.400000006021647,0.150000000012286,0.400000025763901,0.400000085898829,0.227471304788836,0.400000077736201,0.400000027140851,0.250000000410941,0,0,0.2107784238658,0.142921985821897,0,0,0,0,0.263772463814796,0.0800008292234738,0.0228728793875652,0.320900413589524,0,0.01,0,0.01,0,0,0,0.01,0.01,0,0.01,0,0.01,2.77810293159416,0,0,0.5,0.5,0,0,1.4495768570846,2.05504111020372,1.65783688292596,1.84678108436235,0,0,0,0,0.544671821723528,0,0.69991737001991,0,0.5,0.897071129034252,0.954673079491611,0,0,0.5,0,0.5,0,0,0.5,0.5
388,-0.0568682372789662,0.0356017003603812,0.0592028483998267,0.0920711240186723,0.00500000010131652,0.0464733529601235,-0.00999999985932381,-0.0799399936464704,0.0599998415045973,0.667256395992659,2.52998905849589e-06,1.45376911367403e-06,0.744866878786566,-0.0147499146416964,-0.0201086126052736,0.0519980376874724,0.0750000000000002,0.0089870109844515,0.0239629115151663,0.0750000000000002,-3.69716748879316e-15,-0.05,9.44597980419305e-10,-0.000784524621866125,-0.000338078683692697,0.00860098803245995,0.00317599788653983,0.000740980996182528,0.000201473752575737,-0.000502872336073851,-5.49276320758403e-05,0.4,-0.4,0.183241124303424,0.4,0.4,0.15,0.4,0.4,0.25,0.153604112026509,0.232768231275683,0.173182694103263,0,0,0,0,0,0.220996606719761,0.11414190180673,0.054589167431981,0.280549341033177,0,0.01,0,0.01,0,0,0,0.01,0.01,0,0.01,0,0.01,0,0.01,0,0,0,0,0.5,1.2070379502932,2.06656068480738,1.57969227940552,1.69390635569506,0,0,0,0,0.52278408190608,0,0.683846453587936,0,0.5,0.94432467161192,0.962267932755013,0,0,0.5,0,0.5,0,1.36067406848546,0,0.5
389,-0.0557564270908008,0.036205900632373,0.0591888730048304,0.0939910819572051,0.00500000010478507,0.0460140428139218,-0.00999999983741082,-0.0794545152487406,0.0600000000157464,0.667112742545547,-8.28879781245838e-06,7.49725525932607e-06,0.744995539597992,-0.0147690120976731,-0.0196237150802579,0.0519973169429053,0.0373608469209099,0.0507911713850094,-0.0211688798980745,0.0749999999870505,-4.64264873692683e-12,0.00379998945312819,-2.14649349924639e-09,0.0473434834349623,-3.83075677060482e-10,0.00049878485048649,0.000245375881144685,0.0405148664774254,-0.00205694611613422,0.0475839797747847,3.26408111638564e-05,0.260909987942282,-0.290829309602669,0.232648961071114,0.399999992300328,0.399999997238759,0.242448386700239,0.399999988464941,0.400000001534448,0.250000000222981,0.069117334093052,0.149023231697556,0,0,0,0,0,0,0.265292020277993,0.0864883571698515,0.0186040167889942,0.333176361134827,0,0.01,0.939224877383125,0.01,0,0,3.27204284026573,0.01,0.01,1.3257649928137,0.01,0,0.01,2.87569976848301,0.806879307911939,0,0,0,0.5,0.5,1.56388309935652,2.25295875060882,1.82229142579638,1.99455042416896,0,0,0,0,0.504058815522018,0,0,0,0.5,0.532501227579223,0,0,0,0,0,0.5,0,0,0,0.5
390,-0.0572446574562805,0.0379454437802254,0.0584171858198607,0.0959110399007068,0.00500000010131593,0.0456257326180293,-0.00999999990443889,-0.0779319999138951,0.0599977602927583,0.666681817156289,-5.73305867617547e-06,6.43983560666253e-06,0.745381192217648,-0.0148287721268564,-0.0181064637426808,0.0519973487720233,-0.075,0.075,-0.05,0.075,-2.30016531389307e-15,-0.0424000095571203,5.11988726853107e-08,0.0750000000000001,-0.00012725256320244,-0.001499185502193,0.00297051485283194,0.0774420267239772,-0.00300266261309434,0.089861733866876,-0.000153361682034648,-0.2207896854606,0.38346017857931,0.208409690504183,0.4,0.4,0.25,0.0674289477644319,-0.4,0.21897759822992,0.01,0.0329521879640243,0.01,0.01,0,0,0,0,0.01,0,0,0,0,0.01,0.148262629659909,0,0.01,0.595092168833932,0,0.01,0.01,0.685860359230768,0.01,0.59139435115191,0.01,0,0,0.01,0,0,0,0,2.61823264427798,2.89222566725973,2.65273080342282,2.85772750811488,0,0.773852542002164,0.5,0.625183161702527,0.5,0,0,0.5,0,0,0.5,0,0,0,0,0,0,0.5,0.612632236648723,0
391,-0.0579722985044765,0.0385728619094263,0.0577448098939693,0.0978309970828531,0.00499999885431034,0.0450825849354676,-0.00999999942568373,-0.0791498493202551,0.0599999999321323,0.666083293997205,-1.0245763867948e-05,2.61091432181535e-06,0.745916093929035,-0.0148593458384307,-0.0169640851931404,0.0519968427079849,-0.00193778838978606,0.0175766194171918,-0.00751270411946059,0.0750000001638069,3.86798669558668e-10,-0.0120664278762916,-4.72925183887059e-12,-0.0749999999236481,-2.03500595958935e-11,-0.0102887207275488,0.000688463150387182,0.14824507277916,0.0030230069968078,0.0144349624295405,-0.00154889636953882,-0.00902549214836288,-0.0226695191514667,0.250000006559106,0.400000097399021,0.40000023000203,0.149999994867223,0.076995946461758,-0.399999954598809,0.17130381140883,0.01,0.163580555434463,0.01,0.01,0,0,0,0,0,0,0,0,0,0.01,0.01,0.01,0.01,0,0,0.01,0.01,0,0.01,0.430269658118627,0.01,0,0,0,0,0,0,0,2.6109700573666,2.89686135059116,2.69266767383813,2.81516373411964,0.5,0.82198389939608,0.5,0.692797089817942,0.513066504501763,0,0,0,0,0.62500276547721,0.5,0,0,0.5,0,0,0,0.5,0.5,0.5
392,-0.0592441756757378,0.0403431442862207,0.0581352457933979,0.0997509558752416,0.00500000010131579,0.0453819463224896,-0.00999999999381757,-0.0799558766249428,0.0600000000136276,0.665978328627655,2.23624102358663e-07,-6.3057701912449e-07,0.746009812629837,-0.0148485930074067,-0.0169299964308617,0.051997416481812,-0.075,0.075,0.04628729385925,0.0750000000000001,1.99456219018502e-15,0.0417335693606372,-1.92795831334906e-15,-0.00594796992687419,1.63278064514271e-14,-0.000290206871736294,-0.000236398062375627,2.80083552140528e-08,-1.42042225911877e-05,1.04548683346958e-05,-3.79358801950192e-06,0.0569574166270014,-0.269156090736667,0.15,0.4,0.4,0.15,0.115252728804765,-0.4,0.15,0.01,0.244878951990464,0.01,0.0499634802849804,0,0,0,0,0,0,0,0,0.259554917990152,0.01,0.01,0,0.01,0,0,0.01,0.01,0.733183751611998,0.01,0,0.01,1.24586920809893,0,0,0,0,0,0,2.70113673590475,2.95453968342817,2.76667688324636,2.88899953608656,0.5,0.779351021895504,0.5,0.664953853442952,0,0,0,0.5,0,0.648440596647238,0.5,0,0,0,0,0.5,0,0,0.5,0.5
393,-0.0599999998813945,0.0422074983846037,0.0586695554516623,0.101670913922111,0.00500000011773314,0.0459172611654457,-0.0113027751388302,-0.0806550396958133,0.0599999991609666,0.665978328549187,-2.14267897203864e-09,1.72380797948726e-08,0.74600981268927,-0.0148485660703747,-0.016929930106044,0.0519974247992941,1.46415237041203e-11,0.0749999999768748,0.00733841632582985,0.0750000000054451,-1.20295840105873e-11,0.0119468485308565,-0.0750000000022431,-0.0636796890993654,-4.56813201252313e-11,6.90113492896312e-05,-1.89337371668018e-05,5.42809822302715e-11,-9.11084731206254e-07,-3.48449085190647e-06,6.50566801073083e-08,-0.128188809058868,-0.0294010856609331,0.250000000444206,0.400000003237604,0.399999992848072,0.154528023684066,0.271890974582263,-0.40000001373855,0.162618094057311,0.01,0,0.01,0.01,0,0,0,0,0,0,0,0,0.161551389742447,0.01,0.01,0,0,0,0,0.01,0.01,0.658152327948624,0.01,0.917386142018764,0.01,1.19824023725116,0,0,0,0.5,0,0,2.76257734760369,3.05057401372245,2.85518610370626,2.95796525761987,0.5,0.823872602592949,0.5,0.725810575844104,0,0,0,0.5,0.5,0.677746709795079,0.5,0,0,0,0,0,0,0,0.5,0.5
394,-0.0596171748519331,0.0441274774785257,0.0589312505082015,0.103590871920076,0.0050000001013157,0.046011041683833,-0.0129036597446853,-0.0816778513846418,0.0600000000136276,0.665978328594758,-3.00902831659442e-10,2.38882040596051e-10,0.746009812659612,-0.0148485671609317,-0.016929931633029,0.051997424874633,0.0380920593379104,0.075,0.0187739118808274,0.0750000000000001,2.0051072589885e-15,-0.0024965795435324,-0.075,-0.0387262365576604,1.50422883679766e-14,-3.2204103364223e-06,1.47452658110422e-06,9.81971453428736e-14,7.62529754663026e-08,1.70460414343782e-07,1.29069976832659e-09,-0.226767531498823,0.4,0.15,0.4,0.4,0.241498411396773,0.0452373336112454,0.0650012714775697,0.223375503350857,0.01,0,0,0,0,0,0,0,0.01,0,0,0,0,0.01,0.108829151999311,0,0,0,0,0.01,0.01,0.604959406800663,0.01,0.848096215920552,0.01,1.49298142062839,0,0.01,0,0.5,0.5,0.5,2.91877892571532,3.16742766238461,2.95037252951044,3.13583405858949,0,0.642363039038114,0.5,0.5,0.513629630709977,0,0,0.5,0.5,0.5,0.545383994133144,0,0,0,0,0,0,0,0.66271501660778,0
395,-0.0581732319147617,0.0443477888988395,0.0588424187458179,0.105510829924275,0.00500000010131548,0.0454968000929623,-0.01441953313938,-0.0832034207813829,0.0600000000134333,0.665978328594758,2.04286156130801e-11,-4.5272148688047e-11,0.746009812659612,-0.0148485671530751,-0.016929931671587,0.0519974248750011,0.075,-0.0523321969837065,-0.0274260881191726,0.0750000000000001,2.2976032990385e-17,-0.0486965795435324,-0.075,-0.0749999999999999,-3.08370213409733e-14,4.6542510059804e-08,-4.49929162748533e-08,1.29481214873002e-16,-2.45389035520643e-09,-2.77874064198042e-09,1.33466140150267e-11,-0.164657079150311,0.37051265531147,0.15,0.4,0.4,0.25,0.147765226301086,0.4,0.174317348935791,0.01,0,0,0.082887246750898,0,0,0,0,0.01,0,0.01,0,0,0.01,0.01,0.01,0,0,0,0.01,0.01,0.611964650129103,0.01,1.0537120504412,0.01,0,0,0.01,0,0.5,0.5,0,2.98241833504457,3.25853418576763,2.97125529002038,3.26969723079182,0,0.5,0,0.5,0.5,0,0,0,0.5,0.5,0.624601887246179,0,0,0,0,0,0,0.559628330562402,0.5,0
396,-0.0565980669019873,0.0432995788082013,0.0588345869834346,0.107430787928475,0.005000000101316,0.0447259555699953,-0.0148968811638228,-0.082003465779133,0.0600000000053939,0.665978328594758,-5.51055529890124e-13,2.02165248943096e-12,0.746009812659612,-0.0148485671515086,-0.0169299316665519,0.0519974248749999,0.075,-0.0524880329005314,0.0263739118808273,0.075,-1.37430699112162e-16,-0.028488911095413,0.0267564154782907,0.075,-2.54730561967158e-14,3.48440859241536e-09,-3.04130434245511e-10,-7.67638716746331e-17,-8.79381310616257e-12,-1.67248960789032e-10,7.09981754842152e-14,0.00623408720250775,-0.183202819809998,0.15,0.4,0.4,0.25,-0.152933144432651,0.4,0.25,0.01,0,0.01,0.01,0,0,0,0,0.01,1.15079862179462,0.01,0,0,0.01,0.01,0,0,0,0,0.01,0.01,1.16110478872781,0.01,0,0.01,0,0,0.01,0,0.5,0,0,3.03732680820077,3.39792583661582,3.10655269439395,3.32869995042264,0,0,0,0.5,0.530376955438255,0,0,0.5,0.5,0.5,0.631141441353017,0,0,0,0,0.5,0,0.541449816578729,0.5,0
397,-0.0559278054885957,0.0429354304904344,0.058897755221051,0.109350745932675,0.00500000010131607,0.044685942962144,-0.0130899054969097,-0.0800834867780829,0.0600000000037258,0.665978328594759,-8.35737684368323e-15,-2.57265238826321e-14,0.746009812659611,-0.0148485671516087,-0.0169299316667542,0.051997424875,-0.00756105339388945,0.0157321004570638,-0.0198260881191727,0.0750000000000002,8.0602975330427e-18,0.0242240853281652,0.075,0.075,-1.85861889072765e-15,-2.77069191795361e-10,1.00830444095554e-10,-2.6869165028688e-17,5.07623164973367e-12,1.43177269082662e-11,-4.94150788207177e-15,0.4,-0.381921369845895,0.15,0.4,0.4,0.15,-0.240479736431645,-0.4,0.209796619633134,0.099740708988306,0,0.0478501995278206,0.01,0,0,0,0,0.01,0,0,0,0.108259353432622,0.01,0.01,0,0,0,0,0.01,0.01,0,0.01,0,0.01,0,0,0.01,0,0.5,0,0,2.98699209235637,3.45537587484012,3.10970223270029,3.33266573449621,0,0.777169118033201,0.5,0.737111216166876,0,0,0,0.5,0.5,0.818612301247302,0.627992477001055,0,0,0.5,0,0.527570290854201,0,1.06809431070082,0.5,0
398,-0.0574395062868318,0.0446983339650662,0.0590419234592887,0.111270703906439,0.00500000005624909,0.0455922738156674,-0.0114980176721635,-0.0785140541235599,0.0600000004975542,0.665978328559319,-1.72082262861185e-12,-5.76336926966036e-13,0.74600981269238,-0.0148485670955881,-0.0169299317278966,0.0519974248764022,-0.0750000000203775,0.0750000000138845,0.0339739118804526,0.0749999999968721,-6.09976120313719e-11,0.0500000000003273,0.0750000000128237,0.0750000000376796,-7.74820090442296e-11,9.73265507426843e-12,-4.98024820303386e-12,-2.53139125984621e-11,1.02920253579168e-10,-8.06880000150238e-11,-1.30288323207817e-11,-0.0585515121820063,0.400000008255989,0.24999999977718,0.399999998140122,0.399999963729414,0.242067954173593,0.0967064620926224,-0.399999977594787,0.24999995391599,0.01,0.01,0.01,0,0,0,0,0,0.01,0,0,0,0.247766858827965,0.01,0.173157333854639,0,0,0,0,0.01,0.01,0.809823615294855,0.01,0,0.01,1.90753728531234,0,0.01,0,0,0,0.5,3.30602980494173,3.55858235166199,3.31577224612233,3.5488399104814,0,0.715059147294376,0.5,0.646953324818449,0,0,0,0.5,0.5,0.5,0.64427204835805,0,0,0,0,0.5,0,0,0.5,0
399,-0.058646952256089,0.046284668503215,0.0592570917197643,0.113190661957792,0.0050000001013161,0.0461279637958173,-0.0124124756715595,-0.0797140092282577,0.060000000004973,0.665978328594758,-2.17442094461105e-16,-1.0550822123982e-16,0.746009812659612,-0.014848567151606,-0.0169299316667525,0.0519974248749999,-0.0458901604249142,0.0749999999999998,-0.012226085782838,0.0750000000000002,-2.36898450279864e-15,0.00379999804892098,-0.075,-0.0750000000000001,-1.72665983557559e-14,-3.58887318818336e-15,5.45226160146506e-14,-2.16495172210905e-17,5.67645419812524e-15,7.13724549020888e-17,-5.12492358771236e-15,0.107689384585036,0.4,0.15,0.4,0.4,0.15,0.185150499233747,-0.4,0.25,0.0363692317731969,0,0,0,0,0,0,0,0.01,0,0,0,0,0.01,0.203265937142469,0,0,0,0,0.01,0.01,0,0.01,0,0.01,0,0,0.01,0,0.5,0.5,0.5,3.16449653552408,3.6397808797674,3.31797236902774,3.48630504626373,0,0.819393556825798,0.5,0.672993673093812,0.5,0,0,0.508204631026131,0.5,0.5,0.673381004876461,0,0,0.5,0,0.517935359879361,0,1.01195679943153,0.5,0
400,-0.0600000000901996,0.048204647504265,0.0595532600041075,0.115110619961992,0.00500000010131608,0.0467402137606978,-0.0112125656625607,-0.0814759426249458,0.0600000000079115,0.665978328594759,-1.85005106772643e-16,-2.79198971767632e-16,0.746009812659611,-0.0148485671516061,-0.0169299316667524,0.0519974248749999,-3.3813012236824e-14,0.075,0.041573914217162,0.0750000000000001,-5.93502598628406e-17,0.05,0.075,-0.075,1.9281584722496e-14,5.46913974849706e-15,-9.5491058117551e-16,-5.20911204976128e-17,2.10539506400343e-15,-7.09352347533112e-16,-5.16593777513078e-15,0.178971019690357,0.139497605195893,0.15,0.4,0.4,0.15,-0.223329921371935,-0.247790103729313,0.25,0,0,0,0,0,0,0,0,0.01,0,0,0,0,0.01,0.258749189429643,0,0,0,0,0.01,0.01,0,0.01,0,0.01,0,0,0.01,0.5,0.611933337071603,0.5,0.558316423380997,3.21776845531364,3.70924765797791,3.37828247993459,3.54873363335697,0,0.826023746526133,0.5,0.66454131115275,0.5,0,0,0.5,0.5,0.5,0.683523598906521,0,0,0.5,0,0.517051067431752,0,1.01273462964067,0.5,0
401,-0.0600000000962275,0.0501246265008618,0.0599896960118122,0.117030577945132,0.00500000006903771,0.0477833783614176,-0.00999999993009808,-0.0831979406431838,0.0600000000043309,0.66597832858302,2.00554669807404e-12,-1.4509398187878e-12,0.746009812666506,-0.0148485671360199,-0.0169299316582228,0.0519974248750338,1.28367401881967e-13,0.0749999999986202,-0.0026363059788065,0.0750000000043824,5.43825938099546e-12,0.0499999999997054,3.530145920395e-12,-0.074999999995238,1.04100313387124e-13,-9.93964656128236e-14,1.47189739509927e-13,9.24611828378634e-14,4.87059737562384e-11,5.86996844081022e-11,-2.13344019915118e-14,0.287728958022387,0.0436868531865532,0.150000000032214,0.40000000260563,0.400000003233661,0.149999999824777,-0.0991912494203691,-0.39999999716847,0.250000000076865,0,0,0,0,0,0,0,0,0.01,0,0.01,0,0,0.01,0.271577206777682,0,0,0,0,0.01,0.01,0,0.01,0,0.01,0,0,0.01,0.5,0.749448313757245,0.5,0.69367416963578,3.26039303251538,3.75807150040765,3.40864166253315,3.60982287038989,0,0.823790335178012,0,0.732217680191166,0.5,0,0,0.5,0.5,0.5,0.684034738469991,0,0,0.5,0,0.621340924875426,0,1.05638789739222,0.5,0
402,-0.0600000000717555,0.051972948287572,0.0599070470091307,0.118950535939415,0.00500000006156783,0.0488289958239438,-0.00999999797890307,-0.0850956561784074,0.0599999999971943,0.665978328563535,5.70552743507688e-12,-3.20292457141445e-12,0.746009812676676,-0.0148485671322751,-0.0169299316721663,0.0519974248743885,3.4901996798585e-12,0.0749999999938825,-0.00561370728460816,0.0750000000040211,1.1583916457234e-11,0.0499999999996344,4.22752357851612e-12,-0.0750000000082434,-2.50674937987217e-13,9.43800354263327e-14,8.87563707351058e-14,4.68364237806819e-12,2.06845030545364e-11,1.37162404819293e-11,6.63172216965391e-14,0.0930530934598982,0.11449219673008,0.16728213583177,0.400000002390883,0.40000000688994,0.187295213344293,-0.0030717776087715,0.124157079379213,0.249999999860428,0,0,0,0,0,0,0,0,0.01,0,0.01,0,0,0.01,0.284728216701261,0,0,0,0,0.01,0,0.668219276126342,0.01,0,0.01,1.87837830207098,0,0.01,0.608209435247179,0.81498926179579,0.625128616687579,0.798070080355394,3.49325501608037,3.82411031350708,3.53962911661317,3.7777362129743,0,0.66437617912816,0,0.5,0.5,0,0,0.5,0.508301723590931,0.5,0.674684268921137,0,0.5,0,0,0.5,0,0,0.5,0
403,-0.0587666431414555,0.0510227216826927,0.0596017451597108,0.12087049396362,0.00500000010131527,0.0493646858298904,-0.011118628018231,-0.087015635208875,0.0595749815178186,0.665978328594759,2.07056324301688e-17,-4.19756459462353e-16,0.746009812659611,-0.0148485671516058,-0.0169299316667523,0.051997424875,0.075,-0.0750000000000001,-0.024820443981486,0.0750000000000001,1.52734480142987e-15,0.00380000038623682,-0.0750000000000001,-0.0749999999999999,-0.0422903962880826,5.88875145851139e-18,-9.07962418704453e-18,-1.28028620196817e-16,2.16033864155825e-15,4.09925366785893e-16,-5.16171175603471e-15,0.0285921979509158,0.15589863110501,0.205860034443767,0.4,0.4,0.234810773036954,0.4,0.4,0.154828858876403,0,0,0,0,0,0,0,0,0.01,0,0.01,0,0,0.01,0.203931783333059,0,0,0,0,0.01,0,0.549603698837296,0.01,0,0.01,0,0,0.01,0.546549968100902,0.737138351412522,0.548446419288124,0.735241900225301,3.41483112485095,3.80773114116321,3.48717037525747,3.73539189075669,0,0.762326269191178,0,0.5,0.5,0,0,0.5,0.500025018595583,0.522802843485873,0.703089231485144,0,0.5,0,0,0.5,0,0.547051157824336,0.5,0
404,-0.0583843601748427,0.0499327569926052,0.0589609603747785,0.122790451975966,0.00500000011856286,0.0493745691358635,-0.0111836275222781,-0.0858156801744532,0.0592698635921031,0.665978328585274,-2.76654790914928e-12,-2.23320922732747e-12,0.746009812669714,-0.0148485671573207,-0.0169299316951472,0.0519974248749681,-0.0362156254392487,-0.0342004665155779,-0.0391862057038951,0.0750000000115768,1.00119510551255e-11,-0.00277877591815064,0.0677861179696861,0.074999999990509,0.0115096037116773,2.25089100719858e-13,2.97510576766202e-13,7.87793926733953e-12,9.67353295993512e-11,-8.49675236780712e-11,5.76293517584409e-15,0.345118615606908,-0.400000010959271,0.233673298591279,0.400000006883522,0.400000005953333,0.199867082360973,-0.0766874697629625,0.399999994356437,0.149999999857348,0,0,0,0,0,0,0,0,0.01,1.38927996764069,0.01,0,0.542268071738658,0.01,0.160285813526743,0,0,0,0,0.01,0.01,0,0.01,0.555755669211289,0.01,0,0,0.01,0.508638541296161,0.640784476458812,0.5,0.663389276999864,3.41989629885477,3.83330677320271,3.51454306273768,3.73866000931979,0,0,0,0.5,0,0,0,0.5,0.5,0.618434229646423,0.606300743146441,0,0,0.5,0,0,0,0.515467090178445,0.5,0
405,-0.0599999988584247,0.0514375211970636,0.0579653426822911,0.124710409972019,0.00500000007919455,0.0493666402078242,-0.00999999989868866,-0.0838957012055751,0.0599856662646021,0.665978328594759,-1.62894283751718e-16,4.82564834753171e-17,0.746009812659611,-0.0148485671516059,-0.0169299316667525,0.0519974248749999,-1.22049120649205e-05,0.075,-0.05,0.0750000000000001,-1.15322905250207e-15,0.0019621783531221,4.90626644319086e-15,0.075,0.05,-4.8740771320858e-17,-1.02416185179212e-17,-1.6139667653886e-16,1.20236872359038e-15,-8.89559509340632e-16,-5.33078015781922e-15,0.25691585126851,-0.372354547191504,0.212465059660978,0.4,0.4,0.202032391055229,0.0245404013242857,0.4,0.15,0,0,0,0,0,0,0,0,0.01,1.41420520614868,0.01,0,0.513833416331038,0.01,0.208830578460587,0,0,0,0,0.01,0.01,0,0.01,0.500530516485923,0.01,0,0.845273153448254,0.01,0.590769806374182,0.720923137594203,0.565667291979107,0.746025651989278,3.44735932152186,3.88742158159903,3.55840679894885,3.77637410417203,0,0,0,0.5,0,0,0,0.5,0.5,0.683399817388104,0.612057736115844,0,0,0.5,0,0,0,0.520091988652677,0,0
406,-0.0600000001047578,0.0533575002014785,0.0569534017386591,0.126630368009971,0.00500000009526705,0.0489415737736429,-0.00999999887505918,-0.0819757221658759,0.0595833737672255,0.665978328646464,-9.57959936022512e-13,2.13839266165724e-12,0.746009812600766,-0.0148485671919191,-0.0169299316750501,0.0519974248757688,-1.23401185206299e-11,0.0750000000130494,-0.0500000000002322,0.0749999999680215,-5.02311579823346e-12,-0.0442378217744984,-5.33240581570514e-11,0.0749999999978005,-0.0437559680482367,3.91877381122878e-13,-8.30796997441466e-13,-6.56902592384996e-12,-2.92027138016611e-10,-4.08932666033602e-11,-3.93225113075392e-12,0.0755020750722896,-0.0179234637754828,0.209631788072212,0.399999980986014,0.0915070226488858,0.161678511548875,0.399999968291966,0.399999998692086,0.249999982410147,0,0,0,0,0,0,0,0,0.01,1.33361914488131,0.01,0.01,0,0.01,0.311841064847172,0.01,0,0,0,0.01,0.01,0,0.01,0.01,0.01,0,0,0.01,0.597882956408769,0.786871564661766,0.617314613494177,0.767439907576358,3.32804054097478,3.9280022073598,3.51033741205434,3.74570533628024,0,0,0,0,0.557511814775754,0,0,0,0.5,0.5,0.670469054342312,0,0,0.5,0,0,0,1.06714843106628,0.5,0
407,-0.0600000001021805,0.0552774791979896,0.0561374674098198,0.128550325978236,0.00500000010692569,0.0485975073393141,-0.00999999897348312,-0.0800557432079222,0.05924894276859,0.66597832859484,2.1634966081573e-12,-7.29790493389334e-12,0.746009812659349,-0.0148485671517135,-0.0169299316635188,0.0519974248690679,1.50867539127016e-13,0.0749999999996879,-0.0316850078569771,0.0750000000019752,5.93071209793169e-14,0.00956217833062832,2.31051587120761e-12,0.0750000000004894,0.0100440319091286,4.65350200457087e-13,-2.71036024453561e-14,4.46439707849916e-13,1.58239364088355e-11,8.19241286188635e-12,-5.6364260756613e-12,-0.317895059780292,0.399999999814397,0.227274071004261,0.400000001174383,0.339827475118188,0.250000000216242,0.400000001373071,0.400000000290954,0.24769875683067,0,0,0,0,0,0,0,0,0.01,1.2940688358739,0.01,0.01,0,0.01,0.418162424041841,0.01,0,0.940822195427543,0,0.01,0.01,0.798233440799554,0.01,0.417677113097134,0.01,0,0,0,0.777134444135512,0.859313015434222,0.737692139499677,0.898755320070056,3.47770516931962,3.97358363825101,3.59394866382576,3.85734014374486,0,0,0,0,0.5,0,0,0,0.5,0,0.561569741948645,0,0,0,0,0,0,0.64048488694236,0.5,0.5
408,-0.0600000000887546,0.0571027087184769,0.0551800373468688,0.130000000101311,0.00500000000461394,0.0483244409057629,-0.00999999989868892,-0.0781357642021887,0.0596340885703582,0.665978328594759,2.38714774581977e-16,-4.17872680284839e-17,0.74600981265961,-0.0148485671516062,-0.0169299316667524,0.0519974248749998,2.9169771237776e-14,0.0750000000000001,-0.05,4.8094594179314e-14,-3.1938589787382e-15,-0.0366378216697353,4.47842130771661e-15,0.075,0.0283786863322341,-1.51682149644514e-17,2.33948847338248e-17,-1.82050701697163e-16,5.76770456956977e-17,-1.2970862055048e-16,-5.72780932732837e-15,-0.4,0.4,0.249602743598342,0.4,0.121659640825168,0.189996897075425,0.4,0.4,0.214598877609993,0,0,0,0,0,0,0,0,0.01,1.22371257379196,0.01,0.01,0,0.0786373123964763,0.417493146383317,0.01,0,0,0,0.01,0.01,0.575973719659655,0.01,0,0.01,0,0,0.01,0.827135472925583,0.849018976922823,0.777897121443912,0.898257328404495,3.54653844559072,3.98286039770521,3.66137010984542,3.86802873345051,0,0,0,0,0.5,0,0,0,0.5,0.5,0.540224436932455,0,0,0,0,0.5,0,0.5,0.651453202203718,0
409,-0.0600000001000469,0.0590226877167523,0.0541447348682365,0.130000000101311,0.00500000004504112,0.0481323744633545,-0.00999999987931234,-0.0765655672066972,0.0600000000333029,0.665972830139224,-9.20200586106948e-06,1.10261465483756e-05,0.746014721167013,-0.0148603052332324,-0.0167505116192752,0.0519969579007784,-4.10639211691257e-15,0.0750000000000001,-0.05,4.7633806402259e-14,3.39621308243765e-16,0.0171621756085452,1.17338597124386e-07,0.0441896854482253,-3.87441713229221e-08,0.00487674108162457,0.00292507958222983,0.038061454270041,-0.00159139510582606,0.041239511262175,0.000278272044202583,-0.4,0.4,0.24870276812864,0.4,0.114145984960149,0.15,0.4,0.4,0.228688538152814,0,0,0,0,0,0,0,0,0.01,1.23032872318314,0.01,0.01,0,0.0774298722450958,0.390110896650391,0.01,0,0,0,0.01,0.01,0.567724133224559,0.01,0,0.01,0,0,0.01,0.920174456094705,0.932223366305831,0.868887957820614,0.983509864579922,3.43326276696167,3.9268992223396,3.57747215287303,3.78268983642825,0,0,0,0,0.5,0,0,0,0.5,0.5,0.564620623648071,0,0,0,0,0.5,0,0.509467519356653,0.636432411006349,0
410,-0.0600000001013111,0.0609426667472856,0.0531123713707978,0.130000000101311,0.00500000004262886,0.0489327156129518,-0.00999999990087149,-0.0751173681560195,0.0600000000215524,0.665565498502799,-6.04320883397122e-06,6.85181581627799e-06,0.746378150545876,-0.0149191350550327,-0.0152963123955898,0.0519974228817112,-3.40358870577568e-14,0.0750000000000001,-0.05,3.83944171385049e-14,-2.78186868874266e-15,0.05,6.77965859474132e-08,0.0750000000000001,8.06573901918992e-09,-0.00361038537672946,0.00285505241617366,0.079218780109882,-0.00305940841593558,0.0898826943421783,-0.000140182084488508,-0.4,0.4,0.25,0.4,0.175560686328372,0.15,0.4,0.4,0.238414053052907,0,0,0,0,0,0,0,0,0.01,1.11486280640657,0.01,0.01,0,0.01,0,0.01,0,0,0,0.01,0.01,0.529479917963144,0.01,0,0.01,0,0,0.01,0.929393346578426,0.995106339146836,0.866715712203027,1.05778397352224,3.2264022922398,3.86274092404251,3.47009616524052,3.61904705104179,0,0,0,0,0.5,0,0.5,0,0.5,0.5,0.682845339469299,0,0,0,0,0.5,0,0.51497770008049,0.580103475854857,0
411,-0.0600000000978122,0.0628626456787446,0.0521166076384868,0.130000000101311,0.0050000000539653,0.0499815950138924,-0.00999999990846987,-0.0733198734459786,0.0600000000232179,0.665112984142403,-6.05685943155222e-06,6.74975494878141e-06,0.74678142492165,-0.014988710436051,-0.013504568313426,0.0519974195370437,2.03579194789584e-14,0.075,-0.0495784807660001,4.82257757820051e-14,2.6489157360849e-15,0.05,2.87330858214686e-08,0.075,3.14074510724e-08,-0.00396543457863648,0.00325893905574197,0.0767455765971782,-0.00290869075881786,0.0904884516450008,-0.000129020398424808,-0.181904654073504,0.283006454481417,0.25,0.4,0.4,0.194828275521079,0.4,0.4,0.25,0,0,0,0,0,0,0,0,0.01,0.626611419555782,0.01,0.101825352580761,0,0.01,0,0,0,0,0,0.01,0.01,0.577255511911813,0.01,0,0.01,0,0.965543746550217,0,0.977765370837449,1.17006943715734,0.989920704030267,1.15791410396452,2.86397620385795,3.74976349949691,3.20934157431379,3.40439812904107,0,0,0,0,0.5,0,0.5,0.5,0.5,0.581453401151616,0.828001322863615,0,0,0,0,0.514863224145572,0,0.667450107374589,0,0.5
412,-0.0600000001013111,0.0647826247410995,0.0516574629518401,0.130000000101312,0.00500000010131676,0.0505172849587816,-0.00999999990874006,-0.0715205494741424,0.0600000000232234,0.664675528317173,-6.05258653658141e-06,6.75750752730916e-06,0.747170811855592,-0.0150567145732918,-0.0117108869995034,0.0519974197635761,-1.35463025741972e-14,0.0750000000000001,0.00339912461554855,4.81158288655923e-14,2.79687793539765e-17,0.00379999404679859,2.56609020689447e-08,0.075,3.23912897111465e-08,-0.00400366506097919,0.0032848771485,0.076056946842628,-0.00286992435107382,0.0904930591129224,-0.00012837431413869,0.386915924193144,-0.4,0.25,0.4,0.4,0.238570760747322,0.4,0.4,0.25,0,0,0,0,0,0,0,0,0.311023201925383,0.0497777081862759,0.044418674997496,0.316382235084935,0,0.01,0,0,0,0,3.53947807404137,0.01,0.01,0.638442015270296,0.01,0,0.01,2.86123680537126,1.20801902876122,0,1.14676770623904,1.5014473532266,1.21908294416337,1.42913211530226,2.53938449525814,3.55479315786352,2.94530728518809,3.14887036793356,0,0,0,0,0.716370454030956,0,0.5,0.5,0.500986444093005,0.567927676494219,0,0,0,0,0,0.5,0,0,0,0.5
413,-0.0600000001015726,0.0655363116788419,0.0514955437009386,0.130000000636132,0.00500000031100584,0.0501289747191207,-0.00999999988885126,-0.0697336213767884,0.0599551838590355,0.664288341016619,-6.48856094574266e-06,6.92140889036503e-06,0.747515071041141,-0.0151284195924461,-0.00993038134746584,0.0519973059623186,4.14444364535143e-12,0.000739952316618351,-0.0194766809858723,-2.71261975454516e-10,-1.01722634958009e-10,-0.0424000395713579,-1.63915782783445e-08,0.0750000000158252,-0.00213946278191862,0.00308219563389865,0.00186013046569937,0.0609438515132552,-0.0033608223410235,0.0895758179473116,-0.000170926905935362,0.400000002446748,-0.39999983425515,0.24999999883661,0.399999838671331,0.399999939512769,0.250000003831585,0.399999774952686,0.400000009409817,0.250000001182677,0,0,0,0,0,0,0,0,0.308180237977212,0.0527335984546798,0.0526095456774164,0.30830429298806,0,0.01,0,0,0,0,3.50670999752384,0.01,0.01,0.603272070720753,0.01,0.885388620722349,0.01,2.80947337924364,1.18032988855343,0,1.10390960336989,1.44283670418969,1.16323921492558,1.383507092634,2.49275040221946,3.51716589601232,2.89420647049856,3.11570982773322,0,0,0,0,0.720541889893788,0,0.5,0.5,0.5,0.564596812868011,0,0,0,0,0,0,0,0,0,0.5
414,-0.0588322629459383,0.0654248422294671,0.05068032007274,0.130000000938046,0.00500000032065543,0.0491016244181407,-0.00999999994010969,-0.0679504514536032,0.0599097949249829,0.663899046849786,-6.48978088717298e-06,6.92205503030461e-06,0.74786084160267,-0.0152010162007603,-0.00815381570434643,0.0519973053639645,0.0749999998551652,-0.0118241020575765,-0.0500000000033928,-2.63671168625302e-10,-1.61766518474734e-10,-0.04999999999357,-1.63519786549111e-08,0.0749999999517861,-0.00214002875549528,0.00311262824867529,0.00187544138226002,0.0618187096565551,-0.00340553165976423,0.0895733760850255,-0.000170313260745429,0.28328937834153,-0.297946143238092,0.249999997982408,0.399999843188911,0.399999903809715,0.250000003823717,0.399999781092893,0.399999971330887,0.24999999963639,0,0,0,0,0,0,0,0,0.29688131723592,0.0644559979701894,0.0580176890381112,0.303319626162614,0,0.01,0,0,0,0,3.48391286449098,0.01,0.01,0.575317863556973,0.01,0.858782553668761,0.01,2.75082452126343,1.1713761668161,0,1.01759814428446,1.35559236902598,1.07242112557234,1.3007693877381,2.46227827831884,3.49100927780957,2.86320937370688,3.09007818242153,0,0,0,0,0.713609497895149,0,0.5,0.5,0.5,0.57272501386477,0,0,0,0,0,0,0,0,0,0.5
415,-0.0574697997747292,0.0657009179226185,0.0496509358699729,0.130000001008613,0.00499999972870235,0.048053114293369,-0.00999999997619655,-0.0661672387025296,0.0598640787781112,0.663503584090178,-6.49180361991418e-06,6.92060198728057e-06,0.748211720093635,-0.0152746115104527,-0.00637738318515106,0.0519973055157016,0.0613147433854885,0.03917666941927,-0.0499999999991663,-2.21553674654226e-10,-5.93198001947104e-11,-0.050000000000275,-1.6162784150801e-08,0.0750000000168279,-0.00216094186085368,0.00312877862720423,0.00187512087979654,0.0626656837618111,-0.00345782974114477,0.0895653624382397,-0.000169239945006796,0.359705445895255,-0.317037409132483,0.250000000495746,0.399999868236238,0.399999964728158,0.249999999836494,0.399999826020887,0.400000010006341,0.249999999582329,0,0,0,0,0,0,0,0,0.281930674564444,0.0799037637552533,0.0560207390922516,0.30581369924103,0,0.01,0,0,0,0,3.47206390892996,0.01,0.01,0.401751344434032,0.01,0,0.01,2.60333695890657,1.13999125283478,0,0.944806433720245,1.30213909378836,1.03240200384629,1.21454352366232,2.42749812644576,3.45662012550952,2.8456895114704,3.03842874048488,0,0,0,0,0.717700722921688,0,0.5,0.5,0.540880081367442,0.607298272885949,0,0,0,0,0,0.609515665950908,0,0,0,0.5
416,-0.0587791915264052,0.067308946119442,0.0491916258680497,0.130000000638858,0.0048461808883808,0.0470046041710362,-0.00999999982854706,-0.0643840061563203,0.0598179854661149,0.663101543665893,-6.49389121002696e-06,6.91892659482163e-06,0.748568052072586,-0.0153492671558131,-0.00460111708804413,0.0519973056687326,-0.0750000002745616,0.0750000000397474,0.00379999993996645,-3.06010247294017e-10,-0.0153053723422044,-0.0499999999868766,-1.61370391105465e-08,0.0749999999881465,-0.00218214377029011,0.00314523376700418,0.00187469803411557,0.063551917156066,-0.00351226351995712,0.0895569809987353,-0.000168172971947658,0.399999836746504,-0.262239331314972,0.249999999461735,0.39999981801865,0.399999945103298,0.250000007803939,0.399999772816018,0.399999992951515,0.249999997667353,0,0,0,0,0,0,0,0,0.266519473746321,0.0957525100241079,0.0585676198168795,0.303704363926031,0,0.01,0,0,0,0,3.42163002891497,0.01,0.01,0.359363643718547,0.01,0,0.01,2.58345758415872,1.0801071665825,0,0.966436436770435,1.33225460300462,1.07653091658531,1.22216012318974,2.40179543501849,3.44127531956952,2.82477299201022,3.01829776257778,0,0,0,0,0.704427929213626,0,0.5,0.5,0.516476671822218,0.603851789368782,0,0,0,0,0,0.627459786064984,0,0,0,0.5
417,-0.0600000000805261,0.0690329080433798,0.0495139502050929,0.130000000101311,0.00375782036989518,0.0459560940810432,-0.00999999990326863,-0.0626007542337414,0.0597715085062053,0.662692694495286,-6.49619207020422e-06,6.91733313988455e-06,0.748930023361349,-0.0154250155002258,-0.00282502414513934,0.0519973058204089,-3.28566943947995e-14,0.075,0.0283098878173945,4.82564346656927e-14,-0.0750000000000001,-0.05,-1.56381518856123e-08,0.075,-0.00220363602771655,0.00316128367821658,0.00187403296697178,0.0644605448957497,-0.00356801793842328,0.0895482683307892,-0.000167081707762308,0.18559181949346,-0.123276987722837,0.25,0.4,0.4,0.25,0.4,0.4,0.25,0,0,0,0,0,0,0,0,0.240818166271146,0.122019328377885,0.0622183113132633,0.300619183098271,0,0.01,0,0,0,0,3.38371731706829,0.01,0.01,0.326915036384407,0.01,0,0.01,2.56749209939227,1.02221962342345,0,0.99374561688766,1.35323163675427,1.11053954655287,1.23643770708906,2.36154470973672,3.40045424931623,2.77872334569867,2.98327561335428,0,0,0,0,0.678639441628078,0,0.5,0.5,0.5,0.61130101504406,0,0,0,0,0,0.590051545190868,0,0,0,0.5
418,-0.0600000000968717,0.070775625431152,0.0502469683351967,0.130000000101311,0.00278799921163083,0.0449075840116274,-0.00999999990319691,-0.0608174818760617,0.05972464261448,0.662276881820449,-6.49828676862358e-06,6.91541969994818e-06,0.749297751639472,-0.0155018800145709,-0.00104911003184087,0.0519973059828783,-2.33959265317197e-15,0.075,0.0449089287014144,5.08734234417708e-14,-0.0222458904648884,-0.05,-1.55194326664283e-08,0.075,-0.00222553114369081,0.0031786769424782,0.00187340177697507,0.0653856723087656,-0.00362479781174109,0.0895393178156516,-0.000166014941661265,-0.062066269835129,0.035610905699749,0.235231026678805,0.4,0.4,0.214620809108464,0.4,0.4,0.25,0,0,0,0,0,0,0,0,0.218976814282878,0.144180041495654,0.0885409769927341,0.27461587859154,0,0.01,0,0,0,0,0,0.01,0.01,0.138495485296721,0.01,0,0.01,0,0,0,0.987110719058684,1.30618341510939,1.08777924637078,1.20551488779729,2.30943852596773,3.36745014583067,2.77209839888079,2.90479027291762,0,0,0,0,0.702802242874946,0,0.5,0.5,0.5,0.60125723160099,0.918973360002196,0,0,0,0,0.592293741045085,0,0.622414503685146,0.50603621312129,0.5
419,-0.0600000000847722,0.0724942918315403,0.0509775004748953,0.130000000101311,0.00436449048038062,0.0444482736347503,-0.00999999989416708,-0.05900913644667,0.0598629431354853,0.661863168984385,-4.96556476871614e-06,4.96341865016052e-06,0.749663215199821,-0.0155843720215886,0.000751126782398627,0.0519974900067368,1.53550151087584e-14,0.075,0.0282276987480698,4.8232235952613e-14,0.075,0.00379993897728798,2.0774993999907e-10,0.075,0.0121494601617831,-0.0261862862837396,-0.00135975081858579,0.0520771040799905,-0.00446509827850286,0.0909546721148113,0.000203372873794287,-0.170834350635828,0.0354127020454734,0.25,0.4,0.331360208387375,0.25,0.4,0.4,0.25,0,0,0,0,0,0,0,0,0.204008503747526,0.159272802399209,0.0790127384075748,0.284268567763434,0,0.01,0,0,0,0,0,0.01,0.01,0.385720229610501,0.01,0,0.01,0,0,0.01,0.974854568989427,1.21784555327184,1.0017004509028,1.19099967135847,2.33288229549416,3.35293107212837,2.70647558294762,2.97933778467491,0,0,0,0,0.627602592782167,0,0.5,0.5,0.5,0.674938035432725,0.964142417060481,0,0,0,0,0.5,0,0.854197675674212,0.5,0
420,-0.0600000000970665,0.0741115766139964,0.0510777451764059,0.130000000101311,0.00500000008263912,0.0442894311517886,-0.00999999990980378,-0.0572014608060628,0.0600000000230323,0.661434841908484,-6.01461398032666e-06,6.65613912563948e-06,0.7500411604887,-0.0156703132007167,0.00255007032830396,0.0519974370370527,-2.67659632303938e-14,0.0750000000000001,-0.0179722359452855,4.80891564172203e-14,3.98217361790951e-15,-0.0195673543582833,1.14764258824273e-08,0.075,3.56556093206065e-08,-0.00503989282748477,0.00334800631122989,0.08636037920458,-0.00335264060579425,0.0904679805497734,-0.000165009627374698,0.237970037346702,-0.4,0.217958117655332,0.4,0.4,0.15,0.4,0.4,0.25,0,0,0,0,0,0,0,0,0.384719856751041,0.01,0.0324602110551549,0.290147395400719,0,0.01,0,0,0,0,0,0.01,0.01,0.836752069198645,0.01,0.848083301477771,0.01,0,0,0.01,0.978579269459917,1.20348355576236,0.995410063767337,1.18665276145493,2.61464090015023,3.49540980550225,2.9611976212895,3.14885308436297,0,0,0,0,0.68013076141621,0,0.5,0.515081440884447,0.5,0.60869575771542,1.00769178513043,0,0,0,0,0,0,0.664746615658746,0.710631228107406,0
421,-0.0583000500935708,0.0729116216149737,0.0502835838738426,0.130000000101311,0.00500000010131675,0.0440130602141654,-0.00999999991027136,-0.0554014593011297,0.0600000000230428,0.660929704371678,-6.08351259054996e-06,6.75147893109368e-06,0.7504863227926,-0.0157478158984945,0.00434278038697129,0.0519974215241601,0.075,-0.0750000000000001,-0.05,4.81944003672369e-14,-1.04988374107064e-16,-0.0081269433416374,5.26114838857073e-09,0.0749999999999999,3.73099423004075e-08,-0.00438675322032791,0.00347607896792572,0.0858702205190288,-0.00333266171636654,0.0904496175329618,-0.000121422986791711,0.4,-0.4,0.25,0.4,0.4,0.15,0.4,0.4,0.25,0,0,0,0,0,0,0,0,0.391749770377271,0.01,0.063851084025253,0.251555905539792,0,0.01,0,0,0,0,0,0.01,0.01,0,0.01,0,0.01,0,0,0.01,0.76526094275554,1.05942217706351,0.81537048713226,1.00931263268679,2.44548461786358,3.52955466001246,2.91879136320147,3.05624791467456,0,0,0,0,0.743259112234232,0,0.5,0.561380517952938,0.5,0.638355684827467,1.05610929857898,0,0,0.5,0,0.5,0,1.32156376076485,0.670273170252072,0
422,-0.0567045660048939,0.0711665924014659,0.0498242738738426,0.130000000101311,0.00500000010131659,0.0443912096625704,-0.00999999991044331,-0.0536013900989083,0.060000000022981,0.660424256376445,-6.08425520281792e-06,6.75425664129011e-06,0.75093115444327,-0.0158254526357275,0.00613541838662328,0.0519974217615024,0.075,-0.0750000000000001,0.0037999999999998,4.82053522035586e-14,-9.125447698626e-17,0.0456728878296347,2.76118391940846e-09,0.075,3.75954534928406e-08,-0.00445436234734825,0.00349050124545165,0.0863377787171543,-0.00335692819011684,0.0904471469627707,-0.000119845092596429,0.4,-0.4,0.25,0.4,0.4,0.15,0.4,0.361551867234742,0.25,0,0,0,0,0,0,0,0,0.33615966770674,0.0105606836041877,0.071895120254976,0.247790921807246,0,0.01,0,0,0,0,0,0.01,0.01,0.12499090435868,0.01,0,0.01,0,0,0.01,0.590050892485183,0.86665871222921,0.658250702307246,0.798458902407146,2.48167626752135,3.50550204703397,2.96595140300466,3.02122691155066,0,0,0,0,0.785017487950719,0,0.501416059623493,0.58599653965398,0.584872145949388,0.562062441778256,1.03339168275798,0,0,0,0,0.5,0,1.09535658478314,0.5,0
423,-0.0550012441997365,0.0692718160560291,0.0504365238738426,0.130000000101311,0.00500000010131665,0.044916552707583,-0.00999999991059561,-0.0518012352957589,0.0600000000229087,0.659914138996362,-6.08654227980016e-06,6.75537925971235e-06,0.751379483763352,-0.0159038221123383,0.00792796648075347,0.0519974220063501,0.075,-0.0750000000000001,0.05,4.81886482319258e-14,-8.65876991600179e-17,0.00705450834725253,4.26116814288534e-10,0.075,3.77670343680938e-08,-0.00452923923603096,0.00350278934436187,0.0871529150289856,-0.0033997228065367,0.0904427945549065,-0.000118224714731421,0.4,-0.4,0.228807564166847,0.4,0.4,0.15,0.4,0.308388114897432,0.25,0,0,0,0,0,0,0,0,0.25686467457261,0.0717797277308202,0.0505553048184842,0.278089100630296,0,0.01,0,0,0,0,0,0.01,0.01,0.128474990566168,0.01,0,0.01,0,0,0.01,0.5,0.692062820604167,0.5,0.62346097074821,2.48234318050661,3.4770464980794,2.95038635944215,3.00900331914386,0,0,0,0,0.777740632994329,0,0.5,0.576758143304582,0.587114548712431,0.517436406250038,1.02790345620633,0,0,0,0,0.5,0,1.06986600290145,0.5,0
424,-0.0532385710061746,0.0673549426147983,0.0514763808938522,0.129999999697147,0.00499999927139632,0.0454127916714456,-0.00999999945942627,-0.0500009949622427,0.0600000000197821,0.659397596567018,-6.08941371771922e-06,6.75584920690433e-06,0.751832834888957,-0.0159831673854944,0.00972039743781719,0.051997422250302,0.0750000001643114,-0.0749999998373024,0.0499999999988228,-3.84990244622659e-11,-7.32660213332853e-11,0.0423926986420574,-1.77634831303625e-09,0.0749999999920691,3.78262240803979e-08,-0.0046091432605222,0.00351275424581265,0.088104382438865,-0.00345051722668033,0.0904374472735115,-0.000116463469474263,0.400000097699522,-0.399999903255321,0.149999999299996,0.399999977080024,0.399999956433919,0.150000001823899,0.399999961383694,0.104535507518249,0.250000003359536,0.220732908640015,0,0,0,0,0,0,0,0.01,0.276204159922132,0.01,0.269514894414402,0,0.01,0,0,0,0,0,0.01,0.01,0.308553958890788,0.01,0,0.01,0,0,0.01,0,0.500812308320348,0.5,0.5,2.49375410576691,3.44888614095315,2.96671691771612,2.97592332900393,0,0,0,0,0.870506237393788,0,0.5,0.5,0.549834681513911,0.602739517335034,0.970977330087887,0,0,0,0,0.5,0,1.00274858243886,0.5,0
425,-0.0515414636240957,0.0665779108678131,0.0522254172810449,0.130000000101311,0.00500000010131625,0.0460043591007614,-0.00999999988727248,-0.0489247760236326,0.0600000000124136,0.658560717484654,-2.10601610841953e-06,1.32243175678768e-06,0.752566006971335,-0.0159097202512329,0.0108193220303351,0.0519982826217593,0.075,0.0250835785368307,0.0152213223329983,4.83143761209646e-14,-6.61465302048913e-17,0.0168915181630661,-7.26579974933351e-08,-0.00666247395203184,3.98312930209954e-09,0.0489780902422592,-0.00887218124212679,-0.0114000179504228,0.00771312056059696,0.00849276142709721,0.000654458403267307,0.251144753847253,-0.4,0.15,0.4,0.4,0.15,0.4,0.227770280580269,0.25,0.276656185251266,0,0,0,0,0,0,0,0.0448451822118288,0.227814236866698,0.01,0.299181266036188,0,0.01,1.33070319865473,0,0,0,0,0.01,0.01,0.485398653649849,0.01,0,0.01,0,0,0.01,0,0.5,0.5,0.5,2.62669500536663,3.46081475165359,2.99714011195684,3.09036964506338,0,0,0,0,0.783488530566324,0,0,0.5,0.556233670406824,0.5,0.955792741523069,0,0,0,0,0.5,0,0.953403508012845,0.5,0
426,-0.0501369231890962,0.0671617892166304,0.0525621427536127,0.130000000101311,0.00500000010131613,0.0468232907037962,-0.00999999988675741,-0.0485289403073664,0.0600000000149593,0.658575254032927,-6.71270185630976e-06,7.41258300634892e-06,0.752553286003778,-0.0158962606117584,0.0112101814431936,0.0519974416825204,0.064424642956763,0.0408881488571742,0.0176862780171152,4.82852468035748e-14,-2.14855795881734e-17,0.0500000000000001,-3.81224362514623e-09,0.0310892333619016,-6.90887850135754e-10,-9.43182950266353e-05,0.00011691066040165,0.00635120025351061,-0.00039694201236186,0.0316942098650169,7.0922247606399e-07,0.361255820285879,-0.4,0.199993756978896,0.4,0.4,0.15,0.4,0.0977272891220327,0.25,0,0,0.264358648711295,0.336880586706985,0,0,0,0,0.01,0.321360993687089,0.01,0.287134781272788,0,0.01,1.31393036965013,0,0,0,0,0.01,0.01,0.440593553909882,0.01,0,0.01,0,0,0.01,0.5,0.5,0,0,2.62340021165285,3.45349633899371,2.99567250709109,3.08122404355548,0,0,0,0,0.749875348760395,0,0,0.5,0.538695715395345,0.5,0.95467806272122,0,0,0,0,0.5,0,0.957423367255204,0.5,0
427,-0.0499401749218535,0.0673290817981747,0.0526933474863223,0.130000000101311,0.00500000010131657,0.0478797807211272,-0.00999999987068061,-0.0483658767507139,0.0600000000048433,0.658321802005539,-3.27596780951875e-06,-2.69187727921284e-06,0.752775013266023,-0.0159277630267268,0.0113707607456534,0.0519977001612488,-0.0129931395151193,-0.0114097911658889,-0.000146753763664782,4.82002129030711e-14,-9.89169823112785e-17,0.05,4.46835396764432e-10,-0.00637971120791481,-3.13088476379172e-10,-0.000320434300198369,-0.00210231181055941,0.136559470974901,-0.00667860369684902,-0.00689681066945275,-8.51227832270776e-05,0.4,-0.310219024920662,0.232203699798547,0.4,0.4,0.159093405469244,0.4,0.314335559537993,0.25,0,0,0.22458540646721,0.307249642782427,0,0,0,0,0.165697781654152,0.141653187500806,0.01,0.308649278046033,0,0.01,1.22151865514615,0,0,0,3.56051646964514,0.01,0.01,1.00210081519612,0.01,0.744206768831397,0.01,2.41530650245977,1.21533628173972,0.01,0.5,0.5,0,0,2.76208587474133,3.42881771301566,3.03147235373686,3.15943123402013,0,0,0,0,0.736405044494021,0,0,0.5,0.592453095291403,0.5,0,0,0,0,0,0,0,0,0,0
428,-0.0490751735427532,0.0674393240697624,0.0526309920080153,0.130000000101311,0.00500000003760796,0.0484154705807037,-0.00999999987750533,-0.0483687756834107,0.0599995532907851,0.658258465177134,-5.15584265116806e-06,7.5807625564428e-06,0.752830398538389,-0.0159344254010236,0.0113657577718921,0.0519972552623147,0.075,0.0112838313548809,-0.00700273486087048,4.82153782769315e-14,-3.48492760477875e-15,0.00379999185065223,2.53715378163529e-09,0.000139361938037344,-6.85490271133483e-05,0.000807941783776231,3.84853238502644e-05,5.37877282771577e-05,3.83970221888557e-05,7.7354776411298e-05,-9.22359393479521e-06,0.307948385695431,-0.316516879610799,0.246796816656609,0.4,0.4,0.193612205461805,0.4,0.275700937415964,0.25,0,0,0.210911398904087,0.291938786799392,0,0,0,0,0.121009135238956,0.173515406585719,0.01,0.305043618213677,0,0.01,0,0,0,0,3.56230241023927,0.01,0.01,0.979342579919664,0.01,0.759192510811555,0.01,2.4137899283012,1.21838404938929,0.01,0.5,0.5,0,0,2.75935544605731,3.4185973568236,3.01789727436924,3.16005552851168,0,0,0,0,0.731296586711602,0,0.5,0.5,0.584631743136159,0.5,0,0,0,0,0,0,0,0,0,0
429,-0.0474789484509789,0.0676483245119325,0.0528459918819936,0.130000000101311,0.00500000004906336,0.0480271604375055,-0.00999999986925082,-0.0483714935449619,0.0599992589485849,0.658261241148589,3.4631640546981e-06,2.66743564859715e-06,0.752827971337321,-0.0159324211032126,0.0113634317667712,0.0519976759570455,0.075,0.0107724167497523,0.0208936704111306,4.93274463999317e-14,1.67848162867783e-15,-0.042400007041284,1.73814282142227e-09,-0.000161878334858243,-5.36810636190665e-05,0.00163203532393786,-2.68213477870133e-05,-0.000127470012348894,7.36915001465656e-05,-0.000126986664066314,1.17314206224031e-05,0.0983328540474313,-0.163787883702795,0.187849524212749,0.4,0.4,0.231614157581896,0.4,0.248596120718625,0.25,0,0,0.172610382034208,0.251491683860052,0,0,0,0,0.0836220228885714,0.201454273050523,0.01,0.301329124486052,0,0.01,1.24245715252281,0,0,0,3.58768807109234,0.01,0.01,0.96725828590102,0.01,0.750218982100404,0.01,2.40081165182431,1.23407968500178,0.01,0.5,0.5,0,0,2.76504842172514,3.44001601876993,3.02749945674876,3.17756498374631,0,0,0,0,0.725903232625193,0,0,0.5,0.58487272891303,0.5,0,0,0,0,0,0,0,0,0,0
430,-0.0467424790892495,0.0679997222796914,0.0528523114986395,0.130000000101311,0.00500000003640139,0.0469998104038718,-0.00999999989679722,-0.0481308403757077,0.0599983829300056,0.658205084288753,-5.17274880334385e-06,5.73500831001497e-06,0.752877070359568,-0.0159407123286996,0.0116061920156968,0.0519971785321616,0.00227802211637612,0.018699169908515,-0.018535743942779,4.85176630191364e-14,-2.32633783536651e-15,-0.05,1.95270922484201e-09,0.0250192720753149,-0.00028030317801746,-0.00370768154518928,4.55273811303111e-05,0.018409308119098,-0.000814420162339273,0.0238301567899866,-0.000380006922547503,0.0652561800464835,-0.134870487513961,0.25,0.4,0.4,0.25,0.4,0.145018174310851,0.25,0,0,0.201280145455202,0,0,0,0,0,0.01,0.283164888363109,0.01,0.288504937673395,0,0.01,1.2854718444128,0,0,0,3.56616024379537,0.01,0.01,0.874986240882608,0.01,0.773761362723276,0.01,2.34695286776856,1.21789455899221,0,0.5,0.5,0,0.5,2.76098332985897,3.44914332183955,3.01878998977987,3.19133666191866,0,0,0,0,0.698765081039403,0,0,0.5,0.591868239637315,0.5,0,0,0,0,0,0,0,0,0,0.5
431,-0.0474309122048267,0.0686247436756892,0.0520700432461517,0.130000000101311,0.00500000002521443,0.0459513003894617,-0.00999999989636535,-0.0477774028375886,0.0599784745641994,0.658103331419635,-5.46248878651945e-06,5.62587991550547e-06,0.752966016057756,-0.0159586302140751,0.0119595391467857,0.0519971851797339,-0.070293313479166,0.0399421917475502,-0.05,4.90745482812093e-14,-4.19233362977935e-15,-0.05,6.96264560279876e-12,0.0125334163287785,-0.00164453047841769,-2.1567226810779e-05,-1.757540650834e-05,0.00658147591344047,-0.00066962534465869,0.0124549894944327,2.65954407793338e-06,0.4,-0.4,0.25,0.4,0.4,0.15,0.4,0.0845592221896589,0.25,0,0,0.3318903075495,0.293304123123661,0,0,0,0,0.01,0.387098270386589,0.01,0.202602446090773,0,0.01,0,0,0,0,0,0.01,0.01,0.0882482231154152,0.01,0,0.01,0,0,0.01,0.5,0.5,0,0,2.54239816080297,3.42924072145548,2.98154556615444,2.990093316104,0,0,0,0,0.879592489817136,0,0.569433908550957,0.5,0.569057050135965,0.544565846841349,0.952152332001993,0,0,0,0,0.5,0,0.930436736982859,0.5,0
432,-0.0466337290846229,0.0684959703105957,0.0518399477439289,0.130000000101311,0.00500000010131644,0.0454919908689268,-0.00999999986094526,-0.0476269923864927,0.060000000019054,0.658034781375405,3.92788923024583e-06,-4.69752154146518e-08,0.753025925083632,-0.01593307025131,0.0121106415737305,0.0519974111346251,0.075,0.0154632350506071,0.0178718282420951,4.82260231444263e-14,-8.73802125385369e-17,0.0038000366296422,-3.3829889241836e-08,-0.00697569281117064,-1.38664241156369e-08,0.00192033163965176,-0.000338683254623971,-0.000726236019166046,3.93158782829542e-05,-0.000165565707743353,0.000239929366487856,0.312902786215141,-0.4,0.188621089110214,0.4,0.4,0.15,0.4,0.169575049075323,0.25,0,0,0.299402977770858,0.273211614486843,0,0,0,0,0.01,0.291303746095955,0.01,0.275185966483233,0,0.01,0,0,0,0,0,0.01,0.01,0.341844693344522,0.01,0,0.01,0,0,0.01,0.5,0.5,0,0,2.54652534352595,3.39800731883178,2.9586155333849,2.98591712897284,0,0,0,0,0.82797812388933,0,0.5,0.5,0.583621405838418,0.51905714438876,0.965035357829971,0,0,0,0,0.5,0,0.905271719187577,0.5,0
433,-0.0453690485769512,0.0688099895677714,0.0524691926024834,0.130000000101311,0.00500000010131629,0.045907354293108,-0.00999999988411795,-0.0474902166962914,0.0600000000150078,0.658068544659249,-5.04779332462165e-06,6.96071019063971e-06,0.752996419560449,-0.0159285457071856,0.0122469376243409,0.0519975676326562,0.0521120764115124,0.0194655525165485,0.0413312747424928,4.82239581975176e-14,1.14813730365773e-17,0.037567454790953,1.14989864602343e-09,0.0127262076136151,-8.2084840364656e-11,0.000627894911369298,0.000107859719562457,-0.00560261909184422,0.000316408665257578,0.0125708939550038,3.6766609524246e-05,0.278832412306648,-0.229241976165485,0.25,0.4,0.4,0.25,0.4,0.207637161608798,0.25,0,0,0.242607686935472,0,0,0,0,0,0.0315567523469001,0.24795614110366,0.01,0.246593173248663,0,0.01,0,0,0,0,3.45061188654554,0.01,0.01,0.428052160271742,0.01,0,0.01,2.29667272460512,1.33428219445204,0.01,0.5,0.5,0,0.5,2.78725325613646,3.45341045808487,3.06870440511844,3.17195930910289,0,0,0,0,0.802543685853785,0,0.544553393392064,0.5,0.620271299554634,0.546455702245903,0,0,0,0,0,0.571693139508862,0,0,0,0
434,-0.0443674980471651,0.0689873481146339,0.0526574451081351,0.130000000101311,0.00500000004557026,0.0461943933116964,-0.00999999989095284,-0.0474516713491625,0.0599971214346111,0.658092916193906,3.65731683655963e-07,3.41910920852506e-06,0.752975119842092,-0.0159248631670414,0.012288872901486,0.0519972151853285,0.0429522628066075,0.00552796569994029,-0.0128984559582914,4.82256753113785e-14,-2.36323685953097e-16,-0.00863254195777985,1.25708981188164e-09,-0.000137057208137339,-0.000164846185391743,0.00215921207707717,-0.000562051618064714,5.9674985713352e-05,8.71718460121123e-06,-0.000102481154711689,-1.72133973097054e-05,0.340422552348129,-0.147136415489035,0.25,0.4,0.4,0.25,0.4,0.254072116071871,0.25,0,0,0.298390349017061,0,0,0,0,0,0.0729961813541545,0.216177371834149,0.015556312367226,0.25163231495178,0,0.01,0,0,0,0,3.43927690791138,0.01,0.01,0.43141217604143,0.01,0,0.01,2.30732331638684,1.31878194204575,0.01,0.5,0.5,0,0.538617569654292,2.77212427577639,3.46801000904153,3.05401126042432,3.18612302439361,0,0,0,0,0.781070999901464,0,0.515814001889088,0.5,0.631486553496431,0.55902219116663,0,0,0,0,0,0.541158263661072,0,0,0,0
435,-0.0433747429167276,0.0691207574747982,0.0522297681093002,0.130000000101311,0.00500000003589647,0.0455578571681562,-0.00999999988465266,-0.0474500565094202,0.0599963521708787,0.658092849469391,-1.0501481148671e-06,3.29483702310741e-06,0.752975178159463,-0.0159242746471528,0.01228922021998,0.0519970862494792,0.0569883840448356,0.00776898032873071,-0.0279407559968287,4.8219669718932e-14,-2.98777350488392e-15,-0.05,-2.60971098502372e-10,-2.90965925674479e-05,-9.30755338900345e-06,-0.000183222610012974,-0.000102918024700803,-3.73535986518093e-05,2.42192840510187e-05,2.05858310284967e-05,1.89698074747916e-05,0.327710852100553,-0.161795866179664,0.25,0.4,0.4,0.25,0.4,0.312650698255393,0.25,0,0,0.303574724810143,0,0,0,0,0,0.143516967780718,0.163010345553693,0.0442492134605402,0.262278099932699,0,0.01,0,0,0,0,3.42988105397252,0.01,0.01,0.399823748979308,0.01,0,0.01,2.30293815076037,1.28860658477736,0.01,0.5,0.5,0,0.532292288392622,2.73876338802252,3.4665540856959,3.02877546956307,3.17654200415535,0,0,0,0,0.786647624487808,0,0.52729328359927,0.5,0.621920108436628,0.578264038971137,0,0,0,0,0,0.531606451571202,0,0,0,0
436,-0.042390885774161,0.0692596015305772,0.0515634233457399,0.130000000101311,0.00500000001263054,0.0445093471608593,-0.00999999988326697,-0.0474430321936613,0.0599962917072006,0.658092457217257,-7.37577943534892e-06,7.61688486256723e-06,0.752975520923486,-0.0159237761572143,0.012294430801334,0.0519969955890771,0.0431870068018314,0.00597149934988563,-0.0364459053330566,4.8213338800661e-14,-3.38553837968554e-15,-0.05,-9.07879200524449e-12,0.000109497604362045,-6.57517860142541e-05,0.000173672051592828,-7.06460904931834e-05,2.99253783009792e-05,1.32813931227197e-05,0.000119422551760045,-2.13961445851769e-05,0.326003678843739,-0.29464594427276,0.25,0.4,0.4,0.25,0.4,0.320983083504153,0.25,0.230207399435306,0,0.306934213360832,0,0,0,0,0,0.152129147838272,0.157111856475681,0.0465996153926895,0.262641388102649,0,0.01,0,0,0,0,3.43858396393721,0.01,0.01,0.395546295954362,0.01,0,0.01,2.26818922638504,1.30568859132814,0.01,0,0.5,0,0.5,2.73275845456164,3.42628741921139,3.00728403147361,3.15176184229943,0,0,0,0,0.812013929144943,0,0.567135935947385,0.5,0.616899537580036,0.562673647841737,0,0,0,0,0,0.536368345722062,0,0,0,0
437,-0.0411381721731216,0.0697132259305747,0.0506023826834683,0.130000000101311,0.00500000001132263,0.0434608371650143,-0.00999999989129811,-0.0471606168822575,0.0599955189784202,0.658048529081614,-6.96920935676484e-06,7.16634234460867e-06,0.753013911406249,-0.0159298940397531,0.0125771703554497,0.0519971575446018,0.075,0.0382393170088662,-0.05,4.82168001669632e-14,-3.59343293037005e-16,-0.05,1.30418308352901e-09,0.0282607103992893,4.88220058639666e-05,-0.00090180006386487,-0.000557882909350284,0.0102499908743192,-0.0004989267374143,0.0280685295074934,4.69215468296921e-05,0.321258432914684,-0.343850823112109,0.25,0.4,0.4,0.25,0.4,0.304927291839303,0.25,0.237453419712104,0,0.397544018143899,0,0,0,0,0,0.162754230441998,0.150389862635732,0.0664196045694807,0.246724487583328,0,0.01,0,0,0,0,3.3690258202024,0.01,0.01,0.354196306682309,0.01,0,0.01,2.2135004170469,1.30375672749456,0.01,0,0.5,0,0.610480507901088,2.71223824198461,3.40811722042493,2.98001087139251,3.14034459101703,0,0,0,0,0.639636900786107,0,0.5,0.546269661268553,0.580279407302496,0.531811598517679,0,0,0,0,0,0.5,0,0,0,0
438,-0.0398538418097726,0.0705705248375123,0.0495727474963394,0.130000000101311,0.00496407105951908,0.0424123271687685,-0.00999999988972174,-0.046475372634305,0.0599943996761418,0.658014484369024,-7.47237437645466e-06,7.46518416508672e-06,0.753043661256545,-0.0159344885805361,0.01326213251,0.0519970791357577,0.0539999550168914,0.0474930658698472,-0.05,4.82214988008052e-14,-0.00357502032472263,-0.05,-3.00568539842204e-11,0.0402362363955032,-6.53397612485622e-05,-3.10079561674602e-05,-3.16584106028187e-05,0.00477554079978145,-0.000242567254940575,0.0402217170094107,-1.21054872437245e-05,0.279698169596878,-0.4,0.15,0.4,0.4,0.25,0.4,0.241480768736079,0.25,0.224234709487809,0,0,0.252713079394167,0,0,0,0,0.0540902976492382,0.245380826634922,0.0335846643609132,0.195577653078361,0,0.01,0,0,0,0,3.41128501736792,0.01,0.01,0.329003236078668,0.01,0.542504664556525,0.01,2.12026510741869,1.28226657266604,0.01,0,0.5,0.5,0,2.64459222628578,3.39149366685285,2.9517648642725,3.08432102886613,0,0,0,0,0.676578493169538,0,0.5,0.501696708546577,0.625802624726154,0.562516202473799,0,0,0,0,0,0,0,0,0,0
439,-0.0384168883996119,0.0715869194234524,0.0492104537819763,0.130000000101311,0.00403395266363637,0.0413638171224124,-0.00999999989218859,-0.0456569308616611,0.0599929371674361,0.658084970118764,-5.46178076524802e-06,6.71475130211344e-06,0.752982064609657,-0.0159254642749596,0.0140823681074542,0.0519971945280159,0.075,0.0530438019631026,0.0100057107417172,4.82683655152454e-14,-0.0750000000000001,-0.05,4.56067480106302e-10,0.0423052505160281,-5.22310600864106e-05,7.37390166408553e-05,-2.81131322762173e-05,-0.023410976096036,0.00116151445507766,0.0423756768886391,2.15422404963831e-05,0.309322099401939,-0.4,0.163446395476476,0.4,0.4,0.231728270057791,0.4,0.140943800686233,0.25,0.319207109007704,0.140001641063923,0,0,0,0,0,0,0.01,0.329155966714556,0.0359639652959579,0.197766202097684,0,0.01,0,0,0,0,0,0.01,0.01,0.0153615746056606,0.01,0.153106454758104,0.01,0,0.733728631289555,0.01,0,0,0.5,0.5,2.51304337382516,3.43736175560305,2.92730765437121,3.02309747505699,0,0,0,0,0.750943992178279,0,0.5,0.501181480040393,0.52376430345664,0.557369121524921,0.935204366508773,0,0,0,0,0,0,0.877038714031619,0,0
440,-0.0393429245337297,0.0732361654462843,0.0499273457585709,0.130000000101311,0.00500000010091366,0.0409045071528567,-0.00999999990557266,-0.0443033317623921,0.0599999964742472,0.657872846318428,-5.87161651672932e-06,6.53307759770176e-06,0.753167402578765,-0.015955846819887,0.015431424968492,0.051997507439518,-0.0749999999999999,0.075,0.05,4.82773249922827e-14,4.02687778855692e-09,0.00380000354829465,3.11757370620551e-08,0.075,3.54584441861628e-05,-0.00500746013136882,0.00294499988344813,0.0691487409293231,-0.00282624103760166,0.0852987108697957,-0.000178017598331221,0.4,-0.4,0.242129207817296,0.4,0.248066590379631,0.181060848709561,0.4,0.0482563357468196,0.25,0,0,0.36223455074446,0.312074355917786,0,0,0,0,0.01,0.4428038509164,0.01,0.138108837133014,0,0.01,0,0,0,0,0,0.01,0.01,0.01,0.01,0.0956577834566573,0.01,0,0.781755055704217,0.01,0.5,0.5,0,0,2.52169188574348,3.440982211273,2.93474719053942,3.02792690647705,0,0,0,0,0.754622976420039,0,0.5,0.5,0.529932336748221,0.560777670685237,0.934491478502321,0,0,0,0,0,0,0.862431529351251,0,0
441,-0.0404394221254992,0.0742636306496733,0.0507528853369776,0.130000000101311,0.00500000010131597,0.0412591593658462,-0.00999999988009553,-0.0426736803506576,0.0600000000156063,0.657422037995267,-6.15808082718357e-06,6.83904985889612e-06,0.753560935818761,-0.0160176519034033,0.0170565188462523,0.0519974469911378,-0.0350344455537492,0.0326158532182036,0.0322169089463992,4.8280630659116e-14,7.04508305324254e-17,0.0315265519411018,9.8379515859385e-08,0.075,-3.47973168726032e-09,0.00181775807981509,0.00117679573095282,0.0843403306190608,-0.00319345234416354,0.0790366641601961,0.000119075558323106,0.4,-0.4,0.25,0.4,0.277944151694468,0.15,0.4,0.0705461006139365,0.25,0.334132721358651,0,0.461014245047175,0,0,0,0,0,0.01,0.413757622429318,0.01,0.154989774818309,0,0.01,0,0,0,0,0,0.01,0.01,0.01,0.01,0.0588603991639973,0.01,0,0.77672560254339,0.01,0,0.5,0,0.5,2.52739422119615,3.38315645089145,2.90932236719504,3.00122830489256,0,0,0,0,0.744915381445771,0,0.504969644177297,0.5,0.525022888742167,0.555994975063098,0.921983264862893,0,0,0,0,0,0,0.844657277583389,0,0
442,-0.039516674742601,0.0758291217136828,0.0506478004654877,0.13000000008591,0.00499999593214753,0.0418765690005069,-0.00999999985587104,-0.041209780211725,0.0599999986216445,0.656436797725602,-7.43103164871315e-06,7.42690075654481e-06,0.75441935348517,-0.0161414547530256,0.0185097120119564,0.0519974031846349,0.0750000000007777,0.0750000000035717,-0.0257012411688392,-6.72107810513101e-12,-1.67232898027781e-10,0.0302209335320841,-6.25555515546076e-09,0.0700352768634396,-2.65585520394018e-09,0.00324844580135844,0.00149253362913056,0.0250607165555147,-0.00142414082181442,0.0709813675640788,0.000167085887591485,0.362672159270043,-0.399999997876112,0.250000000070563,0.399999995975074,0.308501583258047,0.149999999791276,0.399999995917527,0.113323533682179,0.249999907065175,0,0,0.422393339200774,0,0,0,0,0,0.01,0.390597999050866,0.01,0.154338723276678,0,0.01,0,0,0,0,0,0.01,0.01,0.01,0.01,0,0.01,0,0,0.01,0.5,0.5,0,0.5,2.44965437824833,3.30682944889524,2.85441975539159,2.90206407175199,0,0,0,0,0.739789244653011,0,0.505154505760412,0.5,0.572522017954541,0.584813132072718,0.974664590312246,0,0,0,0,0.5,0,0.767644571550552,0.659568946677787,0
443,-0.0394946149453482,0.0772303441226471,0.0498837898499209,0.130000000101311,0.00500000010131594,0.0427312706606095,-0.00999999988875621,-0.0397982954806986,0.0600000000136864,0.65612767705541,-9.08296096330246e-06,7.63228280269132e-06,0.754688215964831,-0.0161821411150401,0.0199167395437224,0.0519973179254762,-0.0596391264546504,0.0628479714402584,-0.05,4.81850549341334e-14,7.82404316269013e-17,0.05,-4.71068435824853e-10,0.0727106108232045,-1.76921932729237e-10,0.000418974185553809,9.87126097599736e-06,0.127677124211405,-0.0063669257570541,0.0721896463822339,2.11051040579212e-05,0.4,-0.4,0.25,0.4,0.245201253411933,0.15,0.4,0.112755235048913,0.25,0.245372234612836,0,0.446512020378963,0,0,0,0,0,0.01,0.401312160627814,0.01,0.148244724542007,0,0.01,0,0,0,0,0,0.01,0.01,0.01,0.01,0,0.01,0,0,0.01,0,0.5,0,0.5,2.43887097683387,3.2816232218126,2.83764604943328,2.88284814921319,0,0,0,0,0.722854373560278,0,0.5,0.5,0.573232938530704,0.579866955406264,0.962406820283089,0,0,0,0,0.5,0,0.747779128421884,0.646008750908601,0
444,-0.0391455839906643,0.0787882723028768,0.0488512247589339,0.130000000076828,0.0050000004969568,0.0436132862968644,-0.0099999998998529,-0.0382646362713589,0.0599999990184889,0.655341587631431,-9.83900059378744e-06,8.49197227349587e-06,0.755370929539117,-0.0162858431460104,0.0214397975165516,0.0519972078672853,0.0749999999985537,0.0749999999684802,-0.050000000000835,6.75660177837582e-12,5.71748049668158e-11,0.0382601705592236,-6.9922184820321e-09,0.0729410298374904,-4.36614544277306e-09,0.00220506827898497,0.00297956107226562,0.0402026227024546,-0.00214801068462788,0.0735678727660044,0.000121449474085549,0.332396149511351,-0.40000001874242,0.249999999503475,0.400000003988758,0.174143168717822,0.149999999491089,0.399999979780526,0.129197619728966,0.249999925044509,0.347361607536748,0,0,0,0,0,0,0,0.01,0.415083293808582,0.01,0.12832219258762,0,0.01,0,0,0,0,0,0.01,0.01,0.01,0.01,0,0.01,0,0,0.01,0,0.5,0.5,0.5,2.45343349926421,3.24653880585646,2.83877789930293,2.86119440581774,0,0,0,0,0.676328574189457,0,0.5,0.5,0.579017706848528,0.580689138617803,0.925712860933198,0,0,0,0,0.5,0,0.64229328707202,0.604050978558324,0
445,-0.0384032413722985,0.080431554166568,0.0484125256844678,0.130000000101311,0.00500000010131602,0.0444430003823735,-0.00999999989604493,-0.0367616060960806,0.0600000000140491,0.654983816490137,-6.52120813382077e-06,6.91011485128914e-06,0.755681175516081,-0.0163338207143463,0.0229401970263712,0.0519974295733884,0.00192206030374162,0.075,0.00486652648941266,4.59566961938419e-14,4.0923194656461e-16,0.0446791059963633,3.00481297276245e-09,0.075,1.07923317675623e-09,-0.000333467328321541,2.71409639176314e-05,0.0588310041252596,-0.00281410047924905,0.0764042332056734,-1.27429418415893e-05,0.4,-0.4,0.25,0.4,0.184077583421827,0.15,0.4,0.11125026758881,0.25,0.290907640655864,0,0,0,0,0,0,0,0.01,0.46772556675231,0.01,0.0922024524964435,0,0.01,0,0,0,0,0,0.01,0.01,0.01,0.01,0,0.01,0,0,0.01,0,0.5,0.5,0.5,2.45243271072002,3.22374424524159,2.82679633820865,2.84938061775296,0,0,0,0,0.663988900630106,0,0.5,0.5,0.574141871435441,0.57881274117323,0.914875091384598,0,0,0,0,0.5,0,0.622287020880417,0.595135758786586,0
446,-0.0387832308273006,0.0821101773762255,0.0490439731612772,0.130000000101311,0.0050000001013161,0.0452690554723763,-0.00999999989629271,-0.035251431479575,0.0600000000137435,0.654530554686669,-6.60651520552285e-06,6.82176817814828e-06,0.756073801738308,-0.0163941212096777,0.0244448196056747,0.0519974251477731,-0.039712831345691,0.075,0.05,4.82031430364955e-14,-4.2600861474469e-15,0.0379599606911819,6.02922487578352e-10,0.075,2.06406119790577e-10,-6.63995434391799e-05,6.913526585653e-06,0.0631512563970685,-0.00314128113309281,0.0750218147047743,-2.19753604442088e-06,0.4,-0.385379833681544,0.191180696447946,0.4,0.198533907563815,0.15,0.4,0.0871301548210185,0.248960801394375,0,0,0,0,0,0,0,0,0.01,0.517800567122717,0.01,0.0588830678500245,0,0.01,0,0,0,0,0,0.01,0.01,0.01,0.01,0,0.01,0,0,0.01,0.5,0.517711908821713,0.5,0.5,2.46777684646662,3.23099907141124,2.84430851076009,2.85446740711777,0,0,0,0,0.656503171346967,0,0.5,0.5,0.563876504892052,0.565022426139449,0.900881688408228,0,0,0,0,0.5,0,0.600403029419628,0.572291059070071,0
447,-0.0402313325297922,0.0837353101927147,0.0500871454998619,0.130000000101311,0.00500000010131601,0.046092738619431,-0.00999999989639379,-0.0337623023352969,0.0600000000136271,0.654050382984974,-6.61228880595352e-06,6.77948268618645e-06,0.756489219504777,-0.0164578907818086,0.0259277267352192,0.0519974250019493,-0.0749999999999999,0.075,0.05,4.82805219847274e-14,-4.25895326427218e-15,0.0443762723602327,-4.758378325193e-12,0.0737564284718999,-2.13798335286271e-12,4.0931610615576e-06,7.6981122948098e-07,0.0640213973305817,-0.00321380589142194,0.0734332083874333,1.95143952428699e-07,0.4,-0.362906661058633,0.209158060438522,0.4,0.192775086132746,0.15,0.4,0.0565889648300504,0.25,0,0,0,0,0,0,0,0,0.01,0.579932730934838,0.01,0.01,0,0.01,0,0,0,0,0,0.01,0.01,0.01,0.01,0,0.01,2.62132492410612,0.671944937421184,0.01,0.5,0.518490300297296,0.5,0.5,2.54657918452697,3.31837937691557,2.89183256820666,2.97312599323588,0,0,0,0,0.631220279087662,0,0.5,0.5,0.575651493790401,0.593070456384804,0.918546823861596,0,0,0,0,0.5,0,0,0,0
448,-0.039235345318563,0.0839730010131653,0.0504074926696932,0.130000000101311,0.00500000003921683,0.0465159539657656,-0.0099999998107252,-0.0330192476137221,0.0600000000350722,0.65463464978702,-6.19062179538669e-07,2.89135132152347e-06,0.755983685361884,-0.016344832645218,0.0266707881505495,0.0519971092190909,0.075,-9.40949313228775e-05,-0.014111451787808,4.8189962910145e-14,-3.11448633608228e-15,-0.00182373113997556,7.38927174110405e-09,-0.00331574553133122,-1.49600516732273e-08,-0.0230117937079211,-0.0173377507729967,-0.147419632405423,0.00806598756975093,-0.00227064032062472,-0.00100659650049724,-0.4,0.334824714765212,0.237805903019359,0.4,0.344854124124032,0.239120207910677,0.4,0.273256603833894,0.25,0,0,0,0,0,0,0,0,0.01,0.375047347538389,0.01,0.192324185907931,0,0.01,1.64032844038992,0,0,0,3.06700466425902,0.01,0.01,0.148838433436809,0.01,0,0.01,1.54919154556636,0,0.01,0.5,0.538676283758978,0.5,0.5,2.52533995845271,3.2794710408493,2.85871777184934,2.94609322745267,0,0,0,0,0.565570035083079,0,0,0.5,0.54155811833353,0.548530762057715,0,0,0,0,0,0.5,0,0,0.5,0
449,-0.0405135621294605,0.0856811716085243,0.0504862610421141,0.130000000101311,0.00358076407155636,0.0460151693695837,-0.00999999989476246,-0.0327504367609089,0.0599895621191679,0.654636879241665,-6.20454790818821e-06,6.4769125616681e-06,0.755981755400854,-0.0163458576101471,0.0269501784754688,0.0519970973759148,-0.0749999999999999,0.075,0.020165473399502,4.82855325327114e-14,-0.075,-0.0480237304159427,4.85468926466497e-10,0.0293309167713919,8.23152741737028e-05,-0.000594884011010854,-0.000198370922400317,0.0273175701346753,-0.00138226159640165,0.0291312516855126,0.000129945056096209,0.4,-0.313827998643159,0.17089323552101,0.4,0.227324845809874,0.15,0.4,0.163339487318405,0.25,0,0,0,0,0,0,0,0,0.01,0.519108843719855,0.01,0.0458100907249568,0,0.01,0,0,0,0,0,0.01,0.01,0.01,0.01,0.01,0.01,2.78312770758993,0.703681474742572,0.01,0.5,0.600100900888761,0.5,0.562081586479991,2.46200979698477,3.32587927467669,2.84815327817332,2.93973579348813,0,0,0,0,0.687949413784419,0,0.5,0.5,0.538388070778492,0.583093147289884,0.905890195543873,0,0,0,0,0,0,0,0,0
450,-0.0395847442800879,0.0852326999282148,0.050425260510489,0.130000000101311,0.0033611607748079,0.0449706119255221,-0.0099999998957914,-0.0319197050091663,0.0599973007190474,0.654341085646144,-8.15509778651009e-06,8.07059998294515e-06,0.75623779498153,-0.016386691872809,0.0277780376767199,0.0519977263558985,0.075,-0.075,-0.0260345265622057,4.7650213161906e-14,0.052402704949377,-0.05,-6.61493513139391e-10,0.0537983344730582,9.62930284927404e-05,0.000140084792487444,0.000155254945607749,0.051633816044194,-0.00264037733339195,0.0536124986633277,-8.80960561411558e-05,0.0511007706693294,0.0757133335573057,0.170836891554228,0.4,0.0891746430117461,0.15,0.4,0.0395807905256894,0.25,0,0,0,0,0,0,0,0,0.01,0.672767498897018,0.01,0.01,0,0.01,0,0,0,0,0,0.01,0.01,0.01,0.01,0,0.01,0,0,0.01,0.595130173912001,0.662756795579907,0.620188360526062,0.637698608965847,2.56332034713993,3.25041130446492,2.90333797095018,2.91039368065467,0,0,0,0,0.587827688925359,0,0.5,0.5,0.550959444972274,0.568687974089907,0.835406913259695,0,0,0,0,0.5,0,0.524338901806595,0.547088230370204,0
451,-0.0408036975115004,0.08680083386753,0.0507478440723436,0.130000000101311,0.00499999943314841,0.0445113020782115,-0.00999999989543373,-0.0311821882062765,0.0600000000140955,0.654222736997824,-6.98148580412956e-06,7.16198822755055e-06,0.756340181701548,-0.0164104649722159,0.0285128011708412,0.0519973978858191,-0.075,0.075,0.0448560204156334,4.82010407626049e-14,6.41006896564124e-06,0.00380002038233849,-1.40381704684571e-09,0.0405190415552682,-4.68576693826309e-10,0.00302406320815293,0.00032932682283145,0.0336396563278844,-0.00177321183779781,0.040862303324366,0.00015490452264651,0.157239721432858,-0.030145389666762,0.15,0.4,0.163782761774757,0.15,0.4,0.0470521408528126,0.25,0,0,0,0,0,0,0,0,0.01,0.67473393434971,0.01,0.01,0,0.01,0,0,0,0,0,0.01,0.01,0.01,0.01,0.01,0.01,0,0,0.01,0.622199937804548,0.717050411844099,0.639395721747129,0.699854627901518,2.56495482453741,3.27636196012062,2.90827049555622,2.93304628910181,0,0,0,0,0.638026481227746,0,0.5,0.5,0.5,0.546888814974881,0.800243078974695,0,0,0,0,0,0,0.597012189091591,0.554941130791892,0
452,-0.0425786620046919,0.08872081286858,0.0511806544806563,0.130000000101311,0.00500000008411462,0.0451235524098692,-0.00999999989566216,-0.0301889684670594,0.0600000000136382,0.653884166420418,-6.91301974992672e-06,7.03244221011549e-06,0.756632908342251,-0.0164555445555951,0.0295014027880608,0.0519974248136353,-0.075,0.075,-0.00134397958436661,4.81992034925608e-14,2.53999009983132e-15,0.05,2.63580390688267e-11,0.0583319966940268,6.1778225276903e-12,-1.59461965112446e-05,-4.42667943064872e-06,0.0541205717278919,-0.0027195601968145,0.0580491514029224,-7.49878868256014e-07,0.381810852452152,-0.145650315985819,0.15,0.4,0.136411696177594,0.15,0.4,0.0121894723199112,0.25,0,0,0,0,0,0,0,0,0.01,0.706943332645081,0.01,0.01,0,0.01,0,0,0,0,0,0.01,0.01,0.01,0.01,0.01,0.01,0,0,0.01,0.689908531958782,0.792081690455082,0.739575566540433,0.742414655873431,2.58125949114076,3.22943693230216,2.90801973058058,2.90267669286234,0,0,0,0,0.583066414286616,0,0.5,0.5,0.531697358026962,0.561052230489177,0.824313610820753,0,0,0,0,0,0,0.55943267387547,0.529327264280743,0
453,-0.0442523164093855,0.0906145184100845,0.0513324508356482,0.130000000101311,0.0050000000798539,0.0459472309425105,-0.00999999989610804,-0.0289634283741161,0.0600000000136118,0.653456788922361,-6.73123022022699e-06,6.86627062875711e-06,0.75700203942501,-0.0165123911398411,0.0307217954588267,0.051997425852294,-0.075,0.075,0.0164347215777454,4.81977519885415e-14,-2.24675094922397e-15,0.0324555754972318,-1.32834334266057e-11,0.064211982708505,-3.60519642410142e-12,1.36073469888653e-06,2.6871501645139e-06,0.0590610498404614,-0.00296722203572168,0.0639118776156084,-4.37361982192941e-08,0.4,-0.186870201962358,0.15,0.4,0.129139811938251,0.15,0.4,-0.00463466096552329,0.25,0,0,0,0,0,0,0,0,0.01,0.7246545133108,0.01,0.01,0,0.01,0,0,0,0,0,0.01,0.01,0.01,0.01,0.01,0.01,0,0,0.01,0.772333339512916,0.850205257186249,0.815887305895875,0.80665129080329,2.58457711162841,3.2190684626708,2.90480536914073,2.89884020515848,0,0,0,0,0.573893184596853,0,0.5,0.5,0.53136790855906,0.557672134427534,0.815617431435251,0,0,0,0,0,0,0.550894221171595,0.527873895733606,0
454,-0.0458314787023104,0.0924666037229107,0.051761332079543,0.130000000101311,0.00500000007791694,0.046784285192784,-0.00999999989623698,-0.0276624447637653,0.0600000000136226,0.653005919589091,-6.66666120769782e-06,6.81292647507688e-06,0.757391004329012,-0.016572239155491,0.0320168697573211,0.0519974252110193,-0.0749999999999999,0.075,0.02640355862649,4.82602514382202e-14,-3.6106388368082e-15,0.05,-3.81644265466655e-12,0.0658806269783784,-1.25903629249861e-12,2.42584004678894e-07,1.54581758100181e-06,0.0602227387439513,-0.00302470911878478,0.0655702234788632,-2.57915224213599e-08,0.4,-0.37907974775771,0.15,0.4,0.100434008194025,0.15,0.4,-0.00116299460173804,0.25,0,0,0,0,0,0,0,0,0.01,0.717720357609601,0.01,0.01,0,0.01,1.39432232677541,0,0,0,0,0.01,0.01,0.01,0.01,0.01,0.01,2.3615314844242,0.67152272204419,0.01,0.874166282920074,0.880185567128966,0.885770608978803,0.868581241070237,2.62889668158411,3.27072499648066,2.9390532703954,2.96056840766937,0,0,0,0,0.528966123988369,0,0,0.5,0.546122081083038,0.557517811144982,0.808904208042217,0,0,0,0,0,0,0,0,0
455,-0.0473390077417358,0.0940417609443749,0.0518250932520728,0.130000000101311,0.00500000000468519,0.0473199747618056,-0.00999999989715246,-0.0265356917752352,0.0599998806066535,0.652630914344041,-6.23865008778256e-06,6.43949139863937e-06,0.757714164676984,-0.0166222529128004,0.0331395882343753,0.0519974431559658,-0.0749999999999999,0.0750000000000001,-0.0197964413735099,4.82614708321405e-14,-3.00365529352177e-15,0.00379997835187381,-2.65792053963653e-10,0.0469312851280202,-3.60130342987204e-05,0.000327557851813706,7.58720443553226e-05,0.0398810597581897,-0.00202218475431075,0.0467808150478514,-1.86008907686941e-05,0.4,-0.4,0.165709899848618,0.4,0.0898931650562263,0.15,0.4,0.0265425724085786,0.25,0,0,0,0,0,0,0,0,0.01,0.7073268545465,0.01,0.01,0,0.01,1.40851633170095,0,0,0,0,0.01,0.01,0.01,0.01,0.01,0.01,2.38879181038657,0.684321910748484,0.01,0.956159005774138,0.946797331233061,0.951249437649061,0.951706899358137,2.63700110586533,3.25570609914297,2.93311311974912,2.95959408525917,0,0,0,0,0.527395316191878,0,0,0.5,0.555966409891337,0.552197126264523,0.803460377021004,0,0,0,0,0,0,0,0,0
456,-0.0485522407068455,0.0956508163612486,0.0510053930728436,0.130000000101311,0.00500000000513111,0.0469316643324321,-0.00999999989654576,-0.0256817748804762,0.0599999419121712,0.652350448156509,-6.55701241349176e-06,6.74282480370399e-06,0.757955644598383,-0.0166595438836877,0.0339889906715969,0.0519974126676146,-0.0464659666775946,0.0749999999999999,-0.05,4.8247065076111e-14,5.10989389407171e-16,-0.0424000217581702,1.89796223632676e-10,0.0384554965625956,2.04735850481908e-05,-0.000249467738015984,-4.80510510129523e-05,0.033775575432918,-0.00169993947874315,0.0382283481312245,7.24888294805897e-06,0.4,-0.4,0.199361029044046,0.4,0.0868942836193975,0.15,0.4,0.0381534750470334,0.25,0,0,0,0,0,0,0,0,0.01,0.704592302506477,0.01,0.01,0,0.01,1.41005061924238,0,0,0,0,0.01,0.01,0.01,0.01,0.01,0.01,2.38923845911828,0.683226375677917,0.01,1.03510821549032,1.02574356724895,1.02544661766789,1.03540516507138,2.64374939138999,3.24383581537345,2.9136938115351,2.97389139522834,0,0,0,0,0.519671232079272,0,0,0.5,0.535565425766776,0.539758182183386,0.785682892786449,0,0,0,0,0,0,0,0,0
457,-0.0494141161760038,0.0972611668855215,0.0499568830728437,0.130000000101311,0.00500000000407802,0.045904314248824,-0.00999999989631561,-0.0249337209633099,0.0600000000003892,0.652095579029831,-6.61329046842863e-06,6.77080299134208e-06,0.758174928866983,-0.016693500311256,0.0347331703677657,0.0519974248726239,-0.0397551343996188,0.0749999999999999,-0.05,4.82503006408131e-14,-1.88713268868945e-15,-0.05,-5.2113566356746e-12,0.0363461050734021,5.25823384370374e-12,5.2585255807787e-06,4.95600975728462e-07,0.0330863619053963,-0.00167395742262417,0.0361737205879429,6.46500343589147e-08,0.4,-0.4,0.199552681998863,0.4,0.0726135736483251,0.15,0.4,0.0285084820427451,0.25,0,0,0,0,0,0,0,0,0.01,0.715686889628771,0.01,0.01,0,0.01,1.42182356132216,0,0,0,0,0.01,0.01,0.01,0.01,0.01,0.01,2.38528920379029,0.690793787997053,0.01,1.11398726925224,1.10791011173218,1.11339555552608,1.10850182545834,2.65824941112254,3.23421569954905,2.91511468557689,2.97735042509471,0,0,0,0,0.517758498693958,0,0,0.5,0.564996618842349,0.548347780194061,0.797146704837134,0,0,0,0,0,0,0,0,0
458,-0.0489549379949248,0.0987614568774114,0.0489125010720039,0.130000000101311,0.00500000000046442,0.0448558042493838,-0.00999999989645706,-0.0242609142887524,0.0600000000002015,0.651864412204853,-6.55243353154882e-06,6.71858749154425e-06,0.75837369121087,-0.0167244086718742,0.0354028947426981,0.0519974251627592,0.075,0.075,-0.05,4.81984731876881e-14,-2.93057639463801e-15,-0.05,-3.91702872080805e-12,0.0309629328767808,-1.07118150474659e-12,4.56104152065398e-07,1.13824460781257e-06,0.0280199382787037,-0.00142146775350936,0.0308129338856299,-9.21189524410141e-09,0.270487732569628,-0.300681472504704,0.189623799799161,0.4,0.065579173146679,0.15,0.4,0.0168543020998484,0.25,0,0,0,0,0,0,0,0,0.01,0.736190779491579,0.01,0.01,0,0.01,0,0,0,0,0,0.01,0.01,0.01,0.01,0.01,0.01,0,0,0.01,1.14343622507685,1.15934940115539,1.1539756434231,1.14880998280913,2.65006471100887,3.15916682363631,2.90886159065351,2.90036994399167,0,0,0,0,0.544825612842285,0,0.5,0.5,0.562629693530323,0.529822157678504,0.773442261897746,0,0,0,0,0,0,0.5,0.539875275184886,0
459,-0.048484252633236,0.100467458735926,0.0484531910711799,0.130000000101955,0.005000000073194,0.0443964949104699,-0.00999999989528966,-0.0234689761313255,0.0599999977776326,0.651575961086321,-6.92363686640582e-06,7.03257441672479e-06,0.758621536131807,-0.0167626306563345,0.0361895766838189,0.051997422711027,-0.0274193669985629,0.0750000000000891,0.0037999999997157,-1.17578658896834e-12,4.03921078628454e-14,0.00380003592844403,2.64162785230508e-11,0.0481264788469799,-2.75982528556791e-10,-3.34429004978381e-06,-3.91464208976974e-06,0.0471588988160498,-0.00237303108345351,0.0478698129209611,1.34670900269881e-07,0.37855413477636,-0.294422495627467,0.149999999831059,0.399999999272199,0.0682274062732731,0.14999999947059,0.399999997833841,0.00230253388620771,0.249999833713414,0,0,0,0,0,0,0,0,0.01,0.737715509308914,0.01,0.01,0,0.01,0,0,0,0,0,0.01,0.01,0.01,0.01,0.01,0.01,0,0,0.01,1.19826072014245,1.19672160070576,1.20919219723511,1.18579012361309,2.66196417140353,3.16355066751812,2.91468423651968,2.91083060240196,0,0,0,0,0.529742633700948,0,0.5,0.5,0.564539642383038,0.541415757402544,0.770762613680395,0,0,0,0,0,0,0.5,0.536306413653125,0
460,-0.0481165847069188,0.101995363578071,0.0490654410720039,0.130000000101311,0.00500000006541663,0.0450087455604493,-0.00999999989607006,-0.0224673978058178,0.060000000013611,0.651209325494884,-6.69894270400438e-06,6.8364470811835e-06,0.758936284355091,-0.0168113787000303,0.0371866930258481,0.0519974260063919,0.063730410743984,0.075,0.05,4.81980931355396e-14,-2.03709114508099e-15,0.05,-1.84721072093251e-11,0.0520331945888566,-5.07920995204824e-12,2.57072062239665e-06,3.64014391507825e-06,0.0498866075977183,-0.00251040717162977,0.0517678289818529,1.01280322412908e-08,0.250318520037554,-0.271748168781934,0.15,0.4,0.0444238801947071,0.15,0.4,-0.00748158505595616,0.25,0,0,0,0,0,0,0,0,0.01,0.7435560327737,0.01,0.01,0,0.01,0,0,0,0,0,0.01,0.01,0.01,0.01,0.01,0.01,0,0,0.01,1.24295442733595,1.23326581731099,1.26831897456143,1.20790127008551,2.66763106172351,3.16041366304646,2.91496851604929,2.91307620872068,0,0,0,0,0.525746911160281,0,0.5,0.5,0.566584769324463,0.542889426989083,0.767692998667942,0,0,0,0,0,0,0.5,0.543996678138152,0
461,-0.0469559846249738,0.103533226443015,0.0500993552168438,0.130000000088612,0.00500000005497964,0.0457946586911764,-0.00999999988774577,-0.0214170287824158,0.0599999976499356,0.650829038133791,-6.65580386242453e-06,6.80326951267634e-06,0.759262427416189,-0.0168618060191008,0.0382317998090725,0.0519974250946063,0.0523863158668746,0.0750000000001795,0.0500000000026579,1.1326483054512e-13,-3.50950865892877e-15,0.0286978235329915,-5.01043271117984e-12,0.0529993516240592,-2.93673967256251e-10,2.58595569226717e-07,1.2827332642925e-06,0.0504854157727325,-0.00253968389686196,0.0527264197807728,-1.19339326406507e-08,-0.0963539429141935,0.0987628101730227,0.150000001580531,0.400000000038661,0.143092778399669,0.149999999496969,0.399999998696168,-0.0106835760526158,0.249999825907166,0,0,0,0,0,0,0,0,0.01,0.754187816699219,0.01,0.01,0,0.01,1.4344453204501,0,0,0,0,0.01,0.01,0.01,0.01,0.01,0.01,0.729557874572143,2.12479625347759,0.01,1.26820725675406,1.2498754403095,1.27431870205338,1.24376399501018,2.69557849956863,3.16641246368497,2.91284068260453,2.94915028064908,0,0,0,0,0.5,0,0,0.5,0.566948130539176,0.546735065885768,0.763001617578,0,0,0,0,0,0,0,0,0
462,-0.0481121081671434,0.10520695302757,0.0506350452103023,0.130000000101311,0.00473965512248279,0.0459043048616054,-0.00999999989701329,-0.0205348826595621,0.0599998158599781,0.650523228399593,-6.2360563273897e-06,6.44371281017313e-06,0.759524456964405,-0.0169026119090083,0.0391105518467901,0.0519974357544499,-0.075,0.075,0.00379999999999992,4.81836174865216e-14,-0.0259049607613182,-0.0175021915743974,-2.52980155824922e-10,0.0353393361824965,-3.65132842030923e-05,0.000301267450779019,7.22411373048965e-05,0.0311837541925159,-0.00158894431664639,0.0352217641215216,-1.71328479845332e-05,0.135661348116662,0.0270585196577325,0.15130423552257,0.4,0.195119275994997,0.15,0.4,0.0462434375043745,0.25,0,0,0,0,0,0,0,0,0.01,0.698634587660137,0.01,0.01,0,0.01,1.40808874946812,0,0,0,0,0,0.01,0.0113750762617175,0.01,0.01,0.01,1.11288617388807,1.86690654701862,0.01,1.35325411338693,1.33003316041857,1.35237220960978,1.33091506419573,2.7203798681126,3.16981092797462,2.92771372310473,2.96247707298249,0,0,0,0,0.5,0,0,0.5,0.566192289230033,0.536464287913705,0.742527727024367,0.5,0,0,0,0,0,0,0,0
463,-0.0496786902578891,0.106757222008828,0.0502467352106498,0.130000000101311,0.00361789264567727,0.0451170397356401,-0.00999999989608354,-0.0198307083939151,0.0600000000009568,0.650274845970461,-6.66450760733775e-06,6.80957260926566e-06,0.75973712337729,-0.0169355639125081,0.0398101775037689,0.051997427651105,-0.075,0.075,-0.0423999999654227,4.82479117425631e-14,-0.075,-0.05,7.14420313381852e-12,0.0349285868962291,4.72272159706849e-11,4.88202104161635e-06,-3.37503183280185e-06,0.0331558428080283,-0.00167789216684389,0.0347551745594917,-1.24379700877039e-06,0.4,-0.285832092143514,0.197047487055199,0.4,0.123658427299077,0.15,0.4,-0.00590408252151542,0.25,0,0,0,0,0,0,0,0,0.01,0.752163882271411,0.01,0.01,0,0.01,0,0,0,0,0,0.01,0.01,0.01,0.01,0.01,0.01,0,0,0.01,1.42447123714762,1.42141720608267,1.42133638891471,1.42455205431557,2.69466274330152,3.16907794900469,2.92158289495448,2.94215779735173,0,0,0,0,0.53733138067404,0,0.5,0.517164976884911,0.54904099637137,0.526866122528893,0.747182724809502,0,0,0,0,0,0,0.50662523137816,0.582187022039791,0
464,-0.0498027139857839,0.108325865346277,0.0499394252113414,0.130000000101311,0.00454835650016304,0.0446577297388868,-0.00999999989552045,-0.0189902701928839,0.0600000000136527,0.64995928854902,-6.87246148938211e-06,6.98742324363728e-06,0.760007102621917,-0.01697732625077,0.0406452868241221,0.0519974236252452,0.061913061901012,0.075,0.0114000000345771,4.82012912345173e-14,0.075,0.00380000019805296,2.14232701186859e-11,0.0490185003310719,4.05934012875312e-12,-2.68425715998332e-06,-2.63851625307736e-06,0.0492299830855204,-0.0024762726662623,0.0487436937559964,1.58070919726374e-08,0.213158194082306,-0.267384189644466,0.15,0.4,-0.0614820764598441,0.15,0.4,-0.0338513931833644,0.25,0,0,0,0,0,0,0,0,0.01,0.766031301984187,0.01,0.01,0,0.01,0,0,0,0,0,0.01,0.01,0.01,0.01,0.01,0.01,0,0,0.01,1.48444799928392,1.47330722447941,1.48288936743205,1.47486585633128,2.70380173624931,3.16007064207328,2.92031548999972,2.94355688832287,0,0,0,0,0.528571525584208,0,0.5,0.516745459280849,0.551522480747395,0.529982721413862,0.743533643289103,0,0,0,0,0,0,0.5,0.592546445884,0
465,-0.0487931971496116,0.10990983849169,0.050398154869599,0.130000000101311,0.005000000038436,0.0452699797439465,-0.00999999989584759,-0.0179416795524936,0.0600000000136175,0.649561312926055,-6.74786120594287e-06,6.87868373228105e-06,0.760347272588174,-0.0170300358133025,0.0416884812122118,0.0519974254943849,0.0391524249012125,0.075,0.0343581749167748,4.82013290031449e-14,1.41646246192735e-16,0.05,-1.02962626694399e-11,0.0558182066214497,-2.72079252869269e-12,1.81617103860088e-06,2.35681469064168e-06,0.055674331158764,-0.00279797241351599,0.0555111859082491,2.12160791942524e-08,0.149974764676839,-0.212014921271489,0.182870892419395,0.4,0.0101204879931036,0.15,0.4,-0.0585145588947775,0.25,0,0,0,0,0,0,0,0,0.01,0.774942469771527,0.01,0.01,0,0,0,0,0,0,0,0.01,0.01,0.01,0.01,0.01,0.01,0,0,0.01,1.44631195040419,1.45479162349973,1.42647743133579,1.47462614256813,2.71487957729489,3.20690080704124,2.96337980306104,2.95840058127508,0,0,0,0,0.704307507113206,0.5,0.592466686828722,0.5,0.5,0.547174158841307,0.716794603436706,0,0,0,0,0,0,0.510812244790828,0.545911934504656,0
466,-0.0481382454543768,0.111485331160836,0.0513930739190996,0.130000000101311,0.00500000005552369,0.0460662695318858,-0.00999999989629082,-0.0168642269303858,0.0600000000136168,0.649159664215562,-6.57323665610989e-06,6.73313748453327e-06,0.760690216801897,-0.0170832305818667,0.0427606020872537,0.0519974257717308,0.0264064743749022,0.075,0.05,4.82133975660913e-14,1.02630156038533e-15,0.0297303269555663,-1.60596194339766e-11,0.0519578575463306,-4.68603411730412e-12,2.44840094227891e-06,3.60364644578963e-06,0.0504466946303285,-0.00253803123149007,0.0516775722563886,3.65876553839353e-08,0.166031597848185,-0.0938750203063852,0.236140903742702,0.4,0.189568766310508,0.23012790783683,0.4,-0.029953885584908,0.25,0,0,0,0,0,0,0,0,0.01,0.763531235785523,0.01,0.01,0,0.01,0,0,0,0,2.78239905081377,0.01,0,0.250701612785546,0.01,0.12925019560859,0.01,1.6231593104893,1.37831521647104,0.01,1.50438045781365,1.50315883998579,1.45164840543332,1.55589089236612,2.76332176170524,3.2042127101407,2.8906733974309,3.07686107441504,0,0,0,0,0.5,0,0.5,0.545779665792591,0.500147705644888,0.547483100149902,0,0,0.5,0,0,0,0,0,0,0
467,-0.0463691954116763,0.110285376158586,0.0519287639190996,0.130000000101311,0.00337393398647005,0.0461965660644048,-0.00999999989577965,-0.0157280810033862,0.0599971733121349,0.648735405036648,-5.54904281734714e-06,5.89229454569645e-06,0.761052068795623,-0.0171394982651869,0.0438894928942088,0.051997183122126,0.075,-0.075,0.0037999999999999,4.8190255686732e-14,-0.075,-0.0164696733635595,9.3807522269904e-11,0.0615503926683223,-0.000154223280435922,-9.26122074099572e-05,1.21550604050905e-05,0.060964688611648,-0.00307256705595729,0.0611478561839552,-3.3039112382204e-05,-0.117622108424026,0.268300406938932,0.15,0.4,0.185268824379457,0.15,0.4,-0.0203378831837761,0.25,0,0,0,0,0,0,0,0,0.01,0.760936096354699,0.01,0.01,0,0.01,1.42724898056168,0,0,0,0,0,0.01,0.01,0.01,0.01,0.01,0.615398555876211,2.1820835818705,0.01,1.43630862424826,1.37277142800291,1.41472880418883,1.39435124806234,2.73248459037227,3.16095373750089,2.92478468151234,2.96865364636083,0,0,0,0,0.5,0,0,0.5,0.56924186775365,0.552280996935071,0.744457646369313,0.5,0,0,0,0,0,0,0,0
468,-0.0473427681949315,0.111193310785736,0.0515404539190996,0.130000000101311,0.00186953849210751,0.0454258190000693,-0.00999999989632101,-0.0145998806711703,0.0599984007355671,0.648316753260922,-6.82064979869465e-06,6.92861825969804e-06,0.761408737865464,-0.0171950984539433,0.0450127143762424,0.0519974943966801,-0.075,0.075,-0.0424000000000001,4.81947040185571e-14,-0.075,-0.05,-2.66977476822508e-10,0.0514131385054235,5.82992529808822e-05,0.000380776324360832,1.85933954791909e-05,0.0495835884402152,-0.00251221076728235,0.051248449903965,4.78438322347897e-05,0.109971520448347,0.0496611415263032,0.192721040985204,0.4,0.191674435492538,0.15,0.4,-0.0201004204034381,0.25,0,0,0,0,0,0,0,0,0.01,0.765401692618177,0.01,0.01,0,0.01,1.41076694567674,0,0,0,0,0,0.01,0.01,0.01,0.01,0.01,0.593881692418508,2.18760218192094,0.01,1.4624332596714,1.41069677187083,1.44561444292268,1.42751558861956,2.76425763403819,3.17496490672598,2.93832574928984,3.00089679147433,0,0,0,0,0.5,0,0,0.5,0.566682684933856,0.537276847289284,0.731496431361886,0.5,0,0,0,0,0,0,0,0
469,-0.0489571838322379,0.112772361078519,0.0505131039190997,0.130000000101311,0.000355683667065435,0.0444135104864899,-0.00999999989681706,-0.0137295722952349,0.0599990051231157,0.648002677430447,-6.60464636774348e-06,6.76433632067004e-06,0.761676052903347,-0.0172367679133868,0.0458786661215328,0.051997488384854,-0.075,0.075,-0.05,4.81955568901943e-14,-0.075,-0.05,-1.07370764898987e-10,0.0356198838195213,1.30038146903288e-05,9.7302195012609e-05,3.72749129406577e-05,0.0332856883792202,-0.00168775031511386,0.0354405962009969,-1.50613997425697e-05,0.1614719442335,0.00943188267612262,0.202722812841654,0.4,0.18326764478376,0.15,0.4,0.0152099068600851,0.25,0,0,0,0,0,0,0,0,0.01,0.73617142323017,0.01,0.01,0,0.01,1.41680532754811,0,0,0,0,0,0.01,0.01,0.01,0.01,0.01,0.590143795437646,2.20053188491672,0.01,1.58643770729528,1.5236466732765,1.56250257602108,1.54758180455071,2.79257017950639,3.16370424101832,2.94757817156998,3.00869624895473,0,0,0,0,0.5,0,0,0.5,0.566286483506012,0.526500110063303,0.716521629714464,0.5,0,0,0,0,0,0,0,0
470,-0.0505509497011779,0.11432890736109,0.0494645939190997,0.130000000101311,-0.00117831384716062,0.0434024091654469,-0.00999999989627339,-0.0130866605238471,0.0599995631265498,0.647767456082282,-6.83763434273719e-06,6.96870195470679e-06,0.76187610727499,-0.0172679792322156,0.0465174772594513,0.0519974690327611,-0.075,0.075,-0.05,4.82067725134858e-14,-0.075,-0.05,1.615577534357e-10,0.0286853075934566,4.40391293083937e-05,-0.000180485628916081,-4.35537460217061e-05,0.0279810079060634,-0.00141402374028808,0.0284878391633756,9.36479486553581e-06,0.4,-0.307755854419137,0.212949077153673,0.4,0.0530762377824792,0.15,0.4,-0.0155720946665354,0.25,0,0,0,0,0,0,0,0,0.01,0.762687144191063,0.01,0.01,0,0.01,0,0,0,0,0,0,0.01,0.01,0.01,0.01,0.01,0,0,0.01,1.68448778434426,1.63662408457642,1.66489423613795,1.65621763278273,2.81067408413086,3.16354707917728,2.9737941064581,3.00042705685004,0,0,0,0,0.5054001800783,0,0.5,0.521958770263605,0.559259914985849,0.510190402473144,0.702746945417951,0.5,0,0,0,0,0,0.5,0.617410594845436,0
471,-0.0493510396921788,0.113688684630645,0.0490052839190997,0.130000000101311,-0.000553562013352026,0.0429430990105472,-0.00999999989639791,-0.0125892060000389,0.0600000000135825,0.647582827238114,-6.50404459339902e-06,6.67952112820606e-06,0.762033045325066,-0.0172926988869514,0.0470121409644306,0.0519974258185608,0.075,-0.075,0.00379999999999979,4.82047620783362e-14,0.075,0.003799992216302,-2.20313399408919e-11,0.0206906985746118,6.04237627624339e-12,2.35192595440208e-05,5.63426926811257e-06,0.0200016112566739,-0.001024005025825,0.0205776808074265,7.70164648664243e-07,0.362669623542724,-0.262215469928665,0.164626055217238,0.4,-0.0909526039338571,0.15,0.4,-0.00450903825136867,0.25,0,0,0,0,0,0,0,0,0.01,0.757666019293651,0.01,0.01,0,0.01,0,0,0,0,0,0,0.01,0.01,0.01,0.01,0.01,0,0,0.01,1.67282601697195,1.60348265213539,1.64328300668523,1.63302566242211,2.80847043388238,3.10562810209882,2.94319857476307,2.97089996121813,0,0,0,0,0.5,0,0.5,0.508513597887834,0.562579093500697,0.500947888252867,0.691436175815002,0.5,0,0,0,0,0,0.5,0.63277371746579,0
472,-0.0476358096079038,0.112133018884131,0.0496175339190997,0.130000000101311,0.00101529741622156,0.0435553488686564,-0.00999999989615163,-0.0122124755100009,0.0600000000136334,0.647441736370365,-6.58556597296012e-06,6.74229656233307e-06,0.76215292328824,-0.0173116391089223,0.047386409798085,0.0519974244395926,0.075,-0.075,0.05,4.82055125501041e-14,0.075,0.05,1.02396638403297e-11,0.0169896371231075,2.36176862877516e-12,-1.39072818421936e-06,-2.06795016637084e-06,0.0167833158748633,-0.000862732911808715,0.0168882153074788,-3.35478763926152e-08,0.356715920617592,-0.234073907287267,0.15,0.4,-0.0613617048615916,0.15,0.4,-0.00130707591591166,0.25,0,0,0,0,0,0,0,0,0.01,0.770433873464109,0.01,0.01,0,0.01,0,0,0,0,0,0,0.01,0.01,0.01,0.01,0.01,0,0,0.01,1.52310908103641,1.45596694325773,1.52556366338011,1.45351236091403,2.79033732386638,3.09565560180259,2.94797375655627,2.9380191691127,0,0,0,0,0.5,0,0.5,0.508985956344303,0.570218132272655,0.5,0.692490289806714,0.5,0,0,0,0,0,0.5,0.57758275665123,0
473,-0.0459168034085824,0.110605121520392,0.0506382121872868,0.130000000101311,0.00260919949698193,0.0443635374708302,-0.00999999989572553,-0.0118153806672763,0.060000000013642,0.64728705521371,-6.74033749534144e-06,6.86771842338204e-06,0.762284296590007,-0.0173323152384281,0.0477806070329327,0.0519974240639255,0.075,-0.075,0.05,4.82092156621815e-14,0.075,0.0309142887421611,1.64595717357694e-11,0.0226840939361538,3.25281938413437e-12,-2.253439818164e-06,-2.71772548698359e-06,0.023397796719026,-0.00119153142502442,0.0225434799327563,-2.28255188498926e-08,0.4,-0.292453172629528,0.15,0.4,-0.0558150402592264,0.15,0.4,-0.0326321876720386,0.25,0,0,0,0,0,0,0,0,0.01,0.79757759107586,0.01,0.01,0,0.01,0,0,0,0,0,0,0.01,0.01,0.01,0.01,0.01,0,0,0.01,1.43009498333949,1.35609156400313,1.42964454473141,1.35654200261122,2.77761266171858,3.05360904141094,2.92214568864743,2.90907601448209,0,0,0,0,0.5,0,0.5,0.5,0.574171930653204,0.5,0.688421031451726,0.5,0,0,0,0,0,0.5,0.574988953711959,0
474,-0.0441072629779938,0.108996496484205,0.0516503230226091,0.130000000101311,0.00421858269222815,0.0452519036061552,-0.00999999989599076,-0.0113597812202289,0.0600000000136217,0.647110283695081,-6.64300027680273e-06,6.78868166989406e-06,0.762434365491408,-0.0173559959867114,0.0482337556646486,0.0519974253206376,0.075,-0.075,0.05,4.82088604783363e-14,0.075,0.05,-1.00631291103061e-11,0.0228834394195515,-2.54480757723822e-12,1.68669119234918e-06,2.27545083790013e-06,0.0232228719299636,-0.0011837035262186,0.0227470767126096,4.06842839971904e-08,0.4,-0.314934449583395,0.15,0.4,-0.0587557283071784,0.15,0.4,-0.0637254675234003,0.25,0,0,0,0,0,0,0,0,0.01,0.834173977729787,0.01,0.01,0,0.01,0,0,0,0,0,0,0.01,0.01,0.01,0.01,0.01,0,0,0.01,1.32441919966667,1.24815430697823,1.32190159662155,1.25067191002335,2.76953754188392,3.01653870318148,2.89877341166147,2.88730283340394,0,0,0,0,0.502136786989611,0,0.5,0.5,0.583149032053128,0.5,0.689233241513604,0.5,0,0,0,0,0,0.5,0.579962645550963,0
475,-0.0421873049737942,0.10728778111553,0.0526118892343456,0.130000000101311,0.00500000003097995,0.0460692019534346,-0.00999999989625466,-0.0109624171882946,0.060000000013622,0.646959562560449,-6.54098272288376e-06,6.70674158675887e-06,0.762562263397118,-0.0173762793474276,0.048629077197086,0.0519974253681188,0.075,-0.075,0.0461757424613421,4.82097679771814e-14,4.26910769211325e-15,0.0318207310852623,-1.1185386433634e-11,0.0168892177276075,-2.92149213500959e-12,1.60125822914506e-06,2.55160068328805e-06,0.0166668621049046,-0.000857680068277944,0.0167900716915368,3.53369138343131e-08,0.4,-0.328863165036908,0.15,0.4,0.0182203422695653,0.15,0.4,-0.0760382650411205,0.25,0,0,0,0,0,0,0,0,0.01,0.852248829144228,0.01,0.01,0,0.01,0,0,0,0,0,0,0.01,0.01,0.01,0.01,0.01,0,0,0.01,1.19771018622476,1.12632208484702,1.16687160110362,1.15716066996816,2.76956909442491,3.00275741480219,2.88164916672742,2.89067734249968,0,0,0,0,0.523932203297486,0,0.5,0.51434145740835,0.54344089202764,0.5,0.656118615181558,0.5,0,0,0,0,0,0.5,0.607646672527638,0
476,-0.0403470673614483,0.105826973359598,0.0530670980635707,0.130000000101311,0.00500000004708862,0.0469383212607428,-0.00999999989726826,-0.0108167548290319,0.0600000000133492,0.647108795653394,7.84802107505044e-07,-9.06943186043765e-07,0.762435631566415,-0.0173516092850083,0.0487886815187568,0.0519970687124108,0.075,0.0202544705331303,-0.00197510250327735,4.82123202210873e-14,1.70097937719728e-15,0.05,-1.42141746281586e-08,-0.0397891813547909,2.78543784421963e-09,0.0128219532912182,0.02219419266304,-0.294853183850135,0.0129593328035344,-0.0170335356297759,8.61263102567745e-06,0.4,-0.394221315694082,0.15,0.4,0.0272742373247319,0.15,0.4,0.039902248295952,0.25,0,0,0,0,0,0,0,0,0.01,0.778794092815178,0.01,0.01,0,0.01,0,0,0,0,0,0,0.01,0.01,0.01,0.01,0.01,0.823783427010032,0,0.01,1.14032746942245,1.0543641409747,1.08800440927596,1.10668720112119,2.78287889855294,2.99335879801146,2.88493320333371,2.89130449323069,0,0,0,0,0.511886867682793,0,0.5,0.5,0.537332489375021,0.5,0.637515595993201,0.5,0,0,0,0,0,0,0.60849043059037,0
477,-0.0386057654704805,0.105611093261809,0.0528586928848642,0.130000000101311,0.0050000000142671,0.0474740110904361,-0.00999999987322298,-0.011342738546949,0.0600000000134128,0.649538849127699,3.71575565519469e-06,-1.85814922330897e-06,0.760366506545022,-0.0169903200745061,0.0482932454927847,0.0519972593898045,0.075,-0.0163530821890172,-0.0130793601633188,4.821580776124e-14,-6.04356775319826e-16,0.00379990066830507,-3.08445691889542e-09,-0.0359624965144329,6.80396957679381e-10,0.00242176279430524,0.00100840351926834,-0.449418545834984,0.023124974776215,-0.03302681786988,0.000118802271360447,0.4,-0.308186268460097,0.15,0.4,0.0323301453116023,0.15,0.4,0.131233869769665,0.25,0,0,0,0,0,0,0,0,0.01,0.671994447927336,0.01,0.01,0,0.01,0,0,0,0,0,0,0.01,0.01,0.01,0.01,0.01,0.835605546837025,0,0.01,1.20655779554925,1.08157404951766,1.15996161850728,1.12817022655963,2.77497340999475,2.96740548239339,2.86927393655844,2.87310495582969,0,0,0,0,0.5,0,0.5,0.5,0.561090069830516,0.5,0.64620997139341,0.5,0,0,0,0,0,0,0.589197990925877,0
478,-0.0368547977114265,0.105427916225129,0.0526257116531606,0.130000000101311,0.0050000000166009,0.0475934101821336,-0.00999999986488557,-0.0118813771139083,0.0600000000135356,0.652939345728957,1.38769054014014e-06,-7.07442164417863e-07,0.757448514551296,-0.0165356960878938,0.0478012753851664,0.0519972913620168,0.075,-0.00285086563789828,-0.0116538428768766,4.82198557710792e-14,2.09918618372817e-15,0.00811841839893214,7.58214006836099e-10,-0.0199224086094183,-4.54114673051371e-10,0.00116091404207744,0.000791894359206203,-0.397070734722736,0.0212472471611061,-0.0178961307960152,5.33240734105672e-05,0.4,-0.322503551135284,0.15,0.4,0.0236238920469522,0.15,0.4,0.12847225375145,0.25,0,0,0,0,0,0,0,0,0.01,0.655002928682263,0.01,0.01,0,0.01,0,0,0,0,0,0,0.01,0.01,0.01,0.01,0.01,0.701558200568217,0,0.01,1.2528149203024,1.11138134156181,1.20321801077794,1.16097825108627,2.77061235354503,2.94562979116023,2.86075341632848,2.85548872837678,0,0,0,0,0.5,0,0.5,0.5,0.523046538103673,0.5,0.6015797226567,0.5,0,0,0,0,0,0,0.535206046230376,0
479,-0.0351001466478062,0.105427977436963,0.0525141255681546,0.130000000101311,0.00500000001815347,0.0479069722519756,-0.00999999986499054,-0.0121942356774125,0.0600000000129344,0.655377920749211,1.59019515145951e-06,4.39657602086532e-08,0.755339576098095,-0.0161756886018226,0.0475257028055106,0.0519973905836884,0.075,0.00266506994188911,-0.00293321836934053,4.82371489835414e-14,2.12222412943766e-15,0.0231625637221997,5.62938540817962e-10,-0.0121981642271978,-1.75062578451168e-09,0.0015082604683063,0.000653450504987259,-0.254224272574415,0.0142978553871819,-0.0109185111134159,1.89441157582039e-05,0.4,-0.4,0.17365416872941,0.4,0.119606129155501,0.15,0.4,0.102712184346719,0.25,0,0,0,0,0,0,0,0,0.01,0.657243417056703,0.01,0.01,0,0.01,0,0,0,0,0,0,0.01,0.01,0.01,0.01,0.01,1.28937807163188,0,0.01,1.2986352543734,1.1666993613252,1.24685797007924,1.21847664561935,2.69354162398095,2.95421958761329,2.82680836830834,2.8209528432859,0,0,0,0,0.5,0,0.5,0.5,0.5,0.5,0.608711956074809,0.5,0,0,0,0,0,0,0.5,0
480,-0.0333632468129035,0.105497566190124,0.0521948826224686,0.130000000101311,0.00500000000529784,0.047905913411722,-0.0099999998714461,-0.0124025885138156,0.0600000000132679,0.656981439436306,2.04528369697834e-06,-3.61424655203657e-07,0.753945293359314,-0.0159379569255471,0.0473419307592292,0.0519972492554589,0.075,0.005345105552311,-0.0244021042249193,4.82425024156471e-14,-6.27890892756221e-16,-0.0230374563047461,7.22130158414924e-10,-0.00800113404444704,-7.90914887911992e-10,0.000913448180508179,0.000960925707751822,-0.164399440361119,0.00915820191787881,-0.00731796969422266,2.8411394431811e-05,-0.130998405835823,0.127763646681487,0.15,0.4,-0.0981760818122524,0.211021084274846,0.4,0.170876062284683,0.161083849898076,0,0,0,0,0,0,0,0,0.01,0.720942166780034,0.01,0.01,0,0.01,0,0.01,0,0,0,0.01,0.01,0.01,0.154856008199847,0.01,0.01,0.652135997074656,0,0.01,0.630113548075906,0.663234171113597,0.676233876142137,0.617113843047366,2.49872891657367,2.73393555256153,2.59415362400269,2.63851084513251,0,0,0,0,0.55648248670981,0,0.616004775977074,0,0.5,0.5,0.567609846225775,0,0,0,0,0,0,0,0.5,0
481,-0.0317643331195941,0.105622700832746,0.0522004945101241,0.130000000101311,0.00500000001853914,0.0477852314612519,-0.00999999987730477,-0.0125131967302705,0.060000000013289,0.657820856053929,4.08546605474124e-06,-1.74059284341371e-06,0.753213014314287,-0.0158134246222653,0.0472442651712904,0.0519975199708277,0.075,0.00751464984906864,0.0163921090303007,4.82424161764934e-14,4.03602378688601e-15,0.0108000734272448,4.44918253165382e-10,-0.00379671860697529,-6.47880646786428e-10,0.000234553342290057,-6.23576195119701e-05,-0.0793763566467437,0.00440732077271681,-0.0034988643447845,-1.82844858423346e-07,0.102336465495205,-0.247745989706095,0.180877748548893,0.4,-0.0151409061971237,0.25,0.4,0.252849121448208,0.161557627117743,0,0,0,0,0,0,0,0,0.01,0.66610873646113,0.01,0.01,0,0.01,0,0.01,0,0,0,0.01,0,0.01,0.072051538422184,0.01,0,0.896996262826317,0.709063387494253,0.01,0.517575901662588,0.5,0.5,0.520879234270795,2.4494273101174,2.68556136848373,2.50077390115607,2.63421477744506,0,0,0,0,0.5,0,0.597702603137258,0,0.5,0.5,0.586740278444966,0,0.5,0,0,0,0.5,0,0,0
482,-0.0309294849241483,0.105725530413443,0.0521946641438891,0.130000000101311,0.00463228693927612,0.0475369242596087,-0.00999999989116768,-0.0125264191568321,0.0600000000147494,0.657927138977618,6.77765203286603e-07,3.04226430037527e-06,0.753120178835547,-0.0157971510647657,0.0472325849360822,0.0519971829418732,0.0108482198807127,0.0014684518015318,-0.00741111068514296,4.82401820118172e-14,-0.0365882528328472,-0.0353996512393403,-3.45630777938405e-10,3.64286609686311e-05,-1.78370466674608e-11,-0.000649753141764901,-0.000268399346349492,-0.000266051787424308,2.624700993639e-05,1.62939151764573e-05,-2.62480730810404e-05,0.379035519652017,-0.4,0.25,0.4,0.0636175091499748,0.25,0.4,0.240829096207201,0.161059420762337,0,0,0.234093915886987,0,0,0,0,0,0.01,0.691935601299972,0.01,0.01,0,0.01,0,0.01,0,0,0,0.01,0,0.01,0.01,0.01,0,0.55188839597215,0,0.01,0.5,0.5,0,0.5,2.3764776123274,2.61038420976503,2.40766202585558,2.57919979623685,0,0,0,0,0.5,0,0.64486783838474,0,0.5,0.5,0.512795604119741,0,0.5,0,0,0,0.5,0,0.5,0
483,-0.0303846502176894,0.105632724026803,0.0520916961234923,0.130000000101311,0.00363340343399423,0.0472769753484534,-0.00999999987475555,-0.0127003093449077,0.0600000000133666,0.658979669402813,2.21019696306348e-06,-3.96793360541291e-07,0.752199396747362,-0.0156555558825646,0.0470699334922015,0.0519971902549757,0.042052208841957,-0.0101255690386394,-0.00508371454712048,4.82508313976531e-14,-0.0631672026484511,0.0091818521075546,-2.30134180667551e-10,-0.017168664175777,4.09203968537406e-11,0.000145508335691129,-1.69344928343885e-05,-0.281194689659958,0.0141236218050534,-0.0158606140283409,5.3220785032573e-06,0.364356333433589,-0.4,0.25,0.4,0.0566464818474311,0.15,0.4,0.139266447130862,0.168429013081992,0,0.01,0.0495047245576046,0.01,0,0,0,0,0.01,0.754339018985493,0.01,0.01,0,0,0,0.01,0,0.01,0,0.01,0,0.01,0.0156844637035853,0.01,0.01,0,0.394286055911831,0.01,0.5,0,0,0,2.30724710441371,2.50370831417861,2.40231297062077,2.40864244797154,0,0,0,0,0.5,0.5,0.694174881318577,0,0.5,0,0.839819102173727,0,0.5,0,0,0,0,0.5,0,0
484,-0.0302840558996349,0.105321130710407,0.0520909590910454,0.130000000101311,0.00396473676009357,0.0479594465629712,-0.00999999988220971,-0.013029444786726,0.0600000000141884,0.659329393138811,3.54450526159947e-06,-6.49340907399256e-06,0.751892877485603,-0.0156079043546745,0.0467444978708373,0.0519976819601769,-0.014717747841168,-0.018294046631278,-1.46703723370634e-05,4.82488590462888e-14,0.075,0.05,-2.69582216475353e-10,-0.0156737050315114,-1.94855992658785e-10,-0.000565849146910345,-0.000574381007760617,0.14925811599349,-0.00740613049661138,-0.0162995157814314,-2.8219806723362e-05,0.4,-0.4,0.214459419733374,0.4,-0.0475229092351815,0.15,0.4,0.122529626106841,0.161104537406842,0.674654099686332,0.01,0.01,0.01,0,0,0,0,0.01,0.778790358452479,0.01,0.01,0,0,0,0.01,0,0.01,0,0.01,0,0.01,0.062850492458279,0.01,0.01,0,0.450741014674114,0.01,0,0,0,0,2.29542959433502,2.48572566217513,2.39102457815094,2.3901306783592,0,0,0,0,0.5,0.5,0.691323060913824,0,0.5,0,0.834235165252404,0,0.5,0,0,0,0,0.5,0,0
485,-0.0290370419672855,0.10493656448255,0.052286710907697,0.130000000101311,0.00500000001606724,0.0489678249511821,-0.0099999998807312,-0.0136020925768491,0.0600000000144848,0.661637618471046,5.63729006335372e-06,-4.18061593080575e-06,0.749862573069932,-0.0153004829533535,0.0461987724726812,0.0519976830441645,0.075,-0.0268048313355172,0.0147578722163636,4.82449064731793e-14,3.02037967169972e-15,0.05,1.05138174073661e-09,-0.040584548186249,-1.81396899632386e-09,-0.00301523976888306,-0.000630660974959393,-0.619492878716331,0.0309971422244675,-0.0382358815925864,-0.000148444659973736,0.233101979930611,-0.4,0.217198465539517,0.4,-0.0416921601027511,0.15,0.4,0.0183068472088318,0.155395270610907,0.736913162827442,0.01,0.01,0.01,0,0,0,0,0.01,0.858723889282517,0.01,0.01,0,0.01,0,0.01,0,0.01,0,0.01,0.0256701602798051,0.01,0.290569381071447,0.01,0.01,0,0,0.01,0,0,0,0,2.15948000746896,2.33896606570991,2.20259500288432,2.29585107029454,0,0,0,0,0.5,0,0.73187271467681,0,0.5,0,0.971658284141332,0,0,0,0,0,0,0.5,0.515442492101899,0
486,-0.0273586787384493,0.104191155184666,0.0523710658675194,0.130000000101311,0.00500000003704563,0.049864393992704,-0.0099999998823646,-0.0146116388347922,0.0600000000139701,0.667518930140892,5.53732001040267e-06,-3.59939211152188e-06,0.744632128750319,-0.0145130587281256,0.0452480793834937,0.0519976541059841,0.075,-0.0466467759740439,0.00118599621575198,4.82395736240167e-14,8.24959463711488e-16,0.0397083862168047,6.7657191094518e-10,-0.0598143724136356,-1.75194345596364e-09,-0.00302464458540968,-0.000733861755959392,-0.882983894711345,0.0441444500770282,-0.0568226432017141,-0.000152512861142572,0.30864435024835,-0.4,0.206344397418112,0.4,0.042116209739604,0.182489448344143,0.4,0.135808982150209,0.193555800780806,0.885622668714249,0.01,0.01,0.01,0,0,0,0,0.01,0.834136671908168,0.01,0.01,0,0,0.866079437225177,0.01,0,0.0196081034596149,0,0,0.01,0.01,0.310465112860808,0.01,0.01,0,0,0.01,0,0,0,0,2.24563416430871,2.32035424239184,2.22158302169825,2.34440538500231,0,0,0,0,0.579053633933064,0.5,0,0,0.5,0,0.586647469999945,0.5,0,0,0,0,0,0.5,0.537236822367648,0
487,-0.0257213746012819,0.103126693945677,0.0523755557940626,0.130000000101311,0.00500000000535041,0.0502621528554871,-0.00999999988421452,-0.015916505793394,0.0600000000036179,0.6736886997534,6.25311430019324e-06,-3.66004595348207e-06,0.739055079820713,-0.0136807859379615,0.0439944334036353,0.0519976990817375,0.075,-0.0592349571301137,0.000119173563457292,4.82393014983154e-14,-1.48298173541509e-15,0.000264716389513523,2.72066201056186e-10,-0.070641929405211,1.33231536488613e-10,0.000247568226310107,0.000384161702875205,-0.847765293913046,0.0423912085816349,-0.0682995115431312,1.33034458429721e-05,0.300879992657011,-0.4,0.207278312837941,0.4,0.0356152083328508,0.230441847511714,0.4,0.149606042215991,0.192125129754564,0.904138633200901,0.01,0.01,0.01,0,0,0,0,0.01,0.840312949683829,0.01,0.01,0,0.01,0.861798218548896,0.01,0,0.01,0,0,0.0267183218363592,0.01,0.344718950342558,0.01,0.01,0,0,0.01,0,0,0,0,2.19660090927103,2.25131145310912,2.16227897608645,2.28563338629369,0,0,0,0,0.60693762368652,0,0,0,0.5,0,0.585204426377219,0.5,0,0,0,0,0,0.5,0.534340670150597,0
488,-0.0241065206426343,0.10176068878579,0.052377560301937,0.130000000101311,0.00500000000521931,0.050524847639243,-0.00999999988646435,-0.0174996576978361,0.0600000000013864,0.679701587892506,5.83085610082095e-06,-3.59758243906167e-06,0.733529113348406,-0.0128632130412711,0.0424528997745293,0.05199761660178,0.075,-0.071625670623376,7.98033235026569e-05,4.82435400215475e-14,-2.65324617817039e-15,0.0258769049644942,-7.25290635953919e-09,-0.075,-3.61843458768922e-09,0.000522862417665035,0.000294803460391415,-0.833408771998839,0.0414126133888145,-0.0807073936329693,1.16614787334845e-05,0.240883994530858,-0.4,0.219931875009778,0.4,0.0616314124798633,0.176683974322938,0.4,-0.0567043941697511,0.238977986346992,0.857338308369068,0.01,0.01,0.01,0,0,0,0,0.01,0.991408459089259,0.01,0.01,1.22599686044654,0,0,0.01,0,0.0660923383315031,0,0,0.200048439850488,0.01,0.322571493914049,0.01,0.01,0.331472453968126,0,0.01,0,0,0,0,2.15838917567613,2.20398213895352,2.12960227264705,2.23276904198261,0,0,0,0,0,0.5,0.5,0,0.5,0,0.606856914319198,0.5,0,0,0,0,0,0,0.5,0
489,-0.0223282499134691,0.100668600046718,0.0523852234616476,0.130000000101311,0.00453125852320511,0.0506500313926002,-0.00999999988220582,-0.0187963757609487,0.0599991893902434,0.686046612247864,5.3280018362511e-06,-2.9336234273176e-06,0.727598537584365,-0.0119938073661898,0.0411822969810431,0.051997319182527,0.075,-0.0409312098577216,0.000543228084102763,4.82385588487782e-14,-0.0466409620592073,-0.0131633333396481,1.41373089328648e-09,-0.050914956049013,1.58515046155669e-05,-0.00214772710157483,-0.000224183070149475,-0.892101724055905,0.0446422784206325,-0.0496702393192808,-6.28579332857781e-05,0.20345222622253,-0.4,0.218387100738142,0.4,0.0584603252262534,0.155184322580857,0.4,-0.276396357966122,0.233157645760041,0.8339429167151,0.01,0.01,0.01,0,0,0,0,0.01,1.16199970329254,0.01,0.01,1.38810655038945,0,0,0.01,0,0.01,0,0,0.399938217875054,0.01,0.360320208900816,0.01,0.01,0.0603799381683378,0,0.01,0,0,0,0,2.10942199350227,2.12012797775214,2.06073060634936,2.16881936490506,0,0,0,0,0,0.5,0.5,0,0.5,0,0.570502924699516,0.5,0,0,0,0,0,0,0.5,0
490,-0.0206014570718236,0.0998892723777738,0.0523893580308869,0.130000000101311,0.00382017760156997,0.0506313097497958,-0.00999999988212931,-0.0197572701764845,0.0599977918901886,0.692192437611975,5.69029084735339e-06,-3.77929539598728e-06,0.721754511645482,-0.0111438265805081,0.0402412218484646,0.051997251193851,0.075,-0.0369685309070444,0.000261230060118286,4.82402003393808e-14,-0.0245774377790922,0.0111695157832595,1.47400650950643e-09,-0.045245704913296,-4.92605374982437e-05,-0.000866929528211104,-0.000780213845061829,-0.860423430600342,0.0431090022290338,-0.044668277468558,-3.88394561927144e-05,0.110183428322522,-0.4,0.233557626151261,0.4,0.00734698030657688,0.15,0.4,-0.4,0.231886494464187,0.716242601908058,0.01,0.01,0.01,0,0,0,0,0.01,1.26236396686479,0.01,0.01,0,0.01,0,0.01,0,0.01,0,0.01,0.645706544130022,0.01,0.329141506646865,0.01,0.01,0.01,0,0.01,0,0,0,0,2.03536345164547,2.07235465913156,2.00560002477774,2.10211808599929,0,0,0,0,0.509244497479378,0,0.5,0,0.5,0,0.611276247301542,0,0,0,0,0,0,0,0.5,0
491,-0.0190862995543696,0.0984600221179337,0.0523894858889332,0.130000000101311,0.00403254322728674,0.0505716684658982,-0.00999999989868885,-0.0215145832944754,0.0600000000068887,0.696695647713506,7.34153220672796e-06,-3.37068821158051e-06,0.717408752944033,-0.0102615105066739,0.0387011145702763,0.0519974197601921,0.075,-0.075,-6.17071423750917e-05,4.82388657719881e-14,0.0454637760021686,-0.0169928251185716,-3.81477940043412e-15,-0.075,3.44022621514151e-14,0.000127189279828243,4.9622291476392e-05,-0.548360079627022,0.0466305826568005,-0.0957064322623156,2.17778739513066e-06,0.0731383877037419,-0.4,0.215529129219112,0.4,0.0378744350439931,0.209186012968778,0.4,-0.4,0.233093741462938,0.578874302596407,0.01,0.01,0.01,0,0,0,0,0.01,1.28245191745743,0.01,0.01,0,0.01,0,0,0,0.01,0,0.01,1.15406616655099,0.01,0.01,0.01,0.01,0,0,0.01,0,0,0,0,1.99408913907048,2.06772446982733,1.97191073118116,2.08990287771666,0,0,0,0,0.61435259643277,0,0.5,0.5,0.568993552564951,0,0.740529506414922,0,0,0,0,0,0,0.5,0.5,0
492,-0.017868130338193,0.0966470547802591,0.0523830068191144,0.130000000101311,0.00500000000477355,0.0501109852671368,-0.00999999989868885,-0.023298271067249,0.0600000000076515,0.699498388695435,7.09095153366708e-06,-3.4863090163778e-06,0.714676310607727,-0.00943977447909678,0.0368224730703137,0.0519973750902844,0.0481678309334418,-0.075,-0.00022060132599258,4.82387781576958e-14,4.31220358232311e-09,-0.029015379902646,-3.81148144180844e-15,-0.075,1.24141842067118e-14,-0.00288453367405996,-0.000799777050574537,-0.250208735596397,0.0354669031189277,-0.0933338684395838,-6.10032193635443e-05,-0.128638436808203,-0.4,0.170152590452726,0.4,0.119360552182685,0.15,0.4,-0.4,0.231312760037012,0.214855530669213,0.0527267510697462,0.01,0.01,0,0,0,0,0.01,1.26583937427256,0.01,0.01,0,0.01,0,0,0,0.01,0,0.01,1.32698019613122,0.01,0.01,0.01,0.01,0.028398559869606,0.648781906905971,0.01,0,0,0,0,1.90378048429851,2.1062692474572,1.98685077604342,2.02319895571228,0,0,0,0,0.740426984722294,0,0.5,0.5,0.597264029318618,0,0.751417225112984,0,0,0,0,0,0,0,0,0
493,-0.0183707169535278,0.0948267682793137,0.0523808914283659,0.130000000101311,0.00500000000505529,0.0491799217353742,-0.00999999989868885,-0.0252182490307295,0.060000000007776,0.698805785738872,6.42458284872034e-06,-4.91170270431463e-06,0.715353562299795,-0.00903869668945315,0.0350368893661087,0.051997424187365,-0.075,-0.075,-0.000166967401895149,4.82382077819e-14,2.72391152959874e-15,-0.05,-3.80989303783369e-15,-0.075,9.8421844452846e-15,0.000472545179273302,-0.000176843834487793,0.367590359244738,0.00626105923606869,-0.0865390262624077,-9.38426143075834e-07,0.00975928256969377,-0.4,0.174278404770035,0.4,0.163610021192759,0.175944149749017,0.4,-0.4,0.231616746130808,0.260241610111332,0.04421269428699,0.01,0.01,0,0,0,0,0.01,1.26207915476869,0.01,0.01,0,0.01,0,0,0,0.01,0,0.01,1.32440343868763,0.01,0.0736961823706973,0,0,0.0293551992607877,0.670834394413911,0.01,0,0,0,0,1.86439667366134,2.08868305833814,1.9167282410829,2.03635149091658,0,0,0,0,0.700827302814047,0,0.5,0.5,0.582818576407942,0,0.803035002053352,0,0,0,0,0.5,0.5,0,0,0
494,-0.019889061894711,0.0930129330151632,0.0524473201891423,0.130000000101311,0.00500000000336538,0.0481518733951467,-0.00999999989868887,-0.0271382268377777,0.0600000000081767,0.695158105210724,5.14439930959934e-06,-5.46790585068841e-06,0.718898870433458,-0.00912102668565209,0.0333489524050554,0.0519974348781864,-0.075,-0.075,0.00553981169725199,4.82379728607443e-14,-9.4638211242978e-17,-0.05,-3.81036148243377e-15,-0.075,1.96016619958544e-14,0.0032118743835171,-0.000404184644713902,0.615960872879673,-0.0127856464360896,-0.0840261499600428,3.80654683233533e-05,0.159057363662745,-0.4,0.182974737964213,0.4,0.0822458487726465,0.218681797485452,0.4,-0.4,0.235668354607421,0.505813599952219,0.01,0.01,0.01,0,0,0,0,0.01,1.27565447349812,0.01,0.01,0,0.01,0,0,0,0.01,0,0.01,0.977784139384238,0.01,0.308258559253275,0.01,0.01,0,0,0.01,0,0,0,0,1.85024978183377,2.00816179064062,1.87849064332323,1.97992092915116,0,0,0,0,0.660381580250469,0,0.5,0.5,0.552264235545193,0,0.754791820425296,0,0,0,0,0,0,0.5,0.5,0
495,-0.020074483970429,0.0912233935524601,0.0525270927346826,0.130000000101311,0.00500000000931331,0.0475776803493025,-0.00999999989868886,-0.0289853420558559,0.060000000008313,0.692339336419253,6.06324029025152e-06,-5.51572397157376e-06,0.721613962829644,-0.00925334672573406,0.0316285778229675,0.0519974401539054,0.041885196093736,-0.075,0.00535524279859328,4.82377270073594e-14,3.86566769727136e-15,-0.00763115412918092,-3.81208184326539e-15,-0.075,1.1429838351027e-14,0.00256217480206069,0.000437995308844933,0.122177415550631,0.00421781808982581,-0.090256448875795,3.05739246582569e-05,0.000643555201811832,-0.4,0.176507880523748,0.4,0.0910618430417638,0.196411497924329,0.4,-0.4,0.236394976652925,0.403584388990039,0.01,0.01,0.01,0,0,0,0,0.01,1.27475105613178,0.01,0.01,0,0.01,0,0,0,0.01,0,0.01,1.01257852273122,0.01,0.220281194583624,0.01,0.01,0,0,0.01,0,0,0,0,1.84144546144557,2.01621426592149,1.88543571521386,1.97222401215321,0,0,0,0,0.670913931106482,0,0.5,0.5,0.563996387739273,0,0.773016005002156,0,0,0,0,0,0,0.5,0.5,0
496,-0.0197197117397561,0.0894159777885924,0.0526689883082756,0.130000000101311,0.00500000001059779,0.0476932384609255,-0.00999999989868886,-0.0307808011093407,0.0600000000083945,0.692015554166702,5.26670112057318e-06,-4.27156092871241e-06,0.721924471474365,-0.00906705269799257,0.0298212975112863,0.0519974816502226,0.00490896896689456,-0.075,0.00210420665106135,4.82392724263898e-14,1.91825804099972e-15,0.0190535270083935,-3.81112351584311e-15,-0.075,2.19465496612482e-14,0.016739279249287,0.00250279361426348,0.0990605261889032,0.00949933656665577,-0.09062021613637,0.000224176168981171,-0.0193451610772057,-0.4,0.177057836301519,0.4,0.137654739622061,0.15,0.4,-0.4,0.234627132710988,0.309881194950189,0.01,0.01,0.01,0,0,0,0,0.01,1.26971274996046,0.01,0.01,0,0.01,0,0,0,0.01,0,0.01,1.12811111872969,0.01,0.0928706343506645,0.01,0.01,0,0.6451578250434,0.01,0,0,0,0,1.82313136072033,2.05329540431133,1.93065934584569,1.94576741918597,0,0,0,0,0.752524505903921,0,0.51660669739222,0.5,0.520951665990484,0,0.736638373317992,0,0,0,0,0,0,0.5,0,0
497,-0.0201559361598011,0.0875963637343121,0.0527445631015106,0.130000000101311,0.00500000001534619,0.0477510428287756,-0.00999999989868887,-0.0326384431134713,0.060000000008039,0.689742648771506,5.21406002298692e-06,-5.140606103148e-06,0.72409640550061,-0.00904465664421962,0.0280739416119281,0.0519974451076489,-0.0463770343735543,-0.075,0.0066402317082041,4.82385886223045e-14,6.91165958089217e-16,-0.0131122600786427,-3.81077165948419e-15,-0.075,-5.08764378979677e-15,0.00666225067817715,-0.000339280324507915,0.492591179742461,-0.00694522560111111,-0.0857468162981875,7.56573350191404e-05,0.0688446433446359,-0.4,0.18237074039127,0.4,0.183995134697143,0.199698541715001,0.4,-0.4,0.237371313581313,0.386540339063611,0.01,0.01,0.01,0,0,0,0,0.01,1.27474406827654,0.01,0.01,0,0.01,0,0,0,0,0,0.01,1.01439559036009,0.01,0.196025352825134,0.01,0,0.154402900156461,0,0.01,0,0,0,0,1.80699830005432,2.05001118249059,1.88262107757906,1.97438840496585,0,0,0,0,0.693653834249098,0,0.5,0.5,0.506693901969743,0.5,0.77726987567302,0,0,0,0,0,0.5,0,0.5,0
498,-0.0204922776786933,0.085795680998602,0.0528049771584865,0.130000000101311,0.00500000000069228,0.0480040577303968,-0.00999999989868887,-0.0343992306867089,0.0600000000100461,0.687355172404752,6.20057579891517e-06,-5.36740819802193e-06,0.726363170142135,-0.00908840870800439,0.0263424387173286,0.0519974910112551,0.00213115275790206,-0.075,0.00150968429878136,4.82398768275333e-14,-2.79126446370216e-15,0.0381574241788076,-3.80977550700772e-15,-0.075,2.44728222159882e-14,0.00946173135238616,0.00156319506947902,0.127942429114972,0.00601917160461083,-0.089265226664711,0.000142367538638772,0.0302962984491138,-0.4,0.176560519329972,0.4,0.174523622154089,0.15,0.4,-0.4,0.237524295284327,0.38157634038646,0.01,0.01,0.01,0,0,0,0,0.01,1.27763603278904,0.01,0.01,0,0.01,0,0,0,0.01,0,0.01,0.959742283383313,0.01,0.152482402392265,0.01,0.01,0,0.640799970110127,0.01,0,0,0,0,1.79892361626304,2.02878600382643,1.91202388694747,1.915685733142,0,0,0,0,0.732095701969922,0,0.511930405791327,0.5,0.5,0,0.73480470877837,0,0,0,0,0,0,0.5,0,0
499,-0.0207104865125104,0.083981295107668,0.0528408010805439,0.130000000101311,0.00500000001700234,0.0483409042874588,-0.00999999989868887,-0.0360772259047801,0.0600000000081119,0.685547301751691,5.26132881612166e-06,-4.8696810142799e-06,0.72806972106885,-0.0090365577727675,0.0245837406051592,0.0519974699078861,-0.0206037476722458,-0.075,0.00178479952781859,4.82400533989814e-14,3.87165637851823e-15,-0.00426064470237208,-3.80451902161135e-15,-0.075,-1.97724577561849e-14,0.0129546241426768,0.000531288525255794,0.373539481787005,-0.00174234053245553,-0.0874447804719601,0.000169980234361093,0.0727656730425778,-0.4,0.177266037132292,0.4,0.176267752747821,0.157862839412949,0.4,-0.377155873710753,0.238600420640315,0.417451524254971,0.01,0.01,0.01,0,0,0,0,0.01,1.26460779616472,0.01,0.01,0,0.01,0,0,0,0.01,0,0.01,0.915570445229276,0.01,0.184998210205742,0.01,0.01,0,0.635166320371187,0.01,0,0,0,0,1.77452895550087,2.01185461962255,1.8800749261019,1.90630864902151,0,0,0,0,0.73035306625979,0,0.512964681258102,0.5,0.5,0,0.7361187215353,0,0,0,0,0,0,0.5,0,0
500,-0.0211007992097738,0.0821692779528745,0.052872851545259,0.130000000101311,0.00500000001674119,0.0480165396190498,-0.00999999989868887,-0.0377217301373174,0.0600000000081169,0.682977266865162,5.9413331647299e-06,-5.49233444241165e-06,0.730481168019325,-0.00907068958012229,0.0228514175249743,0.0519975149787877,-0.0182884138081956,-0.075,0.00113058791973016,4.82411345793885e-14,-2.18195972309212e-15,-0.0280568306874442,-3.80264124263577e-15,-0.075,2.81827679482619e-14,0.0158458234421157,0.00145466074015784,0.350130506342779,-0.00166000761289396,-0.0873846117378746,0.000279141896279483,0.114915973104883,-0.4,0.248172015275633,0.4,0.134138004971141,0.210376188611249,0.4,-0.383153878650397,0.239668069835608,0.492690639987196,0.01,0.01,0.01,0,0,0,0,0.01,1.25321446555328,0.01,0.01,0,0.01,0,0,0,0.01,0,0.01,0.490530166067538,0.01,0.269116324988032,0.01,0.01,0,0.66506152714521,0.01,0,0,0,0,1.76827765259401,1.97898224486844,1.84752160002504,1.89973829743742,0,0,0,0,0.706525805373848,0,0.528494458589002,0.5,0.5,0,0.67850078172905,0,0,0,0,0,0,0.5,0,0
501,-0.0214278287156323,0.0803587157354545,0.0529049454981766,0.130000000101311,0.00500000002411628,0.0474134773982621,-0.00999999989868888,-0.0393552789721012,0.0600000000085007,0.680659001561691,6.03962796953357e-06,-5.46484687810147e-06,0.732641834634022,-0.00908010671711088,0.0211140305040941,0.0519975198229523,-0.0139804967189999,-0.075,0.00117513821283699,4.82416833941978e-14,4.26615362325621e-15,-0.0322285324831996,-3.80316083905247e-15,-0.075,1.76762114324515e-14,0.0164262764076055,0.00184483441565818,0.307032353949878,0.000431300849576348,-0.0877701201808406,0.000289705839159952,0.153625530453695,-0.4,0.242417588160637,0.4,0.128839893911794,0.214354930544077,0.4,-0.284433399273967,0.241768247471977,0.549744856289233,0.01,0.01,0.01,0,0,0,0,0.01,1.18205372121135,0.01,0.01,0,0.01,0,0,0,0.0359224432451985,0,0.01,0.403318088832887,0.01,0.317575922382929,0.01,0,0,0.646476687970625,0.01,0,0,0,0,1.74288076350314,1.95523822078767,1.82042293820155,1.87769604608925,0,0,0,0,0.663376280025302,0,0.506312608690964,0.5,0.5,0,0.660343611218885,0,0,0,0,0,0.5,0.5,0,0
502,-0.0214535053327753,0.078557230830681,0.0529233661872796,0.130000000101311,0.00500000001607659,0.0473095947245254,-0.00999999989868888,-0.0409478075598775,0.0600000000085767,0.679421376505234,6.75183980074947e-06,-5.36258175443445e-06,0.733789713826555,-0.00895292597386577,0.019351022188873,0.0519975099761097,0.00983770986339542,-0.075,0.000675620109724319,4.82419632630709e-14,-1.37772717988821e-15,0.0215713033996108,-3.80356522100453e-15,-0.075,1.86622588939636e-14,0.00950030382385479,0.00195941272961781,0.0616159847084489,0.0120987395257055,-0.0901352069002556,0.000158643958750187,0.125252504288879,-0.4,0.242827645009579,0.4,0.128960062940376,0.166487367268632,0.4,-0.269347628115347,0.242163065017429,0.522438852570055,0.01,0.01,0.01,0,0,0,0,0.01,1.16693453012754,0.01,0.01,0,0.01,0,0,0,0,0,0.01,0.408478691046099,0.01,0.278676457971325,0.01,0.01,0,0.63799180060239,0.01,0,0,0,0,1.70900392657373,1.92274031935823,1.79222782825837,1.83951641767359,0,0,0,0,0.663527669140627,0,0.517884361168711,0.5,0.5,0.5,0.671286185145151,0,0,0,0,0,0,0.5,0,0
503,-0.0212727320824707,0.0768762167596064,0.0529269528830559,0.130000000101311,0.00500000003016714,0.0476565921385818,-0.00999999989492156,-0.0426043790331085,0.0600000000097384,0.679795405358495,5.58802478628356e-06,-6.05654152088931e-06,0.733443222409787,-0.0088223892003888,0.0176585130633926,0.051997464121141,0.00725781858207817,-0.075,-4.390567028666e-05,4.8241581897928e-14,4.03985599662509e-15,0.0131704490152241,-2.15545516681906e-08,-0.075,-4.58388890312663e-10,0.000296604761890389,-0.000108422225173814,-0.0672915649982822,0.00364921062551977,-0.0845792395898724,-6.52432125648527e-05,0.118498552410821,-0.4,0.246033421066475,0.4,0.133090028377338,0.16553044203819,0.4,-0.331217210389007,0.241096975609196,0.501344080737078,0.01,0.01,0.01,0,0,0,0,0.01,1.20874180446663,0.01,0.01,0,0.01,0,0,0,0,0,0.01,0.475032332740927,0.01,0.246009258559324,0.01,0.01,0,0.667109425628118,0.01,0,0,0,0,1.6930535031144,1.91736520325575,1.78036981608916,1.830048890281,0,0,0,0,0.691785194598098,0,0.533271149777688,0.5,0.5,0.5,0.688074076869647,0,0,0,0,0,0,0.5,0,0
504,-0.0212290015405132,0.0751984687636744,0.0529278245009649,0.130000000101311,0.00500000003349174,0.0478541584852807,-0.00999999989738569,-0.044287615524776,0.0600000000098668,0.679943989788023,5.80852303805577e-06,-6.56695450371265e-06,0.733305478609849,-0.00879851182905853,0.0159758030161281,0.051997498374798,-0.00209851598485481,-0.075,7.77793571029002e-05,4.82415436710572e-14,9.86438002658772e-16,0.0066189293948743,-1.3035061501056e-08,-0.075,-2.90724420159744e-10,0.00138294191371432,0.000337010381660859,0.0293640163570625,-0.00100104644620271,-0.0847912006552931,-6.70324286624039e-06,0.095922197527338,-0.4,0.248772336737523,0.4,0.15457403400044,0.163080729793627,0.4,-0.36551760442152,0.240364071002585,0.454354535078471,0.01,0.01,0.01,0,0,0,0,0.01,1.23067465704969,0.01,0.01,0,0.01,0,0,0,0,0,0.01,0.535290937897394,0.01,0.1981010304756,0.01,0.01,0,0.678616585374085,0.01,0,0,0,0,1.67521474278113,1.93865192585678,1.78023534090276,1.83363132773516,0,0,0,0,0.733193963703652,0,0.553365165264919,0.5,0.5,0.5,0.718549659113558,0,0,0,0,0,0,0.5,0,0
505,-0.0214614419966363,0.0734976606284927,0.0529299674936675,0.130000000101311,0.00500000004398455,0.0479219041843804,-0.0099999998978826,-0.045965916022558,0.0600000000098651,0.679075928136005,5.6506844969907e-06,-7.08531218290387e-06,0.734109423955081,-0.00891264403335848,0.0143027844551923,0.0519975302803712,-0.0197874440714131,-0.075,0.000177790797051415,4.82418359817244e-14,1.69123956761546e-15,0.000187793786070496,-8.06555766610464e-09,-0.075,-7.84710779302698e-12,0.00234206115211826,0.000605580281054,0.209357959159396,-0.00989577110129307,-0.0840306899116636,3.82782032296047e-05,0.14822812839432,-0.4,0.244464556700331,0.4,0.155355641506553,0.165475201824163,0.4,-0.324906657198927,0.241385086931902,0.510582825023005,0.01,0.01,0.01,0,0,0,0,0.01,1.20129994140601,0.01,0.01,0,0.01,0,0,0,0,0,0.01,0.493157947277872,0.01,0.247914487192569,0.01,0.01,0,0.67100072155071,0.01,0,0,0,0,1.66225962385663,1.92012960936386,1.76281555394806,1.81957367927243,0,0,0,0,0.720896219941219,0,0.55037826281442,0.5,0.5,0.5,0.710353170210052,0,0,0,0,0,0,0.5,0,0
506,-0.0217289153202218,0.0718061713713342,0.0529310743052304,0.130000000101311,0.00500000004174689,0.047869881774383,-0.00999999989752835,-0.047629908286476,0.0600000000099467,0.678077805155182,5.94172600993628e-06,-6.81219713367535e-06,0.73503147043213,-0.00904678025253818,0.0126434963191227,0.0519975320153547,-0.00766399834561734,-0.075,0.000111280920486687,4.82417849435712e-14,-1.37508241968096e-15,-0.00536228682456195,-1.16086576445029e-08,-0.075,-3.28840227640546e-10,0.00158464055885898,0.00024768922989222,0.0849058586859455,-0.00387421628234062,-0.0841562012430395,1.3330046063815e-05,0.163552704527803,-0.4,0.243128260367415,0.4,0.142288323445673,0.171656910726613,0.4,-0.27877913564247,0.241810230106877,0.541424494416277,0.01,0.01,0.01,0,0,0,0,0.01,1.16384430588203,0.01,0.01,0,0.01,0,0,0,0,0,0.01,0.47056667941826,0.01,0.268270791417901,0.01,0.01,0,0.670133657246188,0.01,0,0,0,0,1.62219933104485,1.87911198969648,1.72157675262707,1.77973456811426,0,0,0,0,0.701982454959046,0,0.550145018482269,0.5,0.5,0.5,0.707969053440033,0,0,0,0,0,0,0.5,0,0
507,-0.0217189804944241,0.0701546016443111,0.0529317339196852,0.130000000101786,0.00500000003387648,0.0477677751226391,-0.00999999989465328,-0.0492813362224982,0.0599999997042816,0.678107674834536,5.99246276337788e-06,-6.2755416237572e-06,0.735003914756708,-0.00904150093404575,0.0109908999413647,0.0519975210085753,0.00768518235017044,-0.0750000000002511,0.000101129112213993,-1.68901123444374e-13,-1.88537432623329e-13,-0.00485093571598338,-1.94465835864305e-08,-0.0750000000002813,-2.96160206393634e-10,0.00152603458752301,-7.53590690287457e-05,-0.0726721796750632,0.00382019458267718,-0.0839102950679335,1.27847237704699e-05,0.12663543811903,-0.400000000149325,0.245475255200924,0.399999999870887,0.173823563790739,0.173304809396437,0.399999999898604,-0.29494317385833,0.241284518624021,0.492939082885611,0.01,0.01,0.01,0,0,0,0,0.01,1.17513701557519,0.01,0.01,0,0.01,0,0,0,0,0,0.01,0.518657309253166,0.01,0.211899222607682,0.01,0.01,0,0.672379586150334,0.01,0,0,0,0,1.61180151263048,1.87733531138313,1.71818018872977,1.77095663528384,0,0,0,0,0.736528455343021,0,0.575602965247544,0.5,0.5,0.5,0.721247732004657,0,0,0,0,0,0,0.5,0,0
508,-0.021564650876382,0.0685023010943372,0.0529327384491046,0.130000000101311,0.00500000003351834,0.0477633279154102,-0.00999999989568422,-0.0509494907531352,0.06000000000986,0.678669640969798,6.23759741672141e-06,-6.45269785203565e-06,0.734485054122326,-0.00896277524240579,0.00932047521381832,0.0519975531731637,0.00788341618197874,-0.075,0.000110556634031957,4.82399473401378e-14,-3.88405829692126e-15,0.0043601561196432,-2.15610844875746e-08,-0.075,-1.72395430584342e-11,0.00161562258626727,8.62284311618977e-05,-0.0736474423094556,0.00396393279548868,-0.0844599333149882,1.03808627192854e-05,0.0166295803593818,-0.4,0.25,0.4,0.231436105476218,0.225729836630795,0.4,-0.334640098142075,0.239740426763926,0.320198796810465,0.01,0.01,0.01,0,0,0,0,0.01,1.20744932939187,0.01,0.01,0,0.01,0,0,0,0,0,0.01,0.691132551337141,0.01,0.117673908216509,0,0.01,0.567956847792993,0.849723972102264,0.01,0,0,0,0,1.60797401222288,1.94008191575897,1.72310924750055,1.82494668048131,0,0,0,0,0.74464257267667,0,0.569970667493948,0.5,0.5,0.5,0.810187893607413,0,0,0,0,0.5,0,0,0,0
509,-0.0218042163473336,0.0667793825997419,0.0529364697358701,0.130000000101311,0.00500000003724631,0.0473862213507937,-0.00999999989819449,-0.0526499872200732,0.0600000000093556,0.677771053392195,4.54880139143943e-06,-6.8045465724574e-06,0.735314346589124,-0.00906839168870947,0.00762743026865787,0.0519974447922597,-0.0284059747729051,-0.075,0.000287373313162484,4.91863650837025e-14,2.93202348749069e-15,-0.0418397432818532,-4.94685562989227e-09,-0.075,-3.02809964749274e-10,0.00500578043223574,0.00017402317395895,0.305557322004712,-0.0138352683583201,-0.0847065825470377,2.56045736490201e-05,0.131028305041475,-0.4,0.25,0.4,0.260649633303797,0.25,0.4,-0.105360830176228,0.244162072619163,0.439353389434774,0.01,0.01,0.01,0,0,0,0,0.01,1.05103028788436,0.01,0.01,0,0.01,1.84986033067178,0.01,0,0,0,0.01,0.485786816110067,0.01,0.202906379985768,0.0535571464359453,0.01,0.612152308740076,0.821077672252951,0.01,0,0,0,0,1.59573096717564,1.92114103062223,1.70172212255896,1.81514987523891,0,0,0,0,0.660997404547832,0,0,0,0.5,0.5,0.805665423875835,0,0,0,0,0,0,0,0,0
510,-0.0223515681325631,0.0651042238936857,0.0529336747316713,0.130000000101594,0.00499999999737332,0.0463666412525524,-0.00999999989723211,-0.0542653257835402,0.0598574018073822,0.675598408710711,4.53914678267537e-06,-7.44058656596681e-06,0.737311076028778,-0.00932438132733009,0.00602346393424113,0.0519969999984122,-0.0266038911821032,-0.0749999999999268,-5.82908916142702e-05,2.08110072209896e-14,3.25849336648528e-14,-0.0500000000000178,-6.67860671824911e-09,-0.0749999999997207,-0.0146990418770061,-0.00163928851850713,0.000380074729120538,0.314011390283788,-0.0115444406631843,-0.080449946994462,5.65946318424598e-05,0.0880556965316084,0.0850220257603584,0.185799893882886,0.399999999983749,-0.127742408802837,0.249999999989428,0.399999999974985,0.400000000166016,0.186759064207151,0,0,0,0,0,0,0,0,0.01,0.708847103675568,0.01,0.01,0,0.01,0,0.01,0,0,0,0.01,0,0.01,0.01,0,0.01,0,0.218889219202161,0.01,1.00416449986844,1.22130583795222,1.09677981670444,1.12869052111621,1.25542205603937,1.76650602533596,1.4541797312497,1.56774835012561,0,0,0,0,0.5,0,0.76193524528806,0,0.5,0.638555735146933,0.635992796061056,0,0.5,0,0,0.5,0,0.503900370602407,0,0
511,-0.0241331971029607,0.0662688294540726,0.0532237757693129,0.130000000101311,0.00500000006189803,0.0459073310914634,-0.00999999989943942,-0.0544905255884396,0.0598544935669644,0.674873656669675,-9.5212392677897e-06,1.07580420504705e-05,0.737974519061483,-0.00942398392989638,0.00579331037421412,0.0519978149773599,-0.075,0.075,0.0288594026493325,4.82433279951082e-14,2.71833246989774e-15,0.00379999493750192,6.5173664261938e-11,0.0360734595850192,0.00056966387682461,0.00286190822950366,-0.000122133550101645,-0.0119027782271305,0.000520099166738438,0.0365462801119495,0.000640406398811834,0.309384463692059,-0.204067821282282,0.15,0.4,-0.0828150395283821,0.158112224448612,0.4,0.0960122965562828,0.157511844510775,0,0,0,0,0,0,0,0,0.01,0.834843001023324,0.01,0.01,0,0.01,0,0.01,0,0,0,0.01,0.948350219231169,0.01,0.01,0,0.01,0,0.01,0.01,1.19402398823763,1.43383266413364,1.29858721477747,1.3292694375938,1.20806010012835,1.80137591791072,1.4636577951343,1.54577822290477,0,0,0,0,0.508923361095013,0,0.5,0,0.5,0.5,1.2818720760331,0,0,0,0,0.5,0,0.550758810484328,0,0
512,-0.0260531551071603,0.0678904333479342,0.0533366538222996,0.130000000101311,0.00500000007153222,0.0465195817158233,-0.00999999990016276,-0.0534087156395144,0.0598579814317545,0.67499915743285,-7.56093205151399e-06,8.70107450795693e-06,0.737859729861182,-0.00940884067651416,0.00687738941405359,0.0519976897453948,-0.075,0.075,-0.0173405973506674,4.82440377234706e-14,2.87810218753636e-15,0.05,3.078444486304e-11,0.0718108094790142,6.23938776126219e-07,-0.00096287827267022,-7.86393059847349e-06,-0.0213744119489455,0.00103408630261681,0.0715522420882853,-0.000175197202077819,-0.022727063737523,-0.0857325290352827,0.16650869614846,0.4,0.0731386442427666,0.245547035976915,0.4,0.306590120447113,0.161391513814794,0,0,0,0,0,0,0,0,0.01,0.597511795942004,0.0999339686328421,0.01,0.71737448078569,0.01,1.80860284149236,0.01,0,0,0,0.01,0.221030960570718,0.01,0.0155714523522607,0.01,0.01,0.741120628196357,0.425463525057424,0.01,0.990202320572808,0.998601961603784,0.981679552947744,1.00712472922885,1.18878964100614,1.58222182044671,1.3161977437272,1.45481371772564,0,0,0,0,0,0,0,0,0.520672275086534,0.5,0.546033090971699,0,0,0,0,0,0,0,0,0
513,-0.0266111358027897,0.0689303155548225,0.0525519742646889,0.130000000101311,0.00406116428724819,0.04705527170509,-0.00999999990730588,-0.051684597297738,0.0598370019526507,0.675221589183284,-6.21305951941138e-06,7.10361778022908e-06,0.737656186524122,-0.00938863514419222,0.00859587932247959,0.0519973159946122,0.0187332641164707,0.0292171350137676,-0.05,4.82449044461323e-14,-0.075,0.00380001507900387,-2.61595674930437e-08,0.075,-0.00180256184410607,0.00379245719123451,0.000716627548194527,-0.0288814689165524,0.00100730365173132,0.0897172995594541,-0.000168729017613136,0.213497901385998,-0.4,0.245379286649754,0.4,0.187566545535073,0.223189226147065,0.4,-0.0960234381000265,0.232760486426498,0.485961461773436,0.01,0.01,0.01,0,0,0,0,0.01,0.923049919381962,0.01,0.01,0,0.01,0,0.01,0,0,0,0.01,0.553824148302996,0.01,0,0.01,0.01,0.444665854863276,0,0.01,0,0,0,0,1.07175729182957,1.38975863795101,1.18256100383091,1.27895492594967,0,0,0,0,0.5,0,0.714198132729195,0,0.5,0.5,0.664386306265051,0,0,0,0.5,0,0,0,0.5,0
514,-0.0249703279748753,0.0681720506411612,0.0521917777306921,0.130000000101229,0.00254649983640155,0.0474527926292969,-0.0099999998995321,-0.05127264888083,0.0600000010809463,0.675800494924565,1.32097719062336e-05,-7.21383139019749e-06,0.737125864477618,-0.00919972924941337,0.00932426856663694,0.0519978925963403,0.075000000000086,-0.00865255882518006,0.0113345263112828,4.16876570275795e-14,-0.0750000000000006,0.0357920908473736,-2.6861847498211e-15,-0.030452980220022,5.73101030009285e-11,-0.0308182476803434,-0.0201472692284575,-0.187358205281108,0.0272186378964547,-0.0379812412069404,0.000110814553221979,-0.399999999948853,-0.399999999807522,0.191323940133554,0.399999999996102,0.399999999999641,0.175148661826124,0.400000000000661,-0.399999999751355,0.234286730254243,0.01,0.587859589603396,0.0991090165705229,0.01,0,0,0,0,0.01,1.16788274214478,0.01,0.01,0,0.01,0,0,0,0,0,0.01,2.27978273978304,0.01,0.01,0,0.01,0.398106041652097,0,0.01,0,0,0,0,1.43435265848619,1.86854050503725,1.59150344698286,1.71138971654057,0,0,0,0,0.881402174766328,0,0.613780396707853,0.5,0.5,0.5,0.905925294577111,0,0,0,0,0.5,0,0,0.5,0
515,-0.026053776316431,0.0667813379855396,0.0519799007715148,0.130000000101311,0.00367978536392589,0.0477043244025207,-0.00999999989868893,-0.0530686536107137,0.0600000000112192,0.673009016912551,5.43358641569888e-06,-5.46383917099686e-06,0.739675486123682,-0.00905581716523986,0.00812892435311446,0.051997413899748,-0.075,-0.075,-0.0260904478220547,4.82440449054146e-14,0.075,-0.0104079209603323,-3.80063834997624e-15,-0.075,-2.68190765673282e-14,-0.00361032401276572,0.000370675183536577,0.650414745680393,-0.0066543732501457,-0.0750318939038026,-5.48226098507775e-05,0.328855722042896,-0.4,0.25,0.4,0.0991218585572191,0.25,0.4,-0.0572333947102793,0.240791413624883,0.6188969906101,0.01,0.01,0.01,0,0,0,0,0.01,1.01682085634155,0.01,0.01,0,0.01,1.69349961266614,0.01,0,0.233244253734183,0,0.01,0.566438067779233,0.01,0.375513928782855,0.01,0.01,0,0.391530201598381,0.01,0,0,0,0,1.20171448588165,1.39026382650511,1.21906998836524,1.37290832402151,0,0,0,0,0.569379327834949,0,0,0,0.548244708249896,0,0.762234763427696,0,0,0,0,0,0,0.5,0,0
516,-0.0262253565627466,0.0650967630910821,0.05184707929791,0.130000000101311,0.00402730150361507,0.0472433903584736,-0.00999999989861311,-0.0538885196360299,0.0596044087613301,0.670202909191835,4.20680275812152e-06,3.93151356822181e-07,0.742219052939533,-0.00905362743600098,0.00654579833238183,0.0519985457310531,0.0206569641722591,-0.0443682381709308,0.0011902155660136,4.82454608005895e-14,-0.0396749664222983,-0.0355597146549857,-7.58608446037165e-10,-0.075,-0.0101025128170951,-0.0913894482919989,0.00920446604954742,-0.203628923717542,0.0121448805510317,-0.0629689971551129,0.00542388866325329,0.4,-0.4,0.246889747117889,0.4,-0.0321400467766599,0.19029630802598,0.4,0.4,0.173595631782845,0.814676961146584,0.01,0.01,0.01,0,0,0,0,0.01,0.740951651961579,0.01,0.01,0,0.01,0,0.01,0,0.01,0,0.01,0,0.01,0.1069484985075,0.01,0.01,0,0.302128518891267,0.01,0,0,0,0,1.01301806563846,1.24024354513652,1.09792095267645,1.15534065809852,0,0,0,0,0.5,0,0.715256805869206,0,0.5,0,0.992784687053907,0,0.5,0,0,0,0,0.5,0,0
517,-0.0246728153273658,0.0642737257036716,0.0518340657146018,0.130000000101311,0.00500000006986141,0.0470728857459722,-0.00999999987583292,-0.054869081930199,0.0596075204860865,0.674342747495257,1.55539140263392e-06,5.65760077456371e-07,0.738459948926524,-0.00848156903951049,0.00550854477328909,0.0519975301358015,0.075,-0.0278897481258795,-0.00039128394719374,4.82441172775024e-14,2.11507348545764e-09,0.0182402626397479,7.72746043096288e-10,-0.0388978615237469,0.000520803693217598,-0.00444796579918255,-0.00015619539075813,-0.819974717194926,0.0414223047551806,-0.0412194826587918,0.000262045446301994,-0.4,-0.4,0.187038607930093,0.266779507696189,0.4,0.197921228761869,0.4,-0.4,0.25,0.01,0.908083235524474,0.01,0.01,0,0,0,0,0.01,1.17270749967101,0.01,0.01,0,0.01,0,0,0,0,0,0.01,0,0.01,0.01,0,0.01,0,0.530154225088878,0,0,0,0,0,1.54447878507363,2.18540299185351,1.81934575917977,1.91053601774737,0,0,0,0,1.21141895231888,0,0.825902710569455,0.5,0.632793046860919,0.607481526578346,1.05976616629155,0,0.807891058723125,0,0,0.584451246310654,0,0.5,0,0.5
518,-0.0257022565826272,0.0628267614205631,0.0522108185138119,0.128300050248458,0.00500000008431596,0.047909658866251,-0.00999999989868893,-0.0567287138290171,0.0600000000136184,0.673750118080134,5.63096721896124e-06,-4.33984261716076e-06,0.739000742986343,-0.00811235367594898,0.0042061251494625,0.0519974494307058,-0.075,-0.075,0.0373428395171297,-0.075,2.01794710563201e-15,0.05,-3.80164289308998e-15,-0.075,9.24981512224614e-11,0.00552175173824109,3.72933921185619e-05,0.515220610974657,0.00329639113412712,-0.0761852241461864,5.37294928848031e-05,0.4,-0.4,0.15,0.4,0.177981817673474,0.15,0.4,0.4,0.25,0.01,0.397461896438171,0.380791072653644,0.202436040778013,0,0,0,0,0.01,0.740940512864212,0.01,0.01,0,0.01,1.74492410895953,0.01,0,0,0,0.01,0,0.01,0.01,0.14130564828589,0.01,0,0,0.01,0,0,0,0,1.10936334448217,1.56418110258249,1.30881112312407,1.3647333239406,0,0,0,0,0.585151167257087,0,0,0,0.5,0.5,0.817665367708327,0,0.5,0,0,0,0,0.530321316454426,0.5,0
519,-0.026851582940748,0.0616258802715791,0.0523918737642434,0.129499959628144,0.00500000004218834,0.0489661488487471,-0.00999999988989307,-0.0572649209557039,0.0599609055733325,0.670129856933197,3.87240826026318e-06,-8.4441899558278e-06,0.742285266273293,-0.0084190674511224,0.00320562545923025,0.0519975269537749,-0.0451318162653613,-0.0349261473718122,0.000688778132641833,0.075,-1.53383684208228e-16,0.05,3.73355791867636e-09,-0.0267288493381861,0.000724045023644542,-0.00196985132590675,0.00682780939157245,0.456256646485448,-0.0229452458294639,-0.0270097927711106,0.000652720091637895,-0.320662907040226,0.261108925833515,0.15,0.4,0.0184017717684187,0.18564417833933,0.4,0.4,0.22961633183354,0,0,0,0,0,0,0,0,0.01,0.71693871174687,0.01,0.01,0.0494033500492205,0.198753696447271,1.23796229198302,0.01,0,0,0,0.01,0.01,0.329020901016521,0.01,0.01,0.01,1.00621875378137,0.151622995942634,0.01,1.43148362961528,1.38960539697519,1.41157982641213,1.40950920017834,1.18641331423671,1.57909549812558,1.34091773003158,1.4245910823307,0,0,0,0,0,0,0,0,0.5,0.5,0.5,0,0,0,0,0,0,0,0,0
520,-0.0285364599682206,0.0628974204564785,0.0519379571931668,0.130000000075759,0.00465675523383721,0.0495018385295594,-0.00999999990131088,-0.0568395901491969,0.0599609854669059,0.669341220450973,-6.78297207128986e-06,7.82708337836728e-06,0.742996492496017,-0.00853531119166256,0.003633880696954,0.0519974132890619,-0.075,0.075,-0.0456819741094759,3.52103861265124e-14,-0.0341537196459853,0.00379995825705704,-1.80953374626788e-10,0.058600912544295,-9.74175071514871e-05,0.000768616705008887,4.98542201179078e-05,-0.0140003499128388,0.000650868982711146,0.0586732017439044,-4.80129869586969e-05,-0.287548740906805,0.336905544549128,0.25,0.4,0.120968349567665,0.22161146028157,0.4,0.4,0.179277515828067,0,0,0,0,0,0,0,0,0.01,0.648011811341932,0.0282816971803146,0.01,0,0.0801947358482769,0.605677540062156,0.01,0.01,0,0,0.01,0.01,0.17495625083543,0.142127320167512,0.01,0.01,0.397913010528938,0,0.01,0.758046882463295,0.745331616794603,0.732506242955709,0.77087225630219,1.22131498731682,1.62069461490103,1.39032406347769,1.45168553874016,0,0,0,0,0.5,0,0,0,0,0.5,0.571364025230176,0,0,0,0,0,0,0,0.5,0
521,-0.0304564179724202,0.0647401670540043,0.0509014144662675,0.130000000076028,0.00451927725999968,0.0501094834263376,-0.00999999991227689,-0.0551827405699,0.0599768435192209,0.66962318509889,-5.22919578969692e-06,6.30221825527835e-06,0.742742383420179,-0.00850813986113971,0.00528619025860954,0.0519975066397011,-0.075,0.075,-0.05,1.11280400250614e-13,0.0201344891733374,0.05,-4.16378581891915e-08,0.075,0.00199023407121204,-0.0205203553189442,0.00170657059009073,-0.0451594730222856,0.00161877411330309,0.0909259259547251,0.00016232742175689,-0.233956755727524,0.294549322543614,0.25,0.4,0.0345974643209624,0.15,0.4,0.4,0.169816229497106,0,0,0,0,0,0,0,0,0.01,0.650855720827879,0.0396810552740803,0.01,0.373736767912065,0.01,0.482327687450981,0.01,0.01,0.193513243854875,0,0.01,0.01,0.0835605518801768,0.163536917663527,0.01,0.01,0.302936155546646,0,0.01,0.680518986363927,0.629371184083727,0.636419761865766,0.673470408581889,1.17976183508438,1.54887839880581,1.32692460314015,1.40171563075003,0,0,0,0,0,0,0,0,0,0,0.5,0,0,0,0,0,0,0,0.5,0
522,-0.0320707301845565,0.0663607368349292,0.049890551132094,0.130000000035416,0.00486768231592539,0.0507866598219554,-0.00999999991522134,-0.0533839630566085,0.0599733332499244,0.669967914502578,-5.5256505731916e-06,6.91634103975636e-06,0.742431446522349,-0.00847718137504014,0.0070809302795445,0.0519973892535852,-0.075,0.075,-0.05,-5.28408548623203e-14,0.0147330298609414,0.0178782846826935,-2.65868315313774e-08,0.075,-9.88607863307717e-05,-0.00371084683599173,0.00217070080515204,-0.0330428840089451,0.0020487586832434,0.0904147629937075,-0.000119610645293721,-0.124570193013348,0.133751325178183,0.237162581758217,0.368332009381461,0.0499228044721179,0.15857829180544,0.4,0.4,0.19176127095811,0,0,0,0,0,0,0,0,0.01,0.65926660361698,0.0137955157144416,0.01,0.39057905699786,0,0.46791323344158,0.01,0.01,0.198134707465022,0,0.01,0.01,0.01,0.183540741915816,0.01,0.01,0,0,0.01,0.716380223992496,0.620222163430891,0.685455480614594,0.651146906808793,1.1462359521866,1.4349647145293,1.27256408290721,1.30863658380869,0,0,0,0,0,0.5,0,0,0,0,0.5,0,0,0,0,0,0,0.5,0.5,0
523,-0.03362090196187,0.0679489006305175,0.049431241132094,0.13000000002472,0.0049842167405059,0.0516190895512489,-0.00999999991650139,-0.0515829804419612,0.0599784547904918,0.670315646819555,-5.59721576697448e-06,7.02504056699191e-06,0.74211750687362,-0.00844527503400965,0.00887791707895762,0.0519974481361116,-0.075,0.075,0.00379999999999979,-7.52831786027022e-15,-0.00450218253745806,0.05,-2.79811937923881e-08,0.075,0.000336396746333297,-0.00855704937997761,0.00252635193115015,-0.033703548734388,0.00209300550978482,0.0906960645901975,-3.85432500852313e-05,0.121506695404673,-0.166766341225287,0.186099582827306,0.117383472106164,0.0405880502432969,0.15,0.4,0.4,0.189226697318953,0,0,0,0,0,0,0,0,0.01,0.701246461045068,0.01,0.01,0.445703257101146,0.01,0.349900076559707,0.01,0.01,0,0.429569853198035,0.01,0.100908078617985,0.01,0.200368043476095,0.01,0.01,0.116459497681103,0.259731938761801,0.01,0.557512524758456,0.5,0.525259618356783,0.512060604652568,1.09539179939084,1.28927031450021,1.19756674243833,1.18709537145271,0,0,0,0,0,0,0,0,0,0.5,0,0,0,0,0,0,0,0,0,0
524,-0.0351228826687781,0.0694939199697118,0.0493118406682503,0.12998917662045,0.00447720465940033,0.0524106710040082,-0.00999999991446818,-0.0497877435498037,0.0599686672180022,0.670665008200944,-5.5349057676939e-06,6.86584707843857e-06,0.741801798514677,-0.00841321515854522,0.0106691692846412,0.0519973644030189,-0.075,0.075,-0.015642832223258,-0.00107695979614114,-0.0459915800019634,0.0292618353911083,-2.79180471095602e-08,0.075,-0.00030299266632321,-0.00193319889541326,0.00189857477159574,-0.0350619051678088,0.00204437308840145,0.0902644699953279,-0.000143871586861075,0.157291547605782,-0.140374101721292,0.181200197532582,0.0207288230078953,0.111763209695613,0.173056004390386,0.4,0.342895223811066,0.179065675106788,0,0,0,0,0,0,0,0,0.01,0.751594280701518,0.01,0.01,0.290484266084061,0.01,0,0.01,0.01,0,0.295066326367789,0.01,0.16734196266429,0.01,0.116240476167293,0.01,0.01,0.0973136792692107,0,0.01,0.524066596068674,0.5,0.525806085981888,0.5,1.03632440099005,1.24562081013208,1.12941516446353,1.1525300466586,0,0,0,0,0,0,0.5,0,0,0.5,0,0,0,0,0,0,0,0,0.5,0
525,-0.0349587028144504,0.0699885922313174,0.0494971538706017,0.130000000041776,0.00381585186687068,0.0528159152757219,-0.00999999989913144,-0.0481268390917437,0.0599850100337372,0.671090926747536,-4.69354108886418e-06,9.71653535637941e-06,0.741416504228474,-0.00835603370617968,0.0123317816359468,0.0519986837099987,0.0390517560533639,0.075,0.0131341229518332,2.20360536814255e-14,-0.020272300166118,0.0113521433849781,-2.18764866414311e-08,0.0360438427184646,-0.00114797236107962,-0.0508842518450149,-0.0248756948452159,-0.297093193795463,0.012988537702515,0.0551691091171987,-0.00415351630607849,0.361742875358849,-0.4,0.167133912874609,-0.213091823155455,0.144134411741294,0.15,0.399782951199709,0.367524090783681,0.15964852710819,0,0.348806740291348,0,0,0,0,0,0,0.01,0.743683362056624,0.01,0.01,0.203968631378616,0.01,0,0.01,0.01,0.01,0,0.01,0.231785569163684,0.01,0.163713816942408,0.01,0.01,0.01,0.193992017019202,0.01,0.5,0,0.5,0.5,0.961101504278921,1.11876263800266,1.03456283534836,1.04530130693322,0,0,0,0,0,0,0.5,0,0,0,0.5,0,0,0,0,0,0,0,0,0
526,-0.0350058327744125,0.0707599658674437,0.0495200694986809,0.130000000051486,0.00334662768379627,0.0527798650527698,-0.00999999987411753,-0.0473133400367325,0.0599865470027753,0.670825141557165,-1.72139058547453e-05,6.99536771925395e-06,0.741657003471905,-0.00839360628915454,0.0131412081320355,0.0519974903080533,-0.0285035255765343,0.0199204892301038,-0.000102139863912171,6.5597634760859e-14,-0.0266183879977988,-0.0148262748087517,3.74907825834914e-09,0.0276199812579771,0.000433571223696461,-0.00412528135301345,-0.0017751197655714,0.291132497244326,-0.014612400296236,0.0280247784518091,0.000185733662653306,0.4,-0.4,0.215621859885671,-0.145564433541085,0.103852203472717,0.156489047947738,0.399228250751379,0.395644913144854,0.165289835778797,0,0,0.237283568593714,0.205795621409319,0,0,0,0,0.01,0.754928655042121,0.01,0.01,0.159096667499589,0.01,0,0.01,0.01,0.01,0,0.01,0.143305769397054,0.01,0.23249101837364,0.01,0.01,0.01,0.1878600944876,0.01,0.5,0.5,0,0,0.963077919312153,1.06618749288494,1.00678370928019,1.02248170291691,0,0,0,0,0,0,0.5,0,0,0,0.5,0,0,0,0,0,0,0,0,0
527,-0.0338579055876378,0.0711056712388148,0.0493188507191984,0.128706954962757,0.00434405035545032,0.0527336698869967,-0.00999999987465911,-0.0470856209263874,0.0599866547153827,0.670919632576563,-4.80468704945155e-06,1.14383709587108e-05,0.74157152879641,-0.00838032566497272,0.013368742084178,0.0519974799774824,0.075,0.00937038644617151,-0.0198191283742161,-0.075,0.075,0.0100822158145074,3.57643766986226e-09,0.00038030408073697,1.25697641737351e-05,0.000819340730612874,-0.000115466564781428,-0.0045578135096578,0.000290501212780344,0.000228644258756106,2.10817087701806e-05,0.4,-0.4,0.25,0.109026159057891,-0.0801049165946319,0.203718021361808,0.39503516538317,0.4,0.156476381323976,0.238970485282136,0.01,0.158326381513267,0.189759695692472,0,0,0,0,0.01,0.747258319652138,0.01,0.01,0.0401698523831431,0.01,0,0.01,0.01,0.01,0,0.01,0.197654362937136,0.0902002786754185,0.169518331855719,0.0594171825777876,0.01,0.149051213865128,0.166500982438852,0.01,0,0,0,0,0.833468922901819,0.932332256086363,0.827093911206783,0.938707267781399,0,0,0,0,0,0,0.5,0,0,0,0.5,0,0,0,0,0,0,0,0,0
528,-0.0321261751110382,0.0712789416139947,0.0494599581520167,0.126969278059166,0.00500000002074102,0.0524710042057565,-0.0099999998744067,-0.0470863485174725,0.0599871962217569,0.670928368893176,-6.5018824468135e-07,6.9444069185159e-06,0.741563624796808,-0.00837826994539523,0.0133684107600667,0.0519978448061469,0.075,0.00891470742377929,0.0230751391509346,-0.075,1.93284060190096e-15,-0.0361177881641893,2.68596434017457e-09,2.24943844734347e-05,-8.68921044267299e-06,0.00106194702069138,0.000183815452221118,-0.00153655147148647,0.000133875466270151,-4.73616049101975e-05,1.21258903954856e-07,0.295335391243177,-0.4,0.218726196056803,0.4,-0.117963510744366,0.241042192093171,0.4,0.377824435653106,0.231073793686345,0.495858449388395,0.01,0.051893814146381,0.0385622154865805,0,0,0,0,0.01,0.780265732172729,0.01,0.01,0,0.01,0.273684980349026,0.01,0,0.0320695035536267,0.410232105390897,0.01,0.407535001464809,0.01,0.0885736827021352,0.01,0,0.199620061042648,0.225120807743915,0.01,0,0,0,0,0.682600734041095,0.781933413155324,0.672497450670585,0.792036696525835,0,0,0,0,0.5,0,0,0,0.5,0,0,0,0,0,0,0,0.5,0,0,0
529,-0.0304862352979618,0.0712529740973254,0.0497837429995215,0.125901493948352,0.00377275602794783,0.0515319999996007,-0.00999999987652707,-0.0473054276429359,0.0599846732149996,0.671939961832951,4.8854399135391e-06,-2.8243477485926e-06,0.740647140295985,-0.00823589381971107,0.0131466180153712,0.0519975126831726,0.075,-0.0102490161331177,0.0108983736658454,-0.0319934437435038,-0.075,-0.05,7.15225572503472e-10,-0.0208056389254277,-8.48494454038083e-05,0.000104381164113956,-0.00039924155616301,-0.280865046435569,0.014427161103812,-0.0216286582021502,-5.36370228015692e-05,0.268719024864115,-0.4,0.184700738472696,0.4,-0.0682471375061924,0.25,0.4,0.0550732231457754,0.25,0.518802938270501,0.01,0.0765269024281183,0.0477701215057668,0,0,0,0,0.01,0.901974165760347,0.01,0.01,0.572127741726967,0.01,0,0.01,0.133224800710399,0.01,0,0.01,0,0.01,0.0980190725070901,0.01,0,0.108410022590426,0.275372670060061,0.01,0,0,0,0,0.5,0.5,0.5,0.503860267593248,0,0,0,0,0,0,0.5,0,0,0,0.5,0,0.5,0,0,0,0.5,0,0,0
530,-0.0288354548962931,0.0703932994712904,0.0501203040197844,0.12741946729249,0.00211795605482548,0.0510726899996007,-0.00999999989270411,-0.048366464289604,0.0599115700368957,0.673709113489867,8.17326254218822e-06,-4.25157185332271e-06,0.73903826548002,-0.00769490333688887,0.0121035685883614,0.0519976792072463,0.075,-0.0728895646534563,0.0171876927935395,0.075,-0.075,0.00379999999999979,-9.22924153238916e-09,-0.075,-0.00654137880260611,-0.00034507385499451,0.000275476093315112,-0.277750250418584,0.0386787694715423,-0.0820854353830972,-7.67982306088893e-06,0.135865586051805,-0.4,0.25,0.4,-0.232598403518231,0.176386777113737,0.4,-0.305410943168399,0.200806219775197,0.319206384062508,0.0347234794660438,0.0697215460751363,0.17596378114195,0,0,0,0,0.01,1.12188606003555,0.01,0.01,0,0.01,0.93253328342167,0.01,0,0.01,0,0.01,0.803495210269633,0.01,0,0.313908131443818,0.01,0.01,0,0.01,0,0,0,0,0.5,0.5,0.5,0.5,0,0,0,0,0.5,0,0,0,0.5,0,0.729475086818706,0,0,0,0.5,0,0,0,0.5,0
531,-0.0272277839728049,0.068991437080002,0.0501870968711474,0.12933942529669,0.000490365142333013,0.0516849399996007,-0.00999999988192579,-0.050012259076096,0.0598990297237169,0.678851934942241,3.91880025990375e-06,-1.96927961734588e-06,0.73431725827162,-0.00689116733640047,0.0104141419720329,0.0519975954923082,0.075,-0.0694306010504511,0.000282669028397448,0.075,-0.075,0.05,-1.22427337762152e-08,-0.075,-4.21707060438771e-05,0.0019120532459428,-0.000600273930269349,-0.848760602361524,0.0427358370338385,-0.0864001094234972,-1.72627519363217e-05,-0.195202309031514,-0.4,0.197641978442638,0.4,0.157960833459559,0.15,0.4,-0.4,0.236230519455858,0.01,0.357510741435098,0.173565628425497,0.0747788022642267,0,0,0,0,0.01,1.16312930960305,0.01,0.01,0,0.01,0,0,0,0.01,0,0.01,1.94323324445482,0.01,0.01,0.242675546082026,0.01,0.149682393739532,0.4702496865468,0.01,0,0,0,0,0.742358635833877,0.859678110933571,0.804809659759629,0.797227087007818,0,0,0,0,0.802727830782508,0,0.589167082525389,0.5,0.5,0,0.769238410142869,0,0,0,0,0,0,0,0,0
532,-0.0278959215107284,0.0672002596119876,0.0498362890039057,0.130000000101311,0.000557047620769898,0.0522206300123693,-0.00999999989868893,-0.0519416695019752,0.0600000000085992,0.679860078118318,7.08365137424747e-06,-4.93475848376148e-06,0.733384011097171,-0.00637633277768751,0.00866812911111218,0.0519973948605842,-0.075,-0.075,-0.0359425151461208,4.81446055901389e-14,0.075,0.00380000362731852,-3.92190826180962e-15,-0.075,2.2801927431726e-14,-0.00739625787464922,-0.000875687779871464,0.261428901607849,0.013346501379893,-0.0800022170668468,-7.14971800200229e-05,0.178186002518507,-0.4,0.247904303043021,0.4,-0.0046677160130374,0.15,0.4,-0.355733415662495,0.229240601757806,0.247726986204485,0.134493570952415,0.149248072994258,0.0454730392158275,0,0,0,0,0.01,1.1553165683641,0.01,0.01,0,0.01,0,0,0,0.0538945983686488,0,0.01,1.53848859188762,0.01,0.01,0.0491327388450497,0.01,0.0573842711614043,0.495712527905144,0.01,0,0,0,0,0.596174872953673,0.661291019704865,0.609241780820444,0.652730905121482,0,0,0,0,0.701400550415693,0,0.54492757693846,0.5,0.5,0,0.686570666142219,0,0,0,0,0,0,0,0,0
533,-0.0280378348170919,0.0654234998557562,0.0492035277653774,0.130000000101311,0.00172715654120419,0.0518323249391946,-0.00999999989868894,-0.0535385971508495,0.0600000000064832,0.677067611469412,6.25197775005453e-06,-4.84794319965378e-06,0.73596287721866,-0.00619212752004518,0.00704730660860584,0.0519973301791743,0.0397277978126164,-0.075,-0.0263016643558248,4.82439622956501e-14,0.0421750945806154,-0.0423994041108119,-3.79942996842414e-15,-0.075,-1.256793420102e-14,-0.0114883510502912,-0.00300961792718316,0.314442772072715,0.0132382879898403,-0.0859018988567266,-0.000122001802576574,0.112345216518729,-0.4,0.25,0.4,-0.0320887276050396,0.25,0.4,-0.4,0.227782976698665,0.291097428651034,0.0825391714880274,0.107519722267942,0.0891170254505339,0,0,0,0,0.01,1.15690612523154,0.01,0.01,0,0.01,0,0,0.169193014467634,0,0,0.01,0.914299906461854,0.01,0.0638533172172545,0.20105698540791,0.01,0.157768131408783,0.517930463579571,0.01,0,0,0,0,0.5,0.52395904745483,0.5,0.5035967820921,0,0,0,0,0.587619546068496,0,0.5,0.5,0,0.5,0.539138378398287,0,0,0,0,0,0,0,0,0
534,-0.0271627315042298,0.0638720502028941,0.0490730691234169,0.130000000101311,0.00250536093735401,0.0510929275187218,-0.00999999988292233,-0.0551294742477831,0.0600000000041908,0.678483336866781,3.93816860344875e-06,-3.2734760300424e-06,0.734657961994257,-0.00583712575765902,0.00538933940007097,0.0519974560162401,0.0455697437285454,-0.075,-4.5395515975847e-05,4.82434172390241e-14,0.0356777840758388,-0.0315942845228487,-1.70361304397569e-08,-0.075,-2.55559559782467e-09,-9.18560873022585e-05,-0.000417691486954617,-0.458516023971456,0.023244852394477,-0.0861118310498135,-3.95510795904794e-05,-0.327620111688447,-0.4,0.24976182152992,0.4,0.124156864198616,0.218014684571222,0.4,-0.4,0.232920132685017,0.01,0.589051660076438,0.0971582699911233,0.107796836474842,0,0,0,0,0.01,1.14927131308802,0.01,0.01,0,0.01,0,0,0,0,0,0.01,2.35838746949589,0.01,0.01,0.172376764276523,0.01,0.448120871842938,0.373795807965805,0.01,0,0,0,0,0.768847135516173,0.982694453619736,0.857999074039307,0.893542515096601,0,0,0,0,0.935901831748491,0,0.685765547961477,0.5,0.5,0.5,0.835345629622564,0,0,0,0,0,0,0,0,0
535,-0.0283484191340213,0.0620644991322576,0.0487149606199514,0.130000000101311,0.00387818410695224,0.0501362232304918,-0.00999999989868894,-0.05705839199472,0.0600000000088057,0.677801680562773,6.31286695058011e-06,-5.62679847955765e-06,0.735286929928537,-0.00562468396215309,0.00372519590016863,0.0519973979317564,-0.075,-0.075,-0.0354782873859541,4.82440678942267e-14,0.075,-0.05,-3.79852083709031e-15,-0.075,4.16831213171821e-15,-0.00918143923886966,-0.000217580340290443,0.417887159833608,0.00159208677529448,-0.0768680653420139,-6.06031797559428e-05,0.4,-0.334453273838157,0.25,0.218449959657893,-0.131313979104579,0.230617320930948,0.4,0.4,0.236125948290688,0.309299746535238,0.01,0.14312789876273,0.13527380159685,0,0,0,0,0.01,0.834567024911719,0.01,0.01,0,0.0359405283551903,0.464711089863167,0.01,0,0.231036312582141,0.447446507588951,0.01,0.01,0.0276567550916092,0.23550025947226,0.01,0.01,0.301078499892811,0.128279492949615,0.01,0,0,0,0,0.606806327582272,0.5,0.5,0.5,0,0,0,0,0.5,0,0,0,0.5,0,0,0,0,0,0,0,0,0,0,0
536,-0.0273959299705624,0.061200039453896,0.0484454124993428,0.13000000001705,0.00332047205997202,0.0493180747851031,-0.00999999987737285,-0.0577716441472542,0.0599755879138673,0.678167784355413,2.84589933344346e-06,-1.31017586936991e-06,0.734949310090004,-0.00546706313217963,0.00277977172217077,0.0519972605022052,0.075,-0.00906455014533014,-0.0042593535791853,-7.17212654816606e-14,-0.075,-0.0319053141817026,-2.82806410412884e-09,-0.0223990484385106,0.000518479201519511,-0.00396733436034294,0.00156071051532209,-0.369762245676031,0.0186348411230478,-0.0230411112941913,0.000333263544488385,-0.0842708556697756,-0.4,0.244958972466343,0.4,-0.085147086596875,0.25,0.4,-0.4,0.230426675661763,0.01,0.246420708134697,0.106941386398956,0.123468370267015,0,0,0,0,0.01,1.13674760375522,0.01,0.01,0,0.01,0,0,0,0.01,0,0.01,1.16236531062812,0.01,0.01,0.34319398493995,0.01,0.271263824752205,0.454869504112348,0.01,0,0,0,0,0.502823101424802,0.659715668851966,0.5,0.5,0,0,0,0,0.673191218204324,0,0.549381252516781,0.5,0.5,0,0.651967123251698,0,0,0,0,0,0,0,0,0
537,-0.0272315805603856,0.0600636438363179,0.0484324228963663,0.130000000101311,0.0017732793138181,0.0489020117119731,-0.00999999989868894,-0.0593971672834026,0.0600000000078216,0.676793871377209,5.93229011179891e-06,-4.15321431227041e-06,0.736214753426077,-0.00518156943008728,0.00171698341739653,0.0519973716045624,-0.0312497945125252,-0.075,-0.000556552175273975,4.82432310187835e-14,-0.075,-0.00981146560075767,-3.79967258657244e-15,-0.075,7.94719611225348e-15,-0.00700726864534723,0.00214316888986435,0.654115691358773,0.00381135852668058,-0.0771704359671895,3.8626327716879e-05,0.340572737071199,-0.4,0.240671027072663,0.4,0.256379543602651,0.238619323246923,0.4,-0.198219986200193,0.231165982421814,0.451434175559389,0.01,0.0886883753079147,0.0702224648611016,0,0,0,0,0.01,1.06112345622791,0.01,0.01,0,0.01,0,0.01,0,0,0,0.01,0.762802930920634,0.01,0.170146830388593,0.0944698008537006,0.01,0.359844414846986,0,0.01,0,0,0,0,0.5,0.702167493185945,0.5,0.5,0,0,0,0,0.56746919843323,0,0.5,0,0.5,0.554756138669844,0.567549250811725,0,0,0,0,0,0,0,0.5,0
538,-0.0262791902798944,0.0587005546929661,0.0482526937255216,0.130000000101311,0.00098184098504127,0.0492464721780747,-0.00999999987617124,-0.0603271264735808,0.0600000000121299,0.676264210180326,5.80132970597866e-07,-1.89411869744822e-06,0.736701369501359,-0.00493978039533436,0.00031984934676393,0.0519970978362638,0.075,-0.0585190366767005,-0.0125518648228752,4.82517815710922e-14,-0.00449632234598132,0.0439885342797914,-6.66041848518482e-09,-0.0602491156260088,-1.29288798357437e-08,-0.0120138595478283,-0.00123064973686163,-0.433550112350241,0.0220933478074879,-0.0633834600019849,-0.000587296084501521,-0.4,-0.4,0.206206028595783,-0.4,0.4,0.167107881397736,0.4,-0.4,0.25,0.01,0.60033157286888,0.0729512743925269,0.01,0,0,0,0,0.01,1.12644698825558,0.01,0.01,0,0.01,0,0,0,0,0,0.01,0,0.01,0.01,0,0.01,1.58383828069027,0.01,0,0,0,0,0,1.5874837789539,2.24349347340838,1.87156115764223,1.95941609472005,0,0,0,0,1.46475913749053,0,0.934212699193844,0.5198317589871,0.5,0.681864749964656,1.08163300102195,0,1.2917878905685,0,0,0.873925522904033,0,0,0,0.5
539,-0.0274735513233595,0.057009488122145,0.0486081477560358,0.128300050106856,0.00266383069519719,0.049661932864694,-0.00999999989868892,-0.0622272208060169,0.0600000000118904,0.674902240435148,5.23126865473853e-06,-4.39171539328297e-06,0.737949329246098,-0.0047227959711895,-0.00118792290333293,0.0519974634872812,-0.075,-0.075,0.038700584919785,-0.075,0.075,-0.00221146566858802,-3.80296283890143e-15,-0.075,1.69206846315605e-14,0.00154022292364933,0.00143125326577791,0.510295276044761,0.000559436316551438,-0.0746426187848472,2.94606779591526e-05,-0.4,0.104171551449376,0.237460366222821,-0.4,0.381957302030751,0.25,0.4,-0.4,0.231013076173272,0,0,0,0,0,0,0,0,0.01,1.13483548644544,0.01,0.01,0,0.01,0,0.01,0,0,0,0.01,0,0.01,0.01,0,0.01,0,0.177584665513029,0,0.5,1.15617637494813,0.684176631114354,0.909304902602054,1.02804001995933,1.45883974934401,1.15815981297353,1.32871995632982,0,0,0,0,0.91005841166835,0,0.647228302140628,0,0.5,0.744396611958896,0.733696518809823,0,0.561502715990876,0,0,0.696025424554181,0,0.528312814949082,0,0.5
540,-0.0293919671184844,0.0567642197836742,0.0489033979052477,0.126380092102656,0.00458380969624714,0.0499118694529439,-0.00999999989868895,-0.0640651241381622,0.0600000000108107,0.672939142993548,5.11115085446218e-06,-6.31281869999565e-06,0.739739955015864,-0.00475844708433609,-0.00212460988754899,0.0519974257310067,-0.075,0.0475703916868161,-0.00822546026215368,-0.075,0.075,0.0270587732987447,-3.79752428239704e-15,-0.075,-1.28791630587149e-14,-3.21626093582823e-05,-0.000204156694481516,0.0624330834776865,-0.00206650030567092,-0.0176872475049474,1.61777619830078e-06,0.0312126062719788,-0.039573037739419,0.25,-0.114954260817818,-0.0854604891037722,0.15,0.346938832087395,0.4,0.203027441188731,0,0,0,0,0,0,0,0,0.01,0.77262325040243,0.01,0.01,0.0191366924338553,0.0337564865395499,0,0.01,0.01,0,0,0.01,0.01,0.0843894973259773,0.01,0,0.01,0,0.153531106961044,0.01,1.27031683476351,1.31529809914695,1.28995802159623,1.29565691231422,0.607697357111845,0.962743822819186,0.76018079403808,0.810260385892951,0,0,0,0,0,0,0.5,0,0,0.5,0.5,0,0,0,0,0.5,0,0.5,0,0
541,-0.0309283949362051,0.0574000621886754,0.0492795787000046,0.124723780940863,0.00500000000501951,0.0508462332542798,-0.0100000053702414,-0.0628915093833507,0.0600000000832755,0.672882711728512,-8.93359930744418e-06,1.14103890024818e-05,0.739791286474568,-0.00476467018172652,-0.00216584669557814,0.0519966113658201,-0.075,0.0161708465390405,0.0455745397378461,-0.075,3.74795337971554e-15,0.05,5.49444018156329e-05,0.0422481741615976,-1.65296387190186e-07,-0.0473149054882262,0.00308529192108455,-0.0205546185444505,0.00246010370896213,0.0269573024011607,-0.00239138009189453,0.0756620798818987,-0.0805288059320518,0.215404993031975,-0.055031363267979,-0.0669807223465195,0.15,0.394381461354545,0.4,0.200758577796513,0,0,0,0,0,0,0,0,0.01,0.794653443219295,0.01,0.01,0.172542267639308,0.0346252392477238,0.223252866999529,0.01,0.01,0,0,0.01,0.0847308201366954,0.0270605492619584,0.01,0,0.01,0,0.0636007203549008,0.01,1.3563576434959,1.34491270509736,1.33909982802283,1.36217052057043,0.536137846212487,0.925219626225249,0.741302746512743,0.720054725924993,0,0,0,0,0,0,0,0,0,0.5,0.5,0,0,0,0,0.5,0,0.5,0,0
542,-0.0324984815108435,0.0576741062391456,0.0502772133046187,0.123016121056905,0.00500000002314306,0.0518692366503636,-0.00999999991172164,-0.0616257290032372,0.0600000000106252,0.673546937594591,-5.56971549203333e-06,8.09799996558675e-06,0.739186592470179,-0.00469312327075917,-0.000880297160012264,0.0519973839323292,-0.075,0.0112581221300154,0.05,-0.075,1.69358151249972e-15,0.05,1.95692754112254e-08,0.075,1.17708661006756e-08,-0.00229528829606576,0.00130205532495086,-0.0998472587622927,0.00563935165035826,0.0885140362713898,-9.03406564491059e-05,0.00282937754020937,-0.0991773322230808,0.220910227633294,-0.111205586364362,-0.0603471174340651,0.15,0.4,0.4,0.191903605993886,0,0,0,0,0,0,0,0,0.01,0.780502003394981,0.01,0.01,0.303059551443473,0.01,0.233340364929418,0.01,0.01,0,0,0.01,0.354409508333949,0.01,0.01,0.220995356113185,0.01,0,0.0643017177207048,0.01,1.38954592225024,1.36651541884602,1.31485104622851,1.44121029486775,0.506447693946388,0.920931908514917,0.71923994460236,0.708139657858944,0,0,0,0,0,0,0,0,0,0.5,0.5,0,0,0,0,0,0,0.5,0,0
543,-0.0333708797904729,0.0583969195491561,0.050691250418943,0.121403249743162,0.00500000000990617,0.0529084411671912,-0.00999999990407381,-0.059943447640053,0.0599999238728288,0.673510297898624,-6.97093449841113e-06,6.73905264486957e-06,0.739219984604887,-0.00468959075898154,0.000803328107697675,0.0519976614603265,-0.00915724256761579,0.0736744202508468,-0.0125846248006947,-0.075,-3.32913443589988e-15,0.05,3.5563719615885e-09,0.075,0.000453381390404773,-0.00777003303626638,-0.000548967361599466,0.108013695595118,-0.00527266608798568,0.0870239273921891,5.53060883570275e-05,-0.0954404707293774,-0.130208236543471,0.25,-0.13141863201791,-0.00890779536992895,0.15,0.4,0.4,0.190197988833115,0,0,0,0,0,0,0,0,0.01,0.786352302712911,0.01,0.01,0.253059737536362,0.01,0.230375727089149,0.01,0.01,0,0,0.01,0.486006668524515,0.01,0.01,0.306450795826851,0.01,0.27307165806872,0.234658898636064,0.0848735683558534,1.39483468098525,1.40594763803769,1.35972663368797,1.44105568533496,0.51257385961558,0.91643803511535,0.689585088258949,0.739426806471981,0,0,0,0,0,0,0,0,0,0.5,0.5,0,0,0,0,0,0,0,0,0
544,-0.0332664933545692,0.059986253516265,0.0504996657716195,0.119865659755346,0.00454731737762574,0.0534441311714881,-0.00999999989509254,-0.0583502700913327,0.0600000000041146,0.673394090776526,-1.08527120650378e-05,1.00708087889503e-05,0.739325846459206,-0.00470531971077948,0.00239824721918373,0.0519971536493748,0.0155457673488999,0.075,-0.00847201390567993,-0.075,-0.0450430481999693,0.00380000021803334,-8.08034292157252e-09,0.075,2.80556311783522e-11,0.00226952114937286,0.00365657380818175,-0.0765486339175298,0.00394750044604816,0.0781160811971459,9.46928455954205e-05,-0.173655781237138,-0.123681087892844,0.25,-0.168343540020737,0.0225136770287778,0.15,0.4,0.4,0.185885910388854,0,0,0,0,0,0,0,0,0.01,0.80151433995585,0.01,0.01,0.247030390203504,0.01,0.194838261847881,0.01,0.01,0,0,0.01,0.500293357037978,0.01,0.01,0.308239559382621,0.01,0.258571167671008,0.218931204810732,0.101558086791734,1.45485620594541,1.47577438724351,1.42577830009407,1.50485229309485,0.531586594624999,0.916703496013573,0.683807708218,0.764482382420572,0,0,0,0,0,0,0,0,0,0.5,0.5,0,0,0,0,0,0,0,0,0
545,-0.0330209412991773,0.0615923075426307,0.0504046778887856,0.118305770749564,0.00377307492335429,0.0530558211758488,-0.00999999989466175,-0.0567898349250693,0.0600000000055561,0.674089068613726,-1.12041555055256e-05,1.05227615053495e-05,0.738692250357041,-0.00460977959130477,0.0039468363656345,0.0519971144637858,0.0102816952900836,0.075,-0.000976989093609007,-0.075,-0.0324441915106223,-0.0423999997819667,-8.08196975541574e-09,0.075,-8.89969802667196e-11,0.00187262645852127,0.00338494818010278,-0.10069882269134,0.0051703706764659,0.0779497290168299,7.51247080071387e-05,-0.0949305829743216,-0.0887868193067657,0.215644231879302,-0.172109520963575,0.00400413389489784,0.184951783501343,0.4,0.4,0.177535461733404,0,0,0,0,0,0,0,0,0.01,0.828795758741241,0.01,0.01,0.33163445262077,0.01,0.0538350124222395,0.01,0.01,0,0,0.01,0.532366709250239,0.01,0.01,0,0.01,0.26306646504044,0.171495999355511,0.113515827505796,1.50846096309417,1.55777905684783,1.49870597946086,1.56753404048114,0.55243728199334,0.940576153828718,0.681406148515836,0.811607287306221,0,0,0,0,0,0,0,0,0,0.5,0.5,0,0,0,0,0.5,0,0,0,0
546,-0.0332811753159411,0.0631438937759567,0.0503801599738132,0.116688918506961,0.00328423637364034,0.0522921453859291,-0.00999999989563975,-0.055189232535558,0.0600000000048655,0.673321650303139,-9.54245786387318e-06,7.25362417985165e-06,0.739391830390062,-0.00471514711305578,0.00556067849152592,0.0519973753700387,-0.0341217797730104,0.075,-0.00424684678678696,-0.075,-0.0165192879784338,-0.0340095315511558,6.27469101743759e-10,0.075,4.02292290885181e-09,-0.000934090804227572,0.000690468841437612,0.241272171540073,-0.0119493553856424,0.0842583640668438,-4.77157160479303e-05,-0.0408485949533574,-0.144983242379676,0.25,-0.125860888092753,-0.0224846091424781,0.167446573073446,0.4,0.341464113867355,0.198183275047367,0,0,0,0,0,0,0,0,0.01,0.809281646841431,0.01,0.01,0.280013361526023,0.01,0.191462722025104,0.01,0.01,0,0,0.01,0.576503783018737,0.01,0.01,0.308597740717324,0.01,0.225501511106408,0.230770278878653,0.105194240484766,1.33438962978746,1.38394820644717,1.32016354708718,1.39817428914745,0.545652089191485,0.905704808976344,0.677330517046956,0.774026381120873,0,0,0,0,0,0,0,0,0,0.5,0.5,0,0,0,0,0,0,0,0,0
547,-0.0332465350742386,0.0647275715332317,0.0502134969837935,0.115173276441757,0.002488431368266,0.0516718560458924,-0.00999999989465873,-0.0535886257007636,0.0600000000042861,0.672726664141283,-1.05070056197585e-05,9.94056963941985e-06,0.739933218339182,-0.00479679294121216,0.00717093031299273,0.0519971529058196,0.0259907138443565,0.075,-0.0119840589936448,-0.075,-0.0628296606954153,-0.0280492040898165,-8.41165444093899e-09,0.075,-1.603388805442e-10,0.00159856036793739,0.00349677713411799,-0.0838056048691489,0.00431015791893187,0.077694938965741,6.49076860239086e-05,0.36043072221041,-0.311202772871323,0.152516169763028,-0.249629242078913,0.279897097362384,0.25,0.370068646614497,0.4,0.182724353527525,0,0.195895541842952,0.187732406507278,0.167936695154967,0,0,0,0,0.01,0.633026772414759,0.0936551685868552,0.0528198764078766,0.249895645649376,0.01,0,0.01,0.01,0,0.23551641658024,0.01,0.175413701891402,0.01,0.01,0.0615460825619214,0.01,0,0.105740927217135,0.01,0.5,0,0,0,0.5,0.67311820799915,0.5,0.5,0,0,0,0,0,0,0.5,0,0,0.5,0,0,0,0,0,0,0,0.5,0,0
548,-0.0329278029125666,0.0660071406040522,0.0502033462361437,0.113507363762904,0.00325656780643887,0.0516515619635113,-0.00999999988794376,-0.0523685552618308,0.0599998560360988,0.673817660502621,-4.69016634993108e-06,8.33403094844186e-06,0.7389398512773,-0.00464647665217046,0.00837227418227546,0.0519976205912845,0.0143216907763822,0.050391595129523,1.37607549027179e-06,-0.075,0.075,0.0257507958519929,6.30193259375083e-11,0.0473498093670826,1.62566822488781e-05,-0.000687855300311519,-2.76151851012832e-05,-0.144596540299058,0.00736618695396807,0.0464157344304997,-1.47092216357558e-05,0.255156431381148,-0.4,0.192451079361318,0.4,-0.0600919350879132,0.191038924982447,0.4,0.217658368124277,0.224418337746625,0.303774745082936,0.01,0.137949129985428,0.0801796881270795,0.01,0,0.01,0.01,0.01,0.85796308349724,0.01,0.01,0,0.01,0.305306453818748,0.01,0,0.01,0.446400653023413,0.01,0.526189599379162,0.01,0.0874246946434345,0.01,0.01,0.0702007221424046,0.294089615888966,0.01,0,0,0,0,0,0.5,0,0,0,0,0,0,0.5,0,0,0,0.5,0,0,0,0,0,0,0,0,0,0,0
549,-0.0316184359717733,0.066461039445099,0.0500562005775838,0.114707273771903,0.00232310762832047,0.0519954680569933,-0.00999999987441555,-0.0520663635696041,0.0599979475231164,0.674753799243152,3.26512495267092e-06,-1.20946941870165e-06,0.738085133420511,-0.00451405819357196,0.00866297562020842,0.0519973417634322,0.075,0.00414450743554225,-0.0132585365292723,0.075,-0.075,0.00872494276166487,4.90012165372584e-10,-0.00356666097430431,0.000136687128647393,-0.000927744400589162,-7.491357031431e-05,-0.0417454954684967,0.00236473425230295,-0.00393170591979843,9.69014819055958e-05,-0.337997804016797,-0.4,0.25,0.4,0.106829898140966,0.209646489737016,0.4,-0.4,0.226672387700729,0.01,0.631297959991867,0.01,0.0138542625985797,0,0,0,0,0.01,1.11991290222085,0.01,0.01,0,0.01,0,0,0,0.01,0,0.01,2.29340433325357,0.01,0.01,0.193943416127656,0.01,0.233328565670043,0.289839071015147,0.01,0,0,0,0,0.5,0.618480469385052,0.5,0.5,0,0,0,0,0.799533685189952,0,0.602028631370875,0.5,0.5,0,0.706859099668237,0,0,0,0,0,0,0,0,0
550,-0.0326747527434779,0.0654984506331507,0.0497545695937541,0.116627231776102,0.00170413502178816,0.0517584153471484,-0.00999999989868895,-0.0537938958811215,0.0600000000072747,0.671615455741833,3.71788107408499e-06,-3.78855378612472e-06,0.740942080014382,-0.00463055500523044,0.00797557394845008,0.0519973596900723,-0.075,-0.075,-0.0208850640241232,0.075,0.0126644172604688,-0.032225461723734,-3.79759238778573e-15,-0.075,2.20624713757005e-14,-0.010428011423168,-0.000791049389911585,0.837188307535541,-0.0175798372829581,-0.0640591488871595,-0.000111928900604264,0.391836005837963,-0.4,0.223045684110542,0.0758308017261237,-0.0556951671487681,0.234656019405779,0.4,0.4,0.229415813802192,0.238524082262741,0.0983377536544307,0.168799040413081,0.168062795493791,0,0,0,0,0.01,0.813703544878035,0.01,0.01,0,0.01,0.375909539700865,0.01,0,0.189344730352969,0.395350127660427,0.01,0.075344503737601,0.01,0.190173852518443,0.01,0.01,0.241608573786583,0.158030911336814,0.01,0,0,0,0,0.5,0.556951126564516,0.5,0.5,0,0,0,0,0.522577477295144,0,0,0,0.5,0,0,0,0,0,0,0,0,0,0,0
551,-0.0318010011656261,0.0644633714161339,0.0495784163611421,0.117188517482021,0.00115504862122089,0.0515191037491358,-0.00999999987751622,-0.053912535046157,0.0599433855705703,0.669682600508574,5.62273718274116e-06,-1.59505508291493e-06,0.742689588491378,-0.00465361023595692,0.00695776696658534,0.0519977439070608,0.075,-0.0130975346215675,-0.00304497811516808,-0.0184044073712876,-0.0671738659013863,0.00809271105856109,5.35410063126894e-08,-0.0145404598574661,-0.000167321178521088,-0.0055844960329675,-0.00185180020901972,-0.258018983219001,0.0149544670115178,-0.0259043940602169,-0.000603961166988719,-0.0451224144786144,-0.104276718446862,0.201966263302233,0.10362659357872,0.182133451365906,0.195877548789817,0.4,0.4,0.212905968054051,0.01,0.102085071844453,0.0413008279928423,0.0671120677837627,0,0,0,0,0.01,0.770334187078037,0.01,0.01,0,0.0174555604515223,0.305853325957935,0.01,0.01,0,0.339955903661935,0.01,0.0854648099084164,0.01,0.01,0.089240257408914,0.01,0.443593185146885,0.0184421064925215,0.01,0,0,0,0,0.561537624029098,0.709203820056904,0.625478043484279,0.645263400601724,0,0,0,0,0.5,0,0,0,0,0.5,0,0,0,0,0,0,0,0,0,0
552,-0.0313388095920865,0.0646233762009275,0.0497338673817322,0.115829443076139,0.00104525613732013,0.0517930050986078,-0.00999999989243029,-0.0538169883351059,0.0599447001291216,0.670545884687513,-4.30481567005025e-06,6.15813388016442e-06,0.741910263307196,-0.00453452617093752,0.00703580055316188,0.0519977120789261,-0.00505001802506779,0.0191685791309803,0.00689437282209486,-0.075,0.0555808439619927,0.0192416790486905,-7.62503419878532e-10,0.0196725532115244,-0.00017905152154997,-0.00240668266722808,-0.00114601183487148,0.0219999427047481,-0.00111441431806762,0.0197241283263946,-0.000294078295270727,0.0958684450665923,-0.022101723427513,0.19633542652594,0.0425159646844349,-0.13783698965203,0.161819934130115,0.386799581641311,0.4,0.205522082696861,0,0,0.0977842771063366,0.0661904421845753,0,0,0,0,0.01,0.729339697279259,0.01,0.01,0,0.01,0.183138206996379,0.01,0.0154661156733318,0,0.277029568632477,0.01,0.228954595741669,0.01,0.01,0.143742876752968,0.01,0,0.0231008248502098,0.01,0.5,0.5,0,0,0.578831104577548,0.81332071322023,0.685915857215522,0.706235960582255,0,0,0,0,0.5,0,0,0,0,0.5,0,0,0,0,0,0,0,0.5,0,0
553,-0.0307260655528177,0.0655982132983074,0.0498456395577035,0.114032819497734,0.00260769476698121,0.0526154781427426,-0.00999999990076205,-0.0529220159818064,0.0599452311927201,0.671183751470176,-6.48589883179836e-06,9.69758956911276e-06,0.741333257933977,-0.00444784225580981,0.0079199880514145,0.0519975260545968,0.0631842535083759,0.075,0.00781552824388882,-0.075,0.075,0.05,2.6862326075616e-10,0.0697090799423733,8.48147527905808e-05,-1.06560393868487e-06,-8.20023803072361e-06,-0.173929011577189,0.00881407778482949,0.0685432864986727,7.00079392859224e-05,0.00106562093808631,-0.0176358325509886,0.166330048968679,-0.160713225083378,0.0181104029778937,0.204404716752745,0.277183083874798,0.252936663013801,0.19497357694074,0.01,0.180510773806308,0,0,0,0,0,0,0.01,0.520707891051139,0.0356665790221823,0.01,0.277023896716446,0.01,0.192839852459646,0.01,0.0301866499840559,0,0.312108117678885,0.01,0.233255549536708,0.01,0.01,0.222751427811787,0.01,0.264848846831607,0.142447814910557,0.164654475061187,0,0,0.5,0.5,0.5,0.74453975087606,0.563543588980741,0.657315312693783,0,0,0,0,0,0,0,0,0,0.5,0,0,0,0,0,0,0,0,0,0
554,-0.0299643945857594,0.0667705537816256,0.0498499514161596,0.112514354350545,0.00229119949313207,0.0531511681483804,-0.00999999992370938,-0.0518654357963977,0.0599444648689188,0.673024541897743,-5.65334731371568e-06,9.34653987742264e-06,0.739662507446854,-0.00419484327641249,0.00894458429644593,0.0519972424580939,0.0203085487582963,0.0402595542466166,0.000136643443672333,-0.075,-0.075,0.00380000056098141,-1.75973979898588e-10,0.0364170839112195,-0.000102453781053459,0.00255998881794666,-3.72638172874548e-05,-0.204781266164918,0.0104182960317451,0.0351590785898587,4.77696607945578e-05,0.337715771996278,-0.4,0.195372763601586,-0.171912022303201,0.0869841609013651,0.196095738627905,0.276035077359735,0.4,0.15,0.0908162321560596,0.146006586033528,0.105783982396723,0.131038835792865,0,0,0.01,0,0.01,0.513491537000564,0.074608919910925,0.01,0.154668018614433,0.01,0,0.01,0.01,0.01,0,0.01,0.19480418156226,0.01,0.0479552106494407,0.0317843885855749,0.01,0.167480656604262,0.104766669628827,0.01,0,0,0,0,0.512908913076066,0.5,0,0.5,0,0,0,0,0,0,0.5,0,0,0,0.5,0,0,0,0,0,0,0,0,0
555,-0.0285385236544838,0.0674457556829459,0.0500007709147953,0.110939308036118,0.00269830869090152,0.0527628581596,-0.00999999988701589,-0.0513660737246309,0.0599440472768196,0.675289576172965,1.20845568088948e-06,6.4573597643334e-06,0.737595210867249,-0.00388260881219166,0.00939961331111262,0.0519975553569968,0.075,0.0285812749500209,0.0121074342094658,-0.075,0.075,-0.0423999994390186,2.49764430410004e-09,0.0184087420330219,-6.86493953970074e-05,-0.000216832520502105,-0.000752797931558802,-0.321868862359138,0.0163943091147459,0.016122320825331,-7.06132744095723e-05,0.22574331652842,-0.4,0.217431549995251,0.4,-0.244933481089821,0.197869805995982,0.282163109139859,-0.0701294471190616,0.248763907008694,0.352141289010237,0.01,0.15614744371194,0.123791638916601,0.01,0.01,0.01,0.01,0.01,0.628773909404126,0.01,0.01,0.545599004017307,0.01,0.470754204090635,0.01,0,0.01,0.539014540394038,0.01,0,0.01,0,0.01,0.01,0.01,0.310319143131657,0.01,0,0,0,0,0,0,0,0,0,0,0,0,0,0,0,0,0.5,0,0,0,0.5,0,0.5,0,0,0,0,0
556,-0.026863112081466,0.0670136140958759,0.0504352650821792,0.1121392180452,0.00153894350937203,0.052455548170924,-0.00999999995538241,-0.0525698994867882,0.0594932643520219,0.675486950023432,8.64915317141622e-06,-3.35261462429652e-06,0.737414465284512,-0.00346827776134049,0.00884453446930709,0.0519976520930249,0.075,-0.0647797218974989,0.0270636457448174,0.075,-0.075,0.0114000005713561,-5.58866971132469e-15,-0.075,-0.0455113648943146,-0.00108914985247553,-0.000594076495981704,0.0959560191442985,0.0313694281761328,-0.0677736418668045,-3.39278826603165e-05,-0.166498829807284,-0.4,0.209810467384218,0.4,-0.117362570698369,0.202844187561077,0.4,-0.4,0.25,0.01,0.352621386063135,0.128792214807819,0.126845023491452,0,0,0.01,0,0.01,1.17523757823869,0.01,0.01,0,0.01,0,0,0,0,0,0.01,1.57960668367363,0.01,0.01,0.232422778682444,0.01,0.01,0.376361838510536,0.01,0,0,0,0,0.5,0.5,0,0.5,0,0,0,0,0.667983639564141,0,0.5,0.5,0.5,0.5,0.5,0,0,0,0,0,0,0,0,0
557,-0.02727166240109,0.0652438003463471,0.0502969181753502,0.1140591760494,-9.8055070799404e-05,0.0522192381823511,-0.00999999989868895,-0.0543379180169552,0.0591237266642441,0.672889165247903,6.69800913519048e-06,-4.49778572328174e-06,0.739785749818308,-0.00299547546024631,0.00728636653859027,0.0519974076439134,-0.075,-0.075,-0.0270502150850728,0.075,-0.075,-0.0347999994286439,4.87611645267992e-15,-0.075,0.00828861914927836,-0.00696138599057079,-0.000893734128452476,0.517493429451142,0.0109059390786918,-0.0737022604558858,-5.26513264815536e-05,0.4,-0.4,0.237293386165722,0.216775380790319,0.0306887668906087,0.171371838678047,0.241710718212918,0.349825430164061,0.194687948186607,0.283524713369679,0.0544070511930794,0.164221117332175,0.173710647229485,0.01,0,0,0.01,0.01,0.505665238659578,0.01,0.01,0,0.01,0,0.01,0,0.01,0,0.01,0.261777983414261,0.01,0,0.01,0.01,0.01,0,0.01,0,0,0,0,0,0.5,0.5,0,0,0,0,0,0.5,0,0.5,0,0.5,0,0.5,0,0,0,0.5,0,0,0,0.5,0
558,-0.0262314934891999,0.0638888146450747,0.0503689319054497,0.1159791340536,-0.00180564528567193,0.0520639281937782,-0.00999999989837637,-0.0550797222841963,0.059506992997785,0.672173219369408,1.47557605276915e-05,-5.99555119592836e-06,0.740436385926028,-0.00270209243482369,0.00590055854165769,0.0519962605507755,0.075,-0.0526926867727408,0.0181072121237916,0.075,-0.075,0.019000000571356,1.37480386894586e-08,-0.0600372787439532,0.0124003489438681,0.00912523389736369,-0.00322030601296516,-0.402857091145558,0.0253377529388705,-0.0621836950914899,0.00111684359757508,0.343970146731032,-0.4,0.235583772552611,0.4,-0.0169940444121924,0.181288537728776,0.304043193820424,0.38845236566416,0.21333849863954,0.455172791776858,0.01,0.13242919824798,0.210095907453127,0,0,0.01,0.01,0.01,0.568147459831041,0.01,0.01,0,0.01,0.206196579615074,0.01,0,0.01,0,0.01,0,0.01,0.158472578536901,0.01,0,0.01,0,0.01,0,0,0,0,0.5,0.5,0,0,0,0,0,0,0.5,0,0,0,0.5,0,0.5,0,0.5,0,0,0,0.5,0,0.5,0
559,-0.0245061202322783,0.0623128552008849,0.0508189985560585,0.117723556570811,-0.0031723287802831,0.0527963718460641,-0.00999999994910574,-0.0568516135699542,0.0600000000108457,0.674010150160928,5.20709245762728e-06,-1.26201274687039e-06,0.738764665134176,-0.00195366252392938,0.00414129428669536,0.0519975880207597,0.075,-0.075,0.0301210730459819,0.075,-0.0617346760807185,0.05,-2.90039523713403e-08,-0.075,-7.72306873075233e-10,0.00220703671039393,0.00136517893742365,-0.215296642621127,0.0403912533526449,-0.0953963766088978,0.000883248250913152,-0.4,-0.4,0.15,-0.333259537984002,0.4,0.15,0.4,-0.4,0.20210297886204,0.01,0.99836251547768,0.01,0.01,0,0,0,0,0.01,1.12886301569899,0.01,0.01,0,0.01,0,0,0,0,2.6848815302423,0.01,0,0.01,0.01,0,0.01,0.696512007375615,0.01,0,0,0,0,0,1.03457225064668,1.36756427936718,1.1407178803165,1.26141864969737,0,0,0,0,0.98691781029872,0,0.622051148638708,0.5,0.52916969522549,0.5,0,0,1.10072537276308,0,0,0.552633889137697,0,0,0,0.566651299750297
560,-0.0257005112772971,0.0604688700382514,0.0516978882617322,0.116523646561811,-0.00327436530497118,0.0533320618460641,-0.00999999989868895,-0.058786247196866,0.0595392574464866,0.673792404531577,6.1718699757794e-06,-3.83068568728507e-06,0.738963276175793,-0.00139621409262967,0.00246754097725348,0.0519974536657574,-0.075,-0.075,0.05,-0.075,0.0509675126681709,0.00379999999999992,-3.79751443906234e-15,-0.075,-0.0460155473703014,0.00550438662101961,0.00164151073637058,0.339526962608835,0.0153070504006795,-0.0758703208451978,5.93479110970338e-05,0.107481212022475,0.00848246629451575,0.15,-0.16595392958418,-0.136434359031813,0.172985142452887,0.266886969631535,0.4,0.25,0,0,0,0,0,0,0,0,0.01,0.488119997550657,0.0723407521101516,0.0261025251786001,0,0.01,0.133103272956923,0.01,0.01,0.0357254007432115,0,0.01,0.177223974654861,0.0130354553688475,0.01,0,0.01,0,0.0605021604482763,0.0798456285887952,1.42630756586657,1.52092275291236,1.42674284517838,1.52048747360054,0.734306254692925,0.956173499744018,0.789870148238119,0.900609606198824,0,0,0,0,0.5,0,0,0,0,0,0.5,0,0,0,0,0.5,0,0.5,0,0
561,-0.0273490597888056,0.0600136324484592,0.0522486887049718,0.114896195803415,-0.00256497526333938,0.0531536999052773,-0.0099999999268941,-0.0588871577561255,0.0594037157113641,0.673371038754209,-1.05959703129335e-06,5.46818036513357e-06,0.739347271033587,-0.0013152957893019,0.00218330352983621,0.0519987648552978,-0.0750000000000443,0.0265129580420545,0.00635221872889675,-0.0750000000000407,0.0201257005407012,-0.0215096458608554,-2.77278363027942e-09,0.0336163632092287,0.00101109068741658,0.0196924645450652,-0.00736502043142752,-0.0620821526791845,0.00136300676214265,0.032270307881224,-0.00188950276178632,0.0639375985572807,-0.0727460340276434,0.15628282166117,0.0129504038044717,-0.0673960507493995,0.191893444014088,-0.137360706474443,-0.0610640606338596,0.22628446238313,0,0,0,0,0,0,0,0,0.01,0.214646191917502,0.01,0.01,0.540535891597531,0.01,0.189429457694442,0.01,0.01,0.0585516933783317,0,0.01,0.229463674444992,0.01,0.01,0,0.01,0,0.0838932485675446,0.0985855869496463,1.45402734905142,1.50163733461438,1.42160037217655,1.53406431148925,0.661398451555194,0.890413925253283,0.721081649143736,0.830730727664749,0,0,0,0,0,0,0,0,0,0,0.5,0,0,0,0,0.5,0,0.5,0,0
562,-0.028891185817501,0.0602403103295084,0.0519352314248704,0.113249416269883,-0.00259401715028617,0.0529987917253622,-0.009999999965828,-0.0585151528083206,0.0594058035752617,0.673457541633726,-6.56805192403413e-06,7.06532453086842e-06,0.739268478196011,-0.00130802595093832,0.00255517820804783,0.0519974351545457,-0.0749999999999896,-0.00296170878370833,-0.0367832085152885,-0.0749999999999837,-0.0228151847931687,0.00588187030741246,5.43002376941826e-11,0.00471679631019552,8.91240901705468e-05,-0.00105357906282608,0.000335076204029866,0.000559230028597115,-6.47709057207665e-05,0.00451217329015203,-7.94749793903172e-06,0.0461966154349606,-0.0322847846316067,0.198344147697138,-0.00761634213833831,-0.0145123771501457,0.170678164025127,-0.126158994738439,0.0233177881645327,0.229232602741924,0,0,0,0,0,0,0,0,0.01,0.239989347339465,0.01,0.01,0,0.01,0.184497395261578,0.01,0.01,0.0809492989277367,0,0.01,0.206999011286091,0.01,0.01,0,0.01,0,0.0694865429135169,0.103450620641161,1.48890784141177,1.54999734315144,1.462973186801,1.57593199776219,0.630534062717505,0.859385999383708,0.691868877282437,0.798051184818774,0,0,0,0,0.5,0,0,0,0,0,0.5,0,0,0,0,0.5,0,0.5,0,0
563,-0.0305490154593856,0.0600887229784405,0.0514471411156808,0.111619457662161,-0.0029829571238223,0.0528359365115618,-0.00999999996054039,-0.058717154365391,0.0598554135844205,0.673457055708699,1.19700283501919e-06,-2.62897846480078e-06,0.739268920947981,-0.00130842697946241,0.00255836659350001,0.05199742399691,-0.075,-0.00730065823069971,-0.0119839973237307,-0.075,-0.0161123268509591,-0.02202784312796,-4.79011722966067e-15,-0.0216481893425247,0.0457104217933743,-0.00561941694235933,0.00163407849738155,0.000110100170882457,7.62007828576742e-05,0.000265885753524193,1.25207237209359e-05,0.0427438260345603,-0.0219494805359297,0.199278906238762,-0.0331045330103288,-0.0184909987518849,0.183900256693371,-0.141208375966451,0.0390244025752147,0.153381770856687,0,0,0,0,0,0,0,0,0.01,0.228681276884988,0.01,0.01,0,0.01,0.16705207895638,0.01,0.01,0.0792110839753575,0,0.01,0.195545020532001,0.01,0.01,0,0.01,0,0.0619526334002374,0.10770412015959,1.5232888051564,1.5867479027745,1.50718131831547,1.60285538961543,0.614698566774115,0.837246716319986,0.667953913747134,0.783991369346967,0,0,0,0,0.5,0,0,0,0,0,0.5,0,0,0,0,0.5,0,0.5,0,0
564,-0.0322316884346345,0.0599317629108424,0.0514141959854347,0.109989191523458,-0.00324023796234355,0.0523169485631878,-0.00999999995955225,-0.0589911042611974,0.0598769868842919,0.673456330529893,7.16385544266317e-07,-1.21497879678766e-06,0.739269581575136,-0.00130842295606925,0.00255827895944406,0.0519974292930973,-0.075,-0.00804532924292762,0.00837124640847302,-0.075,-0.00964807824419883,-0.0298319312687361,7.84240972843681e-15,-0.0058259112998649,-0.0154278133768632,0.000335840129748789,-0.000219350014160602,2.60149999575258e-05,-1.41868354042574e-05,-2.88105350544867e-05,-3.77160592824876e-07,0.032746633602684,-0.0180070004796462,0.185668746883815,-0.0455860987616842,-0.0218099408967607,0.192601628596138,-0.146729914162371,0.012752762299139,0.219403539815141,0,0,0,0,0,0,0,0,0.01,0.221324783061187,0.01,0.01,0,0.01,0.158431666377603,0.01,0.01,0.0843782126211383,0,0.01,0.190768366618667,0.01,0.01,0,0.01,0,0.0474066369221281,0.116714890673943,1.55160565605718,1.6207257870579,1.54054369806024,1.63178774505483,0.589829175967332,0.813018925553167,0.642887865269179,0.759960236251319,0,0,0,0,0.5,0,0,0,0,0,0.5,0,0,0,0,0.5,0,0.5,0,0
565,-0.0338931725394986,0.0597758905675162,0.0518046655030974,0.108393377944037,-0.00353315923371085,0.0517292178640499,-0.00999999996226235,-0.0594601181279331,0.0599789191614965,0.673455103555122,1.03998063366295e-06,-1.51330119273247e-06,0.739270699316442,-0.0013085178345318,0.00255784045136477,0.0519974439312602,-0.075,-0.0078170755032321,0.0302023591487844,-0.075,-0.0195943176952761,-0.0289455704491522,-3.09808628384474e-15,-0.0409001057125434,0.0254168194597063,-0.000758096484087682,-8.58168687462073e-06,8.6194044307025e-05,-4.14638090284791e-06,2.25190894863715e-05,-5.22395904783499e-06,0.0157383848841931,-0.0172601996174355,0.163694714031635,-0.0544815771648727,-0.00983668426549877,0.174852568703407,-0.158668539565817,0.00387797439359266,0.166941024673712,0,0,0,0,0,0,0,0,0.01,0.210889743589863,0.01,0.01,0,0.01,0.157181672901852,0.01,0.01,0.0811672832158234,0,0.01,0.199113115134637,0.01,0.01,0,0.01,0,0.0354550019439843,0.123098808888372,1.56676016132712,1.65337324158433,1.56028617679302,1.65984722611843,0.572330156199172,0.796754520936111,0.623985977827213,0.74509869930807,0,0,0,0,0.5,0,0,0,0,0,0.5,0,0,0,0,0.5,0,0.5,0,0
566,-0.0355773896443301,0.0596187230628167,0.0519356252841016,0.106764762226679,-0.00382384995335002,0.0511470532706473,-0.0099999999641315,-0.0598002676399961,0.0599611629327617,0.673454395442897,4.50244246985816e-07,-8.98439138080811e-07,0.739271344388599,-0.00130857391342501,0.00255771147912575,0.0519974177427544,-0.075,-0.0079862429465985,-0.0163977610845347,-0.075,-0.00952510035533994,-0.0292692703913939,-8.41433748183698e-15,0.00664741026938123,-0.0042534068779409,-2.66532586924481e-05,-0.000129746782693279,8.40165242130698e-06,-9.03425850872191e-06,-6.07316846121173e-06,1.48005168550808e-06,-0.24848914175335,0.216384489020388,0.163496643223159,-0.278343643608795,-0.0353777226941216,0.16542524700206,0.119626687237886,-0.0356517692233636,0.17429544304965,0,0,0,0,0,0,0,0,0.01,0.463060685562548,0.01,0.01,0.363853429381669,0.01,0.573740610154531,0.01,0.01,0.01,0,0.01,0.814430662124626,0.01,0.01,0.393033029909384,0.01,0.263570501575104,0.01,0,1.54020380173806,1.8044406985847,1.61844019763428,1.72620430268848,0.537001167104751,0.781923147354491,0.599674215343453,0.719250099115789,0,0,0,0,0,0,0,0,0,0,0.5,0,0,0,0,0,0,0,0,0.5
567,-0.0362514786986916,0.0604791097666079,0.0511660615578366,0.105186139214565,-0.00454240201762001,0.0505400961676685,-0.00999999994748328,-0.0584483899539152,0.0598590087383354,0.67354896111922,4.52820093733331e-06,-4.81498083301458e-06,0.739185187312622,-0.00130201669806463,0.00264682811049531,0.051998538723716,0.00717334015857029,0.075,-0.05,-0.075,-0.0620673946004348,-0.0314157077198432,1.85241477052471e-08,0.0166019460723382,0.000989801358461767,0.0398434835614507,-0.0121333181817278,-0.114368235649913,0.00218132734348927,0.0363603178697374,-0.000473073972938072,-0.4,-0.0126926891380631,0.25,0.0802578027343019,0.264752262221614,0.25,0.4,-0.224346568403757,0.25,0,0,0,0,0,0,0,0,0.01,0,0.01,0,0,0.01,0.807870281695495,0,0,0,0,0.01,0,0.01,0.01,0,0.01,0.641125973227107,0.0498424915410677,0,1.59536070739466,1.9213495322934,1.6862634380341,1.83044680165395,0.5,0.66442656885189,0.51062337946911,0.634539065738559,0,0.5,0,0.5,0.5,0,0,0.5,0.5,0.503532075689594,0.5,0,0.511778043454561,0,0,0.5,0,0,0,0.5
568,-0.0379183726643396,0.0620020306487681,0.0506255267426749,0.10626199523979,-0.00517387427427937,0.0502698211090677,-0.0109552409553271,-0.0599067696316566,0.0594935999452887,0.673753805491464,-7.25165582490466e-07,8.59162575603784e-07,0.738998480994878,-0.00129250432878432,0.00286584407965667,0.0519974299377084,-0.075,0.075,-0.00428207116036921,0.075,-0.00138325177960495,0.0042100729563815,-0.075,-0.075,-0.0373390364739628,-0.00614824845585134,-0.000180528495087102,-6.03869426875515e-08,-9.07093451508164e-06,0.000328498581615596,-1.13565896851686e-05,-0.4,-0.00557726915710033,0.195614292073866,0.302247729108752,0.0852906750473732,0.227251998962205,0.138707735553442,0.0231090139655234,0.239315317452025,0,0,0,0,0,0,0,0,0.01,0.899623060705894,0.01,0.01,0,0.01,0.890624773878992,0,0,0,1.25047456865958,0.01,0,0.01,0.01,0.536412277150794,0.01,0.618930597989511,0.0585645085064071,0.104737048532901,1.8731009327936,2.16152104321369,1.96195510718943,2.07266686881786,0.521829375291921,0.734534000415823,0.592719770152323,0.663643605555421,0,0,0,0,0.5,0,0,0.5,0.5,0.5,0,0,0.5,0,0,0,0,0,0,0
569,-0.0385876530867476,0.06238312626686,0.0502497348363294,0.106898517363156,-0.00671210786205507,0.0498897125716301,-0.010000000396508,-0.0618267489416416,0.0587104449863698,0.673753805479279,6.91333862295052e-08,-7.4631079712064e-08,0.738998480943938,-0.00129250895781364,0.00286572784654913,0.0519974248834847,0.00765866572544567,-0.0363338404838832,-0.0331527661964246,-0.0109181896933633,-0.074999999991941,-0.0419899270419591,8.60754507740327e-07,-0.0749999999221738,-0.0409583628830986,4.91331863182812e-05,8.97403498267976e-06,-9.60085213660712e-11,4.73830470125334e-07,-3.32180208856646e-06,-1.36977567648349e-07,-0.119201958983158,-0.0328482777637836,0.250000001015895,0.385088534189692,-0.278136696109096,0.250000000986818,0.195790566452422,-0.399999953721827,0.250000001697101,0,0,0,0,0,0,0,0,0.01,0,0.01,0.01,0,0.01,0,0.01,0.01,0,0,0.01,0.69858299943285,0.01,0.01,0.375246544498341,0.01,0.277833129787628,0.01,0.01,2.35070809670324,2.57747985596969,2.39457226317807,2.53361568949485,0.5,0.573967233525658,0.5,0.521390200586611,0,0.5,0,0,0.5,0,0.517140296405824,0,0,0.5,0.5,0,0,0,0,0,0,0,0,0
570,-0.0368711745719182,0.0609117983995934,0.0492805627047529,0.10854294230229,-0.00791960993876301,0.049590604027323,-0.0106999792397247,-0.063530622416022,0.0584319677276499,0.673753805562753,-2.41665758758876e-09,2.46419204159975e-09,0.738998480931942,-0.00129250911130968,0.00286573860651159,0.0519974248746608,0.075,-0.075,-0.05,0.075,-0.0458957117962851,0.0118100729563813,-0.0696505283854463,-0.075,0.0128416371140477,8.80945286214727e-06,-1.51963418489206e-07,-2.08402827644762e-13,-8.85426516993961e-09,-4.32563473268166e-07,-1.09307411022924e-09,-0.4,-0.4,0.15,0.4,0.319062528275592,0.184504349777274,0.4,-0.4,0.165482689365165,0.01,0.966816792020605,0.01,0.01,0,0,0,0,0.01,0,0.01,0.01,0,0.01,0,0,0,0,0,0.01,5.19078641964221,0.01,0.01,0,0.01,0,0.01,0,0,0,0,0,1.5418853447258,1.98529450624059,1.66061574361238,1.86656410735402,0,0.812197040583915,0,0,1.24404395289363,0,0.869148292403979,0.5,0.5,0.648472061663736,1.00583191101542,0,0,0,0,0.679192552937401,0,0.5,0,0.769907729832715
571,-0.0380377724797698,0.0592725340059409,0.0483351231464157,0.107343032293291,-0.00648682063088345,0.0503373351946251,-0.00999999989868895,-0.0654506015171093,0.0591561812195595,0.671899330217487,2.27858819265494e-06,-1.41251554537014e-06,0.740685031687861,-0.00134861246526052,0.00257656158419964,0.0519969200401975,-0.075,-0.075,-0.0388041226671024,-0.075,0.075,0.05,4.87610408049757e-15,-0.075,0.05,-0.0173136691350719,0.00663723198557897,0.765121202411177,-0.0108616823119122,-0.049159905460679,-0.00150517579753449,0.284462754273968,-0.139577935557661,0.244403943985231,0.352973725460984,-0.0126580971577401,0.194515204485787,-0.0536631002938937,-0.0027647375788754,0.15,0,0,0,0,0,0,0,0,0,0.331006847037268,0.01,0,0.335639622289044,0.01,0.337437685481464,0.01,0,0.11674021055545,0.35441491437379,0.01,0,0.01,0.0644995062702568,0.0499850564013522,0.01,0.176354555356004,0.01,0.01,0.5,0.674797228418084,0.588320929866798,0.583113854378487,1.33848903853622,1.27477738855386,1.30141755771954,1.31184886937054,0.5,0,0,0.5,0,0,0,0,0.5,0,0,0,0.5,0,0,0,0,0,0,0
572,-0.0371216790803583,0.0585985377383146,0.0481543167226994,0.105691893417585,-0.00540763402541863,0.0512958674702889,-0.00999999996461436,-0.0667756202555106,0.0596918796741459,0.669567888457135,3.49746155315948e-06,-7.20987948161865e-06,0.742793335539158,-0.00151400691837757,0.00197652785254077,0.0519974247577669,0.075,0.000958743567751655,0.0180674202732349,-0.075,0.0331280204442553,0.0458738582750098,-7.35079911829728e-15,-0.0575888338370136,0.00380058822830593,0.000270471981870117,-0.000908412099701215,0.0315042053306277,-0.00240025134224507,-0.00634626810775266,-1.41354756945631e-05,-0.4,-0.4,0.15,-0.4,0.36993372092452,0.184227582385907,0.4,-0.4,0.168107297172215,0.01,0.941773243600927,0.01,0.01,0,0,0,0,0.01,0,0.01,0.01,0,0.01,0,0,0,0,0,0.01,5.65041088124803,0.01,0.01,0,0.01,0,0.01,0,0,0,0,0,1.35169443594723,1.79444233180436,1.4565713462905,1.68956542146109,0,0.875480775775963,0,0,1.20599125219878,0,0.832529356252624,0.5,0.5,0.656505367896772,1.00944943654626,0,0,0,0,0.699495313408326,0,0.5,0,0.5
573,-0.0383752760272654,0.0574258048930622,0.0480036729528015,0.103771935413385,-0.00357514694239173,0.0517490346357891,-0.00999999989868895,-0.0686607773180432,0.0599642395621641,0.665714769616533,4.99437446417204e-06,-5.49444787473333e-06,0.746248695700591,-0.00164848320002322,0.00124489312057733,0.0519973909639865,-0.075,-0.075,-0.022733929979608,-0.075,0.075,-0.000326141724990255,4.8761136804351e-15,-0.075,0.0233377256875399,-0.00678883318578085,0.0046521160607684,0.808164190897182,-0.0164398867652393,-0.0587558345998592,-8.30201720391309e-07,0.0103580844443619,0.0508548856941302,0.200423423078635,0.235796102515962,-0.090740048188463,0.154084589879895,-0.100319615867391,0.0494909460323396,0.15,0,0,0,0,0,0,0,0,0.01,0,0,0,0,0.01,0.400139389868505,0.01,0,0,0.409321004473608,0.01,0.229561399040181,0.01,0.01,0,0.01,0,0.01,0,1.86368045322145,1.96548203429359,1.88067072518171,1.94849176233334,1.16837280814519,1.20015698424659,1.13282007322488,1.2357097191669,0,0.5,0.5,0.5,0.555603102311936,0,0,0,0.5,0.5,0,0,0,0,0,0.5,0,0.5,0,0.5
574,-0.0402015228202515,0.0568094891959453,0.0481073724363156,0.101904798500992,-0.00200432621563612,0.0518163524179395,-0.0110902090515812,-0.0702057355527403,0.0596368644375641,0.662929166396342,1.89029957804348e-06,-7.69224709247521e-06,0.74872443738911,-0.00191600977287675,0.000564588456748686,0.0519974239617392,-0.075,0.0105610307309821,0.0319547732625184,-0.075,0.075,0.00702118331482798,-0.075,-0.075,-0.0408428284856929,-0.00016388098763201,-0.000614388747362929,0.0581749137010606,-0.00509088306323621,-0.00767601199291057,-1.92753558894252e-06,-0.153713426262236,0.0592478949996317,0.15,-0.00921082269292922,-0.169163575479034,0.15,-0.0992428111692779,0.0985723356203589,0.15,0,0,0,0,0,0,0,0,0,0,0,0,0,0.01,0,0.01,0.01,0.277906006881673,0.241892490843256,0.01,0,0.01,0.01,0.0722116790626184,0.01,0,0.01,0,1.88891626419031,1.97291619402741,1.89968704924678,1.96214540897094,0.989709340587915,1.08632746553804,1.01603487828252,1.06000192784343,0.5,0.514239549714791,0.5,0.5,0.5,0,0.5,0,0,0,0,0,0.5,0,0,0,0,0.5,0,0.5
575,-0.0420292237555917,0.0563411445971233,0.0490662481553403,0.102293925885309,-0.00196722818887827,0.0520313177633398,-0.0121468961142433,-0.071949502540945,0.0591739324117027,0.662899914790059,4.50595076674676e-08,-4.7212706536691e-07,0.748750336180332,-0.00192386451995903,0.000553835682945171,0.0519974247578865,-0.075,-0.0570573984671948,0.05,0.075,-0.0705623853972288,0.0144382658127225,-0.0308892599663768,-0.075,-0.00562645596306025,0.000575764117226048,-0.000631944091720144,1.04261460410037e-08,-3.49922112848177e-05,-3.28519140267609e-05,-8.12481770599151e-08,-0.0998582701797559,0.110445907025084,0.15,-0.159134080781051,-0.0429163932683089,0.15,-0.148826701613046,0.206322559709132,0.15245820872111,0,0,0,0,0,0,0,0,0,0,0,0,0,0.01,0,0.01,0.01,0,0.280176788439281,0.01,0,0.01,0.01,0.0568469852456489,0.01,0.513059680386388,0.01,0,1.94264004162869,2.02853395199311,1.97799750214353,1.99317649147827,0.993724937437315,1.08154012208769,0.99780645846152,1.07745860106349,0.5,0.525710768709051,0.5,0.531770377921059,0.5,0,0.5,0,0,0.5,0,0,0.5,0,0,0,0,0,0,0.5
576,-0.0436763015147258,0.0557430001072984,0.0499820311742566,0.103830806819633,-0.00346134067586417,0.0520949502289396,-0.0127326548057699,-0.0735095687090001,0.0596020932924415,0.662266998103105,2.53767746819637e-07,-1.40530626299794e-06,0.749310214856091,-0.0019553360936287,0.000446454244662093,0.0519974598517512,-0.075,-0.0255884373917591,0.0465196221804203,0.075,-0.075,-0.00796301285938587,-0.0277025427722531,-0.075,0.0481735440369396,-0.0110528194961824,0.00621953701307695,7.91227573237374e-08,0.000317992357948789,0.000565840305607396,-7.59263519303881e-05,0.0756644564037906,0.0540248402397029,0.15,-0.317576315169997,0.0906486318516152,0.15931217594129,-0.119163020803967,0.373201101565294,0.15,0,0,0,0,0,0,0,0,0,0,0,0,0,0.01,0,0.01,0.01,0,0.30149676255129,0.01,0,0.01,0.01,0.0546701320370809,0.01,0.508110691768978,0.01,0,1.91570353869603,1.9561821156818,1.92493048669242,1.94695516768541,1.16649444691403,1.20438262833243,1.13812912539331,1.23274794985316,0.577524943299501,0.674840434843888,0.5,0.676351871804684,0.5,0,0.5,0,0,0.5,0,0,0.5,0,0,0,0,0,0,0.5
577,-0.0452602837191343,0.0555021388018719,0.0509723968009773,0.105409450612279,-0.00498461889390043,0.0515381075946601,-0.0136344686008501,-0.0752099179467011,0.0599261979666588,0.662122058335751,2.33025331554144e-06,-3.81951933378936e-06,0.749438293252998,-0.00196353664692894,0.000419407368082614,0.0519975305402662,-0.075,-0.00984637745257265,0.05,0.075,-0.075,-0.047523448390907,-0.0623058203469342,-0.075,-0.0183468675117004,-6.40491730781647e-05,-0.00076155089983444,0.000556641902783775,-6.05086207161324e-05,-5.49762595992082e-05,-0.000104013773637118,0.126329998965223,0.0266202275480264,0.15,-0.4,0.120667133582889,0.203916393078578,-0.138185674091321,0.201240668452033,0.15,0,0,0,0,0,0,0,0,0,0,0,0,0,0.01,0,0.01,0.01,0.183424641938415,0.294643639554696,0.01,0,0.01,0.01,0.0507065159889548,0.01,0.475594752035788,0.01,0.304971456432841,1.88700316235011,1.94855893128676,1.90565292103736,1.92990917259951,1.38013363353227,1.35518035754224,1.32715116677059,1.40816282430392,0.672081334131335,0.750791830198722,0.653603676478925,0.769269487851132,0.5,0,0.5,0,0,0,0,0,0.5,0,0,0,0,0,0,0
578,-0.0453804005600622,0.0552372104792557,0.051600536858705,0.10706158752906,-0.00654352393014299,0.0504985294574902,-0.0145684551255566,-0.0771281531647913,0.0594778275232617,0.661384331778335,8.02133832434033e-06,-3.85404393726762e-06,0.750089425821649,-0.00198059166440306,0.000241446786705888,0.0519974671797675,0.0438526436831692,-0.0148791436010322,0.015064834257252,0.075,-0.075,-0.05,-0.0312481206223341,-0.075,-0.0264496628513176,-0.000644419974608553,0.00149381082830395,0.121332646125603,0.00310586992521361,-0.0153692918745273,6.22677106411483e-05,-0.130981672251842,0.00237376321465151,0.15,-0.0179433773590071,0.0838514355701424,0.208756120486217,-0.107566182004755,-0.0330531532659739,0.176847054372519,0,0,0,0,0,0,0,0,0,0,0,0,0,0,0.390733839176079,0.01,0.01,0.153945565957068,0.433593437536643,0.01,0.402541756733879,0.01,0.01,0.292670872975602,0.01,0.66473007101657,0.01,0.224246422556735,1.84586820346418,1.9345059665233,1.82761876941504,1.95275540057244,1.54172459271473,1.49486700163074,1.47812676938147,1.558464824964,0.768476557764476,0.854616698044642,0.714737170816697,0.90835608499242,0.613314078942851,0.5,0,0,0,0,0,0,0,0,0,0,0,0,0,0
579,-0.0437644285066669,0.0551873021294515,0.0514322766359088,0.106096571336313,-0.00739945896635853,0.0494500194574902,-0.0151823991421255,-0.0786609678143041,0.0586313790603444,0.660888992916016,6.67854852264265e-06,-3.41131050870234e-06,0.75052589744707,-0.00192263667998015,4.02246643662087e-05,0.0519973741307406,0.075,0.00705456078077045,-0.0283901566412824,-0.075,-0.0109139339517958,-0.05,-0.0301517628235534,-0.075,-0.05,-0.000363249348864204,-0.000214029882871274,0.0199480079688349,0.00110743764005684,-0.0032557680211077,1.17039648126595e-06,-0.169628934116263,0.0183375684601623,0.175223004517362,0.170722380432294,0.0217282361029299,0.215615051707966,-0.142892969665208,-0.150747857613554,0.198212900050045,0,0,0,0,0,0,0,0,0,0,0,0,0,0.01,0.355006164995378,0.01,0.01,0.084039549471819,0.42409380238502,0.01,0.39930338245863,0.01,0.01,0.282108297393917,0.01,0.6554364330484,0.01,0.252652390763709,1.80200242908913,1.87067562773914,1.76424676701491,1.90843128981336,1.53921614179694,1.46958280028499,1.4584133197289,1.55038562235303,0.853082139248748,0.915143402581181,0.804925963414535,0.963299578415395,0.553464088831268,0,0,0,0,0,0,0,0,0,0,0,0,0,0,0
580,-0.0421295694412433,0.0553584775035567,0.0505906425405604,0.10469356947638,-0.00802188060596338,0.0484015094574903,-0.0155989559103606,-0.0802850920378368,0.0576226372826223,0.660818427494674,4.91350121519713e-06,-2.80401723738945e-06,0.750588029257919,-0.00191228792418742,1.07749480713017e-05,0.0519973119061156,0.075,0.0103475017536295,-0.05,-0.0653484437743434,-0.0511271638591526,-0.05,-0.0115966893672402,-0.075,-0.05,-7.88602659194627e-05,-2.36774664860637e-05,0.00144143695272661,8.18027849317478e-05,-0.000226297279894527,1.40199394480744e-06,-0.200415964048842,0.0205085184790834,0.229903805080324,0.234974102127479,0.0240211363985941,0.218478639835774,-0.107221614049367,-0.171099790150185,0.196285705064294,0,0,0,0,0,0,0,0,0,0,0,0,0,0.01,0.347327772390743,0.01,0.01,0.14543413812678,0.435276725967317,0.01,0.416451885280091,0.01,0.01,0.297410732594114,0.01,0.51874307771528,0.01,0.356958384025636,1.76033614340364,1.82795093185335,1.72443188437945,1.86385519087754,1.53151015152362,1.45070663712727,1.45096231352876,1.53125447512214,0.942596612678013,0.954833942622739,0.867393388339802,1.03003716696095,0.551938537523182,0,0,0,0,0,0,0,0,0,0,0,0,0,0,0
581,-0.0404541029319632,0.0555680640595284,0.0495709707189045,0.103257298817789,-0.00893290287425652,0.0473620745708681,-0.0159450357602316,-0.0819286453418355,0.0566110100113726,0.660811057508815,4.78881948795912e-06,-2.68801509633099e-06,0.750594517738069,-0.00191097629724575,7.20187728691599e-06,0.0519973180509614,0.075,0.0106158516493386,-0.05,-0.075,-0.0400305460591601,-0.05,-0.0229545065340287,-0.075,-0.05,0.000125216719368575,4.4596152936134e-05,0.00129781572527064,8.4524565006013e-05,-0.000229768626993409,3.24773126405179e-06,-0.222110840927266,0.0503900082172264,0.24519456872918,0.296361794544508,0.020442870934318,0.22188293918954,-0.0558638557049443,-0.276148948431247,0.198976290585992,0,0,0,0,0,0,0,0,0,0,0,0,0,0.01,0.340266364873945,0.01,0.01,0.0867881934291622,0.447364421619715,0.01,0.426509812073962,0.01,0.01,0.297567806961964,0.01,0.511241961548762,0.01,0.394871428063087,1.70561661783139,1.7803101892298,1.67685977321324,1.80906703384796,1.53581981982651,1.44826262144806,1.45218896783509,1.53189347343948,1.012748655338,0.991650700433599,0.920789099988249,1.08361025578335,0.579436553120457,0,0,0,0,0,0,0,0,0,0,0,0,0,0,0
582,-0.0387693912956538,0.0557685195684095,0.0485534074872945,0.101757240887651,-0.00940174949077498,0.0463434727521873,-0.0165647033433678,-0.0836447809407677,0.0556015751355785,0.660786366065199,5.64161915634564e-06,-3.11508601106511e-06,0.750616254954399,-0.00190670216598579,-4.63794762260091e-06,0.0519973029097764,0.075,0.0100800742727444,-0.05,-0.075,-0.00701917246067788,-0.05,-0.0389323624997596,-0.075,-0.05,-0.000799457247209871,-0.000306118592499443,0.0043811078414036,0.000273739000678633,-0.000754082082305503,4.63495518247931e-06,-0.224008623389298,0.0755935372179237,0.25,0.336928923702703,-0.00169284551508477,0.223768774982292,-0.0554998259091615,-0.4,0.1986845899265,0,0,0,0,0,0,0,0,0,0,0,0,0,0.01,0.314503998297419,0.01,0.01,0.0499960351245686,0.435359986649892,0.01,0.455605478969579,0.01,0.01,0.308868850870286,0.01,0.473059601941446,0.01,0.442156819491743,1.6306655578833,1.71771664871353,1.60846827374239,1.73991393285444,1.50460161493238,1.41548751997061,1.41876091605505,1.50132821884794,1.09029604055795,1.07556223763725,0.999223822546691,1.16663445564851,0.609636436753434,0,0,0,0,0,0,0,0,0,0,0,0,0,0,0
583,-0.03708581887676,0.0559747364762714,0.047534377670993,0.100326222932141,-0.00928673437345936,0.0453076302179435,-0.0175158041703628,-0.0854522596827298,0.0545951443919896,0.66077179744386,5.13984680534818e-06,-2.80855049217558e-06,0.75062907983367,-0.00190388288693398,-1.22880083545347e-05,0.0519973071549694,0.075,0.010545597099111,-0.05,-0.0681361149761472,0.0183936202287916,-0.05,-0.0560919224002369,-0.075,-0.05,-0.000604462357501656,-0.000231850787064883,0.00200823657958198,0.00013841692206996,-0.000370664336914056,2.82238064848467e-06,-0.270821810839488,0.0854224858171921,0.246947822637566,0.366358857649116,-0.0270536058226614,0.25,-0.0296108871215346,-0.4,0.222770860413387,0,0,0,0,0,0,0,0,0,0,0,0,0,0.01,0.288536439700213,0.01,0.0203766025806777,0.01,0.419794364623523,0.01,0.520039675698079,0.01,0.01,0.332304543444302,0.01,0.395719918203012,0.01,0.496653780355616,1.56222688754357,1.66884837733723,1.54495478714868,1.68612047773212,1.43801121849951,1.36207080433898,1.36339595416794,1.43668606867056,1.21349558532895,1.21657573759041,1.11549891380108,1.31457240911828,0.664566894509397,0,0,0,0,0,0,0,0,0,0,0,0,0,0,0
584,-0.0354138605659057,0.0561859954274986,0.0465270477253306,0.0990073700382361,-0.00895413372138651,0.0442915770898072,-0.0188115441841264,-0.0873722386837798,0.0535926245800885,0.660767966467323,4.18355869976983e-06,-2.25293234375954e-06,0.750632452197623,-0.00190286669250889,-1.48740344104995e-05,0.0519973258648669,0.075,0.0106569525917197,-0.05,-0.0637709999892821,0.0148839931140667,-0.05,-0.0733955607842011,-0.075,-0.05,0.000357684236805318,0.000120645039366672,0.000616896372979438,6.70381206394331e-05,-0.000173455956889363,1.02162568455401e-06,-0.228170215895977,0.104493054246173,0.25,0.0226442271074401,0.0496007451443479,0.25,-0.0496483595947237,-0.4,0.164161476886774,0,0,0,0,0,0,0,0,0,0,0,0,0,0.01,0.01,0.01,0,0.01,0,0.01,0.700360403180593,0,0.0778147636153566,0,0.01,0.0990144056394751,0.01,0.427149593501705,1.4758576344667,1.61134603077729,1.42939098193438,1.65781268330961,1.33234157163863,1.30835437030925,1.25755368091145,1.38314226103643,1.34291885857288,1.39451809551326,1.28069038532237,1.45674656876377,0.613787349364282,0,0,0,0.5,0,0.5,0,0,0.5,0,0.5,0,0,0,0
585,-0.0354580292697146,0.056182990758503,0.0455240790334083,0.0999967074916064,-0.00797307430666587,0.0438322670898072,-0.0192919101917605,-0.0892922176848298,0.0531333145800885,0.66076725849667,-7.96533143996901e-08,-2.08096466346245e-07,0.750633075436389,-0.00190301833168839,-1.47782388765976e-05,0.0519974451134701,-0.075,-0.00971286570305775,-0.05,0.075,0.075,0.00379999999999979,0.0248676439968829,-0.075,0.00379999999999979,-0.00140845882984124,0.00142560679269099,7.94036651199282e-05,7.27012234429511e-05,6.68479540258429e-05,-1.27589387183406e-05,0.131350998282702,0.0712648145443006,0.25,-0.4,0.0540654767691063,0.222645600413188,-0.181662539336055,-0.4,0.15,0,0,0,0,0,0,0,0,0,0,0,0,0,0.01,0,0.01,0.01,0.01,0.412776705357156,0.01,0.698381021714213,0,0.0524232790932641,0,0.118114134659966,0.045941919958989,0.01,0.439426714902892,1.48563257803893,1.60030107903822,1.42677547955656,1.65915817752059,1.32037089045736,1.28015649622529,1.28809094372498,1.31243644295767,1.44948423691621,1.47109806617611,1.44400195562796,1.47658034746436,0.5,0,0.5,0,0,0,0,0,0,0.5,0,0.5,0,0,0,0
586,-0.0348816253554689,0.0562537439995274,0.0447208818415137,0.0995970939390898,-0.00641332329389399,0.0441750627595008,-0.0191070809100161,-0.0912121966858799,0.0534508832038774,0.660764820713732,2.82963439385512e-06,-1.47424998749975e-06,0.750635221359286,-0.00190271171762691,-1.62669471659436e-05,0.0519973907505413,0.075,0.0110442033526368,-0.0334369813035087,-0.075,0.075,0.0303468328053371,-0.00622923144522963,-0.075,0.027836678983972,0.00129179678843222,0.000259642607759515,0.00014352456038683,3.63283212271648e-05,-0.000122606094735733,4.58629473975265e-05,-0.133886980319761,0.0796984808738842,0.25,-0.14830251993268,0.0112183401718275,0.192510944285575,-0.145729272715647,-0.4,0.15,0,0,0,0,0,0,0,0,0,0,0,0,0,0.01,0,0.01,0.01,0.01,0.31870530853205,0.01,0.674679343324416,0.01,0.0434726620045635,0.509532152747311,0.140995682059053,0,0.01,0.413437246642423,1.47229482253612,1.58622092514526,1.43560424838006,1.62291149930132,1.21537223794497,1.14692142960347,1.18381798457194,1.17847568297649,1.49659856030613,1.50359657421573,1.48379934387876,1.5163957906431,0.5,0,0.5,0,0,0,0,0,0,0,0,0,0,0.5,0,0
587,-0.0333757692799041,0.0564456199159018,0.043901135074711,0.100702176007662,-0.00630758524259926,0.0449312056172728,-0.0188816766952424,-0.093132175754803,0.0542958051626751,0.660764078592948,2.21524738732901e-06,-1.18692320309476e-06,0.750635874632881,-0.00190237205553492,-1.70687460747029e-05,0.0519973620482988,0.075,0.00959773779498163,-0.0478276715785631,0.075,-0.063732532209479,0.0451932210307351,0.0285955291197772,-0.075,0.05,-0.00021033259773889,-7.8377226002041e-05,0.000102996280425959,1.49174460215771e-05,-3.49143482151865e-05,-4.55249276292284e-06,-0.119684161264366,0.0859640956860479,0.25,-0.299536066157126,0.164809464907404,0.172357877763507,-0.173457829809766,-0.4,0.15,0,0,0,0,0,0,0,0,0,0,0,0,0,0.01,0,0.01,0.0167088970291225,0.01,0.263692893023493,0.01,0.672373324211094,0.01,0.039995131727919,0.501585864380948,0.184742810838739,0,0.01,0.370652769929905,1.45641765367787,1.56196588643306,1.40789990912461,1.61048363098631,1.23677431393652,1.16524694637758,1.20184581752,1.2001754427941,1.5627502263225,1.56733728098151,1.55044957853044,1.57963792877357,0.5,0,0.5,0,0,0,0,0,0,0,0,0,0,0.5,0,0
588,-0.0318578691929056,0.0566401108811138,0.0428923081862512,0.102394244937379,-0.00724372371863396,0.0458570592236998,-0.0183326961303593,-0.095052154755853,0.0552169779248891,0.660763800016171,1.060904217382e-06,-5.76035806570628e-07,0.7506361198608,-0.00190226273190515,-1.73185216082633e-05,0.0519973980787954,0.075,0.0096632627301783,-0.05,0.075,-0.0300497294079994,0.0473811997185305,0.0263139353374443,-0.075,0.0421564937526458,0.000103614620621989,4.44638171060386e-05,3.96796894001155e-05,1.10286303366907e-05,-2.65758022059932e-05,-8.80698830801366e-06,-0.0288892542878371,0.0579683335746137,0.25,-0.399571593406306,0.151293828372819,0.15,-0.177320714501969,-0.4,0.15,0,0,0,0,0,0,0,0,0,0,0,0,0,0.01,0,0.01,0.01,0.01,0.318703076759785,0.01,0.636783975448259,0,0,0.484798320355362,0.117734931413323,0.01,0.01,0.310144663762461,1.41945063151655,1.51374425226619,1.3641764858934,1.56901839788934,1.33337382284618,1.26257576553669,1.30192546457042,1.29402412381245,1.59296804149774,1.59534964644617,1.58119700648162,1.6071206814623,0.5,0,0.5,0,0,0,0,0,0,0.5,0.5,0,0,0,0,0
589,-0.0301827040775514,0.0568498303024241,0.0425355185298643,0.10408845826439,-0.00836773087836567,0.0468232331482962,-0.0180389671244274,-0.096972133756903,0.0561585146683047,0.660762369852033,4.29846228403932e-06,-1.82819698967084e-06,0.750637378782303,-0.00190113210572671,-1.98142383464032e-05,0.051997445238862,0.075,0.010734873685179,0.0103872842187723,0.075,-0.075,0.0492269639200995,0.00317466162430884,-0.075,0.05,0.000542511971404619,0.000117362071466969,0.000164588230816532,5.2582598174606e-05,-0.000130511572911221,9.73083757779087e-06,-0.0521777263242342,0.0920837259269326,0.233755625474549,-0.4,0.241458112611868,0.193106651469632,-0.146449774650124,-0.4,0.15,0,0,0,0,0,0,0,0,0,0,0,0,0,0.01,0.01,0.01,0,0.01,0.267176216142836,0.01,0.625523413468704,0.01,0,0.445194629528616,0.161522566793651,0.0973982858967685,0.01,0.188742288960358,1.40124204008834,1.47230440044104,1.35947992055614,1.51406651997324,1.46358872616256,1.38071564050843,1.41780503216071,1.42649933451028,1.65940080097882,1.63879214777813,1.61708471138886,1.68110823736809,0.527031105697247,0,0,0,0.5,0,0,0,0,0,0.5,0,0,0,0,0
590,-0.0284989886184838,0.0570607463683936,0.0423031043870905,0.104567099003191,-0.00978681023698331,0.047719316604983,-0.0183871023347385,-0.0988921127579531,0.0567102993889075,0.660760673145516,4.49591903238646e-06,-2.05132606961879e-06,0.750638872334763,-0.0018995344780933,-2.33230055346461e-05,0.0519973565930932,0.075,0.0107438495643411,-0.0302568881152819,-0.026627787183994,-0.0669481948873201,0.0404253896200851,-0.0377833923853766,-0.075,0.00540146473659538,0.000139465669593242,-4.51720278650371e-05,0.000273810486020675,8.28195036513237e-05,-0.000199747065453765,2.95399040452149e-06,-0.4,-0.4,0.186479574518472,-0.4,0.398861516923115,0.226692622391011,-0.00697164143042503,-0.4,0.175058866933843,0.01,0.790741309530446,0.01,0.01,0,0,0,0,0,0,0,0,0,0.01,0,0,0,0,0,0,4.64487156969125,0.01,0.01,0,0.01,0,0.01,0.982126667598315,0,0,0,0,1.63436944717583,1.81524467175339,1.66398309954084,1.78563101938838,1.05210974143986,1.7117610802061,1.14562951526429,1.61824130638166,1.32158404568432,0,0.861845179149085,0.632519518206445,0.607937402397333,0.5,0.84365800005108,0.5,0,0,0,0.580025351036347,0,0.5,0,0
591,-0.029750963954194,0.0561593811749344,0.0417537800580016,0.102808497504931,-0.00904487252397667,0.0480635143973847,-0.0185285972374778,-0.100812091759003,0.0564586980262812,0.658022423486966,7.54014503433867e-07,-1.14611876425476e-06,0.753040485328937,-0.00199885822450649,-0.000625928622846,0.0519972887617704,-0.075,-0.075,-0.0292934167936247,-0.075,0.075,-0.00577461037991495,0.0233283434323619,-0.075,-0.0303826802741743,-0.0140731898265729,-0.00281951133361258,0.763765932148277,-0.0133380054466736,-0.0619292335425157,-0.000157026818312229,0.199570839116143,0.0300946571449031,0.25,-0.4,0.0129836032969869,0.25,-0.200207390524822,-0.4,0.15,0,0,0,0,0,0,0,0,0,0,0,0,0,0.01,0,0.01,0.01,0.01,0.281725152235451,0.01,0,0.01,0.01,0.379878433902099,0.357670333021904,0,0.01,0.233883996784729,1.297070695949,1.42010073587803,1.26989508036625,1.44727635146078,1.46813687987401,1.35841263827386,1.36794070168846,1.45860881645941,1.72274585000325,1.71799170779607,1.65760871828298,1.78312883951634,0.515065072482122,0,0.5,0,0,0,0,0,0.5,0,0,0,0,0.5,0,0
592,-0.0307168352197817,0.0555155677580521,0.0413341440543444,0.103890957457768,-0.00828131477423401,0.0474837121897864,-0.0178735822949035,-0.102732070760053,0.0559751383295025,0.655338498315071,2.57254099232199e-06,-7.55863223256522e-06,0.755377401489756,-0.00222273491346599,-0.00135465804745966,0.0519974230090167,-0.0223610131587572,0.00739888064517524,-0.0137928280657852,0.075,0.00172216415350033,-0.05,0.0420793955644104,-0.075,-0.0180350276667353,-9.03726442092832e-06,-0.000554962945710163,0.0595963385884435,-0.00481432038792434,-0.00923556562838941,-2.00756096036405e-06,0.4,0.0811435628336229,0.153968524996299,-0.385505690906629,0.128201747951239,0.25,-0.251918082998412,-0.4,0.15,0,0,0,0,0,0,0,0,0,0,0,0,0,0.01,0,0.01,0.0215435468808809,0.01,0.31579721784647,0.01,0,0.01,0.01,0,0.18435649616295,0.01,0.01,0,1.29347775384418,1.42874093968633,1.34703266230038,1.37518603123013,1.42512473304638,1.31297917287809,1.34933380858581,1.38877009733866,1.701385766064,1.72003802356693,1.65734945040424,1.76407433922668,0.5,0,0.5,0,0,0,0,0,0.5,0,0,0.5,0,0,0,0.5
593,-0.0321130649339726,0.0552955670811531,0.0415989774930287,0.104095003975796,-0.00731221517565633,0.0470244021897864,-0.016844767552245,-0.104652049761103,0.0556237285322409,0.655304335597936,7.58851654320212e-08,-2.42505488659302e-07,0.75540703860417,-0.00223129770995087,-0.00136954246984137,0.0519974248081437,-0.075,-0.0292158745590516,0.0400071719342146,-0.0539505952210484,0.075,0.00379999999999979,0.0607089310241445,-0.075,-0.0171105743261285,0.00128871237508925,-0.000922640199050762,1.0733509336774e-08,-4.87848788512862e-05,-6.88257260038608e-05,-2.45510251683194e-07,0.4,0.096576513016567,0.15,-0.358103261619401,0.0471664470663706,0.25,-0.265647138774189,-0.4,0.15,0,0,0,0,0,0,0,0,0,0,0,0,0,0.01,0,0.01,0.0869093260248329,0.01,0.278610495955133,0.01,0,0.01,0.01,0,0.362468755746241,0.01,0.01,0.01,1.30529371245291,1.44401251211246,1.35550833643461,1.39379788813075,1.37218421661408,1.27974571376694,1.29705394180102,1.35487598858,1.68731222538363,1.70337035991197,1.64061722156691,1.7500653637287,0.5,0,0.5,0,0,0,0,0,0.5,0,0,0.5,0,0,0,0
594,-0.0337407140598102,0.0545439493486334,0.0426024769759649,0.104155829138313,-0.00677899688896625,0.0471235099160756,-0.0155827232382748,-0.106572028762153,0.0552480120476244,0.654536884606291,7.99017090188898e-06,6.33123586575116e-06,0.756072117015255,-0.00226768909506133,-0.00152060429666647,0.0519984652305296,-0.075,-0.0148109508150561,0.0487414090795923,0.0594660283548265,-0.0211971854039706,0.00609927624768169,0.0654716865950118,-0.075,-0.0204444049822375,-0.0129070886026192,0.0039473905574183,0.264093075442299,-0.00358407977440919,-0.0155491746912001,0.000547984854873277,0.4,0.0892505746580975,0.15,-0.4,0.0284425354001142,0.234906727527661,-0.263421560121299,-0.4,0.15,0,0,0,0,0,0,0,0,0,0,0,0,0,0.01,0,0.01,0.0844477061553804,0.01,0.204126731125568,0.01,0,0.01,0.01,0,0.343189250968403,0.01,0.01,0.01,1.29395730851622,1.42767344407921,1.34989305759296,1.37173769500247,1.32857195589307,1.31296887603365,1.30722514810617,1.33431568382055,1.66060338276599,1.67783691043599,1.62054849516984,1.71789179803214,0.5,0,0.5,0,0,0,0,0,0.5,0,0,0.5,0,0,0,0
595,-0.0353082461482912,0.0542190751589238,0.0436294936453546,0.104931884239748,-0.00759948903577969,0.0470558526433204,-0.0143769397937376,-0.108492007763203,0.0547730651582899,0.654151246623396,-2.5194872373382e-06,4.12991316624623e-07,0.756405796995467,-0.0022948732023217,-0.00160183408568109,0.0519975130619437,-0.075,-0.0112049580972287,0.05,0.0183450864979366,-0.06065474149691,-0.0127706538725989,0.0551582251658542,-0.075,-0.0270174188817121,-0.00712681212524311,0.0032602289742535,0.00032836030357359,0.000151220655239635,0.000370954701372162,0.000253612285145943,0.255135497398991,-0.0207310581527538,0.15,-0.317259788291963,0.191289403397894,0.225701724300813,-0.16870032449172,-0.4,0.247560924863128,0,0,0,0,0,0,0,0,0,0,0,0,0.513811137010382,0.01,0.141819153082307,0.01,0.253953190316605,0.01,0.232529226088691,0,0,0.01,0.01,0.348146099714782,0.340977817420803,0.01,0.01,0.01,1.36897533581591,1.4058594523065,1.37236648489553,1.40246830322688,1.47985561067242,1.31401191332638,1.38237905498498,1.41148846901382,1.71610616788507,1.61760551478147,1.60159266713254,1.732119015534,0,0,0,0,0,0,0,0.5,0.5,0,0,0,0,0,0,0
596,-0.0344949915831704,0.0543368191125546,0.0442237173914197,0.103497909794328,-0.00710122842449402,0.0471346537514417,-0.0148765699803498,-0.110411986764253,0.0538619809694728,0.65415020589997,9.67960477270094e-07,-3.36767342163663e-07,0.756406697037403,-0.00229452385085146,-0.00160271311656475,0.0519974159219954,0.075,0.0133965310971858,0.0127981367152971,-0.075,0.075,0.0204844889705103,-0.075,-0.075,-0.05,-0.00353481401183191,-0.00227930313747012,7.28414562074639e-05,-0.000108053149101633,0.000161544894485725,2.47617894688069e-06,0.093799407579365,-0.0295024238098405,0.15,-0.0411826283442596,0.0665978330730449,0.182263160321714,0.0107987571944843,-0.4,0.248238017445417,0,0,0,0,0,0,0,0,0,0,0,0,0.42510789784806,0.01,0.0287080948304634,0.01,0,0.01,0.01,0.01,0,0.01,0.01,0,0.157739390311822,0.01,0.01,0.01,1.28369344555267,1.34369726565185,1.28605934696261,1.34133136424191,1.39871723473635,1.24682073055478,1.33857747364693,1.3069604916442,1.78644268294837,1.71490560855012,1.69869975027586,1.80264854122262,0,0,0,0,0.5,0,0,0,0.5,0,0,0.5,0,0,0,0
597,-0.0336925060127086,0.05445243836986,0.0447985211334554,0.101772309953179,-0.0055678429674838,0.0479983576190878,-0.0164021907014569,-0.112331965765303,0.0528987511274052,0.654149366042736,3.59909896148221e-06,-2.19506631902633e-06,0.756407423352012,-0.0022941324541411,-0.001603861873487,0.0519975399225325,0.00694066817796766,0.000999337411140583,0.0415495572036656,-0.075,0.075,0.05,-0.075,-0.075,-0.0463412778176755,-3.60461986416967e-06,-0.000241190162635857,0.000221096149179163,-4.01834547290733e-06,-4.9227168989725e-05,4.95547102148588e-06,0.347135713073249,0.0152734064474408,0.15,-0.132926859615711,-0.0328616255988968,0.173881845919709,-0.0310763555181021,-0.4,0.25,0,0,0,0,0,0,0,0,0,0,0,0,0,0.01,0.01,0.01,0,0.01,0.01,0.01,0,0.01,0.01,0.233641197388227,0.396846173516201,0.01,0.01,0.0207520100625396,1.22594165094687,1.3351665656467,1.26376560185315,1.29734261474042,1.2049603908603,1.12338710588981,1.17488014531605,1.15346735143406,1.87085358548607,1.84093932990912,1.8037659896639,1.90802692573129,0.580518462412806,0,0,0,0.5,0,0,0,0.5,0,0,0,0,0,0,0
598,-0.0345633781611568,0.0542746782976347,0.0454190416807702,0.101154117733026,-0.00607471236135782,0.0490203618835959,-0.0174135534477127,-0.114251944766353,0.0525126155710517,0.653939548124556,3.77705701452637e-06,-4.62761177806607e-06,0.75658882565733,-0.00231325632274122,-0.00164302041032553,0.0519974828556065,-0.075,-0.0168562614043158,0.0257114048381064,0.0127420676464613,-0.075,0.05,-0.0263793777368959,-0.075,0.00745872218232431,0.00173096821651894,-0.00143063905681861,0.0579916795207881,-0.00227147482423867,-0.00383409225455083,-3.7025602089975e-05,0.316215130394472,0.0400589835119999,0.157514136925037,-0.243935032000071,0.112316976984871,0.195968539072158,-0.0725023779425446,-0.4,0.185555625677655,0,0,0,0,0,0,0,0,0,0,0,0,0,0.01,0.01,0.01,0,0.01,0.01,0.01,0,0.01,0.01,0,0,0.01,0.01,0.01,1.16955028797533,1.30537073180913,1.19732800075181,1.27759301903265,1.20317235452609,1.13987359892131,1.15596057869906,1.18708537474834,1.94450563200541,1.94056440445384,1.89053120616182,1.99453883029743,0.558142735865426,0,0,0,0.5,0,0,0,0.5,0,0,0.5,0.5,0,0,0
599,-0.0354961489636768,0.0538619016465969,0.0461849352263046,0.100246866364291,-0.00755390573032337,0.0500710678054198,-0.0185057332764563,-0.115000000101316,0.0531172345617976,0.652818136415291,6.40676640433918e-06,-4.61498200567144e-06,0.75755664897303,-0.00240428165297881,-0.00185834576687452,0.0519976547586796,-0.0246722597517576,-0.0253888377203349,0.0454912002962579,-0.075,-0.0729296884542845,0.05,-0.075,-4.77780253548799e-14,0.05,0.00029679130634226,0.000689392751549021,0.210432096120914,-0.0052758653700402,-0.0172276296584415,3.11828072021407e-05,0.4,0.0254122041644071,0.15,-0.0847432763706689,0.196219518165801,0.158979243281456,-0.0186604244269634,-0.4,0.167239600979346,0,0,0,0,0,0,0,0,0,0,0,0,0,0.01,0.01,0.01,0,0.01,0.01,0.01,0,0.01,0.01,0.257055286382468,0.431097033177822,0.01,0.01,0.01,1.12062807442335,1.24721355548929,1.16450337168008,1.20333825823257,1.25979841519312,1.11284246508227,1.19220412241083,1.18043675786455,1.98384064172019,1.97987643070565,1.93988832828811,2.02382874413773,0.581004682049851,0,0,0,0.5,0,0,0,0.5,0,0,0,0,0,0,0
