timestep,x_0,x_1,x_2,x_3,x_4,x_5,x_6,x_7,x_8,x_9,x_10,x_11,x_12,x_13,x_14,x_15,x_16,x_17,x_18,x_19,x_20,x_21,x_22,x_23,x_24,x_25,x_26,x_27,x_28,x_29,x_30,u_0,u_1,u_2,u_3,u_4,u_5,u_6,u_7,u_8,lambda_0,lambda_1,lambda_2,lambda_3,lambda_4,lambda_5,lambda_6,lambda_7,lambda_8,lambda_9,lambda_10,lambda_11,lambda_12,lambda_13,lambda_14,lambda_15,lambda_16,lambda_17,lambda_18,lambda_19,lambda_20,lambda_21,lambda_22,lambda_23,lambda_24,lambda_25,lambda_26,lambda_27,eta_0,eta_1,eta_2,eta_3,eta_4,eta_5,eta_6,eta_7,eta_8,eta_9,eta_10,eta_11,eta_12,eta_13,eta_14,eta_15,eta_16,eta_17,eta_18,eta_19,eta_20,eta_21,eta_22,eta_23,eta_24,eta_25,eta_26,eta_27
0,-1.25624294740181e-09,0.0700000000458765,0.0500000006182092,0.0699999999261402,-0.0549999991293463,0.0500000012430153,-0.0700000002838298,-0.0550000002949136,0.0500000003099441,0.999999999836839,-2.43418437988902e-11,-5.71534546722877e-11,-2.575116626485e-10,-1.14265800509887e-09,5.18886993797344e-10,0.0520000000125764,-1.47140896359567e-09,1.13452778723323e-09,1.0491784476713e-09,-2.90550926163772e-09,1.72138013424519e-09,5.69140131842253e-10,-2.5794467665462e-09,-1.89760513500494e-10,4.28832231649513e-10,-1.62298015432934e-11,-4.42653598255636e-11,-3.59515174211327e-10,-1.70032671599158e-08,7.0424845145448e-09,2.0712949618371e-10,-0.400000607340965,-0.121190445269485,0.189161698985539,0.324484577471249,0.0164176350475304,0.197509818362908,0.399999033805666,-0.163171825200207,0.217969999440099,0,0,1.63778743574822,0,0.01,0.945294160212404,0.01,0.01,0.01,0,0,0,0.01,0,0.01,1.84553953975875,0,0,0.01,1.67551399742462,0.01,1.44844749241052,0.894883603371472,0.01,1.41230916304084,0.01,0.724592403580443,0.01,1,1,0,1,0,0,0,0,0,1.36937869154466,1,1.25017650429499,0,1,0,0,1,1,0,0,0,0,0,0,0,0,0,0
1,-0.00169995353422739,0.0685141411268665,0.0496070271646194,0.0707178137139994,-0.0536605675179236,0.0495356925737647,-0.0689334854453988,-0.054036260642144,0.0495356898992884,0.99999999681737,-9.96198787901311e-11,2.32871033510097e-11,-3.99078482832108e-09,-3.87369219103144e-10,1.88300856511544e-09,0.0519974439254847,-0.0749999836489122,-0.0749999970830796,-0.0391018353018625,0.0714242994738215,0.0750000007635734,-0.0461999007736799,0.0749999890260282,0.0750000152109216,-0.0462000620130639,-5.35912229073074e-11,-5.47168647116683e-11,-2.52087756993476e-09,-2.56330747040182e-08,1.84950512556596e-08,-2.90499513857103e-05,-0.322067539079744,-0.084901724576824,0.234156490705208,0.168310201607375,-0.0188782172507059,0.243226191720351,0.234801208383669,-0.231208774088044,0.181420128580601,0.01,0,1.72998511662426,0.01,0.01,1.01267210668714,0.01,0.01,0,0,0,0,0.01,0,0.01,1.89732467438075,1.10207933062992,0,0.01,1.72364891227326,0.01,1.45990201384302,0.840777819174135,0.01,1.41740937256507,0.01,0.66465667562146,0.01,0,1,0,0,0,0,0,0,1,1.01393193981731,1.01148930384751,1,0,1,0,0,0,1,0,0,0,0,0,0,0,0,0,0
2,-0.00361991281890059,0.0668657824277818,0.048596187268856,0.0719164566341509,-0.0519510928485389,0.0484961630185553,-0.0673400986765933,-0.0524139103387775,0.0484947790857408,0.999999996723595,-1.15365679900426e-10,-2.72871966579971e-11,-4.28113931577337e-09,-5.73841488943536e-10,2.44364488549471e-09,0.0519974248814971,-0.0749999820452543,-0.0749999965643947,-0.0500000002800658,0.0485543608435641,0.0749999972534984,-0.0500000002574296,0.0749999879297062,0.0750000157538126,-0.0499999994953956,-4.35633856337555e-11,-7.74850718017283e-11,-3.05918050529418e-09,-3.02933434177484e-08,1.87753580988737e-08,-4.20568901921625e-07,-0.347049906417486,-0.109192526577091,0.247442244994719,0.210025213319849,0.0474094219663184,0.24941313218456,0.236054955877015,-0.240366701744155,0.237826991063536,0.021113587606946,0.01,1.80851237584502,0.01,0.01,0.939335637913354,0.01,0.01,0,0,0,0,0.01,0,0.01,2.03290792973306,0,0,0.01,1.80507551512086,0.01,1.48929880746816,0.782480459140603,0.01,1.33967696952589,0.01,0.551785306569558,0.01,0,0,0,0,0,0,0,0,1,1,1,1,0,1,0,0,1,1,0,0,0,0,0,0,0,0,0,0
3,-0.00553987262012876,0.0651023919362716,0.0475792603020027,0.0732325218839252,-0.0502840450973492,0.0474527224651633,-0.0656952620481914,-0.0508683226805515,0.0474551672650124,0.999999996450243,-9.44286660944282e-11,-2.90740897825165e-12,-4.37785269257331e-09,-1.39230279597559e-10,2.30269534017466e-09,0.0519974248438618,-0.0749999811303664,-0.0749999961194013,-0.0499999996093099,0.0749999887431097,0.0749999928972516,-0.050000000965746,0.0749999882675549,0.0750000161185481,-0.049999999685943,-3.36365437807493e-11,-6.40888693513489e-11,-3.25490825684513e-09,-2.80449256853667e-08,1.89367318224552e-08,-1.03890731006789e-09,-0.35639226906379,-0.14890627137163,0.2401965095398,0.19392147046316,0.0933493130598747,0.250000014070404,0.214201792377576,-0.256355337165402,0.243466414663525,0.0580989722486229,0.01,1.87530683736769,0.01,0.01,0.815775851327862,0.01,0.01,0.01,0,0,0,0.01,0,0.01,2.06227178627123,0,0,0.01,1.82090578624049,0.01,1.45374973184662,0.68751898897911,0.134903126279693,1.3135664698719,0.01,0.443273889878107,0.01,0,0,0,0,0,0,0,0,0,1.04412017237437,1,1,0,1,0,0,1,1,0,0,0,0,0,0,0,0,0,0
4,-0.00745983203593402,0.0632918681077065,0.0465515713756076,0.0747524792828467,-0.048653343932015,0.0464121204517081,-0.0640549026856928,-0.049317396412312,0.0464243790158096,0.999999996372641,-1.34498286713757e-10,-5.64692883384958e-11,-4.70161613717418e-09,-1.29884997448923e-09,3.13808622041021e-09,0.051997424855033,-0.0749999862925942,-0.074999994848586,-0.0500000001455321,0.0749999880085222,0.0749999941354833,-0.0499999996769024,0.074999987625135,0.0750000169909065,-0.0499999995535676,-5.70668326910796e-11,-8.76615495399427e-11,-3.17320460322624e-09,-3.60873937632458e-08,2.5191116669355e-08,-3.33765714302195e-11,-0.267694073591379,-0.194419832588426,0.249999940017422,0.216063058066492,0.115119365203662,0.250000133168389,0.277163424669301,-0.269214071151039,0.250000183943715,0.01,0,1.74966915925056,0.01,0.01,0.01,0.01,0.719860984031428,0.198377323759503,0,0,0.01,0.01,1.18790852915746,0.01,1.96988643681064,0,0,0.01,1.73654225108388,0.01,1.43986110729214,0.711277280651582,0.0722184162397111,1.25991100165308,0.01,0.475170003880746,0.01,0,1,0,0,0,0,0,0,0,1,1.12268539516218,0,0,0,0,0,1,1,0,0,0,0,0,0,0,0,0,0
5,-0.00937978849694163,0.0613718907018465,0.0455030606827775,0.0741429879635341,-0.0470321922727226,0.0453636104276222,-0.0623254660389148,-0.0477427349837726,0.0453758695948724,0.999999996233703,-7.36306509670993e-11,-1.74149797147379e-10,-5.33780136075473e-09,-3.94085082196211e-09,1.54407463279292e-09,0.0519974248753503,-0.0749999908382498,-0.0749999956818996,-0.0499999995977203,-0.0750000167436737,0.0749999886376255,-0.049999999561645,0.0749999829206037,0.0750000132034603,-0.0499999979922105,-3.99099950695588e-11,-1.45181146980635e-10,-3.63422648669987e-09,-6.45305364245168e-08,1.53332278267916e-08,1.93644920034578e-10,-0.202613818457507,-0.186776467647783,0.24578593736684,0.312464860049777,0.156026669228712,0.250000180674272,0.355979017688109,-0.210460023489938,0.193815669774289,0.01,0,1.70494946850418,0.01,0.01,0.01,0.01,0.864629731669131,0,0,0,0.01,0.01,1.15539522748132,0.01,1.81788905506984,0,0,0.01,2.38975918595729,0.01,1.5068978546811,0.827479242278195,0.0149454674541688,1.22179673181107,0.01,0.55617678831605,0.01,0,1,0,0,0,0,0,0,1,1,1,0,0,0,0,0,1,1,0,0,0,0,0,0,0,0,0,0
6,-0.0112653858968195,0.0597788360823849,0.0445276357934321,0.0729955704675004,-0.0453718595972229,0.0443201617474069,-0.0606490548613608,-0.0462129801794001,0.0443622944305474,0.999999485179773,7.20336429267783e-06,-5.19876784017561e-06,0.00102231684015562,-5.02519013844388e-05,-0.000180489793304634,0.0519957194393139,-0.074999991825699,-0.0489702751978887,-0.0384248154601723,-0.0399171639212112,0.0750000083035324,-0.0499999997098237,0.0749999905785304,0.0750000137418576,-0.0500000000591552,-0.00710193151157839,0.0381836374310338,0.444301903279492,-0.0125812815520443,-0.0424081641823202,0.000794573961899495,-0.204167102624468,-0.165915331079165,0.249999933233791,0.138798291936344,0.400000092754216,0.25000011930244,0.290000804757858,-0.209431530825798,0.249999975869788,0.01,1.63987105735376,0.01,0,0.01,0,0.01,0.01,0.01,0,0.0918466996877173,0.076155755121744,0.01,1.24587286823803,0.01,1.86840440401031,0,0,0.01,1.61903915305836,0.01,1.53594066903295,0.795176966190293,0.0212235768526473,1.1683437690715,0.01,0.576663296217134,0.01,0,0,0,1,0,1,0,0,0,1,0,0,0,0,0,0,1,1,0,0,0,0,0,0,0,0,0,0
7,-0.0130987393677127,0.0582375695434863,0.0439656363571813,0.0726279445364645,-0.046085413061911,0.0432716512336024,-0.0593916982934976,-0.0449682884678892,0.043486045364616,0.999954759655396,3.56708029940591e-06,8.0757665476971e-06,0.00953367229068467,-0.000204493677478414,-0.00151881369809634,0.051997228740452,-0.0749999969112182,-0.0750000008663583,-0.0279653693052773,0.00294017301237048,-0.075000002361012,-0.0499999999677631,0.0439651782091162,0.0381573983712593,-0.0351624800918941,-0.0416852666578882,0.0335657021009432,1.10402966711087,0.0103797242689242,-0.0747378038837764,0.000274896341125913,-0.173222336630267,0.0216676324336275,0.205151785725819,0.180324047426596,0.399999018675246,0.2500000127,0.302400168177956,-0.0788919564509017,0.204133968035703,0.01,1.58128837962513,0.01,0.01,0.01,0,0.01,0.01,0.01,0,0,0,0.01,1.11179261294427,0.01,1.62693515971019,0,0.01,0.01,0,0.01,1.74861039813665,0.857278625801299,0.240478512818245,0.865782426435351,0.01,0.47670622068039,0.01,0,0,0,0,0,1,0,0,0,1,1,1,0,0,0,0,1,0,0,1.03349003605635,0,0,0,0,0,0,0,0
8,-0.0149831066725562,0.0564393941539918,0.0437328413010579,0.0726440084855155,-0.0469964021391978,0.0422231419456928,-0.0586677948978174,-0.0450417278987835,0.0429972046117963,0.999834496096198,5.84243688954835e-06,1.72345862125984e-06,0.018214550639999,-0.000155979722552323,-0.00305243153154148,0.0519974456411785,-0.0749999937759218,-0.0750000042877053,0.000740971706922908,-0.00131243203739647,-0.0163921222624576,-0.0499999999280147,0.0241213238212171,-0.0467632023151772,-0.0135197600653297,-0.00965744033485123,0.0013573673060524,0.782513709752132,-0.0038357496244772,-0.0774610477056136,8.75987430699207e-05,-0.121565901072487,0.0535158603005221,0.206878157792762,0.150519825439886,0.399993714146347,0.25000003057972,0.187863374498113,0.00907080007435032,0.205164931826824,0.01,1.52326532115094,0.01,0.01,0.01,0.844863535859354,0.01,0,0.01,0.817254636498938,0.0335057698637242,0.110316215344096,0.01,1.17878197055594,0.01,1.6135027727305,0,0.01,0.01,0,0.01,1.85194380215633,0.903872040758201,0.131539668825793,0.808707699583131,0.01,0.597485956326452,0.01,0,0,0,0,0,0,0,1,0,0,0,0,0,0,0,0,1,0,0,1.0220036028105,0,0,0,0,0,0,0,0
9,-0.0168675589725744,0.0546920365612863,0.0437501558473082,0.0713168299239672,-0.0455521464180665,0.0411746312553493,-0.0581203422062059,-0.0467922866329302,0.043012179835279,0.999663808245271,5.46016480757617e-06,8.56227050134705e-07,0.0259492568182201,-0.000236515546165405,-0.00451828788706605,0.0519974932376367,-0.0750000010566947,-0.0750000021748137,0.000964311346246448,-0.0750000009836381,0.0749999979925663,-0.0499999996915819,0.0285348529498656,-0.0750000015861741,0.0116320328668286,-0.00930692441465953,0.0049777796330363,0.80367224113735,-0.00371659889923001,-0.0724133624709838,6.70391085521676e-05,0.0957867892521981,0.0322193326590138,0.150000032548549,0.108897037102593,0.399999176641307,0.248116630201637,0.399999432077015,-0.154603437791306,0.15359888459513,0.01,1.10606150533205,0.01,0,0.01,1.05361160964383,0.01,0.01,0.01,0,0.01,0.01,0.01,0,0.01,0,0,0,0,0,0.01,0,0,0.01,0.477603027272982,0.01,0.227449450931544,0.01,0,0,0,1,0,0,0,0,0,1.12823678289831,0,0,0,1,0,1.03164074556387,1.12981958548011,1,1,1.27995063069821,0,1,1,0,0,0,0,0
10,-0.0187552533384566,0.0529625020086148,0.043909563839193,0.0698708079985873,-0.0436321694707349,0.0407153212404602,-0.0568559957650756,-0.0483114405808336,0.0433335428221057,0.999348398062274,3.88245729598607e-06,1.83202873865787e-06,0.0361163597823442,0.000219648210624599,-0.00581514767672927,0.051997460403585,-0.0749999991771974,-0.0750000019157688,0.0141836945160533,-0.0696289115635586,0.0749999943395078,0.00379998421955621,0.0749999948454642,-0.0744333443547534,0.0210252315324686,-0.00701480201653152,0.00180701370982764,1.09477215329052,0.043068239993063,-0.0616880182691529,7.96476550689695e-05,-0.0432164840609977,0.0655745701485432,0.189140234305684,-0.0748853156592805,0.399997667043605,0.225968317222807,0.144005961273276,-0.139641230560476,0.149999505030844,0.01,1.34101392775738,0.01,0,0.01,0.900388604470333,0.01,0.01,0.01,0,0.01,0.01,0.01,0.965004979637917,0.01,1.38960602757559,0,0,0.01,0,0.01,2.1378025109194,0,0.01,0,0.01,0.01,0.01,0,0,0,1,0,0,0,0,0,1.12649855718311,0,0,0,0,0,0,1,1,0,1.09739467847598,0,0,1,0,1,0,0,0
11,-0.020647324393183,0.051133353542265,0.0439015076179471,0.0683187883044713,-0.041771713750469,0.0403270113570149,-0.0552574293061056,-0.0498589631344304,0.0439716099245772,0.998930859062645,4.88820044174246e-06,2.61718513323482e-06,0.0462521940407406,0.00102937880469555,-0.00710560192151375,0.0519974777020652,-0.0749999945496799,-0.0750000030479734,-0.0127764656718581,-0.0750000031311994,0.074999991961058,-0.0424000162217204,0.0749999946420209,-0.0749999950955339,0.0400546956534076,-0.0133092243482214,0.00498248181783343,0.99649070792994,0.0416179320490551,-0.063983975190777,7.60119791787448e-05,-0.0983978101709791,0.122171011259717,0.201597079086277,-0.097166266726258,0.399996686835706,0.249999947891128,0.161285981851818,-0.0986623075805386,0.149999907308091,0.01,1.26796988868803,0.01,0.01,0.01,0.917127372434031,0.01,0.01,0.01,0,0.01,0.01,0.01,0,0.01,1.37646952026432,0,0,0.01,0,0.01,0,0,0.01,0,0.01,0.0194665463445046,0.01,0,0,0,0,0,0,0,0,0,1.03562087299428,0,0,0,1,0,0,1,1,0,1.10061826934459,0,1.05180608465502,1,0,1.01856667750897,0,0,0
12,-0.0225524079472097,0.0495237741214591,0.0439195312628229,0.0668021891670288,-0.0398517380140773,0.0400458552119035,-0.053593096122106,-0.0513608204660615,0.0446597245590633,0.998465150661252,3.78570084842021e-06,2.51794862283292e-06,0.0554065945978227,0.00195827731051683,-0.00811588745051441,0.051997558213116,-0.0749999939803341,-0.0750000034070555,0.0135273275848705,-0.0750000013585673,0.0749999915293368,0.0155678983562391,0.0749999959860575,-0.0749999957800101,0.0304640550663996,-0.00547655322143833,0.00416258994292548,0.922564518358641,0.0472958801607137,-0.046837947670743,0.000127326770379947,-0.100683697288835,0.127167560210207,0.187680632885566,-0.158084692442,0.399996508884945,0.224168344541782,0.139901706372934,-0.0914297281532693,0.149999922701934,0.01,1.28713845974465,0.01,0.01,0.01,0.954433626837717,0.01,0.01,0.01,0,0.01,0.01,0.01,0,0.01,0,0,0.01,0,0,0.01,2.42065516354083,0,0.01,0,0.01,0.0245644059747422,0.01,0,0,0,0,0,0,0,0,0,1,0,0,0,1,0,1,1.10536075729281,0,1,1.27963098133439,0,0,1,0,1.00260561541253,0,0,0
13,-0.0244408683396896,0.0477820818613549,0.0444100593273078,0.0663278175992529,-0.0379764107891773,0.0400278274566265,-0.0527572715587461,-0.0529709603118964,0.0450498217627175,0.997929705991611,1.89649204641433e-05,1.17545546803934e-05,0.0643370774708594,0.00211596234690422,-0.00926990780161186,0.0519974859385963,-0.0750000055844125,-0.0750000036222438,0.030685971398335,-0.0206517851622155,0.0749999918554652,-0.015515987069692,0.0369206251629379,-0.0749999965076127,0.0134761745552238,-0.0356665651516143,0.0146811197117805,0.772536549494705,-0.0302494257861572,-0.0649614492128847,0.00288905011253058,0.0660020560918922,0.139066965493224,0.150000047848371,-0.0369882687650516,0.39999664314695,0.229313094523588,0.28881266354059,-0.0528558836217896,0.177643079589612,0.01,0.987447652972474,0.01,0.01,0.01,0.898939708337779,0.01,0.01,0.01,0,0.01,0.01,0.01,0,0.01,0,0,0,0,0,0.01,0,0,0.01,0.407780205383419,0,0.435598500277848,0.01,0,0,0,0,0,0,0,0,0,1,0,0,0,1,0,1.1671983200105,1.06296634429421,1,1,1.21611159950716,0,1.15333429617989,1,0,0,1,0,0
14,-0.026358800351173,0.0464206212677603,0.0448618838658459,0.0657859221604932,-0.0361297609164438,0.0402784850377523,-0.0527891351770883,-0.0545183435226181,0.0450700078438392,0.997367795778256,2.09758805938191e-06,-9.87600651839527e-07,0.0725312276027878,0.00135773673744368,-0.0101629512097996,0.0519979592544601,-0.0749999999880512,-0.0621335869579357,0.013651687411443,-0.0376021629924682,0.0749999999837205,0.027281815827698,-0.0126405673202639,-0.0749999999968486,0.000163348534666055,-0.00712527752298454,0.000417581808469717,0.853974487125343,-0.0483923080768657,-0.038142097490514,-0.000183613672704686,0.0308731713942953,0.399999994939397,0.150000000299681,-0.0561141303695509,0.399999993290635,0.250000001640442,0.400000005641978,0.000689145302222603,0.150000000596028,0.01,0.993301876149987,0.01,0.01,0.01,0.91162494121353,0.01,0.01,0.01,0,0.01,0.01,0.01,0,0.01,0,0,0.01,0,0,0.01,1.63921295196852,0,0.01,0,0.01,0.516002739262144,0.01,0,0,0,0,0,0,0,0,0,1.01044322157827,0,0,0,1,0,1.2386350380777,1.13074783205325,0,1,1.29068848544968,0,0,1,0,1.00462028512352,0,0,0
15,-0.0283035384990229,0.0448297349767799,0.0450710437629149,0.0651066462239789,-0.034245131512481,0.0405319257040038,-0.0528987765587953,-0.0561177788911411,0.0451702478605385,0.99662729334865,2.78028260298959e-06,-1.15173608898263e-07,0.0820840702300255,0.000469998709532951,-0.0112125867696945,0.0519977044420933,-0.0750000017385886,-0.0750000064951789,0.0133496944641731,-0.0323938705763516,0.0749999898405493,0.00146199861618225,-0.000565824261970722,-0.0750000024733764,0.00794675334212457,-0.00825912761781334,0.00600199234728444,0.979481847206328,-0.0399249126102268,-0.0558722970730044,-7.862248451389e-05,0.0443355931264615,0.225088689059558,0.150000089905966,0.0531725328575237,0.399995874862158,0.249999855711848,0.399997254848681,0.00716943137572157,0.195210754805017,0.01,1.01554952999983,0.01,0.01,0.01,0.846862067642289,0.01,0.01,0,0,0.01,0.01,0.01,0.740418839260408,0.01,0,0,0,0.01,0,0.01,1.82807091689282,0,0.01,0.500076436438564,0,0.933494476508552,0.01,0,0,0,0,0,0,0,0,1,1.09740612405686,0,0,0,0,0,1.02606042435552,1,1,0,1.05544401253509,0,0,1,0,0,1,0,0
16,-0.0302283506386115,0.0432668221748811,0.0452672536020017,0.0643676206049284,-0.0323593176407616,0.0403176871021101,-0.0529799590804348,-0.0576813561049942,0.0451804764105885,0.995849865776954,4.7697135368703e-06,-1.7750739266104e-06,0.0910340851774688,-0.000351036475401942,-0.0122330092075085,0.0519974209266654,-0.0749999954391151,-0.075000005270013,0.00686768717993875,-0.0415951025107051,0.0749999911044,-0.020208802634154,-0.00605734782599674,-0.0750000028764244,-0.00164466060322931,-0.00785336423640129,-0.00873305063185711,0.901554440583734,-0.0429875263679221,-0.0501394456887507,-0.000186092068528177,-0.0679502821508009,0.143724725235267,0.203566700825155,-0.00689389475469735,0.399996264787704,0.249999779348722,0.399998056528524,-0.0699777589306797,0.212430442215827,0.01,1.1585957177745,0.01,0.01,0.01,0.879245312667584,0.01,0.01,0.01,0,0.01,0.01,0.01,1.0638328120879,0.01,0,0,0,0.01,1.152634535387,0.01,1.86918814528093,0,0.01,0.733639652904755,0,1.13556158559196,0.01,0,0,0,0,0,0,0,0,0,1.14797146831488,0,0,0,0,0,1,1,1,0,0,0,0,1,0,0,1,0,0
17,-0.0320749797383225,0.0417336532172707,0.0452462298357331,0.063634541971954,-0.0304929904895553,0.0400000033253729,-0.0529870938815951,-0.0591808055226963,0.0450585018866,0.995033287072827,4.83405307310827e-06,-3.15041786532161e-06,0.099565494359052,-0.00107069088015968,-0.0132096821730535,0.051997159542374,-0.0749999972178278,-0.0750000025584018,-0.00358786044394343,-0.0359707966598772,0.0749999959459572,-3.50125193213764e-05,0.00258237252611437,-0.0750000024771526,-0.00565430758450377,0.000134910912903005,-0.000511910352071118,0.810324221292367,-0.0315762838912512,-0.0476593757607167,0.000117915768049091,-0.141158744784773,0.226578238806417,0.230143790667524,-0.182725281025311,0.399998329290309,0.250000049309612,0.400000447124034,0.155424590925926,0.165738003134408,0.01,1.37007680136859,0.01,0.01,0.01,0.984671525853224,0.01,0.01,0.01,0.739604448601976,0,0.208083733579148,0.01,1.43753270596746,0.01,1.82664724572732,0,0,0,1.34313935469507,0.01,1.97567107002547,0,0.01,0,0.01,0.966859864918234,0.01,0,0,0,0,0,0,0,0,0,0,1,0,0,0,0,0,1,1,1,0,0,0,1,0,1,0,0,0
18,-0.0337905686843959,0.0400312925561237,0.0450986889393087,0.0632959408039065,-0.0286843796515987,0.0400000002612294,-0.0524180393090941,-0.0609697029050466,0.0450939217252634,0.993799375592399,-2.11196765844749e-06,5.02594873189355e-06,0.111211619878555,-0.00151111786231263,-0.0141673046525238,0.0519977212133668,-0.0749999975682892,-0.0750000053052082,-0.0111054611490915,0.000184661289416712,0.0749999859861185,1.62634672030893e-10,0.0499531774478227,-0.0750000048632481,0.00148744685569491,-0.0192170562953594,0.00578033400059198,1.4136386777954,-0.00962910935685967,-0.0427301399869065,0.000320691428689878,-0.107709576477789,0.158149590819077,0.227157047638311,-0.114553649799301,0.399994224308238,0.249999863199012,0.35772776857638,0.130555458938157,0.250000031957816,0.01,1.25909221191364,0.01,0.01,0.01,0.92022446909473,0.01,0.01,0.01,0,0.192500967737059,0,0.01,1.46674344040291,0.01,1.81085915894529,0,0,0,1.27770998153117,0.01,2.05446240506792,0,0.01,0,0.01,0.959136228259889,0.01,0,0,0,0,0,0,0,0,0,1,0,1,0,0,0,0,1,1,1,0,0,0,1,0,1,0,0,0
19,-0.0354488502108575,0.0384518384977455,0.0446679069603412,0.063374960331386,-0.0269127424324791,0.0400000018364391,-0.0514290932987513,-0.062462704479304,0.0450345416717937,0.992553971806546,3.95846707989868e-06,-7.99204066293609e-07,0.121829460741041,-0.00145166420668726,-0.0149062638464224,0.0519971008057515,-0.0749999928345369,-0.075000002668666,-0.0315956145980639,0.00510947184391321,0.0749999859583951,2.13635032467776e-09,0.0519547167764153,-0.0720236448755121,-0.000281163398727222,5.68661251764066e-05,-0.00227671359737821,0.882879217185845,0.012353225840845,-0.036635444924025,-4.14048602864309e-05,-0.175175436786264,0.0761507469214359,0.250000058755786,-0.142895460024446,0.399994212882909,0.250000861419461,0.379636862927348,0.0725945098464393,0.249999782213306,0.01,1.17832346566837,0.01,0.01,0.01,0.915114518826951,0.01,0.01,0.01,0,0.181519871171,0,0,0,0.01,1.70340723322127,0,0,0,0,0.01,2.0577791691199,0.63336425332363,0,0,0,1.15416225551762,0.01,0,0,0,0,0,0,0,0,0,1,0,1,1,1,0,0,1,1,1,1,0,0,0,1,1,1,0,0
20,-0.0372551571193009,0.0370686978326686,0.0444841626378564,0.0630401732295818,-0.0250143592953106,0.0400000002670297,-0.0508780016963538,-0.0636191488858577,0.0450176651239583,0.991730598968731,4.77335287550218e-06,2.85495594531311e-07,0.128360618909975,-0.00149110978804672,-0.0155583212426551,0.0519972663929074,-0.0749999976187751,-0.0612026405258944,0.00843337363689641,-0.0366219384059973,0.074999996476161,2.8828063259109e-10,0.00587339375335511,-0.0478925297510209,-0.00207296491368201,1.42691528038377e-05,-0.00706869792921521,0.515743039998465,-0.0163388713553338,-0.029898119195017,-4.85191390179568e-06,-0.140708267164414,0.0229437033534928,0.237235392440268,-0.236338584784657,0.399998547662077,0.250000089095011,0.400000698115068,0.100105750705283,0.250000267635703,0.01,1.27162799729403,0.01,0.01,0.01,1.0200575205061,0.01,0.01,0.01,0.834789612609576,0.189031563577135,0,0.01,1.35235479051457,0.01,1.81296840442526,1.00230152629089,0.01,0,1.26742396139066,0.01,2.11468663754159,0,0.01,0,0,1.30402045404303,0.01,0,0,0,0,0,0,0,0,0,0,0,1,0,0,0,0,0,0,1,0,0,0,1,0,1,1,0,0
21,-0.038867463086762,0.0356287365580516,0.0442035690218949,0.0628153300067248,-0.0232027610093663,0.0400000002294165,-0.0500650544921942,-0.0649830103159917,0.0449977903812192,0.990511745067804,3.5421315683265e-06,4.07078317158884e-08,0.137451635204094,-0.00153011945991196,-0.0161646724824901,0.0519972070677873,-0.074999996763384,-0.0750000022745846,-0.0356222872446597,0.0106942415903891,0.0749999854069327,-2.19852823034919e-10,0.0705856363060495,-0.0750000028657758,-0.00153874733241941,-0.00233684113415922,-0.00227189879805712,1.2245483836052,0.0140628929761037,-0.0272904996398801,8.56284030054605e-05,-0.0955853644715527,0.0388221264948832,0.250000020146348,-0.207406740616311,0.399993985441604,0.2499998543635,0.384592617174353,0.104817819637576,0.249999562705653,0.01,1.23146687824205,0.01,0.01,0.01,0.984197177448577,0.01,0.01,0.01,0,0.231858858195692,0,0.01,1.32215083414354,0.01,1.85849276438932,0,0.01,0,1.27877047343496,0.01,2.12851199730876,0,0.01,0,0,1.2187175616703,0.01,0,0,0,0,0,0,0,0,0,1,0,1,0,0,0,0,1,0,1,0,0,0,1,0,1,1,0,0
22,-0.0404920110466496,0.0340763925641047,0.0434787461618504,0.0629862794132103,-0.0214162795162552,0.0400000001421776,-0.0488380801896479,-0.0661067386249579,0.0449240373158252,0.98910396874547,2.50693743745738e-06,-1.6826525784755e-07,0.147242340711987,-0.00117679919459482,-0.0166687556243487,0.051997089233452,-0.0749999983112825,-0.0749999995407302,-0.0359865364602067,0.00491593427111935,0.0749999991763383,3.58833344858168e-10,0.0546306948940662,-0.0423962095611634,-0.00794699074136338,0.00040580198158371,-0.00468727171951981,0.852499518467613,0.0201971121467747,-0.0254620463188504,-8.75605693862784e-06,-0.0993309021361459,0.0321891984105015,0.250000065086728,-0.400000177441501,0.399999672361198,0.250000116737863,0.399999741808253,0.139964083340599,0.250000106940598,0.01,1.25513624143055,0.01,0.01,0.01,1.12909054348232,0.01,0.01,0.01,0.760239516241414,0.176979446308181,0,0.01,1.2759017990594,0.01,1.85220201801217,0,0.01,0,1.23572080475934,0.01,2.15909360418245,0,0.01,0,0,1.36217260987053,0.01,0,0,0,0,0,0,0,0,0,0,0,1,0,0,0,0,1,0,1,0,0,0,1,0,1,1,0,0
23,-0.0421170295512042,0.0324117190034595,0.0425922110799165,0.063175864450699,-0.0195967687575741,0.0399999999854497,-0.0473571073101848,-0.0676144379870572,0.0447964730238995,0.987485405340246,3.63576830746457e-06,1.3414534545803e-06,0.157734305491999,-0.000759297724814087,-0.0171694474428812,0.0519972491222679,-0.0749999998801585,-0.0750000001362641,-0.0499999999934573,0.00992222458118772,0.0749999996422492,2.45639675579636e-10,0.0750000000900789,-0.0750000002573869,-0.00934312776224911,-0.00515245258209771,-0.00916419471058317,1.15802516452296,0.0219340258928031,-0.0222739162484968,5.52952555671318e-05,-0.0827781869461847,0.0543351164731365,0.25000000269664,-0.279969241555022,0.399999852556276,0.250000001113416,0.400000037123246,0.133545179325758,0.250000006858647,0.01,1.19416834504476,0.01,0.01,0.01,1.05833553741761,0.01,0.01,0.01,0.767820277311321,0.157079310744339,0,0.01,1.26956164975426,0.01,1.84769270662103,0,0.01,0,1.22552063143253,0.01,2.21084783361634,0,0,0,0.0421159254019832,1.38016180385517,0.01,0,0,0,0,0,0,0,0,0,0,0,1,0,0,0,0,1,0,1,0,0,0,1,1,1,0,0,0
24,-0.0437251044315606,0.0306524687809472,0.0415670172998889,0.0632542876666675,-0.0177836214917922,0.0400000015722451,-0.0457770253145985,-0.0691391476724669,0.0447542319812412,0.985076636675485,2.96395271396663e-06,2.60054670116974e-07,0.172141327033588,-0.000594674004130307,-0.0175751564796723,0.0519971994766904,-0.0749999999770416,-0.0750000000253692,-0.050000000005843,-0.00314312670696916,0.0749999999356765,7.59440926298584e-10,0.0750000000239057,-0.0750000000627196,-0.000367944075814423,-0.00635110651971093,-0.0138348662999858,1.72948917121832,-0.00221380638362281,-0.0165225282685971,-0.000138842276643219,-0.0476211174751378,0.0578574575792637,0.249999997592616,-0.27347031953396,0.399999973489755,0.250000000493941,0.400000009852063,0.132408235460057,0.250000000994156,0.01,1.13074887791384,0.01,0.01,0.01,1.10556517006195,0.01,0.01,0.01,0.795520443127325,0.2243876349055,0,0.01,1.19697307419432,0.01,1.75252230919927,0,0.01,0,1.08859947052636,0.01,2.11498721389392,0,0,0,0,1.2843477711843,0.01,0,0,0,0,0,0,0,0,0,0,0,1,0,0,0,0,1,0,1,0,0,0,1,1,1,1,0,0
25,-0.0452914788811399,0.0290125716325564,0.0406743098425406,0.0632195059368464,-0.0160055599383736,0.0399999999917608,-0.0441821219716649,-0.0706770516309403,0.0446486011099983,0.982245015821688,1.07878111815986e-06,5.21743708535341e-08,0.187628856970853,-0.000606483083509105,-0.0178107358206149,0.0519972297131228,-0.0750000000113026,-0.0750000000287543,-0.0394096669647792,-0.00417469099642056,0.074999999975746,4.72604714352333e-10,0.0750000000019914,-0.0750000000607902,-0.0103024039617821,-0.00723248223171887,-0.0162981190487808,1.46925044493569,0.00243412134932216,-0.00914778233717705,-0.000171049146473656,-0.0161512039782821,0.0749095555432531,0.249999998573531,-0.400000004642861,0.399999990003891,0.250000003058147,0.400000000820653,0.245006696428278,0.250000001994626,0.01,1.0040764898591,0.01,0.01,0.01,1.14313308901388,0.01,0.01,0.01,0.689533482011422,0.193111982261112,0,0.01,0.871585035910415,0.01,0,0,0.01,0,0.899515552496089,0.01,1.94868812912398,0,0,0,0.133114222252875,1.38979156189297,0.01,0,0,0,0,0,0,0,0,0,0,0,1,0,0,0,1,1,0,1,0,0,0,1,1,1,0,0,0
26,-0.0470299627996512,0.0273157324095654,0.0403992068402694,0.0628125382208121,-0.0141438280277318,0.0400000000136487,-0.0427688143811217,-0.0723051350415437,0.0444347807579108,0.97927962734368,2.46647758844472e-06,1.8800854710971e-09,0.202539933206574,-0.000841969084945635,-0.0180853123319348,0.0519971925304967,-0.0749999972060975,-0.0750000042294766,0.00821895795131585,-0.0333523401058713,0.0749999877327446,6.70656197222576e-10,0.0637056718239965,-0.0750000112962226,-0.00929575281351512,-0.00698805515341378,-0.00501007206205058,1.62617799288883,-0.0231653791407024,-0.015182047456252,9.71852339297187e-05,-0.0353824465577596,0.0582017908904615,0.240291134496889,-0.16531435507245,0.399994997411609,0.25000011284642,0.400000902892358,0.20259315313401,0.250000079636748,0.01,0.905112598607238,0.01,0.01,0.01,0.995033613886136,0.01,0.01,0.01,0.709976310793197,0.172275827115204,0,0.01,0.887735214404944,0.01,0,0,0.01,0,0.823506702184509,0.01,1.99103860668321,0,0,0,0.23083159260717,1.4431924018505,0.01,0,0,0,0,0,0,0,0,0,0,0,1,0,0,0,1,1,0,1,0,0,0,1,1,1,0,0,0
27,-0.0487551806304428,0.0256254223586832,0.040683761807813,0.0621311350272855,-0.0122674851508254,0.0399999999969079,-0.0414442793958333,-0.0739040247022513,0.0442829213376866,0.975643680343119,2.95758125995655e-06,-7.93366059966012e-07,0.219389856658317,-0.0013841412895358,-0.0183294983554205,0.0519972008315451,-0.0749999996799069,-0.0750000053439075,0.0204075852265191,-0.0378313120738079,0.0749999878245753,-1.72342392402715e-09,0.0685566620185143,-0.0750000137261181,-0.00763748441577127,-0.00172808677392751,-0.00478010270905193,1.80562512800778,-0.0295329519080535,-0.0107994438425342,0.000108904087964133,0.0149911011610347,0.0677972971384789,0.221445022757029,-0.144746425745465,0.399995011984591,0.250000186750486,0.400000762212991,0.238249570762388,0.250000092812086,0.01,0.84503750323072,0.01,0.01,0.01,0.994929322476592,0.01,0.01,0.01,0.699241694518118,0.158661350450979,0,0,0.775998187653505,0.01,0,0,0.01,0,0.80002145704672,0.01,1.88544433517581,0,0.01,0,0.345736969289636,1.47974203605681,0.01,0,0,0,0,0,0,0,0,0,0,0,1,1,0,0,1.00045630679542,1,0,1,0,0,0,1,0,1,0,0,0
28,-0.050445109537863,0.0239364461964961,0.0411391745658012,0.0613927576137525,-0.0103803083042067,0.0399999932655626,-0.0400006579727856,-0.0754941546439665,0.0441366306051063,0.971481282136802,3.09143168943964e-06,-9.96567534295594e-07,0.237146118051256,-0.00195924012457077,-0.0185626026472623,0.0519972054230005,-0.0749999973644623,-0.0750000051890146,0.0251101123320158,-0.0384192746291857,0.0749999869892864,1.39400869495807e-09,0.0750000037239186,-0.0750000156086781,-0.00767540475786926,-0.000139736819356748,-0.00488198240774936,1.86438863813107,-0.0274490074994501,-0.0119281748774507,8.02059912445936e-05,-0.0349599168360695,0.0395154653794245,0.216794715405184,-0.17249756138671,0.399994612081825,0.250000772180035,0.400001081319412,0.229030487420808,0.246132865912825,0.01,0.82249207558067,0.01,0.01,0.01,1.00326703767041,0.01,0.01,0.01,0.703468380202321,0.203981772216822,0,0,0.916598319354531,0.01,1.50524098376177,0.851660106567819,0.01,0,0,0.01,2.04607061747508,0,0.01,0,0.280607344989337,1.39249006533395,0.01,0,0,0,0,0,0,0,0,0,0,0,1,1,0,0,0,0,0,1,1,0,0,1,0,1,0,0,0
29,-0.0519885054051781,0.0224320441156016,0.041201948964499,0.0607414088300195,-0.00861341115284955,0.0400000071094146,-0.0386020103243902,-0.0767500973134056,0.0440453287599664,0.967348483939668,2.82721671706681e-06,-1.40216815023962e-06,0.253480762214958,-0.00239804169266566,-0.0187511722025574,0.0519971870663977,-0.0749999996667096,-0.0750000061110869,-0.0186140442260437,-0.0302404850468361,0.0749999869117078,1.85654256069215e-09,0.0675523311262897,-0.0513202130642306,-0.00247738756458542,0.00159023250387741,-0.00805170033905965,1.56815134272101,-0.0164511414835074,-0.00496672367193641,-1.04380069313218e-06,-0.0132801452282134,0.0536896023520203,0.246435214195608,-0.178016279708977,0.399994609621002,0.250000674323248,0.400001458215305,0.229416651809068,0.242173567304686,0.01,0.819996224267047,0.01,0.01,0.01,0.975427270225609,0.01,0.01,0.01,0.684875399471912,0.206567667937951,0,0,0.877080138017358,0.01,1.53078664573603,0.883095518130428,0.01,0.01,0,0.01,2.03548635427753,0,0.0622126866877546,0,0.340334847636046,1.38779553449287,0.01,0,0,0,0,0,0,0,0,0,0,0,1,1,0,0,0,0,0,0,1,0,0,1,0,1,0,0,0
30,-0.0535240591642045,0.0209603711121494,0.0407121103156186,0.0602017314958017,-0.00689110211182313,0.039999999992446,-0.0372675304967725,-0.077643098038816,0.0439809767117889,0.963581222892639,2.15983413868926e-06,-7.69058909711502e-07,0.267446938324535,-0.00266188553803746,-0.0187780958582267,0.0519972057521847,-0.0749999999926512,-0.0721813988158424,-0.0303110008776323,-0.0261962934087309,0.0749999999690484,3.53234538752009e-10,0.0659275847886067,-0.0391275462216826,-0.00432519829847068,0.00115604206119587,-0.00781410657049712,1.3459268593481,-0.00917147445234779,0.00226603255506032,-1.79436505905734e-05,-0.00499082622686804,0.0191865203773054,0.249999998571903,-0.33101520460905,0.399999987243631,0.249999999301848,0.400000006446714,0.329440813002096,0.250000001294333,0.01,0.829333936827515,0.01,0.01,0.01,1.12202360086652,0.01,0.01,0.01,0.601380633167438,0.231097944798462,0,0,0.779365878285151,0.01,1.56084798895427,0.996085918112247,0.01,0.01,0,0.01,1.91150484936555,0,0.0771983821582666,0.257130774375308,0.288842057496418,0,0.01,0,0,0,0,0,0,0,0,0,0,0,1,1,0,0,0,0,0,0,1,0,0,1,0,0,0,1,0
31,-0.0547449580449167,0.0193588902880672,0.0400404782474974,0.059978493774712,-0.0049975317098458,0.0400000027540506,-0.0357120940663287,-0.0780764854062379,0.043973627480982,0.959785230981069,1.13091576961939e-06,-6.47492638077847e-07,0.280766645616881,-0.00260770573946493,-0.0185039315161467,0.0519971540590123,-0.0491639407906396,-0.0750000000839602,-0.0362971873045599,-0.00164359170629506,0.0749999997370429,7.82514517174727e-10,0.0750000000863851,-0.00972076436955186,-0.000189461921745284,-0.00893321419044888,-0.0173690186085157,1.3098815640958,0.0134061907544935,0.0223719012974069,-0.000133973065341143,-0.0255355157815467,0.00275091446650621,0.250000008265858,-0.265702451042339,0.399999891624745,0.250000001850589,0.400000035601019,0.222424291467338,0.247226595436143,0.01,0.849421624255238,0.01,0.01,0.01,1.0205804495713,0.01,0.01,0.01,0.681727300440205,0.209333224027396,0,0,0,0.01,1.52141806528542,0.949823928278621,0.01,0.01,0,0.01,1.87136212098453,0,0.156002289142425,0,0.34620869730294,0,0.01,0,0,0,0,0,0,0,0,0,0,0,1,1,1,0,0,0,0,0,1,0,0,1,0,1,0,1,0
32,-0.0561528410922217,0.0178945061358522,0.0402990602976923,0.0600551662861476,-0.00312039589777305,0.0400000019053074,-0.0340011701703205,-0.0782648059266237,0.0439381666192871,0.956386876116345,5.44211245288744e-07,7.47342866121633e-07,0.292134300074839,-0.00219987566648888,-0.0181008061767045,0.0519972165017683,-0.07499999994814,-0.0750000001147882,0.0323880685567702,0.00563956269691971,0.0749999995708305,-3.17415860694127e-10,0.0750000001359245,-0.00344435806870106,-0.00128396397163599,0.00636057167680877,-0.0261015821208268,1.1362524992557,0.027307130064601,0.0225970582406703,-0.000186079275623089,0.0108304572419054,-0.0191036238370032,0.213530788584918,-0.300643482746725,0.399999823121814,0.249999969268689,0.400000056017237,0.209808288303591,0.246731351508912,0.01,0.859972973526733,0.01,0.01,0.01,1.05529327833854,0.01,0.01,0.01,0.668089801474247,0.2038556403966,0,0,0,0.01,1.5534372608005,0.994488953677579,0.01,0.01,0,0.01,1.85337388621598,0,0.191108440582548,0,0.353077499164277,0,0.01,0,0,0,0,0,0,0,0,0,0,0,1,1,1,0,0,0,0,0,1,0,0,1,0,1,0,1,0
33,-0.057647018832452,0.0163210286560837,0.0406671838892859,0.0602198330858756,-0.00127952186436678,0.0399999932052462,-0.0322907466861672,-0.0783200560535245,0.0438927171034868,0.95337866879991,-3.0287299929729e-07,2.61827628044857e-06,0.301807774004352,-0.00163786984760338,-0.0176331874679106,0.0519972666540711,-0.0738042240851524,-0.0750000001148086,0.00515123491570537,0.00723260934380284,0.0749999974173927,-1.45892142753349e-10,0.0749999994085793,9.05523391609723e-05,-0.00245479344412884,0.00246969684937135,-0.0236557147941313,0.987713139142623,0.0317921798996221,0.0248742837936829,4.78009264004766e-06,0.0318525049303484,-0.0911316275981513,0.240680152854678,-0.40000065348514,0.399998939330436,0.249999970356846,0.399999757261314,0.296222086523799,0.250000413185526,0.01,0.899031508676278,0,0.01,0.01,1.1541670652344,0.01,0.01,0.01,0.616556145985109,0.214872236759609,0,0,0,0.01,1.5806898993566,1.03295857274554,0.01,0.01,0,0.01,1.76728947680044,0.118606209152983,0.240436732153735,0.207246636152629,0.299621366591373,0,0.01,0,0,1,0,0,0,0,0,0,0,0,1,1,1,0,0,0,0,0,1,0,0,0,0,0,0,1,0
34,-0.0591451148327568,0.0147464643172046,0.0407921179629403,0.0603880067426041,0.000565481673625402,0.0400000028442976,-0.0306305680268938,-0.0782365270135465,0.0438617800437313,0.950488095842318,3.9919740440688e-08,2.01467339212182e-06,0.310791965547527,-0.00104192199842086,-0.0170996696267485,0.0519972178671601,-0.0750000000101753,-0.0750000000020866,0.00733177742740085,0.00728099945521717,0.0749999999813528,-4.44339709895198e-11,0.0750000000010357,0.00703140240633096,-0.00136172869856403,0.00411741291602857,-0.0217045757365172,0.984550114914666,0.0308465176785092,0.0287626291963199,-6.14681604322341e-05,0.0989659256531827,-0.0838023531457394,0.250000000417081,-0.400000004709068,0.399999992314684,0.249999997302967,0.400000000426847,0.234362449795887,0.25000000195113,0.01,0.914128609722429,0,0.01,0.01,1.22132327777081,0.01,0.01,0.01,0.701640211208066,0.302340547342177,0,0,0,0.01,1.57291942481253,1.02780313698527,0.01,0.01,0,0.01,0,0.082611154406394,0.348810902187063,0.226186936220516,0.327844413748302,0,0.01,0,0,1,0,0,0,0,0,0,0,0,1,1,1,0,0,0,0,0,1,0,1,0,0,0,0,1,0
35,-0.0599999999723781,0.0134028135152632,0.0407709068069754,0.0603349518613585,0.00264520545988133,0.040113508151183,-0.0289632691660913,-0.0780701926688713,0.0438186359770519,0.946833514501218,4.01863958835722e-06,1.31531739752125e-06,0.321754933251141,-0.000555419277104339,-0.0165840955128948,0.0519974574256262,-1.09799401670806e-09,-0.0512721043784577,-0.000167970080349894,-0.0120593466654464,0.0749999985061232,0.010381340662474,0.0749999999049402,-0.00267806478530633,-0.00513441520790971,0.0128869806730646,-0.0271341320560324,1.20802350914861,0.028774181059282,0.0156567340185056,-0.000312123924779445,0.0645576575720122,-0.149826698866598,0.2499999711163,-0.400000108293007,0.399999384408933,0.250000009240402,0.399999960824007,0.328198966383646,0.150000084087186,0.01,0.897580230696828,0,0.01,0.01,1.26602205392068,0.01,0.01,0.01,0.502713350292629,0,0.323289481489572,0,0,0.01,1.52069337348212,1.02790622201154,0.01,0.01,0,0.01,1.61460600315146,0.0269486437209097,0.372136967903227,0.234014105868354,0.365535320870962,0,0.01,0,0,1,0,0,0,0,0,0,0,1,0,1,1,0,0,0,0,0,1,0,0,0,0,0,0,1,0
36,-0.0600000000255558,0.01210973036222,0.0407707887537039,0.0602737005679938,0.0043756582694196,0.0400187697625215,-0.0272568187359103,-0.0781901253823472,0.0439550137723058,0.942665068475489,-3.89608530778121e-06,5.90924805221853e-06,0.333771359917622,-8.25817375604231e-06,-0.0165113082011123,0.0519974586927526,2.14072977807381e-08,-0.0749999996059208,-0.000215304854851564,-0.00935950373493187,0.074999998992681,-0.00884504378377995,0.0750000001804759,-0.010590873177142,0.0114764797914282,0.000390281558898301,-0.0119515632520486,1.38615053508769,0.0294280288140048,-0.0051335421753249,0.000413930285065938,0.0377562369239682,-0.0865448575819274,0.249999987761521,-0.400000197351368,0.399999584849301,0.250000021544262,0.400000074377755,0.362018826350718,0.149999979931506,0.01,0.841931647479074,0,0.01,0.01,1.27524253913942,0.01,0.01,0.01,0.478103177897896,0,0.355304315995199,0.01,0,0.01,1.53505391923465,0,0.01,0.01,0,0.01,0,0.0235521257575825,0.415079310567296,0.199017343860327,0.4083169935796,0,0.01,0,0,1,0,0,0,0,0,0,0,1,0,0,1,0,0,1,0,0,1,0,1,0,0,0,0,1,0
37,-0.060000000244492,0.0103704183217227,0.040911545730096,0.0603577056213749,0.00499999926679425,0.0400664105202104,-0.0257768599420931,-0.0789864222901231,0.0440770089265506,0.939416356181197,6.77821796532668e-06,9.46893116453647e-06,0.342809245777644,0.000541639381310915,-0.0171019467217352,0.0519963767219711,3.95640703103041e-10,-0.074999999610868,0.0204874299727913,0.0167294761520761,-2.67856673918715e-08,0.00401661501419189,0.0668369228320754,-0.0571201881882598,0.00414398740435917,-0.0257925921389589,-0.0246072798795213,0.760339235369341,0.0264264010921413,-0.0410124955250229,0.00316931412127853,-0.00146813008339654,-0.073918612873878,0.250000111693949,-0.399999923785225,0.399999018927864,0.250000012208483,0.399999882661841,0.389614330630531,0.250000121638733,0.01,0.789422485417414,0,0,0.01,1.25458584627293,0.01,0.01,0.23375834117562,0.538097967332602,0.323761316597929,0,0.01,0,0.01,1.57195888097651,0.957686151995874,0.01,0.01,0,0.01,1.76872780223977,0.01,0.367922129008291,0.0761657628491646,0.461752019842866,0,0.01,0,0,1,1,0,0,0,0,0,0,0,1,0,1,0,0,0,0,0,1,0,0,0,0,0,0,1,0
38,-0.0600000001066857,0.00999999959850955,0.0410793420438639,0.0605963792631854,0.00499999775483346,0.0400671668636872,-0.0247319293295511,-0.0797750343142118,0.0440770481478518,0.937476531000362,5.53253507162669e-06,4.98506593771554e-06,0.348079284857979,0.00096141740550283,-0.0176849985782967,0.0519971039656292,5.36627871718317e-10,1.32614690625225e-10,-0.00358739764549322,0.00917780027152996,-5.029799570508e-09,-6.49179917286521e-05,0.0337110949847873,-0.0241822165995476,-4.64433911688981e-05,-6.49078912780728e-05,0.000241950179575956,0.343309999243501,0.0146754870716288,-0.0179073541830922,-3.12373921073547e-05,-0.00877348087617957,-0.0834123596857697,0.250000141457486,-0.399999844272548,0.39999824330559,0.249999932032229,0.400000135352693,0.357322491502928,0.149999955718978,0.01,0.803624241181251,0.01,0,0.01,1.24170699047985,0.01,0.01,0.01,0.430085160029926,0,0.339951732564181,0,0.461549149017947,0.01,1.55553069305676,0.98268485085208,0.01,0.01,0.680504218744666,0.01,1.77041809091567,0.01,0.360363077465414,0.0955901732693177,0.488935807517875,0,0.01,0,0,0,1,0,0,0,0,0,0,1,0,1,0,0,0,0,0,0,0,0,0,0,0,0,0,1,0
39,-0.0594308421649486,0.00999999994394823,0.0405432847975685,0.0608312040066898,0.00500000011628833,0.0400664560729801,-0.0241175401824184,-0.0801467139765478,0.0440788813864319,0.93655112756078,7.662036488221e-07,9.43689863185072e-06,0.350561632333925,0.00128154974006054,-0.0179604587067833,0.051997480052597,0.0566326180404944,-1.27823709005819e-11,-0.0497873957421761,0.0123495534819244,3.1790923644725e-10,3.99264864158966e-05,0.0277446873686538,-0.0149011331040483,8.42800642941543e-05,-0.000289397260301004,-0.000594525255212996,0.213782881048864,0.015837504362526,-0.0110637306914159,4.49739290322672e-05,-0.0669469523092042,-0.0349636445258591,0.249999998660916,-0.39999999604069,0.399999975549363,0.25000001107159,0.400000005758386,0.192207262511323,0.150000000973004,0.01,0.741170919491495,0.01,0,0.01,1.19832373490212,0.01,0.01,0.01,0,0,0.142418979288664,0.01,0,0.01,1.58727051499375,0.946538776235003,0.01,0.01,0.664851001381345,0.01,1.87672369438246,0.01,0.391702766254173,0.0466374385984089,0.581729783069801,0,0.01,0,0,0,1,0,0,0,0,0,1,1,0,0,1,0,0,0,0,0,0,0,0,0,0,0,0,1,0
40,-0.0579527516147378,0.00999999953260399,0.0399999999573996,0.0609464011796172,0.00499999938357402,0.0400664771784414,-0.0238692856388289,-0.0802714840493322,0.0440797056305899,0.936231026950985,-4.97865690906442e-06,5.37779836237599e-06,0.351415624910533,0.00142750972400523,-0.0180534411430982,0.0519974858187051,0.0749999998621857,1.09057408493441e-09,1.17663381392657e-10,-0.000244643725178189,-4.70823466083649e-09,0.000353376282722978,-0.00035822081107023,-5.95065625991606e-06,6.86870417618232e-05,-0.000809708896882329,-0.00566614730190722,-2.03417679157902e-05,-0.000306876496329505,4.90375345097406e-05,9.25645448480274e-05,0.0234542233348435,-0.234948398230403,0.2500000484899,-0.399999957758968,0.39999883949459,0.250000014201972,0.39999957842952,0.354404982734794,0.250000094816406,0.01,0.837014144128076,0.01,0,0.01,0,0.01,0.01,0.283799102479498,0.439446404816895,0.298466776766009,0,0,0,0.01,1.47004002408399,0.852085834322049,0.01,0.01,0.733903484622935,0.01,1.75730526453683,0.073442848966144,0.333082389282097,0.118818817624089,0.464236393900943,1.13935204597876,0.01,0,0,0,1,0,1,0,0,0,0,0,1,1,1,0,0,0,0,0,0,0,0,0,0,0,0,0,0
41,-0.0584398225938089,0.00999999996985701,0.0399999999902502,0.0623620755383775,0.00393601779800424,0.0400000039479786,-0.0234652279017404,-0.0801763502316531,0.0440781440910121,0.935938536690303,2.17616947762309e-06,7.20692671853037e-06,0.352193893597753,0.00174015854644034,-0.0179283596793455,0.051997168307957,-0.0750000000148503,-1.24100057133538e-11,1.13237730412838e-11,0.074999999954158,-0.0704740827402709,1.12316864996973e-10,0.0276843748671454,0.00306453179337161,-0.000215052446246316,0.00619210005938434,-0.00479783684300391,0.071151205428142,0.0253590679517384,0.00570227614815645,0.000233344691504957,0.067962432933754,-0.0909172994848252,0.250000004669998,-0.400000018892373,0.399999995639395,0.249999992582636,0.400000005376415,0.249754775823792,0.250000003948488,0.01,0.84623139858545,0.01,0,0.01,1.07161524923063,0.01,0.01,0.171514951434691,0.501682931173179,0.278898831453932,0,0.01,0,0.01,1.61887168675299,0.886497433164177,0.01,0.01,0,0.01,1.84263524113879,0.0144949446394981,0.421359056133583,0.101111264411288,0.461781848937121,1.11026166382898,0.01,0,0,0,1,0,0,0,0,0,0,0,1,0,1,0,0,0,0,0,1,0,0,0,0,0,0,0,0
42,-0.0599980497654564,0.00999999997331741,0.0400000001740747,0.0624987756083191,0.00500000003073683,0.0399999924599848,-0.0225019022283869,-0.0798706394455,0.0440799446895359,0.934338327949158,-2.66816415407624e-05,1.38006981306123e-05,0.356417603921413,0.00218536725865417,-0.0174763178367559,0.0519970482980606,-0.0195123685549108,8.09820510952122e-11,5.77463921743875e-12,0.0326447892449391,4.89043265787354e-06,1.36795305292693e-08,0.0245673367901604,0.010610852721246,0.00232781614022897,-0.0309451865255374,-0.00564774456145332,0.141076501977856,0.0103945063411139,0.0077050417200707,0.000703315417759636,-0.199393647155375,-0.36429877835545,0.241958648772304,-0.399999993585743,0.39999996984784,0.250000006023655,0.400000010645883,0.246252325864168,0.250000002612184,0,0,0,0.01,0.01,1.16430245265892,0.01,0.01,0,0.533216534167547,0.269542726045077,0,0,0,0.01,1.47134502972166,0.809751042478063,0.01,0.01,0,0.01,1.76405729721016,0.0495900553007635,0.379937763434812,0.0807304789425289,0.47733893677613,1.10246252753177,0.01,1,1.14897596140216,1,0,0,0,0,0,1,0,0,1,1,1,0,0,0,0,0,1,0,0,0,0,0,0,0,0
43,-0.0587614162769422,0.0114998533180549,0.0399999957955266,0.0625516816063427,0.00499999841511374,0.0399999951114211,-0.0219713475213004,-0.0804395231239247,0.0439562671749009,0.933595887612298,3.15114810501247e-06,3.70848565641566e-07,0.358357870044966,0.00226723587690458,-0.0177011799732015,0.0519971685584577,0.0750000035005062,0.0750000044606351,3.38084902283714e-10,-0.00901756120344851,7.10182722175666e-09,-8.25547902466742e-10,0.039034293247399,-0.0472948464708939,-0.00949632246893149,-0.000157483639585898,-0.000386595613667364,0.35960485300912,-0.0024899938678989,-0.0184049262639436,-7.94391107938163e-06,-0.299061232736448,-0.390415322661827,0.236334373023177,-0.399999791979709,0.399998490569304,0.249999902623227,0.399998783008814,0.399999896909022,0.250000122953818,0,0,0,0.01,0.01,1.24615906801108,0.01,0.01,0,0.49744099727069,0.318215010443154,0,0,0,0.01,1.4136796277385,0.749175802999178,0.01,0.01,0,0.01,1.73588503859349,0.0510046926126508,0.373636530932777,0.0570432218248108,0.508563192032092,1.0713813430943,0.01,1,1.10240367155219,1,0,0,0,0,0,1,0,0,1,1,1,0,0,0,0,0,1,0,0,0,0,0,0,0,0
44,-0.0572237839338955,0.0131945523340495,0.040093287012646,0.0623496218104847,0.00499999737372932,0.0399999943198535,-0.0212119420288135,-0.0813927077978944,0.0438097245005386,0.931836380255698,4.04389581423806e-06,-4.49249299449562e-07,0.362908703501499,0.00222471501488612,-0.018216746222317,0.0519971348393459,0.075000003580895,0.0750000042765103,0.00928229526945237,-0.0124514392768504,-4.81015277978827e-09,-1.69774759110031e-10,0.0381775000330279,-0.0487968281082457,-0.00362175662705204,-1.33070317715104e-05,1.05709979701761e-05,0.61419045585243,-0.00235036825374948,-0.0324743612397158,1.87182007113706e-06,-0.309537059427425,-0.318523461127346,0.232313024178007,-0.399999811287674,0.399998222682614,0.249999922420203,0.399998444644647,0.400000157814548,0.250000149362365,0,0,0,0.01,0.01,1.29362830512169,0.01,0.01,0,0.433205862942199,0.287133698544157,0,0,0,0.01,1.38384644409546,0.746647957699718,0.01,0.01,0,0.01,1.73919261051732,0.0615539124363426,0.322621463961986,0.0348112318019984,0.522061524384887,1.1019949542817,0.01,1,1.11741018241696,1,0,0,0,0,0,1,0,0,1,1,1,0,0,0,0,0,1,0,0,0,0,0,0,0,0
45,-0.055968531099194,0.0149247549242045,0.040220549314006,0.0620840815272361,0.00499999794043625,0.0399999948387468,-0.0205093407436264,-0.0822975428082296,0.0438030003871279,0.929444207612394,3.90357397770326e-06,-3.98056380148172e-07,0.368992474273846,0.00217899235790625,-0.0189060738494951,0.0519971604150475,0.0506470629021344,0.0750000029203319,0.00347297135186924,-0.0141483423860173,-4.76123483929726e-09,-2.5726427701873e-10,0.0349942479391497,-0.0455141719210835,-6.2338389265786e-05,0.000191678520686692,-4.09433110334358e-05,0.66695582716933,-0.00276935197855295,-0.0351528892058676,-4.15272321873613e-06,-0.290070471750351,-0.267920744015784,0.233790369760211,-0.399999907758483,0.399998143890675,0.249999923319952,0.399998755140687,0.399999552504955,0.249999952430026,0.01,0,0,0.01,0.01,1.27276820090176,0.01,0.01,0,0.480238014717882,0.351856560461023,0,0,0,0.01,1.35109914150141,0.734955449377105,0.01,0.01,0,0.01,1.70611926676173,0.0727715739190262,0.319525166330876,0.0463971085859312,0.506200342699717,1.08997601032808,0.01,0,1.15520143170587,1,0,0,0,0,0,1,0,0,1,1,1,0,0,0,0,0,1,0,0,0,0,0,0,0,0
46,-0.0546853320901745,0.0167488599903243,0.0402719224330348,0.061825994195447,0.00499999762133057,0.0399999943990414,-0.0198771227736346,-0.0831118007539621,0.0438023031034724,0.927210054962225,3.87007585924037e-06,-4.41742566777322e-07,0.374571323187734,0.00212982707539317,-0.019538191628902,0.0519971757881102,0.0750000025353025,0.075000001248434,0.00167324794764449,-0.0116457537618986,-4.90528352561398e-09,-1.71412759555362e-10,0.0283841763844562,-0.0363794981462872,-3.53836791393792e-05,4.30724106653779e-06,1.13234600586199e-06,0.53882402438926,-0.00215955850389672,-0.0283356388650585,7.06636127483603e-07,-0.233471658910991,-0.100155266681627,0.230303091497094,-0.399999737766501,0.399998085291566,0.249999926785693,0.399999088392755,0.399999379000878,0.249999950029377,0.01,0.669687759039481,0,0.01,0.01,1.27886265864395,0.01,0.01,0.188561061565086,0.414802868652344,0.410873563069055,0,0,0,0.01,1.40976250571734,0.817407983218455,0.01,0.01,0.748847221878263,0.01,1.72709423906001,0.0619355914581988,0.306067877107125,0.0754331794998092,0.461605616309704,1.1347393516759,0.01,0,0,1,0,0,0,0,0,0,0,0,1.06642915340414,1,1,0,0,0,0,0,0,0,0,0,0,0,0,0,0
47,-0.0550683937354032,0.0182728264385833,0.0399999999239267,0.0617141177857896,0.00499999952302201,0.0399999997023986,-0.019578078241104,-0.0834797496871512,0.0438017955126613,0.926177571035784,4.44987489000802e-06,1.53677972322495e-08,0.377117116801095,0.00211613653577621,-0.0198263905704397,0.0519972132382794,-0.0749999994554958,0.075000000182734,2.43351700855528e-10,-0.000248930101560712,-1.32322934199166e-09,-4.44018085965921e-11,0.00105607198786315,-0.00126162992304711,-2.60603599249783e-05,0.000207765263516739,0.000280753528990461,0.0177125964222296,6.59943491984307e-05,-0.000965437171516702,7.5405969487433e-06,-0.140165108283031,-0.0596648026941312,0.250000100283957,-0.399999928971686,0.399999284838892,0.250000004893987,0.399999635065291,0.399999736306871,0.249999979958972,0.01,0.747976113115446,0.01,0,0.01,1.30320174658798,0.01,0.01,0,0.48120236326593,0.356499201927739,0,0,0,0.01,1.49048711832528,0.751461792066523,0.01,0.01,0.761044168403122,0.01,1.53734933903885,0.01,0.354609576230171,0,0.213542758128059,0,0.01,0,0,0,1,0,0,0,0,1,0,0,1,1,1,0,0,0,0,0,0,0,0,0,0,1,0,1.05686057371544,0
48,-0.0556896219433191,0.0178219559586798,0.0400000357032469,0.0617132082554522,0.00499999744269154,0.0399999930983408,-0.0195771033153612,-0.0834818066134007,0.0438013302437055,0.926173239271628,3.08630253584707e-06,-1.66283947066596e-07,0.377127752536271,0.00211603722506069,-0.0198273014723238,0.0519971877543213,0.0124399971972779,-0.075000000649992,-1.2356592034812e-08,-2.55362043559083e-05,-5.58616394478426e-09,2.81212884168657e-10,4.01351213768735e-05,-5.56857952912321e-05,-3.21695043234974e-05,-2.36129659791951e-05,-0.000105318359130829,0.000657272851485205,-8.26602517137596e-06,-2.95116236461086e-05,-4.83776971112691e-06,-0.116753973013062,0.0295439612491401,0.24999493418484,-0.399999659005737,0.399997665784942,0.250000086038681,0.399999705737299,0.357560650676542,0.249999903528906,0.01,0,0.01,0,0.01,1.26310160255857,0.01,0.01,0.227472091188587,0.325286344382344,0.315394547406696,0,0,0,0.01,1.47240696609018,0.84506289028096,0.01,0.01,0.762437545310965,0.01,1.76878690836904,0.0509243307270946,0.333179315803491,0.0785522425347238,0.448363824710299,1.14144273464984,0.01,0,1,0,1,0,0,0,0,0,0,0,1.03465732188495,1,1,0,0,0,0,0,0,0,0,0,0,0,0,0,0
49,-0.0546675584403467,0.0190219133563353,0.0399999999117618,0.0617128946823346,0.00499999747856749,0.0399999940432358,-0.0195762738683963,-0.0834813246492757,0.0438009420624989,0.926171989002953,1.92855869260887e-06,7.23689370211909e-08,0.377130822852683,0.00211599634832643,-0.0198272860390131,0.0519971808597379,0.0750000023245896,0.0750000010307968,2.40262493883987e-10,5.35335268692662e-06,-5.42285102327944e-09,-6.25273278446172e-11,-5.21883302564968e-06,-3.80972306438373e-05,-5.51217550764426e-05,0.000309248629998685,-8.7728986561807e-05,0.000306083029142832,-5.84166390202171e-06,-2.42689864239689e-05,-1.06184918843009e-05,-0.21085960603625,-0.139375673791431,0.250000099004417,-0.39999976004145,0.399997839173032,0.249999933127863,0.399999632931323,0.320158541204554,0.24999994094819,0.01,0,0.01,0,0.01,1.27091800793536,0.01,0.01,0.175615572946048,0.386416242093449,0.351142927087769,0,0,0,0.01,1.46650940003695,0.90934218183644,0.01,0.01,0.72951294395064,0.01,1.74591350738168,0.0809018916853761,0.303849841522233,0.123634724795527,0.416021218827773,1.18874623636763,0.01,0,1,0,1,0,0,0,0,0,0,0,1.04312239928804,1,1,0,0,0,0,0,0,0,0,0,0,0,0,0,0
50,-0.0531451352167161,0.0207924054660517,0.0399999996487888,0.0617127983988181,0.00499999815663858,0.0399999933144323,-0.0195758648662559,-0.0834835490792738,0.0438001929465292,0.926169288534961,3.52866013654431e-06,-3.35195201158977e-07,0.377137454685386,0.00211592022073856,-0.0198283291218159,0.0519971817874284,0.0750000023204424,0.0750000008229378,5.82643586958703e-10,-2.69373183630128e-05,-4.78679443943045e-09,-2.5082472794839e-10,7.46103262208245e-05,-3.74141199940112e-05,5.9431556487232e-06,-0.000349136845817235,0.000104423437445202,0.00072547322062758,1.05504234436029e-06,-2.25441032931471e-05,1.25271034206558e-05,-0.220432314988349,-0.115969773974346,0.250000240070621,-0.39999981840374,0.3999979319547,0.249999943939204,0.399999647357786,0.329593793371744,0.249999941593626,0.01,0.744843767634158,0.01,0,0.01,1.24056144196877,0.01,0.01,0.149389367296425,0.398530320959669,0.333174901308331,0,0,0,0.01,1.47615599192711,0.948067654525925,0.01,0.01,0.727699851227131,0.01,1.75839836199486,0.101396841504051,0.291661281709624,0.145999823042402,0.41397500921242,1.23030994692274,0.01,0,0,0,1,0,0,0,0,0,0,0,1.05833767506986,1,1,0,0,0,0,0,0,0,0,0,0,0,0,0,0
51,-0.0536901435375066,0.0223116661907424,0.0400000013357742,0.0617124892903488,0.00499999802346234,0.0399999945657971,-0.0195749262217482,-0.0834831741610693,0.0437998260758716,0.926167909266662,2.1949993846878e-06,-4.09527706889646e-08,0.377140841317658,0.00211587229934813,-0.0198283876194305,0.0519971804868128,-0.0749999981812342,0.0750000005425479,6.52370675774972e-10,3.84086439503267e-06,-5.23983877888602e-09,-6.63314323501019e-11,-6.15052425268424e-07,-4.44765568648127e-05,-5.47349151107476e-05,0.000298279110965048,-8.88919455717719e-05,0.000348567020740035,-6.23532809415531e-06,-2.76225443324434e-05,-1.05084416058463e-05,-0.149560297811273,-0.0746408424584739,0.250000268838012,-0.399999835903689,0.399997919378441,0.249999931946593,0.399999671392472,0.351305517935932,0.249999942188338,0,0,0.01,0,0.01,1.24062369109301,0.01,0.01,0.150578893610863,0.448662032116389,0.418609795262855,0,0,0,0.01,1.47852692331557,0.923481941555772,0.01,0.01,0.755370389512207,0.01,1.72454269587474,0.061939528388801,0.311242544958534,0.13529228550516,0.380075610604873,1.16949761464278,0.01,1,1,0,1.00533625610799,0,0,0,0,0,0,0,1.07091603453614,1,1,0,0,0,0,0,0,0,0,0,0,0,0,0,0
52,-0.0540837965030691,0.0240817584659616,0.0400000005608168,0.0617120769851015,0.00499999898957047,0.0400000000040506,-0.0195738755658306,-0.0834872548268496,0.0437989185678898,0.926162607207818,4.40692321522049e-06,-6.55385011257633e-07,0.377153864265429,0.00211564811983159,-0.019830445924607,0.0519971794759054,0.0350842423327172,0.0749999999035932,1.19835605557737e-10,-5.39745035154043e-05,-1.89934773791914e-09,-1.39173900348042e-10,0.000124422017467098,-9.51306099893602e-05,1.28521046398872e-05,-0.000469253553327229,0.000125799683067089,0.00136365656185984,-4.40606344066594e-06,-5.62871131465402e-05,1.61646366440848e-05,-0.177079641458762,-0.0716754253321038,0.247336593803005,-0.399999617795662,0.399999085789226,0.24999999921373,0.400000488295248,0.363571108381555,0.249999975700833,0,0,0,0.01,0.01,1.28995006961597,0.01,0.01,0.204770487114181,0.365731113516301,0.373633921909365,0,0,0,0.01,1.46650371922199,0.930746939913777,0.01,0.01,0.68491256107677,0.01,1.6882294322392,0.0586495168576777,0.311868847845423,0.146929898033733,0.38650033400619,1.15247253778651,0.01,1,1,1,0,0,0,0,0,0,0,0,1.02283454556041,1,1,0,0,0,0,0,0,0,0,0,0,0,0,0,0
53,-0.0527676311629556,0.0258524101718551,0.0399999999869817,0.0617114731181602,0.00500000013336941,0.0400000001770391,-0.0195723940294772,-0.0834880202620454,0.0437984459954548,0.926159812211055,3.52147699501008e-06,-5.15312801500026e-07,0.377160729749396,0.00211553333791933,-0.0198310711627261,0.0519971784688361,0.0750000000033201,0.0750000000002383,-3.88269068579362e-14,-1.52122876080937e-05,-1.35062166073496e-10,6.49993475991725e-11,3.91233500750779e-05,-8.42272163554524e-05,-4.93935578350457e-05,0.000214516951738118,-6.99371684616938e-05,0.000723157583917086,-8.62367875761517e-06,-4.92112489277049e-05,-7.60318424352218e-06,-0.301302422282907,-0.0829856047337648,0.246138638034446,-0.39999999907216,0.399999997341975,0.249999999797998,0.400000000901113,0.357220004945226,0.249999999942244,0,0,0,0.01,0.01,1.29076191885217,0.01,0.01,0.179129902982761,0.391409176189895,0.337899327105247,0,0,0,0.01,1.4885869778012,1.00140087507522,0.01,0.01,0,0.01,1.67947704973145,0.0846325746972472,0.307208697311674,0.191907252265664,0.34585957857817,1.19229176485111,0.01,1,1,1,0,0,0,0,0,0,0,0,1.00857363882303,1,1,0,0,0,0,0,1,0,0,0,0,0,0,0,0
54,-0.051768457268453,0.0277112561649532,0.0400000000580713,0.061710898519315,0.00499999929248311,0.0399999999150133,-0.019570991713588,-0.0834908500762229,0.0437977303009411,0.926155302831975,4.29279739383416e-06,-7.17996826684523e-07,0.377171801949846,0.00211534190934268,-0.0198326037209746,0.051997181367826,0.0251665740298906,0.0749999998173873,8.49082237083261e-11,-4.11877304085231e-05,-1.48143448281744e-09,-5.68583226430679e-11,9.78608978953604e-05,-0.000102970216483713,-1.43722831105825e-05,-0.00017499487379705,5.03830837204492e-05,0.00119997797237853,-7.12098021377308e-06,-6.08600408283788e-05,6.22120191928853e-06,-0.29856634842865,-0.0414870053821823,0.250000034980264,-0.399999697002649,0.399999343460388,0.249999999326508,0.400000095331243,0.399999597747293,0.249999984585478,0,0,0,0,0.01,1.24167123598256,0.01,0.01,0,0.526454393254114,0.340449494171214,0,0,0,0.01,1.49874303324312,1.00695501348321,0.01,0.01,0.70755187398097,0.01,1.67258274426635,0.07007939062169,0.336210668222036,0.193004450661492,0.345623557486148,1.18079523833671,0.01,1,1,1,1.16430546841991,0,0,0,0,1,0,0,1,1,1,0,0,0,0,0,0,0,0,0,0,0,0,0,0
55,-0.0508794385414897,0.0295872102683516,0.0399999999760516,0.0616877373032007,0.00499999937045226,0.0400000000384,-0.0195166917106123,-0.0835636554766464,0.0437967738918497,0.925960898013047,3.69457824689674e-06,-6.43080401155969e-07,0.377648819274373,0.00211034661112507,-0.0198879926943857,0.0519971857171219,0.0635434082417563,0.0749999987932696,4.41521507235759e-11,-0.00225646128595627,-1.10060730716285e-09,-2.89989556156494e-11,0.00510056479964128,-0.00657303109505333,-6.51098229539437e-05,0.00014738050698295,-3.64079580258108e-05,0.0967763830846411,-0.000479905337685794,-0.00509603904940096,-4.9685441977801e-06,-0.400000286239498,-0.0288561893459702,0.250000018203709,-0.399999982686776,0.399999463010761,0.25000000638522,0.400000026827653,0.399999444049726,0.249999982788024,0,0,0,0,0.01,1.24097609234372,0.01,0.01,0,0.545816016215322,0.377914491256379,0,0,0,0.01,1.49145863689345,1.02017439383675,0.01,0.01,0.679340185642951,0.01,1.6664270634857,0.0597178254101711,0.319775552631113,0.180069673097001,0.350829990231427,1.19514301408717,0.01,1,1,1,1.11102492498251,0,0,0,0,1,0,0,1,1,1,0,0,0,0,0,0,0,0,0,0,0,0,0,0
56,-0.0498150240210483,0.0314589568229924,0.0400000007361501,0.0616361696865505,0.00499999915862568,0.0399999998982822,-0.0193983083620279,-0.0837156863681784,0.0437958713616177,0.925536004346958,3.74618578124191e-06,-6.10165940980665e-07,0.378688956921594,0.00209978764490135,-0.0200063493008872,0.0519971833715223,0.0430007653920959,0.0749999993461029,3.48940554718813e-11,-0.00293297928009625,-1.66406278756915e-09,1.31596358251049e-11,0.00675346278754206,-0.00868821629806436,-4.42263309884118e-05,-8.32963053243448e-06,4.98520536753684e-06,0.128443328900821,-0.000595375522194119,-0.00676743556836085,2.50988838263204e-07,-0.291064861750029,0.0952650956177102,0.250000014391902,-0.399999730495209,0.399999343312943,0.249999999959711,0.400000265565234,0.399999316086352,0.249999979427846,0,0,0,0.01,0.01,1.24140454384677,0.01,0.01,0,0.55519764776589,0.380944250228536,0,0,0,0.01,1.46939617765333,1.04996205951251,0.01,0.01,0,0.01,1.6259685824403,0.0582755853550651,0.286829972559595,0.187960567352216,0.361757311922428,1.20653533241984,0.01,1,1,1,0,0,0,0,0,1,0,0,1,1,1,0,0,0,0,0,1,0,0,0,0,0,0,0,0
57,-0.0500585666238651,0.03337893645781,0.0400000006713737,0.0615901328935712,0.00499999937282182,0.0399999999250766,-0.0192898740473029,-0.0838530774711064,0.0437950926460373,0.925149364572425,3.82004538540415e-06,-5.62963836262774e-07,0.379632558951105,0.0020912296795574,-0.0201136843739956,0.0519971833171268,-0.0668060127183913,0.0749999997443612,2.63765282479526e-11,-0.00170867603145722,-1.49701476440379e-09,1.7452332347726e-11,0.0040671048925091,-0.0051796672168461,-3.9022036220148e-05,4.12719743700997e-06,4.55920649787158e-06,0.0762624473931842,-0.000307274046164367,-0.00403075010817245,-2.20839731578324e-08,-0.270000933628798,0.0641826368246192,0.250000010867798,-0.399999781313829,0.399999424699685,0.250000000182019,0.40000011411737,0.399999512215546,0.249999982992811,0,0,0,0.01,0.01,1.23907817830468,0.01,0.01,0,0.556646193178744,0.371442957739575,0,0,0,0.01,1.48054768266396,1.06309752268758,0.01,0.01,0,0.01,1.63477114824244,0.0614579736951528,0.286662491251881,0.191033488128338,0.354939964325752,1.21732108305397,0.01,1,1,1,0,0,0,0,0,1,0,0,1,1,1,0,0,0,0,0,1,0,0,0,0,0,0,0,0
58,-0.0510637454245785,0.0352989157706351,0.0399999998106433,0.0615531155257688,0.00499999934014241,0.0399999997944978,-0.0192036186601569,-0.0839634358604966,0.0437942393974432,0.92484070329181,3.75652723661029e-06,-5.71297377237632e-07,0.380383889519737,0.00208420409040948,-0.0201994436562684,0.0519971822959549,-0.0338765186595869,0.074999999689753,1.69388531649038e-10,-0.00198767731920279,-1.26423779170185e-09,-1.23987952557139e-11,0.00461003104247129,-0.0058582696871155,-4.33327792159397e-05,2.32949140827176e-06,-3.62862477238085e-06,0.0866965434179306,-0.000377381310081097,-0.0045657765421238,-1.91929515133046e-07,-0.303179987099254,0.0558698984036504,0.25000006980788,-0.399999750163894,0.399999445406162,0.249999998690353,0.40000011271745,0.399999597953838,0.249999980987662,0,0,0.01,0,0.01,1.22167094876554,0.01,0.01,0,0.555081574258716,0.374231869618628,0,0,0,0.01,1.45721133964397,1.07569731349318,0.01,0.01,0.581417061192694,0.01,0,0.0987787693720365,0.27634027249452,0.220644880783213,0.301282946709932,1.24220532478623,0.01,1,1,0,1,0,0,0,0,1,0,0,1,1,1,0,0,0,0,0,0,0,1,0,0,0,0,0,0
59,-0.0523909719890705,0.0372188947182151,0.0400000004650124,0.061535193500758,0.00499999939002586,0.0400013117926164,-0.0191676565065478,-0.0840094983252902,0.0437935880613087,0.924709377763717,4.17052007240527e-06,-3.81143564987556e-06,0.380703030239341,0.00207971362638748,-0.0202354374682347,0.0519974640250609,-0.0749999984976053,0.0749999998679305,2.64834941657944e-10,-6.80757981247832e-05,-1.26092582672123e-09,3.61149220100698e-05,9.05612988096706e-05,-0.000190106126598904,-8.0456279683578e-05,0.000514157112428524,-0.000192910882442363,0.0018053013886888,-2.90268062876035e-05,-0.000114801427222552,-1.54341943839379e-05,-0.288513722536081,0.0556475976507492,0.250000109138271,-0.399999762086352,0.399999473208289,0.249999998437945,0.400000069562776,0.399999653260224,0.249999983777721,0.01,0,0,0,0.01,1.21533851997208,0.01,0.01,0,0.553432814590569,0.382190746170272,0,0,0,0.01,1.48726154822809,1.12322803575979,0.01,0.01,0,0.01,1.62115658351796,0.0854850809688851,0.26332521351812,0.230175601453716,0.288893512854394,1.25712294891355,0.01,0,1.20047604240517,1,1,0,0,0,0,1,0,0,1,1,1,0,0,0,0,0,1,0,0,0,0,0,0,0,0
60,-0.0538866402011021,0.0391388738820472,0.0400000000283453,0.061525469382739,0.00499999983464563,0.0399999997502634,-0.0191411488187535,-0.0840441178071739,0.0437926156393938,0.924619698148864,3.70183231021609e-06,8.53907512844054e-07,0.380920785809179,0.0020786244805974,-0.0202613102353193,0.051997059127856,-0.0745690057034947,0.0749999997713905,-9.62178145582457e-11,-0.000873616653776835,-5.41898795483974e-10,-4.10111069628667e-10,0.00210979462324073,-0.00263884916783612,-6.97650214063831e-05,0.000347098532848411,-0.000203833707759957,0.0381887419997187,-0.000138847795400276,-0.00203210515443708,-7.63610881439732e-07,-0.295385916959836,0.0659753570590852,0.249999960348019,-0.399999932900156,0.399999715923459,0.25000000346329,0.399999992600658,0.399999790229112,0.249999988318594,0,0,0,0,0.01,1.21750172114002,0.01,0.01,0,0.556717028261067,0.386918581491014,0,0,0,0.01,1.489419917474,1.13083979779256,0.01,0.01,0,0.01,1.60793748470811,0.0897889263547351,0.275729187974611,0.245315496011649,0.284389328524955,1.2493572636736,0.01,1,1.3120546698052,1,1.22260931300257,0,0,0,0,1,0,0,1,1,1,0,0,0,0,0,1,0,0,0,0,0,0,0,0
61,-0.0549823592069033,0.0410588527980211,0.0400000000189617,0.0615001622521881,0.00499999985794733,0.039999999770276,-0.0190810561849576,-0.0841200017009305,0.0437917002875303,0.924408194195924,3.72124289732304e-06,-1.30861275824577e-07,0.381433773358557,0.00207424966651057,-0.0203200502118046,0.0519971421373566,-0.0351997512951038,0.0749999994691591,-5.91955336031801e-11,-0.00170792518375157,-6.5664490901885e-10,-8.99877589195712e-11,0.00400761179923142,-0.00506927894456443,-4.57209519006606e-05,1.84546480297485e-05,-4.78912816525413e-05,0.0747431697412529,-0.000308702660901652,-0.00394347464455125,2.28982808227465e-06,-0.400000121510599,0.0504536282240857,0.24999997560338,-0.400000041077267,0.399999713063523,0.250000007841992,0.399999869330146,0.399999811137155,0.249999987655915,0,0,0,0,0.01,1.24675066507763,0.01,0.01,0,0.532787487454809,0.355862249604243,0,0,0,0.01,1.49182507911704,1.1077200153711,0.01,0.01,0,0.01,1.62871665652147,0.080433011688538,0.271281818032595,0.217298211696621,0.294567004266223,1.24461247044744,0.01,1.34590709449136,1.25949038785935,1,1.19525205049703,0,0,0,0,1,0,0,1,1,1,0,0,0,0,0,1,0,0,0,0,0,0,0,0
62,-0.0559134183612222,0.0429788322193192,0.0399999998628145,0.0614682951676001,0.00499999920326199,0.0399999998526567,-0.0190057193579075,-0.0842145714810024,0.0437908689035842,0.924140910979039,3.77524681760551e-06,-4.19258005848525e-07,0.382080896528446,0.00206870182192945,-0.0203938683151456,0.0519971689631159,-0.0577931231810919,0.0749999992080512,8.27500204564968e-11,-0.00150688611387937,-1.58381553654488e-09,-2.71851853471922e-11,0.0035539188324301,-0.00449202461011132,-4.1517825182784e-05,7.18635517128905e-06,-1.37192566841737e-05,0.0662309815043744,-0.000265363152433232,-0.00349905376835642,7.76235804830004e-07,-0.32618889361191,0.0958650315455978,0.250000033980491,-0.399999741394901,0.399999363589255,0.249999999416063,0.400000108097521,0.39999952600556,0.249999978530347,0,0,0,0,0.01,1.23214168245113,0.01,0.01,0,0.544397850028166,0.375774219025286,0,0,0,0.01,1.47727414586214,1.10238237944182,0.01,0.01,0,0.01,0,0.0917379587461322,0.266960546360151,0.220967685001974,0.303276267339395,1.25492984941257,0.01,1,1.51210792163568,1.21897449214979,1.41854251278615,0,0,0,0,1,0,0,1,1,1,0,0,0,0,0,1,0,1,0,0,0,0,0,0
63,-0.0574746441808483,0.0448988111463257,0.0399999999912666,0.0614594150957046,0.00500000022521898,0.0400012576187161,-0.0189884298686498,-0.0842355410950571,0.0437902381528416,0.924079779125296,4.19067194330328e-06,-3.68916036049163e-06,0.382228724682212,0.00206659010359175,-0.0204102592407173,0.0519974396781763,-0.0749999999674465,0.0749999999969961,1.41914493837505e-12,-5.90512479572245e-05,1.756454458257e-10,4.08706257112267e-05,9.26813473514545e-05,-0.000119570979823244,-2.32831807869699e-05,-3.22778691075671e-05,-7.3583940462085e-05,0.00138504920335837,-1.7905594692321e-05,-7.11106022086921e-05,7.92989418524446e-06,-0.340357924330214,0.0645418420348106,0.250000000574445,-0.399999996790639,0.3999999897591,0.249999999796203,0.40000000101542,0.399999991689627,0.249999999558306,0,0,0,0,0.01,1.23169630323299,0.01,0.01,0,0.534145327681303,0.354762221942458,0,0,0,0.01,1.50381449314844,1.14969724212773,0.01,0.01,0,0.01,1.62503184571935,0.0748582959618369,0.25982577451517,0.23029562775468,0.293220985305239,1.27091536090226,0.01,1.20147565194919,1.57698070398425,1.27274411363239,1.50571224230105,0,0,0,0,1,0,0,1,1,1,0,0,0,0,0,1,0,0,0,0,0,0,0,0
64,-0.058744342839874,0.0468187900713744,0.0400000000512368,0.0614321159585053,0.00499999936149888,0.0399999999060401,-0.0189192547570123,-0.0843242486546373,0.043788994364169,0.923837038026786,3.64473429544217e-06,6.19439331287621e-07,0.382815053337395,0.00206253656409775,-0.0204781728260071,0.0519970707843369,-0.0520844492586912,0.07499999941463,-1.34128819328671e-10,-0.00274622108721879,-1.15626854889934e-09,-3.70985583471539e-10,0.00649216365443919,-0.00809090207762686,-7.33068917878171e-05,0.000211055460815997,-0.000180335144411398,0.120520020851457,-0.000470427968974575,-0.0063220943624844,1.29245980426959e-06,-0.392313064333787,0.121644095368072,0.249999944734542,-0.399999733455675,0.399999365809676,0.249999999088706,0.400000144464721,0.399999488655433,0.249999976021185,0,0,0,0,0.01,1.21168525863743,0.01,0.01,0,0.602741082974366,0.386240398881468,0,0,0,0.01,1.49189690194935,1.11490893347198,0.01,0.01,0.56398767066333,0.01,0,0.0633391267429075,0.281809032350279,0.204273070187112,0.302559192278939,1.25094521079707,0.01,1.31371963168273,1.69441847016035,1.40713927863388,1.60099882320921,0,0,0,0,1,0,0,1,1,1,0,0,0,0,0,0,0,1,0,0,0,0,0,0
65,-0.0600000017081037,0.0487387436726744,0.0399999998216199,0.0614142565153731,0.00499999970112193,0.0400015034959029,-0.0188812628379895,-0.0843696004760793,0.0437885302037466,0.923702216517474,3.47678084168862e-06,-3.44218214417671e-06,0.383140253905591,0.00205880549482642,-0.0205143457813676,0.0519974743624852,7.7098931339597e-10,0.0750000035832418,6.78543269585595e-13,-1.47835589187451e-05,6.68002080021032e-10,1.89165078803377e-05,2.95462555341548e-05,-0.000162672326959835,-0.000127098140781477,0.000983029087525901,-0.00018786451976223,0.00104546193285095,-1.7510777576028e-05,-9.79385120641593e-05,-3.98085427685842e-05,-0.399999683183651,0.0888624035635143,0.250000000566112,-0.399999658377938,0.400000426111493,0.249999997335152,0.399999391822574,0.40000125881161,0.249999961783434,0,0,0,0,0.01,1.22823507757618,0.01,0.01,0,0.547629596704883,0.351876995610679,0,0,0,0.01,1.53164778269296,1.16792985450318,0.01,0.01,0,0.01,1.64793415435786,0.0462745508906981,0.279095165961208,0.20742328632108,0.315602511978217,1.28421677466263,0.01,1.39665480684282,1.76344720724154,1.46546287790665,1.69463913617772,0,0,0,0,1,0,0,1,1,1,0,0,0,0,0,1,0,0,0,0,0,0,0,0
66,-0.0600000000409463,0.050658748767946,0.0400000041880309,0.0614050719802761,0.0049999998316888,0.0399999997365518,-0.0188551319378777,-0.0844041809276287,0.043787445697427,0.923613335600483,3.62271599219548e-06,1.44457085982886e-06,0.38335446549813,0.00205803184201786,-0.0205400714661161,0.0519970141003039,1.22103830315932e-10,0.0749999996049148,-1.61321956355691e-11,-0.00083116496129541,-3.24075991745314e-10,-1.2504260170892e-09,0.0020317156578169,-0.00247700012104551,-8.71213516383675e-05,0.000592460869501183,-0.000293283490728859,0.0361649626514526,-0.000114766099600097,-0.00191976278598855,-3.32631503362779e-06,-0.39999994876747,0.0895583128031638,0.249999993286236,-0.40000001151169,0.399999752288143,0.250000006412701,0.399999944055392,0.399999790363435,0.249999986340098,0,0,0,0,0.01,1.20159323331804,0.01,0.01,0,0.579110173063089,0.391926437602873,0,0,0,0.01,1.52991427991791,1.16948686769462,0.01,0.01,0,0.01,0,0.0449428871362678,0.303816306385956,0.231510598446065,0.295400343257037,1.25721048603387,0.01,1.44939745762575,1.81518108274734,1.51706307125139,1.7475154691217,0,0,0,0,1,0,0,1,1,1,0,0,0,0,0,1,0,1,0,0,0,0,0,0
67,-0.0600000001081552,0.0525787257553492,0.0400000043200599,0.0614003702108127,0.00499999990604439,0.0400016586814063,-0.0188479682488519,-0.0844119676898763,0.043786804212087,0.923589012291078,4.32961911885663e-06,-3.92850510062139e-06,0.383413062250192,0.00205661772193063,-0.0205461393975554,0.0519974466907911,2.37385782518604e-10,0.0749999997092237,1.16264814444087e-11,-2.38762524310374e-05,-8.17802858614468e-10,5.73001092227497e-06,9.85811975424746e-05,-0.00015567392771046,-7.10035647177874e-05,0.000409865646089799,0.000256260137176845,0.00141076742467815,-2.73201350504395e-06,-0.000100959520772089,-1.9004936047187e-05,-0.39999990214812,0.0863560286662741,0.250000004799706,-0.400000000021705,0.399999731658667,0.250000005850924,0.399999938733645,0.399999784452767,0.249999985716205,0,0,0,0,0.01,1.19760313552502,0.01,0.01,0,0.596398730552486,0.379800732787795,0,0,0,0.01,1.53376776853751,1.18447820637474,0.01,0.01,0,0.01,0,0.0423220244617413,0.28969240262852,0.230626202227293,0.28449443884583,1.26519143784217,0.01,1.49769184875307,1.8570036244451,1.56216320513785,1.79253226806032,0,0,0,0,1,0,0,1,1,1,0,0,0,0,0,1,0,1,0,0,0,0,0,0
68,-0.0599999998465959,0.0544987045333764,0.0399999862370468,0.0613992449078786,0.00500000013658356,0.0400023075679186,-0.0188459322486293,-0.0844149893727394,0.0437861776277104,0.923582869990507,4.30307788179155e-06,-4.01273427273981e-06,0.383427857771619,0.00205622157439683,-0.0205479848489309,0.0519974655203436,-1.63677292141227e-11,0.074999999397823,8.67818558497027e-11,-5.75046477635986e-05,-8.38918595638383e-10,3.09268958260144e-05,0.000103810925535125,-0.00014829175475976,-3.33968223881284e-05,5.65625957259204e-06,-1.09228173295912e-05,0.00160368793182479,-2.03415475556454e-05,-9.19829173917958e-05,-8.46123235233647e-07,-0.400000006440484,0.0571494804838884,0.250000033288081,-0.400000041314101,0.399999658249058,0.250000033943628,0.399999899893499,0.399999711907057,0.249999972944712,0,0,0,0,0.01,1.20805713928409,0.01,0.01,0,0.587899836369169,0.363399644643574,0,0,0,0.01,1.48395242179275,1.17069034891628,0.01,0.01,0,0.01,1.61440269836361,0.0741497571604971,0.292536184454021,0.266742863504231,0.322427939763004,1.30114047355548,0.01,1.53428777919369,1.88339621647044,1.6047803439694,1.81290365169474,0,0,0,0,1,0,0,1,1,1,0,0,0,0,0,1,0,0,0,0,0,0,0,0
69,-0.0599999998914177,0.0563667931267382,0.0399999997443054,0.0613628785623418,0.00499999885169902,0.0400008199460286,-0.0187549659389769,-0.0845306936519989,0.0437845923923902,0.923262734734649,3.53059779036427e-06,1.25539315852684e-06,0.3841980807165,0.00205061792104553,-0.0206368336483463,0.0519970154866505,-1.55271744527357e-09,0.0749999972894279,1.37717535338373e-10,-0.00364166545413651,-3.36713629684773e-09,-6.2626265683445e-05,0.00865625742052433,-0.0106696359321308,-0.000106987244573455,0.000121748737795994,0.000215949537704556,0.159939013939819,-0.000593880014755741,-0.0083647572036972,-3.00178754261394e-05,-0.400000639917954,0.0862564921427822,0.250000056740861,-0.4000005379791,0.399998417400782,0.249999948187709,0.399999634260186,0.398604875988231,0.24999992503142,0,0,0,0,0.01,1.1950523820885,0.01,0.01,0,0.628757261202822,0.380467866826153,0,0,0,0.01,1.49322802478212,1.14362698202178,0.01,0.01,0,0.01,0,0.054782399979894,0.276943908398347,0.212027125846008,0.325038947663934,1.27056439267696,0.01,1.58352590944985,1.92666257938164,1.64064305745093,1.86954543138055,0,0,0,0,1,0,0,1,1,1,0,0,0,0,0,1,0,1,0,0,0,0,0,0
70,-0.0600000001729395,0.0582867723320498,0.039999999739774,0.0613336142580965,0.00499999976751056,0.0400024322003396,-0.0186910442016658,-0.0846082924399421,0.0437840287702465,0.923032897242589,3.96638996209131e-06,-3.62553598801698e-06,0.384749942364357,0.00204475798169347,-0.0206987079391437,0.0519974356543811,-1.20020407233624e-09,0.0749999973662831,1.56664641589017e-10,-6.74911927710392e-05,-4.38609741836085e-09,3.54756931064147e-05,3.01671097039261e-05,-0.00011175358979512,-7.91694234949673e-05,0.000152950340373973,-0.000628726329180188,0.00107698360381424,-4.18754339765165e-05,-5.83369543751722e-05,-3.0650082746922e-05,-0.400000493134574,0.0593330070197571,0.250000064723939,-0.400000587651665,0.399998193124836,0.249999970597833,0.400000574203093,0.376409154839182,0.249999923391089,0,0,0,0,0.01,1.20385161808735,0.01,0.01,0,0.616073429773826,0.360036947985953,0,0,0,0.01,1.46536384105857,1.1612974068427,0.01,0.01,0,0.01,1.61341118872222,0.082135757829144,0.282004915923535,0.262165652914053,0.335166760838057,1.30934482386925,0.01,1.62934321223385,1.96506314526437,1.69274235317921,1.901664004319,0,0,0,0,1,0,0,1,1,1,0,0,0,0,0,1,0,0,0,0,0,0,0,0
71,-0.0600000011484257,0.0601571717944986,0.0399999997180982,0.0613010070351414,0.00499999941984764,0.0400010282410215,-0.0186090721692805,-0.084712667088473,0.0437825539046407,0.922743644587365,3.52764660834265e-06,1.25371367224081e-06,0.385443144599165,0.00204003474776556,-0.0207788155477913,0.0519970181147958,-1.94161461175157e-09,0.0749999961492097,2.15186914592267e-10,-0.00328144634767968,-4.15362085265651e-09,-6.23113483981104e-05,0.00781940658909269,-0.00956318132389355,-0.000101536223917146,0.000130194150629163,0.000210418386584637,0.143879105478248,-0.00051015746879002,-0.0075156418085246,-3.05778153899244e-05,-0.400000799411749,0.103283726427805,0.250000088739959,-0.400000525486645,0.399998068245475,0.249999969087493,0.4000005653314,0.385485467159483,0.249999917267694,0,0,0,0,0.01,1.21145730937965,0.01,0.01,0,0.591541915675773,0.347324374782446,0,0,0,0.01,1.50444308110718,1.13549963748999,0.01,0.01,0,0.01,1.60589647301727,0.0389629918985513,0.250651914963824,0,0.283720853366581,1.23695316838868,0.01,1.66782492244786,1.98740831450024,1.7129856414551,1.94224759549301,0,0,0,0,1,0,0,1,1,1,0,0,0,0,0,1,0,0,0,0,1,0,0,0
72,-0.0599999995103722,0.0620308092537911,0.03999999977424,0.0612176071608154,0.00500000032660085,0.0400006396617824,-0.0184071559158782,-0.0849607431367453,0.0437814479761302,0.922022018041743,3.61509699930894e-06,1.12578645991799e-06,0.38716620090307,0.00202754119448459,-0.0209745942748628,0.0519970277745507,-1.72589629118549e-10,0.0749999991507065,8.90843738398305e-11,-0.00513906587122972,-9.91329875983603e-10,-1.88816678806325e-05,0.0124588787947953,-0.0152929191876278,-5.58038293875923e-05,1.98816680188413e-05,-1.2965032263417e-05,0.230830676520541,-0.000757324431529627,-0.01209173146596,9.55727310427559e-07,-0.400000071117826,0.141998965420093,0.250000036716209,-0.400000053245565,0.399999620465668,0.250000006130534,0.399999879998944,0.399999672344382,0.249999979704314,0,0,0,0,0.01,1.21117292959447,0.01,0.01,0,0.583923929644504,0.356027480654829,0,0,0,0.01,1.48420409973507,1.1283915842509,0.01,0.01,0,0.01,1.57491908222955,0.0384008441311416,0.250718818313329,0,0.27659918731793,1.21910656911292,0.01,1.74338635136574,2.07387497941229,1.79380493939815,2.0234563913799,0,0,0,0,1,0,0,1,1,1,0,0,0,0,0,1,0,0,0,0,1,0,0,0
73,-0.0599999998513584,0.0639507892937062,0.0399999996525611,0.0611177629107853,0.00499999676110676,0.0400002045540133,-0.0181583354737835,-0.0852614108818612,0.0437805752618692,0.921135687258622,3.67244869998864e-06,1.24529925371136e-06,0.389270264480289,0.00201503923426148,-0.0212133672469541,0.0519970243164207,-1.60771531961757e-09,0.0749999969378208,4.1568422729338e-10,-0.00491888708955979,-4.07730640394018e-09,-2.09581476196096e-05,0.0124162633737098,-0.0149568043680293,-4.81866262886443e-05,5.31533583836371e-05,-8.71424686307358e-07,0.227090603506452,-0.00056600189452046,-0.0118843344771326,-1.33289877049137e-06,-0.400000662012165,0.169104563813725,0.25000017131009,-0.400000627909659,0.399998368751094,0.249999983183888,0.399999407012759,0.389351208395488,0.249999918649734,0,0,0,0,0.01,1.17119867665453,0.01,0.01,0.0271244382921858,0.519730053442282,0.32117370782266,0,0,0,0.01,1.47724656997881,1.09342248950697,0.01,0.01,0.509304157661251,0.01,1.62926062427822,0.0372735278250687,0.220065780595951,0,0.3040733045752,1.2454366042242,0.01,1.80745422576145,2.11164675905356,1.86071749914129,2.05838348567372,0,0,0,0,0,0,0,1.01613374340688,1,1,0,0,0,0,0,0,0,0,0,0,1,0,0,0
74,-0.0600000001124877,0.0658707695530251,0.0399999999814803,0.0610397275867581,0.00500000114676624,0.0400000014987636,-0.0179550272589122,-0.0855022556785045,0.0437798335252133,0.920419372806756,3.76967094273957e-06,5.03229320177423e-07,0.390960983961415,0.00200805066220695,-0.0214052551245458,0.0519970991292762,-2.20837219440019e-11,0.0749999998204021,5.7023339459392e-13,-0.00310194696231813,-3.3003655220344e-10,-2.9663952885481e-10,0.00799768880784994,-0.00952488584924443,-3.72531081255954e-05,4.7319887094736e-05,-9.3066923576742e-05,0.144826407494997,-0.000293641444008732,-0.00758013174536695,4.44588749531995e-06,-0.400000009093445,0.0910917254434761,0.250000000243848,-0.359195880510838,0.399999881100236,0.249999960333622,0.400000030652374,0.27420977341201,0.24135980335546,0,0,0,0,0.01,1.16541210511183,0.01,0.01,0.01,0.43144433608558,0.330998349705198,0,0,0,0.01,1.41174917419924,1.09805139876336,0.01,0.01,0,0.01,1.63781923971375,0.0925183106504545,0.283532449971131,0.245488062050698,0.432052394413653,1.32412169340403,0.01,1.84476519245354,2.16087371521187,1.89394186461079,2.11169704305462,0,0,0,0,0,0,0,1.03029611608466,1,1,0,0,0,0,0,1,0,0,0,0,0,0,0,0
75,-0.0599999997020095,0.0677678850823762,0.0400000000669595,0.0610109120571251,0.00499999972692126,0.0399999995475337,-0.0178803036950351,-0.0855896974814251,0.0437792365925621,0.9201586008196,3.11019307598238e-06,-5.53991716537443e-08,0.391574341058492,0.00200576909652473,-0.0214748343900205,0.051997149780143,3.45898145124759e-10,0.074999999658644,-1.80432057020793e-10,-0.000180521160344088,1.03496894484792e-09,5.38608630966525e-10,0.000106375368354147,-2.72782103515376e-05,4.29530336212243e-05,-0.00135524374646919,-0.000497751962665394,0.00156253812201503,-3.83457231216705e-05,2.02531926217722e-05,3.77099710847057e-06,-0.399999855919653,0.122256603015089,0.249999925741921,-0.39999998179531,0.399999722797402,0.250000000784186,0.399999995916236,0.399999751695452,0.250000301516185,0,0,0,0,0.01,1.20701824552791,0.01,0.01,0.01,0.40235594429113,0.356623129272683,0,0,0,0.01,1.42598457729684,1.1639206101881,0.01,0.01,0,0.01,1.53212154259299,0.0737833999870937,0.298128755256622,0.306188762121385,0.317663002370994,1.27005775193091,0.01,1.90695615520107,2.21908801494289,1.96428890308983,2.16175526705412,0,0,0,0,0,0,0,1,1,1,0,0,0,0,0,1,0,0,0,0,0,0,0,0
76,-0.0599999995528441,0.0696579880849898,0.0400000000764077,0.061009110665247,0.00499999970949149,0.0399999995136618,-0.0178770036733074,-0.0855944937543862,0.0437783465070377,0.920148466521666,4.61986163569656e-06,-6.72112058769264e-07,0.391598155282367,0.00200539804591494,-0.0214777914406418,0.0519971616414411,1.42582973504501e-09,0.0750000038676133,-9.41120313707278e-11,-9.1109406557481e-05,2.77341540379505e-09,-2.26490759999314e-10,0.000186568439009483,-0.00022532527313641,-2.58222601788269e-05,-8.63216314797206e-05,1.64010464954422e-05,0.0026732497195135,-1.84856049755852e-05,-0.000147368379879675,4.8777524060847e-06,-0.399999468326875,0.130457770227389,0.249999958422367,-0.399999173963437,0.400000911590382,0.249999937330037,0.399998722320942,0.399998569613484,0.250000310404725,0,0,0,0,0.01,1.2036552518285,0.01,0.01,0.01,0.413696674940696,0.357590245469292,0,0,0,0.01,1.42752641849445,1.17720909620112,0.01,0.01,0,0.01,1.51967611517888,0.0697140057074475,0.300439057945685,0.311965268281612,0.310182861907159,1.26935979170333,0.01,1.95029567628482,2.26132363369147,2.00645671338194,2.20516259659435,0,0,0,0,0,0,0,1,1,1,0,0,0,0,0,1,0,0,0,0,0,0,0,0
77,-0.0599999998014122,0.0715467160709964,0.0400000000648933,0.0610071922917938,0.00499999950821675,0.0399999995930703,-0.017872943426273,-0.0855998642785309,0.0437776152377708,0.920136389285315,4.63204652808401e-06,-8.37150975652066e-07,0.391626531665464,0.00200495583616895,-0.0214813549073239,0.0519971744362137,4.06429446889872e-10,0.0749999995914747,-1.66835324863243e-10,-9.8611828178093e-05,-8.12332255992359e-10,-1.93266584119483e-11,0.000207344112472146,-0.00026691459267754,-3.51289696277328e-05,-1.09026188046749e-05,-3.90306972479453e-06,0.003120383653371,-2.1775045096123e-05,-0.000177913866620624,8.87004302314147e-07,-0.399999832331434,0.15635067697019,0.249999931318205,-0.39999998449871,0.399999664369286,0.250000001531188,0.400000004001099,0.399999626655472,0.250000262381585,0,0,0,0,0.01,1.19176725112353,0.01,0.01,0.01,0.4295328213755,0.338707977297364,0,0,0,0.01,1.43594215388804,1.19780031352575,0.01,0.01,0,0.01,1.51680485050099,0.0514191053984729,0.302151108839037,0.311815051936813,0.310368984501678,1.27866402876769,0.01,1.99121830866959,2.29806055978578,2.04392024312944,2.24535862532594,0,0,0,0,0,0,0,1,1,1,0,0,0,0,0,1,0,0,0,0,0,0,0,0
78,-0.0600000000846978,0.0734041620281487,0.0400000000552774,0.0609969622926474,0.00499999974741062,0.0399999997390159,-0.017853497544552,-0.0856271125985763,0.0437767828161706,0.920062989365287,3.80790732957153e-06,-1.04485534513649e-06,0.39179894226241,0.0020020668798588,-0.021501925055569,0.051997180292982,3.82647575082607e-10,0.0749999992210337,-1.14471663362528e-10,-0.000851597680033889,-9.07623141225115e-11,-1.83197195084496e-11,0.00154676989351853,-0.00204583123568697,-4.58605518708753e-05,1.028584385768e-05,-9.74340730545508e-06,0.0300099501260019,-0.000235838545333756,-0.00159135195709595,-1.62067628790832e-07,-0.399999842319237,0.161425905393982,0.249999952846192,-0.40000022390664,0.391256093921486,0.250000003352083,0.400000539702599,0.395175289294867,0.250000215846665,0,0,0,0,0.01,1.1599445254977,0.01,0.01,0.01,0.412607546362089,0.360446057262111,0,0,0,0.01,1.41215888663963,1.19626250612727,0.01,0.01,0.546762640583084,0.01,0,0.082543489064203,0.301339333580174,0.324866566160494,0.321261875767725,1.30250100748052,0.01,2.05242693346861,2.36178135116625,2.11091487492669,2.30329340970817,0,0,0,0,0,0,0,1,1,1,0,0,0,0,0,0,0,1,0,0,0,0,0,0
79,-0.0599999999897181,0.0752769414640169,0.0400000000651998,0.0610009376684768,0.0050000004370515,0.0400009013664486,-0.0178409787730495,-0.0856337598910501,0.0437763917559012,0.920043148817246,4.91182045889407e-06,-4.42220918516243e-08,0.391845530344664,0.00200738664203366,-0.0215073447628931,0.0519974662400738,1.05036525073184e-10,0.0749999982997744,-2.07760204431616e-10,0.000108481854857633,-1.02913927264255e-09,4.50905331838788e-05,0.000307775880446431,-0.000133489732182055,-1.06239324898942e-05,-0.000219761312840987,-7.57289782656397e-05,0.0020885672201488,0.000142494411320115,-8.34994653900544e-05,9.12567733344969e-06,-0.399999947123076,0.177773230739752,0.249999915316217,-0.400000398435662,0.382806926979392,0.249999992584531,0.400000230714587,0.399999944527557,0.250000235135402,0,0,0,0,0.01,1.15237772844153,0.01,0.01,0.01,0.444966690064758,0.381473077201441,0,0,0,0.01,1.39714164177345,1.19034371818393,0.01,0.01,0.536146033713464,0.01,0,0.0786906106476162,0.314342735504498,0.341681385962602,0.304173062474592,1.26918691219731,0.01,2.09945771875238,2.40847770248882,2.15787769693955,2.35005772430166,0,0,0,0,0,0,0,1,1,1,0,0,0,0,0,0,0,1,0,0,0,0,0,0
80,-0.060000000004163,0.0771969206495439,0.0400000000612286,0.0609986522089557,0.00499999977293905,0.0400018441057476,-0.0178393210673141,-0.0856327297209651,0.0437758889690134,0.920039439175801,2.43677448765951e-06,-3.14874250049931e-06,0.39185424157284,0.00200694906184364,-0.0215068611701496,0.0519974500808292,1.64995190403312e-10,0.0749999988983658,-1.62060584474178e-10,2.46560001234734e-05,3.47291169095048e-10,2.58025601861861e-05,1.53812071418695e-05,-9.33199791896525e-05,-7.76629935394773e-05,0.000874194892721336,0.000284623534613868,0.000496953986606155,1.19485057523729e-05,-6.11353235133642e-05,-5.20625888981153e-06,-0.399999932056081,0.179098569050331,0.249999933244875,-0.40000036936171,0.375432296379871,0.250000000336821,0.400000725272415,0.381405176264504,0.190321636095087,0,0,0,0,0.01,1.14771237542912,0.01,0.01,0.01,0,0,0.383325530775706,0,0,0.01,1.37621489409233,1.142780455699,0.01,0.01,0,0.01,0,0.0898064707078758,0.327768158804925,0.352799629689999,0.291437951487029,1.22517038680922,0.01,2.19083371677451,2.50802697908697,2.25467188758042,2.44418880828106,0,0,0,0,0,1,1,0,1,1,0,0,0,0,0,1,0,1,0,0,0,0,0,0
81,-0.0600000001540012,0.079034163170081,0.0399999995836235,0.0609994120248429,0.00499999931025672,0.0400026747279145,-0.017842831724502,-0.0856335683526161,0.0437779822227137,0.920042578123492,-4.54371717685441e-06,-4.93398934748332e-07,0.39184687145455,0.00200599978444608,-0.021506908954797,0.0519979491933364,-8.74847004037029e-12,0.0749999997074031,1.13622661979263e-11,-4.18988684099409e-05,-7.18376348542881e-10,2.82403805731935e-05,-8.35115695593099e-05,2.6037531651616e-05,2.25704914300588e-05,-0.0001491386637841,-0.000363355674796953,-0.000101560682491212,-5.10176781907616e-05,1.45183678652627e-05,-1.77895186512131e-05,-0.400000003615566,0.161238950274854,0.250000004674359,-0.357761601871863,0.399999757763458,0.250000050302617,0.400000036767541,0.289591466650408,0.211427182027183,0,0,0,0,0.01,1.11630600655537,0.01,0.01,0.01,0,0,0.391907587495876,0,0,0.01,1.38836987869106,1.14360722227918,0.01,0.01,0,0.01,0,0.0754779980749652,0.326823080347306,0.324826398641551,0,1.25573262288563,0.01,2.20321274982573,2.52610821667703,2.25060284945613,2.47871811704664,0,0,0,0,0,1,1,0,1,1,0,0,0,0,0,1,0,1,0,0,0,1,0,0
82,-0.060000000152234,0.0809541421309064,0.0399999992197054,0.0609983202469116,0.00500000043044189,0.0400031544293399,-0.0178405131706571,-0.0856324650962198,0.0437785353245502,0.920039333070688,-2.81974331424313e-06,7.79531934873515e-07,0.391854490696177,0.00200631195446128,-0.0215067545860784,0.0519979684454751,7.58054742887347e-12,0.0749999997484072,6.8603646661894e-12,2.30886762526812e-05,-6.30458096350092e-10,2.55840867484272e-05,2.76978495662457e-05,-5.88072736569628e-05,-5.96660539806737e-06,0.000557399542717531,0.000154649724774718,0.000471938966914393,1.39106346758683e-05,-4.4419606273388e-05,-5.99030938702811e-06,-0.399999996871422,0.149157908230656,0.250000002819541,-0.378449500168195,0.383128710318481,0.250000040711019,0.400000049310013,0.256618777085937,0.186136435493051,0,0,0,0,0.01,1.12063513348846,0.01,0.01,0.01,0,0,0.398590982236984,0,0,0.01,1.37451855122485,1.14731461624799,0.01,0.01,0,0.01,0,0.0698459495862867,0.342610525121487,0.328061436879314,0.333499277293069,1.22664723054564,0.01,2.22678113788381,2.54388953066248,2.28466152856337,2.48600913998292,0,0,0,0,0,1,1,0,1,1,0,0,0,0,0,1,0,1,0,0,0,0,0,0
83,-0.0599999991424613,0.0828460819965211,0.0400180768117401,0.0609990174826189,0.00500000153404021,0.0400037260884877,-0.0178427768095762,-0.0856326803956552,0.0437793835242253,0.920040985072565,-4.84787488843243e-06,3.0008315982905e-07,0.391850612290438,0.00200570171500309,-0.0215067661657238,0.0519979499938424,-8.41962414056963e-10,0.0749999979842689,0.00179871392651156,-1.03202775351811e-05,4.1815434515718e-09,1.98970662624226e-05,-5.29164378431593e-05,5.80771985304314e-05,5.4277589161767e-05,-0.000305358428085152,3.84808000045137e-05,-0.00021487513535155,-2.28173843157099e-05,2.74945172369719e-05,4.23304969094596e-07,-0.400000331348821,0.193971037268073,0.250000020472398,-0.400000498052486,0.329169206364485,0.24999999802663,0.400002489613278,0.377578980020931,0.2499999768059,0,0,0,0,0.01,1.07854351619108,0.01,0.01,0,0.593273746081819,0.324503222112383,0,0,0,0.01,1.4061880363236,1.20010448628139,0.01,0.01,0,0.01,0,0.0662307657105382,0.37691133010188,0.358802025066573,0.271180294023949,1.20532228404302,0.01,2.28903187562842,2.61130237737341,2.34884006695889,2.55149418604294,0,0,0,0,1,0,0,1,1,1,0,0,0,0,0,1,0,1,0,0,0,0,0,0
84,-0.0599999999908786,0.0847660612611134,0.0400052498148016,0.0609959851701396,0.00499999982085628,0.0400042054459402,-0.0178384609252608,-0.0856387529048329,0.0437770413420856,0.920025998094894,4.20736671048969e-06,-3.68962550453491e-06,0.391885797568874,0.00200495541135866,-0.0215109064889785,0.0519974523345096,-8.18102049233757e-10,0.0749999976874518,-0.00305678025885416,-0.000106415941459307,8.3378228123151e-11,2.59247326259099e-05,0.000173144798374551,-0.000258917753572466,-5.69301498319683e-05,0.0002118317418812,-7.07801418258503e-05,0.00298031140255763,-3.62857502084122e-05,-0.000172917577196206,-1.0372802588632e-05,-0.400000339103106,0.194576894563889,0.250000032674735,-0.4000015025431,0.363123383351073,0.249999957464695,0.400000377622638,0.358637352417823,0.245692601910343,0,0,0,0,0.01,1.12006387699003,0.01,0.01,0,0.504563325030356,0.313500158576726,0,0.01,0,0.01,1.43689582597429,1.23779379172506,0.01,0.01,0,0.01,0,0.0680401050149295,0.384121816001453,0.358086703661569,0,1.2226380972428,0.01,2.31948404052537,2.63183786495301,2.35911339918417,2.5922085062942,0,0,0,0,1,0,0,1,0,1,0,0,0,0,0,1,0,1,0,0,0,1,0,0
85,-0.0599999999608671,0.0866860403245304,0.0399999971218549,0.0609951472276545,0.00500000029077937,0.0400045745445788,-0.0178366681030227,-0.0856378592661918,0.0437767334552523,0.920023772567258,2.56671540227194e-06,-2.52354022487174e-06,0.391891021798794,0.00200493235141946,-0.0215108775973957,0.0519974182515474,1.67606387089988e-09,0.0749999964378745,2.4052335456775e-10,2.24137062146157e-05,-6.35163351872509e-09,2.53032090234077e-05,2.31688603117162e-05,-7.5331990562875e-05,-6.43217730486071e-05,0.000668514323903784,0.000191321633229039,0.000467017212436677,1.03758044295205e-05,-5.2351169601806e-05,-2.78475201408914e-06,-0.399999597702243,0.201388818873353,0.250000098229195,-0.400003058214588,0.369325184068468,0.249999922844917,0.400000583089207,0.336801098657363,0.249999928231719,0,0,0,0,0.01,1.11975137209033,0.01,0.01,0,0.6457131693335,0.289245716735559,0,0.01,0,0.01,1.42435702501857,1.22413062701526,0.01,0.01,0,0.01,0,0.0722164436949684,0.37712629677806,0.337433786171226,0,1.22141612224761,0.01,2.34805149106508,2.65927897240408,2.38699126227601,2.62033920119315,0,0,0,0,1,0,0,1,0,1,0,0,0,0,0,1,0,1,0,0,0,1,0,0
86,-0.0599999999412832,0.0886060194688931,0.0400000011132329,0.0610206499948996,0.00500000135037558,0.0400049638747363,-0.0177637339211204,-0.0856845599913768,0.0437758422395158,0.919895815875418,5.40944628648069e-06,-1.5974308896615e-07,0.392191285122039,0.00204097254056437,-0.0215466073674323,0.051997441416827,6.06638008005568e-10,0.0749999970351123,1.93840377791737e-10,0.00196836645186225,-1.7403676234842e-09,1.59797460917397e-05,0.00636005276560617,-0.00370952092740213,-4.64819666413525e-05,-2.20643409987193e-05,0.000131428707669656,0.0566912622319358,0.00306837607750895,-0.00292822165487035,-1.00087271248239e-05,-0.39999984889099,0.216893690778809,0.250000080161149,-0.400002325582689,0.348373313744247,0.249999945122151,0.400000926952865,0.355305543779173,0.24999993020233,0,0,0,0,0.01,1.07941735590499,0.01,0.01,0,0.639529670635931,0.306897205839559,0,0,0,0.01,1.37764894430513,1.18296172263814,0.01,0.01,0.463795618229155,0.01,0,0.0440357847177205,0.381245896784597,0.339396404328499,0,1.20350893045521,0.01,2.39848035926702,2.71268472546328,2.45075205997459,2.6604130247557,0,0,0,0,1,0,0,1,1,1,0,0,0,0,0,0,0,1,0,0,0,1,0,0
87,-0.0600000000377564,0.0905259992083092,0.0399999999339303,0.0610219362914237,0.00500000174451506,0.0400058522470081,-0.0177479974652004,-0.0856906890114915,0.0437753236546751,0.919867271821992,3.34634327958409e-06,-2.90342954322572e-06,0.392258233648323,0.00204686608637623,-0.0215520634479801,0.0519974306922335,-2.60849170759148e-09,0.0749999972222278,5.06750547415409e-11,8.35301881481606e-05,6.3672799513454e-09,-4.32986240745618e-05,0.000117967056141797,-3.99603551034699e-05,-2.64688744728325e-05,0.000380162668333855,0.00154148463562646,0.000437536895971697,8.23754684251915e-05,-4.8389240159749e-05,2.13607138850824e-06,-0.400001063738792,0.225605262999083,0.250000020919672,-0.400000597732488,0.295374115319647,0.250000019136962,0.400004013118248,0.377686850321125,0.249999971140332,0,0,0,0,0.01,1.02609054236316,0.01,0.01,0,0.603418928395984,0.308631595305638,0,0,0,0.01,1.38535887782213,1.20563271240704,0.01,0.01,0.459148084776413,0.01,0,0.0432474741288687,0.384450355191869,0.35750364227774,0,1.1919301957599,0.01,2.46647371958699,2.77831202729281,2.51719550391054,2.72759024296925,0,0,0,0,1,0,0,1,1,1,0,0,0,0,0,0,0,1,0,0,0,1,0,0
88,-0.0600000010015456,0.0924459784384471,0.0399999998678909,0.0610216690092478,0.00499999983001242,0.040006543800029,-0.0177474626071692,-0.0856920277140907,0.043774811748457,0.919864937426519,3.02846099391569e-06,-3.59890993830049e-06,0.39226370535287,0.00204668400416584,-0.0215527777309598,0.0519974686384172,-1.0449283029693e-09,0.0749999966329179,2.34688747036568e-10,-2.25839771752741e-05,9.24329074809704e-10,3.34579345601217e-05,3.36392507298254e-05,-5.39796890217382e-05,-2.63619324215472e-05,-3.0659640729029e-05,-9.67025374114836e-05,0.00061361700066677,-1.19028705891467e-05,-3.15205946794987e-05,-3.05281593153789e-07,-0.400000430534869,0.212832408706199,0.250000096714965,-0.400001561585676,0.300520804414495,0.249999955349289,0.400001199592585,0.395389568184096,0.246201983872085,0,0,0,0,0.01,1.03299516094785,0.01,0.01,0,0.672602493087678,0.306890732698819,0,0,0,0.01,1.35207619035533,1.15888647851165,0.01,0.01,0,0.01,0,0.01,0.387234849219113,0.34090543607961,0.28150518915119,1.12794745878292,0.01,2.51290341052435,2.82855695414221,2.57031399388621,2.77114637078033,0,0,0,0,1,0,0,1,1,1,0,0,0,0,0,1,0,1,0,0,0,0,0,0
89,-0.0600000009650693,0.0943659575011554,0.0400723841297638,0.0610212285133885,0.00499999986758607,0.0400071063621897,-0.0177464700642194,-0.0856940934811085,0.0437741701997867,0.919861438619014,3.64484004891024e-06,-3.66677650788939e-06,0.392271910031922,0.00204651183942146,-0.0215539201258173,0.0519974590379548,-1.04613131729442e-09,0.0749999966298824,0.00720242995821943,-3.85135602600309e-05,1.24124069730917e-09,2.92130988466586e-05,6.46452930142197e-05,-7.20812997922761e-05,-1.8577077631988e-05,-0.000160000679178458,-4.87474059367225e-05,0.000902996878047385,-1.28069364514242e-05,-4.29864347067974e-05,1.15755034394427e-06,-0.400000431074584,0.218098448254265,0.250000071879043,-0.400001600965439,0.291735943371257,0.249999955184633,0.400001227234336,0.393839618639828,0.246229955903287,0,0,0,0,0.01,1.02128123665497,0.01,0.01,0,0.676492311678312,0.305430254486571,0,0,0,0.01,1.34275169338749,1.15521633969925,0.01,0.01,0,0.01,0,0.01,0.386083075994969,0.344250874244881,0.276661918077935,1.11998702462185,0.01,2.56741436272929,2.88367738487656,2.62622585999204,2.82486588761381,0,0,0,0,1,0,0,1,1,1,0,0,0,0,0,1,0,1,0,0,0,0,0,0
90,-0.0600000001866546,0.0962785897139916,0.0402327897264425,0.061054716488185,0.00500000189446382,0.0400074249687681,-0.0176277062294917,-0.0857723432550949,0.0437732628964886,0.919638003303238,5.25732057925665e-06,-5.48525425965762e-07,0.392795445337498,0.00210005494971924,-0.021614937180022,0.0519974460517534,-1.11854079941637e-09,0.0749999995396173,0.00882996325984854,0.00286350717093859,2.11670376546629e-09,8.75746014766353e-06,0.0110960698868588,-0.00695169889880939,-5.35233799136031e-05,-7.19382035146942e-05,0.000219344891768808,0.106560081659869,0.0049425132689371,-0.00552093539089053,-1.35285303790049e-05,-0.400000460933557,0.216768939586193,0.249999940339014,-0.400001295366572,0.274125748657635,0.250000033275784,0.399999584592788,0.399999708142938,0.250000183083342,0,0,0,0,0.01,1.00574416454489,0.01,0.01,0,0.657912098751069,0.30544527229925,0,0.01,0,0.01,1.38996404023686,1.15187734045723,0.01,0.01,0,0.01,0,0.023050919679443,0.456966063378518,0.362064772373463,0.265679750602037,1.07624125876495,0.01,2.63703625186885,2.95164345575824,2.67372915093235,2.91495055669473,0,0,0,0,1,0,0,1,0,1,0,0,0,0,0,1,0,1,0,0,0,0,0,0
91,-0.0600000008869697,0.0981985689136323,0.0402220087529543,0.0610577188182008,0.0050000003109772,0.0400081180446336,-0.0175739349833687,-0.0858097283467144,0.0437726538982113,0.919516769441942,3.44117661217671e-06,-2.81154812666081e-06,0.393079166940691,0.00211696405251389,-0.0216452908225673,0.0519973735565619,-6.11971470141017e-10,0.0749999969197023,-0.00981477162886093,1.81776498702101e-05,4.13072434206589e-10,-6.00383943395574e-06,4.60149831198459e-05,-0.00013387081242565,-0.000119412326012983,0.00106574756506973,0.000317033384304894,0.000798465865524638,1.18500291773886e-05,-8.9838478594629e-05,-3.36500005492315e-05,-0.400000252207925,0.212299689431053,0.250000056132075,-0.40000139742016,0.314540866336293,0.249999958742245,0.400001082920177,0.370558581069946,0.249781556448561,0,0,0,0,0.01,1.02277935405119,0.01,0.01,0,0.650600028714404,0.280246428896581,0,0,0.110784744204572,0.01,1.33595647340119,1.14977579225469,0.01,0.01,0,0.01,0,0.01,0.397647362116417,0.355933663208794,0.250858232355799,1.08379699834913,0.01,2.67140717661423,2.99034550111923,2.72674401301778,2.93500866471567,0,0,0,0,1,0,0,1,1,0,0,0,0,0,0,1,0,1,0,0,0,0,0,0
92,-0.0600000008987957,0.10011854806486,0.0400953525338595,0.0610568360875881,0.00500000082346807,0.0400087272041923,-0.0175725576116048,-0.0858125836764149,0.0437719882865197,0.919511701172205,4.06216087090371e-06,-3.4661117169009e-06,0.393091022615932,0.0021166407964814,-0.0216468633587121,0.0519974208705021,1.44514613645424e-10,0.0749999973159129,-0.00288543625163837,-5.34357691803334e-05,1.25490027771522e-09,2.22591425364785e-05,8.77077195941387e-05,-0.00011103684361802,-2.71880664710995e-05,-9.66146975975031e-05,-2.71932183104183e-05,0.0012775851643299,-1.7304170987285e-05,-6.75532629786157e-05,-2.12402207724932e-06,-0.399999940440737,0.190234564519835,0.250000097048301,-0.400001546944946,0.27752899609907,0.249999945632641,0.400001225397736,0.384842829132667,0.250000490186399,0,0,0,0,0.01,1.00349646214544,0.01,0.01,0,0.643383147503306,0.308707854021198,0,0.01,0,0.01,1.36183673758249,1.14695040241933,0.01,0.01,0,0.01,0,0.0433909402082803,0.454396131835481,0.37391724914014,0,1.07803818979898,0.01,2.71770635609656,3.03793328815729,2.75523303818463,3.00040660606922,0,0,0,0,1,0,0,1,0,1,0,0,0,0,0,1,0,1,0,0,0,1,0,0
93,-0.0600000000821995,0.102038526860673,0.0400747732375462,0.0610562308510901,0.00500000182022438,0.0400092188293449,-0.0175711640355577,-0.085812567723518,0.0437716260056103,0.919509392060442,2.90458320630018e-06,-2.92155744208774e-06,0.393096423167109,0.00211655633845731,-0.0216471593129015,0.0519974311468048,-7.00103830458823e-10,0.0749999999572801,0.000808775807386032,3.75393355855579e-06,2.11746848951521e-09,2.52582992417993e-05,3.35381301371491e-05,-6.71128711049087e-05,-4.77401453466466e-05,0.000357422619641642,0.000104670014955047,0.000550077487980794,3.10759610197235e-06,-4.4551779636549e-05,-2.34900652576035e-06,-0.400000288540664,0.178025879319465,0.25000001747261,-0.400001349896008,0.224532777364817,0.250000025104606,0.399999634714305,0.399999741040681,0.250000103810974,0,0,0,0,0.01,0.922481933011664,0.01,0.01,0,0.629134047936832,0.310034371704867,0,0.010987190778022,0,0.01,1.3704947313307,1.15376038221265,0.01,0.01,0,0.01,0,0.0166506707638365,0.482773446385441,0.380816056129803,0,1.04436306649035,0.01,2.76759361240646,3.08559382523543,2.80291766566277,3.05026977197912,0,0,0,0,1,0,0,1,0,1,0,0,0,0,0,1,0,1,0,0,0,1,0,0
94,-0.0600000000894816,0.103958506030855,0.0400919305493413,0.0610558313911349,0.00500000182290245,0.0400098536942192,-0.0175704351504542,-0.0858141707488947,0.0437710300760228,0.91950656468433,3.2667568223998e-06,-3.49193003638186e-06,0.393103036715461,0.00211638064891909,-0.0216480250972366,0.0519974537385686,-7.26118682450955e-10,0.0749999999895032,0.000906465852909946,-2.77787538558247e-05,2.42375291817793e-09,2.54480507913183e-05,5.15624231500479e-05,-5.65812658077074e-05,-2.24559562023252e-05,-9.85540613462591e-05,-8.45435323543051e-06,0.000722582741161217,-8.36670523365266e-06,-3.40582299808217e-05,-8.38479807729235e-07,-0.400000299241069,0.189451213280177,0.25000001971125,-0.400001391687244,0.200910265132515,0.250000024372354,0.399999633730064,0.39999975561179,0.250000105469406,0,0,0,0,0.01,0.925653365260315,0.01,0.01,0,0.642515755245291,0.323712487902611,0,0.0151952911046167,0,0.01,1.36105988919205,1.14110729054528,0.01,0.01,0,0.01,0,0.0113892445113628,0.490868348583611,0.383447373325566,0,1.0244867286999,0.01,2.81429156357678,3.13529776072242,2.84961520129566,3.09997412300355,0,0,0,0,1,0,0,1,0,1,0,0,0,0,0,1,0,1,0,0,0,1,0,0
95,-0.060000000695957,0.105878484567334,0.0401165153774256,0.0610568442254445,0.00500000227413515,0.0400102576987351,-0.0175678976455033,-0.0858177810476175,0.0437703627434492,0.919501163166798,4.52078121794657e-06,-2.13619170968025e-06,0.393115671975612,0.00211717124466908,-0.0216501434294448,0.05199744512432,-2.38174203587404e-10,0.0749999972131187,0.00154869796148887,-4.07168985775197e-06,2.01581991942701e-09,2.84788005181304e-05,0.00014573771054476,-0.000103625155717273,-1.14044967150022e-05,-0.000308813499168064,-4.90539179782696e-05,0.00133767024301451,2.67080572224917e-05,-6.0117257298269e-05,2.6955377417026e-06,-0.400000098168033,0.216820402351451,0.250000069959546,-0.400001807194864,0.260183307261529,0.249999951574411,0.400001289479227,0.370177746963167,0.250000490947775,0,0,0,0,0.01,0.976514438167045,0.01,0.01,0,0.672342274068615,0.306589246838295,0,0.01,0,0.01,1.34264740771122,1.1299500150712,0.01,0.01,0,0.01,0,0.0292293634778607,0.47339237613391,0.376329037698198,0,1.03483723155222,0.01,2.83834840472993,3.1592492879897,2.87449467490088,3.12310301781876,0,0,0,0,1,0,0,1,0,1,0,0,0,0,0,1,0,1,0,0,0,1,0,0
96,-0.0600000001454533,0.107798462879755,0.040144025205086,0.0610563901119386,0.00500000241479564,0.0400108421962098,-0.0175656300479918,-0.0858195917119496,0.0437697599428381,0.919496590241991,4.1563717109068e-06,-2.46861183214949e-06,0.393126367907501,0.00211740880959516,-0.0216512292177676,0.051997432042924,-1.552600987398e-10,0.0749999973477126,0.00120402421341977,-7.69154374254124e-06,2.20540120525703e-09,2.85905128426398e-05,0.00010571676888612,-0.000108837473932243,-3.53366922669256e-05,9.88155694322625e-05,2.49504485914779e-05,0.00113531199081291,1.52743382118382e-05,-6.45318641271557e-05,2.27175324615509e-07,-0.400000064502904,0.21757580389485,0.250000092708974,-0.400001836563561,0.264401441728944,0.249999950165896,0.400001409706425,0.382142564790905,0.25000042405953,0,0,0,0,0.01,0.955073227478092,0.01,0.01,0,0.642784802835928,0.290917139384993,0,0.01,0,0.01,1.34060636828619,1.12196791217685,0.01,0.01,0,0.01,0,0.0219746622316344,0.483295252279279,0.379252221625927,0,1.02010224624321,0.01,2.88965564959714,3.21421397024743,2.92905480109634,3.17481481874824,0,0,0,0,1,0,0,1,0,1,0,0,0,0,0,1,0,1,0,0,0,1,0,0
97,-0.0600000000916806,0.109718441038258,0.0401747599928531,0.0610565831423065,0.00500000191492656,0.0400113933110807,-0.0175631091499953,-0.0858220664950658,0.043769145617795,0.919491681228436,4.38566765728039e-06,-2.18043904382392e-06,0.393137848768155,0.00211794655480709,-0.0216526823260812,0.0519974393284968,-7.54637089674529e-10,0.0750000000660925,0.00186617964997847,-1.95682251122169e-06,2.70254343565896e-09,2.8434717115196e-05,0.000131055384784772,-0.000110192892635168,-2.68636296736113e-05,-7.14739571643317e-05,-1.59507628925553e-05,0.00126610630508876,2.44614356305836e-05,-6.47164324306458e-05,1.51117349052126e-07,-0.400000311007946,0.2100947443814,0.250000032103235,-0.400001438666232,0.179908511474194,0.250000021996153,0.399999663839241,0.399999795196195,0.250000102529163,0,0,0,0,0.01,0.899746774383622,0.01,0.01,0,0.637323147500335,0.315722428223682,0,0.0325159389144103,0,0.01,1.33697524003365,1.13374893213059,0.01,0.01,0,0.01,0,0.0180203226252322,0.484510081968528,0.394985937272224,0,1.00529277469865,0.01,2.97321600994046,3.29812637495445,3.00906711907336,3.26227526582155,0,0,0,0,1,0,0,1,0,1,0,0,0,0,0,1,0,1,0,0,0,1,0,0
98,-0.0600000001064019,0.111638419245127,0.0401364694407405,0.0610567057756422,0.00499999954930507,0.0400119482132363,-0.0175604071730527,-0.085824446225254,0.0437685257261641,0.919486596977938,4.41850805894317e-06,-2.03298477591928e-06,0.393149740547155,0.00211853248817137,-0.021654088680528,0.0519974353127358,-9.49718730540952e-11,0.0749999999195197,-0.00565746613205801,2.21161982074849e-06,9.48696875022683e-11,2.89633135132003e-05,0.000135994721472553,-0.000115829135806867,-2.9799491398666e-05,-2.02479384242339e-05,-8.31859286141046e-06,0.00130221819431909,2.83317288084477e-05,-6.81086383526131e-05,2.68037684673661e-07,-0.400000039148465,0.302361666341296,0.250000000142596,-0.400000072211834,0.224045506336443,0.249999995394823,0.400000021999762,0.375704321574749,0.200789314154365,0,0,0,0,0.01,0.947338297456108,0.01,0.01,0,0,0.219695466783227,0.3480394674727,0.0109085363731243,0,0.01,1.32509949520703,1.14821465367576,0.01,0.01,0,0.01,0,0.0362778547528657,0.446844970567357,0.3858895617983,0,1.05757607029701,0.01,3.00509007209298,3.33372957809245,3.04125895768018,3.29756069250524,0,0,0,0,1,1,0,0,0,1,0,0,0,0,0,1,0,1,0,0,0,1,0,0
99,-0.0600000001175625,0.113558397875253,0.0401097309419701,0.0610553087773737,0.00500000196349951,0.0400127649273624,-0.0175642920266706,-0.0858229892532487,0.0437701996033547,0.919489941927096,-4.28252009005945e-06,-1.4211781432008e-06,0.393141916825228,0.00211647477139156,-0.0216530492642293,0.0519977957375881,-1.46562613241659e-09,0.074999999750067,0.00294047995043287,-4.01156510860901e-05,2.89888968778647e-09,3.72221062592777e-05,-0.000147012072227742,4.08694545450649e-06,-2.52224351742852e-05,0.000459557483246028,-0.000379133785027264,-0.000323935997037919,-7.46763414227787e-05,-7.59732419790998e-06,-1.56054623935399e-05,-0.400000603694111,0.314272879708683,0.250000032892941,-0.400001661332897,0.150618823279538,0.250000029406474,0.399999629268705,0.399999797135417,0.250000151478427,0,0,0,0,0.01,0.86986282815194,0.01,0.01,0,0.6488900351342,0.260300827182014,0,0.0474784347245685,0,0.01,1.35366783787738,1.15024665352541,0.01,0.01,0,0.01,0,0.0124946207139503,0.484014889236323,0.388199294723876,0,1.00735440604641,0.01,3.05859551264408,3.38581988250487,3.09458341345926,3.34983198168968,0,0,0,0,1,0,0,1,0,1,0,0,0,0,0,1,0,1,0,0,0,1,0,0
100,-0.0600000001005018,0.115478376144213,0.0400832008250262,0.0610556578502553,0.00499999942629655,0.0400127395087621,-0.01756047165,-0.0858253317985424,0.043768427462617,0.919483963797315,4.01916783690723e-06,-8.89211003013391e-07,0.393155898916935,0.00211766790122615,-0.0216548326518571,0.0519973975888494,-4.88615646707724e-11,0.0749999999639967,-0.00555103523081802,-1.27762144877497e-05,3.41371120939256e-10,3.92455174769362e-05,0.000147983294124909,-7.90394584803418e-05,-4.9566370725311e-06,-0.000263121438793326,-0.000186293196504019,0.00127582233133791,2.81700056442134e-05,-4.47255338931524e-05,1.1959434975797e-05,-0.400000020149923,0.273884534325046,0.249999997016932,-0.400000035411079,0.240787881732558,0.249999995679751,0.400000014582415,0.370951360424151,0.250000005354651,0,0,0,0,0.01,0.923965418804567,0.01,0.01,0,0.673913165250867,0.286300257147681,0,0.0270457531865878,0,0.01,1.28784872195474,1.09514486829462,0.01,0.01,0,0.01,0,0.0182933703711722,0.469546605987665,0.374845565199217,0,0.988327975290568,0.01,3.10582605636617,3.41647312034543,3.13892336321738,3.38337581349423,0,0,0,0,1,0,0,1,0,1,0,0,0,0,0,1,0,1,0,0,0,1,0,0
101,-0.0600000000180795,0.117398355056246,0.0400850445834251,0.0610544773007915,0.00500000108748051,0.0400135806202335,-0.0175582749831625,-0.0858278378818383,0.0437676697754237,0.919478082779597,4.23569365468282e-06,-3.0728384787238e-06,0.393169651895205,0.00211752862051073,-0.0216562551540988,0.0519974357587247,-5.98309328191444e-10,0.0750000001370011,0.00567941119120719,-3.61033188894157e-05,1.37825494543006e-09,2.45390074351065e-05,0.000118259686227336,-0.000125159597248319,-3.1521835245373e-05,5.9687561115892e-06,6.08065654409126e-05,0.0014205770615508,3.58265254611578e-06,-7.55376265165676e-05,-4.16467837190971e-07,-0.400000246574654,0.232347451112166,0.250000007814962,-0.400000728805285,0.127436488291245,0.250000015232982,0.399999717732027,0.399999982249447,0.250000062016692,0,0,0,0,0.01,0.844538813632834,0.01,0.01,0,0.665614226866501,0.307699272311266,0,0.0530350703902343,0,0.01,1.32798492333157,1.12247106584079,0.01,0.01,0,0.01,0,0.01,0.502128512260793,0.395400266765205,0,0.964573667174582,0.01,3.17091197213414,3.50312130387314,3.20999653403382,3.46403674197346,0,0,0,0,1,0,0,1,0,1,0,0,0,0,0,1,0,1,0,0,0,1,0,0
102,-0.0599999999823907,0.119318333422681,0.0401058489627843,0.0610549436207651,0.00500000188058587,0.0400139947667488,-0.0175546476768988,-0.0858315652439622,0.0437670252789611,0.919470793006541,4.73958873766027e-06,-1.90415018734599e-06,0.393186699234144,0.00211838172649708,-0.0216585817885545,0.0519974276489008,-6.74661514869874e-10,0.0749999982823524,-0.00355290922359892,-1.95680292030106e-06,7.8654945853273e-10,2.81937594537552e-05,0.0001834614670899,-0.000158719615567769,-2.84989365261381e-05,-7.87403755110573e-05,-2.29548948749656e-05,0.00183620010730533,3.58434027418414e-05,-9.74350571253084e-05,4.85042852356494e-07,-0.400000273768485,0.254316025614276,0.250000017023187,-0.400001614956218,0.140403531454752,0.250000012034005,0.399999937230935,0.400000126182426,0.250000109276964,0,0,0,0,0.01,0.8347076574568,0.01,0.01,0,0.656009556226913,0.334172988373341,0,0.0588854977919694,0,0.01,1.30480665384222,1.12136028012435,0.01,0.01,0,0.01,0,0.01,0.491694013270411,0.405906361058019,0,0.969183541724263,0.01,3.22101192002011,3.54724598310362,3.25833077065131,3.50992713247242,0,0,0,0,1,0,0,1,0,1,0,0,0,0,0,1,0,1,0,0,0,1,0,0
103,-0.0600000001027911,0.12123831208496,0.0400592756057828,0.0610549987995143,0.00499999962775753,0.0400146088652398,-0.0175512914794216,-0.0858343147155867,0.0437663942907624,0.91946450812639,4.61657546792013e-06,-1.96546717395831e-06,0.393201397278936,0.00211910006015307,-0.0216602666332704,0.0519974379626687,-1.47219725245662e-11,0.0749999999869141,-0.00111650620683785,4.71996179534378e-06,5.24696165164293e-12,2.93536797274665e-05,0.000164953585907667,-0.000142562381466218,-3.38582103333968e-05,1.96500897282936e-05,5.78136229078486e-06,0.0015972285364471,3.68008720773798e-05,-8.58494393938328e-05,-3.3192675929693e-07,-0.400000006066049,0.24062000278066,0.250000000105282,-0.400000012849617,0.206641670921604,0.249999996670985,0.400000007748521,0.370907502027598,0.250000002053979,0,0,0,0,0.01,0.881993008489425,0.01,0.01,0,0.670870997845248,0.300745776443379,0,0.0458963020493363,0,0.01,1.28630547216383,1.09989858623525,0.01,0.01,0,0.01,0,0.01,0.485857672416592,0.396205245233269,0,0.966320683578795,0.01,3.26481621652778,3.59772437702797,3.30533111524596,3.55720947830978,0,0,0,0,1,0,0,1,0,1,0,0,0,0,0,1,0,1,0,0,0,1,0,0
104,-0.0600000001004029,0.123158286582272,0.0400518738139612,0.0610545624581438,0.00499999956179697,0.0400152495174996,-0.0175483494744877,-0.085836975292202,0.0437657326174779,0.919458350989546,4.49451340820976e-06,-2.42686047634946e-06,0.393215794850904,0.00211949863425847,-0.021661847661334,0.0519974393843859,-2.91046378248306e-11,0.0749999999778545,0.000368854354047464,-1.18885357208344e-05,4.98679661859741e-11,2.90070314978072e-05,0.000145686538630579,-0.000140090391119576,-3.44954805251601e-05,3.92155978917431e-05,1.55167397310779e-05,0.00154289248813025,2.23654613361228e-05,-8.45058217834374e-05,-2.08487175984887e-07,-0.400000011993084,0.252699029511299,0.249999998952801,-0.400000024287698,0.197537248660308,0.249999996556737,0.400000013010095,0.363218406997141,0.250000003732095,0,0,0,0,0.01,0.867217063313364,0.01,0.01,0,0.692925052197972,0.296003397876774,0,0.0426853597380515,0,0.01,1.30293419671191,1.11071925032432,0.01,0.01,0,0.01,0,0.01,0.495935199423459,0.40175399035925,0,0.968455167828246,0.01,3.34399809263921,3.68718681617999,3.39331565063168,3.63786925818752,0,0,0,0,1,0,0,1,0,1,0,0,0,0,0,1,0,1,0,0,0,1,0,0
105,-0.060000000116911,0.125078265406982,0.0401815914149155,0.0610544601105077,0.00499999957809794,0.0400158414343726,-0.0175454770912577,-0.0858395090568701,0.043765111592738,0.919452719967814,4.47908666113705e-06,-2.33141644292942e-06,0.393228961660404,0.00212000351987895,-0.0216633838659035,0.0519974446822234,-3.81520255653931e-11,0.0749999999617716,0.0125421179423203,-4.62064209002268e-06,3.48312985576572e-11,2.97534238997857e-05,0.000141425495919574,-0.000129745982411407,-3.27918982353678e-05,1.41374632065908e-05,1.29613862109283e-06,0.00143312610712885,2.50817237656403e-05,-7.77520293020791e-05,-2.82634420357277e-07,-0.400000015730606,0.276306635242987,0.250000000123434,-0.400000033095069,0.193541931736875,0.249999995743177,0.400000017234867,0.363521409393357,0.250000006419851,0,0,0,0,0.01,0.883020929495086,0.01,0.01,0,0.717561907707304,0.313854235836605,0,0.0517177138406769,0,0.01,1.30405930335267,1.11905536908277,0.01,0.01,0,0.01,0,0.01,0.487831001105222,0.401269791543002,0,0.974882056844292,0.01,3.40631102563329,3.75481607702742,3.46042452782446,3.70070257483625,0,0,0,0,1,0,0,1,0,1,0,0,0,0,0,1,0,1,0,0,0,1,0,0
106,-0.0599999999470589,0.126998249920342,0.0403064623540776,0.0610533610253451,0.00500000182293172,0.0400164737832011,-0.0175429878010689,-0.0858422959609161,0.0437644156684741,0.919446298728193,4.38568187747283e-06,-3.10430758742271e-06,0.393243974983906,0.00211992559867541,-0.0216650296709711,0.0519974339270573,-1.40133895514869e-09,0.0750000000685621,7.2180304972476e-06,-3.99677305539632e-05,3.27644650387568e-09,2.77628837895508e-05,0.000126048107228744,-0.000146271186232333,-3.42487279910242e-05,4.40866730295516e-05,2.08122566782436e-05,0.00160186317249338,-3.51139146775407e-08,-9.00524187108306e-05,1.75160877107891e-07,-0.400000577873477,0.279403502758776,0.249999915626505,-0.400001446110905,0.15718047555233,0.250000014812678,0.400000411255175,0.390395706710567,0.250000136621836,0,0,0,0,0.01,0.826321821500273,0.01,0.01,0,0.677274427576255,0.332581058973357,0,0.0632928161341214,0,0.01,1.34756672505411,1.1407997894383,0.01,0.01,0,0.01,0,0.01,0.519044415966678,0.412070790304598,0,0.959590954718984,0.01,3.48804510734735,3.84249992690625,3.53278502841413,3.79776000583948,0,0,0,0,1,0,0,1,0,1,0,0,0,0,0,1,0,1,0,0,0,1,0,0
107,-0.0599999999944892,0.128918228329756,0.0402623976465886,0.0610526927991332,0.00500000187671931,0.0400169973107312,-0.0175400316728665,-0.0858457652098218,0.0437637476153694,0.919438994354241,4.55984978249862e-06,-2.90068043832529e-06,0.393261052997514,0.00212003917114221,-0.0216671890612791,0.0519974307197645,-1.74016434706808e-09,0.0749999996898599,-0.00439168277840613,-4.01817336138697e-05,3.12098542636032e-09,2.77588359251697e-05,0.000150741642102116,-0.000164545756618458,-3.11694710624486e-05,-3.16245397371778e-05,-1.07278798994498e-05,0.00186047120458255,3.90947295822222e-06,-0.000103105989573646,2.09938958920054e-07,-0.400000717150332,0.326624875292637,0.249999987673749,-0.400001439678542,0.172375302101034,0.250000016615021,0.400000304152617,0.369677197583249,0.250000126486552,0,0,0,0,0.01,0.851666451689725,0.01,0.01,0,0.675781648968892,0.317693194404259,0,0.0627627391227325,0,0.01,1.35584589778964,1.15358281613808,0.01,0.01,0,0.01,0,0.01,0.516109548509159,0.414850195632175,0,0.966971516633022,0.01,3.56393984439053,3.92652095510981,3.61964453102139,3.87081626847895,0,0,0,0,1,0,0,1,0,1,0,0,0,0,0,1,0,1,0,0,0,1,0,0
108,-0.0600000000999922,0.130000000099417,0.0402413891478137,0.0610515203865059,0.00499999999342966,0.040017538066317,-0.0175383126660389,-0.0858462304990506,0.0437632826548201,0.919435509761151,3.42526086505631e-06,-3.08500219880171e-06,0.39326920029875,0.0021198282551674,-0.0216676780523773,0.0519974206921165,-5.14643435425505e-11,8.9136442122942e-12,0.00225802235556661,-8.09386727741544e-06,3.17995455325137e-11,2.49458733615955e-05,5.14117319194786e-05,-9.5958004802846e-05,-5.21499637543184e-05,0.000424505649565917,0.000134710562274014,0.000793422632857689,1.24387597055553e-06,-6.09811685572241e-05,-1.74941547889499e-06,-0.400000021197091,0.400000003644058,0.250000000744606,-0.400000047450871,0.132396647048575,0.24999999869935,0.399999987050292,0.400000002554642,0.250000006644697,0,0,0,0,0.01,0.864121804336627,0.01,0.01,0,0.673985508948369,0.31570446968983,0,0.0444196467645516,0,0.01,1.37956938216559,1.15359990930847,0.01,0.01,0,0.01,0,0.01,0.526352533249238,0.403032497532109,0,0.973091513428382,0.01,3.59935664278698,3.97363089905344,3.65578870965599,3.91719883218443,0,0,0,0,1,0,0,1,0,1,0,0,0,0,0,1,0,1,0,0,0,1,0,0
109,-0.0600000001466066,0.130000000121907,0.0402159462732771,0.0610508361488817,0.00500000099326378,0.040018049999689,-0.0175370640668126,-0.0858485170973606,0.0437626338067014,0.919431335007166,3.88026022383274e-06,-3.34296470554524e-06,0.393278960005856,0.00211959683075237,-0.0216689587290954,0.051997419755778,-7.69475397847073e-10,-3.24196039489281e-11,-0.00476731252931009,-4.28407321722043e-05,1.16131993405734e-09,2.44477426568811e-05,7.48173609387564e-05,-9.17347906695222e-05,-2.40468331557771e-05,-9.10080927347534e-05,-2.7417591923953e-05,0.00106036774022842,-1.35286626386049e-05,-5.53967843367793e-05,2.62263825438271e-07,-0.400000317134769,0.399999986649164,0.250000007278239,-0.400000679798213,0.122535768087891,0.250000014095988,0.399999719568648,0.399999981397674,0.250000040654295,0,0,0,0,0.01,0.858224447626504,0.01,0.01,0,0.67160708171551,0.309174334357949,0,0.0476901191843762,0,0.01,1.39499649249708,1.15917381364851,0.01,0.01,0,0.01,0,0.01,0.533468911780143,0.400890686927168,0,0.970046764533307,0.01,3.60083765496378,3.97669870124594,3.65886360053873,3.91867275567099,0,0,0,0,1,0,0,1,0,1,0,0,0,0,0,1,0,1,0,0,0,1,0,0
110,-0.060000000121914,0.130000000096666,0.0401823959789198,0.0610500734506626,0.00500000171991311,0.0400185107303673,-0.0175355077118847,-0.0858506687165748,0.0437620259526893,0.919426904722211,4.01296072669909e-06,-3.26837969987705e-06,0.393289317390907,0.00211936724882336,-0.0216702685435513,0.0519974115874316,-1.409286960589e-09,-2.7695406643989e-10,0.00138152042981022,-4.14288123233923e-05,2.40115646396276e-09,2.46730946363907e-05,7.93070674868353e-05,-0.000102879898949333,-2.7654991896012e-05,-2.81247474732083e-05,-1.44619587858287e-05,0.00112880175042731,-1.28718555008554e-05,-6.30984356667666e-05,5.42612183121215e-07,-0.400000580791668,0.399999885772497,0.249999955777607,-0.400001241740015,0.204738877050166,0.250000017472981,0.400000443928688,0.389425159024322,0.200532405058144,0,0,0,0,0.01,0.884389948511635,0.01,0.01,0,0,0.228611550970083,0.356974294609805,0.0200812522686382,0,0.01,1.37929728243748,1.16549243910682,0.01,0.01,0,0.01,0,0.01,0.500671413776918,0.391889581580903,0,0,0.01,3.59279049013978,3.96743763671384,3.65188104209869,3.90834708475493,0,0,0,0,1,1,0,0,0,1,0,0,0,0,0,1,0,1,0,0,0,1,1,0
111,-0.0600000000450967,0.130000000033264,0.0400417985407403,0.0611326808471962,0.00500000181768337,0.040019150922892,-0.0174300382439952,-0.0858707177021849,0.0437642380638265,0.919363460832903,-1.11096639739866e-06,4.93288394411004e-06,0.393437602461339,0.00220588968367193,-0.0216866941170113,0.0519979746444864,-1.18397102519391e-09,3.78930884845083e-10,-0.0153577257524836,0.00713852164415125,2.5347712168147e-09,0.000148813970555405,0.00936380681316197,-0.00195118248927358,6.91052761421976e-05,-4.05650122714402e-06,-0.000981433304749683,0.0304902311856012,0.00763563517226848,-0.00154081942197062,5.14009357764401e-05,-0.400000487948996,0.400000156125643,0.250000020682509,-0.400001169829361,0.1561840309105,0.250000011350228,0.399999751105872,0.400000124763646,0.18340957391087,0,0,0,0,0.01,0.877263674689395,0.01,0.01,0,0,0.274294337527593,0.361985226455035,0.0282316827061183,0,0.01,1.39846072734496,1.1645222005763,0.01,0.01,0,0.01,0,0.01,0.532242887148804,0.402842395155714,0,0,0.01,3.58583326263282,3.96579923065194,3.64825333707511,3.90337915620965,0,0,0,0,1,1,0,0,0,1,0,0,0,0,0,1,0,1,0,0,0,1,1,0
112,-0.0600000081969669,0.129999997757738,0.0401049852933975,0.0612617655470774,0.00500000260681951,0.0400200011829889,-0.0172337535881457,-0.0859266472950156,0.0437647764905199,0.919189515699309,-6.55901009003783e-07,4.45106472195184e-06,0.393843821422532,0.00235166879364624,-0.0217313792839046,0.0519979920673409,7.55363618472499e-09,-1.58300849364976e-09,0.0127997667511965,0.00634615748243861,2.12072987152548e-10,4.15466013040195e-05,0.00987416577468975,-0.00300405433596982,2.7252626122521e-05,4.56627661222266e-05,-2.75720801778948e-05,0.0468210125215103,0.00720673310188908,-0.00239991966414252,3.01625018552379e-07,-0.399997559995865,0.399999246550448,0.250000019887206,-0.400001932947403,0.211925696522661,0.249999984903885,0.400001075117855,0.373423252921101,0.194775206883853,0,0,0,0,0.01,0.931296941179795,0.01,0.01,0,0,0.265762228082138,0.36146140706687,0.0117698708754539,0,0.01,1.36379093697991,1.14642279292928,0.01,0.01,0,0.01,0,0.01,0.512299656543514,0.398032428390887,0,0,0.01,3.58372353463429,3.96215575956809,3.64646318605786,3.89941610814451,0,0,0,0,1,1,0,0,0,1,0,0,0,0,0,1,0,1,0,0,0,1,1,0
113,-0.0600000002657149,0.130000000584972,0.0400869895534434,0.0615180162391323,0.0050000018926997,0.04002173059777,-0.0169760967697709,-0.0859310009932579,0.0437655808233156,0.919173583875392,-2.01657223940942e-06,4.93791966707974e-06,0.393881002480786,0.00260539158959361,-0.0217342652970745,0.0519979930146403,-1.91747303474768e-09,3.73406430877237e-09,-0.0144631105658518,0.0181012868042292,8.54575108306819e-09,9.97862602621483e-05,0.0171551759727792,0.000958645221164791,4.63543909447414e-05,-0.000170395717528907,-4.60459220568569e-05,-0.0112498048451991,0.0177771307595563,0.000780407760946629,5.00379725084461e-06,-0.400000794598288,0.400001430764479,0.250000006469188,-0.400000644289609,0.176956214183939,0.250000026372681,0.399998527375243,0.399997986761505,0.181999075324082,0,0,0,0,0.01,0.838195156144862,0.01,0.01,0,0,0.291879952707076,0.369500783071134,0.0259444128550947,0,0.01,1.42800374624439,1.15679879317961,0.01,0.01,0,0.01,0,0.01,0.577323027175813,0.411118023819257,0,0,0.01,3.60601316966826,3.9773931709512,3.66587543226527,3.9175309083542,0,0,0,0,1,1,0,0,0,1,0,0,0,0,0,1,0,1,0,0,0,1,1,0
114,-0.0600000000080386,0.130000000002478,0.0400419041150014,0.0616319448741282,0.00500000177816777,0.0400226701643404,-0.0167808897163819,-0.0859945985854171,0.0437658189486128,0.918971053143677,-7.46235915479969e-07,1.68454787828704e-06,0.394353301420592,0.0027412350878742,-0.0217853162233968,0.0519979839750332,-1.43769513804847e-09,-2.82110607609252e-10,0.00676248771513284,0.000106610426909481,2.09112150604523e-09,2.17585502774488e-05,0.000692104169260434,-0.000604831901837735,-1.51603798015268e-05,0.000451077827581737,-5.43461253826347e-05,0.00818758808880595,0.000239852207137106,-0.000461441106134934,-1.88482484628404e-05,-0.400000592501242,0.399999883784335,0.250000037567277,-0.400001324207835,0.154843108496084,0.250000018608906,0.40000029904089,0.399834155005578,0.183231734010599,0,0,0,0,0.01,0.884448411793641,0.01,0.01,0,0,0.254313064643445,0.350854948012554,0.0218661605670049,0,0.01,1.41235115162964,1.18358089543907,0.01,0.01,0,0.01,0,0.01,0.526287714202068,0.404104757741892,0,0,0.01,3.60051709053035,3.9827652360141,3.66306202586708,3.92022030067738,0,0,0,0,1,1,0,0,0,1,0,0,0,0,0,1,0,1,0,0,0,1,1,0
115,-0.0600000000042899,0.129999999999722,0.0400000019349569,0.0616326390299168,0.00500000178497584,0.0400233123925158,-0.016779295755989,-0.0859956493637256,0.0437665527799213,0.918968098579082,-2.29562694572021e-06,1.42411006857551e-06,0.394360186438176,0.002741897271063,-0.0217859790413064,0.0519979912887833,-1.39414705788978e-09,-2.58616731336805e-10,7.70868499064735e-11,3.59545355144096e-05,2.2932988719749e-09,3.40545580153298e-05,6.19040089680692e-05,-6.13436670905953e-05,1.19217069007642e-05,0.000232899399618999,-6.48767724131077e-05,0.000653086746172263,2.85415394153725e-05,-3.90412074393685e-05,-3.93784117094524e-06,-0.400000574566554,0.399999893363761,0.250000031768127,-0.400001287537932,0.160923399641102,0.250000017797817,0.400000306296121,0.394432310570154,0.181697476058789,0,0,0,0,0.01,0.891573068122617,0.01,0.01,0,0,0.258927197847582,0.349403410716431,0.0234351681082946,0,0.01,1.41819229911517,1.18943572685418,0.01,0.01,0,0.01,0,0.01,0.528118389684948,0.406436178572102,0,0,0.01,3.59757062522364,3.9802435857326,3.66153708720765,3.9162771237486,0,0,0,0,1,1,0,0,0,1,0,0,0,0,0,1,0,1,0,0,0,1,1,0
116,-0.0600000000064964,0.129999999998581,0.0400000023860201,0.0616331767355608,0.00500000164042892,0.0400239102487543,-0.0167777897164575,-0.0859964675608569,0.0437671477069334,0.918965459044839,-2.28427474371103e-06,1.42350075870129e-06,0.394366337101916,0.00274252831289478,-0.0217865156000671,0.0519979900161875,-1.33313420285321e-09,-2.09441117813493e-10,8.28474004751147e-11,2.77887568707671e-05,2.27657462790697e-09,2.90670792721457e-05,7.58818650325832e-05,-4.12500829063203e-05,2.88886399444782e-05,1.2139942376162e-05,1.26299594464229e-05,0.000668886939107834,3.21805781905313e-05,-2.73493596131554e-05,-4.68249526915098e-07,-0.400000549423008,0.399999913630549,0.250000034139845,-0.400001219276025,0.172453765333437,0.250000017734362,0.400000151567612,0.314377562366436,0.183641654436759,0,0,0,0,0.01,0.901420985482501,0.01,0.01,0.01,0,0.258817537550347,0.355806705394243,0.0152080878508989,0,0.01,1.41927607639307,1.19342265132108,0.01,0.01,0,0.01,0,0.01,0.513698763332945,0.396093933839877,0,0,0.01,3.58454631782472,3.96613667268467,3.64428659971666,3.90639639079273,0,0,0,0,0,1,0,0,0,1,0,0,0,0,0,1,0,1,0,0,0,1,1,0
117,-0.0599999999844484,0.129999999978119,0.0400000031593407,0.0616329746748445,0.00500000137355916,0.0400245792930138,-0.0167766783166078,-0.0859972303947952,0.0437677092057421,0.918962709474646,-2.45646706727498e-06,6.60040102628463e-07,0.394372743991623,0.00274272196182074,-0.0217869898802358,0.0519979895126366,-1.34288403223666e-09,-2.48880689729594e-10,9.12340432527673e-11,5.50996990809245e-06,2.33971660448888e-09,2.79188009762701e-05,5.44954348974193e-05,-4.66554403666466e-05,2.6161930748323e-05,7.09303082764324e-05,4.65356618832911e-05,0.000645879137821257,1.44750015139419e-05,-3.12981249013024e-05,-1.72452119439067e-07,-0.400000553439442,0.399999897370056,0.250000037603497,-0.400001251066682,0.161971624903501,0.250000019135757,0.400000173993261,0.322252818987678,0.189773782954764,0,0,0,0,0.01,0.88796427771876,0.01,0.01,0.01,0,0.239478623504875,0.354784647095787,0.0203506350261054,0,0.01,1.42672000771747,1.1984811496415,0.01,0.01,0,0.01,0,0.01,0.514942535888644,0.395226963278958,0,0,0.01,3.5857230143243,3.96843471597232,3.64553294604028,3.90862478425634,0,0,0,0,0,1,0,0,0,1,0,0,0,0,0,1,0,1,0,0,0,1,1,0
118,-0.0599999999904836,0.12999999998842,0.0400000010034462,0.0617791550370221,0.00500000137336109,0.0400269708744033,-0.0166544271384835,-0.0859820891408556,0.0437686349290173,0.919002883916086,-2.24190684175527e-06,5.07195473284159e-06,0.394279117236548,0.00287745764653907,-0.0217739869880782,0.0519979831305921,-1.22423765816302e-09,-2.71586057242716e-10,2.51968174550698e-11,0.0131598638310579,3.07740989991823e-09,0.000112876456852834,0.0115355664204392,0.00149040641463096,3.38872608940109e-05,-0.000126869897301768,0.000186616256950534,-0.018750833369196,0.0125966474517856,0.00122359622712606,-8.47777757842428e-06,-0.40000050453252,0.399999888083959,0.250000010382165,-0.400001173870879,0.154893959747007,0.250000012386523,0.400000733707772,0.37560631862437,0.250000150011186,0,0,0,0,0.01,0.819785444033473,0.01,0.01,0,0,0.320323261437622,0,0.0562511688028426,0,0.01,1.46237147266396,1.17701813149888,0.01,0.01,0,0.01,0,0.01,0.60312192245898,0.422865703090853,0,0,0.01,3.62035767460524,3.99497374912273,3.68339716458199,3.93193425914598,0,0,0,0,1,1,0,1.00923089592087,0,1,0,0,0,0,0,1,0,1,0,0,0,1,1,0
119,-0.0599999999617223,0.129999999965209,0.0400000007983841,0.0618616441689145,0.00500000167011189,0.0400276785999066,-0.0165512611277892,-0.0859952346721189,0.043766710956845,0.918954401857633,3.41106973858188e-06,-5.87871444475977e-08,0.394392102194796,0.00296582469629325,-0.0217845964125547,0.0519974443151228,-1.32645047077528e-09,-2.24061840230028e-10,2.71888724986438e-11,0.00019715880259899,2.56404196196971e-09,-0.000231434125152005,0.000205490628231657,-3.16463604785956e-05,-0.000172941024664116,0.000483459251164745,0.00236853688948548,0.000400290824149458,0.000179617962721749,-4.19274688383745e-05,-0.000149440409501771,-0.400000546660278,0.399999907657728,0.250000011215648,-0.400001258100766,0.140520564223948,0.250000014869612,0.400000545779677,0.370653577227866,0.250000169612744,0,0,0,0,0.01,0.82686467485467,0.01,0.01,0,0.718069863584703,0.315145348758984,0,0.065383441869973,0,0.01,1.44112340881563,1.18198401559868,0.01,0.01,0,0.01,0,0.01,0.574765861164869,0.419902594521872,0,0.918455802704977,0.01,3.61401096296104,3.99816278843433,3.68885133693693,3.92332241445845,0,0,0,0,1,0,0,1,0,1,0,0,0,0,0,1,0,1,0,0,0,1,0,0
120,-0.0599999999758952,0.129999999972275,0.0400507410775007,0.0618595135439803,0.00500000152064254,0.0400286463965785,-0.0165498966549033,-0.0859994591075463,0.0437657231376175,0.918946425558783,4.22569077123622e-06,-3.89265775264085e-06,0.39441068676089,0.00296499148273442,-0.0217866786301164,0.0519974429263261,-1.28158533634068e-09,-1.36285435611297e-10,0.00504871778382639,-8.65049008532186e-05,2.79351395214381e-09,3.05875146189823e-05,0.000110434933178473,-0.000155243963408229,-2.80184103059755e-05,-0.000103108936260539,-0.000104973935876958,0.00183524940759609,-3.17350491769996e-05,-9.52179750708027e-05,-4.46912370870893e-07,-0.400000528165602,0.399999943841518,0.250000023407005,-0.400001205648312,0.153036756978678,0.250000013113221,0.400000496303011,0.384497050421384,0.179904960490337,0,0,0,0,0.01,0.882205929553534,0.01,0.01,0,0,0.272582172426115,0.342625217716386,0.0512367548724284,0,0.01,1.43401343329179,1.22095768489217,0.01,0.01,0,0.01,1.14060673426833,0,0.529339394502236,0.412205071656432,0.161940490670757,0.927551351024081,0.01,3.57267018440318,3.97052463370474,3.67030459821797,3.87289021988996,0,0,0,0,1,1,0,0,0,1,0,0,0,0,0,1,0,0,1,0,0,0,0,0
121,-0.0600000001393959,0.130000000129629,0.04000000134641,0.0616143419740669,0.00494383968779479,0.0400278977533134,-0.0172207657220326,-0.0856750432656416,0.0437833980525292,0.919417144839012,-4.71857755002625e-06,-1.05618811963566e-06,0.393312149076622,0.00267272191307431,-0.0217201809297763,0.0519973333079008,-1.89875156572655e-11,-2.17604121134026e-10,1.9840451632044e-11,-0.0241862223685006,-0.00544772895106825,-9.32341211322367e-06,-0.0661249018846034,0.0328648743180179,0.00166323401954108,0.000101357353951968,5.69654137185127e-05,-0.232871208840209,-0.0286649653618054,0.00664345837208139,9.77706740322718e-06,-0.400000007827761,0.356776017445338,0.250000008189391,-0.36021672260833,0.296890792885952,0.250000031497008,0.400000033057152,0.215596447653693,0.241786001851547,0,0,0,0,0.01,0.962438781264847,0.01,0.01,0,0.727318897156504,0.246965812859846,0,0.0576065465196361,0,0.01,1.38902893562498,1.25122703096776,0.01,0.01,0,0.01,1.18306309880383,0,0.429654260766301,0.383735058838479,0,1.04526395796622,0.01,3.54607467192927,3.94842596070092,3.63955415709246,3.85494647553772,0,0,0,0,1,0,0,1,0,1,0,0,0,0,0,1,0,0,1,0,0,1,0,0
122,-0.0599999998622277,0.129999999878186,0.0400000035917872,0.0612237474541632,0.0047937557190902,0.0400277520144827,-0.0176415167160269,-0.0857925632167247,0.0437806871523859,0.919441853821481,5.39617025471478e-06,-3.63631976219225e-06,0.393254398533116,0.00228132519270749,-0.0218626287306581,0.0519971119432924,-1.42659460043987e-09,2.37306947992757e-11,-1.52248572372464e-10,-0.0131496826243157,-0.00672407772539259,-7.02255161325353e-06,0.00179393372771524,-0.0195700550772718,-0.000148766993881102,0.00133034474955,4.70119576672158e-05,0.195499967254429,-0.00938058418770346,-0.0169594658906878,-2.27310660642481e-05,-0.400000587940082,0.400000009896993,0.249999940069497,-0.400001380090809,0.177877515047591,0.250000014300083,0.399999586167321,0.399999989114864,0.180708736247698,0,0,0,0,0.01,0.911955633841383,0.01,0.01,0,0.689040501497731,0.242658076898151,0.338336730955171,0.0249764899372421,0,0.01,1.39816172586083,1.20031253069341,0.01,0.01,0,0.01,0,0,0.489908942473532,0.381553737841371,0.21290348788093,0.980708462672335,0.01,3.56847355488962,3.97808905504334,3.66068035412916,3.8858822558038,0,0,0,0,1,0,0,0,0,1,0,0,0,0,0,1,0,1,1,0,0,0,0,0
123,-0.0599999998884254,0.129999999898046,0.0401124043812151,0.0609634646701232,0.00500000201940685,0.0400353472373818,-0.0174408551033474,-0.0859825993495186,0.0437811324794118,0.91826326658659,4.83417774041714e-06,-4.48072637442165e-06,0.395998710213312,0.00214254626283662,-0.0219754626020831,0.0519973589233294,-1.28640980901866e-09,2.92880689463669e-10,0.011184119452256,-0.0045721672828513,1.49817997689201e-09,0.000143297883905266,0.00501655688150687,-0.00749650353307888,0.000862393472873826,-0.0114084771398795,-0.00171155196243854,0.120442466916204,-0.00215765393244088,-0.00615685558459651,0.000245437720620101,-0.400000530162008,0.400000120660576,0.249999981891163,-0.40000129702637,0.142766910874697,0.250000013348666,0.399999729857382,0.400000090264794,0.181677386868423,0,0,0,0,0.01,0.884494828558738,0.01,0.01,0,0,0.271412250017658,0.356540253291227,0.0729123866425748,0,0.01,1.41341370492332,1.21007172383626,0.01,0.01,0,0.01,0,0.01,0.540880501553135,0.426675116556569,0,0,0.01,3.57433333529146,3.96376353329858,3.64083275107673,3.89726411751331,0,0,0,0,1,1,0,0,0,1,0,0,0,0,0,1,0,1,0,0,0,1,1,0
124,-0.0599999999383348,0.129999999939202,0.0400080991304048,0.061093029681974,0.00500000118647636,0.0400366663165204,-0.0173042368432221,-0.0859861415544532,0.0437837524757462,0.918241221875211,-2.19620762651249e-06,4.92250606041915e-06,0.396049825624827,0.00227190516491493,-0.0219787777682102,0.0519980059213843,-1.13814548901783e-09,-2.49136311938651e-11,-0.0214511923071169,0.0117032267699298,2.55347521278983e-09,0.000252434715524576,0.0103478025161438,0.00116077671293763,8.79593688312136e-05,2.45888482009226e-05,-0.00156465226252424,-0.0156673035010975,0.0112420672801987,0.000961419636460139,7.657951704933e-05,-0.400000469062826,0.399999989653034,0.250000017071843,-0.400001114476964,0.164240376226894,0.250000011366018,0.40000034848351,0.315996273802667,0.185862676853508,0,0,0,0,0.01,0.866540400828308,0.01,0.01,0.01,0,0.271540498715637,0.361679963536784,0.0780868536444291,0,0.01,1.46479422417518,1.23385535106723,0.01,0.01,0,0.01,0,0.01,0.568345383462901,0.428960322219636,0,0,0.01,3.57561703022999,3.95231197289937,3.63568437341169,3.89224462971766,0,0,0,0,0,1,0,0,0,1,0,0,0,0,0,1,0,1,0,0,0,1,1,0
125,-0.0599999999952144,0.129999999988294,0.0401991994606034,0.0612461639309113,0.0050000017900857,0.0400377075326571,-0.0171861055358598,-0.0859562676242535,0.0437845078064495,0.918327390949838,-2.68345808345267e-06,5.5278571096772e-06,0.395849983426931,0.00241525876346057,-0.0219545648006139,0.0519979946496385,-1.20749984992899e-09,-1.09630559787776e-10,0.0210052984484515,0.0034645011914236,2.62199516122896e-09,5.16596034159092e-05,0.00231585768010213,0.000971204491755703,3.26435783539088e-05,-1.74303138978067e-05,2.92408019494893e-05,-0.0137700947222714,0.0031177464515088,0.000780445692662634,-2.83601927145613e-06,-0.400000497642359,0.399999954783694,0.249999905155062,-0.400001144144832,0.171140295035906,0.25000000752538,0.400000613260229,0.3866770785601,0.172697146042937,0,0,0,0,0.01,0.857413663757827,0.01,0.01,0,0,0.295143741473695,0.348422323553196,0.0802535196495133,0,0.01,1.46116099496941,1.23916907275809,0.01,0.01,0,0.01,0,0,0.540573713118686,0.409452740343451,0.140749196889496,0.927669297772042,0.01,3.56337839585007,3.94670786088561,3.64361152518266,3.86647473155303,0,0,0,0,1,1,0,0,0,1,0,0,0,0,0,1,0,1,1,0,0,0,0,0
126,-0.0599999999880352,0.129999999979699,0.040308622729964,0.0611479361430477,0.00500000193035768,0.0400391984461631,-0.017329140109211,-0.0859177718609846,0.0437841342483231,0.918442122006146,-5.42320857519322e-06,-4.45054726654553e-06,0.395583714679879,0.00230693830973578,-0.0219236408660796,0.051997764838564,-1.46703326350542e-09,-1.64198530644224e-10,-0.00990843410304709,-0.00961097142494973,2.75954167668956e-09,6.65324147981892e-05,-0.0140543357533142,0.00377609952199436,0.000106331923212419,-0.000389823534151193,0.000412317096311014,-0.0577350178615365,-0.0107247920825279,0.00297921660929655,6.52430798261611e-05,-0.400000604581684,0.399999932278358,0.250000012862456,-0.400001364555566,0.151594516949154,0.250000017646135,0.400000250684034,0.387981826982846,0.180164684714499,0,0,0,0,0.01,0.897809165873357,0.01,0.01,0,0.739391934299504,0.260724228714222,0.333300809098575,0.0973614418381254,0,0.01,1.45542940495321,1.27802263749786,0.01,0.01,0,0.01,0,0,0.489946106261286,0.405176757014377,0.130585997946664,0.983241873393344,0.01,3.55023475870625,3.94216953238412,3.62814408407053,3.86426020701984,0,0,0,0,1,0,0,0,0,1,0,0,0,0,0,1,0,1,1,0,0,0,0,0
127,-0.0599999999255869,0.129999999920236,0.0402302447347184,0.0610747596264227,0.00500000184135012,0.0400393042207209,-0.0173406237130867,-0.0859684924353069,0.0437841093356564,0.918286995019318,1.05792765312048e-07,-8.45699734545316e-07,0.395943685902791,0.00224982981302542,-0.0219645620434104,0.0519977642967472,-1.28667981258444e-09,3.97813470260047e-10,0.00201077909386443,-0.000913901077085072,3.06698573490631e-09,2.23380228116779e-05,0.00267537918957012,-0.00307710059583188,4.86151443000086e-06,8.08308135434826e-05,6.72987819249803e-05,0.0464007932875008,8.70902817314964e-06,-0.00244697722000014,-4.04804356692817e-06,-0.400000528108225,0.400000152793111,0.249999937073756,-0.400001221188805,0.15927542613434,0.250000012056504,0.399999733034331,0.400000065828012,0.183712312846489,0,0,0,0,0.01,0.894655091790727,0.01,0.01,0,0,0.26493388099474,0.342643953948234,0.074326405223006,0,0.01,1.45757386024202,1.25520966954714,0.01,0.01,0,0.01,0,0,0.526508547427394,0.415834387793607,0,0.963458185393544,0.01,3.54642580034246,3.94635539635076,3.62665222631425,3.86612897037898,0,0,0,0,1,1,0,0,0,1,0,0,0,0,0,1,0,1,1,0,0,1,0,0
128,-0.0599999999542163,0.129999999952342,0.0402057950768866,0.0609844625270374,0.00500000201312878,0.0400403458516586,-0.0174699516600895,-0.0859366739818301,0.0437849330745429,0.91838474253833,-5.86079622845646e-06,-3.9474898266025e-06,0.395716910093493,0.00214998264685217,-0.0219393188658651,0.0519978265135711,-1.47420893512943e-09,-1.02367476978906e-10,-0.00442375935705234,-0.00853421446697301,3.05520247552343e-09,2.73943119937852e-05,-0.0123446892955624,0.003266226668033,5.22710958727681e-05,-0.000252546887844929,0.000225815922210896,-0.0496978671226233,-0.00947958908712638,0.00257585867512821,1.36800971143866e-05,-0.400000607544412,0.399999957784295,0.249999987552346,-0.40000139588008,0.154777178920974,0.250000017603939,0.400000189409532,0.384583731601422,0.184345309876278,0,0,0,0,0.01,0.901721200689184,0.01,0.01,0,0.740178814712998,0.26114667863191,0.333847971496196,0.095674028838211,0,0.01,1.45658591556249,1.28805460151445,0.01,0.01,0,0.01,0,0,0.496649362115005,0.422178094110768,0,1.00062948338383,0.01,3.53753825456259,3.93973498035466,3.6192030405022,3.85807019441505,0,0,0,0,1,0,0,0,0,1,0,0,0,0,0,1,0,1,1,0,0,1,0,0
129,-0.0600000000021501,0.129999999989261,0.040174739286792,0.0609371702333365,0.0050000015363879,0.0400404952441163,-0.0174930145259486,-0.0859550526194266,0.0437848617595388,0.918327027612578,-3.20202439562042e-08,-8.03449423508432e-07,0.395850829169617,0.00210920508748583,-0.0219544117548471,0.0519977976301627,-1.25028826193908e-09,-1.12801398274361e-10,0.00128955291892823,-7.3370343336178e-05,2.79481930877515e-09,4.29918955504166e-05,0.000146401563204641,-0.000173099578946604,2.37985755505019e-07,0.000321901287813027,-6.97526603294076e-05,0.00220190285536458,-3.76833550877647e-06,-0.000115425053084962,4.95002193275881e-06,-0.400000515257152,0.399999953462742,0.250000025305073,-0.400001155380616,0.175336263364077,0.250000013314326,0.400000264802198,0.320865051480066,0.181265628114907,0,0,0,0,0.01,0.902009721067382,0.01,0.01,0.01,0,0.26950538903232,0.347420288377842,0.0787841784906062,0,0.01,1.47105135802532,1.27157297789045,0.01,0.01,0,0.01,0,0,0.502663308585609,0.39861005488715,0.142710579175992,0.98183429311892,0.01,3.53134146658427,3.91951911220951,3.60593829893729,3.8449222798565,0,0,0,0,0,1,0,0,0,1,0,0,0,0,0,1,0,1,1,0,0,0,0,0
130,-0.0599999999492478,0.12999999994822,0.0401789599216286,0.0607930300737145,0.00500000165782414,0.0400414371741269,-0.0177149931884263,-0.0858921634048267,0.0437855438413272,0.918521764638932,-5.6495426352897e-06,-3.79428739977973e-06,0.395398758100103,0.00194542243248381,-0.0219042526749641,0.0519977839318981,-1.38401802911901e-09,-1.3188822481787e-10,-0.000856414147770963,-0.0140827285787809,2.71645243467156e-09,1.81996570651155e-05,-0.0213660021696932,0.00622587782783555,3.10724447833991e-05,-0.000167232945862821,0.000166105607757187,-0.0950692361419513,-0.0159117164759958,0.00493265795374101,-1.06778355270236e-07,-0.400000570372327,0.399999945595048,0.25000002703075,-0.400001293079569,0.195308510944858,0.250000017353945,0.400000044932722,0.324704913909853,0.182255701881432,0,0,0,0,0.01,0.873595791861326,0.01,0.01,0,0,0.270705468643531,0.328469832440882,0.116363690311652,0,0.01,1.46112582868085,1.3240583535672,0.01,0.01,0,0.01,0,0,0.478340211032491,0.438361386027835,0,1.03841072953249,0.01,3.53224791131951,3.93199433252647,3.62458057994677,3.8396616638992,0,0,0,0,1,1,0,0,0,1,0,0,0,0,0,1,0,1,1,0,0,1,0,0
131,-0.0599999999524399,0.129999999949775,0.0401301410344101,0.0605445515127964,0.00500000154464707,0.0400421238694354,-0.0180559850772433,-0.0858113204532622,0.0437856963490765,0.918763140925505,-5.47122492885707e-06,-4.91968742085709e-06,0.394837565154488,0.00167376355979355,-0.0218404230811087,0.0519977773889842,-1.43871342328249e-09,-3.05798431493114e-10,-0.00400971430061438,-0.0100513265351755,1.89683085273007e-09,3.31431087240685e-05,-0.0132728431947065,0.00264343232307406,5.4211580922324e-06,0.000110004539776696,-5.69689343948394e-05,-0.0412877839454107,-0.0108777313259945,0.00210126943881484,-2.2815405667478e-07,-0.400000592922803,0.39999987391732,0.250000032346032,-0.400001331027357,0.19543090613322,0.250000020950963,0.400000091985359,0.35847949661821,0.202220464281957,0,0,0,0,0.01,0.876202354824924,0.01,0.01,0,0.758669150361192,0.219558759235615,0.335798257285582,0.100849286847386,0,0.01,1.47967838869854,1.33275112315978,0.01,0.01,0,0.01,0,0,0.479789861923893,0.431574301670816,0,0,0.01,3.53327283740987,3.93467316654262,3.62510012677927,3.84284587717322,0,0,0,0,1,0,0,0,0,1,0,0,0,0,0,1,0,1,1,0,0,1,1,0
132,-0.0600000000682959,0.129999999991602,0.0400000011037086,0.0605696379183089,0.00500000193022148,0.0400422794095379,-0.0179577546983324,-0.0858760622568529,0.0437867576970911,0.918571533481225,-3.56735456718633e-07,2.25250424760002e-06,0.395283128709027,0.00171655583098413,-0.021891817682436,0.0519979918329947,-1.61557159998699e-09,8.01897066877935e-10,-9.3908812937514e-13,0.00581097161747569,4.38233790958802e-09,8.38064240389563e-05,0.0146958038494937,-0.00752060336779181,3.2771425337206e-05,0.000309148845403871,-0.000471469796150262,0.115957435108977,0.00806237743026043,-0.00600761929236491,1.42810633836786e-05,-0.40000065556133,0.400000260600452,0.249999998679315,-0.400001007454602,0.173922822742137,0.250000018245985,0.399999545910068,0.399999728473935,0.184293400710909,0,0,0,0,0.01,0.893211263175208,0.01,0.01,0,0,0.269730702238188,0.348409123296502,0.0973891835677107,0,0.01,1.49457169738543,1.30559105670361,0.01,0.01,0,0.01,0,0,0.53650340973084,0.437879125680933,0,0,0.01,3.53310365041853,3.93843780758917,3.62892021093937,3.84262124706834,0,0,0,0,1,1,0,0,0,1,0,0,0,0,0,1,0,1,1,0,0,1,1,0
133,-0.059999999964139,0.129999999960329,0.0400000011156139,0.0606702410402514,0.00500000180610709,0.0400427534881565,-0.0177513346389655,-0.0859608710344528,0.0437874519357492,0.918303358059262,-1.8506852510192e-07,3.93504628410953e-06,0.395905745255999,0.00184451669828269,-0.0219605580271436,0.0519979865423136,-1.35300341623009e-09,-1.99616238044274e-10,2.64161908852475e-11,0.0032286980065717,2.32862881363078e-09,1.92839118496071e-05,0.00602732216979691,-0.00242307841414288,1.8393365448564e-05,9.95342998877691e-05,0.000151852027622917,0.0372229418372048,0.00391874973290791,-0.00192826272011281,-7.71922122430156e-06,-0.400000557597986,0.399999917677177,0.250000010901619,-0.400001271844795,0.171870983381928,0.250000015833041,0.40000030100403,0.393077232626237,0.186036868936345,0,0,0,0,0.01,0.899185329848975,0.01,0.01,0,0,0.262370236817821,0.34196324900806,0.1120937017197,0,0.01,1.50591320140234,1.32932327549664,0.01,0.01,0,0.01,0,0,0.531468321287793,0.44130635730084,0,0,0.01,3.53655932771577,3.94502406936804,3.63376117515871,3.8478222219251,0,0,0,0,1,1,0,0,0,1,0,0,0,0,0,1,0,1,1,0,0,1,1,0
134,-0.0599999999597882,0.129999999956755,0.0400000010882693,0.0606991817532468,0.00500000191558444,0.040043552885445,-0.0176989153188043,-0.0859811109214657,0.0437881277167406,0.918240949419192,-1.55790686734487e-06,3.00827830555246e-06,0.396050470939875,0.00187892525616433,-0.0219765244626777,0.0519979991315979,-1.3658312808281e-09,-1.60484711176771e-10,2.0999646902245e-11,0.000126681482373398,2.23510558615063e-09,3.5652805084552e-05,0.000154167716089934,-5.54534151574719e-05,3.59349921284488e-05,5.47221807575501e-06,7.38142045056514e-05,0.000828634391987214,0.000102600773164825,-3.76588903627866e-05,5.23357561502502e-06,-0.400000562884152,0.399999933805627,0.250000008669695,-0.400001289947248,0.172495293172025,0.250000016370341,0.400000220283857,0.384569702421811,0.186979426862484,0,0,0,0,0.01,0.90678305564758,0.01,0.01,0,0,0.261368421030451,0.339389695744713,0.126515518639109,0,0.01,1.5142709486844,1.35254962558766,0.01,0.01,0,0.01,0,0,0.520817346865287,0.447770389786387,0,0,0.01,3.52825043326704,3.93900003750997,3.61508355988836,3.85216691088865,0,0,0,0,1,1,0,0,0,1,0,0,0,0,0,1,0,1,1,0,0,1,1,0
135,-0.0599999999662805,0.129999999961122,0.0400000011065146,0.0607021438104898,0.00500000186850178,0.0400441615114635,-0.0176947022699797,-0.0859823390432002,0.0437887558944368,0.918236398429444,-1.52007580894293e-06,3.61942429726364e-06,0.396061022183448,0.00188170028616412,-0.021977344104536,0.0519979908428061,-1.37004863210929e-09,-1.65811660498804e-10,2.19909922867738e-11,0.000141409290569415,2.57794432329092e-09,3.47727124617882e-05,0.00021580927544357,-6.17249637786486e-05,2.93029132583611e-05,4.84524428632554e-06,-1.22021361552004e-05,0.00122941560071865,0.000139408140629008,-3.97968283017842e-05,-2.29201921581147e-07,-0.400000564623278,0.399999931608845,0.250000009053673,-0.400001290599775,0.169032728124584,0.250000016508025,0.400000215409014,0.385686940886049,0.188030326040751,0,0,0,0,0.01,0.899419979672832,0.01,0.01,0,0,0.258911165611505,0.339179784297199,0.131597658731313,0,0.01,1.52278022847844,1.36079283387756,0.01,0.01,0,0.01,0,0,0.523119671080825,0.450553596383228,0,0,0.01,3.52662790931799,3.93906545661355,3.61397222109381,3.85172114483774,0,0,0,0,1,1,0,0,0,1,0,0,0,0,0,1,0,1,1,0,0,1,1,0
136,-0.0599999999668488,0.129999999961272,0.0400000010945962,0.0607041607489656,0.00500000175765674,0.0400448705915469,-0.0176912569305224,-0.0859833484754687,0.0437893407528119,0.918232196041912,-1.70148436082385e-06,3.20198772244695e-06,0.396070764928276,0.00188380391764036,-0.0219779550660973,0.0519979889542276,-1.33275793763808e-09,-1.47438883070155e-10,2.09342929561624e-11,0.000106790551815997,2.56121664838672e-09,3.2769526910713e-05,0.00016781697107164,-5.30566756497456e-05,2.86250416831098e-05,2.14594231892741e-05,1.23580602780845e-05,0.00100686322505991,0.00010498015387693,-3.3251150698839e-05,-1.7428264658319e-07,-0.400000549262237,0.399999939227413,0.250000008630349,-0.400001259253206,0.171158600333258,0.250000015489768,0.400000236278237,0.383918407015457,0.187829059781703,0,0,0,0,0.01,0.894661519587189,0.01,0.01,0,0,0.260708589129167,0.339031468316126,0.134580139547623,0,0.01,1.53097936746362,1.36605762466913,0.01,0.01,0,0.01,0,0,0.527679956573211,0.45256003961668,0,0,0.01,3.52522231610082,3.93831945675567,3.61287487653977,3.85066689631673,0,0,0,0,1,1,0,0,0,1,0,0,0,0,0,1,0,1,1,0,0,1,1,0
137,-0.0599999999427815,0.129999999941281,0.0400000011225095,0.0607067351340796,0.00500000163467237,0.0400455186648628,-0.0176874147965924,-0.0859844895322718,0.0437899483718132,0.918227865518272,-1.60042720056979e-06,3.45878264331903e-06,0.39608080440598,0.00188627507688636,-0.0219786949672833,0.0519979903529696,-1.28884366174145e-09,-1.35368490082063e-10,1.89020829168887e-11,0.000125105774806699,2.56989019568627e-09,3.40732296227216e-05,0.000194536241534728,-5.58246295489394e-05,3.03828231936338e-05,-8.36517912283865e-06,-7.26365986672671e-06,0.0011261904875089,0.000123569482376951,-3.55595574886791e-05,5.97139006856972e-08,-0.40000053115189,0.399999944245509,0.25000000779268,-0.400001240792814,0.167301761152065,0.250000014582729,0.400000252229372,0.381578175236945,0.18866167971402,0,0,0,0,0.01,0.89030955157176,0.01,0.01,0,0,0.254342341232868,0.336337981440367,0.138264385017724,0,0.01,1.53166737599865,1.36507960404413,0.01,0.01,0,0.01,0,0,0.529594132036524,0.452811387476037,0,0,0.01,3.52656827332667,3.93810656777854,3.61058096409568,3.85409387700953,0,0,0,0,1,1,0,0,0,1,0,0,0,0,0,1,0,1,1,0,0,1,1,0
138,-0.0599999999439005,0.12999999994405,0.0400000011119431,0.0607085907407506,0.00500000167002677,0.0400462180792954,-0.0176841961160565,-0.0859854573371834,0.0437905340004485,0.918223879557258,-1.75428930210682e-06,3.08124742231384e-06,0.396090044918107,0.00188821411538513,-0.021979279054883,0.0519979890555621,-1.12011256116774e-09,-1.24169933395628e-10,2.07006960622833e-11,9.85054291121627e-05,2.35689814820067e-09,3.25504807719926e-05,0.000157314225100982,-5.10099656515753e-05,2.87478267033811e-05,2.02221480073183e-05,1.17507973029905e-05,0.000960127814460942,9.70784048187213e-05,-3.18221496423321e-05,-1.17089757870362e-07,-0.400000461622271,0.399999948824903,0.250000008535834,-0.40000108770009,0.186022213636464,0.250000011106921,0.400000363323902,0.350811545174939,0.184700979420667,0,0,0,0,0.01,0.849675240540614,0.01,0.01,0,0,0.272703456412855,0.337374176516234,0.140628064423596,0,0.01,1.53076926706824,1.35457960588547,0.01,0.01,0,0.01,0,0,0.542033595054792,0.456011779906542,0,0,0.01,3.5366294620533,3.94718619591575,3.630453792415,3.85336186555404,0,0,0,0,1,1,0,0,0,1,0,0,0,0,0,1,0,1,1,0,0,1,1,0
139,-0.0599999999136472,0.129999999918406,0.0400000015029572,0.0607109417513113,0.00500000159302888,0.0400468572544905,-0.0176806711071188,-0.0859865276213163,0.0437911130520563,0.918219856287433,-1.6099728747104e-06,3.29950855926717e-06,0.39609937161667,0.00189045551770211,-0.0219799692943601,0.0519979839193763,-1.23311696374663e-09,-1.22224569400406e-10,5.77003611933456e-11,0.000113379851215233,2.48973749640074e-09,3.38364079659633e-05,0.000178385220997964,-5.14344886104592e-05,3.00058240988045e-05,-1.36050548760632e-05,-8.95694603908007e-06,0.00104490192801405,0.000111795305424612,-3.24116705554389e-05,1.58422189167877e-07,-0.400000508190446,0.399999949630924,0.250000023772898,-0.40000121635499,0.164195483102856,0.250000015563389,0.400000235861425,0.313405472355872,0.191828801179824,0,0,0,0,0.01,0.877753818620053,0.01,0.01,0.01,0,0.255335932909117,0.346811568475963,0.137278597738121,0,0.01,1.53673289631237,1.37405181551366,0.01,0.01,0,0.01,0,0,0.52496017012389,0.453116570394536,0,0,0.01,3.52254862926649,3.9387763755015,3.61330944198198,3.84801556278601,0,0,0,0,0,1,0,0,0,1,0,0,0,0,0,1,0,1,1,0,0,1,1,0
140,-0.0600000001009607,0.13000000010083,0.0400000008881544,0.0607120974676052,0.00499999970277331,0.0400476285018265,-0.017679113296605,-0.0859871392827892,0.0437917423374696,0.918217633488464,-2.41002491544902e-06,2.40200614764603e-06,0.39610452548315,0.00189146667826904,-0.0219802253147902,0.051997991347936,-1.59946928762145e-11,-2.03313846136364e-13,-3.72626653764842e-12,6.1207522284794e-05,1.75366002408564e-11,3.21569079114516e-05,8.75336042775609e-05,-2.40686513530277e-05,3.10935615038838e-05,-4.03398294021142e-06,1.91516920952902e-05,0.000553280032226257,5.54237260756143e-05,-1.34813526676412e-05,2.46127176590472e-07,-0.400000006588384,0.399999999922432,0.249999998471396,-0.400000012054525,0.220049597962101,0.249999995480384,0.400000003340218,0.268379294763061,0.196600544290026,0,0,0,0,0.01,0.868094350384121,0.01,0.01,0.01,0,0.273589620809914,0.349231654447243,0.134531291314305,0,0.01,1.51988931502709,1.34945074098528,0.01,0.01,0,0.01,0,0,0.531668911297444,0.455041663706948,0,0,0.01,3.51875650692428,3.93277000365319,3.61036477641833,3.84116173415914,0,0,0,0,0,1,0,0,0,1,0,0,0,0,0,1,0,1,1,0,0,1,1,0
141,-0.0600000001172349,0.130000000112629,0.0400000026339626,0.0607109297881797,0.0050000011462025,0.0400484463930396,-0.0176777699564082,-0.0859875538181051,0.0437922038804596,0.918214013227483,-2.51139363274959e-06,3.37871251291418e-07,0.396112917573421,0.0018914634726532,-0.0219804466640123,0.051997985840767,-3.66818401312664e-11,-1.05633457158967e-10,4.11972554873628e-11,8.9750074334887e-07,-5.32371211482137e-12,2.51092909193297e-05,4.7999107288026e-05,-6.13386105939271e-05,1.53029974512629e-05,0.000270046154804321,0.000156664658197361,0.000664383689011774,1.21958618829076e-05,-4.09489377503001e-05,-9.35854885448243e-07,-0.400000015107253,0.364757498412168,0.250000016970023,-0.40000002108735,0.28112997907288,0.250000016207002,0.393373899785968,0.237024731073925,0.214168287118178,0,0,0,0,0.01,0.982386279313115,0.01,0.01,0.01,0,0,0.344628898066467,0.0904726485378431,0,0.01,1.51290261810236,1.32764963782681,0.01,0.01,0,0.01,0,0,0.519225414785181,0.43422516282238,0,0,0.01,3.47525008333491,3.90048603026581,3.57116901705035,3.80456709655036,0,0,0,0,0,1,1,0,0,1,0,0,0,0,0,1,0,1,1,0,0,1,1,0
142,-0.060000000138907,0.130000000127832,0.0400000008125542,0.0607131678705181,0.00500000100569417,0.0400488160621796,-0.0176753496517978,-0.0859886650410068,0.0437929103619469,0.918211543103996,-1.9078214308973e-06,2.66947826180584e-06,0.396118643424802,0.00189306175264836,-0.0219812896079258,0.051997991856433,-9.23738977049482e-11,-2.68228178945813e-10,8.90517567113201e-11,6.92114945734311e-05,-7.98986739098028e-11,3.29426615282787e-05,0.000124673169946767,-3.49230330623141e-05,3.66972354903264e-05,-0.000127862741185963,-7.07020638477706e-05,0.000786275714306477,6.77777792724833e-05,-2.30055596613124e-05,1.80249695168884e-07,-0.400000038082198,0.373150414345897,0.250000036681805,-0.400000042077096,0.27087208834292,0.250000044111219,0.400000040432886,0.248409716117767,0.212893935566647,0,0,0,0,0.01,0.969431812884259,0.01,0.01,0.01,0,0,0.344131309833565,0.107788379216911,0,0.01,1.51705206290382,1.34583441488168,0.01,0.01,0,0.01,0,0,0.515261035217384,0.444531191894905,0,0,0.01,3.48633782841549,3.90904516352597,3.58101336054031,3.81436963140115,0,0,0,0,0,1,1,0,0,1,0,0,0,0,0,1,0,1,1,0,0,1,1,0
143,-0.0600000001437472,0.130000000136826,0.0400000014609424,0.060713877411664,0.00500000096519002,0.0400495187504941,-0.0176736000276772,-0.0859894325714449,0.0437934847456497,0.918208738322772,-2.20578254421191e-06,1.91167363897632e-06,0.396125144860082,0.00189391669602053,-0.0219817232872815,0.0519979901278525,-9.33376821489557e-11,-4.17234809917647e-10,9.3884759063674e-11,4.39634936081733e-05,-1.25747600470397e-10,3.01183442172929e-05,8.94544447596669e-05,-3.95024893372622e-05,2.95578723610231e-05,1.85446594513081e-05,2.969382002652e-05,0.000672132202642819,4.66151027689021e-05,-2.45368282014272e-05,2.98416765678445e-07,-0.40000003867848,0.376428284046755,0.250000038677546,-0.40000010719383,0.268118687753686,0.250000056243073,0.400000112474061,0.245494529769172,0.205679634898293,0,0,0,0,0.01,0.929498213725363,0.01,0.01,0.01,0,0,0.345388199030111,0.124121873624836,0,0.01,1.53208488091291,1.34230162794113,0.01,0.01,0,0.01,0,0,0.546301864504372,0.45890255327359,0,0,0.01,3.49122705315625,3.91081150978376,3.57799369791252,3.8240448650275,0,0,0,0,0,1,1,0,0,1,0,0,0,0,0,1,0,1,1,0,0,1,1,0
144,-0.0599999998956601,0.129999999905096,0.0400000010393823,0.0607139972052739,0.0050000013230255,0.040050237411264,-0.0176729053637253,-0.0859900238131834,0.0437940808296424,0.918206853395564,-2.75681531927135e-06,9.42369448947639e-07,0.396129512782606,0.00189414401939403,-0.0219820104812613,0.0519979917856704,-9.40999038245569e-10,-1.05514341294679e-10,1.74116149042809e-11,1.52668784803924e-05,2.11992951841872e-09,2.85782821119675e-05,4.38865995352899e-05,-2.6545511672702e-05,2.97605744450965e-05,2.31440893388804e-05,4.85103610022424e-05,0.000453787679246661,1.79186725823248e-05,-1.75217142585729e-05,6.48236603953889e-08,-0.400000387808337,0.399999956510052,0.250000007171595,-0.400000928056027,0.17957626148616,0.250000007486023,0.400000474827967,0.30829862891362,0.18710655466079,0,0,0,0,0.01,0.825620905724994,0.01,0.01,0.01,0,0.27275615909226,0.344625757966028,0.16625810917026,0,0.01,1.58283869015979,1.38263858675444,0.01,0.01,0,0.01,0,0,0.581766328775521,0.480845909418829,0,0,0.01,3.51753874571931,3.94198155647279,3.60622441121152,3.85329589098058,0,0,0,0,0,1,0,0,0,1,0,0,0,0,0,1,0,1,1,0,0,1,1,0
145,-0.0600000001198931,0.130000000113516,0.0399999999945923,0.0607136238378401,0.00499999993253461,0.040051033339193,-0.0176739951023953,-0.0859903673868318,0.0437947451378783,0.918206596825508,-3.993673141644e-06,-5.84520632573147e-07,0.396130108839939,0.00189353047720382,-0.0219821115977782,0.0519979968191095,-6.68697666531548e-11,-5.23743862019482e-11,2.09352480121605e-12,-1.90654726415926e-05,1.08449287921087e-10,2.56634442552169e-05,-2.37700236456521e-05,7.85232891533667e-06,3.71679658384097e-05,-6.68059313753488e-05,8.06440243083998e-05,9.64480261046219e-05,-1.89392313249347e-05,-4.87797772627296e-07,-1.25154949059048e-07,-0.400000027558415,0.278434374027775,0.150000000874218,-0.400000043794422,-0.148827483682251,0.150493958756582,0.400000030595832,0.258036027645249,0.19833509119377,0,0,0,0,0.01,0.710335800875594,0.01,0.01,0.01,0,0.238891817638349,0.336083510712948,0.01,0,0.01,0,0,0.01,0.01,0,0.01,0,0.01,0,0.606614382411535,0,0,0.01,3.2086858196191,3.8169968626528,3.39950147283377,3.62618120943813,0,0,0,0,0,1,0,0,0,1,0,1.09513240503384,1,0,0,1,0,1.0818557655879,0,1,0,1,1,0
146,-0.060000000100332,0.130000000106622,0.0405406907086263,0.0607130204927172,0.00500000055038578,0.0400514596366961,-0.0176720857873661,-0.0859904691776859,0.0437952627665699,0.918203369296071,-2.43803083886193e-06,6.24390069335623e-07,0.396137590574779,0.00189385622625969,-0.0219824844517126,0.0519979796907987,4.88482028277241e-11,-3.24487250999694e-10,0.0500000000185616,-8.29003380503168e-07,8.18514722663441e-10,3.29518383637325e-05,4.67298787026652e-05,-5.90429181147754e-05,1.51437170265747e-05,0.000245309131561969,-7.72990594741862e-06,0.000663777531711839,7.25458892821707e-06,-4.0704883626251e-05,-5.08495900502384e-07,-0.399999979856435,0.313956548346707,0.150000007650385,-0.400000323312592,-0.30330744895634,0.150000000216084,0.399999891087479,0.243442692446844,0.177787402717306,0,0,0,0,0.01,0.558090306365323,0.01,0.01,0.01,0,0.261259742049788,0.336678099963563,0.01,0,0.01,0,0,0.01,0.01,0,0.01,0,0.01,0.583691753234891,0.627540248098244,0,0,0.01,3.26998644555372,3.88631461596053,3.4686294540697,3.68767160744455,0,0,0,0,0,1,0,0,0,1,0,1.07593675774334,1,0,0,1,0,1.05725734768633,0,0,0,1,1,0
147,-0.0600000001005027,0.130000000100407,0.0415780433388491,0.0607127530397497,0.0050000006340045,0.040052125810322,-0.0176708687405276,-0.085992559350422,0.0437958189075883,0.918199334836264,-1.90020624866794e-06,4.92398507572737e-09,0.396146941272926,0.00189391196681487,-0.0219837112977254,0.051997994918236,-1.91107210734633e-11,2.03838798355393e-12,0.0499999999988954,-2.55311802883285e-05,1.10601841854337e-10,2.73104405649554e-05,7.99047844085877e-05,-7.07098587128107e-05,4.07168327140746e-05,-0.000155693080031283,-1.58801787727891e-05,0.00101431358317113,2.47674326813252e-06,-4.68160761820395e-05,2.05243672920128e-07,-0.400000007884158,0.400000000864587,0.242023046759988,-0.400000014840656,0.21434187968268,0.249999994902509,0.400000006260751,0.270001047110977,0.197788095815378,0,0,0,0,0.01,0.860827653224695,0.01,0.01,0.01,0,0.268878620011773,0.34119670868208,0.196350598096696,0,0.01,1.59817283974473,1.4306790271077,0.01,0.01,0,0.01,0,0,0.577853035409105,0.486001177907583,0,0,0.01,3.52557435592204,3.966367769283,3.63758453565376,3.85435758955129,0,0,0,0,0,1,0,0,0,1,0,0,0,0,0,1,0,1,1,0,0,1,1,0
148,-0.0599999997957504,0.129999999775411,0.0421137331295497,0.060712638284978,0.00500000207583689,0.0400528720848184,-0.0176728808072266,-0.0859927746085875,0.0437966733606499,0.918200389877339,-4.51023962771662e-06,-1.04768575084679e-06,0.396144494520277,0.00189295010850565,-0.0219838117269568,0.0519979975450905,-1.08281761065479e-09,-1.64621832137107e-10,0.00379999925625449,-2.71323358702167e-05,2.61694698161133e-09,2.60423826576996e-05,-5.64580713927872e-05,2.48094690622264e-05,4.19578437352793e-05,-0.000123907672911406,6.61214015850835e-05,-9.72026040235307e-05,-3.42159547748241e-05,7.24062239333858e-06,2.02613226354098e-08,-0.400000442280089,0.400000008021916,0.249999957263064,-0.400001101590977,0.169771329721869,0.250000005699015,0.400000561947739,0.335255688346414,0.187818448801889,0,0,0,0,0.01,0.825371107338433,0.01,0.01,0,0,0.265785012634556,0.329928772306993,0.227382245079713,0,0.01,1.64220681451644,1.46674203110848,0.01,0.01,0,0.01,0,0,0.604616602284392,0.49632404332782,0,0,0.01,3.5455263589794,3.98948099313138,3.62288945742575,3.91211789468503,0,0,0,0,1,1,0,0,0,1,0,0,0,0,0,1,0,1,1,0,0,1,1,0
149,-0.0599999998965197,0.129999999917169,0.0417254235107086,0.0607126269865863,0.00500000067190838,0.0400532507595553,-0.0176717021287481,-0.0859924827442371,0.0437972402257223,0.9181988032909,-3.03018863832017e-06,8.26590055363874e-07,0.396148173243021,0.00189327478429208,-0.0219839637116163,0.051997973825145,1.67398358866615e-10,4.50282776542033e-10,-0.0424000015723066,3.34818284697801e-06,1.20000137475317e-09,3.78167325114747e-05,1.90698134492061e-05,-1.98040565416092e-05,2.29776898072543e-05,0.000113568198541888,-9.52917087019393e-05,0.000348176456909415,1.85396031003038e-06,-1.58966962510224e-05,6.5496759049265e-07,-0.39999993098841,0.289683195669938,0.169062395020373,-0.400000367762616,-0.31891259205498,0.150000000758869,0.4000000268498,0.330769700454538,0.188800914395731,0,0,0,0,0.01,0.576388022590156,0.01,0.01,0,0.888896759056876,0.226347658557837,0.312351791714079,0.01,0,0.01,0,0,0.01,0.01,0,0.01,0,0.01,0,0.622918121878556,0,0,0.01,3.27802694302493,3.90863554019888,3.48707269899562,3.6995897842282,0,0,0,0,1,0,0,0,0,1,0,1.09562383886029,1,0,0,1,0,1.06599597705462,0,1,0,1,1,0
150,-0.060000000157936,0.130000000135789,0.0414181137090289,0.0604610020407537,0.00500000136028223,0.0400549537483261,-0.0165892094026691,-0.0872212418617223,0.0441226148749755,0.917402843750109,-2.05897108038201e-06,-1.86169275267549e-06,0.397988024395734,0.00172198464697337,-0.0221943255960095,0.0519979615913706,-1.49794277238577e-10,-2.97205089375798e-10,0.0114000483802545,-0.0197117258793582,-1.86087152995655e-08,-1.43535734996138e-05,0.0749999998903641,-0.0750000001892845,0.0290062662029261,0.00170553213212338,0.00242180938738504,0.42378702663613,-0.0120145087054056,-0.0229298028335155,3.26836818120592e-05,-0.400000061720267,0.285748211331973,0.150000005103862,-0.317953818459807,-0.0549374678496989,0.155574443254007,0.315236051403433,0.317440127736555,0.200417858206311,0,0,0,0,0.01,0.726573688915123,0.01,0.01,0.01,0,0,0.375136640434753,0.01,0,0.01,0,0,0.01,0.01,0,0.01,0,0.01,0,0.581130245289076,0,0,0.01,3.18272502425686,3.83573236131092,3.40190720417394,3.61655018139384,0,0,0,0,0,1,1,0,0,1,0,1.11596078453715,1,0,0,1,0,1.08625491533553,0,1,0,1,1,0
151,-0.0600000001100475,0.130000000106162,0.0421582843718523,0.0602107914755911,0.0050000005815368,0.0400547128497941,-0.0156783772129148,-0.0881670345019374,0.044274203607356,0.914876008164596,-1.83795875976128e-06,2.54579765945214e-06,0.40376296966449,0.00172763599386319,-0.0228464357834821,0.0519976178686756,-5.31768598235552e-11,-8.11193276036314e-11,0.0500000000069449,-0.00906640569258493,-6.69248382624412e-09,-0.000152320365991643,0.0366669280662037,-0.0373258574630729,-5.5731689592644e-05,-5.04318233647019e-05,0.00130867171229193,0.589137846535464,0.00267163252167499,-0.0308668082766225,-9.75852786875891e-05,-0.400000021907554,0.365464700650915,0.217349940128538,-0.400000025589125,0.0870119583597378,0.237931705350939,0.399999997192941,0.100442959372414,0.149999999009158,0,0,0,0,0.01,0.911824313509657,0.01,0.01,0.01,0,0,0,0.0740934644039278,0,0.01,0,0,0.01,0.01,0,0.01,0,0.01,0.75135655158306,0.394595769941028,0,0,0.01,3.41615860441976,3.93082080444744,3.5555804547264,3.79139895414079,0,0,0,0,0,1.04728589930776,1,1,0,1,0,1,1,0,0,1,0,1.02216590376104,0,0,0,1,1,0
152,-0.0600000001261663,0.130000000114263,0.0431800618938311,0.0600617986000677,0.00500000183338861,0.040055901182487,-0.0150231391171766,-0.0888033287380749,0.0442749876535455,0.912799264419891,-1.84216623935619e-06,4.33584987596473e-07,0.408436385012804,0.00179003660347159,-0.023375636788355,0.0519979765834638,-1.55185995983306e-10,-2.3685055725848e-10,0.0500000000174639,-0.00584793157208856,4.87024310636185e-10,7.98272891340013e-05,0.0286955915797456,-0.0270379284753549,6.61812913882942e-05,-0.000113055140108828,-0.000348885851173362,0.437451790193006,0.00332119070044066,-0.0225721133904758,3.44196741853388e-05,-0.40000006396195,0.369026183576795,0.208975500699325,-0.400000098629458,0.0627131684564043,0.236516126908906,0.400000003266724,0.148471917069777,0.149999996742813,0,0,0,0,0.01,0.877632218556688,0.01,0.01,0.01,0,0,0,0.0877338421446986,0,0.01,1.25936727381807,0,0.01,0.01,0,0.01,0,0.01,0.792612290118594,0.410860126140676,0,0,0.01,3.43407134056424,3.93626296547642,3.58640757271347,3.78392673332718,0,0,0,0,0,1.07268025393895,1,1,0,1,0,0,1,0,0,1,0,1,0,0,0,1,1,0
153,-0.0599999997065077,0.129999999769852,0.0437157519497165,0.0599722349059756,0.00500000215668336,0.0400559979409654,-0.0145336418430233,-0.0892539385561856,0.0442755656788476,0.911299303460368,-1.85355932582556e-06,1.84232785541903e-06,0.411772295846059,0.00185497972536094,-0.0237530035463196,0.0519978698740081,-1.34861858680619e-09,1.50719981962667e-10,0.00380000371926899,-0.00339667608863043,3.48073577041721e-09,7.0215023734256e-07,0.0203255008311695,-0.018326866656322,2.25123507075972e-05,-2.69915771287084e-05,0.000134310134258816,0.298779185810537,0.00297182139424687,-0.0153933231663248,-9.80167425265355e-06,-0.400000555792643,0.400000062119164,0.238083218296259,-0.400001327564782,-0.0879236722481949,0.239016693829726,0.399999995980095,0.139279466640009,0.149999991116367,0,0,0,0,0.01,0.734841827667901,0.01,0.01,0.01,0,0,0,0.121472452147653,0,0.01,1.29735229780822,1.33493985632419,0.01,0.01,0,0.01,0,0.01,0.812550453873425,0.423303290069014,0,0,0.01,3.49809833977127,3.98832689885715,3.63953560136774,3.84688963726068,0,0,0,0,0,1.06185092547734,1,1,0,1,0,0,0,0,0,1,0,1,0,0,0,1,1,0
154,-0.0599999996944869,0.129999999761308,0.0433960090406613,0.0599033270557882,0.0050000021108613,0.0400568594432421,-0.0143121161061176,-0.0894786819638908,0.0442757140330271,0.910544782387302,-9.99478465859962e-07,-1.10996280326581e-06,0.413438099784694,0.00186431807032717,-0.0239417186681215,0.0519978676271652,-1.35366691087369e-09,3.23196449271825e-10,-0.0355774148507056,-0.0020917408111822,3.91837713237819e-09,3.69283990934951e-05,0.00301638686870466,-0.00388468194604925,1.17439284209018e-05,0.000117616565031376,-0.000177175099899643,0.0636075031404247,-0.000693271249797961,-0.00326522395822161,-1.19227621713081e-06,-0.400000557883059,0.4000001331019,0.250000004463563,-0.400001341581243,-0.0810406310844978,0.240251280218907,0.399999830735766,0.0899833319278718,0.149999994543991,0,0,0,0,0.01,0.733819529035174,0.01,0.01,0.01,0,0,0,0.140825073570976,0,0.01,1.31805690548267,1.37261296939128,0.01,0.01,0,0.01,0,0.01,0.816854648970522,0.442056398473107,0,0,0.01,3.50364258807406,3.99002128102315,3.63617603168011,3.8574878374171,0,0,0,0,0,1.05643445435481,1,1,0,1,0,0,0,0,0,1,0,1,0,0,0,1,1,0
155,-0.060000000116056,0.130000000106411,0.0426858817647405,0.0598966296272417,0.00500000199988231,0.0400571838272423,-0.0142958628325925,-0.0894950431150754,0.0442761854002767,0.910488268009772,-1.08804571254065e-06,2.04690614150012e-07,0.413562544911234,0.00186405967544819,-0.0239554950412898,0.0519978495615037,-1.703230460137e-10,-2.6364467482177e-10,-0.0354360132246768,-3.94987818251749e-05,5.32853346857804e-10,3.83370499137446e-05,9.42161642466747e-05,-7.57005197180068e-05,4.01769866098529e-05,-0.000113114934660793,-4.79694064709847e-05,0.00124635649721587,2.82277621577326e-06,-5.21277819758006e-05,1.45787152720538e-05,-0.400000070195361,0.307007858669891,0.250000004341566,-0.400000152507387,0.0795032086514581,0.236696532412615,0.40000005811922,0.227033267976474,0.149999995657236,0,0,0,0,0.01,0.874209007788161,0.01,0.01,0.01,0.738990193118081,0,0,0.140253677148674,0,0.01,1.31672647211611,1.40819787566299,0.01,0.01,0,0.01,0,0.01,0.800471255012636,0.458962776919549,0,0,0.01,3.42532913648921,3.92614269504093,3.56617283026178,3.78529900126836,0,0,0,0,0,0,1,1,0,1,0,0,0,0,0,1,0,1.02378043229727,0,0,0,1,1,0
156,-0.0600000000992885,0.130000000098195,0.0420087322197948,0.0598960100492648,0.00500000159641645,0.0400577813531297,-0.0142941441110721,-0.0894967826116588,0.0442764927676136,0.910483303606406,-8.25490193177058e-07,-3.51461590605123e-07,0.413573474218839,0.00186406621641216,-0.023956732451833,0.051997861107982,-6.45879789063636e-11,-9.34372404105607e-11,-0.0322946480573442,-2.76049378469791e-05,1.34466163105482e-10,2.50625232405769e-05,8.76609430047021e-05,-8.49419068978582e-05,1.93238083275883e-05,-2.03426097166084e-05,1.6069730180804e-05,0.0011816163503392,2.46224999165401e-06,-6.0790203202236e-05,1.19940747654409e-07,-0.400000026628437,0.304124975846398,0.250000001513745,-0.400000071303295,0.121296519510506,0.234459167055283,0.382922484648682,0.179608012196636,0.250000004788917,0,0,0,0,0.01,0.910328434737278,0.01,0.01,0.01,0.984508779082455,0.284018143513714,0,0.124336630338811,0,0.01,1.3276771971173,1.40004457597445,0.01,0.01,0,0.01,0,0.01,0.771431857875925,0.409147466055301,0,0,0.01,3.39379970888443,3.90834215244996,3.53743718673951,3.76470467459488,0,0,0,0,0,0,0,1,0,1,0,0,0,0,0,1,0,1.04553993915401,0,0,0,1,1,0
157,-0.0600000001039506,0.1300000001016,0.0413633139302299,0.0598822397583107,0.00500000022879953,0.0400583632914808,-0.0142670862064527,-0.0895314643849222,0.0442747381036025,0.910376704040395,3.65982820854276e-06,-3.42155313735073e-06,0.41380807371361,0.0018610247661453,-0.0239846100397307,0.0519974752950485,-3.53578272911481e-12,5.74576359309969e-12,-0.0322474174269621,-0.00127174922518708,4.99387924489745e-10,-2.28613196852449e-06,0.00240710702141904,-0.00271350287569126,-7.87542616029901e-05,0.000254798384122713,0.000175170400582447,0.0445256769886549,-0.000256930320854017,-0.00227661002211341,-3.11995563555707e-05,-0.400000001443593,0.364245605072394,0.158252299477767,-0.400000009241113,-0.325830227373916,0.149999999923666,0.399999998623162,0.221687550533865,0.250000000346994,0,0,0,0,0.01,0.544966201820365,0.01,0.01,0.01,0.913521157851167,0.315708061668178,0,0.01,0,0.01,0,0,0.01,0.01,0,0.01,0,0.01,0,0.581662858168724,0,0,0.01,3.27783173447289,3.91325478097796,3.48702840748307,3.70405810796778,0,0,0,0,0,0,0,1,0,1,0,1.0921847337762,1,0,0,1,0,1.05744386391813,0,1,0,1,1,0
158,-0.0600000001596612,0.130000000133156,0.0412590557749545,0.0595732503858025,0.00500000026835864,0.0400601729563152,-0.0131306845690694,-0.0907540794383765,0.0439869873914585,0.909474490808631,3.29576909859547e-06,-4.95459605179437e-06,0.415787259782518,0.00164726117663651,-0.0242105108279167,0.0519975476146968,-1.80424638399747e-10,-3.3243730417844e-10,0.0215526104420466,-0.0256253809417972,-1.50036614899461e-08,-7.77919141635865e-05,0.0749999998892276,-0.0750000002258135,-0.0259534938347006,-0.00374324419993667,0.00371564565235367,0.409648919052866,-0.0173286798880846,-0.0218222892108829,0.000150398890486095,-0.400000074356995,0.309416044348611,0.150000005709114,-0.323584061796641,-0.0746246997869669,0.155330869546239,0.348384794334068,0.368412142689222,0.250000005790786,0,0,0,0,0.01,0.72516159698192,0.01,0.01,0,1.00080647890004,0.299207814984506,0,0.01,0,0.01,0,0,0.01,0.01,0,0.01,0,0.01,0,0.566797104139695,0,0,0.01,3.18072673170542,3.85398055031123,3.41439393137713,3.6203133506395,0,0,0,0,1,0,0,1,0,1,0,1.19877845048704,1,0,0,1,0,1.1155874384026,0,1,0,1,1,0
159,-0.0600000012762175,0.130000000725117,0.0421355796376421,0.0590344503811629,0.00499999946147416,0.0400605953299606,-0.0116846291280198,-0.0922982100331123,0.0435389424865351,0.906628717470633,4.61126648790527e-06,-4.48094996205649e-06,0.421956755937893,0.00140768842580345,-0.0249072790287697,0.0519973751649645,-3.508014545085e-09,-5.3286332544136e-09,0.0500000001747222,-0.0298858009894502,-3.18580664410537e-09,-1.08851518788852e-05,0.0745139134667598,-0.0749999987891713,-0.0168011192124473,-0.0014227100553925,0.00150769890262509,0.914443968450119,-0.00974942895496318,-0.0471271778546229,6.41374260291258e-05,-0.400001445727097,0.397643338193725,0.150000072014612,-0.393325583473849,-0.178954756357677,0.152347143141716,0.350097302644077,0.400000500794659,0.250000194422236,0,0,0,0,0.01,0.712420153892002,0.01,0.01,0,0.906094801709433,0.291060017501589,0,0.01,0,0.01,0,0,0.01,0.01,0,0.01,0,0.01,0,0.516555437370143,0,0,0.01,3.21909888109311,3.89168708632881,3.4546823176989,3.65610364972303,0,0,0,0,1,0,0,1,0,1,0,1.13850059175943,1,0,0,1,0,1.04604085091856,0,1,0,1,1,0
160,-0.0600000000886846,0.130000000091847,0.0431887465106542,0.0583869660799162,0.00500000093269878,0.0400611432883024,-0.0103287187092029,-0.0936981516766469,0.0434444424465108,0.90181000489067,4.02018523645538e-06,-3.45701197950498e-06,0.43216026273481,0.00127450258855097,-0.0260587901458413,0.051997403444415,-1.80370921527775e-11,2.51973640711663e-11,0.0499999999992886,-0.0362462606759026,-8.0401412456961e-10,7.64270085914568e-06,0.0700369584670984,-0.0720189335721535,-6.14265161836085e-05,8.66404846698487e-05,0.00018686956222573,1.2785587390676,-0.00652476934427203,-0.0650898002396674,-1.4014455493188e-05,-0.400000007437082,0.400000010382979,0.149999999706804,-0.400000054944099,-0.336253063475298,0.150000000281673,0.357097353071625,0.400000014337384,0.250000002026864,0,0,0,0,0.01,0.662735627743836,0.01,0.01,0,0.833163479774566,0.303504098224414,0,0.01,0.01,0.01,0,0,0.01,0.01,0,0.01,0,0,0.601796723042119,0.383703105823195,0,0.668492539792073,0.01,3.26504446931885,3.94242782097844,3.51445592030829,3.69301636998901,0,0,0,0,1,0,0,1,0,0,0,1.07106978352768,1,0,0,1,0,1,1,0,0,1,0,0
161,-0.0600000000839489,0.13000000008719,0.0442086946034687,0.0572522846173114,0.0049999997252009,0.0400987806133397,-0.0100000004072975,-0.0946598255010652,0.0433813292610906,0.897668455301946,9.65099739455082e-06,-9.42317848710418e-06,0.440698987532295,0.000735820955346016,-0.0271346642607302,0.0519974272276598,-9.73512959653285e-11,-9.16260298080333e-11,0.0500000000027368,-0.0635234492060457,-1.00724279612922e-09,-6.19957571245171e-05,3.94330538865358e-06,-0.0424315088406701,0.000422554080786921,-0.00393135122627173,0.00480814246288318,0.761553376633883,-0.0450461807512132,-0.0384247020064361,0.000231797908846533,-0.400000040128333,0.386263904316439,0.150000001128028,-0.308449523463195,-0.191772842135358,0.16140822682743,0.400000035946228,0.399999996566921,0.249999999043649,0,0,0,0,0.01,0.700773690612158,0.01,0.01,0,0.755650851803792,0.490669054206277,0,0.01,0.01,0.01,0,0,0.01,0.01,0,0.01,0,0.01,0,0.444967270728531,0,0.785627658585779,0.01,3.24333762594358,3.8990421752876,3.4717050834717,3.67067471775948,0,0,0,0,1,0,0,1.16917000682181,0,0,0,1.07240065758785,1,0,0,1,0,1.00209964900449,0,1,0,1,0,0
162,-0.0600000000710516,0.130000000077552,0.0452439441208476,0.0560234761507976,0.00499999949948941,0.0400990722517067,-0.0100000000255146,-0.09545129748416,0.0433815391921626,0.894435157993187,4.23145408681911e-06,-6.7215979205203e-06,0.447225074089135,-0.000134117120288275,-0.0278656138418543,0.0519974723376289,3.73270807974239e-12,7.05277903750357e-11,0.0499999999995335,-0.0589302626153552,-2.33576228844173e-09,1.68542540891211e-05,2.16928144256601e-09,-0.0381521475258046,-2.43482343691593e-06,-0.000295125046077056,0.00016650836127417,0.700070620847015,-0.041635597410981,-0.0352854400574049,6.40284095753031e-06,-0.399999998451412,0.400000029064721,0.149999999801645,-0.268167994415354,-0.145598371330809,0.161415904743013,0.4000000747621,0.400000003511257,0.250000010024989,0,0,0,0,0.01,0.68453997578933,0.01,0.01,0.0568028858491676,0,0,0.549912034920695,0.01,0.01,0.01,0,0,0.01,0.01,0,0.01,0,0.01,0,0.433937278857346,0,0,0.01,3.19252994445282,3.84006806530034,3.41254135374645,3.62005665600671,0,0,0,0,0,1,1,0,0,0,0,1.07017108808226,1,0,0,1,0,1.04909827116206,0,1,0,1,1,0
163,-0.0600000000735446,0.130000000079552,0.0462595811705359,0.0548263887415844,0.00499999969386305,0.0400997596465265,-0.0100000000198825,-0.0962087283618967,0.0433835957596364,0.891254710698822,-2.09400191767538e-06,-3.23119167773825e-06,0.453530383574654,-0.000975594374285242,-0.0285728725313647,0.0519979920554592,4.11973312763044e-11,4.38235438849616e-11,0.0500000000043798,-0.0610437826476953,1.4178944990801e-09,5.36129379682672e-05,-5.26031623372624e-10,-0.0378749751986926,0.000205998400435697,-0.00176977805478753,-6.23956423779235e-05,0.716169695699593,-0.0427129969899059,-0.0356575711201924,6.75403380890285e-05,-0.39999998300838,0.40000001806456,0.196533867568679,-0.343929311755989,-0.0468961273897994,0.23289439074417,0.400000039291781,0.399999999693332,0.244096009583283,0,0,0,0,0.01,0.778279698517008,0.01,0.01,0.073899631330036,0,0,0,0.0758172533671636,0.01,0.01,0,1.12652255338192,0.01,0.0514112217978215,0,0.01,0,0.01,0.54732623865334,0.243327789185154,0,0,0.01,3.34350583548256,3.86648986342503,3.49295824278896,3.71703745611862,0,0,0,0,0,1,1,1,0,0,0,1,0,0,0,1,0,1,0,0,0,1,1,0
164,-0.0599999994534462,0.129999999599031,0.0470818117915411,0.0539542967573887,0.00500000292591038,0.0401005577832379,-0.00999999999472084,-0.0967522684520983,0.0433837946669974,0.88891792936042,-7.81265826191773e-07,-4.82040019361688e-06,0.458093681003391,-0.00158563468862874,-0.029085977575371,0.0519979125145716,-9.33369882269353e-10,7.77384641017699e-10,0.032311461987551,-0.027177365871383,9.86935519389264e-09,4.19761373818463e-05,-1.52483819028001e-09,-0.0159679356563392,2.91528212087997e-05,-8.32641881056132e-05,-0.000206236841645248,0.313964302295959,-0.0188426858098795,-0.0153444125218873,-1.13286904705353e-06,-0.400000384700877,0.400000320367585,0.198777633114549,-0.400002099168524,-0.166374676935435,0.236569740808067,0.40000051865797,0.399999699480061,0.150000005404531,0,0,0,0,0.01,0.709819181718061,0.01,0.01,0.01,0,0,0,0.0894709253690133,0.01,0.01,0,1.18998359323817,0.01,0.0290281306848872,0,0.01,0,0.01,0.57785979649468,0.289724632350142,0,0,0.01,3.40237486937044,3.88467798316998,3.53202493078499,3.75502792175543,0,0,0,0,0,1,1,1,0,0,0,1,0,0,0,1,0,1,0,0,0,1,1,0
165,-0.0599999984806927,0.129999998939905,0.0475954586325968,0.0535972956601674,0.00500000333105821,0.0401011088411712,-0.0100000006416894,-0.0969678555433146,0.0433840956349849,0.887964527760947,-3.41598722296505e-07,-4.63857464603107e-06,0.459939045702093,-0.0018334970392829,-0.0292914158679134,0.0519978667215774,-2.08705441457085e-09,-3.92999127743641e-10,0.0191191262453026,-0.00871124584667246,8.5458613085196e-09,2.44507746062533e-05,4.30940874841881e-09,-0.00564690816880183,-8.41436192375791e-06,0.000307844179432227,0.00010167051035695,0.103452678707478,-0.00609683792750916,-0.00528611186049315,-9.23674831473481e-06,-0.400000852629693,0.399999840697145,0.19932066433405,-0.400004119955785,-0.0393361685709114,0.235589435655114,0.400001195250806,0.399999083292755,0.150000027111211,0,0,0,0,0.01,0.805539129148638,0.01,0.01,0.01,0,0,0,0.096976338689676,0.01,0.01,1.08314006481677,1.21044223214093,0.01,0.018146437952429,0,0.01,0,0.01,0.609575285108631,0.313806776211694,0,0,0.01,3.35849890388719,3.841870553154,3.5066662951229,3.69370316191829,0,0,0,0,0,1,1,1,0,0,0,0,0,0,0,1,0,1,0,0,0,1,1,0
166,-0.059999999585198,0.129999999695615,0.0475135316790098,0.0535811207950683,0.00500000207435205,0.0401013557543026,-0.00999999963051515,-0.0969811510961049,0.0433853980958916,0.887914205239218,-3.1742926383158e-06,6.5703754130752e-07,0.460036187870778,-0.00184562745693652,-0.0293037776240676,0.0519979148060303,-6.74082520963205e-10,-1.29762039773155e-10,-0.0270807358112733,9.1273578452447e-06,4.30514913282878e-09,3.85997341483985e-05,1.59233199457985e-09,8.18571204578777e-05,6.85012160504187e-05,-0.000686489430557214,-0.00037948050766841,2.04536801028381e-05,-4.27352827288355e-06,4.5993894594965e-05,-1.69272816264166e-06,-0.400000277802271,0.399999946534427,0.234345059849532,-0.400001748481974,-0.134508545789187,0.237392871440079,0.40000070163515,0.399999092882564,0.149999987151208,0,0,0,0,0.01,0.711038819885938,0.01,0.01,0.01,0,0,0,0.124092199104977,0.01,0.01,1.14576817988304,1.27004541443057,0.01,0.01,0,0.01,0,0.01,0.618946460634554,0.325379514471909,0,0,0.01,3.39415331207455,3.86773003058235,3.51466554761108,3.74721779504582,0,0,0,0,0,1,1,1,0,0,0,0,0,0,0,1,0,1,0,0,0,1,1,0
167,-0.059999998277296,0.129999998706011,0.0466905630593172,0.0535816572806958,0.00500000430814578,0.0401021595781759,-0.010000001749942,-0.0969805344342178,0.0433860939113825,0.887913801489494,-3.53915632515905e-06,5.57459376415347e-07,0.460036964490389,-0.00184541506458984,-0.0293034810217217,0.0519979380707072,-1.66949102695649e-09,-2.9709010346542e-10,-0.0499999998730054,3.61719469249797e-05,1.09276387013781e-08,3.65019109997829e-05,1.78643393062974e-09,1.70122519145973e-05,2.3283082681343e-05,0.000105530711334565,4.57361291923372e-05,8.5882202669784e-05,1.52019262615037e-05,6.30164630791435e-06,-2.30957277876869e-06,-0.400000684746134,0.399999874091797,0.250000052378236,-0.400004024334448,-0.0499673687095242,0.234475628698683,0.400000722011729,0.39999988634369,0.149999953983454,0,0,0,0,0.01,0.79157021955823,0.01,0.01,0.01,0,0,0,0.130141291364964,0.01,0.01,0,1.30144912923284,0.01,0.0123041175155234,0,0.01,0,0.01,0.595311539785199,0.304007276415039,0,0,0.01,3.37618235259201,3.86733427599679,3.49282654200442,3.75069008658438,0,0,0,0,0,1,1,1,0,0,0,1,0,0,0,1,0,1.01844855711483,0,0,0,1,1,0
168,-0.0600000000562203,0.130000000067353,0.0460502578599831,0.0535573676656362,0.00500000057710815,0.0401032103599265,-0.0100000000188428,-0.0969902594496825,0.0433858449695655,0.887857353068915,-6.77083109438823e-07,-4.14468611208438e-06,0.460145901637008,-0.0018609658613235,-0.0293133313573956,0.0519978684372736,-4.41935539296445e-11,1.27190857798242e-12,-0.0142094575228788,-0.00082144451818815,2.50914588010215e-10,2.75669836129451e-05,1.02555683306691e-10,-0.000516765507856038,1.76991006524105e-05,4.93830844215729e-05,6.05984417292098e-05,0.00924723843479826,-0.000563613235294331,-0.000475127675762521,1.27023441157114e-06,-0.400000018217143,0.400000000489998,0.238052312868703,-0.400000097029942,-0.0649728399551616,0.235544733965173,0.400000018020283,0.400000001022548,0.240747478538125,0,0,0,0,0.01,0.779003317983752,0.01,0.01,0,0,0.411779584802915,0.526946177684076,0.161639698782309,0.01,0.01,0,1.32236822627723,0.01,0.0354328518809971,0,0.01,0,0.01,0.602074967105275,0.299398955799566,0,0,0.01,3.38369160091729,3.88414041154243,3.50902180254477,3.75881020991494,0,0,0,0,1,1,0,0,0,0,0,1,0,0,0,1,0,1.0075650895674,0,0,0,1,1,0
169,-0.0600000000908823,0.130000000093126,0.0459404136770595,0.0535564445572113,0.00500000044507435,0.040103714530498,-0.00999999998333023,-0.0969925201562618,0.0433869541567999,0.88785323415211,-2.56949743937602e-06,-2.3146195427339e-06,0.460153849102608,-0.00186196255023908,-0.0293150699295653,0.0519979885422685,-3.69113271547441e-11,1.03337715149168e-11,0.00313829928574227,-7.00358100735921e-05,-3.85854651582466e-12,2.82758521658422e-05,8.71880412445172e-11,-3.95204578645886e-05,4.66723681683463e-05,-0.000265311744745236,-0.000157668818325055,0.000658854261594058,-4.93780719159353e-05,-3.58791688104629e-05,-3.00932994294048e-06,-0.400000015203782,0.40000000426811,0.234147084263291,-0.400000038176895,-0.174612833338839,0.235857654240215,0.40000000043022,0.400000004489759,0.249999999989743,0,0,0,0,0.01,0.688036595778172,0.01,0.01,0,0.776406130460319,0.524522303371857,0,0.191448878139116,0.01,0.01,0,1.3422554841619,0.01,0.0245104708321249,0,0.01,0,0.01,0.60185182750078,0.278499195574552,0,0,0.01,3.43543305930064,3.92763954682035,3.55881448646059,3.8042581196604,0,0,0,0,1,0,0,1.17928811710245,0,0,0,1,0,0,0,1,0,1,0,0,0,1,1,0
170,-0.0600000001859606,0.130000000153743,0.0460395239557858,0.0535339129227855,0.00499999857221584,0.0401042620935968,-0.0100000000350015,-0.0970037195936134,0.0433848757507083,0.887798551183897,4.32174800122982e-06,-6.84529630379943e-06,0.460259342965611,-0.00187693298299269,-0.0293260081879485,0.0519974651121087,-9.87844413569282e-11,-4.59299489955324e-10,0.00675464689169919,-0.00112491836924517,-3.11605514726881e-10,1.63914714797768e-05,3.04099365745632e-10,-0.000685362247196182,-5.69083106410896e-05,0.000244763021822027,5.84845740835155e-05,0.0126185017651416,-0.000777447918958434,-0.000641123365713314,-1.38765631961722e-05,-0.400000040703508,0.314338417921666,0.224604869221436,-0.345087363556716,0.107725776455922,0.233715796684329,0.400000155630189,0.393042208785344,0.249999992622097,0,0,0,0,0.01,0.859813005215676,0.01,0.01,0,0,0.542329861930335,0,0.156227704877456,0.01,0.01,0,1.33596963935083,0.01,0.0457523602085634,0,0.01,0,0.01,0.590941878930145,0.260398394008841,0,0,0.01,3.37584528898247,3.89433021349914,3.52012709596415,3.75004840651746,0,0,0,0,1,1,0,1.26197931009129,0,0,0,1,0,0,0,1,0,1.04730057797487,0,0,0,1,1,0
171,-0.0599999992870283,0.12999999952472,0.046233375125109,0.0535343810238493,0.00500000208664343,0.0401046472181142,-0.00999999926418428,-0.097006165192747,0.0433845065671215,0.887796255409135,3.40271755678969e-06,-4.95986331127206e-06,0.460263771944591,-0.00187734294073709,-0.0293277686376196,0.051997471282006,-6.38724418516022e-10,-1.07654109719597e-09,0.0126012308424826,-4.43668681780047e-05,4.05910455960529e-09,2.78322763458738e-05,2.52225348726165e-09,-1.67812059665596e-06,1.77757493500684e-05,-0.000769924528262055,-0.000312375311938982,0.000361214938174285,-3.63490057213778e-05,-5.32256572441101e-07,1.64608761526212e-06,-0.400000264159621,0.399999549159584,0.227967265846563,-0.400002082967098,-0.0862960279565563,0.241486778449079,0.400000937220311,0.399998829940982,0.250000116023632,0,0,0,0,0.01,0.760786683489463,0.01,0.01,0,0.988479416123799,0.380846876015003,0,0.21363973740839,0.01,0.01,0,1.37688724979809,0.01,0.0579140743459377,0.414472988559543,0.01,0,0.01,0.608883000496419,0,0,0.883973718795147,0.01,3.43513493458861,3.95380074085613,3.56131507649282,3.82762059895191,0,0,0,0,1,0,0,1,0,0,0,1,0,0,0,0,0,1,0,0,1,1,0,0
172,-0.0600000000948007,0.130000000096708,0.046424777498399,0.0534710119900957,0.00500000046427024,0.0401054117007476,-0.0099999999814341,-0.0970433820359943,0.0433836538267013,0.887630867330429,4.46644795059772e-06,-6.69460311894806e-06,0.460582646716158,-0.00192073096004245,-0.0293627811424197,0.0519974647881776,-7.06615740467956e-12,5.98786361941354e-12,0.00656917149381493,-0.00583588195736499,1.51683564560642e-10,2.44252664763003e-05,-4.6984495613823e-11,-0.00352732246045005,-2.12980761861483e-05,-0.000149498095946296,2.91405567183911e-05,0.0673594735609342,-0.00404415164812158,-0.00334906661962329,1.5255800871487e-06,-0.40000000290824,0.400000002480694,0.228054814465268,-0.400000017241353,-0.128447002869644,0.236205522504581,0.400000003394552,0.399999998947703,0.250000001267377,0,0,0,0,0.01,0.752406561685346,0.01,0.01,0,0.992287413799022,0.369789427731775,0,0.201412936759697,0.01,0.01,0,1.38157583000332,0.01,0.0774170581590593,0.410657197861495,0.01,0,0.01,0.575002090756356,0,0,0.903762410678748,0.01,3.44803930875287,3.97132625359305,3.57424569109423,3.84511987125171,0,0,0,0,1,0,0,1,0,0,0,1,0,0,0,0,0,1.02024991560924,0,0,1,1,0,0
173,-0.059999999760896,0.12999999984463,0.0465098544235283,0.053353690745871,0.00500000143892529,0.0401059491928854,-0.0100000003812744,-0.0971130429321926,0.0433830803092761,0.887319806251657,4.43210677008614e-06,-6.71091367270599e-06,0.461181628380785,-0.00200202841925344,-0.0294295833322716,0.0519974635681802,-9.78852518146055e-10,7.1761029767304e-12,0.00196156328622368,-0.00582382148515107,1.51583633449023e-09,2.91930149739587e-05,6.13963989037063e-10,-0.00362605406107091,-3.93335619858253e-05,0.000163350482565932,1.70108489749618e-05,0.0679650391196372,-0.00405166224840924,-0.00342644318755398,-9.12608634653571e-07,-0.400000403410018,0.400000002900395,0.233444765598112,-0.400001079839154,-0.166236996753496,0.2366092208286,0.400000096640269,0.399999780069676,0.249999944715364,0,0,0,0,0.01,0.720647738811796,0.01,0.01,0,0.98499797088435,0.372462640203018,0,0.198143749293669,0.01,0.01,0,1.37782126439203,0.01,0.0741127871574542,0.413867788713655,0.01,0,0.01,0.578732780055125,0,0,0.902220083007807,0.01,3.45390740204686,3.97475138787898,3.57914206722651,3.84951672269932,0,0,0,0,1,0,0,1,0,0,0,1,0,0,0,0,0,1.01549360967837,0,0,1,1,0,0
174,-0.0599999994481169,0.129999999656779,0.0465313106426541,0.053231919690919,0.00500000211689927,0.0401064907294571,-0.00999999964534437,-0.09718680168184,0.0433825026566634,0.886994506647559,4.43016312549715e-06,-6.72516310009567e-06,0.461806973623122,-0.00208643228443627,-0.029499783288788,0.051997464791747,-9.48705032273868e-10,6.63110619301423e-10,0.00019289670201275,-0.00634105817746222,5.57989389948436e-09,2.67965359746225e-05,8.09720229912714e-10,-0.00381777005468464,-2.83892719788814e-05,-6.99759747373968e-06,-3.64316466427632e-07,0.0733031474973154,-0.0043915384124588,-0.00364170877623355,1.01836059022278e-07,-0.400000383499612,0.400000277215295,0.231943893776156,-0.400002183378085,-0.10807910143743,0.239346512752384,0.400000355850683,0.399999866513408,0.250000165469362,0,0,0,0,0.01,0.779109101833087,0.01,0.01,0,0.994381982508446,0.374356827409579,0,0.201559193554636,0.01,0.01,0,1.37190188292566,0.01,0.0828720334930566,0.407649569671986,0.01,0,0.01,0.568572787056941,0,0,0.898543905964702,0.01,3.43643426623769,3.96299330538918,3.56351018906688,3.83591738256,0,0,0,0,1,0,0,1,0,0,0,1,0,0,0,0,0,1.01777311597938,0,0,1,1,0,0
175,-0.0599999997789394,0.12999999985473,0.0465212189358804,0.0531008106248653,0.00500000140900319,0.0401070256537128,-0.0100000003807315,-0.097265831041274,0.0433819265102153,0.886644054032043,4.43294250788126e-06,-6.71775750085936e-06,0.462479469529168,-0.00217723111032798,-0.0295751932066938,0.0519974647226866,-9.98358503302164e-10,1.0341799092928e-11,-0.00119512077764076,-0.00680646445429091,2.0871435235627e-09,2.69075185459529e-05,2.31468153803959e-10,-0.0041032019381133,-2.91714217182742e-05,4.90089825656712e-06,3.08756477540657e-07,0.078761261977154,-0.00471259943029452,-0.00391687581738232,-2.63868369728885e-08,-0.400000411636079,0.400000004229766,0.235356977493214,-0.400001089822262,-0.169048025375655,0.237183167455221,0.400000086453153,0.39999978124644,0.249999948119704,0,0,0,0,0.01,0.719424710601639,0.01,0.01,0,0.983901503805909,0.372453439628647,0,0.194988585908213,0.01,0.01,0,1.36813410204061,0.01,0.0758808580230125,0.41422966746743,0.01,0,0.01,0.576611004185663,0,0,0.897871211142919,0.01,3.44791290959305,3.96888131291729,3.5727132993713,3.84408092313904,0,0,0,0,1,0,0,1,0,0,0,1,0,0,0,0,0,1.01152141968229,0,0,1,1,0,0
176,-0.0599999997295821,0.129999999826612,0.0464973523957656,0.0529580663382602,0.00500000125376541,0.0401075619937964,-0.0100000003454631,-0.0973516656748899,0.043381350186521,0.886261950158746,4.43245395782014e-06,-6.71066398729824e-06,0.463211288013588,-0.00227601067319744,-0.0296572334519582,0.0519974647593772,-2.07579186833963e-10,3.58365869777911e-10,-0.00119154950950091,-0.0075018962000693,2.46298988521442e-09,2.68087533058217e-05,5.50357879281237e-10,-0.00450406839150275,-2.88653561236094e-05,-3.90718864872009e-07,1.93299592976386e-07,0.086764719034995,-0.0051892408370387,-0.00430928415955435,4.9098188933947e-10,-0.400000085537039,0.400000147733914,0.239486989145051,-0.400000902394515,-0.154115686820738,0.240309516174024,0.400000223960598,0.39999992427548,0.249999999928798,0,0,0,0,0.01,0.739478015340149,0.01,0.01,0,0.98188809156171,0.379856066470629,0,0.218319769318561,0,0.01,0,1.36023804785382,0.01,0.0649424918681092,0.395726344720588,0.01,0,0.01,0.571685575042124,0,0,0.871469575980805,0.01,3.43746325607107,3.96155736755346,3.55568532138801,3.84333530223651,0,0,0,0,1,0,0,1,0,1,0,1,0,0,0,0,0,1,0,0,1,1,0,0
177,-0.0599999992127721,0.129999999465428,0.046519614116375,0.0527943748851749,0.0050000024721835,0.0401081009739427,-0.0100000004339828,-0.0974498977740689,0.043380767954111,0.8858229419129,4.43666057817112e-06,-6.69811881856218e-06,0.464050278917085,-0.00238919294721561,-0.0297512801744249,0.0519974648450926,-5.39480824720007e-10,-2.44403537872265e-10,0.00339477852052999,-0.00891670304752699,4.52943059246017e-09,2.66908713350739e-05,1.27033446992816e-10,-0.00532385338597492,-2.81057808569849e-05,-1.64572471553735e-05,-1.31275710928944e-06,0.103060523652037,-0.0061607588418863,-0.00510867800743637,9.13664253508138e-08,-0.400000224131753,0.399999889205268,0.229418393620451,-0.400001960225866,-0.135874790994985,0.24121524346076,0.40000006436389,0.399999901248109,0.249999975626299,0,0,0,0,0.01,0.759092852988319,0.01,0.01,0,0.834646966109154,0.541509514791672,0,0.217886377096197,0.01,0.01,0,1.38689362309246,0.01,0.0773737518291,0,0.01,0,0.01,0.591302095221599,0.279961888257388,0,0,0.01,3.44512816139741,3.97294974173954,3.59241619173457,3.82566171140238,0,0,0,0,1,0,0,1.10922813092977,0,0,0,1,0,0,0,1,0,1.00472214684975,0,0,0,1,1,0
178,-0.0600000000915966,0.130000000094398,0.0465925652976142,0.0526448436123229,0.00500000047052868,0.0401086607602587,-0.00999999998982058,-0.0975395465260245,0.0433801755278201,0.885421316355003,4.46657014192237e-06,-6.82532615617068e-06,0.464816138870703,-0.00249258272990388,-0.02983727254992,0.0519974647327307,-9.14459831485067e-12,9.12210446332176e-12,0.00389782770688953,-0.00613286369671464,2.33473345041977e-10,2.90341017723613e-05,-1.07003861038178e-10,-0.00363009350329123,-2.85712891399763e-05,1.27631860775512e-06,-2.02476815940581e-05,0.070575519876074,-0.00423084116617949,-0.00349061137300264,6.61109106144036e-07,-0.400000003777117,0.400000003761757,0.227480314596193,-0.400000023425314,-0.169719347449404,0.237589677786695,0.399999998990788,0.400000003839774,0.250000000006557,0,0,0,0,0.01,0.717862976115016,0.01,0.01,0,0.837394762745854,0.528965121213273,0,0.230103764392505,0.01,0.01,0,1.41768422437761,0.01,0.0689619930913634,0,0.01,0,0.01,0.612450506974114,0.286957337407177,0,0,0.01,3.45982968970331,3.9907243168585,3.60780579178101,3.84274821478079,0,0,0,0,1,0,0,1.13735695716622,0,0,0,1,0,0,0,1,0,1.01393888710383,0,0,0,1,1,0
179,-0.0599999982653345,0.129999998734572,0.0466398069083334,0.0525080839905761,0.00500000367854321,0.0401091861023481,-0.0100000006090375,-0.0976205274587438,0.0433796062091717,0.885055120598803,4.43886923898475e-06,-6.69336153880672e-06,0.465513034647258,-0.00258684825808642,-0.0299151232241782,0.0519974646413321,-5.86320476876825e-09,-4.36671462146178e-09,0.000841590142682577,-0.00753962844433551,9.52535022592113e-09,2.54255061565472e-05,1.74640256998236e-09,-0.00452306646772395,-3.03465997987e-05,1.02006848009129e-05,1.88214721272691e-05,0.0871953137735279,-0.00520556322758021,-0.00433848730659824,-7.45796439545041e-07,-0.400002429445357,0.372503239107569,0.228070894340838,-0.400004583040948,-0.033814393116197,0.240112563595442,0.400000748496188,0.399999329605415,0.249999926429438,0,0,0,0,0.01,0.832137181760597,0.01,0.01,0,0.848456163752806,0.544007211242801,0,0.231747125892761,0.01,0.01,0,1.39364320202011,0.01,0.0857276265630106,0,0.01,0,0.01,0,0.278710428103203,0,0,0.01,3.44661457319236,3.99093159903919,3.60124333024569,3.83630284198587,0,0,0,0,1,0,0,1.136078747398,0,0,0,1,0,0,0,1,0,1.01173476513537,0,1,0,1,1,0
180,-0.0599999991426427,0.129999999449665,0.0467613134134283,0.0523402862536617,0.00500000247510486,0.0401097211064221,-0.0100000000620802,-0.0977201493458889,0.0433790276234005,0.884604076641524,4.43051625793463e-06,-6.68264876300937e-06,0.466369580343808,-0.00270254733651113,-0.0300110506774066,0.0519974647572843,-7.23567178496841e-10,-5.25686521975852e-10,0.0112570026621903,-0.00926124878559351,4.2841969991913e-09,2.67425140887208e-05,5.29189697781721e-11,-0.00548343643575704,-2.88518737270344e-05,-3.40868662178291e-06,5.9499218054547e-07,0.106835209483137,-0.00638210146830329,-0.00528809787684939,3.95662185278853e-09,-0.400000298053516,0.399999783453497,0.224355194673174,-0.400002072842497,-0.13704487108315,0.241769534586434,0.400000024899154,0.399999796623134,0.24999996915979,0,0,0,0,0.01,0.756170234471707,0.01,0.01,0,0.854130919434479,0.543733555282701,0,0.237112636714407,0.01,0.01,0,1.40247386139239,0.01,0.0961672847337952,0,0.01,0,0.01,0,0.26857299361126,0,0,0.01,3.48022696839698,4.02035347429539,3.63426842525136,3.86631201744101,0,0,0,0,1,0,0,1.11712075724166,0,0,0,1,0,0,0,1,0,1.00375417369002,0,1,0,1,1,0
181,-0.0599999996549196,0.129999999787073,0.0469895851602764,0.0521354536140517,0.00500000145094023,0.0401102570019629,-0.0100000003110029,-0.0978412423911764,0.0433784468205622,0.88405240178578,4.43261112637149e-06,-6.67089080921318e-06,0.467414501059987,-0.00284363172493952,-0.0301279830435882,0.0519974647607721,-5.19627905281874e-10,-9.5175948142945e-12,0.0115686192368535,-0.0112722122546301,2.12478741297424e-09,2.68459460443282e-05,-2.57832605121572e-10,-0.00664869672527873,-2.90420893061602e-05,-1.33169381321965e-06,2.37774456648996e-08,0.130028882968126,-0.00775954919641847,-0.00642966274014754,2.82492478165551e-09,-0.400000214135335,0.399999996055099,0.217870556121924,-0.400001033634685,-0.192369077022461,0.235097003769294,0.399999889419058,0.400000000483504,0.249999991479674,0,0,0,0,0.01,0.709267163929042,0.01,0.01,0,0.862324010397589,0.537778004002495,0,0.221788641019319,0.01,0.01,1.19430742701578,0,0.01,0.108258031396042,0,0.01,0,0,0.554097560013336,0.255786269173304,0,0,0.01,3.48694389681095,4.02938704728737,3.66613791021775,3.85019303388056,0,0,0,0,1,0,0,1.11995034293036,0,0,0,0,1,0,0,1,0,1,1,0,0,1,1,0
182,-0.0599999996767137,0.129999999803406,0.0469098788056725,0.0521106883399981,0.00500000140431822,0.0401104119513585,-0.0100000003444253,-0.097866011686584,0.0433778176431688,0.88397050361991,3.29424008844798e-06,-2.33714550038449e-06,0.467569368517986,-0.00286230105063796,-0.0301497947216105,0.0519973553295501,-4.09482913418475e-10,9.19416271322282e-11,-0.0193844788286844,1.34665868857495e-05,2.67193889655981e-09,3.4732781399081e-05,-3.38274497727134e-12,4.16432657477121e-05,4.97957064548932e-05,-0.00105000641371596,0.000137069404744662,5.23830324773067e-05,1.76110669876201e-05,5.0590410367251e-05,3.3160049166132e-05,-0.400000168654749,0.400000038285839,0.242583393597331,-0.400001005892969,-0.183825423307896,0.242726613814808,0.399999903552027,0.40000004152685,0.249999993696383,0,0,0,0,0.01,0.709302304139717,0.01,0.01,0,0.862506459623529,0.542812712212431,0,0.25694334808397,0.01,0.01,1.22464377837024,1.45127048375974,0.01,0.100303102149121,0,0.01,0,0.01,0,0.291759721122021,0,0,0.01,3.50348724990679,4.03357849351617,3.65679482319267,3.88027092023029,0,0,0,0,1,0,0,1.18074891176698,0,0,0,0,0,0,0,1,0,1.02958628218194,0,1,0,1,1,0
183,-0.0600000000778713,0.130000000085442,0.0461613248148188,0.0520943954628131,0.0050000009853486,0.0401117224775257,-0.00999999999666297,-0.09786680405615,0.0433770344309692,0.883940656334486,3.63866470353674e-06,-6.65830018715994e-06,0.467625792820425,-0.00287175073811953,-0.030152527525331,0.0519974649071893,-7.17926244260688e-11,-3.18948084951064e-11,-0.0500000000006145,-0.000150763342774297,2.82519018004685e-12,1.43667495234743e-05,1.20572550647216e-10,-0.000110322304370146,-4.09199487182151e-05,-1.16472064721885e-05,2.09764041579922e-05,0.00147848964960918,-0.000100704877422053,-9.1605563478419e-05,-1.25235591521889e-05,-0.40000002959883,0.367725283873039,0.249999999746915,-0.400000055385036,-0.0452639677628233,0.241964603851888,0.400000007529727,0.399999999809023,0.249999999570247,0,0,0,0,0.01,0.825398911608055,0.01,0.01,0,0.895919063974667,0.555485960949032,0,0.254880350524325,0.01,0.01,1.21663080204664,1.47088431568448,0.01,0.133381121813875,0,0.01,0,0.01,0,0.276672459879229,0,0,0.01,3.47436159559463,4.02522298367776,3.63182763498517,3.86775694428721,0,0,0,0,1,0,0,1.20478666527516,0,0,0,0,0,0,0,1,0,1.06880204072921,0,1,0,1,1,0
184,-0.0599999997168863,0.129999999815861,0.0451498257067123,0.0520910326452325,0.00500000146932443,0.0401122987739443,-0.0100000001448436,-0.0978688683853807,0.0433764677145966,0.883933303735638,3.45334893979483e-06,-6.72709742260837e-06,0.46763969097483,-0.00287394897704187,-0.0301543207952792,0.051997465070136,-3.74793185350763e-10,-1.38375994262678e-10,-0.0500000000394465,-0.000168135925160041,2.27914463836371e-09,2.81114384971032e-05,5.95189564998449e-10,-0.00010443675373235,-3.04515231421322e-05,1.63450322445804e-05,7.61216211297296e-06,0.00157805531053688,-0.000109468100270488,-9.05252574150956e-05,-4.13228145777669e-07,-0.400000153991697,0.399999932284883,0.249999983808448,-0.400001066530204,-0.146287495498879,0.242497285114589,0.400000242952803,0.399999726725724,0.25000002551612,0,0,0,0,0.01,0.749177458724393,0.01,0.01,0,1.06103942822275,0.374058506185533,0,0.264408330940202,0.01,0.01,1.25506570373761,1.52569812143049,0.01,0.164562899794121,0,0.01,0,0.01,0,0.26687658785772,0,0,0.01,3.49187879614467,4.05537469156424,3.65726987040874,3.88998361730018,0,0,0,0,1,0,0,1,0,0,0,0,0,0,0,1,0,1.11962034353007,0,1,0,1,1,0
185,-0.0599999995364836,0.129999999726221,0.0441475460955311,0.0520932830890021,0.00500000153239716,0.0401126126415649,-0.0100000004153207,-0.0978703926686413,0.0433760849043803,0.883934400418317,3.13646735917076e-06,-3.59692201359241e-06,0.467637617697048,-0.00287335356578719,-0.0301553893727549,0.051997465397849,-3.88512907886902e-10,-4.86706260489902e-10,-0.0499999997381349,5.97485655568789e-07,1.88265003393469e-09,3.98947588439675e-05,7.46290491214348e-10,2.48746483139228e-05,2.43477211388047e-05,-0.000772252027456086,-0.000351569244717384,9.48769276574389e-05,-1.50237080308041e-05,1.6842518702062e-05,9.00213446395085e-06,-0.400000160106895,0.399999799417012,0.250000107908246,-0.40000115368035,-0.14402733258394,0.241571090679238,0.400000227694119,0.399999581606422,0.249999903019866,0,0,0,0,0.01,0.752723523392564,0.01,0.01,0,1.08659388526664,0.388757118969638,0,0.264105373184637,0.01,0.01,1.26756042154665,1.53831161998656,0.01,0.184218117203417,0.331826874552617,0.01,0,0.01,0,0.229904610775436,0,0,0.01,3.50737858965599,4.07469761723891,3.69519517748059,3.88688102941431,0,0,0,0,1,0,0,1,0,0,0,0,0,0,0,0,0,1.12858827186024,0,1,0,1,1,0
186,-0.0600000000773104,0.130000000085746,0.0432001890419909,0.0520929106680616,0.0050000001787556,0.0401133380024753,-0.00999999996237162,-0.0978706303336159,0.0433755393188221,0.883933056275962,2.30452166711408e-06,-4.09365132192413e-06,0.467640158795821,-0.00287365913432225,-0.0301556225862581,0.0519974633770908,-7.99314536782805e-11,-3.82295679511134e-11,-0.0447619096944938,-1.20960983799657e-05,7.89588929852806e-11,3.33942297652537e-05,6.61308645906984e-11,-1.95281556444516e-05,-3.62719006436951e-05,8.45855814511641e-05,3.23399407147678e-05,0.000278582531726207,-1.06266504943065e-05,-1.80583811917628e-05,-9.82147347661879e-07,-0.400000032955633,0.380760268141342,0.249999999311372,-0.400000066072638,-0.0204217667948294,0.240563558378847,0.400000021440262,0.399999984589312,0.250000003859267,0,0,0,0,0.01,0.850708739364628,0.01,0.01,0.01,1.11568499350277,0.391083084474773,0,0.241847004911024,0.01,0.01,1.25370608727509,1.53210431134312,0.01,0.203362238126486,0.313694529504476,0.01,0,0.01,0,0.209472900047543,0,0,0.01,3.46680353233929,4.04418554340125,3.66253388880722,3.84845518693331,0,0,0,0,0,0,0,1,0,0,0,0,0,0,0,0,0,1.15986874372835,0,1,0,1,1,0
187,-0.0600000000801211,0.130000000087287,0.042349826012328,0.0520895244793746,0.0050000005105023,0.0401141968244863,-0.00999999996971269,-0.0978709435423686,0.0433748180755349,0.883927703741323,2.50453149104219e-06,-6.01515528748025e-06,0.467650275990998,-0.00287533913394393,-0.0301560769108121,0.0519974638978913,-7.33273261759422e-11,-3.63595301599471e-11,-0.0402967157931307,-9.47213075271274e-05,2.12574745424316e-10,2.54998048054697e-05,-3.62161645185061e-11,-7.10463305810086e-05,-5.90711425333304e-05,0.000407077773614478,0.000206190224938809,0.000883722090869591,-5.28300047627962e-05,-5.94552178045202e-05,-5.70180115747314e-06,-0.400000030227803,0.385941781806149,0.249999999447256,-0.400000057241794,-0.0126011528394391,0.237046623776198,0.40000001847605,0.399999985842663,0.250000003737469,0,0,0,0,0.01,0.848993288866014,0.01,0.01,0.01,1.12696439493837,0.385639316122362,0,0.222464631508225,0.01,0.01,1.26224119501686,1.53401976817772,0.01,0.194767080073618,0.311208423485038,0.01,0,0.01,0,0.211772848719914,0,0,0.01,3.44920793036938,4.0207463023618,3.65942598891999,3.8105282438112,0,0,0,0,0,0,0,1,0,0,0,0,0,0,0,0,0,1.17383081796397,0,1,0,1,1,0
188,-0.0599999992302372,0.129999999523949,0.0415207083068912,0.0520899441736802,0.00500000249705033,0.0401146573382346,-0.00999999986161933,-0.0978718483753838,0.0433742815192291,0.88392695164273,2.82416663439881e-06,-4.43214312414022e-06,0.467651697459755,-0.00287541395092226,-0.0301567934571321,0.0519974661310552,-7.07113205587983e-10,-4.46130807753433e-10,-0.0426034926629256,-2.42906298681319e-05,4.03523957591155e-09,3.5218075958742e-05,8.17853059409083e-10,-8.0280493930667e-07,-1.92902961236779e-06,-0.000395329627699844,-0.00017968711256922,0.000261997186301763,-2.29498790251916e-05,-4.89723133344867e-06,4.53911037688812e-06,-0.400000291425665,0.399999816085764,0.249999977905636,-0.400002082138112,-0.0794277486553983,0.239795936292786,0.400000304282208,0.399999538019377,0.250000087512396,0,0,0,0,0.01,0.806351464763579,0.01,0.01,0.01,1.10465256242384,0.405300005583764,0,0.221244626343473,0.01,0.01,0,1.50813452182327,0.01,0.163119691222024,0.286756971127851,0.01,0,0.01,0,0,0,1.09691770064208,0.01,3.44858167918071,4.01104896644932,3.5977507801249,3.86187986550513,0,0,0,0,0,0,0,1,0,0,0,1,0,0,0,0,0,1.07919432145852,0,1,1,1,0,0
189,-0.0600000000733472,0.130000000082824,0.0412093290470966,0.0519690384212457,0.00500000091895091,0.0401155099551555,-0.00999999998487968,-0.0979416133407604,0.0433732917062237,0.883605322150096,4.45703961896613e-06,-6.58728263470322e-06,0.468259120327594,-0.00295780424408256,-0.030223730744216,0.0519974679222468,-3.60588644066107e-11,1.6355854262413e-11,0.0111965312109011,-0.0115847889605629,2.67624520595893e-10,2.09601097796711e-05,-7.37236855510611e-12,-0.00679527826459657,-2.38523738021602e-05,-0.000189018164808529,5.90413267724697e-05,0.133196937604915,-0.0079609019874353,-0.00657703865836699,-5.2441106560191e-07,-0.400000014855166,0.400000006756355,0.250000000563837,-0.400000065809672,0.013077336668529,0.241377883867387,0.400000017571986,0.399999997871266,0.250000004031899,0,0,0,0,0.01,0.895472433232887,0.01,0.01,0,1.1329560364618,0.405292562309609,0,0.202375861777706,0.01,0.01,0,1.48861862853792,0.01,0.191858623681168,0.278339647898291,0.01,0,0.01,0,0,0,0,0.01,3.40784125017435,3.98498634423968,3.58093590391321,3.81189169050082,0,0,0,0,1,0,0,1,0,0,0,1,0,0,0,0,0,1.10181242219108,0,1,1,1,1,0
190,-0.0599999997253083,0.129999999838823,0.0417896172229249,0.0516939424465868,0.0050000015295501,0.0401160571607778,-0.00999999996325732,-0.0981009065872078,0.0433726879352054,0.882864625101893,4.42282174041079e-06,-6.61362554572879e-06,0.469654165924922,-0.00314674557822126,-0.0303791443007728,0.0519974636722922,-6.01038296473224e-10,-8.28261831736545e-11,0.0466549895002719,-0.0158097766870574,1.09906417397319e-09,3.1031685594056e-05,9.38531222389209e-10,-0.00942811047745704,-4.70418905280687e-05,0.000255894266399147,2.40091795546429e-05,0.183179460611103,-0.0108802123033321,-0.00911924384231205,-1.84065146714031e-06,-0.400000247699469,0.399999965814912,0.241132636784576,-0.40000119293842,-0.111482358764373,0.24321551497111,0.40000006749687,0.399999759825433,0.250000017724633,0,0,0,0,0.01,0.801636829507211,0.01,0.01,0,1.12469918472847,0.416735670173502,0,0.199870291126844,0.01,0.01,0,1.49834937642817,0.01,0.205599062676887,0.276573308270195,0.01,0,0.01,0,0,0,1.12154624470721,0.01,3.42840146718664,4.0000254940407,3.60327001543001,3.82515694579733,0,0,0,0,1,0,0,1,0,0,0,1,0,0,0,0,0,1.08917492928378,0,1,1,1,0,0
191,-0.0599999996348351,0.129999999777627,0.0427985173047305,0.0513425413527216,0.00500000173617375,0.0401166004279667,-0.00999999992350442,-0.0983050941749537,0.0433721008964592,0.881913134119627,4.42189345485992e-06,-6.62990807353759e-06,0.471438464979662,-0.0033877674334218,-0.030578361117499,0.0519974645392258,-8.927497353661e-10,-2.69061130192654e-10,0.0499999999872844,-0.0192854563081474,2.23238356664015e-09,2.78033880929056e-05,1.95374974390114e-10,-0.0112027490840218,-3.24472247826907e-05,4.7510224500792e-05,2.89280696951197e-06,0.222016582998714,-0.0132172158065933,-0.0109404659840758,-2.41814886048152e-07,-0.400000367913916,0.399999889118209,0.230273320791937,-0.400001389927493,-0.120174656062738,0.240302333153741,0.400000039498379,0.39999966537698,0.250000016035501,0,0,0,0,0.01,0.785642883133973,0.01,0.01,0,1.15670314059823,0.415406884080477,0,0.185011277293889,0,0.01,0,0,0.01,0.221738583003553,0.269600617944004,0.01,0,0.01,0,0,0,0,0.01,3.41247681568987,3.99878766052491,3.59041238003425,3.82085209618052,0,0,0,0,1,0,0,1,0,1,0,1,1,0,0,0,0,1.17875613954206,0,1,1,1,1,0
192,-0.0599999992683207,0.129999999331269,0.0438232797928131,0.0505587575557423,0.0050000005325686,0.0401222044194516,-0.00999999733880765,-0.0987697643576601,0.0433422050908711,0.879926079302527,4.4231193160448e-06,-6.60382242645388e-06,0.475137025276373,-0.00393050619376391,-0.0310012945125233,0.0519974660821921,1.0250858505434e-09,-7.34237976737929e-10,0.0500000001707954,-0.0593084388251691,4.59690973100092e-09,-4.31049801520198e-05,-9.53447567809931e-10,-0.0334617313542715,-0.00241538458270445,-0.000480068636798497,0.000287960455998882,0.633206668447539,-0.0415262640249558,-0.0307901987231172,-6.55411774910781e-05,-0.399999599742622,0.399999705804719,0.217280053535416,-0.208268746029262,0.094045944051201,0.239990434920254,0.400000801887697,0.39999918572274,0.250000238660945,0,0,0,0,0.01,0.71430497386714,0.01,0.01,0,1.18302965355828,0.410990109480927,0,0.154882425682523,0.01,0.01,0,0,0.01,0.300034524673786,0.248214704792736,0.01,0,0.01,0,0,0,0,0.01,3.35288120997759,3.95243013415116,3.5178250769218,3.78748626720695,0,0,0,0,1,0,0,1,0,0,0,1,1,0,0,0,0,1.16903723651131,0,1,1,1,1,0
193,-0.0599999989997941,0.129999999166983,0.0448282682841178,0.0495814297378536,0.0050000006226418,0.0401232017642966,-0.00999999156840329,-0.0993225595872791,0.0433382235579337,0.877264847757001,5.07780687285649e-06,-7.64433127897481e-06,0.480032954787206,-0.0045977561873345,-0.0315481611145928,0.0519974557977164,4.21817764586263e-09,-2.06135305705538e-09,0.0500000002194214,-0.0398426915269016,-1.19829809130614e-08,5.97126113352218e-05,-2.35855912121343e-08,-0.0224967294057436,-0.0001447677957772,0.00115831339743373,-4.97292052338737e-05,0.455934853885727,-0.0270690649676867,-0.0223908705150703,-2.07206294659492e-05,-0.399998350552701,0.399999139909426,0.203956099779397,-0.242431418256358,0.095432957444323,0.244092841664594,0.399990613530609,0.399999500802704,0.250000278619475,0,0,0,0,0.01,0.731493228252639,0.01,0.01,0,0,0.407402676626296,0,0.146731023548884,0.01,0.01,1.15154134397277,0,0.01,0.320456453571868,0.255834490816667,0.01,0,0.01,0,0.107889928518354,0,0,0.01,3.37545363412896,3.95555134242898,3.58049589829194,3.75050907826599,0,0,0,0,1,1,0,1,0,0,0,0,1,0,0,0,0,1.21343303138146,0,1,0,1,1,0
194,-0.0599999989197351,0.129999999380914,0.0453639583547625,0.0493442412110548,0.00500000076992969,0.0401236411981518,-0.0100000007600637,-0.0994521464556523,0.0433382857261126,0.876611334749522,1.65330637267944e-06,-2.94539237519425e-08,0.481225356132422,-0.00476012796977371,-0.0316798924587671,0.0519974355117564,1.53349377324217e-09,6.34220642775144e-10,0.00380000393441174,0.000213534758664833,9.84480793590083e-10,0.000233831196452153,2.38382263164525e-09,0.000121043454593014,-6.81959140580152e-06,0.000795534946987373,-0.00116496416431157,-0.000635350714727445,4.1499324731777e-07,-7.60584054085101e-06,7.66901715261889e-05,-0.399999354413443,0.400000255728073,0.230117780669226,-0.364688716409749,0.0690498607179175,0.242038234397274,0.400001722467475,0.399999748972812,0.250000233409607,0,0,0,0,0.01,0.849326980799039,0.01,0.01,0,1.20639179002001,0.424119747196473,0,0.168404633038078,0.01,0.01,0,1.46211849471798,0.01,0.280281178609353,0.229060505600263,0.01,0,0.01,0,0,0,0,0.01,3.36947028947946,3.92873530171953,3.53787333671775,3.76033225448124,0,0,0,0,1,0,0,1,0,0,0,1,0,0,0,0,0,1.19343379161669,0,1,1,1,1,0
195,-0.0599999990707767,0.129999999362764,0.0454784762297612,0.049326509232585,0.0050000015739408,0.0401251116885163,-0.0100000004500206,-0.0994553329556068,0.0433370960564037,0.876574083519354,3.80804745879169e-06,-6.93338632225695e-06,0.481293206818627,-0.00477044625830337,-0.0316839544647838,0.0519974643696494,1.61354903200531e-09,6.93768824320964e-10,0.00763261317175949,-0.000197593921324483,2.6715967874086e-09,2.62016558770389e-05,3.59906302645535e-09,-0.000152955335031203,-4.20546107781636e-05,0.000173005274182609,0.000109520374287168,0.00200728358915121,-0.000130729726177197,-0.000128904796471542,-1.91688526285118e-06,-0.399999334486878,0.400000283775035,0.226388477482421,-0.388946896063373,0.0341105958262207,0.241510020677728,0.400001439739027,0.399999856268763,0.249999932305666,0,0,0,0,0.01,0.858438903393852,0.01,0.01,0,0,0.59223961619222,0,0.172172373730268,0.01,0.01,1.22091861740542,1.51937234138775,0.01,0.30820591547419,0.237029055010136,0.01,0,0.01,0,0.109316397200753,0,0,0.01,3.38277020512649,3.94841681436494,3.57408440851063,3.75710261098079,0,0,0,0,1,1,0,1.16966783347798,0,0,0,0,0,0,0,0,0,1.22520664463418,0,1,0,1,1,0
196,-0.0599999991213436,0.129999999401139,0.0451668184849343,0.0493469583490876,0.00500000113282978,0.0401293525388738,-0.009999999413496,-0.0994517536991643,0.0433371394691355,0.876596791881276,-2.12291448696119e-07,9.09280550828131e-07,0.481251846910438,-0.00476297538011052,-0.0316797190356255,0.0519974654252064,1.65039287526969e-09,2.99951083948246e-10,-0.0385673891385293,0.000233902256290036,2.1897996028032e-09,0.000123108085518816,3.9683959956143e-09,0.000132364433485572,-4.07958299095263e-05,5.95583350176945e-05,-2.99295120141556e-05,-0.000493804659953566,7.86490312799826e-05,0.000104976663270985,2.46389194520669e-06,-0.399999319764231,0.400000123593451,0.250000033761329,-0.378177795348476,0.0744761878626553,0.240334945118699,0.400001661005014,0.39999946089541,0.250000252106378,0,0,0,0,0.01,0.880819505119461,0.01,0.01,0,1.17698729138359,0.407520961680603,0,0.168428008310693,0.01,0.01,1.2387462127117,1.53648471103009,0.01,0.323616544611073,0.230495735987083,0.01,0,0.01,0,0.107941172613299,0,0,0.01,3.35904537661864,3.92694424460551,3.54355097824616,3.74243864297798,0,0,0,0,1,0,0,1,0,0,0,0,0,0,0,0,0,1.24577510894978,0,1,0,1.01342522125619,1,0
197,-0.0599999988534143,0.129999999162466,0.044243744595194,0.0493499166982158,0.00500000206567614,0.0401310252315057,-0.0100000004125557,-0.0994493820725071,0.0433363412467895,0.876598343635764,-1.16113874849898e-08,6.43336268433338e-07,0.481249018896766,-0.0047617509758309,-0.0316779666276512,0.0519974635894258,1.94533855248137e-09,9.68180985571319e-10,-0.0500000000105279,0.000167159316889745,3.24241126042512e-09,8.06010614304008e-05,4.95292507650127e-09,0.000100282243011502,-4.60404241377956e-05,0.000110120339753983,6.40465228060033e-05,-0.000357980264661234,6.54643748250896e-05,7.47164961662377e-05,-1.84298995393265e-06,-0.399999200681017,0.400000400743874,0.249999992949257,-0.399319126532506,0.0443944668651301,0.243278585765872,0.400002053402447,0.39999955925403,0.25000027455891,0,0,0,0,0.01,0.8939269146102,0.01,0.01,0,1.21387744020472,0.425408222306044,0,0.189603952445429,0,0.01,0,1.51164078413101,0.01,0.294746957721738,0.206252932258949,0.01,0,0.01,0,0,0,0,0.01,3.35980909703196,3.9279265313927,3.48092611294523,3.80680951547942,0,0,0,0,1,0,0,1,0,1,0,1,0,0,0,0,0,1.18331071680314,0,1,1,1,1,0
198,-0.0599999993387542,0.129999999584258,0.0436897083601444,0.0493441285786472,0.00500000230890014,0.040132512195173,-0.00999999961344239,-0.0994484111130748,0.0433351055579512,0.876589306704368,2.10746474805472e-06,-5.60304492938036e-06,0.481265481361518,-0.0047641811858669,-0.0316772692780502,0.0519974696803006,-2.1402704557262e-09,-1.85447422160213e-09,-0.00562548248608449,-5.53560545522889e-05,3.5687869589279e-09,3.23092102489857e-05,3.85304276353959e-10,-6.51360680024854e-05,-7.90725217610125e-05,0.000660110021321048,0.00027516424452122,0.000565178539693092,-2.9434279579506e-05,-5.78926460246207e-05,-7.58529211137985e-06,-0.400000882050058,0.384153506155936,0.250000088128431,-0.400002139952078,-0.0764457061569574,0.245304133946471,0.400000232306709,0.399999439846135,0.250000055545661,0,0,0,0,0.01,0.801514392499972,0.01,0.01,0.01,1.23180017656989,0.44281404670477,0,0.259534740102478,0.01,0.01,0,1.61876624202401,0.01,0.309039461472737,0.191659901715843,0.01,0,0.01,0,0,0,1.26322260100851,0.01,3.37832364007078,3.96536133385614,3.54825543192735,3.79542954199956,0,0,0,0,0,0,0,1,0,0,0,1,0,0,0,0,0,1.18156269468077,0,1,1,1,0,0
199,-0.0599999994978002,0.129999999694481,0.0440880978959857,0.0491945642259786,0.0050000018916864,0.0401332313558984,-0.0100000002990813,-0.0995278463992406,0.0433341169696666,0.876187062062573,4.47384590287919e-06,-6.53691847543887e-06,0.481997420048965,-0.00486446497020369,-0.0317570979861573,0.0519974649899024,-2.83339671924519e-09,-2.17066410434002e-09,0.0452102762679386,-0.0141603115672143,3.96863975250855e-09,2.51670999900201e-05,9.72369073263816e-10,-0.00783528471098532,-1.50714315175826e-05,-0.000239312844430642,4.36770486789296e-05,0.160694254880296,-0.00957626185651552,-0.00783863121483538,5.0854207315437e-06,-0.400001167743576,0.398438042633062,0.214013425732804,-0.400001701816076,-0.110706422401328,0.248058524644323,0.400000398247433,0.143837210631418,0.149999983635223,0,0,0,0,0.01,0,0.01,0.01,0.01,0,0.01,0.01,0.277338085983242,0.01,0.01,1.2735097451109,1.63239195136743,0.01,0,0,0.01,0,0.01,0,0.194333480798486,0,0,0.01,3.46445258717272,4.05220758964581,3.66578269597668,3.85087748084186,0,1,0,0,0,1.01816078538022,0,0,0,0,0,0,0,0,1,1,0,1.07262540092476,0,1,0,1,1,0
200,-0.0600000001453752,0.130000000112083,0.04452799348065,0.0505831732974759,0.00500000063964103,0.0406416538671799,-0.0100000000314922,-0.0987535369234446,0.0434997906317665,0.875167070060963,-5.39116694477911e-06,3.90813293563089e-06,0.483846990393061,-0.00471334187444931,-0.0312320671434654,0.0519975353067672,1.8321288358972e-10,-8.02700571901499e-11,-0.000989719138732071,0.0749999995694692,1.74096844385642e-10,0.0500000001037675,-5.89544571549354e-09,0.0749999999487659,0.0185867565718205,0.000198130003872792,-0.000988781141933494,0.435710229532511,0.017840393334614,0.0591857405143922,1.54812331279613e-05,-0.389374151736772,0.11099892525768,0.250000011533207,-0.400000177430373,-0.0336687593192198,0.155523013318606,0.399999938800321,-0.0579332240045357,0.149999995450962,0,0,0,0,0.01,0.695575266551819,0.01,0.01,0.01,0,0.01,0.01,0.443080170444463,0.01,0.01,0,0,0.01,0,0.297588874108807,0.01,0,0,0,0.01,0.01,0,0.01,3.53568886505566,4.15615491869309,3.72439153917644,3.96745224457231,0,0,0,0,0,1.06148446395522,0,0,0,0,0,1,1,0,1,0,0,1,1,1,0,0,1.09544537270687,0
201,-0.0599999995387699,0.129999999698404,0.044804385932924,0.051006852155317,0.00500000131569849,0.0408531947710436,-0.0100000004570183,-0.0983759069048904,0.0435793897474789,0.875651868906604,-4.11897702598619e-05,-3.14637711613467e-05,0.482969116783124,-0.00448452963003272,-0.0309271278619646,0.0520031763679534,-9.46108433377292e-10,-7.34082631791953e-10,0.0284816208300804,-0.00765491893093775,2.84370724336259e-09,0.00122193834888879,1.31327824738281e-09,-0.00274057304245315,0.00112468469264737,-0.0183329294129862,0.0110100867857489,0.0626422728916672,-0.00428270231283622,-0.00366964694394273,-5.15758085567161e-05,-0.400000389917448,0.160049219795066,0.239824129808013,-0.400001032351165,-0.121230452720787,0.238950464753251,0.400000448339763,0.399999976420769,0.205759566378692,0,0,0,0,0.01,0.787976313820264,0.01,0.01,0,1.14718421877075,0.21913651761691,0.328022821050977,0.450865797651669,0.01,0.01,0,0,0.01,0,0.172929640243472,0.01,0,0.01,0,0.122120868807058,0,0,0.01,3.55067621907239,4.17044019279235,3.74335324550635,3.97776316635838,0,0,0,0,1,0,0,0,0,0,0,1,1,0,1,0,0,1,0,1,0,1.02894990824511,1,0
202,-0.0599999995378257,0.129999999719885,0.0455223196396845,0.050772894389652,0.00500000074247054,0.0408471682321076,-0.0100000011720971,-0.0985152187264957,0.0435828390210058,0.875030142500394,-2.81581013221698e-06,-3.32432375580561e-06,0.484094644196579,-0.00464205427108761,-0.0310592955562969,0.0519980649900651,-3.34326484930643e-10,-3.34802776798879e-11,0.0432379473486405,-0.0164963720009964,3.51503624715424e-09,4.93597987825985e-05,1.70654627302349e-09,-0.00939884272581934,-1.09705013897055e-06,0.00179874430283881,-0.000114671671632933,0.187051780492894,-0.0112279244157926,-0.00937769137698262,-6.0517860927543e-05,-0.400000139226074,0.154661044031641,0.212043039204265,-0.364244733856397,-0.0469156988456022,0.242150021673627,0.400001253185758,0.400000454878361,0.21227546025198,0,0,0,0,0.01,0.781842367354858,0.01,0.01,0,1.15876706206006,0.205850548684369,0.323355221654058,0.446170540247705,0.01,0.01,0,0,0.01,0,0.179164520433375,0.01,0,0.01,0,0.120304934323447,0,0,0.01,3.53290778398473,4.1583653478457,3.72783268756104,3.96344044426939,0,0,0,0,1,0,0,0,0,0,0,1,1,0,1,0,0,1,0,1,0,1.0316506927974,1,0
203,-0.0599999988805806,0.129999999268067,0.0464145760629991,0.0504782104337774,0.0050000003595578,0.0408482328180019,-0.00999999984497705,-0.0986854557766097,0.0435841385329411,0.874212651002058,-1.51379480301688e-06,-4.28035327652505e-06,0.485569386275583,-0.00484258623256113,-0.031229037585694,0.0519979862074247,2.13529295023471e-09,4.55612940746566e-10,0.0459739742663646,-0.0131498585390663,8.58944216295159e-11,5.47720337762107e-05,2.25721984006783e-09,-0.00759337557096576,5.3212858714738e-05,0.000311887273755509,-2.11958300014754e-05,0.150310154839268,-0.00893419992781139,-0.00756480611060648,-6.26883377671594e-06,-0.399999120181458,0.157339734389317,0.213176504641667,-0.285930468227624,0.355701689231485,0.250000386108563,0.400000902617457,0.39999938247726,0.23316365467652,0,0,0,0,0.01,0.876243482295225,0.01,0.01,0,1.12793504812994,0.210798034571816,0.340794092638246,0.499152097915624,0.01,0.01,1.50603495614898,0,0.01,0,0,0.01,1.22255802009483,0,0,0.168616525921358,0.379391521922292,0,0.01,3.62972453655956,4.19434968749773,3.77768184266639,4.04639238139088,0,0,0,0,1,0,0,0,0,0,0,0,1,0,1,1,0,0,1,1,0,0,1,0
204,-0.0599999992415915,0.129999999495338,0.0468697454075515,0.0503824698233596,0.00500000200749439,0.040843707186285,-0.0100000008712991,-0.0987479712208629,0.0436172326815997,0.87400190206282,-2.76403435057337e-06,3.7509310977681e-07,0.485948625869665,-0.00490666569880448,-0.0312803726012084,0.051997587331601,-2.67774279848211e-09,-3.14641420315238e-10,-0.00022601499853489,-2.82063882672932e-05,5.68693353662412e-09,-0.000117321624377828,1.54421958700956e-09,-0.000208769178926919,4.59776827788564e-05,0.00184249546979949,0.000972200585060116,0.000178182851198059,-7.9861251791641e-06,-0.000139753584850486,-7.95730536547867e-05,-0.400001103817721,0.145515061868525,0.238858022703183,-0.400002580488342,-0.0629993335280136,0.241377300146847,0.400000752066622,0.400000361152611,0.212261885485009,0,0,0,0,0.01,0.813609638338497,0.01,0.01,0,1.14731197555142,0.217120305091189,0.330719176061169,0.457082588221698,0.01,0.01,0,0,0.01,0,0.174406264935326,0.01,0,0.01,0,0.117863262849746,0,0,0.01,3.53612852581553,4.15100509552472,3.71520899033647,3.97192463100379,0,0,0,0,1,0,0,0,0,0,0,1,1,0,1,0,0,1,0,1,0,1.04625755023492,1,0
205,-0.0600000001467341,0.130000000101333,0.047067194548131,0.0502311941956958,0.00500000104032324,0.0408478611040408,-0.0100000000017611,-0.0988281744722542,0.0436193034171458,0.873608869583264,-1.55222578593259e-06,-3.90719095661823e-06,0.486654845103202,-0.00500539022488182,-0.0313619517579872,0.0519979717781811,5.99352196867783e-11,-1.47021529644893e-10,0.0198704541350266,-0.013245202941634,-2.22886129668754e-09,4.89744505984373e-05,1.32534900374405e-09,-0.00792791339715414,0.000149306170320579,-0.000524895121389135,9.26086296515504e-05,0.152155922933537,-0.00902443029875542,-0.00778567294782963,1.65647588581153e-05,-0.39999997528808,0.170039183393894,0.235246964558309,-0.25686039135019,0.39666236859672,0.250000008254347,0.399999971448154,0.399999922391821,0.237095322666917,0,0,0,0,0.01,0.85811972427882,0.01,0.01,0,1.13116895035496,0.205964289493986,0.341749655139283,0.485800543411253,0.01,0.01,1.51660263541517,0,0.01,0,0,0.01,1.24943762963964,0,0,0.145509053272911,0.397554961430578,0,0.01,3.61287772524788,4.18053653788437,3.75359494347889,4.03981931965336,0,0,0,0,1,0,0,0,0,0,0,0,1,0,1,1,0,0,1,1,0,0,1,0
206,-0.0600000000466726,0.130000000026874,0.04700029398799,0.0501447493817969,0.00499999991642659,0.0408424268293404,-0.0099999999445771,-0.0988850036893125,0.0436366562200613,0.87340923268406,-2.52864308996238e-06,1.3896815220026e-06,0.487013048607015,-0.00506190805916823,-0.0314111082526171,0.0519974931480388,-1.55377093222159e-12,2.37028813339779e-11,-0.0263295290582823,-3.98171833108468e-05,-1.07109524159076e-09,-1.33997128865707e-05,-9.47873852102876e-10,-0.00013291205146453,5.87612302387066e-06,0.00200604012945045,5.41035127960638e-05,0.000163296296553839,-4.06460720864394e-05,-0.000140567073752827,-1.54401089385405e-05,-0.40000000064387,0.150469359406015,0.245865535117796,-0.342201774014402,0.0588083607283659,0.242027200768887,0.400000021177839,0.400000015104461,0.226887360428609,0,0,0,0,0.01,0.807810194826892,0.01,0.01,0,1.15356628825457,0.191792880056057,0.35165876284089,0.446415635524663,0.01,0.01,0,0,0.01,0,0,0.01,0,0,0,0.20586930262677,0.236557534088578,0,0.01,3.53217970612581,4.14921265592835,3.71235563178957,3.96903673026459,0,0,0,0,1,0,0,0,0,0,0,1,1,0,1,1,0,1,1,1,0,0,1,0
207,-0.0600000000899083,0.130000000090341,0.0469772226197865,0.0496911910637379,0.0050000000691954,0.0408507380102133,-0.00999999995677305,-0.0991386575544968,0.0436621230171452,0.872290566138103,-1.61385162099439e-06,-3.53467810453633e-06,0.489013906784207,-0.00536732618051606,-0.0316473875110534,0.0519979565352487,2.50053031938774e-11,7.15256995306219e-12,0.023771891469243,-0.0435632524296988,-1.31997030379256e-09,8.43824689803577e-05,8.11917795971665e-10,-0.0250154822221622,0.00253882521745696,0.000267331807052614,2.05727169214818e-05,0.459730640051347,-0.0304900532463396,-0.0231335657615607,-1.63636704320284e-05,-0.39999998968623,0.172574587402903,0.239403312789948,-0.185247849827705,0.394183131355345,0.250000000194154,0.400000006104684,0.399999991292508,0.238871072575212,0,0,0,0,0.01,0.779448986951737,0.01,0.01,0,1.13709444453381,0.200840734048322,0.335880556580828,0.481808816157428,0.01,0.01,0,0,0.01,0,0.129812006890152,0.01,1.21934427235817,0,0,0.114646115932466,0.392239617881601,0,0.01,3.6201983405958,4.19828250554742,3.76345541617832,4.05502542996489,0,0,0,0,1,0,0,0,0,0,0,1,1,0,1,0,0,0,1,1,0,0,1,0
208,-0.0600000001505324,0.130000000077651,0.0472562796885693,0.0485093872717293,0.005000000966089,0.0408512205904227,-0.00999999998008185,-0.0998059177102756,0.0437648802527305,0.869324723760602,-1.77903372042146e-06,-2.53927212731321e-06,0.494267278826111,-0.00620305610861512,-0.03225043915142,0.0519977966309502,5.39963785033021e-12,-1.8314459032882e-10,0.00423151875998548,-0.0747241853895729,4.95908196931023e-10,4.23189195315971e-05,-2.23486865542063e-10,-0.0414865653873865,0.00745981100203456,-0.00010368541717224,-5.69714433064461e-05,0.749472050194618,-0.0530502529209496,-0.0372360115829957,9.31030002441075e-06,-0.399999997761391,0.246703827041994,0.237873097918928,-0.0513655333497697,0.399999940925908,0.25000000594105,0.40000002696221,0.37481717015336,0.149999996460322,0,0,0,0,0.01,0.593629983811972,0.01,0.01,0,0,0.01,0.01,0.38108166838419,0.01,0.01,1.41294848763994,0,0.01,0,0.0670244781467777,0.01,1.32100835303794,0,0,0.0352662634602418,0.512878526533581,1.54361691116832,0.01,3.61970548677804,4.18555783712855,3.76251854727823,4.04274477662835,0,0,0,0,1,1,0,0,0,0,0,0,1,0,1,0,0,0,1,1,0,0,0,0
209,-0.0599999996944329,0.12999999978376,0.0469577715736561,0.0479485011698463,0.00500000052368876,0.0408433931226077,-0.0100000005198485,-0.100115198322698,0.0437733441935843,0.867730385440996,-5.40162798844269e-06,7.02420737069011e-06,0.497061046604503,-0.00659096932175718,-0.0325673651021046,0.0519972504279838,-5.54913211463024e-10,-1.77106182273338e-10,-0.0338917161688835,0.00508004103447893,-5.80355821178685e-09,-0.00257053687026841,1.08515912588938e-08,0.00148318041804589,0.000259241064680545,-0.00347202214664395,-0.00183373180303865,-0.00208883900415659,0.000575540785973603,0.0021092270726973,3.9049035078465e-05,-0.400000229945945,0.267573710492345,0.250000009563338,-0.386510706292421,0.132028851392178,0.250000156625164,0.400001140436432,0.319434743700101,0.149999994603964,0,0,0,0,0.01,0.799733141602296,0.01,0.01,0.01,0,0.01,0.01,0.460877090162778,0.01,0.01,1.51411701733122,0,0.01,0,0.122499070025196,0.01,1.13645286633743,0,0,0.01,0.245446083225326,0,0.01,3.62712203467001,4.16787953007052,3.73970955986443,4.05529200487608,0,0,0,0,0,1.06393499902978,0,0,0,0,0,0,1,0,1,0,0,0,1,1,0,0,1.05134973447665,0
210,-0.060000000060322,0.13000000002702,0.0460490991984836,0.0479433301593108,0.00500000002483957,0.0408427232820739,-0.00999999995870742,-0.100108446927611,0.0437740621302304,0.867725877681265,-3.45768330490255e-06,2.41414989901633e-06,0.49706891557566,-0.00659279417955004,-0.0325621130476089,0.0519976307290485,2.26875791480294e-11,-3.74328585584521e-12,-0.0499999999986211,4.59649236647521e-05,-1.02264338522849e-09,-2.57316338343231e-05,-1.07975590278501e-10,-0.000131396809107567,-8.98621566553145e-05,0.00159450468410909,0.00060928264068434,0.000145288989912597,1.6085814556853e-05,-0.000103302243810398,-3.27033353738864e-05,-0.399999990640027,0.220012676760347,0.250000000568351,-0.242675128895488,0.399999990187108,0.2500000085145,0.399999997850354,0.326447603879737,0.149999999710164,0,0,0,0,0.01,0.800130667655724,0.01,0.01,0.01,0,0.01,0.01,0.484427611233377,0.01,0.01,0,0,0.01,0,0,0.01,1.31388232195509,0,0,0.0874932729850264,0.43607779079116,1.53629986749955,0.01,3.62291933202315,4.15981938793521,3.72753734408546,4.0552013758729,0,0,0,0,0,1.02617203230844,0,0,0,0,0,1,1,0,1,1,0,0,1,1,0,0,0,0
211,-0.0600000001007812,0.13000000003821,0.0455897896843174,0.0477826828093668,0.00500000001699685,0.0408428951290213,-0.00999999999569263,-0.100196641721179,0.0437733458713267,0.867277942626821,6.76708573059717e-07,-1.8680560215232e-06,0.497850058947867,-0.00669957294520998,-0.0326514439982755,0.0519974263568596,4.3644669892895e-13,-5.50973615012328e-12,0.00380004380689871,-0.0156796654683364,1.74893246845322e-10,-2.88504399071513e-05,-2.23351697465761e-10,-0.00847669182400128,-2.26622530830637e-05,0.000154220733033629,9.89027935280361e-05,0.176670614217604,-0.0104793719998336,-0.0087551490288497,-2.22588570268915e-05,-0.399999999808824,0.223958254763153,0.250000000958058,-0.199985964844707,0.399999992630911,0.250000006747799,0.399999997683887,0.361448188577021,0.14999999965534,0,0,0,0,0.01,0.748293711012572,0.01,0.01,0.01,0,0.01,0.01,0.434740204577054,0.01,0.01,1.47149952485962,1.68063714438151,0.01,0,0.0465446385248497,0.01,1.30941329600442,0,0,0.0671389760504042,0.437013021305448,1.51855145653553,0.01,3.62353588859807,4.1591054870899,3.75055383307069,4.03208754261728,0,0,0,0,0,1.05317321378611,0,0,0,0,0,0,0,0,1,0,0,0,1,1,0,0,0,0
212,-0.0600000000355848,0.130000000093989,0.0452014811412253,0.0476320068414203,0.00500000000741713,0.0408422718609552,-0.0100588209569537,-0.100245573965175,0.0437723583397406,0.867020447155965,1.04917005658724e-07,-3.44401414829677e-06,0.49829836212587,-0.00681962396302361,-0.0327031520493325,0.0519970437667593,2.98518810176593e-11,7.32451316562377e-12,-0.0423998853851357,9.74482263314099e-05,7.95954065396311e-10,-0.000250611074237702,0.000188897132452233,5.51598844167958e-05,-3.51155466858719e-05,0.00034991674866867,0.00535770376786223,0.000192074874550709,0.000182069613706464,-4.62140217517226e-05,2.3360153100794e-05,-0.399999987709016,0.201705698398857,0.250000000545553,-0.242977713647597,0.399999989390998,0.249999999713837,0.399999992965552,0.324850156227575,0.149999999524663,0,0,0,0,0.01,0.796024520103927,0.01,0.01,0.01,0,0.01,0.01,0.487199722034349,0.01,0.01,0,0,0.01,0,0,0.01,1.32230688607367,0,0,0.0841890557175812,0.435478593270355,1.54535370213781,0.01,3.61632009213104,4.15960019184723,3.72383032158982,4.05208996238844,0,0,0,0,0,1.04755654262243,0,0,0,0,0,1,1,0,1,1,0,0,1,1,0,0,0,0
213,-0.0599999991394709,0.129999999380815,0.0448941734751544,0.0474857160669852,0.00500000005662466,0.0408424056158984,-0.0100374010419148,-0.100337172193564,0.0437729735772647,0.866552409754892,8.84460498897034e-07,-1.54123454998339e-06,0.499111849820404,-0.00690993213692096,-0.0327965536907197,0.0519974539349306,2.27331062839264e-09,-1.02225567572112e-09,0.0114001207059845,-0.014550765507527,-3.20464259953422e-09,9.36403697065936e-07,0.00202107911005764,-0.00895586262907697,5.89870027734002e-05,-0.000552334649695795,-5.51103306511428e-05,0.186647986774779,-0.00905057148238775,-0.00925240681009216,1.70752697191801e-05,-0.399999062823406,0.232192684885709,0.250000134954576,-0.202616475024682,0.399998704615814,0.250000395379272,0.399999786850099,0.359883350584064,0.149999952500376,0,0,0,0,0.01,0.75526533462585,0.01,0.01,0.01,0,0.01,0,0.464313314497395,0.01,0.01,0,0,0.01,0,0,0.01,1.32048942247305,0,0,0.0808177832566799,0.458234389149419,1.5642130676701,0.01,3.60543524564431,4.15148285130309,3.72297907778434,4.03393901916306,0,0,0,0,0,1.05969407550262,0,1,0,0,0,1,1,0,1,1,0,0,1,1,0,0,0,0
214,-0.0599999998411454,0.129999999857542,0.0453436041182742,0.0472028072306537,0.0049999997588028,0.0408423101632212,-0.0100000000496863,-0.100508411276424,0.0437714191758019,0.865650950075834,4.69735590685728e-06,-4.18599516005305e-06,0.500673714214386,-0.00708646977889863,-0.0329749606833589,0.0519971535774531,1.00477009835187e-09,1.25012548456508e-10,0.0334328041165322,-0.0143867505563941,2.71283651954911e-09,8.3685366652566e-05,-2.37570693353795e-09,-0.00707964036780998,-0.000112881351447918,0.00150020152972251,-0.000710241991277386,0.158952665448474,-0.00955070820257522,-0.0076470588927605,9.4113601820397e-06,-0.399999586190909,0.194283550867712,0.242792290265752,-0.200979341358881,0.399999657832311,0.250000252399922,0.400000107779786,0.399999650777371,0.150000010393815,0,0,0,0,0.01,0.746386816520285,0.01,0.01,0.01,1.03033850453492,0,0,0.44754143679482,0.01,0.01,1.48892769846843,1.72350279747956,0.01,0,0.0244535190282947,0.01,1.33081761628056,0,0,0.052871729280509,0.433572075643063,1.56539259494317,0.01,3.59508632999578,4.1330886784985,3.7320067468292,3.99616826166507,0,0,0,0,0,0,1,1,0,0,0,0,0,0,1,0,0,0,1,1,0,0,0,0
215,-0.059999999212236,0.129999999496873,0.0455479517255219,0.0470553269873909,0.00499999943608372,0.0408417024033387,-0.00999999892387813,-0.100585184133724,0.0437708125194313,0.86523912983769,4.19466685173276e-06,-3.12018168133971e-06,0.501385068532877,-0.00718455471640808,-0.0330555290781685,0.0519970300836453,2.2158430128733e-09,-1.40881786834651e-09,-0.0127671105895588,-0.000595824221556302,-4.20462624002249e-09,-2.14567072263945e-05,9.89216312603911e-10,-0.000459186052209874,-5.38092595486393e-05,0.000264066495885644,6.46341649308864e-05,0.00661135705685624,-0.00039307454918303,-0.000389792011794603,-8.26859880919161e-06,-0.399999088935869,0.197370823201586,0.250000024229321,-0.232384087242899,0.399998422713566,0.250000838992583,0.399999904744392,0.399998838362132,0.1499999518897,0,0,0,0,0.01,0.780970686608944,0.01,0.01,0.01,1.03910707993046,0,0,0.482993660481903,0.01,0.01,0,0,0.01,0,0,0.01,1.34827836249918,0,0,0.0666493153794273,0.44848060618588,1.60673562118347,0.01,3.58215164482307,4.12070019333287,3.68808153690011,4.01477030125582,0,0,0,0,0,0,1,1,0,0,0,1,1,0,1,1,0,0,1,1,0,0,0,0
216,-0.0599999998716784,0.129999999902978,0.045604375652931,0.0464544696307332,0.00500000007327449,0.0408290100803766,-0.0100000000157718,-0.100931268941532,0.043788832058695,0.86455449888158,9.37322757131905e-07,-3.73760198824652e-06,0.50256469403229,-0.00749144384765516,-0.0333164687248175,0.0519974054338138,4.43558602343073e-10,2.54004273759665e-10,0.0182544027581107,-0.0564615045255327,-7.25630445914729e-09,-0.00125458548318385,4.62117359439891e-09,-0.032568560609801,0.00136276596075801,0.000785909534528235,-0.000641364210245547,0.290054896034586,-0.0304744223815392,-0.0251273864118271,4.59096432351167e-06,-0.399999817192688,0.251671616808412,0.250000080352133,-0.111062748066165,0.399999991680993,0.250000048087053,0.400000010062056,0.400000001137716,0.149999998826054,0,0,0,0,0.01,0.671483004508506,0.01,0.01,0.01,1.08298475652766,0,0,0.390466946907238,0.01,0.01,1.47229380420912,1.70805328097024,0.01,0,0.01,0.01,1.39743767339971,0,0,0.01,0.496182524293902,1.63319789524585,0.01,3.58151845316732,4.1323082920655,3.72201076567483,3.99181597955799,0,0,0,0,0,0,1,1,0,0,0,0,0,0,1,0,0,0,1,1,0,0,0,0
217,-0.0600000000180472,0.130000000079267,0.0455051530958588,0.0460476722108716,0.00500000014933896,0.0408249215142172,-0.00999999994359974,-0.101137233923449,0.043788035358459,0.86348873028866,-6.89466816789823e-07,2.21751061057883e-06,0.504393695883844,-0.00775645620466576,-0.033530796947214,0.051997053257148,1.80367083025179e-11,-7.86077298913083e-11,-0.0279456388140745,0.000124052902038845,-5.17554099878802e-09,0.000236723941679132,-7.98763221428505e-09,4.56753108715061e-05,-0.000458187374544196,0.00679317223727445,-0.00197444025315491,-0.000573258123061515,-0.000119808534796611,-0.000344613180944743,-3.55678687137157e-05,-0.399999992568585,0.217664762999556,0.25000000244022,-0.222864600243942,0.399999944256475,0.250000018758894,0.399999972525806,0.399999970720613,0.149999998178044,0,0,0,0,0.01,0.760816764283982,0.01,0.01,0.01,1.04991567788957,0,0,0.416265464074588,0.01,0.01,1.5067868465434,1.73640864611374,0.01,0,0.01,0.01,1.38733959560653,0,0,0.01,0.467520876897373,1.61696188541328,0.01,3.57937907322013,4.10747222353804,3.69480063182887,3.99205066492931,0,0,0,0,0,0,1,1,0,0,0,0,0,0,1,0,0,0,1,1,0,0,0,0
218,-0.0600000000543592,0.130000000093049,0.0446324454867847,0.0460420804512937,0.00500000023644798,0.0408246441188503,-0.00999999997136981,-0.101137219876064,0.0437869356785317,0.863480835205057,1.37156395994536e-06,-1.39320797331574e-06,0.504407211525791,-0.00775898288774712,-0.0335314566806334,0.0519969681221179,1.0437216873663e-11,-5.45053855531009e-11,-0.0499999999963857,-0.000205303305761347,6.35567647399579e-10,1.72677159486729e-05,-4.57031744219884e-10,-5.13204636392357e-06,9.47320345836022e-06,-0.000114008673549156,-0.00032835805568946,0.00108630224286323,-0.000100966477514444,-2.89694725810147e-05,3.18178021276393e-05,-0.399999995712644,0.216282669633364,0.25000000148968,-0.214668922937421,0.399999961624117,0.25000000431464,0.399999979407445,0.399999982625255,0.149999998786345,0,0,0,0,0.01,0.751374269236293,0.01,0.01,0.01,1.05472416559124,0,0,0.468034065166029,0.01,0.01,0,0,0.01,0,0.0217245326964629,0.01,0,0.01,0,0.0306651261264773,0.512932009697687,0,0.01,3.58221353333944,4.10926444726443,3.65846765807687,4.033010322527,0,0,0,0,0,0,1,1,0,0,0,1,1,0,1,0,0,1,0,1,0,0,1,0
219,-0.060000000084129,0.13000000004933,0.0441731356720386,0.0460230121692603,0.00499999998887494,0.040829604848514,-0.00999999993908532,-0.101157708708958,0.0437938376051377,0.863439227746314,-1.8119006975422e-06,-4.75894181475909e-06,0.504478431494847,-0.00777031740034412,-0.0335461085898163,0.0519980024631674,2.66500915843662e-12,-4.95353358501025e-11,0.00380001136903625,-0.000256795525442043,-2.36090227790563e-10,2.4607975372438e-05,2.15287110521419e-10,-0.000156443823798764,8.77655179842003e-05,-0.000344632358776105,-0.000122206281096518,0.0015327707660198,-0.00015016904196728,-0.000114851971827798,-3.77899620366459e-05,-0.399999998889273,0.235987871978504,0.250000001780019,-0.223109345122911,0.399999967972828,0.250000004873354,0.399999982846803,0.399999984486079,0.149999998964806,0,0,0,0,0.01,0.771534981143503,0.01,0.01,0.01,1.07325211102878,0,0,0.459471350801732,0.01,0.01,0,0,0.01,0,0.01,0.01,0,0.01,0,0.0284127841015963,0.519308637209339,0,0.01,3.57990087421272,4.11023640387381,3.66470737986609,4.02542989822045,0,0,0,0,0,0,1,1,0,0,0,1,1,0,1,0,0,1,0,1,0,0,1,0
220,-0.0600000000385,0.130000000016765,0.0445135604703784,0.0460189270068663,0.00500000067680606,0.0408309002501545,-0.00999999991576893,-0.101159875716867,0.0437957536077913,0.863433988273559,-2.33506642668049e-06,-4.68845700925941e-06,0.504487398960165,-0.00777256973310701,-0.0335478639121532,0.0519979901471017,5.45677132844505e-11,-1.48690545988898e-10,0.0301109159123646,-0.000201123560224395,-2.71506191383899e-10,6.52063072854068e-05,-3.51110836030413e-11,-0.000117576697071994,8.77398194891343e-05,6.63469699122509e-05,3.00535287005164e-05,0.00104172493412701,-0.000108314455918114,-9.07488214925977e-05,-1.72783744493662e-06,-0.399999977508623,0.205452515112671,0.245933413478943,-0.217179366937424,0.399999904722079,0.250000012942467,0.399999983995121,0.399999934269049,0.14999999652897,0,0,0,0,0.01,0.75223991736396,0.01,0.01,0.01,1.06184412948436,0,0,0.478270597446196,0.01,0.01,0,0,0.01,0,0.01,0.01,0,0.01,0,0.0587157952055295,0.50967377554193,0,0.01,3.57540962484532,4.10468293274468,3.66499139252647,4.01510116506353,0,0,0,0,0,0,1,1,0,0,0,1,1,0,1,0,0,1,0,1,0,0,1,0
221,-0.0600000000778202,0.130000000045112,0.0451792781536477,0.0460143036511431,0.00500000039318591,0.0408322890013498,-0.00999999994615583,-0.101162589870138,0.0437977527837201,0.86342765672024,-2.29497038611753e-06,-4.84563106218639e-06,0.504498235332322,-0.00777511778742045,-0.0335499060007877,0.0519979900653239,1.10289045980751e-11,-5.11588042254467e-11,0.0364292532787312,-0.00023708341618991,-7.92552189212199e-11,7.02081925341113e-05,-5.68750159758254e-11,-0.000124084585686009,0.000104120779701233,-4.4671114355842e-05,-2.42539721759319e-05,0.00125712135178471,-0.000130201146394807,-9.81077095954942e-05,1.18677065800986e-06,-0.399999995450325,0.205308274533582,0.234076855106126,-0.216884786505845,0.399999960733221,0.250000017607549,0.399999978016807,0.399999982223011,0.149999998817589,0,0,0,0,0.01,0.75211212641256,0.01,0.01,0.01,1.06421219389635,0,0,0.477848689919041,0.01,0.01,0,0,0.01,0,0.01,0.01,0,0.01,0,0.049930347921967,0.513710664604138,0,0.01,3.57158292675082,4.10284402633531,3.66197403955866,4.01245291352747,0,0,0,0,0,0,1,1,0,0,0,1,1,0,1,0,0,1,0,1,0,0,1,0
222,-0.0599999988992733,0.12999999935025,0.045897746459696,0.0460073808789021,0.00500000125681356,0.0408337620421041,-0.00999999868167003,-0.10116633745955,0.0437999521031121,0.863416398465237,-2.13348248428059e-06,-5.05249898608888e-06,0.50451750331705,-0.00777911999254468,-0.0335529222722998,0.0519979900192161,-8.15188792433179e-10,1.13775444347275e-09,0.0354226508667497,-0.000352540785223772,2.81335575058292e-09,7.23233089859655e-05,1.27921110572711e-09,-0.000188044094185719,0.000113518282706344,-1.89138913141875e-05,-6.67683123333959e-06,0.00229641699373566,-0.000206376440405657,-0.000154732891776003,6.99115230659331e-07,-0.400000343995622,0.274627659193638,0.237719788958868,-0.320169843707133,0.245416567547778,0.250000517093056,0.400000540895608,0.363421677418773,0.149999972149379,0,0,0,0,0.01,0.793834793089335,0.01,0.01,0.01,0,0,0,0.482315642988572,0.01,0.01,0,0,0.01,0,0.128235662306453,0.01,1.21283295175702,0,0,0.01,0.282536779034431,0,0.01,3.56734665086593,4.12783963847327,3.6725309175036,4.02265537183559,0,0,0,0,0,1.24214181655943,1,1,0,0,0,1,1,0,1,0,0,0,1,1,0,0,1.19357114479745,0
223,-0.0600000001043385,0.130000000035141,0.0462447752181583,0.0458865485600562,0.00500000037680576,0.0408339457706018,-0.00999999998337137,-0.101216654094498,0.0438008242634866,0.863097507597687,-1.96305073634816e-06,-2.11463140184096e-06,0.505062850203844,-0.00785645582563013,-0.0336111941243066,0.0519978069760378,5.1858646177727e-12,-3.58257119945233e-11,-0.00053998896172684,-0.00947057859291704,-2.72323559472032e-09,2.60740210821078e-05,1.80071094394872e-09,-0.00536405662539304,2.07869647538587e-05,0.00037192752920078,9.50743444208654e-05,0.107972423088607,-0.0063150822219627,-0.00549876677134071,7.54927851743416e-06,-0.399999997860973,0.214037948116223,0.250000001625207,-0.193110311263552,0.399999975039832,0.250000002212565,0.39999998594062,0.399999989091732,0.149999999211493,0,0,0,0,0.01,0.725831300292075,0.01,0.01,0.01,1.07403018513414,0,0,0.465987195155089,0.01,0.01,0,0,0.01,0,0.01,0.01,0,0.01,0,0.024370107478792,0.529245236728556,0,0.01,3.56300507978598,4.10021674433074,3.64623705015179,4.01698477396492,0,0,0,0,0,0,1,1,0,0,0,1,1,0,1,0,0,1,0,1,0,0,1,0
224,-0.0600000001058185,0.130000000057089,0.0463799280963444,0.0456820316942684,0.00500000037288577,0.0408496820986761,-0.00999999994744855,-0.101336648976311,0.0438207270871903,0.862620968007776,-1.71235844551894e-06,-4.83026842834636e-06,0.505876329138716,-0.00798010854010203,-0.0337233867262622,0.051997979990762,-2.15460242087993e-12,-3.07531000388242e-11,0.0139826686906439,-0.0102945333019624,3.51896168384106e-09,0.000135293679526353,-2.45456022162293e-09,-0.00482458586092074,0.000617436394841268,0.000461680467454315,-0.000213844742829845,0.105346742941337,-0.00692976645218477,-0.00494867052882748,4.2004817352353e-05,-0.400000000885726,0.26606068967991,0.250000001149902,-0.243844368172464,0.321852223709085,0.250000002392903,0.400000002522754,0.355069825959074,0.149999999407421,0,0,0,0,0.01,0.728187466143551,0.01,0.01,0.01,0,0,0,0.4791504602861,0.01,0.01,0,0,0.01,0,0.0940177069950706,0.01,0,0.01,0,0.01,0.316991707118389,0,0.01,3.55981601226263,4.11095805895173,3.63509075404639,4.03568331716796,0,0,0,0,0,1.2884018666073,1,1,0,0,0,1,1,0,1,0,0,1,0,1,0,0,1.29741098306543,0
225,-0.0600000000880157,0.130000000050683,0.0465937587126565,0.0456416686171873,0.00500000036504899,0.0408500844814115,-0.00999999996439791,-0.101349723448812,0.0438221913767256,0.862516581924849,-5.06121973531397e-06,-1.30475903139735e-06,0.506054287106445,-0.00800655643193252,-0.0337413429600581,0.0519980370369512,-4.00204444561134e-12,-2.80852980086819e-11,0.00743313976219572,-0.000108199538268361,5.98058189493797e-10,6.75394917368585e-05,-5.35164575810691e-10,0.000139092833538388,0.00010714290984736,-0.000850621971052373,-0.000865110305152771,0.000256176858303033,-6.8342848426878e-05,5.2496032299024e-05,1.3308481101072e-05,-0.400000001660812,0.254796560431657,0.25000000068726,-0.27169918006407,0.311560646567413,0.250000002917251,0.400000002522011,0.333870067092731,0.14999999946,0,0,0,0,0.01,0.744500286772214,0.01,0.01,0.01,0,0,0,0.49045743298303,0.01,0.01,0,0,0.01,0,0.0836982912750118,0.01,0,0.01,0,0.01,0.303976572364015,0,0.01,3.56018163544587,4.10812230425532,3.63179130547078,4.03651263423041,0,0,0,0,0,1.27882234525843,1,1,0,0,0,1,1,0,1,0,0,1,0,1,0,0,1.30142850835892,0
226,-0.060000000037051,0.130000000014583,0.0467247399150238,0.0456406731483655,0.00500000093997079,0.0408508065926815,-0.00999999998639042,-0.101349916785814,0.0438227158868768,0.862514884307139,-3.53275091807839e-06,-1.67992570856807e-06,0.506057180476294,-0.00800696177225205,-0.033741586363989,0.0519979892609814,-9.46737675473584e-12,-1.37371601957058e-10,0.00567377511754352,-4.98463866761002e-05,1.1320868110904e-10,3.99145993910786e-05,-1.3918278630831e-11,3.30905676935153e-06,5.13919337428936e-05,-0.000149937503633532,-8.19823178180426e-05,0.000290332288467181,-2.45480496363187e-05,-3.93285512092015e-06,4.89952826285312e-06,-0.400000003907476,0.24922175034142,0.250000003902313,-0.277645834835571,0.306399016695779,0.250000017003658,0.400000016181431,0.333948174116627,0.14999999697441,0,0,0,0,0.01,0.750403010666533,0.01,0.01,0.01,0,0,0,0.495406542808728,0.01,0.01,0,0,0.01,0,0.0827280335999342,0.01,0,0.01,0,0.01,0.300236617588688,0,0.01,3.55969348423422,4.10928782476617,3.63196208999803,4.03701921900236,0,0,0,0,0,1.28001531645629,1,1,0,0,0,1,1,0,1,0,0,1,0,1,0,0,1.3051469803363,0
227,-0.0600000000788066,0.130000000042551,0.0468393074569678,0.0456399522581511,0.00500000081013172,0.0408515112741284,-0.00999999997399205,-0.101350206682657,0.0438234464857234,0.862513544469742,-3.34511857423563e-06,-1.66448779918787e-06,0.506059464099327,-0.00800732525731558,-0.0337418839744522,0.0519979893316818,-1.9206217493304e-12,-4.31525299457573e-11,0.00578243746468174,-3.46399953272751e-05,-9.00773985249672e-12,3.53975542541082e-05,2.53917805802276e-12,-1.56803058527005e-05,3.75938784732245e-05,1.161139715205e-07,-2.70824619377665e-07,0.000259320932121229,-1.81525467065895e-05,-1.54583761018509e-05,1.99466966062181e-07,-0.400000000800441,0.240380025552368,0.250000001215356,-0.279466417130893,0.307687424544972,0.250000005284241,0.400000004788294,0.329391739087928,0.149999999052175,0,0,0,0,0.01,0.755468068073338,0.01,0.01,0.01,0,0,0,0.496579463756008,0.01,0.01,0,0,0.01,0,0.0822482846812641,0.01,0,0.01,0,0.01,0.301274905833719,0,0.01,3.55642004520159,4.10866623454447,3.62986028190593,4.03522599784011,0,0,0,0,0,1.2861215042005,1,1,0,0,0,1,1,0,1,0,0,1,0,1,0,0,1.3093690993292,0
228,-0.0600000001252357,0.130000000033331,0.0469246610889013,0.0456379965994904,0.00500000085009137,0.0408523138403959,-0.00999999990955567,-0.101350528086522,0.0438241374355831,0.862510578831279,-3.32272131442295e-06,-2.56926586775637e-06,0.506064518495541,-0.0080082457985064,-0.0337422642385424,0.0519979895259488,-2.62284683196399e-11,-2.43234761714854e-11,0.00276799758822134,-7.07245245887053e-05,-2.34485798192282e-10,3.27264197299204e-05,-6.15624546326354e-10,-4.46536428200259e-05,2.10540503370311e-05,0.000217068205776155,9.94465127170337e-05,0.00050556492611602,-3.49323113284862e-05,-3.7856582364721e-05,-2.91148966291385e-06,-0.400000010753765,0.195718510806189,0.250000004484836,-0.231809138744896,0.399999889160541,0.250000008530977,0.399999769108395,0.39999998226167,0.150000001317515,0,0,0,0,0.01,0.779198487393261,0.01,0.01,0.01,1.11046777490338,0,0,0.490416309548867,0.01,0.01,0,0,0.01,0,0.01,0.01,0,0.01,0,0.0536254847862992,0.516244541834514,0,0.01,3.54854762206344,4.08934450045977,3.63238836616542,4.00550375635779,0,0,0,0,0,0,1,1,0,0,0,1,1,0,1,0,0,1,0,1,0,0,1,0
229,-0.0600000001241527,0.130000000042083,0.0470329509992558,0.0454530696250141,0.00500000084771831,0.0408636482206661,-0.00999999993798333,-0.101457512789531,0.0438670190137364,0.862126279061176,-1.96947122982194e-06,-4.92551330167681e-06,0.506718934478436,-0.00813096387171998,-0.0338293615069797,0.0519979742110318,4.22010310106579e-11,-1.57063365776316e-10,0.00803466169713243,-0.016686516571475,-6.50078254003066e-10,6.30424631872586e-05,-2.17927793030267e-10,-0.00878111772574029,0.00308625066175525,0.000140637754296573,0.000257373720369753,0.154731942795009,-0.0119025489435674,-0.00766515838688983,-2.84056458943072e-05,-0.39999998260583,0.208404121260945,0.24522675592938,-0.186262134752719,0.399999921774983,0.250000027017924,0.399999978285562,0.399999946152353,0.149999996564997,0,0,0,0,0.01,0.725667741004716,0.01,0.01,0.01,1.1189703225455,0,0,0.473392205133812,0.01,0.01,0,0,0.01,0,0.01,0.01,0,0.01,0,0.014534812593325,0,0,0.01,3.54514446163957,4.09477560225859,3.63383172788345,4.0060883360147,0,0,0,0,0,0,1,1,0,0,0,1,1,0,1,0,0,1,0,1,0,1,1,0
230,-0.0600000000718726,0.130000000056575,0.0471352004364223,0.0453357516424443,0.00500000034049414,0.0408644496284097,-0.00999999992532271,-0.101516130660503,0.0438718360937056,0.861804457582388,-1.72486492273346e-06,-2.5891630169765e-06,0.507266084258707,-0.00820953170731754,-0.033891556693258,0.0519979735870352,2.87839279290985e-11,-7.03023343554625e-11,0.00221935983028641,-5.85566802898206e-05,8.35572721988017e-10,-3.22593830971996e-05,1.16983274992598e-09,2.77739064098935e-05,0.000193271510579661,-0.00227040845667442,0.000346776531762295,0.000131538171636837,-1.75127921541245e-06,7.78534297708008e-05,1.19348459832767e-06,-0.399999988142364,0.214313472903516,0.2466685315188,-0.236049043717355,0.399999951505629,0.250000013171342,0.399999996657122,0.399999963565079,0.149999998377339,0,0,0,0,0.01,0.788342791780233,0.01,0.01,0.01,1.10159108548475,0,0,0.488722341180023,0.01,0.01,0,0,0.01,0,0.01,0.01,0,0.01,0,0.0238786940280274,0,0,0.01,3.5480571513066,4.09388026861235,3.63390829693025,4.00802912298871,0,0,0,0,0,0,1,1,0,0,0,1,1,0,1,0,0,1,0,1,0,1,1,0
231,-0.0600000000348886,0.130000000028998,0.0471704512456484,0.045331478428019,0.00500000063546194,0.0408658372212075,-0.00999999989996049,-0.101517998683202,0.0438732579125685,0.861798406604393,-2.41519590668893e-06,-4.39814570871916e-06,0.507276364204007,-0.00821168030258823,-0.0338929047874065,0.0519979875704112,8.01287180437375e-11,-1.49578783079077e-10,0.00131026531823669,-0.000179931022481072,-2.89948385181785e-10,5.74675491668289e-05,-4.6071342558886e-11,-0.000110239760443309,5.90751310360839e-05,0.000186875318548813,7.04593987935004e-05,0.00106897061614518,-9.64197076150617e-05,-8.82553795658545e-05,-2.80917597469606e-07,-0.39999996697117,0.210149833989815,0.2480504661368,-0.24024476625599,0.399999896061645,0.250000044213432,0.399999994407966,0.399999914588124,0.149999996256559,0,0,0,0,0.01,0.795269185865116,0.01,0.01,0.01,1.10572374221615,0,0,0.496715635151275,0.01,0.01,0,0,0.01,0,0.01,0.01,0,0.01,0,0.0305483217458095,0,0,0.01,3.54746774009022,4.09511303821863,3.63375519790835,4.00882558040051,0,0,0,0,0,0,1,1,0,0,0,1,1,0,1,0,0,1,0,1,0,1,1,0
232,-0.0600000001015361,0.130000000073724,0.0471880168209755,0.0453269607431647,0.00499999987498424,0.0408669861869807,-0.00999999994442694,-0.10152041762376,0.0438747223550531,0.861791246368052,-2.33628340522968e-06,-4.5986987594498e-06,0.50728852838666,-0.00821418618243709,-0.0338948724155548,0.0519979900121707,9.07972794702445e-12,-1.68614485291239e-12,0.00045059400988396,-0.000225653607079924,-1.15478341436089e-11,5.64779627744521e-05,9.34711905773171e-12,-0.000118298195889189,7.49371457795749e-05,-8.11949043429502e-06,-3.19349115509148e-06,0.00140689384380337,-0.000126404284166935,-9.90252202025699e-05,3.8585696914378e-07,-0.399999996251789,0.18961586508486,0.250000001546313,-0.25645559046683,0.399999991228313,0.25000001488572,0.400000005073238,0.399999986348899,0.149999999661156,0,0,0,0,0.01,0.813349175136165,0.01,0.01,0.01,1.10468770724064,0,0,0.477523796443573,0.01,0.01,0,0,0.01,0,0,0.01,1.42426454844017,0,0,0.01,0.467673440280522,1.73786556915282,0.01,3.53286983219208,4.08958030174624,3.64353320576977,3.97891692816856,0,0,0,0,0,0,1,1,0,0,0,1,1,0,1,1,0,0,1,1,0,0,0,0
233,-0.0600000000883208,0.13000000006225,0.0473531071408387,0.0448546093253264,0.00467403559636187,0.0408661102786243,-0.00999999997562687,-0.102097896225574,0.0438607718113476,0.861187133030056,1.58857271005074e-06,-3.46539746699899e-06,0.508313421839686,-0.00861108715902271,-0.0343358998935566,0.0519973984751515,-2.72934116127888e-11,-6.04375793563443e-11,0.01598078660463,-0.0468281469906184,-0.0318748074497974,-7.88437082140186e-06,-2.89650607596543e-11,-0.0567628267954539,-0.00116103578924086,-0.000175257546466734,6.36779837504632e-05,0.240749192398449,-0.0394391401452308,-0.0436646842304538,7.45298836234283e-06,-0.40000001124403,0.326685416344312,0.241115381397681,-0.126690523908826,0.399999970791472,0.250000007687338,0.400000001499706,0.399999976602853,0.149999998869204,0,0,0,0,0.01,0.629914873609732,0.01,0.01,0.01,1.18176246265123,0,0,0.378249142354395,0.01,0.01,0,0,0.01,0,0,0.01,1.49207868021799,0,0,0.01,0.565573148228863,1.80465103594634,0.01,3.54305624613501,4.11858032178296,3.66657481381527,3.9950617541027,0,0,0,0,0,0,1,1,0,0,0,1,1,0,1,1,0,0,1,1,0,0,0,0
234,-0.0600000000819929,0.130000000047982,0.0477445187524028,0.0434576231895026,0.00464975748434646,0.0408633137358775,-0.00999999998942674,-0.102820624518998,0.0438556255066698,0.857471830266946,2.60881048683935e-06,-1.8791922593451e-06,0.514556269281188,-0.00953566304665041,-0.035080697772372,0.0519973444811466,5.42699404200115e-11,-3.77412609634432e-11,0.0231246538577706,-0.0749999999944839,0.0178041843471206,-0.000369451655279646,-4.85549374868906e-09,-0.0228208758589591,7.21548426728467e-05,-0.000869051997731702,0.00369539852853013,0.91159899395637,-0.0539070162016595,-0.0269342898907336,5.04610843924591e-05,-0.399999977624621,0.271504549225104,0.23403276222736,0.00353620613465749,0.399999979059303,0.250000008453686,0.400000002594792,0.399999978231469,0.25000000217565,0,0,0,0,0.01,0.483182571940535,0.01,0.01,0.01,1.38985347343753,0.376721734778625,0,0.409977680682781,0.01,0.01,0,0,0.01,0,0.01,0.01,1.44371256809418,0,0,0.01,0.530622056168791,0,0.01,3.50516504753455,4.08496419117199,3.6231905220327,3.96693871667385,0,0,0,0,0,0,0,1,0,0,0,1,1,0,1,0,0,0,1,1,0,0,1,0
235,-0.0600000002371449,0.130000000096747,0.047855745099754,0.0424627197505538,0.00499999916417934,0.0409326984993894,-0.00999999986288765,-0.102978964013726,0.0436954797829923,0.855239733847123,6.36577865655436e-06,-3.84632301044983e-06,0.518257872190973,-0.0101081555187194,-0.0352358350999133,0.051996922335263,2.11804249156723e-11,-4.17112177400125e-10,-0.0118272552927068,0.00251594522499252,-8.92005097867951e-08,-0.00076322512008133,4.61827015837599e-08,-0.0168788004154379,-0.00720765922083139,-0.0146771390641761,0.0150015577380052,-0.0158297742265864,-0.00171361446860135,-0.00609206757076391,0.000630113613950166,-0.399999991267387,0.272723848701042,0.250000009438683,-0.183898503771952,0.399999813230785,0.250000015223274,0.399999987175586,0.399999860122733,0.249999992542039,0,0,0,0,0.01,0.682113361609108,0.01,0.01,0.01,1.38404238858694,0.365814853984016,0,0.417657742396702,0.01,0.01,0,0,0.01,0,0.01,0.01,0,0.01,0,0.01,0,0,0.01,3.52052695614192,4.0579010552786,3.61025193147606,3.96817607994445,0,0,0,0,0,0,0,1,0,0,0,1,1,0,1,0,0,1,0,1,0,1,1,0
236,-0.0600000001244449,0.130000000072877,0.0476359511888161,0.0424294708529716,0.00500000044496494,0.0409463280676126,-0.00999999993231831,-0.102980032672024,0.0436639537245207,0.85523048478897,4.45232832487193e-07,-4.24791914589689e-06,0.51827313499075,-0.010111138536307,-0.0352458609215471,0.0519974925643847,1.26560250058664e-11,-1.1677636310183e-10,-0.0101604666390809,-0.000272036934886689,2.65158838798751e-09,7.07554107111136e-05,1.97212512459953e-11,0.000478476385753991,0.000344634958853591,-0.00519616651057601,-0.00257041698689039,0.000234341916207862,-0.000155837653331365,0.000277713593357557,6.29579316770636e-05,-0.399999994797912,0.244172029592999,0.250000002817214,-0.193935604200241,0.399999944068259,0.250000006281158,0.399999995110549,0.399999958042403,0.250000002670907,0,0,0,0,0.01,0.705623541637948,0.01,0.01,0.01,1.37821950625445,0.371853686673414,0,0.436897338314278,0.01,0.01,0,0,0.01,0,0.01,0.01,0,0.01,0,0.01,0,0,0.01,3.51245065083906,4.05015611705534,3.60210066603588,3.96050610185851,0,0,0,0,0,0,0,1,0,0,0,1,1,0,1,0,0,1,0,1,0,1,1,0
237,-0.0600000000950059,0.130000000075168,0.0474593886155266,0.0424284910552413,0.00500000046113708,0.040947529703385,-0.00999999995026482,-0.102982109634948,0.043662495338539,0.855228512272335,3.14438514362941e-06,-5.99401790349082e-06,0.518276389926656,-0.0101115814201654,-0.0352467848329602,0.0519974559097259,8.80666508118741e-12,-1.81210012832923e-11,-0.00750904739599853,-9.74619899276838e-05,2.71635954720572e-10,6.96774655761345e-05,-1.37954655035151e-11,3.81673502558804e-05,2.25050187768447e-05,-0.000866743294314294,-0.000486943136090189,0.000291952494205292,-5.43840763307074e-05,1.57346737045067e-05,2.16520856068466e-05,-0.39999999636365,0.216038567161928,0.250000002811975,-0.207951492519415,0.399999972532733,0.250000010251937,0.40000000055359,0.399999977833674,0.149999999127174,0,0,0,0,0.01,0.724775054447687,0.01,0.01,0.01,1.07618651323586,0,0,0.445902410919208,0.01,0.01,0,0,0.01,0,0,0.01,1.46065877076661,0,0,0.01,0,0,0.01,3.51261559051726,4.05550426679073,3.62217481176348,3.94594504554451,0,0,0,0,0,0,1,1,0,0,0,1,1,0,1,1,0,0,1,1,0,1,1,0
238,-0.060000000139597,0.130000000069126,0.0471699856000475,0.0424259944274967,0.00500000019222552,0.0409475652324492,-0.00999999991971126,-0.102983704613312,0.0436651196801071,0.855225280690333,-2.45645972336226e-06,-1.99798722367052e-06,0.518281722488733,-0.0101128378082734,-0.0352475371283425,0.0519977526887494,4.84218415828e-11,-7.15627683799562e-11,-0.0213619880414898,-8.77837022387453e-05,-6.77178312228473e-10,6.27816902174767e-07,3.39487356311007e-11,-0.000147733266229702,-9.84066417944328e-07,0.000878781580086022,0.000406435334062725,0.000595563566948396,-4.40556667084176e-05,-0.000105438523983551,-1.80288357065437e-05,-0.399999980039519,0.158991528805688,0.250000002212903,-0.221253810171037,0.399999941662831,0.250000004349999,0.399999998131037,0.399999964524482,0.14999999832169,0,0,0,0,0.01,0.753129534839702,0.01,0.01,0.01,1.10833904376149,0,0,0.480576929050033,0.01,0.01,0,0,0.01,0,0,0.01,1.47483008891282,0,0,0.01,0.490844631746401,1.84900772193495,0.01,3.498797330967,4.05998708091352,3.6036868956091,3.95509751627143,0,0,0,0,0,0,1,1,0,0,0,1,1,0,1,1,0,0,1,1,0,0,0,0
239,-0.0600000001490424,0.130000000086999,0.0470953788276022,0.0419812527888383,0.00482132177098316,0.0409468158803434,-0.00999999994663359,-0.103377070111827,0.0436210698886376,0.854299848563632,3.02311682265261e-06,-3.66251509573743e-06,0.51980574713116,-0.0104410374404679,-0.0355959770823001,0.0519972125742103,-6.36557387379382e-12,-5.75123091626675e-11,0.013725873079603,-0.0440926764729157,-0.0171522740504924,-2.60517521313161e-05,-8.91189155485536e-11,-0.0385246157076993,-0.00409941747235121,-0.00011765861137003,4.89118419404236e-05,0.358403505589076,-0.0326542634752523,-0.0343593360816695,-5.31720511691163e-07,-0.400000002630428,0.222670398439521,0.244483534748852,-0.123140225134246,0.400000011277852,0.250000006458854,0.399999998231445,0.399999982343258,0.1499999988245,0,0,0,0,0.01,0.607472411080147,0.01,0.01,0.01,1.4942793352025,0,0,0.398363418694968,0,0.01,1.43349422637697,0,0.01,0,0.01,0.01,1.23061321712078,0,0,0.01,0.266267682604866,0,0.01,3.51189739386757,4.10314801055677,3.69246596473056,3.92257943969378,0,0,0,0,0,0,1,1,0,1,0,0,1,0,1,0,0,0,1,1,0,0,1.42875978776473,0
240,-0.0600000000476371,0.130000000018253,0.0469055860645139,0.0419288366363749,0.00500000069021699,0.0407389636036827,-0.00999999990837058,-0.103323636355109,0.0437153898483,0.853054994428117,-6.76310913286318e-06,4.24912066436582e-06,0.521846200639995,-0.0106474773630757,-0.035604093801844,0.0519975256544513,4.19441808951533e-11,1.40765052847566e-11,-0.0324741884446886,0.0325878316555685,-2.75120147799835e-12,-0.0219891915631337,-1.14792035605034e-09,0.0297225720096679,0.0108618511319234,-0.00182623219115926,-0.000469885974193251,0.163871661815672,0.00410171443206839,0.0213361653080091,-1.80609471310118e-05,-0.39999998271943,-0.0245923628423364,0.250000000507829,-0.238270400738456,0.352583931374862,0.250000003518412,0.4000000068708,0.343223589219739,0.149999999688874,0,0,0,0,0.01,0.61865710898492,0.01,0.01,0,0,0.01,0.01,0.705761178533537,0.01,0.01,1.53715742200508,0,0.01,0,0.01,0.01,1.06085465457004,0.01,0,0.01,0,0,0.01,3.7612956140479,4.34736524006235,3.92139769132828,4.18726316278197,0,0,0,0,1,1.17312780688767,0,0,0,0,0,0,1.00586634979538,0,1.13967292883923,0,0,0,0,1,0,1,1.28685069827679,0
241,-0.0599999994751653,0.129588638228846,0.0459598109778976,0.042573252870139,0.00500000058519386,0.0406066446611998,-0.0100000003254265,-0.102880892152112,0.0437885075760274,0.853435323764166,-5.69854450469251e-06,8.15966143983473e-06,0.521223989428097,-0.0104385349696596,-0.0352228968334302,0.05199762446443,2.16528180243569e-09,-0.0409314302722586,-0.0499999999538789,0.0307290183565168,5.97453203232748e-09,-0.000193975199972143,-1.55465730417094e-09,0.0157677809531889,0.000154124289173723,-0.00247733716776702,0.00611940239220693,-0.183520790864832,0.0108622384884105,0.0166685459899682,-2.41389654575874e-06,-0.399999107644011,-0.030695037047457,0.250000019008843,-0.259161987804308,0.319106021653236,0.250000072644196,0.400000281404449,0.221542004631182,0.149999989477354,0,0,0,0,0.01,0.659417661205361,0.01,0.01,0.01,0,0.01,0.01,0.704718542617358,0,0.01,1.53422344681291,0,0.01,0,0.01,0.01,1.10790351771239,0.01,0,0.01,0,0,0.01,3.77383436236617,4.36375260247404,3.96143454363235,4.17615242120786,0,0,0,0,0,1.05879026495936,0,0,0,1,0,0,1.00097011610985,0,1.08727128350989,0,0,0,0,1,0,1,1.36843686895658,0
242,-0.0595595520472757,0.12797860223429,0.0449548140206072,0.0427601942899941,0.00500000013397166,0.04060422763012,-0.00999999994634339,-0.102788767286425,0.0437888385856254,0.853914734286288,-3.45315157013555e-06,5.74459341447506e-06,0.520438213088413,-0.0103298478736695,-0.0351219119289377,0.0519974945866139,0.0438256686696443,-0.0749999999991547,-0.0499999999999789,-3.67532093478215e-05,-7.51844256944307e-10,8.65242014939363e-05,-1.63123942531533e-09,0.000153565777132663,-1.9214236776786e-05,0.000695780094762016,-0.00225792267713963,3.5835889705966e-05,-9.35825375214108e-05,-1.86066223169478e-05,-2.41634015442072e-05,-0.399999999510125,-0.0997200141454573,0.250000000008653,-0.188821707491767,0.40000000004048,0.250000000047916,0.399999999861605,0.399999999931122,0.249999999991462,0,0,0,0,0.01,0.627316559122585,0.01,0.01,0.01,1.613459402332,0.626327056640008,0,0.664757834363993,0,0.01,1.54059961159065,2.0983820133619,0.01,0.980599007533181,0.01,0.01,1.59324783870048,0,0,0.01,0,2.15103006938024,0,3.71112018909845,4.33213590338994,3.91139072108538,4.13186537140301,0,0,0,0,0,0,0,1.14485732521748,0,1,0,0,0,0,0,0,0,0,1,1,0,1,0,1
243,-0.0592246991818402,0.129100143131434,0.0439342187825346,0.0427593245522371,0.00500000013420087,0.0406039295099328,-0.0100000002635833,-0.102788494212255,0.0437871137427583,0.853913232034175,5.51209843785178e-07,1.70886040563511e-06,0.520440677507391,-0.0103300902160148,-0.0351219192229901,0.0519970697292203,-0.0100709665159939,0.0750000006239255,-0.049999999937549,-5.16999420578628e-05,2.98535955674725e-10,-6.96485048804992e-07,2.59653591414431e-10,7.63370605006704e-05,2.07831611648298e-05,-0.000566151903432121,-0.000312896083141112,0.000160453487972018,-2.08543670020221e-05,4.44957799711739e-05,1.84235995963874e-05,-0.399998874735708,0.0125843340892176,0.250000025739946,0.000411334548246673,0.399999860173692,0.24999987085174,0.400000158964234,0.399999727057293,0.250000042230627,0,0,0,0,0.01,0.251458683772808,0.01,0.01,0.01,2.01330619043229,0.40854548854838,0.666295567572983,0.563975226975788,0.01,0.01,1.44299071645954,0,0,1.44347021621827,0.01,0.01,1.93261987288506,0.01,0,0.01,0,2.53016899815369,0,3.85561295233289,4.40268000699115,3.97696371462672,4.28132924469733,0,0,0,0,0,0,0,0,0,0,0,0,1,1,0,0,0,0,0,1.07725542282091,0,1,0,1
244,-0.0598192077753048,0.129999999881412,0.0429321803371083,0.0433008574939781,0.00500000073401675,0.0403602677305723,-0.0100000006652951,-0.10251858816436,0.0437982888601617,0.854056834360432,-7.52464027617657e-06,7.25732786472686e-06,0.520204989909975,-0.0102791071754236,-0.0348567285488002,0.051997623078168,-0.049184257650577,4.89994857179869e-10,-0.0499999999882448,0.0520884374742222,4.70544943651775e-09,-0.0238647913311331,-1.40782131023709e-09,0.0274321988849568,0.000465336323652687,-0.000894010600911438,0.000568654601078373,-0.0680958072410929,0.00471877366062546,0.0270695750861016,-8.04034363635153e-05,-0.126458029612303,-0.0293759530387389,0.250000004845016,0.0327967014144702,0.400000333834669,0.150000021043827,0.29999816262176,0.400000281072177,0.150000000294848,0,0,0,0,0.01,0.114380848161574,0.01,0.01,0,0,0,0,0,0.01,0.01,0,0,0.01,0.915719051561411,0.01,0.01,0,0.01,0,0.01,0,0,0.01,3.6120654144135,4.29980881910907,3.77752128387841,4.13435294964417,0,0,0,0,1,1.29884736014428,1,1.00971493665977,1,0,0,1,1,0,0,0,0,1.89776820941787,0,1,0,1.60208644144905,2.1603104161753,0
245,-0.0600000001532722,0.130000000110451,0.0424728719620936,0.0445838996838655,0.00500000021175024,0.0404600957874025,-0.00999999988125741,-0.101856011453895,0.0437999665843216,0.854865064383354,-6.73224421296938e-06,4.67284182597833e-06,0.51887574863532,-0.0100941030044654,-0.034181236670379,0.0519978501845217,-4.11003621305537e-11,-1.41221915858928e-11,0.00380012427975846,0.0749999999718974,-7.03118631694997e-10,0.0242449356909792,2.28685443967986e-10,0.0396689326062529,5.13894212930526e-05,0.000160938075720727,-1.47544503298567e-06,-0.216298493204542,0.0128183202287137,0.0406731889592673,-3.29094164891369e-07,-0.0457155842267175,0.0448284059418776,0.188792694546447,-0.400000011581662,0.399999991269708,0.150000000613512,0.153370282155361,0.400000006314875,0.149999999770158,0,0,0,0,0.01,0.830353157948748,0.01,0.01,0,0,0,0,0,0,0.01,0,0,0.01,0,0.01,0.01,0,0.01,0,0,0,0,0.01,3.43728709154932,4.3560474884372,3.7733295318468,4.02000504813971,0,0,0,0,1.09623060612529,1.47428714644929,1.15027610223444,1.23242534398136,1,1,0,1.35006773183388,1,0,1.34832428494174,0,0,2.1342693162295,0,1,1,1.51424505562688,1.98119896094553,0
246,-0.0600000128834776,0.129999999764612,0.0430851220434529,0.0448900741479645,0.00500001009505702,0.0405310197872584,-0.00999999675223119,-0.101686453543678,0.0437987385675335,0.855477091492519,-2.95546749487625e-06,-2.48195595862277e-06,0.517866088410052,-0.00995549798996445,-0.0340033736956851,0.0519978381936791,8.0552767483896e-10,-4.98469150499809e-09,0.0500000008669889,-0.00597169621620873,-8.73134978544399e-09,-0.000248819387401853,-9.29869692679956e-09,-0.00332009296926749,-0.000658250969136121,0.00537715428563273,0.00143167884508368,0.0670429876139936,-0.00397545079523037,-0.00362650254707269,-0.000361742853412114,-0.133387639650059,0.0757716424014231,0.20618058833942,-0.39999998081188,0.399997649466445,0.150000057098655,0.0590534924888549,0.399999252673214,0.150001001755535,0,0,0,0,0.01,0.840637625529581,0.01,0.01,0,0,0,0,0,0.01,0.01,1.46161591599277,0,0.01,0,0.01,0.01,0,0.01,0,0.01,0,0,0.01,3.54299557266939,4.40350428892454,3.85010605868204,4.0963938029119,0,0,0,0,1,1.4651571217692,1.06601266719316,1.15390323981228,1,0,0,0,1,0,1.23322040451948,0,0,2.17852657132574,0,1,0,1.50321971213937,1.96071318923143,0
247,-0.0600000008644658,0.130000001199935,0.0436208138834995,0.0456613877503017,0.00499999936131459,0.0408711431425982,-0.010000017229566,-0.101297762733467,0.0438221946466629,0.855446289291547,-6.30431367979606e-06,3.49624475369046e-06,0.517916968321443,-0.00988898554440127,-0.0336501273180487,0.0519977139739703,1.30566329888197e-09,-5.69451604689469e-10,0.00380000318654165,0.0750000002140532,9.06465062422307e-10,0.0356287744857006,-1.43426654879705e-08,0.0411857034891631,0.00211756626679394,-0.000651388610474238,-0.000318737329910039,-0.00196854282359761,0.00631185855449357,0.0375837048193822,2.04709864798629e-05,-0.399999470399897,0.25171833197442,0.250000102530098,-0.399999797576769,0.399998311260436,0.180640209764972,0.400003431746878,0.399999958554917,0.150000166906717,0,0,0,0,0.01,0.880471901784169,0.01,0.01,0.01,0,0,0,0,0,0.01,1.77406102458874,0,0.01,0,0.01,0.01,0,0.01,0,0.01,0,0,0.01,3.76443221963641,4.43186246029935,3.91588847787643,4.28040620205934,0,0,0,0,0,1.40772174815971,1.2781960040073,1.20933802967541,1,1,0,0,1,0,1.32152185468712,0,0,1.2051016983919,0,1,0,1.45624295921452,1.835091827162,0
248,-0.0600000001351131,0.130000000107459,0.0432542350140222,0.0465260655564495,0.0050000002295583,0.0412562077201876,-0.00999999990487864,-0.100832572163753,0.0438248652429923,0.856664629463075,-2.6839215597536e-06,5.5545987313657e-06,0.51589929679882,-0.00960515729683509,-0.0331698531708434,0.0519976244206832,-2.16241494684305e-11,-3.60196340871105e-11,-0.0402378097591749,0.0227282579537827,-5.09911815495973e-09,0.00025874535142037,2.69711044732198e-09,0.0114520400697533,-0.0001675380327008,0.00328300424716029,-0.00268920350497017,-0.253675189471846,0.0150036215724843,0.0126516427181071,-3.84525879563864e-06,-0.400000008923029,0.115001107731872,0.250000000426107,-0.39999999718064,0.399999992142264,0.231233727389817,0.400000003116198,0.399999991878432,0.160784419132645,0,0,0,0,0.01,0.891990713796967,0.01,0.01,0,0,0,0,0,0,0.01,1.94322586447516,1.3470736595797,0.01,1.31407308980013,0.01,0.01,0,0.01,0,0.01,0,0,0.01,3.73462918098339,4.45893764838353,3.90204204897134,4.29152478039559,0,0,0,0,1.03889342281719,1.3233206090453,1,1.122227961065,1.03111027041396,1,0,0,0,0,0,0,0,1.19929892707116,0,1,0,1.41867321998089,1.73487075322202,0
249,-0.0600000001473701,0.130000000115489,0.0423471013753047,0.046625808905079,0.00500000025370818,0.0412582400307739,-0.00999999986966148,-0.100777914577479,0.0438252432180655,0.856958290268679,-2.82538811687319e-06,-2.63703858948488e-06,0.515411355439639,-0.00953836100730581,-0.0331105462810977,0.0519979382614938,-4.59416650926535e-11,-9.20677481652725e-11,-0.0499999999968715,-8.0039626196537e-05,8.28730259339266e-11,0.000160188045879102,-8.74604593061026e-10,7.17363697331446e-06,9.83961992688034e-05,0.000235210880800949,-0.000560047059284979,0.000321884032815656,-4.89536732319541e-05,-1.75180645219366e-05,8.51731144158366e-05,-0.400000018933506,0.19599802820912,0.250000001289459,-0.399999991610789,0.399999973338377,0.238589627434828,0.241760050848444,0.399999990699671,0.149999999238473,0,0,0,0,0.01,0.881780934194229,0.01,0.01,0,0,0,0,0.561679757596554,0,0.01,2.00818335670526,0,0.01,0,0.01,0.01,0,0.01,0,0.01,0,0,0.01,3.78491501447051,4.53444960633091,3.95232347888381,4.3670411419176,0,0,0,0,1,1.37753550341045,1,1.09580064315039,0,1,0,0,1,0,1.34009444514078,0,0,1.29895467858021,0,1,0,1.48672947227127,1.77605844423225,0
250,-0.0600000001545231,0.13000000009937,0.0413423960724979,0.0473970267796773,0.00500000019908257,0.0416023642668456,-0.0099999998056509,-0.10037851693545,0.0438653409985483,0.856969378644316,-7.04970793378093e-06,3.85998768569189e-06,0.515392918944589,-0.00945921836647389,-0.0327491760365837,0.0519978281777891,-1.00383148749343e-10,3.4082148195696e-11,-0.0500000000048371,0.074864078681346,2.59822452804723e-09,0.0347402385445849,-7.01398019436904e-10,0.0401278671107311,0.00347519657252394,-0.000594605708048654,-0.000180653730040436,-0.0218019336643517,0.00735575693350086,0.0368297735663875,2.17341893043638e-05,0.11271187378403,-0.0995253538678051,0.215783280125195,-0.400000018981626,0.40000000380131,0.150000000816652,-0.0292328332095703,0.400000008846161,0.150000000243582,0,0,0,0,0.01,0.898657356365936,0.01,0.01,0,0,0,0,0,0.01,0.01,0,0,0.01,0,0.01,0.01,0,0.01,0,0.01,0,0,0.01,3.66091404213908,4.65574095647126,3.98323625472828,4.33341874388206,0,0,0,0,1,1.47906380264848,1,1.1292940435216,1.13427871114205,0,0,1.47588276156981,1,0,1.55952204070287,0,0,2.25611527148921,0,1.05914270934504,0,1.77398536748655,2.0432412384436,0
251,-0.0600000117767974,0.129999999571579,0.0408830893772594,0.0477985938420188,0.00500000896401358,0.04175097969969,-0.00999999092977603,-0.100149580741297,0.0438670830521348,0.857616746475755,3.13093519258758e-07,-3.31997651128119e-06,0.51431498790653,-0.00930615951000104,-0.0325153832565043,0.0519976808459702,-9.18389424095796e-09,3.56794667749118e-09,0.00380035962432409,-7.11787108718076e-05,1.20395590582735e-08,0.000166151631981294,-3.38427202103311e-09,-0.000144233248181327,-0.000435315736388467,0.00538001160969572,-0.00233177605031187,0.000571073602104649,-0.000156812191482848,-0.000319970930210902,-0.000134262939526573,0.258732769370385,-0.169880983917507,0.156597417277349,-0.258206912131641,0.400006332606849,0.150000012252066,-0.0366464279807731,0.400001907040971,0.15000002951015,0,0,0,0,0.01,0.910412176165411,0.01,0.01,0,0,0,0,0.01,0,0.01,0,0,0.01,0,0.01,0.01,0,0.01,0,0.01,0,0,0.01,3.63376828659182,4.70373058588869,3.96972667299179,4.36777219948872,0,0,0,0,1,1.53620262112878,1,1.07932836574251,0,1,0,1.57933647256037,1,0,1.60955280011876,0,0,2.32711267579637,0,1.33155003616236,0,1.80045032783902,2.02838248677143,0
252,-0.0600000001393762,0.130000000009146,0.0414953478304983,0.0477987211576643,0.00500000024670476,0.0417518220602151,-0.00999999990227127,-0.100150416451204,0.0438685393288422,0.85761731415354,-2.8782502721665e-06,-2.05658281449229e-06,0.514314041718449,-0.00930632839313755,-0.032515897670243,0.0519979912621296,-5.31696988898497e-11,4.2357257418731e-11,0.0499999999988393,2.55942776479038e-06,-3.03704470773195e-10,6.54594436118271e-06,2.66886728838739e-10,-6.66755349975938e-05,-6.20915538182829e-06,0.000291607399245041,0.00021187192430156,1.62067511000088e-05,2.17250867659323e-07,-3.88200982601998e-05,-2.56281044474527e-05,0.304691033883126,-0.220009998878767,0.149999999521627,-0.270211267260314,0.400000039407052,0.150000000109858,-0.0516517997135662,0.400000013038627,0.15000000044306,0,0,0,0,0.01,0.91632276644939,0.01,0.01,0,0,0,0,0.01,0,0.01,0,0,0,0,0.01,0.01,0,0.01,0,0.01,0,0,0.01,3.67804820251235,4.74386445798186,4.01110680496192,4.41080585553229,0,0,0,0,1,1.53599982318525,1,1.07132275450315,0,1,0,1.56831327040957,1,1,1.62152657706216,0,0,2.34532351073302,0,1.37062959576218,0,1.83797236421937,2.0442219267489,0
253,-0.0600000001333437,0.130000000005297,0.0425257350719367,0.0477978933734169,0.00500000023598888,0.0417525544661539,-0.00999999992491709,-0.100150906266281,0.0438693233507115,0.857616652016583,-3.3383923608153e-06,-2.28098941673093e-06,0.514315145831527,-0.00930674688961896,-0.0325162349356746,0.0519979909800385,-3.85529955603391e-11,4.32373758693168e-11,0.0499999999979145,-3.85222737010742e-05,4.04913622150978e-11,3.44439671094461e-05,7.42999432832826e-12,-2.85678295989308e-05,3.24501376214312e-05,6.10712877376921e-05,2.37313283345401e-05,0.000124534039110337,-1.86623426608191e-05,-2.0496152352151e-05,-1.37225426463342e-06,0.307278495379006,-0.116574870112622,0.14999999914042,-0.278425545823403,0.400000036641345,0.149999999969182,-0.0593357433830862,0.400000018686097,0.150000000783359,0,0,0,0,0.01,0.916110841579572,0.01,0.01,0,0,0,0,0,0.01,0.01,0,0,0.01,0,0.01,0.01,0,0.01,0,0.01,0,0,0.01,3.6901974579497,4.76198658467022,3.99112748729398,4.46105655532594,0,0,0,0,1,1.57738945050381,1,1.11764969563645,1.28079934239405,0,0,1.54192395669314,1,0,1.62157762468689,0,0,2.34493188297814,0,1.37674710036796,0,1.86506129400969,2.09089813119116,0
254,-0.0600000005055274,0.129405369008627,0.0435406440973245,0.0477970816241368,0.00500000134070552,0.0417532585396366,-0.00999999999478873,-0.100151376089971,0.0438700742874595,0.857616019733661,-3.35370519234843e-06,-2.26651389550387e-06,0.514316199916648,-0.00930713733688645,-0.0325165749110431,0.0519979899459254,7.59032403916053e-10,-0.0591672748922897,0.0500000006739042,-4.15485400885653e-05,-1.55454670833595e-09,3.54516031252193e-05,-1.0044297997105e-09,-2.22423738294646e-05,3.80943715035783e-05,-8.65503298459801e-06,-3.9680193998072e-06,0.000125489256670056,-1.99849813069977e-05,-1.62178515241613e-05,1.14146327770667e-07,-0.341995198491094,0.0755445993255639,0.250000277395496,-0.399999033360485,0.399999365976412,0.196653406647614,0.199759198564779,0.399999780483211,0.14999997971156,0,0,0,0,0.01,0.903075895576071,0.01,0.01,0,0,0,0,0.676850529612873,0.144630165227639,0.01,2.02774720643551,0,0.01,0,0.01,0.01,0,0.01,0,0.01,0,0,0.01,3.85934558290026,4.6342540137434,4.06243797793252,4.43116161871115,0,0,0,0,1,1.36374995348213,1,1.01745672708724,0,0,0,0,1,0,1.3994891998529,0,0,1.19970389192469,0,1.1696809779584,0,1.56775610442506,1.77993998854302,0
255,-0.0600000129235157,0.129999999624511,0.0440763334535131,0.0488325575380797,0.00500000997955222,0.0421635775925043,-0.00999999159236602,-0.0996106564371938,0.0439553729947331,0.857385354577949,-8.43034350367312e-06,3.95956082904264e-06,0.514700637591696,-0.00919896703522766,-0.0320634050312525,0.051998008804466,-1.14925197726156e-08,3.60884598890706e-09,0.00379992479977228,0.0750000101165705,-1.43338490537069e-08,0.0383862447281245,3.86011167251922e-09,0.0436338976172684,0.00362617058904676,0.000940195000962869,0.00124892376122417,-0.0866577162267748,0.00980755885182859,0.0420483466977848,-5.58411952814923e-05,0.32243708294316,-0.16731850758372,0.150000017432622,-0.32210586663421,0.400007507771379,0.149999984711892,-0.059798638304359,0.400002342383579,0.150000060062319,0,0,0,0,0.01,0,0.01,0.01,0,0,0,0,0,0.01,0.01,0,0,0.01,0,0.01,0.01,0,0.01,0,0.01,0,0,0.01,3.66368169350864,4.73816569188904,3.96158955801111,4.44025782738657,0,1,0,0,1,1.55325486945726,1,1.13514771318929,1.26784039226854,0,0,1.56071345805471,1,0,1.62155854350863,0,0,2.34022360785429,0,1.36337933259888,0,1.87939499985521,2.07293321072681,0
256,-0.0600000002536827,0.128663388264981,0.0446527857932096,0.0491570233313772,0.00500000534459627,0.0422624984281596,-0.0100000009492562,-0.0994168718806926,0.0439604584502466,0.858007952042114,-5.2725760417154e-06,-7.69076434598025e-07,0.513662113439155,-0.0090564572880629,-0.0318629874598109,0.0519980873903109,4.32363300726514e-11,-0.0750000004048125,0.0499999992616081,-0.00311371019250537,7.30871467618865e-10,-0.000221134940894229,-2.05387833020638e-09,-0.0018195269644052,0.000173564596202509,-0.00405905902513215,-0.000543429845599239,0.0346123188746182,-0.00216721572936142,-0.00200010460486974,-0.000142263105879639,-0.197225591245855,-0.0412180101000652,0.183550857539983,-0.327005957185834,0.400001513231065,0.25000000456779,0.375154744936192,0.400000332354491,0.202773449252146,0,0,0,0,0.01,0.925124622796581,0.01,0.01,0,0,0,0,0.180345060819757,0.01,0.01,0,0,0.01,0,0.01,0.01,0,0.01,0,0.01,0,2.00877384416086,0.01,3.74802607124854,4.58062798116231,3.95007075337109,4.37858329903975,0,0,0,0,1,1.22709613276106,1,1,0,0,0,1.47282539643896,1,0,1.3422715217174,0,0,1.21949471213519,0,1.21115849314721,0,1.53766080363011,0,0
257,-0.0600000087868166,0.129382337537232,0.0456977428071042,0.0490205434471387,0.00500001128761709,0.0422633602368656,-0.0100047986350523,-0.0994912942586382,0.0439601047429146,0.85762641436699,-7.73482464008673e-07,-4.94652608483637e-06,0.514298890485466,-0.00914987228336,-0.0319427482747385,0.0519978773896352,-1.10405236198888e-08,0.0750000034016599,0.0499999998847902,-0.0104290376777312,1.36592108617905e-08,1.92460757450398e-05,-0.000363690491305734,-0.00573583490094728,-4.13772564594063e-05,0.000704594739884994,4.24029029663028e-05,0.11443952761812,-0.00714781299443602,-0.00614962588161589,-2.75821807765312e-05,0.317724671017087,-0.170331932735499,0.14999995251206,-0.250464927213933,0.400005601206207,0.150000006926136,-0.0815834585330348,0.400001121419573,0.150000061001295,0,0,0,0,0.01,0,0.01,0.01,0,0,0,0,0,0.01,0.01,0,0,0.01,0,0.01,0.01,0,0.01,0,0.01,0,0,0.01,3.65306160660642,4.73577894842974,3.9514467965703,4.43739375846586,0,1,0,0,1,1.52176850035558,1,1.02962034261589,1.3252143683548,0,0,1.56794591716409,1,0,1.63560243532682,0,0,2.34525767426744,0,1.42995597646855,0,1.90960547151547,2.11335204727155,0
258,-0.0600000000974126,0.128562027305911,0.0466421413395743,0.0487303113560328,0.00500000024896792,0.0422640806583058,-0.00999999997188624,-0.0996598991045285,0.0439611644137462,0.856759331371497,-1.49750469556858e-06,-4.55220401133297e-06,0.515742066106487,-0.00934409796700916,-0.0321236473561669,0.0519979824714134,2.62478976449545e-11,-0.0749999999619954,0.0444678166384885,-0.0188636955525809,-6.19251391615019e-10,6.1494749037003e-05,4.7991226932229e-10,-0.0108116440924727,5.67409946754261e-05,4.04659393737135e-05,-0.000161922278015632,0.215882211257602,-0.0127222125287746,-0.0116189052858202,1.70624847398463e-05,0.400000010820128,-0.161488394948389,0.14999999950565,-0.400000002123687,0.400000004946736,0.150000000087194,-0.0840432638018664,0.400000007928919,0.150000000376294,0,0,0,0,0.01,0,0.01,0.01,0,0,0,0,0,0.01,0.01,0,0,0.01,0,0.01,0.01,0,0.01,0,0.01,0,0,0.01,3.60667924104547,4.69589359462405,3.91382602410127,4.38874681156825,0,1,0,0,1,1.58169472438779,1,1.06514868409125,1.34112022230139,0,0,1.58661915445372,1,0,1.64018371510554,0,0,2.37796204543175,0,1.44220213635122,0,1.91409403393365,2.10658604128613,0
259,-0.0600000093876607,0.127056390611088,0.0474575318278628,0.0484438123582167,0.0050000114186841,0.0422648183195491,-0.00999999119611291,-0.0998231895385963,0.0439619968351622,0.855914177011702,-1.61967221766468e-06,-4.93806905376636e-06,0.517143466686115,-0.00953722876329198,-0.0322995912904577,0.0519979906005476,-1.09791856383774e-08,-0.0749999961759854,0.0371075042654534,-0.0099977602576469,1.29945659038205e-08,4.02860423156271e-05,1.46046337169326e-09,-0.00547077792629162,4.9789995895545e-05,-6.26844837569945e-05,-7.53186676873055e-05,0.112791008571626,-0.00670285990442072,-0.00596454799263742,4.02924399063341e-06,0.317200668411918,-0.158876193617035,0.149999912610987,-0.189108566179453,0.400004942966891,0.150000033751031,-0.0522828897825777,0.400001135322978,0.15000007706817,0,0,0,0,0.01,0,0.01,0.01,0,0,0,0,0,0.01,0.01,0,0,0.01,0,0.01,0.01,0,0.01,0,0.01,0,0,0.01,3.52682779164889,4.59897786618112,3.83048677389461,4.29531888393539,0,1,0,0,1,1.55188158543202,1,1.02390038277486,1.32439267449046,0,0,1.56588065642843,1,0,1.532188626654,0,0,2.41973214523453,0,1.44845784868898,0,1.91050902420517,2.06192190937968,0
260,-0.0600000000995159,0.125495058145182,0.0481874187427253,0.0481493117118117,0.005000000233523,0.0422654235464858,-0.00999999997081172,-0.0999866713408662,0.0439628780951395,0.855049831633446,-1.71428470752417e-06,-4.5050428860738e-06,0.518571349300739,-0.00973463180674625,-0.0324769995775284,0.0519979894806486,1.32181842098522e-11,-0.0749999999693238,0.0358878115771685,-0.0193269402066469,-1.39871195865815e-09,2.70879069837566e-05,9.70480461093665e-10,-0.0110629477898628,3.39877969931978e-05,7.61479565062773e-05,8.13180754565091e-05,0.221071253720176,-0.0129949439107662,-0.0119151916011113,-3.56414838574674e-06,0.400000005449826,-0.361336466812716,0.149999999489716,-0.400000004669659,0.400000004644542,0.150000000207407,-0.0487630818882075,0.400000006837976,0.150000000305078,0,0,0,0,0.01,0,0.01,0.01,0,0,0,0,0,0.01,0.01,0,0,0.01,0,0.01,0.01,0,0.01,0,0.01,0,0,0.01,3.44162658290739,4.53308660891881,3.75529016840551,4.2194230234207,0,1,0,0,1,1.57616928827406,1,1.05362020852571,1.3372458423784,0,0,1.58069464001299,1,0,1.52990972865266,0,0,2.40882344252493,0,1.45430976478328,0,1.90993222782357,2.04393307432309,0
261,-0.0600000005982915,0.124458147803524,0.0488543001017697,0.0480341658949128,0.00500000773859799,0.0422658872643656,-0.00999998520668577,-0.1000558692184,0.0439640944891495,0.854704894145626,-4.13253483958229e-06,-1.94189856373135e-06,0.519139678564492,-0.00981266556696922,-0.0325507640465755,0.0519980021650184,-5.65329841621287e-09,-0.0289213443718432,0.0308252919079724,1.97112912494471e-05,2.67669796448955e-09,7.98202228862782e-05,-4.2807323475733e-09,-8.12623672920604e-05,-0.000160301861013384,0.00263216777029024,-0.000248347759841408,-5.15856298198802e-05,-2.83871927531616e-05,-0.000140041396097971,-4.58857801097645e-05,0.0462601579006461,-0.345194900740098,0.211896648919735,-0.400004132889994,0.400001763898022,0.150000239452732,-0.0668908017194863,0.400001854142108,0.150000115378176,0,0,0,0,0.01,0,0.01,0.01,0,0,0,0,0.546085778716544,0.01,0.01,0,0,0,0,0.01,0.01,0,0.01,0,0.01,0,0,0.01,3.43383462427172,4.36992358990765,3.62038727174139,4.18337094243798,0,1,0,0,1,1.507532276932,1,1.01470099157212,0,0,0,1.19548402295673,1,1,1.58377075203458,0,0,2.36448014283206,0,1.40636095682931,0,1.88912088144816,1.99573258518998,0
262,-0.0600000001351644,0.125536703891524,0.0490952463149819,0.0480339912413927,0.00500000020029946,0.0422665742910766,-0.00999999985982049,-0.100056197105025,0.0439647978970424,0.854705204012026,-3.55804010893701e-06,-1.60084914890945e-06,0.519139170141111,-0.00981272846277718,-0.032550951079146,0.0519979942889989,-4.55774910355827e-11,0.0750000000626178,-0.00654348574235717,-2.16185027742612e-05,7.94849459968351e-11,3.54331176948795e-05,3.93933650791067e-11,3.64680473493746e-06,4.81937691529702e-05,-0.000171006997549182,-6.31192730615474e-05,-3.94066894032245e-05,-9.83020249861423e-06,3.92573307690044e-06,-2.35053418175281e-07,0.0604829752894525,-0.366575303433647,0.220763975464116,-0.400000014844723,0.400000008967408,0.150000000704368,-0.132738622370761,0.400000008516621,0.150000000686255,0,0,0,0,0.01,0,0.01,0.01,0,0,0,0,0,0.01,0.01,0,0,0,0,0.01,0.01,0,0.01,0,0.01,0,0,0.01,3.5077165668369,4.45111803777683,3.7275320652989,4.23130253931482,0,1,0,0,1,1.50835342605131,1,1,1.27787532260541,0,0,1.08932615618912,1,1,1.62263056844167,0,0,2.30461228541143,0,1.38369732281935,0,1.92862487293516,2.06578750961553,0
263,-0.0600000049000557,0.126030861838442,0.0490009407662245,0.0480334738843374,0.00500000827861884,0.0422673325287567,-0.00999998923387607,-0.100056391011727,0.0439655385364991,0.854705156166062,-3.54027802149268e-06,-1.77526583997534e-06,0.519139247542789,-0.00981294120689581,-0.0325510515362748,0.0519979895066296,-8.92372542415892e-09,-0.0250838066108504,-0.00290552900294341,-2.31984096689387e-05,4.51042752871412e-09,3.72309183806653e-05,-1.23079736165878e-09,-1.19221128076374e-05,3.65002616281931e-05,2.09947243908688e-05,6.42007807602717e-06,-1.92963579158785e-06,-9.37126477199966e-06,-6.79976468487993e-06,-3.10340417829456e-08,0.0757249245522557,-0.311530828998838,0.227278402574246,-0.400002394823517,0.40000185590457,0.150000115524402,-0.126779272696,0.400001725778632,0.150000122254135,0,0,0,0,0.01,0.935881565582455,0.01,0.01,0,0,0,0,0.569548723019777,0.01,0.01,0,0,0,0,0.01,0.01,0,0.01,0,0.01,0,0,0.01,3.53101640856489,4.46341003741962,3.70869093867049,4.28573550731402,0,0,0,0,1,1.4719893799539,1,1,0,0,0,1.19879929358511,1,1,1.67664910491722,0,0,2.3405668443566,0,1.42402929716843,0,1.91807866430726,2.0426499209652,0
264,-0.0600000045190523,0.126984622606806,0.0487406976111302,0.0480508820909642,0.00500000852310896,0.0422684069898321,-0.0099999885624198,-0.100050515972543,0.0439667293850014,0.854744289500562,-4.32959798168618e-06,2.81996131802475e-06,0.519074813198214,-0.00980317998757701,-0.0325442239774571,0.0519979946013767,-8.23534144617709e-09,0.0750000124420606,-0.0230181961506839,0.000334819431889193,5.61250850744085e-09,7.3221804931239e-05,-1.9275925050147e-09,0.000178735225882329,4.93998564461742e-05,-0.000149256963761975,2.28275922111419e-05,-0.00235305925909706,0.00016899372444437,0.000180384667104578,-2.05140727548032e-06,0.0644266198453497,-0.378803374180026,0.246611921103776,-0.400002523563211,0.400002307492964,0.150000118199296,-0.104243533500958,0.400002356785943,0.150000148703777,0,0,0,0,0.01,0,0.01,0.01,0,0,0,0,0.579325565246072,0.01,0.01,0,0,0,0,0.01,0.01,0,0.01,0,0.01,0,0,0.01,3.57882991214227,4.51277067119708,3.75673941378051,4.33486116955886,0,1,0,0,1,1.46916103649942,1,1,0,0,0,1.19908047722292,1,1,1.67276735569804,0,0,2.34673305573265,0,1.42878567210316,0,1.9217686214773,2.04072768736004,0
265,-0.0600000045593294,0.128585282587401,0.0481118136396927,0.0480471038208247,0.0050000086252399,0.0422698228094386,-0.00999998848122975,-0.100048722344523,0.0439672077574875,0.8547397278328,-4.12047662446151e-06,-2.13794620845214e-06,0.519082324723523,-0.00980463617015258,-0.0325430841802241,0.0519979941152861,-8.47073676130835e-09,0.0750000134434277,-0.0397863858087976,-2.51816745607838e-05,6.12928313293665e-09,3.37201660458408e-05,-7.23655903349878e-10,-5.47895479401238e-05,-1.61832308542543e-05,0.000749507222136481,0.000302393775312438,0.000102787003362241,-5.0856432546221e-06,-3.94635448212479e-05,-9.05052986511439e-06,0.0815373125923683,-0.399201439703742,0.249999749919869,-0.400002502249129,0.400002583828554,0.150000114478824,-0.128510001063263,0.400002562561456,0.150000158132472,0,0,0,0,0.01,0,0.01,0.01,0,0,0,0,0.583581617496708,0.01,0.01,0,0,0,0,0.01,0.01,0,0.01,0,0.01,0,0,0.01,3.66659422672202,4.60338891796336,3.84513164200629,4.42485150267907,0,1,0,0,1,1.45615560892776,1,1,0,0,0,1.20138803396651,1,1,1.66929876172305,0,0,2.34751014545185,0,1.43794433427817,0,1.92128877332867,2.03899003109668,0
266,-0.0600000044310355,0.129999988768742,0.0474536171437218,0.0480484853081223,0.00500000883453453,0.0422703759574309,-0.00999998931663016,-0.100049072968911,0.043967988626191,0.854741794005067,-3.37160411382546e-06,-2.98291745275446e-07,0.519078922083395,-0.00980407011488104,-0.0325432206053517,0.0519979910477947,-6.65787904595463e-09,5.72347938062117e-08,-0.0261015873772026,2.09643248260677e-05,5.26979779871418e-09,4.64954149916817e-05,-1.63789258741029e-09,3.8536739309576e-05,7.43970042332527e-05,-0.000460882396350383,-0.000218067449097714,-0.000251916496936326,4.90075732328939e-06,2.87729960908969e-05,7.96537064362802e-06,0.0834382068207884,-0.349753841535114,0.250000337200916,-0.400002364711039,0.400002157457154,0.150000113986989,-0.109423623196732,0.400002414654624,0.150000139718764,0,0,0,0,0.01,0,0.01,0.01,0,0,0,0,0.572406181135076,0.01,0.01,0,0,0,0,0.01,0.01,0,0.01,0,0.01,0,0,0.01,3.73605565098008,4.67986386560158,3.91729528965541,4.49862422692625,0,1,0,0,1,1.46613793430663,1,1,0,0,0,1.20774831489577,1,1,1.67853519278614,0,0,2.35937246315242,0,1.44869464855409,0,1.92781200698671,2.05215807477452,0
267,-0.0600000042743169,0.129999988537941,0.046995078976723,0.0480489165041028,0.0050000089513755,0.0422711910818659,-0.00999998924134682,-0.100048917397921,0.0439687796186799,0.854742711030789,-3.68467794694479e-06,-4.18581592733373e-07,0.519077412132153,-0.00980386844774588,-0.0325430282427997,0.0519979888133963,-7.04085474923053e-09,1.35472287908756e-08,-0.0197837550927315,2.14848742909982e-05,5.46131848179083e-09,4.02243089258325e-05,-1.16659893764288e-09,7.24639153188256e-06,3.76056994170541e-05,1.04698149424317e-05,2.9898616920149e-06,-0.000172911795523939,1.08339233624909e-05,9.07159873408533e-06,-6.51135317456285e-08,0.0863173353110805,-0.354106295258602,0.250000565067452,-0.400002468518515,0.400002258093847,0.150000119303598,-0.130896001628112,0.400002452997787,0.150000139355352,0,0,0,0,0.01,0.939078120290135,0.01,0.01,0,0,0,0,0.577850054621346,0.01,0.01,0,0,0,0,0.01,0.01,0,0.01,0,0.01,0,0,0.01,3.7294969382284,4.6726527991037,3.91216074350148,4.48998899383061,0,0,0,0,1,1.46949683026036,1,1,0,0,0,1.2085015051875,1,1,1.67863942418401,0,0,2.35890194237649,0,1.45548473032773,0,1.93074554833219,2.04966377483831,0
268,-0.0600000040349515,0.129999988160115,0.0466321348196077,0.0480867621881467,0.00500000907167621,0.0422729687833565,-0.00999998897375702,-0.100030865298068,0.043969902772481,0.854840415803931,-4.29591520467378e-06,2.70705560508283e-06,0.518916491712537,-0.0097807954957604,-0.032523144826167,0.0519979949602354,-6.97981845097815e-09,1.41160178582355e-08,-0.0165269045669103,0.00235972073808112,5.81857260978716e-09,0.000105458741305615,-1.05558398781062e-09,0.00131788917299055,4.5249989742957e-05,-4.28985846775363e-05,2.91329905852126e-05,-0.0248566970891784,0.00149505343337641,0.00140858202070093,-2.16212338895792e-06,0.0873711479039564,-0.361956662716698,0.250000613146996,-0.400002489612973,0.400002372583246,0.150000119588156,-0.13241711848043,0.400002588850886,0.150000142639532,0,0,0,0,0.01,0,0.01,0.01,0,0,0,0,0.580257469762168,0.01,0.01,0,0,0,0,0.01,0.01,0,0.01,0,0.01,0,0,0.01,3.73084045958285,4.67476008441232,3.9150892795565,4.49051126443868,0,1,0,0,1,1.476300393919,1,1,0,0,0,1.20833562409062,1,1,1.68353393020959,0,0,2.36357051315339,0,1.46203047262521,0,1.94081740133557,2.05729991417124,0
269,-0.0600000001041825,0.130000000007346,0.0463576401412639,0.0480895875458646,0.00500000036826865,0.0422741290937239,-0.00999999981449146,-0.100027461112783,0.0439705993753677,0.854848914151542,-4.33931766733186e-06,9.55843649076012e-07,0.51890249369609,-0.00977884040209549,-0.0325200919344399,0.0519979868893661,-2.04406214987295e-11,-1.63297978510982e-10,-0.0109503688299018,9.65622775140946e-05,-3.20036056079258e-10,1.38995507180761e-05,1.36764292824813e-10,-2.74611200187026e-05,-2.39876206050116e-05,0.000662792232912152,0.000533540895543956,-0.000351515156692394,5.68490003011669e-05,2.07407221089969e-06,-2.25882969812672e-05,-0.400000008425059,0.19453549425814,0.250000003500575,-0.399999975132687,0.399999950151859,0.249999999123119,0.10195343456774,0.39999996197512,0.180937394944553,0,0,0,0,0.01,0.938115857837315,0.01,0.01,0,0,0,0,0.466440333866009,0.01,0.01,0,0.804984617302261,0.01,0,0.01,0.01,0,0.01,0,0.01,1.60609312358323,0,0.01,4.00581359309621,4.71398481599586,4.08640486438795,4.63339354470411,0,0,0,0,1,1.21512993472998,1,1,0,0,0,1.05866117987678,0,0,1.51361068354359,0,0,1.21347427493467,0,1.29259231770028,0,0,1.744342009861,0
270,-0.0600000050302492,0.129445288436556,0.0464841989540612,0.0481215650019018,0.00500000931190725,0.0422764051367082,-0.00999998786123838,-0.100011742254782,0.0439711344404576,0.854928546994392,-3.60241050626549e-06,2.38612381369765e-06,0.518771280969362,-0.0097599146937397,-0.0325030191509885,0.0519979130429916,-8.83738732065631e-09,-0.0551952040432457,0.0234342455450055,0.00218986896781291,5.57088393584037e-09,0.000123870500183652,-4.79977997921634e-10,0.00121958214882707,2.58609622648896e-05,1.0954129510621e-05,3.38303504007488e-05,-0.0225536349633733,0.00136112374042927,0.00130024849025301,-4.34679224893306e-06,0.0977637345258465,-0.335011944345345,0.233179289977419,-0.400002457823103,0.400002277382992,0.15000011194467,-0.132732506515457,0.400002159656614,0.150000129869835,0,0,0,0,0.01,0,0.01,0.01,0,0,0,0,0.576111211016141,0.01,0.01,0,0,0,0,0.01,0.01,0,0.01,0,0.01,0,0,0.01,3.70434766068671,4.65012028792202,3.8965035514473,4.45796439716143,0,1,0,0,1,1.49786214564351,1,1,0,0,0,1.20833275463811,1,1,1.68938531957021,0,0,2.36554442505984,0,1.46413888487454,0,1.94496895565313,2.06480818958117,0
271,-0.0599999999747063,0.129953345475075,0.0467825835723761,0.0481241374281822,0.00500000026604643,0.0422776154383024,-0.00999999970156776,-0.100008438889104,0.0439720106107304,0.854936138954721,-4.34474988756252e-06,1.07414560268594e-06,0.518758770963668,-0.0097581344703592,-0.0325000871339388,0.0519979840536404,9.78323162496492e-11,0.0749999998258328,0.00648902340391502,0.000105376971012581,-4.35153015169085e-10,1.57122014262736e-05,4.78297140687398e-11,-3.21077000521124e-05,-3.2381430374539e-05,0.000785518297002358,0.000561994346579193,-0.00037269858354071,6.07827379571191e-05,-1.39477276207694e-06,-2.35952345175846e-05,-0.399999959663523,0.103259067515098,0.250000005621736,-0.399999950153551,0.399999926043956,0.249999998291127,0.0967606383886713,0.399999950443735,0.180274481180289,0,0,0,0,0.01,0.942806898690062,0.01,0.01,0,0,0,0,0.4784001391126,0.01,0.01,0,0.791613521956685,0.01,0,0.01,0.01,0,0.01,0,0.01,1.62746031188357,0,0.01,4.02521404649752,4.7391233279858,4.11212932523491,4.65220804924841,0,0,0,0,1,1.21046275410738,1,1,0,0,0,1.04867777821623,0,0,1.52125456913826,0,0,1.20556972414517,0,1.30174640058254,0,0,1.75278855417254,0
272,-0.0600000049899646,0.128883685788162,0.0470179841765282,0.0481382554956123,0.00500000966367926,0.0422792801466708,-0.00999998722438356,-0.100002328192521,0.0439726947613232,0.854966441738678,-3.89371009578137e-06,2.6889982050845e-06,0.518708825741079,-0.00975048466811821,-0.0324935089081942,0.0519979413914764,-9.66026114611419e-09,-0.0749999871675045,0.0169983408311518,0.000577253030550446,5.5579514100187e-09,9.44060453383583e-05,8.43258899950941e-10,0.000323321867269198,3.90231253400632e-05,-8.60076929037164e-05,-2.77859649846521e-05,-0.00481601501133191,0.00031346103757331,0.000326566333164125,-8.37467051346853e-07,0.125129043773426,-0.367948469098999,0.233567549613797,-0.400002456020367,0.400002279911185,0.150000112306787,-0.156742471485467,0.400002276477718,0.150000137665269,0,0,0,0,0.01,0,0.01,0.01,0,0,0,0,0.57432744299248,0.01,0.01,0,0,0,0,0.01,0.01,0,0.01,0,0.01,0,0,0.01,3.72737321915566,4.67931939930744,3.92082281569026,4.48586980277283,0,1,0,0,1,1.46531831228668,1,1,0,0,0,1.20588188803441,1,1,1.70723291054479,0,0,2.36556547554553,0,1.49312991062988,0,1.97158965358243,2.07514974898019,0
273,-0.059999999934551,0.128651022741685,0.0471863174080612,0.0481381105841378,0.00500000009545232,0.0422805294969731,-0.00999999970629697,-0.100000599341789,0.0439734916390795,0.854966859558081,-4.51316785821993e-06,5.80105067478022e-07,0.518708138745219,-0.00975028591533886,-0.0324922227372107,0.0519979864515509,1.0793340218208e-10,0.0511031722320287,-7.94767634463051e-05,5.8532305357623e-05,-2.43040293066193e-10,3.866631798388e-05,-2.44679386261071e-10,-8.99501140833005e-06,-1.10488205571832e-05,0.000680794904552397,0.00031447144296093,-0.000218207318971131,3.61990404285585e-05,1.10745740147237e-06,-8.99486349693211e-06,-0.399999955513551,0.100123994305964,0.250000005550016,-0.399999947423958,0.399999926924789,0.249999997959181,0.0853949531974547,0.399999950166951,0.180288452775903,0,0,0,0,0.01,0.946459435733055,0.01,0.01,0.01,0,0,0,0.475966852638873,0.01,0.01,0,0.760757617302324,0.01,0,0.01,0.01,0,0.01,0,0.01,1.65399194571908,0,0.01,3.9938461408627,4.70679234724832,4.0786617573628,4.62197673074822,0,0,0,0,0,1.20795850673006,1,1,0,0,0,1.05199087456089,0,0,1.526474794199,0,0,1.20869590879267,0,1.31317402494449,0,0,1.75022850702763,0
274,-0.0600000000796341,0.127779097465496,0.0473638561392844,0.0481425766652355,0.00500000024812807,0.0422815537654076,-0.00999999989162497,-0.0999993073095046,0.0439741076102562,0.854973309284988,-3.70653365615406e-06,2.09926697405344e-06,0.518697507769045,-0.00974829835891836,-0.0324908858245018,0.0519979442147693,-4.62749404806703e-12,-0.0750000000625211,0.0177442369575468,0.000166307022240426,2.00517136413056e-11,7.05446033645406e-05,6.67869128177872e-12,0.000119408507493506,6.62723111921018e-05,-0.000406779922136524,-0.000196280543069466,-0.00102847879621503,7.29138122488563e-05,0.000101872982984929,8.15127287135467e-06,-0.400000001911462,0.189395917045938,0.250000003706123,-0.399999990364824,0.399999980822321,0.249999999657725,0.0788778146449514,0.399999984016509,0.180742464824823,0,0,0,0,0.01,0.946868928637478,0.01,0.01,0.01,0,0,0,0.462762806895403,0.01,0.01,0,0,0.01,0,0.01,0.01,0,0.01,0,0.01,1.6607404143105,0,0.01,3.94876571606506,4.66546231522926,4.03500544436702,4.5792225869273,0,0,0,0,0,1.20757330148837,1,1,0,0,0,1.05745978698686,1,0,1.53148933761792,0,0,1.21041508768757,0,1.31964721784168,0,0,1.75099406446539,0
275,-0.0599999999795246,0.125958695864945,0.0477174989397408,0.0481480645835687,0.00500000015724044,0.0422829994245345,-0.00999999981904893,-0.0999966819306618,0.0439750908269235,0.85498240716574,-4.31935645934001e-06,2.71648848368692e-06,0.5186825113623,-0.00974568731186101,-0.0324883041619148,0.0519979891183434,-1.61981297643306e-11,-0.0750000001451626,0.0176206586075367,0.000262174080272414,-1.34450540619899e-10,7.31130395314688e-05,-4.69457073429272e-11,0.000138250546391145,4.27691924073103e-05,-1.41962989869663e-05,2.27333211321785e-06,-0.00169074837774984,0.000126503848544889,0.000133158385386745,-1.6108776068047e-07,-0.400000006682973,0.184057225737432,0.250000009073348,-0.399999977901684,0.399999957475372,0.2485188732467,0.0826570356921307,0.399999964666895,0.178359822953983,0,0,0,0,0.01,0.94615052259313,0.01,0.01,0.01,0,0,0,0,0.01,0.01,0,0,0.01,0,0.01,0.01,0,0.01,0,0.01,1.64615897941148,0,0.01,3.8481055326911,4.56768939435603,3.93472202693556,4.48107290011157,0,0,0,0,0,1.21272030161926,1,1,1,0,0,1.06134486391083,1,0,1.53607947714881,0,0,1.21307694893124,0,1.32331819906738,0,0,1.75248835692174,0
276,-0.0599999999882849,0.124038716838487,0.0481958351509512,0.0481526488192578,0.00500000016122287,0.0422844182380658,-0.00999999984047771,-0.0999941346173691,0.0439759323268944,0.8549898730559,-4.36574499211419e-06,2.64268266734138e-06,0.518670204588498,-0.00974348984890213,-0.032485912624535,0.0519979895402609,-1.74741228482778e-11,-0.0750000001222438,0.0301503148257041,0.000231071431057528,-9.04424811986418e-11,7.01046311952325e-05,-5.45790367958388e-11,0.000123790893858677,4.04639263847019e-05,1.96606631963816e-05,9.64033356067178e-06,-0.00143889812911997,0.000110564362178878,0.00011712345378241,-3.23805286558863e-07,-0.40000000720507,0.188715148043496,0.230153688261222,-0.399999982088211,0.399999964842035,0.248198941301921,0.0831929595883256,0.399999970733397,0.178412112708646,0,0,0,0,0.01,0.946233350777026,0.01,0.01,0.01,0,0,0,0,0.01,0.01,0,0,0.01,0,0.01,0.01,0,0.01,0,0.01,1.63840970148469,0,0.01,3.74580493505145,4.46629376495144,3.83348926486834,4.37860943513455,0,0,0,0,0,1.21456451612897,1,1,1,0,0,1.06172918513531,1,0,1.53753567401838,0,0,1.21381646043643,0,1.32595109154564,0,0,1.75189211180062,0
277,-0.0600000074782705,0.122118738677903,0.0488029249961283,0.0481584419211364,0.00500001454085612,0.0422859289690538,-0.0099999905209404,-0.0999911098861961,0.0439767869750377,0.854999853722279,-4.36610036934634e-06,2.78063205634613e-06,0.518653749518478,-0.00974066943601615,-0.0324829819195479,0.051997990166278,4.67728903272811e-09,-0.0750000000727645,0.0305561561623291,0.000286682130795369,-2.15491235265081e-09,7.69829954044729e-05,-1.60121018481985e-09,0.000157819041906609,4.43151071081863e-05,-2.43352075347197e-05,-1.22716743415314e-05,-0.00192969010288926,0.000140334263444151,0.000151221125856736,4.35655353946181e-07,-0.399998072395435,-0.107921731825214,0.192631356345131,-0.0420333790509299,0.399999109828105,0.250000951408607,0.39999933941199,0.399998780002375,0.250000701000578,0,0,0,0,0.01,0.955686371702379,0.01,0.01,0.01,2.51842401417054,0.356314649095023,0,0,0.01,0.01,0,1.6399430376482,0,2.24271319811998,0.01,0.01,3.00512640106713,0.01,0,0.01,2.74523178665522,2.93470696056477,0.01,3.54948971883135,4.26828658150242,3.65200022184945,4.16577607848431,0,0,0,0,0,0,0,1,1,0,0,1.04907164858906,0,1,0,0,0,0,0,1.30399846606225,0,0,0,0
278,-0.0588830017411538,0.120543440786894,0.0490820981732545,0.0481239974820311,0.00500001492265822,0.0422823443897002,-0.0099999879481042,-0.100001338155221,0.0439737655368133,0.854939604852045,4.28427258359703e-06,-3.49774507972817e-06,0.518753055499248,-0.00975621265070542,-0.032495030551389,0.051996936413762,0.0750000107548991,-0.0749999979122537,-0.00247360461637405,-0.000419052787065883,-3.35275646846418e-09,-2.31682856214534e-05,5.59864037521002e-10,-0.000260987197103734,-4.78420715492545e-05,0.000155364272561659,-7.41578804045172e-05,0.0034977637445613,-0.000260711321390649,-0.000232183064028461,-3.87440931630378e-06,-0.399995567691167,-0.134552384492915,0.226949110848683,-0.0441445204428383,0.399998662802554,0.250001295654268,0.400000032692708,0.399998874491019,0.250000718745735,0,0,0,0,0.01,0.955528994386818,0.01,0.01,0.01,2.52254657482769,0.354491537962901,0,0,0.01,0.01,0,1.64723814384089,0.01,2.28206990128881,0.01,0.01,3.08306826647672,0.01,0,0.01,2.82553495146824,2.98557428298768,0.01,3.47176489632685,4.20035097385349,3.57007502761681,4.10204084256354,0,0,0,0,0,0,0,1,1,0,0,1.05531911446297,0,0,0,0,0,0,0,1.31320991765174,0,0,0,0
279,-0.0573267014013856,0.118807328288447,0.0487554772373689,0.0481166060258926,0.00500000023110497,0.0422817966530796,-0.00999999991682983,-0.100005575381561,0.0439730933361952,0.854924667563933,4.07489187435967e-06,-3.5748352852924e-06,0.518777675912614,-0.0097607032770018,-0.0324988428487119,0.0519969398574779,0.0750000000664233,-0.0749999999656135,-0.0300501996990916,-0.000368649117293318,8.9806715464097e-12,-2.77877584249321e-05,-5.97083233420962e-12,-0.000201023255637553,-3.354762499258e-05,-1.3979390108224e-05,-1.00245098946533e-05,0.00282495281839563,-0.000222153647581143,-0.000184688151851951,8.66774406204466e-08,-0.399999972625636,-0.183729320799426,0.250000000085939,-0.100623598048158,0.400000005783593,0.250000005183242,0.399999996518212,0.400000000053791,0.25000000422736,0,0,0,0,0.01,0.953132414027165,0.01,0.01,0.01,2.5257947847086,0.353492708415882,0,0,0.01,0.01,0,1.63271329430715,0.01,2.24112011305137,0.01,0.01,3.14496865891466,0.01,1.1309172349575,0.01,2.85675510110205,2.98367788592131,0.01,3.38469202125345,4.11141305941327,3.46095020991314,4.03515487075358,0,0,0,0,0,0,0,1,1,0,0,1.10955495569012,0,0,0,0,0,0,0,0,0,0,0,0
280,-0.0556141558779643,0.117083825635995,0.0480564661859594,0.0481092301097397,0.00500001404223612,0.0422812405053141,-0.00999998582352814,-0.100009615335224,0.0439724034725777,0.854909990208209,4.06888373425493e-06,-3.57368960459026e-06,0.518801858241091,-0.00976513546196727,-0.0325025529152989,0.0519969397220127,0.0750000092343651,-0.0750000026135784,-0.0398025260505369,-0.000369334003446976,-7.77263992663867e-09,-2.80189669170697e-05,-1.11830273357332e-08,-0.000201970917498765,-3.44486549265211e-05,-6.91470917878867e-07,-4.7636913878485e-07,0.0028341035938888,-0.000222224431549515,-0.000185273636098693,1.56270619159085e-08,-0.399996194333531,-0.0212795519768384,0.250000211924776,-0.399998146497654,0.399996796474377,0.250001222582655,0.272843526483905,0.399998644373903,0.207656694415474,0,0,0,0,0.01,1.3897757821466,0.01,0.01,0.01,0,0,0,0,0.01,0,0,0,0,0,0.01,0.01,3.25969000451817,0.01,1.52151236883404,0.01,2.54582647976302,2.23886370603594,0.01,3.39189490230192,4.12870645314429,3.44640278854993,4.07419856689629,0,0,0,0,0,1.1718369652752,1,1,1,0,1,1.20042403396059,1,1,1.96089704176242,0,0,0,0,0,0,0,0,0
281,-0.0537890390522934,0.115163846389413,0.0477796408362193,0.048081972679845,0.00500001763844917,0.0422803681822427,-0.010049998859323,-0.100003833129478,0.0439722261863537,0.854967835843386,-3.61765631738976e-06,-2.7932047239099e-06,0.518706525449031,-0.00979958574154701,-0.0324948583051847,0.051996921165339,0.0750000127968049,-0.0749999952454379,0.0118618452116233,-0.00162498993332718,3.29365477837167e-09,-4.49418060158276e-05,-0.00255114855660843,0.000522841978379771,-5.22047425284489e-05,-3.3317128377776e-05,-3.20420615627222e-05,-0.0104146830837628,-0.00185550241226857,0.000521076889645985,-2.38802368956929e-06,-0.3999947261725,-0.137926072635761,0.23320998324811,-0.179312048174311,0.400001360121756,0.250001194439191,0.400000661679486,0.399999979110807,0.250000910654364,0,0,0,0,0.01,1.3920422215678,0.01,0.01,0.01,2.4746055868735,0.343769474220252,0,0,0.01,0.01,0,1.61154701143553,0.01,2.35133922537371,0.01,0.01,3.09471801565509,0.01,0,0.01,2.8833240621759,2.76229727495435,0.01,3.24959988508861,3.99968384164248,3.34397041544134,3.90531331128974,0,0,0,0,0,0,0,1,1,0,0,1.09273835544082,0,0,0,0,0,0,0,1,0,0,0,0
282,-0.0522684819882881,0.113469360424763,0.0478528981944853,0.048037482504506,0.00500001763602269,0.0422794239525978,-0.010000004869345,-0.100047278131702,0.0439704263553093,0.854717195755527,1.90301060814295e-06,-2.25085520086202e-06,0.519119424308133,-0.00981109228080514,-0.032543137813155,0.0519969912602113,0.07500001645277,-0.0749999891362435,-0.00445452289017194,-0.00410304560533633,1.08990677001213e-08,-4.33485939481575e-05,-9.38351757760297e-09,-0.000890441051573612,-0.000121389456903566,0.0013194013017317,0.000755979657949122,0.0389199699693024,-0.0026197376289391,-0.00153125281837953,-1.38832924640424e-05,-0.399993218257462,-0.247559540881508,0.249167241755335,-0.128072644222039,0.400001381956156,0.250001177008492,0.399999551216,0.400001361599117,0.247264094794557,0,0,0,0,0.01,1.39880922283987,0.01,0.01,0.01,2.38832345996322,0.356975715818992,0,0,0.01,0.01,0,1.41081057642134,0,2.26216955219005,0.01,0.01,3.15826779765457,0.01,0,0.01,2.89390310875196,2.6913597617931,0.01,3.17936515392663,3.91805561212078,3.26489763903508,3.83252312701232,0,0,0,0,0,0,0,1,1,0,0,1.09536154950541,0,1,0,0,0,0,0,1,0,0,0,0
283,-0.0507061388410538,0.111549380863196,0.0476221766114791,0.0479924106384447,0.00500000209767027,0.0422789140764571,-0.0100000018641175,-0.100074283852917,0.0439692554726824,0.854589607718153,4.7449787220246e-06,-3.18629414541383e-06,0.519329442262182,-0.00984123128597928,-0.0325709444009251,0.0519969403969238,0.0750000005573964,-0.0750000030517416,-0.0185470846387136,-0.00119936295293288,8.01897402902989e-10,-2.026531812119e-05,2.16378125647155e-09,-0.000658446710207997,-4.3331587663868e-05,8.43527928441866e-05,-0.000123565296856233,0.0120864018312843,-0.000785946219299862,-0.000674773110110339,-1.44165065369443e-06,-0.399999771955891,-0.400001264456897,0.250000060013761,-0.222073143066189,0.400000311583053,0.24999976417265,0.40000082723112,0.39999895171622,0.25000017139045,0,0,0,0,0.01,1.40285735216812,0.01,0.01,0.01,2.38811507748995,0.363435222807807,0,0,0.01,0.01,0,1.36604532024371,0,2.27477757839741,0.01,0.01,3.15846294522242,0.01,0,0.01,2.91686670915716,2.67458471672977,0.01,3.11317597499666,3.86908286125394,3.20764711559003,3.77461172066057,0,0,0,0,0,0,0,1,1,0,0,1.09932838555331,0,1,0,0,0,0,0,1,0,0,0,0
284,-0.0491133220463255,0.109629402091568,0.0473652946347497,0.0479811285003738,0.00500000215185162,0.042278408416165,-0.0100000021372146,-0.100080765805086,0.0439685816995534,0.854563410782277,4.14869963391556e-06,-3.5751380197904e-06,0.519372548691991,-0.00984835454793342,-0.0325770443161603,0.0519969397217852,0.0750000007066129,-0.0750000023003466,-0.0071978458769155,-0.000385076981551541,1.21553573338761e-09,-2.76823453457935e-05,1.87703701122503e-09,-0.000214426232765056,-3.38410809112494e-05,-1.29063707143789e-05,-1.07474676863912e-05,0.00301784968754554,-0.000233946868594564,-0.000197013942575766,7.63603250786944e-08,-0.399999708790051,-0.400000948067171,0.250000301707523,-0.228574160649381,0.400000515602186,0.249999770912625,0.400000761054239,0.399999221309486,0.250000181707017,0,0,0,0,0.01,1.40694572188686,0.01,0.01,0.01,2.38718779072725,0.362483760653095,0,0,0.01,0.01,0,1.34439080918978,0,2.28986060461076,0.01,0.01,3.14981498591814,0.01,0,0.01,2.93919084168922,2.66478594554963,0.01,3.04087780389192,3.79067960586732,3.13459877744076,3.69695863231847,0,0,0,0,0,0,0,1,1,0,0,1.09841638887999,0,1,0,0,0,0,0,1,0,0,0,0
285,-0.0475344942146828,0.107709422314592,0.0471991048605519,0.0479733949148358,0.00500001923256291,0.0422778494672695,-0.0100000049367429,-0.100085011512344,0.0439678909270313,0.854547728418755,4.10268173752209e-06,-3.57619222683402e-06,0.519398347155285,-0.00985303138137538,-0.0325809517464976,0.0519969396968343,0.0750000200756489,-0.07499998120263,-0.00941018762778612,-0.000387509741329276,5.47373573910455e-09,-2.80651544094113e-05,-3.475249290821e-09,-0.000211606372669371,-3.46443626769017e-05,-4.25349677610343e-07,-2.36953110084907e-07,0.00302527035736472,-0.0002343789337425,-0.000195425089158172,6.16017472095402e-10,-0.399991724129314,-0.394374247035615,0.249999917388642,-0.158680720049138,0.400002260271285,0.250001213825659,0.399998576761927,0.400003421369653,0.248442753502405,0,0,0,0,0.01,1.40870340643649,0.01,0.01,0.01,2.38424345302073,0.351133373665272,0,0,0.01,0.01,0,1.29627633439575,0,2.28294358149612,0.01,0.01,3.14838566570805,0.01,0,0.01,2.96566804076766,2.62060040013721,0.01,2.97295268752113,3.7024642772258,3.05576474142357,3.61965222332336,0,0,0,0,0,0,0,1,1,0,0,1.08775423603951,0,1,0,0,0,0,0,1,0,0,0,0
286,-0.0459868262549435,0.105793787717238,0.0470960308344057,0.0479656353456246,0.00500000184629856,0.0422772865348477,-0.0100000007073899,-0.100089244893789,0.0439671997736099,0.854531979560804,4.10275751209126e-06,-3.57614832874587e-06,0.519424260253623,-0.00985773274798559,-0.0325848744546087,0.0519969397694897,0.0750000005141715,-0.0750000001266451,-0.000939380851800127,-0.000388701760424517,1.80614134323601e-09,-2.80744337085806e-05,6.91618989880547e-10,-0.000212076276589725,-3.46885887397171e-05,1.76856208279628e-07,1.03615022815046e-07,0.00303722489219921,-0.000235143853155283,-0.000196028376996844,-6.8014291408996e-10,-0.399999788099201,-0.40000005219568,0.250000117274166,-0.321376488667471,0.400000744181244,0.249999949723745,0.40000028515631,0.399999974352498,0.250000015815351,0,0,0,0,0.01,1.41494391928859,0.01,0.01,0.01,2.38005554499783,0.36213190815415,0,0,0.01,0.01,0,1.29898029460947,0,2.29738836765721,0.01,0.01,3.13369655571208,0.01,0,0.01,2.95074540524877,2.62885197601442,0.01,2.90131388019346,3.64701628773541,2.9968212813957,3.55150888653316,0,0,0,0,0,0,0,1,1,0,0,1.09699378018805,0,1,0,0,0,0,0,1,0,0,0,0
287,-0.0444288308385746,0.10387380763933,0.0470514221132034,0.0479578502329901,0.00500000030450295,0.0422767250062686,-0.00999999998221748,-0.100093492468759,0.0439665061353049,0.854516169419403,4.10491775683584e-06,-3.57607750309457e-06,0.519450269241161,-0.00986244547838012,-0.0325888017348839,0.0519969397719882,0.0750000000059135,-0.0750000000316475,-0.00350860558096144,-0.000389888050298821,-1.09951222848617e-11,-2.80730160896388e-05,1.23446567186375e-11,-0.00021268528075503,-3.46942518528134e-05,1.45923780701726e-07,8.51170129632112e-08,0.00304984293384524,-0.000235943735390198,-0.000196686761668866,7.98493117107657e-10,-0.399999997562934,-0.400000013041974,0.250000003462762,-0.114223451585437,0.399999995227812,0.250000004527575,0.400000005233934,0.399999988135667,0.250000004579132,0,0,0,0,0.01,1.41426196010398,0.01,0.01,0.01,2.39821879269244,0.373460352168912,0,0,0.01,0.01,0,1.26363072639662,0,2.27866220058,0.01,0.01,3.1360832421814,0.01,0,0.01,2.97008608809992,2.6066848672514,0.01,2.86072564514311,3.57559175889172,2.94198195427766,3.49433544975716,0,0,0,0,0,0,0,1,1,0,0,1.07223971855558,0,1,0,0,0,0,0,1,0,0,0,0
288,-0.0429042889493294,0.101953826522895,0.0470282415252759,0.0479500355291661,0.00500001919917659,0.0422761651698594,-0.0100000020178712,-0.100097753732135,0.0439658094049937,0.854500290367444,4.10749598969778e-06,-3.57606059508252e-06,0.519476388908648,-0.00986716611088936,-0.0325927475184267,0.0519969397078225,0.075000002462808,-0.0750000069622981,0.00116711299530138,-0.000391124448121665,-8.59287108849114e-10,-2.80704116793901e-05,3.38739545085127e-09,-0.000213345651825701,-3.47042207860093e-05,1.6327887164732e-07,9.76391418549927e-08,0.00306314361786091,-0.000236757051319187,-0.000197435078308631,9.86793334362218e-10,-0.399998958312779,-0.400002576279038,0.245616459894039,-0.154806621654263,0.399999646204698,0.250001223363668,0.400001370539687,0.399997521996567,0.249724624474248,0,0,0,0,0.01,1.40740622922792,0.01,0.01,0.01,2.36341199008134,0.353792316172425,0,0,0.01,0.01,0,1.23973199366494,0,2.26337024292957,0.01,0.01,3.11880407910374,0.01,0,0.01,2.95706758861094,2.58056951818205,0.01,2.80073812306566,3.507933495302,2.87993142402231,3.42874019434535,0,0,0,0,0,0,0,1,1,0,0,1.07032133263426,0,1,0,0,0,0,0,1,0,0,0,0
289,-0.0413870989267619,0.100033847332217,0.0469872911161505,0.0479422026598151,0.00500001875312327,0.0422756037684687,-0.010000006142853,-0.100102025744225,0.0439651159469119,0.854484349892878,4.10941705889568e-06,-3.57582607058785e-06,0.519502609033068,-0.00987190901168784,-0.0325967005203496,0.0519969398888293,0.0750000029767707,-0.075000005515866,-0.00523031373404849,-0.000392210067059238,-2.06201199379731e-10,-2.80715548126835e-05,3.64790349901926e-09,-0.000213916741523761,-3.47103078591573e-05,2.01695276240818e-07,1.19538459170912e-07,0.00307480903405686,-0.000237483732261597,-0.000198042539725587,6.52525238545645e-10,-0.399998780576741,-0.400002271666514,0.250000133541002,-0.15221637702758,0.399999902235093,0.25000118534227,0.400001473297618,0.399997830287703,0.250003591564059,0,0,0,0,0.01,1.40695066815159,0.01,0.01,0.01,2.35474733647329,0.354961055271992,0,0,0.01,0.01,0,1.2142892541954,0,2.258323174107,0.01,0.01,3.10701359042198,0.01,0,0.01,2.95680172716564,2.56106989184468,0.01,2.76132694427961,3.45502551535484,2.8315547168105,3.38479774282394,0,0,0,0,0,0,0,1,1,0,0,1.06971300984522,0,1,0,0,0,0,0,1,0,0,0,0
290,-0.0399988288725515,0.0981138662154975,0.0469601874618568,0.0479343462090859,0.00500001888125897,0.042275042299486,-0.0100000028464409,-0.100106310258682,0.0439644211708208,0.854468342127804,4.11179333810197e-06,-3.57588855433068e-06,0.519528938957447,-0.00987666748327614,-0.0326006667442237,0.0519969395206879,0.0638826088651958,-0.0750000044977231,0.00248155104464231,-0.000393421748552766,3.97281082614698e-10,-2.80705171321024e-05,3.05187915045257e-09,-0.000214547412114804,-3.47225824025597e-05,1.7095055739894e-07,1.03545346104873e-07,0.00308776843576515,-0.000238302753292569,-0.000198717912115594,-8.09895765554314e-10,-0.399998735949713,-0.400001851291343,0.245928165523558,-0.155155688975216,0.400000160019526,0.250001181697407,0.400001249336778,0.399998272232945,0.249993671493504,0,0,0,0,0.01,1.40543049240141,0.01,0.01,0.01,2.3503897396491,0.355756700906512,0,0,0.01,0.01,0,1.19543670253451,0,2.24935703080621,0.01,0.01,3.09413656901125,0.01,0,0.01,2.9482612157667,2.54998546149983,0.01,2.72565135826836,3.40722645935846,2.79372216411252,3.3391556535143,0,0,0,0,0,0,0,1,1,0,0,1.06800154808095,0,1,0,0,0,0,0,1,0,0,0,0
291,-0.0388865770306517,0.096193886457427,0.047021264648787,0.0479264661817258,0.00500001768668895,0.0422744810215949,-0.0100000066572192,-0.100110607057528,0.0439637272024367,0.854452267076654,4.11387357063799e-06,-3.57563554853309e-06,0.519555376502376,-0.00988144381652073,-0.0326046473105881,0.0519969398148826,0.0474247604572249,-0.0750000038402921,0.00362044159274871,-0.000394617739081113,-2.5049865242008e-10,-2.80708038525949e-05,2.22039332228218e-09,-0.000215175196967881,-3.47277887851118e-05,1.85270643196048e-07,1.13159501919814e-07,0.00310058325539456,-0.000239110955878539,-0.000199388887486064,7.05614558014961e-10,-0.399999036801564,-0.400001577782487,0.246921238034862,-0.114807421633477,0.399999879781538,0.250001174003125,0.400000873828806,0.399998372342062,0.25000132437167,0,0,0,0,0.01,1.40892002653807,0.01,0.01,0.01,2.35963877617898,0.362604190087603,0,0,0.01,0.01,0,1.16866263798099,0,2.24599874607862,0.01,0.01,3.0860935904471,0.01,0,0.01,2.9458234135259,2.53691123961327,0.01,2.69705539719435,3.36334822606231,2.75844804273042,3.30195558052626,0,0,0,0,0,0,0,1,1,0,0,1.06871247486649,0,1,0,0,0,0,0,1,0,0,0,0
292,-0.0379930073192892,0.0942739073640379,0.0470266967390831,0.04791856186541,0.00500001814961235,0.0422739194282129,-0.0100000004035857,-0.100114916751042,0.0439630330350045,0.854436124005795,4.11607503513413e-06,-3.57547208543602e-06,0.519581924945282,-0.00988623377498175,-0.0326086397500184,0.051996939738096,0.0419593709533442,-0.0750000018035486,-0.00304403364641126,-0.000395823263780454,7.53484430780162e-10,-2.80704523766213e-05,1.3879155052781e-09,-0.00021580555655377,-3.47388818019284e-05,1.90163691037902e-07,1.17296408967552e-07,0.00311350436446087,-0.00023992632291935,-0.000200056231870719,3.22905356510269e-10,-0.399998858097615,-0.400000744229878,0.250000064614712,-0.116773328998168,0.400000312498119,0.250001298909469,0.400000579085115,0.399999072993056,0.250000691720144,0,0,0,0,0.01,1.40299071219194,0.01,0.01,0.01,2.40714456963783,0.329385873536288,0,0,0.01,0.01,0,1.28982799415225,0.01,2.36229270392571,0.01,0.01,3.01645552152107,0.01,0,0.01,2.96477884247507,2.57377641451041,0.01,2.66953479309439,3.31422046423183,2.72143094389584,3.26232431343039,0,0,0,0,0,0,0,1,1,0,0,1.04647022952124,0,0,0,0,0,0,0,1,0,0,0,0
293,-0.0374380067926777,0.0923539284504029,0.0469695122531942,0.0479106331407521,0.00500001800950196,0.0422733580153717,-0.0100000029902919,-0.100119239163586,0.0439623366435245,0.854419912021575,4.11866348326766e-06,-3.57563933196657e-06,0.519608583818219,-0.00989104154669572,-0.0326126478409184,0.0519969391151304,0.0136819823885003,-0.0750000026056051,-0.00267618563807103,-0.000397053904760857,7.42920554786141e-10,-2.80705768212676e-05,2.05389498481189e-09,-0.00021645008224234,-3.47594652350036e-05,1.83829091592848e-07,1.14573888472485e-07,0.00312669715865549,-0.000240753615243252,-0.000200753409607917,-3.96622002820096e-09,-0.399999060935865,-0.400001068624366,0.250000825992573,-0.107760257454302,0.400000297685243,0.250001111608294,0.400000821622181,0.399999157075955,0.250010223451471,0,0,0,0,0.01,1.40390459385263,0.01,0.01,0.01,2.34193532185966,0.359257418296293,0,0,0.01,0.01,0,1.14792850487711,0,2.25324783536019,0.01,0.01,3.05828464967015,0.01,0,0.01,2.92216142291873,2.52628064054552,0.01,2.57509151441089,3.21150812528325,2.61980287327521,3.16679676641894,0,0,0,0,0,0,0,1,1,0,0,1.06197778815364,0,1,0,0,0,0,0,1,0,0,0,0
294,-0.0373312797458497,0.0904339531378739,0.046952054485578,0.0479026833020273,0.00500000245395558,0.0422727948706629,-0.00999999962890043,-0.100123572941722,0.0439616439755927,0.854403635015864,4.12033960466357e-06,-3.57517013479808e-06,0.519635348642846,-0.00989586668655292,-0.0326166663489824,0.0519969397633894,-0.00292665265668562,-0.0749999977630732,0.000912515902716847,-0.000398192045848539,2.33145078468881e-09,-2.80739771586671e-05,1.5123759948794e-10,-0.000217041226260157,-3.47568330758481e-05,1.89128894665763e-07,1.17432136404085e-07,0.00313889068239798,-0.000241526066986018,-0.000201364644462434,-3.16556053521759e-10,-0.399999352965991,-0.399999078554105,0.250000263958441,-0.174366722349019,0.400000960644563,0.249999794368574,0.400000062481993,0.400000520592959,0.250000162979792,0,0,0,0,0.01,1.40680574559019,0.01,0.01,0.01,2.34253369144009,0.367190803546123,0,0,0.01,0.01,0,1.1475485657856,0,2.26003264216621,0.01,0.01,3.05472093176856,0.01,0,0.01,2.91751228028696,2.53087033674333,0.01,2.48554474787717,3.12973118301296,2.53614332237409,3.07913260851604,0,0,0,0,0,0,0,1,1,0,0,1.06877850134654,0,1,0,0,0,0,0,1,0,0,0,0
295,-0.0372586522516212,0.0885139774776905,0.0469999503229866,0.0478947067026366,0.00500000247898802,0.0422722334087896,-0.00999999960801026,-0.100127920426976,0.0439609487493167,0.85438728845819,4.12265785827496e-06,-3.57499942367453e-06,0.519662225268056,-0.00990070586959657,-0.0326207009908212,0.0519969397637262,0.0101241595494882,-0.074999997746323,0.00386230897570144,-0.000399456144313903,2.30304716532908e-09,-2.80735235420173e-05,1.78628027359387e-10,-0.000217702763925396,-3.47650800138859e-05,1.82069217761689e-07,1.16457623515672e-07,0.00315244176803688,-0.000242376462888595,-0.000202076766916383,1.80646062601218e-10,-0.399999316839432,-0.399999071630176,0.250000345765749,-0.173281547244282,0.400000948932132,0.249999790667751,0.40000007377862,0.400000528931259,0.250000157550425,0,0,0,0,0.01,1.40731912790129,0.01,0.01,0.01,2.3446073371085,0.367933461614365,0,0,0.01,0.01,0,1.15402442591101,0,2.2617688046796,0.01,0.01,3.05994259901342,0.01,0,0.01,2.91905161410087,2.53506113277925,0.01,2.3907676286875,3.03299409556224,2.44145520835318,2.98230651589656,0,0,0,0,0,0,0,1,1,0,0,1.06976457413347,0,1,0,0,0,0,0,1,0,0,0,0
296,-0.0371155854881013,0.0865940009247919,0.0470784993310185,0.0478867020793991,0.00500001860818922,0.0422716738866104,-0.010000003009995,-0.100132282664335,0.0439602521955967,0.85437086889933,4.12491061688893e-06,-3.57458209127448e-06,0.519689219100513,-0.00990556002184604,-0.0326247521742145,0.0519969402140664,0.00421251499794146,-0.075000002425551,0.00399197727333131,-0.000400771146573599,4.33579101783285e-10,-2.80696855380528e-05,1.20359782593165e-09,-0.000218398977006564,-3.47620703474062e-05,1.85224588810199e-07,1.20450654194258e-07,0.00316656636821832,-0.000243257950131485,-0.000202849344186119,4.22697212807058e-09,-0.399999010797129,-0.400001001525266,0.24572279833562,-0.105645780523007,0.400000176893016,0.250001304128552,0.40000048972066,0.399998771706727,0.249999505452787,0,0,0,0,0.01,1.40508075998999,0.01,0.01,0.01,2.3484414052312,0.36268522213883,0,0,0.01,0.01,0,1.15426172913132,0,2.25415806215438,0.01,0.01,3.06500401921766,0.01,0,0.01,2.92115471462477,2.53049448612085,0.01,2.29683530912753,2.93289324891625,2.33950050711182,2.89022805093194,0,0,0,0,0,0,0,1,1,0,0,1.07551146920656,0,1,0,0,0,0,0,1,0,0,0,0
297,-0.0368865748441596,0.0846740223063227,0.0470264336939724,0.0478786722683367,0.00500001924364696,0.0422711123838722,-0.0100000006830692,-0.100136657767436,0.0439595564257,0.854354372579629,4.12760454278576e-06,-3.57457417263741e-06,0.51971633836629,-0.0099104344675178,-0.0326288167224606,0.0519969397754765,0.0186165592536564,-0.0750000020199004,-0.00913300828955199,-0.000402132606903969,7.73472500410535e-10,-2.80699482222513e-05,1.46037339199875e-09,-0.000219115551701014,-3.47816704911793e-05,1.9383074173884e-07,1.27367743565486e-07,0.00318118594331054,-0.000244173637075041,-0.000203617660989291,8.58177101708885e-10,-0.399998800900394,-0.400000833680686,0.250000060446935,-0.111324116122732,0.400000320863781,0.250001165392186,0.40000061065007,0.399999057411926,0.250001262024797,0,0,0,0,0.01,1.40508904759536,0.01,0.01,0.01,2.35227665396503,0.362097138081742,0,0,0,0.01,0,1.16403779700959,0.01,2.24852995968736,0.01,0.01,3.05465589708291,0.01,1.01748098036484,0.01,2.93129099233771,2.55869250393423,0.01,2.22761416203297,2.8590767300889,2.31462535340161,2.77206553872026,0,0,0,0,0,0,0,1,1,1,0,1,0,0,0,0,0,0,0,0,0,0,0,0
298,-0.0357397765655111,0.0827540454409598,0.0468005776127205,0.0478706174430293,0.00500001979955156,0.0422705510027334,-0.0100000017451947,-0.100141046671929,0.0439588605954317,0.854337805618133,4.12973952486667e-06,-3.57422801156391e-06,0.519743570987723,-0.00991532546596724,-0.0326328957303517,0.0519969400288277,0.0750000036224595,-0.075000003297268,-0.0134311221352387,-0.00040336886580008,6.68984679947584e-10,-2.80695728068763e-05,2.42679256216479e-09,-0.000219764828433055,-3.47842799506229e-05,1.88167177841107e-07,1.22979909404636e-07,0.00319447051172918,-0.000245000573650198,-0.000204323493620796,2.47431137336359e-09,-0.399998507105499,-0.400001360920321,0.250000080434065,-0.129894502780323,0.400000277146305,0.250001279339834,0.400001004685227,0.399998585353093,0.249998942806988,0,0,0,0,0.01,1.40587383421055,0.01,0.01,0.01,2.3560664758612,0.363013735988163,0,0,0.01,0.01,0,1.18861321988499,0,2.25921559251094,0.01,0.01,3.09019486807586,0.01,0,0.01,2.92823393400421,2.55001310447777,0.01,2.10337844870052,2.73241762035962,2.13836573644802,2.69743033261214,0,0,0,0,0,0,0,1,1,0,0,1.0748260483877,0,1,0,0,0,0,0,1,0,0,0,0
299,-0.0355850399794431,0.0808340688993588,0.046659089909349,0.0478625364265845,0.00500002039444855,0.0422699896005183,-0.010000002018034,-0.100145448767133,0.0439581642870305,0.854321164915591,4.13237168217144e-06,-3.57430021987844e-06,0.519770923331693,-0.0099202354775913,-0.0326369900348047,0.0519969395820961,-0.0588570633106011,-0.0750000046694285,-0.000780772128565018,-0.000404696872954771,3.02173371446248e-10,-2.80696202829906e-05,1.65042267894821e-09,-0.000220461566815283,-3.48039802168944e-05,1.89374181895021e-07,1.2609949722904e-07,0.00320871469832576,-0.000245903249768576,-0.000205081329401811,-5.90071213991802e-10,-0.399999174709721,-0.400001919758058,0.250001207284337,-0.13387087386314,0.400000119738589,0.25000117245888,0.400000668149309,0.399998323167821,0.250002110793886,0,0,0,0,0.01,1.4062465995687,0.01,0.01,0.01,2.35575513788468,0.362705779844673,0,0,0.01,0.01,0,0,0,2.24779247731135,0.01,0.01,3.08379351377271,0.01,0,0.01,2.92585272318189,2.53779891340909,0.01,2.0120965493076,2.6706352760783,2.06328114514217,2.61945068024373,0,0,0,0,0,0,0,1,1,0,0,1.09467814771486,1,1,0,0,0,0,0,1,0,0,0,0
300,-0.0359634136847089,0.0789140846738329,0.0467567135162438,0.0478544259939532,0.00500002118228394,0.042269428129014,-0.0100000013024955,-0.100149866395426,0.0439574684533163,0.854304441894376,4.13500575950397e-06,-3.57394671144355e-06,0.519798409356243,-0.0099251633121949,-0.0326410998566471,0.0519969397380466,0.0206223479725986,-0.0750000035646613,0.0104868193575096,-0.000406186366612252,8.88201284184772e-10,-2.8068746944551e-05,2.37602387925513e-09,-0.000221244162870019,-3.48087103728139e-05,1.61638003052717e-07,1.13539161832583e-07,0.00322470116668812,-0.000246898418866539,-0.000205917069360803,1.68117240076749e-09,-0.399998429679316,-0.400001468076936,0.236824793102345,-0.148529771389423,0.400000367490023,0.250001131283958,0.4000009835293,0.399998533771755,0.250001205828137,0,0,0,0,0.01,1.40601818105425,0.01,0.01,0.01,2.35690467883772,0.362605667859611,0.539449812814085,0,0,0.01,0,1.17612714000101,0.01,2.23695390755016,0.01,0.01,3.08004718228045,0.01,1.05829525744084,0.01,2.94581616231073,2.56060345378617,0.01,1.92998934384658,2.57515337494091,2.02814988699752,2.47699283178997,0,0,0,0,0,0,0,0,1,1,0,1,0,0,0,0,0,0,0,0,0,0,0,0
301,-0.0346253138274066,0.0769941075682814,0.0467341078900873,0.0478462897699031,0.00500002171638025,0.0422688667167122,-0.0100000022744159,-0.100154297987116,0.0439567720343079,0.854287645154352,4.13710161984625e-06,-3.57347645221951e-06,0.519826013318988,-0.00993010895145308,-0.0326452248304802,0.0519969401996667,0.0750000045301435,-0.0750000050347905,-0.012631838610865,-0.000407453080896467,9.77594024463784e-10,-2.80699598949887e-05,3.55508419928773e-09,-0.000221917746092148,-3.48133575893171e-05,2.29903644164069e-07,1.52622527144749e-07,0.00323837166943534,-0.000247745295137532,-0.00020664732017555,2.90619431110472e-09,-0.399998137826791,-0.400002198875633,0.250000596052023,-0.176139888177764,0.400000408892755,0.250001314117822,0.400001485211711,0.399997870056507,0.249999898570255,0,0,0,0,0.01,1.40751822703176,0.01,0.01,0.01,2.36304791810677,0.36410009630751,0.538375779162378,0.379442973537731,0,0.01,0,1.21146466442879,0.01,2.24563218121085,0.01,0.01,3.09622519002842,0.01,1.08590059566398,0.01,2.95208896006277,2.58216171429061,0.01,1.83540378557467,2.48220304411032,1.92493707156042,2.39266975812456,0,0,0,0,0,0,0,0,0,1,0,1,0,0,0,0,0,0,0,0,0,0,0,0
302,-0.0330937739936236,0.0750741296967956,0.046190433752304,0.0478381264655756,0.00500002499971744,0.0422683052570825,-0.00999999395929058,-0.100158745534592,0.0439560751505435,0.854270768855728,4.13954796008671e-06,-3.57337989951144e-06,0.519853747907778,-0.00993507581216608,-0.0326493784568432,0.0519969392050577,0.0750000013490103,-0.0750000376904871,-0.0415906931373667,-0.000408825997878959,1.54107425971543e-09,-2.80693815740087e-05,8.87974783155524e-09,-0.000222646802448495,-3.48307321778719e-05,1.98444856094378e-07,1.36047678159387e-07,0.00325308268149156,-0.000248683443224459,-0.000207530965153448,-4.48911526681557e-09,-0.3999991282537,-0.399997205548797,0.250000105823883,-0.157953121573619,0.400000841579712,0.25000107353729,0.400003203761359,0.399993345084675,0.250001183785531,0,0,0,0,0.01,1.40725043315677,0.01,0.01,0.01,2.37550470050322,0.365955482940276,0.53535445542723,0,0,0.01,0,1.24303483575159,0.01,2.26712235349602,0.01,0.01,3.11668704189846,0.01,1.10515821646991,0.01,2.95393574801151,2.6098795377156,0.01,1.74543338184525,2.38841289576664,1.83252632390872,2.30131995370317,0,0,0,0,0,0,0,0,1,1,0,1,0,0,0,0,0,0,0,0,0,0,0,0
303,-0.0315847857092539,0.0731541523291445,0.0457736942202866,0.0478299383676453,0.00500000350189036,0.0422677420173816,-0.00999999970568958,-0.100163201987688,0.0439553810668415,0.854253820628248,4.14214035550946e-06,-3.57317338041159e-06,0.519881598349628,-0.00994006170388926,-0.0326535182649964,0.0519969397574691,0.0750000017475249,-0.0749999998442063,-0.000289772878419876,-0.00041024107243199,2.92826893027907e-09,-2.80722338959521e-05,1.4795042072692e-09,-0.000223370728864766,-3.48412922920709e-05,1.92260915299762e-07,1.34491439618286e-07,0.00326827279848207,-0.000249636064614125,-0.000208182422126423,1.09826667668505e-10,-0.39999927999162,-0.39999993639798,0.250000073547761,-0.255875399278256,0.400001206544916,0.249999715139627,0.400000610139006,0.400000027268597,0.250000224812893,0,0,0,0,0.01,1.4116265833578,0.01,0.01,0.01,2.39741903076795,0.383888859302051,0,0,0,0.01,0,1.27938500208492,0.01,2.28693302320218,0.01,0.01,3.12166909493642,0.01,0,0.01,2.95122675857757,2.64852421020476,0.01,1.63273295961752,2.28584190858208,1.7300843339587,2.18849053424091,0,0,0,0,0,0,0,1,1,1,0,1,0,0,0,0,0,0,0,1,0,0,0,0
304,-0.0313399183316023,0.0712341733760717,0.0458224872077653,0.0478217194373093,0.00500000328776329,0.042267180519341,-0.00999999977322909,-0.100167676994468,0.043954684131756,0.854236789296467,4.14464490725963e-06,-3.57289913709012e-06,0.519909582675557,-0.00994506473366747,-0.0326576898911006,0.0519969397604427,-0.0498888233314766,-0.0750000000456189,0.00514187250249675,-0.000411657008542595,2.64428480008001e-09,-2.80719503642307e-05,1.03575976863084e-09,-0.000224114293168455,-3.48510253814672e-05,1.89565605123751e-07,1.34115137431805e-07,0.00328348300634066,-0.000250593291142263,-0.000208983791433977,2.10495188834929e-10,-0.399999526096606,-0.400000018778143,0.250000220163658,-0.215523038734418,0.400001089556382,0.249999744628806,0.400000427043085,0.39999997592248,0.250000218752925,0,0,0,0,0.01,1.40946121897955,0.01,0.01,0.01,2.39627256702993,0.384392147230635,0.524902607631698,0.431417208674577,0,0.01,0,1.25577627427794,0.01,2.27825616085726,0.01,0.01,3.10521263832701,0.01,0,0.01,2.93857737823292,2.63970299900068,0.01,1.54542920457017,2.21066667037157,1.66689120702626,2.0892046679155,0,0,0,0,0,0,0,0,0,1,0,1,0,0,0,0,0,0,0,1,0,0,0,0
305,-0.0311623389577968,0.0693141954914811,0.0457830639605611,0.047813471243884,0.00500000364958653,0.0422666191262197,-0.00999999993674122,-0.100172167049598,0.0439539869988225,0.854219676701156,4.14721007116863e-06,-3.57256172104249e-06,0.519937698502237,-0.00995008579969376,-0.0326618778592719,0.0519969397581285,0.0670620306116471,-0.0750000000996749,-0.00901335436936962,-0.000413106617421097,2.97402679076849e-09,-2.80720461986745e-05,1.78885885764428e-09,-0.000224878394142748,-3.48620305607457e-05,2.03721852762688e-07,1.44748189365711e-07,0.00329908851820137,-0.000251563945852962,-0.000209806172406185,-1.04077686299664e-10,-0.399999124722756,-0.400000041018712,0.250000047136394,-0.28671684140444,0.400001225457966,0.249999746385675,0.400000737420648,0.399999945848602,0.25000021701275,0,0,0,0,0.01,1.41223799420818,0.01,0.01,0.01,2.40257370642014,0.385563332740703,0.522921674580253,0.445691992346173,0,0.01,0,1.27495389338881,0.01,2.27251524520674,0.01,0.01,3.11826933367912,0.01,1.11978020159047,0,2.94660267396645,2.64722385179923,0.01,1.44765478013813,2.10249027682708,1.55579345362392,1.99435160334129,0,0,0,0,0,0,0,0,0,1,0,1,0,0,0,0,0,0,0,0,1,0,0,0
306,-0.0296405324452038,0.06740941540353,0.0453409121088011,0.0478051924887934,0.00500002367579079,0.0422660597987431,-0.010000000141405,-0.100176675118798,0.0439532887845378,0.85420248175848,4.14965024348704e-06,-3.57208208842739e-06,0.519965936095415,-0.00995512224376962,-0.0326660754408706,0.0519969397082846,0.0749999998956828,-0.0749999865143334,-0.0350715024491545,-0.000414536516837866,6.89034349741199e-09,-2.80681363317052e-05,-1.7788447193416e-09,-0.000225623211233197,-3.48680078927079e-05,1.93365129310101e-07,1.39416038952878e-07,0.00331448353486586,-0.000252522693986558,-0.000210568188508885,8.5706407716311e-10,-0.400000034654322,-0.300564181264954,0.249999941749019,-0.16270103147282,0.400002853242047,0.250001176612236,0.399999304276351,0.400002615239668,0.250001556336394,0,0,0,0,0.01,1.40786769578535,0.01,0.01,0.01,2.41824980201275,0.382607946438411,0,0.490218369088174,0,0.01,0,1.32226539970541,0.01,2.28741623546288,0.01,0.01,3.14326212417441,0.01,0,0,2.95633098187699,2.68425980422955,0.01,1.38199726844039,2.0205418640865,1.4774462423287,1.92509289019821,0,0,0,0,0,0,0,1,0,1,0,1,0,0,0,0,0,0,0,1,1,0,0,0
307,-0.0293045974020011,0.0654894344837696,0.0449568950438469,0.0477968879829131,0.00500002162149132,0.0422654985251209,-0.0100000054242713,-0.10018119438505,0.043952591360494,0.854185207816889,4.15229035629518e-06,-3.57199097496076e-06,0.519994318477735,-0.0099601889173614,-0.0326703027813462,0.0519969397335448,-0.0408270369100315,-0.0750000026374609,-0.00348801537213832,-0.000416008964227158,-3.71011752781173e-09,-2.80680374809016e-05,-3.74032336317052e-09,-0.000226403291236301,-3.48822071729637e-05,2.08049129906291e-07,1.50127357438097e-07,0.00333024216910617,-0.00025354978328239,-0.000211468978975356,2.18389233281929e-10,-0.237274254431433,0.0218971538862097,0.216984492244067,0.0426606125545194,0.399998463083025,0.250001249202443,0.399998437597821,0.399998719752966,0.250000286616033,0,0,0,0,0.01,1.40697213657269,0.01,0.01,0.01,2.48127800270309,0.432437838402099,0.475960943828952,0,0,0.01,0,0,0.01,2.02375065842776,0.01,0.01,3.03414824498237,0.01,0,0,2.90618990434535,2.67103044709933,0.01,1.27614150627506,2.00021081796701,1.46111636235576,1.81523596188631,0,0,0,0,0,0,0,0,1,1,0,1.26288435198712,1,0,0,0,0,0,0,1,1,0,0,0
308,-0.0299780974800726,0.0635694566111999,0.0454278335502431,0.0477885527885266,0.00500002187324607,0.0422649370678044,-0.0100000053724601,-0.100185730225339,0.0439518936191814,0.854167848298317,4.15492614582731e-06,-3.57163590047188e-06,0.520022833228941,-0.00996526964050061,-0.0326745400277845,0.0519969397691292,-0.0265941059589887,-0.0750000022776468,0.050000002175975,-0.000417503173741196,-3.59522461004239e-09,-2.8067529445663e-05,-3.95083036456152e-09,-0.000227187789120884,-3.48919012112308e-05,2.02871325291543e-07,1.48877325968981e-07,0.0033463152855474,-0.000254556948005505,-0.000212312116936614,4.90183658920642e-10,-0.256221612284691,0.0158855072582961,0.16986688594339,0.0433563112740857,0.399998511749329,0.250001285011926,0.399998354174575,0.399998849347616,0.250000308834922,0,0,0,0,0.01,1.40688657364568,0.01,0.01,0.01,2.47848893480492,0.43129039115955,0.476497426190171,0,0,0.01,0,0,0.01,2.02721948170036,0.01,0.01,3.04056890204522,0.01,0,0,2.91421746549734,2.67079670698269,0.01,1.18529380959738,1.91276036249543,1.3814925066471,1.71656166544571,0,0,0,0,0,0,0,0,1,1,0,1.26436725691389,1,0,0,0,0,0,0,1,1,0,0,0
309,-0.0304663410262249,0.061649478389195,0.0464498121056197,0.0477801874912041,0.00500002277383588,0.0422643756436432,-0.0100000000099862,-0.100190281753483,0.0439511956780915,0.85415040375125,4.15758264577042e-06,-3.57126716147846e-06,0.520051486753042,-0.00997036964269483,-0.0326787946023286,0.0519969397505317,-0.0222518307623816,-0.0750000030642951,0.0500000024391691,-0.00041901572730781,-4.23613773390013e-09,-2.80672532544111e-05,-4.23857676521591e-09,-0.000227983435968398,-3.49022092323268e-05,2.02748109240951e-07,1.50568543199853e-07,0.00336258958338142,-0.000255578474371125,-0.00021317317938312,6.91354400288669e-10,-0.26576202439144,0.0362450457564028,0.16374809487246,0.0371315301531455,0.399998263546273,0.250001290690574,0.399998280653542,0.399998591754778,0.250000308356133,0,0,0,0,0.01,1.40665067131216,0.01,0.01,0.01,2.48089556327068,0.430533679905325,0.476711719441582,0,0,0.01,0,0,0.01,2.02111399868514,0.01,0.01,3.03416543940023,0.01,0,0,2.91234799855033,2.66089549616792,0.01,1,1.83158639434372,1.29825608627465,1.63662426055084,0,0,0,0,0,0,0,0,1,1,0,1.2692039574532,1,0,0,0,0,0,0,1,1,0,0,0
310,-0.0308185270103358,0.0597295001547325,0.0474623632467685,0.0477717917415015,0.00500002270066447,0.0422638143273206,-0.0100000053235111,-0.100194849323985,0.0439504974681838,0.854132873514152,4.16025330504544e-06,-3.570876807719e-06,0.520080277750076,-0.00997549137728588,-0.0326830664791784,0.0519969397913213,-0.013012947330304,-0.0750000033280026,0.0500000027771065,-0.000420547453677833,-3.82513018561245e-09,-2.80670292724221e-05,-3.23756312773055e-09,-0.000228789671536209,-3.49128173974655e-05,2.04944645425074e-07,1.5372560931026e-07,0.00337909057901585,-0.000256603712722405,-0.000214042238035572,5.54283129122282e-10,-0.278795539788227,0.0411635780189607,0.15648000027137,0.0288530350477934,0.399998413718797,0.250001296452583,0.399998639445434,0.399998552345357,0.250000306847186,0,0,0,0,0.01,1.4075731974754,0.01,0.01,0.01,2.48009844612147,0.430807694387179,0.476453840515238,0,0,0.01,0,0,0.01,2.01830534491638,0.01,0.01,3.02962943255119,0.01,0,0,2.91024684378271,2.65800278054385,0.01,1,1.79900916664987,1.26275864267569,1.60570572680568,0,0,0,0,0,0,0,0,1,1,0,1.2706768449512,1,0,0,0,0,0,0,1,1,0,0,0
311,-0.0310862135691616,0.0578095224066069,0.0484648799423723,0.0477633652440419,0.00500002308712654,0.0422632529489482,-0.0100000035280922,-0.100199433502511,0.0439497991241433,0.854115255053786,4.16289003387751e-06,-3.5704503721737e-06,0.520109210869399,-0.00998063345824056,-0.0326873550513734,0.0519969397681532,-0.0137520082905015,-0.0750000025680853,0.0500000020911256,-0.000422102972310466,-3.73439043677536e-09,-2.80667585267886e-05,-3.76527724724033e-09,-0.000229607116545151,-3.49233900271937e-05,2.05547041915806e-07,1.55994780605857e-07,0.00339583527257045,-0.000257653878951722,-0.000214920035219975,5.74596299634838e-10,-0.278864462799182,0.0255661340371214,0.150000877853584,0.031244517273665,0.399998459632565,0.250001301416774,0.399998445669165,0.399998732085504,0.250000316778477,0,0,0,0,0.01,1.40741589039531,0.01,0.01,0.01,2.48211164081773,0.430980449475249,0.476061970833487,0,0,0.01,0,0,0.01,2.01714118033205,0.01,0.01,3.02981550922761,0.01,0,0,2.90985420944131,2.65887237339034,0.01,1,1.6817165032957,1.13901717425424,1.49112799708,0,0,0,0,0,0,0,0,1,1,0,1.27550186844515,1,0,0,0,0,0,0,1,1,0,0,0
312,-0.0313253790791333,0.0558895439314978,0.04935938031282,0.0477549074994564,0.00500002336434109,0.0422626915596672,-0.010000001462367,-0.100204033679407,0.0439491005202363,0.854097548616462,4.16561268696388e-06,-3.57004500258005e-06,0.52013828782744,-0.00998579679506469,-0.0326916620524302,0.05199693976806,-0.010182281435913,-0.0750000034538971,0.0395024217676886,-0.000423679137872856,-4.51713808470652e-09,-2.80665200808023e-05,-4.12926477198004e-09,-0.000230436421541806,-3.49342002613702e-05,2.07447113141915e-07,1.59044441915839e-07,0.00341280374257468,-0.00025871893422058,-0.000215816881833094,6.92819711276728e-10,-0.287922639916556,0.0510419005007942,0.156621811493685,0.0418805377595987,0.399998143686935,0.250001303936896,0.399998314259832,0.399998517223278,0.250000313690483,0,0,0,0,0.01,1.40643445940154,0.01,0.01,0.01,2.4843764740905,0.430784321154184,0.476255615302247,0,0,0.01,0,0,0.01,2.01988055497403,0.01,0.01,3.02649114399659,0.01,0,0,2.90834382637899,2.65937503697892,0.01,1,1.64505642480676,1,1.45703086191623,0,0,0,0,0,0,0,0,1,1,0,1.27663382923231,1,0,0,0,0,0,0,1,1,0,0,0
313,-0.0315146272475619,0.0539695643432766,0.0500181544538739,0.0477464179572262,0.00500002353507221,0.0422621302176595,-0.0100000021219881,-0.100208651090745,0.0439484018464008,0.854079753097222,4.16827309173861e-06,-3.56959351420976e-06,0.520167509356424,-0.0099909819263346,-0.0326959852031995,0.0519969397588019,-0.00874952527037184,-0.0750000014294863,0.0264403627878169,-0.000425281435451007,-3.60911285084744e-09,-2.80660166242983e-05,-5.09304689877902e-09,-0.000231277768692674,-3.49448198043541e-05,2.0772751839784e-07,1.61257994106963e-07,0.00343005869794703,-0.000259802140277704,-0.000216714928283936,7.50037954469188e-10,-0.283582749610429,0.0255127032442878,0.168599425723235,0.0472930405463319,0.399998516262695,0.250001395999221,0.399997912492241,0.399999056338608,0.250000399874504,0.01,0,0,0,0.01,1.40664645129185,0.01,0.01,0.01,2.48769052205643,0.433243896704665,0.47406342758898,0,0,0.01,0,0,0.01,2.01776173130104,0.01,0.01,3.0280217810063,0.01,0,0,2.90234408513,2.66646823922147,0.01,0,1.55806421123259,1,1.37190537058066,0,0,0,0,0,0,0,0,1,1,0,1.27957773094108,1,0,0,0,0,0,0,1,1,0,0,0
314,-0.0317026739142162,0.0520495881469782,0.0506406851537447,0.0477378960521338,0.00500002369959551,0.0422615689387756,-0.0100000032013926,-0.100213284916865,0.0439477027343495,0.854061863240236,4.17102926050239e-06,-3.56913310388091e-06,0.52019688011914,-0.00999618835017363,-0.0327003302122046,0.0519969397537877,-0.0100488565229056,-0.0750000031925414,0.0357662126303084,-0.000426900790903717,-3.56361908434537e-09,-2.80659140130225e-05,-4.0674059854993e-09,-0.000232131143234242,-3.49561451996861e-05,2.1044223289265e-07,1.64843536816854e-07,0.00344751584461847,-0.000260889569757911,-0.000217639878528795,4.47696483115687e-10,-0.277572464437159,0.0357348721218223,0.150000535272605,0.037519749968286,0.399998529986933,0.250001347519535,0.399998317920927,0.399998706235714,0.250000308328393,0,0,0,0,0.01,1.40700210989354,0.01,0.01,0.01,2.47997949195336,0.430230801147928,0.47660194487647,0,0,0.01,0,0,0.01,2.03172406772816,0.01,0.01,3.03830311419284,0.01,0,0,2.9198752963358,2.66919351620564,0.01,1,1.34834459545684,1,1.14414632119656,0,0,0,0,0,0,0,0,1,1,0,1.28345409387412,1,0,0,0,0,0,0,1,1,0,0,0
315,-0.0319123652917782,0.0501296069197072,0.0512575222429494,0.047729343976202,0.0050000026267494,0.0422610052541441,-0.0100000005559728,-0.100217934866193,0.0439470037156179,0.854043883501844,4.17375700387683e-06,-3.56865773930798e-06,0.520226403155772,-0.0100014185288268,-0.0327046890772958,0.0519969397592857,-0.0109162026403718,-0.0749999963859319,0.0259670466666669,-0.000428545526362952,1.4959011338232e-09,-2.80691046597992e-05,-2.22504972389766e-09,-0.000232992002413547,-3.49673312014436e-05,2.03836393297078e-07,1.63064556078456e-07,0.00346526091025736,-0.000261982857815761,-0.000218534128301222,1.62039244401439e-10,-0.309937755937532,-0.0822227274172861,0.150000055812336,0.042793678611781,0.400000616242523,0.249999862252108,0.399999083231655,0.400000802936433,0.250000065840288,0.01,0,0,0,0.01,1.40677902346364,0.01,0.01,0,2.48511404679038,0.428358172354539,0.468880269990407,0,0,0.01,0,0,0.01,2.02091688723086,0.01,0.01,3.01662941885198,0.01,0,0,2.8926774097617,2.66268279994683,0.01,0,1.42817883504809,1,1.01648942964594,0,0,0,0,1,0,0,0,1,1,0,1.30707639434422,1,0,0,0,0,0,0,1,1,0,0,0
316,-0.0321039548897532,0.0482096259592727,0.0517288735388473,0.0477207557119329,0.00500000081422934,0.0422604434226757,-0.0100000000475707,-0.100222604725084,0.0439463040916093,0.854025801828191,4.17683898002765e-06,-3.56826228372812e-06,0.520256086869944,-0.0100066714993314,-0.0327090722118867,0.0519969397803653,-0.00825687830929729,-0.0750000000137813,0.021191989342082,-0.000430322183601615,-6.21246889198859e-11,-2.80675217174431e-05,-1.04253156404559e-10,-0.000233930519806889,-3.49796598165195e-05,2.00409418842353e-07,1.6087840331527e-07,0.00348441674699731,-0.000263173226210216,-0.000219557076011066,-9.72732673502734e-12,-0.290487117814309,0.000959063047383121,0.150000029681414,0.0475797362308216,0.399999974111561,0.24999998807203,0.399999957259882,0.39999998089559,0.250000007432998,0,0,0.37567632073793,0,0.01,1.40641209229101,0.01,0.01,0,2.49075353379058,0.430456477262815,0.468206597793807,0,0,0.01,0,0,0.01,2.01446871822371,0.01,0.01,3.02085651747256,0.01,0,0,2.8924186270022,2.66479621825877,0.01,1,1.29119206834916,0,1,0,0,0,0,1,0,0,0,1,1,0,1.30114726451545,1,0,0,0,0,0,0,1,1,0,0,0
317,-0.0323537414259368,0.0462896494098254,0.0516884034226792,0.0477121329548875,0.00500000250708971,0.042259882333184,-0.0100000009719897,-0.100227291356008,0.0439456037574087,0.854007630620943,4.17938769150531e-06,-3.56766594105111e-06,0.52028591082695,-0.0100119444243429,-0.0327134713476877,0.0519969397462724,-0.0166791358021602,-0.0749999963979317,-0.0250080816451571,-0.000431907861759293,1.75759216156093e-09,-2.80689917205938e-05,-2.24323973916139e-09,-0.000234765704850708,-3.49921182985174e-05,2.34471403364603e-07,1.88320922484225e-07,0.00350153367641443,-0.00026424879677991,-0.000220444152406805,-2.22440868302756e-10,-0.290856102530121,-0.20286999720026,0.14999994411693,0.0432901609402332,0.400000724096077,0.249999880748431,0.399999075737411,0.400000803364181,0.249999979958709,0.01,0,0,0,0.01,1.40685912906829,0.01,0.01,0,2.50663218778838,0.428633462892792,0.470685483475705,0,0,0.01,0,0,0.01,1.99677111669898,0.01,0.01,3.06503327092789,0.01,0,0,2.91864857752958,2.65103782131834,0.01,0,1.09990188649169,1,1,0,0,0,0,1,0,0,0,1,1,0,1.36454456945773,1.02388542874292,0,0,0,0,0,0,1,1,0,0,0
318,-0.0326296619763633,0.0445238504161832,0.0516130321598739,0.0476784681236059,0.00500000012550301,0.0422599991301991,-0.0099999997583114,-0.100264456535203,0.043939866603957,0.853846850569864,5.27904852572374e-05,-1.28085458602164e-05,0.520549731764247,-0.0100149889078573,-0.0327677419911167,0.0520010918244723,-0.0247301347827453,-0.00923246450060777,0.00341345206224344,-0.0289881415572061,2.88840254235358e-08,-0.00147031857309709,2.03220441478464e-08,-0.0251990146109907,-0.00356407968833713,-0.0124395423467364,-0.0110782936658836,0.361606175054278,0.00246857364368694,-0.0252408710223324,0.000845777712196113,-0.0618278235646121,-0.0945080632798381,0.221859227394483,-0.0310734141677549,0.400000090421997,0.150000002782429,-0.293191346237265,0.400000073049419,0.150000004165497,0.01,0.0665713523489898,0.01,0.01,0.01,0.959411731103309,0.01,0.01,0,0,0,0,0,0.01,0,0,0,0,0,0.01,0.01,0,0,0,0.01,0,0,0,0,0,0,0,0,0,0,0,1,1.28722925860078,1,1.47246562798522,1,0,1,1,1.27917915458101,1,2.55605764253327,0,0,2.0624399791125,1,1.15150846007957,0,1.99218433838693,2.24699162882352,1
319,-0.0344280665677223,0.044531579809733,0.0522131276592623,0.0492239674598188,0.00500000039984165,0.0427669310551693,-0.00999999992366498,-0.0996120654248615,0.0441176901837891,0.852549839974314,-8.09324169520947e-06,4.14323799385128e-06,0.522671292467497,-0.009874114065328,-0.0323563014069562,0.0519974009832318,-0.0750000002345865,0.0271960309390333,0.0499999999718464,0.0749999998802648,-4.11325397636553e-11,0.0499999999994593,7.04919094307556e-10,0.074999999981265,0.01700418470887,0.00117110686034502,0.000402502112242605,0.507832960100866,0.0132185248336326,0.0525590988182648,-5.93498821872995e-05,0.179405583585654,-0.124637615715026,0.149999988399774,0.0990378164353378,0.3999999830494,0.14999999977701,-0.152230137426362,0.399999992278531,0.149999999798285,0.01,0.312498645666586,0.01,0.01,0.01,0.947971811870406,0.01,0.01,0,0,0.636890139921039,0,0,0,0,0,0,0,0,0.01,0.01,0,0,0,0.01,0,0,0.01,0,0,0,0,0,0,0,0,1,1.59394719161588,0,1,1.15316986712497,1,1,1,1.28111055990703,1,2.65857526200325,0,0,1.89354849595608,1,1,0,2.03978783917664,2.33223022708811,0
320,-0.0339417998986921,0.0450434682578094,0.0526949907356055,0.0511637561413497,0.00500002288568044,0.0435778493417381,-0.0100000027111229,-0.098723105864427,0.0440345388655888,0.852245608802339,1.13071536725938e-05,3.93969003654972e-06,0.523167255146278,-0.00930544606188955,-0.0317978833746385,0.0519974572875436,0.0749999987998993,0.0292928467002925,0.00417682759685468,0.0750000014949853,-2.40211214541232e-09,0.0380971480626679,-6.06831151736558e-09,0.0362367074306953,-0.0123475495585615,-0.000859574055445885,-0.00287854850730093,-0.325792388088814,0.0536259578038762,0.0199127797654422,9.25930255972046e-06,-0.40000049480153,-0.127900989474007,0.150001111935299,-0.39999938420251,0.399999009883772,0.249999989013472,0.231129837786746,0.400000379350664,0.194213343470772,0,0,0,0,0.01,0,0.01,0.01,0,2.49467259488217,0.561744986395138,0.378719568719605,0,0.01,0.01,0,0,0.01,3.13995203172898,0.01,0.01,3.06523289416023,0.01,0,0.01,2.64657411433515,0,0.01,1,1,1,1.0835703793023,0,1,0,0,1,0,0,0,1,0,0,1.46562955335217,1.05208377505573,0,0,0,0,0,0,1,0,0,1,0
321,-0.034464275660402,0.0446903765248843,0.0525694049500916,0.0509709261217029,0.00500000039307345,0.043707988168385,-0.00999999994395112,-0.0986230335044923,0.043922495450498,0.851556807748899,6.11198065391684e-06,-3.39954504128031e-06,0.524287695069298,-0.00906174456795359,-0.0319115250461336,0.0519966964095245,-0.0750000000488594,-0.0526472561636476,-0.0138972775098713,-0.0487769113872357,-1.30393743960351e-09,-0.00542623213075032,-9.47889101809635e-09,-0.0280644734662556,0.000857467425618886,-0.0083956439049052,0.00044443129061862,0.391848657044726,-0.0226887172185692,-0.0294934910994499,0.000399751328981403,-0.400000020135899,0.0410552818980434,0.150000005410533,0.39999997566201,0.400000012125922,0.203303682368171,0.399999965742289,0.40000002269268,0.150000000923037,0.01,0.01,0.01,0.01,0.01,1.05893227594411,0.01,0.01,0,2.4953133556811,0,0,0.01,0,0.01,0,0,0.01,2.60605701403139,0.01,0.01,0,0.01,0,0,0,2.45623152690771,0,0,0,0,0,0,0,0,0,1,0,1,1,0,1,0,1,1,0,0,0,0,1.91097031021659,0,1.39080792315969,1,1.00705186967741,0,1
322,-0.0363840306502084,0.0454788823005649,0.0528518485667428,0.0500875672925994,0.00500000079151769,0.0437095682023576,-0.010000001219324,-0.099147400436748,0.0439221247315262,0.848966694953151,5.39017648306252e-06,-9.04459408577603e-06,0.528471631004735,-0.00963271726915903,-0.0324721127197502,0.0519974890365912,-0.0749999989063328,0.075000000744644,0.0409004901935231,-0.0441519939142681,-9.91947236104412e-10,1.36889407911978e-05,-9.18113111502344e-10,-0.0260673231949767,-9.39557225260792e-05,0.00032237702454493,0.000131049092616619,0.508891021099461,-0.0295341537736135,-0.0280988011700043,-2.30526865960784e-05,0.400000450722405,-0.199817389708216,0.151859917085549,0.400000292127838,0.399999134999414,0.149999989481801,-0.216244723657535,0.399999273919466,0.149999970346508,0.01,0.219151421316591,0.01,0.01,0.01,0.906790685182116,0.01,0.01,0.01,0,0,0,0,0,0,0,0,0,0,0.01,0.01,0,0,0,0.01,0,0,0,0,0,0,0,0,0,0,0,0,1.48772745406894,1,1.19537832988792,1,1,1,1,1.38098715937881,1.04175226012214,2.82442232643101,0,0,1.80217393128075,1,1,0,2.11031314792191,2.37329373450108,1
323,-0.0351841291638016,0.0445868888864812,0.0538711898135056,0.0515493886297851,0.00500000104416981,0.0440185799004933,-0.0100000002407216,-0.0986597296932751,0.044025696905464,0.84743476967944,-5.8551792052157e-06,3.44204487344611e-06,0.530924721652209,-0.0097421845925858,-0.0321117557227138,0.0519976036448313,0.0750000001603403,-0.0749999992023203,0.0499999998924284,0.0749999994047068,1.72691763020787e-09,0.0316721074221957,4.89055664100307e-10,0.0727717818826597,0.0128503255555017,-0.00122320715854372,-0.000120210354072567,0.382352411063588,0.00728559046357901,0.0570065985652608,-6.90361383811712e-05,-0.196313474502643,-0.399999671244639,0.149999955640887,-0.0311965350990434,0.400000711735315,0.150000032846507,-0.0292999708613906,0.400000336021297,0.150000012208041,0,0,0.132103233938106,0,0.01,1.72973478555205,0.01,0,0,0,0,0,0,0,0.01,0,0,0,0,0.01,0.01,0,0.01,0,0,0,0,0,1,1.08052219104512,0,1.06203473271078,0,0,0,1,1,1.28146702899934,1,1.02657815641214,1,1,0,1.12152507679519,1.11976720501642,1,1.51443417466507,0,0,1.18088336347739,0,1,1,2.99443724945949,1.19771698056981,1
324,-0.0366640795223331,0.0438198700979053,0.0539223474797962,0.0513507935846494,0.00500000118475905,0.0443102075655319,-0.0100000006195413,-0.0986450238200609,0.0441402918192208,0.846328939225181,8.40307782611312e-07,-9.59006676632884e-06,0.532685790112483,-0.0097059843859608,-0.0322496806041481,0.0519972814170295,-0.0750000026470131,-0.0623795955927762,-0.0146626898974305,-0.0674900412972336,1.63736401697906e-08,0.00944751471275663,-3.18824354808556e-08,-0.0373077788366504,0.00124067338949871,-0.0026018675076721,0.00425634167134349,0.442096906393193,-0.0244895119937369,-0.0376260877902276,0.0010423317090605,0.185205351348033,-0.126729507450091,0.250000034859704,0.399998872910063,0.399999683526167,0.250000061391642,0.39999881153848,0.399999751548457,0.150000282236533,0.01,0.440156327771411,0.01,0.0270425737254265,0.01,0.904678628106652,0.01,0.01,0.01,2.48159383464827,0,0,0.669839182496818,0.01,0,0.717523371683427,0,0.0543360769536511,3.32376822712598,0.01,0.01,2.42525479546409,0.01,0,0.01,2.57279278789324,2.95270037709113,0,0,0,0,0,0,0,0,0,0,0,1,1,0,0,1,0,1.15218315535341,0,0,0,0,0,0,1,0,0,0,1
325,-0.0358012017702691,0.0440513253334033,0.0535634981916174,0.0526784410540812,0.00500000007670841,0.0439987302392815,-0.00999999990771421,-0.09861175866684,0.0440850546195961,0.845721856360255,-1.66059911391214e-06,4.24893304111208e-06,0.533649117624078,-0.00970789437080226,-0.0322846909158767,0.0519972218549502,0.0749999998425892,0.0477206697231951,-0.0334735096932894,0.074999999895194,6.23787506297243e-11,-0.0386029934006414,-1.51759754279426e-09,0.0347802287712862,-0.0062482908598549,-0.000919253851345304,-0.000759633311274099,0.0968335349038126,0.0106747952787369,0.0260671828495799,-2.22744089442248e-05,0.355344971520757,-0.331949372975665,0.243136256026474,0.399999956807381,0.400000025709454,0.250000004103439,0.399999972684386,0.400000008145721,0.150000000224393,0.01,0.53644898268966,0.01,0.01,0.01,0.877195373826257,0.01,0.01,0.01,2.43662066549418,0,0,0.704033890783781,0.01,0,0.421429871735771,0,0.01,3.05870849110906,0.01,0.01,3.43213140389588,0.01,0.01,0.01,0,0,0,0,0,0,0,0,0,0,0,0,0,1,1,0,0,1,0,1,0,0,0,0,0,0,0,0,1,1.21277965532498,1
326,-0.0340168766408096,0.0447413530747348,0.0528449386059838,0.0545984067320452,0.00500000062155091,0.0430137730193478,-0.00999999970143802,-0.0977183218526915,0.0443084059850305,0.844856347374977,-2.88879565537702e-06,7.68327775668648e-06,0.535018324203034,-0.00912073529633804,-0.0317708525457895,0.0519974055463458,0.0749999999869004,0.0265403782938313,-0.0367407876170583,0.0750000002422396,6.41109809393153e-10,-0.0500000000000725,-5.27853754140066e-11,0.0565087116615245,0.0214732564514317,0.00155667029138621,0.000307899257939068,0.324147190319002,0.0425848510619533,0.0263968394239006,5.36772957661183e-05,-0.354900569531416,-0.399999781316692,0.250000098918354,-0.399999900168184,0.400000264227483,0.217733604182925,0.400000132911365,0.400000228261632,0.150000011671117,0.01,0,0.0460904459474801,0,0.01,1.75356891074889,0.01,0.01,0.01,0,0,0,0,0,0.01,1.67467888076587,0,0,0,0.01,0.01,0,0.01,0,0,0,0,0,0,1,0,1.18718406481597,0,0,0,0,0,2.20816910456831,1,1,1,1,0,0,1.10040909507033,1,1.51474425959392,0,0,1.20382510294955,0,1,1,2.9569008741416,1.17402732508028,1
327,-0.0347959826025352,0.0445044341305489,0.0523587544375095,0.0548139885147409,0.00500000113736473,0.0428129518511346,-0.0100000007129453,-0.0971933586616143,0.0446254296644758,0.842856116026023,-2.81082297649806e-05,-2.34400891621345e-05,0.538164044821733,-0.00861611672605646,-0.0317090809219016,0.0519996656439252,-0.0749999994236554,-0.0390227077199254,-0.0250636403271514,-0.0133874104292039,-7.6515161261784e-08,0.00873213890319616,4.40684212645119e-09,-0.0300581485987254,0.00339960726404863,0.016923649761707,-0.0364902717867519,0.255195856775543,-0.00894494962091782,-0.0231543569192657,0.00212342598271491,-0.278188028771064,-0.368717455496258,0.178625688108102,0.229235461119284,0.400000246935902,0.250000149224817,0.399998077470747,0.400001313896733,0.25000022934794,0.01,0,0.419850424332771,0,0.01,1.74940980172359,0.01,0.01,0.01,2.42759497683541,0.276081864465315,0.355737444587233,0,0,0.01,0,0,0.01,2.22243783135812,0.01,0.01,2.95398288095136,0.01,0,0,3.08802063193274,2.55532107824226,0,0,1,0,1,0,0,0,0,0,0,0,0,1,1,0,1.15715550849,1,0,0,0,0,0,0,1,1,0,0,1
328,-0.0356252182032014,0.0435442512901323,0.0522298975059817,0.0534086892599793,0.0050000009628068,0.0426130713448655,-0.0100000004967134,-0.0979510523634946,0.0446102155507274,0.84120875549872,8.78849952610094e-06,-5.23374260951432e-06,0.540735473715318,-0.00892352376983422,-0.0324968526532258,0.0519971156647129,-0.0304092116577162,-0.0532636898595423,-0.000806191720060323,-0.0750000039172973,3.94273184368023e-08,-0.0230889233224935,-6.06754371665218e-09,-0.044430494093744,-0.00081984764652289,-0.00956533383752408,0.00165260944830106,0.26614375507633,-0.012714854832204,-0.0470628007750546,-0.000193522731836456,0.375246421781455,-0.138890227431829,0.216020896372021,0.399998385562365,0.400000077771615,0.250000056803144,0.399998597920934,0.39999984046447,0.250000389859063,0.01,0.545725232986113,0.01,0.0532536251000077,0.01,0.906426862658036,0.01,0.01,0.01,2.47130566154209,0.330719372450836,0,0.468565277999923,0.0354680078084783,0.01,0,0,0.01,3.03055695268909,0.01,0,2.29758163185912,0,0,0,0,0,0,0,0,0,0,0,0,0,0,0,0,0,1,0,0,0,1,1,0,0,0,1,0,1,1,1,1.11802550519883,1.28811384453577,1.05793580578957
329,-0.0345833707814308,0.043403543587627,0.0519944919064668,0.0546357143411141,0.00500000013155121,0.0422141615889248,-0.00999999990179914,-0.0980813371930789,0.0444944188283442,0.840835535386444,1.69259055117089e-06,6.17378705457936e-06,0.541315646008957,-0.00873531002586336,-0.0327514672862533,0.0519971006855675,0.0750000000164226,0.0191092075240004,-0.0252823828952967,0.0750000000394042,-2.57542165166559e-12,-0.017513936952329,-2.63933437151899e-10,0.0204940322889827,-0.00781390014866059,-0.000819229944916351,-0.000785200656704203,0.0600785446992695,0.0143901545025701,0.0120540914189764,1.5911716058072e-05,-0.399999993231949,-0.400000012974099,0.221599520083324,-0.258353272390671,0.399999998939915,0.249999999982815,0.400000010862222,0.399999988205855,0.149999999474373,0.01,1.75838419236922,0.355038789799949,0.296072048911969,0.01,1.785958410661,0.01,0.01,0.01,2.27577288140711,0,0,0,0,0.01,1.59278044697859,0,0.01,2.40156272843703,0.01,0.01,2.98791995048718,0.01,0,0,3.09140547971547,2.61305839776341,0,0,0,0,0,0,0,0,0,0,0,1,1,1,1,0,0,1,0,0,0,0,0,0,1,1,0,0,1
330,-0.0358191572952595,0.0430616696711122,0.0515765632785847,0.0538515273959671,0.00500000199133369,0.0417460933899326,-0.0100003045529688,-0.097885265359493,0.0443297910614674,0.83881519903414,1.50142653268229e-05,-6.49719608203347e-07,0.544441168578092,-0.00868671596177866,-0.0327910736017769,0.051996048964877,-0.0749999972628832,-0.0501236332269515,-0.0230364717558124,-0.0576593406858724,5.93471480928478e-08,-0.00290730879791161,0.00304347238584757,-0.0278940867467282,-0.00143592841402159,-0.0467340836792436,0.0347075873313716,0.503428790540027,-0.016058893275975,-0.0323937219797168,0.00127299476942849,-0.284746161073893,0.0868483780513228,0.20170776575185,0.400000782830702,0.399999591056921,0.250000001812159,0.400000426206566,0.399999985180451,0.166066694002304,0.01,0.0788642079745978,0.01,0.01,0.01,0.903196268739107,0.01,0.01,0.01,0,0.120965077669162,0,0.01,0.01,0,0,0,0.01,0,0.01,0.01,2.58891645171639,0.182908408327451,0.346036556768231,0.01,0,0,0,0,0,0,0,0,0,0,0,0,1.03609952775118,0,1,0,0,1,1,1.03337323959972,0,2.66693964478389,0,0,0,0,0,0,1,1.24470683120371,1
331,-0.0348818219266035,0.0429698251823631,0.0517776589823894,0.0553236677629865,0.00500002973585422,0.0413400648926357,-0.00999996691269694,-0.0979330010392241,0.0444448221168332,0.837985691386415,-1.43594157560226e-06,5.66683300763467e-06,0.545717067528872,-0.00862054240564791,-0.0329468470162988,0.0519977492561119,0.0749999990524471,0.0196745085940489,0.0306268083829155,0.0749999994719043,5.56120165009772e-09,-0.0430970859439066,-1.59685051078443e-09,0.0259308474899989,0.00992431046161328,-0.00073279154024827,-0.000418467316273552,0.129692450189614,0.0140991181517666,0.0160542179181607,-3.80874715599726e-05,0.40000088981291,-0.172761436777571,0.150000446278173,0.399999916490933,0.400002217113305,0.150000020837446,0.399999415888303,0.400001773662977,0.15000007440387,0.01,0.444604550613681,0.01,0.01,0.01,0,0.01,0.01,0.01,0,0.01,0,0.0188029124477851,0.01,0,0,0,0.01,0,0.01,0.01,0,0.01,0.01,0.01,0,0,0,0,0,0,0,0,1,0,0,0,2.28220142962477,0,1,0,0,1,1,1.00144178371414,0,2.74444351270616,0,0,1.45836199673488,0,0,0,2.0196990659007,1.36679385490354,1
332,-0.0330676156207142,0.0430790529466295,0.0525025673408056,0.0572436246821353,0.00500000029094543,0.041018816820281,-0.00999999990853682,-0.097248060235271,0.0447704996745298,0.836275462428989,2.28029460037573e-06,3.03634651475153e-06,0.548334338993522,-0.00810145741235047,-0.0326576698202444,0.0519978537696955,0.0750000000204632,-0.00858916483075169,0.0413396708020134,0.07500000003746,3.07812597116244e-12,0.0107032019871454,3.11177239702212e-10,0.0428777585507061,0.0234544514602893,-0.00264356173998239,-9.78504608974632e-05,0.5252015816931,0.0343419827971437,0.0143004002647389,-5.96862842509268e-05,-0.328545314286802,-0.400000008007208,0.150000000352484,-0.206663118918364,0.400000001268264,0.210914873702338,0.400000007604466,0.399999992211623,0.206411968915742,0.01,0,0.0832905572829813,0.0136782129000783,0.01,1.77775729212596,0.01,0,0.01,0,0.01,0,0,0,0.01,0,0,0.01,3.29360778643193,0.01,0.01,0,0.01,0,0.01,0,0,0.01,0,1.11356627161822,0,0,0,0,0,1,0,1.78062550428765,0,1,1,1,0,1.19603182755177,1,0,0,0,0,2.0840664419007,0,1,0,1.09697484983683,1.03694159805867,0
333,-0.0341844680676826,0.0424514390870048,0.0525242927414371,0.0565773860571028,0.00500000128202419,0.0412541503164724,-0.00999999967955028,-0.097196242028572,0.0448256558931523,0.832627891987127,-2.25822497603512e-07,-3.44987677027799e-06,0.553857615478762,-0.00806452277513853,-0.03295877123965,0.051996474266899,-0.0749999988995751,-0.0720569943359693,-0.00719500262049263,-0.0679720227943264,-2.815762406716e-08,0.000233962629718227,3.33663447252737e-06,-0.0508459286004784,0.00170258822521234,-0.0108093206504122,0.00799159208592958,0.781291846626641,-0.0425438560435939,-0.0517729752148155,0.00118645464007054,-0.208607150323384,0.0393947517056518,0.157935510184444,0.28810317109846,0.399999737623301,0.249999872818881,0.399998336018508,0.400000450756714,0.199899356494006,0.01,0,0.284868513425029,0,0.01,1.75285989574315,0.01,0,0.01,1.8393449816817,0,0.0530237614333848,0,0,0.01,0,0,0.01,2.25867299196447,0.01,0.01,2.91134390469141,0.01,0,0,3.08019860615514,2.5317811793101,0,0,1.09151090009185,0,1,0,0,0,1,0,0,1,0,1,1,0,1.17844955598524,1,0,0,0,0,0,0,1,1,0,0,1
334,-0.0352178970351518,0.0410298655366792,0.0524075119255626,0.0547892111303287,0.0049999963860274,0.0409336487069037,-0.0100000018973482,-0.0982090834967145,0.0447926954609681,0.82934290932744,7.40950872738757e-06,-6.08565933762163e-06,0.55876469508377,-0.00863110211073692,-0.0340327166703082,0.0519969003383272,-0.0282710359823065,-0.0662989865733378,-0.00587947246055003,-0.0750000151506616,4.83363189478002e-08,-0.0300969100716516,-1.33064604490795e-08,-0.0469802081052351,-0.00360419666082188,-0.00585342874430134,0.00604079143814547,0.45251071007951,-0.0165317923305358,-0.0523370971422399,7.11652339510955e-06,0.308124692880368,-0.0988089109996774,0.212265916766818,0.39999375179768,0.400002007312566,0.250000440789399,0.399995848567662,0.399999726172228,0.250000700208163,0.01,0.518783288177218,0.01,0.0562373456130602,0.01,1.31402963824566,0.01,0.01,0,1.87624115955721,0.01,0.0447051331559423,0.504321660194308,0,0,0.699906706232187,0,0.174129828520574,3.18984681097202,0.01,0.01,2.54254424202804,0.01,0,0.01,2.65851924628693,2.87637584633256,0,0,0,0,0,0,0,0,0,1,0,0,0,0,1,1,0,1,0,0,0,0,0,0,1,0,0,0,1
335,-0.033717458099632,0.0404324651194897,0.0522217544681058,0.0560076970903557,0.00500000079012616,0.0400026902189412,-0.00999999998347192,-0.0982707267297158,0.0447252624651093,0.828166528337587,-2.72908822672195e-06,2.51348543968767e-06,0.560506804212776,-0.00872691806397275,-0.0341579021214641,0.0519972143203018,0.0750000006153216,-0.0108072675294632,-0.0136665502222518,0.0750000005008534,-3.29035975528165e-12,-0.0268819486523946,8.10681250689324e-10,0.0288293867107064,-0.00441717230329108,0.00170318422428542,0.000718437300442239,0.145336881926702,0.0031362976962879,0.0244045157675387,5.98634557588486e-05,-0.295966975870283,-0.0602928285265343,0.193804479602867,0.400000206410402,0.399999998666123,0.250000001002884,0.40000013259965,0.400000081649167,0.171547686115723,0.01,0.309655110698653,0.01,0.01,0.01,1.24905989819954,0.01,0.01,0.01,0,0.151008654888254,0.01,0.01,0.01,0,0,0,0.01,0,0.01,0.01,2.49271549059024,0.0866434797040567,0.420648353278856,0.01,0,0,0,0,0,0,0,0,0,0,0,0,1.02522851824733,0,0,0,0,1,1,1,0,2.66305312470919,0,0,0,0,0,0,1,1.21249111324378,1
336,-0.0317812134553248,0.0397648306887242,0.0524280133333925,0.0579276550349676,0.00500000017515569,0.0401078278475664,-0.00999999910320931,-0.097379580939533,0.0449444390721322,0.82511075400801,1.84331333356441e-08,8.41494176796502e-07,0.56499565269493,-0.00863762153169882,-0.0335620104563383,0.0519977369200083,0.0750000000012055,-0.0453255085070182,0.029920465810612,0.0749999997482596,-3.75006876324885e-10,0.0112764872006369,8.02424213524003e-10,0.0589955332588694,0.0198077961681494,-0.00301783867636142,-0.000426442907932241,0.858961065371802,0.00503631658567577,0.0374224507886967,-3.38600467266687e-05,0.0478578137692099,-0.400000138765016,0.150000004839563,0.340656334537604,0.399999845444411,0.150000002300608,0.399999939476939,0.399999867273082,0.203444241660036,0.01,0,0,0,0.01,0,0.01,0,0,0,0,0,0,0,0.01,0,1.38710233009463,0,2.02452602652005,0.01,0.01,0,0.01,0,0.01,0,0,0,0,1,1,1,0,1.64636382136319,0,1,1,1.12208688440058,1,1.21743342686567,1,1,0,1.2784675015261,0,1,0,0,0,2.19668605901188,0,1.71269798393453,0,2.07936637297817,1.09318688488543,1
337,-0.0328612242713847,0.0400206989056594,0.0525510660730562,0.0576948804712089,0.00500000027905309,0.0402070239871261,-0.0101468388728589,-0.0974051110658464,0.0449601040263903,0.824824888980609,1.60755853750537e-06,-1.03514302661797e-05,0.565412917968508,-0.00878049585438369,-0.0336145894089591,0.0519971704220697,-0.0750000000589348,0.0148097512806417,-0.00641757374508522,-0.0376118483115297,-1.18846510531686e-08,0.00347985253348972,-0.0175338966704191,-0.012076443597485,-0.000342260990208978,0.0026682264319799,-0.000973780377972033,0.0750881267351453,-0.0213802157903576,-0.0115759058409147,-0.000158863270756379,0.00851463942684225,-0.106429494979548,0.158995937583676,0.399999985586155,0.400000008855668,0.250000028493528,0.399999987401155,0.400000008145523,0.158838264096592,0.01,0.35551985960915,0.01,0.01,0.01,1.29279803709306,0.01,0.01,0.01,0,0.142264926443077,0,0,0.01,0,0,0,0.01,0,0.01,0.01,2.61211508447098,0.141136485708355,0.371721878140312,0.01,1.95356078180244,0,0,0,0,0,0,0,0,0,0,0,1,0,1.19171929145149,1,0,1,1,1,0,2.55206705687605,0,0,0,0,0,0,0,1.21511420925383,1
338,-0.031599261612476,0.0390343014838123,0.0528820684160348,0.0592194647519061,0.00500000011612883,0.0399999999892329,-0.00999999990584637,-0.0972285120150697,0.0449473078304361,0.821997612340975,5.03800763412972e-06,-4.2838526844952e-07,0.569515520692597,-0.00870220537683542,-0.0336386516217516,0.051997552200641,0.075000000050648,-0.0690809634958778,0.0340978460074991,0.075000000032631,-1.8318700853049e-11,-3.25927767510133e-12,9.92554081321094e-10,0.0194045852950897,-0.00167499139831873,-0.00670446157700499,-0.00217559828605809,0.690574762597825,0.00545558354717461,0.00255106264578425,-0.000114633224135574,-0.16584521089515,-0.0394554789880453,0.150000000689728,0.400000013447873,0.399999992451583,0.249999998669756,0.400000006707471,0.399999999877223,0.167374534365473,0.01,0.40582655530997,0.01,0.01,0.01,0.983838448986004,0.01,0.01,0.01,0,0.154112964625213,0,0,0.01,0,0,0,0.01,0,0.01,0.01,2.51205550327091,0,0.431904471474996,0.01,0,0,0,0,0,0,0,0,0,0,0,0,1,0,1.17322620063752,1,0,1,1,1,0,2.49041601826291,0,0,0,1,0,0,1,1.22397184329107,1
339,-0.0296648874067058,0.0380769600382476,0.0531705341415359,0.0611394192807654,0.00500000008394244,0.0400000000107029,-0.00999999990257038,-0.096577764171706,0.0450991406238429,0.818352427437118,-1.57921058883139e-06,1.13603591317081e-06,0.574741255750317,-0.00863294260807597,-0.033293763497799,0.051997594533677,0.0750000000259342,-0.0324027167861584,-0.00143294717788451,0.074999999982781,-8.89626786420327e-12,-8.29649959235728e-14,8.78304383692498e-10,0.0443023352594537,0.0109620194970423,-0.000768719087161734,0.000616513481775649,0.588297526470755,0.00323851190296784,0.0310129262786267,9.27553207076484e-06,0.153782128019302,-0.39999999512041,0.15000001188576,0.236673959395517,0.102629088849079,0.149999999962396,0.366782794879283,0.400000002296963,0.15000000024264,0.01,0,0.180384407681548,0,0.01,0,0.01,0,0.01,0,0,0,0,0,0.01,0,0,0,0,0.01,0.01,0,0,0,0.01,0,0,0,0,1,0,1,0,1.02697605363885,0,1,0,1.14122318338946,1,1.12573208918667,1,1,0,1.22213250867248,1,1,1,0,0,2.07131614683108,1,1.59757131463715,0,2.04065017409155,1.98994901597884,1
340,-0.0306109859375553,0.0375739406939248,0.0531285930468237,0.0611711736864472,0.00499999992711299,0.0403231986589645,-0.00999999981942361,-0.0965182683876801,0.0451991253296172,0.814560824266907,-6.89838546957696e-06,-4.02556524768716e-06,0.58010266278192,-0.00909086368535886,-0.0333525426293521,0.0519976837943326,-0.0750000036539464,-0.0564360309426817,-0.00078143642779607,-0.0484480159401601,-7.70377829216711e-10,0.0213213258911242,5.8470753604612e-09,-0.0311676943559246,-3.43836974973868e-05,-0.00446207655708437,-0.00358398705637223,0.906321857164526,-0.0484550796936578,-0.0327686901964184,-0.000345455215326864,0.399998494133044,-0.129686375992917,0.22878656706151,0.399998598029859,0.400000306120973,0.250000147821907,0.399998797262459,0.400000131439373,0.250000269683109,0.01,0.581698208044853,0.01,0.0503844782039786,0.01,0,0.01,0,0.01,1.87288140571104,0,0,0,0.01,0.264648312667579,0,0,0.129259896503966,3.24132710965627,0.01,0.01,2.2644135758436,0,0.01,0.01,2.40789869104933,2.94977743565489,0,0,0,0,0,0,1,0,1,0,0,1,1.04212930982912,1,0,0,1,1,0,0,0,0,0,1,0,0,0,0,1
341,-0.029411723689601,0.0365588555484513,0.0531273716831768,0.0626038266815933,0.00397517601689627,0.0402629184186898,-0.00999999968760262,-0.0963887323288308,0.0451794573295772,0.811227594641764,-1.8969750686788e-06,4.90963260267702e-07,0.584754992898865,-0.00965762459875506,-0.0332669606736558,0.051997220931452,0.0749999973063227,-0.0258221292247171,0.000477994912752775,0.0749999983021741,-0.0749999989326472,-0.0260129361791722,-1.0683201516492e-09,0.0340510855777064,-0.00371812183480761,0.00423573207900952,-0.0050771026563586,0.403507539560167,-0.0116637627708729,0.0299150213764421,-1.79778656801623e-05,0.137312963662252,-0.203052784662496,0.149999971364525,0.399999300289007,0.400000439900775,0.250000072307615,0.399999583754081,0.400000122432888,0.153698979481297,0.01,0.683527795364252,0.01,0.01,0.01,1.05463412208231,0.01,0,0.01,0,0,0,0,0.01,0,0,0,0.01,0,0.01,0.01,2.55682589671486,0,0.464748026419669,0.01,0,0,0,0,0,0,0,0,0,0,1,0,1,1,1.04257781951166,1,0,1,1,1,0,2.5394820192526,0,0,0,1,0,0,1,1.2515525157365,1
342,-0.0274890701442462,0.0359478202975548,0.0534751851300473,0.0645237833723728,0.00500000007679105,0.0399999933072795,-0.00999999990317952,-0.095681915635547,0.0453298164814668,0.80797608880704,4.68152736759834e-07,-3.25616580392513e-08,0.589239685288419,-0.00984025565343275,-0.0327267964086655,0.0519978129506348,0.074999999984249,-0.0336711456555786,0.030426252838092,0.0749999999867265,1.74071682638216e-07,8.18163824594326e-11,6.51643462249732e-10,0.0364569221771577,0.0118856944961815,-0.00362608820926933,0.000211065767181868,0.63222251656676,-0.00662026804890691,0.0264273983392672,-3.91626345671041e-05,-0.400000006491232,-0.400000016694943,0.159689982094603,0.0550570434079766,0.399999985960623,0.250000033724006,0.399999998682785,0.399999984412565,0.240284587064658,0.01,1.61976018111332,0.0886338409512315,0.113261482803844,0.01,2.64506382559397,0.01,0.01,0.01,1.85439197165235,0.01,0,0,0,0.01,1.62370804075065,0,0,2.26332414354976,0.01,0.01,3.16807877781198,0.01,1.48959566192214,0,2.97818485238568,2.62993553942039,0,0,0,0,0,0,0,0,0,0,0,0,1,1,1,0,0,1,1,0,0,0,0,0,0,1,0,0,1
343,-0.028631806664181,0.0356891223338666,0.0535635104748204,0.0633238732992965,0.00499999829979061,0.03999999991799,-0.00999999925678756,-0.0950682220471689,0.0451894476980554,0.801804279594654,-8.59228390226203e-07,-2.33515537461754e-06,0.59761127336493,-0.0102275177892716,-0.0323983172076045,0.0519969181503479,-0.0749999999595928,-0.014264008665959,-0.00153606811008121,-0.074999999962461,1.8612023637047e-10,5.31076591305349e-10,6.96388459257217e-10,0.0303098725907151,-0.0137890425312047,-0.0157201451454428,-0.00490484026350724,1.32221998249202,-0.0330611354871508,0.0153269389761164,-0.000466359384980374,0.400000016652762,-0.123318027309392,0.159025552130559,0.400000015504844,0.400000076722561,0.250000218832192,0.400000021569422,0.400000136062177,0.166477063733118,0.01,0.512094432949271,0.0393179383266093,0.01,0.01,1.21749172133381,0.01,0.01,0.01,0,0.176273505619729,0,0,0.01,0,0,0,0.01,0,0.01,0.01,2.38766582733802,0,0.145974902516508,0.01,0,0,0,0,0,0,0,0,0,0,0,0,1,0,1,1,0,1,1,1,0,2.61649599054699,0,0,0,1,0,0,1,1.2602514767523,1
344,-0.0274586784780012,0.0350965750119027,0.0537210399037304,0.0645237792862109,0.0050000000063358,0.0400000000037726,-0.00999999974267298,-0.0943190031546162,0.0452384352717194,0.796344700364342,-3.63719707208363e-07,-1.2692179638287e-06,0.604867656361641,-0.0107698841176331,-0.0318294906685408,0.0519977003718697,0.0749999997589444,-0.0234351896000279,0.0152635080976684,0.0749999996056878,1.06150794693817e-10,7.76277134231583e-12,-1.56809859185287e-10,0.0395539692178354,0.00546944673802486,-0.002025727816927,0.000716384647394384,0.666766041372247,-0.0203490475794608,0.0337539444075176,-4.50644092100072e-05,-0.400000099343803,-0.399999849763186,0.222153832955054,0.252782787435816,-0.258206713857968,0.150000003212345,0.399999835247128,0.400000127889452,0.150000011543413,0.01,0,0.01,0,0.01,0,0.01,0.01,0.01,0,0.01,0,0,0,0.01,0,0,0,0,0.01,0.01,0,0.01,0,0,0,0,0,0,1.03932509072581,0,1,0,1.17625474703202,0,0,0,1.71801238934916,0,1,1,1,0,1,1,1,1,0,0,2.0960048480498,0,1.47084234212431,1,1.99636064570252,1.98272108003001,1
345,-0.0286566872128865,0.0350434506524189,0.0538008145674186,0.0660538636024653,0.00499999956610305,0.0405406914974491,-0.0100000002189168,-0.0936537431908256,0.0453076142952838,0.790362676722331,1.88878535457288e-06,-2.6914514044292e-06,0.612663947095569,-0.0113582340179819,-0.0313559091134118,0.0519976729083031,-0.0750000019069788,-0.00446949482133326,0.000114652355807126,0.0749999981658239,-1.7280038443249e-10,0.0500000007196821,-1.90265913329521e-09,0.0329067271131262,0.00365458162751144,0.00277087880281869,-0.0024587617213515,1.25878773051789,-0.0411294662606637,0.0219052402710197,-6.65782179150012e-06,0.399999214093955,-0.281951774382843,0.219465557943081,0.399999244097609,0.399999928780199,0.171341527705865,0.399999301768109,0.399999861245371,0.249999990232476,0.01,0.686030022316753,0.01,0.0746652078500383,0.01,0,0.01,0,0.01,1.82880515498674,0.01,0,0,0.107797586643067,0,0.162024802462054,0,0.01,3.21590737294466,0.01,0.01,1.91836645507149,0.0439442432232363,0,0.01,1.99779117495323,2.85360591644832,0,0,0,0,0,0,1,0,1,0,0,0,1,1,0,1,0,1,0,0,0,0,0,0,1,0,0,0,1
346,-0.027492577110595,0.0349579157663975,0.0538015523562474,0.0679738213548477,0.00350144598063694,0.0410763808122566,-0.0099999999110644,-0.0926473107305282,0.0452335203989071,0.785372390514551,-2.30725267344056e-06,-4.30509338269765e-07,0.619048319389394,-0.0119637425582731,-0.0304767474610625,0.0519971802087556,0.0750000000334695,0.0053657471238534,-1.18166207961588e-05,0.0749999997392517,-0.0749999997346517,0.00380000125495701,-1.37078611598128e-11,0.0598719537814935,-0.00544387332662909,-0.000112377850518009,0.000351150035894608,0.648947792866959,-0.0205835283039597,0.0543947055753152,2.91974609926526e-05,-0.0195381650436964,-0.399999957270913,0.150000009042215,0.198871121807183,-0.0561802288853302,0.150000002888531,0.368991928394659,0.400000047074514,0.150000001745848,0.01,0.863802069843749,0.01,0,0,0,0.01,0,0.01,0,0.0685067404926132,0,0.738147098501322,0,0.01,0,0,0,0,0.01,0.01,0,0.01,0,0,0,0,0,0,0,0,1,1,1.48361894275035,0,1,0,1,0,1,0,1,0,1,1,1,1,0,0,1.9941216496702,0,1.33627983508682,1,1.93382431819549,1.94857659216845,1
347,-0.0286970187902448,0.0353228070298941,0.0537751487039142,0.0696153233579051,0.00470140039209755,0.0413794316761583,-0.00999999976164319,-0.0916713597364098,0.0452725062402981,0.779589352417992,-3.54685919867235e-06,-1.96639050919649e-06,0.626315820953512,-0.0125990492495746,-0.029662711136292,0.0519973234699983,-0.075000003325182,0.01539218144668,-0.000652272356253209,0.0749999968852919,0.075000000544819,0.0263921260426959,-2.65127641163281e-09,0.0469365558998372,0.0029019843391206,-0.00601234165587703,-0.00360332739420193,1.18016914927598,-0.0459336619050121,0.037994153232019,-0.000215590341596767,0.399998629622255,-0.315334406578825,0.220525052885852,0.399998716366331,0.400000224544342,0.250000032039338,0.399998845801855,0.400000078073596,0.15349982742331,0.01,0.711423711222123,0.01,0.01,0,0,0.01,0,0.01,2.36671130848931,0.28447156714736,0,0,0.0950973323296673,0,0.01,0,0.01,3.28839409727651,0.01,0.01,1.87254328725333,0.155244170382637,0,0.01,1.96513795408813,2.93959055390815,0,0,0,0,0,1,1.18993311500538,0,1.01893329247983,0,0,0,1,1,0,1,0,1,0,0,0,0,0,0,1,0,0,0,1
348,-0.0275496890484194,0.0355885462594148,0.0534725768989863,0.0715352810655591,0.00350144587416981,0.0414429642009875,-0.00999999990141383,-0.0904336514293669,0.0452090107846083,0.774439130767716,-3.76065421591622e-06,-1.8636355105443e-07,0.632673249821911,-0.0132656542215325,-0.0285465367180735,0.0519970930661904,0.0749999999950575,0.0212104727682552,-0.0277319523616942,0.074999999893765,-0.0750000000356386,-0.0198078753932465,-2.73432521161296e-10,0.0686399426849665,-0.00422584988613453,0.00101698426751379,0.000344900130872714,0.645822410121222,-0.0232793452398255,0.0636314845024739,5.40156823376485e-05,-0.00358046113122214,-0.400000028826416,0.188298752620983,0.208719935387105,-0.10731284462864,0.150000001413678,0.399999966724839,0.399999975027955,0.149999998743587,0.01,0.837704958250094,0.01,0,0,0,0,0,0.01,0,0.01,0,0.760738586040436,0,0.01,0,0,0,0,0.01,0.01,0,0.01,0,0,0,0,0.01,0,0,0,1,1,1.58011580121116,1,1.28316309427132,0,1.57279140145033,0,1,0,1,0,1,1,1,1,0,0,1.91530261232294,0,1.24043326373611,1,1.85414299494817,1.86845481003761,0
349,-0.0287713746751559,0.0361647696290827,0.0533305624053727,0.0732825622708262,0.00470139915136799,0.0415874957577495,-0.00999999939415839,-0.0892958311499851,0.0453300216419905,0.768518323896271,-2.65510992777315e-06,-1.52664459326414e-06,0.639852678826795,-0.0139092376939332,-0.0275738213055726,0.051997701209709,-0.0749999999317511,0.0240640572106941,-0.000103108461974746,0.0750000000369089,0.0749999998954516,0.0339920214827245,6.64439535337133e-10,0.0546635823599502,0.00750507513810314,-0.000646018505677193,-0.00216721698529213,1.20679461340852,-0.0469635457250522,0.0450677380534181,-2.47946744098343e-05,0.400000028126854,-0.342548063129404,0.218841660652494,0.400000015210897,0.368164904146585,0.219766986782157,0.400000012470169,0.400000325232265,0.150000018565985,0.01,0.762788787695141,0.01,0.01,0,0,0.01,0,0.01,2.36592562923796,0.301216654103843,0.237167258192786,0,0.01,0,0.01,0,0.01,3.2436059970654,0.01,0.01,1.74483201820319,0.21375921743226,0,0.01,1.85644994549568,2.92814171939589,0,0,0,0,0,1,1,0,1.31970682356587,0,0,0,0,1,0,1,0,1,0,0,0,0,0,0,1,0,0,0,1
350,-0.027661989488094,0.0365697208889262,0.0531853158111507,0.0752025193334189,0.00350144356138565,0.0418030229628172,-0.0100000015548361,-0.0880452055952679,0.04528970261977,0.763273561440712,-3.37117090787637e-06,-5.19615980216313e-07,0.646100360999774,-0.0146052739070252,-0.0264473212155095,0.0519971153891506,0.075000004383451,0.0248188737380724,-0.0133129104709087,0.0749999913152399,-0.0750000028940346,-0.0122079864367736,-9.10824588079751e-09,0.0629025837256099,-0.00224344677081666,0.000513639692668079,0.000219572539384866,0.574127230491538,-0.0242423683475398,0.0587769382323195,2.63521134825467e-05,-0.305744267214825,-0.399999485827386,0.250002442810849,0.169116397955775,0.399998815396885,0.249999895256202,0.39999641580711,0.400000497181717,0.250001357045224,0.01,1.33422437181668,0.0609980023980821,0,0,0,0,0,0.01,0,0.01,0.01,0.848510675902404,0,0.01,1.28458142819126,1.39443093230332,0.01,2.27146613939621,0.01,0.01,2.35462963291888,0.01,0,0.01,2.46521018641365,2.46447962734916,0.01,0,0,0,1,1,1.72957103628973,1.18837118633873,1.58957009804787,0,1.19336673616876,0,0,0,1,0,0,0,0,0,0,0,0,0,1,0,0,0,0
351,-0.0288693389058446,0.0371507209357437,0.0530485556278491,0.0760087026654641,0.00169037553636607,0.0411021320875768,-0.00999999967000881,-0.0870669633707391,0.045243379552159,0.758292973163124,-2.58512468767008e-06,-4.81791297131145e-06,0.651938866740924,-0.0152763323795113,-0.0255883650810905,0.0519968245243129,-0.0749999991732203,0.0234935473458882,-0.00124031615024645,0.00596331971991466,-0.0749999993700942,-0.0499999999625154,1.57970875536154e-11,0.0457943023730289,-0.000548540208607094,-0.00230915690300983,-0.0020664868388104,1.02399896811911,-0.0508439145014817,0.038986554742363,-1.55446527727205e-05,-0.399999659928648,-0.399999438208479,0.15000013447293,0.400000161250219,0.40000026005244,0.250000013939876,0.399999977518455,0.400000486103918,0.249999836653674,0.01,0,0.01,0.01,0,0,0,0,0.01,0,0.01,0,0.762543823670181,0.01,0.01,1.23455608572945,1.31322330181464,0,2.26678652077873,0.01,0.01,2.30495032577442,0,0,0.01,2.43749292002479,2.38361781814424,0.01,0,1.01059094406716,0,0,1,1.73969676064029,1.22655144164452,1.57273033443589,0,1,0,1,0,0,0,0,0,1,0,0,0,0,1,1,0,0,0,0
352,-0.0280833451777299,0.0376899767781329,0.05266185084032,0.0750068276227757,-9.38857927031365e-05,0.0400536169953371,-0.0100000010477591,-0.0859314222385163,0.045239597122357,0.753913170575395,-4.52500683227116e-06,1.62504086514417e-07,0.656998996431951,-0.0159552152949657,-0.0245488113327779,0.0519970563981208,0.0750000040000973,0.0334332677849373,-0.035403452060377,-0.075000008864803,-0.0750000006937755,-0.0500000017089525,-1.4192713915163e-08,0.0608984460894531,-0.000131709343578937,0.000708729620023939,0.000264783027043775,0.428672116534655,-0.0218692390621501,0.0579642863346878,-1.65172225614715e-05,-0.290722694165436,-0.399998847593026,0.250000934674534,0.399996346764327,0.399999713301862,0.249999294878882,0.399995649822012,0.40000106504102,0.250000982768644,0.01,1.28629026224436,0.0757540894769088,0,0,0,0,0,0.01,0,0.01,0,0.866040837644111,0.01,0.01,1.23736145777933,1.41064151662185,0,2.25506961156105,0.01,0.01,2.2353347839157,0,0,0.01,2.35493599955772,2.40861492215171,0.01,0,0,0,1,1,1.68782095483726,1.20452111581421,1.5031887905369,0,1,0,1,0,0,0,0,0,1,0,0,0,0,1,1,0,0,0,0
353,-0.0292668675130502,0.0383196123848684,0.052327333584816,0.0757503412827903,-0.00191251279320837,0.0399999988456727,-0.00999999937603563,-0.084996630000868,0.0452185192485672,0.749605749147659,-2.33285358266999e-06,-4.70492258205991e-06,0.661909517039583,-0.0165708788654995,-0.0237200974568821,0.0519968882123958,-0.0750000000970614,0.0236361972432813,-0.00169941729606278,0.0749999998062014,-0.0749999993881491,3.09321125471597e-10,-6.50804555693768e-11,0.043908534602138,-0.000149488161533718,0.00356715928847703,6.23847720082832e-05,0.960471135842246,-0.0488582890102839,0.0367075201487376,0.000185257364848929,-0.0758975988029416,-0.399999520292911,0.231423906001599,0.399999920131827,0.400000252169521,0.250000127467944,0.399999789484453,0.400000414651698,0.250000315298046,0.01,1.27466298983859,0.0816869912939047,0.100949012784503,0,0,0,0,0.01,0,0.01,0,0.773783128158867,0.01,0.01,1.1937148664811,1.30653184790946,0,2.21855869053549,0.01,0.01,2.21389101086023,0,0,0.01,2.33994609513068,2.32670781959053,0.01,0,0,0,0,1,1.73166982302424,1.24632386353012,1.54775377383429,0,1,0,1,0,0,0,0,0,1,0,0,0,0,1,1,0,0,0,0
354,-0.0311023890124756,0.0387484403090684,0.052307230303047,0.0775468501761383,-0.00374114577829668,0.0399999999422182,-0.0100000421770841,-0.0841331323326056,0.0452172723913709,0.743351926621739,-2.44054149858254e-06,-4.40126188289267e-06,0.668925514313904,-0.0175320981545374,-0.0230111486974774,0.0519968434956024,-0.0749999999972595,0.0198851024869635,-0.000597851387112022,0.0750000000561107,-0.0749999993727191,1.4598597123762e-10,0.000527873531290703,0.0423156717394613,-2.77522458894646e-05,-0.00289128142180164,-0.00068639029606291,0.982965620771968,-0.0496177778409511,0.0342677379448265,-0.000125253603254066,0.400000001129458,-0.334354616444641,0.175237460899285,0.400000023124404,0.400000258528333,0.25000006016399,0.400000028229733,0.400000253371276,0.250000125843729,0.01,0.791965755390856,0.01,0.01,0,0,0,0,0.01,0,0.01,0,0.419986862523703,0.01,1.80125913470064,0.01,0,0.01,3.07544736891507,0.01,0,0,0,0.01,0,0,0,0,0,0,0,0,1,1.25000350802978,1,1.32499595544307,0,1.19214227064798,0,1,0,0,0,0,1,0,0,0,1,1,1,0,1,1.02794965659956,1.26700478247779,1
355,-0.030081733315561,0.0391697801109967,0.0519470725114778,0.079466808379922,-0.00274978507268441,0.0405406899281387,-0.00999999986446124,-0.0832375244911553,0.0452163123966204,0.739515682121795,-4.8942522418503e-06,6.25401129768991e-07,0.67316429561652,-0.0181127778661221,-0.0222170183997939,0.0519970354445499,0.0750000000080869,0.0227023577252371,-0.0325298028323365,0.0750000001732114,0.0750000000447739,0.050000000000731,-1.73694546527905e-09,0.0403607810508441,-9.6955607925731e-05,0.000856421213634842,0.000249646534775708,0.273992231290685,-0.0138555013573602,0.0379544973594032,8.03137760582972e-06,-0.399999996667227,-0.400000290148535,0.150000022342998,0.400000071384126,0.128011990806305,0.200191639840433,0.400000105973971,0.399999733357962,0.231656473518016,0.01,0,0.01,0.01,0,0,0,0,0.01,0,0.01,0,0.773172310145525,0.01,0.01,0,1.10605123497967,0.01,1.96407695530158,0.01,0.01,1.76434134638207,0,0.538100157886835,0,3.07737942812623,1.86774201227013,0.01,0,1,0,0,1.31140934711946,2.03284473432895,1.52686987871274,1.81738420273566,0,1,0,1,0,0,0,1.03992563391389,0,0,0,0,0,0,1,0,1,0,0,0
356,-0.0291323266421904,0.0394014634414613,0.0515920252907351,0.0811268099272821,-0.00394974004340071,0.0410763799299782,-0.00999999996021463,-0.0828593768775209,0.0452146315143801,0.7389154783204,4.61638221120774e-07,2.59012786721017e-06,0.673823074931259,-0.0182000990055605,-0.0218555167077557,0.0519971137226626,0.0204624854753797,-0.00319001048627956,-0.00457296514316868,0.0749999999983231,-0.0750000000125941,0.0038000000777976,-3.27320902430073e-09,-0.00122525962103392,-0.000673697585427595,0.0139610774759714,0.0022563493624822,0.000228063947689914,0.000143281367592668,-0.000686908791871349,9.18981389524662e-05,-0.400000000687098,-0.400000005034223,0.150000000828821,0.399999999308923,-0.102717080777962,0.150000000020269,0.400000006290832,0.399999994410805,0.229401224636532,0.01,0,0.01,0.01,0,0,0,0,0.01,1.7893632778518,0.01,0.01,0.59295764221528,0.01,0.01,0,0,0.01,1.87301708700404,0.01,0.01,2.86956850197071,0,0,0,0,1.40815007909673,0.01,0,1.07974098826272,0,0,1.37589610835991,2.20893184792337,1.61894878287734,1.96587917340594,0,0,0,0,0,0,0,1.04363751916851,1,0,0,0,0,0,1,1,1,1.43694871306241,0,0
357,-0.0290907029015266,0.0393963772417286,0.0515739544711311,0.0819214284170613,-0.00368033193191038,0.0406880700527679,-0.00999999837540693,-0.0828595357540224,0.0452145752812668,0.738906174794445,-6.29950275820718e-07,-1.79453099230395e-06,0.67383327686617,-0.0182006382324408,-0.0218556697498797,0.051997204384441,-7.07872008885916e-05,-0.000219855835953511,9.19246552354514e-05,0.00481285854974485,0.0749999998500996,-0.0424000100907602,-8.38746550503922e-10,-0.000165931295656983,-0.000113814637428607,0.00231202758682165,0.000242065324667573,0.00137867036524468,-1.68583983036786e-05,-0.000122074352446939,6.36575806495802e-06,-0.399999973071926,-0.39999968560443,0.150000226712616,0.399999834112278,0.163963166253579,0.249999847699041,0.399999670708331,0.40000024283641,0.24546704869937,0.01,0,0.01,0.01,0,0,0,0,0.01,0,0.01,0.01,0.917380553081217,0.01,0.01,1.34835627406978,0,0,1.98089306019446,0.01,0.01,1.945532375868,0,0.709967139322957,0.01,3.21152745685843,1.72247970339893,0.01,0,1,0,0,1.44587545549278,2.15407170356391,1.64024246051227,1.9597046985444,0,1,0,0,0,0,0,0,1,1,0,0,0,0,1,0,0,0,0,0
358,-0.0279886688992498,0.0392949524964493,0.0513477826355149,0.0836406301607683,-0.00488028708471692,0.0399999999896123,-0.0100000000272207,-0.0828594591513848,0.0452130504548795,0.738904603849462,4.95305435017115e-06,6.53342233840932e-07,0.673834999806905,-0.018199311111577,-0.0218558660006054,0.0519970125552408,0.0749999999062732,-0.00767727366778011,-0.0212399041239582,0.0749999998961917,-0.0749999999852426,6.09118784358514e-12,-1.15052549758136e-09,-0.000145166809883283,-0.000118478728091667,0.000783523927545306,0.000210621488045224,0.000252843977488428,5.18963043906873e-05,-3.65651423790725e-05,-3.25777020273692e-05,-0.23704823481478,-0.399999916944008,0.249999995300733,0.399999958211985,0.347120455786393,0.250000002508662,0.399999936576053,0.400000072409538,0.243717809696929,0.01,1.221941045793,0.0808813389071218,0.117847426616421,0,0,0,0,0.01,0,0.01,0.01,0.941442199551859,0,0.01,1.38445200289762,1.16110147213746,0.01,1.97163889764297,0.01,0.01,0,0.01,0,0,3.18537687441077,1.75935868435794,0.01,0,0,0,0,1.46993634874742,2.18112086967422,1.64454747799456,2.00650974042709,0,1,0,0,0,1,0,0,0,0,0,0,0,1,0,1,1,0,0,0
359,-0.0290552372576298,0.0392808775007817,0.0510886839132596,0.0853889502775434,-0.00657065898475394,0.0400000000136883,-0.0100000002122175,-0.0827790356482664,0.045212149986932,0.736734664223762,-7.89535604440447e-07,-5.36417471533242e-06,0.676206875258153,-0.0185260954524998,-0.0218346705955928,0.0519968738290072,-0.0749999999246287,-0.00407675343027333,-0.00911606341059491,0.0749999996546552,-0.0749999997283768,1.93110622974462e-11,3.80259916325322e-09,0.0101720909276543,-0.000161116074549042,0.0067522485491144,0.00288549555778817,0.751523602635781,-0.038217724693669,0.00304450089035654,0.000264063612188269,-0.384641588114818,-0.400000714258327,0.150000367475209,0.399999857674538,-0.0377724521268857,0.150000007972572,0.399999859222096,0.399999330554249,0.233657329604716,0.01,0,0.01,0.01,0,0,0,0,0.01,0,0.01,0,0,0.01,0.01,0.846469948610637,1.27261997156962,0.01,1.99029375609979,0.01,0.01,0,0.01,0,0,0,0,0.01,0,1,0,0,1.53427994805408,2.38119691135406,1.76951684587735,2.14596001353079,0,1,0,1,1.03779589308864,0,0,0,0,0,0,0,0,1.47121548926558,0,1,1,1.5521034734783,1,0
360,-0.0298607740256366,0.0396685622335101,0.0510663416616593,0.0873089098647014,-0.00537069417392708,0.0405406906116056,-0.00999998897354858,-0.0822253628133886,0.0452119342128512,0.734007843886589,-4.6516535965874e-06,1.79973224530027e-06,0.679165875540337,-0.0189344238027257,-0.0213578718730117,0.0519970518084766,-0.0143987907959657,0.0337925413733538,-0.00127768412131923,0.0750000093183193,0.0750000008696495,0.0500000006071131,1.10440446407016e-08,0.0377913776741249,-0.000114361308631511,-0.000423315071224036,0.000331175110261217,0.172713513475539,-0.00868749694542275,0.0360321409846546,-7.25677738504184e-05,-0.00279546089157191,-0.399997670798919,0.250002595671811,0.399997951358,-0.0603583462874752,0.150000210411548,0.0489861119166347,0.400001912095709,0.150000059386458,0.01,1.10484754040263,0.100087363659928,0,0,0,0,0,0.01,1.39120672756403,0.0485224160269962,0.01,0.699609442812693,0.01,0.01,0,0,0,0,0.01,0.01,0,0,0,0.01,0,0,0.01,0,0,0,1,1.51723755600688,2.34369010019976,1.76405364572967,2.09687401047698,0,0,0,0,0,0,0,1.02417988186965,1,1,1.2832016607076,0,0,1,1,1,0,1.47978282979429,1.56767442462548,0
361,-0.031485524295282,0.0401081278628544,0.0510043139466491,0.0892288671424803,-0.00346766419600466,0.0415971803688593,-0.00999999989702417,-0.0814653722126664,0.0452225698711099,0.728997602503922,-6.1553669374309e-06,-1.14347909248415e-06,0.684541154250015,-0.0196594800242834,-0.020746522492287,0.0519973748826938,-0.0749999999734512,0.0176159315809617,-0.00181032597221385,0.0749999999766023,0.0750000000143141,0.0500000000020633,8.4329523867728e-10,0.0400493208872893,4.75147812325517e-05,0.00268090437912637,0.00113522646562438,1.01532987451714,-0.0513385644312728,0.0300178264688775,0.000112329811721095,-0.243463263563265,-0.399999976594655,0.149999998746644,0.399999990357305,-0.18111826307131,0.150000000850405,0.374128230181294,0.400000019721928,0.250000030275202,0.01,0,0.01,0.01,0,0,0,0,0.01,1.89154939168311,0.01,0.01,0.5967894402582,0.01,0.01,0,0,0,2.03854875595448,0.01,0.01,0,0,0,0.01,0,1.38044204428846,0.01,0,1,0,0,1.83903627164517,2.7195357202503,2.1117900247755,2.44678196711998,0,0,0,0,0,0,0,1.13455933784758,1,1,0,0,0,1.31011766687771,1,1,0,1.51315397966894,0,0
362,-0.0330298402065483,0.0404838419809318,0.0510034993804365,0.0911121288182279,-0.00175899568334492,0.0423534338226823,-0.0100000002110915,-0.0807230734900642,0.0452206452399839,0.723634193435281,1.66524104024838e-06,-5.36205247183978e-06,0.690208631673881,-0.0204488334660051,-0.0201700974597873,0.0519972126516286,-0.0750000001491734,0.0179049519090458,3.63263880677296e-05,0.0749999994731041,0.0749999998743709,0.0257465522588383,-5.88506045045979e-10,0.035752591572101,-4.2563711702519e-05,0.000230371456330492,0.000176051127418429,0.74696231390013,-0.0377091881573972,0.0276244450682415,1.48117458600491e-05,-0.398381788622226,-0.400000100364847,0.149999995385482,0.399999783656418,0.296465650435421,0.249999463758563,0.399999770758668,0.399999898738779,0.230564802178686,0.01,0,0,0.01,0,0,0,0,0.01,1.90416951761046,0.01,0.0364007565023487,0.606587875791354,0.01,0.01,0,0.952686795489376,0,2.2687546087866,0.01,0.01,2.00521480864548,0,0.587359284955186,0,2.24952399544433,2.24621337286052,0.01,0,1.09307571054586,1,0,2.06359209099693,2.70776349257012,2.23523963965246,2.53611594391458,0,0,0,0,0,0,0,1,0,1,0,0,0,0,1,0,1,0,0,0
363,-0.0322126336969824,0.0407301394965838,0.0513061893519224,0.0926326089817159,-0.00295895064725389,0.0424040548205973,-0.00999999950281208,-0.0802760658979155,0.0452203106756834,0.721599450177866,3.23511379167051e-08,1.86200417041819e-06,0.692335683585023,-0.0207441877484568,-0.0197888039376169,0.0519973581982697,0.0750000015389542,0.00100746164239397,0.0283173465589772,0.0749999999293222,-0.0749999998735173,-0.0204534481582827,-2.50760728656225e-09,0.00483237809047765,-4.22729323897946e-05,-0.00121196541039309,0.00105618343077604,0.0022522915634074,4.41741015352799e-06,0.00490408942076683,-4.12488458749492e-05,-0.399999355288022,-0.399998011561809,0.149999929492675,0.399999974359629,0.0441882709327312,0.184274285709218,0.399999311726399,0.400001668264602,0.150000070677884,0.01,0,0,0,0,0,0,0,0.01,0,0.01,0.01,0,0.01,0.01,0,0,0,0,0.01,0.01,0,0,0.406274757578758,0,0,0,0.01,0,1.17265813965055,1,1,1.8771790932475,2.67765782516032,2.10959615444264,2.44524076396516,0,1.16087545548867,0,0,1.09644166675718,0,0,1,1,1,1.32219053211113,0,0,1,1,0,1,1.4806920796696,1.62026719800514,0
364,-0.0324492530651697,0.0406839544931811,0.0514007507872291,0.0945525670106205,-0.0017589933785383,0.0425356753395493,-0.00999999987800635,-0.0802160058234578,0.0452220788625067,0.720118128122051,-4.03320151923797e-06,-2.03429832520076e-06,0.693876352038195,-0.0209581039998207,-0.0197757658169664,0.0519976463341916,-0.057780407544263,-0.00511800801335689,-0.000139464489126164,0.0750000000143383,0.0749999999649822,0.0333465530440405,-8.65066386705346e-10,0.00814952779860401,-0.000165643376902011,0.00131501320497342,-0.000396685212519411,0.572445590369089,-0.0287938154617902,0.00166441225755726,-0.000175707834330954,0.0325023160666921,-0.40000002186721,0.150000011359226,0.400000005909108,-0.0111588925327704,0.211059372845207,0.400000002121357,0.399999976184107,0.149999998997996,0,0.0562563994350457,0,0.108461115317173,0,0,0,0,0.01,1.89742373933442,0.127619023428011,0.01,0.197396453471934,0.01,0,0,0,0,0,0.01,0.01,1.891091364663,0.221912896330715,0,0.01,0,0,0.01,1,0,1,0,1.78459425754968,2.4876658840368,1.94468599463357,2.32757414695291,0,0,0,0,0,0,1,1,1,1,2.52852057945561,0,0,0,0,1,0,1.6107095300323,1.07722171099508,0
365,-0.0330322525351965,0.0406591577219161,0.0514023869038965,0.0964725254897473,-0.000104532418955751,0.042925204806206,-0.00999999992193957,-0.0801040494515586,0.0452233113227294,0.718100259607965,-2.12095628005633e-06,-7.8844900258538e-07,0.69596449821998,-0.0212498829591431,-0.0197311156473733,0.0519980092403584,-0.0019351377117684,0.00170478457984956,-0.000283583936884388,0.0749999996208205,0.0750000001750834,0.00574432560072677,7.24000841924336e-10,0.00203408989971878,0.000402344885728451,-0.00716047307784115,0.000697046546015422,0.0214297791342976,-0.000989915793379997,0.00159901983739038,-7.08579224820442e-06,0.333963150990128,-0.400000478794179,0.150000007804389,0.399999843720474,-0.233367121986572,0.150000011574693,0.399999958236955,0.399999586410001,0.150000279366634,0,0.01,0.01,0.01,0,0,0,0,0.01,1.89069197846116,0.122660465808596,0.01,0,0.01,0,0.01,0,0.01,0,0.01,0.01,0,0.01,0,0.01,0,0,0,1,0,0,0,1.76801165590946,2.50707027804593,1.92833510531957,2.3467468286358,0,0,0,0,1,0,1,0,1,0,2.6935914836146,0,0,1.72888287728678,0,1,0,1.66084922665787,1.21920902816024,1
366,-0.0330399385667872,0.0406605348278184,0.0514036556586269,0.0983924835992472,0.0018154465615063,0.0435724492689045,-0.00999999990544549,-0.0801004803313757,0.0452239205346261,0.718067484285227,1.49581936850096e-06,-1.88975480447045e-06,0.695998314206917,-0.0212535079889282,-0.0197283117909693,0.0519979830470697,-7.313772870977e-05,-4.5533214641957e-05,6.52494690233276e-05,0.0749999999631289,0.0749999997763406,0.049999999842508,1.19542281350944e-10,1.62189513794207e-06,3.34625406196695e-05,0.000349139554268484,2.88482439153569e-06,0.00156108830798611,-3.04954464921897e-05,-1.31584692576283e-05,1.82394048677728e-06,0.399999957014464,-0.235952824705064,0.207199168553465,0.399999984753186,0.371907083947418,0.218514939631627,0.400000021021477,0.399999763792771,0.250000034531146,0.01,0.657878517868608,0.0205665533399448,0.01,0,0,0,0,0.01,1.90623015134901,0.01,0.01,0.141602541868027,0.01,0,0.01,0.657483663543136,0.01,3.2254709856555,0.01,0,0,0.412630455276632,0.01,0,1.7663570202506,3.01986603363493,0,0,0,0,0,2.14334539927124,2.46958936682822,2.07483344164492,2.53810132445457,0,0,0,0,0,0,1.05658384305971,0,0,0,0,0,1,1,0,0,1.06870904730079,0,0,1
367,-0.0313599614535599,0.0412146177475724,0.0516651824530112,0.100312441641789,0.000615491617759211,0.0441081395675094,-0.00999999979235429,-0.0794842312130518,0.0452224959063158,0.717591181733578,-1.92574062403203e-06,1.93152790588377e-06,0.696489385440503,-0.0213210554702584,-0.0191267297019452,0.051997158368465,0.0750000000598274,0.0548463979325258,0.0260145025048815,0.0749999999458433,-0.0749999984606493,0.00380000048125214,-1.93610285065839e-09,0.0600705001398901,-0.00022644246529232,-0.00350885586240579,3.9619109271322e-05,0.13160926462612,-0.00653124887811554,0.0597544471818042,-0.000339715281053761,0.400000024656215,-0.352560817632178,0.174678309312155,0.399999977680918,0.400000634430849,0.249999958661357,0.399999880982238,0.400000760761337,0.250000066667667,0.01,0.761822267029739,0.0165635718384704,0.01,0,0,0,0,0.01,1.92336219568211,0.01,0.01,0.142188125073707,0.01,0,0.01,0.66583235641119,0.01,3.20155989772432,0.01,0,0,0.526166550853476,0.01,0,1.63617422115981,3.04482217057835,0,0,0,0,0,2.22941398001868,2.57691023963807,2.14688081820389,2.65944340145286,0,0,0,0,0,0,1.16238990445114,0,0,0,0,0,1,1,0,0,1.04433224535077,0,0,1
368,-0.0294794278183943,0.0425725742648981,0.0522605853177045,0.102232399078466,-0.00123171587065943,0.0437198289637372,-0.00999999995203148,-0.0779938698356751,0.0452212948641056,0.716710907407045,-1.99880865075774e-06,2.68105590426931e-06,0.697395190728875,-0.0214467250555333,-0.01766726627653,0.0519971454562609,0.0750000000762554,0.0749999977509965,0.0332705648263379,0.0750000000213142,-0.075000001606629,-0.0423999752807396,3.95945600998431e-09,0.0749999979138638,-0.000184276563688976,0.00137035345294212,9.560854470036e-05,0.113193517663041,-0.00573035434615406,0.0810719297380665,-6.82828104594272e-05,0.243018177878265,-0.400000926908923,0.150000037403065,0.400000008784002,0.399999337840607,0.249999999978435,0.400000152104759,0.399999140215378,0.249999965410199,0,0.01,0.01,0.01,0,0,0,0,0.01,1.89779303600023,0.01,0.01,0,0.01,0,0.01,0,0.01,3.10414816072858,0.01,0.01,1.42242517513478,0,0,0,1.59262611641429,2.78551754891081,0,1,0,0,0,2.41534156946448,2.8383671055099,2.39035864556149,2.86335002941288,0,0,0,0,1,0,1,0,1,0,0,0,0,0,1,1,1,0,0,1
369,-0.029246487743476,0.0437392359747897,0.0524053366986965,0.104152357055361,-0.00312794891921637,0.0426924806866601,-0.00999999990590751,-0.0767787189948371,0.0452203541276646,0.71614740619604,-5.92232881654083e-06,2.40545402957987e-06,0.697973835824732,-0.0215260576944576,-0.0164715275116869,0.0519969205739917,-0.024480139934052,0.0391276781845126,-0.000214823729615505,0.0750000000065588,-0.0750000000928219,-0.0500000000002424,-3.08975456978853e-11,0.043803622035619,0.000120850294585872,-0.00306439571273554,-0.00194538394260889,0.244455705728577,-0.0122008770542772,0.0410301355691014,-7.64919396308086e-06,-0.0201173504967853,-0.400000053822988,0.24169014411692,0.40000000270298,0.399999961744384,0.249999999900126,0.400000010714741,0.399999950081113,0.250000012543174,0.860052271492643,0.01,0.158889163592251,0.158001893105802,0,0,0,0,0.01,1.87661741205607,0.01,0,0,0.01,0,0.01,0,0.01,3.16251962744446,0.01,0,1.31282810992725,0,0,0,1.51798626799457,2.80788867988719,0,0,0,0,0,2.52198410997964,2.92850521690274,2.47721297076789,2.9732763561145,0,0,0,1,1,0,1,0,1,0,0,0,1,0,1,1,1,0,0,1
370,-0.0278931182785499,0.0441824951947713,0.0525726405098216,0.106072315232953,-0.00500155561196597,0.0416439707349722,-0.0100000000306341,-0.0762919203255076,0.0452192288780654,0.716002366656986,2.40974937562555e-06,3.54445304440627e-06,0.698122624889724,-0.0215454661665378,-0.0159897041160013,0.051997290875504,0.0750000001405342,0.00557007177639288,0.0143349434664049,0.0750000001797743,-0.0749999995433494,-0.0500000000758862,1.19550526518049e-09,0.00670416732122741,-5.09263360388117e-05,-0.000307673006867466,0.000204541477710908,-0.0561524622581333,0.00290315276928114,0.00744902259667852,-2.13460968447318e-05,-0.245627913313517,-0.400002206868586,0.150000058020631,0.400000074088668,0.0830909597817156,0.249999968730712,0.400000486211409,0.399998015104851,0.149999917746318,0.233544848239902,0.0517060326311551,0,0,0,0,0,0,0.01,0,0.01,0.01,0,0.01,0,0.01,0,0,0,0.01,0.01,1.72120724929529,0.306039086774803,0,0.01,0,0,0.01,0,0,1,1,2.38756195746834,3.0356955353887,2.51901838056129,2.90423911229575,0,1,0,0,1,0,1,0,1,1,2.38635972568202,0,0,0,0,1,0,1.4551180729996,1,0
371,-0.0263619072196668,0.0441673455029619,0.0524437047272739,0.107992273202342,-0.00407430389737644,0.0411846591531555,-0.0100000003624214,-0.0762722203227474,0.0452206702680332,0.716074996737279,1.26091525806087e-06,3.73816464795279e-06,0.69804812388757,-0.0215336892904883,-0.0159669945095407,0.0519975404408217,0.0750000029132487,-0.00217849227769383,-0.0183410787721283,0.0750000002576326,0.0750000010004889,0.00380000632007689,1.86172360465677e-10,-0.000187981583871031,-7.88495725294693e-05,0.00224804647994619,4.72059420442097e-05,-0.000211587691919815,6.23811801871819e-05,-0.000111169978052747,-1.40208634527325e-05,-0.142684867514004,-0.399998823027779,0.242637430477248,0.400000182773985,0.134727121633887,0.250001110698881,0.399999944497529,0.400001045045751,0.250001053808651,0.01,1.12698216891146,0.27216798260665,0,0,0,0,0,0.01,1.194920688687,0.01,0.01,0,0.01,0.01,0,0.8360394943263,0.01,1.78622538790337,0.01,0.01,0,0.01,0.566249450023245,0,2.97972022064832,1.6635613273977,0.01,0,0,0,1,2.91374519159089,3.55046146061469,3.05889635753568,3.4053102946699,0,0,0,0,1,0,0,1,0,0,0,0,0,1,0,0,1,0,0,0
372,-0.0274863765936105,0.0441701682026801,0.0521558945882994,0.109758760846889,-0.00486209495374227,0.0407963508498593,-0.0099999998970791,-0.0762055589606893,0.0452188524670231,0.714482939041975,5.28711788752856e-08,-5.37212437877768e-06,0.699677611064404,-0.0217624906368061,-0.015954322677281,0.0519969114307366,-0.0749999999615322,-0.00083825357774323,-0.015857558025961,0.0750000000466427,-0.0749999999975411,-0.0423999929775499,1.41186539398609e-09,0.00808729221925294,-9.24741765022117e-05,0.00344360652152505,0.00084488680960723,0.539697692028144,-0.0270962781639536,0.00158198958233384,0.000131363663751528,0.400000015853331,-0.0326300506641005,0.15000000051393,0.40000001922237,-0.10798887790591,0.149999999172381,0.40000002243023,0.399999982395364,0.149999999647667,0.01,0.341913704249711,0.0915017087553051,0.01,0,0,0,0,0.01,1.84890114666498,0.0875299840337069,0.01,0.01,0.01,0,0.01,0,0.01,4.0944399299094,0.01,0.01,0,0,0.01,0,0,0,0.01,0,0,0,0,2.23945351825941,2.73373407106222,2.21989222642192,2.75329536289971,0,0,0,0,0,0,1.35544779179121,0,1,0,0,0,0,1,1.38906847335884,0,1.15267757562698,1.60095246200796,2.3883285350031,0
373,-0.0262670490202806,0.0450433110158721,0.0516081201696908,0.111678717157568,-0.00524157634674195,0.0404890401088245,-0.0100000007768182,-0.0752436667127779,0.0452187441228589,0.712005542593556,-3.61345808427189e-06,2.04314450098945e-06,0.70219854456606,-0.0221167201483209,-0.0150770379514173,0.0519971723719162,0.0750000007706998,0.0750000039597657,-0.0419128854959067,0.074999999088801,0.0364942562789892,0.0114000384033283,-6.59069972162145e-11,0.0750000035565325,-7.99891229082084e-05,0.00140316565040937,0.000237977723129119,0.309005638033936,-0.0154607710200497,0.0794161892493041,4.21675728184284e-05,-0.112088905675335,-0.399998364667669,0.25000164592562,0.399999623765042,0.180475572769542,0.250000032049021,0.399999223084985,0.400001471411312,0.25000081257766,0.01,0.977403116712001,0.242458399378038,0,0,0,0,0,0.01,1.21257525311966,0.01,0.01,0,0.01,0.01,0,0.927103659238642,0,1.8413658844623,0.01,0.01,0,0.01,0.494047079088619,0,0,1.77926464945286,0.01,0,0,0,1,3.07804502580954,3.76774707276708,3.25682556279318,3.58896653578344,0,0,0,0,1,0,0,1,0,1,0,0,0,1,0,0,1,1.3129172220406,0,0
374,-0.0274615943677006,0.0460302567927474,0.0511103286305302,0.113423845610838,-0.00437981891926708,0.040626018593241,-0.0100000003689501,-0.0740254316030142,0.0452149734154804,0.708569139900206,-4.30696677745294e-06,-4.25285703610528e-06,0.705666072515384,-0.0226026652396089,-0.0139818733892356,0.0519967537623653,-0.0749999997544486,0.0345655060918548,-0.0103121929136003,0.0750000007299342,0.0496159193728272,0.00234300329945695,-1.34590722122677e-09,0.04863298834105,-0.000750029602383148,0.0219184866838133,-0.000708597297496337,0.800863904371157,-0.0400405236023355,0.0388257938404049,0.000375855834311687,0.0421062274461435,-0.400004641661383,0.250000217822507,0.400000300068916,0.141757950486113,0.250000501970854,0.400001200890922,0.399995810369905,0.250000483240896,0,0,0.269107519643232,0,0,0,0,0,0.01,1.20558529312269,0.01,0.01,0,0.01,0.01,0,0.826006290163227,0.01,1.80069715002698,0.01,0.01,0,0.01,0.431646749310558,0,0,1.70439465888976,0.01,1,1,0,1.08127138809174,3.25937937010846,3.89539072203014,3.40315466739396,3.75161542474465,0,0,0,0,1,0,0,1,0,0,0,0,0,1,0,0,1,1.28099210723621,0,0
375,-0.0289381324635214,0.0466672353840192,0.0510977999425385,0.1152730013641,-0.00302280664719778,0.0407380573178454,-0.00999999988895789,-0.073121064597133,0.0452141630516718,0.703343385676343,-1.26600432352229e-06,-3.09903474041604e-06,0.710874944613649,-0.0233395171133386,-0.0132682401247675,0.0519969118254533,-0.0713336463374681,0.0296951108639625,4.28822691518597e-05,0.074999999989,0.0750000000411115,0.00882841611331667,1.51055175067038e-10,0.0430548311111308,-5.64602502580669e-05,0.000994999340659119,0.000465810049949596,0.714254010815446,-0.0356090936456712,0.0336054738482763,3.59737183325236e-05,0.0389978620488253,-0.399999947484664,0.150000014106832,0.39999999546672,0.112418944294194,0.250000000390093,0.399999983024197,0.400000046921777,0.250000016356932,0.01,0,0,0.297021090150868,0,0,0,0,0.01,1.20412483502463,0.01,0.01,0,0.01,0.01,0,0.83621057570953,0.01,1.82980641971611,0.01,0.01,0,0.01,0.413755393246718,0,0,1.69690102117024,0.01,0,1,1,0,3.41248176891318,4.0363311548945,3.55377597115427,3.89503695265341,0,0,0,0,1,0,0,1,0,0,0,0,0,1,0,0,1,1.25897858108593,0,0
376,-0.0304309094864259,0.0472219945229766,0.0510999498970664,0.116794600414167,-0.0016765268112027,0.0409416157020594,-0.00999999921223713,-0.0722769225966014,0.0452133877406404,0.698001319961787,4.18706454389489e-06,-5.64374882064872e-06,0.716121177706906,-0.0240844545837052,-0.0126267259153109,0.0519974880269997,-0.075000003220358,0.026102237906576,1.11125652711755e-05,0.0749999959590978,0.0597044376192232,0.0115140328315969,-5.24911850624939e-09,0.0413783793687876,-6.1596363553644e-05,-8.62102137579346e-05,-0.00011619326934196,0.771795605029343,-0.0383202403430771,0.0307589961217631,-3.21051620962214e-05,0.399998669216338,-0.0324898113417399,0.149999899030538,0.399998334032635,-0.275212408542944,0.150000066340166,0.399997922293777,0.400003006121047,0.150000103410271,0.01,0.317168493220095,0.0649242325976014,0.01,0,0,0,0,0.01,0,0.01,0,0.01,0,0,0.01,0.01,0,4.05955718893534,0.01,0.01,0,0,0.01,0,0,0,0.01,0,0,0,0,2.72138606145658,3.21990866478847,2.68670556721169,3.25458915903336,0,1.03697379907462,0,1,0,1,1.55788719265722,0,0,1,0,0,0,1,1,0,1.2562674030802,1.61104179574877,2.32385176384323,0
377,-0.0292630196933601,0.0486727932952084,0.0509161406509187,0.118714558046612,-0.000935483943157004,0.0416836165868223,-0.00999999983016571,-0.0708219484970643,0.0452064620415267,0.693837233883133,-6.02865970232681e-06,2.38665024857553e-06,0.720156542999623,-0.0246596599433709,-0.011334454050455,0.0519972543745314,0.0750000000526895,0.0749999987512382,-0.018120538925839,0.0749999998652811,0.0146252379154394,0.0499999999970658,6.13854154111252e-08,0.0749999988873448,-0.00160018559435124,0.0250905192328117,0.00269083162534832,0.467805770370446,-0.0227737592781118,0.0834378748213485,-0.000271522111244384,-0.0614017926676616,-0.40000051466674,0.150000348479376,0.399999944479325,0.141105858145263,0.200692890235623,0.400000045586379,0.399999541428218,0.250000205124532,0.01,0,0,0.240590811701552,0,0,0,0,0.01,1.2125622647072,0.01,0.01,0,0.01,0.01,0.913792455815648,0.901395881556989,0,1.84523816629271,0.01,0.01,0,0.01,0,0,0,1.72530925453038,0.01,0,1,1,0,3.70475190499489,4.31951796966199,3.87137902806545,4.15289084659145,0,0,0,0,1,0,0,0,0,1,0,0,0,1,0,1.00530188243263,1,1.24215311185098,0,0
378,-0.029768703432622,0.0496310941116314,0.0508893693761076,0.120354538082093,-0.000668072777733557,0.0424949678131102,-0.00999999988466149,-0.0695725678422848,0.045195550092356,0.690728949618304,-1.37480407041046e-06,-1.21173045198463e-06,0.7231384294019,-0.0250854758543842,-0.0102096713584227,0.0519973374898333,-0.074999999999318,0.0351290076919155,0.000525677275468176,0.0749999999952269,0.0121283971257306,0.0312289540135266,-3.75272074951038e-09,0.0518730130134563,-0.00042553354940966,0.00724045097368802,0.0031360640795176,0.803592267662229,-0.0396127967183833,0.0393673095977322,5.10021914641631e-06,0.0963664528157402,-0.399999979428283,0.150000002219704,0.399999998032922,0.163785046066737,0.222024301015121,0.399999993049127,0.400000018190705,0.250000001148311,0.01,0,0,0.287096574299015,0,0,0,0,0.01,1.58144939198385,0.01,0.01,0,0.01,0.01,0.842054994208264,0.792739705428211,0.01,1.87093467708784,0.01,0.01,1.47438953409026,0.01,0,0,0,1.69391066533253,0.01,0,1,1,0,3.82179456580644,4.41895869169954,3.9794317931125,4.26132146439347,0,0,0,0,1,0,0,0,0,0,0,0,0,0,0,1.00940775776906,1,1.20275163465325,0,0
379,-0.0310809258634049,0.050202736004028,0.0508910486973835,0.122136228272008,-0.00175961702793985,0.0426552366390968,-0.00999999986056114,-0.0687431082258021,0.0451944377584002,0.685924868944218,3.44488871827176e-06,-3.06963566129683e-06,0.727697028744081,-0.025738455965204,-0.00957795981152512,0.05199747026427,-0.0533256129548163,0.0225019848620489,3.71859664061534e-05,0.074999999999212,-0.0749999998227575,-0.0149710490922035,-1.40067070425833e-10,0.0331988849422555,-4.50091027307665e-05,2.43648210135265e-06,-1.65182535545227e-05,0.538455582867821,-0.026505960964791,0.0250527522382753,-8.90063957633927e-06,0.106218144534748,-0.399999892216967,0.239966924193482,0.399999999676217,0.254850754325503,0.249999985298981,0.399999977599084,0.4000000980494,0.250000005560011,0,0,0.229131919776028,0,0,0,0,0,0.01,1.08395742651477,0.01,0.01,0,0.01,0.01,0.787689079643065,0.809817771341056,0.01,1.8640539536409,0.01,0.01,1.50088336737135,0.01,0,0.01,0,1.70716475040032,0,1,1,0,1,3.92256139683586,4.48742221365791,4.03396199470107,4.37602161579271,0,0,0,0,1,0,0,0,0,0,0,0,0,0,0,1,0,1.31396760569334,0,1
380,-0.0318371003308488,0.0505262139049737,0.0508890369184882,0.12392572299309,-0.00332381579616222,0.0421207353086803,-0.00999999988211967,-0.0682654811489793,0.0451938310267127,0.683141734342732,-2.31341520481415e-06,-7.10504801302946e-09,0.730310440360287,-0.0261140337961246,-0.00921716432048448,0.0519969145976915,-0.0227199365008557,0.00966397239736587,-3.19650359578106e-05,0.075000000002691,-0.0749999999547276,-0.0383621465809694,3.68916467484553e-10,0.0143669592143227,3.9249647606562e-06,-0.000283837506303861,-0.000135670668592866,0.229382973698435,-0.0112794566093299,0.0108205397205643,2.45453485282263e-05,-0.0292816800573421,-0.399999964749156,0.250000018104936,0.400000001109025,0.264378853184075,0.249999999203669,0.399999993730252,0.400000031596192,0.25000000316955,0,0.849794493081821,0.284857301965546,0,0,0,0,0,0.01,1.07903224394613,0.01,0.01,0,0.01,0.01,0.713448075769608,0.829646779750737,0.01,1.84580726780579,0.01,0.01,1.53461829861862,0.01,0,0.01,0,1.65081699762974,0,1,0,0,1,3.99852481419723,4.55451095626003,4.09700671139047,4.4560290590668,0,0,0,0,1,0,0,0,0,0,0,0,0,0,0,1,0,1.31360062336174,0,1
381,-0.0335092319768992,0.0506219879743869,0.0506935959610208,0.125845679989355,-0.00487984968531008,0.0413670053083611,-0.00999999989245168,-0.0679179843950137,0.04519271748626,0.679716234679127,-4.61485552664195e-07,-4.329336531353e-06,0.733499779439641,-0.0265729226842528,-0.00901556149832357,0.0519969361920361,-0.0749999999915459,0.00368002039660149,-0.0118285968675659,0.0750000000067617,-0.0750000000030985,-0.0370175793502868,-4.60531327145061e-10,0.0204139820580089,-9.84963401825983e-05,0.0058756848550081,0.000115614527314439,0.663588931693855,-0.0324926662150839,0.0100709018339478,0.000228010385319581,0.400000003484081,-0.0193251622401758,0.15000000014727,0.400000002786642,0.150654431008067,0.24999999980023,0.400000002019594,0.399999999549236,0.249999999427224,0.01,0.173834805449644,0.201751975676594,0.01,0,0,0,0,0.01,1.4837287079701,0.01,0.01,0.0320607139204553,0,2.14974439477074,0.01,0.316310452156966,0,3.38290792447143,0.01,0,0.641146372842749,1.92691362829126,0.01,0,0.84305678958009,3.16007752643191,0.01,0,0,0,0,3.89661275566983,4.11274689180015,3.75263864340357,4.25672100406641,0,0,0,0,0,1,0,0,0,1,0,0,1,0,0,0,1,0,0,0
382,-0.0323117893428502,0.051954201802315,0.0500667628870383,0.127765637870342,-0.00657539815936933,0.0403686695794787,-0.010000000295478,-0.0667355954873506,0.0451913457461855,0.676160894074917,-4.62463712257255e-06,1.97708958359686e-06,0.736778562036733,-0.0270462848497335,-0.00798749757966076,0.0519971536954455,0.0750000001029546,0.0749999967096289,-0.0499999994327722,0.0750000003142058,-0.0749999996971835,-0.050000000027703,3.18485315316929e-08,0.0749999971190675,-0.000528992707445889,0.00823593562571425,0.00110088807610282,0.434778602688594,-0.020631179340173,0.0812784525579447,-7.34828095958832e-05,-0.0956731367523673,-0.400001356344919,0.250000263940055,0.40000012905785,0.228527821622286,0.249999988572133,0.400000396057176,0.399998812691917,0.250000175763321,0.01,0,0.284747454960798,0.362418175357152,0,0,0,0,0.01,1.09248766172326,0.01,0.01,1.0888462218467,0.01,0.01,0.755503226061403,0.924442862592195,0,1.84517110482973,0.01,0.01,1.40166678326468,0.01,0.28184192935569,0.01,0,1.77347629682223,0,0,1,0,0,4.18714041264495,4.76622847257515,4.2987355761697,4.65463330905041,0,0,0,0,0,0,0,0,0,1,0,0,0,0,0,0,0,1.28783905334023,0,1
383,-0.0316402033086117,0.0532072504723937,0.0492318967217087,0.129685595211489,-0.00810781139537046,0.040011281236257,-0.00999999977765953,-0.065321149284492,0.0451805340172234,0.674796668439002,-5.43355659104271e-06,5.47777642361215e-06,0.738028240966708,-0.0272284864809388,-0.0066333729658678,0.0519972007979986,-0.00127017974055006,0.0635873808295809,-0.0315498848426446,0.0750000003075565,-0.0749999988450337,0.00196463716284505,-3.99344646072033e-09,0.0637909600060546,0.000127016731866719,0.00131278946385785,-0.000586760497113351,0.111768282327153,-0.00552293172769288,0.0631045270422166,0.000210419126779314,-0.0435085039741494,-0.399999002527208,0.249999964105228,0.400000125577317,0.167405742240589,0.211036441258004,0.399999974097718,0.400000928176643,0.250000039479155,0.01,0,0,0.379508640231272,0,0,0,0,0.01,1.08956490991526,0.01,0.01,0,0.01,0.01,1.01019286664232,0.648397055731325,0,1.45745527800782,0.01,0.01,1.21229373187367,0.01,0.223500843758416,0.01,0,0,0.01,0,1,1,0,4.21315715293679,4.8068445433682,4.36317861242177,4.65682308388323,0,0,0,0,1,0,0,0,0,1,0,0,0,0,0,0,0,1.23858057598924,1.43337540983007,0
384,-0.0318305559600545,0.0541460593486273,0.0491741258924601,0.130000000331662,-0.00877279106562129,0.0405904946666073,-0.0100000000425063,-0.0643362252807494,0.0451812056650539,0.673985447143099,-2.30074720283815e-06,9.94217558986891e-07,0.73876914639917,-0.0273346941281655,-0.00568561565146621,0.0519978929519196,-0.0132626876074476,0.0332871912272657,-0.000279366696557157,4.73151832576363e-11,0.00808661635529361,0.0500000000011456,-2.0857396257194e-10,0.0358962179237821,0.00011841502023908,-0.00416482510971622,-0.00108187367831567,0.135017017987932,-0.00654581599960462,0.0337058314516261,-0.0001225580348751,0.00505910395849645,-0.399999230083048,0.246701787243445,0.40000001946796,0.0943160621026243,0.150000000472644,0.399999901415974,0.400000685185412,0.250000033240676,0.01,0,0,0,0,0,0,0,0.01,1.0833856047315,0.01,0.01,0,0.01,0.01,0.888496250103681,0.572506981812484,0,1.49455603685114,0.01,0.01,1.15933213376435,0.01,0,0,0,0,0.01,0,1,1,1,4.25174804801255,4.8335032744817,4.43961187264574,4.64563944984851,0,0,0,0,1,0,0,0,0,1,0,0,0,0,0,1,1,1.00295025750884,1.18094936730241,0
385,-0.0321112486299633,0.0545229586088443,0.0491721970717865,0.130000000106876,-0.00825530561500978,0.0416277976702425,-0.00999999982779297,-0.0639021424567285,0.0451820877704865,0.672930978334679,-8.93335756826072e-06,2.6701020871239e-06,0.73972977813593,-0.0274729225493434,-0.00529827210898116,0.0519974042709312,-0.0101808260926048,0.00679125284962433,2.17688273830047e-05,9.05865215098067e-12,0.0434848345629928,0.0500000000032984,-5.45791113540135e-10,0.00889114519922386,1.67764903811061e-05,0.000769886988419691,0.000216030170093881,0.103351122114117,-0.00500577362168335,0.00719200194684157,2.39025434266012e-05,0.0040764745310318,-0.399999913015935,0.247415913012756,0.40000000374612,0.0607409117746289,0.154266517926926,0.399999987801383,0.400000076857383,0.250000032443021,0.01,0,0,0,0,0,0,0,0.01,1.07577252990197,0.01,0.01,0,0.01,0.01,0.880594208225631,0.539226762632826,0,1.51797387114058,0.01,0.01,1.21062237679509,0.01,0,0.01,0,0,0.01,0,1,1,1,4.2674989239996,4.82335658440769,4.41030636445032,4.68054914395696,0,0,0,0,1,0,0,0,0,1,0,0,0,0,0,1,0,1.12430708272955,1.35340993900315,0
386,-0.0321670673651625,0.0545508395732068,0.0491720439459838,0.129999988684252,-0.00722232789492739,0.0426580013587842,-0.00999999744181884,-0.0638628240551346,0.0451821042026152,0.67272219224101,-3.04639644708998e-06,-5.9475740495709e-08,0.739919650851276,-0.0275001977095853,-0.00526779123048665,0.0519974096526934,-6.08603415447883e-05,9.02192091477533e-05,-9.9106451934046e-05,-4.16684640907826e-09,0.0597321031075747,0.0500000002447138,-9.3773559556236e-10,9.11590359187591e-05,8.71106322757397e-05,-0.00123774245827057,0.000180631679963708,0.000624543522024462,-1.32495984114699e-05,5.86012153129013e-05,-2.91519141816814e-06,-0.00922109055528561,-0.399996536888281,0.246915822462917,0.399998846733614,0.0487281016157364,0.154120529520972,0.399999813229378,0.400002982621014,0.250001431635764,0.01,0,0,0,0,0,0,0,0.01,1.07335374331697,0.01,0.01,0,0.01,0.01,0.906607573570411,0.527327998360921,0,1.51657793562779,0.01,0.01,1.23220348488443,0.01,0,0.01,0,0,0.01,0,1,1,1,4.28798407131048,4.84292870961133,4.43062587599648,4.70028690492533,0,0,0,0,1,0,0,0,0,1,0,0,0,0,0,1,0,1.1244028658648,1.36240068511575,0
387,-0.0321689860286581,0.0545510314695338,0.0491711830338586,0.129999988685252,-0.00597711294722482,0.0436870496131958,-0.0099999994719799,-0.0638623226361532,0.0451829053668836,0.672716118734865,-4.06640768955245e-06,3.34424455117763e-07,0.739925172371399,-0.0275008319229054,-0.00526758438782798,0.0519974112599359,-9.38991825916677e-05,2.51050825355108e-05,-5.28800808840952e-05,-4.39096391503772e-09,0.0647644675889013,0.0500000014987539,-6.44482335727687e-10,4.12458761594917e-05,4.88083307996387e-05,-0.000299211869338672,1.4120459083235e-05,0.000811972597090687,-2.93601073948503e-05,2.07479381240785e-05,3.93600879264711e-08,-0.0108227206983527,-0.399996455046035,0.246319640064142,0.399998779664519,0.044293794881812,0.153855482215622,0.399999739030263,0.400002642547939,0.250001495864081,0.01,0,0,0,0,0,0,0,0.01,1.07347311745449,0.01,0.01,0,0.01,0.01,0.910809114412178,0.528736472910701,0,1.51689743062458,0.01,0.01,1.23789972930849,0.01,0,0.01,0,0,0.01,0,1,1,1,4.31152278996593,4.86956967871764,4.45634520127233,4.72474726741125,0,0,0,0,1,0,0,0,0,1,0,0,0,0,0,1,0,1.12693720385057,1.37002745306653,0
388,-0.0321709424116283,0.0545510299163958,0.0491704176681603,0.130000000442914,-0.00466020004640353,0.0447101250741304,-0.0100000001103866,-0.063861953918061,0.0451835925161793,0.672709881064508,-4.14266216528649e-06,2.79028586129579e-07,0.739930849078874,-0.0275014683287953,-0.0052674727207577,0.0519974115620039,-9.8931663217276e-05,1.13030122794472e-06,-3.88329430243587e-05,1.42235601361431e-10,0.0669155259287359,0.0500000000018946,-1.90052708610462e-10,1.98509549328055e-05,3.51086488877467e-05,-1.16406020530884e-05,-1.28072305186555e-06,0.00084259871204173,-3.20947427732906e-05,6.21427372016882e-06,-2.34132415071539e-08,-0.010419115920002,-0.399999261828131,0.247412750905702,0.400000058616178,0.045622535004688,0.15342051682932,0.399999921281037,0.400000649260758,0.250000029745956,0.01,0,0,0,0,0,0,0,0.01,1.07374803762375,0.01,0.01,0,0.01,0.01,0.909050419747992,0.523775185461052,0,1.51579876270337,0.01,0.01,1.24449420965099,0.01,0,0.01,0,0,0.01,0,1,1,1,4.33507077508944,4.89727511792328,4.48275409444662,4.74959179856609,0,0,0,0,1,0,0,0,0,1,0,0,0,0,0,1,0,1.12878679011106,1.37725977171319,0
389,-0.0321731409565839,0.0545510411697906,0.049169648354171,0.130000000103484,-0.00331754205824898,0.0457241800425432,-0.00999999990587803,-0.0638615408895408,0.0451843184371473,0.672703152795777,-4.29737528357835e-06,1.87828424173324e-07,0.739936967475757,-0.0275021959364647,-0.00526734509716007,0.0519974176560763,-0.000109154825763409,6.20888332914559e-07,-3.90366430648148e-05,2.78807882928162e-11,0.0673480423709641,0.0499999999993168,6.65387789379825e-11,2.11457436146622e-05,3.55789050500021e-05,-6.22931492852071e-06,6.32795390225762e-07,0.000907105782508426,-3.58148284737341e-05,6.59538495679812e-06,-2.06342859790319e-07,0.103983349912731,-0.400000075181998,0.205134315976584,0.40000001144235,-0.192781881493556,0.149999999718341,0.400000027699127,0.399999933758709,0.250000009201524,0.125239483691918,0,0,0,0,0,0,0,0.01,1.07528098713941,0.01,0.01,0,0.01,0.01,0.526264321724853,0.950295417804881,0,1.61466296618836,0.01,0.01,0,0.01,0,0.01,0,0,0.01,0,1,1,1,4.3199897658938,5.00043615842194,4.49780633454546,4.82261958977029,0,0,0,0,1,0,0,0,0,1,0,0,0,1.65030116023982,0,1,0,1.24896313314463,1.47353416440813,0
390,-0.0324275266550816,0.054561077881496,0.0491686569041552,0.130000000317044,-0.00152569067425547,0.0467632252009224,-0.0100000001831282,-0.0637996505544246,0.0451835618857507,0.671763056432568,-1.69636730388086e-06,-2.93466992834744e-06,0.740790558836084,-0.0276259383118113,-0.0052475029679906,0.0519971936147277,-0.0249977849374958,0.00113042264424074,-5.074531261099e-05,9.26685733102334e-12,0.0749999999260216,0.0499999999614989,-3.37853551630655e-10,0.00630318582571482,3.63380958281583e-07,3.14868601923848e-05,2.46997676688318e-05,0.251634048081371,-0.012242631423266,0.00211249877202703,9.55213196602669e-06,0.0126120961272504,-0.399999183829574,0.24999996820234,0.40000000377589,0.0321835963905048,0.154124342994071,0.399999830996573,0.400000716043373,0.250000030485294,0.01,0,0,0,0,0,0,0,0.01,1.07692470008301,0.01,0.01,0,0.01,0.01,0.85909523254639,0.529191630189551,0,1.53162653719953,0.01,0.01,1.24929451674751,0.01,0,0.01,0,0,0.01,0,1,1,1,4.40461157266704,4.97452252291548,4.55896430602009,4.82016978956242,0,0,0,0,1,0,0,0,0,1,0,0,0,0,0,1,0,1.13727277089338,1.389623460954,0
391,-0.0325986967788068,0.0545916560300443,0.0491676580769395,0.130000000176213,-3.64762999747458e-05,0.0477840534192068,-0.0100000011008246,-0.0637330354092357,0.0451849513184992,0.671120739900187,-4.0598903534324e-06,1.35363187279251e-06,0.74137252516044,-0.0277101728846621,-0.0052099779338874,0.0519974345540023,-3.82203238324953e-05,0.000302163521464936,-0.000223120166977689,5.33555421928153e-10,0.0739268531845803,0.0499999999956615,6.13066685240241e-10,0.000291840279864962,0.000188431562970781,-0.00349631517637715,0.000421008249533629,0.000514695475630255,5.83903537849926e-06,0.000189569309669789,-1.24321093914609e-05,0.100025706401238,-0.400001996770643,0.208950860563791,0.400000219898511,-0.204026081399595,0.149999998210893,0.400000800441723,0.399998304605243,0.250000244571492,0.112821769163231,0,0,0,0,0,0,0,0.01,1.07535226799055,0.01,0.01,0,0.01,0.01,0.515549359459345,0.960159334294916,0,1.62010840144934,0.01,0.01,0,0.01,0,0.01,0,0,0.01,0,1,1,1,4.39936207721022,5.0819305802844,4.58019495805143,4.90109769944318,0,0,0,0,1,0,0,0,0,1,0,0,0,1.64297583632164,0,1,0,1.24479142868691,1.48655093719124,0
392,-0.0328544597139413,0.054601376866145,0.0491662656072404,0.130000000103275,0.00176109865719524,0.048786747859862,-0.00999999985798435,-0.0636703971792474,0.045184152000163,0.670175895071447,-1.91656456696352e-06,-2.8024022336348e-06,0.742226748095112,-0.0278341685892524,-0.00518991725484022,0.0519971710925013,-0.0251197036158419,0.0010805060060902,-7.51201026942279e-05,7.25513173420843e-12,0.0750000000343061,0.0500000000293484,5.64390025835864e-11,0.00636914359921932,5.74143485905182e-06,-5.29317456226863e-05,-1.58909306721074e-05,0.252675205754532,-0.0122770485788839,0.00211903869403431,9.91568995458367e-06,0.014012608262938,-0.399999937450333,0.249999997728467,0.400000003010527,0.0193810273964893,0.15000001209259,0.399999988546586,0.400000055289014,0.250000002614639,0.01,0,0,0,0,0,0,0,0.01,1.07694209674552,0.01,0.01,0,0.01,0.01,0.857290900145861,0.516738683599194,0,1.51749310343418,0.01,0.01,1.23871959219509,0.01,0,0.01,0,0,0.01,0,1,1,1,4.47747377336846,5.05089365790541,4.63410008285996,4.89426734841391,0,0,0,0,1,0,0,0,0,1,0,0,0,0,0,1,0,1.13731924243859,1.40876674193731,0
393,-0.0330375719918594,0.054633610109644,0.049165471497198,0.129999992899065,0.00326855340202023,0.0496406083894499,-0.010000004968806,-0.063598959298279,0.0451853868723937,0.669487353724287,-3.24108230071974e-06,-1.74857219252125e-07,0.742847876932944,-0.027924238681662,-0.00514984149954342,0.0519974343159118,-4.03401630083644e-05,0.00024159407005064,-0.000204887687063729,-2.14295166716139e-09,0.0749999957753689,0.0354581612720868,1.48204913025944e-09,0.000200117181042416,0.000171817054886779,-0.00324362211241646,0.000585598034839365,0.000509783762875846,4.99186667304739e-06,0.000161894782601837,-1.1161056958447e-05,0.0986298683237038,-0.400004450882276,0.215368976123795,0.399999495711792,-0.199227548551646,0.150000025248259,0.400001432412526,0.39999563103886,0.250000621028988,0.106644925601575,0,0,0,0,0,0,0,0.01,1.07532330082294,0.01,0.01,0,0.01,0.01,0.499611159741645,0.946104923347765,0,1.61740448914951,0.01,0.01,0,0.01,0,0.01,0,0,0.01,0,1,1,1,4.47878769923647,5.16670274711807,4.66505674162412,4.98043370473042,0,0,0,0,1,0,0,0,0,1,0,0,0,1.63496781600193,0,1,0,1.24040334162115,1.49564654369748,0
394,-0.0333074577339223,0.0546430772212099,0.0491643439844099,0.130000000100735,0.00499997299419523,0.0505002631321225,-0.00999999989468941,-0.0635325492353099,0.0451847389291504,0.668484768103043,-1.61258657210618e-06,-2.94557686810323e-06,0.74375023398623,-0.0280553096449686,-0.0051290617689014,0.0519972057959607,-0.0266199370155071,0.000973208465956355,-5.42823663846398e-05,5.99192122676015e-12,0.000270908302747071,0.0500000000185041,7.57030307536597e-11,0.00668604484268242,2.64666038709941e-06,-1.04831699211265e-05,4.57023762155543e-06,0.268389124871475,-0.0130198703626439,0.00212311888343332,9.03018438327774e-06,0.00623577042671507,-0.399999985720765,0.24999999667489,0.400000002492911,0.108986730330556,0.150000007624746,0.3999999991482,0.400000013038549,0.250000008489698,0,0,0,0,0,0,0,0,0.01,1.07702418842452,0.01,0.01,0,0.01,0.01,0.836447722781314,0.543476420718756,0,1.53822185280436,0.01,0.01,1.27317584417717,0.01,0,0.01,0,0,0.01,1,1,1,1,4.55234076739987,5.13051066593675,4.70358077790363,4.97927065543299,0,0,0,0,1,0,0,0,0,1,0,0,0,0,0,1,0,1.14370321777758,1.42666721404475,0
395,-0.0335032224841466,0.0546759054125447,0.0491635153342114,0.129999999979039,0.00499999989612021,0.0510968517739762,-0.0100000001458126,-0.0634570005452643,0.0451859738626391,0.667745976239938,-3.05194969550853e-06,-3.22748054630484e-07,0.744413605607548,-0.0281515908983034,-0.00508744543264137,0.0519974397432842,-3.12491396270667e-05,0.000236660881336812,-0.000201753649713047,-9.67262752653464e-11,2.67897836001398e-10,0.00985958296594769,-2.34864655128096e-09,0.000181231785424854,0.00017041202171864,-0.00321701121476258,0.00065172160229849,0.000455169480378865,9.15960060639115e-06,0.000157800630613227,-1.05256408286524e-05,-0.0812495227357804,-0.399999906039,0.245367718493746,0.399999960175467,0.400000110410626,0.223610007219678,0.399999968668412,0.400000099092611,0.250000034185049,0.01,0,0,0,0,0,0,0,0.01,1.07532335174559,0.01,0.01,0,0.01,0.01,0.671028676404516,0.719389513840216,0.01,1.95094452630961,0.01,0.01,1.67362355802196,0.01,0,0,1.71857780214745,1.90621525862763,0.01,0,1.01071061639248,1,1,4.62817424944306,5.10463153025611,4.71662876785588,5.01617701184329,0,0,0,0,1,0,0,0,0,0,0,0,0,0,0,1,1,0,0,0
396,-0.0335021494370531,0.0546755625430078,0.0491632907732583,0.129999999974265,0.00330002353117207,0.0508297348046129,-0.0100000009649928,-0.0634572999848447,0.0451842574566251,0.66774542286005,3.19930104691907e-06,-5.62836872039202e-07,0.744414103601647,-0.028151041296138,-0.00508788867111119,0.0519970590042979,3.48545669291851e-05,-7.10695431014144e-05,4.31443901503345e-05,2.31884045407726e-10,-0.0749999996495435,-0.0363404056704574,1.60693833804548e-09,-6.76072241470544e-05,-6.57842542862822e-05,0.000924124533350618,-8.51921096241444e-05,0.000134225799905939,6.3741102607331e-06,-4.55465132138539e-05,1.43357677957934e-05,0.0896180917938863,-0.40000152120777,0.230806862272216,0.400000095613859,-0.0409806622005244,0.150000003653804,0.400000588365065,0.399998728380127,0.250000232776239,0.0934475077889762,0,0,0,0,0,0,0,0.01,1.07519252406817,0.01,0.01,0,0.01,0.01,0.49213274347749,0.955112596930326,0,1.62439915633345,0.01,0.01,0,0.01,0,0.01,0,0,0.01,0,1.00859267834294,1,1,4.49559875189265,5.1881125182572,4.67805318126514,5.00565808888472,0,0,0,0,1,0,0,0,0,1,0,0,0,1.67890175043781,0,1,0,1.25197376004356,1.50889133712926,0
397,-0.0338104932415967,0.0546837903190568,0.0491613210071139,0.130000000082277,0.00449998119221624,0.0506436161497515,-0.0099999999016098,-0.0633830774960152,0.0451845915948888,0.66660265061994,-1.692213207786e-06,-2.84533076054737e-06,0.74543760718649,-0.0282999621211255,-0.00506595661753466,0.0519972033234182,-0.0302419001320784,0.000819024201822788,-0.000107208572775135,-5.71519053464754e-12,0.0749999999988939,0.0174596070789043,1.64143486309506e-11,0.00744672505536605,-1.89216674884832e-05,4.99960942058621e-05,1.6700854531107e-06,0.304340596071546,-0.0147363430380447,0.00220414477709766,-9.91151648320465e-06,0.180723815089694,-0.400000040461003,0.246984796610066,0.39999999759234,-0.177612699054635,0.150000000423004,0.400000007433077,0.399999964356631,0.25000000354857,0,0,0.273074280559232,0,0,0,0,0,0.01,1.07722314073091,0.01,0.01,0,0.01,0.01,0.455606017039581,0.921985945293373,0,1.60134146977594,0.01,0.01,0,0.01,0,0.01,0,0,0.01,1,1,0,1,4.53359361850129,5.21917427884996,4.72372763362567,5.02904026372559,0,0,0,0,1,0,0,0,0,1,0,0,0,1.60500671039991,0,1,0,1.21834939110164,1.47071742684972,0
398,-0.0346490263007813,0.0547135645612192,0.0491582523953213,0.13000000025025,0.00500000009920169,0.0513675594854023,-0.0100000002273362,-0.0631667856756319,0.0451845131695487,0.663440486172057,-2.35432199546049e-06,-2.49016183519289e-06,0.748253388616639,-0.0287093818286014,-0.00499662024577643,0.0519971473453381,-0.053721448253687,0.00205665005857968,-0.000172649836350126,1.99541648096062e-10,1.0967612930305e-10,0.0500000000007232,6.52982631948392e-10,0.0142008378248946,-1.85481971797024e-06,-3.75377324706589e-05,-1.11912163662179e-05,0.543397550737153,-0.026231471744384,0.00468474398803258,1.25468323123581e-06,0.298324038787222,-0.400000558326784,0.214276371709504,0.400000082248086,-0.102200983866873,0.150000000298064,0.400000252405332,0.399999482230018,0.250000094844978,0.01,0.469480036906246,0.274851709626017,0.154203639623454,0,0,0,0,0.01,1.07765982075177,0.01,0.01,0,0.01,0.01,0.533381905155082,0.936958758315022,0,1.60688990387916,0.01,0.01,0,0.01,0,0.01,0,0,0.01,0,0,0,0,4.56529775137023,5.26828920630212,4.75638461859985,5.0772023390725,0,0,0,0,1,0,0,0,0,1,0,0,0,1.6527019447171,0,1,0,1.2585198677682,1.50893447940646,0
399,-0.0362265806060336,0.0547363257959379,0.0491126246464621,0.130000000097963,0.00500000006613035,0.0520953148893661,-0.00999999987628451,-0.0627945261618757,0.0451844012476533,0.658090286865708,-1.3510656716893e-06,-3.13208156168831e-06,0.752963375070773,-0.029395749033518,-0.00487795949373162,0.0519972535225794,-0.0749999999945133,0.00203097954510807,-0.0011867399686546,8.0931376890098e-12,7.03818275520075e-12,0.0229109981514044,-4.18731191297089e-10,0.0219966944486574,-4.96029544616361e-05,0.00368835627856203,0.000774172149193846,0.840470533149437,-0.0403863376145419,0.00699902875625492,0.000146712546669608,0.148363594985898,-0.400000067375923,0.186735117316331,0.400000003383834,-0.0391294680367231,0.150000000159852,0.40000003563542,0.358599145123854,0.249999993773299,0.01,0.498941261416904,0.0591082968934234,0.01,0,0,0,0,0.01,1.07196175390493,0.01,0.01,0,0.01,0.01,0.107585748624636,1.29321655531154,0,2.14306485156697,0.01,0.01,0,0.01,0,0.01,0,0,0,0,0,0,0,4.64444851694864,5.27223332585291,4.79467858880642,5.12200325399513,0,0,0,0,1,0,0,0,0,1,0,0,0,1.51359078870944,0,1,0,1.24913084390599,1,1
400,-0.0379335766900152,0.054785544210005,0.0491297561792515,0.130000000098725,0.00500000004672669,0.052887418488644,-0.00999999986465192,-0.0623228526882027,0.0451832078330391,0.65153850608079,4.21057259056951e-06,-5.00075233986347e-06,0.758639981025042,-0.0302259633235156,-0.00472524433994344,0.051997430111468,-0.0749999999850757,0.00292273856582693,0.00105297202202506,6.71856842484691e-13,5.27851794412978e-11,0.0500000000125229,-1.52466505753922e-09,0.0248082564727327,-1.07376709558159e-05,-0.00399772165265466,0.00233201877929386,0.898754068750117,-0.0429270258590175,0.0083058158683225,-0.000118993962027209,0.223930922398405,-0.399999993762867,0.249999999781769,0.400000000268147,0.119036069466392,0.150000005159952,0.400000002610068,0.400000006809359,0.250000008226199,0,0,0.243516831360139,0,0,0,0,0,0.01,1.15839582794698,0.01,0.01,0.688018710307328,0.0692340353724725,0.152344617987113,0,0.338798897303276,0.01,1.57640020192503,0.01,0.01,1.10558025259993,0.01,0,0,0,0,0.01,1,1,0,1,4.49243806752536,5.06478296280614,4.66438409895848,4.89283693137303,0,0,0,0,0,0,0,1,0,0,0,0,0,0,0,1,1,1.06737879955632,1.18482776318123,0
401,-0.0392388097931921,0.0552618213934523,0.0491260817998604,0.130000000096729,0.00499999994047734,0.053423105390719,-0.00999999980868339,-0.0615081185381199,0.0451856251814593,0.646421374165234,-8.49246602017626e-06,2.62009740047145e-06,0.763005034375367,-0.0308668016710938,-0.00416539011033389,0.0519974387455167,-0.0547633378966846,0.0384792767521914,-0.000119780407155622,2.43923128839434e-11,1.13555272861234e-12,0.00379965265719869,9.66948018205176e-10,0.0532479904842866,1.68519644579801e-05,-0.000259172835872119,5.9157039791689e-05,0.564237790862208,-0.0267651649772627,0.0423152483511824,-3.17872533288688e-05,0.147824062398655,-0.400000260168944,0.250000008203802,0.400000010089875,0.097840925599155,0.150000038478781,0.400000093416797,0.399999779447792,0.250000034662852,0.16109647859133,0.434224250462651,0.235750293586902,0,0,0,0,0,0.01,1.17015256970271,0.01,0.01,0,0.01,0.0416926766175437,0.441318250277795,0.320475110156974,0.01,1.49674602622576,0.01,0.01,1.00280914374305,0.01,0,0,0,0,0.01,0,0,0,1,4.50490763638037,5.07842394879517,4.66049444251637,4.92283714265916,0,0,0,0,1,0,0,0,0,0,0,0,0,0,0,1,1,1.08934817525533,1.23910556433957,0
402,-0.0406632132942666,0.0558444314517359,0.0491244754848196,0.12999999996632,0.00499999924030303,0.0533146881876859,-0.00999999958762272,-0.0605322366685919,0.0451862101942917,0.640803773512274,-5.84481269641313e-06,1.32726602080592e-06,0.767729166956429,-0.0315618757022149,-0.00347617759120987,0.0519974565370259,-0.0749999999564119,0.0237599612136443,-9.48466583880927e-05,-8.18462580272819e-11,3.15592734263524e-12,-0.0145497452386329,-9.08192612187298e-10,0.0458098424732696,3.98942094235808e-05,0.000129425583055316,4.74406447327704e-05,0.832303200609727,-0.0393549487622182,0.0295444591676423,2.94773511263223e-06,0.186618915093326,-0.399999753035574,0.249999988083478,0.399999966296741,0.0824657741549406,0.150000038333198,0.399999985441073,0.400000259408781,0.250000349326657,0.26885182830139,0,0.299849577672989,0,0,0,0,0,0.01,1.16692678013283,0.01,0.01,0.721087528758237,0,0.236087784877403,0,0.36671417688537,0.01,1.58015139648767,0.01,0.01,1.0161342644713,0.01,0,0,0,0,0.01,0,1,0,1,4.55173052112865,5.11516218989415,4.69847278795322,4.9684199230696,0,0,0,0,0,1,0,1,0,0,0,0,0,0,0,1,1,1.02590479910983,1.14832980529115,0
403,-0.0413390835178039,0.0562459991110061,0.0491227608008021,0.130000000070955,0.00500000009633091,0.0530491658908104,-0.0100000003111988,-0.059937678116728,0.0451872862666642,0.638104897984151,-7.72536947799469e-06,7.87017673950986e-06,0.76997388087545,-0.0318926855218208,-0.00302231432817851,0.0519974098605989,0.000396007082031937,0.0109865416637731,-4.61932523656468e-05,4.5391335352609e-11,8.74637857735865e-11,-0.0120150711083117,8.83780617887964e-11,0.0108367579313392,8.79109132837717e-06,-0.000154642986988191,0.00179548198005896,-0.00273963181212384,0.000155532353915332,0.0109456559621244,5.62525770078545e-06,0.180810308651732,-0.400000565431917,0.150000009088373,0.40000001866166,-0.00468026074792003,0.150000082136323,0.400000205445074,0.399999520985027,0.250000081680029,0.158325968786287,0,0,0.216002673095633,0,0,0,0,0.01,1.1521706267437,0.01,0.01,0,0.01,0,0.0904994884963436,0.964463891605558,0.0692790263487232,1.98451422196058,0.01,0.01,0,0.01,0,0.01,0,1.10646171256607,0,0,1,1,0,4.56464297781775,5.17643293961508,4.69606178217478,5.04501413525803,0,0,0,0,1,0,1,0,0,0,0,0,0,1.4009012774964,0,1,0,1.25851472718487,0,1
404,-0.04226448193282,0.0565454384691986,0.0493828224268919,0.130000000102377,0.00500000005948015,0.0528549762261244,-0.00999999988300815,-0.0594226314745713,0.0451854085992208,0.636316506752336,-5.16624186741939e-07,-7.31185155689231e-07,0.771452510052475,-0.0321110908275674,-0.00259927309542872,0.0519974422322297,-0.0750000000000977,0.0214401825661325,0.0251421727052316,2.5211865246358e-12,-1.93108939578018e-12,-0.00742682011523823,-1.2193290036799e-09,0.0409787870996844,-0.000122283947494731,-0.000448559264237414,0.000420035728834628,0.419409970288321,-0.0197289480212428,0.0326325627358418,-9.85498593004131e-05,0.10968071912045,-0.400000008109192,0.149999999788669,0.400000001042914,0.0967536540199935,0.150000000823915,0.400000003600536,0.39999999312671,0.250000001353929,0.01,0,0,0.16816527582168,0,0,0,0,0.01,1.16375316044274,0.01,0.01,0,0.113662455086478,0.225456060420605,0.574255812878166,0.334159797554313,0.01,1.5505246770711,0.01,0.01,1.05207312606641,0.01,0,0,0,0,0.01,0,1,1,0,4.57151574651324,5.11898848743705,4.71994183213475,4.97056240181554,0,0,0,0,1,0,0,0,0,0,0,0,0,0,0,1,1,1.00320799288249,1.17483181139436,0
405,-0.0429133881240553,0.0569358529281147,0.049468615145237,0.130000000104427,0.00500000003228552,0.0526190079301346,-0.0099999998751281,-0.0588367930693717,0.0451868059796332,0.633882334396335,-2.74652449407424e-06,1.19245878047854e-06,0.773453888785816,-0.032406462374992,-0.00214279951117607,0.0519979136518809,-0.00661895090263837,0.0127449556180199,-0.00034233731458134,5.95847259409841e-12,2.5688570687552e-11,-0.0161265127423816,2.2119932482763e-11,0.0146062866297141,3.09340125793813e-05,-0.00384862301854325,-0.000737631492012497,0.0693101032423252,-0.00323010342663258,0.0132093312198768,-0.000191287935123887,0.119159353211701,-0.399999986886377,0.250000012024708,0.400000002408076,0.40000001058747,0.243066696586298,0.400000000978841,0.400000012357244,0.250000003740381,0,0.364255681677171,0.133840632278627,0,0,0,0,0,0.01,1.15376856945689,0.01,0.01,0,0.01,0.01,0.452855143945374,0.535503445397221,0.01,1.9306195526588,0.01,0.01,1.50160636217229,0.01,0,0,1.69152029002232,1.64617292590839,0,1,0,0,1,4.64674702940741,5.07171731721978,4.6975246153388,5.02093973128837,0,0,0,0,1,0,0,0,0,0,0,0,0,0,0,1,1,0,0,1
406,-0.0432387425368882,0.0570211208936067,0.0494654795842238,0.130000000442995,0.00333156024105582,0.0518537538407883,-0.00999999894426149,-0.0586549637478128,0.0451846610014085,0.632594965262383,-6.54348329458078e-07,-2.67105641922267e-06,0.774507171256266,-0.0325631305244805,-0.0020282804695582,0.0519969239728834,-0.0207728484688862,0.00214776284140644,-5.63178164194614e-05,5.46398262858016e-10,-0.074999999110004,-0.0500000000282574,9.73716792186863e-10,0.00844670240480286,-9.91527777263835e-06,0.000104839159511045,9.67533259831264e-05,0.213453998420115,-0.010034201055852,0.00404761156228769,3.74034573345226e-05,0.0755230037696074,-0.399999774843704,0.250000160975367,0.400000225172633,0.400000366804775,0.249999988353385,0.400000270212663,0.400000301730341,0.249999941924171,0.01,0,0.0325902169581537,0.0385316534339486,0,0,0,0,0.01,1.15040933444085,0.01,0.01,0,0.01,0,0.35367592909013,0.519066581830947,0.0190607602006609,1.95195591955184,0.01,0.01,1.48180818282326,0.01,0,0,1.71037592533398,1.64719883553957,0,0,1,0,0,4.63186857054406,5.0495068888588,4.6875065763728,4.99386888303006,0,0,0,0,1,0,1,0,0,0,0,0,0,0,0,1,1,0,0,1
407,-0.0434064119712206,0.0572769245455211,0.0494700925595438,0.130000000435084,0.00162957229632659,0.0508052436141935,-0.00999999913406285,-0.0583510284645839,0.0451845273626841,0.631915548252856,2.81054990864707e-07,1.4293999895609e-06,0.775061605958767,-0.0326451532877038,-0.00176056017836048,0.0519974623218852,-0.00361271124889014,0.0184911510138794,0.000168078476867853,6.25263087993145e-10,-0.0749999991786208,-0.0500000000326347,1.01752404438181e-09,0.0197036548567695,-6.84121546946561e-05,0.000619414079144534,0.000314184610743921,0.0390386506047276,-0.00180060218133704,0.0188502852844304,3.56461436442376e-06,0.0459895955910015,-0.399999860024811,0.184341096189309,0.400000257696491,0.400000338526114,0.249999986549232,0.400000328452847,0.400000235444372,0.249999954881096,0.01,0,0.01,0.0814869579250061,0,0,0,0,0.01,1.15460046831305,0.01,0.01,0,0.01,0,0.370993411452514,0.539780539382891,0.01,1.93277325207811,0.01,0.01,1.46149799061602,0.01,0,0,1.67067640820765,1.63028511861409,0,0,1,0,0,4.59705490179451,5.01681474620609,4.65193393823708,4.96193570976352,0,0,0,0,1,0,1,0,0,0,0,0,0,0,0,1,1,0,0,1
408,-0.0434342853958615,0.057420249543355,0.049470156021445,0.130000000101338,-8.19707026743902e-05,0.0497567335787731,-0.00999999986937587,-0.0581959620835745,0.0451831471000429,0.631795920319886,2.9449560282376e-06,-1.39011455446382e-06,0.775159123418375,-0.0326590883370966,-0.00161197098069507,0.051997160452431,2.51460633569727e-05,0.00064098647473403,-0.000363373211155614,-1.62849308603376e-13,-0.0750000000003713,-0.0500000000000351,-3.94751203194347e-09,0.000444624682599017,0.00028876430575655,-0.00752738092802973,0.000991143199178483,4.76940024614798e-05,4.86857829421806e-05,0.000412216759796473,-2.20442046680424e-06,0.0489349481925278,-0.399999999999898,0.249999999999995,0.399999999999933,0.399999999999847,0.249999999999986,0.399999999999803,0.40000000000004,0.250000000000006,0.01,0,0.024066491856642,0.0489867826665193,0,0,0,0,0.01,1.1469418906826,0.01,0.01,0,0.01,0,0.380943001095579,0.517711843051082,0.0525635683621568,1.95252789457667,0.01,0.01,1.50235303907267,0.01,0,0,1.71489709885542,1.60216272949599,0.01,0,1,0,0,4.55973635928206,4.97595073014984,4.61320008739892,4.92248700203298,0,0,0,0,1,0,1,0,0,0,0,0,0,0,0,1,1,0,0,0
409,-0.0434548604127055,0.0575159090204428,0.0494728398465708,0.130000000841727,-0.00178820758399831,0.0487082243779933,-0.0100000000814845,-0.058096759398751,0.045183063841441,0.631706912808322,5.31711482770937e-07,1.1361477986096e-06,0.77523166093299,-0.0326695558703104,-0.00151728126340661,0.0519974719973273,-0.00188845418765806,0.00826147961910903,0.000138825492898633,1.11133158766597e-09,-0.0749999997653845,-0.0499999992146942,2.48654804186292e-09,0.00895065261639867,-6.96368923386826e-05,0.000459013335718952,0.000236602128659609,0.0208007304191642,-0.000944852144972423,0.00846587500022341,-5.64527447610574e-06,0.122516041901206,-0.400001688189547,0.250000176020106,0.400000458009564,0.0049447190492543,0.150000323568862,0.400000944007344,0.399998603028751,0.250000162503231,0.0961851647161084,0,0.0655936826152615,0.0177692040897677,0,0,0,0,0.01,1.15031959956087,0.01,0.01,0,0.01,0,0.239193351039815,0.726677677450525,0,1.61128135872523,0.01,0.01,0,0.01,0,0.01,0,0,0,0,1,0,0,4.37484386774312,5.0025780177262,4.52838752157455,4.84903436389479,0,0,0,0,1,0,1,0,0,1,0,0,0,1.41756730419069,0,1,0,1.2129697089764,1.38701089071663,1
410,-0.0438103154752715,0.0578226360936645,0.0494737136498649,0.130000000792886,-0.00058825247871196,0.0482489148384953,-0.00999999972047201,-0.0576815316058557,0.0451834833384957,0.630275746117952,-2.91599159758219e-06,1.84424496774613e-07,0.776395682718694,-0.0328419152240607,-0.00117803153443297,0.0519975821845664,-0.030959208447266,0.023612406463227,3.43653658768598e-05,7.79682677508582e-10,0.0750000000984522,0.00379999487067237,1.35679693614021e-09,0.0332294346584842,-2.26475109397972e-06,-0.000143483573176338,-4.74466992246461e-05,0.32203578143981,-0.0150320462480187,0.0265161876930928,-1.12162119691658e-05,0.196759405838579,-0.400000759661002,0.249203222453893,0.400000321287078,-0.146533995490208,0.149999986412107,0.400000545666705,0.39999940876565,0.250000169405707,0.125060799346532,0.24679122083853,0.0388108943692332,0.0327784999267557,0,0,0,0,0.01,1.15974786825778,0.01,0.01,0,0.01,0,0.230558540717701,0.710460839588018,0,1.6062984245348,0.01,0.01,0,0.01,0,0.01,0,0,0,0,0,0,0,4.41665600828516,5.05088747131959,4.5795365689412,4.88800691066355,0,0,0,0,1,0,1,0,0,1,0,0,0,1.45662638360739,0,1,0,1.21207344208995,1.34915197973804,1
411,-0.0446617114869463,0.0581067206173163,0.0494719075806396,0.130000000980984,0.00118175362581455,0.0488611654404055,-0.0099999996694107,-0.0571269376871501,0.0451831258533673,0.626830648997742,-3.13198099762836e-06,-7.33078570533247e-07,0.779179831544863,-0.0332553124528794,-0.000809442420553519,0.0519971862078836,-0.0508938909414739,0.00949505257490641,-7.55629672955769e-05,1.07101219687263e-09,0.0750000002031672,0.049999999954676,1.9284212821704e-09,0.0255289193247749,2.48856613574994e-05,-4.97210438308656e-05,-0.000198785330651136,0.529258364113005,-0.0246831463421071,0.0144067023654038,1.57704431551576e-05,0.29441394044723,-0.400001387532833,0.238185880008198,0.400000441378513,-0.15951113359256,0.149999981318114,0.400000851891414,0.399998880885897,0.250000154318781,0.139822557367054,0,0.122330742629954,0.0132151335633304,0,0,0,0,0.01,1.15615182218335,0.01,0.01,0,0.01,0.01,0.147685219676079,0.627934844713637,0.0812419210949416,1.57848164451276,0.01,0.01,0,0.01,0,0,0,0,0.01,0,1,0,0,4.47691031308322,5.10495834003284,4.65538724056097,4.92648141255509,0,0,0,0,1,0,0,0,0,0,0,0,0,1.45432098282605,0,1,1,1.10764143723831,1.2164824785736,0
412,-0.045321861989843,0.0583188758856558,0.0494717589292228,0.130000000895318,0.00296404242440377,0.0497883954346841,-0.0100000004827587,-0.0567032088666387,0.045183527208163,0.624140751613697,-4.19073565526459e-06,6.66632442439312e-07,0.781336200398838,-0.0335762081285402,-0.000532746871358651,0.0519973904267041,-0.0178077259469966,0.00868170674808909,-2.36959765571747e-05,1.05443139604605e-09,0.0749999997865072,0.0427594780171454,1.92274618427485e-09,0.0144577546532801,-4.02150393597633e-06,-9.55586469902945e-05,-1.2272668290484e-05,0.186229261629704,-0.00864557825756627,0.0104568772356685,-1.04433349802783e-05,0.119849377418766,-0.400000505400947,0.241721371108011,0.400000434465295,0.314927443178343,0.199441386051982,0.400000592251056,0.39999971342511,0.249999969459705,0.01,0.391630039884675,0.0526590909850712,0.0499526389912155,0,0,0,0,0.01,1.15141679814295,0.01,0.01,0.558677810221662,0.01,0.01,0.417688435955901,0.575188291815448,0.0151775532004735,1.96703198052604,0.01,0.01,1.49103019395987,0.01,0,0.01,1.67951584906527,1.65853005013101,0,0,0,0,0,4.66965717600582,5.09572916355891,4.72564537421426,5.03974096535047,0,0,0,0,0,0,0,0,0,0,0,0,0,0,0,1,0,0,0,1
413,-0.046667456302159,0.0586450520520391,0.0496003572488628,0.129999997483042,0.00176408618566731,0.0501792804130426,-0.00999999752818665,-0.0560111009247452,0.0451823360539204,0.62159365881129,-1.80601872443021e-06,8.2448793820304e-08,0.783364105508033,-0.0338783314793151,2.04575265530309e-05,0.0519972969147109,-0.0749999967711434,0.0287432371285988,0.0108614684594375,1.77464683137099e-09,-0.0749999995755899,-0.00344053150038938,4.63719911451316e-09,0.0532029868183706,-0.000122045479526944,6.80443465194016e-05,0.000330733594893944,0.495963090659738,-0.0229594748749169,0.0425011680192907,-7.34306748605798e-05,0.04953023505107,-0.40000194650477,0.231078647665532,0.400000953842254,0.167563607155305,0.150001029648094,0.40000219842477,0.399998118621123,0.250000794290116,0.01,0.359476999171666,0.0455936335279234,0.0900088663107314,0,0,0,0,0.01,1.16873666348565,0.01,0.01,0.763914014899972,0,0.201814194315123,0,0.375720322381941,0.01,1.53572013638558,0.01,0.01,1.04746731558708,0.01,0,0,0,0,0.01,0,0,0,0,4.56150914501863,5.11446703175892,4.71837039551227,4.95760578126528,0,0,0,0,0,1,0,1,0,0,0,0,0,0,0,1,1,1,1.0811032725242,0
414,-0.0481973678997576,0.0591191442529628,0.049612131128232,0.130000001470723,0.0022921890891272,0.0501409148086618,-0.0099999993441012,-0.0550131461731928,0.0451833837923343,0.615647162464411,-4.61149862836179e-06,7.79654848661517e-07,0.788046227474588,-0.0345768389336694,0.000686418977468291,0.0519974256609474,-0.0750000001790171,0.0191413627028553,-0.000190084788190763,1.81001014169178e-09,0.0750000001538239,-0.000410787798916767,1.24912663471853e-09,0.0466436521596112,-2.0740600344576e-07,-0.000864133063527625,-0.000686282537458175,0.840884506833951,-0.0387494529715974,0.0281923500875408,-8.55213466308825e-05,0.178507250131422,-0.40000177989496,0.164245384898337,0.400000745631528,-0.000322090042475733,0.150000090109157,0.400001210707623,0.399998733503479,0.250000264581784,0.01,0.244628659701951,0.095259405844782,0.129564461995476,0,0,0,0,0.01,1.16560142278341,0.01,0.01,0.809473773213544,0,0.255616030743208,0,0.400230249453503,0.01,1.59607364848045,0.01,0.01,1.04466588307441,0.01,0,0,0,0,0.01,0,0,0,0,4.5948899444255,5.13260148560085,4.74763682641666,4.97985460360969,0,0,0,0,0,1,0,1,0,0,0,0,0,0,0,1,1,1,1.02097172826134,0
415,-0.0496376463750418,0.059465201066082,0.0496114998509483,0.130000001290191,0.00386272610240528,0.0503182193471902,-0.00999999802299387,-0.0541500211796566,0.045184031582746,0.609629946599206,-4.67852101204435e-06,4.76374786902903e-07,0.79271047956742,-0.0352754570571343,0.00120785984980026,0.0519974605574859,-0.0675556171713292,0.0154769022511286,-2.67884336915556e-05,1.38217985663372e-09,0.0750000001803069,0.0180489302546414,2.34298173167391e-09,0.0401884877421434,3.18849381608097e-05,3.40375383461143e-05,2.11803795869236e-05,0.715564592326894,-0.0327244076234786,0.0239328979961705,2.70539725415479e-06,0.233302940367435,-0.400001257496783,0.250000151435196,0.400000569634372,-0.00225265729263855,0.150000119756166,0.400000933928566,0.399999133150639,0.249999307480096,0.0297533752648009,0.227571507545709,0.107505381774056,0.149815810707757,0,0,0,0,0.01,1.16285656163302,0.01,0.01,0.81571779118113,0.01,0.269208872510574,0.54575967933572,0.4279181146109,0.01,0,0.01,0.01,1.01402704703522,0.01,0,0.01,0,0,0.01,0,0,0,0,4.6549187738551,5.17569908865773,4.81521800183325,5.01539986067958,0,0,0,0,0,0,0,0,0,0,1,0,0,0,0,1,0,1,1.16473619411478,0
416,-0.0501183489410041,0.0597403705492488,0.0496101649755925,0.130000001457316,0.00500000051554165,0.0509513812281055,-0.00999999796579138,-0.0536958614427763,0.0451851048161848,0.607597808552361,-3.76186105906081e-06,8.81075200699548e-06,0.794269185081322,-0.0355088559524121,0.00154443650630443,0.0519974643982165,0.00429297091457372,0.00506291018076412,-1.09089165833031e-06,1.16320431425297e-09,-1.12318410822019e-10,0.0451319688958082,8.16888693443616e-10,0.00348573404607824,-7.037294299976e-05,0.00152399773955293,0.00165023044266061,-0.0427379251498675,0.0019565045069852,0.00456029223561806,-1.85082745794929e-06,0.090420792742797,-0.400000063052604,0.173258639150888,0.400000479420447,0.386485828240389,0.171737073820095,0.40000045430349,0.400000285917411,0.249999949566258,0.01,0.338329164361068,0.11543272791815,0.10177987777886,0,0,0,0,0.01,1.14666563353978,0.01,0.01,0.698274928466598,0.01,0.0388601310294378,0.400981620968599,0.662450790528019,0.01,2.07607300772086,0.01,0,1.47499154506395,0.01,0,0.01,1.61987586010268,1.74646071463342,0.01,0,0,0,0,4.76356468630637,5.16420715467847,4.82601871387298,5.10175312711185,0,0,0,0,0,0,0,0,0,0,0,0,1,0,0,1,0,0,0,0
417,-0.0501456497436124,0.0597834522590201,0.0496106331331406,0.130000001256262,0.00338545064848973,0.0513897108921259,-0.00999999876702484,-0.0536465462386919,0.0451836817960533,0.607486982397474,-2.75030289615623e-06,1.02685774554498e-06,0.794353952537941,-0.035521684505226,0.00158807464267121,0.0519972060303556,-0.00102785176427121,0.000975364713185229,1.76421182803706e-05,1.10841915631576e-09,-0.074999999168614,-0.00106803236234592,1.70553276171751e-09,0.00136447952647005,-1.0674226551654e-05,-0.000140558794279416,5.55432769162768e-05,0.0108258248418851,-0.000484179376312604,0.00110696054823626,1.86723718275907e-05,0.104310317064515,-0.400000089008905,0.179359187042037,0.400000456826216,0.400000342651465,0.228020876429095,0.400000522774971,0.400000247331824,0.249999903189604,0.01,0.327251392093157,0.116484904015385,0.117104101160972,0,0,0,0,0.01,1.14569405925734,0.01,0.01,0.680936096121469,0.01,0.0381175225777145,0.403686221962142,0.646499602539506,0.01,2.07006320886473,0.01,0,1.48274363655288,0.01,0,0.01,1.6284363108574,1.73555701710574,0.01,0,0,0,0,4.73570725713134,5.12879572478805,4.78974281352792,5.07476016839147,0,0,0,0,0,0,0,0,0,0,0,0,1,0,0,1,0,0,0,0
418,-0.0501678807059184,0.0598111184611018,0.0496108241996522,0.130000001406942,0.00166665084809206,0.0509040402166751,-0.00999999872887342,-0.0536109734124262,0.0451829906163855,0.60739312419269,-2.48159222601429e-06,1.51134460179716e-06,0.794425722455814,-0.035532265167034,0.00161828244286148,0.0519972253050299,-0.00133937236256033,0.00165555312451351,9.36927958323708e-06,1.24933954501506e-09,-0.0749999991342722,-0.04726803390543,1.43655996916755e-09,0.00215794989587214,-3.89561038292807e-05,3.18717273658779e-05,1.99846089322489e-05,0.0142947248995238,-0.000641681745000208,0.00183068351453142,-1.60584129008726e-06,0.108902323400909,-0.400000143902894,0.182110301429549,0.400000514914898,0.400000356805224,0.24999997387419,0.400000600344567,0.400000230751406,0.249999910877263,0.01,0.322119840949918,0.115474782412888,0.118739521855327,0,0,0,0,0.01,1.14625942505377,0.01,0.01,0.675563696552229,0.01,0.0452972008440576,0.401734457243114,0.640622320840504,0.01,2.06036753486961,0.01,0,1.47826045599434,0.01,0,0.01,1.6220214273136,1.72714831941439,0.01,0,0,0,0,4.69626566045675,5.09002485788182,4.74927257880235,5.03701793953623,0,0,0,0,0,0,0,0,0,0,0,0,1,0,0,1,0,0,0,0
419,-0.0502251922688755,0.0598788655946836,0.0496110331592928,0.130000001396282,-5.36598162475923e-05,0.049860993859143,-0.00999999804187408,-0.053522301566851,0.045182271982469,0.607151661909198,-2.49034597027809e-06,1.37893937875827e-06,0.794610279127932,-0.0355598259363722,0.00169315413735988,0.0519972271412851,-0.00432848427656826,0.00509752804366308,1.30040017785966e-05,1.09551465459335e-09,-0.0749999992094566,-0.0500000000565572,1.19990652665922e-09,0.006712382910369,-3.84737217601907e-05,4.93321393760649e-05,3.05070738509035e-05,0.0460021069345607,-0.00208699955035837,0.0056564786054682,2.32824587862405e-07,0.125960222347279,-0.400000065590926,0.179796948882278,0.400000451450911,0.400000325818548,0.249999976689214,0.400000489696982,0.400000266568183,0.249999922117246,0.01,0.303464478947888,0.116089111723817,0.120717436044659,0,0,0,0,0.01,1.14831498815702,0.01,0.01,0.667946823061391,0.01,0.0557640022780732,0.391491433324564,0.632092079275306,0.01,2.05015851286302,0.01,0,1.47235374579366,0.01,0,0.01,1.6134781085435,1.72295439184269,0,0,0,0,0,4.65452438052037,5.05110498909354,4.70463723941067,5.00099213020324,0,0,0,0,0,0,0,0,0,0,0,0,1,0,0,1,0,0,0,1
420,-0.0503606777681557,0.0600364737294114,0.04961130304864,0.130000001353335,-0.00178347672589735,0.0488124836042628,-0.00999999811982524,-0.0533145195926666,0.0451815460243667,0.606579989425304,-2.39011499137002e-06,1.28267236314746e-06,0.795046762993137,-0.0356252183303961,0.00186801215490295,0.0519972357043175,-0.00917649774380751,0.0106341687478711,1.36859820554098e-05,1.0590403833538e-09,-0.0749999992536507,-0.0500000000551216,1.17735004905223e-09,0.0140599491602497,-3.78341180182134e-05,2.59141094485664e-05,1.75360721201249e-05,0.097519700307455,-0.00443281306780517,0.0118183930107692,-2.06410296371171e-07,0.148756096386698,-0.400000081444005,0.184019242449086,0.400000436472621,0.400000307604204,0.249999977280887,0.400000480318452,0.400000238841233,0.249999919912624,0.01,0.278578047174258,0.114553366865237,0.125560258955126,0,0,0,0,0.01,1.15161103711582,0.01,0.01,0.687604753608304,0.01,0.0679126773931029,0.387182424836436,0.648149423252687,0.01,2.04532651996189,0.01,0,1.4479368088224,0.01,0,0.01,1.58429426779136,1.71890380699504,0,0,0,0,0,4.61657129410168,5.01590448396516,4.66641035284227,4.96606542522457,0,0,0,0,0,0,0,0,0,0,0,0,1,0,0,1,0,0,0,1
421,-0.0505524484075056,0.0602715418835175,0.0496114446082007,0.130000001397066,-0.00351637563869892,0.047763977582268,-0.00999999813868574,-0.0530073001063808,0.0451808461336599,0.605768193773138,-2.51930005230848e-06,1.54941030476234e-06,0.795665469608652,-0.0357179270229709,0.00212816515109299,0.0519972226219854,-0.0102577385460363,0.0127655887420157,7.23437785217853e-06,1.04671693291922e-09,-0.0749999992915048,-0.0500000003139041,1.16907600173331e-09,0.0166035241606356,-3.30499982794635e-05,-3.6573893756082e-05,-2.30952730398473e-05,0.109144900067526,-0.00495800568261758,0.0140930451572678,2.85977814880762e-07,0.183216501651536,-0.400000104857051,0.154440614029243,0.400000431529265,0.40000029230688,0.249999893528585,0.400000484923532,0.400000210084777,0.249999986526549,0.0300923250570451,0.240975967687495,0.178087986668083,0.0707516828024204,0,0,0,0,0.01,1.15268029611757,0.01,0.01,0,0.01,0.01,0.138359963209491,0.444166322858665,0,1.8848338354852,0.01,0,1.39787250625876,0.01,0,0.01,1.61829109214924,1.71367886633706,0.01,0,0,0,0,4.56892229012327,4.96251684323206,4.61766986844276,4.91376926491257,0,0,0,0,1,0,0,0,0,1,0,0,1,0,0,1,0,0,0,0
422,-0.0506267657242761,0.0603335271438032,0.0496132033423271,0.130000001363311,-0.00524683175512109,0.0467154656124915,-0.00999999818741641,-0.0529137596052119,0.0451793696144525,0.605449378474924,5.09343367917956e-06,-4.51544710449138e-06,0.795908095065569,-0.035754139081074,0.0022030643359644,0.0519973942295794,-5.70052565965338e-05,-0.000171582187086801,0.000127831368169295,1.004713820085e-09,-0.0749999993217189,-0.0500000000493403,1.17656791962505e-09,-0.000235401591130734,-0.000146740725138762,0.00240752064102561,-0.000521356823424725,0.000459432199201599,-4.63480770574244e-05,-0.000131818891120182,-1.30612588174821e-05,0.143796791074822,-0.400000111846459,0.193983817957309,0.40000041408133,0.400000279550335,0.249999979663808,0.400000469090837,0.400000189263962,0.249999874498926,0.01,0.284757207158755,0.11165499254546,0.139735235991162,0,0,0,0,0.01,1.1453732435736,0.01,0.01,0.624865497203669,0.01,0.0537154518569046,0.378213943691657,0.580804970528717,0,1.99158773598417,0.01,0,1.45912483702088,0.01,0,0.01,1.5878317859372,1.67171586375905,0.01,0,0,0,0,4.5394786700926,4.93177233047064,4.58783187057929,4.88341912998396,0,0,0,0,0,0,0,0,0,1,0,0,1,0,0,1,0,0,0,0
423,-0.0507752288140194,0.0605140896179116,0.0496130096056778,0.130000001356522,-0.00696718204203059,0.0456669549652664,-0.00999999822300351,-0.0526829308859686,0.0451794001702933,0.604827677223307,-1.75180189368889e-06,9.09703200645738e-07,0.79638064431104,-0.035825245287932,0.00239851163520601,0.0519973092444206,-0.0143051003788307,0.0168498272559656,0.000120522688274527,1.01372793858654e-09,-0.0749999993391887,-0.0500000000470297,1.40686933187564e-09,0.0223713760375165,-0.000103442013541804,0.0012873727771567,0.000808154729412855,0.152480890900446,-0.00690399014687427,0.0187748553245049,1.1041083669122e-05,0.216059231314969,-0.400000130733149,0.161704054241973,0.400000417757098,0.400000272350336,0.249999980616066,0.400000477756334,0.400000170744622,0.249999969337249,0.069397602204006,0.205826294027781,0.176518304585925,0.0816157919227284,0,0,0,0,0.01,1.15534031457885,0.01,0.01,0,0.01,0.01,0.131966226552969,0.448671341650529,0,1.86895478157131,0.01,0,1.36869823074205,0.01,0,0.01,1.58710903846881,1.69540334597488,0.01,0,0,0,0,4.48854219901112,4.88281311523356,4.53480447934477,4.83655083489992,0,0,0,0,1,0,0,0,0,1,0,0,1,0,0,1,0,0,0,0
424,-0.050867787776789,0.0606215780155501,0.0496143545954244,0.130000000101278,-0.00869933584807812,0.0446184445927619,-0.00999999986451828,-0.0525347301332714,0.0451782022861516,0.604425882625699,4.03980830586975e-06,-8.01162978210566e-07,0.796685636923635,-0.0358703632908732,0.00252255497701862,0.0519974044630662,2.36962446013302e-05,-0.000321509868096248,0.000247096643375821,-1.85724104744039e-13,-0.0750000000003549,-0.0500000000000364,7.05425316437324e-10,-0.000294341098429851,-0.000219430502800583,0.00459298110275382,-0.000663229356050481,0.00014995504147328,-2.88246792297513e-05,-0.000212753876828467,3.82033997744103e-06,0.166330249164822,-0.399999999999926,0.210808983389123,0.399999999999926,0.399999999999854,0.249999999999985,0.39999999999982,0.400000000000044,0.250000000000006,0.01,0.259719635561839,0.107027636785988,0.154820552852468,0,0,0,0,0.01,1.14534620194098,0.01,0.01,0.615221638095535,0.01,0.069147739113481,0.372423249423594,0.575393182023906,0,1.98355511344507,0.01,0,1.45464535636573,0.01,0,0.01,1.58041653040044,1.63812019723542,0.01,0,0,0,0,4.45866098144772,4.85241282605399,4.50605637206548,4.80501743543623,0,0,0,0,0,0,0,0,0,1,0,0,1,0,0,1,0,0,0,0
425,-0.0510871450262156,0.0608793906340779,0.0496165521975631,0.130000000989161,-0.0104239507841488,0.043569934576702,-0.00999999851595777,-0.0522007936590794,0.0451779394207875,0.60350952653261,-1.53101478453711e-06,7.11668815933282e-07,0.797380030389892,-0.0359751159476699,0.00280429248525534,0.0519973451580969,-0.0214272616583427,0.0249022930648955,0.000189975006197198,1.03330381108183e-09,-0.0749999998834567,-0.0500000000321977,1.96085755462034e-09,0.0332251283792832,-0.000112459560513923,0.00170784598943044,0.00103244986156552,0.228456755582202,-0.0103371853651877,0.0278190007397607,2.69177348133523e-05,0.244281020765532,-0.400000852804362,0.208399614663234,0.400000425819507,0.237481094089693,0.249999986725625,0.400000631340321,0.399999398692217,0.250000054653832,0.101446744395041,0.175213367270039,0.126973731548726,0.13554731028811,0,0,0,0,0.01,1.16083636682725,0.01,0.01,0,0.01,0.194160362928672,0.341932219536363,0.623584723271799,0,1.88681519396753,0.01,0.01,1.16645760275845,0.01,0,0.01,0,1.44811010648674,0.01,0,0,0,0,4.38470310303141,4.86246840824109,4.50593155296309,4.74123995830941,0,0,0,0,1,0,0,0,0,1,0,0,0,0,0,1,0,1,0,0
426,-0.0517365595430552,0.0613265755015356,0.0496172658000496,0.130000001127386,-0.0116312909123894,0.0426672306163009,-0.00999999840102982,-0.0515014778615753,0.0451770219485731,0.600744976862077,-5.19743040188729e-07,-5.27983392723056e-07,0.799464943360206,-0.0362887406688464,0.00334104952302126,0.0519972971340797,-0.0414177201005512,0.0215127009699654,1.45500478053083e-05,1.18366189099324e-09,-0.045879661418992,-0.0403187674039502,1.30018740302223e-09,0.0374441720385985,-2.51353608986839e-05,-0.00020975275822785,-0.000204852121787971,0.441371517904444,-0.0199902469374044,0.0271050110253398,-2.70929427528461e-06,0.287125636248931,-0.400000978081642,0.19472161526392,0.40000048779594,0.205389339961836,0.249999968096281,0.400000706602529,0.399999316230752,0.250000053897488,0.115241450842298,0.162373300746424,0.166088411726551,0.111517411666348,0,0,0,0,0.01,1.16289420659813,0.01,0.01,0,0.01,0,0.2684873899498,0.621736432377838,0,1.8798838842095,0.01,0.01,1.1192653715259,0.01,0,0.01,0,1.47251441397601,0.01,0,0,0,0,4.36195129054417,4.83238850972803,4.48451265609463,4.70982714417757,0,0,0,0,1,0,1,0,0,1,0,0,0,0,0,1,0,1,0,0
427,-0.052206251844282,0.0617242743197293,0.0496173788126991,0.13000000010126,-0.0126424796740795,0.0418545338542565,-0.00999999986308859,-0.0509193287712269,0.0451765445800351,0.598732591857525,-1.67272868296265e-06,1.82891226996055e-06,0.800973184458144,-0.0365157573469779,0.00380383386874395,0.0519972846802265,-0.00964455565234957,0.0160078564971919,3.83957996707267e-06,-1.22753458176648e-13,-0.0551925868854121,-0.0409478107133142,1.46526466664347e-10,0.0197699206770473,-2.32566456999905e-05,-0.000318107876851309,0.000132874071382813,0.103549032362717,-0.00466156284945972,0.0173234471725758,-1.15320100110924e-06,0.270489882025403,-0.39999999999993,0.223568276698527,0.399999999999919,0.39999999999987,0.249999999999985,0.399999999999831,0.400000000000042,0.250000000000006,0.125975756036762,0.158534571452262,0.122502847703427,0.161632167992035,0,0,0,0,0.01,1.15519948918099,0.01,0.01,0,0.01,0.0893930935245438,0.296383486570767,0.611348899236184,0,1.96629424250721,0.01,0,1.3557868504962,0.01,0,0.01,1.50017879743637,1.64819457714272,0.01,0,0,0,0,4.37564703421095,4.7602211579641,4.41513748490126,4.72073070727379,0,0,0,0,1,0,0,0,0,1,0,0,1,0,0,1,0,0,0,0
428,-0.0522001094891185,0.0618241466578181,0.0496197368860607,0.130000000210442,-0.0143727406925027,0.0408329927921642,-0.00999999969382977,-0.0508193801401589,0.0451749743434694,0.598745808090103,8.4284446616918e-06,-1.34390392642406e-06,0.800963305445955,-0.0365138169482027,0.00390486620774162,0.0519974634444307,0.000162519679353789,0.000346409289363397,-0.000122101891680235,5.43099447686818e-11,-0.0749999999303794,-0.0499999999715693,-1.38655329076834e-09,0.000157211245790898,0.000101832514689761,-0.00330378105834539,-5.9483567854769e-05,-0.000805014410414418,6.66647096999781e-05,0.000188631511872805,-1.45764486125414e-05,0.220464203389766,-0.399999994393448,0.2059242639291,0.4000000223539,0.400000028681541,0.250000011704838,0.400000026362176,0.400000020599337,0.24999996533765,0.0626928666693279,0.215337245765062,0.137919520491397,0.140971655777015,0,0,0,0,0.01,1.14599468723368,0.01,0.01,0,0.01,0,0.272409604650512,0.553861409215101,0,1.92197159553996,0.01,0.01,1.35836893185537,0.01,0,0.01,1.58004066557491,1.6398207366536,0.01,0,0,0,0,4.33775788090437,4.70504251329368,4.37090953176331,4.67189086243474,0,0,0,0,1,0,1,0,0,1,0,0,0,0,0,1,0,0,0,0
429,-0.0521988872193989,0.0618266988786078,0.0496205691413904,0.13000000021277,-0.0160853904881836,0.0399999999432459,-0.00999999972852769,-0.0508187081907184,0.0451745564620514,0.598746862293189,5.60589845032608e-06,-8.93966753514423e-07,0.800962517423003,-0.0365135276870035,0.00390583144094441,0.0519974670836713,8.66540200127411e-05,0.000117548248240275,2.25518392951398e-05,8.75939273723855e-11,-0.074999999948347,2.09434358633835e-11,-1.45076752543054e-10,9.13501794974706e-05,5.04274234662803e-06,-0.000804040009847472,0.000121282600844858,-0.000144146283830597,2.81971785711621e-05,8.01117534268038e-05,6.18652191246634e-06,0.268567651166985,-0.399999998995098,0.21288409616352,0.400000036075666,0.40000002128831,0.250000008642119,0.400000035889562,0.400000022174578,0.250000007037345,0.128152545045397,0.164885583231085,0.121985022282369,0.171042501826604,0,0,0,0,0.01,1.14620696300349,0.01,0.01,0,0.01,0.0737077034902731,0.301118938425461,0.535432563133394,0,1.9276364121961,0.01,0,1.37667766435821,0.01,0,0.01,1.55786284558817,1.61099128888844,0.01,0,0,0,0,4.30822032149097,4.67291782538595,4.35295560792843,4.62818253894849,0,0,0,0,1,0,0,0,0,1,0,0,1,0,0,1,0,0,0,0
430,-0.0521955695993376,0.0618273651811027,0.0496218523773693,0.130000000190527,-0.0178065483099533,0.0399999999264605,-0.00999999975769219,-0.0508184817236464,0.0451737022048927,0.598750916877912,7.10849888076687e-06,-1.03146636490208e-06,0.800959486446445,-0.0365125778535494,0.00390635052421483,0.0519974634523497,0.000154914502884392,3.11087589657876e-05,7.50710982870512e-05,7.68643750826609e-11,-0.0749999999633637,3.91282692230567e-11,2.10808593792771e-10,-1.57466429440534e-05,-5.50335007026444e-05,0.000419317794607483,-6.38376033092526e-05,-0.000499222490117076,4.0318232048527e-05,9.50842906008395e-06,-2.33977703929001e-06,0.237885347204163,-0.39999999512392,0.204552983055786,0.400000031659037,0.400000015099247,0.250000016134861,0.40000003048525,0.400000018212645,0.250000005599503,0.0866042880572468,0.197241380124456,0.140610569906672,0.14322726456372,0,0,0,0,0.01,1.14630442064322,0.01,0.01,0,0.01,0,0.251836299451298,0.517684438617739,0,1.89187851608174,0.01,0.01,1.35440198774763,0.01,0,0.01,1.57925525548412,1.62025012773946,0.01,0,0,0,0,4.24305030623878,4.605786389873,4.25050929130104,4.59832740481074,0,0,0,0,1,0,1,0,0,1,0,0,0,0,0,1,0,0,0,0
431,-0.0521929848155962,0.0618285180681501,0.0496229556902946,0.130000000143317,-0.0195276530263341,0.039999999203946,-0.00999999981469846,-0.0508182344641245,0.0451730088098465,0.598753960376162,6.90610384870492e-06,-1.24165583224285e-06,0.800957211275103,-0.0365118635012307,0.00390691269457239,0.0519974651330497,0.000131136813318385,5.58729535848837e-05,5.51752088710878e-05,3.71621960678568e-11,-0.0749999999833871,8.45242465402184e-11,3.32409237420221e-11,1.4426018640869e-05,-3.43478767732039e-05,-1.2576630452472e-05,5.4936827441103e-06,-0.000381550534563613,3.69574156421554e-05,2.88225796834764e-05,4.62339838696236e-07,0.241830734238633,-0.399999996194437,0.206820124123335,0.400000015262445,0.400000006846917,0.250000034840843,0.400000014629708,0.40000000853724,0.250000002863384,0.0920932927069414,0.192959228904351,0.138571494476714,0.146408398921734,0,0,0,0,0.01,1.14645968727612,0.01,0.01,0,0.01,0,0.251100321672413,0.510950779454254,0,1.88126828175727,0.01,0.01,1.35063515042663,0.01,0,0.01,1.57479322486105,1.61048560873206,0.01,0,0,0,0,4.20228381723224,4.56607296661271,4.20940125751635,4.5589555263286,0,0,0,0,1,0,1,0,0,1,0,0,0,0,0,1,0,0,0,0
432,-0.0521902040095413,0.0618304334502043,0.0496240946491116,0.130000000192399,-0.0212504963101044,0.0399999999367023,-0.00999999975536941,-0.0508176081832648,0.0451723885320236,0.598757356349187,6.32783358684414e-06,-5.50096630682584e-07,0.800954672640901,-0.0365111221414628,0.00390787194870964,0.0519974652066424,0.000143545745433509,9.99914712141731e-05,4.71616120868972e-05,6.26551701253293e-11,-0.0749999999624313,3.64157590782386e-11,-4.78299393926395e-11,4.97806068580708e-05,-2.06017596957007e-05,-0.000324025362930273,4.31155779596441e-05,-0.000422810828043357,3.95465222610024e-05,6.01588692028822e-05,9.22386224165615e-07,0.238842661786228,-0.400000003335555,0.216852465740477,0.400000025806248,0.400000015488355,0.250000015019235,0.400000026503651,0.400000013876184,0.249999988125538,0.0882254341778733,0.195909983021626,0.130569850370113,0.15350464764524,0,0,0,0,0.01,1.14661200029026,0.01,0.01,0,0.01,0,0.270346881198607,0.531643917631526,0,1.87943136865684,0.01,0.01,1.33399732813932,0.01,0,0.01,1.55325272249209,1.59529436486825,0.01,0,0,0,0,4.17694158822843,4.54286272164246,4.21891992945015,4.50088438042074,0,0,0,0,1,0,1,0,0,1,0,0,0,0,0,1,0,0,0,0
433,-0.0521874848343677,0.0618355678349922,0.0496255163992751,0.130000000101216,-0.0229703652312668,0.0399999999880699,-0.00999999986555364,-0.050814931716922,0.0451720214319854,0.598760748970853,3.65105017369143e-06,1.43152843113153e-06,0.800952136434035,-0.0365105810658583,0.00391092404185744,0.0519974671989814,0.000155166860475168,0.000177902748821423,7.7614100029883e-05,-1.62709367994118e-13,-0.0750000000003038,-5.61790500630337e-14,-1.07505251520028e-10,0.000133271352893859,-1.61724136078802e-05,-0.000317530558366304,5.38643813479253e-05,-0.000392416179699292,3.07264809441168e-05,0.000138227761482943,5.67293919741001e-06,0.244408819625513,-0.399999999999937,0.231544578964786,0.3999999999999,0.399999999999875,0.249999999999991,0.399999999999838,0.400000000000038,0.250000000000001,0.0961766765348625,0.18976284844085,0.12610789367855,0.159469628333961,0,0,0,0,0.01,1.14678142160807,0.01,0.01,0,0.01,0,0.277865501375292,0.529650576529081,0,1.88256960760292,0.01,0,1.35102959773255,0.01,0,0.01,1.55159514957263,1.58591931552755,0.01,0,0,0,0,4.11588818252109,4.49110189056444,4.1285550740879,4.47843499899763,0,0,0,0,1,0,1,0,0,1,0,0,1,0,0,1,0,0,0,0
434,-0.0521820205807164,0.0618396214661983,0.0496279020947764,0.130000000101206,-0.0247027223735108,0.0399999999880781,-0.00999999986623583,-0.0508124941247522,0.04517127745424,0.598767809728125,4.27524621688441e-06,1.82467818804798e-06,0.800946858033655,-0.0365095213680655,0.00391382573750703,0.0519974641941822,0.000270759863131355,0.000209183916090055,0.000118585864693655,-2.12153837400517e-13,-0.0750000000002964,-2.22187616014431e-14,4.86465357868086e-12,0.000120764681641979,-3.63958772614863e-05,1.24790385286321e-05,-2.10656847181411e-06,-0.000880234067598817,5.10245211463776e-05,0.000145474051688158,-8.02988345333392e-07,0.241651126610038,-0.399999999999939,0.232385044096055,0.399999999999898,0.399999999999878,0.249999999999991,0.399999999999841,0.400000000000036,0.250000000000001,0.0929024385179179,0.192222505110438,0.122647156556872,0.162140070089437,0,0,0,0,0.01,1.1468998978639,0.01,0.01,0,0.01,0,0.277065749977138,0.522615035484682,0,1.87069889457123,0.01,0.01,1.34677553287777,0.01,0,0.01,1.54517346427058,1.57627620635838,0.01,0,0,0,0,4.07609580248319,4.45230711109961,4.08890677736735,4.43949613621545,0,0,0,0,1,0,1,0,0,1,0,0,0,0,0,1,0,0,0,0
435,-0.052176419256393,0.0618469911126872,0.0496305144838186,0.130000000101196,-0.026431176636271,0.0399999999880811,-0.00999999986780572,-0.0508076085347511,0.0451707151225049,0.598776237531295,3.08639557106152e-06,2.46332624216841e-06,0.800940557554391,-0.0365084467505406,0.00391930582017038,0.0519974661206591,0.000287949205318823,0.000333671834631741,0.000139675282660039,-2.13181290873083e-13,-0.0750000000002896,-2.17564004040059e-14,-3.2319184170451e-11,0.000235790605888009,-3.13467779247953e-05,-3.93006369644521e-06,-1.93542682969587e-05,-0.00105082610216309,5.4100970731317e-05,0.000264969222384815,2.98657142194423e-06,0.245269653133945,-0.39999999999994,0.23523362257759,0.399999999999896,0.399999999999881,0.249999999999992,0.399999999999843,0.400000000000035,0.250000000000001,0.0983222921625716,0.187829344898451,0.121336528017649,0.164526884422365,0,0,0,0,0.01,1.14707141309931,0.01,0.01,0,0.01,0,0.27594509438562,0.516225202130458,0,1.86194990106104,0.01,0.01,1.34346353667787,0.01,0,0.01,1.54135595043214,1.5684757308175,0.01,0,0,0,0,4.03476305744991,4.41186904972522,4.04776427753739,4.39886782963774,0,0,0,0,1,0,1,0,0,1,0,0,0,0,0,1,0,0,0,0
436,-0.0521616965254385,0.0618707060352543,0.0496355630319735,0.130000000101192,-0.0281612595031359,0.039999999988076,-0.00999999986897528,-0.0507893238821076,0.0451700570696479,0.598809395534094,2.77031006361873e-06,2.85544353008159e-06,0.800915767854245,-0.0365046025883224,0.00393962894191313,0.0519974656940735,0.00100732960469582,0.00182317613334169,0.000276337722209843,-2.34517503119668e-13,-0.0750000000002829,-2.09500559147618e-14,-8.90981847215021e-12,0.00146589078134842,-3.4842627809846e-05,4.28740925899084e-05,-1.06655780844295e-05,-0.00673217571716668,0.000309386132773703,0.00162722650639944,1.96708481268197e-06,0.243582447047068,-0.399999999999939,0.230889114300756,0.399999999999891,0.399999999999883,0.249999999999992,0.399999999999842,0.400000000000037,0.250000000000002,0.0992210594517631,0.186058482284332,0.122138976822254,0.162863049158633,0,0,0,0,0.01,1.14829303948371,0.01,0.01,0,0.01,0,0.262868242760832,0.501876105409546,0,1.84103189071973,0.01,0.01,1.33184127082438,0.01,0,0.01,1.53727041848295,1.55639753122835,0.01,0,0,0,0,3.9902388755906,4.36496873449825,4.00280609126396,4.3524015188249,0,0,0,0,1,0,1,0,0,1,0,0,0,0,0,1,0,0,0,0
437,-0.0521312158191396,0.0619285469050282,0.0496433790598808,0.130000000752438,-0.029892295091467,0.0399999999760487,-0.00999999918933127,-0.0507424363711885,0.045169353153417,0.598893664916678,2.73818961305629e-06,2.85274823619614e-06,0.800852756990622,-0.0364949974519035,0.00399154655575964,0.0519974646186101,0.00196010933728326,0.00392821564135148,0.000432792161983663,6.2260785517757e-11,-0.0749999995129332,-1.35503591762896e-12,7.69181154446747e-11,0.00322092943376488,-3.53309457598416e-05,1.25210083196664e-05,-1.46099344830857e-07,-0.0145727160185357,0.000663413211222821,0.00356741075881862,4.81838554080096e-07,0.23565962295638,-0.399999841837563,0.238229028499659,0.400000025643948,0.400000200741341,0.249999999442666,0.400000032539589,0.400000177250685,0.249999829612389,0.0937598318988633,0.188493955183492,0.0990703799512459,0.183186489263774,0,0,0,0,0.01,1.14719111995749,0.01,0.01,0,0.01,0,0.340550538730077,0.355172918478177,0.0685043762930046,1.57641972037276,0.01,0.01,1.16082610005396,0.01,0.0871825298767938,0,1.23607857915184,0,0.01,0,0,0,0,3.93044984401338,4.33350148852801,4.03425984727435,4.22969148526704,0,0,0,0,1,0,1,0,0,0,0,0,0,0,0,0,1,0,1,0
438,-0.0518691843780462,0.0620024590012769,0.0496898403774064,0.130000000176098,-0.0315271566574705,0.039999999994109,-0.0100000084045239,-0.0507530529626202,0.0451684696071348,0.599444992157673,6.938192228724e-06,-1.86036647504296e-06,0.8004401684628,-0.0364310637994858,0.00401322394033328,0.0519975617414714,0.0218882332362357,0.00563166198432484,0.00443444936983616,1.23894776644832e-10,-0.0749999999544844,-1.58458903940624e-11,2.68924492224619e-10,-0.00164207638448138,-1.62901099022368e-05,-1.38119756161166e-05,-5.47484780830958e-05,-0.0985538240009003,0.00454427756042175,0.000703719024436859,2.68436034147814e-06,0.186599317978676,-0.40000003655474,0.250000080432675,0.400000051005185,0.400000018759071,0.249999993457625,0.400000057747808,0.399999984935817,0.249999974600026,0.075573225989393,0.21641489427117,0.0776091401846861,0.176773164106545,0,0,0,0,0.01,1.14499939577995,0.01,0.01,0,0.0266639430124333,0,0.383483971806084,0.35154518102345,0.0839591096579314,1.60590357075203,0.01,0.01,1.21807766438626,0.01,0.11504012559872,0,1.27537364536999,0,0.01,0,0,0,0,3.8840725324499,4.29489976966774,3.99146390049104,4.1875084016266,0,0,0,0,1,0,1,0,0,0,0,0,0,0,0,0,1,0,1,0
439,-0.0517308102218952,0.0620450533970318,0.0497105060915054,0.130000000135589,-0.0331470424876045,0.0399999995438938,-0.010000008598907,-0.0507607045920258,0.0451680258235436,0.599850312671187,7.76894841204337e-06,-1.72542569043154e-06,0.800136467397043,-0.0363841111294827,0.00403028119423242,0.0519975936479062,0.000174261515537786,0.000288688010421375,-9.1154113787834e-05,4.09465608711837e-11,-0.0749999999788214,-1.39761726964445e-11,-1.11818028217069e-09,0.000134030233242617,0.000113148938580128,-0.00296331117180919,5.45111666697707e-05,-0.000843805600513151,7.26921563384023e-05,0.000159565808775742,-2.1444108213805e-06,0.243595606995281,-0.400000002296516,0.250000045086333,0.400000016916291,0.40000000872856,0.249999994242418,0.400000017135537,0.400000001877523,0.249999995075396,0.119799783144393,0.171475976836675,0.107915364400149,0.172370385884853,0,0,0,0,0.01,1.14619129909015,0.01,0.01,0.447273597399297,0.01,0,0.216675931645965,0,0.191682712839794,1.63925106311107,0.01,0.01,1.24699831872097,0.01,0.113195895871874,0,1.48129077043797,1.3908272024806,0.01,0,0,0,0,3.88309685694927,4.26378460643933,3.94923958405155,4.19764187933704,0,0,0,0,0,0,1,0,1,0,0,0,0,0,0,0,1,0,0,0
440,-0.0517162121581539,0.0622273099332796,0.0497378864150348,0.130000000167678,-0.0349067516603876,0.0400000003059786,-0.0100000022484879,-0.0505873756607076,0.0451679467975266,0.599802951586962,1.17966000580064e-06,1.98364734369609e-06,0.800171971261053,-0.0363896285355093,0.00420153189657453,0.0519974784957926,0.000855431776951492,0.0165182346101531,0.00189405859398065,1.10024439140069e-10,-0.0749999999274383,1.35248311351715e-11,4.15544928067334e-10,0.0164424278492697,-0.000109372599920061,0.000243342216360306,0.000375542235068677,0.00996972666070254,-0.0004251180668933,0.0161355997645722,-5.29075438502557e-05,0.0855420815580105,-0.248309675531838,0.250000001162656,0.400000045376965,0.400000029905665,0.250000005585798,0.400000049019673,0.4000000022386,0.24999998832207,0.239300886300438,0.13792267091752,0,0,0,0,0,0,0.01,1.24429686209374,0.01,0.01,0,0.01,0,0.033960117013007,0,0.35213771776514,1.41706971317479,0.01,0.01,0.876089610676332,0.01,0,0.01,1.25515072106039,0,0.01,0,0,1,1.15699400789289,3.6309720140972,4.07359810758369,3.74908587178184,3.95548424989905,0,0,0,0,1,0,1,0,1,0,0,0,0,0,0,1,0,0,1,0
441,-0.0512883707245509,0.0626168961122563,0.0498494443533285,0.130000000144253,-0.0364913622232575,0.0400000006282286,-0.0100000008237521,-0.050335488583074,0.0451679356575521,0.600548011799193,2.51028106797468e-06,3.91979603444435e-06,0.799612940685572,-0.036305068056979,0.0044968363266684,0.0519975938383903,0.0397384046107393,0.0233817147766484,0.011207177907813,4.7022413462442e-11,-0.074999999966112,3.9961889654538e-11,-1.32544271281023e-10,0.0106351373480604,-8.85186475144084e-06,-2.40484625833207e-05,0.000126861337997133,-0.139653299981462,0.00632045426103651,0.0139367830560585,-1.83003817146427e-06,0.0573238058066668,-0.334697206035504,0.250000000129291,0.400000019418965,0.400000013966621,0.250000016479059,0.400000019900634,0.400000005850923,0.249999984666004,0.231328139653696,0.182091461023145,0,0,0,0,0,0,0.01,1.24008648166589,0.01,0.01,0,0.01,0,0.0742074974635052,0,0,1.36407681862481,0.01,0.01,0.903459201673372,0.01,0,0.01,1.22846006878714,0,0.01,0,0,1,1.16360977029508,3.66097552899464,4.11089974837141,3.8034056324462,3.96846964491986,0,0,0,0,1,0,1,0,1,1,0,0,0,0,0,1,0,0,1,0
442,-0.0500612611075481,0.0636673867061356,0.05040150790259,0.130000000126634,-0.038091692002223,0.0399999999939384,-0.00999999976456098,-0.0496431731076242,0.045168927724905,0.600341394902367,-3.92350191962693e-06,3.95595348463979e-06,0.799768079904087,-0.0363288497876951,0.00517836125848817,0.0519976253595982,0.0750000000002984,0.0749999997617239,0.043889307897775,8.95238950500932e-11,-0.0749999999808701,-2.14629274010202e-11,8.63768332540353e-10,0.0576215630733795,-9.44372870559829e-06,0.000547869547182653,2.24908200565302e-05,0.11927280304269,-0.00532849388571156,0.0545802071497074,-3.40063659706092e-06,0.126918274203785,-0.400000098225298,0.224999293065119,0.400000036930202,0.389486634569796,0.249999991143736,0.400000046693439,0.399999917374524,0.249999998474421,0,0,0.0946179976804303,0,0,0,0,0,0.01,1.27646440445355,0.01,0.01,0,0.01,0,0.0922345604436061,0,0.227086434915429,1.39059922607789,0.01,0.01,0.83577945197489,0.01,0,0.01,1.19396804131132,0,0.01,1,1,0,1,3.69008823523732,4.16836296139246,3.82273568276516,4.03571551386462,0,0,0,0,1,0,1,0,1,0,0,0,0,0,0,1,0,0,1,0
443,-0.0497337227799192,0.0646168509930458,0.0505777484527461,0.130000000102818,-0.0397325127766028,0.0399999999929,-0.0099999997630263,-0.0487823272256766,0.0451689385333867,0.600381124764756,-7.26740367302526e-06,5.74695629600459e-06,0.799738257403911,-0.0363235508813649,0.00603965693070679,0.0519971870756121,-0.0119722460947011,0.0250825935710648,0.000253305068803237,1.77172125230548e-12,-0.074999999990239,-1.72143388813378e-11,-7.77743944481122e-10,0.0293623891236147,1.58642065046806e-05,0.00309857497063374,-0.000159060995495491,0.126851869142123,-0.00575024409758328,0.026473437444805,0.000147946692908234,0.20836345340333,-0.399999995430943,0.250000042163612,0.400000000759007,0.387334122209991,0.249999992912635,0.400000000660686,0.400000002211685,0.249999997766019,0,0,0.112232591419791,0,0,0,0,0,0.01,1.25406741231404,0.01,0.01,0.226143705153416,0.01,0,0.0797000272618612,0.15355733310554,0,1.36910122479943,0.01,0.01,0.879476045338965,0.01,0,0.01,1.2251528757853,0,0.01,1,1,0,1,3.72426103323249,4.19949712631027,3.87144653060426,4.0523116289385,0,0,0,0,0,0,1,0,0,1,0,0,0,0,0,1,0,0,1,0
444,-0.0494044046363952,0.0658703372305183,0.0502171061261515,0.130000000101184,-0.0413757697341182,0.0399999999885078,-0.00999999990281996,-0.0476055074844206,0.0451687940630184,0.598599448982082,-6.84308690790645e-06,6.23566507788184e-06,0.801072718947618,-0.0365248875246128,0.00711190116889263,0.0519970878397633,0.0314490597629943,0.0750000000001306,-0.0327731070045955,-2.68729286077982e-13,-0.0749999999999938,5.74934688494064e-15,1.55124058261651e-08,0.07500000000004,-0.000236717691059815,0.0027081543817066,0.00253818909830611,0.232665075588759,-0.0101995132481629,0.073898049433493,-5.68343033586393e-05,0.0674918986039807,-0.399999999999946,0.250000000000016,0.399999999999921,0.134051864731981,0.191881329317572,0.399999999999916,0.400000000000017,0.249999999999976,0.31140487106141,0,0.199075013090878,0,0,0,0,0,0.01,1.29016681652876,0.01,0.01,0,0.042185073844175,0,0.178399585058385,0,0.14450832421239,1.18552854140355,0.01,0.01,0.587770689414363,0.01,0,0.01,0,0,0.01,0,1.01534106716892,0,1,3.6607264658499,4.25992439858222,3.87932135556555,4.04132950886657,0,0,0,0,1,0,1,0,1,0,0,0,0,0,0,1,0,1,1,0
445,-0.0484693012192491,0.0671614827270396,0.0498597009727888,0.130000000101161,-0.0415686214115008,0.0405406893268105,-0.00999999989736225,-0.0465977349737869,0.0451696461814023,0.59992767968785,-3.21079999718454e-06,9.23204553589998e-06,0.800078501675322,-0.036374573720897,0.00819756847150289,0.051997378487883,0.0639111099821613,0.0512471313299075,-0.0102748836401901,-3.31564724148234e-13,0.0550645208912333,0.0500000000000009,-4.43429289597792e-10,0.0304140868298401,5.24127873370462e-05,-2.72011491262798e-05,0.000320962311505154,-0.404709782639303,0.0182871161259975,0.0400044353825284,2.394886449516e-05,0.0485296690715416,-0.399999999999896,0.25,0.399999999999887,0.237363753717193,0.230991751970982,0.399999999999865,0.40000000000004,0.249999999999997,0,0,0.110431555280321,0,0,0,0,0,0.01,1.25911747183292,0.01,0.01,0.395607082019737,0.01,0,0.147655310628113,0.202513310327916,0,1.36540852956313,0.01,0.01,0.90275699707274,0.01,0,0.01,1.22988132035995,0,0.01,1,1,0,1,3.74905043334781,4.24211273482992,3.92286142514712,4.06830174303061,0,0,0,0,0,0,1,0,0,1,0,0,0,0,0,1,0,0,1,0
446,-0.0473737957114467,0.0686278270050959,0.0493632509607749,0.130000000101152,-0.0425812520595667,0.0410763773335792,-0.00999999991115519,-0.0454707448568449,0.045169312516479,0.60088458897936,-5.20825642725877e-06,7.14109608937795e-06,0.799360091151878,-0.0362668130869786,0.00938208433117937,0.0519971720668723,0.036786000045962,0.0750000000002419,-0.0339100027863821,-2.09531223087286e-13,-0.0749999999999996,0.00379976278804274,-6.50836628945807e-11,0.0721708206590363,-6.29335984371192e-05,0.00392779813958237,0.00135459216586469,0.00188920199703391,-0.000321386686167302,0.0729832492128497,0.000149758103926184,0.116801437735718,-0.3999999999999,0.250000000000003,0.399999999999889,0.346134493686845,0.249999999999998,0.399999999999866,0.400000000000038,0.25,0,0,0.118906972712416,0,0,0,0,0,0.01,1.29612330924425,0.01,0.01,0,0.01,0,0.106742333116138,0,0.14287067265627,1.35749575715691,0.01,0.01,0.821362373497494,0.01,0,0.01,1.14653171362083,0,0.01,1,1,0,1,3.77067140978689,4.29463302432904,3.9517922129154,4.11351222120052,0,0,0,0,1,0,1,0,1,0,0,0,0,0,0,1,0,0,1,0
447,-0.0472083081078629,0.0697130961066486,0.0491885944146249,0.130000000101164,-0.0442217828798398,0.0407297200372387,-0.00999999989852416,-0.0444275300247313,0.0451696469678548,0.601120013581391,-6.56933064856518e-06,7.54175903005259e-06,0.799183067361154,-0.0362396569191912,0.0104379567399973,0.0519972160581538,-0.00424802418258108,0.0339771440881528,8.170699022286e-05,-1.96725329163368e-13,-0.0749999999999992,-0.0382552771179022,-5.38572137960949e-10,0.035278287521894,5.99114597552109e-05,0.000894758845913312,-0.000461132404006984,0.0445905644939088,-0.00203822395288218,0.034326158661284,8.21309564634665e-05,0.150739745983391,-0.3999999999999,0.250000000000002,0.399999999999891,0.346900027041358,0.249999999999996,0.399999999999866,0.400000000000039,0.249999999999996,0,0,0.121225306203268,0,0,0,0,0,0.01,1.26342169784434,0.01,0.01,0,0.01,0,0.103867282694016,0.183292969639217,0,1.34481113665444,0.01,0.01,0.863896999786879,0.01,0,0.01,1.18393547981951,0,0.01,1,1,0,1,3.81514601365796,4.33212707226601,3.99536974971537,4.1519033362086,0,0,0,0,1,0,1,0,0,1,0,0,0,0,0,1,0,0,1,0
448,-0.047226511782879,0.0704808657317292,0.0491845005219408,0.130000000101179,-0.0458667475416036,0.0400317791722182,-0.00999999990638995,-0.0436578350289091,0.0451696496743,0.601026939380899,-5.5798257696126e-06,7.47741124608668e-06,0.799253066454709,-0.036250473573464,0.0112032298008482,0.0519972291132799,0.00125234021140261,0.0422594004683814,-0.000164546035277672,-1.92579788613703e-13,-0.0749999999999987,-0.0315722229578211,2.60479677714464e-10,0.0419347617245268,-2.21140007107848e-05,0.000282532929259875,0.000185525178104704,-0.0107595503774162,0.000501711502368498,0.0421401479640877,-9.61891434638555e-06,0.134446378544407,-0.399999999999902,0.250000000000002,0.399999999999894,0.334628425877946,0.249999999999974,0.399999999999866,0.400000000000038,0.249999999999996,0,0,0.120139090081405,0,0,0,0,0,0.01,1.27060163182156,0.01,0.01,0,0.01,0,0.106003492708472,0.193756050350769,0,1.34325411058514,0.01,0.01,0.860094248073327,0.01,0,0.01,1.1793732389105,0,0.01,1,1,0,1,3.85465879686412,4.38755382011604,4.052241117325,4.18997149965516,0,0,0,0,1,0,1,0,0,1,0,0,0,0,0,1,0,0,1,0
449,-0.0471868093496579,0.0712871814418421,0.0491828959000974,0.130000000097925,-0.0475146080722137,0.0401878674493354,-0.00999999952388278,-0.0428634166695031,0.045169692039787,0.601185120722866,-5.3865741382042e-06,7.72889319206795e-06,0.799134091981708,-0.0362324116435309,0.0120066453162257,0.0519972064620695,0.00249629620000279,0.0384414808164525,-7.97148285125981e-05,1.67355761874469e-11,-0.0749999999807444,0.0205681908069069,-6.26683294395886e-11,0.0375905963033067,8.55497911484826e-06,-6.10989061681683e-05,-1.97195959126882e-05,-0.0254114858587783,0.00114908327131882,0.0382007138357179,1.821249338207e-06,0.124525678182577,-0.400000022978133,0.250000007464344,0.400000006870841,0.330347761113701,0.249999999405596,0.400000007187652,0.399999980985047,0.249999999109072,0,0,0.118698361551172,0,0,0,0,0,0.01,1.26837241110069,0.01,0.01,0,0.01,0,0.113825790323609,0,0,1.33573692617332,0.01,0.01,0.863532563895794,0.01,0,0.01,1.1786378300431,0,0.01,1,1,0,1,3.90461333782187,4.44170945885783,4.11362918620478,4.23269361047494,0,0,0,0,1,0,1,0,1,1,0,0,0,0,0,1,0,0,1,0
450,-0.0471423386829147,0.0718332907900437,0.0491819735293423,0.130000000101199,-0.0491548890458667,0.0401349210948389,-0.00999999990163325,-0.0423300858833295,0.0451702112479514,0.601365568461142,-5.85837690997244e-06,8.01395068027703e-06,0.798998310149234,-0.0362117187610547,0.0125502083837862,0.0519973182661142,0.00167950870679531,0.0164180110400234,-6.88282439317715e-05,-1.63085767229057e-13,-0.0749999999999999,-0.0256318181619046,-5.81584851587906e-11,0.0158432223317629,3.10096705331018e-05,-0.000357744447769566,-4.75905958303545e-05,-0.0171719888040815,0.000781025951343101,0.0162599398319772,-3.31009609731987e-06,0.118240768381583,-0.399999999999918,0.250000000000002,0.399999999999906,0.372988333169663,0.249999999999975,0.399999999999875,0.400000000000028,0.249999999999996,0,0,0.120227791751937,0,0,0,0,0,0.01,1.25014753035294,0.01,0.01,0,0.01,0,0.125756860120148,0,0,1.35412987141081,0.01,0.01,0.896933795038731,0.01,0,0.01,1.22121109429907,0,0.01,1,1,0,1,3.97073563593081,4.4752148554714,4.15387736499513,4.29207312640708,0,0,0,0,1,0,1,0,1,1,0,0,0,0,0,1,0,0,1,0
451,-0.0471237847891912,0.0722167121110819,0.0491792368725557,0.13000000010598,-0.0507774520883711,0.0400585814907493,-0.00999999912827963,-0.0419556190470331,0.0451705643066594,0.601433377499086,-6.25238688300145e-06,7.71257088054749e-06,0.798947269282065,-0.0362041763652514,0.0129293205768496,0.0519973109757752,0.000625396692943183,0.0217189601362051,-9.70881391398384e-05,3.20527636916108e-11,-0.0749999998579587,0.00862389065842214,1.76466808170122e-10,0.0215695121526678,-2.39778699612151e-06,0.000286784768268983,0.000111375033661204,-0.00512975203801969,0.000243792580137535,0.0216599165578224,-3.96558344032744e-06,0.110182710571687,-0.400000015694994,0.250000005946515,0.400000013184089,0.400000058524351,0.249999999342619,0.400000008134968,0.399999987797708,0.249999999705803,0,0,0.117245798033385,0,0,0,0,0,0.01,1.25529969746806,0.01,0.01,0,0.01,0,0.128850019063493,0,0,1.34968997882441,0.01,0.01,0.892466216779013,0.01,0,0.01,1.214970714992,0,0.01,1,1,0,1,4.02341171898801,4.51570972419755,4.20621557722952,4.33290586595605,0,0,0,0,1,0,1,0,1,1,0,0,0,0,0,1,0,0,1,0
452,-0.0471011173049138,0.0726065851355787,0.0491777633261026,0.130000000101234,-0.0523786538247825,0.0399999999886436,-0.00999999990274769,-0.0415720908488463,0.0451708967540369,0.601520366682242,-6.06372752387493e-06,7.94832002903441e-06,0.798881777938417,-0.0361941550293062,0.0133177152797417,0.05199730611663,0.00131325180189963,0.0173220507588326,-7.72791454571152e-05,-1.44117249536499e-13,-0.0749999999999946,-6.86033056669559e-14,-6.0589503938714e-11,0.0168705592399884,2.25108476701668e-05,-9.23150588885647e-05,-2.35791079940835e-05,-0.012978403991184,0.000588721910180901,0.0171865916206559,6.90570773247346e-07,0.0685477051799146,-0.399999999999915,0.250000000000008,0.399999999999912,0.400000000000002,0.249999999999979,0.39999999999988,0.400000000000033,0.250000000000001,0.155661738006814,0.31264236521372,0.35745662256286,0,0,0,0,0,0.01,1.25239023214567,0.01,0.01,0,0.01,0,0.12695877047808,0.190823667455216,0,1.38949353824466,0.01,0.01,0.913334646276013,0.01,0,0.01,1.23872478133175,0,0.01,0,0,0,1.08596865045899,4.06040959046864,4.54447919789592,4.20952969036918,4.39535909799538,0,0,0,0,1,0,1,0,0,1,0,0,0,0,0,1,0,0,1,0
453,-0.0471572034293275,0.0727739919512961,0.0491767932916629,0.130000000101245,-0.0539429238203761,0.0399999999889965,-0.00999999990737778,-0.0413850597184232,0.0451708426536247,0.601283063953302,-7.60823488168278e-06,4.54473936013707e-06,0.799060400859909,-0.0362208870232134,0.0134906169277489,0.0519972001298402,-0.00109873243557216,0.00148127357683779,-4.59706553169387e-05,-1.43985905836289e-13,-0.0749999999999946,-1.83321033045556e-14,1.0050699067181e-10,0.0018326328883607,1.06565487176347e-05,-2.83365824208045e-05,-1.29463832599668e-05,0.01143520052286,-0.00051414975194732,0.00157246847757088,5.83694833533995e-06,0.0718131540160435,-0.399999999999915,0.250000000000008,0.399999999999915,0.400000000000002,0.249999999999979,0.39999999999988,0.400000000000033,0.250000000000001,0.159047767438035,0.324466549225723,0,0,0,0,0,0,0.01,1.24080693185197,0.01,0.01,0,0.01,0,0.133590182485591,0.17082605248804,0,1.3980310342083,0.01,0.01,0.939153850373214,0.01,0,0.01,1.27235304530638,0,0.01,0,0,1,1.13501241096428,4.11034717312442,4.5881506071584,4.25754846155771,4.44094931872511,0,0,0,0,1,0,1,0,0,1,0,0,0,0,0,1,0,0,1,0
454,-0.0472587736611883,0.0732525901193269,0.0493876434481005,0.130000000101244,-0.0554997478164877,0.0399999999892691,-0.00999999990918404,-0.0408745732920237,0.0451707744371833,0.600488020051168,-2.59456456583913e-06,2.05467793063156e-06,0.7996580465422,-0.0363113176731563,0.0139557577098373,0.0519976644914329,-0.00975397996365438,0.0456088244924986,0.0190567603518043,-2.08319683135772e-13,-0.0750000000002565,-6.47388294911204e-15,4.71209456475319e-10,0.0493953221053108,-5.70844000199689e-05,0.000543934269509522,0.000351149265054299,0.189836505466842,-0.00855983926265671,0.0448349408080949,-2.76649945711906e-05,-0.0312123689172537,-0.399999999999912,0.25,0.399999999999888,0.399999999999894,0.25,0.399999999999862,0.400000000000028,0.249999999999997,0.11865650065937,0,0.214689971212186,0,0,0,0,0,0.01,1.28285408673384,0.01,0.01,0,0.01,0,0.0724620799143486,0,0,1.32677080509821,0.01,0.01,0.919447802957917,0.01,0,0.01,1.19378961737547,0,0.01,0,1,0,1,4.19222930590472,4.67541825832108,4.36079268734842,4.50685487687738,0,0,0,0,1,0,1,0,1,1,0,0,0,0,0,1,0,0,1,0
455,-0.0471003056772458,0.0738775754492121,0.0494079211134968,0.130000000093059,-0.0570309640335728,0.0400000001565931,-0.00999999983150095,-0.0402927101876359,0.0451710277143506,0.601052970727904,-1.17762527043856e-06,8.25789522248393e-06,0.799233500937709,-0.0362467413609616,0.0145691587149756,0.0519973729419954,0.0198241041529461,0.0178292607310208,-8.97282838309562e-05,1.8437810555729e-11,-0.0749999999585343,2.9929316514671e-12,-9.79999322333445e-10,0.0111773842129688,3.87030392591126e-05,-0.000718915074799403,0.000558822454912953,-0.207380427648167,0.00935866604598365,0.0161612949981241,-9.56901091223392e-07,-0.0946465331335414,-0.400000022589752,0.249999999126303,0.400000007567113,0.400000017082296,0.250000001230593,0.400000004283043,0.399999981491374,0.2499999981479,0.0588285044651354,0,0.191743907622868,0,0,0,0,0,0.01,1.25196526576036,0.01,0.01,0,0.01,0,0.165484764922704,0.187512851463718,0,1.4044757990947,0.01,0.01,0.963791135791754,0.01,0,0.01,1.28110735298529,0,0.01,0,1,0,1,4.25802169010014,4.71201100216848,4.39270958312743,4.57732310914119,0,0,0,0,1,0,1,0,0,1,0,0,0,0,0,1,0,0,1,0
456,-0.046778897232106,0.0742606030793353,0.0493592095112578,0.130000000101255,-0.0585716478657903,0.0399999999879596,-0.00999999990951723,-0.0400159686658552,0.0451711090343027,0.602028215184465,-3.31928211888802e-06,8.35802759623455e-06,0.798499153904215,-0.0361363906424567,0.0149038040644212,0.051997219237264,0.0135594791384238,0.0187382093976932,-0.00332626093662568,-3.19901932889918e-13,-0.0750000000002485,-7.9467399678803e-14,1.78101529626857e-10,0.0145893572550536,-1.58949880187516e-05,0.000129065460010804,2.28067587540276e-05,-0.0813580064179322,0.00369697051113799,0.0164547119283282,-1.21672066727286e-05,-0.0901589864998955,-0.399999999999915,0.249999999999999,0.399999999999892,0.399999999999898,0.249999999999979,0.399999999999868,0.400000000000029,0.250000000000001,0.0600136874010354,0,0.196575225499166,0,0,0,0,0,0.01,1.25562947014613,0.01,0.01,0,0.01,0,0.160295155503516,0.19093448087278,0,1.40800501711726,0.01,0.01,0.962939900665295,0.01,0,0.01,1.2805234235987,0,0.01,0,1,0,1,4.3036158939289,4.76986428316565,4.44391240925905,4.6295677678355,0,0,0,0,1,0,1,0,0,1,0,0,0,0,0,1,0,0,1,0
457,-0.046485831812572,0.0746226012479675,0.0492799317805288,0.13000000010126,-0.0601305207979081,0.0399999999882845,-0.00999999990826096,-0.0397436657911689,0.0451711121606293,0.602648262672605,-3.1522866560197e-06,8.3735913049624e-06,0.798031293359848,-0.0360659534887361,0.015212332130616,0.0519972033399592,0.0157277226939496,0.0174869159709708,-0.00472640736335956,-2.8131996157537e-13,-0.0749999999999955,-3.16101531535186e-14,-2.64465006752253e-11,0.0127162852908719,1.77710054283007e-06,3.29883543165799e-06,-5.66424146865673e-07,-0.0737200520189284,0.00334197775814711,0.0144390158508482,2.2360657431779e-07,-0.0283974474946399,-0.399999999999917,0.250000000000003,0.399999999999917,0.39007150164092,0.249999999999998,0.399999999999876,0.400000000000032,0.250000000000001,0.141719389376957,0,0.168445977430582,0,0,0,0,0,0.01,1.25495361209524,0.01,0.01,0,0.01,0.122160279986536,0.129162199107154,0.114995129224979,0,1.40189150608423,0.01,0.01,1.01626980765405,0.01,0,0.01,1.24986095978341,0,0.01,0,1,0,1,4.37184573683718,4.85756319462359,4.52867727829958,4.70073165316119,0,0,0,0,1,0,0,0,0,1,0,0,0,0,0,1,0,0,1,0
458,-0.0462955791747787,0.074908316310886,0.0492315956674882,0.130000000074066,-0.0616914483738374,0.0399999999899232,-0.00999999716228275,-0.0395166107886444,0.0451712620552669,0.60312845309627,-3.68375112371183e-06,8.31324629050249e-06,0.797668442780988,-0.0360113425921205,0.0154674203199623,0.0519972246157106,0.00450339131552275,0.0112728905243768,-0.00010810103526723,-3.28936787179953e-11,-0.0749999999269472,-2.56699582806872e-12,-4.30219168159754e-11,0.00982167744453161,1.18618064929613e-05,-4.80777979550661e-05,-0.00015643955202873,-0.0455208808168805,0.0020659671196244,0.0108795214393835,1.98516526481267e-06,-0.130665965726707,-0.288230535892092,0.249999999322429,0.399999986466447,0.197800757412754,0.218985142693557,0.399999972446171,0.39999998731041,0.221085253444969,0.0214099684359454,0,0.162196048479339,0,0,0,0,0,0.01,1.25604012173161,0.01,0.01,0.349821018976711,0.136232381225029,0.111379869657528,0.374672282777471,0.01,0,2.15833680853025,0.01,0.01,1.01233715871886,0.01,0,0.01,0.933131289648355,0,0.01,0,1.04561755982442,0,1,4.26373234052428,4.84307075081689,4.4784420507364,4.62836104060477,0,0,0,0,0,0,0,0,0,1,0,0,0,0,0,1,0,0,1,0
459,-0.0459569676707231,0.0757719693820037,0.048884515109497,0.130000000064556,-0.0632159718935711,0.040002411132375,-0.00999999531492149,-0.0387475421659691,0.0451708960016556,0.60221387426803,-4.06412937391667e-06,3.98064409869588e-06,0.798359151245069,-0.036115804144377,0.0161843973522892,0.0519973333744878,0.0299138001756264,0.0741925276849862,-0.0343955253901156,5.76592031193406e-11,-0.0749999999761842,0.000239913786974281,-8.50935649658523e-10,0.0663544814050924,-2.17274632104672e-05,0.000177191674635137,-2.66503140274439e-08,0.224494971963645,-0.010218637950084,0.0612421696745573,6.41505103677709e-07,-0.0970587320970015,-0.248614661090125,0.250000001273883,0.400000023800374,-0.184735956868333,0.149999999736385,0.310696610544384,0.400000018236381,0.150000000164979,0.0796440419039676,0,0.264622939791954,0,0,0,0,0,0.01,1.12813281791696,0.01,0.01,0,0.01,0,0.01,0,0,0,0.01,0.01,0,0.01,0,0.01,0,0,0.01,0,1,0,1,4.16362242602652,4.95643800823166,4.46156938020844,4.65849105404974,0,0,0,0,1,0,1,0,1,1,1,0,0,1.16970536046652,0,1,0,1,1,0
460,-0.0457711910063188,0.0767564660826285,0.048641313256831,0.130000000071503,-0.0620160168485732,0.0405478993630735,-0.00999999444684432,-0.0378056598172722,0.0451722299862753,0.602077767769014,-7.3756827473296e-06,8.61976028960722e-06,0.798461801764632,-0.0361305212026046,0.017116214648333,0.0519973950890225,0.0013116331736039,0.0303762986407124,-0.000617390380742253,-7.80401054405203e-11,0.075000000071392,0.049999999997975,1.21675158021494e-10,0.0297976331897802,0.00017351597210705,-0.00719474977148459,-0.000930293739663445,-0.013830163573765,0.000633669803854954,0.030154784236582,-0.000209123172835791,-0.104162293652498,-0.399999976782817,0.249999998381213,0.399999967819569,0.0342676112642058,0.167667737349131,0.399999951920349,0.400000008340798,0.230694658862407,0.0424780389951118,0,0.174525450272286,0,0,0,0,0,0.01,1.27244886229763,0.01,0.01,0.391562660481561,0.12698273030307,0.132399201457154,0.386145019980527,0.01,0.0414362242581205,0,0.01,0.01,0.980882389457359,0.01,0,0.01,0.905335399234967,0,0.01,0,1,0,1,4.31334977130555,4.89193813382429,4.51253727930891,4.69275062582094,0,0,0,0,0,0,0,0,0,0,1,0,0,0,0,1,0,0,1,0
461,-0.0455229560747797,0.0771048621706342,0.0486408931650899,0.130000000101275,-0.0607575279780615,0.0415590013927754,-0.00999999986025022,-0.0375351208159662,0.045172321868048,0.60310471228557,-1.22065392298945e-07,6.44907004434503e-06,0.797686406204556,-0.0360137942663825,0.0174472728763328,0.0519974634809729,0.0145606450847761,0.00878565850442334,-4.749140881128e-05,-1.03026413853141e-13,0.0509689226911254,0.0500000000000015,7.29128417879742e-10,0.00422547176597175,4.55665231173664e-05,0.000218275725847793,-0.000223004810878908,-0.150531615396556,0.00685708157081175,0.00772530959566843,8.94272542098806e-06,-0.151385176007708,-0.329205648695597,0.25,0.399999999999944,0.0702423029409825,0.168278250175234,0.399999999999906,0.399999999999974,0.2228967431317,0.01,0,0.16709917066067,0,0,0,0,0,0.01,1.25272295383856,0.01,0.01,0.368424202101525,0.115083026246652,0.09286275232018,0.3882016288584,0.01,0,2.12462036675998,0.01,0.01,1.01605126380841,0.01,0,0.01,0.93544899181416,0,0.01,0,1.03147097893488,0,1,4.26262370275529,4.82993412698831,4.47173767634824,4.62082015339537,0,0,0,0,0,0,0,0,0,1,0,0,0,0,0,1,0,0,1,0
462,-0.0449679401755064,0.0780122651059496,0.0482592150041781,0.130000000101283,-0.0611686254964743,0.0420946907928862,-0.0099999999019212,-0.0367907571702852,0.0451721532693107,0.602308582124503,-5.02823979541845e-06,4.41309240564001e-06,0.798287716670363,-0.0361049759275591,0.0181469480840332,0.0519972618569268,0.0427406235468998,0.074999999999973,-0.0379962137856154,-2.40732790825167e-13,-0.0749999999999884,0.00379991547908287,7.91937213981918e-09,0.0687245764342794,-9.8061115990019e-05,-0.000800392506258807,0.000185978380896061,0.241957723936393,-0.0106558010350856,0.0619682580558938,-0.000117705513663324,0.00971723478263658,-0.0395188967297768,0.250000000000002,0.399999999999944,0.165964665216907,0.208324651147692,0.399999999999998,0.399999999999998,0.168491438764481,0,0,0.0472465810154885,0,0,0,0,0,0.01,1.28898270063595,0.01,0.01,0,0.01,0.01,0.01,0,0.01,0,0.01,0.01,0.995955501332102,0.01,0,0.01,0,0,0.01,1,1,0,1,4.24863746015687,4.87005239859962,4.46308158441554,4.65560827434095,0,0,0,0,1,0,0,0,1,0,1,0,0,0,0,1,0,1,1,0
463,-0.045061510674583,0.0790104752414374,0.0480922882539323,0.130000000074888,-0.0605819507362466,0.0427069392742348,-0.00999999333732599,-0.0357505532587823,0.0451734082967715,0.601173598034594,-6.19920893614068e-06,3.23334792564997e-06,0.799142805965316,-0.03623298705782,0.0191185649689629,0.0519976887379209,-0.0244334862931967,0.0328310891913804,-0.000604720028260107,-4.67961216245299e-11,0.0750000001013132,0.0499999999957444,-5.34876122666932e-10,0.0401028294206554,0.00020348264860175,-0.00711493803254841,-0.00329274842126454,0.254557205552633,-0.0115531632621681,0.0342347682373783,-0.000230077079319893,-0.0603392948640474,-0.39999997650565,0.249999998737206,0.399999980696505,0.0247791555737014,0.161800239074571,0.399999964498835,0.400000009441125,0.225276172394272,0.0771943953638616,0,0.180683859953409,0,0,0,0,0,0.01,1.28192327524947,0.01,0.01,0.393335234270559,0.0735744761038569,0.135217832309442,0.331691199367174,0.01,0,2.06622316184545,0.01,0.01,0.944863553682358,0.01,0,0.01,0.841308041632797,0,0.01,0,1,0,1,4.28849307556542,4.87391395849066,4.50264718629681,4.65975984775926,0,0,0,0,0,0,0,0,0,1,0,0,0,0,0,1,0,0,1,0
464,-0.0450107355341112,0.080005035542968,0.047938247594305,0.13000000006202,-0.0605960944612522,0.0433000293370301,-0.0100000066340232,-0.0347718861210246,0.0451727400726585,0.600270290335845,-4.68779077494947e-06,6.26766420925932e-06,0.799821546443836,-0.0363356048034447,0.0200451475026111,0.051997230634241,0.0267871612154149,0.0657699953635317,-0.0157400121521537,5.85970265050583e-11,-0.0749999999472049,0.00951146325988625,8.85023316739987e-10,0.0581465166618582,-6.11265115645124e-05,2.97145258818987e-05,0.00035857356461617,0.034075873908836,-0.00151691828240712,0.0572458312721435,-4.25860176410322e-05,-0.152791524847741,-0.0204589616803795,0.250000000090917,0.400000024106547,0.164773064802785,0.198889146610371,0.400000120241072,0.399999997672506,0.163232475565697,0.01,0,0.156705142038869,0,0,0,0,0,0.01,1.28175843253418,0.01,0.01,0,0.01,0.01,0.01,0,0,0,0.01,0.01,0.988832508568926,0.01,0,0.01,0.785966349711102,1.25824784808869,0.01,0,1.00020745579725,0,1,4.27281757946267,4.86548261288533,4.49446836672808,4.64383182561992,0,0,0,0,1,0,0,0,1,1,1,0,0,0,0,1,0,0,0,0
465,-0.0449227858180862,0.0808560242057918,0.0478793425119578,0.130000000091229,-0.0613146383308013,0.0430259484656617,-0.00999999855432549,-0.0339412653743072,0.0451741433420768,0.600374201728371,-8.50433612587127e-06,8.09805327429779e-06,0.799743550259851,-0.036323429458603,0.0208806821983215,0.0519974345466128,-0.00397215766316554,0.0249228165862742,-2.58562517275825e-05,-1.15587259754578e-11,0.00275678361843298,-0.0366885198655285,-1.75492335662788e-10,0.02608675368015,8.52585875722463e-05,-0.000213537419636775,-0.000481452219601083,0.0414891022906003,-0.0018825270991529,0.0251485067585342,2.75032007675124e-05,-0.107154932312842,-0.399999993572296,0.249999999595726,0.399999995216439,0.102657152672435,0.249999999244475,0.399999987962271,0.400000001357937,0.22547267840436,0.0236863707913036,0,0.174615862092258,0,0,0,0,0,0.01,1.2735212950163,0.01,0.01,0.388683757192058,0.0527754438426229,0.0910890053995695,0.350369856870368,0.01,0,2.02635537395785,0.01,0.01,0.952794834546269,0.01,0,0.01,0.852176000062275,1.26984560698525,0.01,0,1.02212052292456,0,1,4.34977672336123,4.92058337919409,4.55046097083734,4.71989913171799,0,0,0,0,0,0,0,0,0,1,0,0,0,0,0,1,0,0,0,0
466,-0.0446470489256588,0.0821913023687343,0.0474517963550078,0.130000000101284,-0.0624398443701206,0.042034363358412,-0.00999999994157196,-0.0327335693873867,0.0451690215780617,0.598431117047457,-4.02135466362624e-06,2.55216067944338e-06,0.801198578640309,-0.0365441765682935,0.0219750604795527,0.0519972060709316,0.0356504471356704,0.0750000000000726,-0.0443292742515097,-3.46346249940361e-14,-0.0749999999999939,-0.0499999999999986,1.50655037282476e-08,0.0750000000000362,-0.00123485560638574,0.0159774262839225,0.0017730362418381,0.410946586852507,-0.0171105855977048,0.0799678153680637,-0.000304904177249055,-0.100699400808798,-0.39999999999997,0.249999999999998,0.399999999999943,0.150892716547158,0.250000000000001,0.4,0.400000000000015,0.233522628631573,0.119272198281316,0,0.259517620428964,0,0,0,0,0,0.01,1.31360704171278,0.01,0.01,0.491844434450437,0.0132970476507473,0.155662824330358,0.347407185682579,0.01,0.01,0,0.01,0.01,0.867361524778701,0.01,0,0.01,0.732207108733182,1.31077241235179,0.01,0,1.0101757516679,0,1,4.44071161489707,5.03917450114977,4.63336287309781,4.84652324294903,0,0,0,0,0,0,0,0,0,0,1,0,0,0,0,1,0,0,0,0
467,-0.0441510501904737,0.0833749239630579,0.047068137545962,0.130000000101298,-0.0631378989906943,0.041381244916126,-0.00999999986695046,-0.0316440706119769,0.0451711289987991,0.598854635503827,-5.17483194149435e-06,9.09417352062223e-06,0.800882079832755,-0.0365001088096525,0.0230865963500451,0.051997406193714,0.0220227904480021,0.0411405880493945,-0.000542485174024213,-1.07765869565529e-13,0.00479556026209639,-0.0154844220674956,-1.04717558059651e-09,0.0341276386670092,-7.36644127956015e-05,-0.00448046612312233,0.00119060246508473,-0.230411927494372,0.0103644375071795,0.0397622390639922,-0.000280041675104612,-0.154195059354192,-0.399999999999971,0.249999999999999,0.399999999999939,0.0970076642677417,0.234098277974725,0.399999999999902,0.399999999999996,0.227183059909324,0.01,0,0.16086276773349,0,0,0,0,0,0.01,1.28361346582739,0.01,0.01,0.452219796685236,0.01,0.0604066571069242,0.387458499819771,0.01,0,1.98631165570444,0.01,0.01,0.950939397220355,0.01,0,0.01,0.836265803879314,1.26032646993482,0.01,0,1.01372768611301,0,1,4.46067355262538,5.04414866002944,4.66823792197639,4.83658429067843,0,0,0,0,0,0,0,0,0,1,0,0,0,0,0,1,0,0,0,0
468,-0.0437814419429492,0.0846983832364025,0.0467554584161677,0.130000000101288,-0.0642635530344417,0.0406262631356381,-0.00999999992254823,-0.0304395482443042,0.0451695783696316,0.598738376293606,-5.16984784431464e-06,6.76986678202413e-06,0.800969002401547,-0.0365139112660773,0.0242855391491278,0.0519969599907626,0.00981904779852304,0.0750000000000317,-0.0269432850694586,-2.83935227244628e-14,-0.0749999999999936,-0.0499999999999969,1.33488746988612e-08,0.075000000000003,-0.0001095851292639,0.00779694933223448,0.00237438704256817,0.12746071316771,-0.0055298872981687,0.076605605813895,0.000326500255797407,-0.106828675547205,-0.399999999999987,0.249999999999998,0.399999999999954,0.15180322969207,0.250000000000001,0.400000000000001,0.400000000000001,0.233227278858745,0.0337644040942518,0,0.212329431782344,0,0,0,0,0,0.01,1.2890171937984,0.01,0.01,0.539057958823851,0.01,0.112659903201413,0.386514406132653,0.0205350947904311,0.01,0,0.01,0.01,0.880725158138683,0.01,0,0.01,0.743687859228251,1.30234565357978,0.01,0,1.0065281496002,0,1,4.55262364495607,5.14977209943241,4.74466462042563,4.95773112396285,0,0,0,0,0,0,0,0,0,0,1,0,0,0,0,1,0,0,0,0
469,-0.0435612218752567,0.0858728841353041,0.0466507223768953,0.130000000101292,-0.0651075045328641,0.0400025929514242,-0.00999999987051818,-0.029319925961262,0.045171055487055,0.599377323518674,-6.01096849569838e-06,9.01570184517083e-06,0.800490984559679,-0.0364415249317334,0.0254416833564017,0.0519974800146381,0.0163502294611433,0.0427511560003172,-0.000456075823316853,-2.61697632005625e-14,-0.00972157081436901,-0.0125542636402017,-2.33945400598759e-10,0.0378632328616477,0.000112836236527589,-0.00524124157207627,0.000238373211425311,-0.170163990997168,0.00767048179114886,0.041966362526456,-0.000153777476940819,-0.153970322981135,-0.399999999999974,0.249999999999999,0.39999999999995,0.10269688486424,0.238062602592282,0.399999999999999,0.400000000000014,0.227589953604837,0.01,0,0.160056153706597,0,0,0,0,0,0.01,1.28182906103288,0.01,0.01,0.480526813616053,0.01,0.0515615107490691,0.396540965436814,0.01,0,1.96488319623085,0.01,0.01,0.939771826948729,0.01,0,0.01,0.81497248139508,1.26053419726309,0.01,0,1.02511807500124,0,1,4.58161811208491,5.17485972047868,4.79347218280593,4.96300564975766,0,0,0,0,0,0,0,0,0,1,0,0,0,0,0,1,0,0,0,0
470,-0.0433091762608101,0.0871063297599879,0.0464237448868539,0.130000000096934,-0.0663710538128995,0.0400000002648414,-0.0100000008430151,-0.0281683902605881,0.0451693799966131,0.599376285103611,-4.04472280316606e-06,5.99504140813725e-06,0.800491763961304,-0.0364423617313947,0.0265946216056268,0.0519970532040271,0.00929942021656168,0.0750000000344466,-0.0207507389104726,-1.62122632843887e-11,-0.0749999999558364,2.59172346902088e-12,9.36982103348424e-10,0.0750000000198476,-0.000113017908239859,0.000651223372167874,0.000433349601525796,0.105819171940037,-0.00477003482448032,0.0734765275693235,-3.71443576281662e-05,-0.0737995505401531,-0.399999985803589,0.249999999369391,0.399999993296543,0.221926063414199,0.250000001081087,0.399999985825543,0.400000008180014,0.250000000123478,0.0510899406244041,0,0.187661294122062,0,0,0,0,0,0.01,1.28699329218513,0.01,0.01,0.655909962652235,0.01,0.129329034751011,0.337551368927906,0.227564429590523,0,1.94044280122023,0.01,0.01,0.907800217232757,0.01,0,0.01,0.916216774638824,0.835404645752177,0.01,0,1.07491500266647,0,1,4.7476322890123,5.30966447318298,4.92459424868737,5.13270251350792,0,0,0,0,0,0,0,0,0,1,0,0,0,0,0,1,0,0,0,0
471,-0.0432840614760129,0.0883941757113541,0.046319679459878,0.130000000101544,-0.0679717529570591,0.0399999999882932,-0.00999999992594353,-0.0268827496275534,0.0451686707961959,0.599230140341108,-4.27954337140886e-06,7.51107087589299e-06,0.800601170805896,-0.0364586707622608,0.0278703896816799,0.0519969486263443,-0.000512086910707805,0.0547686776609774,3.31720782263147e-06,-2.21238541871287e-13,-0.0749999999999927,-1.70406607097623e-13,-5.24746050744913e-10,0.0547951850080497,-2.5731301174455e-05,0.000501255610601666,-6.54517858979862e-05,0.00520227838845786,-0.000266220107080166,0.054746574433082,2.95367286476541e-05,0.100872482550931,-0.400000000000037,0.150000000000021,0.399999999999884,-0.210001255195613,0.149999999999943,0.399999999999892,-0.400000000000055,0.150000000000004,0,0,0,0,0,0,0,0,0.01,0.840567516167426,0.01,0.01,0,0.01,0,0,0,0.01,0,0.01,0.01,0.677063976740418,0.313678493455344,0,0,0,0,0,1.39475288861605,1.61289954524487,1.41117397956991,1.62894923756361,3.60428150729841,4.68536884484773,3.88140559075886,4.40824476138728,0,0,0,0,1.23907069801283,0,1,1,1.31485564256377,0,2.12910746980555,0,0,0,0,1.03634601550655,1,1,2.48225308648957,1
472,-0.0418961047771145,0.0883869558076457,0.0464898208818092,0.130000000067464,-0.0669137864666598,0.0404085602892235,-0.0100000058761964,-0.0283013100525637,0.0457014846494118,0.603095689090989,5.59969396618555e-06,-6.15669705505846e-06,0.797693377747159,-0.0359337888051205,0.0277232470304609,0.0519978948202557,0.0750000000330563,-0.0511223865962677,0.00551643604454194,6.02724340031182e-11,0.0750000000543096,0.0406527663215277,3.50198952859546e-10,-0.0749999999794561,0.0500000000005918,-0.00745381772957343,-0.00789636037128359,-0.858218014944325,0.0502095047899784,-0.0542830436532428,-0.000112617655885448,-0.269254672235387,-0.399473401845107,0.250000000393689,0.400000024825587,-0.0618145964133986,0.161723954983616,0.400000144287618,0.400000008467095,0.194720078383909,0.01,0,0.156509475093801,0,0,0,0,0,0.01,1.18495480410594,0.01,0.01,0.283539546223853,0.01,0.01,0.322866491531797,0.159237869887297,0,2.0969341067392,0.01,0.01,0,0.01,0,0.01,0.724347740777216,0,0.01,0,1.02986063873314,0,1,4.61484530424314,5.21885674722439,4.83440121413689,4.99930083733065,0,0,0,0,0,0,0,0,0,1,0,0,0,1,0,1,0,0,1,0
473,-0.0413510147356661,0.0896281966739645,0.0461218571857525,0.130000000128091,-0.0653950131263638,0.0411780239592936,-0.00999999990118236,-0.0277627261681907,0.0460656948780749,0.606427572734737,-1.35419114934386e-05,1.23445110365296e-05,0.795163413206364,-0.0354399659091792,0.0274756039155706,0.0519966470001513,-0.0206997213193852,0.0749999998049343,-0.0413883256470982,1.16309373305563e-10,0.0750000000076379,0.0363152884710469,-3.27890963398431e-08,0.0325447073234107,0.00236560715009848,-0.0861972587211575,-0.0317942106686995,0.0416659975150355,-0.00700958112855538,0.0425338738757748,0.00220232584010968,0.400000010861428,-0.400000080396984,0.250000003210573,0.400000047915235,0.174302143307525,0.249999996589316,0.400000031059787,-0.400000085142526,0.249999999704701,0,0,0,0,0,0,0,0,0.01,0.880805990144172,0.01,0.01,2.2075395135122,0.01,1.04017331893132,0.01,0,0,3.61314637977677,0.01,0.01,1.02112722360727,0.603481150068938,0,0.01,1.20188304580308,3.17645418179171,0,1,1.14523794189986,1,1.15574564216295,4.24216798551698,4.92145622345548,4.40228758458062,4.76133662439184,0,0,0,0,0,0,0,0,1,1,0,0,0,0,0,1,0,0,0,1
474,-0.0407179225872163,0.0885000148876564,0.0453750749375843,0.130000000101294,-0.066594968759176,0.0414400196619578,-0.00999999989869007,-0.0292774285406604,0.0456488084043251,0.606443717637792,-2.94915196142747e-05,3.60488713341439e-05,0.795151101476325,-0.0354754923564748,0.0277587940693768,0.0519940257895067,0.0335181443562789,-0.00916729350805825,-0.00763503353403289,-1.338266832748e-13,-0.0749999999999929,-0.00988471709754917,1.02274274791401e-14,-0.0750000000000291,-0.0438288284325883,-0.0372695338539698,0.032051661925895,-0.458229645630016,0.0178613392366966,-0.0386263904646093,-0.00366197466433118,-0.0741357660190792,-0.400000000000003,0.249999999999984,0.39999999999997,0.0816531911864255,0.209278536649162,0.400000000000002,0.399999999999988,0.250000000000001,0.01,0.516666112821517,0.341656542451794,0,0,0,0,0,0.01,1.20212054996248,0.01,0.01,0.400449193166599,0.01,0.01,0.340069835278468,0.213013577720837,0,2.08787762367517,0.01,0.01,0,0.01,0,0.01,0.677434292962559,0,0.01,0,0,0,1.07391650000443,4.57784886419652,5.19506282010907,4.80324075214043,4.96967093216515,0,0,0,0,0,0,0,0,0,1,0,0,0,1,0,1,0,0,1,0
475,-0.0420600385787136,0.0894162435184007,0.044903543158937,0.130000000101302,-0.0665921879064334,0.0417796695666088,-0.00999999991640658,-0.0280774735285318,0.0450102852548194,0.607473618682353,1.59478603367615e-06,-1.07475933883634e-06,0.794364575861855,-0.0353118265478198,0.0274084330697172,0.0519975455443454,-0.0749999999999987,0.075000000000041,-0.0464867431015126,-5.6044182427766e-14,0.0745304413326436,0.0435823750565718,-1.91554187615675e-13,0.0749999999999828,-0.0201419197520629,0.00432454386806456,0.00414887514921144,-7.06316698958724e-07,0.000220831506320224,-0.00023964868658608,-7.20181023523355e-05,-0.00142931274920138,-0.399999999999983,0.249999999999998,0.399999999999958,0.0353770044562958,0.174741535706934,0.399999999999921,0.399999999999993,0.250000000000003,0.01,0.542296767323889,0.33077435749947,0,0,0,0,0,0.01,1.31461622759281,0.01,0.01,0.54959431090297,0.01,0.01,0.497600928120864,0.01,0,1.98536540500103,0.01,0.01,1.00861687476626,0.01,0,0.01,0.887958428641077,1.25373861248572,0.01,0,0,0,1.21187252517584,4.61245024425369,5.21545459575685,4.83044348911648,4.99746135089406,0,0,0,0,0,0,0,0,0,1,0,0,0,0,0,1,0,0,0,0
476,-0.0436760176140356,0.088983344449571,0.0438620596700604,0.130000000101356,-0.0673387228112326,0.0421870071117105,-0.00999999992537466,-0.0268708592626586,0.0449660965272849,0.605688867783596,-4.58073829229605e-06,2.77534763079965e-06,0.795726275997962,-0.0355446581584753,0.0283113434821872,0.0519972003764289,-0.0749999999999987,-0.0749999999998834,-0.0500000000000147,-1.39556745250757e-13,-0.0749999999999969,-0.00261762210938564,3.77507027983646e-08,0.0750000000001163,-2.36214119159584e-05,0.00341801112064945,0.00089524747952404,0.414038919832488,-0.0177656471570738,0.0778244242746075,0.000173428522741971,0.32087570232945,-0.399999999999952,0.249999999999994,0.399999999999956,0.395373321143173,0.250000000000003,0.399999999999956,-0.399999999999952,0.249999999999996,0,0,0,0,0,0,0,0,0.01,0.803706500580123,0.01,0.01,1.89424906379759,0.01,0,0.01,1.43431402629495,0,3.43393780843131,0.01,0.01,0,0.689277637005134,0.01,0,0,3.14152833250917,0,1,1.08951398922158,1,1.15140455484217,4.27703799855837,4.96644506724669,4.40843243665446,4.8350506291506,0,0,0,0,0,0,1,0,0,1,0,0,0,1,0,0,1,1,0,1
477,-0.0429989092044769,0.0883864180013508,0.0438692631547108,0.130000000114418,-0.0691503999681102,0.0416703447115251,-0.00999999980651105,-0.0280892576826153,0.0445051478449648,0.60687367736447,-2.19302472422219e-06,2.53660986618417e-06,0.794823080775471,-0.0353758627684483,0.028276571859927,0.0519987522388916,0.0750000000249227,-0.047933947404993,0.0136916463100671,3.93698004277218e-11,-0.074999999954808,-0.0488176168349216,1.53254325420855e-11,-0.0750000000257493,-0.0460303643151542,-0.0145830173078081,0.033542444892516,-0.738768673514753,0.0384936499332734,-0.055702424158499,-0.0029259841660636,-0.14046619253622,-0.400000010671175,0.150000000669317,0.400000016205182,0.105205679291446,0.241646995015099,0.400000006317418,0.399999989387722,0.250000007327679,0,0,0,0,0,0,0,0,0.01,1.20319484573662,0.01,0.01,0,0.01,0.01,0,0.219621231718204,0,0,0.01,0,0,0.01,0,0.01,0,0,0.01,1,1,1,1,4.57848206950486,5.3058512253655,4.81751273226117,5.06682056260918,0,0,0,0,1,0,0,1,0,1,1.22118348183548,0,1,1.2106365318732,0,1,0,1,1,0
478,-0.0422092928676488,0.0873393903500243,0.0439684400517001,0.130000000101282,-0.06795044501203,0.0412346822810794,-0.00999999987661539,-0.028247457531956,0.0442791631722718,0.610141256424494,-1.34731375527872e-05,-5.92293585626498e-06,0.792317578275526,-0.0349385706788067,0.0272106360790957,0.0520004181035186,0.000299990723938582,-0.0362737421652284,5.79012840762008e-05,3.31780288980026e-14,0.0750000000000049,0.00498237332796847,2.47857954913675e-08,-0.0202762015094121,0.00762200336056851,0.0874289144350208,0.106374964883131,-0.0711031208267038,-0.000610045123082939,-0.0306476430808695,-0.00974453967754086,0.0646583288906565,-0.399999999999997,0.15,0.399999999999994,0.091520920568316,0.250000000000001,0.399999999999954,0.399999999999983,0.25,0,0,0,0,0,0,0,0,0.01,1.25708441749327,0.01,0.01,0,0.01,0.460289938596735,0,0,0,2.83622589346876,0.01,0,1.0685621058033,0.01,0,0,0,0,0.01,1,1,1,1,4.5628300221623,5.1670693178233,4.72370636697664,5.00619297300896,0,0,0,0,1,0,0,1,1,1,0,0,1,0,0,1.00315761818556,1,1,1,0
479,-0.0423658899204616,0.0870351962295798,0.0439713000275331,0.130000002092448,-0.0680881587220853,0.0416046580833491,-0.0099999647128354,-0.028510903785428,0.0442877362521107,0.609518778209312,8.09356415082913e-07,-5.75884797531297e-06,0.792796546476548,-0.0350136708485112,0.0269138017446852,0.051997804869009,-0.00784925664524065,-0.00455823860165162,-3.6751566276895e-05,4.11857840127512e-09,-0.0750000000061416,0.0318807289747135,3.72467270334693e-09,-0.00226825814584747,0.000433428793876697,-0.00507787922788137,-0.000992113391354708,0.0809402855887373,-0.0037316051528701,-0.00404548674659373,0.00017120777831486,0.400002015656004,-0.39999961516642,0.250000077204366,0.4000017715541,0.37651635644422,0.240344666635006,0.40000186440184,-0.399999656071653,0.25000126941997,0,0,0,0,0,0,0,0,0.01,0.6902782035979,0.01,0.01,1.67829777782463,0.01,0.865534037552195,0,1.13869167156564,0,2.88540599761579,0.01,0,0,0,0,0.01,0,2.04674491279605,0.01,1,1.07518154508627,1,1.02715817112926,4.46912390177609,5.0377151318955,4.58141602910549,4.92542300456609,0,0,0,0,0,0,0,1,0,1,0,0,1,1,1,1,0,1,0,0
480,-0.0423876525387188,0.0870242145414485,0.0439690896856201,0.129999999200281,-0.0697709795560165,0.0417779627971243,-0.0099999999324642,-0.0285156074056174,0.0442865716388934,0.609434878437326,-1.34164286045232e-06,-1.55966993740964e-07,0.792861040042915,-0.0350234713571666,0.026904023731252,0.051996933593925,-8.87036649861579e-05,-5.69220772663198e-05,8.13677636992428e-06,-1.922910833973e-09,-0.0749999999589409,-0.0143192772848211,-1.12984389307709e-09,1.60107712638062e-05,-3.56969282683138e-05,0.000457738510155005,3.51876680675105e-05,0.000495787836090196,-2.59559820529078e-05,-1.74458407858716e-05,2.21729789861692e-05,0.399998954855472,-0.399999466216435,0.150000047804661,0.399999268629193,0.350511816734434,0.250000020014319,0.399999424010964,-0.399999151675508,0.249999763345707,1.0020742424244,0,0,0.248892544371572,0,0,0,0,0.01,1.02830771821363,0.01,0.01,2.0826451331358,0.01,1.0992897667289,0,1.24742282306852,0.01,3.88358219740997,0.01,0.01,0,0.128280427717698,0,0,0,2.91257300754425,0.01,0,1,1,0,4.63625026912547,5.35838162302248,4.75741695623173,5.23721493591622,0,0,0,0,0,0,0,1,0,0,0,0,0,1.00600521883526,0,1.07713056653149,1,1,0,0
481,-0.0410244863017954,0.0862859785240868,0.0440888116628841,0.130000000101324,-0.0714348615693231,0.0410416242363986,-0.00999999989862153,-0.0298869780215556,0.0438393981652448,0.613660821765032,6.00208030346845e-06,-5.9302846986847e-06,0.78959488358642,-0.0344353365479444,0.0260566707641491,0.0519978130679291,0.0750000000000437,-0.0749999999999474,0.00320144100312773,-2.34633476530485e-13,-0.0750000000001803,-0.0499999999999943,-1.45830472467101e-13,-0.0749999999999301,-0.0453293766801176,-0.00338248417068301,-0.0116011579235215,-0.909076269922345,0.0522322131191023,-0.0836269906924864,-1.0892912230123e-05,0.400000000000018,-0.399999999999978,0.249999999999995,0.399999999999941,0.399999999999926,0.250000000000002,0.399999999999941,-0.399999999999971,0.249999999999968,0,0,0.178519476070941,0,0,0,0,0,0.01,1.17302627840361,0.01,0.01,1.99540927512455,0.01,0.884177450894218,0,1.23336993616374,0,3.84959722129747,0.01,0.01,0,0.01,0.01,0,1.84008768252179,2.80353752139677,0,1,1,0,1,4.5543574071412,5.29855705515985,4.6821629072565,5.17075155504456,0,0,0,0,0,0,0,1,0,1,0,0,0,1.16620028873539,0,0,1,0,0,1
482,-0.0394396722698875,0.0846827884697896,0.0440682304375898,0.130000000101311,-0.0733548392636438,0.040001178221227,-0.00999999989446068,-0.0316506796919614,0.0430479868686193,0.619181516374868,1.05468774853016e-05,-5.16541463279941e-06,0.785273316744471,-0.0335422082054071,0.0244047317575459,0.0519967921404857,0.0750000000000784,-0.0718556480622701,-0.000153334769120933,5.88840668320179e-14,-0.0749999999999912,-0.0117883046343634,-3.64228826517827e-08,-0.0749999999999184,-0.0199570330703973,-0.0174134448608484,-0.011448942540358,-0.718993045204633,0.040754042716572,-0.0760523942541363,0.000780796309294477,0.400000000000032,-0.399999999999974,0.249999999999998,0.399999999999991,0.397500619026175,0.250000000000003,0.399999999999938,-0.399999999999966,0.24999999999997,0,0,0.190065031663102,0,0,0,0,0,0.01,1.1680238842339,0.01,0.01,1.99616223503629,0.01,0.820891213178292,0,1.25399397948797,0,3.79919663642924,0.01,0.01,0,0.01,0.034133210666571,0,1.83637523103442,2.76622146510242,0,1,1,0,1,4.5601572869799,5.33366953388351,4.73279991919706,5.16102690166636,0,0,0,0,0,0,0,1,0,1,0,0,0,1.23637609107341,0,0,1,0,0,1
483,-0.0379981870354866,0.0831873018719544,0.0440672880037801,0.1300000001116,-0.0752748198595292,0.0399999999379502,-0.00999999997908861,-0.0335049342242397,0.042878226894814,0.624715303543518,8.4852552791327e-06,-4.05793204555146e-06,0.780878332375803,-0.0328157014837382,0.0228626126209364,0.051996868190869,0.0689381381260277,-0.0749999996354445,-0.000272614411779272,-3.25351590873251e-10,-0.0749999998322225,5.46407306195098e-13,-4.11304902528837e-08,-0.0749999996327656,-0.00182163864949068,-0.012685280751957,-0.00783957036706139,-0.722288462131577,0.0326247330045322,-0.0793320792594984,0.000411252344605086,0.400000024050911,-0.399999859380783,0.250002528732763,0.399999941651659,0.161832339388493,0.186589600468605,0.399999903113181,-0.399999848828904,0.249999605940116,0,0,0.202063288210369,0,0,0,0,0,0.01,1.16832355967005,0.01,0.01,2.11475762521513,0.01,0.935012522715331,0.01,0,0.01,3.45264382636992,0.01,0.01,0,0.01,0,0.01,0,0,0,1,1,0,1,4.58701741067929,5.47002026712959,4.81523914744489,5.241798530364,0,0,0,0,0,0,0,0,1,0,0,0,0,1.44916598642978,0,1,0,1.65323804210331,1.03511747956701,1
484,-0.036746244955907,0.0815737346045245,0.0440656847182229,0.130000000101274,-0.0753331362153923,0.0405406921402942,-0.00999999989765077,-0.0354188033181685,0.0427845798667398,0.629621155233657,9.59039598641267e-06,-4.99517546386924e-06,0.776928299318608,-0.0322016218759125,0.0212142966171759,0.0519967360839459,0.0581570028515272,-0.0750000000000256,-0.00019861176609011,-1.29048941137577e-14,0.0684509782577685,0.0499999999999575,-9.74956077988889e-09,-0.0749999999999936,-0.00690669803786002,-0.0102770015519569,-0.00796309148045746,-0.568966009103075,0.0287809083248337,-0.0840423898440695,0.000360846652992074,0.328995572095318,-0.400000000000011,0.149999999999997,0.400000000000031,-0.0296949907601424,0.149999999999982,0.399999999999976,-0.399999999999997,0.249999999999994,0.727273414608405,0,0,0.274380815170822,0,0,0,0,0.01,1.16781574969172,0.01,0.01,2.07838636959915,0.01,0.884049182912351,0.01,0,0.01,3.398955125107,0.01,0.01,0,0.01,0,0.01,0,0,0,0,1,1,0,4.53477739200282,5.42355822952475,4.76045260541188,5.19788301611569,0,0,0,0,0,0,0,0,1,0,0,0,0,1.39866904940959,0,1,0,1.66155456567465,1.05143430201055,1
485,-0.0349566869150118,0.0799834617865424,0.0441294912004985,0.130000000096195,-0.0737813021134638,0.0415740562438955,-0.0100000008966271,-0.0374075051939475,0.0427184966299471,0.636440562360571,1.02221912233561e-05,-9.10254662721945e-06,0.771352180710276,-0.0313830690568147,0.0195725213446054,0.051997420012657,0.0750000000855827,-0.0750000000203828,0.0026705558471046,1.0576932950238e-10,0.0750000001229644,0.0499999999978594,-1.59518600391206e-08,-0.0750000000311068,-0.00292658681830854,-0.0243365731170098,-0.0219308112381643,-1.01828912116765,0.0464995722452424,-0.0820256058695504,0.000421804598986645,-0.278565541656337,-0.275703806193174,0.250000000723691,-0.39999995637299,0.393098715394094,0.14999999911777,0.400000013495246,0.399999987179638,0.24999999938908,0.01,0,0.01,0.01,0,0,0,0,0.01,1.26372940976323,0.01,0.01,0.66819063799497,0.01,0.01,0.422707524582395,0.147890291499887,0,2.53367863114175,0.01,0.01,0,0.01,0,0.01,1.07569453381772,0,0.01,0,1,0,0,4.80849690381539,5.51170301293992,5.07867465759996,5.24152525915536,0,0,0,0,0,0,0,0,0,1,0,0,0,1,0,1,0,0,1,0
486,-0.0334343860454104,0.0810873815887547,0.044608725291444,0.128300050063965,-0.0720258064085447,0.0421097462498834,-0.0100000024760657,-0.0377360374290479,0.0427021400718411,0.63892977211697,-1.9253349421236e-06,2.51476282554578e-06,0.769291645444196,-0.0310567825511779,0.0193620971857998,0.0519971212940622,0.075000000014662,0.0750000000169227,0.0455734958958689,-0.0749999999692595,0.0750000000834373,0.00380000000201279,1.10626345507079e-09,0.0353085713874029,-0.000395356740494153,-0.00178825680136991,0.000482798608579771,0.112590888677668,-0.00523590811195698,0.0327530765130902,-0.000417741629289793,-0.289752053613414,-0.399999993025472,0.149999999432574,0.254297000627113,0.134184494864861,0.250000000070272,0.399999972424738,0.399999999882879,0.249999999861452,0.01,0.881336223592045,0.01,0.01,0,0,0,0,0.01,0,0.01,0.01,0,0.01,0.01,0,0.287903294752903,0.01,0,0.01,0.01,0,0.01,0.690880268968217,0.01,1.24521692080931,0.733679503329055,0.01,0,0,0,0,4.71836540133753,5.40710588188983,4.95390365709147,5.17156762613588,0,1,0,0,1,0,0,1,0,0,1.07145812677991,0,0,1,0,0,0,0,0,0
487,-0.0342294341099877,0.0802979989002889,0.0453240365163485,0.129483113708051,-0.0704417203358949,0.041721436107427,-0.0107917000711955,-0.0374509975608704,0.0430222895915705,0.638639278809674,-1.29895786145528e-06,-1.2491737147851e-05,0.76953282363116,-0.0313035228511394,0.019783161568407,0.0519980819999253,-0.0750000003314793,-0.0381100637521687,0.0155433710174424,0.0750000029418866,0.0750000000309933,-0.0423999986009955,-0.0694382452221202,-0.0243949554976701,0.0274370801906106,-0.00391785234127791,0.0410439317762019,0.0850027559214788,-0.0217579277321597,-0.00705381101185295,0.002353867919371,0.399999863829109,-0.400000418934794,0.249999684180366,0.400001212487514,0.22406989542616,0.250000008127486,0.400001281668621,-0.400000103746875,0.250000384849907,0,0.01,0.144085814412186,0,0,0,0,0,0.01,1.00191249436759,0.01,0.01,2.07533199040336,0.01,0.59430361705884,0.01,1.30102425411353,0,3.68635840494278,0.01,0.01,0,0,0.2583350287044,0.01,1.86936144319728,2.65750519569773,0,1,0,0,1,4.33656458030314,5.13894144359723,4.5177929409527,4.95771308294767,0,0,0,0,0,0,0,0,0,1,0,0,0,1.13000140390131,1,0,0,0,0,1
488,-0.0337914993153796,0.0791965113373651,0.0453312069299618,0.130000000101291,-0.0716416715771156,0.0406940862717659,-0.00999999992395476,-0.0389039766444203,0.0431067171709128,0.641368945829104,2.97018231233696e-06,-3.14222482398379e-06,0.767259334879252,-0.031211739621667,0.0187034916970658,0.0519972856814991,0.0749999999999967,-0.0749999999999993,-0.00374851694286849,5.53516599500517e-14,-0.0750000000001242,-0.0500000000000111,-1.94447765258985e-13,-0.075000000000032,-0.0187629179097734,-0.00887375374936803,-0.00320312178982982,-0.864146830284575,0.0328631774506994,-0.0887419594187251,-0.000168615451386451,-0.283992416100992,-0.4,0.25,0.308064132386761,0.399999999999949,0.249999999999995,0.399999999999918,0.399999999999987,0.249999999999991,0.01,0.867412342410174,0.01,0.01,0,0,0,0,0.01,1.26204725695791,0.01,0.01,0,0.01,0.01,0,0.497799841182936,0.0988528846153887,1.78331176581762,0.01,0,0,0.01,0.676204567654757,0.01,1.5377452760568,0,0.01,0,0,0,0,4.80077662953703,5.37949144777168,4.96210401593012,5.21816406137858,0,0,0,0,1,0,0,1,0,0,0,0,1,1,0,0,0,0,1,0
489,-0.0340128707373245,0.0780732193218727,0.0454224275498058,0.128300050125887,-0.0706556464034016,0.0399999999967511,-0.00999999989432276,-0.0395220056247468,0.0429815663999834,0.642408020766609,1.42829174672826e-05,-1.02014641130694e-05,0.76638961965551,-0.0311199032006784,0.0176586969438366,0.0519969220942643,-0.075000000000002,-0.0365124867504635,0.00746092102342254,-0.074999999999958,0.0750000000000052,-4.09139246457632e-14,3.30454698968372e-08,-0.0143654687264589,0.000182399735486939,-0.0124622183893533,0.000820245805767332,0.460892624175574,-0.0209512974319703,-0.0268218809734265,-0.000153638114550149,-0.00911638678761877,-0.399999999999991,0.249999999999999,0.400000000000017,0.294079440665336,0.249999999999993,0.399999999999935,0.4,0.250000000000003,0.01,0.742563745132938,0.01,0.01,0,0,0,0,0.01,0,0.01,0.01,0,0.01,0.01,0,0.482104599658837,0.0159621070738232,1.76105017273812,0.01,0,0,0.01,0.57750566288434,0.01,0,0,0,0,0,0,0,4.70503220861535,5.3010311862815,4.84136655647788,5.16469683841897,0,1,0,0,1,0,0,1,0,0,0,0,1,1,0,0,0,1,1,1
490,-0.0356817195997345,0.0780625155499584,0.045707708516748,0.127239404931727,-0.0689007000192596,0.040540689976592,-0.0103965740451253,-0.0392921612909424,0.0429838217757871,0.640340468955846,-3.41077150624194e-06,-2.81528754576882e-06,0.768117984434468,-0.0317697098722926,0.0177853344136899,0.0519974897458813,-0.0749999999775126,0.0250777343498932,0.0190655539519252,-0.0312831036909931,0.0750000000291009,0.0499999999986861,-0.0328155251688011,0.0357667687534133,-6.33228015450215e-05,-0.00061444634944701,0.000569781400627785,0.209956507220988,-0.042611984182905,0.0316195108607603,-6.5244049181498e-05,-0.0487069647614295,-0.399999994626662,0.150000000105793,0.400000004589424,0.256142317911731,0.219749971656386,0.399999935617144,0.399999985440358,0.249999999512948,0.01,0.745390205789032,0.01,0.01,0,0,0,0,0.01,0,0.01,0.01,0.993346766808559,0.01,0.01,0,0.506767568276342,0.01,1.77763566055007,0.01,0.01,0,0.01,0.583472664641598,0.01,0,0,0,0,0,0,0,4.67992447003886,5.28459136149057,4.83608394184224,5.12843188968719,0,1,0,0,0,0,0,1,0,0,0,0,0,1,0,0,0,1,1,1
491,-0.0373651538869933,0.0791437151333077,0.0456154808965562,0.127193031955054,-0.0672135198228635,0.0413941152405466,-0.0110869250742945,-0.0380068874021787,0.0429827196631651,0.638224297098978,-6.07815220504767e-06,1.27834567561677e-06,0.769877222772523,-0.0327177541961156,0.0189623919509585,0.0519970910149991,-0.0749999978274004,0.0750000009563576,-0.0222114908498707,0.0263574109620844,0.0750000000227561,0.035415452938229,-0.0398752805579457,0.0750000010030093,-0.000336378395870225,0.00998590189657744,-0.00140726137606623,0.275183432748554,-0.0519869072813252,0.0807571062842635,0.000128779035361255,0.400000895462147,-0.399999605788798,0.249999986317231,0.400000587347482,0.190598659239082,0.239986486184158,0.400000581447258,-0.399999586560539,0.25000112783206,0.685091882530457,0.01,0.12527443182291,0,0,0,0,0,0.01,0.841392878310777,0.01,0.01,2.15735357327858,0.01,0.550119722626749,0.01,0,0,3.63200261611334,0.01,0.01,0,0,0,0.01,0,2.6238257893508,0,0,0,0,1,4.23519091921652,5.08229250803737,4.44138673430736,4.87609669294652,0,0,0,0,0,0,0,0,1,1,0,0,0,1.38201293808546,1,1,0,1,0,1
492,-0.0365346395891039,0.0795103051731011,0.0452363246138723,0.128998409705613,-0.0680538659120698,0.0416381143037749,-0.0100000015218768,-0.0392316628145242,0.0425240088764397,0.639340846543817,3.08819495574852e-06,-8.70146052695931e-07,0.768950258940635,-0.0329608321172486,0.0191567821347207,0.0519971935623387,0.0750000001037125,-0.0292228047903643,-0.023166056183925,0.0750000001785404,-0.0749999998626599,-0.0107845504259282,7.13238752057644e-11,-0.075000000028165,-0.0459158359147438,-0.000909903823608321,0.0010684848257685,-0.413536576398458,0.019488530574521,-0.0392725718305339,5.40751249258751e-05,-0.258270219351507,-0.400000006140596,0.244935391408088,-0.134413392995828,0.305247269768858,0.21658618361965,0.400000029375814,0.399999988391987,0.250000000250097,0.01,0.84909904864151,0.01,0.01,0,0,0,0,0.01,0,0.01,0.01,0,0.01,0.01,0,0.182620150579787,0,2.48347915181921,0.01,0,0,0.01,0,0.01,1.05314159175332,0,0.01,0,0,0,0,4.60594642208952,5.32792995124557,4.88045158780678,5.05342478552831,0,1,0,0,1,0,0,1,0,1,0,0,1,1,0,1,0,0,1,0
493,-0.037322525294306,0.0783804970225707,0.0454127929045321,0.128121826735101,-0.0668617381679002,0.0413268968308646,-0.0112193520474907,-0.0387996474985241,0.0419376009439462,0.639476266414867,3.75460276619362e-05,-1.69512605073905e-05,0.768837667374215,-0.0329553572702463,0.0181825272094592,0.0519944514758189,-0.0749999980883991,-0.0389480599444291,0.0221778060341041,-0.0749999981485688,0.074999999714069,-0.0202896597565055,-0.074491583125039,0.0104146424000718,0.00545220970886974,0.0404718622531949,-0.0347621991984361,0.335352084667251,-0.0293875867657047,-0.0342302644518542,0.00237856053628036,0.400000787866325,-0.400000101739307,0.19496619750157,0.400000763086814,0.399999882133084,0.250000013218301,0.400000767858482,-0.400000111643967,0.249999839904507,0.634508927023349,0,0.415697349762706,0,0,0,0,0,0.01,0.935919601789555,0.01,0.01,2.02551943029727,0.01,0.83620486322982,0.01,1.04733512055374,0,3.78207708904233,0.01,0.01,1.40225631214226,0.0100042005216083,0,0.01,2.19262642956847,2.95587653191209,0.01,0,1,0,1,4.218218788463,4.98149727297093,4.37210161620045,4.82761444523349,0,0,0,0,0,0,0,0,0,1,0,0,0,0,0,1,0,0,0,0
494,-0.0365656928006931,0.0772415378770387,0.0453077252194858,0.129321731127986,-0.0680616856304839,0.0405002925779202,-0.0100000033808136,-0.0404493405968506,0.0416313264106416,0.642426682798035,3.41608442221996e-06,-3.40286041855035e-06,0.766374165323093,-0.0329975274724413,0.0169474690801533,0.0519973186328688,0.0750000000214159,-0.0750000000258755,-0.0125628685921709,0.0750000001207101,-0.0749999998719252,-0.0500000000025776,4.85422351812161e-08,-0.0750000000203677,-0.0382018650754167,-0.0127712893161387,-0.00583560300702383,-0.859490877901785,0.0284216399867564,-0.0939008377689624,-0.000166883132531269,0.00540471118974039,-0.14590543299414,0.250000000659737,0.313830703358193,0.400000052784819,0.249999998937902,0.400000018369592,0.399999991605648,0.249999999730618,0.01,0.589667617822594,0.07058400503334,0.01,0,0,0,0,0.01,0,0.01,0.01,0.839649872251196,0.01,0.01,0.484536318667682,0.537524131967539,0,1.78737478365316,0.01,0.01,1.5694731444635,0.01,0,0.01,1.4482975485944,0,0.01,0,0,0,0,4.67729287630176,5.26416637073639,4.86664996021644,5.07480928682171,0,1,0,0,0,0,0,0,0,1,0,0,0,0,0,1,0,0,1,0
495,-0.0368536042305166,0.0763723471477196,0.0448999839520599,0.128502818270536,-0.067864446191666,0.0400204297326295,-0.01109335904613,-0.0409574798667051,0.0414269362681293,0.644954970060811,-7.30316614944326e-06,-1.69652091237447e-06,0.764247731896393,-0.0329764644104743,0.0161707379091443,0.0519974246781177,-0.0750000000168133,-0.00648973412134331,-0.0255695718193668,-0.0750000000151037,0.0749999999714668,0.00481903924656371,-0.0749999996592083,-0.00844826947772729,0.00543911362762748,-0.00323860629154243,0.00654241863324606,0.00292409829286225,-0.0223426983716064,0.00344095192820447,8.69190429708497e-06,-0.107371039582823,-0.399999986154085,0.246480975328208,0.399999993775464,0.274254637166376,0.250000000897491,0.40000014040241,0.400000050967982,0.24999999092043,0.01,0.814283170801773,0.01,0.01,0,0,0,0,0.01,0,0.01,0.01,0,0.01,0.01,0,0.492822917160387,0.0530425559192718,1.79384304452232,0.01,0.01,0,0.01,0.614306710578262,0.01,1.45887785262186,0,0,0,0,0,0,4.70977384966754,5.33078559429298,4.90287032484501,5.13768911911552,0,1,0,0,1,0,0,1,0,0,0,0,0,1,0,0,0,0,1,1
496,-0.0382340164650743,0.076244571766322,0.0448920174602351,0.128169214780679,-0.0663589338960364,0.0399999999887515,-0.0112888785406997,-0.0408214105066672,0.0414280474973675,0.641690840295139,5.45955017730547e-06,-5.23321544966209e-06,0.766990549428758,-0.0334700711965871,0.016149950541614,0.051997600167251,-0.0671620627689862,-0.00531085983331144,0.00081449406663667,0.0410593316752126,0.0750000000501616,6.86229188868568e-13,0.0157961186260374,0.014391536399931,-7.36160933956073e-05,-5.06529390543104e-05,8.05511637445607e-05,0.838448896374287,-0.0238770472599146,-0.00266332002005688,-8.25339789904092e-06,0.0101608867143766,-0.399999991731292,0.250000000740192,0.400000005199685,-0.140999183238185,0.150000000295927,0.400000002210481,0.400000005411097,0.249999999453737,0.01,0.685860345824956,0.01,0.01,0,0,0,0,0.01,0,0.01,0.01,0,0.01,0.0315600826725123,0,0.429807261858213,0.034436768801924,0,0.01,0.01,0,0.01,0.243574156656076,0.01,0,0,0,0,0,0,0,4.58023973108297,5.34509909016179,4.83921274571685,5.0861260755279,0,1,0,0,1,0,0,1,0,0,1,0,0,1.02735649215308,0,0,0,1.02853339320835,1,1
497,-0.0398699458866293,0.0761097961158994,0.0449081628730887,0.129983007701276,-0.0644876803399783,0.040540689980528,-0.0107182573894826,-0.0404058178298284,0.0414303666376921,0.633018124302514,1.00517540957724e-06,-1.82433235103072e-06,0.774164280627025,-0.0339574003671243,0.0160962787068514,0.0519980289730667,-0.0749999999805756,-0.00719218882164071,0.000578538397259154,0.0750000000499513,0.0750000000040819,0.0499999999993221,0.0405159545372609,0.0252002783208686,-1.03676347173863e-05,-0.00254005087195538,0.00489140159363351,1.31952864227588,-0.0212224964243884,-0.0024540458519179,-8.60783649389708e-05,0.235127175165087,-0.390071934439583,0.250000000350738,-0.164753989784015,-0.138859856285546,0.14999999972062,0.382618545906746,0.399999996126083,0.184608995562273,0.01,0.516095399619461,0.139270309571808,0.133096998194034,0,0,0,0,0.01,0,0.01,0.01,0.742472571086399,0.01,0.01,0,0.01,0.01,0,0.01,0.01,0,0.01,0.262919679600398,0.01,0,0,0,0,0,0,0,4.41140066624473,5.29927695444029,4.70762873759507,5.00304888308995,0,1,0,0,0,0,0,1,0,0,1.21643033661544,0,0,1,0,0,0,1.10237903945863,1,1
498,-0.0415061309264999,0.0764055599065245,0.0449573766097562,0.130000000101297,-0.0625786646377863,0.0415583612958752,-0.010328093035875,-0.0395713866554572,0.0414315844257784,0.625072506593788,-1.38546759619552e-06,-3.29929469316083e-08,0.780594114247645,-0.0345181858410599,0.0164885065474578,0.0519979707157294,-0.0750000000000007,0.0342625023392771,0.00325125266122141,3.29592662486844e-14,0.0750000000000044,0.0499999999999862,0.00233956487073063,0.0574706113868783,0.00010069926683182,-0.00549103850672437,0.0014502239098237,0.851380529214635,-0.0371052619196285,0.0389479844854404,-0.000168798826827235,-0.00990351713059535,-0.399999999999983,0.25,0.399999999999994,0.0541601183856483,0.149999999999994,0.399999999999958,0.400000000000005,0.250000000000002,0.01,0.53462534256567,0.01,0.01,0,0,0,0,0.01,0,0.01,0.01,0.868161776039174,0.01,0.0890860217708616,0,0.219781843834674,0.01,0,0.01,0.01,0.772119685887521,0.01,0.52182681327612,0.01,0,0,0.01,0,0,0,0,4.61274143453609,5.29004023126802,4.86685244380771,5.03592922199641,0,1,0,0,0,0,0,1,0,0,1,0,0,0,0,0,0,1,1,0
499,-0.042935828451913,0.0769830750298413,0.0449573808944573,0.130000000101286,-0.0608975461445143,0.0426148512244475,-0.0105144734990144,-0.0386364930331755,0.0414326273143509,0.62001517357637,-7.86283382492759e-06,-1.65751990513895e-07,0.784617235356795,-0.0353006738439227,0.0171350346048044,0.0519975963611059,-0.0674468213901364,0.0229242601376206,-7.35546174983395e-05,5.87894247845448e-14,0.0750000000000051,0.0499999999999679,-0.014517245931448,0.0381321638511581,6.53842372152334e-05,-0.000653770337787277,-0.000651127882611178,0.550062091301911,-0.0398288454667516,0.0258386103279529,-2.13387401644226e-05,0.211352159328343,-0.400000000000005,0.250000000000001,0.400000000000005,-0.0651045175137553,0.149999999999987,0.399999999999962,0.399999999999982,0.250000000000002,0.01,0.402100161393501,0.206438623097169,0.0536823837102274,0,0,0,0,0.01,1.28831793737767,0.01,0.01,0.834899460515238,0.01,0.01,0,0.54699105109408,0.0176506454639212,1.42825998096776,0.01,0.01,0,0.01,0.0186375170514352,0.01,0,0,0.01,0,0,0,0,4.56879213866599,5.27958769563427,4.85037952589574,4.99800030840452,0,0,0,0,0,0,0,1,0,0,0,0,0,1.07558459903366,0,0,0,1,1,0
500,-0.0446932083502881,0.0783510046140969,0.0446507363878815,0.13000000009025,-0.0591472627534262,0.0436306039924564,-0.0100000002082933,-0.0370997233866506,0.041417368210198,0.615054408784932,-5.69255823234481e-06,2.17750591353384e-06,0.788512076745294,-0.0359002233816985,0.0182526563364475,0.0519975258719302,-0.075000000049699,0.0749999999836137,-0.0311947317769298,-3.49842420241064e-11,0.0749999999804395,0.0499999999996904,-7.32066677202961e-09,0.0749999998694888,-0.000562087071670359,0.0173153952979072,-0.00298436067681549,0.594732002940264,-0.0256709961291125,0.0777634368065263,0.000103167968096846,-0.00731691213702883,-0.400000006753098,0.149999999667886,0.399999985610662,-0.342080927336665,0.149999999872368,0.268339590523791,0.399999946209432,0.194272886526402,0.01,0.544139130765093,0.150995365082518,0.01,0,0,0,0,0.01,0,0.01,0.01,0.748684188162171,0.01,0.01,0,0.102528400367154,0.01,0,0.01,0.01,0,0.01,0.0912916345381213,0.01,0,0,0.01,0,0,0,0,4.38845932444034,5.2558938192513,4.73523332638295,4.90911981730868,0,1,0,0,0,0,0,1,0,0,1.15229722396016,0,0,1.17296352283917,0,0,0,1,1,0
501,-0.0462144276970514,0.0788465851346091,0.0445609553152327,0.130000000101335,-0.0572272839058916,0.0446291339857142,-0.0100008420800289,-0.0356834434176677,0.0414438023355884,0.609704737398742,-2.1960188273632e-06,2.63291723846572e-06,0.792656036925827,-0.0365002050025908,0.0193543950604836,0.051997958457587,-0.0749999999999795,0.0306074455363541,-0.00101053511790631,5.0420500498312e-14,0.0750000000000026,0.0498537317608516,0.00141985261265817,0.0590376624306121,-0.000265643318162033,-0.0326877660794833,-0.010042893923448,0.851940256111463,-0.0370677550325552,0.0377110819579928,-0.00208820228429016,0.400000000000008,-0.399999999999966,0.249999999999998,0.399999999999971,0.354840322087159,0.237769012939364,0.399999999999965,-0.39999999999997,0.25,1.12844935684945,0,0,0,0,0,0,0,0.01,0.909724170479233,0.01,0.01,1.82473466792189,0.01,0.924300675938905,0,0.871515520883248,0,3.55247759230422,0.01,0.01,1.15966324063481,0.477397015342393,0,0,0,2.91303216201192,0.01,0,1,1,1,4.06674603427665,4.81467944477907,4.22170315224382,4.6597223268119,0,0,0,0,0,0,0,1,0,1,0,0,0,0,0,1,1,1,0,0
502,-0.0456709067200797,0.078588179288312,0.04448908108141,0.130000000101307,-0.0583741056097418,0.0451618985735063,-0.00999999989872699,-0.0369450889467482,0.0409815017064625,0.610835845893066,4.00166140233381e-06,-1.31747286817551e-06,0.791784766998631,-0.03633819043727,0.0190145707278611,0.0519971675973867,0.0750000000000014,-0.0510575995280802,-0.00830916831037821,4.16154259233175e-14,-0.0749999999999962,0.00365372141480542,-8.51784100167514e-15,-0.075000000000008,-0.0460894735788184,0.000415452882768324,-0.00310930207244445,-0.665895682781528,0.0404882592974936,-0.0595043867177264,0.000176624996889231,-0.314176908246795,-0.132730845112186,0.249999999999999,0.399999999999988,0.129070681004202,0.179628759930965,0.399999999999995,0.399999999999997,0.250000000000001,0.01,0,0.0292365176727764,0,0,0,0,0,0.01,1.22309437891993,0.01,0.01,0.48896810964923,0.01,0.01,0.455831417302296,0.0618379329531845,0,2.19771858065857,0.01,0.01,0,0.01,0,0.01,0.981942406688987,0.813157376836344,0.01,0,1,0,1,4.43416913124951,5.05742892465288,4.72091571499695,4.77068234090545,0,0,0,0,0,0,0,0,0,1,0,0,0,1,0,1,0,0,0,0
503,-0.0448255545258447,0.0800164008353042,0.0439018764955183,0.128628503324211,-0.0575077639790662,0.044770662684185,-0.00999999949366837,-0.0365263282588246,0.04046302565724,0.612851781489983,-3.17665785865178e-05,1.81196218229349e-05,0.790225481735319,-0.0360103711629083,0.0187391811338926,0.0519958293916848,0.0118337755762521,0.0750000003165287,-0.0500000000177425,-0.0750000002922281,0.075000000528784,-0.0425462785567132,-2.88526382820305e-10,0.0512908101560958,-0.00208562535523037,0.0155812442791803,-0.0136168918295235,0.101400546888217,-0.00982236231205572,0.0332303722432192,-0.000282083416206522,0.378750540650227,-0.399999869538365,0.249999992685479,0.399999879558985,0.400000217943652,0.249999976356427,0.399999881870017,-0.399999937285901,0.249999953269173,1.00449270174719,0,0,0,0,0,0,0,0.01,0.921470329212761,0.01,0.01,1.88512543852853,0.01,0.842895442805759,0.01,0,0.01,3.55802920478127,0.01,0.01,1.2348591840002,0.330973611044999,0,0,0,2.93125227970649,0.01,0,1,1,1,4.00399590405041,4.74552122322814,4.11787267429966,4.63164445297889,0,0,0,0,0,0,0,0,1,0,0,0,0,0,0,1,1,1,0,0
504,-0.0431736303677039,0.0789819548352514,0.0431890965478387,0.129828412705343,-0.0586435092436912,0.0437427278869553,-0.00999999896232824,-0.0379646249381357,0.0400000231196558,0.612971542453438,3.15888369099691e-05,-1.16898922514865e-05,0.790132597344872,-0.036017809073567,0.0188666964724756,0.0519964010869419,0.0565046752646506,-0.012474566743945,0.00420841657881633,0.0750000000629296,-0.0749999999808008,-0.0500000000019105,8.13119879232002e-11,-0.0750000000606517,-0.000231434550235266,0.165818764414154,-0.0128825280669545,-0.485712722106449,0.0242069689224632,-0.0486199992423437,0.00500836994098329,-0.252184343523679,-0.250972921929079,0.150000001051845,0.399818669188789,0.104737026861357,0.23939848183024,0.400000033509835,0.399999975002978,0.249999999324321,0.01,0,0,0.01,0,0,0,0,0.01,1.24770168624157,0.01,0.01,0.552051493528551,0.01,0.01,0.514587381296496,0.096820074364809,0,0,0.01,0.01,0,0.01,0,0.01,0.980146042716051,0.819004646861084,0.01,0,1,1,0,4.41079617094639,5.05151248606896,4.70657959880115,4.7557290582142,0,0,0,0,0,0,0,0,0,1,1.0068246163467,0,0,1,0,1,0,0,0,0
505,-0.0419835943085858,0.0795677262794981,0.043808698063516,0.13000000009796,-0.0581160676093496,0.0432834177883284,-0.00999999954598781,-0.0369213155568678,0.0403964920540498,0.614492668233227,-6.17376887026479e-05,3.35037287257571e-05,0.788950205815626,-0.0357586194888961,0.018466752538164,0.0520056028697003,0.0624691127586893,0.0706361551238932,0.0499999999985933,-9.10559169922369e-12,0.0749999999804854,0.00379998604145626,-3.25669503507016e-08,0.0146650812679554,0.00933047233256244,-0.0655089450937378,0.00871612613117927,0.149171230948578,-0.0151929835222335,0.0438606434843806,-0.000892506767357441,-0.177603082500683,-0.399999989527342,0.1499999994202,0.399999996229554,-0.334327332932864,0.15000000050043,0.317458524460878,0.400000017790545,0.176501060021528,0.01,0.653885097648844,0.0314457230807583,0.0228759944186429,0,0,0,0,0.01,0,0.01,0.01,0.71794356855132,0.01,0.01,0,0.0844349372701051,0.01,0,0.01,0,0,0,0.0902710064703309,0.01,0,0,0.01,0,0,0,0,4.33581447158165,5.1877302665971,4.67607826091925,4.8474664772595,0,1,0,0,0,0,0,1,0,0,1.14513621757366,0,1,1.17575170583174,1,0,0,1,1,0
506,-0.0427682961300435,0.0795689950487322,0.0443100728052626,0.130000000101335,-0.0561960886750392,0.043895667446658,-0.0100005619894159,-0.0358813974783279,0.0404808109091188,0.610863477740781,1.13485911147624e-05,9.80255987715101e-06,0.791763612161985,-0.0362201377034557,0.0192648215791167,0.0519968287260302,-0.0750000000000001,0.00982080608076363,-0.00318837616970713,-8.64379997347064e-15,0.0749999999999641,0.0500000000000087,-0.00107442493548776,0.0495622156839216,7.08058119444351e-06,-0.0566421873857797,0.0269773454907133,0.714771828343627,-0.0358092024636946,0.0255418308828036,0.00075852420180708,0.387631156381858,-0.399999999999972,0.249999999999997,0.399999999999974,0.399999999999985,0.250000000000004,0.399999999999972,-0.399999999999971,0.249999999999999,0.836279633174927,0.01,0.41918439832717,0,0,0,0,0,0.01,0.927437829292463,0.01,0.01,1.54395825304736,0.01,1.50953950424111,0.01,0,0.01,3.39178343883376,0.01,0.01,1.10285010516041,0.0690719113383745,0.176368614971354,0,0,2.95403878559486,0.01,0,0,0,1,3.97449707520632,4.689811192248,4.09574212630354,4.56856614115078,0,0,0,0,0,0,0,0,1,0,0,0,0,0,0,0,1,1,0,0
507,-0.0421413269066666,0.0791513189038678,0.0442418609956887,0.130000000101305,-0.0573680557503687,0.0444313573389046,-0.00999999989872224,-0.0373484571292504,0.0400675945565623,0.612690166535217,4.23349500228462e-06,-1.40547107606136e-06,0.790350981367045,-0.0360393147347668,0.0187748929071598,0.0519971525864938,0.0750000000000007,-0.059682932349909,-0.00648640107446279,-1.38389453996064e-15,-0.0749999999999969,0.00379998751804925,-9.24860876504024e-15,-0.0750000000000068,-0.0435959127548948,0.00376243186770365,-0.00429083676765791,-0.766033055493578,0.0413449114432677,-0.0650146473231085,0.000349339990426785,-0.308162732885028,-0.039046443507581,0.149999999999994,0.39999999999999,0.1583102830028,0.195703426199709,0.399999999999995,0.399999999999997,0.250000000000003,0.01,0,0.0636783972743416,0.01,0,0,0,0,0.01,1.25345985113422,0.01,0.01,0.574154315169369,0.01,0.01,0.547927458729416,0.10370568913281,0,0,0.01,0.01,0,0.01,0,0.01,1.02661256946699,0.800963748289839,0.01,0,1,0,0,4.39369943910069,5.02356665138757,4.68542196425865,4.73184412622962,0,0,0,0,0,0,0,0,0,1,1,0,0,1,0,1,0,0,0,0
508,-0.0415462474399302,0.0802671388433546,0.0445789816965904,0.130000000079691,-0.0566211916801409,0.0446871107251474,-0.0099999977279544,-0.0369171827727646,0.0401133855744232,0.615222242589996,-1.48900652955994e-05,1.2560495365674e-05,0.788381629101872,-0.0357016264595664,0.0184965918707255,0.0519962734515233,-0.0148577203375102,0.0749999999964649,0.0379526692815859,1.17359634246072e-11,0.0749999999911064,0.0216859227170126,2.0844336690551e-10,0.0590056213513615,0.00299787348680978,-0.0103270015860881,-0.00537827665984812,0.0783470173130817,-0.00814123316139156,0.0374481939209227,0.00102302850056794,-0.123151119365213,-0.400000001456912,0.149999999800004,0.400000004827326,-0.286128782787464,0.150000000211247,0.324899430022945,0.400000021665564,0.190402386126166,0.01,0.654124474349596,0.0756125808698103,0.0127544536949009,0,0,0,0,0.01,1.19081045392153,0.01,0.01,0.697402498007616,0.01,0.01,0,0.105443297007817,0.01,0,0.01,0.01,0,0.01,0.115528216209685,0.01,0,0,0.01,0,0,0,0,4.27215272259651,5.09633503370019,4.59904613760063,4.76944161869607,0,0,0,0,0,0,0,1,0,0,1.144166321351,0,0,1.16058250567589,0,0,0,1,1,0
509,-0.0430143685619482,0.0798374252963518,0.0449601251622638,0.130000000101331,-0.0547012127604454,0.0455652316872079,-0.00999999987468505,-0.035550701469388,0.0401222544183025,0.611976662336856,2.72832800031653e-06,1.16368317217507e-06,0.790903701343804,-0.0360982452308691,0.0196574201939653,0.0519983511699086,-0.0750000000000001,-0.00324310952427028,-0.0049322095457677,-1.30153670859637e-13,0.0749999999999651,0.0500000000000135,-5.2712826736114e-08,0.0585319523058149,0.000474706929629086,-0.0532141245608916,-0.00638144185842848,0.711568144311624,-0.0337469823022867,0.0472216521807815,-0.0021211606644323,0.3898400437444,-0.399999999999975,0.249999999999999,0.399999999999976,0.399999999999986,0.250000000000006,0.399999999999975,-0.399999999999973,0.249999999999999,0.839403486673826,0.01,0.434450150085199,0,0,0,0,0,0.01,0.907518118876316,0.01,0.01,1.57845807653454,0.01,1.47746110329995,0.01,0,0.01,3.36807900570883,0.01,0.01,1.08317676839488,0.0962987522026521,0.199949559352614,0,0,2.94612403682561,0.01,0,0,0,1,3.93217710453979,4.6485237297409,4.05138689116673,4.52931394311397,0,0,0,0,0,0,0,0,1,0,0,0,0,0,0,0,1,1,0,0
510,-0.0423247872543901,0.0795707395025784,0.0448494965756637,0.130000000084532,-0.055862906539999,0.0461009216590205,-0.00999999500430463,-0.0369410564533707,0.0399999999876738,0.61339292265135,4.10286281048838e-06,-1.00096374672011e-06,0.78980587286511,-0.035933911956313,0.0192848591357532,0.0519971243847872,0.0750000001560587,-0.0535595661677893,-0.00870578500487434,1.95557340258654e-10,-0.0749999998607879,0.00379999032177252,-5.73347243967572e-11,-0.0750000002045151,-2.9959034486825e-12,0.00261371191158069,-0.00253561092832273,-0.712716265242105,0.0398393547047062,-0.0599853299420172,0.000271869648649273,-0.288202011146294,-0.0594391198558546,0.15000000257431,0.40000008062971,0.148145926916173,0.197585929789863,0.399999976397582,0.399999915710561,0.249999998778451,0.01,0,0.0473031130106312,0.01,0,0,0,0,0.01,1.24186606585612,0.01,0.01,0.473963675038351,0.01,0.01,0,0.117498184035158,0.0664429379964912,0,0.01,0.01,0,0.01,0,0.01,1.03656797662598,0.806952154392656,0.01,0,1,0,0,4.36424466646325,4.98492718884927,4.62333641912446,4.72583543618806,0,0,0,0,0,0,0,1,0,0,1.09237344199738,0,0,1,0,1,0,0,0,0
511,-0.0420059424195048,0.0802796459640087,0.0452673598064863,0.13000000043957,-0.0549872655751074,0.0460796206659546,-0.00999999976192663,-0.0364885733280162,0.0401694571540949,0.615832303587339,-1.19552316819799e-05,8.90257830131206e-06,0.787905353034936,-0.0355798257278413,0.0189766320181813,0.0519964224450031,-0.0412249024642521,0.0750000001368208,0.0476841656872426,-3.72997097426617e-10,0.07499999999102,-0.00588161864552494,-3.4474844448775e-10,0.0489153784509088,0.00198766320640291,-0.0375095317395167,-0.000838796158759345,0.0801260103156045,-0.00763525757603183,0.0354747419530193,-0.00098544624072009,0.399999766583635,-0.399999943605065,0.243804703247425,0.399999846273444,0.385942605659816,0.249999961902668,0.399999855441494,-0.399999904180108,0.249999891244643,0.820867228359815,0.01,0.2427942219969,0,0,0,0,0,0.01,0.924676515931859,0.01,0.01,1.89313620617805,0.01,0.778921530668137,0.01,0,0.01,3.49102039362719,0.01,0.01,1.29033217347246,0.199122386548888,0,0,0,2.89792260755022,0.01,0,0,0,1,3.96521627081294,4.69424134430556,4.08550099463839,4.57395662048011,0,0,0,0,0,0,0,0,1,0,0,0,0,0,0,1,1,1,0,0
512,-0.040701427770478,0.0794657219958306,0.0456928922653661,0.130000000079997,-0.0561448747583182,0.0454976789780014,-0.0100000024519167,-0.03790192424125,0.0399999999879783,0.616871669685456,-3.75584860608399e-06,7.12430374602067e-06,0.787091900121587,-0.0354839264855418,0.0189735874558461,0.0519965760556359,0.0750000001473811,-0.0338973322883327,-0.00683915671337302,1.89070335892398e-10,-0.0749999998219575,-0.0500000000089198,1.31578560777263e-10,-0.0750000001689476,-5.27433533458423e-12,0.0254313974802571,0.00880603853202193,-0.717435200453977,0.0338605170799793,-0.0529855421256175,-0.00128335830146739,-0.169043572024769,0.142132446318187,0.157502810534007,0.400000077957227,0.195765208124179,0.242274574363952,0.400000054224613,0.399999930369827,0.249999997839368,0.01,0.602557795133928,0.0490688694130861,0,0,0,0,0,0.01,1.26452683595281,0.01,0.01,0.652234770918685,0.01,0.01,0.579760950865781,0.169997646881426,0,0,0.01,0.01,0,0.01,0,0.01,1.07793372848291,0,0.01,0,0,0,1,4.31747337760808,4.97053428352678,4.57861474357438,4.70939291756049,0,0,0,0,0,0,0,0,0,1,1.06587182164769,0,0,1,0,1,0,0,1,0
513,-0.0414481512210393,0.0784880319503374,0.0458273235586162,0.130000000091991,-0.0554769467400042,0.0450383689235828,-0.0099999995343358,-0.0374013402623579,0.0402916235144017,0.618767975462286,1.22164612690805e-05,2.8919354926963e-05,0.785602047554916,-0.0351888787696067,0.0182378376694999,0.0520001101136528,-0.0749999999981042,-0.03589418025778,0.0156771089776749,1.02221429367772e-11,0.0750000000072425,0.00379998416411588,3.0037157035166e-08,0.0350476250183831,0.0120799171228242,-0.0236447583400276,0.000828302632122968,0.071491544514949,-0.00880440436857112,-0.00448371601400416,-0.00222592516317316,0.140692173133486,-0.262918958324911,0.223020759463402,0.400000004201025,-0.271463341476027,0.150000000031892,0.332566220969651,0.400000008047554,0.175326329532369,0.01,0.579963969086438,0.194469604731985,0.0785376729733526,0,0,0,0,0.01,1.17520412518881,0.01,0.01,0.624510387876989,0.01,0.01,0,0.0811709943074415,0.01,0,0.01,0.01,0,0.01,0.143501987190691,0.01,0,0,0.01,0,0,0,0,4.17846442252868,5.01309624914161,4.5107638428843,4.680796828786,0,0,0,0,0,0,0,1,0,0,1.1326137410622,0,0,1.14935495845073,0,0,0,1,1,0
514,-0.0430912462090838,0.0783766532115327,0.0459132882919583,0.130000000085651,-0.0535593143929739,0.0456506183487032,-0.0099999991069303,-0.0370310526634004,0.0403017226454974,0.615636895957371,-2.6998145859599e-06,7.6925692738067e-08,0.788058172302151,-0.0355685967292613,0.0184210905948384,0.0519978044784108,-0.0749999999986781,0.00730527224829833,-0.00114850655299417,1.42650100865083e-11,0.0750000000064414,0.0500000000002329,-2.57215070412858e-09,0.0300006732471915,-0.000226369880793641,0.00176705726105124,0.000286551200808337,0.550631426297073,-0.0252935469382731,0.0175288072497849,-0.000192247799973969,0.162449705248632,-0.400000002515365,0.241230652337076,0.400000005907046,-0.33442674227623,0.150000000095992,0.31756134315425,0.400000015089689,0.191959295789406,0.01,0.543973436639758,0.230025557065404,0,0,0,0,0,0.01,1.14911795289347,0.01,0.01,0.60527896257524,0.01,0.01,0,0.072984323035615,0.01,0,0.01,0.01,0,0.01,0.0963163932827678,0.01,0,0,0.01,0,0,0,1,4.12977220582264,4.98914917000702,4.47363696554781,4.64528441028185,0,0,0,0,0,0,0,1,0,0,1.12772064615763,0,0,1.15321215165699,0,0,0,1,1,0
515,-0.0447598282549759,0.0786749878256399,0.0457367342550675,0.130000000101326,-0.0516393351959191,0.0466653686737967,-0.00999999988222903,-0.0362498500769006,0.0403028068936179,0.610602427795732,-6.31490140760268e-06,1.57729367262204e-06,0.791965497736027,-0.0361509457668755,0.0189043400269076,0.0519974776966628,-0.0749999999999855,0.0207828651563034,-0.0101546076412643,-1.64872556591765e-13,0.0749999999999711,0.0500000000000069,-2.81813932406063e-10,0.0463228040004447,-1.42974715071042e-05,0.00528310754643843,-0.000209177919634339,0.698310936965524,-0.0318569220450866,0.030002089739568,0.000170345302751334,0.400000000000006,-0.399999999999981,0.249999999999998,0.399999999999983,0.399999999999988,0.250000000000003,0.399999999999981,-0.399999999999982,0.249999999999999,0.771097186891549,0.01,0.342758816167344,0,0,0,0,0,0.01,0.942331810873744,0.01,0.01,1.50842124377474,0.01,1.43164979328393,0.01,0,0.01,3.31968679445279,0.01,0.01,1.11131035459944,0.0336042557531876,0.18152762149537,0.01,0,2.88744005059516,0,0,0,0,1,3.82783291638991,4.51463416118656,3.93290525699431,4.40956182058216,0,0,0,0,0,0,0,0,1,0,0,0,0,0,0,0,0,1,0,1
516,-0.0441080141288888,0.0783230209547727,0.0456444347680727,0.130000000099046,-0.0527048637492456,0.0472010585748962,-0.010000000071939,-0.0376837733228465,0.0399999999882762,0.612222624125681,4.70695451287144e-06,-1.45030570149102e-06,0.790713744799977,-0.0359494839603873,0.0184673022171874,0.0519971490277515,0.0749999999949107,-0.0557735630388443,-0.00737567289684277,1.09548394324826e-12,-0.0750000000035271,0.00379998759703116,2.88493669016365e-12,-0.0749999999994467,-4.92675206681023e-13,0.00333055397245391,-0.00291005871272297,-0.713351924591712,0.0418916131054951,-0.0628787521341081,0.000293629970825369,-0.246183086964429,-0.400000000317161,0.1880479134131,0.40000000048878,-0.128750234979563,0.14999999996736,0.319704966712274,0.400000000228071,0.176328128123274,0.01,0.743364280026351,0.0437056917905544,0.01,0,0,0,0,0.01,1.04671584494951,0.01,0.01,0.564774532370825,0.01,0.01,0.855976116064106,0.01,0,0,0.01,0,0,0,0.329791158664258,0.01,1.90649289493407,0,0.01,0,0,0,0,4.1270474552938,4.90050496539956,4.44155304826292,4.58599937243044,0,0,0,0,0,0,0,0,0,1,1.03146283233987,0,1,1,1,0,0,0,1,0
517,-0.0441746224232415,0.0774578041569776,0.0454181099148887,0.130000000087417,-0.0517415724268958,0.0472801863870039,-0.0100000000157606,-0.0376839720772062,0.0401531111085972,0.61385788030704,1.36811015683849e-06,-6.28563896779053e-06,0.789444951144213,-0.0356817987439205,0.0177012394660364,0.0519966531250768,-0.0749999999932414,-0.00498823437642014,-0.016083607490357,5.56026318853585e-11,0.0750000000076261,0.00411123720021672,9.52127124569634e-10,0.000937829852779622,-0.00165122080838778,-0.0125550300753878,-0.0111594859870364,0.172802028234754,-0.0136536169129072,0.000866516986859805,-0.000415111792757541,0.0230771011030419,-0.400000016236464,0.150000000376358,0.400000022952292,-0.303444392151721,0.149999999344557,0.400000116993655,0.400000015634161,0.191373736763785,0.01,0,0.224341687086014,0.0572573205471316,0,0,0,0,0.01,1.23638974582657,0.01,0.01,0,0.01,0.0470784253073669,0,0.01,0.01,0,0.01,0,0,0,0.202878299395921,0.01,0,0,0,0,1,0,0,3.96275046393398,4.85477591463789,4.25294614487133,4.56458023370054,0,0,0,0,1,0,0,1,0,0,1.41870310049283,0,1,1.1574361044312,1,0,0,1.20239236964466,1.00200096006153,1
518,-0.0444368455963531,0.0774135668861405,0.0453905143167694,0.130000000101303,-0.0498215933862854,0.0478980387795765,-0.00999999985464706,-0.0376224575797811,0.0401566513824103,0.613297036548249,3.00817343196488e-06,-1.04596140473501e-06,0.78988073878536,-0.0357613557272656,0.0177107940407412,0.0519980596924547,0.00276346911146802,0.000385019621643312,2.32563254070762e-05,-1.30728602852511e-13,0.0750000000000027,0.0499999999999908,1.84358395452801e-09,-0.000635905452482316,-0.000111738247320423,0.00120083988013219,-0.000173207442368123,-0.0273531879850819,0.0012973170597919,2.62664412060329e-05,-0.000108826929667652,0.167263114697947,-0.399999999999996,0.249999999999999,0.399999999999983,-0.0335565317322625,0.149999999999996,0.399999999999968,0.399999999999993,0.217222754104028,0,0.357906568141371,0.0867542343525301,0,0,0,0,0,0.01,1.3518594641198,0.01,0.01,0,0.01,0.212635941643841,0,0.01,0.01,0,0.01,0,1.13017677899783,0,0.773454929377482,0.01,0,0,0.01,1,0,0,1,3.9199354408484,4.63185299953723,4.17322721757128,4.37856122281435,0,0,0,0,1,0,0,1,0,0,1.27142582983187,0,1,0,1,0,0,1,1,0
519,-0.0445065796144814,0.0774215075571397,0.0453866947697329,0.130000000101334,-0.0481800743628151,0.0489379167786737,-0.00999999988494722,-0.0375955513876197,0.0401577719518613,0.613036288756746,-4.74483514777036e-06,-3.80973530021517e-07,0.790083125965893,-0.0357925633881229,0.0177230652440745,0.0519974616467633,-0.00632734780706784,0.000708205875687286,-6.11917240267236e-05,-1.24201204765064e-13,0.0750000000000028,0.0499999999999813,2.56522262598024e-10,0.00265607893185112,9.31839281032932e-05,-0.000174427399942031,3.02860800492989e-06,0.0636779385733972,-0.00294575000438189,0.00116123517803417,3.66316767411151e-05,0.394715965072555,-0.400000000000007,0.149999999999996,0.399999999999986,-0.399999999999999,0.149999999999992,0.400000000000006,0.256170546610096,0.149999999999999,0.499842372630921,0,0,0,0,0,0,0,0.01,1.01726249385625,0.01,0.01,0,0.01,0.147357075962361,0,0,0.01,0,0.01,0,0,0,0.01,0,0,0,0.01,0,1.12284159173663,1,1,3.36426355257871,4.33044344367388,3.66363806698644,4.03106892926615,0,0,0,0,1.28423892593718,0,0,1,1.07925246001565,0,1.85301045789418,0,1,1.060562593003,1,0,1,1.29061658609402,1.4137273477012,0
520,-0.0431992793436995,0.0767182165429382,0.045475626107597,0.130000000101313,-0.0462600952374124,0.0494736067212152,-0.00999999989866912,-0.0388019981589931,0.0406705995140876,0.61694492515689,5.54996959162597e-06,-5.4625135153534e-06,0.787034915355699,-0.0352275195751324,0.0168995034390364,0.0519976929856322,0.0749999999999995,-0.0750000000000108,0.00208410468192578,-1.31792728779644e-13,0.0749999999998986,0.00379998680770707,-6.64733209287314e-14,-0.0749999999999897,0.0500000000000002,-0.00631231781553921,-0.0104151903078166,-0.882089770584588,0.0525033490219194,-0.0820101833562817,-4.56620333015916e-05,0.1398474056685,-0.400000000000004,0.15,0.399999999999983,0.399999999999958,0.232634289468903,0.399999999999974,-0.399999999999996,0.234019195241185,0.400794623046739,0.01,0.352287137774958,0.201061610370231,0,0,0,0,0.01,1.07552930349376,0.01,0.01,1.72613643264822,0.01,0.703716170590636,0.01,0,0,3.57407242752992,0.01,0,0,0.01,0,0.01,0,0,0.01,0,0,0,0,3.90151766952586,4.57129927129144,3.94985423060691,4.52296271021038,0,0,0,0,0,0,0,0,1,1,0,0,1,1.2121009091709,0,1,0,1.06935068567486,1.16569213994622,0
521,-0.0413893655455315,0.0753865515424259,0.0454491624478758,0.130000000101319,-0.0455530764170224,0.0493639121537215,-0.00999999988087568,-0.040527348732805,0.0408656105930893,0.623975443535824,7.7335523090883e-06,-4.40037328687612e-06,0.781472998944956,-0.0343363168838182,0.0154718051333528,0.0519969007688498,0.0749999999999996,-0.0602938730390153,-0.0015595371097473,-4.29277958695553e-14,-0.00390353227086554,-0.0146770424793345,-3.73130290626119e-08,-0.074999999999981,-0.00053215438052685,-0.00205365622868073,-0.00892811451861745,-0.9615157270314,0.0437136273845834,-0.0657043737036294,4.0305581109334e-05,0.4,-0.400000000000003,0.15,0.399999999999993,0.399999999999997,0.249999999999997,0.399999999999974,-0.399999999999992,0.249999999999998,0.463429172124753,0.0283800724031196,0.261317242235343,0.0825801040186772,0,0,0,0,0.01,1.06875117861633,0.01,0.01,1.80441733233358,0.01,0.614466260956701,0.01,0,0,3.55099107325582,0.01,0,0,0.01,0,0.01,0,0,0.01,0,0,0,0,3.82085195697665,4.55974309874339,3.90478427206006,4.47581078365998,0,0,0,0,0,0,0,0,1,1,0,0,1,1.20234503573297,0,1,0,1.06695086310003,1.15439990940246,0
522,-0.0396844885788154,0.0741464924176191,0.0454405660169925,0.130000000101319,-0.0455416678562525,0.0489779131823293,-0.00999999988389671,-0.0422333821474614,0.0408566561762059,0.630903818078836,7.26464189094629e-06,-4.3055284482686e-06,0.775890566171231,-0.0335073923417808,0.0141547177682728,0.0519969119001514,0.0749999999999995,-0.062832589354605,-0.000392639261532775,3.47749470008747e-14,0.00499987155897835,-0.0238768558338609,-3.53785728003663e-08,-0.0749999999999999,-0.000389621312141036,-0.00557175379585662,-0.0085600131041948,-0.926406299763343,0.0424248494595768,-0.0668814098031374,4.07438392432781e-05,0.3488530634477,-0.400000000000006,0.249999999999993,0.399999999999994,0.399999999999997,0.250000000000004,0.399999999999977,-0.398525299844316,0.25,0.301797541828794,0.227093060479977,0.233743352343781,0.149338981653148,0,0,0,0,0.01,1.05717622326372,0.01,0.01,1.75502865752348,0.01,0.554035375187689,0,0,0.01,3.53402619998474,0.01,0,0,0.01,0,0.01,0,0,0.01,0,0,0,0,3.79213792383535,4.55295033939362,3.87396803560356,4.47112022762541,0,0,0,0,0,0,0,1,1,0,0,0,1,1.1482355396864,0,1,0,1.10296250100153,1.15615335978532,0
523,-0.0381001124648393,0.0728541039428942,0.0454397546537821,0.130000000010733,-0.0457677987024166,0.0483161906602586,-0.0099999996928563,-0.0439347208558831,0.0408484088744656,0.637242295921984,8.53214308401223e-06,-5.00799123144207e-06,0.770693447930835,-0.0327397413343777,0.0128007029986064,0.0519970435040739,0.0749999999335292,-0.0654483551706981,-0.000165228872044303,3.28330357772319e-10,-0.0274507273064023,-0.0422037675721541,-3.44888206991705e-08,-0.074999999674703,-0.000398462752991946,-0.00483920045443687,-0.00422926281515696,-0.830978122421088,0.0382944808471146,-0.0689843768696821,0.000102362063218621,-0.400000027451633,-0.0693204847876889,0.250000001251992,0.319484356912502,-0.0648977854042301,0.202953293225009,0.379216537961504,0.348914848825544,0.202200689030943,0.01,0.673412280184877,0.01,0.01,0,0,0,0,0.01,1.34743998718996,0.01,0.01,0,0.01,0.01,0,0.01,0.01,0,0.01,0.01,0,0.01,0.958945898220898,0.01,0,0,0,0,0,0,0,3.93663854295638,4.76360753201062,4.18117732458628,4.51906875038072,0,0,0,0,1,0,0,1,0,0,1.27704472559504,0,0,1,0,0,0,1.14229406459491,1,1
524,-0.0392828082731016,0.0724138539654915,0.0459677504878274,0.130000000107256,-0.0442225360478443,0.0480128053687943,-0.00999999839970766,-0.0441938354039982,0.0408607165288561,0.638956844885441,-5.40001124074894e-06,2.6552210809322e-06,0.769272615030256,-0.0325213877250164,0.0126320506907389,0.0519976114835756,-0.0749999999857402,0.0238414539242458,0.0500000000012707,2.14003425800498e-11,0.0749999999960797,0.0115962443857596,-1.12684893537238e-08,0.0349770479291161,0.000232703277402718,-0.00845644392638945,-0.00220475770334936,0.181332543320459,-0.00890652147863458,0.033303498031979,-0.000260994680363368,-0.202381788169249,-0.399999955828434,0.227878594422972,0.40000000879963,-0.171833015200849,0.149999997402195,0.354009697683394,0.0771310798995655,0.206536617587114,0.01,0.803202699088241,0.01,0.01,0,0,0,0,0.01,0,0.01,0.01,0,0.01,0.01,0,0.01,0.01,0,0.01,0,0,0.01,0.880808439761714,0.01,0,0.01,0,0,0,0,0,3.90308976711576,4.76541425475139,4.19370798374801,4.47479603811914,0,1,0,0,1,0,0,1,0,0,1.32698827998474,0,1,1,0,0,0,1.14543871577382,0,1
525,-0.0412017175362901,0.073325802435315,0.0469720296415543,0.130000000053287,-0.0423540263592428,0.0487561153050802,-0.00999999985711262,-0.0457151542103365,0.0413909892012746,0.638633123396093,-7.67402560389075e-07,5.73062613424546e-07,0.769541384141624,-0.0325742564296832,0.0128438896419523,0.0519974250384051,-0.074999999939381,0.0671369101633277,0.0500000000019638,8.25701698399911e-11,0.0750000000967736,0.0499999999979567,3.82716422278547e-10,-0.0749999998442497,0.0500000000021781,-0.00619936898659993,-0.000885078872550106,7.29588583909604e-08,-4.77578913214223e-05,0.000329676358358335,-4.16632196006398e-08,-0.095813432931745,-0.399999991909792,0.177308689001611,0.400000033985308,-0.204152351246964,0.149999999157878,0.377492390195034,0.400000064191134,0.159899282287436,0.01,0.774935592954217,0.01,0.01,0,0,0,0,0.01,0,0.01,0,0,0.01,0.01,0,0.023455283798114,0.01,0,0.01,0,0,0.01,0.905002012419452,0.01,0,0.01,0,0,0,0,0,3.86688542808635,4.74310117113215,4.18595816204696,4.42402843717155,0,1.05919206330111,0,1,1,0,0,1,0,0,1.27842759899537,0,1,1,0,0,0,1.11071465596286,0,1
526,-0.042988594928774,0.0735267849269301,0.0479794821382358,0.130000000041161,-0.0404743796560839,0.0497810050521696,-0.00999999974203755,-0.0476351331436528,0.0424086762211442,0.638633123304317,7.45037168087542e-08,-6.40470312736568e-08,0.769541384175451,-0.0325742329709258,0.0128437938227295,0.0519974248795647,-0.0750000000063266,-0.0464706355379712,0.050000000000143,-3.47409099277192e-11,0.074999999931822,0.050000000003265,7.56455885407373e-11,-0.0749999998879558,0.0500000000042992,6.95329336460983e-05,8.397389524178e-07,1.20155400916394e-10,1.6724586835047e-07,-4.34709967827559e-06,-2.78645643588846e-10,-0.140943494043113,-0.180720485114824,0.18140949128558,0.399999985728062,-0.246781966777932,0.150000001345709,-0.0950505236478804,-0.399999953821964,0.15000000177199,0.01,0.823699124347755,0.01,0,0,0,0,0,0.01,0.592808362765098,0.01,0.01,0,0.01,0.01,0,0.01,0.01,0,0.01,0.01,0,0.01,0.806277839072292,0.01,0,0,0,0,0,0,1,3.83901152650314,4.69839547412427,4.12078445405284,4.41662254657458,0,0,0,0,1,0,0,1,0,0,1.39269768963249,0,0,1,0,0,0,1.24348288980454,1,1
527,-0.044614965602948,0.071663864584839,0.0485151721337238,0.13000000008317,-0.0387263123146104,0.0504423557945416,-0.0100000002335586,-0.0465011779171203,0.0434651662220426,0.638633123337021,-2.6361178380379e-09,2.42640338383295e-09,0.769541384157927,-0.0325742347824379,0.0128438042769469,0.0519974248753005,-0.0749999999899183,-0.0749999997640061,0.0038000000039199,-8.15550451224686e-11,0.0749999999586968,0.0163035565460698,8.81624475817823e-11,0.0750000002981072,0.0500000000104518,7.7930325398442e-06,1.60806045448531e-06,-3.7785385861778e-11,7.99176068908694e-08,-3.77410552673779e-07,-6.282936589865e-11,-0.217705067764446,-0.399999902736793,0.250000001614144,0.399999966426536,-0.345893214281838,0.150000002722173,0.234628779042002,0.400000122862859,0.150000004307816,0.01,0.988759932785992,0.01,0.01,0,0,0,0,0.01,0,0.01,0,0,0.01,0.01,0.77681422204968,0.01,0.01,0,0.01,0,0,0.01,0.80656139957794,0.01,0,0,0,0,0,0,0,3.68417636819079,4.62204054595382,4.02710168648348,4.27911522766113,0,1.14669558946432,0,1,1,0,0,0,0,0,1.41947346629575,0,1,1,0,0,0,1.21834243401052,1,1
528,-0.0461225040520217,0.0706087622366451,0.0487256428549291,0.130000000040157,-0.0368078424894151,0.0512364004555636,-0.010000000243061,-0.04770113309814,0.0441716834527971,0.63617120298442,4.65218779534354e-06,-6.10948245668457e-06,0.771577906417862,-0.0327275829287476,0.0120925803705639,0.0519974485309745,-0.0749999999733339,-0.0709133149841105,0.0143332826863297,-7.02831210657644e-13,0.0749999999542863,0.0500000000033343,1.17113803302854e-10,-0.074999999878115,0.0207977389195317,0.00405769313030791,-0.000330002595408948,0.485906133930117,-0.0123378901269597,-0.0575319433650804,-0.000286056350933158,-0.0356068608555881,-0.359654156847885,0.250000001668255,0.399999999743824,-0.319184442891814,0.150000001374294,0.215351299141895,0.400000050234476,0.150000002531806,0.01,0.85050723595471,0.01,0.01,0,0,0,0,0.01,0,0.01,0,0,0.01,0.01,0,0.01,0.01,0,0.01,0.01,0,0.01,0.751655963017183,0.01,0,0,0,0,0,0,0,3.6755686879672,4.567496272348,3.97523358568356,4.26783137463163,0,1.06126579349241,0,1,1,0,0,1,0,0,1.33801424026948,0,0,1,0,0,0,1.21465166940444,1,1
529,-0.0477569291704707,0.0693080970140309,0.0486730681159004,0.130000000044683,-0.0349492096023622,0.0518014747641641,-0.0100000003672291,-0.0486991862572713,0.0449731867217872,0.633080485861456,3.42529599613389e-06,-6.06637906377706e-06,0.774115911627433,-0.0329765103654287,0.0110848469924814,0.0519973748349662,-0.0750000000020977,-0.0586337184710953,-0.0161868104307921,5.29781530173806e-13,0.0749999999581524,0.00672384240900279,9.09095696856086e-11,-0.0250550734144411,0.0500000000058737,0.000886138226074096,-0.000108370030173761,0.326296440624327,-0.0115631036419041,-0.0431574667802735,5.54262715165107e-06,-0.0383802305699915,-0.395042560525446,0.24999999812,0.400000000223067,-0.302819256838354,0.150000001036835,0.194914060782249,0.400000050328934,0.150000002420929,0.01,0.907224767174353,0.01,0,0,0,0,0,0.01,0,0.01,0,0,0.01,0.01,0.747038254711495,0.01,0.01,0,0.01,0,0,0.01,0.7005809567995,0.01,0,0,0,0,0,0,1,3.64141939877871,4.52727215771257,3.950350399547,4.21834115694427,0,1.08230221871949,0,1,1,0,0,0,0,0,1.40589216470774,0,1,1,0,0,0,1.16545120778979,1,1
530,-0.0489837904721262,0.0677506195084863,0.0483088198558307,0.130000000054846,-0.0331065427039341,0.0524564626308111,-0.00999999998851892,-0.0484242214575748,0.0457284740695439,0.629339625083401,4.15646542478946e-06,-6.44264657007283e-06,0.777160279831075,-0.0332202816878558,0.00976797663948611,0.0519973165700877,-0.0535239847869417,-0.075000000080234,-0.0204803148191951,2.66912889841467e-11,0.0749999999866784,0.0500000000005525,1.82140389563292e-10,0.0521653792658242,0.0256505066713054,-0.0120877575123837,-0.000145978236123556,0.499973395836978,-0.0114033685201078,-0.0760899427746091,-0.000107138533390471,-0.108434141856994,-0.135608746926296,0.249999999775676,0.400000010997362,-0.333619467216943,0.150000000227704,0.0982272536382071,0.400000021623637,0.150000000500165,0.01,0.703729627800703,0.01,0.01,0,0,0,0,0.01,0,0.01,0,0,0.01,0.01,0.719607165795211,0.01,0.01,0,0.01,0,0,0.01,0.634131398897203,0.01,0,0,0.01,0,0,0,0,3.65961921307983,4.51775829701188,3.91548766589395,4.26188984419775,0,1,0,1,1,0,0,0,0,0,1.45033846401819,0,1,1,0,0,0,1.31227750187277,1,0
531,-0.0504548253691758,0.0664493500822819,0.0476804829442476,0.1300000000521,-0.0312371295177528,0.0529921527726509,-0.00999999981567772,-0.0476856829823539,0.0462383986994348,0.626154208466065,-9.87169599355668e-06,-6.87713674604952e-06,0.779729093011588,-0.0335262853418682,0.00871689107900942,0.0519991743177098,-0.0749999999891849,-0.0417765535172382,-0.0338566893889281,-2.25630564244418e-11,0.0749999999689446,0.00380001985021176,2.14373773959688e-10,-0.0473350466994412,0.0108375067284987,0.0138783791742883,0.0412416011968077,0.297110606946764,-0.023765876995916,-0.0202795054068394,0.00372713180192357,-0.0166160670846814,-0.260075967718019,0.249999999455719,0.399999990738577,-0.229047425059128,0.150000001079864,0.225546359837278,0.400000074643999,0.187373518393625,0.01,0.676393510441066,0.01,0.01,0,0,0,0,0.01,1.23314040049562,0.01,0.01,0.753468948093913,0.01,0.01,0.503428923759145,0,0.01,0,0.01,0,0,0.01,0.750352418125431,0.01,0,0.01,0,0,0,0,0,3.70072322890583,4.51286831596409,3.99162999226909,4.22196155260084,0,0,0,0,0,0,0,0,1,0,1.12238118890626,0,1,1,0,0,0,1.11170773575527,0,1
532,-0.0521299803957804,0.0668152448176662,0.0474217900194621,0.129999999983177,-0.0295422324366482,0.0536044030812573,-0.00999999907156755,-0.0468440281996203,0.0464705580832031,0.623969014740571,-1.28780685829973e-05,8.5943431054291e-06,0.781478895896608,-0.0338920866057191,0.00924878871402881,0.0519964943295523,-0.0750000000156303,0.0750000003776494,0.00777921746017921,-1.09325785365049e-10,0.0749999999679539,0.0500000000148733,3.14908032097766e-08,0.0750000008973138,0.00364946415443031,-0.0322454639283142,-0.0103653890028049,0.437957138502347,-0.0201575209126966,0.0730698982779707,0.00190794572151501,-0.0673906234512996,-0.399999844355349,0.213092091112496,0.399999954907865,-0.214233943187009,0.150000006130228,0.231476434771477,0.400000369821315,0.173483010237802,0.01,0.787225510630547,0.01,0.01,0,0,0,0,0.01,0,0.01,0,0.820408904269486,0.01,0.01,0.499207683413877,0,0.01,0,0.01,0.01,0,0.01,0.830052622563152,0.01,0,0.01,0,0,0,0,0,3.6451221448969,4.50289561599284,3.98391982150845,4.16409793938129,0,1,0,1,0,0,0,0,1,0,1.11367458549754,0,0,1,0,0,0,1.14078888848648,0,1
533,-0.0534310972583914,0.0673834332058901,0.0474695565329466,0.130000000101298,-0.0277530195092097,0.0545003120239209,-0.0103745210910878,-0.0457273271067183,0.0465082400866842,0.620415176667867,-6.0257738842529e-06,-9.9103091971183e-07,0.784303328152723,-0.0345749825733811,0.0101962534148297,0.0519979196951513,-0.0643501426684119,0.0170671091121202,0.00044392394482705,-8.74457110257031e-14,0.0750000000000012,0.0396426756706188,-0.0236286892175129,0.0296114065925011,-0.000262796207908416,0.00699078766024836,0.00378208517552569,0.427742637732763,-0.0435399078102956,0.0221578125374192,3.2192092802917e-05,0.0313496282102124,-0.400000000000013,0.249999999999998,0.400000000000001,-0.255937088351557,0.150000000000007,0.294645962457115,0.399999999999989,0.191116156278271,0.01,0.723829642036695,0.01,0.01,0,0,0,0,0.01,1.36385971965198,0.01,0,0.761075110328676,0.01,0.01,0.44185099549206,0.01,0.0730869427623317,0,0.01,0.01,0,0.01,0.650371115081712,0.01,0,0.01,0,0,0,0,0,3.68359333549801,4.48027334458428,3.95703322916757,4.20683345091473,0,0,0,1,0,0,0,0,0,0,1.1798099947687,0,0,1,0,0,0,1.12637586853867,0,1
534,-0.0548613794245583,0.0676397893400385,0.0474615898386263,0.130000000095767,-0.026022763780917,0.0552196175510367,-0.00999999943082955,-0.0447842057679184,0.0465282282380225,0.614488011136547,-4.83573193320477e-06,1.2061390476381e-06,0.788955939473542,-0.0352798930754768,0.010707562103387,0.0519972828132124,-0.0749999999215962,0.0161821892047024,-0.000102790126164641,-2.63851079769051e-11,0.0749999999936929,0.0323244676402242,-8.79188697684606e-10,0.0491312328823654,0.000254781966304352,-0.0017892253739392,-0.00254882470376169,0.833222147132411,-0.0382406656537469,0.0302839108866313,0.0001034814678112,0.0545616542107986,-0.399999959284309,0.249999999254459,0.399999989105019,-0.258512997529467,0.150000000701597,0.227225817109259,0.400000028909013,0.176838848744099,0.01,0.639556662804277,0.01,0.01,0,0,0,0,0.01,1.34342838049901,0.01,0.01,0.68816132223123,0.01,0.01,0.371630489397073,0,0.01,0,0.01,0,0,0.01,0.6293764268191,0.01,0,0.01,0,0,0,0,0,3.66791506669166,4.43914590120543,3.96108720877399,4.1459737591231,0,0,0,0,0,0,0,0,1,0,1.06925016336655,0,1,1,0,0,0,1.080534586196,0,1
535,-0.0564315832018448,0.0679111553021597,0.0474632500145172,0.130000000121744,-0.0243082759648288,0.0558613311510743,-0.00999999890939207,-0.0438220744499408,0.0465294493126188,0.607771441703249,-2.72343963162368e-06,2.77649759119328e-07,0.794141816684763,-0.0360538282459961,0.0112759973131105,0.0519978854057488,-0.075000000002313,0.0119387280712622,-2.51622468548532e-05,-1.19343203101707e-10,0.074999999973499,0.0318492687057536,-1.14110468242465e-09,0.0470518257288446,1.86494558265115e-05,-0.000460021432406674,0.000341694806522428,0.866666617633236,-0.0394183809379732,0.026878111877588,-3.67974203645329e-05,0.129317926496056,-0.399999876360424,0.172429277025701,0.399999950820948,-0.290061343709973,0.15000000391879,0.209442087305053,0.400000129932478,0.181202540343562,0.01,0.533767356382624,0.105960546255391,0,0,0,0,0,0.01,1.33120145519315,0.01,0.01,0.336735630671511,0.01,0,0.0541093500444244,0,0.0584148763291688,0,0.01,0.01,0,0.01,0,0.01,0,0.01,0,0,0,0,1,3.67817146785002,4.44692427093779,3.97515241098638,4.14994332780144,0,0,0,0,0,0,1,0,1,0,1,0,0,1,0,1.10745108202827,0,1.06803972126333,0,1
536,-0.0580486428564465,0.0680977585680237,0.0474612881383697,0.130000000063469,-0.0225079036019893,0.0563783426985557,-0.00999999952481304,-0.0428996300541737,0.046530265934457,0.600744953508341,-5.61496130009887e-06,1.15748811410212e-06,0.799470599866539,-0.0368521656840398,0.0117794761778966,0.0519975479884656,-0.0750000000013021,0.00777283602848445,-1.21141495013089e-05,3.28268610903009e-11,0.0750000000158305,0.0199115769082668,-1.80778471348788e-09,0.0452424182169932,2.74552086286127e-05,-6.84732217906733e-05,0.00109255786164921,0.906685337652673,-0.0409324301417115,0.0236623632020162,8.73243659991476e-06,0.134777696501839,-0.400000044518571,0.150000000895381,0.40000001355541,-0.275335752375821,0.149999997792744,0.253918171732681,0.399999974299546,0.187346207792601,0.01,0.483003537681831,0.0492412416967291,0.01,0,0,0,0,0.01,1.32638957998284,0.01,0.01,0.358198461600367,0.01,0.01,0.132958299029037,0,0.15790789237429,0,0.01,0.01,0,0.01,0,0.01,0,0.01,0,0,0,0,0,3.6863899777974,4.44544478105695,3.98595312119898,4.14588163765537,0,0,0,0,0,0,0,0,1,0,1,0,0,1,0,1.13682351640678,0,1.01612174762639,0,1
537,-0.0596600959484419,0.068215561697531,0.047464904837165,0.130000000101297,-0.0207342102971611,0.0568862123439988,-0.00999999986570584,-0.0420201122347987,0.0465310725060599,0.593636026467411,-1.19052025608995e-06,-5.45237043907253e-07,0.804763567861157,-0.0376477288434221,0.0122266760425239,0.0519979978510923,-0.0750000000000002,0.00450795262669093,7.32614238835986e-05,1.00856481537105e-13,0.0750000000000005,0.0308208431607648,-1.47712473947009e-09,0.0431664556469428,3.1435761135245e-06,-0.000156503236905842,0.00168993149315868,0.905475524734456,-0.0405148592515169,0.0210006727877146,-4.42301216884167e-06,0.239404180910421,-0.4,0.249999999999999,0.399999999999999,0.107796128640219,0.15,-0.128877750734293,0.112896315277653,0.25,0.01,0,0.0623075887377873,0.01,0,0,0,0,0.01,0.866251573132151,0.01,0.01,0.502634963936912,0.01,0,0.0252687905564874,0,0.340959418970719,1.44126339763759,0.01,0.01,0,0.01,0,0.01,0,0.391922336997499,0,0,1,0,0,3.89935944168373,4.55137142737497,4.1242492262104,4.32648164284829,0,0,0,0,0,0,1,0,1,0,0,0,0,1,0,1,0,1,0,1
538,-0.0600000003655988,0.0693515827885506,0.0478970584307258,0.130000000094665,-0.0192197632417992,0.0570383191618501,-0.00999999950867136,-0.0405969298154327,0.0465269900978991,0.588143161159403,-5.71865954283138e-06,2.8463350434635e-06,0.808786739344867,-0.0382649576802744,0.013307864850219,0.0519974155193177,1.98484845220183e-11,0.0749999994945349,0.0460555471188907,1.8018808223997e-10,0.0750000000535499,-0.015379175135246,-3.72676728034394e-09,0.0749999995577175,-0.000646207527964833,0.0110856356157225,-0.000199205604455795,0.603035326922267,-0.0257079637184589,0.0763955409556437,8.53982405860415e-06,0.134937460804971,-0.400000208322938,0.174154568088557,0.400000074290111,-0.0866377338495771,0.149999989769138,0.387075859945388,0.399999817717319,0.249999997396079,0.01,0,0.0414395211354628,0.01,0,0,0,0,0.01,1.37121075001743,0.01,0.01,0,0.01,0.01,0.01,0,0.200377126664775,0,0.01,0.01,0,0.01,0,0.01,0,0.351866572464516,0,0,1,0,0,3.76694577566079,4.4496294171366,3.99476404011031,4.22181115268708,0,0,0,0,1.09014093972872,0,0,0,1,0,1,0,0,1,0,1,0,1,0,1
539,-0.060000000037969,0.0705632710189504,0.0482983248932857,0.130000000101302,-0.0175394474969331,0.0567783679664716,-0.00999999984936202,-0.039295279614685,0.0465313726094641,0.586313208143487,-4.31580478020453e-06,5.50894574090302e-06,0.810114331778573,-0.0384614997457471,0.0144946114725752,0.0519977637503294,-1.25143386072283e-09,0.0485655739400947,-5.7157375116174e-05,6.72248481343464e-15,0.0750000000000005,-0.0106396427496451,1.39429699984479e-09,0.0489474759328773,2.63717132603979e-05,-0.000766514584269867,-0.000188340979854728,0.0021691997302244,1.08434418101454e-06,0.0487175880268485,-4.77701193706147e-05,0.137271602040263,-0.399999999999999,0.1735760474819,0.399999999999998,0.0574092802582063,0.15,-0.223772746905625,0.340857955662751,0.25,0.01,0,0.059283241747345,0.01,0,0,0,0,0.01,0.859175999288978,0.01,0.01,0,0.01,0,0,0,0.18158413568152,1.24580176247138,0.01,0.01,0,0.01,0,0.01,0,0.476193949248123,0,0,1,0,0,3.8550600220609,4.48807225207733,4.03210640862433,4.31102586551391,0,0,0,0,1,0,1,1,1,0,0,0,0,1,0,1,0,1,0,1
540,-0.0600000000563333,0.071255941947142,0.0482996802172985,0.130000000101304,-0.0159308237233294,0.0561057043932094,-0.00999999990382654,-0.0386021517612267,0.0465315681789734,0.58630488444528,-2.08231154029982e-06,4.01261108343105e-06,0.810120355936915,-0.0384617568484275,0.0151874072706425,0.05199785519376,-7.0348281655329e-12,0.0207079350571144,5.38136164340724e-05,-7.13966104169259e-14,0.0750000000000004,-0.0499999999999999,-1.78944639395888e-12,0.0207245399395903,1.5086203152427e-05,6.99271551042484e-05,2.66427331357755e-05,0.00100649910442558,-1.22047265727666e-05,0.0207090892070028,2.00240877593245e-08,0.151949972314807,-0.4,0.18952033557983,0.399999999999998,0.0692959528426626,0.181837943513363,-0.243418460011824,0.4,0.25,0.01,0,0.0432582608187883,0.01,0,0,0,0,0.01,0.852868667433197,0.01,0.01,0,0.01,0,0,0,0.216394278988225,1.24278191727159,0.01,0.01,0,0.01,0,0.01,0,0.468674653692957,0,0,1,0,0,3.84632372086865,4.45993062841778,4.01067775820764,4.2955765910788,0,0,0,0,1,0,1,1,1,0,0,0,0,1,0,1,0,1,0,1
541,-0.0600000000626846,0.0718086255203697,0.0483204413943633,0.130000000101303,-0.0143136275057282,0.0551184595971958,-0.0099999999274239,-0.0380503065708781,0.0465319147927199,0.58619657286725,-2.11969782144177e-06,3.6190014169204e-06,0.810198732853155,-0.0384736169966919,0.0157336282871219,0.0519978426103612,7.21972380068434e-10,0.0343164327085241,0.00148735124730584,-9.44313173866281e-14,0.0750000000000004,-0.0487308256413453,-8.11167106334041e-10,0.034377426700748,2.13236502406391e-05,1.3750744576143e-05,-3.12916119545374e-05,0.0197594260416275,-0.000892645343539123,0.0339852188388032,2.030690142003e-06,0.367288688836611,-0.399999999999999,0.189213425598167,0.399999999999998,0.0899730641450311,0.18551774903915,-0.230154810566442,0.376244709762123,0.25,0.0706990631904175,0.269790144173393,0.310081291656038,0.0998803647733778,0,0,0,0,0.01,0.84070980559037,0.01,0.01,0,0.01,0,0,0,0.153475170379702,1.23611969152047,0.01,0.01,0,0.01,0,0.01,0,0.473752039636921,0,0,0,0,0,3.7969493820255,4.40498698029357,3.95863575696733,4.24330060535174,0,0,0,0,1,0,1,1,1,0,0,0,0,1,0,1,0,1,0,1
542,-0.0599999998515943,0.0721427612171091,0.048318571537966,0.130000000063725,-0.0127195262840504,0.0541198264859274,-0.00999999992166373,-0.0377111409771938,0.0465324593182873,0.586179545106663,-7.62101692826085e-06,7.6007940685678e-06,0.810211052514519,-0.0384744608134263,0.0160709188678445,0.051997310208569,5.38192963477596e-09,-0.00030317671268537,0.000124098899618688,1.05410656943642e-10,0.0750000000184465,-0.0500000000063104,1.89337974785771e-11,-0.000350722311808561,-0.000141728864244115,0.00459734525265799,-0.00167043493044623,0.000489522613323914,-8.09781272772322e-05,-0.00014418877522573,-7.35870724781565e-06,0.221498528522564,-0.290119398446227,0.194522973468972,0.40000004347918,0.247519951319345,0.249999997399064,0.38131538553023,0.399999909825792,0.250000000461835,0.01,0.348628768325455,0.278245560550178,0,0,0,0,0,0.01,0,0.01,0.01,0,0.01,0,0.01,0,0.246586184856559,1.12055500122597,0.01,0.01,0,0.01,0,0.01,1.16997688335328,0.551357868588562,0.01,0,0,0,1,3.77115420785059,4.27740906840044,3.91078517788912,4.13777809836191,0,1,0,0,1,0,1,0,1,0,0,0,0,1,0,1,0,0,0,0
543,-0.0599999998111583,0.0721434459263186,0.0483182437032053,0.130000000150287,-0.0116271098418549,0.0530713164839679,-0.0108382764867152,-0.0379855494445385,0.046463764960873,0.58620208525087,-5.22274484754378e-06,-1.28079372076082e-06,0.81019474452162,-0.0384787741796782,0.0160708661313457,0.0519971181626038,2.32889848011342e-10,0.000122184407524461,-4.28469326680591e-05,-1.34257218281978e-10,0.0344444094068106,-0.0499999999976199,-0.0750000016111246,-0.0272622110466643,-0.00667522651119899,-0.000147350279081273,0.000136901360373669,-0.00252870504517932,-0.000179024120862916,3.91508657156384e-05,7.55089200528874e-07,0.329106408766795,-0.320808119619744,0.167032710474374,0.399999944707138,0.0892659205120781,0.192160107236884,0.399999336237549,0.399999655308833,0.250000000541833,0.01,0.252102559582593,0.310629181522621,0,0,0,0,0,0.01,0,0.01,0.01,0,0.01,0,0,0,0.242943840315415,1.0383984076188,0.01,0.01,0,0.01,0,0.01,0,0.312754549484699,0.01,0,0,0,1,3.7501840673999,4.3207034669138,3.92255551637491,4.1483320179388,0,1,0,0,1,0,1,1,1,0,0,0,0,1,0,1,0,1,0,0
544,-0.0600000000708653,0.0721436317566112,0.0483177537148582,0.130000000102019,-0.00999706239049536,0.0520706745811519,-0.0116815721925853,-0.0382649474059629,0.0465684555478874,0.586214612215977,-6.52655790179939e-06,-7.99432623146679e-07,0.810185680706029,-0.0384810606808567,0.0160700203665897,0.0519975029428489,-1.21641943439936e-10,-1.07039725979271e-05,-5.98931608239329e-05,4.88834067182336e-12,0.0749999999993703,-0.0500000000001519,-0.0104099916392813,-0.00342159284422755,0.00478581652926568,-0.000417243287752861,-0.000193278998482102,-0.00164485193566712,-0.000126415366626662,-3.21862062101731e-05,-1.18888920270191e-06,0.317504822831858,-0.291809735475062,0.171124838631342,0.400000002051893,0.0510205337210455,0.192530878236735,0.400000003208035,0.39999999922839,0.249999999984186,0.01,0.2410692221275,0.28936869636919,0,0,0,0,0,0.01,1.07557978936435,0.01,0.01,0,0.01,0,0,0,0.253963052849746,1.03158582332062,0.01,0.01,0,0.01,0,0.01,0,0.31240333670956,0.01,0,0,0,1,3.74646820565326,4.30914121034229,3.91525858160428,4.14035083439127,0,0,0,0,1,0,1,1,1,0,0,0,0,1,0,1,0,1,0,0
545,-0.0600000000547508,0.0720303841746978,0.0483169999866946,0.130000000101308,-0.00836359603794556,0.0510797457015046,-0.0102382654931666,-0.0378549738196719,0.0467109625458479,0.584630899708205,-1.44890956078893e-06,2.84986097878013e-06,0.811329247520421,-0.038298398807666,0.016028353913469,0.0519973065312504,9.49783139047028e-09,-0.0100560190267911,-2.71705264861293e-05,-9.25551826657063e-14,0.0750000000000005,-0.0490973997848968,0.0750000000000003,0.0258753610759796,0.0103595181748803,0.000437989872077358,0.00189661564571853,0.440832383906108,0.0207155106270846,-0.0024080066664311,-4.67473544394898e-05,0.0372023463771336,-0.238471258313525,0.181731898003833,0.399999999999999,-0.1854628865213,0.15,0.104980336164819,0.399999999999999,0.165538200708574,0.01,0,0.183613769971422,0.01,0,0,0,0,0.01,0.914677672520433,0.01,0.01,0,0.01,0,0,0.01,0,0,0.01,0.01,0,0.01,0,0.01,0,0.0807051148512137,0.01,0,1,0,0,3.53997725760882,4.14262198760156,3.75141744969216,3.93118179551822,0,0,0,0,1,0,1,1,0,1,1,0,0,1,0,1,0,1,0,0
546,-0.060000000012187,0.0720824500819593,0.0483185158747744,0.130000000101308,-0.00647057172224542,0.0506384878353838,-0.00999999991322465,-0.0376895919931481,0.0467966703769207,0.583623180791531,-5.2684800782545e-06,6.19788009857194e-06,0.812054458806199,-0.0381840524739571,0.0161244105221512,0.0519978105364268,1.49991012304957e-09,0.00326872778526836,-0.000149729859432238,-9.2459858608529e-14,0.0750000000000005,0.00470261010562769,-9.59548256116262e-10,0.00307424865848502,0.000294151445709708,-0.00353957001553621,-0.002575067435711,0.000413410564639712,-5.54555057812229e-05,0.00322441106873683,2.66915318540684e-05,0.0691158654044846,-0.314559324132719,0.178901951765091,0.399999999999999,-0.175112012153508,0.15,0.201501972291258,0.399999999999999,0.17840803358441,0.01,0,0.212244610687707,0.01,0,0,0,0,0.01,0.945857083523365,0.01,0.01,0,0.01,0.01,0,0.01,0,0,0.01,0.01,0,0.01,0,0.01,0,0.103833168683421,0.01,0,1,0,0,3.53494386298221,4.11150623573049,3.75166061279454,3.89478948591816,0,0,0,0,1,0,0,1,0,1,1,0,0,1,0,1,0,1,0,0
547,-0.0600000000038562,0.0720835035306267,0.0483194847152341,0.130000000101306,-0.00458840365960565,0.0510547804746358,-0.00999999988214148,-0.0376856446263307,0.046796948887236,0.583614501343105,-1.3371002331396e-06,8.2058894794097e-07,0.812060696698018,-0.0381842828461194,0.0161277965689927,0.0519978260241345,-1.67313218496908e-10,7.39487796007783e-05,-2.46331344143563e-05,-9.15887011319176e-14,0.0750000000000002,0.0367663349720216,-1.24878084854692e-10,7.95439769047349e-05,6.9956166705231e-05,-0.000806337489727657,0.000124001998117874,0.000433146239892183,1.02300222036724e-05,4.96116908180032e-05,-4.81789389169424e-06,0.110619404717811,-0.4,0.25,0.4,0.051555107621477,0.15,0.343911629470988,0.4,0.25,0.01,0,0.136217941411817,0,0,0,0,0,0.01,1.0505510024987,0.01,0.01,0,0.01,0,0.01,0,0,0.999880347418295,0.01,0.01,0,0.01,0,0.01,0,0.328781374709706,0.01,0,1.00347309458695,0,1,3.65724675434101,4.18840153506654,3.85874540516772,3.98690288423982,0,0,0,0,1,0,1,0,1,1,0,0,0,1,0,1,0,1,0,0
548,-0.0600000000151176,0.0720857574988639,0.0483177068134111,0.130000000101305,-0.00290689833574369,0.051597764752791,-0.00999999992037654,-0.0376844252339843,0.0467977100074868,0.58361144284232,-5.51322341906029e-06,3.77306975982297e-06,0.812062894760636,-0.0381843253244711,0.0161290449436635,0.0519973983878387,-2.32161332634886e-10,0.000113618417227498,-7.01014307460573e-05,-9.1406865906592e-14,0.0750000000000001,0.017627785563248,-1.66742300649104e-10,0.000118235685554235,9.13993081100273e-05,-0.00101666583952678,0.00012788435704271,0.000439174816669711,5.63619810960976e-06,9.16059800117236e-05,1.62536076711027e-05,0.301625164532367,-0.4,0.25,0.4,0.0742609659258152,0.15,0.363653714440426,0.4,0.25,0,0.338921233160721,0.34556777279836,0,0,0,0,0,0.01,1.07209845813308,0.01,0.01,0,0.01,0,0.01,0,0,1.01025220534366,0.01,0.01,0,0.01,0,0.01,1.40523222157544,0.350251799933431,0.01,1,0,0,1,3.6132345073164,4.118221419935,3.80088191801229,3.93057400923912,0,0,0,0,1,0,1,0,1,1,0,0,0,1,0,1,0,0,0,0
549,-0.0600000000602213,0.0720843046978204,0.0483172795456956,0.130000000101306,-0.001667287479444,0.0514860104859336,-0.00999999993283062,-0.0376846698850481,0.0467970781196568,0.583607613215882,-1.71801598988674e-06,7.84319895967874e-07,0.812065647042759,-0.0381843694444916,0.0161286253533665,0.0519971907287851,2.18970521400346e-10,-9.16205788046752e-05,2.6352475160645e-05,-9.25026188933147e-14,0.0490906319166957,-0.0285722132421519,2.07316033056319e-10,-8.51182451510633e-05,-3.85612961987543e-05,0.00119833140452456,-0.000165144097329146,0.000364327839422444,-1.00762588743104e-05,-6.28887496319601e-05,8.36133694060636e-06,0.263336272538554,-0.399999999999999,0.25,0.399999999999999,0.158638301924358,0.185193331828444,0.377785918937857,0.4,0.25,0,0.351264451679236,0.368960773493346,0,0,0,0,0,0.01,1.07533047023022,0.01,0.01,0,0.01,0,0.01,0,0,1.08453259644141,0.01,0.01,0,0.01,0,0.01,0,0.389476662851763,0.01,1,0,0,1,3.60543673239881,4.09536459968043,3.77704613711668,3.92375519496256,0,0,0,0,1,0,1,0,1,1,0,0,0,1,0,1,0,1,0,0
550,-0.0600000000782101,0.0720844396094255,0.0483165978524147,0.130000000101306,-6.50711972387195e-05,0.0510976869077308,-0.00999999991385441,-0.0376844304447732,0.0467979115494025,0.583604485805609,-3.16052869734738e-06,1.63093003925423e-06,0.812067894605855,-0.0381843790147077,0.0161288008065581,0.0519973674572135,-6.28114047813723e-11,2.59055884545346e-05,-5.7480356158674e-05,-9.18005736325842e-14,0.0750000000000001,-0.0103512494359086,-5.91708611459866e-11,3.06248971535097e-05,3.10203507574439e-05,-0.000351855976184126,5.61759801376244e-05,0.000384811986492323,4.13280990683937e-06,1.94424253649458e-05,-7.90118967830331e-06,0.250241407683295,-0.399999999999999,0.25,0.399999999999999,0.119817742461067,0.168004295146036,0.4,0.4,0.25,0.118165111331838,0.358412513543127,0.382208952107657,0,0,0,0,0,0.01,1.10769562340406,0.01,0.01,0,0.01,0,0.01,0,0,1.12386914574129,0.01,0.01,0,0.01,0,0.01,0,0.440883058395656,0.01,0,0,0,1,3.6581801866545,4.14369083192151,3.82448094606094,3.97739007251507,0,0,0,0,1,0,1,0,1,1,0,0,0,1,0,1,0,1,0,0
551,-0.0600000000646614,0.0720844331735569,0.0483158926510539,0.130000000101309,0.00158266443872055,0.0509317499965288,-0.00999999991322405,-0.0376843372907639,0.0467983369406443,0.583601385457541,-3.08352782760266e-06,1.59381135596987e-06,0.812070122707844,-0.0381843595797176,0.016128818023581,0.0519973459458783,6.02689215684062e-12,-2.53328525703591e-06,-3.18936349370057e-05,-9.65504389550601e-14,0.0750000000000002,-0.00626288351304806,6.55310733211416e-12,2.52501380569385e-06,2.27352026769708e-05,3.39293429198114e-05,-6.88508182955046e-06,0.00038177893068634,5.24728387967368e-07,-4.54241309693076e-07,1.30810055344161e-06,0.23937667308628,-0.399999999999999,0.15,0.399999999999998,0.0291974608514849,0.15,0.353354011340469,0.4,0.25,0.01,0.248582102950696,0.535798112343805,0,0,0,0,0,0.01,1.09249329394306,0.01,0.01,0,0.01,0,0.01,0,0,0.989826497313349,0.01,0.01,0,0.01,0,0.01,0,0.74146545082796,0.01,0,0,0,1,3.67933501999781,4.19462319658419,3.90562505651153,3.96833316007046,0,0,0,0,1.00859525389176,0,1,0,1,1,0,0,0,1,0,1,0,1,0,0
552,-0.0600000000656977,0.0720844902667359,0.0483152043635332,0.130000000101308,0.00328044042684632,0.0509973435907395,-0.00999999990821902,-0.0376841767104699,0.0467991392819898,0.58359820797674,-3.71313541777268e-06,1.88493166850551e-06,0.812072406219969,-0.0381843494582549,0.016128909295193,0.0519974183637342,-1.68638236240681e-11,8.18489243671452e-06,-4.22912017581591e-05,-9.22096731388877e-14,0.0750000000000001,0.0127272920478163,-1.419185213846e-11,1.33591406920006e-05,3.43068034940443e-05,-0.000105495835106846,1.4520644284723e-05,0.000391578350538633,2.17388628576145e-06,7.16063378633222e-06,-3.1564800053233e-06,0.268243066743526,-0.399999999999999,0.25,0.399999999999999,0.0933115462551081,0.15,0.4,0.4,0.25,0.0773748430394234,0.397274263197952,0.388626160731893,0,0,0,0,0,0.01,1.14230333463083,0.01,0.01,0,0.01,0,0.01,0,0,1.11985575593637,0.01,0.01,0,0.01,0,0.01,0,0.506199972993226,0.01,0,0,0,1,3.76856325323742,4.25475803551691,3.93033930109984,4.09298198765449,0,0,0,0,1.01009343750628,0,1,0,1,1,0,0,0,1,0,1,0,1,0,0
553,-0.0600000000764845,0.0720844737147886,0.0483145092174104,0.130000000101314,0.00492616466895207,0.0511646574262317,-0.00999999989904694,-0.0376840918296571,0.0467997131190467,0.583595055108089,-3.5674665496184e-06,1.79555279068034e-06,0.812074672029865,-0.0381843248063387,0.0161289222868976,0.0519973979979423,6.09234946436486e-12,-2.71687161515277e-06,-3.20669243442569e-05,-9.57530150557934e-14,0.0750000000000004,0.00404749050307574,5.66005446377886e-12,2.37460128324528e-06,3.01588326064999e-05,3.49183378713051e-05,-5.63608115416039e-06,0.000388112412252397,7.70419224226053e-07,-3.873726044041e-07,1.03506580701438e-06,0.18107426433453,-0.400000000000002,0.25,0.399999999999998,-0.247664874259684,0.149999999999999,0.189893670000393,0.399999999999998,0.160657050285758,0,0.446152373820769,0.377388819213605,0,0,0,0,0,0.01,0,0.01,0.01,0,0.01,0,0.01,0.01,0,0,0.01,0.01,0,0.01,0,0.01,0,0,0.01,1,0,0,1,3.64094079145823,4.18787047848995,3.82238563613585,4.00642563381232,0,1,0,0,1.12885038159301,0,1,0,0,1,1.09337409203762,0,0,1,0,1,0,1.00041200170783,1,0
554,-0.0600000000701538,0.0720845345668658,0.048313819553382,0.130000000101313,0.00500000010132048,0.0512418486625601,-0.00999999995526053,-0.0376839262752212,0.0468006775884698,0.583591816337331,-4.18566298378752e-06,2.09550491861393e-06,0.812076999549495,-0.038184307535882,0.0161290190757654,0.0519974685603439,-1.74019084633952e-11,8.32793755260402e-06,-4.22204677856449e-05,-9.55120665384126e-14,4.46908816982752e-16,0.00367350304862404,-1.43181493105388e-11,1.36286318311303e-05,4.26398802638983e-05,-0.000105758328979536,1.47418585748294e-05,0.000399259755284494,2.50024462755781e-06,7.45078810139423e-06,-3.07485719346451e-06,0.134013895477044,-0.400000000000002,0.25,0.399999999999998,-0.150194891155469,0.149999999999999,0.283640326673248,0.399999999999998,0.185864966588734,0,0.533241066155429,0.309684733643557,0,0,0,0,0,0.01,0,0.01,0.01,0.715437864202993,0.01,0,0.397393957878365,0.321045181843464,0.01,0,0.01,0.01,0,0.01,0,0.01,0,0,0.01,1,0,0,1,3.67125959782969,4.24472937187868,3.844454305515,4.07153466419337,0,1,0,0,0,0,1,0,0,0,1.16715270545887,0,0,1,0,1,0,1.01903514540779,1,0
555,-0.0600000001152856,0.0720845358484392,0.0483131246525124,0.130000000093536,0.00500000009216546,0.0514210676745354,-0.00999999959038339,-0.0376838208111901,0.0468014971961825,0.583588583344993,-4.18562945705406e-06,2.07742158388958e-06,0.812079322894033,-0.0381842777601124,0.0161290535760511,0.0519974646144808,-1.35501989890106e-11,-5.74578538251485e-07,-3.38497810951925e-05,1.69498428708704e-11,-5.14765242666825e-11,0.0141957866828171,8.18504229651509e-11,4.66231452456523e-06,4.11614452413531e-05,9.96761556232515e-06,-2.22891732572843e-06,0.000398110906525765,1.4099533211708e-06,1.30746923792286e-06,3.31463898336296e-07,0.127648515875915,-0.400000002035527,0.249999999512534,0.400000007022679,-0.171865151542305,0.150000000037067,0.316305771229432,0.400000007941941,0.181284047322909,0.01,0.539625634751426,0.314001674483514,0,0,0,0,0,0.01,0,0.01,0.01,0.799217456104611,0.01,0,0.403201194335397,0.380151024473455,0.01,0,0.01,0.01,0,0.01,0,0.01,0,0,0.01,0,0,0,1,3.69532449783759,4.26465789814667,3.86568746652049,4.09429492946378,0,1,0,0,0,0,1,0,0,0,1.18146513644795,0,0,1,0,1,0,1.01553731864924,1,0
556,-0.0600000000606431,0.0720845366528258,0.0483124335046279,0.130000000101313,0.00500000010132101,0.0516207989751129,-0.00999999997729626,-0.0376837159064425,0.0468023212877747,0.583585350923301,-4.18362677645018e-06,2.07238844208375e-06,0.812081645822153,-0.0381842478167846,0.016129088670021,0.0519974647750952,1.77641446270489e-13,2.26127456031278e-08,-3.45796116505038e-05,-9.63996389273147e-14,4.03947029136081e-16,0.00581922622539594,1.35486253640656e-13,5.22392958695332e-06,4.11650390471719e-05,6.73686544674407e-07,-8.89430096319132e-08,0.000398019458717311,1.49707931612216e-06,1.73972250873307e-06,-2.29165662055974e-08,0.152522701993485,-0.4,0.25,0.399999999999998,-0.0491739665857044,0.149999999999999,-0.231837729410897,-0.112540860395295,0.179017274148452,0,0.516559065151642,0.315528201378966,0,0,0,0,0,0.01,0.539814366636883,0.01,0.01,0.829974774350673,0.01,0,0.385528308937319,0.373555076340507,0.01,0,0.01,0.01,0,0.01,0,0.01,0,0,0.01,1,0,0,1,3.83941441470555,4.38021596776187,3.99819292802526,4.22143745444216,0,0,0,0,0,0,1,0,0,0,1.14443341197206,0,0,1,0,1,0,1,1,0
557,-0.0600000000709984,0.0720845384958695,0.0483117416123968,0.130000000101313,0.00500000009069426,0.0518061992474297,-0.0099999998575535,-0.0376836099483271,0.0468031457398023,0.583582118407834,-4.18451954088777e-06,2.07347366807169e-06,0.812083968791518,-0.0381842176877544,0.0161291244439992,0.0519974647732588,-5.42615613046506e-14,1.03206586103162e-07,-3.4599085978664e-05,-9.58397011345444e-14,-1.99056626587644e-15,0.0126864648125177,-1.60660019164123e-14,5.30575320607558e-06,4.12295258685081e-05,-2.74947634385276e-07,9.18578511365419e-09,0.000398002182112916,1.50563864052726e-06,1.79569892629974e-06,1.27799950958492e-09,0.171697956408954,-0.400000000000001,0.25,0.399999999999998,-0.251554379213944,0.15,0.231004923920506,0.399999999999999,0.150000000000001,0,0.467307339132641,0.4387141301836,0,0,0,0,0,0.01,1.19039090519457,0.01,0.01,0,0.01,0,0.01,0.01,0,0,0.01,0.01,0,0.01,0,0.01,0,0,0.01,1,0,0,1,3.78360266104899,4.30505834503571,3.96465305592979,4.12400795015492,0,0,0,0,1.14323279431917,0,1,0,0,1,1.03199648766468,0,0,1,0,1,0,1,1,0
558,-0.0600000001739624,0.0720845402932605,0.0483110497842246,0.130000000124935,0.00500000017789911,0.052246402182998,-0.0100000004523429,-0.0376835041023495,0.0468039701371621,0.583578886392748,-4.18511412402722e-06,2.07386316042106e-06,0.812086291374665,-0.0381841876200388,0.0161291600925404,0.0519974647727574,8.72003260288186e-12,8.81449185190366e-08,-3.45909845584143e-05,6.58289156676124e-12,-1.12229670127858e-11,0.0312410557062398,-1.33034477867111e-11,5.29042787665934e-06,4.12192836414489e-05,-6.02592316260173e-08,-2.3855730999756e-08,0.000397971559161013,1.50388458608219e-06,1.78493052455778e-06,-7.81643988248708e-11,0.114285142833193,-0.399999993986618,0.250000000600647,0.400000002750265,-0.233105161755948,0.149999999926364,0.35079359893003,0.400000003377211,0.158993424316989,0,0.655894703530953,0.330483779730988,0,0,0,0,0,0.01,1.30098590782353,0.01,0.01,0.796335661002321,0.01,0,0.490313250454282,0.396986348344841,0,0,0.01,0.01,0,0.01,0,0.01,0,0,0.01,1,0,0,1,3.80262575608809,4.38453650915496,4.035412930563,4.15174933468005,0,0,0,0,0,0,1,0,0,1,1,0,0,1,0,1,0,1,1,0
559,-0.0600000000935068,0.072084542026642,0.0483103579671269,0.130000000101309,0.00500000010131308,0.0529865041163395,-0.00999999990470818,-0.0376833983198361,0.0468047945225525,0.583575654621118,-4.18568243421196e-06,2.07423389170092e-06,0.812088613777604,-0.0381841575398206,0.0161291958455661,0.0519974647728412,-3.09680865615821e-14,8.84115834808902e-08,-3.4590836958402e-05,-9.08232878876441e-14,-3.95538735333844e-15,0.0427117840693591,1.82089207014767e-14,5.28985590722629e-06,4.12192475972142e-05,-6.3170534039203e-08,-2.25642991250034e-08,0.000397940516219427,1.50392079386543e-06,1.78490486362997e-06,-2.39560134488799e-12,-0.186651583594522,-0.399999999999999,0.249999999999999,0.399999999999998,0.0481459523315716,0.149999999999999,0.399999999999997,0.399999999999999,0.25,0.01,0,0.0412790490399989,0.01,0,0,0,0,0.01,1.3529172200216,0.01,0.01,0.935461509952125,0.01,0,0.503748409205393,0.725891682948674,0,1.14486628619363,0.01,0.01,0,0.01,0.221340703829346,0.01,0,0,0.01,0,1,0,0,3.97933647070302,4.53307504616476,4.18625661554797,4.3261549013198,0,0,0,0,0,0,1,0,0,1,0,0,0,1.03880454193394,0,0,0,1,1,0
560,-0.0599333933424696,0.0721693562916946,0.0482920568435778,0.130000000101307,0.00500000006028732,0.0537984620095749,-0.00999999988964821,-0.037625615537258,0.0468055543607413,0.583610512058251,-5.70611942417667e-06,7.44060660911266e-06,0.812063563683093,-0.0381799783024167,0.0161894440236957,0.0519974492163289,0.00535082459499056,0.00681912699766177,-0.00137335339237197,-7.16229166518375e-14,-9.12067535049921e-16,0.0385050286056224,-1.68375325346383e-10,0.00489152497288203,-7.37417582650042e-06,0.000197083767794356,0.000175514243201343,-0.00768984249300739,0.000355471946129554,0.00509745672514136,-1.46723690512843e-05,0.00769190857755312,-0.400000000000001,0.15,0.4,-0.0530459698989175,0.150000000000001,0.238761689685622,0.399999999999999,0.204559027639759,0.01,0.626723392543804,0.01,0.01,0,0,0,0,0.01,1.197994850049,0.01,0.01,0.655556893911598,0.01,0,0.139685505670104,0,0.01,0,0.01,0.01,0,0.01,0,0.01,0,0.01,0,0,0,0,0,3.6256081329564,4.22239256027833,3.83506045319263,4.0129402400421,0,0,0,0,0,0,1,0,1,0,1.00540685110847,0,0,1,0,1.10204046797176,0,1,0,1
561,-0.0600000000915357,0.0721698748175566,0.0482954327059953,0.130000000101307,0.00500000010130929,0.0545274824100821,-0.00999999988930918,-0.0375937436932919,0.0468061664906661,0.583442371482529,-2.11705197982207e-06,1.33705649425035e-06,0.812184376671564,-0.0381978206025349,0.0162108689266448,0.0519977700110444,3.3778873272866e-10,2.29765690475312e-05,-2.75864817417394e-05,-9.65819916708307e-14,2.28425972267946e-15,0.0344174470980266,3.34265854652505e-10,3.17498371873543e-05,-4.01332185071405e-05,0.000452848795572442,0.000181666578930975,0.000431219441295353,1.33758887515674e-05,-1.33805028282856e-05,-5.84258541437845e-05,-0.0706190148918836,-0.400000000000002,0.156352502961603,0.399999999999999,0.00485675563599285,0.150000000000001,0.249215102287375,0.399999999999998,0.200218299111536,0.01,0.784432892411801,0.01,0.01,0,0,0,0,0.01,1.19309047602911,0.01,0.01,0.861745710444822,0.01,0,0.371716345506708,0,0.01,0,0.01,0,0,0.01,0.767184737097603,0.01,0,0.034738271187095,0,0,0,0,0,3.64048462021519,4.19159493484589,3.82676369181917,4.00531586324192,0,0,0,0,0,0,1,0,1,0,1,0,1,1,0,0,0,1,0,1
562,-0.0600000000498916,0.0721698985418869,0.048294889397825,0.130000000101307,0.00500000007984685,0.055220868183839,-0.0099999998855005,-0.0375936340484955,0.0468068943539369,0.583439101092895,-2.98276583475109e-06,1.39906362511999e-06,0.812186725982412,-0.0381978243360056,0.0162109527531602,0.0519975929426814,-2.11063938254073e-11,5.87862210592816e-06,-7.68630184991119e-06,-9.49047280641412e-14,-3.01006957164291e-15,0.0349186240109868,-2.03123880297404e-11,1.05109359715004e-05,5.53146335535985e-05,-8.40134678810968e-05,6.67806231993774e-06,0.000402161107431362,2.02464417474802e-06,5.83262105066214e-06,1.08261585523174e-05,-0.0631078397454004,-0.400000000000002,0.166876959304374,0.399999999999999,-0.0195841945544544,0.150000000000001,0.251192054735146,0.399999999999998,0.218104571577909,0.01,0.775879041347791,0.01,0.01,0,0,0,0,0.01,1.21287868493349,0.01,0.01,0,0.01,0.01,0.462086387158756,0.179095751063626,0.01,0,0.01,0.01,0,0.01,0.724257844088144,0.01,0,0.0588244638399535,0.01,0,0,0,0,3.64711083135698,4.18488651537429,3.86138852698571,3.97060881974555,0,0,0,0,1,0,0,0,0,0,1.07630728860715,0,0,1,0,0,0,1,0,0
563,-0.0600000000557584,0.0721699006859045,0.0482945769443188,0.130000000101307,0.00500000010044238,0.0555585918914098,-0.00999999985865561,-0.0375935274905953,0.046807727435686,0.583435825320641,-3.04729161460212e-06,1.42274159628743e-06,0.812189079142392,-0.0381977954437098,0.0162109875062432,0.0519975945132316,-1.08859723109472e-13,2.17625612080455e-07,-1.63015051444053e-05,-8.08831630828337e-14,2.40262424531675e-15,-0.00096682599353207,3.53812629309625e-13,5.48607946065232e-06,4.07211309759635e-05,-4.73385522513198e-06,2.35907709771477e-07,0.000403364579920895,1.55560808121827e-06,1.7348199757293e-06,-7.00900485497332e-07,-0.0640751269850018,-0.400000000000002,0.166742139564036,0.399999999999999,-0.0203816581617272,0.15,0.252501189179107,0.399999999999998,0.219473431256632,0.01,0.77317145937948,0.01,0.01,0,0,0,0,0.01,1.22186390303524,0.01,0.01,0,0.01,0.01,0.45934223540269,0.196313482400715,0.01,0,0.01,0.01,0,0.01,0.725961237317922,0.01,0,0.0777541282243906,0.01,0,0,0,0,3.65006033773551,4.18288747166344,3.85089078296867,3.98205702643027,0,0,0,0,1,0,0,0,0,0,1.07392865347551,0,0,1,0,0,0,1,0,0
564,-0.0600000001563711,0.0721699074195749,0.0482942129866617,0.130000000079464,0.00500000008194382,0.0555661837087707,-0.00999999892850867,-0.0375934174953719,0.0468085514333262,0.583432556608401,-3.14901879837841e-06,1.48129671687868e-06,0.812191427204167,-0.0381977669796508,0.0162110276101669,0.051997582369098,-6.4981451056352e-12,1.2635321535629e-06,-1.73520719856599e-05,1.81936161584536e-11,8.52594779281276e-12,0.00171261018722427,1.68688604387568e-10,6.45504985832415e-06,4.25249572913014e-05,-1.93748829886627e-05,2.53452373333423e-06,0.000402464902124323,1.67791556097898e-06,2.50752400329917e-06,5.31485945223196e-07,-0.0640009879698146,-0.399999994619597,0.175918235546111,0.400000007533796,-0.0230836784557927,0.149999999822175,0.299461235684769,0.400000035168962,0.218396531803912,0.01,0.788033301249108,0.01,0.01,0,0,0,0,0.01,1.23452849730553,0.01,0.01,1.07122425485465,0.01,0.01,0.472189084229029,0.224487944348275,0.01,0,0.01,0.01,0,0.01,0.738906269652839,0.01,0,0.090433162203954,0.01,0,0,0,0,3.65080210311113,4.18382931975045,3.83646949717147,3.99816192569011,0,0,0,0,0,0,0,0,0,0,1.05853685536782,0,0,1,0,0,0,1,0,0
565,-0.0600000000441968,0.0721700325291041,0.0482932734618271,0.130000000101308,0.00500000008742383,0.0558094843719333,-0.00999999986985621,-0.0375932065007947,0.046809375979015,0.58342933576656,-4.20112932088983e-06,2.12770925437626e-06,0.812193740866238,-0.038197754967696,0.0162111788677265,0.0519974584022454,-4.55705709497893e-11,1.65052855368146e-05,-3.95411535187134e-05,-9.19206529339907e-14,-3.01177935319181e-15,0.0225134523480364,-3.9551853856961e-11,2.11212373146726e-05,5.45636053992025e-05,-0.00021376682002552,2.84455113394892e-05,0.000396262735930795,3.32101910464174e-06,1.32264748976967e-05,4.7654527756813e-06,-0.0666267276698622,-0.400000000000002,0.173044191769764,0.399999999999999,0.0267213681803434,0.15,0.347156674153264,0.399999999999998,0.231431329348906,0.01,0.786885704410204,0.01,0.01,0,0,0,0,0.01,1.24889117430866,0.01,0.01,0,0.01,0.01,0.469762634938762,0.22724588209994,0.01,0,0.01,0.01,0,0.01,0.73081895728989,0.01,0,0.13969400436779,0.01,0,0,0,0,3.62722789255538,4.18236295837954,3.81036598544921,3.99922486548571,0,0,0,0,1,0,0,0,0,0,1.0955604596858,0,0,1,0,0,0,1,0,0
566,-0.0600000000500144,0.0721699690838693,0.048292887300554,0.130000000101308,0.00500000008243559,0.0559338261260583,-0.00999999986155089,-0.0375931565703543,0.046810205251101,0.583426090231128,-3.68635166054722e-06,1.77532089394784e-06,0.812196072250112,-0.0381977165855532,0.0162111527716074,0.0519975255341833,2.74891559243858e-11,-9.4965119973824e-06,-2.30471774626832e-05,-8.08383028158616e-14,-5.76966067967185e-16,-0.00991712411320424,2.52437853569645e-11,-3.92994061828108e-06,3.32568167323765e-05,0.000126152551391922,-1.84152775413153e-05,0.000399427927193592,4.47938020598281e-07,-5.00295007814909e-06,-2.92827701508788e-06,-0.0665065325910776,-0.400000000000001,0.173353192523659,0.399999999999999,-0.0213716834216028,0.150000000000001,0.34762699701616,0.399999999999999,0.230937387980218,0.01,0.781003924475651,0.01,0.01,0,0,0,0,0.01,1.26248921837439,0.01,0.01,0,0.01,0.01,0,0.28474493167837,0.01,0,0.01,0.01,0,0.01,0.728543665312164,0.01,0,0.159207946222945,0.01,0,0,0,0,3.66195418634185,4.18239627922027,3.81876631859606,4.02558414696606,0,0,0,0,1,0,0,1,0,0,1.09525203214626,0,0,1,0,0,0,1,0,0
567,-0.0600000000586539,0.0721697981959373,0.0482931290529808,0.130000000101308,0.0050000000825771,0.0556154679628469,-0.0099999998713684,-0.0375931993139559,0.0468110275457795,0.583422748904783,-2.30628085552317e-06,9.26949092803379e-07,0.812198472426774,-0.0381976665589663,0.0162110243351112,0.0519976862013914,5.66886309768216e-11,-2.13107146103037e-05,1.60395402254786e-06,-1.10086926505236e-13,3.91238383657108e-15,-0.0218589834275197,5.0011632401703e-11,-1.52432852705728e-05,2.40001781359405e-05,0.000267753531845238,-3.60974703825083e-05,0.000410115877579422,-9.39906643567099e-07,-1.32526191646449e-05,-6.491984854094e-06,-0.0689097856968877,-0.400000000000001,0.172068765142385,0.4,-0.0219683404821173,0.15,0.339702901898613,0.399999999999999,0.233137038985316,0.01,0.778163193632329,0.01,0.01,0,0,0,0,0.01,1.27892390996852,0.01,0.01,0,0.01,0.010315850124585,0,0.316301429106953,0.01,0,0.01,0.01,0,0.01,0.732003708358761,0.01,0,0.193245437504432,0.01,0,0,0,0,3.6705918937743,4.18233341885158,3.81801230969582,4.03491300293007,0,0,0,0,1,0,0,1,0,0,1.09540064309351,0,0,1,0,0,0,1,0,0
568,-0.0600000000596662,0.0721697988011357,0.0482930069923271,0.130000000101309,0.00500000007863381,0.0551641933781242,-0.00999999987047896,-0.0375930936778735,0.0468118457454518,0.58341943047144,-2.36849157793006e-06,1.01427357207783e-06,0.812200856131049,-0.0381976381533401,0.016211058368545,0.0519976708103048,-9.30223349671065e-12,2.22581357119715e-06,-5.51130176739753e-06,-9.56037011551846e-14,-1.50772377759701e-15,-0.0232614626321006,-9.39602113465549e-12,7.39710828055035e-06,4.37790700142649e-05,-3.92485288288671e-05,7.08438235254869e-06,0.000408438832444097,1.74742555289724e-06,3.15851577397651e-06,1.03029413218833e-06,-0.0777362172154355,-0.400000000000001,0.168873057028968,0.4,-0.0224255276978549,0.15,0.320926552747985,0.399999999999999,0.235545611386227,0.01,0.778772739073292,0.01,0.01,0,0,0,0,0.01,1.30515387371074,0.01,0.01,1.19203566316844,0.01,0.01,0.444908492454209,0.36554991288703,0.01,0,0.01,0.01,0.668046792497231,0.01,0.73457281745256,0.01,0,0.234936947237102,0.01,0,0,0,0,3.67807705666855,4.18363254615064,3.82884433589808,4.03286526692111,0,0,0,0,0,0,0,0,0,0,1.09098321028648,0,0,0,0,0,0,1,0,0
569,-0.0600000004422425,0.0721700175815514,0.0482918797449086,0.130000000016964,0.00499999993930066,0.0548857115045012,-0.0099999983487164,-0.0375928008695668,0.0468126714049269,0.583416205225295,-4.20975183981031e-06,2.16512554284765e-06,0.812203172880914,-0.0381976388872071,0.0162112977372376,0.0519974536219947,-8.13957258750844e-11,2.90229280105241e-05,-4.33512201426407e-05,1.35798457255256e-10,-6.06124367163281e-11,-0.0046796349969789,7.46977612592198e-10,3.32180417497689e-05,6.47126119757917e-05,-0.00037678120856116,5.03919940116965e-05,0.000395952811313763,4.71422318091968e-06,2.1960952387742e-05,8.36595810167753e-06,-0.0798276017389844,-0.400000073757919,0.162262507760365,0.400000056008848,-0.0183854654843818,0.149999999029378,0.335838078362499,0.400000052622444,0.23928541832628,0.01,0.773021799768084,0.01,0.01,0,0,0,0,0.01,1.31742683254904,0.01,0.01,1.19075256665357,0.01,0.01,0.434995089841492,0.386774805354763,0.01,0,0.01,0.01,0.671539591441531,0.01,0.714071593305851,0.01,0,0.270695083230504,0.01,0,0,0,0,3.69544032943756,4.19275799819169,3.85070660355007,4.03749172407918,0,0,0,0,0,0,0,0,0,0,1.08083602885975,0,0,0,0,0,0,1,0,0
570,-0.060000000029149,0.0721699442429279,0.048291536942505,0.130000000100959,0.00500000004737243,0.054747627963401,-0.009999999877312,-0.0375927590840558,0.0468135042393797,0.583412956398312,-3.62706334672744e-06,1.74349719188877e-06,0.812205506537986,-0.0381976001107082,0.0162112623434338,0.0519975333548387,3.32610259766549e-11,-1.16142671122778e-05,-2.13945179305594e-05,-1.00280403318056e-12,5.32556993559176e-12,-0.00910658427920822,2.93794675248967e-11,-5.9384960051988e-06,3.13677462618508e-05,0.000155985233245298,-2.35263972882158e-05,0.000399844531357616,1.93520209152614e-07,-6.5256619662096e-06,-3.64787405217769e-06,0.0422408893332726,-0.400000000277323,0.149999999995814,0.399999999610993,-0.0843033838112764,0.15000000002568,0.357597888766283,0.40000000118755,0.2430767612868,0.01,0,0.01,0.01,0,0,0,0,0.01,0,0.01,0.01,0,0.01,0.01,0,0.499933071729607,0.01,0,0.01,0.01,0.288074733513251,0.01,0,0.01,0,0.261166066543268,0.01,0,1,0,0,3.71999685555849,4.21771618729016,3.87860346886302,4.05910957398562,0,1,0,0,1,0,0,1,0,0,1.09522251131114,0,0,0,0,1,0,1,0,0
571,-0.0600000000113609,0.0721696305558834,0.048291827198958,0.130000000101309,0.00500000010131152,0.0544031502081226,-0.0105714971101807,-0.0377851544452975,0.0469670017258307,0.583432488143475,-4.1259015371838e-06,-2.1169515625106e-06,0.812191476390582,-0.0382010491436303,0.0162099879984372,0.0519976328654655,1.89607633050957e-11,1.27700167445612e-05,2.09152129030049e-06,-8.99912350991977e-14,1.81933671893024e-16,-0.0252604223910675,-0.0567113286319771,-0.0191274123961022,0.0153260412436478,3.98570609093157e-05,9.06191984608219e-06,-0.00250111241116217,-0.000168308676927884,-5.06587002847421e-05,-1.11502946837648e-06,0.0267328983123652,-0.400000000000001,0.15,0.4,-0.0670176491685413,0.15,0.400000000000001,0.399999999999999,0.230246230290118,0.01,0,0.01,0.01,0,0,0,0,0.01,0,0.01,0.01,1.08056209959788,0.01,0.01,0,0.551271714895124,0.01,0,0.01,0.01,0.276985586674796,0.01,0,0.01,0,0.317789478859965,0.01,0,1,0,0,3.72411589353929,4.22240272736633,3.90899875295935,4.03751986794627,0,1,0,0,0,0,0,1,0,0,1.08003237884263,0,0,0,0,1,0,1,0,0
572,-0.0600000000043337,0.0721712008837902,0.0482904670610576,0.130000000101309,0.00500000009830816,0.0540466896598437,-0.0117943391515431,-0.03819587104274,0.0473420427371402,0.583458337942646,-7.04843747687971e-06,1.75063365803049e-07,0.812172906718116,-0.0382053118670327,0.0162100162816477,0.0519974281280246,-1.59254857237549e-10,8.17992947347692e-05,-3.91570473933118e-05,-9.00544808397976e-14,-1.51445670091635e-15,-0.0104596348051395,-0.0657280057748613,-0.0221036762013881,0.0211116578208458,-5.96526118641908e-05,9.02134079140721e-05,-0.00380696962337628,-0.00024013745138897,-1.32812228029745e-05,1.19962690451605e-06,-0.0173561707438154,-0.400000000000001,0.15,0.4,-0.0856053215585253,0.15,0.400000000000001,0.4,0.225875705685026,0.01,0.593645768439889,0.125708539002193,0.01,0,0,0,0,0.01,0,0.01,0,1.08034916313445,0.01,0.01,0,0.564165253147914,0.01,0,0.01,0.01,0.308456245745843,0.01,0,0.01,0,0.316984397559466,0.01,0,0,0,0,3.7626312364772,4.25027802413251,3.94778509725068,4.06512416335904,0,1,0,1,0,0,0,1,0,0,1.06073593165841,0,0,0,0,1,0,1,0,0
573,-0.0600000000833274,0.0721713939327662,0.0482897436694646,0.130000000101309,0.00500000008906711,0.0538003944634081,-0.0128877822052654,-0.0385647729284395,0.0472741405909232,0.583474182571438,-3.46992978270295e-06,-3.1593901012808e-06,0.812161523851305,-0.0382079877667852,0.016208954198788,0.0519969588870727,1.13162405717075e-10,1.04253582988675e-05,-3.20713978503962e-05,-8.95558179011602e-14,-3.54184675622071e-15,-0.0141514358223061,-0.0443563190377193,-0.0149425317943406,-0.0134130767989907,0.000191840912471207,6.12178488055185e-05,-0.00125152951206809,-9.65412632955595e-05,-2.67881065338917e-05,-6.38267917109551e-06,-0.0141755667305517,-0.4,0.15,0.4,-0.0911466012386285,0.15,0.4,0.4,0.25,0.01,0.612123045916391,0.097442258526491,0.01,0,0,0,0,0.01,0,0.01,0,1.08701622827409,0.01,0.01,0,0.596067527126503,0.01,0,0.01,0.01,0.29560518620885,0.01,0,0.01,0,0.331093409491721,0.01,0,0,0,0,3.76857650992401,4.25005178366689,3.9516706329318,4.0669576606591,0,1,0,1,0,0,0,1,0,0,1.04923550908665,0,0,0,0,1,0,1,0,0
574,-0.0600000000704252,0.0721726357886241,0.0482889518778636,0.130000000100508,0.00500000007847442,0.0535337437666488,-0.0139609280409853,-0.0389248536503675,0.0471110130195429,0.583495059746188,-4.66566776220975e-06,-1.78867034267144e-06,0.812146524836358,-0.0382114927930857,0.0162090393037513,0.0519970936214689,-1.23894993164103e-10,8.10394041884635e-05,-3.79082175973594e-05,3.61397166375212e-13,1.51649420329057e-12,-0.0125217869533152,-0.0621940364747788,-0.0208857536282908,-0.00676690210677261,-4.14812370449716e-05,4.35468600064641e-05,-0.00340270163085946,-0.000216585149269058,-5.87476257766051e-07,1.61504006613809e-06,-0.0485357776682017,-0.40000000097106,0.150000000000988,0.400000000180679,-0.0869431232020284,0.15000000020139,0.400000000379404,0.400000000568253,0.24999999998476,0.01,0.63762797974022,0.11113477615203,0.01,0,0,0,0,0.01,0,0.01,0,1.0636489366217,0.01,0,0.187386633666523,0.595914994104824,0.01,0,0.01,0.01,0.301021286131356,0.01,0,0.01,0,0.340816667573552,0.01,0,0,0,0,3.78697805341716,4.27569190897529,3.96499034957868,4.09767961281378,0,1,0,1,0,0,1,0,0,0,1.01068196027809,0,0,0,0,1,0,1,0,0
575,-0.0600000000542046,0.0721722659451728,0.0482889650113471,0.13000000010131,0.00500000008263173,0.053434104905112,-0.0141939989457537,-0.0390058864245581,0.0470645916713371,0.583494925426999,2.0846938109364e-06,-1.71799097819543e-07,0.812146621362694,-0.038211351643924,0.0162081858137189,0.051997159639097,-1.11646838063737e-10,-0.000204384059524031,-4.36333739958362e-05,-9.00907669279601e-14,-3.80015862039172e-15,0.00248287791829355,7.54932214804011e-05,-8.88641866841469e-05,-0.000157729422454992,0.0014493377362872,-0.000372077065974243,0.00076263939770853,3.93139140967074e-06,-9.25538654668554e-05,-8.14711144796662e-05,-0.0750612668410212,-0.4,0.15,0.4,-0.0795582528011564,0.15,0.4,0.4,0.234434199497833,0.01,0.675111227149003,0.104061515000811,0.01,0,0,0,0,0.01,0,0.01,0.01,1.02348454675171,0.01,0,0.215096505749676,0.597038803329001,0.01,0,0.01,0.01,0.322914298838803,0.01,0,0.01,0,0.323859510552141,0.01,0,0,0,0,3.76789111251869,4.28016469207895,3.96403755811509,4.08401824648255,0,1.10359147804254,0,0,0,0,1,0,0,0,1.03121523915923,0,0,0,0,1,0,1,0,0
576,-0.0600000000815114,0.0722366093847957,0.048287868125602,0.13000000010131,0.005000000079009,0.0534749693182566,-0.0150508925806439,-0.03924151033221,0.0472297963948389,0.584273542520212,-4.53522159313044e-06,1.2707953606181e-06,0.811586653440334,-0.0383030310520858,0.0162369942018774,0.0519974289662632,-3.640682582377e-10,0.00584266250031737,-2.27477785158506e-05,-9.09243604388904e-14,-8.01147963250963e-16,0.00160793807663958,-0.075,-0.0233344976220158,0.0163682261318924,0.000137661089676063,9.0445801267481e-05,-0.183321187426519,-0.00865956171154685,0.00248823429240737,5.55527420365955e-06,-0.0835794128074203,-0.4,0.15,0.4,0.0346757272525944,0.15,0.0510461208652551,-0.249688450817843,0.2052950104314,0.01,0.683951990941834,0.0969110208355324,0.01,0,0,0,0,0.01,0.826995930576928,0.01,0.01,1.06135209130257,0.01,0,0.200883451887328,0.588325196335927,0.01,0,0.01,0.01,0.4693357940262,0.01,0,0.01,0,0.456560706840784,0.01,0,0,0,0,3.94525075572637,4.38717955140469,4.10463306569822,4.22779724143284,0,0,0,0,0,0,1,0,0,0,1,0,0,0,0,1,0,1,0,0
577,-0.0600000000691984,0.0721549911085482,0.0482870412178026,0.130000000101311,0.00500000004164951,0.0534595959210663,-0.0137838990465327,-0.0388858426183342,0.047607455044696,0.583378187332365,-2.56711115705703e-06,3.60163666921069e-06,0.812230493375642,-0.0381998517186225,0.0161953396062382,0.0519973959565907,1.01804502891514e-08,-0.00747023347648137,-4.44418814473297e-05,-9.21473792260906e-14,-7.69606650881278e-16,-0.00312163239822607,0.0750000000000013,0.0280129900742625,0.0241976840634317,0.00113470855100677,0.00166232102746906,0.316083973297933,0.0149539476677965,-0.0022283938516253,-9.06712475791004e-05,-0.0737674500433305,-0.4,0.15,0.399999999999999,-0.0680548693045654,0.15,-0.399999999999999,-0.353749728843025,0.15,0.01,0.662687090392456,0.113824235769102,0.01,0,0,0,0,0.01,0.631649967180109,0.01,0.01,1.06899763821077,0.01,0,0.326720499922861,0.499007018764818,0.01,0,0.01,0.01,0.337668639556185,0.01,0,0.01,0,0,0.01,0,0,0,0,3.8263148196903,4.29875577256411,4.00159736786754,4.12347322438686,0,0,0,0,0,0,1,0,0,0,1.1029255760775,0,0,0,0,1,0,1,1,0
578,-0.0600000000570047,0.0719328421975929,0.04828627824897,0.130000000101311,0.00500000006058892,0.0537217053102198,-0.0120673236048503,-0.0384202181177116,0.0479196744533902,0.579001843137945,-2.94448003733592e-06,3.53218942499095e-06,0.815356058293732,-0.0377003040926429,0.01617559563542,0.0519974181219614,6.68374077428154e-09,-0.0151306544925017,-1.55305217439861e-05,-9.19406706192778e-14,2.45636359539527e-15,0.0291710885131547,0.0750000000000012,0.0224152232060124,0.00758330231536191,0.00386445367535367,0.00204886944077586,0.752600444333344,0.0350265882689329,-0.00121352858575681,-0.000196597643354113,-0.0747686295346495,-0.4,0.15,0.399999999999999,-0.0910218070699046,0.15,-0.4,-0.186235823327555,0.15,0.01,0.592910959409699,0.132299001454896,0,0,0,0,0,0.01,0.665673976437258,0.01,0.01,0.99168325437999,0.01,0,0.297096012841423,0.463272878755828,0,0,0.01,0.01,0.311819027350236,0.01,0,0.01,0,0.863126082218546,0.01,0,0,0,1,3.75365823407509,4.24426878569797,3.95890408612379,4.03902293364927,0,0,0,0,0,0,1,0,0,1,1,0,0,0,0,1,0,1,0,0
579,-0.0600000000483932,0.0715651352241062,0.0482855155364464,0.130000000101311,0.00500000004531634,0.053840815391837,-0.0103952310543106,-0.0380223183966824,0.0479500728166579,0.571750036560869,-2.73674843269773e-06,3.1273399128152e-06,0.820457754117934,-0.0368809466204042,0.0161509490326673,0.0519973790186398,4.87236081056706e-09,-0.0208142785002586,-2.60892726780083e-05,-9.17013594050019e-14,-9.74275365643137e-16,-0.017029045269933,0.075,0.0190790828356179,0.000739695727176371,0.00307559192608594,-0.000229554934208754,0.950581295672472,0.043880499482511,-0.0023878546708174,-0.000126216711823047,-0.0877503200628992,-0.4,0.15,0.4,-0.298780408241924,0.15,0.238649180998256,0.4,0.15,0.01,0.632234407993543,0.0730739067564097,0.01,0,0,0,0,0.01,0,0.01,0.01,0.984478375711217,0.01,0,0.38647908072068,0.405359053217782,0,0,0.01,0.01,0.425552738424165,0.01,0,0.01,0,0,0.01,0,0,0,0,3.53098273592135,4.05920176092344,3.72158527174908,3.86859922509571,0,1,0,0,0,0,1,0,0,1,1,0,0,0,0,1,0,1,1,0
580,-0.0600000000741847,0.0714510123127162,0.0482860243073286,0.13000000010131,0.00500000008208449,0.0540409244175495,-0.0101628631862431,-0.0380047694205813,0.0480006904920861,0.569895749786349,-3.52464630222271e-06,-3.29873674496054e-07,0.821746889361309,-0.0366740067066296,0.016126910949819,0.0519977514464405,-3.12837483770003e-09,0.00187284558416778,-0.000188728701927977,-9.0605675469589e-14,1.76769531232778e-15,0.0367709608176655,-0.0222842788239756,-0.0068687042799678,0.00436055410732378,-0.00127225775878035,-0.00126225994893025,-0.101004258423902,-0.00483044404742789,0.000133859951352202,-0.000110858037472958,0.243812699054331,-0.4,0.245747460243093,0.4,-0.107660155764947,0.15,0.4,0.4,0.164525458605359,0.01,0.587789021048488,0.193114304535305,0.119702991209663,0,0,0,0,0.01,0,0,0,1.06909688443334,0.01,0,0.304816368842443,0.591725816838178,0,0,0.01,0.01,0.612012969420905,0.01,0,0.01,0.930711032090367,0.355331116403284,0.01,0,0,0,0,3.73454890202775,4.17643694828063,3.87417574569277,4.03681010461562,0,1,1,1,0,0,1,0,0,1,1,0,0,0,0,1,0,0,0,0
581,-0.060000000086576,0.0715221532827304,0.0482851551318977,0.130000000101311,0.00500000003271889,0.0543120335246368,-0.0108658445082442,-0.0382230013140296,0.048136862399306,0.571206507912601,-5.06243420267672e-06,9.48838750084015e-07,0.82083631402205,-0.0368226441284313,0.0161343600756353,0.0519975471155909,1.35963797391645e-10,0.00495221289873152,-6.19891347026233e-07,-9.14822431635175e-14,-3.52790274227363e-15,-0.00942904628737411,-0.048297298770838,-0.0147978876088585,0.0093306949369344,0.000155107196117949,8.29789414837122e-05,-0.219709893469264,-0.0102000721538615,0.000591270158996736,1.34874197222484e-05,0.224410707314096,-0.4,0.227593399273955,0.4,-0.259439103130716,0.15,0.377214377899238,0.4,0.15,0.01,0.571830242243182,0.233668874934461,0.0762060884682166,0,0,0,0,0.01,0,0,0,0.967617660161552,0.01,0,0.391514497152034,0.373305710822007,0.01,0,0.01,0.01,0.276559388676774,0.01,0,0.01,0,0.754098714709586,0.01,0,0,0,0,3.64936730654352,4.14169087584961,3.85787195555706,3.93318622683608,0,1,1,1,0,0,1,0,0,0,1,0,0,0,0,1,0,1,0,0
582,-0.0600000000987171,0.0715801167205336,0.048284313416804,0.130000000101311,0.00500000008037237,0.0539936676694309,-0.0114223402146264,-0.038405225594106,0.0482230055294606,0.572882235214342,-5.98631525528462e-06,4.68110533694529e-07,0.819667673397918,-0.0370124566027646,0.0161112338392761,0.0519974696465306,-3.44263040803485e-11,0.000882920135462266,-0.000108746951848121,-9.08262726864517e-14,3.10047541302648e-15,-0.022343046826013,-0.0127596144840357,-0.00492195321549909,5.69398172317829e-05,-0.000516276938656064,-0.000507009658519122,-0.137360262462009,-0.0064171379394361,-0.0018356408115262,-3.99113261504432e-05,0.287092192769461,-0.4,0.231005607027092,0.4,0.0334617410054414,0.15,-0.326747825941146,0.4,0.184845460929548,0.01,0.553052887626307,0.204454481074739,0.0979256588540462,0,0,0,0,0.01,0.905701506261336,0.01,0.01,1.06853265169451,0.01,0,0.20980791271372,0.646351271053032,0.01,0,0.01,0.01,0.395541338136714,0.01,0,0.01,1.00205621148827,0.476471747359571,0.01,0,0,0,0,3.86597822114177,4.36536952933486,4.03320594856615,4.19814180191047,0,0,0,0,0,0,1,0,0,0,1,0,0,0,0,1,0,0,0,0
583,-0.0600000000495921,0.0714878635100743,0.0482835361025859,0.130000000101311,0.00453285711307313,0.0531384410456456,-0.0100611626328746,-0.0379777769735291,0.0482244370757425,0.571765075771744,-4.00289987149773e-07,2.92570060524689e-06,0.820447355189565,-0.0368859942225638,0.0160715797842269,0.0519972146608417,8.05131260773718e-09,-0.00790827807620098,-8.45960117347533e-05,-9.06673965122043e-14,-0.0464819252553602,-0.05,0.0750000000000011,0.0282765476484894,0.000623298383531764,-0.00157988458141971,0.000645259328823557,0.309102983582066,0.0144471925379605,-0.00229044102115368,1.06908594054269e-05,0.300147023685497,-0.4,0.234295906131415,0.4,0.041969175652647,0.172919166134837,-0.4,0.319438172879675,0.18260192461396,0.01,0.551874994512634,0.197464073729818,0.118028951239514,0,0,0,0,0.01,0.874639432255332,0.01,0.01,1.05928857482677,0.01,0.01,0.226506682790836,0.630509143887274,0,0,0.01,0.01,0.361032285135695,0.01,0,0.01,0.914151945313642,0.433702986587262,0.01,0,0,0,0,3.89227997084202,4.35723163821729,4.04112353518261,4.20838807387671,0,0,0,0,0,0,0,0,0,1,1,0,0,0,0,1,0,0,0,0
584,-0.0600000000644624,0.0714848870676643,0.0482818969375299,0.130000000101311,0.00381054222815977,0.0521192983284506,-0.00999999993859649,-0.0379498976042392,0.0482266859430104,0.571565399496114,-2.7120025182387e-06,1.52384148551469e-06,0.820586474535966,-0.0368643438918855,0.0160784940006613,0.0519972628992915,-1.34021367031328e-10,1.01611662343447e-05,-3.55522623409808e-05,-9.07762290646414e-14,-0.0258527110135169,-0.05,-1.94954639610943e-10,1.10614881586084e-05,4.38870365598271e-05,-0.000362388080203796,-5.50554180137287e-05,0.00026333893392837,-2.43759223042669e-06,1.89441126603604e-05,1.59248301320649e-05,0.307243146908125,-0.4,0.232148830519811,0.4,0.0337790882252235,0.175198374486518,-0.354129688120173,0.4,0.176058500025062,0.01,0.549178872502295,0.195771733017744,0.111705298047971,0,0,0,0,0.01,0.857211180291207,0.01,0.01,1.07778360958474,0.01,0.01,0,0.644739710668606,0.01,0,0.01,0.01,0.362425114185387,0.01,0,0.01,0.968847539855051,0.454808404905854,0.01,0,0,0,0,3.90664235391353,4.398965158522,4.05591357972667,4.24969393270886,0,0,0,0,0,0,0,1,0,0,1,0,0,0,0,1,0,0,0,0
585,-0.0600000000726314,0.0714848352406432,0.0482812323584408,0.130000000101311,0.00318576972106625,0.0510776319628405,-0.00999999991427432,-0.0379499047092903,0.0482266391271078,0.571563248790757,-2.2460469508706e-06,1.29558202637119e-06,0.820587972570465,-0.0368643291258259,0.0160784591747936,0.0519972080850987,1.7978455365303e-11,-8.01625211668675e-06,-2.72067939541753e-05,-9.09955467794138e-14,-0.0365709485198565,-0.05,1.76486077919469e-11,-5.60721346467219e-06,-1.19875185574104e-07,0.000105846359431345,-1.50478687657744e-05,0.00026241880210504,-6.56649900231039e-07,-4.99808542695578e-06,1.37413377433278e-06,0.244039815111107,-0.4,0.181817457248835,0.4,-0.226092574932936,0.15,0.270702490399967,0.4,0.15,0.01,0.593301572252855,0.223356750084993,0.0832037389146138,0,0,0,0,0.01,0,0.01,0,0.918245797268546,0.01,0,0.369620232337923,0.375810291554401,0.01,0,0.01,0.01,0.230346399028744,0.01,0,0.01,0,0.716140936056984,0,0,0,0,0,3.7403126335911,4.24554961012496,3.90463771352091,4.08122453019514,0,1,0,1,0,0,1,0,0,0,1,0,0,0,0,1,0,1,0,1
586,-0.0600000000978994,0.0714873779290697,0.0482802170743008,0.130000000101311,0.00445103062145758,0.0506183219483369,-0.0101574532815915,-0.0380046551323842,0.0482218210069949,0.571609635691195,-5.28331544259346e-06,-9.42249364921134e-07,0.820555660804787,-0.0368713224573622,0.0160787465014115,0.0519971524995609,-4.59647395464707e-12,0.000160009029251738,-3.60654073783353e-05,-9.09320427191925e-14,0.075,0.0037999992282259,-0.0151848703143869,-0.00551684224589042,-0.000495785690426163,-1.055218740125e-05,9.18375603180049e-05,-0.00563673347718333,-0.000331076377109499,1.41336936469897e-05,3.14500714709054e-06,0.250452513012184,-0.4,0.178075018778484,0.4,-0.35599974426162,0.15,0.250076991795131,0.4,0.15,0.01,0.59632019104226,0.229477789932098,0.0778497924674555,0,0,0,0,0.01,0,0,0,0.885734187603736,0.01,0,0.355995319234708,0.348101093383601,0.01,0,0.01,0.01,0.22209685572399,0.01,0,0.01,0,0.660631733166668,0.01,0,0,0,0,3.7789218254006,4.27155047975387,3.94732913202117,4.1031431731333,0,1,1,1,0,0,1,0,0,0,1,0,0,0,0,1,0,1,0,0
587,-0.0600000001019719,0.0714918030726296,0.048279473001056,0.130000000101311,0.00500000004724335,0.0507053831799929,-0.0104118576812274,-0.0380969723076437,0.048300082798319,0.571724479793316,-6.73184366432983e-06,1.14833089366822e-06,0.820475647044055,-0.0368858521643735,0.0160771536083951,0.0519974739862061,-4.51436115038019e-11,0.00031744301104995,-4.21504325921749e-05,-9.08838038213639e-14,1.82145636769873e-15,0.00490062175032889,-0.011416698056442,-0.00409969913916193,0.00364965286853285,1.18089461833997e-06,2.57362776566952e-05,-0.0220878983427213,-0.00110422767738325,-0.000148256288816825,-3.3846390754693e-08,0.266746170311288,-0.4,0.210493827159023,0.4,0.0849995463799495,0.249838078371711,-0.310122731758606,0.4,0.223773472997603,0.01,0.632285756575398,0.168810135278016,0.149785998746098,0,0,0,0,0.01,0.844910240034669,0.01,0.01,1.14899434203766,0.01,0.01,0.380263145733868,0.670953358783699,0.01,0,0.01,0.01,0.555542784051145,0.01,0,0.01,0.641374486899791,0.622032435772344,0.01,0,0,0,0,4.06118226554914,4.43172187126136,4.13936472990654,4.35353940690396,0,0,0,0,0,0,0,0,0,0,1,0,0,0,0,1,0,0,0,0
588,-0.060000000073583,0.071461128061053,0.0482780691795376,0.130000000101311,0.0038965321724455,0.0503390855741719,-0.00999999991686746,-0.03796929980485,0.0482713691750945,0.571396762551759,-4.59547075140061e-08,2.18045612267584e-06,0.820703911350837,-0.0368500550291154,0.0160611263542306,0.0519971391037915,1.26512955962515e-09,-0.000221379540059024,-0.000598577711190346,-9.08297494749178e-14,-0.075,-0.0412993878449587,-7.5502813375408e-09,-0.000447494828752721,-0.000173350942822288,-0.00256825259391144,-0.00407858832099073,-8.75178175121693e-05,-0.000198674693862211,0.000145189422468786,-0.000370649283045808,0.307409252855125,-0.4,0.161461702751266,0.4,0.112669056919533,0.25,-0.4,0.4,0.232709212311882,0.01,0.555160596065033,0.250913069058041,0.0502714074398737,0,0,0,0,0.01,0.750373448838237,0.01,0.01,0,0.01,0,0.01,0.208742545774365,0,0,0.01,0.01,0.432339074480007,0.01,0,0.01,0.716101561056295,0.680017286650121,0.01,0,0,0,0,4.02342331196376,4.36865689347986,4.09211168250728,4.29996852293634,0,0,0,0,1.14880291588893,0,1,0,0,1,1,0,0,0,0,1,0,0,0,0
589,-0.0600000000818267,0.0714611046964472,0.0482773057292064,0.130000000101311,0.00242351811462255,0.0493161380124395,-0.00999999991009212,-0.0379697344238004,0.0482709876276231,0.571394952069672,-9.6535644430036e-07,6.6348768656161e-07,0.820705171858433,-0.0368501656430306,0.0160610505545047,0.051997067240506,8.61056884264396e-11,-2.11374772592823e-05,1.09111101356422e-06,-9.07752637432533e-14,-0.0723148317274289,-0.05,8.54714405678099e-11,-1.87725671738971e-05,-7.16267108905406e-06,0.000309592316870147,-4.49191591585579e-05,0.000254392370657773,-2.00869791694937e-06,-1.65112865050804e-05,2.15279956635554e-05,-0.0326933165102428,-0.4,0.158484921359895,0.4,0.0817383274903762,0.25,-0.4,0.4,0.225603153001798,0.01,0,0.01,0.01,0,0,0,0,0.01,0.747397597786105,0.01,0.01,0,0.01,0,0.01,0.121141936190257,0,0,0.01,0.01,0.425157437999857,0.01,0,0.01,0.697718303090713,0.665038133241867,0.01,0,1,0,0,4.04235778936693,4.42430004358155,4.13262142146769,4.33403641148079,0,0,0,0,1.03627869241214,0,1,0,0,1,1,0,0,0,0,1,0,0,0,0
590,-0.0599960322103152,0.0714611719478515,0.0482790840376923,0.130000000101311,0.00102213916837241,0.0482676280128977,-0.00999999991373615,-0.0379703736568997,0.0482709279774814,0.571400962323313,4.63222333026827e-06,3.03070539507466e-07,0.820700987331187,-0.0368486962198633,0.0160607918280523,0.0519976283274455,0.000173628086419366,-1.23620311155315e-05,4.37661968976508e-05,-9.07094695425574e-14,-0.0678454099040837,-0.0499999999999999,2.71866806895378e-10,-7.62292226493845e-05,-6.24682344774045e-05,0.000765841420880705,-0.000116398109461055,-0.000668099360209061,5.18287444031015e-05,-3.51305798688963e-05,-2.65794495123469e-05,-0.0612422074945352,-0.4,0.17866676086556,0.4,0.142627685489038,0.25,-0.4,0.4,0.235882396685947,0.01,0,0.01,0.01,0,0,0,0,0.01,0.718361530970321,0.01,0.01,0,0.01,0,0.01,0.0549053727075475,0.01,0,0.01,0.01,0.319526737060314,0.01,0,0.01,0.813198703897379,0.666654064968204,0.01,0,1,0,0,4.05064802905255,4.42603268312277,4.11631186696864,4.36036884520669,0,0,0,0,1.06724204256942,0,1,0,0,0,1,0,0,0,0,1,0,0,0,0
591,-0.0599891146602861,0.0714629904983466,0.0482799900716841,0.130000000101311,-0.000539418564170861,0.0472191180122037,-0.00999999991159235,-0.0379710634011396,0.0482705849068426,0.571415125280357,5.46064041677527e-06,6.34799059049734e-07,0.820691126395442,-0.0368462716761081,0.0160610956038063,0.0519975529884849,0.000341003758558746,0.000100643969389665,5.14645524848023e-05,-9.06564603614795e-14,-0.075,-0.05,-5.04067873686617e-12,-4.31198233525706e-05,-8.14162250380258e-06,3.35580800524756e-05,-1.0588679728806e-05,-0.00174327929986822,0.000118384639724953,1.46120290736243e-05,3.68585540063716e-06,-0.0544955035945112,-0.4,0.22305656620673,0.4,0.141855543245534,0.25,-0.4,0.4,0.233655777429234,0.01,0,0.01,0.01,0,0,0,0,0.01,0.684806286100601,0.01,0.01,0,0.01,0,0.01,0.0492162935419698,0.01,0,0.01,0.01,0.326546650569722,0.01,0,0.01,0.801619077737344,0.647983296021233,0.01,0,1,0,0,4.06595167432411,4.43585139198908,4.12990976172937,4.37189330458381,0,0,0,0,1.035696146276,0,1,0,0,0,1,0,0,0,0,1,0,0,0,0
592,-0.0599788810330798,0.0714659457804685,0.0482817787908239,0.130000000101311,-0.00210389379271648,0.0461706080167012,-0.00999999991219504,-0.03797231936582,0.0482702993889957,0.571439309574802,6.03580318788532e-06,3.53475443677454e-09,0.820674287287212,-0.0368426074708747,0.0160615050328931,0.051997617070542,0.000513848705099556,0.000153105194913754,8.21755852306995e-05,-9.06039919452108e-14,-0.075,-0.05,3.77649669739588e-11,-6.5995117678404e-05,-1.72103150223331e-05,4.07979983676863e-05,-1.30252848067505e-05,-0.00297712771962947,0.000183024604286756,2.33558110002477e-05,-2.31651395174773e-06,-0.0777982345609368,-0.4,0.15,0.4,0.113728356920693,0.25,-0.4,0.4,0.231768887304305,0.01,0,0.01,0.01,0,0,0,0,0.01,0.681097810247636,0.01,0.01,0,0.01,0,0.01,0.0757286363574729,0,1.07971682851624,0.01,0.01,0.303770289176242,0.01,0.485020255163409,0.01,0.734799789939114,0.641575127286596,0.01,0,1,0,0,4.06734869493132,4.426080245206,4.13113011725019,4.36229882288713,0,0,0,0,1,0,1,0,0,1,0,0,0,0,0,0,0,0,0,0
593,-0.059696819753766,0.0715567351318896,0.0483132191559777,0.130000000101311,-0.00375284381700784,0.0451220980123145,-0.00999999992736945,-0.037990535516974,0.0482690526453499,0.571686917405661,5.23580961124635e-06,-7.70895279409771e-07,0.820501821677287,-0.0368133234550546,0.0160578140254308,0.0519972906993317,0.0273619022715844,0.00895668086740779,0.00314769074756472,-9.05678576785208e-14,-0.075,-0.05,4.76366761165787e-11,-0.00164227481789067,-4.29148598511322e-05,-4.17875056141709e-05,-5.94630328381606e-05,-0.0552211433322848,0.0025914597325487,-0.000314634400518084,4.90291708048353e-06,-0.059879817058513,-0.4,0.171793160438759,0.4,0.127144602379507,0.25,-0.4,0.4,0.217439607608976,0.01,0.642946894728726,0.01,0.01,0,0,0,0,0.01,0.666981874144911,0.01,0.01,0,0.01,0,0.01,0.0785819498419746,0.01,0,0.01,0.01,0.316377837460441,0.01,0.41529396728818,0.01,0.726483857265723,0.623404502780872,0.01,0,0,0,0,4.07784946912199,4.41621875287403,4.14920021863864,4.34486800335738,0,0,0,0,1,0,1,0,0,0,1,0,0,0,0,0,0,0,0,0
594,-0.0600000000282227,0.0715003626015389,0.0483858117157005,0.130000000101311,-0.00537280760051285,0.0441137990716276,-0.00999999993125575,-0.0379181933369076,0.0482699620151072,0.5706897090271,-3.89806506962821e-06,-6.16889985001634e-07,0.82119573815392,-0.0369227413244309,0.0160755796386845,0.0519976677712302,3.57463001869344e-08,-0.00123847439798286,-0.000260584188474395,-9.05490632156616e-14,-0.075,-0.05,-5.64226921424225e-08,0.000548522488207526,0.00030673017770117,-0.00685928876692321,0.000183702219758134,0.00517783391259863,-0.000283653103028682,0.000543790445051355,2.30003912121715e-06,-0.0114470220664236,-0.356940613522955,0.176853447792373,0.4,0.0802487761671648,0.25,-0.4,0.4,0.197371509539993,0.01,0.597455467991762,0.0271249202420327,0.01,0,0,0,0,0.01,0.672862630800951,0.01,0.01,1.08066103958022,0.01,0.01,0.01,0,0.01,1.24088470911226,0.01,0.01,0.517568892507476,0.01,0.667616164091911,0.01,0.564281049369219,0.438342544454323,0.01,0,0,0,0,4.01437278435187,4.40812200110604,4.15707463131565,4.26542015414227,0,0,0,0,0,0,0,0,1,0,0,0,0,0,0,0,0,0,0,0
595,-0.0600000000329411,0.0714980792812277,0.0483855452569527,0.130000000101311,-0.00711541309235649,0.0434291296724133,-0.00999999996442897,-0.0379164302107066,0.0482681866990381,0.570682437724088,1.71332998233973e-06,-8.25314725150649e-07,0.821200791307787,-0.0369227331894205,0.0160755089359671,0.0519970904315807,1.43994341040462e-10,-4.64247062160853e-05,4.25161772718803e-05,-9.05454821054914e-14,-0.075,-0.0186238204775663,1.38576148676356e-10,-4.49947199335421e-05,-4.16739840434595e-05,0.0006782365922818,-7.75847410671193e-05,0.000248192128975259,-4.62481821140114e-06,-3.573425431974e-05,2.19118812787971e-05,-0.0159329090513136,-0.380618469103625,0.15,0.4,0.104933194251783,0.25,-0.4,0.4,0.186788048393728,0.01,0.548820510928929,0.0453277662658778,0.01,0,0,0,0,0.01,0.674648037774641,0.01,0.01,0.844447042881404,0.01,0.01,0,0,0.01,1.0261388307944,0.01,0.01,0.445956283099972,0.01,0.53048934325821,0.01,0.608456098519209,0.491319169746311,0.01,0,0,0,0,4.04339298440929,4.40416108922876,4.10502788744775,4.3425261861903,0,0,0,0,0,0,0,1,1,0,0,0,0,0,0,0,0,0,0,0
596,-0.0600000000349461,0.0714980839003471,0.0483860980234075,0.130000000101311,-0.00881281327995354,0.0430519366619869,-0.00999999996116875,-0.0379163515543335,0.0482685160119552,0.570680238411674,1.17343916414214e-06,-6.55241649025971e-07,0.82120231968714,-0.0369227493102414,0.0160755453850819,0.0519974818180756,-1.43147845139344e-11,6.65557025180393e-06,-1.12155614913718e-05,-9.05448266255731e-14,-0.075,-0.0190931339978432,-1.27970738993851e-11,9.78114264248856e-06,-1.85623109164626e-05,-0.00011121702306027,1.73527516648696e-05,0.000268050108135388,9.42814107572389e-07,5.26480333664886e-06,-1.78183387095032e-05,-0.00942848494584098,-0.4,0.2105795936598,0.4,0.218176737151568,0.25,-0.25519645620126,0.4,0.25,0.01,0,0.0405269469703568,0.01,0,0,0,0,0.01,0.748500214999296,0.01,0.01,1.26305323632295,0.01,0.01,0,0.170259696740877,0,0.884222384237043,0.01,0.01,0.347626590407562,0.01,0.314086783526583,0.01,0.754270174148189,0.697100243649042,0.01,0,1,0,0,4.08320768393138,4.43505882925713,4.11167565722125,4.40659085596726,0,0,0,0,0,0,0,1,0,1,0,0,0,0,0,0,0,0,0,0
597,-0.0599130242313681,0.0715301573952453,0.0483968473867911,0.130000000101311,-0.0105690997428053,0.0424547961276939,-0.00999999995304981,-0.0379162468042027,0.0482672200139669,0.570715528073447,6.01614092568059e-06,1.35569241936677e-06,0.821177794612893,-0.0369175418361444,0.0160776935482905,0.0519972837240595,0.00811279215085283,0.00305675414921034,0.00104906176805882,-9.05446258070276e-14,-0.075,-0.0405138164520433,2.86615602511864e-11,-8.74795505319425e-06,-3.59634327751039e-05,5.02207412431659e-05,-5.12574119430156e-05,-0.00456134130503893,0.000255713613987141,0.000122996618361132,2.28501624606134e-06,-0.0253053868276215,-0.4,0.191929939704876,0.4,0.198816561834803,0.25,-0.271913230117947,0.4,0.25,0.01,0,0.0415822934298341,0.01,0,0,0,0,0.01,0.728293524934003,0.01,0.01,1.30107413928846,0.01,0.01,0,0.138869270177005,0,0.84250122909075,0.01,0.01,0.314469229545247,0.01,0.371171977794891,0.01,0.725988106096092,0.696356669014528,0.01,0,1,0,0,4.1151162555509,4.46147214931053,4.14731811058326,4.42927029427818,0,0,0,0,0,0,0,1,0,1,0,0,0,0,0,0,0,0,0,0
598,-0.0591353887851361,0.0718319412390243,0.0483436787871485,0.130000000101311,-0.0122753523657986,0.0418705555441141,-0.00999999996388807,-0.0379080706646766,0.0482672075963533,0.57074372286953,1.68558216416565e-07,6.30010902731616e-06,0.82115819862923,-0.0369145573536572,0.0160881010421138,0.0519971780415851,0.0701285886611797,0.0263850942057245,-0.0050055528376751,-9.0543837922847e-14,-0.075,-0.0180226978206618,-3.61226005377504e-10,0.000212798946566343,-2.7596503588117e-05,-0.000185392338785309,-0.000156585744647575,-0.00208017284905577,8.77548943078517e-05,0.000287801665903791,-7.93272248431743e-06,-0.117899241878245,-0.36366325331291,0.17436414926491,0.4,0.0971116765354288,0.25,-0.4,0.4,0.226880374362637,0.01,0.532608082117698,0.0203468521293448,0.01,0,0,0,0,0.01,0.701500388171281,0.01,0.01,0.886015503140562,0.01,0.01,0,0,0.01,1.09968959680951,0.01,0.01,0.447683580561477,0.01,0.511687252414239,0.01,0.611159231505758,0.491614183699905,0.01,0,0,0,0,4.05688918803301,4.4445926732822,4.15567849990625,4.34580336140897,0,0,0,0,0,0,0,1,1,0,0,0,0,0,0,0,0,0,0,0
599,-0.0593118198591236,0.0718118462136098,0.0484014822805961,0.130000000101311,-0.0139976574534291,0.0414407454069668,-0.00999999997266483,-0.0378436723280914,0.0482662200044226,0.569840896961599,2.41213458239416e-06,-3.23099585371701e-06,0.821784976336821,-0.0370132561831175,0.0161012373160628,0.0519974205701319,-0.0458203670575894,-0.0107158668984066,0.00681101945266207,-9.05430743566711e-14,-0.075,-0.0249238105002059,-5.33681040322214e-10,0.00881856663930655,-9.95911620921176e-05,0.00045530309278713,0.000198215153061469,0.291658252847631,-0.0130418485639322,0.00196357177309154,-4.31803897496336e-05,0.0470055676609309,-0.4,0.167072211218851,0.4,0.182875582826746,0.25,-0.317574218709135,0.4,0.227129267026334,0.01,0.530920829208989,0.0628956522631116,0.01,0,0,0,0,0.01,0.804680353827762,0.01,0.01,1.15395580406694,0.01,0.01,0,0,0,0.989369788074687,0.01,0.01,0.297505151894699,0.01,0.485100405586744,0.01,0.719306482972915,0.716028278983446,0.01,0,0,0,0,4.13486139815347,4.51662163024995,4.23170308628062,4.4197799421228,0,0,0,0,0,0,0,1,1,1,0,0,0,0,0,0,0,0,0,0
