timestep,x_0,x_1,x_2,x_3,x_4,x_5,x_6,x_7,x_8,x_9,x_10,x_11,x_12,x_13,x_14,x_15,x_16,x_17,x_18,x_19,x_20,x_21,x_22,x_23,x_24,x_25,x_26,x_27,x_28,x_29,x_30,u_0,u_1,u_2,u_3,u_4,u_5,u_6,u_7,u_8,lambda_0,lambda_1,lambda_2,lambda_3,lambda_4,lambda_5,lambda_6,lambda_7,lambda_8,lambda_9,lambda_10,lambda_11,lambda_12,lambda_13,lambda_14,lambda_15,lambda_16,lambda_17,lambda_18,lambda_19,lambda_20,lambda_21,lambda_22,lambda_23,lambda_24,lambda_25,lambda_26,lambda_27,eta_0,eta_1,eta_2,eta_3,eta_4,eta_5,eta_6,eta_7,eta_8,eta_9,eta_10,eta_11,eta_12,eta_13,eta_14,eta_15,eta_16,eta_17,eta_18,eta_19,eta_20,eta_21,eta_22,eta_23,eta_24,eta_25,eta_26,eta_27
0,-3.08528582381651e-10,0.0700000003768029,0.0500000000496775,0.0700000007966694,-0.055000001055636,0.0500000009382998,-0.0700000018162797,-0.0550000029943613,0.0500000001052212,0.999999995320288,-2.80476705835224e-11,-1.43301689938314e-10,-6.27052070887525e-09,-3.33214370097365e-09,4.78751529313426e-10,0.0520000000234281,1.61275915259412e-08,4.15162651368823e-10,1.47215691873603e-09,-1.2563398563297e-08,-8.26985950650075e-09,1.46509101356525e-09,-1.23067749440856e-08,7.80037651510081e-09,1.57099190606754e-09,-1.40310899050633e-11,-8.81531536630468e-11,-2.77280424572732e-09,-3.68053100867958e-08,2.40402168105051e-09,4.53125617560484e-10,-0.318443432293845,-0.012826201551621,0.21828068514546,0.306296748707595,0.111820198876322,0.216956872686382,0.293708095871008,-0.102366505202111,0.213538681581944,0,0,0,0,0,0,0,0,0,0,0,0,0,1.25431352797574,0,1.69032429768259,0,0,0,1.54462419635081,0,1.31439782570378,0.91419858700573,0,1.20450925376642,0,0,0,0.286718343539539,0.562734731244807,0.61266107063285,0.236792004151496,0,0.467111772935764,0.141061671613736,0.330502917904878,0.724914227749648,1.18004852267664,0.844654296519591,1.0603084539067,0.174578486315625,0,0.195910030208352,0,0.521600225557091,0.257329200463596,0.235216789821404,0,0.0228815155906516,0,0,0.0932106093513592,0,0.153848912857141,0.439451481843364,0.132517368964411
1,0.00104655965983346,0.0689439604401029,0.0495356894953899,0.07133161817113,-0.0564557794513331,0.0495356927441106,-0.0687397427849888,-0.0541595007680103,0.0496334134774572,0.999999995521789,1.19564666789034e-11,-7.64814993471576e-11,-6.00239612211418e-09,-1.91502808693957e-09,1.40226464887063e-10,0.0519974438873473,0.0750000199296661,-0.0750000003638142,-0.0462000448206878,0.0749999889562448,-0.0750000113368273,-0.0461997866133834,0.0749999891960896,0.0750000110350892,-0.0364762682767458,3.29473827379723e-12,-4.99044180129366e-11,-2.73721486257349e-09,-2.14985531009025e-08,-1.53412730407287e-09,-2.9050267438947e-05,-0.373510307752422,0.0267155435374428,0.250000006880648,0.241149676827147,0.176299714144355,0.248791627447528,0.277232401304835,-0.164558021744655,0.237328595874028,0,0,1.35906026285469,0,0,0,0,0,0,0,0,0,0,1.25456900869555,0,1.71270450639026,0,0,0,1.57009133011253,0,1.33153738565368,0,0,1.21859278591789,0,0,0,0.231683387077252,0.502082859995009,0,0.173785878512575,0.0650341038988173,0.562556557502414,0.218254241090221,0.409336420311009,0.701027882215645,1.18184404400547,0.832574965351669,1.05029696086944,0.157051997366925,0,0.180765268627449,0,0.524772387107871,0.235574144077175,0.221128324633914,0,0.0171848215383684,0,0.407703961849255,0.0710791762975106,0,0.1351555035645,0.448067017855719,0.111442232303977
2,-0.000105738327293826,0.0671991096062607,0.0484947792688668,0.0731333049330405,-0.0581866404165868,0.0485192830185423,-0.0669082779018896,-0.0525649807862052,0.0488103727300363,0.999999996488896,1.34696200601871e-11,-1.82049803915651e-10,-6.20328366645553e-09,-4.26427470009087e-09,1.83824675514699e-10,0.0519974249037595,-0.074999987304731,-0.074999999964557,-0.0499999999943387,0.0749999869793638,-0.0750000109496782,-0.0499999998015042,0.0749999872078543,0.0750000116884219,-0.0457812727626087,3.62904239179844e-13,-8.78084686194153e-11,-2.71906116623034e-09,-3.64344383036591e-08,2.63724300036252e-10,-4.20578013849139e-07,-0.255433948099976,0.0217748052260332,0.250000002371026,0.23762740517965,0.176615446829615,0.250000081779264,0.346274001883263,-0.169963580011442,0.247161941789917,0,0,1.4309427243388,0,0,0,0,0,0,0,0,0,0,1.26231615743208,0,1.68538369422355,0,0,0,1.55002579621339,0,1.33483964817904,0,0,1.20087431654511,0,0,0,0.18944416632373,0.459882418722976,0,0.129553995742227,0.178760011193972,0.698523606500986,0.341575711186891,0.535707906508062,0.698147098325634,1.17690085038125,0.827449590856397,1.04759835785048,0.154554297461607,0,0.179266447067828,0,0.531705844934613,0.226884230139888,0.218686069507331,0,0.0243634409749823,0,0.421134210962347,0.0668882969551715,0,0.131020069000892,0.460553833401861,0.106307919394685
3,-0.00187246546021787,0.0654944862388393,0.0474529435602631,0.0748971821678853,-0.0598759394129148,0.0475069807055216,-0.065040894512251,-0.0510040663198487,0.0479503309541526,0.999999999990981,3.85419605145628e-14,2.91755116793851e-15,-1.101862156939e-11,3.30583866450323e-13,1.98518156293913e-13,0.0519974248771371,-0.0749999999515721,-0.0749999999996032,-0.0499999999999754,0.0749999999814092,-0.0750000000296104,-0.0500000000000604,0.0749999999885759,0.0750000000277245,-0.0402505693297871,3.29207173509487e-15,3.89656423047352e-14,-5.41282596961025e-12,1.16279221178495e-11,-8.43358466191624e-13,-1.03112798808611e-09,-0.258906223266022,0.0186267821072464,0.250000000010162,0.218163926792867,0.192780927671455,0.249999999975153,0.399999995291914,-0.199323734329417,0.247747715490087,0,0,1.45125750467349,0,0,0,0,0,0,0,0,0,0,1.27453295969155,0,1.66400953285261,0,0,0,1.53469120569489,0,1.35612892577064,0,0,1.1717051193334,0,0,0,0.144338364757708,0.413607087203375,0,0.0787468374193464,0.283740985570158,0.832458956541562,0.459906841241973,0.656293100869749,0.694717534417336,1.158179405822,0.818574319105681,1.03432262113366,0.149208233841271,0,0.176542061428207,0,0.534543692943555,0.21288882182917,0.209500532399681,0,0.0213067245348909,0,0.435587446015209,0.0592649197269575,0,0.119557218285367,0.468545916986684,0.0922233906984365
4,-0.00363290808629384,0.0637781062661643,0.0464157521431542,0.0766388795814658,-0.061556105311189,0.0465005089580235,-0.063125365821376,-0.0494677793017492,0.0472268757411231,0.999999999982151,3.87782443108106e-13,-7.20253832649982e-13,-3.98132240895602e-11,-1.67561730877157e-11,-7.44013531803756e-12,0.0519974248765893,-0.0749999999158524,-0.0750000000013139,-0.04999999999979,0.0749999999116846,-0.0750000001326695,-0.0499999999999372,0.0749999999517754,0.0750000001374841,-0.0321355272920357,1.07053970813108e-13,-1.24527508826783e-13,-1.87469562820327e-11,-5.72180077495437e-11,-3.46284164948914e-11,-1.10420627281247e-10,-0.126997089231268,-0.00464516163677924,0.250000000086609,0.185455103403879,0.214682012409062,0.250000000025902,0.399999980125725,-0.240218878895455,0.249999999746048,0,0,1.31873408511568,0,0,0,0,0,0,0,0,0,0,1.2778526059456,0,1.57607204437032,0,0,0,1.46790674957992,0,1.36912055743825,0,0,1.10654754584436,0,0,0,0.191467917278641,0.47336717036388,0,0.10089693719989,0.396639748034797,0.938895740792507,0.565385549120498,0.7701499397068,0.770616607869074,1.00527599430231,1.11649632049594,0.659396281675451,0.168059308634571,0,0.187423330311773,0,0.57251461212679,0.227537241384456,0.237102100509934,0,0.0484717480436725,0,0.451973026012844,0.0682676119161103,0,0.137310403791473,0.501651796211003,0.117946382114272
5,-0.00532416166991252,0.06206004390279,0.0453931717913035,0.0783542785745792,-0.0631975738862054,0.0455203929206062,-0.0612054145725287,-0.0479801211508468,0.0467066636745921,0.999999999392508,-4.72785934634713e-12,-3.9663165642149e-11,-4.68968266923364e-10,-2.02824172127818e-10,-6.61725039725467e-11,0.0519974248699449,-0.0749999983905077,-0.0749999999063071,-0.0499999999965244,0.0749999989103639,-0.0750000014512207,-0.0480214804942538,0.0749999992384412,0.0737717272406726,-0.0199466194745551,3.65385018161169e-13,-3.66477102131048e-12,-3.05486649314775e-10,-1.03897155799207e-09,-4.47076153487745e-10,-8.76394292275511e-11,-0.169817266577699,-0.0393476816244821,0.250000001432481,0.188163516950909,0.209119845222183,0.250000003609145,0.399999686146305,-0.261503686858986,0.242512287421943,0,0,1.34154222289978,0,0,0,0,0,0,0,0,0,0,1.31072725022476,0,1.56834873426143,0,0,0,1.45128483789701,0,1.42110832538994,0,0,1.12667802442295,0,0,0,0.132151859336204,0.421821620282296,0,0,0.406679562704496,0.987625368752865,0.591081378216127,0.803223553241238,0.684105812622456,0.919165893320512,1.03626464722931,0.56700705871365,0.178142781355903,0,0.199113788186823,0,0.590474898520225,0.232109257742415,0.249537274302126,0,0.0491802795392326,0,0.471452511227175,0.0711448567875222,0,0.14253934973375,0.521875997342483,0.12156834290283
6,-0.00708553740760631,0.0601801756634557,0.0443484327351083,0.0801389324232102,-0.0649213027086168,0.0445208877560127,-0.059586889049776,-0.0466614249968939,0.0463343585136723,0.999998601312829,-2.4323684747e-06,7.99471230910041e-06,0.00168316614568019,0.000252342668445998,9.02467596043364e-05,0.0519976892637408,-0.0749999917956744,-0.0749999988115361,-0.0500000000027093,0.0749999907414141,-0.0750000094608586,-0.0499999999154813,0.0749999915083126,0.0372242998740462,-0.0111623469542156,-0.0074277991310712,-0.00466630002284616,0.5497004642051,0.0459038317933002,0.0162131664160777,-0.000265569066768315,-0.159036786036837,-0.06615299858605,0.249999998882703,0.0924567463827413,0.208841931752356,0.250000034825656,0.351710852971375,-0.194219210212503,0.239331872772796,0,1.39396029662081,0,0,0,0,0,0,0,0,0,0,0,1.30726220526559,0,1.68077223493195,0,0,0,1.51648822385231,0,1.44668133903691,0,0,1.17075956563985,0,0,0,0,0,0.0314170587305143,0.332894385400787,0.447473056031845,1.09061047593525,0.657139539744472,0.880943992222626,0.512610513028327,0.987163025123407,0.626775078334136,0.872998459817602,0.188793974698235,0,0.217217087513417,0,0.610300727286111,0.245484294009423,0.270840998200004,0,0.0708387390452349,0,0.499786088934021,0.0781232385114991,0,0.160170437307135,0.5534099996206,0.122316717219361
7,-0.00873442981396036,0.0591945071360725,0.0435760438791115,0.0817593819082107,-0.0665588558581489,0.0435755778122687,-0.0578192518476432,-0.0462578332654702,0.0461472827737552,0.999939881379432,4.50137006981791e-06,5.90172811956501e-06,0.0109869120010214,0.00118511317681717,-0.000599397585252927,0.0519975153936609,-0.0749999918096769,-0.0719753506430855,-0.0350531426928965,0.0749999940181292,-0.0750000117699192,-0.044558225776082,0.0749999946826728,0.00974835594974914,-0.00928132993845401,-0.00885994456527017,-0.00613021507876105,1.05073408765537,0.0465266356927178,-0.0593190159787149,0.00047434611187362,-0.150828479250314,0.0363622227120228,0.24999993203616,0.00799650674129259,0.278806740766669,0.249999667430919,0.305516523426504,-0.0998379262587473,0.231309914794914,0,1.32270164362086,0,0,0,0,0,0,0,0,0,0,0,0,0,1.60619229375904,0,0,0,1.5171697221063,0,1.60229387481134,0,0,1.18344161152523,0,0,0,0,0,0.0741198248790811,0.371357568925732,0.543511616801257,1.17455348851303,0.754803870972975,0.963261234341308,0.44459993087738,0.93938832620392,0.603521925370731,0.780466331710563,0.237444288115776,0.601896266253946,0.261098819819883,0,0.578244139515932,0.201700087003565,0.24459188912385,0,0.0780756350816103,0,0.485419777028987,0.0615669475522663,0,0.0687149102492735,0.468912846332952,0
8,-0.0104530437243461,0.0578837357195824,0.0429378743062467,0.0833075753406022,-0.0678906535382911,0.0428125606698579,-0.0560045253651764,-0.0458232068934449,0.0457955915979284,0.999780440143042,2.23214035260641e-06,4.97857989934522e-06,0.0209773675563953,0.00218532053229488,-0.00163715307348426,0.0519973660005945,-0.0749999914259717,-0.0622585055531414,-0.0296157344440973,0.0749999963399472,-0.0582635141406702,-0.0318072342111438,0.0749999967063595,0.031758153751409,-0.0248420441947152,-0.000475655000723217,-0.0126946168312349,1.00220175580083,0.0528227509280316,-0.0463187586781245,-5.95355471303044e-05,-0.149890562951288,0.0153564513574836,0.249999954620066,-0.0390409728589984,0.302483412054419,0.249999738276987,0.264125332043738,-0.112619709363873,0.240775554325271,0,1.35198120774865,0,0,0,0,0,0,0,0,0,0,0,0,0,1.64535853143881,0,0,0,1.51225928048617,0,1.64568888443452,0,0,1.18249836006251,0,1.0483023958126,0,0,0,0.0708536693628244,0.365046174152105,0.629787674791812,1.26911787422648,0.846437853208618,1.05246769580967,0.394433817653777,0.873603826832293,0.542342970295188,0.725694674190881,0.245105504872471,0.606314939132363,0.264243415762466,0,0.571133036317834,0.204542355284551,0.24740413648107,0,0.0668458472054939,0,0.482635030685127,0.0777688294052003,0,0.0800678777132912,0,0
9,-0.0122418104644825,0.056410091876221,0.0422993424784754,0.0829504577304082,-0.0686785740744736,0.0419627092152559,-0.054170897017671,-0.0447678745643577,0.044950365627692,0.99949834671068,3.58442538962433e-06,3.55676463952415e-06,0.0316955532295706,0.00327252871220799,-0.00272223667571513,0.0519973517500208,-0.0749999913921172,-0.0750000027390522,-0.0348429695085236,-0.075000005527164,-0.0207163482179839,-0.0500000015722009,0.0749999964592882,0.0734182382559676,-0.050000000204557,0.00184529023778749,-0.0128657587908503,1.12871837462803,0.0579697054675128,-0.0566672987756038,-6.9554862065122e-05,-0.141241918157364,0.017687929376781,0.249999840318112,-0.0281417391447754,0.364169997335185,0.24999935217959,0.245488358070466,-0.134662511940704,0.249999915720478,0,1.3349820300668,0,0,0,0,0,0,0,0,0,0,0,0,0,1.6240815662702,0,0,0,1.45866664993336,0,1.69628635777271,0,0,1.15041754311538,0,1.11612281874096,0,0,0,0.0779718003758626,0.365716552188413,0.652617144450922,1.29079046370605,0.862907736689413,1.08049987146757,0.327497688376849,0.794347940942929,0.465223505927737,0.656622123392032,0.245988341970802,0.597358746977479,0.254684231373824,0,0.55593185584742,0.1938633327048,0.236163624682597,0,0.051180159147027,0,0.474023833592101,0.0945638057160273,0,0.0847394424643922,0,0
10,-0.0139676883472516,0.054936836395508,0.0417129716070376,0.081357013969229,-0.0685531923697677,0.0410724054874449,-0.0525457675353859,-0.0433078451327429,0.04393260646319,0.999127501622166,3.6279441009188e-06,3.2608836989156e-06,0.0417887517767026,0.00434427564771074,-0.00373729184485145,0.0519973353951486,-0.0749999913940767,-0.0712677495311252,-0.0238906532635215,-0.0750000025486109,0.0329858473434958,-0.0390849467859391,0.0749999981947915,0.0690176122255892,-0.0500000002743328,-0.00319540621400019,-0.000108358577480989,1.00941877131545,0.0546845631095685,-0.045835513485572,-2.9086224855443e-05,-0.131679359894067,-0.00578533607613885,0.249999889597341,-0.0847740945070708,0.384984445331235,0.249999338362595,0.204409246366004,-0.129054067902339,0.249999886958268,0,1.32946303382437,0,0,0,0,0,0,0,0,0,0,0,0,0,1.61733660038346,0,0,0,1.41370244478286,0,1.71231904862158,0,0,1.13939748884896,0,1.16831776009921,0,0,0,0.075828979834335,0.352380356420149,0.645989299373438,1.27245925998401,0.851670739935017,1.06677781942243,0.264968260995066,0.708125772427127,0.390885397083762,0.582208636338423,0.249981221221795,0.596713211171644,0.252361109128107,0,0.540863010491181,0.192122070179091,0.230749069996238,0,0.0349411153401701,0,0.467577240160904,0.114076679080275,0,0.0948450122872339,0,0
11,-0.0157261106631312,0.0533282064631283,0.0411581884739202,0.0795943689541652,-0.0671236436649522,0.0401837577877081,-0.0508175468231073,-0.0420522152379851,0.0429006925561388,0.998602699051839,3.18095115888013e-06,4.75141330935815e-06,0.0528709086120983,0.00555134533733303,-0.00474544179387153,0.0519973617688321,-0.0749999989462821,-0.0750000006040971,-0.0326341489673354,-0.0749999965506352,0.0750000018065755,-0.049726428558126,0.0749999990885462,0.0585285258905381,-0.0500000000282496,-0.00551042834279764,-0.00954283818721637,1.14469691473563,0.062952049252106,-0.0503217312235036,-9.07998291011325e-05,-0.108858592756717,-0.0402430754200108,0.250000037488123,-0.26319495313938,0.400000744563557,0.24999981056741,0.260557293162553,-0.148538255317596,0.249999988358203,0,1.33601938075433,0,0,0,0,0,0,0,0,0,0,0,0,0,1.58774945020403,0,0,0,1.34297695037131,0,1.70767818311086,0,0,1.10122221968216,0,1.18465603997958,0,0,0,0.0942328142863797,0.36281760142388,0.562667828380734,1.16131712987247,0.763540369409584,0.96044458884361,0.219034670959324,0.637522504037416,0.335022063323935,0.521535111672811,0.248826468343485,0.576398074618192,0.240480309769569,0,0.523293560523419,0.173786992993056,0.218064675520407,0,0.00684093043595575,0,0.45546803666985,0.122653965072595,0,0.0918926124473314,0,0
12,-0.0174677240625473,0.0516443187969658,0.0405669559983846,0.0778210354320504,-0.0654203062093431,0.0402161305278038,-0.0492114170624302,-0.040644870766294,0.0418764498404087,0.997956041525993,2.52131571670735e-06,4.36982283379698e-06,0.0639299374785457,0.00678597020882999,-0.00572499953128021,0.0519973443151005,-0.0749999936857987,-0.0750000000880321,-0.0274182570767348,-0.0749999897586306,0.0750000047280676,0.0282136612112305,0.0750000014506849,0.0749185688781246,-0.0500000008142936,-0.00643982742751654,-0.00363498399444007,1.11341750450206,0.0638535488586869,-0.0475159610260958,-4.14243620477177e-05,-0.114714553168882,-0.014168296936225,0.249999682793969,-0.161677569580654,0.400001983588947,0.250000174449202,0.0893121063858927,-0.127817763774178,0.249999664543687,0,1.31824373061531,0,0,0,0,0,0,0,0,0,0,0,0,0,1.6226388081691,0,0,0,1.34032152776869,0,1.77382005275097,0,0,1.04146195443642,0,1.18443972710295,0,0,0,0.0888179535089633,0.350946336434075,0.544499968496811,1.0941120540135,0.729515930805075,0.909096091705233,0.149829967840169,0.56048797158375,0.262407197903172,0.447910741520748,0.25492813475984,0.580894118790869,0.240317343556352,0,0.511325648092386,0.177235366497998,0.214201601418163,0,0,0,0.447258675912736,0.14239004824786,0,0.101663982338922,0,0
13,-0.0191938752581951,0.0499409389370303,0.0400001290476302,0.0759654439690569,-0.063598334441901,0.0403160916839371,-0.047677254478507,-0.0395263846489853,0.0408667838710931,0.997212219588044,3.10875489312946e-06,4.47599241101834e-06,0.0746435809397712,0.00804273597156756,-0.0066298932893934,0.0519973442857931,-0.0749999995890206,-0.0749999995716755,-0.00129483198427275,-0.0749999949681085,0.0750000037247458,-0.0179863601909525,0.0750000003466937,0.0354636364054223,-0.0500000001690897,-0.00683838242667161,-0.000859985635224598,1.04947866061256,0.0629262312501225,-0.0434770522487696,5.1846172747121e-05,-0.0980803320915436,-0.0410179982310607,0.250000188885817,-0.270792274783903,0.400001532571588,0.250000039575216,0.0824134785014627,-0.1550930330188,0.24999993092566,0,1.33225009195076,0,0,0,0,0,0,0,0,0,0,0,0,0,1.60051913028459,0,0,0,1.28849967685858,0,1.78426131923551,0,0,0.996538995567259,0,1.19386930294515,0,0,0,0.108190306257507,0.346604686958432,0.445423181360566,0.962645803499598,0.60255962302981,0.805509361830355,0.124917027661393,0.494510982462736,0.216416576587185,0.403011433536963,0.261664525816772,0.573492574117858,0.239929454922764,0,0.504041304722589,0.176877769853343,0.214580460859276,0,0,0,0.433483490102308,0.149790061860713,0,0.102706501023034,0,0
14,-0.0208758864690679,0.0481179129673614,0.0399999996536303,0.0740454852121818,-0.0616783579635172,0.0399999949353287,-0.0462090228070685,-0.038572373576343,0.0399999996355668,0.996335245769497,2.53243242982049e-06,4.87909881623677e-06,0.0855602326754824,0.00931075972160354,-0.00754353731552994,0.0519974034330695,-0.0750000015023621,-0.0750000002086332,1.57038042970949e-10,-0.0749999951715702,0.075000003142845,2.5506540652963e-11,0.0699865557169276,0.057441622637485,4.9336811055158e-10,-0.00868325751903472,0.0038076922311408,1.0980047078003,0.0641624832461735,-0.0448219591686028,-5.44557591315618e-05,-0.0901936891204738,-0.0266652423721462,0.250000183537567,-0.253222516395914,0.400001290684757,0.250000010702552,-0.0178044982696749,-0.174800833015551,0.250000208290918,0,1.31354405526122,0,0,0,0,0,0,0,0,0,0,0,0,0,1.58722187735371,0,0,0,1.25058308599295,0,1.78439072860243,0,0,0.934129623375762,0,1.15146531353395,0,0,0,0.109662021412945,0.340508598261606,0.36423154602601,0.841505989845935,0.508028711837011,0.697708824034931,0.0543672296801325,0.437309876452001,0.184447986900361,0.332347505110789,0.258383809748203,0.565095469961617,0.230558691545566,0,0.489875204157456,0.171931110275581,0.204616639028158,0,0,0,0.418621083152099,0.15632698852135,0,0.102560458781879,0,0
15,-0.0225726735547427,0.0465390721361881,0.0399999996430465,0.0723556772565286,-0.0598529566066566,0.0399999916110008,-0.0453088217332415,-0.0372585196224922,0.0399999996590596,0.995602726128172,4.17130741715155e-06,2.85714206060877e-06,0.0937018089605311,0.0102625571467228,-0.00829529741214117,0.0519974240895281,-0.0750000014049916,-0.0750000002516805,4.68759899305483e-10,-0.0749999962222382,0.0750000021994726,-1.98865949608882e-10,0.0235139473568659,0.0750000021205755,4.0613978108595e-10,-0.000168737244452471,0.00208442455876397,0.658869741839805,0.0334002490389975,-0.0393080719256955,-1.38308342447543e-06,-0.0769138887839733,-0.0355496085290117,0.250000195034984,-0.169239444599994,0.400000903801445,0.249999918259823,0.00217294643037009,-0.233073980736737,0.250000165183443,0,1.25381143943288,0,0,0,0,0,0,0,0,0,0,0,1.2433557233185,0,1.61712637979904,0,0,0,1.1662473577831,0,1.76143511685398,0,0,0,0,0,0,0,0,0.109638662906821,0.346167259399086,0.276757572741766,0.709493641079575,0.378778970404442,0.607472243416902,0,0.357448105739063,0.0725555357031742,0.282404860042747,0.254035998618774,0,0.195743399369648,0,0.520119099376544,0.183905950247517,0.214901732746111,0,0.0330258079715566,0,0.456574400487943,0.236946216906326,0.419838663234113,0.19781223735868,0.475732733864408,0.0568265882247597
16,-0.0241749988482534,0.0447659001598079,0.039999999630719,0.0707449293305146,-0.0580263278995575,0.0399999971641852,-0.0442807672735228,-0.0373694118438038,0.040371914034339,0.994746845706712,1.83679782307206e-05,2.94108387787341e-05,0.102391053770533,0.0111307916853931,-0.00915968106236176,0.051998586088259,-0.0749999999261254,-0.0750000001292425,-1.54413825693065e-08,-0.0346321967000022,0.0187295438205848,4.51257646532079e-09,0.0750000016140277,-0.07499999861922,0.0286606775530959,-0.0899491723279603,0.013039959951138,1.80854833361355,0.032458851716044,-0.0146769082919603,0.00129214049771338,-0.0676044671173812,-0.0142096568961114,0.250000199811812,-0.207432073985923,0.400000830202941,0.250000013942373,-0.146960669397085,-0.107013880195134,0.236307529390956,0,1.2146441688624,0,0,0,0,0,0,0,0,0,0,0,0,0,1.51454973897749,0,0,0,1.15693278529263,0,1.71521817691955,0,0,0.83177911213294,0,1.08847720412208,0,0,0,0.104406991550053,0.314656990420269,0.224840381791507,0.655297927636712,0.347594061226648,0.532544248201571,0,0.328013412682316,0.120633627077273,0.245635305018624,0.236286532373322,0.550859828761059,0.196417214303067,0,0.459280048753851,0.145026319786778,0.169670066764337,0,0,0,0.398592374618321,0.161508902816245,0,0.0948932136081305,0,0
17,-0.0258637784984525,0.0434614443898186,0.0400000282187086,0.0695837343868796,-0.0565063946056881,0.0399999996621799,-0.0436584934054181,-0.0377134188792814,0.0404563451237951,0.992638149883464,-5.0100103656694e-07,2.61280516827806e-07,0.121146628056824,0.011286485929862,-0.00914565168641777,0.0519975025510365,-0.0749999898400158,-0.0518234069232603,7.92542601292883e-05,-0.0749999963654231,0.0749999928365476,1.30720278139744e-09,-0.00817580124877492,0.0423331291633333,-0.0187789482858572,0.0162184232527032,-0.00211221855116476,1.92754881399082,-0.0128848862523944,0.0133310938390628,-7.79151774351857e-05,-0.153677089355042,-0.0337557172117166,0.15000754231297,-0.136967431611725,0.280405002175989,0.203453014073954,-0.0204970849524316,0.091119914639425,0.159252232728094,0,0,0,0,0,0,0,0,0,0,0.127131049418475,0,0,0,0,0,0,0,0,0,0,0,0,0,0,0,0,0,0,0.96553928750184,0.142252040893473,0.368619810964222,0.4337804274256,0.995362385194961,0.605875781563489,0.823267031057068,0,0.339370498306119,0,0.234213360005118,0.203053202148357,0.640200074035041,0,1.26935438811173,0.988152183126193,0.0722985194537661,0.119764046646766,0.963566795925491,0,1.16339006354219,0.509361534090032,0.249170057854388,0.719489884251479,0.185302255262182,0.882188051273299,0
18,-0.027493208238767,0.0426553859433962,0.0402107766324827,0.0686082440268812,-0.0547461308409963,0.0404325403505337,-0.0439191939511839,-0.0387982761352903,0.0406102003239399,0.990408269977851,8.72277433243997e-07,1.84250902522829e-07,0.138202557655752,0.0109107507111539,-0.00879428952251292,0.0519978103722538,-0.0749999980794475,-0.0330785542431298,0.0160426227557293,-0.0271562028439687,0.0749999994929323,0.0375289785043183,-0.0178459313525024,-0.0749999974477955,0.0339011562770719,0.00712531930106751,-0.00322963429241249,1.58275440283696,-0.0248054691152853,0.0213410468353633,0.000159738399364535,-0.0126853716176944,-0.0772010414036291,0.243940237689452,-0.0562548082304457,0.399999790423668,0.234485105023901,-0.0168402566218364,-0.0740664884023439,0.234128146686687,0,1.07208502178849,0,0,0,0,0,0,0,0,0,0,0,1.06032381400561,0,1.50966090688599,1.03087788788367,0,0,1.15229782360493,0,1.40043402772403,0,0,0,0,0,0,0,0,0.101797625460264,0.24984376723979,0.311140330434868,0.661619221973216,0.36784577064094,0.604913781767145,0.00686752904841763,0.301652739258223,0.0853945125459788,0.226400119914957,0.206024010808803,0,0.00498503483723849,0,0,0.0251887097199591,0.0841987555315849,0,0,0,0.489222996270006,0.288404877529515,0.357776940262128,0.166579835752874,0.43137700716542,0
19,-0.0291020107767677,0.0419289765953271,0.0402246445431855,0.0684059002743998,-0.0531778685467022,0.0407423458724429,-0.0434572677408075,-0.0391950645565209,0.041053257526691,0.988407118356452,-1.59593531449201e-06,-3.04180529182041e-07,0.151857877470726,0.0104062193493436,-0.00853477561372695,0.0519968941413111,-0.0749999936329441,-0.0364174669681543,-0.000320593726445061,0.0146374185245115,0.0750000040573886,-0.000320856974527588,0.0636312037107841,0.0347722629336538,0.010521351742199,0.00266064928928245,0.00148194525414089,1.27121672880373,-0.0298468853413719,0.0088784458545134,-9.97465764554417e-05,-0.1175422676338,-0.0393713649376352,0.149998459216917,-0.0570495623706453,0.400001879759605,0.149999898937402,-0.0647445489785251,0.110500911262655,0.150000120026908,0,0,0,0,0,0,0,0,0,0,0.140380291801379,0,0,0,0,0,0,0,0,0,0,0,0,0,0,0,0,0,0,0.923486579782618,0.130854166518146,0.367308929827819,0,1.02662747914715,0.233702925361277,0.392532013698268,0,0.365594059244539,0,0.268492363605377,0.225505743976674,0.651006023007165,0.0393324387366763,1.26180578261111,0.992863791738105,0.0857668099244497,0.17368253101233,0.931258091415408,0,1.2033574743005,0.554252696526033,0.281689758391963,0.740116062390347,0.229866779335063,0.934415827692296,0
20,-0.0307189919129305,0.0414727623312793,0.0404631614658258,0.0676153323105636,-0.051447458639704,0.0410338121930704,-0.0429658822229046,-0.0400996138850384,0.0412315513153843,0.986141232384672,1.61708406352657e-06,2.10214679051842e-06,0.165939571753565,0.00982026281635657,-0.00797936476006714,0.0519984703313996,-0.0750000000303142,-0.0102127931156779,0.0202599432674548,-0.0750000004005208,0.0749999994827863,0.0317238630352601,-0.00631079501584916,-0.0749999995285813,0.00880285855956744,0.0158377099499914,0.00426668053663154,1.51648328370505,-0.0330301113772478,0.041782324810538,0.00105947659979797,-0.400000011130175,-0.201607388974515,0.239992791470507,-0.400000163152048,0.315870954961701,0.246100409994657,-0.400000196446421,-0.156332016305163,0.247936444793253,0,1.37926074274667,0,0,0,0.979129094971508,0,0,0,0.0246915557391257,0,0,0,0,0,1.474394374377,0,0,0,1.35849611363215,0,0.889150472242801,0,0.637824883008064,0,0,0,0,0,0,0,0.134611736388777,0,0,0,0,0,0,0,0,0.157266064946859,0.300303134534344,0,0,0.43646271073549,0.263949275576584,0.171485325504682,0,0,0,0.08274140306628,0,0.311364984014327,0.22221759758943,0.245845464003932,0.287737117599826
21,-0.0325021412522333,0.0408066646591036,0.040473613166652,0.0658741788589162,-0.0502504591830647,0.0413897116312937,-0.0444689142117077,-0.0415752796342853,0.0415550483117351,0.983675370592419,-3.43366912355541e-06,-2.39032645413251e-06,0.179984040406305,0.00915045110485458,-0.00757594327690741,0.0519972043112301,-0.0749999999096416,-0.0490052755378471,-0.00221234200532788,-0.0750000000467538,0.0384680368163984,0.00522609296985837,-0.075000000062462,-0.0725786665389618,0.0234734781793469,0.0147858417236192,0.00952522771679946,1.37655483424583,-0.0371360024472595,0.00344755131807333,0.00015638415349677,-0.348441963852672,-0.190344422508089,0.250000001237082,-0.400000019268156,0.208517232221435,0.219647711828654,-0.400000025741892,-0.16725574070957,0.234596917598497,0,1.31408849458824,0,0,0,0.788858792725895,0,0,0,0,0,0,0,0,0,1.16303237190824,0,0,0,1.35743830099715,0,0,0,0,0,0,0,0,0,0,0,0.119958275594802,0,0,0,0,0,0,0,0,0.151742807194841,0.316372434705764,0,0,0.449464809635048,0.262903599291314,0.163806516346387,0,0,0.755993994397539,0.0889611367584424,0.221040742895291,0.321150649024941,0.23310439765455,0.260344846903843,0.29391019977565
22,-0.0343724122062025,0.0402072739339941,0.0404341464554592,0.0641896440719019,-0.0492220587531329,0.0418452003121343,-0.0462565046497636,-0.0428848806354254,0.0421028616113373,0.981380312429685,-4.65053097666056e-06,-5.18106161324575e-06,0.192106546726048,0.00814999071393288,-0.00726209159721782,0.0519974404172323,-0.0749999763745036,-0.0122277264340493,-0.00190139180805266,-0.0749999940250635,0.0605683984007047,0.0339207586320221,-0.0749999987152861,-0.0584523765580896,0.0312689723966676,0.00782502094692702,0.00520424925955496,1.1189105450741,-0.0599459443743623,0.0287963158987752,-5.79277303317738e-05,-0.398721879905218,-0.217096434737765,0.250000368112595,-0.317760344053281,0.280001236148062,0.237749271512068,-0.319278550476667,-0.129238503708235,0.229714358293134,0,0,0,0,0,0.842456437475525,0,0,0,0,0,0,0,0,0,1.27515024640105,0,0,0,1.20315030376407,0,0.844990056464467,0,0.564830417333125,0,0,0,0,0,0.705388748950446,0,0.121514371134296,0,0,0,0,0,0,0,0,0.144984063450463,0.261490365065422,0,0,0.427317183079936,0.259884735764096,0.162294279873319,0,0,0,0.0248651276496351,0,0.288282387377002,0.205047330330428,0.207327130005482,0.286002587701944
23,-0.0344306660685748,0.0407854403136865,0.0403205722379532,0.0624755719682526,-0.0483587280105302,0.0421539149679714,-0.0480000529598358,-0.0444431506137566,0.042698231028069,0.979801467298731,-4.38206722656727e-06,-4.63243629500495e-06,0.200004160579409,0.00713393046660721,-0.00672270432459322,0.0519974213450973,0.075000005422299,0.0610947808392783,-0.00970403429125455,-0.0750000039903927,0.0276785499956878,0.00185422115191318,-0.0750000049877135,-0.0749999815192296,0.0282827650771466,0.00479433404561244,0.00244680575156107,0.605963619372425,-0.040762955573142,0.0250233921293098,-7.30581451490994e-06,-0.21781658371162,-0.100848771644963,0.250000096236547,-0.400001624994854,0.363271804681657,0.250000144962923,-0.400002038557369,-0.260746766419827,0.236142700768026,0,1.09362424199629,0,0,0,0.974158718060133,0,0,0,0,0,0,0,0,0,1.46567693198546,0,0,0,1.33711668099341,0,0.866261744211033,0,0.623857736633954,0.712144468542171,0,0,0,0,0,0,0.0955321455936024,0,0,0,0,0,0,0,0,0.147811124135806,0.227012859735267,0,0,0.411115736250136,0.281275389366897,0.174453552653302,0,0,0,0.00218779242005948,0,0,0.226776930708345,0.192723216479674,0.327165671643722
24,-0.035367163173397,0.0408852415405353,0.0401192250469937,0.0607459100554903,-0.0479536603636841,0.0421417105693171,-0.0497165128256938,-0.0456935923514876,0.0430011465721799,0.978667381806252,-2.30905707154375e-06,-3.72178839782348e-06,0.205482116338122,0.00639381643878972,-0.00630186681192538,0.0519972854843754,-0.0749999997992715,-0.0243079663293404,-0.00784332019061726,-0.0750000001440003,0.0135153683473749,-0.00247838915845827,-0.0750000003968928,-0.0501774690071515,0.00213955320970696,0.0170321958627418,0.00538480032919425,0.637320133429026,-0.0406718219633734,0.0120663243549164,5.62640519889928e-05,-0.399999917275747,-0.399999808571282,0.250000083964027,-0.400000059345395,0.215343429798771,0.225757240379956,-0.400000163567654,-0.221292441295979,0.250000116703356,0,0,0,0,0,0.745592773394682,0,0,0,0,0,0,0,0,0,1.05391643864146,0,0,0,0,0,1.25987762067378,0,0.390345315954473,0,0,0,0,0,0.721978988021327,0,0.111229360460869,0,0,0,0,0,0,0,0,0.109288765243209,0.216820846691157,0,0,0.461240615406424,0.29512728972015,0.166714900727133,0.589653004399441,0,0,0,0,0.294344815756524,0.211362442624985,0.178207284777275,0.327499973604236
25,-0.0356888058359235,0.0411069094301935,0.0404420101480221,0.058943182329934,-0.0478745781769172,0.0421245811867967,-0.05156545515347,-0.0472733727313977,0.0434565694940587,0.977708608432296,-3.66918385896548e-06,-4.34237060419856e-06,0.209996977752207,0.00576479942892752,-0.00602609791911821,0.0519974961350814,0.0415280215654039,0.0361784427859144,0.0356127186723553,-0.0750000006680752,-0.00749759605772875,0.000406142645518411,-0.0750000018664181,-0.0749999961858696,0.043197486049529,0.00620614370937787,0.00349425061217572,0.300482231167373,-0.0221345640094616,0.0141886744521054,-1.65039185301314e-05,-0.1609091993021,-0.176295236350043,0.236315353519603,0.0577919901463,0.399998844802789,0.250000148263405,0.098208571330674,-0.081790623717529,0.211137711561732,0,0.964486111048989,0,0,0,0,0,0,0,0,0,0,0,0,0,1.29312786002577,0,0,0,0,0,1.38033876897463,0,0,0,0,1.04473371599119,0,0,0,0.0377607935422074,0.221156444871139,0.440631932427197,0.695463507518326,0.474629559232387,0.661465880713137,0.375744176636471,0.64764684817643,0.422548997949155,0.600842026863736,0.195205464564907,0.403736496164885,0.0615437868429174,0,0.441358925807223,0.157333926149064,0.204662543450884,0.407593534525844,0,0,0.338542601972493,0.213264863035628,0.342399606295263,0.222721975959804,0,0.065556106141172
26,-0.0369942003574781,0.040562690215506,0.0407418958416035,0.0587143212440156,-0.0470160178306286,0.0420962622650669,-0.0526789458829845,-0.0483328692675881,0.0442071999792413,0.975930908449513,-1.07385218371274e-07,1.93152304815287e-06,0.218110428658947,0.00523231255435753,-0.0058756716125832,0.0519973274063802,-0.0750000086133334,-0.0659006953112919,0.000168332548407714,0.0247533318470828,0.0749999891470743,-0.000367656592685345,-0.0365405836520664,-0.0311683791535174,0.0319219603585816,0.00276357708468914,0.0040863590762803,1.72433424629221,-0.030696227572404,-0.000581144777534373,-4.13182448599038e-05,-0.0421184975389017,0.0396255696493236,0.250000315798559,-0.399997024687995,0.228437724721072,0.249999968830229,-0.391992061387634,-0.105109453860269,0.221869414949435,0,1.071040015388,0,0,0,0.775079938113446,0,0,0,0,0,0,0,0,0,1.30675498457545,0,0,0,0,0,0.715229809966235,0,0.644890570324807,0,0,0,0,0,0,0,0.181919764846716,0,0,0,0,0.0431876027299614,0.157873939572971,0,0.202549964962066,0.139686776063774,0.215568157095311,0,0,0.491212427446617,0.312825262044769,0.22639170354675,0.577645985944636,0,0,0,0,0.344554769519719,0.24727927713592,0.247423850582988,0.344410196072652
27,-0.0388218469092919,0.0393118516639287,0.0407792052661522,0.0574417344622248,-0.0464783998086291,0.0420009020711794,-0.0544404112341915,-0.0496099910712203,0.0450267159932228,0.972746216298248,5.85929340757554e-07,-4.99561500817491e-07,0.231903256937395,0.00445037784705244,-0.00604248822056973,0.0519975995327274,-0.0749999995832232,-0.0647629276591711,0.00311757252152469,-0.074999992455313,-0.00676655656349595,-0.00914899872275536,-0.0749999987840175,-0.0749999969152252,0.0499395191240642,0.00546703076811005,0.00283750931026259,1.13123104091584,-0.0443105874838824,-0.0175956893905782,-0.000204833735553182,-0.0386324040155128,0.0506843872677765,0.245785810255438,-0.388768461550309,0.322893800503831,0.249999974837861,-0.337865221876099,-0.0687685178854461,0.207430778434499,0,1.02008385879883,0,0,0,0.863790654037056,0,0,0,0,0,0,0,0.410845907156434,0,1.26351915807863,0,0,0,1.31277775586345,0,0.689100972484111,0,0.507960763168272,0,0,0,0,0,0,0,0.160749260615082,0,0,0,0,0.0996304768718595,0.165887772550345,0.0408453522288508,0.224672897193379,0.08711294807975,0,0,0,0.462470598683404,0.316570988441032,0.202578689301553,0,0,0,0,0,0.313932391828752,0.229226830425749,0.180553114156265,0.362606108098237
28,-0.0404805952198542,0.0381665824249314,0.0407329973089261,0.0556735642900621,-0.0467304688521082,0.0419020785039411,-0.0561712464813697,-0.0508207216844339,0.0458031211599911,0.970594587914619,1.46313694495874e-07,-5.07158975964083e-06,0.240750681440741,0.00351265990326656,-0.00644275406847942,0.0519972782009307,-0.0750000030109854,-0.0538280843497906,-0.00424537238885715,-0.0750000083595099,-0.0177096217656979,-0.00156935229084116,-0.0750000104941237,-0.0462177358002616,0.0278116239158811,0.0140246918154634,0.00864266319017356,0.776874856807054,-0.0488218292270233,-0.0190755007656414,0.00016096512104099,-0.0141197365231223,-0.0872569491335753,0.249999911501355,0.0833433856394129,0.399997656653211,0.250000028385224,0.200162559015812,-0.012678794118682,0.225017518729956,0,0.88165475952287,0,0,0,0,0,0,0,0,0,0,0,0,0,0,0,0,0,0,0,1.32083319848737,0,0,0,0,1.11998602485228,0,0.037687874205909,0,0.109139703879217,0.307233043294096,0.411522220951408,0.658344926116049,0.445837832236493,0.624029314830977,0.611229547583134,0.873508369504486,0.66562954658161,0.819108370506014,0.239241633818386,0.448891113581451,0.100892038356297,0.501782904154013,0.399979792406527,0.0252473851173416,0.191200234156285,0.360588989672521,0,0,0.340213906255308,0.197827126112719,0.251911782206165,0.149785726590835,0,0
29,-0.0423633162906311,0.0366467826560863,0.0407797234320229,0.055413003846611,-0.0458766845441236,0.0418772212545687,-0.0566296845356255,-0.0511902097716569,0.0461555596727834,0.96701159774828,5.28427449159393e-06,1.48020052034251e-06,0.254763483494139,0.00253408677604426,-0.00687579753234911,0.0519975722243874,-0.0750000000499011,-0.0750000000180094,0.0040732236890699,0.0234198903173364,0.0749999999388054,-0.000276619101035585,0.0286380020020285,0.00899287496271007,0.0075336117619541,0.00811482608040919,0.0130921993727603,2.00013790219717,-0.0371391407729438,-0.0113511199855206,0.00061875361333773,0.035960198355303,0.0222868774684664,0.250000006782897,-0.400000004080956,0.147143878027869,0.226581965970004,-0.388965390166419,-0.100923584832798,0.234965486630749,0,0.882500300816052,0,0,0,0.647986971171696,0,0,0,0,0,0,0,0,0,0.933588524068775,0,0,0,0,0,0,0,0.830581395944736,0,0,0,0,0,0,0,0.23187025401536,0,0,0,0,0.167121027997002,0.276240170847198,0.115173626203852,0.328187572640348,0.139798917090224,0.212307351078959,0,0,0.496846624018592,0.335777673719385,0.235657541494722,0.596966756243256,0,0.324603698249212,0,0,0.364359968849384,0.277802089854135,0.257215114101428,0.384946944602092
30,-0.044267735907605,0.035519815582805,0.0408546988166605,0.0543530369232566,-0.045059070787075,0.0419707440064068,-0.0581677908762477,-0.0514899356125546,0.0466688190550276,0.963232446800483,1.84444802688513e-06,-6.93975342611212e-07,0.26870094040903,0.00150164646041188,-0.00691601766447727,0.0519977055660247,-0.0750000000264158,-0.0376522206447935,0.00270279388882726,-0.0750000000068127,0.0153182511998189,0.00895601673230874,-0.0749999999914646,-0.0387268622494915,0.0436119336033884,0.00358313926501683,0.00502238660759005,1.0151595431292,-0.0617760040718515,0.00340865702959015,2.32472271295976e-05,0.050268064883129,-0.0287710883028699,0.250000002446128,-0.400000002807644,0.134725529078773,0.207632025145498,-0.352345266703663,-0.0722896691522155,0.196107886160872,0,0.854557568864095,0,0,0,0.625676293414895,0,0,0,0,0,0,0,0,0,0.85191841226588,0,0,0,0,0,0.988319477756035,0,0.170176253106374,0,0,0,0,0,0,0,0.202819194433858,0,0,0,0,0.200464084064037,0.271518356953889,0.145518579883942,0.32646386113398,0,0.103350665670296,0,0,0.458071308024467,0.342247653853279,0.201037459401279,0.599281502476467,0,0,0,0,0.261926223944473,0.209215017957251,0.135371083723584,0.335770158178139
31,-0.0460304958810529,0.0347164886010042,0.0409001258292092,0.0525587075696042,-0.0450162183294804,0.0421127946466026,-0.0600070318398283,-0.0523451511489466,0.0476254050101257,0.960830366584025,9.7225210967286e-07,-2.41509854388311e-06,0.277168421295941,0.000354302614077156,-0.00698408287533611,0.0519976313209823,-0.0750000079842116,-0.0464982044397584,0.00335846123864014,-0.0750000063652102,-0.00859603248373127,0.00591560648637458,-0.0750000072906158,-0.0467545440036102,0.050000001536848,0.00459565524505371,0.00190217976587053,0.837082986607306,-0.0557792380636427,-0.00853522106832727,-0.000243435084488635,0.0607783393689276,-0.108953905651203,0.250000095031588,0.126204827550745,0.39999873268271,0.250000006369883,0.253133700333361,0.0425893613611249,0.21287899258696,0,0,0,0,0,0,0,0,0,0,0,0,0,0,0,0.91186123411027,0.817553468500566,0,0,0.630462428439155,0,1.17378162211363,0,0,0,0,1.0794738567836,0,0.174743011744045,0.491410756607725,0.279776175359876,0.386377592991895,0.387474638423059,0.632811756389687,0.410071151303538,0.610215243509207,0.73879861202805,0.979004560928253,0.801117412844824,0.916685760111484,0.177884748754041,0.355989318040019,0,0,0,0,0.0934989144111754,0,0,0,0.387441587732802,0.219184508459507,0.256435917758583,0.134798674116635,0,0
32,-0.0461712307512673,0.0351735706250855,0.0407613286110133,0.0520829119183814,-0.0441104118678234,0.0421380986466235,-0.0597006109449502,-0.0518441985633036,0.0481610942380386,0.958873781426939,-2.86888427472139e-06,-2.90648082678204e-06,0.283863772166337,-0.000483164932186702,-0.00670160586731751,0.0519974121193501,0.0680835020113215,0.0750000038908838,-0.0155014287868223,0.00709962444802753,0.0749999937812086,0.000192842176074124,0.0750000027913172,0.0749999999306416,0.00379992577340377,8.29524176495446e-05,-0.0007513834770792,0.75486035418706,-0.0267596501375618,0.037023884095898,-6.62744870478044e-06,-0.0335402099182328,-0.0437148452589182,0.239726402532086,-0.376948653997367,0.0515956153863538,0.19059281699285,-0.310866272922351,-0.0618843720054487,0.196327695417286,0,0,0,0,0,0.501239270064666,0,0,0,0,0,0,0,0,0,0,0,0,0,0,0,0,0,0.497141869163767,0,0,0,0,0,0.39574025869433,0.0313406428066847,0.297165548715156,0,0,0,0,0.179602843703517,0.274579875609042,0.111019112346081,0.343163606966478,0.0706250799419065,0.193774206919239,0,0.915221762789061,0.561000896362477,0.428294989927221,0.279605285378423,0.709690600911275,0,0.122770295613255,0,0,0.549691914289381,0.252777337627806,0.183072953809637,0.3811897995029
33,-0.0472204808692627,0.0356039922254001,0.0408927712923322,0.0508927141631316,-0.0431698663901961,0.0423987646022526,-0.060900518392171,-0.052601653656905,0.0486970305638293,0.957006142426848,-2.29194378645034e-06,-3.54192038513351e-07,0.290098319144566,-0.00130942196649132,-0.00588702870566502,0.0519979326001614,-0.0749999999423541,-0.00947702970146294,0.0172440316895177,-0.0749999999658672,0.0314242029748071,0.0270110459275273,-0.0749999999666208,-0.0750000000209407,0.0495648635270717,0.00421633734026804,0.00047146363597925,0.824831649423979,-0.0552466415594606,0.0319096367607197,-0.000172482506941519,-0.125453520861017,-0.203700106560419,0.222698152691193,-0.315871712548922,0.0281593541619792,0.181064316146446,-0.241609979545709,0.0436894967611415,0.18489818680261,0,0,0,0,0,0.421722837675137,0,0,0,0,0,0,0,0,0,0,0,0,0,0,0,0,0,0,0.606622794493954,0,0,0,0,0.736838306661917,0.0801213654218336,0.290794211023975,0,0,0,0,0.234427268126831,0.316716677620758,0.184768278078207,0.366375667669375,0,0.15917841257348,0,0.80344338657212,0.488301124570501,0.350711321544166,0.202698208344552,0.636314237770113,0,0.273535427384079,0,0.0366050016753555,0,0.184486833604525,0.118858380839852,0.310522571080984
34,-0.048717502402022,0.0359118774629501,0.0414009799453381,0.0491540543530039,-0.0424333111824351,0.0428077896019495,-0.0628204769039435,-0.0541480955260022,0.0492806885103175,0.955068754064281,-3.73849259347664e-06,-4.07755258150575e-06,0.29641472332715,-0.00253369111583304,-0.00515450950127687,0.0519976265326292,-0.0729316855457503,0.0295437863354713,0.0375897602678267,-0.0749999997626517,0.0436477228035227,0.014998434127287,-0.0749999997578887,-0.0750000001739072,0.00900373604600325,0.00339872579272451,0.00272127403877691,0.555098919094809,-0.0674000377513104,0.0440498182770407,-3.66058919221655e-05,0.156439327437284,-0.128512927584597,0.209845994809562,-0.283570374666862,0.054908040504851,0.187538578536647,-0.222045115436805,0.0215653073701935,0.202971536152989,0,0,0,0,0,0.436694766376993,0,0,0,0,0,0,0,0,0,0,0,0,0,0,0,0.301296516592193,0,0.224954041619355,0.683513589011267,0,0,0,0,0.419683217567564,0.0873891805911649,0.30767027508795,0,0,0,0,0.320265549305457,0.396523631336001,0.255512312718404,0.461276867923067,0,0.138637719485785,0,0.763126993748768,0.492976372973272,0.3840968258826,0.229158627656754,0.647914571199118,0,0,0,0,0,0.199251802282106,0.109241631659049,0.337313343328934
35,-0.0502901418379238,0.0362527237017685,0.0421015813769159,0.0473864440204175,-0.0417531101787199,0.0430217976285248,-0.064740435235317,-0.0556785560112343,0.0493253281427757,0.953434637094668,-2.64242130308141e-06,-3.32681809372362e-06,0.301629830945163,-0.0037929409781862,-0.00439939472652817,0.0519976977347249,-0.0750000035679595,0.00725645098932155,0.031529292232285,-0.0749999993648733,0.0232382622148115,0.00822727899045771,-0.0749999975091861,-0.0749999997629025,-0.00447243954718768,0.00480095292495149,0.00339181122135536,0.544089304224231,-0.0594596713650063,0.0316362140294019,-7.50535908547268e-05,0.230332831173691,-0.194166975474925,0.211609694286412,-0.399999948601248,0.0593138404641828,0.183928486301253,-0.334126896646993,0.0221259060356926,0.205835135650096,0,0,0,0,0,0.494822759246683,0,0,0,0,0,0,0,0,0,0,0,0,0,0,0,0.330480972669819,0,0.169408470569404,0.659739833538009,0,0.281081937602922,0,0.0156179499587562,0.452178921378333,0.124470445708466,0.343326425628626,0,0,0,0,0.394419325598496,0.470616265919849,0.329375025970428,0.535660565547921,0,0.1213986464195,0,0.727975147745181,0.485615159623673,0.377562378264407,0.22506711807943,0.638110419808651,0,0,0,0,0,0.192771787619897,0,0.342110728803159
36,-0.0518765144609735,0.0364007850544937,0.0427942415755294,0.0456241875919871,-0.041312172600798,0.0432249459859614,-0.0666259287414201,-0.0572028456393188,0.0491592342030766,0.951928904544926,-2.87711929120921e-06,-3.87514941052775e-06,0.306348878812678,-0.00497738929461532,-0.00378866006159864,0.0519976651271774,-0.0750000025640962,0.00689782112732342,0.0379537884195218,-0.0750000114495614,0.0194165612982785,0.0114176551458318,-0.0750000115838128,-0.074999999748443,-0.012098778801749,0.00415603977381744,0.00297650777638909,0.464415559061795,-0.0597187964955342,0.0304550770911208,-6.31027596765496e-05,0.147456241414611,-0.320972816627136,0.22151662810994,0.147391119141991,0.37650082682915,0.230747112620031,0.382011115896028,0.0382356605945892,0.227423616729332,0,0,0,0,0,0,0,0,0,0,0,0,0,0.605017781902873,0,0,0.819621594376269,0,0,0,0,1.06233278721906,0.833005288819061,0,0.545314315760177,0,1.19570366554327,0,0.344544551565628,0.616364463086193,0.428033580773794,0.532875433878029,0.307633585813902,0.576614636046019,0.386665328966028,0.497582892893896,1.07405185336688,1.30880271419952,1.11901422620847,1.26384034135794,0.0852800094249368,0,0,0.309414761568388,0,0,0.115309979570024,0.244422229872548,0,0,0,0.097181080789136,0,0.127211050934223,0,0
37,-0.0525895983916658,0.0366079204129693,0.0430103855571201,0.0448381572210786,-0.0408892303218737,0.0431485169661767,-0.0668733655176137,-0.0572871144654795,0.0485157872232659,0.95093185705844,-4.39464524993551e-06,-2.84859734215492e-06,0.309430037852477,-0.00568669113583437,-0.00345887100311143,0.0519969857589583,-0.00416230713184647,0.00758241610560518,-0.00165792962669882,-0.00483854241693261,0.0109229755978709,-0.00368353620995325,0.0496332015098249,0.0658690228226917,-0.0499999999463882,-0.00122473852441152,0.00067981784378581,0.0952110903704286,-0.00714902642184803,0.0070542053989103,-1.36995704768036e-05,0.103098479585924,-0.400000808300139,0.249139245369908,0.0585483244002606,0.39999989533964,0.249997787081403,0.400000209491908,0.0197223861407762,0.250000021525699,0,0,0,0,0,0,0,0,0,0,0,0,0,0.638702821358675,0,0.814441246705717,0.795302568694261,0,0,0,0,1.05843159595353,0,0,0,0,1.03929291890355,0,0.412871680798442,0.65127583968719,0.474327730950118,0.589819789535508,0.252122761252364,0.517237577571393,0.313045087181129,0.456315251642632,1.06076460741244,1.3477520920795,1.11890633285299,1.28961036663896,0.099508912935913,0,0,0,0,0,0.13750285097337,0.223602511336915,0.00161532821029245,0,0.312655507862841,0.119527105671961,0.290721429435747,0.15752104370942,0,0
38,-0.0524351758065141,0.0366763140957337,0.0430069526684308,0.044899967219463,-0.0408678649439646,0.0431442380898043,-0.0653084456334765,-0.0557512613282141,0.0476183652897926,0.950848457468181,4.17140852578754e-06,5.76820373996605e-06,0.309686300679357,-0.00564296737479091,-0.00346076863779953,0.0519973666855409,0.0125006232769754,0.00405641021359384,-0.000154037928884644,0.0049233295177441,-0.00034044064916942,-1.47942607854428e-05,0.0750000221687389,0.0750000293340383,-0.039793205560446,-7.3036736218626e-05,-0.000204287225120969,0.0263655817972332,0.0041109518567866,-0.00156799148728728,9.10634744919885e-06,0.0294178316705257,-0.302656983578616,0.245728317932247,0.0805782710826095,0.399984891940772,0.244235365392019,0.261741012584514,-0.0365370535433509,0.249999938306707,0,0,0,0,0,0,0,0,0,0,0,0,0,0.652826408807407,0,0.815346415009583,0.810305984371536,0,0,0,0,1.0935094746876,0,0,0,0,1.08846904478099,0,0.410121549262437,0.649850967438641,0.461443354877914,0.598529161823159,0.253759592522508,0.515016611312108,0.306797074792921,0.461979129041691,0.931008639369802,1.22497612982143,0.988870916389068,1.16711385280216,0.12408061994495,0,0.076420986908401,0,0,0,0.162426207174985,0.251190982649572,0.0257484025504315,0,0.32235566791299,0.133386377325137,0.302008585348542,0.17173196455517,0,0
39,-0.0521450590531289,0.0368506552809349,0.0429887084379357,0.0449382289081741,-0.0408673059035921,0.0431433902406784,-0.0636851480312966,-0.0541906039659874,0.046902767331703,0.950812828347326,3.35737070738674e-06,5.32458967273012e-06,0.309795556805098,-0.00561158579988698,-0.00347130284368581,0.0519973080692292,0.017530841796994,0.0125988464257053,-0.00132180860423671,0.000202316823358616,-2.38982820927345e-05,-6.8204502512832e-05,0.0749999825075351,0.0749999950723493,-0.0318065062726982,0.000340029359715701,0.000228614824647608,0.0007555055978964,0.000150172498038485,-5.66793475995438e-05,-3.21118041644181e-06,0.0497789294762567,-0.303957358748752,0.245470352189074,0.0919874118881962,0.400005906579425,0.242912229805361,0.255938640992767,-0.0359373376960452,0.25000008021379,0,0,0,0,0,0,0,0,0,0,0,0,0,0.751599172831003,0,0.917731265013907,0.866979473086461,0,0,0.524674163940416,0,1.13920783366949,0.710653120080779,0,0,0,1.08845604125928,0,0.406108224605353,0.661245744754653,0.47651154391924,0.590842425440771,0.261820176850323,0.517818105995305,0.318624388934,0.461013893911628,0.797120127877901,1.0917784433424,0.860612723441378,1.02828584777895,0.0740766258392596,0,0.00344467106652353,0,0,0,0.124755140893954,0,0.00952256122430655,0,0,0.117260076229525,0.314693204611993,0.167938591284221,0,0
40,-0.0513568009309167,0.0374229814196954,0.0428146972405544,0.044849880935207,-0.0409352623860393,0.042949374671414,-0.0620881801160746,-0.0526167609354255,0.0462233160387662,0.950812527732905,4.62932355564959e-06,4.13377274646385e-06,0.309796517464166,-0.00560964713268624,-0.00347259169284156,0.0519972142227802,0.0612981064521762,0.0445349689187016,-0.0149673100200715,-0.00892547510966577,-0.00658287757924297,-0.0192111002428036,0.0749999999732692,0.0749999995087359,-0.036117094275876,-8.30529857280556e-05,3.39463704652138e-05,6.6090522178321e-05,9.75741239295407e-05,-5.1500782984069e-05,-9.03648837000555e-06,-0.00890549808789835,-0.400000190826467,0.250000015956075,0.0480870034583717,0.399999803014792,0.250000002659864,0.399999988983817,-0.0111201137211086,0.249999966297107,0,0,0,0,0,0,0,0,0,0,0,0,0,0.613048911453841,0,0.89903879293417,0.880511693110598,0,0,0,0,1.09296343973987,0,0,0,0,1.07443634878574,0,0.345035342825625,0.579108697530088,0.386820685100319,0.537323355255392,0.212772609096351,0.479909352520051,0.262768674788702,0.429913286827695,0.746847478511381,1.0275484392807,0.794839214555242,0.979556703236839,0.133615956719693,0,0.0509838587245074,0,0,0,0.177116006733515,0.248833488967745,0.0303610064176157,0,0.321282635303971,0.139122791902456,0.303262348645397,0.182622856564702,0,0
41,-0.050354140308318,0.0381485908137855,0.0426919898481033,0.0448445539963101,-0.0409431857692367,0.0428511284363027,-0.0605018549145279,-0.0510699177684981,0.0456326812119158,0.950807247288884,2.74203832658373e-06,5.23542597776995e-06,0.309812723443618,-0.00560440290569555,-0.00347373720053303,0.0519974575398945,0.0389936368836104,0.027940553060856,0.00038275326793051,0.000672597757044607,0.000115350206984631,3.91399314762268e-05,0.0749999975174583,0.0749999990255415,-0.0230119093728666,-1.66206329395421e-05,-2.57015379280831e-06,0.0031070082548034,0.000454975244904357,-0.000117564828201535,5.35390105520512e-06,0.00690626728490058,-0.400000714504502,0.25000009759499,0.0592199352399143,0.39999968106668,0.250000096209542,0.343746987544932,-0.0376002015561097,0.249999975242123,0,0,0,0,0,0,0,0,0,0,0,0,0,0.625394026098391,0,0.896512048863016,0.870841216121056,0,0,0,0,1.10929254473837,0,0,0,0,1.08362171339982,0,0.337685273753896,0.581874762833919,0.389371912800396,0.530188123787422,0.220050622799128,0.494770453934563,0.282169362426441,0.432651714307256,0.626056157583608,0.912099486226833,0.682458709074375,0.855696934736072,0.129097003306773,0,0.0373602136707267,0,0,0,0.173661063973171,0.252543722725588,0.0166437261805532,0,0.31682473818616,0.132224967629602,0.299869541959421,0.176789023168913,0,0
42,-0.0495083323355872,0.0387630795791795,0.0426774985973081,0.0448478390022836,-0.0409430420672891,0.042850367200157,-0.0589225136110693,-0.0495272931609938,0.0452555126548441,0.950805895405329,3.08399012604012e-06,4.6575009940414e-06,0.30981695110157,-0.00560208711083817,-0.00347439327614232,0.0519973638592371,0.045845492890902,0.0333039072248607,-0.00148025448709546,0.00014033995490631,1.15164798559503e-05,-3.06657131748077e-05,0.0750000198100764,0.0750000306386727,-0.0147462629606306,1.30985659147689e-05,-6.01191418957197e-05,0.000344182652829405,0.000105451698343836,-3.1003479502123e-05,1.37293212638062e-06,-0.0167525770867583,-0.313375348554474,0.248651127661147,0.0897292704878544,0.399986241548888,0.246681338263035,0.252993932366692,-0.0748286592718498,0.248725340125026,0,0,0,0,0,0,0,0,0,0,0,0,0,0.654622974476039,0,0.910343404181897,0.93285494532051,0,0,0,0,1.16849324450637,0,0,0,0,1.19100478647475,0,0.317129955797955,0.565754951822,0.368138661351341,0.514746246268609,0.231737193065197,0.497471989148055,0.286030578638694,0.443178603574555,0.496966323354765,0.777153467890714,0.549852498223308,0.724267293022165,0.13201311222781,0,0.0387840473012397,0,0,0,0.178282051131726,0.264616022621094,0.0403773670017795,0,0.316600437899279,0.141926251936607,0.30765998435955,0.188195191396398,0,0
43,-0.0487022382013464,0.0393479749017386,0.0425846161144572,0.0448492791463069,-0.0409436129246005,0.0428490383514491,-0.0573173162911604,-0.0479796318823001,0.0449353695962059,0.950805491256227,3.47802239309262e-06,4.47790049605133e-06,0.30981813285294,-0.00560016102857101,-0.00347519548292006,0.0519972660073506,0.0348317682480592,0.0253170220908735,-0.00638068867497721,0.000104904312003873,-5.64198628388385e-05,-7.2548050049733e-05,0.0750000024753213,0.0750000137250842,-0.0172554915631206,-5.59059689817656e-05,0.000183284379811352,0.000106395364976052,0.000104686217931134,-3.19334882335916e-05,-4.96142189559861e-06,-0.006852248892792,-0.29546061564197,0.250000278455038,0.0910895557577945,0.399998769045441,0.247169514420009,0.238900361462636,-0.0867360024416365,0.250000144413391,0,0,0,0,0,0,0,0,0,0,0,0,0,0.663779435262202,0,0.931059437363069,0.953009961017117,0,0,0,0,1.18520649352351,0,0,0,0,1.20715701622272,0,0.31250550108589,0.563663591906226,0.362570078741735,0.513599014250378,0.232389473572194,0.501871075864479,0.287929985627317,0.446330563809355,0.37936137865364,0.659679809129902,0.431261174373328,0.607780013410222,0.134345776560648,0,0.0501131534316796,0,0,0,0.181393212207014,0.269061460101967,0.0505592517302515,0,0.319623282262786,0.142877365637286,0.310818005260332,0.189924801264888,0,0
44,-0.0480210373194102,0.0398428968205206,0.0424731585577201,0.0448509963319847,-0.0409439809598738,0.0428478615687605,-0.0557206757581215,-0.0464408828333543,0.0445843923664807,0.950805036369128,3.17382271932584e-06,4.51559538761623e-06,0.309819523407038,-0.00559837918710484,-0.00347571384296535,0.0519972722022166,0.0332635835963927,0.024168741729719,-0.0050453692059334,8.61082103119135e-05,-1.93315054939398e-05,-5.62614385706953e-05,0.075000003975668,0.0750000087137628,-0.0178393174189212,-5.87008035965939e-05,-3.0254503126979e-05,0.000126104744769661,8.75292786756339e-05,-2.35229833114788e-05,5.35938755977436e-07,-0.0084734228855476,-0.294361137499,0.250000223487659,0.0936817020794678,0.400000757686468,0.247380520018313,0.234099733267223,-0.0950580349003607,0.250000130512932,0,0,0,0,0,0,0,0,0,0,0,0,0,0.676751409064745,0,0.954225534194331,0.979145002312242,0,0,0,0,1.20841053430291,0,0,0,0,1.23333000061072,0,0.307896986788333,0.562704775643064,0.357837192456612,0.512764569974793,0.234061785940631,0.506507611864772,0.289741721143047,0.450827676662361,0.259254324096124,0.541176441726938,0.309667823062388,0.490762942760679,0.13843337253654,0,0.0565065655978784,0,0,0,0.187304174403231,0.277764314113393,0.0583663703436978,0,0.323330492813423,0.145793720240671,0.317157101644111,0.194664522107365,0,0
45,-0.0473843331057497,0.0403053374155723,0.0423616991742432,0.0448527249411987,-0.0409443231815064,0.0428466009741854,-0.0541275036920891,-0.0449057712772142,0.0442289205516918,0.950804634919059,2.99917263304538e-06,4.51490303437958e-06,0.309820740749292,-0.00559663820928627,-0.00347620307083715,0.0519972538335601,0.0304486381045484,0.0221171889757697,-0.00576610406389127,8.96075675120067e-05,-1.99540990698702e-05,-6.31200736353647e-05,0.0749999973902855,0.0749999996335151,-0.0177085073747535,-2.78900547321417e-05,1.30711624677071e-05,0.000112635339430111,8.74446809300072e-05,-2.25793708012301e-05,-5.3592677015707e-07,0.0325811302588039,-0.400000757511141,0.250000174641057,0.0706073218262964,0.399999643263688,0.250000199900611,0.34126209662408,-0.0956882456185073,0.250000097933373,0,0,0,0,0,0,0,0,0,0,0,0,0,0.681507268145488,0,0.977008865505421,0.962899269057417,0,0,0,0,1.20669588671783,0,0,0,0,1.19258629012278,0,0.317541768581146,0.566978018379511,0.364697088856561,0.519822698104092,0.21765029800901,0.491797271259222,0.276129984971607,0.433317584296621,0.163051103480968,0.430649334243299,0.206194400486655,0.387506037237617,0.144416535197315,0,0.0652017831828244,0,0,0,0.195322124581176,0.279746497914113,0.0682203895991679,0,0.325429925619215,0.143866870360385,0.322707801607827,0.194772459744292,0,0
46,-0.0467504082746157,0.040766270341067,0.0422668441798022,0.0448548744459216,-0.0409442422324446,0.0428456531142865,-0.0525574194931493,-0.043376169706346,0.0439194866133046,0.950804069565561,2.52940993866766e-06,4.505729317495e-06,0.309822492238437,-0.00559495542278396,-0.003476462500217,0.0519972933292803,0.0329198087717409,0.0239242001674572,-0.00422891205376754,9.43097349568362e-05,1.23669705504755e-05,-4.27655999422129e-05,0.0750000014107277,0.075000013265535,-0.0132571580375807,-4.3186705859807e-05,-0.000104787609939639,0.000165328533477362,7.9327708021948e-05,-1.35444015800129e-05,1.99237391717654e-06,-0.0381339957027965,-0.291598243619297,0.250000040641588,0.100938634313387,0.400000162251325,0.250000216509913,0.202129720957042,-0.120674678911736,0.24999997422429,0,0,0,0,0,0,0,0,0,0.934268473048638,0.263648563092664,0,0,0.672725547558084,0,0.965580749410766,1.00347089121117,0,0,0,0,1.20178172327903,0,0,0,0,1.23967186477041,0,0.296723061288485,0.557032682199385,0.345731990245195,0.508023753242678,0.238488691202251,0.515536057189059,0.295573597236919,0.458451151154387,0,0,0,0.257422505220095,0.140545368694202,0,0.070402456008829,0,0,0,0.19194171363612,0.286730185160659,0.0638635342830628,0,0.326338129901648,0.147662347951254,0.323102708723954,0.199058692893166,0,0
47,-0.0456824141427065,0.041546311900786,0.0420719284165179,0.0448517444537538,-0.0409404987165851,0.0428454013579688,-0.0506374664271343,-0.0439602922420384,0.0432001422269427,0.950803397503621,-2.90561160888576e-06,1.12841225233529e-06,0.30982452455936,-0.00559560947580757,-0.00347493538580715,0.0519972155942104,0.0736216258880095,0.054015000721922,-0.0145894156930139,-7.44139910024218e-05,0.000118500899117117,2.36139570569165e-05,0.0749999845373717,-0.0749999891780412,-0.0500000001580886,-0.00157080280241659,-0.000446606736470126,0.000155868877104269,-3.16502295041488e-05,0.000134413453644939,-5.49403092590794e-06,-0.0742437967658062,-0.300270172898215,0.250000087573727,0.0955884597128675,0.399995790109272,0.246447178597531,0.235813771448971,0.0169960399338298,0.249999935567863,0,0,0,0,0,0,0,0,0,0.841238137217327,0.113446049221405,0,0,0.686513929764926,0,0.968712487824075,1.0080392263246,0,0,0,0,1.21809637050873,0,0,0,0,1.25742310878823,0,0.285949661803781,0.54132817054461,0.33031886346948,0.49695896887891,0.237664109940334,0.513270475543708,0.291288352631259,0.459646232852785,0,0,0,0.247429573163806,0.142727236643882,0,0.066294480425844,0,0,0,0.196873078288477,0.288806879317226,0.0687544971890658,0,0.332676953796711,0.154628449769029,0.331121731186591,0.208774291413621,0,0
48,-0.0441758952431628,0.0426079856926054,0.0418208288680993,0.0449357437482926,-0.0408926679132226,0.0428192933195487,-0.0489830850102841,-0.0455681370301073,0.0422834911798672,0.950650129335964,-1.40960500205768e-07,6.29996071056559e-06,0.310294504867819,-0.0054734879355761,-0.00341929043681756,0.0519972928213899,0.0749999966794695,0.0500641326231634,-0.0108610197594321,0.015012619072543,0.00939359771216287,-0.00295572462056731,0.0749999975552597,-0.0750000020411716,-0.0366192962761823,0.000609050323202625,0.000699283526838006,0.113512985310567,0.0155988460870228,0.0066483352048597,-0.000175226583138372,-0.0405711218270264,-0.400000884498933,0.250000107361821,0.0184312465451676,0.399999614445964,0.24622958983561,0.339210716433914,0.049245715666304,0.24999998379528,0,0,0,0,0,0,0,0,0,0.894272389317097,0.15153906434598,0,0,0.696161741671748,0,1.05481276060796,0.971042910580814,0,0,0,0,1.2756797368956,0.757096332377747,0,0,0,1.19190988696524,0,0.274024570042742,0.528288795220246,0.320167391756746,0.482145973506241,0.243620902589293,0.534900538188451,0.334316117675973,0.444205323101768,0,0,0,0.257047293555334,0.0950994191732541,0,0.0057327653361985,0,0,0,0.201885975687872,0.307036896921815,0,0,0,0.0805796976600084,0.304670976947243,0.187366254174626,0,0
49,-0.0426243624787125,0.0437263007073694,0.041680921360312,0.0448001342574411,-0.0409656794501261,0.0425494471040459,-0.0474622441890726,-0.0472125496794049,0.0414229919894642,0.950384267003311,-1.39803075273835e-06,4.93302192724723e-06,0.311107852145424,-0.00527341243369904,-0.0032848889968275,0.0519971618515488,0.0750000016579459,0.0584863527120322,-0.00372222751982022,-0.0272031194588832,-0.016632524386814,-0.024884399350963,0.0749999972265629,-0.0749999948422428,-0.047695532929272,-0.00368715076226006,0.00389166546647343,0.0818041330615762,0.0080773503068373,0.00718896755311672,3.6917331885193e-05,-0.0975126111778758,-0.279756215616238,0.250000094974741,0.110725147343898,0.400000347944723,0.250000009410341,0.2495374669458,0.027118870542156,0.249999468632692,0,0,0,0,0,0,0,0,0,0.869843340762616,0,0,0,0,0,1.01334130487919,1.03705540485257,0,0,0,0,1.19321375401277,0,0,0,0,1.21692785391329,0,0.25363076606637,0.508595023238013,0.29927474650357,0.462951042800813,0.243665351234033,0.530658928325012,0.298614143781328,0.475710135777717,0,0,0.0638319023432867,0.268396943237207,0.144830742640058,0.300160904069557,0.0698895443548485,0,0,0,0.203800565070091,0.296902279219548,0.0466432690976313,0,0.330969975401687,0.151339562697447,0.32771135055167,0.210309385127481,0,0
50,-0.0410968012130703,0.0449505134895997,0.0416431783672354,0.0449192693713982,-0.0406958664073962,0.0424023619212428,-0.045810574472169,-0.0488169086852901,0.0409941759616754,0.949863345456125,-3.49389190049192e-06,4.63805749899657e-06,0.312694711658795,-0.00505073896969786,-0.00301450286406643,0.0519974273100606,0.0750000075546476,0.0666504594876358,-0.000235364029615647,0.0199037611801765,0.0310592718967036,0.000269184631800238,0.0749999919126592,-0.0749999966177528,-0.000778586941662488,0.0008055329662989,-0.00502303367237435,0.254057136345462,0.0123374918142889,0.0198412938679864,7.71217725717563e-05,-0.0714129161134201,-0.292428872902858,0.250000189875933,0.0536583582795924,0.390856329500878,0.241250339750748,0.245993527280414,0.0160361642016131,0.250000135084501,0,0,0,0,0,0,0,0,0,0.903874733786741,0,0,0,0.66581647201625,0,1.08866410404359,1.08687857148518,0,0,0,0,1.21532998940074,0.756846028260269,0,0,0,1.21354445595276,0,0.217915898349564,0.486314133590327,0.28517787032092,0.419052161618982,0.285742968368425,0.578122556578904,0.372897721311479,0.49096780363585,0,0,0.107413440728131,0.255223331000634,0.0812087377229927,0,0,0,0,0,0.165444954881809,0.277434498282225,0,0,0,0.0922830636044716,0.288597009176395,0.176519280763271,0,0
51,-0.0395655949823035,0.0461458461981114,0.0414880766494414,0.0447234275877978,-0.040736318803124,0.0421897432412831,-0.0442474345981455,-0.0504343521529378,0.0409555892485482,0.949544764659848,-1.29199818941754e-06,6.12814408592194e-06,0.313660821992548,-0.00486503066891533,-0.00281569238698102,0.0519973020042417,0.075000002573251,0.0538463097394966,-0.0142088881320904,-0.0399156433986697,-0.0305190438886995,-0.0246479904211479,0.0749999963970709,-0.074999995706692,-0.0028321625573452,-0.000950473301807787,0.0020949567151414,0.0829868526393337,0.0104877707467596,0.00503668473377329,4.14106556817658e-06,-0.103294858715985,-0.24534711995955,0.249999981520279,0.120516507358286,0.400000073275803,0.249999967354347,0.268222373377732,0.0437705732385727,0.250000111759779,0,0,0,0,0,0,0,0,0,0.893399369489348,0,0,0,0.651635686543356,0,1.07184026202496,1.09252457042662,0,0,0.605870481621959,0,1.1615630725234,0,0,0,0,1.18224738152645,0,0.22692287214094,0.487110019131279,0.283778194458775,0.430254696813441,0.248912242386223,0.542858001454845,0.306867970170447,0.48490227367062,0,0,0.113300508939507,0.267577685496422,0.136347079631486,0,0.0565397506655081,0,0,0,0.16796319515483,0,0.0380999852253652,0,0.342638184866533,0.153640065178935,0.307959865034169,0.185256180702283,0,0
52,-0.0379854530476356,0.0472188345885638,0.040921441352197,0.0444950246078883,-0.0409570123680145,0.0419522785962152,-0.0425926984493338,-0.052036561293469,0.0407708853145066,0.949099205507295,-1.3213042432979e-06,6.17392610549334e-06,0.315006560167757,-0.00455225197568489,-0.00269261767622905,0.0519973216616558,0.0749999584532176,0.0536607794157753,-0.0409941417381747,0.0161762729809341,0.00907800056411758,-0.000462966516317618,0.0750000305482314,-0.0749999687308231,-0.0147357825135778,-0.00166534588763178,-0.00730150549226473,0.147303678758512,0.0166140661505476,0.00602341505293796,-1.75437642338337e-05,-0.114418970694715,-0.231429916100399,0.250000464219229,0.074675660069459,0.399985189298275,0.250000747640452,0.266224947096247,0.0464540519066779,0.249999739845307,0,0,0,0,0,0,0,0,0,0.890183359988636,0,0,0,0,0,1.09247139997184,1.1050512087661,0,0,0.622230297958231,0,1.13808572512139,0,0,0,0,1.15066553722821,0,0.205397312474011,0.469309978810415,0.258200603848994,0.416506687435432,0.273855858047056,0.564521975733092,0.33911535871637,0.499262475063778,0.0357765516805141,0,0.130619056730275,0.29201018358639,0.128077431069654,0.289599678740056,0.0416505677009102,0,0,0,0.165306907999288,0,0.0098807289888914,0,0.339386843430971,0.147883578962703,0.306451672363703,0.185113055892339,0,0
53,-0.0363982473122336,0.0484837021641872,0.0402906470272459,0.0448573808307543,-0.0405515729205226,0.0419518440993637,-0.0408890099593458,-0.0536064643557,0.0404594767426379,0.948514964702955,-3.60472016694361e-06,4.33726656089547e-06,0.316761350245672,-0.0042943470557544,-0.00244236769599751,0.0519974002183284,0.0750000088491978,0.071449296274225,-0.0231379559218515,0.0161513742309643,0.0266033562452571,0.000135277101121453,0.0749999909596915,-0.074999997477072,-0.0169001736845504,0.000979216038655104,-0.00743919519999294,0.210887323586873,0.010197907541882,0.0173012207117354,-0.000103933160038762,-0.101603933241186,-0.254882280789085,0.249999738039145,0.0541495279450568,0.380168303953674,0.244679124882564,0.282227245285128,0.0384084884487495,0.249999832473325,0,0,0,0,0,0,0,0,0,0.947901746716835,0,0,0,0.635198330405242,0,1.1435272486441,1.1278780469638,0,0,0,0,1.18810033132012,0.726082940093092,0,0.667106749342697,0,1.17245113095806,0,0.164424342591067,0.438809607986854,0.228917391557859,0.374316559020061,0.31212804927426,0.605423268899642,0.402547039215959,0.515004278957931,0.0640962813308134,0,0.143430261824409,0.299942217028962,0.0794300433388022,0,0,0,0,0,0.165472175656313,0.283187188749491,0,0,0,0.0881888328147527,0,0.174230965132262,0,0
54,-0.0348034955568665,0.0499462816160579,0.0400028124843165,0.0445682233722953,-0.0404677596528319,0.0417219353835238,-0.0393204630419072,-0.0551882647758914,0.0400555902996778,0.947967581515367,-3.87422930899759e-06,2.72507226884925e-06,0.318395791916771,-0.00422052728525594,-0.00215406693943474,0.0519972748785833,0.0749999999858776,0.0743947705709396,0.00105299015217638,-0.043500604946605,-0.0170074764858484,-0.0248461147284141,0.0750000000066693,-0.0750000000270342,-0.0225492472842386,-0.00128140234764716,-0.000714192651815874,0.188503306880306,0.00222729170317346,0.0136502138463478,1.33400093175824e-05,-0.093170749876296,-0.400000004929921,0.250000000734804,0.0868677459806136,0.399999998338625,0.25000000029038,0.400000002748565,0.121309034265137,0.249999996878246,0,0,0,0,0,0,0,0,0,0.948172338079479,0,0,0,0.632099295466977,0,1.1401678081413,1.10160635882077,0,0,0,0,1.17570210944069,0.700489948125247,0,0.650734247610334,0,1.13714066213653,0,0.16423392992771,0.437649971531136,0.237129181387233,0.364754720071613,0.30042453281234,0.590245524663532,0.384839012850765,0.50583104462511,0.0907080522548224,0,0.153543350558338,0.30609205678242,0.0861934700579032,0,0,0,0,0,0.169068560430529,0.283818309780407,0,0,0,0.0873833189283005,0,0.170258409300927,0,0
55,-0.0331859155266758,0.0514614468644387,0.0400000001455149,0.0437380575746712,-0.0407804473210218,0.0410125889413432,-0.0377481862895017,-0.0567852814885413,0.0400176020991687,0.947348290462317,-3.67727693188763e-06,3.26858648854269e-06,0.320233730272257,-0.0041800861552949,-0.0018782427222112,0.0519972830593479,0.0750000098025159,0.0750000037200015,4.3610554066675e-11,-0.040005959037563,-0.0150223445577982,-0.044154382874239,0.0749999896943169,-0.0749999976324728,0.0020316933494279,-0.000187840780946309,-0.000766958791254286,0.188534988605526,0.00203258623777401,0.0134513434649373,7.89955209599808e-07,-0.119186921854108,-0.227017538734466,0.250000021919066,0.103310972500037,0.379589075160258,0.249999615281834,0.328483798962552,0.0554906418386312,0.250000041414468,0,0,0,0,0,0,0,0,0,0.994646296132402,0,0,0,0.614868356732062,0,1.15447520722609,1.15224004468166,0,0,0,0,1.16825921503002,0.720912927212217,0,0.689187332337058,0,1.16602405116404,0,0.140072110425859,0.417629100168252,0.213185150357713,0.344516060236386,0.29886368170761,0.601182107736076,0.383326156756382,0.516719632687304,0.134606072435287,0,0.170142763035104,0.313093112876915,0.0845739121435009,0,0,0,0,0,0.168716536859105,0.288289614223149,0,0,0,0.0876973830250868,0,0.171840007740693,0,0
56,-0.0315874600080602,0.0529643308160027,0.0399999997117362,0.0427975540145636,-0.0412072605503245,0.0401571288345386,-0.0361596901143584,-0.0583736237624256,0.0399999994683911,0.946760473644667,-3.61543877867807e-06,3.65953556722689e-06,0.321967471268117,-0.00412837263665008,-0.00160825680351485,0.0519973091469355,0.075000007524781,0.0750000051972529,-2.70915805121578e-10,-0.0536232003432294,-0.0271165774627366,-0.0422715052086612,0.0749999968194464,-0.0750000006911525,1.03305256023078e-09,-0.000760409198473955,-0.00264892471543006,0.176206501373817,0.00272354916136582,0.0130742227919653,5.13280438187643e-06,-0.0934476595111267,-0.235453496562797,0.249999891342935,0.0258389305791862,0.163922087081482,0.250005875296728,0.142079548681444,0.0654144645332011,0.228553492420118,0,0,0,0,0,0,0,0,0,0,0,0,0,0,0,1.00435503631478,1.08150871905453,0,0,0,0,0,0,0,0,0,0,0,0.104458255001545,0.400519088498954,0.182029041971231,0.322948301529263,0.33176155895533,0.717754590482649,0.469449346756314,0.58006680268168,0.195399890145494,0.473044602672908,0.282324019368992,0.399186305057956,0.089660539253531,0.328758975870775,0,0,0,0,0.17138488526064,0.288798807362284,0,0.770471709637749,0.315977177327495,0.0840358286691689,0.276017008819008,0.165760174676278,0.806899685326226,0
57,-0.0307449365217672,0.0539561010486256,0.0400000128954704,0.0438618833771464,-0.0400226473681875,0.040114311750566,-0.0344458332008445,-0.0582972936229933,0.0402719337256541,0.944745878492979,-4.48112796242321e-06,3.11409886717681e-06,0.327832104694767,-0.00335301522978737,-0.000854811223028765,0.0519977803978646,0.0197831293923885,0.0398765954611169,6.81530644164632e-05,0.0749999964584015,0.0749999947930717,0.0135612911492045,0.0749999940362948,0.0634333082193158,0.0178270401547968,0.000136735774388734,-0.0100615020052213,0.923965785473789,0.063614745608193,0.0611862540729679,0.000460220210023516,-0.103423489139,-0.24770551760127,0.249999994587351,-0.0225887084060219,0.24291628926114,0.250000324575831,0.198574580407458,-0.107817225102491,0.246684323618713,0,1.03680787061509,0,0,0,0,0,0,0,1.12811913650976,0,0,0,0,0,1.28189885693397,1.252733198391,0,0,0.695043014051889,0,1.07055655453007,0,0,0.809325340401866,0,1.0413908956943,0,0.12960446193284,0,0.186556336328282,0.336803651107459,0.329939989532824,0.65154617216096,0.429239637426763,0.552246524267021,0.0858269638622628,0,0.174975324442291,0.308149940043058,0.128571527653874,0.321972648072892,0,0,0,0.0505384199833568,0.192042542670802,0,0,0,0.308786776338572,0.105802931030995,0,0.16927394604793,0,0
58,-0.0316623083053265,0.0535538435389353,0.0399999996643476,0.0445582304356573,-0.0391344411022188,0.040113384925375,-0.0326811120498491,-0.0586505008155077,0.0401458092522704,0.943261287790677,-4.77419790167295e-06,8.49813047592465e-06,0.332079730166536,-0.00264355220493739,-9.85608606670631e-05,0.0519972732115288,-0.0749999994998685,-0.0651926993780307,2.54320877838658e-10,0.00323443158560425,0.0066434573448557,-0.00524584012528554,0.0750000014136506,-0.0750000023072594,-0.0292985609038692,0.00745093075366753,0.004598384247949,0.0650879499538656,0.00541599057585089,0.00723373344724733,-8.37930081634655e-05,0.00608449716658137,-0.248098010788291,0.250000089421499,0.0424896378607805,0.400000804921493,0.250000111834489,0.400000582763427,0.0998742667156752,0.249999901141495,0,1.02237679560034,0,0,0,0,0,0,0,0.96947453897089,0,0,0,0,0,1.16896483363771,1.06357501318252,0,0,0,0,1.05555741876634,0,0,0,0,0,0,0.142522644239381,0,0.192350276058159,0.370321668719223,0.34657778624761,0.629959736455107,0.408588242311396,0.567949280391322,0.129071659755829,0,0.142743061395784,0.343647013393699,0.152479727776366,0.310893339412268,0,0,0,0.0462128651542271,0.238543367759182,0.356263885941528,0,0,0.315764490158604,0.147150724147415,0.361135036687863,0.233214364130231,0.463444889081532,0
59,-0.0333003333910024,0.0520195225616901,0.0400000014932868,0.0451363903059332,-0.0388486535468772,0.0401500053556021,-0.0308224757627792,-0.0602105946681234,0.0401601490395022,0.942147020433955,5.121466211352e-07,1.45125882690999e-06,0.33522806732385,-0.00236098609683323,-0.000159626083770169,0.0519975051724572,-0.0749999974761967,-0.0749999997865691,1.69241355612928e-09,0.0465128029420199,0.0244691432118747,0.00561209085358573,0.0749999906107219,-0.0749999985536717,0.0285749965769458,-0.000906348896403686,-0.00265528190856258,0.445770012234153,0.0197320962886638,-0.0046641292637453,-9.22184025983771e-07,-0.0277000530520519,-0.154420568248359,0.25000072847056,0.0434400692300303,0.36132023834835,0.249999904571207,0.276156925536928,-0.0174017643963942,0.246338194709898,0,0,0,0,0,0,0,0,0,1.0441900362451,0,0,0,0,0,1.14489308683934,1.06571239889413,0,0,0,0,1.03881599904109,0,0,0,0,0,0,0.161997184594073,0.448861438176848,0.217218567644486,0.393640055126427,0.360184171366997,0.640562644929802,0.423257716037548,0.577489100259255,0.087917712100368,0,0.142585216466457,0.309655641172173,0.154844100402925,0.311658060235807,0,0,0,0.0267648349707746,0.227535845005727,0.348950792758232,0,0,0.313598744431267,0.145292732455999,0.350891476953691,0.217984477058804,0.451523725914119,0
60,-0.0333516198876162,0.0518382646769934,0.0400485153382207,0.0458339111356498,-0.038398884763049,0.0403085164612944,-0.0289440082820779,-0.0618491642147072,0.0408767363823123,0.94135197574345,-2.75007077881803e-06,4.48309943295061e-06,0.337454223352087,-0.00205132001251537,-0.000102787110914428,0.0519976152776286,0.0524067701182539,0.0427108974992256,0.00429326298263262,0.0249316515392786,0.0210502001453767,0.00723072994766767,0.0749999904048579,-0.075000000750523,0.0426385172981734,0.000795113331792548,-0.0045735792217757,0.141615367640234,0.0136860480476433,0.00941035567422435,3.89473800259387e-05,-0.125282752955005,-0.230419736449463,0.250000119250653,0.0487596427739301,0.366036687681626,0.250000206623264,0.303550821710792,0.0620001636491232,0.230215131708952,0,0,0,0,0,0,0,0,0,0.930513455812286,0,0,0,0,0,1.20707780269362,1.10556529378908,0,0,0,0,1.01976175161948,0,0,0,0,0,0,0.151913077479556,0.436657147117525,0.220132308597498,0.368437915999582,0.386359472626265,0.668639315132322,0.44948755990578,0.605511227852807,0.146296007902007,0,0.187178626537643,0.340892022375277,0.137679680216549,0.297321172913402,0,0,0,0.0360640215438052,0.18792719247592,0.301263017561009,0,0,0.330785057916499,0.154510220122381,0.334726902564105,0.20475773238175,0.440780906772327,0
61,-0.0321732422008092,0.0527932462887644,0.0400353477413867,0.0463527072190572,-0.0379768493403115,0.0403981558196701,-0.0270605288763039,-0.0634213981884081,0.0417179484518268,0.940888902573172,-2.70402772160703e-06,5.33378929339739e-06,0.33874323256752,-0.00174481494758184,9.94720371772141e-05,0.0519975058921943,0.0650864621172688,0.0528275155500662,-0.00452999091552867,0.0259123645489113,0.0209529418411712,0.00379342743438983,0.074999989466446,-0.0749999987751565,0.0419507581028369,0.000522014658780665,-0.00339024578075177,0.13558751231681,0.0156824065011789,0.0102771427290017,-6.48520479895656e-06,-0.137753062144772,-0.248614064297615,0.249999960615975,0.0483939602790448,0.366680480081164,0.250000172833719,0.311292065148936,0.000257972585949615,0.22743467727469,0,0,0,0,0,0,0,0,0,1.12517463750376,0,0,0,0,0,1.24888437847167,1.15908866946489,0,0,0,0,1.02901547246034,0,0,0,0,0,0,0.138272622718385,0.427115272710403,0.204159172578582,0.361228722850209,0.39957550957991,0.678414199507012,0.46185227851205,0.616137430574862,0.120163432476903,0,0.178481061809749,0.331262954086224,0.143636658056392,0.303760835377131,0,0,0,0.0596086135967103,0.19103407388748,0.307978046512092,0,0,0.323568496715286,0.150553122760447,0.327785707850243,0.197950538591534,0.432376791452096,0
62,-0.0307473383283424,0.0539976457867539,0.0399999994874959,0.0467283057467216,-0.0376374785139795,0.0404343587421408,-0.0251662715549423,-0.0650767905107654,0.0425527567576458,0.940525337995445,-3.57733845549936e-06,4.43836778967768e-06,0.339751378329695,-0.00148755782966206,0.000304646250927311,0.0519975447004391,0.0750000117810712,0.0662393263344839,1.65427245265101e-11,0.0149713957852848,0.0152278669945608,0.000138247900627046,0.0749999886346974,-0.0749999987187137,0.04096161842576,-0.00106280798049622,-0.00272897019997071,0.112528935862589,0.011725729785805,0.0104308321934953,-4.06674620097177e-05,-0.156647006930851,-0.245690895228024,0.250000023922126,0.0566879003087304,0.36799975840428,0.250000129012471,0.329634286050878,0.00627361237927334,0.222203038377669,0,0.936688029870374,0,0,0,0,0,0,0,1.14698915924882,0,0,0,0,0,1.25642941391172,1.16822541931604,0,0,0,0,1.01439925962951,0,0,0,0,0,0,0.116298771821812,0,0.182739101042035,0.340795973158463,0.416535026510723,0.694402242948508,0.47586673364261,0.635070535816623,0.1359019055657,0,0.186538590163182,0.350270612110841,0.144804587715739,0.306892798828125,0,0,0,0.0736224323183116,0.197473742960401,0.318422802619933,0,0,0.324551097103435,0.154946181582659,0.336081100895241,0.207615336827317,0.439821870555043,0
63,-0.031458767284927,0.0534099895363126,0.0399999994300793,0.0471306300377398,-0.0372902124695656,0.0404773419526916,-0.0232923457428496,-0.0667038878859853,0.0433506890146415,0.939884887561384,-2.24317587975479e-06,1.79734537634488e-06,0.341519148812269,-0.00126298065169142,0.000441116157608215,0.0519975817014,-0.0749999966786568,-0.0750000003108026,2.43129813395837e-10,0.0262952428913481,0.0143781994524077,0.0034852969802447,0.0749999894582332,-0.0750000006681648,0.0386944500716975,0.00154793526909854,-0.00470143101452954,0.247412324070176,0.0140500109199568,0.000647054162395003,-9.02433012288721e-05,-0.00469539619192115,-0.144302469032682,0.250000086360112,-0.0146886650791281,0.371980446606351,0.250000258464397,0.311567985330214,0.0535911787984585,0.214455810084883,0,1.11907040135709,0,0,0,0,0,0,0,1.16320600104073,0,0,0,0,0,1.22856693991682,1.2292752660597,0,0,0.759583676856457,0,1.04300195693149,0,0,0.845759174561359,0,1.04371028338532,0,0.132366062417537,0,0.203319440201228,0.353601574416028,0.419793613986336,0.710020957214144,0.507282888012663,0.622531683187817,0.15946090141776,0,0.248445562002225,0.348458729769501,0.158913126279509,0.34184089089512,0,0,0,0,0.170648843673653,0,0,0,0.287387754366654,0.100443027854846,0,0.112178745248991,0,0
64,-0.0330546115402223,0.0519893255901364,0.0399999994328069,0.0474563140359676,-0.0370709180338268,0.0404680984485121,-0.0215194264029908,-0.0682448615492723,0.0435681904751336,0.939035134141038,1.29966310001179e-06,3.60506573824761e-06,0.343848772519352,-0.00106168319719805,0.000469409880365284,0.0519972080758205,-0.0749999969557553,-0.0687899918769955,2.13934084020497e-10,0.0136264845643364,0.011604148272725,-0.000547036148634446,0.0749999886595271,-0.075000000863704,-0.0126468019637948,0.00430138382522086,-0.00732278007902745,0.264593831190486,0.00788462810847709,0.00281056469892252,1.55739241306363e-05,0.00371921722377275,-0.167591219795749,0.25000008890325,-0.00542829377971686,0.373320524989762,0.25000020589266,0.325576689750964,0.0613236686358532,0.240883762360473,0,1.12206497874023,0,0,0,0,0,0,0,1.16259249893486,0,0,0,0,0,1.21469192678793,1.20919303654753,0,0,0.755297391303408,0,1.02188422732771,0,0,0.835787645729599,0,1.01638533595261,0,0.14592077387764,0,0.219781142763534,0.368334095429032,0.43558204336113,0.726979599310664,0.522612296160975,0.639949346510821,0.176375155140737,0,0.258066027567934,0.372830259719695,0.157039688340962,0.342052661977731,0,0,0,0,0.166914050469497,0,0,0,0.287678712670935,0.100698184424799,0,0.11057254655333,0,0
65,-0.0346551165065257,0.0506066111129712,0.0399999999685364,0.047737379740971,-0.0368208084361804,0.0404630146395441,-0.0197475879748466,-0.0697886102296958,0.042980673365428,0.938141982581897,1.30848038524243e-06,2.62720414653873e-06,0.346278244643795,-0.000916491863569717,0.000517558264645324,0.0519972153082343,-0.0749999997920397,-0.0695138881464944,-6.84745107846846e-11,0.0135454736810636,0.0126952756601595,-0.000230676659081707,0.074999999030157,-0.0749999982390732,-0.0435711231006439,0.00730908012316176,-0.00896291426716484,0.277986317086171,0.00701340062008196,0.00293513244071233,-3.93357000144834e-05,-0.273439913346593,-0.0325458642177108,0.249999963523904,-0.400000167913091,0.115387734091893,0.187749472135941,-0.400000399691323,0.400000725757009,0.250000064783326,0,1.02187461799642,0,0,0,0.614326736889593,0,0,0.738198100632673,0,0,0,0,0,0,0,0,0,0,0,0,0.207871724805752,0,1.28878407483726,0,0,0,0,0,0,0,0.049152121390944,0,0,0,0,0,0,0,0,0.0921551166858382,0.186537325691193,0,0.703275764084474,0.561611513929033,0.629486882211806,0.358694236654776,0.832404159486057,0,0,0,0,0.28849343195272,0.366019153219693,0.103654751531853,0.55085783364056
66,-0.036573674489684,0.0497092624472849,0.040466133240062,0.0471640170592981,-0.036563237037031,0.0404720703507356,-0.0209689601868973,-0.0695666896058951,0.0426616630955328,0.937989075119845,-1.6577962168403e-06,-2.77468345344228e-06,0.346692227501109,-0.00148218901234453,0.000763186059312399,0.0519977822796188,-0.0749999998989067,-0.0136517590449522,0.0417707800366239,-0.0630396834463242,0.0155062478329495,0.00108818997720822,-0.0749999999468926,0.074999999922475,0.0108188493828902,0.003589916524481,0.00365936522108702,-0.00339701170184672,-0.0589384993580203,0.0197491589846326,-1.07153071148194e-05,-0.269143443543945,-0.39999998507768,0.201363151870537,-0.400000016934518,0.00669393251953594,0.191545663973077,-0.133215641205604,-0.201811140491391,0.25000001421649,0,0,0,0,0,0.515223494631622,0.0241020729860168,0,0,0.250753632542072,0,0,0,0,0,1.68755641391366,0,0,0,0,0,0.239464758120282,0,0.556826908486548,0,0,0,0,0,0.889699430992867,0.109243362160703,0.34984034367416,0,0,0,0,0,0,0,0,0.119351343199597,0.145222617692119,0,0,0.683263378212767,0.444913090771378,0.312608044896284,0.815568424087859,0,0,0,0,0.420218716100959,0.278063647297024,0.229771773070161,0.468510590327822
67,-0.0375279543797903,0.0496003818198026,0.0406539082337265,0.0454581891235932,-0.0373112252830047,0.040468962864908,-0.0226607382020326,-0.0702928213495378,0.0433925392983547,0.938065834970205,-2.01533487243441e-07,-8.45224150058692e-06,0.346484473053629,-0.00238261546960185,0.000713606772149934,0.0519973321774155,-0.0181727174302345,-0.0139662332252617,8.1426328781723e-05,-0.0750000144893328,-0.0750000259655711,-0.000567682124625708,-0.0750000028727412,-0.0750000138135366,0.0500000022305552,0.00345242610952088,0.00564233004532432,-0.0837735135260998,-0.022200911584659,-0.0156325171544031,-0.000193504015653033,-0.0207051300065009,-0.235797048986351,0.249999909401425,0.133151479902107,0.400001379461611,0.250000243439469,0.399999334280235,0.0521861909659317,0.219058794884952,0,0,0,0,0,0,0,0,0,0,0,0,0,0,0,1.08337932884833,1.10699927669564,0,0,0,0,1.06242648689785,0,0,0,0,1.08604643660057,0,0.223625808444873,0.528073126134575,0.288688108266989,0.463010826312445,0.363323281481193,0.643120948414281,0.434113863624029,0.572330366271426,0.200281083869921,0.491953345939283,0.274085809482976,0.418148620326251,0.171311682700767,0.321027270108069,0.0172781969325297,0,0,0,0.205487459974276,0.33484950621728,0,0,0.291569794426339,0.133498286502815,0.305392030535551,0.167674063776324,0,0
68,-0.0374528365525758,0.0496119945934389,0.0406509359436336,0.0450087232018273,-0.037764089599387,0.0404472170222805,-0.0219532359684859,-0.0699897912583829,0.0439282370146984,0.938275324203259,1.01305315016472e-06,3.96861431306991e-06,0.345916790049185,-0.00246179424522849,0.000599987658955303,0.0519974031859493,0.0174330647618446,0.0145869023562186,-0.000567249668354702,0.0181563829124803,0.0156911793489317,-0.000815589835993197,0.0749999999929713,0.0749999999409331,0.00380070996803743,-0.0030566968669334,0.00335828284452682,-8.20842126603289e-05,0.000270359966402837,0.000179919814855125,-2.84196710204953e-05,-0.0552352251441322,-0.310791250591628,0.250000002911546,0.00170539271937841,0.369669412627663,0.250000001954061,0.399999997103282,-0.010863825390812,0.237269230641707,0,0,0,0,0,0,0,0,0,1.18386009569852,0,0,0,0,0,1.17848740602509,1.13371968980733,0,0,0.663907763391217,0,1.03357045165975,0,0,0.747858463346126,0,0.988802721651133,0,0.224819745686219,0.51965033458803,0.297358491816379,0.447111588457867,0.38551955372909,0.689197993578839,0.472082653551276,0.602634893756657,0.175497293067432,0,0.273503483846616,0.412306926132132,0.145543987757402,0.320821737789044,0,0,0,0.00861305568695012,0.176241608648979,0,0,0,0.305080198781056,0.110129801544854,0,0.140827422436431,0,0
69,-0.0361524388755055,0.0507620317768316,0.0402776222802944,0.0449791385834645,-0.0377380380094346,0.0404240510002279,-0.0201918690063074,-0.0706889152420286,0.0436097158776705,0.937863828237378,-8.25320831450282e-06,8.31366712211689e-06,0.347030931352385,-0.00236629513297548,0.000697928200956441,0.0519974682829308,0.0750000051566616,0.0750000029322716,-0.0369883011102206,-0.00873514560192721,-0.000483077171314613,-0.00168189576107347,0.0749999888725803,-0.0750000010047911,-0.0351591340443589,-0.0304669287057616,-0.016333610070512,0.0243613915817729,-8.33695278257801e-06,0.00562756657808077,0.000158181773115315,-0.158275345541176,0.0989629951996192,0.249999619055458,-0.0161792913373735,0.400000536272309,0.250000094039694,0.202043454036116,0.107971999222747,0.249999975635733,0,0.290855928247959,0,0,0,0,0,0,0,0.410818652515927,0,0,0,0.947802201774575,0,1.09021537829209,0.619762710100398,0,0,0.779207555829329,0,1.19574182872564,0,0,0.172795240229563,0,0.725289160935642,0,0,0,0,0.010300764668773,0.569218439092614,0.713741571186384,0.595519817258971,0.687440193020025,0,0,0,0,0.140144216088326,0,0.164048412639655,0,0,0.193191497610623,0.148095450813956,0,0,0,0.186573692001586,0.125499762903653,0,0.133450997629284,0,0
70,-0.0350276647163292,0.0523853541595985,0.0399999996797791,0.0451971283974054,-0.0368733047168699,0.0404221601548469,-0.0197593905894734,-0.0701705848236265,0.0433506702615124,0.936598318764133,-4.08814833682958e-06,9.71434497438272e-07,0.350432164546189,-0.00236554541475833,0.00126884983435296,0.0519974811990241,0.0266491087727867,0.0749999991933054,1.86163114901826e-10,0.0192477452503013,0.075000000198811,1.9466436584124e-05,-0.0115454291051394,0.0749999988423633,0.00581759648424765,0.00238550546607988,0.000954630981430409,0.617170907628001,-0.000625242112746561,0.0498241008910912,0.000106188367690624,-0.149312913999773,0.0806252038798657,0.250000077896046,-0.119494482508025,0.400000079827943,0.250000082724322,0.308367175097685,-0.0134106082163895,0.250000291482081,0,0.348266843985211,0,0,0,0,0,0,0,0.464030963417714,0,0,0,0,0,1.0072593974596,0.619627382654009,0,0,0.713706867781051,0,1.0181493148115,0,0,0.220976570209197,0,0.630517300050714,0,0,0,0,0,0.63935673957707,0.795300310127461,0.662278801040751,0.772378248663781,0,0,0,0,0.1447054465987,0.425834718134722,0.175941179285312,0,0,0.215138071280773,0.15455526256192,0,0,0,0.211609940523512,0.152700333056741,0,0.162550149019961,0,0
71,-0.0347567328805527,0.053976828625352,0.039999999924349,0.0455308302507297,-0.0352145282004068,0.0404360592227617,-0.0195799555129059,-0.0684688461718716,0.0434181504873752,0.934308853856152,-6.03537991996386e-06,9.73473170277642e-07,0.356491635661831,-0.00242705836954356,0.00239190405253518,0.0519976151928691,0.00436022635313963,0.0750000082877341,-1.05419108671959e-10,0.0147275970823937,0.0750000011728367,0.000587020742134936,0.015323243578044,0.0750000044332311,0.000581935144109692,0.00281341892447946,-0.00699399707076446,0.666913540475118,-0.00229280234541804,0.0629729729728092,0.000323262685788926,-0.304222771431631,-0.308187083018248,0.249999960464374,-0.400000528499326,0.0140958107165255,0.17876622826553,-0.400002857003226,0.113062248120673,0.244219257118923,0,0,0,0,0,0.526491531080469,0.0413596119549818,0,0.823932692358559,0,0,0,0,0,0,0,0,0,0,0,0,0.0805785614849003,0,1.23394905890224,0,0,0,0,0,0.499899723683557,0,0.107805333803377,0,0,0,0,0,0,0,0,0.0793188394183756,0.175403767395323,0,0.688257246422909,0.586878996285399,0.627282622004297,0.36456972449207,0.849591893797626,0,0,0,0,0.302383519639046,0.363059052788689,0.118050852690113,0.547391719737626
72,-0.035460511602178,0.0555301435718558,0.0405292944134867,0.0445390883501997,-0.0339252679568657,0.0404670756669939,-0.0212012203777653,-0.0669327483998288,0.0438616216205519,0.933588775412036,-6.58593033928438e-06,-2.55620162140038e-06,0.35837322760543,-0.0032713476439386,0.00375460158920362,0.0519973951506013,-0.0750000027778804,0.0750000066186759,0.0500000035519511,-0.0749999918175528,0.058916933469067,0.00211459832241752,-0.0749999960729278,0.0750000076330459,0.0435775284632294,0.00487231758381884,0.00775097927383037,-0.103639028389229,-0.0741710631088505,0.073187214802724,-4.08137758852797e-05,0.148724643007762,-0.319906670307991,0.178421602726797,-0.366790022222384,-0.0652946021357984,0.196837544609004,0.0105075190869805,-0.313378652973574,0.230087515501429,0,1.26097989370908,0,0,0.00697312698006049,0.37977318912468,0.086622327598963,0,0,0.561557401535856,0,0,0,0,0,0,0,0,0,0,0,0,0,0.447393141027933,1.15776631995526,0,0,0,0.0291967144119428,0,0.142734429318557,0.418387984432322,0,0,0,0,0,0,0,0,0.153161071901005,0.191337334740753,0,0.989694080967102,0.75590316786915,0.537760802624409,0.403623285582725,0.890040684910836,0,0,0,0,0,0.297683717069427,0.245763661127678,0.473607011126667
73,-0.0375377712863992,0.0554086334016335,0.0413407087990839,0.0427960874330613,-0.0337249036600395,0.0404827839962652,-0.0228522653625911,-0.0679225110295401,0.0443082748547734,0.934001399587351,-5.86187927613813e-07,-5.46505108945099e-06,0.357296465589782,-0.00456325300120855,0.00439025500556536,0.0519977582474679,-0.0749999993330251,-0.0612534729523341,0.0331566854830184,-0.0749999969526936,-0.0443804569514174,0.000771360942477664,-0.0749999952490669,-0.07500000046002,0.0012990921692051,0.0147992594473815,0.0158785869146828,-0.0596020802192684,-0.0523358529621648,-0.00847243302353714,-0.000230992708971303,0.00142124591681312,-0.235882946595089,0.237681067854976,-0.399998730390585,0.148119820364568,0.201485947293475,-0.289549961548181,-0.216054947591225,0.200737225477822,0,1.44056656054368,0,0,0,0.504247156755027,0.124008139972975,0,0,0.314214142900756,0,0,0,0,0,1.28579784914895,0,0,0,0,0,0.290327719070368,0,0.399371582545442,0,0,0,0,0.162219553221321,0,0.255809580830427,0.520602870601389,0,0,0,0,0,0,0,0,0.111794166254081,0.0607081389983973,0,0,0.734313318720624,0.496844758484905,0.400989156281176,0.830168920924341,0,0,0,0,0.819668501949256,0.283752226182022,0.24715971977136,0.489956951434506
74,-0.0395374886057885,0.0537977646196518,0.0418070530824753,0.0410377587237493,-0.0351190085629791,0.040281515759614,-0.024475437917709,-0.0695479335868347,0.0448749514121392,0.933912812369883,3.66890647964045e-06,-6.1291876523917e-06,0.357527945952172,-0.00536062023497425,0.00385367512752523,0.0519974587365443,-0.0749999999590819,-0.0749999976187512,0.0198220047115203,-0.0750000096423732,-0.0750000089787498,-0.0186236689974548,-0.0750000061465424,-0.0750000041135181,0.0500000017153883,0.00910713311875607,0.0107886155747113,0.0605360660679828,-0.0331920636833402,-0.0273367764782978,-8.17800603086665e-05,0.0811746620610312,-0.267070075152302,0.246063060652198,0.18680136081409,0.362976003903259,0.24999985113919,0.39999748932809,0.0591459767168595,0.214547825518572,0,0,0,0,0,0,0,0,0,0,0,0,0,0,0,1.06519869495875,1.26553958869491,0,0,0,0,1.00471168597643,0,0,0,0,1.2050525791858,0,0.362076385400656,0.650121904867956,0.433234682128771,0.578963608139848,0.267020595251107,0.562405487448992,0.33744244186292,0.491983640837181,0.1950877123021,0.522904663724815,0.282873706962632,0.435118669064284,0.1607084072259,0.275513242055226,0,0,0,0,0.185711595311949,0.300804984728946,0.0313350066472405,0,0.309354757445321,0.131616550514926,0.334646500119037,0.156619738600977,0,0
75,-0.0397660761371957,0.0531657316700413,0.041869560046846,0.040409868686195,-0.0361114595214059,0.0401344773748245,-0.0234917825156179,-0.069082139179295,0.0454106406989647,0.934189021079795,4.34275113092804e-06,-4.56403958332767e-07,0.356805636809798,-0.00552975096341414,0.00329579415165915,0.0519973252747446,0.0293941390651198,-0.00849142820826479,-0.00193334775604217,0.00763035957636412,-0.0273438967698844,0.000713567407352742,0.075000013387379,0.0749999835317959,0.00379992484752163,0.000505355108802008,0.000130755724225664,-0.236000401712737,0.0144944508097338,-0.0189345856653263,-3.33498878031836e-05,-0.057241078086344,-0.319410673913581,0.250000212441039,0.0593292464565723,0.30938849309692,0.250000139896207,0.399999405412131,-0.00971753975864481,0.230827711579166,0,0,0,0,0,0,0,0,0,1.2845988783781,0,0,0,0,0,1.11499299889437,1.21392693892609,0,0,0,0,1.08443111317977,0.675693442582061,0,0.869469620634646,0,1.18336505296761,0,0.360011641302312,0.634619038508182,0.405141139690324,0.589489540120181,0.278520146645136,0.595961751264429,0.384688916152027,0.48979298175755,0.153661894246483,0,0.267887682027471,0.404644459635896,0.176757972091612,0.336777429067512,0.042052996531081,0,0,0,0.231307674025791,0.326042094005616,0,0,0,0.0692030334782842,0,0.123752735412459,0,0
76,-0.0387000663366358,0.0539958792499442,0.0418054352210902,0.0400144663466817,-0.036589677928997,0.0399999997302831,-0.021659430402354,-0.069860649984129,0.0450223288435024,0.934424154577764,-4.45028080832199e-06,-3.80756757775574e-06,0.356189405683305,-0.00547679669315978,0.00322909207029306,0.0519974187272553,0.0750000068336377,0.0750000104669192,-0.00555011575082643,-0.0346826324417879,-0.0265471153555001,4.1420675289043e-09,0.0749999945034822,-0.0749999997169326,-0.0424001129966939,-0.00114125366108966,-0.00154554218045172,-0.0132612238209812,-0.00297769147839453,0.0015064059408206,-5.47600625092174e-05,-0.0668940064151342,-0.395769218398919,0.250000074613258,-0.00767629212594211,0.0809833396059225,0.170692338280716,0.188486878565228,0.0527144729855233,0.213106092246917,0,0,0,0,0,0,0,0,0,0,0,0,0,0,0,1.01310302820228,1.22672088356464,0,0,0.802399699840119,0,0,0,0,0,0,0,0,0.318121717804606,0.626251683594147,0.385161576390899,0.559211825007842,0.323046364698315,0.739048280220726,0.47149532350356,0.590599321415477,0.249602364002487,0.631884869624341,0.367058494066232,0.514428739560601,0.135947404943179,0.352595129230777,0,0,0,0,0.20724270733663,0,0,0.782614889642509,0.62492755913669,0.0917834849906047,0.321510664369012,0.163078787384054,0.867552957364712,0
77,-0.0380049705156162,0.0544263068243589,0.0417041229495506,0.0413203396785143,-0.0356097923544156,0.0402318515050918,-0.019890037538077,-0.0693149499204847,0.0447906247279437,0.933241336338076,-9.04691463677503e-06,-5.34905049297297e-06,0.35927728716135,-0.00485972375229401,0.00352172460185126,0.0519977417216888,0.0143369773790517,0.010003388223508,0.000578258020892891,0.0750000045272245,0.0750000014520674,0.00771599338894038,0.0749999982825456,0.0750000008146143,0.0160405588891073,0.0194879480477171,0.0271375193991593,1.12506777317874,0.0643474130858995,0.0387301591929027,-0.000951573423506868,-0.142244905709539,0.0666588974823475,0.250000246165405,-0.189367193296174,0.400000598452594,0.250000145478762,0.225052120777926,-0.152856075439606,0.241157541032118,0,0.725256106750434,0,0,0,0,0,0,0,0.347970728855986,0,0,0,0,0,1.20486319232582,0,0,0,0,0,1.13187685676813,0,0,0.395011560881461,0,0.732381701477082,0,0.011110579793234,0,0,0.213670397651358,0.534661215267154,0.748274186074959,0.578257510327622,0.70467789101449,0,0,0,0,0.230758762750888,0.502662433796858,0.253707808574365,0,0.37758959258282,0.326257403230934,0.29776099367622,0.406086002137523,0,0,0.253580414653917,0.156350133655078,0,0.223352364580409,0,0
78,-0.039090951741492,0.0542802643831939,0.0419970994409157,0.0424083609195306,-0.0340145303789266,0.0402303811412311,-0.0189003925276725,-0.0677656100576897,0.045048235222943,0.930628945450522,-4.18988874358472e-06,3.54024086035894e-06,0.36599125492827,-0.00422614627747495,0.00454312883804459,0.0519973443959901,-0.0749999999378941,-0.0352841914944198,0.0287520136853567,0.0253971164318894,0.0750000000886017,-0.000189386083579566,0.0223951751094545,0.0750000000997135,0.00952180135581571,0.00522969906463445,-0.000713192720284699,0.552689137992097,0.00944142121650899,0.0596320676952798,9.36273856096529e-06,-0.190838197447206,-0.304724281484614,0.21257803362291,-0.400000009381203,-0.0273033443793654,0.189455727565554,-0.0733664047012803,-0.178116306250377,0.22894056769877,0,1.17439680294343,0,0,0,0.438614483868533,0.0532475939419386,0,0.266977152636289,0,0,0,0,0,0,0,0,0,0,0,0,0.0676018308445435,0,0.746571658386543,0,0,0,0,0,0,0,0.295774594008563,0,0,0,0,0,0,0,0,0.109494640588949,0.13989308656896,0,0.642936125764065,0.864818978917931,0.772098802942603,0.572996704238268,1.06392107762227,0,0,0,0,0.554408357164591,0.51526537839008,0.36295552496176,0.706718210592909
79,-0.0411198077282966,0.052876558674044,0.0428114732558244,0.041886601677066,-0.0337836139602905,0.0402396378665685,-0.02005983832958,-0.0674624077644708,0.0457578070078944,0.92996006175008,2.35258009781844e-06,-5.26914312436537e-06,0.367687554122176,-0.00450645133982186,0.00495962977607843,0.0519976376441368,-0.0750000065208421,-0.0749999967984729,0.0478197757360489,-0.0709619482313015,-0.0540923020628754,0.00112076157980039,-0.0750000125461365,-0.0439372059570477,0.0500000014628052,0.00429805007792552,0.0041762273174589,0.0286230436976725,-0.0245900217356795,-0.00918764885151228,-0.000120118353229616,0.179814267880025,-0.191977936672351,0.200048379513792,0.00375608244211407,0.21845841810791,0.249318549801834,0.386918728942944,-0.107116202620389,0.221792789866259,0,0,0,0,0,0.313622076143352,0,0,0,0.893393762970798,0,0,0,0,0,0,0,0,0,0,0,0,0,0,1.13744198483084,0,0,0,0.334648211944042,0.734819749645519,0.438483248261179,0.630984713328371,0,0,0,0,0,0,0,0.069978085164458,0.127477623985698,0.160034032002099,0,0.836104255515055,0.62227331897397,0.242516710049982,0.296378797228887,0.568411231795063,0,0.169380464089308,0.0731316348034531,0.0829619688940069,0,0.251863142137188,0.436826279553914,0.296545697179703
80,-0.0426048189916298,0.0519402901904634,0.043650147948645,0.0412524935005369,-0.0339118378774805,0.0403257529466603,-0.0189328000501573,-0.0690071194444358,0.0463692125280368,0.929504208839158,-2.42583834992312e-06,-4.21793991176387e-06,0.368838445014705,-0.00504474675546778,0.00489761928766964,0.0519978134906984,-0.0728438636915886,-0.0333679821657769,0.037782840064431,-0.0145109794302237,0.0225557037897124,0.000208433445138344,0.0749999973897325,-0.0750000048016795,0.0113338467140494,-0.000608972011911989,0.000458541579102667,0.332893345851992,-0.0251079371722939,0.00942800309914477,0.000118794630273102,0.0840835690560621,-0.366967428463379,0.225788588956929,0.131096233499995,0.209938991082695,0.25000017847606,0.399998945446004,0.054515448315162,0.231828406918911,0,0,0,0,0,0,0,0,0,1.31281863432105,0,0,0,0,0,1.20842840525321,1.37303713128333,0,0,0,0,0.945882413350243,0,0,0,0,0,0,0.21228458714068,0.505409293395896,0.270147219212731,0.447546661323849,0.285814901455371,0.588876555103802,0.347163964033059,0.527527492526116,0.181150914833567,0,0.221947348743775,0.450603987674203,0.182798639657696,0.283404519585467,0,0,0,0,0.253523175683626,0.3497177920827,0,0,0.339368423377506,0.181395122611215,0.405681688470334,0.252119666041545,0.515804498407243,0
81,-0.0425691217394095,0.0518708707168745,0.0437428080923396,0.041461149616441,-0.0338209669347074,0.0405278041470412,-0.017012850879259,-0.0706707332926506,0.0466522445229424,0.929457869039272,2.73274166358032e-06,3.13331167653359e-06,0.368955217927686,-0.00500436162420378,0.00483389055372088,0.0519973031675337,0.0486007730037842,0.0141311136057924,-0.00912935853281967,0.0298630390992037,-0.00394764740250977,0.0210119036794009,0.0749999873732436,-0.0749999976678346,0.0169412075302745,-0.000285938307645122,-0.000237482201759484,-0.199656271716114,0.0225585598954158,-0.00894694973605105,1.20356280640319e-05,-0.166330446475437,0.00596198643874904,0.248768851047942,-0.0648681165663132,0.400002866370388,0.250000495019147,0.249107658564203,0.0244764433598629,0.230082969522576,0,0.378984225567829,0,0,0,0,0,0,0,0.387639101698516,0,0,0,0,0,1.04033474617731,0,0,0,0,0,1.18458582238451,0,0,0,0,0.828429052932645,0,0,0,0,0.0607615103493062,0.468822909876698,0.643906949542922,0.50098433963099,0.611745519788633,0,0,0,0,0.191917399801466,0.386690405495958,0.177007223340762,0,0.306580210782062,0.219159277877019,0.21536768684573,0.310371801813353,0,0,0.224942214414036,0.1673416146046,0.148623607601476,0.190791904778824,0,0
82,-0.0428037373533567,0.052222983492957,0.0438517455447582,0.0416385205284244,-0.033192565607853,0.0405797422825203,-0.0155627669109369,-0.0708203202848814,0.0469232482707599,0.928676351384677,3.41842588352344e-06,1.63862228047526e-06,0.37091800545136,-0.00503281844063829,0.00522007357619758,0.0519978513858315,-0.0633027497771938,0.0169026430597282,0.0189964187816328,0.00270492081215239,0.0702970247591367,-0.00276385504005681,0.0369857079871712,0.0340992798592871,0.00108577686260868,0.0523805390818316,0.0028853306746807,0.808981657866613,-0.00574392912297478,0.0518766339925451,-0.00268959408148563,0.0195271148734256,-0.0784233815718718,0.232753938280132,-0.00383918159922826,0.363955022979905,0.250000093770991,0.286784720163806,-0.10622997690113,0.239327927050056,0,0.462910058138673,0,0,0,0,0,0,0,0.358283365683418,0,0,0,0,0,0.980962963459502,0.738221257266173,0,0,0,0,0.995885716832458,0,0,0,0,0.753144009163548,0,0,0,0,0.0796697774352302,0.506575602865562,0.707885803365778,0.534337492826332,0.680123913405011,0,0,0,0,0.165394483076704,0.371811706351108,0.00773418421944858,0,0,0.189617754182512,0.194997571547364,0.305074589796737,0,0,0.255810221606245,0.188915048941352,0.189073105095865,0.21851813736801,0,0
83,-0.0438633599165024,0.0524710106770296,0.0440809621330887,0.0417218062268541,-0.0316860281990614,0.0405807625181828,-0.0150108717311788,-0.0697506403692996,0.0469211022377675,0.926451459807193,-3.61004981480503e-06,4.12114080165347e-07,0.37644097611939,-0.00528811714273629,0.00628102384413206,0.0519977679285918,-0.0455046466503473,0.013664543871968,0.0032431983902986,0.00163736617592531,0.0750000056727261,-0.000227179589025163,0.0151992608139549,0.0615879525271279,-0.000728784011965775,0.000161209297164928,-5.33915618186173e-05,0.549778842676073,-0.0155549359704647,0.0563855895454692,-0.000253586239375352,0.0377776785563748,-0.12837237136291,0.247065815830084,-0.15920027276857,0.118781775581717,0.177441565866474,0.148812375724755,-0.118473843991054,0.187974923588043,0,0.502632373399522,0,0,0,0,0,0,0,0.27402731002377,0,0,0,0,0,0,0,0,0,0,0,0,0,0,0,0,0,0,0,0,0,0.115771056819,0.546971902251768,0.84540199615147,0.645272537510854,0.747101360892385,0,0,0,0,0.171048694395271,0.441579344210986,0.0178936519123719,0.45887614286831,0.375826871493768,0.229520331229877,0.245821566857397,0.359525635866244,0,0.756541050091715,0.415106062949504,0.149127844163249,0.178787078794868,0.22390071663754,0.619033782567282,0
84,-0.0454869472073627,0.0520383389922596,0.0444199078963797,0.0422849803208439,-0.0298803019256082,0.040809316818843,-0.013463026131828,-0.0696041477451874,0.0473000135752433,0.923762390442804,-1.14617836543681e-06,1.84584303625128e-06,0.382992720574386,-0.00538358223823774,0.00728676242296072,0.0519976387596217,-0.0750000000005988,-0.047787925971016,0.0285878193008734,0.0484715859439837,0.0749999999997328,0.0240172498898868,0.0749999999988836,-0.0376120563288032,0.0403247605963955,0.00738415671706244,-0.00020262752784008,0.53946613469126,-0.000237484474043796,0.0378427597463127,-4.13902117638304e-05,0.0245538399066642,-0.0139343927036029,0.155012951257065,-0.0825765638480653,0.111833786886829,0.177204632641864,-0.066047319917279,0.126406748335965,0.150000000027574,0,0,0,0,0,0,0,0,0,0.124833545724079,0,0,0,0,0,0,0,0,0,0,0,0,0,0,0,0,0,0,0,0.420445902933429,0.00994716992612749,0.164452554930137,0.589824967187467,0.8829576910401,0.679742302863379,0.793040355364188,0,0,0,0,0.165344578686335,0.400177462637072,0,0.829090762316686,0.662226508487785,0.117788754187486,0.187242506408803,0.590581900427485,0,0.761499944102908,0.269117706145764,0.173208540027982,0.336779468303393,0.195106467750601,0.594635690274742,0
85,-0.0469308873157719,0.0514935645508495,0.0452824728429999,0.0430389246829029,-0.028120328438497,0.0414311310557825,-0.0117509406212125,-0.0710398987172994,0.0482602766982762,0.921628275776643,-4.68821587944757e-06,-1.26394021301803e-06,0.388100312745255,-0.00545318568607308,0.00809175751166186,0.0519976703872954,-0.0686791460779463,-0.0170413687793133,0.0500000000223864,0.0300544526698595,0.0750000000884561,0.0351025246373363,0.0750000001509324,-0.0749999998768573,0.0500000000391816,0.00259446416989875,-0.000109325519976745,0.598064107847454,-0.00746920001721234,0.0450407533366684,4.47431387248897e-05,-0.399856085920937,-0.399999948064211,0.228560585719168,-0.400000030554562,-0.0610920846451094,0.164749745559887,-0.22294468515257,-0.0889084754556076,0.186056002411623,0,0,0,0,0,0.339449172568344,0.142924124492073,0,0.500544840069863,0,0,0,0,0,0,0.985913446058684,0,0,0,0,0,0,0,1.39944480966906,0,0,0,0,0,0.766939473676389,0,0.268836072179108,0,0,0,0,0,0,0,0,0.132424865483656,0.118828749347567,0,0,0.670752136894387,0.545046352020436,0.391652705860881,0.824145783053945,0,0,0,0,0.37713348325964,0.302910755247099,0.179830415025524,0.500213823481213
86,-0.0472644224728582,0.0516925758530084,0.0456038130585286,0.0420190050141352,-0.0286003835915414,0.0414355152036699,-0.0126773613901857,-0.0726639842874875,0.0492456089136714,0.921025687647581,-1.91925055113326e-06,-1.27744389825361e-06,0.389528253140002,-0.00560797286470244,0.00847105647715159,0.0519972976983864,0.0153689368481005,0.0154634008958385,-0.00210112623009629,-0.0749999999347169,-0.0749999998571156,-0.0215629541204751,-0.0749999999961712,-0.074999999806689,0.0485405184201457,0.00259497598742831,-0.00130113010342092,-0.00145233397722345,-0.000119425332997818,-0.000115636274773624,2.62001276608592e-05,-0.118354810907814,-0.142517174216174,0.250000002945326,0.0752913118141065,0.400000058888452,0.249999998332636,0.400000001577413,-0.105444945535272,0.203967349502975,0,0.625128686311881,0,0,0,0,0,0,0,0.262653374589963,0,0,0,0,0,0.923972872220171,0,0,0,0,0,1.09577854881415,0,0,0,0,0.906303273152721,0,0.0250593614267886,0,0.0600959752029787,0.235680035570434,0.476354399426522,0.651610508832082,0.501252457428338,0.626712450830265,0,0,0,0,0.174954589978121,0.317301285364156,0.0617561217423352,0,0.343248848395931,0.109630445764583,0.205323329669594,0.309911303812247,0,0,0.20550028126148,0.140494523345229,0.198110299709565,0.170863263036706,0,0
87,-0.04829575593474,0.0506549671959319,0.0457222824286791,0.0420154619452765,-0.0285832278479561,0.0413213195666086,-0.0122359361836542,-0.0741145730864569,0.0497803868171579,0.920988100439366,-3.69772754013531e-06,-5.625181272701e-07,0.38961711491624,-0.00561335181274755,0.00848567443761944,0.0519974735773388,-0.0750000000305136,-0.0749999999216472,0.0130261385713167,0.0497129059383892,0.0542651447311737,0.00380184863692641,0.0749999999585716,-0.0700834647397554,0.00515420286645722,0.0015306470385507,-0.0001509734101915,0.0365878279074873,-0.000229769076453854,0.00251163838432483,4.16221914686793e-05,0.0657052300053746,-0.0887714334602394,0.245052407656686,-0.174142798256676,0.176739676416174,0.154412558784171,0.0402982736467452,-0.161637305032064,0.168519878071849,0,0.715932870358225,0,0,0,0,0,0,0,0,0,0,0,0,0,0,0,0,0,0.738512137513794,0,0,0,0,0,0,0,0,0.0205404223430082,0,0.0706560878116386,0.223337953502307,0.52635656163874,0.82644134728065,0.61714491584183,0.735652993077556,0,0,0,0,0.131503495238791,0.333567418409254,0,0.387347352105232,0.350972494456777,0,0.176027157978246,0,0,0.722085888496968,0.479838632307457,0.161137488660799,0.245928033794892,0.20566115140025,0.660782357522378,0
88,-0.0499777334366975,0.0490375036731634,0.0459498823156593,0.0434992238510724,-0.0269116223165073,0.041816533614108,-0.0105061516262315,-0.0757090420276218,0.050145766975568,0.920672534436094,-3.29554102641407e-06,-5.26095284455375e-07,0.390362223035403,-0.00562315295644351,0.00859523523068026,0.0519975405925816,-0.0750000000419209,-0.0749999998885033,0.0100906813305624,0.0749999999225927,0.0750000000287599,0.0426428551240591,0.0750000000930132,-0.07499999981743,0.0312533185306284,0.000300648952612308,-0.000966140498879584,0.0783121675145357,-0.000503442248351783,0.0054946912542497,1.58757910923965e-05,-0.00381655127439432,-0.133264386158987,0.231074732146126,-0.400000031901046,0.0103731006665904,0.190346714186421,-0.179924743924611,-0.226286874071145,0.182173466846278,0,1.27298620298909,0,0,0,0.391869644597337,0.0695593696441531,0,0.358440768943233,0,0,0,0,0,0,1.17901530027475,0,0,0,0,0,0,0,1.34895169553044,0,0,0,0,0,0,0,0.298292692907184,0,0,0,0,0,0,0,0.0663597199310021,0.136755248645799,0.0978490265495727,0,0,0.644563545108718,0.502321352610441,0.387909123145202,0.75897577457396,0,0,0,0,0.385862282896933,0.291074085222911,0.204602843546563,0.472333524573274
89,-0.0518779818891822,0.0472293099434988,0.0461449041257477,0.0428034258452761,-0.0274637125009738,0.0419281537041619,-0.011198081327239,-0.0773128723222559,0.0507499881254624,0.920516936462974,-1.66879347310609e-06,-6.62391359841658e-06,0.390728999120265,-0.00572818546832878,0.0086466858163807,0.0519973955493075,-0.0750000033972615,-0.0749999978078476,0.00943277187613804,-0.0750000010822092,-0.0749999996992829,-0.0192054381893083,-0.0749999994026957,-0.0749999959232607,0.0291790667398671,0.00251725997104242,0.00300087305436561,0.00851266328117543,-0.00632292441206267,0.00031892111521,-4.39999799059177e-06,0.280877596504194,-0.08701668911846,0.200870948199741,-0.400000446001118,0.0418488270313517,0.191064956643477,-0.0385482867696103,-0.202934415599112,0.18909665662748,0,1.13405817776913,0,0,0,0.458535951087187,0.114254723662666,0,0.377720859693161,0,0,0,0,0,0,1.70984203739155,0,0,0,0,0,0.0466531699359101,0,1.22593100430936,0,0,0,0,0,0,0.0223266521641494,0.283220992864868,0,0,0,0,0,0,0,0.204467314180465,0.0836097599282204,0.0231855720045689,0,0,0.635208412353169,0.430861071286382,0.317437736315851,0.74863174732369,0,0,0,0,0.458070254547679,0.319815374196875,0.245307385439924,0.532578243304624
90,-0.0537332908421607,0.045456126835374,0.0462816587249554,0.0411145560419423,-0.0290516027571646,0.04136374347056,-0.0128291723510964,-0.0786376859014611,0.0513292145458898,0.920408182189915,6.46194426871108e-07,-6.17292268472227e-06,0.390985115834832,-0.00589136251040314,0.00863232554125752,0.0519973251499177,-0.0750000000515792,-0.0749999998690146,0.00453994194918292,-0.0749999999509985,-0.0749999998683151,-0.0355168647075715,-0.0749999998643853,-0.057568499326446,0.0287458434887519,0.0036802357547516,0.00532498154723898,0.0326037312148081,-0.00926475617088627,-0.000741637234735531,-1.6594736587004e-05,0.0607058991429052,-0.173543036066962,0.24145284129051,0.0880680529428996,0.400000054272742,0.249999996442568,0.400000055872958,-0.144160759906825,0.203034631254807,0,0,0,0,0,0,0,0,0,0.262008668011625,0,0,0,0,0,0.918961771663672,0,0,0,0,0,1.14627917465097,0,0,0,0,0.986945808217504,0,0.174487509952965,0.432262038623361,0.216263660953884,0.390485887622437,0.44250976960717,0.63894956114174,0.464074570420154,0.617384760328754,0,0,0,0,0.178403671899957,0.302221423387026,0.0309507970196907,0,0.367358893120206,0,0.202837406816478,0.30573696564957,0,0,0.243250533359935,0.15689826425522,0.246766075622478,0.181331999171738,0,0
91,-0.0538927143984082,0.045313960252982,0.0463372089917957,0.041041930489045,-0.0290880684889327,0.0411839333467938,-0.0120884995298679,-0.0802061496786919,0.0514402223566897,0.920256287269576,-1.8687506475276e-06,6.24853072833321e-06,0.391342496348524,-0.00593394789144229,0.00862314030051552,0.0519974925682253,0.033808990019016,0.0345970978550103,0.00293721617712124,0.0436201008517639,0.0450582498865198,0.00661659212407004,0.0749999999554219,-0.0749999999198961,-0.0174142626900896,-5.72769284700732e-05,-0.000304230073394344,0.0259314408344287,0.00304203142018164,0.00283286772452075,-1.05729595674238e-05,0.0192181349200592,-0.207570128393807,0.250000002086151,-0.17839845615903,0.229028122799508,0.150000001258844,0.0580882568345837,-0.2225340074506,0.173581899086728,0,0,0,0,0,0,0,0,0,0,0,0,0,0,0,0,0,0,0,0.742590505698,0,0,0,0,0,0,0,0,0.213357442485699,0.516220525189556,0.284892126486874,0.444685841188387,0.487976329703251,0.818480767407803,0.588375135355738,0.718081961755316,0,0.0897001246828319,0,0,0.129837883621965,0.319351642328018,0,0.387002251648071,0.376046741630675,0,0.176130892530537,0,0,0.750663403608197,0.53536968809619,0.163860319548759,0.285170049311448,0.210153328457331,0.745056842732897,0
92,-0.0537962284732468,0.0454765550991653,0.0463555140204643,0.0425218448166542,-0.0274634842858319,0.0417095350287792,-0.0103162629732694,-0.0819324047688934,0.0514101209256671,0.920010752875181,-1.96158427573684e-06,-5.19696216834244e-07,0.391919380657636,-0.00591030943854925,0.00872046240337888,0.0519975539198879,-0.00276844276266337,-0.000472179724266288,0.000114861731708165,0.0750000002186976,0.0749999998901609,0.0434940889957033,0.0750000007246659,-0.0750000008394405,0.0142458064759254,0.00138476486308437,-0.000400158030625856,0.0495953135127734,-0.000472047032499786,0.00283705835595394,-1.34658186355676e-06,-0.400000033054727,-0.400000320698756,0.206538615664649,-0.399999909870244,-0.122146535982377,0.149999996866925,-0.198060619035019,0.0207389334174118,0.179037232149799,0,0,0,0,0,0.326692731051297,0,0,0,0,0,0,0,0,0,1.73916185489066,0,0,0,0,0,0,0,1.50199965699685,0,0,0,0,0,0.784619136709498,0.0580731444054133,0.338207112545276,0,0,0,0,0.390755670393334,0.205486480409569,0.16689610315087,0.429346047652022,0.105992103736006,0.0415208620113402,0,0,0.663132918329182,0.439371900801569,0.31568373777908,0.786821081351671,0,0,0,0,0.495437362283445,0.349408490579399,0.271489138914202,0.573356713948645
93,-0.053719754090901,0.045542564827597,0.0463632319340667,0.0417727947640309,-0.0282554063428316,0.0418599703629707,-0.010654363663831,-0.0835511935042366,0.0515459493120766,0.920003666926051,2.66658696014126e-06,2.11498833318048e-06,0.391936013630896,-0.00589360853244165,0.00872762098055199,0.0519974081422507,0.00613164873344784,0.00629832451110736,0.000749625509875137,-0.0750000000511732,-0.0750000001289552,-0.0169383566992626,-0.0749999996844557,-0.0749999998495701,-0.000588813016641946,0.00161028392476169,0.000962114157710355,-0.000831902624958694,9.24747187563251e-05,-9.84510490234467e-05,2.00124270521941e-05,-0.400000084839137,-0.399999942685034,0.171606099594228,-0.400000021089557,0.100373876318582,0.209253217184895,-0.0124340486301036,-0.143127535668141,0.174524738778444,0,0,0,0,0,0.440838984666805,0.168411094404736,0,0,0,0,0,0,0,0,1.10246900445465,0,0,0,0,0,0,0,1.41675394147156,0,0,0,0,0,0.763899999351341,0.118099001285243,0.341256011341561,0,0,0,0,0.445842599570091,0.260324325727489,0.239829967897221,0.466336957400354,0.0776338996066413,0.00407994969592234,0,0,0.636511638389747,0.473659283758366,0.347294532610428,0.762876389537687,0,0,0,0,0.425815123440996,0.303970425862064,0.201751048548229,0.528034500754828
94,-0.0538658261060358,0.0454509785463493,0.0463929163782196,0.0401203653611942,-0.0299047429787893,0.0412625435312905,-0.0117543942343563,-0.0852471073281254,0.0514254498558021,0.919877302698843,4.34033920931345e-06,-4.36290408600224e-06,0.392232499143943,-0.00598919126474565,0.00869290823621249,0.0519974536713761,-0.0134392361949119,-0.00987568960555356,0.00358847572147141,-0.0749999990292776,-0.0750000005289081,-0.0404714287643407,-0.0352020482940243,-0.0750000002476369,-0.0114070398837084,0.000339158542495106,0.00070820711514193,0.0528425092914305,-0.00741803001824017,-0.00291412619527251,1.80616132336091e-06,0.106785576768213,-0.152290308434805,0.231546885618522,0.0358851158589583,0.399999782015575,0.250000045631423,0.399999866179502,-0.40000010206133,0.235399170834504,0,0,0,0,0,0,0,0,0,0,0,0,0,0.709594924152108,0,1.04424229650455,0.826192021886963,0,0,0.625278403369126,0,1.19124872918727,0,0,0,0,0.97319845407744,0,0.287307549540028,0.584229760644491,0.380137322693467,0.491399987491055,0.366293175558477,0.573350268172658,0.389919859155525,0.549723584575615,0,0.198408597970092,0,0.15992024576492,0.132343136761143,0,0,0,0,0,0.132345199221018,0,0,0,0.262919956461554,0.145948665625545,0.286077422320257,0.145950728085409,0,0
95,-0.0528898300529502,0.0464691579582124,0.0460842788122247,0.0399451111607054,-0.0300910086916663,0.0409875725834377,-0.0121484624857118,-0.0869077117441093,0.0508284775533429,0.919870911958543,2.36628618334933e-06,6.14981663541459e-06,0.392247484888463,-0.00599439490094916,0.00868827729001542,0.0519973534912505,0.0749999992544989,0.0750000013633504,-0.0311592692488017,0.0419585844681731,0.0431329675117453,0.0079946616178555,-0.00435821704606444,-0.0750000004008415,-0.0481067516514106,-0.000489813799764288,0.000609719278271266,0.000132980990517357,0.000317894017402411,5.05926903380322e-05,2.14454341107186e-05,-0.0621868021586919,-0.250117271404218,0.250000073422518,-0.0799322977211563,0.400000662427492,0.250000007828817,0.392257659282493,-0.400000699648546,0.250000006250221,0,0,0,0,0,0,0,0,0,0,0,0,0,0.606818196173445,0,0.954905424224652,0.840617404345621,0,0,0.60176177078064,0,1.11250639547153,0,0,0,0,0.998218374116273,0,0.270622213646513,0.574298453674355,0.358198635776183,0.486722031544684,0.384068352626037,0.618138630518597,0.432362784726282,0.569844198418355,0,0.247748847118665,0,0.197069686720628,0.163201361405489,0,0,0,0,0,0.131823112105296,0,0,0,0.290965913583804,0.154246571915432,0.243449889573218,0.12286832261524,0,0
96,-0.0513783060597646,0.0480435674922198,0.0453600384951042,0.0404171660641966,-0.0296024109745279,0.0410270153010534,-0.0121026145133678,-0.0886017956790185,0.0498119592704589,0.919871037182997,2.26964098809082e-06,4.91728526329558e-06,0.392247194677492,-0.0059917772461259,0.00868834310287934,0.051997263689247,0.0750000000164394,0.075000000079874,-0.0405554927788898,0.0056329535468024,0.00569448103871435,-0.00228224572182834,0.0088762043554402,-0.0749999999728526,-0.0500000000011034,-0.000835841000556348,-0.000158753004803597,-1.6658151212625e-05,7.63375140988355e-05,5.21821534403822e-05,-2.67622412352727e-06,-0.0832636020705296,-0.222765502737634,0.249999999760997,0.0229554652362787,0.400000020150354,0.249999999982492,0.332437078415169,-0.332143064174951,0.249953168128944,0,0,0,0,0,0,0,0,0,0,0,0,0,0.59445093673207,0,0.99838841124427,0.934598736389896,0,0,0.619980808484736,0,1.10417144283424,0,0,0,0,1.04038176096307,0,0.262556227376348,0.569814029497393,0.347952572925947,0.484417683947799,0.386161750381733,0.626333641973346,0.434614449373308,0.577880942981772,0,0.301062580507614,0.0618854360362818,0.246870343663482,0.164106228544296,0,0,0,0,0,0.134354024451276,0,0,0,0.292683325260623,0.152499287570513,0.246692867284711,0.122747083477499,0,0
97,-0.0498635213313411,0.0496192698142918,0.0445391646255776,0.0404298535366295,-0.0295917487509976,0.0410224693473726,-0.0116489225470025,-0.0903513868841601,0.0487920196943731,0.919873251678133,2.33687382083183e-06,3.89225245391116e-06,0.39224200137728,-0.00598949093252633,0.00868801564197776,0.0519973096631968,0.0750000000106346,0.0750000000701844,-0.0414601680368211,0.000105201256822211,-7.92823620196632e-05,2.09119060855109e-05,0.0363554592307084,-0.074999999961755,-0.0499999999981014,-0.000456759161473237,-0.000370416144340259,-0.000453173667769931,5.68038901600757e-05,1.66738032053018e-05,3.02605392381115e-06,-0.0870151963997429,-0.215351518355631,0.249999999295308,0.031711580152583,0.400000016570844,0.250000000062304,0.30482095620809,-0.375304177263714,0.25000000078261,0,0,0,0,0,0,0,0,0,0,0,0,0,0,0,1.01044345267144,0.965087432399125,0,0,0.625401920554096,0,1.09701013211488,0,0,0,0,1.0516541092068,0,0.259231164127053,0.569994463283201,0.345242453751629,0.483983173658618,0.378458045297617,0.623361386926222,0.430872007378258,0.570947424845587,0,0.366228754572525,0.147548524937165,0.301453609801286,0.166837852206485,0.266808653343509,0,0,0,0,0.135551102279658,0,0,0,0.292136395813502,0.147646141677699,0.245778631781917,0.116359391750869,0,0
98,-0.0483337935801871,0.0512150907653445,0.0438710860380067,0.040431306085444,-0.0295881164936698,0.0410230966948202,-0.0108554871241113,-0.0921212109544081,0.0477710751465538,0.919873298368999,-1.86668983286234e-06,3.80972617224796e-06,0.392241891908624,-0.00598854310960662,0.0086894246972613,0.0519973921038312,0.0750000000024468,0.0750000000270731,-0.0265949040457739,0.000151514804760709,9.79282005627122e-05,3.06333723285938e-05,0.0429551262774453,-0.0750000000014421,-0.049999999999204,-0.00064200285073815,-0.000683205906696607,3.5752903693869e-05,3.89452297412305e-06,9.60516873024131e-05,-1.50310789505319e-05,-0.0686148220324099,-0.249204404545986,0.250000000615304,-0.00401683003846894,0.400000011517731,0.250000000229707,0.319341248191536,-0.400000000594265,0.250000000328071,0,0,0,0,0,0,0,0,0,0,0,0,0,0,0,1.04632128927814,1.01437796690738,0,0,0.641306005939766,0,1.11008046147376,0,0,0,0,1.07813714268107,0,0.257366572731414,0.568788533173057,0.346108363449453,0.48004674245502,0.367581980750306,0.616252873022476,0.420772285180269,0.56306256859252,0.0768450560264375,0.446562731065857,0.214336984248485,0.370255057851147,0.173230225003951,0.268901661290321,0,0,0,0,0.14220600788929,0,0,0,0.297919196608604,0.148792948301952,0.25355079071484,0.117768731187294,0,0
99,-0.0467984619330691,0.0528138839521736,0.0432933529089758,0.0404508298228375,-0.0295689281928911,0.0410235282202775,-0.01045279579993,-0.0939498736962821,0.0467559848223188,0.919873381745294,-1.13213035845212e-06,5.12299398862923e-06,0.392241693970487,-0.00598649480024104,0.00869057946408528,0.0519973444069121,0.0749999997178566,0.0750000025953905,-0.0308133177871391,0.00153607794151822,0.00153490074038055,3.72723974499577e-05,-0.00245895273470148,-0.0749999978445173,-0.0499999999151481,-0.000765039736450505,-0.000825327309188398,4.5187348401264e-05,3.25173306413252e-05,0.000104154815330042,1.51366499097097e-05,-0.0743565338476346,-0.345984416829231,0.249999947992271,-0.00754877290250944,0.400001168879916,0.25000003399552,0.399999426101277,-0.399999111637659,0.250000034972669,0,0,0,0,0,0,0,0,0,0,0,0,0,0,0,1.01144198770261,0.951936249250408,0,0,0,0,1.12377634659194,0,0,0,0,1.06427060854926,0,0.235543521001827,0.546433596618759,0.297489109350094,0.484488008270499,0.376304475623434,0.622973847650624,0.427101393412567,0.572176929861488,0.208799937844878,0.532426983292501,0.278343375630949,0.462883545506423,0.192362842283236,0.292559578324608,0,0,0,0,0.205143444049019,0.304023224931977,0,0,0.283864374958503,0.15202568102211,0.295328021565867,0.164806282787889,0,0
100,-0.0453017048159186,0.0543795552101166,0.043011099582588,0.0404575408962459,-0.0295534733578326,0.0410227726661721,-0.0106443939295327,-0.0958698526370689,0.0457950014596449,0.919870346007331,-3.70560093673752e-06,4.99253845261335e-06,0.392248815622604,-0.00598376369696583,0.00869897005246749,0.0519973759176766,0.0750000000025103,0.075000000015381,-0.000472162011154512,0.000274001985458223,0.000417184401741042,-1.54117905702495e-05,-0.0166298730197466,-0.0749999999964687,-0.0461176880096063,0.000383272739044353,-0.000971629055217367,0.000533864665696261,4.03157872327723e-05,0.000370065272068562,-6.95878314976301e-06,-0.0742461247952412,-0.228907167416174,0.247678864470226,0.0273096182244825,0.400000005912254,0.250000000415513,0.378469643380015,-0.399999998544598,0.250000000057651,0,0,0,0,0,0,0,0,0,0,0,0,0,0,0,1.1013486344243,1.12241482752139,0,0,0.66401651095989,0,1.10242885161411,0,0,0,0,1.12349506039685,0,0.234826721742321,0.551157778822392,0.329868853139274,0.456115647425444,0.364979472550815,0.623322524188862,0.423458683416214,0.564843313323466,0.25095864313123,0.574356479403085,0.337741608117996,0.487573514416319,0.178645240766014,0.277365134161227,0,0,0,0,0.146772164552591,0,0,0,0.30349069027351,0.148052910157865,0.255510285498111,0.116179833944442,0,0
101,-0.0437563507845351,0.0560031736905635,0.0426285355545617,0.0404634059052262,-0.0295323193288909,0.0410227871827676,-0.0106728456838966,-0.0977898317376663,0.0448108135010947,0.919876659309198,-5.68626101945867e-06,4.83243686145568e-06,0.392234007563026,-0.00597763777409503,0.00871943813982638,0.0519972971449441,0.0749999999574106,0.0750000022455703,-0.0340416184185052,0.000408892196562529,0.00110239780734831,-6.30117837022041e-06,0.0136332985540812,-0.0749999980049692,-0.0499999999627585,0.000998974058362181,-0.000313417012793145,-0.000772515975865115,0.000224355447982423,0.00119010883628254,2.16363942136075e-05,-0.120501080672039,-0.283320373334269,0.250000041382817,0.0264276354324928,0.400001025152923,0.250000017994258,0.399999466209241,-0.399999177784972,0.250000021223713,0,0,0,0,0,0,0,0,0,0,0,0,0,0,0,1.00037628527688,1.00811791670979,0,0,0,0,1.08417013398171,0,0,0,0,1.09191176554646,0,0.20896196935778,0.521349849830085,0.258822861288089,0.471488957899761,0.37642156896203,0.630725113068625,0.429289817325894,0.577856864704754,0.329215103453967,0.6529568715283,0.404597859240058,0.577574115742212,0.233380614539841,0.348308313661059,0,0,0,0,0.227368926812466,0.323353168724048,0,0,0.296365270461106,0.157705489942773,0.271410125524095,0.1516938022154,0,0
102,-0.0422693917285402,0.0575864309457319,0.0423952954369025,0.0404718365758453,-0.0294918949750073,0.0410224100630775,-0.0105607987141397,-0.099709810729681,0.0439470627815458,0.919878459103154,-4.40156926304757e-06,4.3341539471104e-06,0.392229786693907,-0.00597098285427271,0.00875852433165601,0.0519974035529421,0.0738086129767926,0.0750000026423871,0.00675028642384186,0.000572248874986368,0.00306298880970689,-6.29686880401467e-05,-0.00234886563736252,-0.0749999975696415,-0.0364428358630154,0.000766383403345553,0.00095888444185084,-0.00158444172476541,0.000369673781780388,0.00321891763617058,1.68342303009648e-05,-0.112189731375884,-0.293658412120814,0.250000055955617,0.0229512845877829,0.400001263640568,0.250000033750446,0.399999408068069,-0.399998998349813,0.250000017132333,0,0,0,0,0,0,0,0,0,0,0,0,0,0,0,1.02791625035296,1.03076137672526,0,0,0,0,1.06994565652167,0,0,0,0,1.0727907832295,0,0.188862355061265,0.508588785129629,0.266871449330486,0.430579690860416,0.38343841119742,0.641879717788057,0.442563350047036,0.582754778938438,0.391886828727867,0.723707704140449,0.471116730592388,0.644477802275952,0.191616481559358,0.30121179679806,0,0,0,0,0.204012961290459,0.307403609279697,0,0,0.280646691685619,0.14415527115358,0.286838504167269,0.15655175088469,0,0
103,-0.0407847203069316,0.0591531548160988,0.0423663374924531,0.0404777042771603,-0.0294656121667223,0.0410219801806594,-0.0105603936491907,-0.10162978955673,0.0433415495706634,0.919897076005419,-4.02210306313395e-06,4.32060340354811e-06,0.392186123988274,-0.00596398590152119,0.00878725486011757,0.0519973537287439,0.0749999985316894,0.0750000016989771,-0.00810628728984079,0.000129373205456399,0.000257604332347994,-1.93662613090531e-06,0.00236584692985783,-0.0749999977682644,-0.0241698992163273,-0.000235816421976448,-0.000792149524215897,-0.000536472141889303,-6.86848862373913e-06,0.000275675460848206,-1.58146991464363e-05,-0.0102878408022168,-0.220538769773528,0.250000006048468,-0.218650954789849,0.400001513740459,0.173006400624511,0.0679363087862121,-0.399999080229865,0.163131675141388,0,0,0,0,0,0,0,0,0,0,0,0,0,0,0,1.04239954033138,0,0,0,0,0,0,0,0,0,0,0,0,0.137799294363998,0.479522877678463,0.2364762880177,0.380845884024752,0.417785864386417,0.767631523931344,0.531714425229222,0.653702963088525,0.390969907241884,0.787591561073104,0.526489296429199,0.652072171885799,0.146736826727105,0.302200893000773,0,0,0.423810657664706,0,0.179254911611755,0.284023397724436,0,0.763092336881976,0.326688579466791,0.139540460821479,0.559858412032048,0.172058545706124,0.800855107228545,0
104,-0.0401662035489291,0.0598007642670131,0.042512324086434,0.0417505904589384,-0.0281359472778123,0.0414316064485282,-0.010000000708325,-0.103549767525519,0.0433988411964623,0.919899053117079,1.29782884404741e-06,1.13817345978378e-06,0.39218148725719,-0.00596008054512747,0.00879525506771315,0.0519978105496361,-0.0032144695977044,-0.0032283399162211,0.0101384265126837,0.0749999999620298,0.075000000035625,0.0394595201691397,-3.06927787149486e-11,-0.0750000000033303,0.0296301290894156,-0.000818015212415303,-0.00215735565761849,0.000778737952474732,-0.000107177120112969,9.32847302967432e-05,-3.55064726617901e-05,-0.399999990834703,-0.400000001056663,0.177115182767709,-0.400000015648267,-0.0324092412652371,0.166240046726021,0.0276796774093,-0.400000001372468,0.204078366741164,0,0,0,0,0,0.330470864010012,0.127705566446409,0,0,0,0,0,0,0,0,1.28446942559026,0,0,0,0,0,0,0,1.42870776075798,0,0,0,0,0.0133807040766825,0.910136900039529,0.248686130204867,0.386157326657114,0,0,0,0,1.04908665277341,0.908825526813964,0.87052996876403,1.08738221082332,0.108806853090715,0.0357844332452353,0,0,0.750038617683443,0.492636026311231,0.406982132728486,0.835692511266193,0,0,0,0,0.465008251103324,0.292276812198958,0.256477428145654,0.500807635156632
105,-0.0408232620231207,0.059115742099354,0.0428336837879538,0.0409696785434813,-0.0289504505308415,0.0415413779615416,-0.0100000038780017,-0.105469746978234,0.0441949706885046,0.919901716450699,2.62500868999302e-06,-5.69972627125086e-06,0.392175237508672,-0.00596434754155124,0.00879138370838198,0.0519974607298684,-0.0608316346914458,-0.0633051466293058,0.0256500378596751,-0.0749999997526034,-0.0749999991454562,-0.0182217245111034,-3.71838791974151e-09,-0.0749999986408307,0.0498815043393742,0.00105038319567125,-0.000173809068791981,-0.00117727817969139,-0.000249295329268385,-0.000276511763732753,1.78268408653666e-05,0.0121675554730077,-0.183876107327046,0.250000170001659,0.134087580457633,0.400000352193755,0.249999952330377,0.399998467808097,-0.399999439828742,0.223710833699863,0,0,0,0,0,0,0,0,0,0,0,0,0,0,0,1.06540247903473,1.10605101888175,0,0,0,0,1.12052732711727,0,0,0,0,1.16117586669112,0,0.170648255212506,0.480459581182399,0.232135459830426,0.418972376564488,0.364345203696906,0.62757911670487,0.411846143592155,0.580078176809604,0.568951067734096,0.919014414949528,0.675758196764918,0.812207285918703,0.249227371281234,0.357427610342314,0,0,0,0,0.243105894562075,0.338151650511751,0,0,0.310373226458201,0.163333582526915,0.291097266627625,0.157212105807758,0,0
106,-0.040229568462219,0.0597692615929913,0.0427773442211311,0.0409342660581122,-0.0289468149996946,0.0414489993411678,-0.0101108276795367,-0.107389725181541,0.0447282905296095,0.919943774899747,-3.73083329481695e-06,5.48174094235127e-06,0.392076570945566,-0.00595563015275809,0.00883974781519691,0.0519973533460517,0.0749999996506667,0.0749999992619643,-0.0208599683094013,0.0395876886759472,0.0433299978341262,0.0010281475584872,-0.0110281228670328,-0.0750000004539489,0.00368150870322988,0.00232408965092888,0.00402273547861845,-0.0220241098687487,0.00454766937502809,0.00714254992097638,-1.83574071061446e-06,-0.0344596526399036,-0.400000304174609,0.249999992542067,-0.0751708065305177,0.399999820622737,0.249999935586095,0.400000056900754,-0.400000187090803,0.250000110957887,0,0,0,0,0,0,0,0,0,0,0,0,0,0,0,1.15534448049369,1.21192591118846,0,0,0,0,1.11623293594173,0,0,0,0,1.17281436682748,0,0.187828197801311,0.500940713388294,0.243249875378424,0.445519035811205,0.368374171199591,0.628049517828874,0.421029889779083,0.575393799249363,0.690130262954717,1.04595199225754,0.782105972870597,0.953976282341669,0.215419056304826,0.313994015141947,0,0,0,0,0.241309897093586,0.339690220482338,0,0,0.301240524456591,0.162078124685226,0.326936729796973,0.187968965473974,0,0
107,-0.038736801999685,0.0612952281863963,0.042505917527424,0.0413347964566677,-0.028560084767194,0.0413755101376288,-0.010273756350504,-0.109309704118817,0.0445688375325267,0.920017032814637,3.85255650279094e-06,5.27562765990481e-06,0.391904639102243,-0.00591048714579144,0.00886467476578297,0.0519972155013573,0.0738042155261213,0.0749999981209036,-0.00765926289540303,0.000705976648029553,0.000546602326078281,-0.0035477567215447,-0.00529294555570605,-0.0750000008694711,-0.0195108425069112,0.000409309461455977,0.000425233155663451,-0.00178230846575266,0.000180068924471519,-6.42195115281917e-06,-5.47402094444194e-05,-0.0821245648725049,-0.400000766936187,0.250000096598268,0.0705561293356764,0.399999869136734,0.249999975995069,0.400000022257738,-0.400000356284374,0.250000070886067,0,0,0,0,0,0,0,0,0,0,0,0,0,0,0,1.08854917578918,1.24481444591856,0,0,0,0,1.04477534801384,0,0,0,0,1.20104061825305,0,0.187068232275896,0.513500633768322,0.238604523501179,0.461964342543036,0.35861403043693,0.624598506105444,0.390019119032451,0.593193417509922,0.781590244120223,1.1514960765534,0.867662839004413,1.06542348166922,0.277666285534551,0.374367557050346,0,0,0,0,0.251808355850443,0.339587301897245,0,0,0.372363711699412,0.2140332861936,0.337583456546308,0.188175356509493,0,0
108,-0.0372556199314415,0.0628352724793342,0.0423341293160579,0.0413543823533101,-0.0285294880473672,0.0413722352406635,-0.0101478818865892,-0.111229684497336,0.0440522218629754,0.920089762677005,-2.11290017666332e-06,5.78216480510123e-06,0.391733845005588,-0.0058819707716654,0.00890359484038957,0.0519973584818391,0.0743200859136821,0.0750000095677122,-0.00923701694009861,0.00158921903117045,0.00199258867495086,-9.4001530962736e-06,0.0177652928733476,-0.0749999953037651,-0.0320879031106587,0.0001028935448628,0.000570514397226809,-0.0315183855678592,0.00234177111401838,0.00328249083122137,2.92352845589302e-05,-0.157317053808309,-0.279489306361816,0.249999882599498,0.121029292279057,0.328947479244947,0.249999846558788,0.396711992907012,-0.399998067118675,0.250000047882492,0,0,0,0,0,0,0,0,0,0,0,0,0,0,0,1.16175367005562,1.28998252126916,0,0,0,0,1.07297575486159,0,0,0,0,1.20120460479076,0,0.160550637708501,0.51599886632508,0.238463716137059,0.438085787896518,0.370001106823477,0.667327599927365,0.428363249899176,0.608965456851671,0.820467852319847,1.2139377466,0.897087469463815,1.13731812945604,0.201200405216039,0.294110994259803,0,0,0,0,0.253126527120363,0.371651602175145,0,0,0.326576394554354,0.171734171013994,0.404117002469698,0.22366029291834,0,0
109,-0.0358097840859842,0.064128156470256,0.0421218420226071,0.0414471169842341,-0.028599658143268,0.0413717027822654,-0.0100003053131599,-0.11314966140869,0.043495677552654,0.920542677375803,2.9312352226178e-07,4.39787465313604e-06,0.390668368724582,-0.00571956681473066,0.00892624860202263,0.0519972948610935,0.0707014363442273,0.0543602471036302,-0.0109862237853816,0.007770468212026,-0.00712822514676081,-2.24258269460855e-05,-6.00688622213789e-05,-0.0749999999958669,-0.0236088300745123,-5.35027106263686e-06,3.10412922136411e-05,-0.193925369789098,0.0136880275424809,0.000603972022590312,-5.2046839856539e-06,-0.138300850707187,-0.315609646931409,0.250000000041972,0.0470418866038753,0.400000004271741,0.250000000208655,0.399999999258763,-0.399999998296578,0.250000000421057,0,0,0,0,0,0,0,0,0,0,0,0,0,0,0,1.22160171003376,1.32887922316407,0,0,0,0,1.15224533470729,0,0,0,0,1.25952285717292,0,0.150768865294998,0.498886884461896,0.222255320481801,0.427400429275088,0.35334795862049,0.644767550493007,0.420055391713619,0.578060117399877,0.844951554787606,1.22387463960179,0.935062299864941,1.13376389452445,0.224476770318541,0.318667266433799,0,0,0,0,0.250634040968831,0.360392365104474,0,0,0.311266169525037,0.152596291696945,0.352991268195713,0.178753562347229,0,0
110,-0.0342670526113038,0.0654957873536366,0.041894879419097,0.0415417850715443,-0.0286889737264153,0.0413686171862373,-0.010000000484535,-0.114999934734752,0.0429612672753608,0.920985451239948,2.95913962400755e-06,4.26650977846545e-06,0.389623410210513,-0.00555750484182542,0.00892884026551329,0.0519973058555093,0.0749999999862471,0.0750000000023655,-0.0122146781287383,0.000944013275400173,-0.000880916781739497,-7.3178845565772e-05,-3.71676968806448e-11,-0.000653764315186316,-0.0298012393298711,-0.000391904953795672,0.000499746232901512,-0.0224698580652341,0.00163620397934322,3.04443647781445e-05,-5.75755566819761e-06,-0.0964625895281919,0.018720492737945,0.250000007190531,-0.240529612592255,0.400000027484494,0.218713103281738,0.0732008602793164,-0.399999991974188,0.150000000630905,0,0,0,0,0,0,0,0,0,0,0,0,0,0.781635803619573,0,1.15513487982392,0,0,0,0,0,0.969149890523427,0,0,0,0,0,0,0.0949062559503127,0.484182445865944,0.204313100018455,0.374775601797804,0.319521852254388,0.707559997020779,0.453665960973093,0.573415888302075,0.77514047107318,1.21842262997568,0.91437689304849,1.07918620800039,0.199657529380529,0,0,0,1.04304254003678,0,0.270989176224886,0.399684896154159,0,0,0.318857292033167,0.107784257949633,0.724498892736635,0.179115904793992,0.950813314488054,0
111,-0.0331074515137735,0.0652773639779995,0.0418546933593205,0.0429083673077633,-0.0285720644654513,0.0416605894550503,-0.0100000040571215,-0.115000000097669,0.0429059328546091,0.922120063404735,9.68502590902255e-06,1.60317520538839e-06,0.386930534836697,-0.00491002614122866,0.00836529595029266,0.0519971691425764,0.062975655622404,-0.0569380379299583,0.00101691564219224,0.0749999999952365,-0.0126797356791076,0.0265276541662052,-1.37786179518333e-11,-1.68068264510607e-11,0.0239988067307508,-0.00221130515484404,-0.007764515043216,-0.237424192857079,0.0488241500148048,-0.0565518140796775,0.000858489034221134,-0.399999995903231,-0.400000005216956,0.250000003359632,-0.400000001963149,0.13107197389668,0.22467912248743,-0.00942464606131024,-0.400000006904791,0.21426549007215,0,0,0,0,0,0.48837778225515,0,0,0,0,0,0,0,0,0,1.53822661274019,0,0,0,0,0,0.106314648723124,0,1.42089897981121,0,0,0,0,0.00680791616510626,0.982642293595618,0.155621052300665,0.442417837626312,0,0,0,0,1.45065107817119,1.34192201079516,1.27103313372998,1.52153995523638,0.255112166726408,0.160308852945827,0,0,0.790530985314393,0.493670702509864,0.460017328283079,0.824184359541178,0,0,0,0,0.531398544678276,0.327326961926221,0.34830772218517,0.510417784419328
112,-0.0335196754645909,0.063681037849693,0.0419630865554973,0.0425080182876998,-0.0300933357132115,0.0415863979554972,-0.0103073181089296,-0.115000000094776,0.0437385774354,0.922745765581863,4.47902777734245e-06,-4.81525294680332e-06,0.385436008703597,-0.00459986230471611,0.00759147802594024,0.0519973174942853,-0.0750000000695866,-0.0750000001349868,0.0111156202750712,-0.074999999968048,-0.0750000001824648,-0.0205708618127177,-0.0305788654533673,-7.32243531354819e-11,0.0499999999988771,-0.00958067897998358,-0.0109633905527907,-0.164724481786435,-0.0166294524283877,-0.0142919642078016,2.57018431567595e-05,0.0819325190687351,0.0726287141906099,0.228178018236957,-0.134009359550611,0.347300974354625,0.15575113322679,0.000102315126956589,-0.400000030211583,0.149999999537186,0,0,0,0,0,0,0,0,0,0,0,0,0,0,0,0,0,0,0,0,0,0,0,0,0,0,0,0,0,0.389116718685399,0.0920704409643845,0.278905222364992,0.370293899825603,0.820349960118617,0.505972757312546,0.684671102631674,0.68771951851203,1.1902223935754,0.840178411866582,1.03776350022085,0.230248583167926,0.372469366132234,0,0.529344930713695,1.06304819015203,0,0.271512001787993,0.403105065138289,0,0.919524496376969,0.698752756817077,0.188044409822046,0.768417495815992,0.229307828442115,1.03287457371054,0
113,-0.0350197917494142,0.0621632614455084,0.0426051624794294,0.0433930090007356,-0.0291948403704485,0.0417852195013747,-0.00999999989749918,-0.115000000986339,0.0446685612370449,0.922826535819556,1.3492315277808e-06,-1.54649777221936e-07,0.385242587711608,-0.00469222912664938,0.00750674103184244,0.0519975969634142,-0.0750000000691587,-0.074999999853195,0.0500000000287157,0.0750000003450547,0.0750000002811768,0.0339979413873549,-1.84310724636603e-11,1.67286608086743e-10,0.0430332123595363,-0.00275934815751635,0.0023060139353384,0.000445558045919186,0.000124606253701473,0.000135018104890559,-1.21314597039468e-05,0.0213326938080018,-0.17488392313143,0.22879904943978,-0.0360379068326285,0.40000011588435,0.243306067070219,0.39999999240149,-0.399999931032195,0.217623764818773,0,1.05276496398462,0,0,0,0,0,0,0,0,0,0,0,0,0,1.26884079330786,1.3855512599583,0,0,0,0,1.21124147924696,0,0,0,0,1.32795194413186,0,0.0753361845370716,0,0.162963454958744,0.349385919475861,0.399983193795793,0.707988021093309,0.476930004798941,0.631041210090161,0.882424424801628,1.28037536446165,0.991211621811754,1.17158816745153,0.234454920874208,0.354968877686693,0,0,0,0,0.256281551278101,0.381239122241732,0,0,0.334294256628584,0.174761331971806,0.360564501183625,0.196587962375704,0,0
114,-0.036569355363125,0.0606013270053776,0.0428840111877201,0.0439243026179717,-0.0286423125955469,0.0419210455620849,-0.0104871296001673,-0.115000000131825,0.0450649161787215,0.922768499977957,4.50577850912836e-06,-5.98728616307632e-06,0.385381580182402,-0.00469693814503019,0.00750647382237411,0.0519970561876631,-0.0750000000000356,-0.0749999999945732,-0.0111957091990594,1.49104317907911e-05,-0.000482399212402092,8.02755793688906e-05,-0.0484706480494161,5.24389112418758e-12,-0.00316672925314955,-0.000156276714899975,0.00297826060376525,0.00387641143736079,-0.000340941005024263,-0.000338875675888267,0.000242868798004692,-0.400000000014661,-0.399999997763337,0.176782935147163,-0.400000000942087,0.0795732349767708,0.246129309847048,0.0560958448189781,-0.399999997829076,0.221642572538688,0,0,0,0,0,0.498970249037447,0.00433507493287068,0,0,0,0,0,0,0,0,1.3659143482138,0,0,0,0,0,0.0862120134067177,0,1.30856818583104,0,0,0,0,0,0.920285516119514,0.209508523014806,0.38617045921914,0,0,0,0,1.45025369687432,1.34852230951122,1.27038688359007,1.52838912279547,0.255236409356244,0.193210531598406,0,0,0.76219109899532,0.483644983187927,0.429880834974532,0.815955247208715,0,0,0,0,0.506720176929729,0.32760459064438,0.332385296694744,0.501939470879365
115,-0.0376187424117697,0.0594651960332718,0.043097469211834,0.0427282067936244,-0.0299247240666836,0.041751960928565,-0.0107702930845522,-0.115000000849884,0.0452874453103677,0.922905927257868,6.74012786249033e-06,-3.81020323020748e-06,0.385052356343787,-0.00481645827240373,0.00732402747759902,0.0519976334493816,-0.0330760295630143,-0.0385772212264651,0.020684688455391,-0.0750000000441116,-0.0749999999679351,-0.0153644595259979,0.0198130481090465,1.06087563705765e-10,0.0252774815677045,-0.00162166937221505,-0.00376125231216925,-0.0803731689746359,-0.013631870788123,-0.0177907104543436,4.64878777062937e-05,-0.0186702216368382,-0.164843701909249,0.247140775596961,0.191318779792563,0.40000001321524,0.249999999100961,0.399999966114031,-0.399999956295949,0.226981411708223,0,0,0,0,0,0,0,0,0,0,0,0,0,0,0,1.19435506603209,1.36589536270886,0,0,0,0,1.23784749420706,0,0,0,0,1.4093877875193,0,0.147894256570949,0.514679710788974,0.221745882107641,0.440828085252283,0.346856482658242,0.650269104864634,0.382218869528263,0.614906717994613,0.874540361516641,1.26678770914977,0.973742306449571,1.16758576421683,0.309027561899995,0.411989613688042,0,0,0,0,0.260282018980761,0.36292593470629,0.0142517074272277,0,0.419143592620686,0.242889494581128,0.370079913638934,0.194143951661901,0,0
116,-0.0368495710441821,0.0603060352341469,0.0429244707185078,0.0426006653324477,-0.0299725396164431,0.0416809848855758,-0.0103515534475969,-0.115000000058846,0.0453286852207947,0.923174115537105,-4.34167261584522e-06,5.52515133516533e-06,0.384408929748997,-0.00488331603418254,0.00734832832808709,0.0519972301010407,0.0749999996874795,0.0749999994434754,-0.0239033419937984,0.0297937441104915,0.0357239451930249,-0.00184700868150123,0.0220497303303829,-2.99322203173243e-10,-0.0209225788707763,0.00433937308321608,0.00528906359451379,-0.0393686838027342,0.00918405620735001,0.0156314468766995,1.86925874938272e-05,-0.122357751863099,-0.400000229366585,0.250000059415983,-0.00891661418540476,0.39999984452476,0.25000009223321,0.399999980137707,-0.400000123380701,0.249999994569012,0,0,0,0,0,0,0,0,0,0,0,0,0,0,0,1.23905380370667,1.2739840298126,0,0,0,0,1.16748932569119,0,0,0,0,1.20241955205569,0,0.123450324745315,0.480832074571424,0.190859407620686,0.413422991696046,0.382300301288045,0.681070278308395,0.430711873232202,0.632658706364238,0.913056003819501,1.30466900338949,0.98363677305642,1.23408823415258,0.220073428472783,0.325179581630295,0,0,0,0,0.265386455181293,0.387278643651745,0,0,0.35216956682244,0.199179330992977,0.414268628843891,0.24449235770149,0,0
117,-0.0353292670721845,0.0618303330269745,0.0426014724541171,0.0429490306849294,-0.0296275872432808,0.0416135444750071,-0.0102104180392217,-0.114999999807512,0.0447652154869831,0.923321180731494,1.14345607601252e-06,4.04157874130568e-06,0.384055557469992,-0.00477557665529509,0.00746529815729127,0.0519972791626005,0.0749999997667964,0.074999999366779,-0.0103387502694912,0.00368463129099381,0.00381067630851229,-0.00263893327514999,-0.00778717639248237,-3.29706049198957e-10,-0.0353522761106362,-0.00159797748210052,7.89597662797341e-05,-0.000575446085166914,7.45077588515817e-05,0.000117164814918326,-2.9832285524291e-05,-0.240429745256074,-0.400000260977496,0.249999983232745,0.00957971241405595,0.399999762121186,0.249999854902732,0.400000032874496,-0.400000135871952,0.249999990147277,0,1.39674713155419,0,0,0,0,0,0,0,0,0,0,0,0,0,1.66332391850735,1.53413242113037,0,0,0,0,1.13138448078799,0,0,0,0,0,0,0.10908896629794,0,0.195812877198517,0.454650091184931,0.267304794765463,0.455166478340581,0.26615272286088,0.456318550245167,0.888929509904776,1.21356478159084,0.926376740643758,1.17611755085185,0.288476823364412,0.357987645762235,0,0,0,0,0.302663145312946,0.485886103766809,0,0,0.304246295910568,0.210204468943025,0.432144753915136,0.224390790891558,0.493012885472899,0
118,-0.0365562293840465,0.0608669852937767,0.0420712866538202,0.0437590005272099,-0.0285660929294323,0.0417633055447298,-0.0101214879987218,-0.114999999258149,0.0445651517927233,0.922838440855563,-5.6696754237525e-06,1.86531843969854e-06,0.38521409223762,-0.00480075608281842,0.00765151701076855,0.0519973410026672,-0.0750000002929437,-0.0750000001198836,-0.0407106681937665,0.0749999997550407,0.0750000017132911,0.0155474981996826,0.0165586628661295,1.41984487209686e-09,0.0150935923864922,0.00545838252078095,-0.00156461461659525,0.11526158463691,-0.000479230136718391,0.00819224691797981,5.61767718148781e-05,-0.0508505257377853,-0.114402106003206,0.249999938958206,-0.400000100953069,0.039110067879341,0.250000141415515,0.0107732918357211,-0.399999414822198,0.217912681935683,0,1.40658447208215,0,0,0,0.49238234212879,0,0,0,0,0,0,0,0,0,1.18272074934195,0,0,0,0,0.00715156917616825,0.411107247510746,0,0.597675612623719,0,0,0,0,0.0810486282126529,0,0.122801155531917,0.420688535939705,0,0,0,0,1.2400564316364,1.27023370954869,1.0710463048408,1.43924383634429,0.146374371857813,0.0637672080646376,0,0,0.829071935854422,0.506742032242001,0.506060885637916,0.829753082458507,0,0,0,0,0.675910559642484,0.464398972376916,0.528169519315794,0.612140012703611
119,-0.0383897505757169,0.0590328508224666,0.0418528891393196,0.0428624846570622,-0.029457147724377,0.0415838371000589,-0.00999999990175639,-0.115000000109242,0.0451013302173792,0.922796871530469,-1.67276188495263e-06,-3.91046087098935e-06,0.385313661286761,-0.00480288845071524,0.00766716012336263,0.0519973720274089,-0.0750000021986536,-0.0750000006957575,0.0159954623308957,-0.0750000004550783,-0.0750000038006578,-0.0287889914447638,5.36661132181016e-10,5.75830644222598e-10,0.0384076985298396,0.001404793735725,-0.00149463964010833,-0.000289222466980441,-0.000175928337623867,-7.52894294018334e-05,1.86512739039508e-05,0.267318923809199,-0.179094107022435,0.21136142433582,0.102714491158679,0.387712018497058,0.250000140993241,0.181398400000669,-0.399999762699488,0.221743438236882,0,0,0,0,0,0.418109142717017,0,0,0,0,0,0,0,0,0,0,0,0,0,0,0,0,0,0,1.23569345232088,0,1.22414419388882,0,0.0618852820429486,0.49886402201658,0.17969313808516,0.381056165974355,0,0,0,0,0.888207665176834,1.11489705156996,0.8681755086794,1.13492920806739,0.191868582450399,0.205012722226796,0,1.04046395137215,0.714036745640593,0.266612137515916,0.363306152328726,0.617342730827785,0,0.234722195013086,0.11601110480343,0.124882819509668,0,0.296321610302216,0,0.309064626507895
120,-0.0399465687479293,0.0581594388159599,0.0426386153726278,0.0416149905756485,-0.029996606959719,0.041546671891369,-0.00999999909795265,-0.114999981440913,0.0454051844321105,0.923295591589314,-6.03696914126938e-06,-4.92457803669978e-06,0.384117094129284,-0.00533158945647621,0.0078732535946132,0.0519980065300223,-0.0750000044009653,-0.00868595113027893,0.0499999996109455,-0.057150435742506,0.0140778325034181,0.00220101574711999,5.91343605029996e-09,9.94694382051395e-09,-0.00779203569967117,0.000380450637863656,0.000608626460612935,-0.187252895859423,-0.0509538254521038,0.0222529041570782,7.34960309195984e-06,0.0953522786947906,-0.301372277843165,0.149999843679285,-0.0201591581004142,-0.0248031249599406,0.150000175129632,-0.133840284165996,-0.374494762856498,0.150000231637215,0,0,0,0,0,0,0,0,0,0,0,0,0,0,0,0,0,0,0,0,0,0,0,0,0,0,0,0,0,0.652014206677142,0,0.194502736000156,0.331493945510773,0.812093865619464,0.457568275245854,0.686019535884385,0.875210122814848,1.57002814434607,1.10011462208199,1.34512364507893,0.336891436010546,0.43077896464174,0,1.16590437624566,1.3357895737927,0,0.341792999732334,0.490784218796536,0,1.08518687789065,0.736350403900497,0.303435274088411,0.533969906782505,0.30833691695187,1.25507174644995,0
121,-0.0413281010574227,0.0572030194734427,0.0433630511234582,0.0426380002132815,-0.0285351666623931,0.0419775669129032,-0.00999999489777902,-0.114999996964009,0.0457900256185635,0.92274122477641,2.76526849804623e-06,-9.05767742193413e-07,0.385446932935009,-0.00570893485714961,0.00789606473264336,0.0519977192967766,-0.0652253249729172,-0.075000005877676,0.0294362409125743,0.0750000072622453,0.0749999933564317,0.0399308693004447,-6.45404384834636e-09,-3.06168478995336e-09,0.0460079331405155,-0.00123003995765246,0.000898445863771476,0.20195114820326,0.00134137572874684,-0.0130549374720871,-0.00014925836961453,0.0840446624854075,-0.0457000736192821,0.231238683886401,-0.240193099161469,0.251612728728858,0.189255303502126,0.0883394272626656,-0.400001360295552,0.150000010068504,0,1.02956517683097,0,0,0,0,0,0,0,0,0,0,0,0,0,1.57520787058781,1.43898800313761,0,0,0,0,1.16619270995067,0,0,0,0,2.66895890996068,0,0,0,0.0645757120693531,0.256279946330779,0.283916131609413,0.71905836024639,0.428385750028806,0.574588741826996,0.990274033330052,1.6036464716921,1.21140829302615,1.38251221199601,0.236187289515874,0.310931519580908,0,0,0,0,0.296352533830945,0.345656745032612,0,0,0.356453505016879,0.166903881002571,0.39117845936527,0.227069396420961,0,0
122,-0.0425945808282251,0.0556393109866592,0.0434030296661366,0.0430399183561014,-0.0284145460398847,0.0421878367396062,-0.011222012853105,-0.114999999124477,0.0462458764264972,0.922247248424998,6.74051429266124e-06,-1.70583023248261e-06,0.386627377453177,-0.00567009222822866,0.00762050987518739,0.0519973029543842,-0.06117461175714,-0.075000000974307,-0.0185903810951263,-0.0289205976305488,-0.0455137381160128,-0.0136569900254419,-0.0750000042282514,1.58754071838738e-09,-0.000191857055462212,-0.00146482759994353,-0.00122984549926664,0.0574687411286248,0.00161740260207914,-0.015466011258305,-4.76221817234808e-05,0.136222373875229,-0.133572998022791,0.250000150205645,-0.085775409236741,0.182363179528414,0.192727922588095,0.0572373848466262,-0.399999446606505,0.156340330695721,0,1.02568716717756,0,0,0,0,0,0,0,0,0,0,0,0,0,1.33256816049495,1.50040664935438,0,0,0,0,0,0,0,0,0,0,0,0,0,0.0484032321394989,0.263017964575504,0.331241455869279,0.805659930085797,0.480778097386674,0.656123288568403,0.994630991581649,1.65993304786191,1.23540809395964,1.41915594548391,0.246992275724128,0.349412634662112,0,0,0,0,0.287998678036808,0.340187140346062,0,1.00717415191251,0.415107531967763,0.20955529071387,0.405881977921888,0.250561752756389,1.11416254357576,0
123,-0.0441271290428064,0.0540388794584842,0.0430242379979243,0.0441565033056902,-0.0273167544392758,0.0424762269750342,-0.0103867022833327,-0.114999997734032,0.0467032753050077,0.922162473607779,-2.31852940968076e-06,-1.0268869223204e-06,0.386829533349326,-0.00567682021173175,0.00756602295050002,0.0519974652582575,-0.0750000009345544,-0.0750000043664531,-0.0195597662997282,0.0750000069032887,0.074999993612987,0.0356954907796525,0.0749999980137841,-6.4622006415811e-10,0.0457022701450599,0.000296304782429403,-0.000460602346228783,0.0013877054725415,-3.96185020961037e-05,2.29184154932538e-05,4.07119572658371e-06,0.115515257431025,-0.0923946308992197,0.250000203005861,-0.243123734017425,0.26693651609175,0.196934675066493,0.00736475634568407,-0.400000391112204,0.150000011174769,0,1.08992838432592,0,0,0,0,0,0,0,0,0,0,0,0,0,1.57304692465693,1.43529525367601,0,0,0,0,1.16903116687929,0,0,0,0,2.6458712169688,0,0,0,0.0848302680382601,0.293344050243443,0.325947628306207,0.769710266778631,0.47517151747744,0.620486377607396,0.966973717211285,1.5903533518478,1.19442403200132,1.36290303705776,0.232856011814487,0.316090015935173,0,0,0,0,0.290793534360605,0.344104422210702,0,0,0.357568825925499,0.166794404875348,0.385583232431842,0.224731927190652,0,0
124,-0.0456007501931226,0.0524366986306897,0.0426134477681733,0.0445197942970091,-0.027042399399365,0.0426474487801321,-0.0108429212586914,-0.114999999035679,0.0471530136371115,0.922017925369504,6.41266140883405e-06,-1.71776425208362e-06,0.387173942819926,-0.00565956279283903,0.00748032097207246,0.0519973192506965,-0.0722688029403574,-0.0749999998511559,-0.0213612698651143,-0.0298436665865039,-0.0367973529002247,-0.0142327765934323,-0.0750000058364911,2.10786410037474e-09,-0.000497509475480028,-0.00313496945151932,-0.00164710378983168,0.0391484851856687,0.000775691321788629,-0.00667738616649489,-4.01673145701738e-05,0.17105291210546,-0.182730248238844,0.250000044487613,-0.109264096782919,0.228296879994975,0.19201706271761,0.0774386318418233,-0.39999923541748,0.152754172609031,0,1.019336494865,0,0,0,0,0,0,0,0,0,0,0,0,0,1.32339711945397,1.47083807230193,0,0,0,0,0,0,0,0,0,0,0,0,0,0.0861728952682249,0.303651891404746,0.370949555483145,0.854469959562117,0.523793284721102,0.701626230324159,0.963454045780494,1.63119878806134,1.20467586798764,1.38997696585419,0.247300826317167,0.358080207681726,0,0,0,0,0.28967944677913,0.34318903664655,0,1.02412083924268,0.420876701494273,0.212791720680088,0.405985530874824,0.255170340726349,1.12184076192135,0
125,-0.047153995348267,0.0508418309731251,0.0422689443518964,0.0456117555976434,-0.0259340638197477,0.0429323096882363,-0.0100009696799199,-0.114999993726084,0.047575723308628,0.921974536150173,-4.75516270704923e-07,-8.00211332125658e-07,0.387277253805492,-0.00566370284110256,0.00746329790914051,0.0519974679138981,-0.0749999993958241,-0.0749999969813355,-0.0139022104721085,0.0750000160926524,0.0750000129664911,0.0350559411179265,0.00974968699232432,-1.79181756031101e-10,0.0425533632475236,-6.19689211429024e-06,0.000166716790066643,0.00283030966976432,2.72838581640338e-05,-3.77327359111305e-05,3.36414073835538e-07,-0.171363912399837,-0.399998770845037,0.214841401746366,-0.0529791278668183,0.400002429073022,0.223267475892946,0.368902275468445,-0.400000254788789,0.208945455238244,0,0,0,0,0,0,0,0,0,0,0,0,0,0,0,1.39691391859902,1.65661043776053,0,0,0,0,1.3260166733197,0,0,0,0,1.58571319099778,0,0,0.766351399287601,0.14403599618436,0.256412804416531,0.396448536901951,0.721476318158553,0.449758763381603,0.668166091678898,1.03793716823272,1.52589529748348,1.17246486249145,1.39136760322475,0.264798643540019,0.301412667367771,0,0,0,0,0.211453443545472,0.299173487120207,0,0,0.420351138269844,0.285540493972241,0.41811195781988,0.232195294180094,0,0
126,-0.0466109383004792,0.0513253272536468,0.042165058877921,0.0460365050968039,-0.0255764952757623,0.0430887300186767,-0.0110812877027311,-0.114999998359123,0.0479624822017766,0.922031467710705,3.96995587627768e-06,4.93709120997554e-06,0.387141696784968,-0.00560507425349348,0.00745476899025051,0.0519973086060419,0.0749999984151878,0.0749999975874239,-0.00290456442572842,-0.016975712176591,-0.022060130578339,-0.0105743041124105,-0.0749999991169477,-6.80562058763716e-10,-0.00364650101763662,0.000329000223165407,0.000650704245229254,-0.0526508195660231,0.00384977272954927,-9.77388895428745e-05,5.34269913168463e-06,-0.0373093278806811,-0.400000991563101,0.150000018842895,-0.131485411048366,0.193775277938592,0.156362722121716,-0.0934276559849516,-0.400000278002922,0.149999986431181,0,0,0,0,0,0,0,0,0,0,0,0,0,0,0,0,0,0,0,0,0,0,0,0,0,0,0,0,0,0.846352344824714,0.118567819434587,0.309008951259536,0.484523183277834,0.985879339488703,0.632144400367293,0.838258122399243,0.863237914422901,1.60284361225158,1.12043016048391,1.34565136619058,0.333513276843798,0.443649034176664,0,1.22768026542468,1.31746899378992,0,0.342370992546204,0.503653444397719,0,1.10211194760518,0.439176201462203,0.274168069443426,0.499180611680929,0.283025785148148,1.19190067596976,0
127,-0.0469837173704555,0.0508814835487408,0.042396951963146,0.0472193981497365,-0.0244017381701582,0.0434056157126461,-0.00999998867904481,-0.115000000990316,0.0483641869293728,0.921690476651718,2.83641835135531e-07,-1.3152757776957e-07,0.387952824785182,-0.0055538874061402,0.00743811819398908,0.0519976064352785,-0.0750000051523466,-0.0749999922333536,0.0264019745911563,0.0750000260804934,0.0750000298827423,0.0349665767354288,1.85990157510212e-05,5.59640605879791e-09,0.0435808239319419,-0.00219847048056795,-0.000932056012953852,0.174261897801534,0.00144474537145385,-0.00284208573352789,2.64597663334726e-05,0.0514212712005429,-0.276857589499087,0.245646873780302,-0.152771930282028,0.400006277501523,0.228444829555082,0.292279674716833,-0.399998021744519,0.1907276851332,0,1.49550556192489,0,0,0,0,0,0,0,0,0,0,0,0,0,1.8536369996183,1.63328101932082,0,0,0,0,1.1343260121756,0,0,0,0,0,0,0,0,0.046556789392878,0.330510523855482,0.329105916906615,0.490843810091842,0.30179707574027,0.518152651258191,1.08867460651081,1.45919820527125,1.14875358109405,1.399119230688,0.383781585629144,0.39449290236411,0,0,0,0,0.370137466511683,0.536093848991678,0,0,0.324222677068906,0.294064284820661,0.46582345478336,0.280420334616315,0.542442260493021,0.00456781094013976
128,-0.0486266230082707,0.0491579456774292,0.0424139423138788,0.0483313237921762,-0.0232885956984543,0.0436650512896576,-0.0103380689821242,-0.115000000101088,0.0489624544051045,0.921515610448272,2.33150939547303e-06,9.73306918758308e-08,0.388368010194928,-0.00554605178522696,0.00740297915594158,0.0519973380780221,-0.0749999999910314,-0.074999999980188,-0.0200085919548329,0.035987715452435,0.0364461629168013,-0.00503494206144108,-0.0336569546646604,1.26990315176205e-11,0.0163821192573617,-0.00029076603976829,0.000556088875720524,0.0122383407876027,0.000144537494945714,-0.000733350812779245,-7.20883355499475e-06,-0.270588647864172,-0.399999991834672,0.222979345578539,-0.400000004301107,-0.238240793438388,0.150768233512182,0.0141995677072019,-0.399999994751131,0.186151268291444,0,1.73529982114639,0,0,0,0.292982037755234,0,0,0,0,0,0,0,0,0,2.10907017930625,0,0,0,0,0,0,0,1.19278643034212,1.09824810772448,0,0,0,0,0,0,0.200634402879967,0,0,0,0,1.41310888705498,1.32846976301642,1.26134941686198,1.48022923320942,0.221892406686117,0.0965384463521232,0,0,0.811266880671031,0.396392872754497,0.365218658367913,0.842441095057613,0,0,0,0,0,0.194487399053421,0.219635870869529,0.407337145678849
129,-0.0504326192856499,0.047322666438634,0.0423792217808611,0.0471754609761005,-0.0244599733125967,0.0435299888208134,-0.0109565157130875,-0.115000000105981,0.0489829331433201,0.921506512078461,-3.1569498793299e-06,-5.58212328902342e-06,0.388389598025538,-0.00555597865074402,0.00740449284381266,0.0519974076271683,-0.0750000000537287,-0.0750000000261548,0.0149637432367299,-0.0749999999924512,-0.0750000000067722,-0.0108303414636234,-0.0282149312910432,7.863193789092e-12,-0.0141814261012879,0.000333009792920488,-0.0012177615028153,0.00161629081284986,-0.000486223216278878,2.09791914683418e-05,9.42123779730234e-06,0.39999997786333,-0.400000010779486,0.23285015318181,-0.399999996888995,0.00396928647932359,0.1967801865153,-0.00184224323072647,-0.399999996764418,0.222317823151796,0,1.51757911005737,0.0198261237053551,0,0,0.582275292129661,0,0,0,0,0,0,0,0,0,2.37112202155683,0,0,0,0,0,0,0,1.26817474715961,0,0,0,0,0,0,0,0.249902727653017,0,0,0,0,1.41127130374334,1.39662141552756,1.25178628373619,1.55610643553471,0.322990494989278,0.212339327079151,0,0,0.805717786068413,0.384461733603279,0.399072032892926,0.791107486778766,0,0.0864042948971553,0,0,0.560425416427967,0.328941769648827,0.403968564883382,0.485398621193415
130,-0.0522503720594137,0.0454683696623343,0.0425438545136671,0.0454430586710777,-0.0262275499553904,0.0430521047752097,-0.0112599740581919,-0.114999996535531,0.0489271225004587,0.92150364583645,-3.15710715786556e-06,-5.08354149159306e-06,0.388396382523593,-0.00556292117635496,0.00740581938827774,0.0519973348716729,-0.0749999885373085,-0.074999986924176,0.00197070090140445,-0.0750000045814467,-0.075000014300184,-0.0349602357600265,-0.00226074729469064,6.12205505265993e-09,0.00848675660997113,0.000366207237725633,-0.0009126606295808,0.000435925733784124,-0.000230526059837104,6.08865286506969e-06,2.0171630282779e-05,0.189185280756481,-0.253147969241403,0.248940326123091,-0.106030759129826,0.306199389700792,0.202685487858702,0.0192504751819221,-0.399997535223636,0.150001083230853,0,1.33011129895554,0,0,0,0,0,0,0,0,0,0,0,0,0,1.38393782952845,1.49932737029013,0,0,0,0,0,0,0,0,0,0,0,0.0254248763266331,0,0.14604673998324,0.34775843988176,0.427277524487524,0.915245755681085,0.580714220752845,0.761809059415757,0.945976591435854,1.61214190280424,1.18751448304393,1.37060401119615,0.245016928171064,0.367448344615453,0,0,0,0,0.281095559058515,0.339806872870213,0,1.03832235963863,0.425817639508324,0.219188378992929,0.398176156247979,0.255267021395493,1.12582327326458,0
131,-0.0538261284820251,0.0437695436064418,0.042201951406799,0.0461893414849606,-0.0254863935014394,0.0430791818514604,-0.0100000051181681,-0.114999999662535,0.0493076884442618,0.921150618559144,-3.06241322112711e-07,-8.2630720697773e-07,0.389232931373101,-0.00555737914094778,0.00735404016951622,0.0519974062910712,-0.0750000019493914,-0.0750000015739707,-0.0324463303168085,0.0750000021305639,0.0750000003616654,0.026715518182918,2.0191321590079e-05,-3.68416130946592e-10,0.0294651197340495,-0.00491216096668964,-0.00191226820891377,0.140867806435455,0.00145780007371605,-0.00271090169996525,-1.01632137069614e-05,0.275921442856948,-0.400000648697977,0.250000012013746,-0.314101223895144,0.40000014906027,0.249702846137562,0.356502906911349,-0.400000151809832,0.193592163154068,0,1.41053703455364,0,0,0,0,0,0,0,0,0,0,0,0,0,1.83374437038598,0,0,0,0,0,1.1503125472311,0,0,0,0,0,0,0,0,0.090300750711383,0.407539289818602,0.326566161986939,0.490812821355415,0.299813032148083,0.51756595119429,1.04050474682698,1.40248909005445,1.08803198631065,1.35496185057078,0.387493637532302,0.394961767521478,0,0,0.697892423330905,0,0.375372227925496,0.530386055478564,0,0,0.340452049702228,0.301623563822251,0.475875860651457,0.289502631223328,0.553929868403221,0.0272073295177801
132,-0.0555683083730438,0.0419690901946313,0.042021758681214,0.0477125335961846,-0.0239271940894213,0.043194243900939,-0.0100000011760555,-0.11500000027548,0.0499162119185717,0.921107999313139,3.06633297115325e-06,5.2333927500941e-07,0.389333778177247,-0.00555457208119189,0.00734762224472576,0.0519974320591692,-0.0749999999086476,-0.0749999995490767,0.0118860608672995,0.0749999999712366,0.0750000003258755,-0.0134965115335706,-1.17522017924732e-10,3.89337685068462e-10,0.0313777353549134,-0.000663044540229723,9.35398169666046e-05,0.00199496907171332,4.004116075807e-05,-7.29889828850803e-05,-3.45347158180284e-06,-0.32349774658574,-0.399999814809411,0.244089919242549,-0.400000011832443,-0.231156313627901,0.169359359594496,0.0140560268051722,-0.39999984015313,0.167904331357345,0,0,0,0,0,0.289438702782352,0,0,0,0,0,0,0,0,0,2.086001021126,0,0,0,0,0,0,0,1.56464068057649,0,0,0,0,0,1.00529252713737,0,0.201932021502827,0,0,0,0,1.48659624822112,1.35579783208802,1.29946957624542,1.54292450406372,0.22349736264393,0.0928789137750611,0,0,0.818080426969998,0.426134834785212,0.379086412473559,0.865128849281654,0,0,0,0,0.464414297856133,0.232073522265313,0.235886997528179,0.460600822593267
133,-0.0558897599411579,0.0407606832281625,0.0420947501728356,0.0472347138036568,-0.0250274136308721,0.0430889922532742,-0.010000001485743,-0.114999999349408,0.0504879288986728,0.919668112415775,6.97130509243604e-06,4.92237926159683e-07,0.392723024791587,-0.00541778807158693,0.00673334756085237,0.0519976275457987,-0.00507891578780522,-0.0579186760403022,-0.000264637540901995,-0.0561897229539112,-0.0749999985276413,-0.00102192068636045,-3.78082800055891e-10,2.03605626387431e-09,0.0258217394702051,-0.00458599776344478,-0.00747798079207658,0.368844067986169,0.00617463731608683,-0.0432179481644036,0.0001581580257171,-0.372813875616886,-0.399999107303623,0.24499575067037,-0.400000032419146,-0.024335072118898,0.18210288251447,0.0174510248140441,-0.391936486441992,0.179160906478086,0,0,0,0,0,0.5292202703977,0,0,0,0,0,0,0,0,0,1.94407221043464,0,0,0,0,0,0,0,1.50046097246828,0,0,0,0,0,0.967590999008136,0,0.184967161902824,0,0,0,0,1.37866716869936,1.26794932821624,1.17232168542079,1.47429481149481,0.268385004601741,0.141858627778937,0,0,0.808099969746503,0.369787209477511,0.357650477559909,0.820236701664107,0,0.120881013645167,0,0,0.555734753523966,0.308036769965593,0.356486155508741,0.50728536798082
134,-0.0561191151609678,0.0399200609619202,0.0420947741622151,0.045905201479489,-0.0268633035333788,0.0427859302763592,-0.0101611211048193,-0.115000000314668,0.0507797217832468,0.918701918504274,7.4192580124498e-06,-2.81046176090676e-06,0.394978010267666,-0.00551302112472606,0.00610288137030084,0.0519974013018135,-0.0128707270717648,-0.0268035948197355,-0.000177232676534681,-0.0749999996139555,-0.0749999997166109,-0.0250111478205775,-0.0160312911166471,7.60243856689342e-11,0.00346931190067494,-0.00260311759861176,-0.00685079363715278,0.140040433957502,-0.00842713846229144,-0.0214298475558771,0.000161691750082852,-0.399999993822001,-0.399999936555934,0.2500000050593,-0.152334691912677,0.400000116796001,0.236825533861395,0.103280756040661,-0.399999968643937,0.175644929854856,0,0,0,0,0,0,0,0,0,0,0,0,0,0,0,1.56055692320641,1.47799578050647,0,0,1.3091432823532,0,0,0,0,0,0,0,0,0,0.9463857694009,0,0.206485744159541,0.52537018850109,0.456273731322979,0.410555595683508,0.571088324140563,1.10638820255044,1.1638399273956,1.03140019838881,1.23882793155724,0.35718252464972,0.322911416670798,0,0,0,0.214568636705014,0.273680460935535,0,0,0.313579463123484,0.150942191364753,0.719419366883204,0.379962484136166,0.205236683157704,0.334576308444468,0.250622858849405
135,-0.0562518012583962,0.0399776777531728,0.0420554356361211,0.0456898609387489,-0.0267934645083243,0.0427175388022271,-0.011555017629484,-0.11500000026654,0.0505337521427129,0.918078392187106,-6.5359666080445e-06,-6.44933019547064e-07,0.396425190246706,-0.00561585071303298,0.00623501530235489,0.05199754395516,-0.000413607107401806,0.0226455106426486,-0.00615998787376388,0.0128358546003842,0.0498298596800203,0.000217893483465082,-0.0750000000847338,4.88047552128371e-11,-0.0279093770396831,0.000327235272782798,-0.00101669948914302,0.428549185696261,0.00141351646966662,0.0309369970347409,9.39634234158682e-05,-0.400000026479178,-0.399999973953991,0.226824361132792,-0.400000056481577,-0.194409199623108,0.172160160395512,0.1517055916902,-0.399999979906339,0.210644765954567,0,1.68332655831612,0,0,0.0822640626179826,0.332752727283976,0.110086024610466,0,0,0,0,0,0,0,0,2.06809176076973,0,0,0,0,0,0,0,1.83627588494768,0,0,0,0,0,0,0,0.0898466336599584,0,0,0,0,1.41951727027815,1.20275986383013,1.14137701836985,1.48090011573844,0.395689781188716,0.146639938449472,0,0,0.857077292326762,0.477339932937132,0.418432338505884,0.915984886758009,0,0,0,0,0.57699697309218,0.351697897035222,0.341465626715501,0.587229243411897
136,-0.0579578474519836,0.0384317557345874,0.0423454101660993,0.0441731846533369,-0.0281705455773046,0.042279627450997,-0.0112255423958405,-0.115000000065045,0.0501186034432293,0.917657959364258,-4.40625760371393e-06,-4.05748093840833e-06,0.39739747031274,-0.00563416253399352,0.0064314431203686,0.0519974511814139,-0.0750000000865523,-0.0749999998923754,0.0332138335377751,-0.0749999997605689,-0.0749999997687146,-0.0420434664706948,0.0749999999860064,1.11530208255257e-10,-0.0136766564064551,0.00133503553544126,0.0105055587240623,-8.35714839201071e-05,0.000474996931324753,-3.9407457774936e-05,4.20521182142553e-05,0.206619545925602,-0.370966657999232,0.250000024055168,-0.276447989211038,0.400000095322141,0.250000009326802,0.0678324778225006,-0.399999954008362,0.181230932671373,0,1.45115311910701,0,0,0,0,0,0,0,0,0,0,0,0,0,1.7565992792563,1.54794383452188,0,0,1.47457974650549,0,0,0,1.88844538892595,0,0,0,0,0,0,0,0.154667756093585,0.553673959687678,0.469590436149578,0.444980625647119,0.578283770190138,1.0676783094387,1.0653244829524,0.952218680984193,1.1807841114069,0.323832407517553,0.274125573706309,0,0,0,0.250210118170906,0.299641715531875,0,0,0.256297641325394,0.106087233818122,0,0.407155554855439,0.232382185789998,0.344347430028431,0.295190310617007
137,-0.0595980801089472,0.0365952856724586,0.0425374775528114,0.0445474896818251,-0.0277698364895765,0.041918778503998,-0.0108443222626897,-0.115000002636809,0.0495306245202585,0.917653159645342,5.2062259196974e-06,4.81634698542383e-07,0.397408553604693,-0.00563417190396421,0.00643017031139021,0.0519974056863679,-0.074999999723259,-0.0749999995601585,-0.0131164266482434,0.0749999997638737,0.0750000004416191,0.000543650015613075,-0.0363180606156235,4.6493231690346e-10,-0.0449647983018496,-0.00530307656825632,-0.000722713282485482,0.0109468043127788,9.40679880581461e-05,-0.000450133711092253,8.93878888809795e-06,-0.302132192259829,-0.399999818727267,0.240253705164819,-0.400000097307029,-0.237526317701136,0.182420922447518,0.0736935279636252,-0.264442693213908,0.221093303498535,0,0,0,0,0.128875352079952,0.210128537923787,0.103680377373929,0,0,0,0,0,0,0,0,2.01705170112768,0,0,0,0,0,0,0,1.99053612900054,0,0,0,0,0,0.837532715500275,0,0.0602174132301823,0,0,0,0,1.35990582652445,1.10785228652259,1.04613405483745,1.42162405820959,0.24712401416512,0.04085834348012,0,0,0.889485308715447,0.496673942793885,0.436138809171353,0.950020442337979,0,0,0,0,0.642516548275908,0.395017477783738,0.37965319435006,0.657880831709587
138,-0.0599653958175601,0.0354040890680201,0.0425064953563579,0.0437888061129652,-0.0291279958433706,0.0415951912753419,-0.0104084579544158,-0.115000000022995,0.0489161326395473,0.916239636786389,9.30099726956703e-06,7.19367773905144e-07,0.40065680839387,-0.00554940932518935,0.00588993822058317,0.0519974063150619,-0.0102081195995935,-0.0515463159464447,-0.000260604496129479,-0.0740420036736495,-0.0749999996422983,-0.0281693667921809,0.0750000000913562,2.6748092736895e-10,-0.0166260836558662,-0.00670869529509073,-0.0133236956662364,0.399813473919705,0.000605009139999786,-0.0344056695991067,0.00048101519508548,0.0935521366059392,-0.299567743139482,0.25000001324016,-0.273308317776027,0.400000147419117,0.249029158315209,0.0315300097809112,-0.399999889732876,0.193141968999486,0,1.40108778313153,0,0,0,0,0,0,0,0,0,0,0,0,0,1.71118977439342,1.51254656457094,0,0,1.50373040767003,0,0,0,1.98986189562873,0,0,0,0,0,0,0,0.124568303993262,0.617888792263143,0.51841753929741,0.504310676543886,0.631995655016671,0.92867600520966,0.921017710575512,0.803518294357696,1.04617542142747,0.324526349860129,0.253746202397879,0,0,0,0.251184381472858,0.306810071602968,0,0,0.257602811239436,0.108993650176703,0,0.451655813090628,0.255040990314414,0.373584287187576,0.333112516217471
139,-0.0600000000977216,0.0338841531429308,0.0424776291336978,0.0446248039001186,-0.0292443404179235,0.0414836574545169,-0.0106811989061466,-0.114999999962891,0.0482948911211559,0.913588364395886,9.82233578886696e-07,-1.32874711878109e-06,0.406666312219186,-0.00525496051151915,0.00502507057650903,0.0519971853089806,-1.24390555872721e-08,-0.0749999999177494,-0.000931707066373785,0.0749999999634944,0.0445246216042629,0.00685951255405055,-0.0749999999779199,4.78284062717367e-11,-0.0453544226531006,-0.0157752180821329,-0.000548728189874827,1.01273232462248,0.0216359630893456,-0.0410766057353727,-1.700652492197e-05,-0.38022278630824,-0.399999966101226,0.226803977255238,-0.400000015044676,-0.313490317274487,0.150000001739685,0.00566414532670464,-0.188207547959149,0.222920972813143,0,0,0,0,0.297947288153173,0.0708150246696957,0.193223424012899,0,0,0,0,0,0,0,0,1.93722337012603,0,0,0,0,0,0,0,2.06265853173338,0,0,0,0,0,0.721240903515392,0,0.022248247608819,0,0,0,0,1.29738855303687,0.961944820350578,0.943845563183724,1.31548781020372,0.105268909155748,0,0,0,0.896376943845046,0.489338604219795,0.418823719824383,0.966891828240458,0,0,0,0,0.687990305109486,0.378572965036011,0.337821470505186,0.728741799640314
140,-0.0599913052570389,0.0325020076990632,0.0424801852775045,0.0440346437570116,-0.0308984547721003,0.0412075840112362,-0.0114118607612531,-0.115000000328689,0.0477419920229426,0.911078163203678,8.41841291442906e-06,3.93935364716228e-07,0.412259594814537,-0.00498200803517818,0.00421665790130166,0.0519973695285342,-0.0162076989034028,-0.0526008774652969,-0.000477990257515478,-0.0749999990219899,-0.0749999977425321,-0.0274387547871986,0.00155109431867114,1.7402891018556e-09,-0.0101117689806861,-0.00678120835812665,-0.0166955008877366,0.395033484213501,-0.00608502249499544,-0.0352649393510863,0.000404133887352131,0.0815154044610235,-0.265968232058728,0.25000006102911,-0.304364901371039,0.400000930394686,0.250000014846677,0.304840075638984,-0.399999282741122,0.216376831754446,0,1.26551162753865,0,0,0,0,0,0,0,0,0,0,0,0,0,1.88400633766743,1.47878194663112,0,0,1.16953579038722,0,0,0,0.743951791218695,0.773462020662229,0,0,0.0415398205888632,0,0,0,0.163966258999737,0.637895859545893,0.768191224395556,0.574486603458749,0.831600480482697,0.441176488880901,0.632768034931008,0.449112211844849,0.624832311967058,0.397480313268302,0.394732115280389,0,0,0,0,0.239435152767574,0,0.139997248307849,0.494188434642034,0.371503367880979,0,0,0.160159531459705,0.429759116114344,0
141,-0.0600000000789364,0.0310289349223318,0.042468104553071,0.0452728172325783,-0.0304276253115464,0.041280554416989,-0.0111780819799642,-0.115000000024504,0.0472161209229998,0.907919848064005,-1.59793216675095e-06,-2.59873121706875e-06,0.419169776903448,-0.0046415116254754,0.0035006140074107,0.0519973876773305,-7.8315937540398e-09,-0.0749999999407137,-0.000463881443398212,0.0750000000199404,0.075000000002057,0.0165543499280911,0.0217259293324714,2.10521591954477e-11,-0.0423142613804409,-0.014479343369472,0.000683136164699492,1.40331260978711,0.0286444128350804,-0.0211295907725827,-0.000170835338825004,-0.388690994374387,-0.399999975564356,0.222663374649183,-0.399999991784901,-0.399999999148314,0.149999999841471,-0.107445740477189,-0.112430424804856,0.224604587274419,0,1.54106399667331,0,0,0.378729908039503,0,0.209152886738789,0,0,0,0,0,0,0,0,1.80224823629447,0,0,0,0,0,0,0,2.214596119084,0,0,0,0,0,0,0,0,0,0,0,0,1.27930496093044,0.875826926286609,0.882767656990938,1.27236423022611,0.210503323033509,0,0,0,0.890669693915366,0.517454202645809,0.433787438402445,0.974336458158731,0,0,0,0,0.737380341814698,0.422937520471376,0.356753120346792,0.803564741939281
142,-0.060000000836769,0.0293512364541194,0.0424971504167221,0.0449437922759854,-0.0319190371101416,0.0410678446696248,-0.0119531442341731,-0.114999998858255,0.0466504757725145,0.904067810951822,9.57636939109472e-06,4.88388031133873e-06,0.427415020387119,-0.00420682275686462,0.00276852231590552,0.0519975557409227,7.06829858275404e-09,-0.0750000006068528,-0.000720269935015864,-0.0378540523160962,-0.0749999995813108,-0.0239535809266573,-0.0749999968089347,1.03228257002722e-09,-0.0143898966733631,-0.00758048070776296,-0.0167066146892236,0.597410031389511,0.0122831359652518,-0.054729413517255,0.000195180650056261,-0.00868789713580496,-0.0956496110316863,0.249999895395882,-0.357049722806968,0.400000158532136,0.249999968624716,0.400000577850803,-0.399999587899643,0.231895127701311,0,1.23576717172443,0,0,0,0,0,0,0,0,0,0,0,0,0,1.83929748838553,1.40199107877474,0,0,1.12924859575683,0,0,0,0.780424441348235,0,0,0,0.163106718923614,0,0,0,0.0850599173669095,0.749274827523741,0.862199603841148,0.672608026874843,0.93886640449004,0.349733401578919,0.521609451854586,0.350970209072345,0.520372644361165,0.391118968993359,0.376132897330718,0,0,0,0,0.224808460133757,0,0.194655167290322,0.492238863749733,0.382509280773308,0,0.347102116121672,0.163563838467895,0.425190727857283,0
143,-0.0600000001084934,0.0276507012660894,0.0424756390730656,0.0462977861046287,-0.0314054579502759,0.041207925123844,-0.012206232495571,-0.114999998516242,0.0464166227343972,0.900341115811111,-1.82715508248441e-06,-2.57174730155696e-06,0.435210850680439,-0.00385690611333725,0.00190530960987614,0.0519974292891112,-9.36774693678812e-09,-0.0749999999449003,-0.000401517544752268,0.0750000000313927,0.0750000000691854,0.0208170423959645,0.0490711716242989,1.67376223286316e-10,-0.00902221477854892,-0.0131987043385857,-4.69477966930149e-05,1.36154059303798,0.0257058056022614,-0.0225556559893639,-0.000119984026008152,-0.313209616732073,-0.39999997729117,0.212419602810463,-0.399999987062434,-0.39999997148591,0.149999999989774,-0.146708091065401,-0.069651878545187,0.214615366739206,0,1.38737394738933,0,0,0.378545852595492,0.00312964229408904,0.199345313018579,0,0,0,0,0,0,0,0,1.74521712379265,0,0,0,0,0,0,0,2.27986687570276,0,0,0,0,0,0,0,0,0,0,0,0,1.18200375338459,0.737005533241513,0.770448262733516,1.14856102389258,0.165334061462158,0,0,0,0.886211273646159,0.542351605651212,0.444177403956418,0.984385475340947,0,0,0,0,0.759617372240044,0.444844793399068,0.355089016097367,0.849373149541748
144,-0.0600000003293616,0.0259646689060546,0.0425043488862837,0.0460373641614836,-0.0328865792732952,0.0410641749389232,-0.0129124619514784,-0.114999999727636,0.0463694665119155,0.896453751171264,9.43404456155347e-06,4.41005129772119e-06,0.443163299902842,-0.00346636941167717,0.0011461747190672,0.0519975308607303,1.72829506399569e-09,-0.0749999999711001,-0.000727671858934068,-0.0330356391638291,-0.0749999989074838,-0.0216499369002051,-0.0749999984788212,1.2274430686815e-09,0.00424024329244855,-0.00635341267262283,-0.0166203982908249,0.599472987058007,0.0111812723529183,-0.0557004375251093,0.000158719333757136,-0.0493881768115347,-0.399999986067442,0.250000010295243,-0.385530589700795,0.400000451213535,0.179930784085931,0.400000625315628,-0.390049894463589,0.150000010069062,0,0.901393151593366,0,0,0,0,0,0,0,0,0,0,0,0,0,0,0,0,0,0.590188885998001,0,0,0,0,0,0,0,0,0,0,0,0,1.03618515520654,1.55963058911632,1.19155075127272,1.40426499305014,0.0548116826680105,0.45798910460147,0.160816179851073,0.351984607418398,0.198610097852713,0.305078757532314,0,0.49193648202519,0.494716841741709,0,0.187481809551176,0,0,1.07901568402586,0.462846145432054,0.28145627567218,0.404611558611151,0.497331546723522,1.03306358411803,0
145,-0.0599999997661136,0.0244054362448442,0.0425146351636701,0.0472921225890441,-0.0323119516395563,0.0412342593406871,-0.0117125538520129,-0.114999999214268,0.0469877544868399,0.892940447806295,1.78187207421528e-06,9.19492171944811e-07,0.450200762822653,-0.00317264394768617,0.000350693172809255,0.0519979146775862,5.39423971961651e-09,-0.0750000000468733,3.15062105032122e-05,0.0749999999652274,0.074999999890992,0.0231953453145324,0.0750000001221615,3.17179421073331e-11,0.0500000000298957,-0.00242279176687198,-0.00255462174955167,1.19752045484057,0.0219629206260758,-0.0189857625632377,0.000142653497437615,-0.400000027530359,-0.400000019318357,0.250000017799529,-0.400000014330503,0.264490312646691,0.206057671498686,-0.168497053857359,0.0375989891676844,0.174637715940865,0,1.32715468719051,0,0,0,0.746604432165203,0,0,0,0,0,0,0,0,0,1.59957395423383,0,0,0,0,0,0.137233080499352,0,2.04737853115735,0,0,0,0,0,0,0,0,0,0,0,0,0.894581030642473,0.751061182599532,0.724610629411272,0.921031583830728,0.215995030033251,0.207309221734177,0,0,0.760410960331821,0.498080911119785,0.409940222775253,0.84855164867635,0,0,0,0,0.4086427326485,0.307665622696865,0.265669001454484,0.450639353890877
146,-0.0600000012083124,0.0228012783674673,0.0425157952051141,0.0481871677347396,-0.0320538249249515,0.0412702074132318,-0.0117965726935349,-0.113985276174928,0.0479540800003596,0.888410345247335,8.12221059428358e-06,3.12643968303574e-06,0.459076197213134,-0.00282666968936862,-0.000281099806884988,0.0519973868392431,-9.83420944873689e-09,-0.0750000000088244,-0.000128350452184495,0.0261525625472291,-0.0237272725572329,-0.000405236088790981,-0.0749999999392352,0.0750000000383728,0.0466493068600593,-0.00494753910784301,-0.00198852073993831,0.654185549359655,0.0106253343522596,-0.0501556480428437,4.01652977391659e-05,-0.400000017171905,-0.400000003636915,0.250000012213047,-0.400000009454921,0.367411641666208,0.237466523540042,-0.0747427184949498,0.036164334359742,0.17695151026374,0,1.33541016971375,0,0,0,0.779492160157535,0,0,0,0,0,0,0,0,0,1.63683436858151,0,0,0,0,0,0.177988587562273,0,1.73339257817545,0,0,0,0,0,0,0,0,0,0,0,0,0.855612686522354,0.692605429685117,0.673083653680921,0.875134462526546,0.204553556901886,0.176029626535264,0,0,0.742268770624465,0.493776472529178,0.39451956046884,0.841525682684805,0,0,0,0,0.409865858357832,0.30160697656451,0.242218274898572,0.469254560023771
147,-0.0600000005349867,0.021147081901742,0.0425172479570437,0.0487228850240004,-0.0325454968929027,0.0412684115752575,-0.0134764065091161,-0.112297019350937,0.0487538835660856,0.885448966063023,9.12085944538708e-06,2.89926633856642e-06,0.46476255278706,-0.0026187916461993,-0.00132096732444927,0.0519972974455392,-1.87194678300237e-08,-0.0749999998378733,-6.95185516989761e-06,0.0264356981682064,-0.0250044275222298,-1.48310273890391e-05,-0.0749999999967645,0.0750000001736661,0.0333973060482468,-0.00445540739163874,0.000861558413497217,0.662629080319463,0.00991303697691111,-0.0535035482252375,1.12767434732356e-05,-0.399999998582357,-0.274914371448889,0.250000017577162,-0.400000023989035,0.400000025233302,0.227908848610725,-0.0198161366064599,-0.109365735406632,0.177426739997224,0,1.10846833985406,0,0,0,1.06499383361257,0,0,0,0,0,0,0,0,0,1.46935813754061,0,0,0,1.52208107108426,0,1.73969190182572,0,0.363323433553463,0,0,0,0.416026724643387,0,0,0,0,0,0,0,0,0.34006982245296,0.508292989552236,0.364620644343133,0.48374216766207,0.216702683770593,0.38432734766721,0,0,0.659337682645026,0.342000529101876,0.324900480159146,0,0,0,0,0,0.20783905390747,0.199695624187198,0.27047878066189,0
148,-0.0599999997764783,0.0196223653499664,0.0425153993664353,0.0494268820879815,-0.0325003685609262,0.0412691181669835,-0.0139611935050816,-0.111273824218187,0.0491102357638543,0.881470759839004,1.0584319961156e-06,-1.12152728444635e-06,0.472264515340443,-0.00234176855941488,-0.00201272961632451,0.0519971512374139,-7.49557258655044e-10,-0.0749999977174241,-2.00779782538745e-05,0.0443108610103551,0.0244843389340378,3.55637106542131e-06,0.0260163961710487,0.0275564938137742,0.00239288450999672,-0.000255109441093625,0.000102468021008736,1.07762626531802,0.0173941578642723,-0.0223503688441291,4.52158521864455e-06,-0.400000496084027,-0.275640673630412,0.250000115556115,-0.399999486965916,0.400004025088919,0.250000268956608,-0.0139819904556222,-0.0225475371044308,0.19346499009365,0,1.11911156331876,0,0,0,1.13113839937152,0,0,0,0,0,0,0,0,0,1.61657581483902,0,0,0,0,0,0.800581877478714,0,1.32780707214214,0,0,0,0,0,0,0,0,0,0,0,0,0.299477423653745,0.381536331796637,0.272366389536804,0.408647365913587,0.229241015840855,0.346672897485379,0,0,0.640341027642025,0.355844227664842,0.321794305303364,0.674390950003504,0,0,0,0,0.228005128513702,0.19977854731591,0.238557494697863,0.189226181131753
149,-0.059999999147257,0.0184169790526487,0.0425164882194976,0.0503446980283405,-0.0315820549744682,0.0412682848282753,-0.0138155545628766,-0.110872749449399,0.0493183044181774,0.876028108502545,3.52881809244375e-06,3.50048773755298e-06,0.482286092561213,-0.00198435706011891,-0.00209112405779062,0.0519973604057557,-1.1873893046003e-09,-0.0474591485773935,1.28778136621724e-05,0.047880102303497,0.066653664079567,-5.36185718901702e-05,-0.0112662650888931,0.0126258052213961,0.0183343302509216,-6.54478926031552e-05,0.000247482301395776,1.22010856971562,0.0184229668439597,0.0130503111364525,-1.59848047618131e-05,-0.400000029878769,-0.400000011635506,0.250000007289132,-0.40000000904738,0.252307348863144,0.228200921348849,-0.0760105084848571,0.00402927085080423,0.181661295066869,0,1.3388912316452,0,0,0,0.726157796705247,0,0,0,0,0,0,0,0,0,1.54829624773174,0,0,0,0,0,0.110591823157662,0,2.06071717020992,0,0,0,0,0,0,0,0,0,0,0,0,0.464619922322835,0.362924495569699,0.302813638453791,0.524730779438743,0.185679775056235,0.195334102486665,0,0,0.725895401805044,0.483428784825846,0.38530572751423,0.824018459116661,0,0,0,0,0.408081819054689,0.326378006928042,0.273933231579618,0.460526594403111
150,-0.0600000006310662,0.0169747410530078,0.0425174410417759,0.0511145716676899,-0.0311594193599633,0.0412673450981443,-0.0152636459332626,-0.109365572885071,0.0496901753396679,0.871171989291949,5.44075975856172e-06,1.77900085691138e-06,0.491004070762016,-0.0016912512983686,-0.00254533109650294,0.0519973535669116,-1.46227719449369e-08,-0.0750000021830225,1.03154327282814e-05,0.0263262507160154,-0.0183236239604632,-6.57077159117251e-05,-0.0749999954210671,0.0749999983530606,0.0188500241576883,0.00189072251344687,-0.00106976326352414,0.726262602542757,0.00944726884635728,-0.0503619444497438,9.8913948147098e-06,-0.399999564777226,-0.400000899712071,0.250000371827744,-0.399999145199988,0.328116490188552,0.228167700074654,-0.167079727144231,0.104384185928662,0.170845418394376,0,1.32406048138231,0,0,0,0.748149196064058,0,0,0,0,0,0,0,0,0,1.54873918310157,0,0,0,0,0,0.0826158545473162,0,1.84126714599914,0,0,0,0,0,0,0,0,0,0,0,0,0.38660663697503,0.186336386189811,0.166217891483739,0.406725131681092,0.210220473833844,0.164411974514799,0,0,0.688155879960794,0.491057372074083,0.375099828021907,0.804113424012972,0,0,0,0,0.432147587183235,0.331525055729576,0.242973947227946,0.520698695684868
151,-0.0599999968013688,0.0153424850343451,0.0425196231148611,0.0515860229591407,-0.0315906768174845,0.0412662139122226,-0.0168805171277366,-0.107773767791272,0.0499970287110417,0.867988441886537,8.18175402035124e-06,1.97346961228195e-06,0.496610414883868,-0.00151755129870062,-0.0035469570878445,0.0519973928067981,-8.71730787697925e-09,-0.0749999973130882,-1.22988123227217e-06,0.0226862232053632,-0.0229661570534816,7.3927694022718e-06,-0.0749999976783687,0.0750000004237785,0.0118703124613342,-0.00392615871955475,0.0005945638401344,0.645299441264887,0.00813074988866697,-0.0516204549056144,1.12834410746133e-06,-0.399998865827701,-0.301378415586457,0.250000305202102,-0.400000386029316,0.400000133494569,0.202840293893888,-0.263924583947944,0.109613717127819,0.250000297607318,0,1.1858144470665,0,0,0,0.915503148348774,0,0,0.425080942578272,0,0,0,0,0,0,1.53925066299679,0,0,0,0,0,0.73692337386292,0,1.60550531917047,0,0,0,0,0,0,0,0,0,0,0,0,0,0,0,0.239291991156539,0.191821701026737,0.249685414265226,0,0,0.645692435705713,0.488375831674664,0.349672918271378,0.784395349108996,0,0,0,0,0.310266352025525,0.290178076802174,0.19045044507637,0.409993983751331
152,-0.059999997406871,0.0139656940680448,0.0425201964412398,0.0521324174019761,-0.0315352978319342,0.0412657584805883,-0.0187178166486529,-0.106164728250367,0.0500415438450927,0.864201061563065,4.92168270055307e-06,3.53369452553974e-06,0.503172589855759,-0.00131371703287477,-0.0041693880373036,0.051997364846409,2.17348332256098e-09,-0.0599431186501079,3.3965518440227e-05,0.0310550652331734,0.0224236363701409,-4.92173464367859e-05,-0.0749999948828635,0.0749999999139267,-0.00732282397739797,-0.000137374555384586,0.000378046579218848,0.869289163986073,0.0115290952623791,-0.0165156919479853,-3.99029348501706e-06,-0.399999334974734,-0.228899954938178,0.250000364023247,-0.399999975755708,0.400001907031687,0.229596795382468,-0.319224766376409,0.21094435186601,0.250000152780842,0,1.0711413950139,0,0,0,0.940937860067567,0,0,0.453440327174028,0,0,0.266648046943379,0,0,0,1.56406998733139,0,0,0,0,0,0.457234400983822,0,1.74768417470215,0,0,0,0,0,0,0,0,0,0,0,0,0,0,0,0,0.193276262575465,0.26568289048759,0,0,0.611273671666726,0.525645000596019,0.356976205640565,0.779942466622178,0,0,0,0,0.289001893348009,0.304209424056699,0.164139275979197,0.429072041425508
153,-0.0599999982853949,0.0131651192894577,0.0425205825791572,0.0526665533067604,-0.0308931844834239,0.0412651896615162,-0.020633853959777,-0.104442281484348,0.0504357768164823,0.860353007695814,3.27762329694259e-06,4.17071899603591e-06,0.509724554142823,-0.0011170954247626,-0.0042099845839884,0.0519973604154182,-1.79831365816348e-09,-0.0221834318255442,1.35224011920676e-05,0.0226255592048233,0.0408373075336161,-2.14182909555759e-05,-0.0749999999429064,0.075000000028936,0.0464771752990526,-0.000206875775199001,-0.000155200459979545,0.661114507977555,0.00818363713540633,0.0110051509320663,6.03572006016623e-07,-0.399999987057095,-0.236077435614601,0.250000004209804,-0.399999996689976,0.344595939450321,0.229552848055351,-0.395759267230955,0.116987910468928,0.202126516390473,0,1.05951292776411,0,0,0,0.875038387193381,0,0,0.784063895945163,0,0,0.0303418274674454,0,0,0,1.5091020701083,0,0,0,0,0,0.180138982013883,0,1.77336266646824,0,0,0,0,0,0,0,0,0,0,0,0,0,0,0,0,0.182155266891981,0.212415674826666,0,0,0.58432416349391,0.531506922500212,0.345887533209261,0.769943552784858,0,0,0,0,0.352178436659214,0.352397213636378,0.181798008177996,0.522777642117597
154,-0.0599999992588353,0.0128282603201294,0.042520951633174,0.0529502791231433,-0.0304417448188446,0.0412647355956459,-0.0225538120250441,-0.102726234526382,0.0512766203592732,0.858235810407638,3.24003719611438e-06,3.56247685027421e-06,0.513281412403137,-0.0010142596687764,-0.0041314827830164,0.0519973818392178,-1.24511288266576e-09,-0.0107248020375078,1.99404300590615e-05,0.00569178267035939,0.00568900307289417,-2.88073576291143e-05,-0.0750000001231075,0.0749999999492148,0.0376513080162611,0.00038796544693873,-0.000104079150743316,0.171308042683017,0.00200722549450535,-0.00206731195232163,7.1771260787711e-07,-0.39999998452121,-0.22027906120134,0.250000011147518,-0.399999996204974,0.349123797376746,0.227658810249214,-0.400000050735051,0.136817251830104,0.204792172341822,0,1.01691738667902,0,0,0,0.864742339390534,0,0,0.81250764276505,0,0,0,0,0,0,1.49364295926402,0,0,0,0,0,0.138902828658219,0,1.84920122677128,0,0,0,0,0,0,0,0,0,0,0,0,0,0,0,0,0.146148270046218,0.146190489718917,0,0,0.558086054850573,0.533153251516867,0.327035503412245,0.764203802955194,0,0,0,0,0.37801616573204,0.369050541949716,0.167436177335121,0.579630530346635
155,-0.0600000012771633,0.0127983356581262,0.0425211847915117,0.0529627206951386,-0.0304380466688346,0.0412639172106197,-0.0244737705124098,-0.100987110028949,0.0518461263264404,0.858141825892544,4.20213750929268e-06,1.91237271189065e-06,0.51343852820933,-0.00100967504100503,-0.00414349397923307,0.0519973080584905,1.37411699094855e-09,-7.27588583951983e-05,1.57559710506072e-05,-1.14800366191713e-06,-0.000114454481491218,-7.72391849417239e-05,-0.0750000079489444,0.0749999946310524,0.0193905762802279,0.0014229287949808,-0.000106522446043931,0.000314558778625234,-8.79751658073102e-06,-9.23129504852731e-05,-1.36907879477069e-05,-0.399999547046484,-0.157353898521543,0.250000532555312,-0.400000171616343,0.367401648698706,0.250000142373271,-0.400003275921653,0.302957265672824,0.246529263843577,0,0.909474695672097,0,0,0,0.885694849421984,0,0,0.682052337757823,0,0,0.126662830080638,0,0,0,1.75316278584539,0,0,0,1.73672814592289,0,0.510102116281765,0,1.18323001751003,0,0,0,0,0,0,0,0,0,0,0,0,0,0,0,0,0.0968379528380287,0.123286265087083,0,0,0.533957526843221,0.532449633303201,0.325602738414637,0,0,0,0,0,0.340420641327055,0.356860387071199,0.155017295619509,0.542263732778755
156,-0.0600000003839946,0.0130021573072597,0.0424121581270747,0.0527010501631032,-0.0307740485731209,0.0412134174402559,-0.0263937282553484,-0.0991945249081745,0.052312404492867,0.858463213421572,-4.03811757701665e-06,-4.87186882379294e-06,0.51290099382367,-0.00110497955306842,-0.00416065207013632,0.0519971266800505,-2.21419590080544e-09,0.0182305771880506,-0.0098098608960303,-0.0259328807766283,-0.0333592062906347,-0.00504720169859197,-0.0750000001914752,0.074999999878871,0.0271982176136276,-0.000227858581534309,-0.000224290910048858,-0.125599792856007,-0.00923285010082329,-0.00192861001342028,-1.07090445385017e-05,-0.400000037500844,-0.0243635008681191,0.25000001199103,-0.400000014071046,0.399999994402398,0.24999999987519,-0.400000078910734,0.276917273014808,0.249999999856725,0,0.704751799023843,0,0,0,0.93264518624699,0,0,0.570750793201656,0,0,0.304102979975937,0,0,0,1.702353229055,0,0,0,1.65789575877846,0,0.666163041435836,0,1.04275372179897,0,0,0,0,0,0,0,0,0,0,0,0,0,0,0,0,0.111674774090058,0.171590551458873,0,0,0.485272712918376,0.539384843104561,0.32162498837048,0,0,0,0,0,0.30085075253808,0.358722726096626,0.14198441239891,0.517589066235796
157,-0.0599999984583193,0.0143465537653341,0.0419556645200485,0.052110278663032,-0.0305483949043224,0.0412056637945054,-0.0283136863068582,-0.0973360958435656,0.0532484766740427,0.858703916626432,-8.13981493915228e-06,-3.93951791631066e-06,0.512497907385675,-0.00165396370208214,-0.00385817361767224,0.0519971969134077,3.09027011389103e-08,0.0750000000493483,-0.02986281540197,-0.0293243599283352,0.0318047016331177,9.65379056537139e-07,-0.0750000003162696,0.0749999998576945,0.0500000000003072,-0.000302782658826959,0.00175779973146125,0.0335701344756792,-0.0302043274412763,0.0303778875901487,6.92172746269959e-05,-0.400000013704339,-0.138688925688285,0.250000006633945,-0.400000024332517,0.387214500701346,0.249999999004678,-0.400000130341009,0.218576704733795,0.250000000126623,0,0.79173931020406,0,0,0,1.02285822986664,0,0,0.607330270258387,0,0,0.319639457864796,0,0,0,1.55097773722209,0,0,0,0,0,0.58099599202119,0,0.980704311871371,0,0,0,0,0,0,0,0,0,0,0,0,0,0,0,0,0.089196332578729,0.11309565989752,0,0,0.674319243202332,0.685131905426948,0.45835799603583,0.901093152593448,0,0,0,0,0.518971848551147,0.538403889668164,0.31386311853147,0.743512619687837
158,-0.0600000002053233,0.0159208919689698,0.0419993810165354,0.0515516665464335,-0.0300827485395053,0.0412048130176175,-0.0302336468412523,-0.0954420177696779,0.0543049666091081,0.859406294772408,-2.93914237545108e-06,1.66339680567337e-06,0.511319229954231,-0.00215253807494739,-0.00326840894099284,0.0519974958057851,1.92495940106523e-08,0.0749999999816613,0.0182908894239638,-0.0292751489609152,0.0178246199359735,-4.81236286765841e-05,-0.0749999999386539,0.0749999999633859,0.0500000000078678,0.000179562292666286,0.000129410763163599,-0.25219374401125,-0.0238710827654642,0.0292681101192155,-1.91745618337499e-05,-0.206059449981675,-0.141721410091971,0.246263572829046,-0.399999988927352,0.0977679533634397,0.192020573166888,-0.196003825856557,0.0891282468646621,0.2175496415049,0,0.565994141881002,0,0,0,0.658919027234427,0,0,0.376827333803965,0,0,0.212473324767429,0,0,0,1.11401402498042,0,0,0,0,0,0.0301928188359334,0,1.06809072674499,0,0,0,0,0,0,0,0,0,0,0,0,0,0,0,0,0.066617643238853,0.0157541002899442,0,0,0.792234177050901,0.734707145570285,0.531998710573006,0.994942612048178,0,0,0,0,0.644865085350587,0.591789694038225,0.390187149307536,0.846467630081279
159,-0.0600000000181743,0.0166005928059248,0.0420804723454341,0.0513112898786844,-0.0299584589998294,0.0412043399494129,-0.0321433683693216,-0.0935370914630119,0.0553614565888069,0.860585155362626,-2.24634486640247e-07,5.57742186147735e-06,0.509332659322029,-0.00228988272524648,-0.00293495751893552,0.0519975932398104,1.45406887663378e-08,3.95859848282731e-05,0.000141462912705349,0.000141447991007015,-0.000251660988545116,1.44910697680644e-06,-0.0749999999865929,0.0750000002564739,0.0500000000670682,0.00267340817578591,0.00012264406214174,-0.000546299572884233,4.49279025048532e-05,-0.000103787969909286,6.78341414142672e-05,-0.167350278312321,-0.268957132534949,0.250000005531477,-0.310989413170488,0.273217643442276,0.250000006065904,0.158847012344226,-0.17163176650443,0.1821724590885,0,0.782900508692969,0,0,0,0.694885179185984,0,0,0,0,0,0.0947849709629195,0,0,0,0.906100155084348,0,0,0,0,0,0.596322644072043,0,0.440527700968856,0,0,0,0,0,0,0,0,0,0,0,0,0,0,0,0,0.139355188948032,0.0957000826922786,0,0,0.593906921195784,0.362892827385688,0.378432335522412,0.57836741305906,0,0,0,0,0.485662528260143,0.381165910538919,0.427126323881583,0.439702114917474
160,-0.0600000000818802,0.0160052119138578,0.0420794468821174,0.0514469524306052,-0.0302026936935796,0.0412041433786849,-0.0319413689486507,-0.0940704047601052,0.056381788245901,0.859628219369225,4.1380230601867e-06,-2.78473292611207e-06,0.510946098558808,-0.00223616949191885,-0.00334500532396959,0.0519972377444797,7.20009309200552e-10,-0.0589026855538793,1.79702864012542e-05,0.0138646560904255,-0.0236097395966207,-2.59038321964869e-05,0.0749999994609676,-0.0749999998482292,0.0499999999952901,0.000184913005659368,0.000621421766336397,0.377302977848745,0.00559189458833504,-0.0404142551173708,5.42012019912786e-06,0.134675222379308,-0.0744003689390319,0.250000007164381,-0.400000066283886,0.399999908015286,0.229967616050923,0.350649053231197,0.400000062581358,0.149999998058501,0,0.945409866928747,0,0,0,0,0,0,0,0,0,0,0,0,0,1.58736712202006,0,0,0,0,0,0,0,0,0,0,0,0,0,0,0,0.209863182885737,0.849096449940127,1.36704900834389,1.03548147144506,1.18066398683896,2.57903189491315,3.08476382905176,2.75406327770335,2.90973244626157,0.271857501270282,0.345778721167253,0,0,0.589509046696036,0,0.340459479626688,0.311927368271372,0,0.565077314743772,0.323029801281763,0.213574583695552,0.505095414992393,0.282176394778543,1.06812308403757,0
161,-0.0600000000464922,0.014328192990316,0.0420923075508968,0.0525797116180894,-0.0292218107103585,0.0414500210789147,-0.0300214113130744,-0.0928704524653422,0.0570601103280742,0.854563240645942,3.25023366863684e-07,4.92035401123208e-07,0.519373435926977,-0.00193308153579344,-0.00402108748284542,0.0519975890625219,-4.28329974090015e-08,-0.0750000000693756,0.0018693491007673,0.0750000000036615,0.074999999969245,0.0272341340384679,0.0749999999875568,0.0749999999622649,0.0179922549001027,-0.00240622190756863,-0.00397062929493726,1.1571053669927,0.018922636138622,-0.0270324765463379,-0.000124666328324699,0.262693274073654,-0.400000028592497,0.208427154119008,-0.399999998491051,0.399999987321588,0.249999999976538,0.399999994871844,0.399999984448723,0.150000001584278,0,0,0,0,0,0,0,0,0,0,0,0,0,0,0,0,0,0,0,0,0,0,0.663813673077709,0,0,0,0,0,0,0.836126249830418,0,0.182515411683064,1.04927116334878,1.55267813342333,1.2415136910685,1.3604356057036,2.42492966677012,2.98563999692824,2.60988196507938,2.80068769861898,0.283135292156071,0.333415425330904,0,1.1133178168441,1.14801120504796,0,0.297991328451506,0.359016633976583,0,0.561188624929642,0,0.21037581557751,0.272503042954413,0.225232465980321,0.574540410454178,0
162,-0.0600000005330117,0.0125860576072291,0.0421028450621916,0.0537671463068749,-0.0275895452698922,0.0415812694775897,-0.0281014530921568,-0.09095047343637,0.056955646205148,0.845815395769184,1.94688548876756e-06,2.45854317143306e-06,0.533502407076776,-0.00151920339920988,-0.0041556659974177,0.0519977828781709,-2.94704404215058e-08,-0.0750000017923908,0.000199656716730115,0.0557285093373363,0.0750000002818007,0.000100103713341406,0.0749999991896158,0.0750000001080379,-0.0282077032563775,-0.000559814854335718,0.000931757534041688,1.89684155232977,0.0217253623573859,0.00212613484625736,0.000125228582678296,0.204805755917636,-0.400000738748584,0.149999998804431,-0.399999768076686,0.400000116179821,0.250000029169042,0.228363781999157,0.400000044660119,0.193811806895172,0,0,0,0,0,0,0,0,0,0,0,0,0,0,0,0,0,0,0,0,0.0337807666867208,0,0.65930415667842,0,0,0,0,0,0,0.564835146794769,0,0.132945144002476,1.23793086006628,1.74554685647181,1.41595035387266,1.56752736266542,2.17965546728007,2.76957341696637,2.36838760836125,2.5808412758852,0.279328095535347,0.345639261628597,0,1.12145039358929,1.14386359655627,0,0.298145098062374,0.372062663107174,0,0.590318615725512,0,0.233531198803214,0.291254077158286,0.252348594046113,0.595432978315744,0
163,-0.0599999989050144,0.0109771069306015,0.0421059812488324,0.0548166014500585,-0.0258497288087186,0.0415853996148509,-0.0262265588746319,-0.0891820466903719,0.0563775891559979,0.836267862380652,7.90538885607062e-07,8.03115529871963e-07,0.54834853868461,-0.00110896561928319,-0.00402703652387627,0.0519979410673295,-1.26701622665064e-08,-0.0749999964418994,3.69133289026764e-05,0.0493084380425782,0.0750000001809953,6.23907046291224e-05,0.0750000034923161,0.0749999938812132,-0.0295914456436127,0.00694151859944026,-0.00235323320769479,1.808981044203,0.0191792481629834,0.00784637497135428,3.93656088118857e-05,0.141903196765578,-0.262493620314321,0.183490209082523,-0.251640505956194,0.091291669135859,0.170190907597105,-0.0962044961226809,0.247195558283964,0.150000726825187,0,0,0,0,0,0,0,0,0,0,0,0,0,0,0,0,0,0,0,0,0,0,0,0,0,0,0,0,0,0.679073065080094,0,0.0346641639658427,1.49049773760574,2.09429537433611,1.68976260152432,1.89503051041752,1.32229945065702,2.00295033495079,1.54172405353199,1.78352573207582,0.246138709226977,0.353877181541787,0,1.09530766127841,1.04207583848978,0,0.270474670570282,0.312039146960352,0,1.24929853371134,0.400300878492065,0.321535386521357,0.358463202009126,0.345870989766154,1.196066611624,0
164,-0.0599002779327231,0.00999999947730581,0.0421775709468557,0.0556515305061301,-0.0240830332864819,0.04160025989695,-0.0243066024583929,-0.0872977705257144,0.0561930378159508,0.827214777191819,1.71204380389085e-06,-1.5851915530909e-06,0.561913806107423,-0.000831848447349958,-0.00378427648743888,0.0519976861236797,0.00374173959211441,1.77609281961662e-09,0.0144132772907579,0.0186195998915303,0.0749999995210111,0.0024947340979206,0.0750000009984702,0.0750000002617228,0.0109340658998882,0.018513739250916,0.0118286848952561,1.10261766084698,0.00322730163828182,0.0330530978683493,0.00135819800260708,-0.399999651941294,0.400000019937151,0.232703380347876,-0.399999720103173,0.270949382502373,0.250000005143945,-0.219536027583061,0.40000010786346,0.17190366112885,0,0,0,0,0,1.24662924778722,0,0.145792045673083,0,0.516261093534112,0,0.078670697392991,0,0.533747156982712,0,0.780098431408066,0,0,0,0.282025308364197,0,1.43690748400323,0,0,0,0.854553066970882,0.528463061354396,0.684019473404124,0,0,0,0,0,0,0,0,0,0,0,0,0,0,0,0,0,0,0,0,0.190155102803701,0,0.365952886475232,0.405244344796809,0.0482584565740596,0,0,0
165,-0.0599999995830698,0.0117152554142582,0.0421468498451197,0.0554617202799111,-0.0223246189202248,0.0416217081920489,-0.0255065129825455,-0.0853777912398792,0.0559474090068431,0.82341988407751,-3.67721676942779e-06,1.62665569023142e-06,0.567460446874799,-0.00125041069871096,-0.00267774304627322,0.0519975161571254,-9.77337264112871e-11,0.0749999998666486,-0.0105730266467209,-0.00450565210660885,0.0749999999802965,0.00144144601771268,-0.0749999999805869,0.074999999957046,-0.0352659286200431,-0.00241268091074432,0.00629918810584649,0.404652851869116,-0.0108985380521754,0.0721713824907259,-0.000510662227628988,-0.400000040291127,0.302892497789927,0.250000013367731,-0.400000001878393,0.399999991880184,0.250000000534762,-0.399999991999432,0.39999998229691,0.249999999344612,0,0.0275293890932638,0,0,0,1.17109366171167,0,0,0.325120935087605,0.118235328965861,0.0618833015414449,0.269590850353388,0,0,0,1.24874340759313,0.38299961885171,0,0,0.816559395746416,0,1.03271820240685,0,1.05957400161054,0,0,0,0,0,0,0,0,0,0,0,0,0,0,0,0,0.036646503994501,0.227738037033885,0,0,0,0.242385037261344,0.0680780572121849,0,0,0,0.0885800269832864,0,0.145642002979579,0.327146780317273,0.15763295472571,0.315155828571146
166,-0.0599999998350569,0.0136610174387018,0.0419260094105097,0.0552761181755927,-0.0206828329632605,0.0416207599417618,-0.0274264709619774,-0.0834578122719479,0.0557827804176304,0.822234962796121,-5.95176039499931e-06,1.4937194807544e-06,0.569176032034991,-0.0014966273292025,-0.00121899576356492,0.0519971275821651,4.29979415201522e-08,0.0749999999951851,-0.00979010852317229,-0.0106479375249445,0.0750000000058316,-5.00359636756905e-05,-0.0749999998859352,0.0749999999193239,0.0185340713240183,0.00162634183229195,0.00364537216661144,0.157921916162846,-0.0118120522341896,0.077294699660028,0.000153861259688487,-0.399999995527206,-0.400000001984383,0.250000002407108,-0.399999990303203,0.161851115036293,0.232049104201052,-0.274014061991569,-0.400000033249876,0.150000003343615,0,1.08463085829285,0,0,0,0.731342558896896,0,0,0,0,0,0,0,0,0,1.5711269253802,1.80479386431582,0,0,0,0,0,0,1.61909934345,0,0,0,0,0,0,0,0,0,0,0,0,1.50350040259697,1.50286570863323,1.37777497104577,1.62859114018443,0.273487994971093,0.213939694297428,0,0,0,0.501269642651976,0.405002140262251,0.817486176447842,0,0.0117815765886008,0,0,0.38464964874424,0.299111524943142,0.215839296093893,0.46792187759349
167,-0.0600000002543888,0.0137438976473652,0.0419009805269571,0.0554043266863313,-0.0201466995197995,0.0416206196069962,-0.0293464292967281,-0.0843847983076109,0.0556891520468934,0.821114186238153,1.73358057618377e-06,-3.00364075086999e-06,0.570791733906012,-0.0014291313560353,-0.00086055949019708,0.0519973692282999,-1.14020237361524e-08,-0.0431618656884494,-0.00101839175109559,0.0067746465538327,-0.0147105594741714,0.000188680916239844,-0.0750000000149791,-0.0749999999952316,-0.0276659071694911,-0.00362553312562059,-0.0031003746103429,0.253082743129292,0.00313056632678288,-0.0265058272719731,-5.11052670086138e-05,-0.400000001764055,-0.399999996921543,0.250000002410137,-0.400000000250976,0.265232169274225,0.250000000748451,-0.400000006173229,-0.399999998034794,0.204624622235374,0,1.30388566038484,0,0,0,0.751305266365645,0,0,0,0,0,0,0,0,0,1.75515488967606,0,0,0,0,0,0.374760429904005,0,0.932706018648447,0,0,0,0,0,0,0,0,0,0,0,0,1.50108128268501,1.58096397392325,1.41453304378083,1.66751221282743,0.23764595944363,0.0725387978339801,0,0,0.719253001417263,0.419345201701621,0.378867765297797,0.759730437821087,0,0,0,0,0.417941958842143,0.23100397605918,0.201441079813118,0.447504855088207
168,-0.0600000005174961,0.0122526799860944,0.0419033842871568,0.0556690579929282,-0.0206716908368194,0.0416193884358473,-0.0312663873743932,-0.0861810865660936,0.0553234403133241,0.818233671550816,6.36135719411371e-06,1.29285090451987e-06,0.574913472022086,-0.00132061520126623,-0.00186156823287556,0.0519974193909447,-1.57355023569714e-08,-0.0750000000152562,5.54891367947783e-05,0.0137197417242267,-0.0368990214576232,5.89907185463778e-05,-0.0749999998684603,-0.0750000000187478,-0.00899860392419425,-0.0100180925476895,0.00162337616478652,0.579604624470678,0.0050982692066805,-0.0643273647835755,2.98277389216964e-05,-0.399999976043332,-0.400000006287658,0.250000007562789,-0.399999977128216,0.400000015860166,0.24999999744302,-0.231628285209528,-0.12872929756432,0.19371814611845,0,1.33836323329472,0,0,0,0.906784641480726,0,0,0,0,0,0,0,0,0,1.75597100612203,0,0,0,0,0,0.582961651649248,0,0.902750619071245,0,0,0,0,0,0,0,0,0,0,0,0,1.76684936231159,1.92825249111369,1.73837990825299,1.95672194517229,0.28342933858073,0.182336504654906,0,0,0.719824418232229,0.361040239938683,0.367400095575287,0.713464562595622,0,0,0,0,0.342300918358042,0.200183281732118,0.227055472462434,0.315428727627726
169,-0.0600000012621466,0.0104972712545015,0.0419074618533679,0.0560449010252553,-0.0209874941265413,0.0416188601178536,-0.0331835416211449,-0.0879527261867902,0.0550497434068102,0.813866254574498,3.81149198687953e-06,2.45920580658009e-06,0.581079900755562,-0.0011724792057773,-0.00289853398102612,0.0519973334345013,-1.3788845488657e-08,-0.0749999999856192,0.000218314704841413,0.0216064160289869,-0.00293859417678317,1.36510367607814e-05,-0.0749999999832377,-0.0750000000463221,-0.0183244574284111,-0.00838289978148452,0.00118956650288262,0.904215190473479,0.00843030439324543,-0.0461467906805339,-2.05605217932957e-05,-0.399999979934415,-0.399999994072984,0.250000005017565,-0.400000002021045,0.39999998806204,0.236649999292978,-0.0196607506049179,-0.0123223138709009,0.18408778697776,0,1.33433662098697,0,0,0,0.948007737094761,0,0,0,0,0,0,0,0,0,1.47463074562273,0,0,0,0,0,0.344854691024461,0,1.64289487767928,0,0,0,0,0,0,0,0,0,0,0,0,1.97763849034425,2.12629270903533,1.94793193124407,2.15599926813551,0.30642956429858,0.262243952874543,0,0,0.694747788717821,0.344918931415989,0.347262305716077,0.692404414417733,0,0,0,0,0.308048486684966,0.216234795135449,0.242392288328335,0.281890993492082
170,-0.0599999997261978,0.00999999988841742,0.0419856431347245,0.0562566513646297,-0.0206123776069481,0.0415939940498335,-0.0349213324526384,-0.0895390969321176,0.0545997561562883,0.809936356227353,-1.01527624405003e-06,6.60921567405837e-06,0.586545391027721,-0.00118551278439385,-0.0032491817415813,0.0519974354610608,-5.42031065909489e-12,9.47191901911166e-11,0.00482850174082868,0.0099315561764044,0.0327346652386501,-0.00223900192684896,-0.0749999998559502,-0.0749999998817153,-0.02663273018303,0.00522655252124783,-0.0196689762142109,0.213790489299823,0.00547361617537799,0.0130046306317787,-0.000441702860442801,-0.40000000266121,-0.399999960572926,0.250000015530767,-0.3999999791426,0.347478972030105,0.234449013653398,-0.122453427516412,-0.125170685758912,0.179430401869375,0,1.20442036506828,0,0,0,0.920767598595208,0,0,0,0,0,0,0,0,0,1.511372672391,0,0,0,0,0,0.215990334330401,0,1.63537560698164,0,0,0,0,0,0,0,0,0,0,0,0,2.08007542488912,2.15162430041943,1.99813434682835,2.23356537848021,0.273108729348525,0.225133596667139,0,0,0.683269601310905,0.402084289531208,0.361004100520822,0.724349790321294,0,0,0,0,0.339352033614569,0.255866741087876,0.23254159245148,0.362677182250971
171,-0.060000000144654,0.00999999993236804,0.0420164528424692,0.0563606015027,-0.0200989147282415,0.0415867562756738,-0.0368412919027489,-0.0913190794280954,0.0541491837555567,0.808529050970442,-3.62939170914377e-07,3.9656071929383e-06,0.588483814385372,-0.00115443984872774,-0.00298898439940714,0.0519975518139755,-2.84955926037582e-08,5.7963154403706e-09,-9.61100244619693e-06,0.00207117532410189,0.0210305882889902,0.000308182979876104,-0.0750000002276446,-0.0749999997720427,-0.0184653431018966,0.000674599672726707,-0.00385430045745053,0.205873093834044,-0.000218795081388221,0.0108752686598135,0.000151225423144546,-0.400000010496196,-0.399999969986373,0.250000002675153,-0.400000009465395,0.348487098275463,0.250000003289218,-0.400000093816857,-0.299772739173936,0.189710993401511,0,1.20433594061503,0,0,0,0.92596912675173,0,0,0,0,0,0,0,0,0,1.6709559216694,0,0,0,0,0,0.504847097629019,0,0.822642992807088,0,0,0,0,0,0,0,0,0,0,0,0,2.16526581886157,2.22372905586938,2.07024798913624,2.31874688559471,0.249644194638852,0.160377639667522,0,0,0.689721518095654,0.427614366668602,0.382358660273604,0.73497722449065,0,0,0,0,0.373529660826351,0.25952916178047,0.226640130379524,0.406418692227306
172,-0.0599999997774283,0.0099999999033675,0.0420168341654952,0.0563837937972446,-0.0200198655198149,0.0415861403389329,-0.0387612501074645,-0.0931807411380749,0.053884972523244,0.808286882169029,1.56883378665588e-06,1.52792525475559e-06,0.58881639340531,-0.00114408585205207,-0.00294921872764052,0.0519974201367366,1.36161510872324e-09,-1.44417505951405e-10,0.000180325127105536,0.000291059064067972,-9.23639563953499e-05,-0.000179610658208466,-0.0749999998773003,-0.0749999999141492,-0.00800807457120537,0.000982600658465236,0.00299621938737005,0.000212851134294876,0.0001430351839402,-4.65092224255069e-05,1.90659766388759e-08,-0.400000026849699,-0.39999996618048,0.25000001675009,-0.399999987456713,0.365193252278968,0.238491469344034,-0.0911079978571602,-0.101241274515147,0.172872441454336,0,1.2307808245991,0,0,0,0.944747411232551,0,0,0,0,0,0,0,0,0,1.46088801160409,0,0,0,0,0,0.24782386777546,0,1.51483605910523,0,0,0,0,0,0,0,0,0,0,0,0,2.30843920965337,2.36671523646802,2.20987172656194,2.46528271955945,0.265035763426444,0.18961074785486,0,0,0.709944653340857,0.431072946161715,0.38876668663952,0.752250912863058,0,0,0,0,0.381549270533345,0.280176126896501,0.250843639730755,0.410881757699095
173,-0.0600000001177215,0.00999999992587921,0.0420174919927854,0.056383897110425,-0.0200182996324833,0.0415858186656693,-0.0404668791537625,-0.0948034140965969,0.0536484415727242,0.808283339432044,1.04332168829268e-06,2.86583493514059e-06,0.588821256549522,-0.00114410475460609,-0.00294861419548004,0.0519974880779234,5.65853026431042e-11,1.70309937607465e-10,2.49762508345981e-05,8.92945429191809e-06,7.25720215130285e-05,-2.09794196361526e-05,-0.0749999999949455,-0.074999999977217,-0.0156070199121838,1.05845772258498e-05,2.59209550791166e-05,0.000580735399389762,-1.45529695500021e-06,2.54616964256126e-05,-2.68586162281976e-06,-0.393242555449527,-0.399999942166461,0.250000008013043,-0.399999999870121,0.40000000361797,0.243394732453037,0.013022876989018,-0.026346710720717,0.17796336713537,0,1.20315704135221,0,0,0,0.986958717763168,0,0,0,0,0,0,0,0,0,1.42298686861234,0,0,0,0,0,0.319749585496205,0,1.45729334973354,0,0,0,0,0,0,0,0,0,0,0,0,2.46667531531889,2.55894654032909,2.3845105849816,2.64111127066639,0.277173840858291,0.223424650557053,0,0,0.705656632840586,0.403135975088824,0.390440722807398,0.718351885122012,0,0,0,0,0.365058914470225,0.285456741034805,0.285687741116875,0.364827914388154
174,-0.0599999993525001,0.00999999993699494,0.0420180830733309,0.0563847181736197,-0.020013063281814,0.0415854761300624,-0.0420235110515122,-0.0963232079073014,0.0533497375694954,0.808271750387619,1.55896754379641e-07,4.0858323434797e-06,0.588837164643652,-0.00114388859327481,-0.00294644682402503,0.0519975056137386,-2.549523754975e-11,4.16076634943326e-12,3.50860278801585e-05,7.36761353186927e-05,0.000245409400874515,-2.63283235181259e-05,-0.075000000053566,-0.0750000000450703,-0.0142700638515007,4.58937520213857e-05,0.000154570338106337,0.00192834210365409,2.40071448184807e-05,9.85241889936349e-05,-5.31282064054932e-07,-0.400000023293299,-0.400000004988464,0.250000010086211,-0.400000026963477,0.39999998338169,0.250000001240191,0.0413578607576546,0.0166373478305581,0.196659914989321,0,1.1950719004943,0,0,0,0.988419400229258,0,0,0,0,0,0,0,0,0,1.59418319465579,0,0,0,0,0,0.755879424527366,0,0.694491431810621,0,0,0,0,0,0,0,0,0,0,0,0,2.64067591863334,2.81885114655146,2.61093951746771,2.84858754771709,0.263199831024256,0.225258020237394,0,0,0.707490833097356,0.358220495278261,0.405324315550652,0.660387012824967,0,0,0,0,0.32065639869639,0.260795082620356,0.318858446583135,0.26259303473361
175,-0.0600000006437426,0.00999999996356012,0.0420183664606742,0.0564212156519718,-0.0198618936879364,0.0415847727485705,-0.0435943786362748,-0.0978484727720576,0.0530703294725688,0.807822015413253,1.02159781914431e-07,4.10094658218844e-06,0.589454005140114,-0.00112908175881397,-0.00287077449161313,0.0519974041415046,9.56203306944637e-12,1.408645816197e-10,2.54040278556556e-05,0.00357678085697653,0.0146607511404907,-2.85783664532642e-05,-0.0750000000875921,-0.0750000000183803,-0.0136737266050514,1.38025800131187e-05,4.21974383139544e-05,0.14932293030596,0.00146448029547306,0.00738293143927097,4.12775948482315e-06,-0.392739562068245,-0.399999938201715,0.250000006030802,-0.400000021468374,0.399999976674148,0.250000004920413,0.1736549745148,0.173186691962616,0.186568349933999,0,1.13924067741444,0,0,0,1.0091062346959,0,0,0,0,0,0,0,0,0,1.55308706524123,1.58050083211966,0,0,0,0,0.801303390844633,0,0.610885252119045,0,0,0,0,0,0,0,0,0,0,0,0,2.77928752355209,3.01820177797186,2.77690625420062,3.02058304732333,0.294674482909064,0.271521247003712,0,0,0,0.292642510807167,0.3850795479027,0.57882898295966,0,0,0,0,0.316271980431125,0.283995074044324,0.380993924669334,0.219273129806109
176,-0.0599999996620785,0.0099999999376664,0.0420170966095878,0.0565301902157282,-0.0194121637542694,0.041585372052213,-0.0451718194058004,-0.0975517194035284,0.0525094442740661,0.806466316115662,-3.72631755836945e-06,1.677677088527e-07,0.591307484381534,-0.00108446752520681,-0.00264368143205653,0.0519972613647071,1.71416949979855e-10,1.05693253496827e-10,-3.38161510557171e-05,0.00731484688158824,0.0303823244252096,2.62900766135279e-05,-0.0750000001583685,0.0749999999028373,-0.0422718083931174,-1.73396940698294e-06,-0.000229590821228409,0.310586262742873,0.00300065373726242,0.0153525680435264,6.02307260740401e-06,-0.337115017911332,-0.39999992761447,0.250000018090847,-0.400000040907723,0.399999932603903,0.250000001247988,0.194538688916041,0.0579643710797266,0.187634611268468,0,1.08795913181884,0,0,0,1.02301531056704,0,0,0,0,0,0,0,0,0,1.63452373090762,0,0,0,0,0,0.832299613151421,0,0.495523035255549,0,0,0,0,0,0,0,0,0,0,0,0,2.7420294679574,3.03188738646199,2.75829271559139,3.015624138828,0.306654508446532,0.258221380321099,0,0,0.692121270816776,0.270159210699059,0.403360571197506,0.55891991031833,0,0,0,0,0.59551332387607,0.303023161707217,0.431699874719297,0.213730334751904
177,-0.0599999989207684,0.00999999993737283,0.0420180562401413,0.0567256902640101,-0.0185869471215926,0.0415848620151012,-0.0455301647857878,-0.0966418355939568,0.0521571094577127,0.803964860824512,-5.34909524037761e-07,3.13847666561132e-06,0.594704173386009,-0.00100430486346357,-0.00222668040928215,0.0519974756711153,7.54880915950002e-11,5.29827102918697e-11,1.25126623825424e-05,0.0121914107459985,0.0522911626078509,-3.37211854187383e-05,0.0385974727248252,0.0162819676582966,0.00679300669541539,-2.367190108956e-05,0.000178073516324077,0.534479880027667,0.00497932128908245,0.0264324282389053,-1.14981336141803e-05,-0.307769372463503,-0.399999975830378,0.250000005632557,-0.40000001439773,0.399999979345615,0.250000001968805,0.0900818234458925,0.0488049741877294,0.157134168628422,0,1.05700604634055,0,0,0,1.04462965455145,0,0,0,0,0,0,0,0,0,1.65548614476023,1.61726475868777,0,0,0,0,0.833069938631867,0,0.525101052597018,0,0,0,0,0,0,0,0,0,0,0,0,2.59106844162369,2.85138906700014,2.59561776167797,2.84683974694586,0.306062778201603,0.227717131746247,0,0,0,0.276647673824462,0.415970246950678,0.575131452364785,0,0,0,0,0.622197295000955,0.310052292442061,0.435231317192419,0.234931816048831
178,-0.0599999995810365,0.00999999993973818,0.0420165826124106,0.0568879451335643,-0.0178874042659667,0.0415854642534862,-0.046194325506733,-0.0955853630716867,0.0519878614902413,0.801833202752084,-4.74382185926239e-06,9.70585923265701e-08,0.597575213090827,-0.00093815559831732,-0.00187250781822143,0.0519972689487473,1.84755769745587e-10,-7.08806298436117e-11,-4.51516699501993e-05,0.00412886772504773,0.0180698436601434,3.76073326842614e-05,-0.0750000000351459,0.074999999995678,-0.0235660067352435,-1.6033597118279e-05,-0.000317064784284899,0.184201427341019,0.00167960493444202,0.00914239854143867,8.37519179898934e-06,-0.333672378095202,-0.399999983407364,0.250000003826231,-0.400000005634484,0.39999998622025,0.250000002210617,0.143840217735225,-0.0643339417683291,0.175135705119828,0,1.0806761024813,0,0,0,1.0109152495971,0,0,0,0,0,0,0,0,0,1.66587209832567,1.65833600537755,0,0,0,0,0.842037435314649,0,0.526298719593511,0,0,0,0,0,0,0,0,0,0,0,0,2.44171952445511,2.69694693418863,2.44621462046437,2.69245183817937,0.289286279952312,0.178268219203527,0,0,0,0.274531725815194,0.40709130063959,0.583149132620169,0,0,0,0,0.591173364080658,0.267418159691989,0.377199543639647,0.223098452327737
179,-0.0599999995410077,0.00999999992589543,0.0420158544064504,0.0569267239559044,-0.0177142775703887,0.0415856876121122,-0.0477518341987008,-0.0942933306877337,0.0513680398184448,0.801309110034491,-4.54841729262551e-06,-9.8795868262146e-08,0.598277808266914,-0.000922524041269456,-0.00178518290337548,0.051997258741124,-4.07540436422533e-10,-2.19130378469572e-09,-1.47928679500108e-05,8.97671896001188e-05,0.000126031579522573,-1.08486337386025e-05,-0.0750000000514478,0.0543067045138763,-0.0383422780221552,0.000725849766730067,0.000272762721325492,0.00110859238520585,2.80854902561533e-05,3.54681856052183e-05,4.31941394842663e-07,-0.292705349250167,-0.399999985007244,0.250000002252334,-0.40000000579505,0.399999987917455,0.25000000049766,0.246014803464358,-0.15248714471119,0.249999999727614,0,1.02726369309275,0,0,0,0.926210272420307,0,0,0,0,0,0,0,0,0,1.51504653569617,0,0,0,0,0,0.965601208865065,0,0.571065670294885,0,0,0,0,0,0,0,0,0,0,0,0,2.3746727625317,2.64326826110455,2.34802319800114,2.66991782563512,0.329567094049362,0.212356649222532,0,0,0.777451959205446,0.332488510356739,0.47659382739575,0.633346642166434,0,0,0,0,0.423613830860129,0.367955853727772,0.481284519586776,0.310285165001124
180,-0.0599999995612423,0.00999999993655768,0.0420168898835263,0.0570048738793077,-0.0173613883836306,0.041584127260543,-0.0485028862672711,-0.0946292257183251,0.0509619747302801,0.800242104871517,1.8099503207493e-07,3.79917731529042e-06,0.599704277357688,-0.000891195254075744,-0.00160849946213326,0.0519973666601836,-8.14853533645709e-10,2.454123897148e-10,1.03977203384756e-05,0.00764528112224373,0.0347517939294351,-6.19113013408291e-05,-0.000477818276963501,-0.0749999999864348,-0.00244372339525724,-1.81453659169012e-05,5.63002305863824e-05,0.352840442668293,0.00304100532743305,0.0175008982767016,-7.34215760344763e-06,-0.307707925209233,-0.399999986097583,0.250000002188716,-0.400000003641054,0.399999991378387,0.250000000779673,0.129376946961714,-0.142304650074748,0.220874777130356,0,1.04804674708671,0,0,0,0.957991549701066,0,0,0,0,0,0,0,0,0,1.50409187564286,0,0,0,0,0,0.8974254563214,0,0.572040034433088,0,0,0,0,0,0,0,0,0,0,0,0,2.3375574026295,2.57232724068874,2.29889059841254,2.61099404490569,0.314138146250809,0.186034437825706,0,0,0.792133303159413,0.336383764503671,0.475179034814028,0.653338032849056,0,0,0,0,0.395451382776246,0.339715812479875,0.442326515875675,0.292840679380446
181,-0.0599999993010393,0.009999999940586,0.0420171921598259,0.057157182230084,-0.0166723869181224,0.0415835345447492,-0.0489516910600786,-0.0962391206101099,0.0509199810556231,0.798132117372583,-2.3277732402787e-07,4.10014149054186e-06,0.602509611137428,-0.000829789052557452,-0.00126053209534829,0.0519973700973399,4.09874901874242e-10,-6.22111711365701e-11,1.53886216794418e-05,0.00750614180073555,0.0344437708173487,-2.95313881481178e-05,-0.0441841279604884,-0.0749999999800526,-0.00175906786507146,2.47891811007425e-06,-2.16546860492077e-05,0.350695569302447,0.00302383035733952,0.0173882648087065,6.73094718908083e-07,-0.349060755133192,-0.39999997577364,0.250000003770183,-0.400000000389292,0.400000000248065,0.25000000078425,-0.062246875143719,-0.219929363266513,0.193618138612024,0,1.09213986613999,0,0,0,1.0208058851797,0,0,0,0,0,0,0.669572518230698,0,0,1.55594743993612,1.86382746276161,0,0,0,0,0.749250210060683,0,0.633019826482602,0.719858524246825,0,1.05712995553729,0,0,0,0,0,0,0,0,0,2.37199878716151,2.58338278157411,2.35875471885068,2.59662684988494,0,0.146973094009749,0,0,0,0.25167947801866,0.382513670272177,0.567509227416903,0,0,0,0,0,0.237004373668818,0,0.210410107193629
182,-0.059999999290165,0.00999999994816512,0.0420156302674451,0.057192970119647,-0.0165115045171343,0.0415825958346654,-0.0507752921047058,-0.0971357209534615,0.0504204896985444,0.797636495665086,4.58655345972499e-07,-9.01770440333245e-07,0.603165598073617,-0.000815568938789815,-0.00117909892093614,0.0519969218974113,2.32741044071874e-10,1.74128403633985e-10,-7.4323306849461e-06,2.83073913155666e-05,-4.74270395356223e-05,-4.11829954647005e-05,-0.0750000000091342,-0.0149602335698793,-0.0479590671913634,0.000133056951402773,0.000325379474690935,1.65473218511846e-05,1.20734704614878e-05,-1.59165547554928e-05,1.33411573108873e-05,-0.376247716143699,-0.399999963743489,0.250000003961836,-0.400000000095615,0.400000002420306,0.250000000879536,-0.0404987913551397,-0.290665974567949,0.223986222291474,0,1.12107776409254,0,0,0,0.990623312998854,0,0,0,0,0,0,0,0,0,1.55748002672573,1.85048430325048,0,0,0,0,0.761967071658002,0,0.637083908759988,0.701384674867871,0,1.05497108167659,0,0,0,0,0,0,0,0,0,2.40876715085907,2.60881916431819,2.38598602824857,2.63160028692868,0.291723544877689,0.139602075839751,0,0,0,0.24778053477823,0.372639353920507,0.564657331717565,0,0,0,0,0,0.222869846176285,0,0.214451497723072
183,-0.0599999992796472,0.00999999993818824,0.042014959287823,0.0571927965630791,-0.0165116962662069,0.0415822508235956,-0.052666095484837,-0.0983312675620697,0.0493760615709286,0.797635756016832,-2.03025628704711e-07,-8.19915824653071e-07,0.603166576195859,-0.000815653225840934,-0.00117912245413134,0.0519970183866335,1.01902093903783e-10,7.46253273837717e-11,-3.47966984828086e-05,5.19845469459928e-06,-1.50344909277992e-05,-3.37821013214677e-05,-0.0750000000066401,-0.0749999999673905,-0.0499999999962035,2.86376079910489e-05,0.000105321075876638,0.000116450037536168,3.19321308511385e-06,-5.00022084203389e-06,-4.13098828269886e-06,-0.372574674888662,-0.399999964874255,0.250000004095391,-0.400000001066849,0.400000000307282,0.250000000924722,-0.054241694910779,-0.247973921434082,0.233559886869099,0,1.11689169183334,0,0,0,0.994945140619026,0,0,0,0,0,0,0,0,0,1.55410124389598,1.8474303569096,0,0,0,0,0.773901694764074,0,0.628985519046775,0.692350798829456,0,1.06723056391016,0,0,0,0,0,0,0,0,0,2.48913919945013,2.68796981758332,2.46819338612443,2.70891563090902,0.29178165454187,0.138094380028935,0,0,0,0.244966564748622,0.370416283485354,0.562738773094578,0,0,0,0,0,0.221598577855051,0,0.214124563701898
184,-0.0599999992700871,0.00999999994131729,0.042014232639325,0.0571927113917728,-0.0165118284322921,0.0415817513500592,-0.0545674071473837,-0.0998864098627348,0.0483275515749292,0.797634910744671,-2.55735353268044e-07,-7.12183548245161e-07,0.60316769399477,-0.000815689063393674,-0.00117915367250207,0.0519970120049306,4.79183537149997e-11,7.75146309691755e-11,-3.53477664171663e-05,-3.08192631829115e-06,-7.34024735023238e-06,-2.44538887024447e-05,-0.0750000000276918,-0.0749999999573612,-0.0499999999998097,2.18541725961296e-06,7.54079722913001e-06,0.000138555971854037,-1.52340743927743e-06,-2.08699267325713e-06,4.51776659098201e-07,-0.356216532959919,-0.399999968628747,0.250000002583055,-0.400000001162742,0.399999998025419,0.250000000787828,0.0739976349674024,-0.309503424288334,0.250000000078495,0,1.08882480079299,0,0,0,0.931502490864914,0,0,0,0,0,0,0,0,0,1.5185645223266,0,0,0,0,0,0.828819835355193,0,0.664012979214995,0,0,0,0,0,0,0,0,0,0,0,0,2.58984042386257,2.77585726648915,2.5168633383873,2.84883435196442,0.316953023557264,0.138856466735394,0,0,0.82929762435705,0.367728170687598,0.487230363398674,0.709795431645973,0,0,0,0,0.442706492257036,0.33454689025833,0.419080171950253,0.358173210565111
185,-0.0599999992864461,0.0099999999416024,0.042015192598292,0.0571929202092075,-0.0165089208401142,0.0415812525557984,-0.0561960740530285,-0.101680881475424,0.047868241583966,0.797629162461744,2.66067577211689e-07,3.31852278747813e-06,0.603175295502654,-0.000815472337180321,-0.00117805719109291,0.0519973596073461,-1.36576122119986e-10,1.3884614914776e-10,-7.30847790168482e-06,-9.30315475706426e-07,0.00013846413897505,-3.19125986880853e-05,-0.0750000000108247,-0.0749999999692563,0.00380000020335799,-5.07255154727817e-05,-0.000168664992898095,0.000898189765934074,-9.73466600121724e-06,5.02343918352592e-05,-1.3603740540945e-05,-0.368331371333435,-0.399999964958784,0.250000004196078,-0.400000002420562,0.399999998899222,0.250000000918792,-0.047902408555509,-0.245179394154585,0.214301759722182,0,1.11237371152625,0,0,0,1.00321636511169,0,0,0,0,0,0,0,0,0,1.55378926320075,1.85885695929221,0,0,0,0,0.789672815667647,0,0.618141769461058,0,0,1.09474005656183,0,0,0,0,0,0,0,0,0,2.71160585285295,2.91338837552282,2.70119059742605,2.92380363094973,0.293542010329406,0.138815329549079,0,0,0,0.246440775341187,0.375778018097498,0.56559136505047,0,0,0,0,0.310320420702031,0.228110632320551,0,0.217242070417936
186,-0.0599999992454009,0.00999999993502597,0.0420138382600823,0.0571930598841756,-0.0165103886648248,0.0415809771400552,-0.058116032188855,-0.103301609112168,0.0474799315843861,0.797629861640037,2.70457878461694e-07,-1.60361383866889e-06,0.603174370923808,-0.000815762688710548,-0.00117862362766079,0.0519970721527029,2.31549122508408e-10,5.30866632757903e-11,-1.59503672345401e-05,1.74204375709417e-05,-6.30420756814337e-05,-1.35328205058941e-05,-0.0750000000326612,-0.0749999999589697,-0.0423999992239072,5.64756975860688e-05,0.000179254199057233,-6.46575862341956e-05,1.18661848628194e-05,-2.07776748940822e-05,1.09584750281583e-05,-0.353568427360733,-0.399999967232148,0.250000002675516,-0.400000002427141,0.399999995841579,0.250000000767419,0.0862496698177107,-0.307493028000173,0.250000000004335,0,1.09076629102248,0,0,0,0.939870502262493,0,0,0,0,0,0,0,0,0,1.49115975284222,0,0,0,0,0,0.824304400917178,0,0.629808267953053,0,0,0,0,0,0,0,0,0,0,0,0,2.81896126923101,3.00766804103274,2.74809540881473,3.07853390144902,0.314480434272679,0.138069737477718,0,0,0.823507336466494,0.361252080542773,0.483754129434766,0.701005287574501,0,0,0,0,0.438997316918016,0.333160816612746,0.420375299240453,0.35178283429031
187,-0.0599999992363548,0.00999999992769112,0.042014803013395,0.0571933066600379,-0.0165062398946185,0.0415804410906137,-0.0597320837465159,-0.105084845502135,0.0471726216105241,0.797621524019329,-2.60860935925864e-08,3.66045955771428e-06,0.603185396312648,-0.000815424845614043,-0.00117699729968234,0.0519973777679842,-6.27028228473264e-11,1.31750333195134e-10,-5.45624938407716e-07,2.03834947249643e-05,0.00018856961408516,-3.44972689601037e-05,-0.0750000000333338,-0.0749999999769302,0.0114000019308955,-2.22586120475306e-05,-7.96327526995409e-05,0.00127667710768002,6.64835133207328e-07,7.00099129344407e-05,-1.23509721459036e-05,-0.337132555250552,-0.399999975393764,0.250000003103703,-0.400000002154181,0.39999999012179,0.250000001121797,0.126311679263263,-0.273305785928625,0.241407351208493,0,1.06839484114853,0,0,0,0.941521699822823,0,0,0,0,0,0,0,0,0,1.48306298638124,0,0,0,0,0,0.840125406108384,0,0.595378233490333,0,0,0,0,0,0,0,0,0,0,0,0,2.9603686568546,3.15580405954736,2.89794153919684,3.21823117720512,0.311592683615685,0.136295975304047,0,0,0.824721070050381,0.358896553377331,0.488391645056818,0.69522597837089,0,0,0,0,0.454466538584131,0.349776449789723,0.44396889731801,0.360274091055848
188,-0.0599999992021587,0.00999999992773607,0.0420151087049722,0.057194328026687,-0.0165011263860152,0.0415798795559551,-0.0613105778757302,-0.106832110917001,0.0476084389886261,0.797610456633463,-1.93070414936446e-07,3.95438700980021e-06,0.603200030979624,-0.000815173449895841,-0.00117499983965656,0.0519973677228344,3.85464478609679e-11,5.36279949903695e-11,1.90440947046288e-05,6.12011779690328e-05,0.000251882640147549,-2.89037241489186e-05,-0.0750000000511307,-0.0749999999862118,0.0320783433387032,1.29619708570977e-05,5.11447646291524e-05,0.00182960220997614,1.76369310844562e-05,9.73362074151669e-05,1.07175365747836e-06,-0.303048831604421,-0.399999977691596,0.250000003426523,-0.400000007032066,0.39999998498268,0.25000000104954,0.179268800310506,-0.227671070456668,0.220984610407263,0,1.02910624660301,0,0,0,0.937415089732372,0,0,0,0,0,0,0,0,0,1.47488936158902,0,0,0,0,0,0.868178234145183,0,0.566570388408457,0,0,0,0,0,0,0,0,0,0,0,0,3.09964040507012,3.30834940705683,3.04253307936463,3.36545673276233,0.309972976336922,0.13396141904322,0,0,0.831818240425174,0.359001015165686,0.500056733606677,0.690762521984182,0,0,0,0,0.470141454607297,0.36834791968211,0.472294246163089,0.366195128126321
189,-0.0599999993906681,0.00999999993651592,0.042015422211745,0.0572078713041537,-0.0164372259923591,0.0415793530877033,-0.0628390330897368,-0.108533043951997,0.0483118444445472,0.797421083892385,-3.35350914412429e-07,3.88431268563207e-06,0.603450357099382,-0.000809939463292997,-0.00114351601343721,0.051997388446562,5.18453262640202e-11,6.81624922919517e-11,1.55345720536832e-05,0.0012640784264524,0.00585883174700159,-3.04166206709739e-05,-0.0750000000445709,-0.0750000000021837,0.038231435929562,7.32660770540327e-07,2.37797281577711e-05,0.0586084732579441,0.000499290788161519,0.00292189032816372,-1.06368175787237e-06,-0.292529524294794,-0.399999974972669,0.250000005572196,-0.400000010084599,0.399999982104808,0.250000000405582,0.124789235292076,-0.164111950428337,0.202768226755095,0,1.04408362453332,0,0,0,0.973972545147426,0,0,0,0,0,0,0.675665384168561,0,0,1.54071340523363,1.88576440605339,0,0,0,0,0.789176932064743,0,0.467480303356822,0,0,1.13422705051436,0,0,0,0,0,0,0,0,0,3.22298426406919,3.45505095373509,3.21447699586825,3.46355822193603,0,0.104142846487115,0,0,0,0.221934838583423,0.386118364117425,0.53477534869131,0,0,0,0,0.378408633381785,0.287008306920822,0,0.253353013497541
190,-0.0599999994306359,0.00999999992733907,0.0420139818713792,0.057210684670855,-0.01642873798323,0.0415790313861188,-0.064641043265237,-0.109224055918072,0.0486121631571304,0.797395062545611,-1.60019793750601e-06,-1.07077342640214e-07,0.603484741181287,-0.000808933157628303,-0.00113946097237981,0.0519970489145425,1.58604009716018e-10,3.95679676765245e-11,-9.06294540298304e-06,4.57691083651179e-05,4.26973082400295e-05,-1.85302065954271e-05,-0.0750000000563303,0.00549632185439258,-0.00796856389580244,7.55435624001932e-05,0.000273222659740718,0.000426924030276576,1.40910010878609e-05,1.40240288514702e-05,1.28372514517515e-05,-0.278184263998781,-0.399999974903912,0.250000006075632,-0.400000008204968,0.399999983155915,0.25000000094065,0.175303092936915,-0.225782777066236,0.226739025821307,0,1.04311741929588,0,0,0,0.953401065855086,0,0,0,0,0,0,0.706582502960565,0,0,1.55015290403138,1.89372828245878,0,0,0,0,0.859386502210553,0,0.484916296926454,0,0,1.20296108197882,0,0,0,0,0,0,0,0,0,3.28126435791471,3.52380321012786,3.27851741347146,3.52655015457112,0,0.101958830053973,0,0,0,0.167340629085641,0.369271338247482,0.506014816417402,0,0,0,0,0.349464331955027,0.267483281074322,0,0.219599977541091
191,-0.0599999993705783,0.00999999992367942,0.0420132586383571,0.0572109230282775,-0.0164263657391799,0.0415785774681679,-0.0664182949275701,-0.108903992060206,0.047988481921299,0.797390409317883,-2.24106233048274e-06,6.81010646384812e-07,0.603490889527915,-0.000808895969577272,-0.00113859492494945,0.0519970305830694,6.160391416722e-11,6.2854965907407e-11,-2.84260981946913e-05,3.34350692569012e-05,0.000109174932974888,-2.87126822565381e-05,-0.0750000000475396,0.0264055182374854,-0.0499999999985945,3.74252060147611e-05,0.000134122687228334,0.000757207881266541,9.48008730940169e-06,3.73835067550493e-05,8.63738325779199e-08,-0.276611190380557,-0.399999974424125,0.250000005807655,-0.400000006344917,0.39999998939976,0.250000000906812,0.139920267744102,-0.298888621153803,0.250000000579008,0,1.04202575448996,0,0,0,0.943497103045186,0,0,0,0,0,0,0.738478808357664,0,0,1.53831597020917,1.91664488455835,0,0,0,0,0.838618228455897,0,0.481705642063701,0,0,1.21694607487721,0,0,0,0,0,0,0,0,0,3.25797474971667,3.49782389301832,3.24265932370021,3.51313931903478,0,0.0877553711840222,0,0,0,0.167391254605466,0.374404004942103,0.511216385567285,0,0,0,0,0.372575991641285,0.279308706648733,0,0.240350384583712
192,-0.059999999233891,0.00999999996594566,0.0420125713072158,0.0572113674672787,-0.0164246107864183,0.041578138561706,-0.0682188787152564,-0.108637601641169,0.046959984242014,0.797386648036015,-1.8934267645898e-06,5.41824537717629e-07,0.603495859301207,-0.000808828170437708,-0.00113800823948769,0.0519970339378738,3.47577705653773e-13,3.37125760754521e-11,-3.75704622174921e-05,1.49777293696388e-05,9.07866024931943e-05,-1.91414003122537e-05,-0.0749999999118127,0.000363731140865609,-0.0500000000018632,-1.18604866742534e-05,-4.18054979561565e-05,0.000627302599259476,1.09184542932915e-06,3.11346921030833e-05,-1.50889156878539e-07,-0.289550465453177,-0.399999989710269,0.250000004378671,-0.400000002189938,0.399999982660011,0.25000000069008,0.149380857536743,-0.400000049593516,0.249999999231771,0,1.01285041905055,0,0,0,0.919356079968481,0,0,0,0,0,0,0.67837539847518,0,0,1.40590026088171,0,0,0,0,0,0.796077954102403,0,0.50415157486158,0,0,1.09473505246209,0,0,0,0,0,0,0,0,0,3.25994332752439,3.47724439623996,3.19712815339203,3.54005957037232,0,0.094173073567701,0,0,0.814247564223448,0.323699236794492,0.482110735212579,0.655836065805359,0,0,0,0,0.476358300839299,0.357700139965761,0,0.360028583658003
193,-0.0599999999841782,0.00999999995037465,0.0420129150436427,0.0572118833119193,-0.0164229755451106,0.0415772552291861,-0.0699418913158728,-0.110188305980728,0.0463872510320804,0.797383110883142,3.20888743454239e-07,2.47019875258826e-06,0.603500532823437,-0.000808576808224413,-0.00113750209948277,0.0519971606000713,-2.54839473422806e-10,1.05711987019023e-10,-3.16153591299665e-05,-3.24376828500105e-05,9.73700218865766e-05,-1.70707667843183e-05,-0.0750000000283365,-0.0749999999656562,-0.00748589126035825,-0.000127385326847964,-0.000447827486954363,0.00058220878907782,-2.37086961900807e-05,3.47248481656875e-05,-4.69484441529699e-06,-0.278285586352325,-0.399999977228094,0.250000003718262,-0.400000002968921,0.399999994494291,0.250000000656801,0.143824632722571,-0.350720031309916,0.250000001836883,0,1.00086604181669,0,0,0,0.927359638615353,0,0,0,0,0,0,0.688776562952287,0,0,1.38077580132121,0,0,0,0,0,0.77734436244332,0,0.472838803092628,0,0,1.10971128229373,0,0,0,0,0,0,0,0,0,3.36521938343228,3.58226029736129,3.30345946678121,3.64402021401236,0,0.0749666512229175,0,0,0.822915525901088,0.327997034938587,0.487501424199099,0.663411136640573,0,0,0,0,0.494949876402365,0.363622687357167,0,0.376088859456823
194,-0.0599999991742122,0.00999999994063293,0.0420128911142184,0.0572121615142713,-0.0164224103627023,0.0415765116101337,-0.0716640039419597,-0.111932209651859,0.0463201568526238,0.797381213845078,1.23730597279233e-06,1.96998784469894e-06,0.603503039292548,-0.000808570898805786,-0.00113736072865006,0.0519971617879971,-4.9491720331029e-11,5.03354012976443e-11,-8.89980461412904e-06,-5.30718899572459e-06,3.69040735286877e-05,-2.88155799321284e-05,-0.0750000000552809,-0.0749999999771477,0.000735367096979613,-3.47135483342187e-05,-0.000120923918875895,0.000329022352391471,-6.56002832937458e-06,1.2528943768439e-05,1.91497568028926e-07,-0.24791331325627,-0.399999984792498,0.250000004196912,-0.400000006579092,0.399999984993754,0.250000001765538,0.199445218404578,-0.321636131869804,0.250000002305828,0,0.990654453545574,0,0,0,0.923237481252786,0,0,0,0,0,0,0.717206917489797,0,0,1.36944149321278,0,0,0,0,0,0.827599273175424,0,0.467791545765076,0,0,1.18149368726764,0,0,0,0,0,0,0,0,0,3.48425392784304,3.70988915521884,3.43128401237882,3.76285907068306,0,0.0635157559910338,0,0,0.817747088638597,0.316018927807031,0.484068856857163,0.649697159588467,0,0,0,0,0.487418705265274,0.359849424563164,0,0.363115672262844
195,-0.0599999999223068,0.0099999999357224,0.0420127630788709,0.0572122859127642,-0.0164213001510274,0.0415758117291575,-0.0733694341207002,-0.11366279027056,0.0463445726067188,0.797378622938704,8.35142437929953e-07,2.15407732343077e-06,0.603506462530809,-0.000808572994516683,-0.00113698685277821,0.0519971468229573,4.32118783978091e-11,1.44814460599516e-11,2.92611721965177e-07,1.89677013149872e-05,5.06007436066364e-05,-3.92923209476953e-05,-0.0750000000431846,-0.0749999999856398,0.00170137819403753,2.44243986354064e-05,8.78294854659122e-05,0.000423256759222696,5.58439945574864e-06,1.56551275251921e-05,5.53500853437539e-07,-0.226685592161507,-0.399999992372277,0.250000003939932,-0.400000006504477,0.399999987560169,0.250000001313037,0.213490727413029,-0.322529834678603,0.250000001903215,0,0.961065119999841,0,0,0,0.920001818591799,0,0,0,0,0,0,0.741121004331091,0,0,1.3418218148797,0,0,0,0,0,0.819087840104489,0,0.443132418032127,0,0,1.21191309112078,0,0,0,0,0,0,0,0,0,3.5886518465902,3.81872377874165,3.5354539186187,3.87192170671316,0,0.0536554662686429,0,0,0.816720535825843,0.31121196656847,0.487355586868649,0.640576915525665,0,0,0,0,0.498696127812055,0.369288837601828,0,0.368890088672036
196,-0.0599999998878855,0.00999999993496911,0.0420126481925907,0.0572125150307609,-0.0164200627086385,0.0415751048812625,-0.07505865619999,-0.115000000074709,0.0463796734804386,0.797375806128673,7.03161666022253e-07,2.25174646230708e-06,0.603510184205321,-0.000808541770589922,-0.00113658354427895,0.0519971429027462,7.42121040750979e-13,7.50011112501467e-12,-3.75471469277492e-06,1.56624040683473e-05,6.01696058677304e-05,-3.67655659264909e-05,-0.0750000000522948,2.1848643157696e-11,0.0018081751971075,8.27247580231765e-06,2.96270965804114e-05,0.000464496425694413,3.44667448516758e-06,1.90596788914491e-05,1.21416674020801e-07,-0.18372621814474,-0.399999996989,0.250000004246695,-0.400000008304994,0.39999998992382,0.250000001264574,0.254206729127614,-0.367747732530778,0.250000001977663,0,0.929284004877912,0,0,0,0.922762714132941,0,0,0,0,0,0,0.760128192033704,0,0,1.32062446484339,0,0,0,0,0,0.83516514569785,0,0.420276326234454,0,0,1.27503399271578,0,0,0,0,0,0,0,0,0,3.68952958289123,3.9318733004206,3.63980206450519,3.98160081880664,0,0.065059614315085,0,0,0.805121487837949,0.298702799830901,0.488418495623544,0.615405792045308,0,0,0,0,0.514974818600037,0.389972862568732,0,0.373270681724252
197,-0.0599999991334959,0.0099999999397147,0.0420125013580065,0.0572127797248529,-0.0164188690966899,0.041574393502507,-0.0767330630679743,-0.115000000082586,0.0463890550239305,0.797373039074773,6.82511362230442e-07,2.20080938405531e-06,0.603513840113772,-0.000808501729991348,-0.00113620353963227,0.0519971336693652,3.28547493800857e-11,6.61922210626232e-11,-5.74693052450298e-06,1.43988102810045e-05,5.94416877877377e-05,-3.5568428701614e-05,-0.0750000001113466,4.78638172644428e-11,-0.000856696816862815,3.03774983685763e-06,1.0662897988294e-05,0.000458933488837139,2.93323518153573e-06,1.88373492624629e-05,3.42650211026286e-07,-0.192505776261743,-0.399999972844635,0.250000001876772,-0.400000013627904,0.399999987774001,0.250000001920154,0.296081239540786,-0.306925311590867,0.250000001213177,0,0.928715610619116,0,0,0,0.911066668398297,0,0,0,0,0,0,0.751051392132021,0,0,1.29809705941207,0,0,0,0,0,0.921895876782606,0.0227627681309194,0,0,0,1.42836404414551,0,0,0,0,0,0,0,0,0,3.70237158225442,3.95901669997393,3.6433952980853,4.01799298414306,0,0.0655789439765288,0,0,0.819788492283028,0.300027816641855,0.510414565644092,0.609401743280794,0,0,0,0.22804114107579,0.563085611227126,0.447987848901703,0,0.407594883240102
198,-0.060000000179301,0.00999999994453553,0.0420125196740405,0.0572132476719638,-0.0164155413699752,0.0415736611803012,-0.0784100670062858,-0.115000000085873,0.0463317072662386,0.797366632791762,-1.91473615085794e-07,3.32511829923066e-06,0.603522304068726,-0.000808354649859886,-0.00113500704338305,0.0519971720817554,1.08808177588789e-10,1.32536222365691e-11,3.67760182441574e-06,4.66868374800824e-05,0.000155692727742662,-4.66467370748997e-05,-0.0750000001247623,5.30830124586626e-11,-0.00485807226396274,3.57542295194959e-05,0.000130841086485761,0.00104293184497735,1.42278585878892e-05,5.31318305071153e-05,-1.4892146181221e-06,-0.153261076206057,-0.399999993878089,0.250000004172183,-0.341568975584782,0.39999992125485,0.250000002164698,0.349310567593812,-0.271371775043993,0.250000001517277,0,0.900828326910143,0,0,0,0.861385779386748,0,0,0,0,0,0,0.725210799110853,0,0,1.23590102158834,0,0,0,0,0,0.929556778797226,0.0468073570455316,0,0,0,1.4866731240378,0,0,0,0,0,0,0,0,0,3.71397933970323,3.98139180661711,3.64685708035254,4.04851406596781,0,0.0461673924878779,0,0,0.837412099791036,0.314213262165347,0.540794253329036,0.610831108627347,0,0,0,0.232108515652873,0.611060764667753,0.490916666807341,0,0.442318316418487
199,-0.0599999999259378,0.00999999992731079,0.0420125835007931,0.0572140879946098,-0.0164116663171927,0.0415728652190467,-0.0800358142937189,-0.115000000042578,0.0462199410885333,0.797358904343556,-2.21067547778245e-07,3.65758033060303e-06,0.603532514690998,-0.000808136209503004,-0.0011336265653677,0.0519971918880564,1.33428964604203e-11,-2.76289381984664e-11,8.9713339980628e-07,4.43516573417503e-05,0.000192554458819241,-4.08860560527778e-05,-0.0750000000257566,-3.15501434455788e-11,-0.00631127946138774,2.07170988059651e-06,7.66859032035529e-06,0.00127947790246409,1.10448012732021e-05,6.81832177489808e-05,-6.80018111556612e-07,-0.115407309941181,-0.400000014026678,0.25000000331949,-0.0814159001028368,0.399999963790716,0.250000001805115,0.399999989392321,-0.0839575596425966,0.249999999322664,0,0.854423316821135,0,0,0,0.692197089639694,0,0,0,0,0,0,0.652110693178995,0,0,1.20175790931321,1.79749099142452,0,0,0,0,1.08946666817121,0,0,0,0,1.68519887781232,0,0,0,0,0,0,0,0,0,3.84120032444701,4.19462719793761,3.83521567453156,4.20061184785306,0,0.0889128471938824,0,0,0,0.197289501605772,0.495733150657275,0.466483589670661,0,0,0.176496084903075,0.267959726298593,0.55406677794841,0.485022458714592,0,0.356500418225402
200,-0.0597168501796389,0.0099999998461087,0.0420117360710027,0.0577803749251909,-0.0153995839654534,0.0414465555991577,-0.0815382012059982,-0.113493554254585,0.0456294055492986,0.796992902175546,9.95403795993435e-07,4.22519856392251e-06,0.604015757269138,-0.000513988957353344,-0.00107500665428406,0.051997193615007,0.028748788091651,-2.28175807760468e-09,-0.000120843311135854,0.0511598368068277,0.0750000000089588,-0.0127009152531921,-0.0749999999974354,0.0749999996983846,-0.0500000000063161,0.00178375672174848,-0.000536022983174925,0.1076393528059,0.0296193466065552,0.00525647773415947,-5.83548929348236e-05,0.372019981939843,-0.400000346406211,0.150000002790563,-0.304809284671258,-0.206249508536929,0.188280120372331,0.00399436506186041,0.308295836732801,0.149999997396715,0,0.636700921555308,0,0,0,0,0,0,0,0,0,0,0,0,0,0,0,0,0,0,0,0,0,0,0,0,0,0,0,0,0,0,0.548095035951998,1.13487266320117,0.718780750163186,0.964186948989978,3.37646858885471,4.03735973372664,3.55609933233947,3.85772899024188,0.67862150835777,0.184095075117934,0,0.904983350395366,1.29019650007141,0,0.890757817465911,0.318793643930355,0.0329090726205983,1.12618637690923,0.400970729172457,0.442357978719178,0.535670455008549,0.582174718013949,1.5113988439231,0.0614940993210909
201,-0.0595334041637023,0.00999999980409559,0.0420134717072507,0.0583472796883342,-0.0137130325144702,0.0415594917546824,-0.0803382922897404,-0.114240475466831,0.0451700954828121,0.794064652744351,-2.35737670145976e-07,8.61256890282072e-07,0.607860332883897,-0.000250812868991162,-0.000596033845079571,0.0519980318405821,-0.00530049239640766,-3.83832952578738e-10,4.52741505175119e-05,0.011718444696641,0.0750000002352303,0.00603627200396724,0.0750000001014798,-0.0750000002133782,0.00379999620134087,0.00453358851590993,0.00635608645616751,0.804053804518183,0.000946898835990513,0.0399284819183374,-0.000360630361244282,0.386895610080331,-0.400000214664863,0.150000001112468,-0.0714796225096326,-0.250170550434297,0.214785280242448,-0.18490320397637,0.395624002670741,0.149999998804075,0,0.610030959459762,0,0,0,0,0.0991998082564748,0,0,0,0,0,0,0,0,0,0,0,0,0,0,0,0,0,0,0,0,0,0,0,0,0,0,0.42000381986114,0,0.204085633287853,3.48926605598556,4.14359127796962,3.6651452619443,3.96771207201088,0.656236478912907,0.187296928410937,0,0.90168486654343,1.28713107818895,0,0.876750424468835,0.334314084233062,0,1.11658381657662,0.381835026856292,0.435068400159828,0.528852760227641,0.574177074577775,1.50202847489182,0.0754549917753687
202,-0.0597325438268984,0.00999999986415214,0.0420180841232538,0.0584722727759504,-0.0120380431436518,0.0416949955130285,-0.0784183342543217,-0.115000000008664,0.0457602546241311,0.789500593447511,-1.13150682448301e-06,1.59175732281744e-06,0.613776791109269,-0.000332186958823983,0.000148718378231781,0.0519979084460277,-0.0140694420565942,-6.77796267086675e-10,0.000283853953719047,0.0013953190198826,0.0749999999307032,0.00907457636676171,0.0750000000115782,-4.87787963866585e-11,0.0499999999994029,0.00308447432170552,0.00454464807426179,0.720529084223965,-0.00901316821049998,0.0359481637683008,-8.80516704115879e-05,0.160018521436535,-0.394035231451263,0.165810928774144,-0.400000023090123,0.398083812870426,0.250000000758704,-0.156335056787029,0.248797441739578,0.149999999753847,0,0.749266957863209,0,0,0,1.27756018999834,0,0,0,0,0,0,0,0,0,0,0,0,0,0,0,0,0,0,0,0,0,0,0,0,0,0,0,0,0,0,3.57003823803431,4.18370030962153,3.7363177982426,4.01742074941326,0.89055962291308,0.110995213038667,0,0.529233872030709,1.33847890612795,0,0.877341984174761,0.347604072441745,0,0.537113578457271,0.250687812504274,0.328528260692806,0.487297120513427,0.502123900307842,1.39388547208803,0.0574475821030675
203,-0.0599999942991822,0.00999999995813528,0.0420189107658161,0.0584871927966093,-0.0102626436106817,0.0417446652593004,-0.0765515799810308,-0.115000000086321,0.0467635955907862,0.78416332467531,-1.04409923822814e-06,-2.16296150088736e-06,0.620581495181064,-0.000489162555358641,0.00101180593470115,0.0519980384406361,-6.52962381622569e-05,4.28489761474042e-08,-0.000200954821749351,0.00208348096960035,0.0750000000725311,0.00180558753902965,0.0749999999792045,9.12355284833406e-11,0.050000000012389,0.011169662368511,-0.00439908455975249,0.905268696236733,-0.00325777982150269,0.0471085108330628,-8.01955026147381e-05,0.115973059760432,-0.400000002323954,0.250000005150242,-0.390720656309079,0.400000029884407,0.250000001538921,0.1979562168905,-0.309269635133236,0.200176220527674,0,0.790378857338451,0,0,0,1.14879714781781,0,0,0,0,0,0,1.00547574917152,0,0,1.29427126808008,1.75451509610923,0,0,0,0,1.11056819968976,0.295148972047957,0,0,0,1.57081286107614,0,0,0,0,0,0,0,0,0,3.69055194246071,4.006418384851,3.71337237348269,3.98359795382903,0,0,0,0,0,0,0.416629328684282,0.389923137080264,0,0,0,0.213554680946551,0.437772260740524,0.423342448413396,0,0.179811031911297
204,-0.0598363434468306,0.0100000002374811,0.0420173280594872,0.0588682193979903,-0.00890297513990445,0.0417426014142682,-0.0773566601297763,-0.113729115982526,0.0472992857866618,0.779871217690147,-2.86565197957699e-06,3.13036025717983e-06,0.625966960815597,-0.000229672880518783,0.00169670199580698,0.0519968862843816,0.0116164402926411,-8.8760388695958e-10,-4.25920905271631e-06,0.0202167810536612,0.0564934335079972,-1.22133577481369e-05,-0.0749999999099819,0.0749999992840301,0.00380000005497049,7.30092855215065e-05,-0.000115568588331325,0.568937133238011,0.0152492265762698,0.0283501303107904,3.92694615456464e-05,-0.0352256397266825,-0.400000009570065,0.250000156967826,-0.40000021939148,0.3999998753044,0.250000067569173,0.292850065820275,-0.400000295080284,0.250000077971472,0,0.842767126209246,0,0,0,1.02676446929123,0,0,0,0,0,0,0.942679341142744,0,0,1.39198521679945,1.78000530822874,0,0,0,0,1.02327123843894,0,0,0,0,1.41129150660831,0,0,0,0,0,0,0,0,0,3.60118492629785,3.89384056903405,3.59689786482229,3.89812763050961,0,0.000141708978243173,0,0,0,0.0200928306999594,0.421791582505996,0.428937059523364,0,0,0.0318474127670252,0.221981828455349,0.460642807583893,0.402408725309429,0,0.271297725699385
205,-0.0596114681622553,0.00999999993236721,0.0420167307758842,0.0592144721335591,-0.00805613503151644,0.0417425060846559,-0.0790645916108193,-0.112764264049833,0.0469109754555184,0.777198201405509,-3.54237285090694e-06,2.76446216192608e-06,0.629282767747539,4.60686393034597e-05,0.00212177580669409,0.0519970806291288,0.0102557676801486,-5.02912481699758e-10,-4.03679319280311e-05,0.014319287029651,0.0288444928628449,-3.0644484905713e-05,-0.0750000000304468,0.0217514070600737,-0.0424000117158489,-0.000131286919624039,9.27774087286546e-05,0.289882331704795,0.0119476597436493,0.0144681068107204,-9.08832579851967e-06,-0.0609987547880034,-0.400000029651881,0.250000006698413,-0.400000019429345,0.39999999133328,0.250000003981504,0.236726076911868,-0.400000013800017,0.249999999261516,0,0.886688805659247,0,0,0,0.992077946425992,0,0,0,0,0,0,0.935599392501963,0,0,1.39132257147301,1.79338997948323,0,0,0,0,0.979824334114257,0.00277810640730499,0,0,0,1.38189175630339,0,0,0,0,0,0,0,0,0,3.55240306949734,3.83268248320526,3.53101823838147,3.85406731432113,0,0,0,0,0,0.0445547594730005,0.429118440853322,0.458161916710933,0,0,0,0.205751084324478,0.475788005339798,0.394501848147215,0,0.303292435598747
206,-0.0594578233321063,0.00999999991990621,0.0420160962923921,0.0594195928909882,-0.00768580693242619,0.0417421223848746,-0.0807816801646692,-0.112693835343501,0.0459341956079133,0.776027211596593,-3.55715976308201e-06,3.78484451630108e-06,0.630726273279352,0.000221018108519814,0.00230718057774674,0.0519970865196367,0.00427472359932029,-1.19798646254418e-10,-3.45725557080439e-05,0.00554006476322659,0.00919941317387977,-1.6800544772442e-05,-0.0750000000132712,-0.0145271441639772,-0.0500000000011614,-3.54741474279158e-06,1.92136637254733e-05,0.0920999904663371,0.00479311923859705,0.00458414043204982,2.12825446071869e-07,-0.0692034952413017,-0.400000023432119,0.250000003609476,-0.40000001147188,0.399999994026467,0.250000002249045,0.216131888833512,-0.400000010419103,0.249999999521316,0,0.889126098030529,0,0,0,0.982887845796519,0,0,0,0,0,0,0.921573960523802,0,0,1.40096822544803,1.79574810648834,0,0,0,0,0.99240374746297,0,0,0,0,1.38718367333061,0,0,0,0,0,0,0,0,0,3.54450559728651,3.8165269375812,3.51745329500977,3.84357923985793,0,0,0,0,0,0.0550680041434409,0.429521348293216,0.471366518759564,0,0,0,0.203263378600326,0.486055239570994,0.388622388186633,0,0.315667907210951
207,-0.0594424164963167,0.00999999991971463,0.0420149843096389,0.0594433911784107,-0.00762871048612334,0.0417421658949567,-0.0824825933298975,-0.112982435474465,0.0449319104751696,0.775850697001883,-4.1667544536789e-06,-4.47960155000038e-07,0.630943390311057,0.000240237089589558,0.00233519298271477,0.0519970946359146,2.63811256581138e-05,-1.52023237638163e-10,8.18791954201875e-06,6.59188334538911e-05,0.000207702892862477,-6.01058557544523e-05,-0.0750000000023795,-0.0143338360904015,-0.0500000000001006,-0.0001351714971103,0.000973384674799752,0.00147059364954176,2.10579149211912e-05,8.92255373381199e-05,7.40285999004674e-08,-0.0622622838951441,-0.400000001773977,0.250000000225471,-0.400000001158788,0.399999999630341,0.250000000190311,0.213030170092576,-0.400000000546793,0.24999999995855,0,0.891368021605431,0,0,0,0.971669724077125,0,0,0,0,0,0,0.915924125988443,0,0,1.39727757749013,1.79947089558498,0,0,0,0,1.00423047178296,0,0,0,0,1.40642373756268,0,0,0,0,0,0,0,0,0,3.56155384482864,3.83149947607621,3.53284327134233,3.86021004956252,0,0,0,0,0,0.0566842635338467,0.429455776112121,0.473778931625019,0,0,0,0.204974822203015,0.490082791756949,0.38912274666464,0,0.319927773176821
208,-0.0594425734343782,0.00999999992824525,0.0420143120054994,0.0594437733061862,-0.0076233189938741,0.0417417525546291,-0.0841834720971761,-0.113337101298176,0.0439431257701594,0.775838791878218,-3.79908549273869e-06,4.62211480985403e-07,0.63095802938029,0.000240073362577994,0.00233735058944183,0.0519970864015464,-1.87919061492443e-05,-1.22022950086382e-10,-3.03890834067605e-05,2.98611882829941e-05,0.000265985334185136,-2.22302955086521e-05,-0.0750000000164177,-0.0210989201023529,-0.0488840497036186,-2.4483276641434e-06,0.000136598871798538,0.00188750035828721,-5.40955613982298e-06,0.000105558488873353,4.43059963015334e-07,-0.0664187579509948,-0.400000025969507,0.250000004104651,-0.400000013575954,0.399999992922392,0.250000002614107,0.20207478081458,-0.400000011935229,0.24999999942149,0,0.889809537820698,0,0,0,0.975382379080163,0,0,0,0,0,0,0.917895028461291,0,0,1.40530258929667,1.79599413828254,0,0,0,0,1.00323743352328,0,0,0,0,1.39392903244063,0,0,0,0,0,0,0,0,0,3.57951447598371,3.84838565850296,3.55037397702896,3.8775261574577,0,0,0,0,0,0.0551756395297973,0.427075886128323,0.474969522634712,0,0,0,0.205835875928852,0.490789274654766,0.387747528503416,0,0.320737448117716
209,-0.0594432460017376,0.00999999992828461,0.0420135304503486,0.0594439677787418,-0.00761850019557885,0.0417414704714951,-0.085886756271556,-0.113927649618012,0.0430203737677553,0.775828114965094,-3.85975824911052e-06,2.2683874146878e-07,0.630971157702287,0.000239713553903187,0.00233922674530453,0.0519970884048718,-3.09078359329995e-05,-2.32289422788627e-12,-4.07761271460462e-05,5.14213518024957e-06,0.000241794701464113,-1.2855130536218e-05,-0.0750000000083363,-0.0378720466481495,-0.0434184785587702,1.61768619351331e-06,-5.03379038495974e-05,0.00168806174315136,-1.9486984767404e-05,9.4294772508991e-05,-1.29685907016414e-07,-0.0640166231338403,-0.400000007768562,0.250000002246396,-0.400000007379281,0.399999995999939,0.250000001555859,0.183078353968468,-0.400000006632597,0.249999999657673,0,0.89632126828744,0,0,0,0.971133946757763,0,0,0,0,0,0,0.918125838826969,0,0,1.4004979526403,1.79211254578615,0,0,0,0,0.995122241529124,0,0,0,0,1.3867368891896,0,0,0,0,0,0,0,0,0,3.61453761113101,3.88233897965217,3.58451125515423,3.91236533562895,0,0,0,0,0,0.0592545236838383,0.426822517095191,0.477674145087337,0,0,0,0.205893057891018,0.492737874406938,0.386992663071862,0,0.32281799977068
210,-0.0594427721811275,0.00999999992042665,0.0420129003137729,0.0594446879061501,-0.00761447956476785,0.0417410323434296,-0.0876311262696171,-0.115000000008169,0.0421870469392762,0.77581957341506,-3.12235051262099e-06,9.03993751239674e-07,0.630981660061025,0.000239976475133373,0.00234073145039119,0.0519970786993087,1.41997613664339e-05,-9.57240260420333e-11,-2.18472584606798e-05,5.48416743224878e-05,0.000197195526259194,-2.9379097080554e-05,-0.0750000000024362,-4.49974347181647e-08,-0.039931638866763,-1.35875210347543e-05,0.000273501866252919,0.00135552608274877,2.24455536157895e-05,7.39393712743029e-05,5.1003673577678e-07,-0.0711382361043927,-0.400000001456229,0.250000000195844,-0.400000001040318,0.399999999664326,0.250000000165155,0.188755735480368,-0.400000000369803,0.249999999962304,0,0.89203494963813,0,0,0,0.969549732628818,0,0,0,0,0,0,0.940426943757782,0,0,1.41170240407313,1.80397405760768,0,0,0,0,0.986955644161978,0,0,0,0,1.37922725798437,0,0,0,0,0,0,0,0,0,3.68352184823397,3.94954153091468,3.65083121048697,3.98223216866168,0,0,0,0,0,0.0772255363843102,0.431774043771654,0.483891986892083,0,0,0,0.205039130408771,0.497518166086853,0.391963758577402,0,0.328658575205326
211,-0.0594428022620428,0.00999999991878857,0.0420121839775455,0.0594452225873323,-0.00761131578151899,0.0417407029535823,-0.0893872154984095,-0.115000000032449,0.0413508157689233,0.77581278832684,-2.88346855509766e-06,7.29194675943809e-07,0.630990002534727,0.000240093292986037,0.00234184960679334,0.0519970773256417,-5.7331905554688e-07,-4.00349022069888e-12,-3.6401612477908e-05,2.33282312778237e-05,0.00015955240837494,-1.56851642398926e-05,-0.0750000000034442,-1.10099658156015e-12,-0.0436727724989841,-2.18372686039084e-06,-8.38034026527615e-06,0.00107601694060143,5.3710815310587e-06,5.69519557245425e-05,-4.1835854275765e-09,-0.0699765717335223,-0.400000003964975,0.250000000202112,-0.400000001587993,0.399999999823911,0.250000000169967,0.175020316088502,-0.400000000439753,0.249999999959652,0,0.890602325017628,0,0,0,0.970403614454095,0,0,0,0,0,0,0.941759674297693,0,0,1.40176652804505,1.79609647177371,0,0,0,0,0.965877697141537,0,0,0,0,1.3602077880166,0,0,0,0,0,0,0,0,0,3.69320231398301,3.95534754033284,3.65708631030553,3.99146354401032,0,0,0,0,0,0.093183498079665,0.43418855013015,0.491021745118952,0,0,0,0.201715429599799,0.504012774426165,0.39304552507156,0,0.336359319321911
212,-0.0594428508696746,0.00999999991762744,0.0420114668241365,0.0594456110821386,-0.00760913407427302,0.0417404487540554,-0.0911396117920935,-0.115000000036103,0.0405185965244167,0.775807936348368,-2.56284095082786e-06,2.91598274723007e-07,0.630995968078778,0.000240143755850226,0.00234258206906564,0.0519970898476552,-1.1454662446786e-06,3.70538226189158e-12,-3.76308910470113e-05,1.35136694093068e-05,0.000111942063676618,-1.30921515512513e-05,-0.0750000000034979,-1.06428323945305e-12,-0.039570126322548,-4.73829205760467e-06,-1.99976723323539e-05,0.000773979182477943,2.09017818374065e-06,3.87004046738473e-05,-5.48349038018439e-07,-0.069811023085385,-0.400000004056676,0.25000000021248,-0.400000001600385,0.399999999841518,0.250000000163207,0.167339423455733,-0.400000000428,0.250000000890519,0,0.889464007148408,0,0,0,0.971252961269799,0,0,0,0,0,0,0.9434808870078,0,0,1.40261650364681,1.79966630774712,0,0,0,0,0.965481530246408,0,0,0,0,1.36253137065362,0,0,0,0,0,0,0,0,0,3.69767599789337,3.96043810652394,3.66925825665537,3.98885584776194,0,0,0,0,0,0.0953898683653216,0.434609011814427,0.492581926493547,0,0,0,0.201623864271481,0.506345686558436,0.393946826209529,0,0.337973986034108
213,-0.0594428753590886,0.00999999992504727,0.042010746402583,0.0594459216274519,-0.00760718023585466,0.0417401787491521,-0.0928941672517205,-0.115000000050316,0.0400052997130056,0.775803548136406,-2.42605438906487e-06,1.76701639014039e-07,0.631001363337471,0.000240195544520847,0.0023432431267039,0.0519970898277197,-4.39348150557325e-07,-6.19193667166e-11,-3.59441549739389e-05,1.42129769696161e-05,9.86406116745218e-05,-1.35141656043546e-05,-0.0750000000179974,-2.57186380012284e-11,0.00286524769178085,-2.6618508601556e-06,3.35757887563423e-06,0.000697385357175739,2.75372755191477e-06,3.38227318911041e-05,2.06220627268938e-09,-0.0598188626059945,-0.40000002618597,0.250000004291442,-0.40000001404282,0.399999993923844,0.25000000257966,0.155300078175372,-0.400000010598787,0.249999999261153,0,0.880349975573561,0,0,0,0.969359433316869,0,0,0,0,0,0,0.944396883022117,0,0,1.40469744189153,1.78680325317904,0,0,0,0,0.961579937396264,0,0,0,0,1.34368574366773,0,0,0,0,0,0,0,0,0,3.70054213446072,3.9608946035236,3.68004000750107,3.98139673048325,0,0,0,0,0,0.090163140093828,0.431269888339169,0.491720023465575,0,0,0,0.201876785326309,0.505080017484237,0.391314101940805,0,0.337702783813583
214,-0.0594429040817198,0.00999999991700747,0.0420100256470306,0.0594461940405774,-0.00760540113855042,0.0417399390369938,-0.0946558708002732,-0.115000000046769,0.040000002292019,0.775799475464856,-2.35946301153673e-06,4.93228710421408e-08,0.631006370572297,0.000240234544161584,0.00234384328836977,0.0519970957733419,-1.34456026181353e-06,-5.61981207918337e-12,-3.68391844989292e-05,1.18781596564652e-05,8.97268280108593e-05,-1.22137229484737e-05,-0.0750000000034413,-9.82813062920399e-13,2.50955693692923e-12,-7.32451936461766e-07,-9.54646728311738e-06,0.000647075037235975,1.71937637778372e-06,3.05220728280754e-05,-2.46163802827768e-07,-0.0665471849420177,-0.400000004219674,0.250000000223256,-0.400000001582111,0.399999999877329,0.250000000160196,0.152709649836774,-0.400000000398658,0.250000001035071,0,0.883680692100016,0,0,0,0.967527979720219,0,0,0,0,0,0,0.950336986709756,0,0,1.40179630587426,1.79173757451076,0,0,0,0,0.95552884921303,0,0,0,0,1.34547011174972,0,0,0,0,0,0,0,0,0,3.70551732605487,3.96818428553884,3.6856670059814,3.9880346056123,0,0,0,0,0,0.0874447571296358,0.43357352163601,0.494118728007404,0,0,0,0.200760684806383,0.505386367976431,0.391749718524841,0,0.337070964418576
215,-0.0594437958694746,0.00999999991612581,0.0420091594385232,0.0594460447534585,-0.00760385339197173,0.0417398413252593,-0.0963735369518143,-0.115000000040527,0.0400000023038514,0.775795664505883,-2.93765543685216e-06,-9.10838761045398e-07,0.63101105597695,0.000239847286257247,0.00234436363917539,0.0519971068147116,-3.55420455779669e-05,1.18298853386106e-10,-5.73573008061383e-05,-3.74124615950753e-05,8.21878751997852e-05,6.52203463430745e-06,-0.0750000000034532,-8.22136644454633e-13,2.54385678843549e-12,8.98027952223644e-06,-0.000363551964379263,0.000589776393906019,-3.28348320592109e-05,2.77058473024464e-05,-6.9222783612928e-07,-0.0722611008628803,-0.400000004199643,0.250000000226793,-0.400000001550005,0.399999999883208,0.250000000157983,0.149003121018139,-0.400000000348959,0.250000001036757,0,0.887809796323945,0,0,0,0.964807227928557,0,0,0,0,0,0,0.963368945728142,0,0,1.4024272144277,1.79620513850737,0,0,0,0,0.932931516844813,0,0,0,0,1.32670960166796,0,0,0,0,0,0,0,0,0,3.71255218251266,3.97319535584976,3.69053206287414,3.99521547548828,0,0,0,0,0,0.0954161312169933,0.435459991613345,0.50036080699695,0,0,0,0.198251904724211,0.508964830862847,0.392200955266308,0,0.341470168641316
216,-0.0594432652097135,0.009999999916048,0.042008536164247,0.0594463263231427,-0.00760271380960649,0.0417395021031249,-0.0981583439634573,-0.115000000065283,0.0400000023345341,0.775792808205364,-1.9704626220252e-06,-3.28814136512479e-07,0.631014567640336,0.000239977846434967,0.00234475479217556,0.0519971025356608,2.22531032512359e-05,-1.41093365178368e-10,-1.57299660166585e-05,4.21228278371488e-05,5.50567434319644e-05,-3.06515750772026e-05,-0.0750000000034536,-8.42647936167621e-13,2.56912912515208e-12,-2.27962703881974e-05,0.000403926892225521,0.00047146400524746,2.23078361451263e-05,2.04682377275182e-05,4.04642484813867e-07,-0.0789861447799126,-0.400000004255204,0.250000000233419,-0.400000001545182,0.399999999872169,0.250000000159685,0.142729600303004,-0.400000000333593,0.250000001072599,0,0.892981708910027,0,0,0,0.962095322754486,0,0,0,0,0,0,0.977176526834341,0,0,1.4009144299397,1.80092216185692,0,0,0,0,0.904654664220915,0,0.440620753925406,0,0,1.30466260656967,0,0,0,0,0,0,0,0,0,3.72133099889694,3.97925932190907,3.69573927330178,4.00485104750424,0,0,0,0,0,0.111052712914887,0.439832160236939,0.510471885447807,0,0,0,0,0.516621835670697,0.394843728164657,0,0.349987341757875
217,-0.0594431637491995,0.00999999991467485,0.04200781415862,0.0594465673814178,-0.0076024519433089,0.0417386610503111,-0.0998673212307104,-0.115000000054574,0.0400000023978613,0.77579122963065,-4.3386154581174e-07,2.45235151298394e-09,0.631016508397335,0.000240109328971429,0.00234478894300774,0.0519969775217573,2.05290399323097e-05,-6.17379466772167e-11,-1.98227399419671e-05,1.99633261425677e-05,1.74748083618435e-05,-3.70102750575346e-05,-0.0750000000034455,-7.47546327677595e-13,2.72779583361564e-12,-3.60704330000821e-05,0.000249821217188172,0.000261089904986895,1.36316833051108e-05,7.35927667539413e-06,4.37119752929173e-06,-0.0757340113870697,-0.400000004640913,0.250000000242982,-0.40000000156936,0.39999999989899,0.25000000015987,0.136099282136025,-0.400000000332046,0.250000001114901,0,0.88429904527342,0,0,0,0.965462165330363,0,0,0,0,0,0,0.986962308164016,0,0,1.40270669766394,1.80287265054728,0,0,0,0,0.88895742876155,0,0.454559352834711,0,0,1.28912347391397,0,0,0,0,0,0,0,0,0,3.73502118775517,3.99036665072317,3.7064630803325,4.01892475814585,0,0,0,0,0,0.126556580339884,0.442028566032764,0.516941338618464,0,0,0,0,0.52511328992683,0.397911464784979,0,0.358722819481786
218,-0.0594431528018376,0.0099999999248587,0.0420070896561856,0.0594465939068219,-0.00760266862042471,0.0417380843377236,-0.101585025289428,-0.115000000078266,0.0400000020405005,0.775790329311371,-2.46926304178624e-08,-4.3185685342177e-07,0.631017615274102,0.000240101176949047,0.00234469499392476,0.0519969858148126,9.65678969985581e-07,-4.12701616255403e-11,-3.85689480117897e-05,-5.02710387091404e-06,-7.53244752516178e-06,-2.84222305867114e-05,-0.0750000000157795,-2.0982649805572e-11,1.08873718640131e-12,-3.39758707712538e-06,-2.81178372680267e-05,0.00015038934666279,-1.44531607293862e-06,-2.27497037295081e-06,-6.58833621047498e-07,-0.074809499568405,-0.400000023823577,0.250000005220862,-0.400000013223426,0.399999993622288,0.250000002775371,0.128546455468711,-0.400000008644081,0.250000000457227,0,0.882899238752182,0,0,0,0.964533730986951,0,0,0,0,0,0,0.996694607713831,0,0,1.40587274950155,1.80463303704178,0,0,0,0,0.869233653625019,0,0.466644992169617,0,0,1.26799391244094,0,0,0,0,0,0,0,0,0,3.7441814455205,3.99563067410888,3.7125056634201,4.02730645620929,0,0,0,0,0,0.134949911546329,0.442914959985,0.523347692326346,0,0,0,0,0.530007994262599,0.398449655745878,0,0.36508931494175
219,-0.0594431252368156,0.00999999992453234,0.0420063590569161,0.0594465501141729,-0.00760331430349254,0.0417375166487732,-0.103310879073659,-0.115000000086695,0.0400000019996164,0.775790001251838,2.9595327816261e-07,-8.07258476914145e-07,0.631018018598551,0.00024009070731446,0.00234447911861992,0.0519969930410898,2.58855369201486e-06,-4.67562542949422e-11,-3.75376672204903e-05,-6.69170194278844e-06,-2.95114714978181e-05,-2.85985866577261e-05,-0.0750000000149537,-1.93952148032336e-11,1.26734125231801e-12,-5.3864889277271e-06,-1.00131814934833e-05,5.8431859969041e-05,-6.33262669974562e-07,-8.6898311111209e-06,-3.55798608079683e-07,-0.0763765067535625,-0.400000023327558,0.250000005334256,-0.400000012906671,0.399999993797076,0.250000002774694,0.122068933603625,-0.400000007982008,0.250000000530389,0,0.883234927157777,0,0,0,0.961494391923743,0,0,0,0,0,0,1.00469937340461,0,0,1.40170545407525,1.80435365636956,0,0,0,0,0.850074148220016,0,0.471740447819151,0,0,0,0,0,0,0,0,0,0,0,0,3.75260401950215,4.00261344123387,3.71926517467869,4.03595228605732,0,0,0,0,0,0.140585174934253,0.44437106297869,0.52793084398459,0,0,0,0,0.533109790498171,0.398826102740368,0.5632559273793,0.368679965859241
220,-0.0593762759742491,0.00999999991893236,0.0420057584536107,0.0595330226008981,-0.00747123315639873,0.0417377554100452,-0.104907346677143,-0.115000000102122,0.0400441454631806,0.775378326017213,-3.77057856973074e-06,3.20628960121641e-06,0.631523808059693,0.000314385462327347,0.00240909667360296,0.051997190779933,0.00658077956600344,1.85810177312312e-11,-4.93750673946769e-05,0.00830699792338431,0.0128329171174917,-3.12326365277528e-06,-0.0750000000086088,-1.40653860523243e-11,0.004392471537401,-2.54349093990714e-05,-5.92365516804439e-05,0.127804659749958,0.00727565072435211,0.00634456011409098,-6.7135522501376e-06,-0.104295197509428,-0.400000018363008,0.250000005419527,-0.400000008949871,0.363661290919259,0.250000003071413,0.105445694490042,-0.400000005789516,0.250000000132212,0,0.896931793953814,0,0,0,0.91018180565933,0,0,0,0,0,0,1.03230763268232,0,0,1.40536231921895,1.80241687142335,0,0,0,0,0.799332001762712,0,0.501851474478586,0,0,0,0,0,0,0,0,0,0,0,0,3.76697812029015,4.01355008198545,3.72953183474171,4.05099636753388,0,0,0,0,0,0.161093355901307,0.450010478715393,0.542774811662056,0,0,0,0,0.527868756487583,0.390352155484657,0.551035030693987,0.367185881278258
221,-0.0592747517458524,0.00999999991829283,0.0420050899028603,0.0596582587141167,-0.00729289282051446,0.0417375793841149,-0.106519712737031,-0.115000000117262,0.0400527894283127,0.77481281991349,-3.02837577462803e-06,4.54605529755936e-06,0.632217499678587,0.000425488995344671,0.00249760306848146,0.0519971774571315,0.00316893932589929,-3.32935999896664e-11,-3.94126794076499e-05,0.00392047848256502,0.00554756728781299,9.3631733057001e-08,-0.0750000000072027,-1.34062355558948e-11,-0.00348874587850299,1.6939927323351e-05,-4.75920979902116e-06,0.0556226140073377,0.00346973940590545,0.00273181478278583,8.79963344287249e-07,-0.10964832069762,-0.400000016505401,0.250000005790784,-0.400000009349981,0.352957549247072,0.250000003204275,0.0986936769027549,-0.400000005517721,0.250000001122768,0,0.897804485910102,0,0,0,0.892567315454356,0,0,0,0,0,0,1.04352947122815,0,0,1.40339873111321,1.80793011077194,0,0,0,0,0.774079813565758,0,0.510566042471292,0,0,0,0,0,0,0,0,0,0,0,0,3.7775032120366,4.01686665180566,3.73470610601307,4.05966375782919,0,0,0,0,0,0.181038693327095,0.450508716158636,0.552302161497363,0,0,0,0,0.535667066643821,0.388378288974398,0.546597179895532,0.377448175722686
222,-0.0592604781872474,0.00999999992895933,0.0420042240030321,0.0596754678512086,-0.00726730153616732,0.0417376862794448,-0.108153163036018,-0.115000000124894,0.0400217146197768,0.774733210018161,-1.60946794723537e-06,1.41197233263149e-06,0.632315053077468,0.000440913313204681,0.00250969976881955,0.05199718207584,0.000100899915232812,-1.97059525142326e-10,3.42092035430452e-06,0.000113936282534321,0.000114145803439905,-3.96525495283829e-05,-0.0750000000064411,-1.38832031245799e-11,0.000362034598976927,-8.06988698139181e-05,0.000796122296296798,0.00081337275311867,8.77746541685447e-05,4.05616524586548e-05,-2.42148281626031e-07,-0.109300493780637,-0.400000015563606,0.250000005950066,-0.400000010573081,0.339775812138389,0.250000003333646,0.0932788193106456,-0.400000005700612,0.250000000724083,0,0.897968239863747,0,0,0,0.86784357746117,0,0,0,0,0,0,1.05358902254019,0,0,1.4001105573352,1.81393450458512,0,0,0,0,0.756744961150141,0,0.512567594479036,0,0,0,0,0,0,0,0,0,0,0,0,3.78631982874392,4.01971690826454,3.73826450374359,4.06777223326487,0,0,0,0,0,0.197486087189322,0.454621623108038,0.563968069509379,0,0,0,0,0.548591076869061,0.391822407613954,0.548507230584847,0.391906253898167
223,-0.0592595030830546,0.00999999992815049,0.0420035250501374,0.059677012150737,-0.00726532081675553,0.0417376862168792,-0.109789326897547,-0.115000000126545,0.0400000035165126,0.774728477979016,-1.29888029865496e-06,1.4121440692085e-06,0.632320850884284,0.000441961652817238,0.00251029318542206,0.051997187820286,5.69875895911983e-05,-3.59458839238361e-11,-3.34227984648055e-05,6.6664160804709e-05,0.000103538654789224,-2.58964042832054e-06,-0.0750000000053557,-1.4403472446681e-11,-1.71017714632309e-05,-2.20739535130448e-05,6.56140532334732e-05,0.000752132787022763,5.52511835880749e-05,3.17852235752387e-05,-3.25645203689517e-07,-0.111884307716831,-0.400000014393268,0.250000006113931,-0.400000011873201,0.318959120126648,0.250000003521875,0.0857298657554609,-0.400000005915632,0.250000000924694,0,0.898538836477488,0,0,0,0.838559707094132,0,0,0,0,0,0,1.0598817381988,0,0,1.39467471757397,1.81513331998072,0,0,0,0,0.734783644835965,0,0.517866192475864,0,0,0,0,0,0,0,0,0,0,0,0,3.80113430458449,4.02982629507556,3.74805586393464,4.08290473572541,0,0,0,0,0,0.218459871781748,0.460210781730615,0.575374558099883,0,0,0,0,0.562296861262107,0.396909797451237,0.552609277186403,0.40659738152694
224,-0.0592597058003598,0.00999999992713777,0.0420025324071152,0.0596757518446715,-0.00726527683539653,0.0417379294919485,-0.111468963005752,-0.115000000119526,0.0400000018065626,0.774727494486984,-1.64892416576352e-06,-1.82986042941959e-06,0.632322055871295,0.000441687003808268,0.00251014912707436,0.0519971844991938,-8.36512350455782e-05,2.10238782708163e-10,-9.05679854172931e-05,-7.5501131270233e-05,-4.02273161878169e-06,5.43872515632337e-05,-0.0750000000094922,-1.86192514436106e-11,2.15285295501997e-12,0.000162768019491034,-0.00110524524127464,0.000179346331712736,-5.84564379289442e-05,-9.47145652956311e-06,5.02479427618483e-07,-0.113358463593625,-0.400000015474866,0.250000006301619,-0.400000014980525,0.304685144062061,0.250000003768499,0.0817092833259907,-0.40000000765426,0.250000000899639,0,0.898223555724305,0,0,0,0.819765573154058,0,0,0,0,0,0,1.06109673308715,0,0,1.38984551243366,1.81858373132997,0,0,0,0,0.725417717689934,0,0.515146651067754,0,0,0,0,0,0,0,0,0,0,0,0,3.81734037562794,4.04406684719586,3.76099315014047,4.10041407268332,0,0,0,0,0,0.23063667583958,0.464586077554994,0.583417503778726,0,0,0,0,0.572442601357586,0.401302441902119,0.556969625099059,0.41677541816065
225,-0.059259682675853,0.00999999992669583,0.0420018076189278,0.0596757362471255,-0.00726559191216645,0.0417379449715442,-0.113144590809462,-0.115000000120066,0.040000002741371,0.774726745547371,-1.45269162601591e-06,-1.95857644041517e-06,0.632322973478946,0.000441685200982064,0.0025100405165092,0.0519971883030216,7.26689039952475e-06,-5.77571280481216e-11,-3.25573867275898e-05,2.73739574849496e-06,-1.43166020011838e-05,-3.66453591840959e-06,-0.0750000000088181,-1.75891250893818e-11,-7.43789633213824e-13,-1.75939761303911e-05,9.07376930747866e-05,0.000122126521746038,4.19847117905467e-06,-3.71478759595508e-06,-2.66043420489785e-07,-0.111309993687987,-0.400000014724624,0.250000006043124,-0.400000015388307,0.300787509981005,0.250000003629105,0.0783834277186076,-0.400000007237297,0.249999999706364,0,0.895610404152083,0,0,0,0.812336893832395,0,0,0,0,0,0,1.05786192489267,0,0,1.38384962082418,0,0,0,0,0,0.723054698026283,0,0.512746780685831,0,0,0,0,0,0,0,0,0,0,0,0,3.82626991513882,4.05322486292317,3.76957216247981,4.10992261558218,0,0,0,0,0.811282029977277,0.228654113823282,0.465272804588809,0.584218888464333,0,0,0,0,0.574068333961321,0.402433775584965,0.558389701042126,0.41811240850416
226,-0.059260514885454,0.00999999992802723,0.0420009574591811,0.0596762226999474,-0.00726428752748688,0.0417368890439573,-0.114699714732887,-0.115000000120377,0.0405406899599989,0.774723484226361,-1.42892270286769e-06,3.2628328876261e-07,0.6323269692561,0.000441711835035886,0.00251051123096765,0.0519969644568428,2.35341088782431e-05,-4.59730741482452e-11,-1.85485006907228e-05,1.31506046853744e-05,6.84990144924308e-05,-4.06086863184033e-05,-0.0750000000074188,-1.64132283782974e-11,0.0500000000043143,-8.95953010469849e-05,0.000285533608058577,0.000461117796601328,8.05616984030855e-06,2.54752757959678e-05,7.27892608901616e-06,-0.109548219940224,-0.400000013768522,0.250000006665617,-0.400000015719809,0.296373730042513,0.250000003832595,0.07515658104138,-0.400000006772441,0.247359000520158,0,0.893993809577737,0,0,0,0.803070442857103,0,0,0,0,0,0,1.05219941697816,0,0,1.37470259923059,0,0,0,0,0,0.7204233661542,0,0.509616016836911,0,0,0,0,0,0,0,0,0,0,0,0,3.83552555150714,4.06280628127187,3.79466188304558,4.10366994973344,0,0,0,0,0.813823180094229,0.227516933780005,0.467023761823011,0.586523874897195,0,0,0,0,0.576097015177136,0.40372528017194,0.559866145137158,0.419956150211917
227,-0.0592606667606195,0.00999999992826507,0.0420002067673137,0.0596762290112927,-0.00726313001127268,0.0417362399775385,-0.116255285239344,-0.115000000120735,0.0415606059547745,0.77472075263329,-1.33188722600451e-06,2.33823110280252e-07,0.632330315974196,0.000441572800450114,0.00251087645178486,0.0519969822921466,-9.71704205018315e-06,-2.72750890603198e-11,-4.02042441053968e-05,-8.74193736963796e-07,5.82661632463822e-05,-3.34853123723675e-05,-0.0750000000065529,-1.48132313643915e-11,0.0500000000023248,3.43777563211524e-06,-1.68447588608088e-05,0.000434244360261803,-7.71473392249275e-06,1.85167578603686e-05,-9.9611123545865e-07,-0.107015576134906,-0.400000013028608,0.250000006854366,-0.400000015968629,0.294347151155431,0.250000003892737,0.072317573675901,-0.400000006113007,0.244279720526807,0,0.891256272986805,0,0,0,0.798749027985718,0,0,0,0,0,0,1.04693211693951,0,0,1.36803421584401,0,0,0,0,0,0.716686389439902,0,0.505147938888596,0,0,0,0,0,0,0,0,0,0,0,0,3.84688887708256,4.07486331720544,3.80335364012945,4.11839855415855,0,0,0,0,0.816633558937491,0.220646191719018,0.469038049980264,0.589049966391918,0,0,0,0,0.577555306794701,0.404810446908069,0.561110322412534,0.421255431290239
228,-0.0592607849387031,0.00999999992142399,0.0419994604370496,0.0596762277937223,-0.00726200985219795,0.0417355859480192,-0.117810899163731,-0.115000000114568,0.0425789163603602,0.774718080397787,-1.27362552867637e-06,2.2944160890347e-07,0.632333589948405,0.000441449984339674,0.0025112334667454,0.0519969870106293,-7.61937772359504e-06,-9.94011694490488e-11,-3.70815296938125e-05,2.05844693078776e-06,5.57150959498949e-05,-3.35197720880861e-05,-0.0750000000120383,-1.59811431550868e-11,0.0500000000082827,1.32881949988059e-06,1.42258280578171e-05,0.000424583956599009,-5.57783925637857e-06,1.78334418749913e-05,-8.13316195758999e-08,-0.104501251404195,-0.400000038172405,0.250000007428065,-0.400000018319382,0.295819505334268,0.25000000362786,0.0708451522160426,-0.400000006594358,0.235414406962765,0,0.887708624471875,0,0,0,0.797366431866549,0,0,0,0,0,0,1.03945029346541,0,0,1.36033458249036,0,0,0,0,0,0.712079258147058,0,0.497163500967493,0,0,0,0,0,0,0,0,0,0,0,0,3.86158278853943,4.08990615950121,3.81471440289265,4.13677454514798,0,0,0,0,0.817853969336847,0.21041335578047,0.470359040018548,0.591332252385,0,0,0,0,0.57166784133102,0.402370397253659,0.557203659041278,0.416834579543399
229,-0.0592600055297366,0.00999999992195261,0.0419987602702308,0.0596758931084833,-0.00726156732163802,0.0417348996891674,-0.11938559055748,-0.115000000114893,0.0435951361608818,0.77471660282051,-4.12531171637117e-07,6.7244878511137e-08,0.632335400233078,0.000441497178842697,0.00251134505448767,0.0519969718421625,-2.41407819961579e-06,-1.88794619301347e-10,-2.76849439277062e-05,2.4055256631144e-05,1.41016446282509e-05,-3.69403287452453e-05,-0.0750000000109916,-1.41250061184471e-11,0.0500000000089654,4.5916107760667e-05,0.00014087900041394,0.0002681246122451,7.55993032214644e-06,3.59757543743197e-06,1.28499658959364e-06,-0.102700358538393,-0.400000037161186,0.25000000767256,-0.40000001864582,0.294385209971187,0.250000003704397,0.0683340304215051,-0.400000005824736,0.228587601081431,0,0.885452147831479,0,0,0,0.793778318953192,0,0,0,0,0,0,1.03492647254679,0,0,1.35430524330215,0,0,0,0,0,0.709327802464294,0,0.492995181976395,0,0,0,0,0,0,0,0,0,0,0,0,3.871980858748,4.10173798397201,3.8222996703131,4.1514191724069,0,0,0,0,0.821423463620939,0.203550968131629,0.472745699309413,0.593803828015874,0,0,0,0,0.574913804308164,0.404961301166161,0.560604520144749,0.419270585329578
230,-0.0592600013729845,0.00999999992227411,0.041998049425406,0.0596759405155866,-0.00726122651581512,0.0417342938170031,-0.12096008221823,-0.115000000115339,0.0446047342396102,0.774714961944645,-3.73273873827502e-07,3.62253621760434e-08,0.632337410574681,0.000441500481199582,0.00251144750947708,0.0519969773858083,2.88498141355663e-08,-8.37644320454733e-11,-3.65211226264363e-05,1.24404127449226e-06,1.73803368660523e-05,-3.03706627212529e-05,-0.075000000010598,-1.15158035459228e-11,0.0500000000098571,4.02310318250501e-07,-8.64274088210083e-06,0.000260112557405997,-2.52662111719297e-07,5.31067479725353e-06,-2.65406743908987e-07,-0.101419535800236,-0.400000035967271,0.250000007901719,-0.40000001909214,0.29136844575874,0.250000003790247,0.0654999534252881,-0.400000004740979,0.222622054250146,0,0.88416741254776,0,0,0,0.787370815760025,0,0,0,0,0,0,1.02940996602211,0,0,1.34763379386435,0,0,0,0,0,0.705974223842126,0,0.488543881501146,0,0,0,0,0,0,0,0,0,0,0,0,3.88293864538182,4.113506057403,3.83064252490558,4.16580217787924,0,0,0,0,0.824395154545343,0.197076626965006,0.474768073415261,0.596200163970771,0,0,0,0,0.577712410294275,0.406871279042121,0.562977189720372,0.421606499616025
231,-0.0592599958189037,0.00999999992239761,0.0419973487743877,0.0596759784307596,-0.0072609468051206,0.0417336963981256,-0.122534577921283,-0.115000000115558,0.0456070633016017,0.774713406391931,-3.22568538047706e-07,-1.07028409497533e-08,0.632339316371574,0.000441502092821258,0.00251153018504203,0.0519969832636836,5.69043668518392e-07,-8.40087558207644e-11,-3.55267816725379e-05,1.37768802742436e-06,1.43763711291137e-05,-3.03410338492542e-05,-0.0750000000098776,-8.97657267151083e-12,0.0500000000108998,-1.03963777773867e-06,3.34509712003667e-07,0.000246948203305382,1.1249722137946e-07,4.44868164019088e-06,-2.11270756942023e-07,-0.0983135929916727,-0.400000035005452,0.250000008177489,-0.400000019458682,0.28983407398039,0.250000003887769,0.0624843592087446,-0.400000003695089,0.216802809600428,0,0.880594698438747,0,0,0,0.784214718486734,0,0,0,0,0,0,1.0242568545968,0,0,1.34056260690227,0,0,0,0,0,0.7018510162073,0,0.48425575408811,0,0,0,0,0,0,0,0,0,0,0,0,3.89395719548885,4.12553334869294,3.83903407387925,4.18045647030254,0,0,0,0,0.82741589384746,0.190199967410333,0.476883605926779,0.598553413238641,0,0,0,0,0.580249578642702,0.408774504525393,0.56538162248979,0.423642460678309
232,-0.0592599907372963,0.00999999992258699,0.041996642334971,0.0596760213277398,-0.00726015377772754,0.041733081718467,-0.124102552492092,-0.115000000115666,0.0465573486838221,0.774711134172826,-6.84236381902564e-07,3.50470216753946e-07,0.632342100180275,0.000441515810554936,0.00251180100141423,0.0519969792059189,-1.33953765552186e-06,-9.22490074002448e-11,-3.46951757169768e-05,6.41944386696176e-06,3.68193085360411e-05,-3.06232976889063e-05,-0.0750000000080107,-6.70790554639659e-12,0.0450532700264939,5.98436702935e-06,2.99465341316466e-06,0.000352433943986493,6.24403355995382e-07,1.13372301719846e-05,2.53719162764106e-07,-0.0946908011336293,-0.400000034604066,0.250000008527643,-0.400000019936156,0.285386031994172,0.250000004707569,0.0543429395830087,-0.400000002761912,0.216346406720032,0,0.88020469361307,0,0,0,0.774877964158614,0,0,0,0,0,0,1.01872329966792,0,0,1.33313473759574,0,0,0,0,0,0.698992193906432,0,0.479099588305132,0,0,0,0,0,0,0,0,0,0,0,0,3.90508191045205,4.13656050094057,3.84612737541183,4.1955150359808,0,0,0,0,0.829017417827138,0.18434115487758,0.477994001146125,0.600007452605313,0,0,0,0,0.583472847085487,0.410930723392811,0.567761215449374,0.426642355028926
233,-0.0592599933060991,0.00999999991948399,0.0419959697193708,0.0596761235917268,-0.00725936845987098,0.0417324759013177,-0.125666158317767,-0.115000000114015,0.0473682345739235,0.774708847909599,-6.83669925730784e-07,4.04942423238157e-07,0.632344901185398,0.000441529852136515,0.00251204787679703,0.0519969865624957,2.28862695733808e-07,-1.20261925429564e-10,-3.40265220778299e-05,5.86659973549291e-06,3.90782204907615e-05,-3.11469578296912e-05,-0.0750000000096971,-1.62370794195186e-11,0.0360801840989686,-6.90483074069931e-07,8.4499938855156e-06,0.000361137568438422,9.36947725996013e-07,1.22603195976496e-05,-2.66899716281194e-07,0.0476586886828193,-0.400000048480944,0.250000011064767,-0.400000033366641,0.186539089781087,0.206346507303932,0.0567806669668843,-0.400000006686901,0.227503803654585,0,0.809966932706309,0,0,0,0.700012153644208,0,0,0,0,0,0,0.956570265918534,0,0,1.15709909726325,0,0,0,0,0,0.931278905120842,0,0,0,0,0,0,0,0,0,0,0,0,0,0,3.90450751367753,4.13393122338273,3.83443731572337,4.20400142133689,0,0,0,0,0.845532904440052,0.182179220098269,0.485551489154151,0.614038709658214,0,0,0,0.337185685303913,0.591586544488962,0.444389789503134,0.597188274739862,0.438788059252234
234,-0.0592654810021341,0.00999999991554165,0.0419952007950211,0.0596731071210951,-0.00725882647543954,0.0417333942927952,-0.127283983345819,-0.115000000114439,0.0479714958250626,0.774705017359613,-4.18443661343231e-06,-4.18059385668948e-06,0.632349594083413,0.000438219030991942,0.00251222014727481,0.0519973164106,-9.35536272752533e-05,2.24703393732627e-10,-6.65160852951479e-05,-0.000160915527742348,3.31475937155337e-05,1.48189535320263e-05,-0.075000000006629,-1.56045713069845e-11,0.0243048175679546,-0.000109783845980188,-0.000536171714158057,0.000333337112060199,-0.000121438987766234,1.88911240945045e-05,-1.39551003384962e-05,0.0542725759951908,-0.400000048290211,0.250000011507883,-0.400000034139092,0.185639080939356,0.206552011108579,0.0487749378874963,-0.400000006429397,0.23552639386472,0,0.807347570249247,0,0,0,0.697503377750354,0,0,0,0,0,0,0.951334756606161,0,0,1.15089200351282,0,0,0,0,0,0.928206267670973,0,0,0,0,0,0,0,0,0,0,0,0,0,0,3.9133670577288,4.14310648823889,3.83785831600281,4.21861522996487,0,0,0,0,0.84753685096153,0.17584295492922,0.48685485884118,0.615873876896326,0,0,0,0.33572697824654,0.593113883822658,0.445084758915553,0.598045472021043,0.440153170717174
235,-0.059267291118197,0.00999999991471713,0.0419946816581895,0.0596712706726143,-0.00725851686916154,0.0417334006265427,-0.128901552044862,-0.115000000110891,0.0483578591361561,0.774703078333983,-4.14326071246054e-06,-4.21436393857183e-06,0.632351969608425,0.000436390564537228,0.00251245109842446,0.0519973029571294,-9.19634907050587e-05,-8.49172803454689e-11,-2.31331309872353e-05,-8.95146602360084e-05,1.53161203325392e-05,1.25292517361652e-06,-0.0750000000075641,1.92498830129762e-12,0.0143811321650332,-1.07938980547263e-06,2.00348447863269e-05,0.000309778353089211,-9.05223816323306e-05,1.16316818010884e-05,1.19571725497423e-06,-0.0835980391078354,-0.400000030990389,0.250000007281984,-0.40000001701258,0.273599279920637,0.250000003219918,0.047575669902131,-0.39999999920637,0.234780399557302,0,0.863501028098424,0,0,0,0.739487307867454,0,0,0,0,0,0,1.01836963215676,0,0,1.33080698725336,0,0,0,0,0,0.735049848777097,0.00244250877207345,0.498347636306895,0,0,0,0,0,0,0,0,0,0,0,0,3.93176730186971,4.16660586347485,3.85824932330602,4.24012384203853,0,0,0,0,0.841572381295842,0.178196365937754,0.486839307009861,0.61087394664929,0,0,0,0,0.590044139098903,0.414715026270153,0.57277147339383,0.431987691975229
236,-0.059264548034915,0.00999999992528489,0.0419941865537192,0.059671729252055,-0.00725839826272417,0.0417317335992258,-0.130000000036366,-0.11500000011428,0.0485956830873892,0.774702293548905,1.46954921167613e-07,2.38856185919397e-07,0.632352931095418,0.000437003386488533,0.00251257998220267,0.0519969417495561,0.000116862711402527,-7.02261440128995e-10,8.23452962689621e-05,0.000181481773733252,-1.11448728420903e-05,-0.000122900817908701,1.26657502416278e-11,-5.74362042864429e-12,0.00942603947184203,-8.72820555148909e-05,0.0020764735348,0.00019333349815415,0.000109723809030814,6.38637803845227e-06,1.46044744294836e-05,-0.076244887625546,-0.400000009382473,0.250000005466669,-0.40000001152383,0.267979986425777,0.250000002476793,-0.0343700072757573,-0.400000002367935,0.235926710362992,0,0.856869334807807,0,0,0,0.731679439775148,0,0,0,0,0,0,1.00546336154835,0,0,1.31171185926154,0,0,0,0,0,0.720587851291279,0.0023374690329827,0.49642425134624,0,0,0,0,0,0,0,0,0,0,0,0,3.94352455315099,4.17501284278926,3.86831452862126,4.25022286731898,0,0,0,0,0.83561221082908,0.174470811743022,0.482777006211464,0.607717464020567,0,0,0,0,0.586030257464515,0.410025201649451,0.566230484810609,0.429824974303358
237,-0.059264535898222,0.00999999991237862,0.04199353626476,0.0596717267768688,-0.00725851944139234,0.0417311135813596,-0.130000000067861,-0.115000000124349,0.0487441004356432,0.774701286808684,2.63827299344248e-07,-1.34319053935311e-08,0.632354164476779,0.000436996703593902,0.0025125312670772,0.0519969777176496,-8.16218710456821e-06,-9.88871442084063e-12,-4.42720319853924e-05,-1.32451713865461e-05,-4.65568462485076e-06,-2.69687560973878e-05,-4.70422807676724e-11,-4.75410523527385e-11,0.00543564271083808,2.30829024588626e-05,-0.000173980216013236,0.000161360317222793,-8.25765038288019e-06,-2.54202556425093e-06,-2.08408297241272e-06,0.399999980881584,-0.400000025896707,0.150000000422324,-0.400000016894858,0.0293261404414021,0.190831190877087,-0.400000019344573,-0.400000019588219,0.149999998628575,0,0.622038800586194,0,0,0,0.595962616982884,0,0,0,0,0,0,0,0,0,0,0,0,0,0,0,0,0,0,0,0,0,0,0,0,0,0,0,0,0,0,3.46651691099795,3.99112454363437,3.54393812635366,3.91370332827867,0.670439304509943,0,0,0.953543648922303,1.74560327125895,0.121075908370168,0.608332036112232,0.6254077863493,0,0.489076159475092,0,0.325496972887457,0.639311090838331,0.475141245268654,1.28113578181175,0.328790044703243
238,-0.060000001047013,0.010000564979998,0.0424834855168429,0.058952568775331,-0.00646840847524498,0.0417390361399038,-0.130000000012699,-0.115000000100884,0.0492419253843743,0.772475410537915,4.22728901711034e-05,3.56943217551305e-05,0.6350714083054,-0.000310169005742675,0.00294409380710554,0.0520065543797191,1.57509886613149e-07,0.00166299546450303,0.0109197937325422,-0.0173333889089229,0.0742590062534402,0.00291134300828459,-5.95977984772037e-13,5.96597927865676e-12,0.044153269531387,0.027585931406933,0.0770280159985016,0.67958715262516,-0.00633169015047659,0.0373554267233927,0.00691850178257172,0.149421439478758,-0.399999999142447,0.220401603167213,-0.22437516823557,0.318985505824957,0.249999999869231,-0.101226207361673,-0.399999997550115,0.174693092774496,0,0.767556576619269,0,0,0,0.827001445861933,0,0,0,0,0,0,0,0,0,0,0,0,0,0,0,0.543477880365382,0,0,0,0,0,0,0,0,0,0,0,0,0,0,3.85770700828825,4.17323567738367,3.83159442818808,4.19934825748382,0.829679543363514,0,0,0.387427024951294,0.868376796692993,0.23060510983271,0.528275257393682,0.570706649132024,0,0,0,0.273026198847811,0.672778209416984,0.493410780901467,0.709883167289916,0.456305823028536
239,-0.0597935704389403,0.00999999989064937,0.0425324073043425,0.0593657323903021,-0.00559494272820438,0.0417579577229996,-0.130000000073134,-0.115000000125619,0.0501582697564793,0.769594592467752,-1.6053177113459e-06,-5.94425324522989e-07,0.638559504541566,6.79105094031027e-06,0.00337236464994369,0.0519979277970252,-0.00958113250072862,2.76724564525522e-09,-8.76730213200623e-05,-0.00339789417851632,0.0175553033905954,-0.00163577785495077,7.84425461509869e-11,2.02382711907268e-11,0.0474646083469473,-0.00964659910631459,0.000589600016332065,0.175478642115222,-0.00704343475772004,0.00940719256866747,-0.00174848940226538,0.400000024188004,-0.399999992818849,0.150000000636248,0.0310935719003889,0.160077916178974,0.167928195822861,-0.248253534830016,-0.196520469465201,0.150000000821413,0,0.607218692516208,0,0,0,0.299714497682774,0,0,0,0,0,0,0,0,0,0,0,0,0,0,0,0,0,0,0,0,0,0,0,0,0,0,0,0,0,0,3.61765103452192,4.20615833442016,3.75003445154534,4.07377491739674,0.593123833706687,0,0,0.816458616018896,1.58099351957975,0.039237360874283,0.598150281565999,0.469382788467692,0,0.703484552242161,0.254311840163173,0.351110201673658,0.63444384538813,0.55008450330125,1.46801945580302,0.282627166155634
240,-0.0598098179866818,0.00999999978508764,0.0428417141288839,0.0607693422669361,-0.00383479938749083,0.0422613956987824,-0.12965938482584,-0.115000000055806,0.0509625596202487,0.769482248887736,4.61271846284599e-06,3.41809970470212e-06,0.63869487805859,-5.0464289214811e-06,0.0033949146705467,0.0519975472014368,6.07828828964195e-05,-5.52531069469795e-10,0.0279204483829654,0.0749999999930305,0.0749999999715624,0.0500000000207806,0.0338920683268131,-8.58483265688528e-11,0.0330365049801135,-0.000315518908857801,-0.000865573555093259,9.35396669643874e-05,3.45295302299562e-05,-4.36946766821444e-06,-5.56277108019211e-05,0.237615392188774,-0.400000246505887,0.248737170592472,-0.400000002872204,-0.0333924368129411,0.194868480364746,-0.31698335662501,-0.400000035388803,0.150000026450952,0,0.70290684728382,0,0,0,1.21575305116653,0.0196030859114842,0,0,0,0,0,0,0.238279421289666,0,1.16205140778815,0,0,0,0,0,1.22989852715864,0,0,0,0,0,0,0,0,0,0,0,0,0,0.161219813455714,3.54881676411989,4.11661441275524,3.73270755839268,3.93272361848244,0.334955840053549,0,0,0,0.646431161982955,0,0.819894355377596,0.176125350249586,0.0159616189706464,0,0.326547672403684,0.344343916754787,0.446646460225557,0.489574295976353,1.40086640892335,0
241,-0.0590516633278507,0.00999999987001152,0.0429053652774566,0.0623453462746355,-0.00191482049611401,0.0427970857102547,-0.128292949522448,-0.115000000084183,0.0515910106906932,0.769702937198892,2.86377234584393e-06,3.07768325968803e-06,0.63842890610392,0.000742986677328317,0.00335130771545798,0.0519973928109702,0.0724707218950227,-1.33477270740034e-09,4.10324167176801e-05,0.0750000000152598,0.0750000000349175,0.00380000094630354,0.0750000000923115,-1.44907521737057e-11,0.0298246670657352,0.00030451351125977,0.00131330370636789,-0.0731177651923098,0.0724799264080089,-0.00376640895055715,-9.42948106645875e-06,0.065247773297837,-0.400000059936778,0.250000009347877,-0.399999993711154,0.400000014390966,0.249999998606958,-0.382783844327735,-0.400000005945828,0.15000001009651,0,0.695701912407389,0,0,0,1.29088881545308,0,0,0,0,0,0,0,0,0,1.14591234780854,0,0,0,0,0,0,0,0,0,0,0,0,0,0,0,0,0,0,0,0,3.50242567823505,4.07795520536503,3.68698598552518,3.8933948980749,0.325112739012837,0.0687478469197271,0,0,0.640236300854898,0,0.814221622085383,0.169359516996344,0,0.528850572836366,0.279880361157327,0.314338681139211,0.380492031302229,0.465106042827627,1.36078216085334,0
242,-0.0577550852769397,0.00999999990031887,0.0429390302316042,0.062380857888247,-0.000156932343270512,0.0430997589307631,-0.126721540888269,-0.11500000014218,0.0519531413352997,0.768249546246306,3.86582885934621e-05,-5.08315401612106e-05,0.640177166213236,0.00205832501354611,0.00354612931743967,0.0520043358420015,0.0304217989183233,-5.17623878967238e-10,-0.000990650843789466,0.0443884851611195,0.074999999942714,0.00506182497225354,0.0750000002275618,5.13024797207874e-11,0.00650498299640326,-0.00889523237312275,0.0182463835940636,0.822303718594429,0.037296363413476,0.040078333805131,-0.00273764936587801,0.40000003983618,-0.39999997005626,0.150000000597438,-0.399999964233255,0.145078939356397,0.16582511411681,-0.295734051829216,-0.33424173978018,0.150000001755103,0,0.595445201002811,0,0,0,0.932430373098688,0,0,0,0,0,0,0,0,0,0,0,0,0,0,0,0,0,0,0,0,0,0,0,0,0,0,0,0,0,0,3.07454525782718,3.71343492935894,3.27793400642184,3.51004618076428,0.732139766872277,0.100152152396075,0,1.04483666114634,1.36733764794349,0,0.522797872836057,0.280227643690942,0,1.03244475754967,0.210351264735902,0.418024360530096,0.390426756158019,0.488749742211982,1.35494574488312,0
243,-0.0576230939883408,0.0100000003881647,0.0429736250618768,0.0626189698525119,0.00167731434264548,0.0431756242631074,-0.125436257033878,-0.115000000602586,0.0523736407614709,0.762667154110327,3.11148386390653e-07,1.08217324784962e-07,0.646817875352368,0.00226424104559654,0.00441358243833089,0.0519980353715855,-0.0194117639291266,-2.7685066382663e-09,9.84089993505182e-06,-0.0138765277619037,0.0750000013090554,0.0030687912172476,0.0536352853272545,-1.49019986379281e-10,0.035400313534573,0.0118120088996069,0.00602564399964997,0.923318189975692,-0.0156774882809376,0.0460654368953952,-0.000445550640236948,0.399998235103007,-0.399999613596909,0.177524526945676,-0.400001807568762,0.400000538196368,0.24894910266408,-0.0127408919902988,-0.400000060941925,0.150000289631237,0,0.63197989861759,0,0,0,1.12229665640359,0,0,0,0,0,0,0,0,0,0,0,0,0,0,0,0,0,0,0,0,1.68945518005476,0,0,0,0,0,0,0,0,0,3.35592840661658,3.73887645715738,3.42511755774304,3.66968730603091,0.669857510404925,0.0609504822574652,0,0.980893989189899,0.693798628767023,0,0.394182270153985,0.328611607183317,0,0.406056926422613,0.0852103421732379,0.344601774319798,0.352871467095114,0.374101692735424,0,0
244,-0.0584154794250917,0.00999999991863225,0.0429762470980903,0.0618972710896351,0.00339463395966435,0.0431885766492198,-0.126591374297935,-0.115000000121534,0.0526448990815223,0.756999382908899,-2.60126473102283e-06,-2.68366444239474e-06,0.653442320742309,0.00153474380738604,0.00528751787433009,0.0519980102800753,-0.0567168977228982,-5.47472533058512e-09,0.000146483171576761,-0.0538522141997365,0.075000000039539,0.000217130543447543,-0.0749999999393558,-8.65492670003822e-11,-0.00805701903473558,0.0100251297969859,-0.00148468414108665,0.91906198220772,-0.0537007280823784,0.0458628382598715,6.87792483244575e-05,0.399999977535983,-0.400000012050231,0.149999999643583,-0.400000023594794,0.0409696004683275,0.180873535352858,-0.210555837259936,-0.400000035659295,0.149999998826039,0,0.653553517043169,0,0,0,0.741060445495047,0,0,0,0,0,0,0,0,0,0,0,0,0,0,0,0,0,0,0,0,0,0,0,0,0,0,0,0,0,0,3.00360564759645,3.5437494262201,3.12975746278327,3.41759761103328,0.769062656345714,0.068979977305496,0,1.11728272025299,1.53367382754832,0,0.533723360924692,0.438745256564464,0,0.740562213234746,0,0.375331373746884,0.423390759638178,0.429342609815713,1.15695332052945,0.12299947622528
245,-0.0598666963638705,0.00999999999392812,0.0429803028523455,0.0604752404821912,0.00500000091749317,0.043210839493588,-0.127048061196426,-0.115000000166093,0.0530064697151917,0.751042218179149,-6.0449482217123e-06,2.57982121245216e-07,0.660280947964436,0.000139106447430666,0.00619479158885915,0.0519975124023112,-0.0749999998726451,-1.24230423594256e-08,0.000472780614305199,-0.0749999998035839,2.84287916157085e-07,0.00565968937770118,0.0288122411410751,1.4575287771589e-10,0.0439540145273994,0.00266761083998347,-0.0038218031801652,0.843801218772953,-0.0749923436109999,0.0423404971851145,-6.59012754112378e-05,0.400000052484802,-0.399999938102341,0.163770428976528,-0.394107965353834,0.117125848854157,0.236182819598467,-0.0767062615217923,-0.399999939904924,0.150000020785325,0,0.724881247184487,0,0,0,0.772205219671051,0,0,0,0,0,0,0,0,0,0,0,0,0,0,0,0,0,0,0,0,1.45281658860174,0,0,0,0,0,0,0,0,0,3.2902742366471,3.5664498707723,3.27946958865798,3.57725451876144,0.684734764842556,0.01344911939057,0,0.989927785977377,0.79563433615079,0,0.420081251290298,0.50124174708934,0,0.215007847127383,0,0.280351323520074,0.407796753326231,0.327247389965667,0,0.252997515311555
246,-0.0599219843376499,0.00999999990458018,0.0430619526286562,0.0603632154191999,0.00482004972238092,0.0433550060689885,-0.128389878030881,-0.115000000100634,0.0534212397585173,0.749864733588409,-6.45103388490194e-06,-7.91972479316918e-06,0.661617926018362,9.00012623521707e-05,0.00635085783765484,0.0519972179313275,-0.00544642709339645,4.22879971556601e-09,0.0044370053906785,-0.014046056703326,-0.0203234468418729,0.00496229790079988,-0.0749999999808816,-2.3550162647907e-11,-0.00224600368613256,-0.00660708795482191,0.0163888361878437,-0.0746694129972363,-0.0113316924701111,-0.00469214529853458,0.000956573627373538,0.150131305719687,-0.400000007581161,0.232246573356204,-0.400000005782053,0.295101094849809,0.250000002204551,-0.0228069795035788,-0.400000009686742,0.159385968596945,0,0.806982196747653,0,0,0,0.87443509523608,0,0,0,0,0,0,1.69618920888017,0,0,1.05857412948175,1.63877365086116,0,0,0,0,0.680479195131311,0,0,0,0,1.26067870597913,0,0,0,0,0,0,0,0,0,3.46892917330211,3.75641090965598,3.46147741307688,3.76386266988122,0,0,0,0,0,0,0.395030497865075,0.420879636911084,0,0,0,0.238459789920968,0.427846664644325,0.313842775523356,0,0.253632800593777
247,-0.0599748676378163,0.0100000005916974,0.0430619987420983,0.0602546496325684,0.00436944297264531,0.0433380790119101,-0.130000000505103,-0.115000000321009,0.0529120099868052,0.750248014176515,9.50061850046479e-07,-5.00501839479809e-06,0.661183272199601,2.65327789075329e-05,0.00629088851632578,0.0519970868266121,-3.44417306817028e-05,-2.48582185246429e-10,9.56358677962625e-06,-0.00308295775258035,-0.0254589795392225,-0.00195407383322946,-8.34891042831913e-09,-8.47890159424965e-10,-0.0484460050488815,0.000121472808997827,0.0006592121704245,-0.00107310657767117,3.07931529704759e-05,-9.8113397235199e-05,2.04815118695939e-05,0.39999981658576,-0.400000118495432,0.150000019490075,-0.400000255651248,0.000609245204821065,0.188206394824961,-0.384660774099455,-0.40000035004278,0.150000128374013,0,0.689351094304485,0,0,0,0.581725667366146,0,0,0,0,0,0,0,0,0,0,0,0,0,0,0,0,0,0,0,0,0,0,0,0,0,0,0,0,0,0,3.07914718717943,3.62096154899619,3.18404380985835,3.51606492631727,0.798593203467674,0.0331984137077231,0,1.07834962891211,1.61751903921133,0,0.560171073183389,0.508899328742732,0,0.563051438569451,0,0.331910961228462,0.462948397561786,0.39375142109498,1.10222084886867,0.189703876610513
248,-0.0600000006435055,0.00999999989927471,0.0430974859322967,0.0602476742698955,0.00495451229453592,0.0433551836402488,-0.13000000000623,-0.115000000104186,0.0524837792521368,0.74839069881817,-1.48965530750677e-06,2.8388659342378e-06,0.663284869886293,1.43053522405376e-05,0.00656930640906273,0.0519978349629997,-3.95181890124886e-08,-1.91601299686745e-09,0.00019477503957813,-0.00257969772251964,0.0619256738646546,0.00186960402119007,1.32642382691654e-11,-4.30872857084421e-11,0.00535397834080059,0.00197977312848098,-0.00407720392928207,0.56685220887662,-0.00187986804583968,0.0287465567892612,0.000346036043508824,0.364794552715545,-0.4000000385245,0.164812384372187,-0.400000039581558,0.0596448513528701,0.233724467065967,-0.0551774940200231,-0.400000017778564,0.153496523139686,0,0.725685866315894,0,0,0,0.715190030227987,0,0,0,0,0,0,0,0,0,0,0,0,0,0,0,0,0,0,0,0,1.35472701831362,0,0,0,0,0,0,0,0,0,3.40131766043038,3.73805069991851,3.40906721314568,3.73030114720321,0.708704317583441,0.0314115478335012,0,0.978007446539355,0.798484293926183,0,0.442868081396058,0.485979259769599,0,0.218491596662786,0,0.266268902576938,0.40067235084444,0.317443096068757,0,0.226693859335382
249,-0.0600000009202998,0.00999999989908682,0.0430985461830911,0.0601888136302595,0.00460360534813754,0.0435133810305764,-0.130000000093464,-0.115000000109576,0.0524202380397439,0.747744157371323,2.38698769050348e-06,-2.3250432536953e-06,0.664013668721549,1.8844628417148e-05,0.00666620548618147,0.0519978944328099,5.89407275314131e-12,4.84864432108012e-11,7.35781432767962e-05,-0.00502063046035982,-0.0428436337523982,0.0131683240951823,2.04226001597986e-11,-6.12798141613654e-11,-0.0116232192187158,9.89752765311461e-05,0.000414305916640948,-0.00243254790179045,6.74625663946556e-06,-0.000173440393950874,-2.63526664740856e-08,0.371478802040203,-0.400000063187923,0.164743362575212,-0.400000034472195,0.24474815932227,0.224242072024687,-0.0436629198911934,-0.40000002527677,0.164061335485953,0,0.716957923100422,0,0,0,0.819634687962555,0,0,0,0,0,0,0,0,0,0,0,0,0,0,0,0,0,0,0,0,1.43449663352373,0,0,0,0,0,0,0,0,0,3.38942309876681,3.73270834219146,3.40137993716989,3.72075150378838,0.712896265412614,0.0276407868189167,0,0.971719201631436,0.791302402669549,0,0.435653638638742,0.473157539070631,0,0.221357765171849,0,0.268096115787203,0.398091532912564,0.311225753392753,0,0.218955386660875
250,-0.0600000010168692,0.00999999990347699,0.0430996311223003,0.0601719402119745,0.00446826226373093,0.043579903088399,-0.130000000087865,-0.115000000106943,0.0521661906633393,0.747747853379336,-3.33368560825396e-07,1.19765443275477e-06,0.664009506642089,1.83735797389176e-05,0.00666541797219968,0.0519979769038636,6.39252346041038e-10,-1.20163808983621e-10,0.000195356608884435,0.000145059358969699,5.36365965174919e-05,2.49060315863114e-05,9.0029125667328e-12,-4.3553784549254e-11,-0.0137707797663277,0.00016027571560935,0.00151655483344113,0.000694329179613048,7.70205150113453e-05,1.65545385961093e-05,6.98421194915862e-05,0.359163732488179,-0.400000048039155,0.166457422958752,-0.400000026837655,0.219526317699987,0.233565502765999,-0.0320836227944354,-0.400000017977178,0.168214669990785,0,0.725540499758459,0,0,0,0.827559273671761,0,0,0,0,0,0,0,0,0,0,0,0,0,0,0,0,0,0,0,0,1.44817836180956,0,0,0,0,0,0,0,0,0,3.37995859193957,3.73130447641306,3.39767655844891,3.71358650990372,0.714604274925776,0.0287987982632232,0,0.976458288278388,0.790319758858093,0,0.435466815738948,0.465875125528293,0,0.232459412313208,0,0.272884014945561,0.396568497969147,0.314682796459129,0,0.213615631865416
251,-0.060000000085892,0.00999999991158234,0.043100440803854,0.0601718474358904,0.00446851138656481,0.0435808089746403,-0.130000000077903,-0.115000000100595,0.0518830774116252,0.747745484803773,-3.12718591025143e-07,-2.4489053864206e-08,0.66401217389444,1.82426695415623e-05,0.00666547131042747,0.0519979717625106,2.84124752206314e-11,8.78584547148783e-12,4.54024057836073e-05,5.75900683144041e-06,1.42394596527682e-05,3.26138283014148e-05,7.26308315698498e-12,-2.86386645437148e-12,-0.0145367131050678,1.29531948993596e-05,9.53449654742003e-05,0.000371946926527613,2.52488311816503e-06,4.77787832246095e-06,-3.75934234278081e-06,0.399999999658829,-0.399999999339679,0.159320315212633,-0.400000003236216,0.220231192814755,0.246624523472523,-0.104473932914721,-0.400000001182548,0.154190957162224,0,0.710921889144937,0,0,0,0.826344439933597,0,0,0,0,0,0,0,0,0,0,0,0,0,0,0,0,0,0,0,0,1.42264474312755,0,0,0,0,0,0,0,0,0,3.40834772125068,3.73236232083615,3.41012346342741,3.73058657865942,0.709776291232748,0.031759461632503,0,0.972010961921386,0.781090232623831,0,0.427571861660108,0.475044627559204,0,0.224598555794851,0,0.275419049079326,0.398805257612167,0.314365350757826,0,0.228972748294916
252,-0.0600000009797958,0.00999999990322106,0.0431013442576077,0.0601718290717024,0.00446888223490979,0.0435815223715142,-0.130000000080432,-0.115000000106843,0.051646593831133,0.747742900347025,-1.73210998017611e-07,2.12494894751831e-07,0.664015084262233,1.82331461241318e-05,0.00666560175926233,0.0519979548639935,-1.62950862104396e-10,-1.0981375531651e-10,4.34524654424682e-05,-6.57669055229716e-06,1.90982547124829e-05,4.09279298947357e-05,8.54802870713809e-12,-4.22647718284698e-11,-0.00913863722933396,-4.89873404612759e-06,-4.20031086117819e-05,0.000387577997541065,-3.68679878542263e-06,6.60511728669306e-06,9.74099491294595e-07,0.37535362946292,-0.400000045114834,0.162932822745913,-0.400000027400847,0.226084370474837,0.231872242048808,-0.0475259940437613,-0.400000017415908,0.166071705352137,0,0.723471767343515,0,0,0,0.834221505062745,0,0,0,0,0,0,0,0,0,0,0,0,0,0,0,0,0,0,0,0,1.46135101294524,0,0,0,0,0,0,0,0,0,3.37444257426435,3.72738429882628,3.39427620305029,3.70755067004033,0.716120270371815,0.0287029284085066,0,0.979064218597257,0.793151906888233,0,0.437007124341397,0.467104190003285,0,0.234057555249306,0,0.273883401685054,0.397502538961113,0.316314034297249,0,0.213797351404585
253,-0.0600000009483811,0.00999999990304925,0.0431022389941852,0.0601717939013093,0.00446928997927666,0.0435823027355426,-0.130000000087417,-0.115000000106143,0.0514297347939468,0.747740255625237,-2.07325974877637e-07,2.15008038891183e-07,0.664018062451562,1.82075341146576e-05,0.00666574281595095,0.0519979605031236,-1.1237167088326e-10,-9.55396425513639e-11,4.47999315157596e-05,-2.95260755202391e-07,2.01339538470424e-05,3.77711745816132e-05,6.42604634847388e-12,-3.57333429915255e-11,-0.0125303077245504,1.12532827685567e-06,1.09388916307807e-05,0.000397974447382011,-4.33919793457158e-07,6.87654069549064e-06,-3.13562191673179e-07,0.371258425838735,-0.400000039520735,0.162994547869156,-0.400000023481532,0.22707072238272,0.231953931580905,-0.0429067222497538,-0.400000014752695,0.170039150925864,0,0.724555708368425,0,0,0,0.836680776188478,0,0,0,0,0,0,0,0,0,0,0,0,0,0,0,0,0,0,0,0,1.46671619694257,0,0,0,0,0,0,0,0,0,3.37162968261298,3.72551513128003,3.39175150946994,3.70539330442308,0.71914502897748,0.0303175081115302,0,0.983260834837382,0.794659325255384,0,0.438153096256027,0.467740801131132,0,0.236919091894083,0,0.276094153830435,0.398333681809734,0.317836155914329,0,0.214213187768085
254,-0.0600000008319113,0.00999999990395728,0.0431031300032109,0.0601717648842048,0.0044697412864444,0.0435831217805335,-0.130000000090585,-0.115000000107534,0.0511747048640063,0.7477375230915,-2.83238878932737e-07,1.81771835836299e-07,0.664021139504366,1.81857544279652e-05,0.00666590000112423,0.0519979693772211,-1.38773776859626e-10,-1.20065055458904e-10,4.49057178351725e-05,6.10884369723838e-07,2.22393817061542e-05,3.89852260785094e-05,1.21367160309656e-11,-4.71110736921846e-11,-0.0129704848575836,1.78797578602476e-06,1.55484978780727e-05,0.000411269458094984,1.16501291132628e-07,7.63977981901959e-06,-3.82619360317623e-07,0.377395163518647,-0.400000049690358,0.162428412643333,-0.40000002955233,0.22776547373122,0.232596330039824,-0.0434452566880685,-0.400000019438146,0.171451999879967,0,0.721319056604726,0,0,0,0.838361855417025,0,0,0,0,0,0,0,0,0,0,0,0,0,0,0,0,0,0,0,0,1.47022787276491,0,0,0,0,0,0,0,0,0,3.37023471456246,3.72407046700099,3.39052678977411,3.70377839178934,0.721735456394941,0.0317973476010528,0,0.98666362264187,0.795603583397258,0,0.438950735990834,0.468526105089846,0,0.238955079797123,0,0.277967118540806,0.399245771267591,0.319030989879488,0,0.215105660791677
255,-0.0600000001007564,0.00999999990977523,0.0431040192843128,0.0601717428720276,0.0044702538633376,0.0435839740981578,-0.13000000007795,-0.115000000100141,0.0509305741037191,0.747734670286465,-3.74770443570684e-07,1.49965995066795e-07,0.664024351947241,1.81686393147392e-05,0.00666607988833591,0.0519979785366919,1.75119763931903e-12,3.99066408353663e-12,4.4856585533612e-05,9.79372194074211e-07,2.52194309876309e-05,4.05794532463879e-05,1.15743855915275e-11,-6.18272964189345e-12,-0.0114501908378146,1.8209274459084e-06,1.55298782839191e-05,0.000429204337483149,3.25764042017996e-07,8.74023511182996e-06,-3.91719819228517e-07,0.399999996849835,-0.399999998550331,0.158173719732987,-0.400000005947527,0.22620271599766,0.246826484140819,-0.100740358648551,-0.40000000256684,0.161894684013412,0,0.71133988061444,0,0,0,0.836513099031751,0,0,0,0,0,0,0,0,0,0,0,0,0,0,0,0,0,0,0,0,1.44315518279417,0,0,0,0,0,0,0,0,0,3.39496827491371,3.72314302978592,3.40149464153455,3.71661666316508,0.719855343088769,0.0364914106108624,0,0.987145304592585,0.787497546886093,0,0.431675277150802,0.477482193085625,0,0.234596476739093,0,0.283176961493097,0.401845148464261,0.319764989478563,0,0.230087634448178
256,-0.0600000006973023,0.00999999990608396,0.0431049060464818,0.0601717386052599,0.00447082005223677,0.0435846926908964,-0.130000000084931,-0.115000000109275,0.0507801944648313,0.747731731338865,-2.85903714765508e-07,3.29680161439592e-07,0.664027661396576,1.81704775988957e-05,0.00666627749422743,0.0519979560751946,-1.98596660788078e-10,-1.45228645939217e-10,4.4007211024521e-05,-3.89709214069472e-06,2.85015389673165e-05,4.04721826743348e-05,1.9557601609441e-11,-5.78129655540317e-11,-0.0036268920818821,-3.37042729958603e-06,-2.92351931392454e-05,0.000440917362933853,-2.27937206324703e-06,9.88598515255419e-06,1.03336917345705e-06,0.392394745758307,-0.400000059463538,0.161345807627204,-0.400000036615076,0.230144424558437,0.233161121340455,-0.0473248784269562,-0.400000023829775,0.167895869469209,0,0.710006595130176,0,0,0,0.842706209406586,0,0,0,0,0,0,0,0,0,0,0,0,0,0,0,0,0,0,0,0,1.48176372776439,0,0,0,0,0,0,0,0,0,3.37090009943911,3.72269712896012,3.39168611688347,3.70191111151577,0.726285786341471,0.0347151020595259,0,0.992895550511272,0.796978826306887,0,0.440187199019626,0.471662993587175,0,0.2383183575114,0,0.278436692184743,0.398904811857859,0.318474621751788,0,0.216090967781638
257,-0.0600000004702919,0.00999999994673679,0.0431057994214312,0.0601717117864937,0.00447137115339673,0.0435856356976014,-0.130000000137932,-0.115000000133767,0.0506843049590331,0.747728794201872,-4.70288871750527e-07,9.11276922119105e-08,0.664030968747575,1.81394253088274e-05,0.00666647027253132,0.0519979917669779,-2.82725528181243e-11,9.8124572549425e-12,4.52784958294978e-05,4.97885850612369e-06,2.70446912039543e-05,3.97965590630063e-05,1.20607307515311e-10,-4.31150582926026e-11,-0.00595044356884301,5.62568511429501e-06,4.9125333065854e-05,0.000443903776848116,2.3546547563342e-06,9.39745972122091e-06,-1.67058361172769e-06,0.399999975996158,-0.399999996597774,0.15964498810609,-0.400000021564429,0.231352871000319,0.235055573226964,-0.059129654521071,-0.400000017778335,0.167539117526735,0,0.707594010136316,0,0,0,0.844149714350328,0,0,0,0,0,0,0,0,0,0,0,0,0,0,0,0,0,0,0,0,1.48502618722299,0,0,0,0,0,0,0,0,0,3.37163532047248,3.72109052510693,3.39050435017516,3.70222149540427,0.727543589996978,0.0352575532876585,0,0.994902116563208,0.797659422120465,0,0.440269463840377,0.473724536393035,0,0.238125997829549,0,0.279494597867488,0.400089267979113,0.319203022654837,0,0.218363002472228
258,-0.06000000049355,0.00999999993446757,0.0431066844788205,0.0601717052090057,0.00447197179020948,0.0435865109642019,-0.130000000121907,-0.115000000125136,0.0505714650439076,0.747725761181633,-5.03985431253553e-07,1.10104264899224e-07,0.664034384049152,1.81339252131938e-05,0.00666668279611347,0.0519979896943521,-4.3728673176289e-11,-1.54550397796175e-12,4.45706503068632e-05,-3.6764801064779e-07,2.99276165053259e-05,4.40514801790359e-05,9.56517697862661e-11,-3.54483796270561e-11,-0.00533661551935848,3.93793342924936e-08,-6.33799523799216e-07,0.000456169111852205,-3.64321558438677e-07,1.05151211090786e-05,1.92940629160922e-07,0.399999981383149,-0.400000000622497,0.159582594706744,-0.400000015389328,0.233284982666706,0.234118851393891,-0.0557477273996881,-0.400000014618706,0.16851060511063,0,0.707903490059215,0,0,0,0.847188123142387,0,0,0,0,0,0,0,0,0,0,0,0,0,0,0,0,0,0,0,0,1.49234896143747,0,0,0,0,0,0,0,0,0,3.36783315298676,3.71956077605741,3.38793031469409,3.69946361435008,0.729948493084442,0.0358854001545088,0,0.99816873553289,0.799940326641408,0,0.441957064334102,0.474286795000013,0,0.240148473107278,0,0.28061743126501,0.400928213050059,0.320566605645473,0,0.218155122605932
259,-0.0600000003889907,0.00999999995266097,0.0431075709022583,0.0601717007472663,0.0044727664499307,0.0435873865460005,-0.130000000146393,-0.115000000138451,0.0504795220699171,0.747722363254671,-6.16269334674644e-07,2.03871898808229e-07,0.66403821021166,1.81295236589671e-05,0.00666697011649542,0.0519979897722586,-6.04664569657955e-11,1.78151673047733e-11,4.47233365296921e-05,9.88871927845158e-07,3.91081648465687e-05,4.33570173043914e-05,1.29079335785374e-10,-4.1834661155495e-11,-0.00386504214872358,8.39618686361607e-07,7.13937291126877e-06,0.000509375454249825,1.67973507818679e-07,1.38400823598382e-05,-2.08492722958656e-08,0.399999973120588,-0.399999992689619,0.158929293798855,-0.40000002490571,0.233898050967576,0.235936136899483,-0.0581662469935059,-0.40000001725584,0.167366638732059,0,0.707311352896427,0,0,0,0.849199624545681,0,0,0,0,0,0,0,0,0,0,0,0,0,0,0,0,0,0,0,0,1.49535676862152,0,0,0,0,0,0,0,0,0,3.36755555681182,3.71800544436174,3.38691499634106,3.69864600483251,0.732458505358659,0.0375234375560994,0,1.00179935402908,0.800946591341327,0,0.442577501469543,0.475933338104091,0,0.242073557057815,0,0.28296756394404,0.402296044264576,0.322114367734023,0,0.220145582823792
260,-0.0600000003131685,0.00999999996946896,0.043108459632971,0.0601717050327868,0.00447345156697182,0.0435882619365427,-0.130000000166428,-0.115000000151386,0.0504162783979299,0.747719168449519,-5.62039100317378e-07,1.55212492585951e-07,0.664041807616272,1.81233356528332e-05,0.00666720886409497,0.0519979897769696,-8.87829843768467e-11,4.178363052215e-11,4.41906801087997e-05,-5.29482740895707e-07,3.4573933157288e-05,4.4010106361203e-05,1.47276807479376e-10,-3.86323840552795e-11,-0.00246632059622141,-5.26993519419072e-07,-4.57835416270964e-06,0.000482295665184896,-5.86870038504641e-07,1.22123553279222e-05,3.86218376263e-09,0.399999964224183,-0.399999982732422,0.158152368215742,-0.400000036202771,0.2346558846383,0.23730383373221,-0.0612450180920194,-0.400000015931122,0.166036261724819,0,0.70751590490407,0,0,0,0.850958079339427,0,0,0,0,0,0,0,0,0,0,0,0,0,0,0,0,0,0,0,0,1.49977301970348,0,0,0,0,0,0,0,0,0,3.36816611131551,3.71709457900723,3.38645610442397,3.69880458589878,0.73518154639553,0.0398207014971728,0,1.00535803290996,0.802097594180244,0,0.443523277350179,0.478177036113353,0,0.243347440652397,0,0.284780190587274,0.403057345237004,0.32312945843851,0,0.221849497771747
261,-0.0600000001256284,0.00999999991527954,0.0431093467757635,0.0601717039533391,0.004474239284274,0.0435891370512832,-0.130000000081218,-0.115000000101916,0.0503813221117495,0.747715779437983,-6.17876245424602e-07,2.01799385342913e-07,0.664045623669135,1.81175348877033e-05,0.00666749127597281,0.0519979897731127,-3.70343945297581e-11,2.11758168089119e-13,4.45982727821068e-05,6.20019401190475e-07,3.91300532947254e-05,4.35291727583238e-05,1.09319035349384e-11,-2.54372756589622e-11,-0.00103644930932415,4.61621792990855e-07,4.07233519812903e-06,0.000509206107056971,-5.45116103612336e-08,1.38586838746461e-05,-2.79506698576843e-09,0.399999983748583,-0.39999999992238,0.156261712401721,-0.400000017197205,0.236678008812107,0.246478601159854,-0.0948709048136019,-0.400000010494615,0.160058591090291,0,0.70783124299095,0,0,0,0.853712326024547,0,0,0,0,0,0,0,0,0,0,0,0,0,0,0,0,0,0,0,0,1.48387582638418,0,0,0,0,0,0,0,0,0,3.37902377694459,3.71313584001374,3.38929952776728,3.70286008919105,0.734121796639535,0.0427324563395647,0,1.00833752783518,0.79859215325283,0,0.438982274634872,0.484085343210974,0,0.243340873026792,0,0.289670918778906,0.403970852277889,0.325083881280242,0,0.2304389846342
262,-0.0600000003936594,0.00999999992187701,0.0431102331961762,0.0601717198551174,0.00447501168924608,0.0435898405120107,-0.130000000103939,-0.115000000118033,0.0504139679928517,0.747712450833449,-4.30137880498081e-07,4.22083073872908e-07,0.664049371659549,1.81281723869908e-05,0.00666776130037628,0.0519979573047441,-7.1056001084284e-11,-9.10090168615063e-12,4.35754974782451e-05,-5.07485527229996e-06,3.90662735010863e-05,4.19239805286407e-05,6.55009442765386e-11,-2.64802381292604e-11,0.00427448051583945,-5.28783431744555e-06,-4.55158914047206e-05,0.000499796944793933,-3.0790039290584e-06,1.37524439068272e-05,1.46263704819191e-06,0.399999992704205,-0.400000003007006,0.158916749131415,-0.400000012469874,0.239275545911374,0.233867830584325,-0.0462994563709353,-0.400000010889916,0.164531062872019,0,0.708032650743131,0,0,0,0.858830252632633,0,0,0,0,0,0,0,0,0,0,0,0,0,0,0,0,0,0,0,0,1.51758154800414,0,0,0,0,0,0,0,0,0,3.35795120315705,3.71460843521526,3.380428384133,3.69213125423932,0.741013675192044,0.041331899810445,0,1.01296607817978,0.808481274312941,0,0.448590266010204,0.479038432370779,0,0.249099930754585,0,0.287396544270543,0.40522197209119,0.326915455012181,0,0.220495599338582
263,-0.0600000000879576,0.00999999990419572,0.0431111248320616,0.0601717078222216,0.00447594712213264,0.043590777673518,-0.13000000008188,-0.115000000101358,0.0504607639316133,0.747708777767926,-6.96186810067509e-07,2.78787771607133e-07,0.664053507468083,1.81033624403042e-05,0.00666809975592459,0.05199799168178,3.0133542393204e-11,1.906799558099e-12,4.54679479005989e-05,6.59797310523758e-06,4.58430732382269e-05,3.94284878421747e-05,6.24555874796039e-12,-3.72449375362638e-12,0.000424367387597693,6.1026592096889e-06,5.38149607914164e-05,0.000552909184099486,2.9077943868145e-06,1.62530373103532e-05,-1.64306960285901e-06,0.399999999477839,-0.400000000119008,0.156904782896078,-0.399999997018964,0.23419908063792,0.247050091490601,-0.0917879680468265,-0.400000001545073,0.159669721184761,0,0.710704777926218,0,0,0,0.851254406342685,0,0,0,0,0,0,0,0,0,0,0,0,0,0,0,0,0,0,0,0,1.47526082889445,0,0,0,0,0,0,0,0,0,3.37621356049389,3.71103482451002,3.38676459055933,3.70048379444457,0.736416249051748,0.0437678106255101,0,1.01066250986261,0.800367735163929,0,0.440067780302365,0.484771363786703,0,0.247159048245365,0,0.293443294154793,0.407131095172816,0.327862646544991,0,0.232840808125004
264,-0.0600000003682206,0.00999999990471404,0.0431120084381793,0.0601717376155274,0.00447676965417563,0.0435914518561577,-0.130000000080114,-0.115000000106757,0.0505175521441259,0.747705355432655,-4.31795679655045e-07,4.89377827333572e-07,0.664057360925452,1.81209305563575e-05,0.00666838457931634,0.051997951976285,-1.60250638126229e-10,-1.02154462326193e-10,4.33061162132712e-05,-6.24740098454039e-06,4.19346748975328e-05,4.21298867044844e-05,1.44785690780039e-11,-3.76172517045059e-11,0.00523042180906014,-6.70583508046907e-06,-5.86829593793322e-05,0.000514656881959146,-3.68779226088385e-06,1.47887283665971e-05,1.89005273365302e-06,0.384998243032233,-0.400000041211168,0.15924988026198,-0.400000023795246,0.241472920847605,0.233350532125955,-0.0359234941069647,-0.400000015507441,0.164521072305214,0,0.718680798668083,0,0,0,0.863037948325714,0,0,0,0,0,0,0,0,0,0,0,0,0,0,0,0,0,0,0,0,1.5255311376996,0,0,0,0,0,0,0,0,0,3.34825061225888,3.71064862464937,3.37285028525481,3.68604895165343,0.744941960001266,0.0416107074855048,0,1.01966085636423,0.81410185453717,0,0.452295458763986,0.479751053211361,0,0.256389653853909,0,0.292003235573496,0.409116499972429,0.332723603806577,0,0.22155144208639
265,-0.0600000002977821,0.0099999999055594,0.0431128994424738,0.0601717395559951,0.00447769319600738,0.0435922158459367,-0.130000000089238,-0.115000000107754,0.0505961314167108,0.747701740669494,-4.96172511911369e-07,5.22275270801163e-07,0.664061431001023,1.81111498458653e-05,0.00666871297364011,0.0519979571979228,-1.39185276495774e-10,-1.13531032513023e-10,4.46056665449886e-05,1.69018701548853e-06,4.57773017783679e-05,3.69393160561238e-05,1.97215227228553e-11,-4.44786255419003e-11,0.00264045497618678,1.1073951307977e-06,1.09304324460452e-05,0.000543339909773809,2.9157900437714e-07,1.61100757258216e-05,-3.52062888475652e-07,0.389396877047002,-0.400000046895103,0.15936344901757,-0.400000027294085,0.239361844879346,0.233901480726459,-0.0385476401936585,-0.400000018335113,0.165111496404044,0,0.716266571369537,0,0,0,0.859675261077711,0,0,0,0,0,0,0,0,0,0,0,0,0,0,0,0,0,0,0,0,1.51850185705388,0,0,0,0,0,0,0,0,0,3.35147236000173,3.7122576396965,3.37484240981089,3.68888758988735,0.743302288412095,0.041085478326756,0,1.01695225569924,0.812573648340359,0,0.451362180650354,0.479487696509407,0,0.254602796104424,0,0.290966144427557,0.408881576656203,0.331793546597071,0,0.221976259872726
266,-0.0600000003306365,0.00999999990583874,0.0431137879357524,0.0601717496326243,0.00447854221787895,0.0435929879347307,-0.130000000086471,-0.115000000106223,0.050633005333004,0.747698263262065,-4.73614592261468e-07,4.69410892579418e-07,0.664065346374783,1.81037126127694e-05,0.00666900906839054,0.0519979599980882,-1.07445778826246e-10,-8.59287684223528e-11,4.43824215734077e-05,6.28115131233129e-07,4.26231640856568e-05,3.81605469865416e-05,1.09900499750484e-11,-3.21658171507245e-11,0.00105486532854177,2.00229611041826e-07,1.81351074887157e-06,0.000524634555752596,-1.58339736294006e-07,1.49669983172886e-05,-1.03436875861947e-07,0.388343158300957,-0.40000003547716,0.15868464346535,-0.400000021820104,0.238819173855209,0.232923848899647,-0.0396470805966312,-0.400000013260094,0.165216978504366,0,0.717556942246309,0,0,0,0.855949428156587,0,0,0,0,0,0,0,0,0,0,0,0,0,0,0,0,0,0,0,0,1.53965424721377,0,0,0,0,0,0,0,0,0,3.344401827151,3.70759077095466,3.36702468371734,3.68496791438833,0.748782592368659,0.0426612352782538,0,1.02412597880606,0.819608881028721,0,0.455720354361329,0.484966327358506,0,0.254286134468196,0,0.291609758430198,0.410762513180724,0.332702699881056,0,0.223073141676786
267,-0.0600000001693767,0.00999999983025556,0.0431146766351591,0.0601717573328256,0.00447931643914588,0.0435937631202342,-0.130000000247767,-0.115000000145879,0.050637300956264,0.747694928370612,-4.37129739187031e-07,4.21105279521733e-07,0.664069101276841,1.8096667342197e-05,0.00666927753276649,0.0519979614495121,-4.15581387883943e-10,-1.12716729412369e-10,4.42941061556212e-05,1.28165496357948e-07,3.89401476384003e-05,3.86332768188986e-05,-1.36562596291596e-10,-1.28329910146131e-10,-0.000616946365248306,-1.38856674730953e-07,-1.06735058461106e-06,0.000503217286705977,-3.5253339023384e-07,1.36272595328035e-05,-5.70496093195548e-08,0.400000457574159,-0.40000004590313,0.15862456720097,-0.400000133321724,0.235838365360916,0.23534384931926,-0.0441740971502567,-0.400000052444014,0.165188120624032,0,0.710251270162769,0,0,0,0.852299441267427,0,0,0,0,0,0,0,0,0,0,0,0,0,0,0,0,0,0,0,0,1.52857325942075,0,0,0,0,0,0,0,0,0,3.35021784236409,3.70967392216744,3.37079082226214,3.6891009422694,0.747701158348068,0.0431404490175014,0,1.02227403380812,0.816929629654853,0,0.454176592145982,0.484965496517826,0,0.252985638778255,0,0.291659366046348,0.41102616247166,0.332057648769701,0,0.224896702686215
268,-0.0600000004033813,0.00999999990969256,0.0431155660405246,0.0601717532412281,0.00448006678519367,0.0435946551972105,-0.130000000110557,-0.115000000119592,0.0506165552922209,0.747691618046365,-5.48429015933489e-07,2.4974241526069e-07,0.664072828438257,1.80791797669627e-05,0.00666954110759686,0.0519979840491427,-3.97100192977487e-10,-3.18227803816228e-10,4.49129222719022e-05,3.63700741239912e-06,3.73322945928211e-05,3.99815994240208e-05,6.57129725344494e-11,-1.26517893844228e-10,-0.00145344081144045,3.49489251747723e-06,3.02296257926632e-05,0.000499908512474355,1.54327822714113e-06,1.31026869475437e-05,-1.01455874162467e-06,0.399391670764759,-0.400000131626969,0.158174776499558,-0.400000078526774,0.238491013913618,0.234825261496337,-0.0411335381686172,-0.40000005214014,0.165965818845042,0,0.711032123876412,0,0,0,0.856784520722778,0,0,0,0,0,0,0,0,0,0,0,0,0,0,0,0,0,0,0,0,1.54032631166231,0,0,0,0,0,0,0,0,0,3.34635099242937,3.70782390903059,3.36709056323969,3.68708433822026,0.752049037968709,0.045332460741123,0,1.0281991409007,0.820548961001999,0,0.456962195444831,0.487155437075397,0,0.256015966632052,0,0.293918449761923,0.412434372860416,0.334252177409157,0,0.225597754736424
269,-0.0600000002552891,0.00999999990466712,0.0431164499559566,0.0601717658230962,0.00448090622595244,0.0435954254024252,-0.130000000101595,-0.115000000114691,0.0505905942510803,0.747688151249465,-5.18867758269452e-07,3.89845824009762e-07,0.664076731742143,1.80854844990495e-05,0.00666983933850029,0.0519979679434836,-3.44779058013137e-10,-2.61809888714394e-10,4.41973760431458e-05,-1.68496853636186e-06,4.1942918477625e-05,4.16329077979535e-05,4.40733943182648e-11,-9.79109308143074e-11,-0.0011442075390562,-2.10641580915205e-06,-1.88439271028525e-05,0.000520305521598741,-1.26416340294078e-06,1.4796589817693e-05,7.8499817071116e-07,0.393536406708564,-0.400000107551501,0.157746941555137,-0.400000061852372,0.244599154986397,0.234301955411119,-0.0358176587234765,-0.400000040354816,0.166245650303185,0,0.715208934590164,0,0,0,0.867469617109544,0,0,0,0,0,0,0,0,0,0,0,0,0,0,0,0,0,0,0,0,1.56096186222693,0,0,0,0,0,0,0,0,0,3.33600870203849,3.70269777129354,3.35834551458143,3.68036095875059,0.758748718737219,0.0472482254857167,0,1.03821106542675,0.827370839003167,0,0.461493990888558,0.489685849213586,0,0.262791736273426,0,0.298663142531621,0.415906079943873,0.339352511886683,0,0.226722504149584
270,-0.0600000000960042,0.00999999990353495,0.0431173359487625,0.060171771342061,0.00448215263859956,0.0435963438085863,-0.130000000080285,-0.115000000100962,0.0505503378956075,0.747683854488086,-8.57793541204317e-07,4.16446254469382e-07,0.664081569440984,1.80775213479416e-05,0.00667030074332265,0.051997991058628,1.15093386885816e-12,1.39777757047185e-12,4.5511392056384e-05,6.74199794063652e-06,6.08988650638986e-05,4.03698430336926e-05,8.82416124250231e-12,-1.85134590721189e-11,-0.00287277899641469,5.23002947312804e-06,4.55688971161602e-05,0.000644014267353639,2.89634859463698e-06,2.19320127318894e-05,-1.0980860968974e-06,0.399999988856869,-0.400000000271741,0.156885930850008,-0.400000005636766,0.245715273279032,0.246811112538194,-0.0767803086481231,-0.400000007642802,0.163014630630588,0,0.715983048717895,0,0,0,0.87008665472215,0,0,0,0,0,0,0,0,0,0,0,0,0,0,0,0,0,0,0,0,1.53238430660437,0,0,0,0,0,0,0,0,0,3.34458243161532,3.69450507340371,3.35784011371315,3.68124739130587,0.75851653631057,0.0499711970628727,0,1.04501573316288,0.824737489430499,0,0.456316234619445,0.496814826738596,0,0.265197641219701,0,0.307263227703848,0.419890210556277,0.343620016084379,0,0.238826575216454
271,-0.0600000005072162,0.00999999990504804,0.0431182157742227,0.0601718203991246,0.00448379798399325,0.0435971837909551,-0.130000000111595,-0.115000000124596,0.0505568468159612,0.74767871355715,-1.02089122939027e-06,6.21830234263503e-07,0.664087357548247,1.80989537069711e-05,0.0066709153751325,0.0519979826420287,-5.42078252286389e-10,-4.10364064831936e-10,4.47404763926414e-05,3.12279330879603e-06,8.1325952597098e-05,4.29822494483105e-05,1.14661270793505e-10,-1.68705567204485e-10,0.00349183682266598,3.01704723225237e-07,1.2990564807304e-06,0.000770134615917873,8.63446449513355e-07,2.99174955760718e-05,4.40303728156527e-07,0.399771056464529,-0.400000168930573,0.159605911896993,-0.400000100332193,0.240749812121929,0.237255989611913,-0.0336057333306816,-0.40000006955096,0.164230065208578,0,0.716338348028529,0,0,0,0.862623616915447,0,0,0,0,0,0,0,0,0,0,0,0,0,0,0,0,0,0,0,0,1.54713180574666,0,0,0,0,0,0,0,0,0,3.33867278288523,3.70469440609852,3.36116396115943,3.68220322782431,0.758107145616608,0.0477042118303928,0,1.03823185683243,0.827206289214983,0,0.462266224854322,0.489852678184222,0,0.264096644372023,0,0.299829791597541,0.418107643871944,0.341305046365195,0,0.228896113215949
272,-0.0600000001555893,0.00999999991175634,0.0431191039539907,0.0601718741597023,0.00448517645500963,0.0435980718070805,-0.130000000083469,-0.115000000103369,0.0506054684875894,0.747674122302804,-9.45451618240771e-07,4.76547451068279e-07,0.664092526667235,1.81047035258207e-05,0.00667141124718798,0.0519979901934774,-1.47547182279734e-11,-1.21934374901194e-11,4.39741684465746e-05,2.41667532437779e-06,6.94115904900126e-05,4.33721435030664e-05,8.45482098696146e-12,-1.53681813431853e-11,0.00138089581335969,4.2740811681073e-08,5.6000705610897e-07,0.000693983174972032,4.9912483246448e-07,2.52956774732583e-05,-3.63564665217015e-07,0.399999993263306,-0.40000000519209,0.157281994427569,-0.400000002183728,0.245718037379078,0.245128346745637,-0.0560801258525116,-0.400000006347354,0.160574689356648,0,0.716366729102741,0,0,0,0.870957530258841,0,0,0,0,0,0,0,0,0,0,0,0,0,0,0,0,0,0,0,0,1.54885327637659,0,0,0,0,0,0,0,0,0,3.34647737789472,3.70349028955241,3.36275807108224,3.68720959636489,0.759889525632893,0.0507341760977175,0,1.04391080656026,0.826582122739399,0,0.461371186712291,0.494853403883499,0,0.266497068766246,0,0.30468636290505,0.421005946786965,0.345405360524915,0,0.236435941297394
273,-0.0600000001058116,0.00999999990648433,0.0431199845805352,0.0601719314244785,0.00448708046408516,0.0435989337569382,-0.130000000074227,-0.115000000101145,0.0506887627855821,0.747668394383885,-1.15366877878512e-06,6.8181120102839e-07,0.664098975438203,1.81277296238168e-05,0.00667213270526792,0.0519979860688191,-6.08155655525367e-11,1.33300345357683e-13,4.49442305172543e-05,4.79755626453481e-06,9.41990609235393e-05,4.30419890403859e-05,2.20764149968077e-11,-4.52253506193155e-11,0.00692083372262767,1.18061386923985e-06,1.00048119544181e-05,0.000858468511615152,1.5936360525741e-06,3.51200830278845e-05,2.03467153418018e-07,0.399999972001897,-0.39999999986191,0.155996123143849,-0.400000017738752,0.252187121249907,0.246250295062085,-0.0685148440492885,-0.400000018614069,0.154628706032094,0,0.717070074088891,0,0,0,0.882914458076382,0,0,0,0,0,0,0,0,0,0,0,0,0,0,0,0,0,0,0,0,1.56020022371625,0,0,0,0,0,0,0,0,0,3.33533482565498,3.69154013259164,3.35035489954363,3.67652005870299,0.767250214481516,0.0528378206093326,0,1.05669076732538,0.833410602352802,0,0.463138896012204,0.500887864394858,0,0.271548660263713,0,0.311535384910623,0.424582048222531,0.349326997708641,0,0.240686516310064
274,-0.0600000001103273,0.00999999990358609,0.04312087086871,0.0601720048270852,0.00448878998361404,0.0435997677943099,-0.130000000071649,-0.115000000100851,0.0508012621392911,0.747663092492833,-1.05345903450435e-06,6.65650970080323e-07,0.664104944465403,1.81461801470721e-05,0.00667276169208924,0.051997980536334,-7.17086227098009e-11,-1.11116745896448e-12,4.38563597799445e-05,1.76407805690361e-06,8.59407136177625e-05,4.31449267099642e-05,2.07482296665424e-11,-4.28056623911081e-11,0.00434199571813291,-1.50865248282561e-06,-1.31087630279083e-05,0.000799100376363153,-2.15826189577018e-08,3.17881284646643e-05,2.37805031519881e-07,0.399999973645201,-0.400000000128484,0.155762470080328,-0.400000016274941,0.253794003553791,0.246250800880226,-0.0681695055344898,-0.400000017625219,0.15509882669399,0,0.717407065167944,0,0,0,0.885755565646873,0,0,0,0,0,0,0,0,0,0,0,0,0,0,0,0,0,0,0,0,1.56560134843634,0,0,0,0,0,0,0,0,0,3.33299893235855,3.69033799084783,3.34742859613644,3.67590832706995,0.769177724175411,0.0534018423038905,0,1.05962767022668,0.835697843335428,0,0.464656792055542,0.502264005031237,0,0.273005791074789,0,0.312737444387865,0.425816013827526,0.350826902522246,0,0.24147036567933
275,-0.0600000001879635,0.00999999994177881,0.043121754762433,0.0601720745449206,0.0044907965899474,0.0436006202395064,-0.130000000101311,-0.115000000116395,0.0508789499815337,0.747657134228629,-1.17181995783952e-06,7.54828063273474e-07,0.664111652359098,1.81672621416763e-05,0.00667351855455001,0.0519979813176322,-9.380477309938e-11,-4.48901173965285e-11,4.46505877716516e-05,4.97495875167989e-06,9.97141297060696e-05,4.20125328568846e-05,4.01155439840125e-11,-1.0386557063186e-10,0.00343133898800161,9.7001234028258e-07,8.81569792328511e-06,0.000895495752088361,1.57749526431088e-06,3.73524745663553e-05,-5.13104148456158e-08,0.399999959030072,-0.400000018580728,0.156796707823402,-0.400000032043942,0.248948773760918,0.245469630592875,-0.057292559811321,-0.400000042817499,0.156197402510386,0,0.718540213285742,0,0,0,0.878034289702185,0,0,0,0,0,0,0,0,0,0,0,0,0,0,0,0,0,0,0,0,1.56101045548144,0,0,0,0,0,0,0,0,0,3.33894242807334,3.69853412093843,3.35414722754906,3.68332932146271,0.766265397255585,0.0529119570957227,0,1.05284646750772,0.834196334986954,0,0.466142415412996,0.500343473137603,0,0.269803614378345,0,0.308299731031209,0.424930233592236,0.349181210846265,0,0.239377349621009
276,-0.0600000000744908,0.0099999999010853,0.0431226436479088,0.060172144401803,0.00449234176929799,0.0436014756362717,-0.130000000074068,-0.115000000101342,0.0509160290152222,0.747652180537017,-9.98331730866702e-07,5.89949620934065e-07,0.664117229167788,1.8176382126688e-05,0.00667407761902974,0.0519979835197012,-4.52471470714624e-11,7.43226719339384e-13,4.37092261273959e-05,1.64862767092758e-06,7.82960349940289e-05,4.30682737982455e-05,1.26097835147205e-11,-2.497572104086e-11,0.000292263345721119,-1.19638898276596e-06,-1.01019760372034e-05,0.000749221819099703,-5.4276428429072e-08,2.87642258453602e-05,-9.18320945180155e-08,0.39999998397403,-0.399999999658179,0.155175049795669,-0.400000003259113,0.258191639043871,0.246124087035177,-0.0661834044307937,-0.400000010275936,0.156312552080738,0,0.719968757700799,0,0,0,0.893815400812275,0,0,0,0,0,0,0,0,0,0,0,0,0,0,0,0,0,0,0,0,1.57993086150985,0,0,0,0,0,0,0,0,0,3.32528269244584,3.68647336815992,3.33916924454001,3.67258681606575,0.775396015902427,0.0561679097383802,0,1.06883070459784,0.842945802097048,0,0.469767157016389,0.506674178846293,0,0.277536540038831,0,0.316215765543663,0.428767633068285,0.354864164066087,0,0.243019699694225
277,-0.0599999994581372,0.0100000001525162,0.0431235255512019,0.0601722102016139,0.00449439092056956,0.043602314770451,-0.130000000490205,-0.115000000361385,0.0509174651354146,0.747646137572338,-1.17626930176906e-06,7.77538063335523e-07,0.664124031879136,1.81998659829492e-05,0.00667485539772854,0.0519979794719618,1.80950435976458e-10,2.72083638258928e-09,4.48664581834612e-05,4.99572580594658e-06,0.000101348230349974,4.19800860387143e-05,5.01763504961093e-10,-4.1340705006199e-10,-0.00014648869436117,9.72067082772526e-07,8.64235290958588e-06,0.000906433958805011,1.58949508887674e-06,3.80127419935191e-05,1.857888163732e-07,0.0381399527170001,-0.399998878453861,0.243705314513097,-0.400000546582134,0.400000053196224,0.250000042118296,-0.0591672601051636,-0.400000170307663,0.175941648304198,0,0.87501533227074,0,0,0,1.060315581554,0,0,0,0,0,0,1.85573083039074,0,0,1.21076445980329,1.90679945453281,0,0,0,0,0.835044696361304,0,0,0,0,1.53107969104476,0,0,0,0,0,0,0,0,0,3.41195091987113,3.76988549872597,3.42967639298649,3.7521600256106,0,0.0127474052656538,0,0,0,0,0.459679708056233,0.447590164694489,0,0,0,0.339620621796508,0.503811097106856,0.41890485299516,0,0.298233315713547
278,-0.0599999999452716,0.00999999987205756,0.0431216807971227,0.0601721884730457,0.00449242478816832,0.043601336883393,-0.130000000172022,-0.11500000014253,0.0504502250026177,0.747647236611263,3.50579324200716e-08,-2.58715268337292e-06,0.664122794938793,1.8072816081205e-05,0.00667411845456375,0.051997068560338,-1.51505822574024e-10,-1.92684518944047e-10,-5.80031951560886e-07,7.39943130621067e-06,-8.72738332036475e-05,1.53915620922348e-05,6.80691349612284e-11,-2.1872887746401e-10,-0.0463464973997398,2.08098865401126e-05,0.000101267987244617,-0.000120990654509526,6.13614151035921e-06,-2.58089572962205e-05,3.35460440991062e-05,0.125954281389354,-0.40000007754137,0.245155774231601,-0.400000071789662,0.400000004052696,0.250000006172148,-0.0120827567422849,-0.400000090130702,0.211786503541009,0,0.819474951887227,0,0,0,1.08453955897504,0,0,0,0,0,0,1.71550385136362,0,0,1.16861380256095,1.89811863214898,0,0,0,0,0.932754612723166,0,0,0,0,1.66225944198239,0,0,0,0,0,0,0,0,0,3.4403903980625,3.81708815247962,3.45771442930404,3.79976412123808,0,0.00305066740221204,0,0,0,0.0482982957598882,0.48861337737327,0.447572310254241,0,0,0.0227544582228494,0.337799375488223,0.539090014445638,0.45916033555416,0,0.320674612563242
279,-0.0599999520069996,0.00999999989917882,0.0431209749443121,0.0601720885255077,0.00449353998982357,0.0436009539015445,-0.130000000156519,-0.115000000132434,0.0494090220623031,0.74764398393868,-1.74236130940742e-06,-3.81099995292222e-07,0.664126456664832,1.81330133795675e-05,0.00667460906157618,0.0519970640684332,3.10727128306839e-06,-1.69769375543168e-10,-3.46307091165199e-05,1.18222732318333e-05,4.4012919781135e-05,-2.22640652119031e-05,2.96386147783933e-10,-3.03957344603421e-10,-0.0499999999959639,3.06229743672034e-06,7.56233132929693e-05,0.000446256198007364,4.84563158340996e-06,1.43114225957254e-05,-1.52983330518435e-06,0.399999963953299,-0.400000060047485,0.150000000517467,-0.122860907147724,0.247027089644176,0.159907264820408,-0.3531239043306,-0.400000125299839,0.150000001662391,0,0.669373676915488,0,0,0,0.717911776226282,0,0,0,0,0,0,0,0,0,0,0,0,0,0,0,0,0,0,0,0,0,0,0,0,0,0,0,0,0,0,2.9655284278761,3.66751609299927,3.14814704302609,3.48489747784929,0.85245698667219,0.0835681130575175,0,1.14111019206192,1.70482126179785,0,0.650852015872176,0.444460954528288,0,0.929225481538196,0.182476444186246,0.449502544536001,0.543369285657018,0.569678219934885,1.49293655127412,0.190316855053677
280,-0.0599999997379136,0.00999999988298921,0.0431281624945973,0.0602321163867644,0.00500000005244245,0.0437932834329273,-0.129064199997962,-0.115000000109857,0.0489497118838362,0.747421484812865,-3.07725656156446e-06,-2.75153684550929e-06,0.664376852607903,2.28054557881804e-05,0.00670738893686953,0.0519982465694672,-5.0825653413128e-11,-2.46178164332843e-10,0.000213710743612871,-0.000162885834725116,1.65246417528187e-09,0.000503827821816169,0.0749999999873413,6.99733318432192e-12,0.00380000731715214,0.000443845553339629,0.00117789180521839,0.000389012995718348,1.52010165378349e-05,-6.16974754399806e-06,5.39481840752487e-05,0.399999981119309,-0.399999997404205,0.250000009611213,-0.400000019912381,0.242843399388628,0.195807289465059,0.0836627576601301,-0.399999997143207,0.249999999416428,0,0.752397553574953,0,0,0,0,0,0,0,0,0,0,0.909672716549022,0,0,0,1.74709166197917,0,1.32536835201239,0,0,0,0,0,0,0,0,0,0,0,0,0,1.02979432579309,1.4544376752717,1.15823503909809,1.3259969619667,3.73411094864196,4.24779533043862,3.84645103816843,4.13545524091216,0,0.0537762106256005,0,0.432724028217393,0,0,0,0.277889526120887,0,0.974748385726635,0.197798801642892,0.409545985918613,0.460708605931034,0.573851340728199,0.779848462837126,0.0955413393822596
281,-0.0599967150710185,0.0099999998826279,0.0431263518974101,0.0602293007562661,0.0050000000284182,0.043793806546042,-0.129999139308163,-0.115000000132196,0.0485614021022553,0.747419703177491,-3.73904695722928e-06,-4.15283165570476e-06,0.664378856920807,2.26344630417245e-05,0.00670742991176834,0.0519974218129712,-1.06860104062942e-05,-1.02387697736099e-11,-2.14087014108869e-05,-1.35126957207839e-05,-1.59347391307604e-10,7.33155235485257e-05,-0.00861254581905658,4.80766200662432e-12,-0.0423999905334676,1.50176326555953e-05,-0.000130181631520969,0.000269819010714479,-7.00328377898156e-06,3.53006704446937e-07,2.39570954562372e-05,0.399999992788161,-0.400000021522888,0.150000000468068,-0.400000004638846,-0.123763211782026,0.16140807516214,-0.277240089581789,-0.0526806833643008,0.149999999280165,0,0.754567697071979,0,0,0,0,0,0,0,0,0,0,0,0,0,0,0,0,0,0,0,0,0,0,0,0,0,0,0,0,0,0,0.908662925752987,1.47936489718381,1.07236962359343,1.31565819934336,3.37278489277447,4.22873266811172,3.64784497559579,3.95367258529039,0.894552809330973,0.121052412256437,0,1.05273956943894,1.49183358496125,0,1.08153724317431,0.321007228639587,0.00848535683848083,1.11817547322273,0.312527893941117,0.523851057420829,0.51248270364338,0.64126403591077,1.55726945875885,0.0452412251116873
282,-0.0599962515365131,0.00999999988341924,0.0431283831263185,0.0602297272123815,0.00500000005659682,0.0437947744666148,-0.128466577750217,-0.115000000144251,0.0482540923066852,0.747417613611582,-1.48353387647499e-07,-2.85997250945474e-07,0.664381207689751,2.31832796968422e-05,0.00670742507675449,0.0519980232098075,9.41261935427347e-05,-9.86535838548356e-11,7.87533205067708e-05,9.45216961017277e-05,-1.59416149223553e-10,-4.4632117713662e-05,0.0750000000244044,3.416620613556e-11,0.0114000104515772,-0.000109630455137337,0.00123028578925573,0.000313238026034836,6.3494143305438e-05,5.86874734436789e-06,-2.87099464604554e-05,0.400000006424523,-0.400000007822974,0.150000000608251,-0.399999985482227,-0.123709953013542,0.161974442745947,-0.357021411738924,-0.0577231843335011,0.149999999970196,0,0.755354305412247,0,0,0,0,0,0,0,0,0,0,0,0,0,0,0,0,0,0,0,0,0,0,0,0,0,0,0,0,0,0,0.909818999552693,1.48143997158621,1.07308575192403,1.31817321921488,3.30214678354341,4.15024505049057,3.57275216833969,3.8796396656943,0.89717492709015,0.123345428903983,0,1.0553558555849,1.49296561982671,0,1.08302036217074,0.322187762092323,0.0111428810717674,1.1243475557278,0.31543017246251,0.526399822166542,0.51427250605088,0.643831700361462,1.56195732174104,0.0466880805886331
283,-0.0599962012502988,0.0099999998680523,0.0431292504073579,0.060229719481505,0.00500000002988935,0.0437956187023487,-0.126728766439135,-0.115000000108938,0.0486768115405371,0.74741556494612,-8.32343971393268e-08,-2.00929275725203e-07,0.664383512386171,2.31990599538445e-05,0.00670742730916218,0.0519979884414587,3.29236052499158e-06,-2.65066263921418e-11,4.8344743413442e-05,3.95723894342458e-07,-5.31010357639919e-11,4.72860337114804e-05,0.0749999999821162,8.47844830829254e-12,0.0307750430999962,1.73829655146265e-07,7.73960404582419e-06,0.000308138394609985,1.24385708137116e-06,9.66590742839162e-08,3.3139546834606e-06,0.399999970368755,-0.400000010294223,0.250000011928663,-0.40000002450154,0.242022361512047,0.195606169175193,0.0904053413284235,-0.399999996494727,0.233254447900706,0,0.753266869492438,0,0,0,0,0,0,0,0,0,0,0.909171155329401,0,0,0,1.75369764523791,0,1.33051287787507,0,0,0,0,0,0,0,0,0,0,0,0,0,1.03207151709331,1.46042574808994,1.16026764149468,1.33222962368858,3.63051364064201,4.13918167639775,3.74467110195136,4.0250242150884,0,0.0557446280973395,0,0.436327008945425,0,0,0,0.27721882565325,0,0.988647741221883,0.204142148204676,0.41586174373164,0.465241821644436,0.579730886325858,0.788219147530828,0.0979834284457403
284,-0.0599966242713158,0.00999999986458237,0.0431274177727623,0.0602292283943961,0.00500000002680839,0.0437964957164113,-0.127666807092138,-0.115000000108746,0.0488280024115756,0.747413735377078,-3.70350574438809e-06,-4.11423621206515e-06,0.664385570581511,2.2654939041189e-05,0.00670745724614889,0.0519974370598247,-0.000100098648650532,8.01325701838609e-11,-8.27908891901031e-05,-0.000106490084276443,1.9047709215773e-11,0.000133213457037565,-0.0750000000495607,2.78300389043743e-11,-0.0154249569186226,0.000118882816896569,-0.00134144628754657,0.000269402695797356,-6.95352367745769e-05,-5.10464031502061e-06,2.23734782239899e-05,0.399999969392521,-0.40000001019593,0.250000012011163,-0.400000024152313,0.245615769930502,0.194795806127193,0.237991262089319,-0.399999988509227,0.249999999391192,0,0.753262755116243,0,0,0,0,0,0,0,0,0,0,0.923469124057956,0,0,0,1.77637097275126,0,1.34438984846298,0,0,0,0,0,0,0,0,0,0,0,0,0,1.03474782101626,1.46497448919376,1.1637855659051,1.33593674430491,3.66743731033817,4.18097876416226,3.77914355351428,4.06927252098613,0,0.0532224651694159,0,0.43604263644868,0,0,0,0.277521069084283,0,0.991887816541001,0.203855727538074,0.416722054637746,0.466999944039082,0.582235120054335,0.791034576820067,0.0979944160188891
285,-0.0599966345651308,0.00999999988072871,0.0431266914391629,0.0602291685117504,0.00500000008373503,0.0437974281083547,-0.129359536185647,-0.115000000138021,0.0480739731395618,0.747411922917532,-3.77463511174262e-06,-4.20606885035434e-06,0.664387609563149,2.2638047331689e-05,0.0067074804652018,0.0519974658850624,-1.08928961337827e-06,-4.82743061199441e-11,-4.01435674428529e-05,-3.56529249791607e-06,-6.58632370532916e-11,4.24821116523632e-05,-0.0750000000104177,1.89515764484541e-12,-0.0500000000012033,-3.44839797950431e-07,-5.76304843555971e-06,0.000272860042861801,-1.11383541647974e-06,1.18556840748576e-06,-2.54104468773676e-06,0.400000001124632,-0.400000020732313,0.15000000069371,-0.399999985015417,-0.122874010598321,0.160399454339653,-0.223769343660934,-0.0725913046084326,0.149999999504099,0,0.754436867379155,0,0,0,0,0,0,0,0,0,0,0,0,0,0,0,0,0,0,0,0,0,0,0,0,0,0,0,0,0,0,0.916370686330939,1.49353944934045,1.08028010275295,1.32963003291844,3.3270241899011,4.18924778446439,3.60339196769841,3.91288000666707,0.907220485119839,0.125487445717377,0,1.0674831050199,1.50639600491626,0,1.09254949453697,0.32433446279701,0.0133246475106547,1.13829391300199,0.320164781668247,0.534592919218623,0.51901179874791,0.650478748013187,1.57720681289849,0.0511575325022525
286,-0.0599961566642008,0.00999999988165101,0.0431286819455071,0.060229606800248,0.00500000008623872,0.0437983416061004,-0.128192818514669,-0.115000000152522,0.0476146631418135,0.747409835750227,-1.44270659830335e-07,-2.80006290489968e-07,0.664389957568123,2.31950729566487e-05,0.00670747660059143,0.0519980212089759,9.5798160723449e-05,-8.02357481735748e-11,8.33307049777319e-05,9.61075986375777e-05,-1.15293904411985e-10,-4.20302175826906e-05,0.075000000051689,5.20517607822471e-11,0.00380000035345511,-0.000111235286342585,0.00124968432710384,0.000312821272869216,6.4595016538836e-05,5.95714177681321e-06,-2.50320970950557e-05,0.400000017263454,-0.399999999370073,0.150000000781407,-0.399999966651848,-0.122524392332142,0.160691161660043,-0.362814367893301,-0.0647040004447557,0.150000000393852,0,0.754888910794345,0,0,0,0,0,0,0,0,0,0,0,0,0,0,0,0,0,0,0,0,0,0,0,0,0,0,0,0,0,0,0.917082384042904,1.49509452073375,1.08063771056327,1.33153919421339,3.27520478909478,4.13119027874933,3.54781438988518,3.85858067795893,0.909334225598819,0.12822229891962,0,1.0695563594009,1.50709660569787,0,1.09441129019538,0.32572512047786,0.0143405489800672,1.14376913209695,0.323118495779271,0.53633349272611,0.520621317337512,0.65309510299608,1.58130937839391,0.0528178229688355
287,-0.0599961073247132,0.00999999986643831,0.0431295506290569,0.0602295982834001,0.00500000003452187,0.0437991892275184,-0.126448875260864,-0.115000000109793,0.0480407571056732,0.747407787599731,-8.33301021918925e-08,-2.00763978188976e-07,0.664392261623329,2.32102119526338e-05,0.00670747876160054,0.0519979884732828,3.13351076761026e-06,-1.80875469701518e-11,4.7913651721169e-05,2.35800115746702e-07,-4.35224111921465e-11,4.70972667443168e-05,0.0749999999840767,1.2655464986171e-11,0.0386352254141086,3.98540981261166e-07,5.27495744969137e-06,0.000308045233521764,1.13117934566617e-06,8.60374103627138e-08,3.00265986062694e-06,0.399999970792991,-0.400000006936048,0.250000012333917,-0.400000022680209,0.243411745240186,0.194913298813168,0.0946973638815522,-0.39999999478735,0.230801817667147,0,0.752692398937291,0,0,0,0,0,0,0,0,0,0,0.923873523691559,0,0,0,1.77821156748987,0,1.34235615393033,0,0,0,0,0,0,0,0,0,0,0,0,0,1.03581703285974,1.46938682199118,1.16365078241341,1.34155307243752,3.61014236688398,4.12365021707612,3.72920933875311,4.004583245207,0,0.0637470224525959,0,0.443520780931638,0,0,0,0.279420246871738,0,1.00617896984562,0.212809787908058,0.42519968304639,0.471803483917543,0.588852699276486,0.799557034207541,0.105608008564639
288,-0.0599965305961489,0.00999999986288401,0.0431277178212732,0.0602291069393209,0.00500000003469325,0.0438000658017416,-0.127397178571819,-0.115000000108911,0.048349151618901,0.747405958580159,-3.70455080445166e-06,-4.11512812094206e-06,0.664394319152746,2.26659381042496e-05,0.00670750868446397,0.0519974370652533,-0.000100136545451776,8.94573104954394e-11,-8.27968255231982e-05,-0.000106533903078508,3.0096554517165e-11,0.000133255515672133,-0.0750000000478779,3.35533802565931e-11,-0.00756477458724412,0.000118898793607731,-0.00134193315164122,0.000269318430824651,-6.95605148157364e-05,-5.10558156702476e-06,2.23913432721207e-05,0.399999971461987,-0.400000006357555,0.250000012866116,-0.40000002044251,0.245372844142571,0.194520022876963,0.244363761018767,-0.399999986178841,0.249999999405494,0,0.752814263502967,0,0,0,0,0,0,0,0,0,0,0.931986887796575,0,0,0,1.79596031728663,0,1.35436397017642,0,0,0,0,0,0,0,0,0,0,0,0,0,1.03726771359139,1.47241987921426,1.16560721090802,1.34408038189762,3.64785781803251,4.16668712086929,3.76069865526933,4.05384628363247,0,0.0630051862077837,0,0.443921726864771,0,0,0,0.279978772021134,0,1.01002839382288,0.213404759329439,0.42633770638149,0.473668333343811,0.591229283350688,0.802502865156648,0.105481603458967
289,-0.0599965409019015,0.00999999987658187,0.0431269914867483,0.0602290470575613,0.00500000010804831,0.0438009981783589,-0.129091604816635,-0.115000000147073,0.0477335461623935,0.747404146679865,-3.77570834306343e-06,-4.20698807839984e-06,0.664396357460618,2.26490660368116e-05,0.00670753191101144,0.051997465884411,-1.09393884188885e-06,-3.27001098537095e-11,-4.01466646698453e-05,-3.56853066584536e-06,-2.15115753366995e-11,4.24833889097174e-05,-0.0749999999840244,1.8405559212416e-11,-0.0500000000000739,-3.4123740086476e-07,-5.81003437866317e-06,0.000272774170867188,-1.11636203064624e-06,1.18527386579983e-06,-2.5418658920398e-06,0.400000014201186,-0.400000014315585,0.150000000997603,-0.399999962859025,-0.120271316133525,0.158913194055378,-0.228704598796957,-0.0797861472140935,0.149999999969543,0,0.754093583242678,0,0,0,0,0,0,0,0,0,0,0,0,0,0,0,0,0,0,0,0,0,0,0,0,0,0,0,0,0,0,0.930341843207583,1.5143159196285,1.09440925178635,1.35024851104974,3.29794952753103,4.16967744996864,3.57683942155513,3.89078755594454,0.92217816905052,0.13107644474061,0,1.08623495236132,1.52420747442878,0,1.10587371352408,0.32845841738661,0.0174561092431919,1.16143583044479,0.328377790528708,0.546049450250748,0.525759763174708,0.6610083036222,1.59940835251225,0.0580942957680749
290,-0.0599960630343654,0.00999999987841411,0.0431289819696406,0.0602294853885087,0.00500000009763781,0.0438019117133765,-0.127911211827059,-0.115000000163475,0.0472742361295946,0.747402060147878,-1.45329175360166e-07,-2.81109891811167e-07,0.664398704691861,2.32060713170732e-05,0.00670752805427753,0.0519980212086613,9.57995570509633e-05,-6.19136058571481e-11,8.33330914101901e-05,9.6117838358579e-05,-8.75311241009461e-11,-4.20334248502902e-05,0.0750000000715818,7.33398367805277e-11,0.00379999696326289,-0.00011121764011014,0.0012497492823124,0.000312721710413051,6.45968888320962e-05,5.95652453231321e-06,-2.50321876493844e-05,0.400000027504596,-0.399999991827353,0.150000000982841,-0.399999950926628,-0.122168813720643,0.159483326254374,-0.369811107009537,-0.0753887583857539,0.150000000708865,0,0.754572881959726,0,0,0,0,0,0,0,0,0,0,0,0,0,0,0,0,0,0,0,0,0,0,0,0,0,0,0,0,0,0,0.925634452561137,1.51101398894183,1.0891268703857,1.34752157111726,3.24437204658966,4.11032590675169,3.51961793072334,3.83508002261802,0.927052983716873,0.134267538695284,0,1.09013350428302,1.52723045620766,0,1.11028068862688,0.329946110699306,0.0140481670120814,1.16640698013708,0.333116644663717,0.549048861698965,0.528795216667734,0.664378028588242,1.60350393206172,0.058114201092685
291,-0.0599960137394835,0.00999999987442306,0.043129850716817,0.0602294768875565,0.00500000009613358,0.0438027587213435,-0.126159952521439,-0.115000000168347,0.0477236552442773,0.747400012680099,-8.4286609932287e-08,-2.01736451828808e-07,0.664401007941742,2.32213349357511e-05,0.00670753024856965,0.0519979884732773,3.13950091936281e-06,3.07984620771184e-11,4.79176471552151e-05,2.43772499120293e-07,-7.62039033483949e-12,4.70926126205918e-05,0.0750000000802605,8.78292985411192e-11,0.0409561335344408,3.91078851431917e-07,5.36203646131755e-06,0.000307947127243736,1.13660507598514e-06,8.66412889434276e-08,3.00269772116051e-06,0.400000030267647,-0.399999986786589,0.150000001001564,-0.399999948120418,-0.123380090998678,0.159245073108293,-0.376223287239843,-0.100314601594293,0.150000000928158,0,0.756641712717869,0,0,0,0,0,0,0,0,0,0,0,0,0,0,0,0,0,0,0,0,0,0,0,0,0,0,0,0,0,0,0.92452171587434,1.51082794887077,1.08824358576211,1.347106078983,3.16209266480139,4.01851554989341,3.43222768136387,3.74838053333093,0.927010759437829,0.13341692615428,0,1.08943891502832,1.52947816844091,0,1.11132417193608,0.330673863041764,0.0195438548190471,1.16834340846797,0.333530236084282,0.550044001926024,0.530787172971766,0.665821651123926,1.60838266188055,0.0549596199913293
292,-0.0599960041406246,0.00999999986220841,0.0431307345631906,0.060229429777868,0.00500000002958859,0.0438036598863982,-0.12440805036566,-0.115000000109813,0.0484378722652022,0.747397965037178,-1.35131361820792e-07,-2.70190934153788e-07,0.664403311353687,2.32113878635823e-05,0.00670753052463507,0.0519979897821879,-7.66812138164588e-07,-3.3060117197218e-12,4.30599745291805e-05,-3.625031510315e-06,-3.07060159680766e-11,4.55917919335539e-05,0.0749999999878221,1.91096351505371e-11,0.030517766925217,2.17957106543585e-06,-2.51363259079199e-05,0.000308159607304654,-1.35051716033042e-06,-5.977219332641e-08,-2.35247612977148e-07,0.39999997083651,-0.400000002069971,0.250000013726455,-0.400000021057904,0.244883701786902,0.193962175343156,0.103026720726318,-0.399999992145305,0.237251621744883,0,0.75543261355334,0,0,0,0,0,0,0,0,0,0,0.927122713031519,0,0,0,1.7991925675007,0,1.35471455304348,0,0,0,0,0,0,0,0,0,0,0,0,0,1.04100393428988,1.48077210031491,1.16937610965501,1.35239992494978,3.51721835277082,4.0277847656097,3.63075801184828,3.91424510653224,0,0.064920194278023,0,0.448468260711139,0,0,0,0.280177261973111,0,1.02590555321561,0.219981366558901,0.43354509830411,0.47943097692816,0.598569633315496,0.812746510677574,0.105840282322889
293,-0.0599964157481114,0.00999999985893215,0.0431289085526372,0.0602289501775906,0.00500000002957331,0.0438045286061756,-0.125374693824745,-0.115000000109099,0.0485839176135454,0.747396137443442,-3.70753859091135e-06,-4.11847743775466e-06,0.664405367218297,2.26751664688056e-05,0.00670756118103849,0.0519974370413749,-9.82517537257159e-05,1.00798425726396e-10,-8.13057804360695e-05,-0.000104610666718521,4.02053683201772e-11,0.000132177017251227,-0.0750000000397723,3.7491673162686e-11,-0.0156822333922573,0.000116606829788572,-0.00131619268061425,0.000269219944838077,-6.82484522483714e-05,-4.98681943904046e-06,2.26039716449456e-05,0.399999971541209,-0.400000000797403,0.2500000135117,-0.400000018878789,0.246956551586181,0.193314538337553,0.253109994930321,-0.399999984547333,0.249999999218995,0,0.755399754546649,0,0,0,0,0,0,0,0,0,0,0.937472352058637,0,0,0,1.82099243455864,0,1.36995705540568,0,0,0,0,0,0,0,0,0,0,0,0,0,1.04290038832558,1.48468248752294,1.17178293969137,1.35579993615716,3.55421684410099,4.07098684961052,3.66505969979618,3.96014399391532,0,0.0646387708022062,0,0.449135597103689,0,0,0,0.280349025028736,0,1.03127983272206,0.221188850614427,0.435350073242238,0.481468840133782,0.601392608844055,0.816297947810551,0.106747859690093
294,-0.0599964250981908,0.00999999985946335,0.0431281827032466,0.0602288912892567,0.00500000002925238,0.0438054593082432,-0.127070895535338,-0.115000000108787,0.0478257717509216,0.747394326190047,-3.77569304766919e-06,-4.20638612155151e-06,0.664407404708251,2.26587914551688e-05,0.00670758446236115,0.0519974658803325,-9.98722677671254e-07,1.15871286363179e-12,-4.01068464894521e-05,-3.47025863794056e-06,-2.56375791825642e-11,4.2424816902191e-05,-0.0750000000420829,3.89405793078601e-11,-0.0500000000016511,-4.03238981299436e-07,-4.90874692197643e-06,0.000272663719938841,-1.05506392722541e-06,1.18989001149776e-06,-2.55125997262019e-06,0.399999971553353,-0.400000000330307,0.250000014051195,-0.40000001877129,0.24888847280074,0.192657438291567,0.252628476792975,-0.39999998393458,0.249999999319478,0,0.75466020273601,0,0,0,0,0,0,0,0,0,0,0.95202516260766,0,0,0,1.8423629730483,0,1.38352821771898,0,0,0,0,0,0,0,0,0,0,0,0,0,1.04480014914274,1.48885870837876,1.17438233505421,1.35927652246729,3.61969338664427,4.14696209595262,3.73538990498686,4.03126557761004,0,0.0668890364652714,0,0.450529653322504,0,0,0,0.281102217378177,0,1.0369005972477,0.222142948826692,0.437055443283408,0.48297717638249,0.604070184259542,0.819419353302953,0.111099880122965
295,-0.0599963927434176,0.0099999995448237,0.0431274485578012,0.060228873698811,0.00499999993252755,0.0438063390889865,-0.12877931285645,-0.115000000870041,0.0467772622176955,0.747392516409676,-3.71873133638022e-06,-4.12936574027512e-06,0.664409440642418,2.26686039714704e-05,0.00670761118165461,0.0519974647365705,3.16801704998068e-06,7.93083682300563e-10,-3.54479087676512e-05,7.10760340697529e-07,1.05618996849343e-10,4.31626994187885e-05,-0.0749999995608,4.25298886472398e-10,-0.0500000000472994,-2.65675289573051e-06,3.03394808528714e-05,0.000272457956551596,1.57595499840014e-06,1.36476396583599e-06,1.72759485313883e-07,0.399999642092178,-0.399999672099752,0.149999971043319,-0.40000046834653,-0.126492387497288,0.157802899391767,-0.272003221965769,-0.139122750466166,0.149999980627851,0,0.756695502711294,0,0,0,0,0,0,0,0,0,0,0,0,0,0,0,0,0,0,0,0,0,0,0,0,0,0,0,0,0,0,0.944385950874428,1.54041451555708,1.11041066014225,1.37438980628924,3.2319703638734,4.12856903447711,3.51772316149962,3.8428162368509,0.95748094334686,0.135514092085644,0,1.12338934023547,1.57270199028689,0,1.13477282425014,0.341912677408694,0.023494568132942,1.19408247646155,0.334536211828559,0.564542784350625,0.540934797151612,0.676722896813006,1.64339512651297,0.0611389849928121
296,-0.0599959288220962,0.00999999988474743,0.0431294306404748,0.0602292980309983,0.00500000008286264,0.0438072630126863,-0.127579401776778,-0.11500000013267,0.0463179518018873,0.747390431569815,-1.4462870837265e-07,-2.79807155381111e-07,0.664411785806712,2.32163090509688e-05,0.00670760498219635,0.0519980212118311,9.37960494433348e-05,-7.86117542142578e-11,8.17499279544475e-05,9.4099380362851e-05,-8.67478312449557e-11,-4.08729639621124e-05,0.0750000000500823,4.53076828568434e-11,0.00380000109483702,-0.000108782261392216,0.00122229075005851,0.000312573984152876,6.32103182098544e-05,5.83063809797008e-06,-2.52475409861847e-05,0.400000015797105,-0.399999999443804,0.150000000694603,-0.399999970483826,-0.11211559709057,0.157400013599548,-0.375488076304144,-0.087269420861885,0.150000000674655,0,0.757141111695023,0,0,0,0,0,0,0,0,0,0,0,0,0,0,0,0,0,0,0,0,0,0,0,0,0,0,0,0,0,0,0.942003685277317,1.5444055357472,1.10894051133022,1.3774687096943,3.19640275947272,4.08376506336875,3.47793602099717,3.80223180184431,0.952922575876345,0.143830136901016,0,1.12366074196824,1.56110627031139,0,1.13567629345642,0.337609914019246,0.0196308919495682,1.20623458335462,0.345656466281106,0.567219414505155,0.539436243399334,0.683001370732933,1.64368011169777,0.0649527846574448
297,-0.0599958806493471,0.00999999988198699,0.0431302988433032,0.0602292885217819,0.00500000008488726,0.0438081105676228,-0.125817256459991,-0.11500000015438,0.0468365857358903,0.747388385074611,-8.68252664630247e-08,-2.04685309366942e-07,0.664414087879695,2.32309168315382e-05,0.00670760715954693,0.0519979884795493,3.03049801051436e-06,3.77095307259284e-11,4.78783214421587e-05,1.37129740644343e-07,-2.03708200569262e-12,4.71571435387798e-05,0.0750000000822324,9.20093001163546e-11,0.0478431749489643,4.56696062992941e-07,4.39181844117424e-06,0.00030780192328972,1.06683264752563e-06,8.26361341889016e-08,3.01544370966533e-06,0.400000030424711,-0.399999983965442,0.150000000855933,-0.399999953064077,-0.120865404703745,0.157015733807548,-0.396581478054049,-0.134690287400328,0.150000001117325,0,0.758028917319203,0,0,0,0,0,0,0,0,0,0,0,0,0,0,0,0,0,0,0,0,0,0,0,0,0,0,0,0,0,0,0.946576874024246,1.55406235476836,1.11453690611224,1.38610232268037,3.09245271797776,3.98121595399011,3.37148252765873,3.70218614430914,0.970625627269914,0.143043179271961,0,1.13739147383448,1.59024291029131,0,1.15298239844865,0.34530885806645,0.0281382430731427,1.21917990905431,0.347800009537413,0.574253127038682,0.550065688331902,0.691966161876816,1.67203134551114,0.0619337219130338
298,-0.0599958708898931,0.00999999983715288,0.0431311828727349,0.0602292416983375,0.00500000001397163,0.0438090115608467,-0.124051473278629,-0.115000000115244,0.0476727020927231,0.747386338380799,-1.36628725535918e-07,-2.71728284794209e-07,0.664416390143477,2.32211223597597e-05,0.00670760749248921,0.05199798978176,-7.29375506147427e-07,2.0765529086038e-12,4.30853393036694e-05,-3.58460824271829e-06,-1.4713192599553e-11,4.55640824799361e-05,0.074999999989246,1.64449367291053e-11,0.0358285407505639,2.13205088585541e-06,-2.46036936988301e-05,0.000308012712030161,-1.32373393410787e-06,-5.68297740987371e-08,-2.35791948408988e-07,0.399999969707327,-0.399999999837787,0.250000013768022,-0.400000019741656,0.242622609486838,0.191350680054972,0.116080676114472,-0.399999993250109,0.240699680604819,0,0.758387091967862,0,0,0,0,0,0,0,0,0,0,0.9580105308068,0,0,0,1.85910310776569,0,1.37880757145228,0,0,0,0,0,0,0,0,0,0,0,0,0,1.04865648503645,1.49915980250082,1.17925414423336,1.36856214330391,3.47557342311373,4.0024710916377,3.59875355299991,3.87929096175152,0,0.0725869234763037,0,0.456160749441214,0,0,0,0.282788115314748,0,1.057839306149,0.228365385102653,0.444182197519549,0.493243733791647,0.613981151652509,0.836415322051076,0.124316692888164
299,-0.0599962824848717,0.00999999986546,0.0431293568802244,0.060228762092612,0.00500000007969285,0.043809879011997,-0.125007374534794,-0.115000000130771,0.047924962921331,0.747384511642116,-3.7089455709725e-06,-4.1195973845135e-06,0.664418445011669,2.26849466564519e-05,0.00670763813761486,0.0519974370423008,-9.82521465174309e-05,5.60954962716763e-11,-8.13063989019849e-05,-0.000104619235641461,9.48053739822986e-11,0.000132178132764987,-0.0750000000759821,-3.96059740611445e-11,-0.0103714593839519,0.000116573420089425,-0.00131623264484413,0.000269093344267106,-6.82488618369209e-05,-4.98517754593967e-06,2.26043090165556e-05,0.399999930986991,-0.400000019210781,0.250000006637245,-0.400000058909553,0.400000011841454,0.250000002907566,0.38801823643248,-0.400000016326776,0.249999997131328,0,0.746800829148077,0,0,0,0,0,0,0,0,0,0,1.04812303977435,0,0,1.32985144312093,0,0,1.25989322630069,0,0,1.59557313213716,0,0,0,0,1.92412626746055,0,0,0,0,0,0.986688288910792,1.34240785088698,1.04069683667368,1.2883993031241,3.52816528862359,4.03323551656929,3.61661232189532,3.94478848329757,0,0.0309377802133925,0,0,0.773665597367042,0,0,0.33682786862431,0.0441750571514736,0,0.272445272687135,0.461172845114378,0.578335361098055,0.623965342139519,0,0.225310310832741
300,-0.059995813619951,0.00999999985470674,0.0431285852917475,0.060229151109867,0.00499756867581948,0.0438078869824672,-0.126829288128358,-0.115000000108385,0.0472571268757945,0.747385830073606,1.35153184328952e-06,-1.73715057251288e-06,0.664416961938917,2.32191777775182e-05,0.00670688888664474,0.0519969156098617,0.000106659589120423,-1.56532219532425e-10,4.43832302504183e-05,9.31306820836882e-05,-0.000111834671785381,-9.93025785470172e-05,-0.0750000000321384,4.84489138842315e-11,-0.0500000000011371,-0.000120847084609476,0.00134485572238296,-0.000166199995444375,6.96653812932013e-05,-2.23923965564652e-05,1.6197533500362e-05,0.399999979467385,-0.399999993639521,0.250000018061732,-0.40000000646813,0.248211622635485,0.187121226642081,0.250958003981483,-0.399999980045246,0.249999999531331,0,0.752176117942855,0,0,0,0,0,0,0,0,0,0,0.980295063934078,0,0,0,1.90610117395699,0,1.39064957601156,0,0,0,0,0,0,0,0,0,0,0,0,0,1.04303630164556,1.50175688941437,1.17023067153039,1.37456251952954,3.60004649804279,4.13469554537514,3.71552003574468,4.01922200767326,0,0.106030232299272,0,0.48522284879312,0,0,0,0.289991736566494,0,1.10440297983379,0.247111649131734,0.469004940939125,0.486918550462449,0.623648398384413,0.836793120134362,0.116388595261018
301,-0.0599960793993646,0.00999999959210998,0.0431278931217346,0.0602288896583825,0.00500000009025701,0.043810021278205,-0.128531893739958,-0.115000000555273,0.0462086170621177,0.747381699652691,-3.6916531125375e-06,-4.08042462072223e-06,0.664421608200524,2.28204382879307e-05,0.00670734101321043,0.0519974970620768,-8.73839795403973e-05,6.49670922573896e-10,-0.000115680804602013,-8.93364890294613e-05,8.90245778618804e-11,7.92480195864428e-05,-0.0749999996305838,4.19948150988924e-10,-0.0500000000133951,0.000112488577196112,-0.0011306763943296,0.000275755725685144,-5.823389030427e-05,-4.42976591764118e-06,-2.34266834503969e-05,0.399999907533362,-0.399999767028069,0.149999991538437,-0.400000137941346,-0.112629856147119,0.150000005813291,-0.31614232892578,-0.176540416839302,0.149999994479075,0,0,0,0,0,0,0,0,0,0,0,0,0,0,0,0,0,0,0,0,0,0,0,0,0,0,0,0,0,0.447333939386417,0,0,0.949825489769707,1.56351833495531,1.10953448805686,1.40380933666816,3.18729416412589,4.10689759083046,3.47681698372642,3.81737477122993,1.03554434331867,0.188542763736414,0,1.22584020971468,1.6142625316472,0,1.17388567965551,0.360250507530445,0.0338984713837865,1.28308782732864,0.359201997618211,0.625857421079309,0.530908855349863,0.705512894674187,1.67151076929256,0.0534656808153769
302,-0.0599956475460227,0.00999999987346793,0.0431298257058102,0.0602292804626111,0.00500000003954213,0.0438109252691497,-0.127331984464783,-0.115000000156022,0.0457493066301933,0.747379617592341,-1.92977716136914e-07,-3.44360401249335e-07,0.664423950168422,2.33460633305963e-05,0.00670733368856845,0.0519980198452134,9.11511072834199e-05,-7.72861219118538e-11,8.37226433781553e-05,9.14329822423494e-05,-4.24816734306283e-11,-3.70583749374885e-05,0.0749999997455329,1.34263240313509e-10,0.00379996642976396,-0.000108276685210911,0.00120672730442615,0.000312331737840603,6.15464980146522e-05,5.75372287608193e-06,-2.2297795676082e-05,0.399999946609799,-0.400000000075201,0.149999998306882,-0.400000043978765,-0.109907727060826,0.150000002484735,-0.400000104871038,-0.125353819606209,0.149999997533728,0,0,0,0,0,0,0,0,0,0,0,0,0,0,0,0,0,0,0,0,0,0,0,0,0,0,0,0,0,0.592103379572564,0,0,0.905297487000734,1.52232041423466,1.06374971714687,1.36386818408851,3.15281188184935,4.07034356843726,3.43997551464505,3.78317993564156,1.05336951978729,0.201734198820412,0,1.24417750441219,1.61370479622968,0,1.18471597398353,0.359247829170079,0.0298492909473103,1.29618556186585,0.362592621358713,0.63601054395671,0.52010544518589,0.712971495706855,1.66571352274047,0.0466735758850362
303,-0.059995588210507,0.00999999979451733,0.0431307029691362,0.0602292824042158,0.00499999997932055,0.0438117671029113,-0.12558550290486,-0.11500000055696,0.0463542097885002,0.747377572056651,-8.9073897747286e-08,-2.07310839073211e-07,0.66442625121763,2.3369087955217e-05,0.00670733723373902,0.0519979884890457,4.72484077888458e-06,-2.06322604620345e-11,4.87827234425285e-05,1.856638113752e-06,3.92908632036339e-11,4.5763296353088e-05,0.0750000004045563,4.32127785698962e-10,0.0500000000370237,-1.5475530565763e-06,2.73707304987743e-05,0.00030766650214663,2.24010253005037e-06,1.89358783698385e-07,2.77446044260269e-06,0.400000166068971,0.0659453740126165,0.150000006619946,-0.399999778544299,-0.145257366614257,0.149999985557425,-0.399999833274126,-0.399999821904265,0.150000015259795,0,0,0,0,0,0,0,0,0,0,0,0,0,0,0,0,0,0,0,0,0,0,0,0,0,0,0,0,0,0.304803193789714,0,0,0.849709873217586,1.47647372742789,1.01116932662072,1.31501427402477,3.08124857950002,3.99866711953886,3.36862518531093,3.71129051372796,1.06790154368525,0.204860477083969,0,1.25731133392697,1.62455133403838,0,1.2015027041091,0.351762193216307,0.0308613078267786,1.30250549598728,0.367578283528861,0.639897556252868,0.514479461435198,0.717663155206373,1.66974600131452,0.0409339296424633
304,-0.0599955776673298,0.00999999987187918,0.0431315874084981,0.0602292362474415,0.00500000001968751,0.0438126671212036,-0.123920957204118,-0.11500000017348,0.0472588787941303,0.747375526151461,-1.36628139821138e-07,-2.71471148895773e-07,0.664428552405588,2.3359298087319e-05,0.00670733692638779,0.0519979897869282,-6.54801793308891e-07,1.11753318468335e-11,4.31334416102715e-05,-3.50673605351512e-06,4.62185882869612e-11,4.55443760924908e-05,0.0749999998243992,1.65028474599998e-10,0.0405143527002273,2.09389005609408e-06,-2.3981458688831e-05,0.00030787574554948,-1.27441313297522e-06,-5.3519717034527e-08,-2.21193405173522e-07,0.399999996853214,-0.399999996067589,0.150000000203837,-0.399999988778227,-0.126341662860679,0.149999999837514,-0.400000072368668,-0.245088264254592,0.150000000200552,0,1.1318687013424,0,0,0,0,0,0,0,0,0,0,0,0,0,0,0,0,0,0,0,0,0,0,0,0,0,0,0,0,0,0,0.836484652495984,1.461971181933,1.00082799091135,1.29762784351764,2.93638774182481,3.8757343390658,3.23660786949716,3.57551421139347,1.07156779135804,0.170213012147124,0,1.25607032688378,1.64312596061478,0,1.20254544631503,0.341223864327649,0.0238511994391658,1.29226409169144,0.34437212301268,0.637735765127105,0.515382354014222,0.71137231295961,1.67932038620828,0.0206862188208387
305,-0.059995556694466,0.00999999984458009,0.0431324778924497,0.060229200761006,0.00500000006266384,0.0438135587892512,-0.122209350400374,-0.115000000117152,0.0479856785576599,0.74737348058659,-1.39413595899799e-07,-2.75114057160662e-07,0.664430853378141,2.33573436468485e-05,0.00670733790234252,0.0519979897788408,1.00021023195982e-06,-4.18268552500741e-10,4.45153434466742e-05,-1.82453801133263e-06,-1.68284626456562e-11,4.46235520389899e-05,0.075000000070753,-2.0900883420732e-10,0.032207162620337,5.92780119656804e-08,-8.73217576442526e-07,0.00030785041342383,-1.25191745214653e-07,5.08387994938227e-08,1.33878653607264e-08,0.261817787259973,-0.400000172403782,0.250000012419231,-0.400000085280753,0.196713859058766,0.22412911948408,-0.292449919522343,-0.400000086145651,0.196328373249174,0,0,0,0,0,0,0,0,0,0,0,0,0,0,0,1.66089988554651,0,0,0,0,0,0,0,0,0,0,3.39161728177636,0,0,0.481930589518921,0,0,0.677086633695339,1.20501223333097,0.827023363789821,1.05507550323649,3.36417668109528,4.03612143287636,3.56440549340518,3.83589262056647,0.518496840063014,0.164656416946511,0,0,0.751387962746681,0,0.586557865125563,0.236648148934561,0,0.656036741314603,0.274302597868782,0.495136792830273,0.346293772068121,0.563198375681531,0,0
306,-0.0599952937355708,0.00999999996860399,0.0431328870195364,0.0602294109002018,0.00499999992307058,0.0438125425536999,-0.122724008079193,-0.115000000187636,0.0481655119904347,0.747371687487569,1.72695868977358e-06,1.90631549044876e-06,0.664432870245741,2.36505012002091e-05,0.00670732691366747,0.0519975122769984,5.7505964494564e-05,4.53530311123182e-11,8.55374017091893e-05,5.417093235885e-05,-4.65912176361179e-11,-2.98603395014465e-05,-0.0749999999094773,1.7638969590221e-10,-0.0139928211028185,-6.63887490402288e-05,0.000728850588082086,0.00026602461327578,3.77870839916634e-05,2.80338071910698e-06,2.01128587153191e-05,0.400000022773001,-0.399999964954644,0.15000000067869,-0.399999968265426,-0.125580161596932,0.149999998158977,-0.342741387435417,-0.309838473732017,0.150000002233893,0,0,0,0,0,0,0,0,0,0,0,0,0,0,0,0,0,0,0,0,0,0,0,0,0,0,0,0,0,0.741134783441944,0,0,0.693897259629142,1.3245784919252,0.855527628414558,1.16294812313978,2.91758138041603,3.87806476128616,3.22422233188062,3.57142380982157,1.12671725766925,0.188137687733759,0,1.30647072045257,1.65577312060978,0,1.23208103651367,0.345816498493992,0.0380963006940224,1.30792814284535,0.336003741178728,0.670735282347865,0.493682096010719,0.723226527724548,1.65723153505667,0.0136138578031775
307,-0.0599955021512171,0.00999999990258156,0.0431340068579545,0.0602291497732969,0.00500000009271194,0.043814226635078,-0.121524097958541,-0.115000000102272,0.0483380587608013,0.747369625909018,-1.03518564143605e-07,-2.29671088589219e-07,0.6644351891913,2.33615556883165e-05,0.00670732651452649,0.051998017845948,-5.06810845448502e-05,2.62884933868845e-11,-1.20958529884564e-05,-5.25735276701565e-05,5.84568868252539e-11,5.57718974921265e-05,0.0749999999971789,-1.95178541728663e-12,0.0310224274107773,6.27273117629645e-05,-0.00067819041065437,0.000311915201211983,-3.46311335985311e-05,-3.18008854761661e-06,-2.40143969233848e-05,-0.00839644254925864,-0.400000005980403,0.249999999999311,-0.400000001745142,0.181885448517877,0.225069793857509,-0.40000000116266,-0.40000000081228,0.150000000617234,0,0,0,0,0,0,0,0,0,0,0,0,0,0,0,1.723337108386,0,0,0,0,0,1.50807282117091,0,0,0,0,0,0,0,0.602473478524461,0,0,0.562660971534711,1.11302561825725,0.72588105516891,0.949805534623057,3.31665401584749,4.0529182563559,3.55164726431205,3.81792500789135,0.519015937202528,0.121485270576635,0,0,0.805170384754949,0,1.08487542265757,0.244509095787101,0,0,0.258019522767006,0.4743193931425,0.381042492528301,0.594754495137388,1.46694719442238,0
308,-0.0599953829530326,0.00999999985175003,0.0431338664344571,0.0602292145266122,0.0049999989088935,0.0438134255687778,-0.119823352723897,-0.115000000490254,0.0492516832588867,0.747367874812693,7.05592135742596e-07,7.80827552093617e-07,0.664437158729355,2.34923073265923e-05,0.00670732389088827,0.0519974568177205,2.71834594966198e-05,9.05680084576801e-10,5.5514637748832e-05,2.33942855615013e-05,-1.42883993197374e-10,1.31616614934078e-06,0.0750000014053227,-3.97575437430994e-10,0.0500000002232824,-3.22933653694803e-05,0.000342050360009284,0.00026004864084685,1.73355929423202e-05,1.37499517913182e-06,2.49228949498194e-05,0.400000752854283,-0.363322656690654,0.250000091383646,-0.399999380836031,0.00578891728835821,0.149999970368899,-0.399999420837265,-0.400000163844707,0.150000092010366,0,1.18045924597764,0,0,0,0,0,0,0,0,0,0,0,0,0,1.5823165534484,0,0,0,0,0,0,0,0,0,0,0,0,0,0,0,0.0023194682151616,0.511020429934679,1.13830992304841,0.693221757645686,0.956108595337412,3.24039626666085,4.01292413399761,3.49004941205579,3.76327098860268,0.552857150184576,0.170629677021693,0,0,0.806107807453316,0,1.11506420581693,0.216958689780462,0,1.29966260701921,0.332497055942903,0.542352571120374,0.378825336486491,0.656011999707814,1.53222741520035,0
309,-0.0599954934918663,0.00999999988783749,0.0431350221540402,0.0602290529434028,0.00500000008505725,0.0438150165798019,-0.118121355151455,-0.115000000105075,0.0500791380739038,0.747365843925586,-3.27471020788839e-07,-4.69598301745486e-07,0.664439443218383,2.33239012756219e-05,0.00670732648049206,0.0519979894372064,-2.93813080844544e-05,-4.23006806358006e-11,-4.85305468281377e-06,-3.08422338724219e-05,3.63745464659253e-11,3.99559779011472e-05,0.0749999999877369,-2.52710920263672e-11,0.0328313561807234,3.68059083177883e-05,-0.000392110075540659,0.00030818490896241,-2.01115971600746e-05,-1.65025008242528e-06,-2.55384434493346e-05,0.155756070902917,-0.400000026827835,0.232066572413844,-0.400000009991787,-0.00584492360120026,0.168901024160566,-0.400000005053867,-0.400000010428354,0.149999999603146,0,0,0,0,0,0,0,0,0,0,0,0,0,0,0,0,0,0,0,0,0,0,0,0,0,0,0,0,0,0.612772030215045,0,0.179498356333528,0.50286098790422,1.14799770024996,0.689721818718478,0.961136869435705,2.97991295842808,3.83655818350877,3.25179087239682,3.56468026954004,0.64201544662687,0.170294387444677,0,0.729703657415609,1.59260784096965,0,1.21541425403136,0.287930311095608,0,1.33331475086489,0.309158200914597,0.577443011269693,0.426793333870152,0.695482584241812,1.61644697727529,0
310,-0.0599954581797967,0.0099999998694637,0.0431359378070178,0.0602290319687767,0.00500000001494518,0.043815884007384,-0.11643791992316,-0.115000000115195,0.050775845847575,0.747363799574805,-1.54545074857032e-07,-2.95300899529986e-07,0.664441742726739,2.33459127736355e-05,0.00670732661463215,0.0519979904093312,5.37058091060925e-06,-4.85628498158521e-10,4.91528111513746e-05,2.67535826372487e-06,-1.45643999902427e-11,4.29798332127427e-05,0.0749999999279962,-1.40387441921532e-10,0.0368194720006915,-5.88122338783219e-06,6.26100901770248e-05,0.00030783216848205,2.89471039236596e-06,3.49146472332657e-07,1.49426039219211e-06,0.189396680372498,-0.400000198221738,0.230001159584608,-0.400000056954599,-0.00327685411856175,0.162952202024067,-0.400000029674244,-0.400000057858376,0.149999998363811,0,0,0,0,0,0,0,0,0,0,0,0,0,0,0,0,0,0,0,0,0,0,0,0,0,0,0,0,0,0.687577908095389,0,0.258615927229539,0.419575418477224,1.07432058580639,0.607950096576324,0.885945907707293,2.92794120750105,3.79085549437824,3.19883388598328,3.51996281589601,0.667752162495645,0.191154520364252,0,0.753610308090193,1.60974925185739,0,1.24405744757166,0.293869368116896,0.00665221677221616,1.34851533902407,0.312603542018298,0.592097527792166,0.415317883416943,0.703429074167995,1.61819651848115,0
311,-0.059995430920114,0.00999999989034919,0.0431368312058268,0.0602290026943292,0.0050000000513691,0.043816771394778,-0.114738165326019,-0.115000000108634,0.0514410605163839,0.747361754971421,-1.35741762028764e-07,-2.70251901844232e-07,0.664444042478995,2.33482090170003e-05,0.00670732801641355,0.0519979897018344,1.77546807387184e-06,-2.47057200297231e-10,4.48954026786182e-05,-1.04373178737705e-06,-5.53749534666752e-12,4.40945175461372e-05,0.0749999999643104,-6.30365560593017e-11,0.0297374124826344,-6.52475874592901e-07,7.99267646459672e-06,0.000307686925620756,3.95199149959529e-07,9.16862529793378e-08,-5.58498305129329e-08,0.222564568807801,-0.400000101618178,0.227182491660186,-0.400000026687443,-0.00828285172209537,0.157099271948396,-0.400000014708402,-0.400000025988893,0.149999999256757,0,0,0,0,0,0,0,0,0,0,0,0,0,0,0,0,0,0,0,0,0,0,0,0,0,0,0,0,0,0.752906028926995,0,0.324921784713715,0.340268398222297,0.998924986320135,0.529625272051937,0.809568112490496,2.88079536210327,3.75376695856779,3.15005563715471,3.48450668351635,0.682987135417687,0.191007457286161,0,0.760160851525652,1.63961165261569,0,1.28261570238547,0.307160964983625,0.0086781410347078,1.34655568408779,0.305526091670397,0.595439564675582,0.421679094058698,0.718631825825114,1.63363595424446,0.00801946031888984
312,-0.0599954092040228,0.00999999989309405,0.0431377218872242,0.0602289677302474,0.00500000007078599,0.0438176630543773,-0.113015595650303,-0.115000000102874,0.052021113671189,0.747359710555653,-1.37753844822776e-07,-2.7298531830985e-07,0.664446342009868,2.33466873329711e-05,0.00670732908878367,0.0519979897811021,1.01943413003787e-06,-1.19208320614962e-10,4.44910152806292e-05,-1.80285263916263e-06,-2.97392111444865e-12,4.46195839313395e-05,0.0749999999799179,-2.8796151953725e-11,0.0282752146083232,1.05451120175108e-07,-1.15328804194206e-06,0.000307675148310091,-1.1516937256494e-07,4.97509880371148e-08,-2.46022834211267e-10,0.207115435308106,-0.400000049154532,0.224054552321515,-0.400000014166576,-0.0129324915381387,0.150539865884761,-0.400000008276253,-0.400000011864203,0.14999999959381,0,0,0,0,0,0,0,0,0,0,0,0,0,0,0,0,0,0,0,0,0,0,0,0,0,0,0,0,0,0.763862319020071,0,0.33215362289171,0.242185201475835,0.908073634718157,0.433468978881426,0.716789857312568,2.86700528769418,3.76481362035964,3.14764131252739,3.48417759552642,0.690470793656531,0.172899214740893,0,0.748136376431204,1.64411278765762,0,1.31697441869959,0.293781241416185,0.0360351065789927,1.33910595155523,0.298214829420506,0.603377035024751,0.419096724630806,0.738731380019516,1.65299009896558,0.0361066648744871
313,-0.0599953877112418,0.00999999983695308,0.0431386127621071,0.0602289331605786,0.00499999995685164,0.0438185543703566,-0.111252839831735,-0.115000000099166,0.0525759274806617,0.747357666275093,-1.38158848632557e-07,-2.73525588654393e-07,0.664448641387091,2.3345313753586e-05,0.00670733016709577,0.0519979897742509,1.08019349291293e-06,-4.55893762372809e-10,4.45388625344675e-05,-1.74078934420556e-06,-9.26251926620203e-12,4.45718380438244e-05,0.0749999999430907,-1.15514502860291e-10,0.0272114838521912,1.43610719246704e-08,-1.77135500528099e-07,0.000307648880944712,-7.22177612132535e-08,5.38080731645108e-08,3.10255611611649e-10,0.279787999630045,-0.400000187892511,0.216251919203761,-0.400000044751317,-0.0244688010940536,0.150000000331658,-0.400000023453398,-0.400000047605599,0.149999999159989,0,0,0,0,0,0,0,0,0,0,0,0,0,0,0,0,0,0,0,0,0,0,0,0,0,0,0,0,0,0.763033039830805,0,0.329568092058004,0.148178872402275,0.814924218619003,0.337731932008106,0.625371159013176,2.8528391796132,3.77776560063979,3.1449857417643,3.4856190384887,0.700773227170186,0.157500995026297,0,0.733097592534028,1.64329256767255,0,1.34981145921647,0.281861370792477,0.0631787362866838,1.32627742342491,0.297294425804274,0.608066706120212,0.421654891510016,0.757444165056835,1.66291551186309,0.0599859812424144
314,-0.0599953652329255,0.00999999989014418,0.0431395037146211,0.0602288985995156,0.00500000006095825,0.0438194456124569,-0.109457460119005,-0.115000000095056,0.053108083376127,0.747355622219186,-1.38129795753897e-07,-2.73481707956804e-07,0.664450940481278,2.33441302449535e-05,0.006707331280955,0.0519979897750364,1.09610772883735e-06,-1.23885596999652e-10,4.45483851374042e-05,-1.72430368221151e-06,4.46905046501333e-12,4.45613901405597e-05,0.0749999999522043,-2.48234094617546e-11,0.0260101145904617,-2.05762544205666e-09,2.01306653275835e-08,0.000307623024207069,-6.10880618314823e-08,5.50542508654607e-08,-2.91766321810266e-11,0.338118089487691,-0.400000051054779,0.208107873307736,-0.400000024914403,0.400000001837876,0.150000000638626,-0.400000019697542,-0.400000010228144,0.149999999195199,0,0,0,0,0,0,0,0,0,0,0,0,0,0,0,0,0,0,0,0,0,0,0,0,0,0,0,0,0,0.69435762857282,0,0.275937382099512,0.0824793478160754,1.57353156866679,0.315088226575445,0.640594136677612,2.87843269854861,3.83912281277645,3.17948225237619,3.53807325894887,0.68801076144382,0.152373718150002,0,0.735018107012957,1.6526213864072,0,1.41612942330762,0.273603123927989,0.08324269030251,1.41654431157347,0.327942481167707,0.669581210619274,0.449172145286766,1.40985968744611,1.77168846827804,0.125312607238048
315,-0.0599953440075952,0.00999999988160039,0.0431403946737527,0.0602288641069426,0.00500000004734225,0.0438203368573342,-0.107693530967081,-0.115000000090772,0.0535381860017257,0.747353578290595,-1.38114597871226e-07,-2.73461667227801e-07,0.66445323942388,2.33429085791893e-05,0.00670733237750937,0.0519979897749884,1.0953764162267e-06,-1.34584664039671e-10,4.4547729423608e-05,-1.72457258874848e-06,-3.48285524996406e-12,4.45619293621495e-05,0.0749999999745768,-2.07803905610187e-11,0.0170449727979957,-8.23681253831168e-10,7.50162265488158e-09,0.000307597172899065,-6.1239719869232e-08,5.49705151142837e-08,5.21918993517027e-12,0.37940884185556,-0.400000055464696,0.250000003668549,-0.400000013759994,0.399999998560282,0.149999999975346,-0.400000010477444,-0.400000008579775,0.150000006225484,0,0,0,0,0,0,0,0,0,0,0,0,0,0,0,0,0,0,0,0,0,0,0,0,0,0,0,0,0,0.863894721258044,0,0.215282880928261,0.0618319927960232,1.50628258401787,0.29675084301124,0.631961168670222,3.03335233362048,3.88648652592749,3.28323068422436,3.6366081753236,0.66009167695342,0.234032748708895,0.0189036274494723,0.736028096276435,0.87807461900402,0,1.39237769654274,0.238855057271201,0.151937800689865,1.48050758041783,0.368175699773637,0.69805967498481,0.372998813221464,1.38950537836277,1.7007899134302,0.11026117867534
316,-0.0599953217340892,0.0099999999044204,0.0431412856083712,0.0602288295858278,0.00500000009020614,0.0438212280979952,-0.105840581382186,-0.115000000101617,0.0541122827169175,0.747351534539867,-1.38115580200975e-07,-2.73460114863246e-07,0.66445553815733,2.33417296630132e-05,0.00670733348635096,0.0519979897749044,1.09482432561739e-06,-3.33923772518977e-12,4.45473038584467e-05,-1.72471378002826e-06,-3.74152680104893e-12,4.45621525016765e-05,0.0750000000049325,3.06116969057736e-13,0.0402486816781656,-3.37977043451006e-10,1.13863574167357e-09,0.000307571355877001,-6.12372552885717e-08,5.50139058234172e-08,-5.84265905817148e-12,0.40000000209039,-0.271137633037908,0.250000000782273,-0.399999997228258,0.399999998452565,0.249999999852355,0.400000002032763,-0.39999999990146,0.160159050684941,0,1.41204896143612,0,0,0,2.01175259066688,0,0,0,0,0,0,1.4760183620533,0,0,1.74746334616655,1.82607530071147,0,1.62663579813809,0,0,2.00948004994986,0,0,0,0,2.08809279079189,0,0,0,0,0.0706530705223318,0.2267655121484,0,0.284270208204125,0.594869296303333,3.08136220869659,3.63711788620731,3.17775629191145,3.54072380299245,0,0.0360025930225816,0,0,0,0.0412366049023253,0,0.322357388384105,0.153426670037744,0,0.225058901830236,0.525354506615021,0.511414119776443,0.702972345944759,0,0.276841457936697
317,-0.0599952923474977,0.0099999999070977,0.0431394294904135,0.0602287949777267,0.00500000009478117,0.0438193679380607,-0.107040491386449,-0.115000000101625,0.0544529463522316,0.747349922339447,-2.52937930612914e-07,-1.45277747649205e-07,0.664457351489152,2.3344157133121e-05,0.00670734344494711,0.0519968874470465,3.67815714502587e-06,5.1188033667592e-12,4.51723865695194e-07,-1.92413335775469e-06,-2.25201321779901e-11,-9.88800767435667e-07,-0.0750000000008394,-7.45240884294081e-13,-0.00595131805535965,-3.61443245259523e-06,1.43490758373169e-05,0.000237697410365614,7.83523245287466e-07,1.5810173130677e-07,3.88503995960605e-05,0.399999998764012,-0.304630006815436,0.249999999659775,-0.400000000992271,0.40000000009273,0.25000000047331,0.399999999653922,-0.400000000319547,0.248394408866645,0,1.47041076689102,0,0,0,2.02738266442563,0,0,0,0,0,0,1.52824255945209,0,0,1.78355142760491,1.87420760387547,0,1.67696967835124,0,0,2.04921436129044,0,0,0,0,2.13987089972653,0,0,0,0,0.0629765133126323,0.230890273077176,0,0.283650626030678,0.604835164763964,3.12941251931258,3.738293346128,3.25112135688478,3.61658450855582,0,0.0400197689079211,0,0,0,0.0494633361174184,0,0.324324016549687,0.181675415743166,0,0.239766036403831,0.545443543291167,0.524070855710399,0.718736758516542,0,0.290741369214059
318,-0.0599952744875271,0.00999999977777835,0.0431387430010474,0.0602287706252107,0.00500000027672501,0.0438186812051475,-0.108960448832179,-0.114999999840728,0.0538696106868911,0.747348318719916,-2.52899264091278e-07,-1.43815432710004e-07,0.664459155041381,2.33453240489335e-05,0.00670734388556513,0.0519969416970034,8.86388130246131e-07,2.92427228016934e-10,-4.09001336225713e-05,-1.2288249246228e-06,-2.00195229788646e-10,-4.08666517352461e-05,-0.0750000000914224,5.40975665562487e-10,-0.0499999998274121,7.33399023383562e-08,-4.43761710934861e-07,0.000241380818658235,2.54770177322132e-08,3.07699742831109e-08,-3.84542380785578e-06,0.400000273084663,-0.399999879760297,0.25000011409306,-0.399999734878399,0.399999917188109,0.149999988092111,-0.299302555946925,-0.399999777056337,0.1500000711185,0,0,0,0,0,0,0,0,0,0,0,0,0,0,0,0,0,0,0,0,0,0,0,0,0,0,0,0,0,0.82853011629507,0,0.153108764915388,0.0123282787930316,1.44639860852678,0.241891437250901,0.600121957192103,3.12388400148529,4.01340565907435,3.36841937992753,3.7688702806321,0.677377675384102,0.23191113715356,0.0623773576075545,0.733401237180366,0.895829560716086,0.016837525657405,1.45302830939953,0.23842356713954,0.187437559813053,1.51668198571161,0.399376537909562,0.729751894876722,0.405889445145041,1.4592574810315,1.76822775979637,0.161288431528189
319,-0.059995263037422,0.0099999997926866,0.0431407642516889,0.0602287443432339,0.0050000000038526,0.0438207046151186,-0.10776054035291,-0.115000000042572,0.0534102997345998,0.747346238084678,-1.37541307019527e-07,-2.74521216039156e-07,0.664461495335206,2.33418354529267e-05,0.00670733785754541,0.0519980524774989,-1.83557636227715e-06,-3.26441730546236e-10,-3.18410784350928e-06,-8.44853253586273e-07,4.45833228021669e-11,-1.77725309694124e-06,0.0749999999499965,-4.93022111414224e-11,0.00379996419986326,3.84687000594098e-06,-1.40609577866614e-05,0.000316842728327403,-8.06071409056989e-07,-6.14821637320695e-08,-4.97094333389367e-05,0.390350175848998,-0.400000131959295,0.250000002759696,-0.400000034327117,0.400000007721861,0.14999999960576,-0.400000020607462,-0.400000020309776,0.150000015085294,0,0,0,0,0,0,0,0,0,0,0,0,0,0,0,0,0,0,0,0,0,0,0,0,0,0,0,0,0,0.811145949139619,0,0.13091599139184,0,1.48223281648409,0.225610310385583,0.583609617896763,3.07560801518665,3.98517860735891,3.34343287465431,3.71735374789126,0.683594927693804,0.224602407214002,0.0649002907669237,0.734395079446537,0.904102864053771,0.0186591211168265,1.47494869034052,0.232871741821379,0.179903617451734,1.52720958396645,0.392141855203966,0.732664228495861,0.400411553811703,1.48021495379435,1.7854811184997,0.156318956453926
320,-0.059995239847342,0.0099999998398229,0.0431415888899652,0.0602287087961175,0.00500000005523381,0.0438215296713629,-0.105840582307567,-0.115000000065284,0.0539506075038726,0.747344195932403,-1.38687585623391e-07,-2.7408020026985e-07,0.664463792218066,2.33405642231277e-05,0.00670733903335472,0.0519979872109768,1.17870621523018e-06,-1.7523137094745e-10,5.04445723844039e-05,-1.76168078588662e-06,-1.29315446021241e-11,5.03920687235381e-05,0.0749999999512735,-2.88758692135283e-11,0.0499998171196873,-1.25611051045679e-07,7.08069300131203e-07,0.000307100968607396,-3.33530297327954e-08,5.81038590590066e-08,5.97055711093532e-06,0.387853770523083,-0.400000071693393,0.250000001153706,-0.400000028158926,-0.0744083414908154,0.149999999959296,-0.40000002008112,-0.400000011904673,0.150000004320333,0,0,0,0,0,0,0.183750985623532,0,0,0,0,0,0,0,0,1.58001412098973,0,0,0,0,0,0,0,0,0,0,0,0,0,0.898466489112951,0,0.212771567606119,0,0.639281766988463,0,0.422799518202554,3.16952130770521,4.10686539981116,3.46485772783896,3.81152897967741,0.696367564759854,0.1817456375312,0.131560086515248,0,0.897413314796141,0.0745810905655426,1.51177027182076,0.224809419224207,0.201569219859538,1.46896882527411,0.371727748621895,0.732229520558346,0.402614969895826,1.4907156418198,1.76709944265138,0.204198836499596
321,-0.0596399747783842,0.00999999991947904,0.0431431819201556,0.0605897856819437,0.00500000007628483,0.0438208004991818,-0.103952724442284,-0.115000000081095,0.0544862943714662,0.747338339595986,5.02054266259003e-06,5.47920505378176e-06,0.664470378941509,0.000379426236344375,0.00670751776911352,0.0519977614094998,0.0347416368124399,2.21662695517626e-10,1.85525232236339e-05,0.0345304611257341,-1.38192087020178e-10,7.14812742816884e-05,0.0750000000157787,6.22389629094317e-12,0.00379986548349677,-3.13888154052131e-05,-0.000826624645117956,0.000260074424915945,0.0346147443910211,-5.48176473026706e-06,8.31516926219693e-06,0.0307513118815175,-0.19690848828702,0.250000008776056,-0.399999994003915,-0.106510483980145,0.149999999429904,-0.356631651842673,-0.399999997428616,0.15000000902207,0,1.35135903863153,0,0,0,0,0.17540514417856,0,0,0,0,0,1.59553688109862,0,0,1.55821942039293,0,0,0,0,0,0,0,0,0,0,0,0,0,0,0,0.227621770229446,0,0.61396054376159,0,0.397833670217447,3.16402926114769,4.09468141324255,3.44548006820742,3.81323060618282,0,0.159582232510735,0.163925960106615,0,0.877538838988623,0.0892911494702004,1.5228547499294,0.20875739199427,0.209213670587938,1.46477495362066,0.378882829753785,0.734253860548967,0.403478076884792,1.50867841853744,1.77657778580772,0.208981718284756
322,-0.0585898738728693,0.00999999987866277,0.0431419789554214,0.0616406307105257,0.00500000008511244,0.043820397607796,-0.102254322028684,-0.115000000091442,0.0541787547380456,0.747335012583625,3.67206891631411e-06,4.20642704359045e-06,0.664474120890097,0.0014295107725713,0.00670740029371004,0.0519972579490857,0.0701853219644085,3.22959076768851e-11,-3.45014869228982e-05,0.070138121032928,-5.39773673808661e-11,4.06727808247139e-05,0.0749999999901887,6.30733428568493e-12,-0.0343630152433464,-4.41806069089722e-06,-0.000652672595300682,0.000391294707509793,0.070161225205279,-8.86273360505147e-06,2.0893985162273e-05,0.155234226211466,-0.162572824687437,0.250000004133276,-0.400000005254519,0.342277776924194,0.250000000066204,0.377067460424597,-0.399999997387074,0.250000000441738,0,1.32948161284546,0,0,0,1.68730233474828,0,0,0,0,0,0,1.60390464043859,0,0,1.59429206572118,0,0,0,0,0,1.81807405313829,0,0,0,0,0,0,0,0,0,0.164284033025308,0,0,0.0590987708596358,0.42537261480905,3.23555251689339,3.87530227214944,3.35218214546779,3.75867264357504,0,0.082058462153355,0.143229272572326,0,0.853821090035883,0.23656150954175,0.790736812146572,0.340828187523588,0.291947417099211,0,0.311279390950754,0.618252416841044,0.561014914453154,0.824234624513566,0.958786930525003,0.399600046478173
323,-0.0575688935911162,0.00999999985099653,0.043141239541904,0.0626548905966009,0.00500000006581217,0.0438195747843843,-0.102158251572343,-0.115000000055185,0.05360555372617,0.747333548621425,4.84401550919941e-06,5.59659100295278e-06,0.664475767384092,0.00244893441502238,0.00670718540624961,0.0519970483816996,0.0317981319588114,-2.03859011003814e-10,-3.05414051237671e-05,0.0319239455598526,6.69126465128348e-11,-1.24328549581225e-05,-0.0646944769277743,-1.98289900564223e-11,-0.023013834969256,3.19091609084367e-06,-4.98499275299146e-05,0.000730739155010289,0.0318652211193588,-2.01472530985146e-06,6.87646714633814e-06,0.0683725997191213,-0.400000040046546,0.250000021019391,-0.400000011763353,-0.0926077384318927,0.149999999184017,-0.283434893142864,-0.400000008163351,0.150000005697114,0,0,0,0,0,0,0.21008998864443,0,0,0,0,0,0,0,0,0,0,0,0,0,0,0,0,0,0,0,0,0,0,0.884380560537245,0,0.190504010770629,0,0.59622485774575,0,0.380545384226789,3.21233767442204,4.15517499648071,3.49297390336325,3.8745387675395,0.706595352932521,0.124653059155753,0.192707724262493,0.689073843234642,0.872909805513696,0.125712563783841,1.52916947155707,0.205919572978865,0.215187855775405,1.44903273136521,0.357166477090777,0.751797510285883,0.381502308356583,1.52062012095563,1.73628128122869,0.255360805329278
324,-0.0572329158533354,0.00999999993577587,0.0431428878214612,0.0629907236289237,0.00500000009882938,0.0438201673744674,-0.100875896522228,-0.115000000099864,0.0536859672509351,0.747329748595331,5.55756783617857e-06,6.1490066945663e-06,0.664480041250967,0.00278503373497769,0.00670711888235965,0.0519977320227742,0.00197193252843287,1.25349513547666e-10,5.92792040494784e-05,0.00196115190523885,-1.761917425506e-10,-7.89173184568996e-05,0.0749999999946583,-1.80282916314138e-12,0.030786193181332,-3.4805016525182e-05,0.0010398932806449,0.000546435536465291,0.0019656932735449,-5.04384654841241e-07,-3.16340267340759e-05,0.0612399853265329,-0.400000001772826,0.220905736150575,-0.400000003117694,-0.0794839444703881,0.150000000095028,-0.400000002201428,-0.400000000767529,0.149999999908607,0,0,0,0,0,0,0.245195683190478,0,0,0,0,0,0,0,0,0,0,0,0,0,0,0,0,0,0,0,0,0,0,0.60010078791592,0,0.0869745974864615,0,0.567321833500477,0,0.353006907369291,3.0437439027388,4.09770418511321,3.38197855251325,3.75946953533875,0.739515097216799,0,0.0970164611072487,0.670808150611494,1.591280772461,0.146825288412905,1.56483483703742,0.231866239577684,0.196843965487477,1.36568714764566,0.295486689956041,0.740829265192535,0.44926488499711,1.58614343336051,1.79296945460863,0.301887354158721
325,-0.0572862300223315,0.00999999994801757,0.0431435577151407,0.0629401269624136,0.00500000011094272,0.0438219213590388,-0.0989559385276527,-0.115000000056374,0.0540489932866665,0.747324869310402,-2.82037751574652e-06,-3.3299766135585e-06,0.664485528925093,0.00273485817312637,0.00670688416543665,0.0519978393830932,-0.00369308184578764,-4.88105126554872e-11,0.000167801587491366,-0.00375665039471434,-7.32326230409751e-11,-6.29177398918814e-05,0.074999999918927,-2.64151022228224e-11,0.0056421326335113,6.57276448258478e-05,0.00166715239567201,0.000584695071173829,-0.00369462912234551,-4.16233108135622e-06,2.15968644852186e-06,0.15257307973384,-0.400000026615463,0.222568487897416,-0.40000004903781,-0.0896155980636218,0.150000000995291,-0.400000033411748,-0.400000010882884,0.14999999911264,0,0,0,0,0,0,0.2486557137803,0,0,0,0,0,0,0,0,0,0,0,0,0,0,0,0,0,0,0,0,0,0,0.595894996843779,0,0.0608353166579603,0,0.528538018507052,0,0.316224422942261,2.990084933559,4.05134520007376,3.330324154878,3.71110597875477,0.745804022192969,0,0.113988666597978,0.662111381845341,1.5878591981504,0.16751253872146,1.58396253059407,0.225904723589092,0.206588398035536,1.36195241580262,0.298458295622642,0.74914460009482,0.45317452343779,1.60913934880526,1.80091248977955,0.312937941838566
326,-0.0573152023790168,0.0100000000523116,0.0431475754611665,0.0629144698524593,0.00500000022105381,0.0438224609060049,-0.0970359801464883,-0.114999999671374,0.0544081168153375,0.747318535687502,-2.31098320390465e-06,-2.86482410427796e-06,0.664492652127974,0.00270725787767089,0.00670673266844602,0.0519978476545173,-0.000140472147108305,-3.79766171679633e-10,0.000139932068838225,-0.000215888300790008,-1.67333527140228e-10,5.80909409263552e-05,0.0749999986658851,-2.00703825669797e-10,0.0301476921652046,3.88746134305977e-05,-0.000289664155277294,0.000374433865088507,-0.000167215804585317,-1.2876553726349e-06,1.3544493765243e-05,0.15323212130563,-0.400000191989401,0.224309849508321,-0.400000739378029,-0.103965125230408,0.150000019648867,-0.400000549817821,-0.400000082739453,0.149999983282388,0,0,0,0,0,0,0.240803330214279,0,0,0,0,0,0,0,0,0,0,0,0,0,0,0,0,0,0,0,0,0,0,0.603436929553915,0,0.0608106337099274,0,0.489147862220554,0,0.279591000069945,2.93596467815318,4.0008611711154,3.27750385696833,3.65932199230024,0.751140612977982,0,0.143732488997368,0.653620084479191,1.58035539382987,0.191230045520687,1.60119735648505,0.217883845613177,0.217234336985043,1.35819076878718,0.302902701749587,0.757526757143687,0.454137167081857,1.62708549504441,1.80559962067884,0.321790518277669
327,-0.0575959987193763,0.0100000003124522,0.0435131080893001,0.0626368824732611,0.00500000025684886,0.043823676029612,-0.0951160213247381,-0.11499999914309,0.0547228448418132,0.747286693059392,-4.42753996259937e-06,-5.16161246579997e-06,0.664528461996949,0.00242863692815752,0.00670279416443163,0.0519977170078823,-0.0271271082200417,-6.20429735835665e-11,0.0363787877277163,-0.0275533832762339,9.49899816627354e-10,7.16126987028819e-05,0.0749999982836933,-2.31143250365791e-10,0.00146857394807101,-4.85862134387653e-06,0.00112386049216142,0.00877286657750408,-0.0274107968016649,-0.000416654600666107,7.37149739839654e-05,0.33585274530945,-0.400000138051817,0.249999973842995,-0.400001051396745,0.40000045960221,0.150000024145183,-0.400000707335997,-0.400000095235361,0.150000145963221,0,0,0,0,0,0,0,0,0,0,0,0,1.79094536734527,0,0,1.47490614583047,0,0,0,0,0,0,0,0,0,0,0,0,0,0.596350261520687,0,0.0112511397688263,0,0.882200492341631,0,0.269498900937638,3.07032432691346,4.01722515578985,3.37923364245875,3.70831584024456,0,0,0.13370281811246,0,0.810549938620564,0.163061249643226,1.52398320400385,0.125296660743755,0.219569211605405,1.41315653951504,0.342623646622669,0.778500948847278,0.393493514625923,1.6378050209678,1.77307621921651,0.326448552497005
328,-0.0571852034248177,0.010514186062001,0.0435641700106779,0.0636942722968643,0.00500000005904752,0.0443387857168248,-0.0933609743924471,-0.115000000090645,0.0544128180898826,0.748055081901219,1.62861193179005e-06,3.38649354681244e-06,0.663663381653967,0.00279247146418644,0.00679340325696285,0.0519972041182135,0.0536646497422213,0.0425366893592864,-0.00844420170842293,0.0749999999785109,1.57499236411682e-11,0.0499999999465221,0.074999999967694,1.26300880362234e-11,-0.0323024655947297,9.30441937198665e-05,0.000494598267378192,-0.271406670703065,0.0508119829088987,0.0106284025782001,-2.30723427786144e-05,-0.101374519104446,-0.163849476980733,0.249999997239536,-0.400000008856129,0.400000006490565,0.216530803542549,0.39999998668889,-0.399999994767431,0.250000000046234,0,1.10293732724743,0,0,0,0,0,0,0,0,0,0,1.74102030023147,0,0,1.35512296034066,1.70902535275971,0,2.18547619230976,0,0,1.79674720489236,0,0,0,1.79261460738948,2.15064967307138,0,0,0,0,0.0799454892919176,0,0.801327323860631,0.00114944888376558,0.334129216848316,3.07454312875249,3.73006806753182,3.24057194465162,3.56403925163269,0,0,0.137381624615936,0,0,0.195381937205624,0,0.201259497090642,0.259505977891753,0,0.249571480087425,0.628643001390772,0.372569132829463,0,0,0.317506785614168
329,-0.0562039403607228,0.0100253820192938,0.0435096394159109,0.0639224763584112,0.00414415162948785,0.0446504990556246,-0.0945608828023568,-0.115000000061913,0.0534504484583865,0.747666129397523,1.35167183609055e-05,1.07167265838499e-05,0.664101546944241,0.00378586572745282,0.00645488147611934,0.0519975210021786,0.0360372677925555,-0.0712809719882882,-0.00279734649877332,0.0194376530314951,-0.0712945440802347,-0.0107908889190685,-0.0749999999702335,1.19238978583039e-10,-0.0499999999923231,-0.0211902992844538,-0.0239550416147559,0.261258435133054,0.0279136095289449,-0.0438357436529559,6.81899280223616e-05,-0.0480501561526616,-0.399999950163953,0.250000003465686,-0.175457414121211,0.40000002861018,0.23913513484745,0.400000012267426,-0.399999950863965,0.250000003164091,0,0,0,0,0,1.36368120014521,0.114355123605267,0,0,0,0,0,1.67057054657659,0,0,1.5913109219755,1.64306704455532,0,2.18080582685326,0,0,1.88099650090508,0,0,0,1.88157884943743,0,0,0,0.557183986871131,0,0.0192377631944168,0,0,0,0.299579079876783,3.01867562623365,3.774944961604,3.24047933029982,3.55314125753783,0,0,0.143222109808068,0,0,0.124346544662113,0,0.161031503819989,0.375341266188579,0,0.353074357400232,0.690923635316011,0.486878028979289,0,0.892985746460401,0.378176653391683
330,-0.0557709624837261,0.0114893519885083,0.0431996294863978,0.0642706267443857,0.00499994490760444,0.0444468068167075,-0.0963659010980867,-0.11500000012863,0.0524019394124103,0.74680351841376,-5.74416065699249e-06,7.46118866235061e-06,0.665071440002214,0.00404547480020282,0.00649632394008787,0.0519968827485755,0.0143013562559197,0.0749999998595514,-0.0229665174182578,0.00694300780061969,0.000549463591759832,-0.0155728764054516,-0.0749999992904525,4.47118753513019e-10,-0.0499999999885783,-0.00859025374830225,0.00239423777082778,0.0906907061056924,0.00719508772189742,0.0273639010522904,7.81020507539998e-05,-0.0146928607693803,-0.225928148294805,0.249999739314863,-0.372131246913356,0.400000254971744,0.250000234582659,0.400000292418695,-0.39999981569852,0.250000004707622,0,1.14825943655877,0,0,0,0,0,0,0,0,0,0,1.76381052463821,0,0,1.29554302502369,1.68809035806385,0,2.22052409382094,0,0,1.77459943699772,0,0,0,1.76514395129827,2.16714697016254,0,0,0,0,0,0,0.786918065751997,0,0.344777264954387,3.21710412529597,3.91456971458184,3.40697102031504,3.72470281956277,0,0,0.118126179930641,0,0,0.191538474238533,0,0.202267447919912,0.256100783002971,0,0.235554587101983,0.644856217062809,0.36463139863289,0,0,0.329513969962986
331,-0.0552907283886839,0.0108134912196166,0.0429904401420779,0.0646884349617125,0.00404549190044591,0.0439075038651639,-0.0982858585516756,-0.114999999692741,0.0513534289561914,0.745349248306378,5.39701962268063e-06,1.43165519422196e-06,0.666700870194752,0.0045754463916204,0.00634911377122979,0.0519970306313531,0.0376973196187092,-0.0749999998506811,-0.0109008144887571,0.0352183583389937,-0.0749999994026379,-0.0387506461514073,-0.0750000021331152,-4.402658610389e-10,-0.0499999997652231,-0.000374776681798602,-0.00102424590355306,0.482851697297182,0.0424013716373667,-0.0349268578952938,9.57513637824047e-05,0.3713860025014,-0.255020378732563,0.150000015245133,0.170948150444315,0.400000246198234,0.250000433643482,0.399999121303239,-0.105477765641821,0.219384372069223,0,0,0,0,0,1.26574506942361,0.134236604777658,0,0,0,0,0,0,0,0,0,0,0,1.73650779599171,0,0,0,0,0,0,2.04621760714446,0,0,0,0.577923615535208,0,0,0,0,0,0.30603232752905,2.99882598947575,3.91692729928728,3.28768462930826,3.62806865945477,1.31090749229514,0,0.175462070231715,1.11006251422687,0.797236698771588,0.105296409689233,0,0.132471609043813,0.408167092352609,0.725396936739541,0.359646553794858,0.773917475297285,0.491247836420165,0,0.949463385452149,0.366825484397123
332,-0.0568092791572615,0.0100000000911557,0.04334050995306,0.0644157450805469,0.00499999132056866,0.0438309506585507,-0.0987246517196988,-0.114999999776131,0.050306938763494,0.742704043113829,-6.07365289086918e-06,-3.71701490789687e-06,0.669646427874229,0.0042226308756612,0.00621486850132912,0.0519975903202981,-0.0750000014408508,5.949196737521e-10,0.0442822075486652,-0.0639292882502014,9.09857282520196e-05,0.0113588358576786,0.0305924868926651,-2.46514776864799e-11,-0.0499999999415774,-0.00256104770372985,0.0017074650396554,0.511527573330705,-0.0587022787091989,0.0183982415374556,-0.000206445530416681,0.192978751053893,-0.399999754065385,0.24461978606441,-0.322106319213742,-0.202596484657878,0.150000006472801,-0.349515575350857,-0.400000009882578,0.150093295698621,0,0,0,0,0,0,0.116396988977031,0,0,0,0,0,1.77296240428261,0,0,1.47933879277411,0,0,0,0,0,0,0,0,0,0,0,0,0,0.559446613330303,0,0,0,0.496532219285985,0,0.276127414828581,3.23325989491973,4.16687381801945,3.5240496412482,3.87608407169099,0,0,0.134138705930027,0,0.813855759479758,0.202189008894571,1.47839160826915,0.153368021779481,0.22935319869647,1.38093943773425,0.275135887470061,0.796921297586038,0.373534622745592,1.61589451967932,1.68245661781136,0.342680622373715
333,-0.0562455416211681,0.0104328399031415,0.0437597553960246,0.0657181690471254,0.00500000011069942,0.044440831020467,-0.096902332667589,-0.11500000001592,0.0496658710331985,0.741457848388719,8.32240373682501e-06,1.18462294997572e-05,0.671026026319338,0.00369114914948432,0.00646552637392189,0.0519973327868496,0.0106399484004922,0.0279633793850539,-0.00170680265965249,0.0749999999055722,-9.18003233542943e-12,0.0496494936648634,0.0750000000020532,3.78518245422577e-11,-0.0142853384024777,0.00686635049957279,-0.0299173848055177,-0.165867000719169,0.0278198614853588,0.0102290179710776,0.000873021184008467,-0.299518405026049,-0.290756434635036,0.250000010070664,0.0978612128327505,0.248295096946998,0.234126130908841,0.400000000841878,-0.399999984407283,0.235544757587932,0,1.03090434720867,0,0,0,1.48530017008068,0,0,0,0,0,0,1.87489314319941,0,0,1.51329867469332,0,0,1.99852677194035,0,0,1.92508070397093,0,1.54869293824746,0,0,0,0,0,0,0,0.00358521076559656,0,0,0.0390013702375876,0.368929559946716,3.18611193421002,3.87208884833003,3.33500251996228,3.72319826257777,0,0,0.0302986138040934,0,0.818295425251266,0.26454102835177,0,0.293764911364075,0.212324279188381,0,0.154863135450217,0,0.532193024097691,0.82800959367469,0.913636063885081,0.446566553887298
334,-0.0550720885830153,0.0100000074560913,0.0435865761202989,0.0651893927645638,0.00500000095810702,0.0449695097426774,-0.0974036992618203,-0.114999997369705,0.0489300803180471,0.740307465760143,3.0934153232876e-06,2.47382208064845e-06,0.672294992463905,0.00484391185884994,0.00631869093404403,0.0519973693401592,0.0749999943046055,-9.86248889372101e-09,-0.00850639739973775,-0.074999992974793,-3.92116588024252e-09,0.00344955134238596,-0.0749999957570406,-6.28950050752672e-09,-0.049999999222415,0.000116763562784096,-0.0237753675171262,-0.0155162723414977,0.0860564291735821,-0.00603738796410881,-0.000208389054960792,0.304168503088896,-0.355001806490287,0.150000086277579,-0.28908665321832,0.399998373203001,0.208645555196095,0.400001554595005,-0.155502885824069,0.238931049470306,0,0,0,0,0,0,0,0,0,0,0,0,0,0,0,0,0,0,0,0,0,1.53234595884803,0,0,0,2.07034716108239,2.19300293170039,0,0,0.558792895458547,0,0,0,0.74046047169857,0,0.338604313438392,2.98032617137145,3.86252953181119,3.24652946806101,3.59632623512164,1.25757751994591,0,0.128160750732228,1.05765592566557,0.814575010424852,0.161469051030002,0.769771403317876,0.206272658136981,0.290397249699842,0,0.211680227036212,0.70212998814442,0.40503332214796,0,0,0.323705240382238
335,-0.0562919312901725,0.0100000040493128,0.0439805720655386,0.064931802736696,0.00450869291464673,0.0447639980940603,-0.0987422894944598,-0.114999999501403,0.0483744953733201,0.740605631388193,8.45162834121048e-06,5.05461003734164e-06,0.671966520469358,0.00482357473041161,0.00626323319220854,0.0519968060620409,-0.0750000033659534,-1.16669714169736e-10,0.0464717515987944,-0.0218440880436963,-0.0336896221391838,-0.013498992124741,-0.0589393803579798,-5.08185601251128e-10,-0.00577942123706294,0.0163001222588874,-0.0715328985918454,-0.164744048293169,-0.0349273949406546,-0.00669846832424631,-0.000605444807384543,0.307861659643915,-0.202395615989355,0.249999876274959,-0.241518320859531,0.399999852791247,0.150000032339707,0.330899246869705,-0.400000209704171,0.249999972664856,0,1.34090092350875,0,0,0,0,0,0,0,0,0,0,1.96545495295038,0,0,0,1.9266793954858,0,2.05996942352642,0,0,0,0,0,0,0,0,0,0,0,0,0,0,0.887170879250891,0.00388778455696693,0.359308876879562,3.35366280642545,4.0559669687009,3.54049680076231,3.86913297436404,0,0,0.115416909907954,0.622198820797769,0,0.228691328770625,0,0.173340095354034,0.180508602991274,1.29021257554815,0.173565231313516,0.742642004209802,0.238742018943846,1.46405346608862,0.801185692300605,0.293783278766064
336,-0.0568685762802999,0.0100000063433412,0.044445695268522,0.0637904089143923,0.00500000101046929,0.044958679049025,-0.098861747580665,-0.113399536528828,0.047794598563452,0.738980996807431,-5.40166809363721e-06,-4.69227431302532e-06,0.673752801784658,0.00367495692286895,0.0064541456390982,0.0519977079223383,0.0168754133441743,-6.95275217831241e-10,0.000271925001164541,-0.0750000008606162,5.27215850771913e-09,0.0195738350089794,0.0464664750135158,0.0750000015417413,-0.0499999999274525,-0.00140351932576283,-0.00344626149228525,0.171915425767277,-0.0815490509047325,0.0108667092051143,2.07649796481473e-06,0.213373078508136,-0.34335221798148,0.149999986001535,-0.140964839341551,-0.14538995067678,0.149999999080414,-0.400000787175609,-0.292702947085025,0.150000029901355,0,0,0,0,0,0.953363170743755,0,0,0,0,0,0,0,0,0,0,0,0,0,0,0,0,0,0,0,0,0,0,0,0.589790981379523,0,0,0,0,0,0.230090132198894,2.97802296450253,4.09846512929094,3.35324538252778,3.7232427112657,1.99131607627698,0,0.259565964923008,0.764981752062004,0.950884933919592,0.263379954082623,1.60040378577663,0.185636952065821,0.314495361265421,1.44408026435117,0.311778064389781,0.904304111206373,0.380913535997564,1.63114604958224,1.71335814016627,0.324959311210191
337,-0.0576641159088052,0.0100000000341552,0.0448826172579596,0.0628218283199413,0.00500000011180912,0.045787479892486,-0.0969988582710572,-0.114599492479206,0.0473352867451379,0.738324129879275,-4.27721891160607e-06,-3.12306995626508e-06,0.674472561852836,0.00268349129546273,0.00659022456145801,0.0519974132087247,-0.0750000000289236,-3.81029234583605e-11,0.0431837730496044,-0.0150941374462366,-2.17367328042265e-11,0.0500000000015849,0.0749999999626517,-0.0750000000445582,0.00379999969517007,-0.0025328193326945,-0.0123546582605506,0.0361224419714369,-0.0212235269309744,0.00313519820076203,-0.00034953151769856,0.399999988080239,-0.400000015700626,0.149999999796213,0.399999988515311,0.399999991042952,0.211089037746197,0.38430080441953,0.0845733522037535,0.218519063664091,0,0,0,0,0,1.33613940477602,0,0,0,0,0,0,0,0,0,0,0,0,1.82028053038166,0,0,0,0,0,0,1.99989883996078,2.10215007588226,0,0,0.572232338176372,0,0,0,0,0,0.302866852174488,2.94221209307043,3.81233744860213,3.21859845537305,3.5359510862995,1.3116880074122,0,0.18446851171211,1.10651536553441,0.788128483698315,0.169382245945303,0,0.182709357938732,0.385603541778498,0.712104698194013,0.325774063846264,0.771934176126249,0.456809962667506,0,0,0.37051678340476
338,-0.059584073689789,0.00999999902119727,0.0459226023452546,0.0616611104693788,0.00500000010250125,0.0459752483197429,-0.0978003714341444,-0.115000000099164,0.046946976756789,0.738337135815643,-4.14378276550897e-06,-4.02486886238739e-06,0.674458325037345,0.00156999461408886,0.00662366362308324,0.051997390959291,-0.0750000000650492,-2.52442612701644e-11,0.0499999999983514,-0.0750000000329741,-1.18144557608359e-08,-0.00023500588892795,-0.0749999999404084,3.77109953247111e-11,-0.0423999993048124,0.000583989629354188,0.00767481013561354,-0.0249634661745172,-0.0863397270968577,0.000857876701859436,0.000173108983340258,0.352419467579288,-0.387566856521235,0.149999999320526,0.0133800720885134,-0.115324656756839,0.150000000074595,-0.350685643115573,-0.259283647620494,0.150000000924737,0,0,0,0,0,0.91478855080237,0,0,0,0,0,0,0,0,0,0,0,0,0,0,0,0,0,0,0,0,0,0,0,0.574304508590666,0,0,0,0,0,0.202799607136443,2.93451769940378,4.06740952579263,3.31000760653334,3.69191961866307,2.01865187522173,0,0.275582851977593,0.763547164860378,0.969986313796138,0.286100082062556,1.64397254567943,0.19347119608555,0.325098700973022,1.44288698178362,0.309026958135337,0.906595802102853,0.400348439054177,1.64976804307887,1.74866842088523,0.336519833328027
339,-0.0596276004330227,0.0100000000614482,0.0469790923553053,0.0618632135286683,0.00500000010590085,0.0465049589839559,-0.0966004614047915,-0.115000000093165,0.0466396667448465,0.738350521325434,-5.66657787077479e-06,-5.98741503893039e-06,0.674443671439129,0.000424564599246472,0.0066438355545549,0.0519974252018148,0.0660021319595473,1.85684781942792e-11,0.0499999999961652,0.0749999999540412,-1.44295771861353e-11,0.0500000000018125,0.0749999999971959,1.88478150158225e-11,0.0114000007627803,1.06537778420598e-06,3.18993429464391e-05,-0.000663534806145431,-0.0272489204317247,0.000471961851908293,2.27825670707376e-06,0.177921653084012,-0.399999992344181,0.249999998419766,0.353359510724258,0.292680714832611,0.207398769272574,0.399999998839976,-0.39999999221611,0.237787187016233,0,1.19816671145965,0,0,0,1.41778015144593,0,0,0,0,0,0,1.94745869172648,0,0,1.59660123558738,0,0,2.11807889625455,0,0,1.79927456853107,0,1.53008174846944,0,0,0,0,0,0,0,0,0,0,0,0.270114413032377,3.1060965911911,3.85711515584762,3.30122683831532,3.66198490872339,0,0,0.129685851952197,0,0.798998020744209,0.270786738397378,0,0.257601224186022,0.317354822742625,0,0.279159162150558,0,0.552031344484974,0.868082334527468,0.961656845153927,0.458456833858517
340,-0.0586678392493212,0.00999999993262177,0.0470787706742701,0.0630424305538324,0.00500000008779178,0.0470406490794518,-0.09625747170594,-0.113907527631719,0.0464033567614279,0.738441355840693,4.35377122546453e-06,4.42523809635686e-06,0.674344218716994,0.0012643218460571,0.00660455921741346,0.0519964021816595,0.0750000000010417,-6.89288327522289e-10,-0.000164236063003693,0.0430813020594925,2.14069155172597e-12,0.00380001441542129,-0.040125401276858,0.0750000000035656,-0.034799999239167,0.000839822360184917,0.0154866452374087,-0.0448182233596185,0.0780547124122961,-0.00227902256413914,-0.000811164440368245,-0.242626222809834,-0.282541169871578,0.250000002236066,-0.400000002972034,0.400000000884023,0.250000006248312,0.399999996646546,-0.399999998530475,0.24999999987648,0,1.09914739795616,0,0,0,0,0,0,0,0,0,0,1.97357371145405,0,0,1.4659625724074,0,0,2.07294093143013,0,0,1.78971968620552,0,1.54712722722471,0,0,0,0,0,0,0,0.040083466403143,0,0.997522727604605,0,0.337702804759948,3.09514235330517,3.84740075154667,3.2779180415432,3.66462506330864,0,0,0.0522041219227627,0,0.8000399938891,0.271510563243138,0,0.281799190780394,0.20596133787478,0,0.139504003494713,0,0.487718950604036,0.814598884327376,0.877051247923797,0.425266587007614
341,-0.0569189774919851,0.00999999996264666,0.0470486248518121,0.0648171516563281,0.00500000003374265,0.0466523396932961,-0.0972550790476698,-0.113408610992632,0.0455072829043602,0.738712668973149,5.7963803605199e-06,5.8173508809892e-06,0.67404699755406,0.00300844176152216,0.00655299116012065,0.0519972944063666,0.0749999999743353,-3.06337766212189e-08,-0.00238830807083323,0.0749999999658288,-5.95863582545419e-12,-0.0423999664406716,-0.0595382715044568,-0.0246102860721013,-0.0499999999999589,0.000213843795537271,-0.0199960892583041,-0.0439352643498895,0.0898183801709147,-0.0023967345478391,-0.00021635561364917,-0.400000010576837,-0.136852362306071,0.250000003141243,0.00893609259023772,0.301188485459901,0.250000000361805,0.399999987308674,-0.399999992524516,0.25000000001694,0,0.949712841297653,0,0,0,1.60013226620037,0,0,0,0,0,0,1.88473163698625,0,0,1.6168994399272,0,0,1.96918966174396,0,0,1.92794688854082,0,1.739062711592,0,1.82351865540299,0,0,0,0,0,0.0725829156903264,0,0,0,0.301778992864933,3.1391850998975,3.94317161052651,3.35134793939668,3.73100877102733,0,0,0.0442265269525216,0,0.796456433121786,0.253846008091465,0,0.254853221437821,0.162075887738178,0,0.101821715002453,0,0.436771589622154,0,0.853044407825363,0.371694484613624
342,-0.0552035485768327,0.0100000046736396,0.04700076720452,0.0648170248169472,0.00499999992676331,0.0456957273073926,-0.0989910726934054,-0.114999999291949,0.0445099571685427,0.738912014414138,3.07590850831916e-05,4.92119052231762e-05,0.673828461924099,0.00470763981906118,0.00650699732283937,0.0519953454897571,0.0209343960709182,-2.78926413870238e-08,-0.00244587309656274,0.0749999999914345,3.59032736247198e-08,-0.000216518013167145,-0.0750000000015914,-8.89428980931545e-06,-0.0497339026120906,-0.0241127175728828,-0.224399581299673,0.0583233442742788,0.0380021755948124,0.00136889810236978,0.00880438849865825,-0.32182800761464,-0.300262644175671,0.250000020643717,-0.400000003529958,0.400000003182067,0.250000007864082,0.399999999344215,-0.400000001235004,0.249999999132221,0,1.02005374519622,0,0,0,0,0,0,0,0,0,0,1.9405796592018,0,0,1.525613819576,0,0,2.01361155085204,0,0,1.81669575407138,0,1.61802200832594,0,0,0,0,0,0,0,0,0,0.930270858079801,0,0.315046029943128,3.2766158401897,4.01425791897455,3.4580233720367,3.83285038712754,0,0,0.0250462137706827,0,0.786067186119071,0.249995786606022,0,0.278173179698373,0.204207120300007,0,0.116725172186159,0,0.468270722672496,0.810454011196962,0.849568751442198,0.429155982427258
343,-0.0538834524226267,0.01000000697705,0.0469736751544779,0.0665438499802245,0.00500000001301807,0.0452355054030885,-0.100012292155587,-0.114180495064153,0.0437817977174695,0.738875396553384,3.96131724688767e-06,3.87046274197749e-06,0.673868618731628,0.00604024159271214,0.00650390499225792,0.0519971181202881,0.0749999999963115,3.86279091349526e-08,-0.000911934064070813,0.0749999999889089,1.40021407078065e-12,-0.0459950112088018,-0.0273601825581159,0.0749999999801199,-0.0232146397509347,0.000768452857618016,-0.0156646894544041,-0.033718016853709,0.0886611282870421,-0.00110730095423333,-7.89213564919694e-05,-0.400000001520146,-0.196915459805478,0.250000001942455,-0.400000004570928,0.400000000578472,0.250000000197545,0.400000001013886,-0.400000008193472,0.24999999838411,0,1.01823503275683,0,0,0,0,0,0,0,0,0,0,1.95380703598396,0,0,1.61431653103955,0,0,1.95514945337429,0,0,1.88740506979481,0,1.79877281698482,0,1.80011330453313,0,0,0,0,0,0.0524652504410004,0,0.839821636653785,0,0.257774541591823,3.35673523828763,4.14000877280489,3.56273356602514,3.93401044506738,0,0,0.0467573689963602,0,0.779340764935512,0.258781106639812,0,0.257584734032766,0.172240491332598,0,0.10539185932996,0,0.423955971577396,0,0.83917162787616,0.384264674526117
344,-0.0521023621160645,0.0099999970448053,0.0469266555546494,0.0682704776059718,0.00391090011666977,0.0441949937643583,-0.101649244435111,-0.115000000459797,0.0429161121742042,0.739026738110473,5.75426925168023e-06,5.86037703128242e-06,0.673702640896346,0.00781880936863981,0.0064645814231504,0.0519972995730698,0.0749999972352403,-3.04425726657581e-08,-0.00243836051340751,0.0749999972810158,-0.0749999990011391,-0.0499999991559335,-0.0750000023581767,3.88877030960419e-10,-0.0500000000958453,0.000158648000934369,-0.0202200446688532,-0.0347946609874612,0.0898359087561827,-0.00196111795730179,-0.000206689188215653,-0.400001139054352,-0.208121115420008,0.243048714991234,-0.400001121094628,0.40000041103312,0.250000320482266,0.399999027640498,-0.399999839577367,0.249999960705539,0,0.927583573121523,0,0,0,0,0,0,0,0,0,0,0,0,0,0,0,0,1.84004946391348,0,0,1.696332741637,0,1.48975357547378,0,1.95948051600991,1.94410462783489,0,0,0,0,0,0,0.88768533102536,0,0.332876036633829,3.41701603135828,4.20818803018593,3.6199826544676,4.0052214070766,0.613765372091733,0,0.0711617919201948,1.06919205498283,0.807467521458416,0.259740070041327,0,0.286417396868727,0.197751262363873,0,0.0942642237151842,0,0.39145341173056,0,0,0.386328507226156
345,-0.0521953074619235,0.00999999929629982,0.0474287873314273,0.0682432781741588,0.00252459122561166,0.0433204724105719,-0.1034508204253,-0.115000001054984,0.0423816893093132,0.739505305051231,-3.52844056115593e-07,-4.13176271396889e-06,0.673177300958184,0.00835473973361142,0.00640162275014286,0.0519960064313434,-0.0749999973518023,1.23153489774885e-10,0.0500000005032644,-0.0275876831236865,-0.0634100311703255,-0.0363658455819222,-0.0750000003870685,1.72036101245225e-09,-0.00367390224520032,-0.00839173660686465,-0.0103418380477191,-0.149659277654222,-0.0291062541178462,-0.00545652083762217,0.000660725926648046,-0.294005724592989,-0.302021128960959,0.250000207346763,-0.163118344244197,0.399999635785919,0.250000020302239,0.399999840465689,-0.399999290953072,0.249999585083439,0,0.964084138037892,0,0,0,0,0,0,0,0,0,0,1.96274824673309,0,0,1.56524341827758,0,0,2.07975018350812,0,0,1.91937280343593,0,1.73907773336748,0,1.85607831272849,0,0,0,0,0,0,0,0.912085761847839,0,0.318254291026973,3.52794016301334,4.26461200110541,3.72191993784306,4.07063222627568,0,0,0.00786263219031026,0,0.784823392890492,0.247469559615122,0,0.289307859793719,0.180402196912983,0,0.0446040719919019,0,0.428409578361933,0,0.798270197620327,0.420009850336068
346,-0.0514382006765731,0.0100000022254125,0.0478576572316237,0.069828844423136,0.00116606639324766,0.0423408404144245,-0.105027506270658,-0.114225597731541,0.0418439015778404,0.739771406506061,2.01273689051846e-05,2.01915481766677e-05,0.672884865825314,0.00848432150909008,0.00634849224955674,0.0519967303787169,0.0496683496720835,-2.2412065646357e-09,0.00118329346792516,0.0749999998803963,-0.0741606905899144,-0.0500000000107147,-0.0750000001338717,0.0749999999707034,-0.0498738728157424,0.0029133279609191,0.00818499704366384,-0.0113846703864972,0.0510224896110021,-0.00215869357526748,0.00397706190898653,-0.400000054907334,-0.262619582964882,0.235520423925545,-0.159192896206307,0.399999979704459,0.249999995613469,0.399999944829414,-0.400000012070823,0.249999995575176,0,0.977396146178624,0,0,0,0,0,0,0,0,0,0,1.45059783145677,0,0,0,0,0,1.82605334536084,0,0,1.64496753897365,0,1.53868850816936,0,1.91414461562095,1.9042095091308,0,0,0,0,0,0,0.924334069503359,0,0.353682313490414,3.56943968103851,4.35146453808336,3.76868688055876,4.15221733856311,0,0.00419141958605236,0.0833149495558956,1.09292855509476,0.798133074561999,0.264030898031113,0,0.291927450342506,0.209869751469392,0,0.101220898078937,0,0.388957153243017,0,0,0.390585192863151
347,-0.0509097768951666,0.0100000036605121,0.0478501284723563,0.0693581553069088,-4.50954440727645e-06,0.0412923303832083,-0.106893487830719,-0.115000000146421,0.0412024582907288,0.739839692294523,5.25327559773594e-06,5.53704416318263e-06,0.672809785478366,0.00901151310741054,0.00633130734507464,0.0519974018138934,0.00137191368397772,1.48226146789479e-10,-0.000128251563108266,-0.0749999997956979,-0.0430524386779258,-0.0500000000088603,-0.0749999998022372,9.31668922643583e-12,-0.0144475903166167,-2.81657288937429e-05,-0.000944676207143064,-0.000198527879301504,0.00140950831628104,-3.12376940216855e-05,4.68838275589677e-05,-0.346982813921522,-0.281371631469713,0.234001586713588,0.400000084196995,0.399999976965291,0.249999996348465,0.400000081502014,-0.314676198137384,0.249999997656827,0,0.942459369317986,0,0,0,0,0,0,0,0,0,0,1.49562501760574,0,0,2.52239888548138,0,0,1.86975751919538,0,0,1.74382830656988,0,1.59422379747867,0,1.96835687160173,1.90472344712022,0,0,0,0,0,0,0.578243660676852,0,0.290085427148298,3.67715135274146,4.48200681574861,3.89936102623807,4.259797142252,0,0,0.0736422841296316,0,0.829377704025862,0.276759205732788,0,0.307909206711556,0.19791154378358,0,0.0503276095346748,0,0.402242408596595,0,0,0.40102800902732
348,-0.0502007403342556,0.00999999843276226,0.0478483936513582,0.0705580652619796,-0.00153315802201309,0.0402438217157309,-0.108669841116011,-0.114999999945102,0.040464066429623,0.739970880401592,3.51713668800117e-06,3.6745825836086e-06,0.672665499020415,0.00971315147288154,0.00631161120708943,0.0519972112927841,0.0686699889650038,-1.35630602359294e-10,-0.000116287825654197,0.0749999996901641,-0.07500000111309,-0.0500000002603952,-0.075000001372706,5.23240714018409e-11,-0.0500000000484077,-5.59847320515792e-06,0.000196368233700271,-0.0384858153988846,0.0685848422624133,-0.0019468743367156,-7.99450491751728e-05,-0.399999884615107,-0.240839752970444,0.238378770348995,-0.046810095583253,0.399999541249139,0.249999892702687,0.399999434278823,-0.38064190735357,0.249999980049792,0,0.992980889322775,0,0,0,0,0,0,0,0,0,0,1.42552115086589,0,0,0,0,0,1.76121808146179,0,0,1.62925121980923,0,1.58590108866568,0,1.92159829872221,1.87233719553871,0,0,0,0,0,0,0.711912686619227,0,0.238822263351891,3.78373188065673,4.59938526023805,4.01352673170784,4.36959040918693,0,0.0113015467786999,0.106701834994579,1.09679791675944,0.785947417639437,0.246434796669223,0,0.268025711507488,0.215867006869068,0,0.114347509686521,0,0.371070763234306,0,0,0.355600147532333
349,-0.0510400716887029,0.00999999646374421,0.0478110625430523,0.0699933603226355,-0.00302901664933646,0.0399999995776113,-0.110537403868734,-0.115000000096743,0.0400047569340741,0.740051625782377,5.73884978719135e-06,5.93393635489651e-06,0.672576663934018,0.0105212610011331,0.00628464289575121,0.0519974233281873,-0.0749999945563879,6.56230838525687e-11,-0.0043565193646424,-0.0749999941642533,-0.07458791378938,4.3729670803662e-11,-0.0749999960387024,-1.01363958387131e-10,0.00380000378987245,-1.49445375779712e-05,5.60600744328606e-05,-0.00182941668502958,0.0104152677904298,-0.000292520118111689,-5.11792391641651e-07,-0.399997792879845,-0.323299875222471,0.250000503994672,-0.0992288103389696,0.399998764646406,0.250000017917413,0.40000160984861,-0.354173621662513,0.249999960015173,0,0.959295082659992,0,0,0,0,0,0,0,0,0,0,2.00301919675698,0,0,1.71196769125881,0,0,1.90464952534342,0,0,1.88407013867643,0,1.94790723342985,0,1.8495361071085,0,0,0,0,0,0.033691211781517,0,0.636405537249731,0,0.185558227366446,3.91233205293277,4.66412744834308,4.12764414928373,4.44881535199211,0,0,0.0411992780647507,0,0.748463367561886,0.230374950186411,0,0.266028066026583,0.1792044420301,0,0,0,0.371763619038204,0,0.73732558609052,0.368380629828587
350,-0.0498401607642428,0.00999999990053137,0.0472596218209187,0.071382974635295,-0.00453807555165603,0.0400000008225087,-0.111955221182266,-0.113653256523082,0.0399999999880114,0.740087096724995,5.94751928968885e-08,2.42371367761744e-07,0.672537632831109,0.0105235947964353,0.0062801063683394,0.0519974252159111,0.075000000043381,-3.9556766109792e-11,-0.0499999999842995,0.0749999999723322,-0.0750000000117181,8.01105571306567e-11,-0.0668226374931755,0.0749999999930419,3.61564038930169e-13,-0.000890395619266789,0.000111433432975474,-2.32895506194874e-08,7.45026003896916e-06,4.72374731112671e-05,7.14657215949385e-07,-0.276369032529493,-0.400000016305931,0.250000006469165,0.165667559994854,0.399999995170547,0.250000033019724,0.399999992975672,-0.324539079135727,0.250000000162369,0,0,0,0,0,0,0,0,0,0,0,0,1.4505229959691,0,0,0,0,0,1.70698501489378,0,0,1.58623854098872,0,1.62510011991873,0,1.88156324579496,1.80007038414247,0,0,0.501266170366613,0,0,0,0.678198902845352,0,0.205202833714661,3.91244239644517,4.73925747368326,4.17497117500556,4.47672869512287,0,0.0069479247912979,0.0977498851613968,1.11684587114205,0.761347789041342,0.220007291894811,0,0.242297112548541,0.216480391109543,0,0.0387067641626027,0,0.34568944803135,0,0,0.338737521794932
351,-0.0510400707991848,0.0102158450743271,0.0468003118479446,0.0729155635745521,-0.00605113447210735,0.0400000018301751,-0.113731335279114,-0.11478459070916,0.0399999999096045,0.740087096743788,4.94584811050773e-09,-1.46435676087203e-08,0.672537632814315,0.0105235712989005,0.00628009410565705,0.0519974248797729,-0.0750000002777524,0.0214769198065949,0.0038000000447411,0.0749999997310136,-0.0750000000683746,2.86803316113668e-13,-0.0750000001956136,-0.0750000001373569,-1.45528772870749e-11,1.1448613258286e-05,1.88520236893245e-05,-4.55574374007322e-11,9.22705536257153e-07,-6.97944122214552e-07,1.3852358230175e-09,-0.400000114467295,-0.383884045265958,0.250000015486176,0.399999889145291,0.399999971820039,0.250000000132841,0.399999919388595,-0.228778290843008,0.24999999398847,0,0.985195195223162,0,0,0,1.33852284387341,0,0,0,0,0,0,1.99379636542793,0,0,1.82447878091695,0,0,1.78127643392553,0,0,1.88600254672828,0,2.0841897393566,0,1.87166898118176,0,0,0,0,0,0.09374873045569,0,0,0,0.240712611813787,4.06283922500761,4.83443055859343,4.29792853458248,4.59934124901855,0,0,0.0547178822485853,0,0.713152225526352,0.19996998593364,0,0.205845822762837,0.190272872759414,0,0.00109170359696594,0,0.35887456738307,0,0.757706485247554,0.335524710747308
352,-0.0498401607655264,0.00999999989689312,0.046412001824064,0.0746003122862024,-0.00493913848264606,0.0400000029375127,-0.115083569607472,-0.113939809229163,0.0399999999877183,0.740087096744222,-3.81820786073696e-10,3.40583848028472e-10,0.67253763281863,0.0105235721838081,0.00628009560032445,0.0519974248735125,0.0749999999196149,-2.060034475926e-11,-0.0423999999925424,0.0749999999087151,0.0750000000057964,-7.3383079782957e-11,-0.0602969460887494,0.0749999999458045,-4.10135424591485e-12,1.04078011222089e-06,-1.23629509527217e-06,-9.13648461071704e-12,-6.50075488976093e-08,-5.06034401080692e-08,-4.58568963139955e-11,-0.40000003312826,-0.40000000848908,0.2500000070806,0.399999962379686,0.10549345740162,0.249999969777837,0.399999970666967,-0.234884654951613,0.249999998322724,0,0,0,0,0,1.34715286092787,0,0,0,0,0,0,1.45760578469895,0,0,2.49256017041749,0,0,1.68528030581401,0,0,1.63982552505879,0,1.71054509082625,0,1.93822050047774,1.79132128150181,0,0,0.491774370328303,0,0,0,0,0,0.372774099111462,4.08354651223386,4.91337468710863,4.35027135888312,4.64664984045937,0,0.00575391937599391,0.0954317952701914,0,0.747959342631445,0.21457492822004,0,0.227060790208165,0.230858728997954,0,0.0817582905384155,0,0.355227953144429,0,0,0.350001717645651
353,-0.0490953251799354,0.010994296924238,0.0455172084389487,0.0761365579834054,-0.00330562104042926,0.0400000001161693,-0.116703480499612,-0.113829855394682,0.0400000000009671,0.740318201593847,-5.58245218985543e-06,-5.59305391120286e-06,0.67228322987657,0.0107136108091514,0.00630225517431669,0.0519969498144096,0.0143391360311488,0.0749999999572612,-0.0497284479223171,0.0750000003855167,0.074999999954501,-3.35910415821792e-11,-0.0749999996230323,-0.0633130845287285,-3.56686950985892e-12,-0.0100049785380633,0.00414692515334004,-0.0625426765468726,0.00895918177952493,0.00144832321851986,-0.00180211726270399,-0.400000881712255,-0.40000001839059,0.249999990685101,0.400000153506693,0.0986409520163371,0.249999986222912,0.400000151245271,-0.0519238423995197,0.249999998450687,0,0,0,0,0,1.32809933482009,0,0,0,0,0,0,1.50634436609556,0,0,2.43091634232255,0,0,1.75209014510564,0,0,1.6517239981689,0,1.68546491797883,0,1.93121151159037,1.84172405294455,0,0,0.433124279418618,0,0,0,0,0.0269426942909595,0.438276140731906,4.18536241611808,5.00358167154568,4.44605510179267,4.74288898587108,0,0,0.0907035425520448,0,0.742958154710747,0.220328012237766,0,0.226084078051777,0.24296120547101,0,0.11216367465181,0,0.382368785492739,0,0,0.372585563341339
354,-0.0487281694020292,0.0117529952506575,0.0445876715568363,0.0774453408635741,-0.0016883685194332,0.0400000037548648,-0.118026919228188,-0.113479089464498,0.0399999999886538,0.740680930846635,2.5027582650219e-06,3.68255589584975e-06,0.671883577139286,0.0110246889939881,0.00634232430907374,0.051997060633095,0.02212487578246,0.00934525963760369,-0.0402778724202619,0.0559734285351109,0.0750000000089524,-4.51301030587069e-11,-0.0574317003445316,0.0749999999693547,-1.53580311545842e-12,0.000224340430909824,-0.000640247694222789,-0.033546581475765,0.0215091856336771,0.000754045434250353,0.000111423305899235,-0.4000000002419,-0.400000009389911,0.250000000016286,0.399999998775217,0.106500959893443,0.249999981418321,0.400000006974362,-0.137229389704271,0.249999999380253,0,0,0,0,0,1.34287151499112,0,0,0,0,0,0,1.51195580434617,0,0,2.39265541370846,0,0,1.73388255762482,0,0,1.62341333525842,0,1.70231023203341,0,1.92423651847829,0,0,0,0.440395297178081,0,0,0,0,0.0618326904534258,0.440848930860939,4.27379021203507,5.10320378540841,4.54083859428855,4.83615540315494,0,0,0.0945960780598017,0,0.735655162488066,0.218887380265407,0,0.210554482044357,0.252976282750111,0,0.1406157588166,0,0.38997529669402,0,0.819684241363357,0.377267672257466
355,-0.0481646667069863,0.0117649334145155,0.0439978291164777,0.0792468874025539,2.01384601067337e-05,0.0399999999870477,-0.117039153068009,-0.111869771466668,0.0399999999969089,0.740740316665948,2.97811935582341e-06,2.80819427731276e-06,0.671818104826068,0.0115844657575809,0.0063161938031155,0.0519970683613072,0.0341766087118346,-0.00526152585689525,-0.0186097109092828,0.0750000001452096,0.0749999999607877,5.11865069379376e-13,0.0750000002516648,0.0749999998129492,-1.64435746698901e-11,5.14007695871347e-05,-2.27058757896886e-05,0.0134518471924627,0.034368819610434,-0.00322013299397995,-1.94550388233522e-07,-0.399999931357531,-0.304983127101853,0.233160187523922,0.400000059829104,0.399999983839021,0.188987101021128,0.400000103716193,0.0442501719119923,0.249999993237853,0,0.948698769527983,0,0,0,0,0,0,0,0,0,0,0,0,0,0,0,0,1.82286650738749,0,0,0,0,0,0,0,0,0,0,0,0,0,0,1.06934944784367,0.153792216222245,0.489185384229089,4.19731748779458,5.04300598866945,4.45634712327254,4.78397635319149,0.656215824066842,0.0335857499062222,0.112612419757689,1.095695332396,0.759496252770066,0.239860723302888,0,0.223799732131275,0.304726779238651,0.698430135082656,0.203569630867493,1.42061320520679,0.408007207941874,0.90470510847933,0.880737791745766,0.431974524675439
356,-0.0496858785787172,0.0100467217069297,0.044189894098733,0.0783652658498876,0.00172966101262198,0.0405406903871502,-0.115171200373163,-0.111475365273099,0.0400000000015275,0.740708409451189,1.35428521721194e-06,1.19577624599332e-06,0.671853283709122,0.011789207505311,0.00629519544341223,0.0519974220382441,-0.0749999997863628,-0.0749999989948646,0.0363782664428602,-0.0749999997668846,0.0750000000197609,0.049999999990945,0.0750000002000192,-0.035009332465852,-1.13441998628659e-12,0.000390772822554403,0.00314041840402584,9.62761705838456e-09,0.00017706263873512,-2.18519239544343e-05,2.32884913481486e-06,-0.0685581394229697,-0.159127159440446,0.173120887854312,0.400000096071589,0.400000008144303,0.149999996267881,0.40000008243182,0.130327374006497,0.249999999528644,0,0.949186270656064,0,0,0,0,0,0,0,0,0,0,0,0,0,0,0,0,1.89445615597897,0,0,0,0,0,0,0,0,0,0,0,0,0,0,1.09614337098146,0.164053753315397,0.494034891188606,4.07569097351602,4.91309284289512,4.32409161211959,4.66469220429155,0.676897975645134,0,0.106386798703623,1.14408495571202,0.791940433330807,0.260270820715587,0,0.259797848347151,0.308517985782029,0.708665230228585,0.0977469718369467,1.45802609982565,0.423560443467701,0.928783135473215,0.889942285616914,0.462401293323999
357,-0.0516058367856066,0.00999999987695307,0.0451755373188867,0.076601268509308,0.00343099207054566,0.0415971808441759,-0.113375278149307,-0.112501181213165,0.0400000000483395,0.740708409367531,-6.57271587500784e-08,-5.74120559877857e-08,0.671853283852381,0.0117890173396113,0.00629521638458843,0.0519974248614991,-0.0750000000315592,1.38259108860807e-10,0.0500000000060772,-0.0750000000188514,0.0749999999988765,0.0500000000008084,0.0750000000405361,-0.0674102620077585,-7.76068599176731e-13,9.59475535042367e-06,9.59756619620345e-05,1.61407817624006e-11,4.34313825572566e-06,-4.23401360285665e-07,4.3539560620001e-08,-0.400000013006163,-0.270981497063805,0.250000002503869,0.399999992231007,0.144221948899747,0.250000000333195,0.400000016705726,-0.0606017285191486,0.249999999688357,0,0.996052483304293,0,0,0,1.54202947626977,0,0,0,0,0,0,2.08919746056509,0,0,1.74458485612251,0,0,1.87437790128009,0,0,1.83746685168331,0,2.06376706938906,0,1.84894769616163,0,0,0,0,0,0.199042634777389,0,0,0.125312119338404,0.422337636839788,4.09165093164136,4.88963732245035,4.32741761163473,4.65387064245698,0,0,0.0696448305951296,0,0.744447144513146,0.244540956348567,0,0.231758192462237,0.224791437693203,0,0.00663414777837481,0,0.420798968769299,0,0.830738718869399,0.399687869477931
358,-0.0504059251265002,0.0100000006067864,0.0457112288471964,0.0750853958375462,0.00499999793584409,0.0421328701172586,-0.111949418252154,-0.111305690838817,0.0399999974676623,0.740708409548278,1.04205336218096e-09,7.21128843228797e-10,0.671853282828429,0.0117890238611037,0.00629521267152997,0.0519974248740041,0.0749999993490461,-1.70793914291075e-09,0.0038000000433892,-0.0750000007983354,3.67743397883477e-09,0.00380000133220388,0.0676226404447239,0.0750000004669645,3.51014488032506e-11,-1.25381837697137e-06,-1.11053285104195e-05,4.67896251034144e-11,-5.7309969484139e-07,5.6933168496072e-08,6.64184013077632e-10,-0.40000026826648,-0.347388849100163,0.250000443702447,0.399999670993439,0.290022036486105,0.250000313616407,0.3999991447838,-0.16292712766221,0.250000014471896,0,1.18588153381709,0,0,0,1.5576324690615,0,0,0,0,0,0,2.11054804142332,0,0,1.72370200585373,0,0,1.89746287863687,0,0,1.80299347123581,0,2.04556077590708,0,1.83247651911525,0,0,0,0,0,0.174995819114456,0,0,0,0.356382874174011,4.02744131213266,4.82950952814272,4.26635840710075,4.59059243317461,0,0,0.0739126407950775,0,0.736553799080576,0.245975451824607,0,0.222323296642236,0.214399756466796,0,0.0320925055436304,0,0.411375368697883,0,0.827191798791751,0.3864626282623
359,-0.0484859688766856,0.0100000047371446,0.0453229172309617,0.0734745106760277,0.0050000000863107,0.041744560813573,-0.110349964408822,-0.109420029289634,0.0399999997460548,0.74070840936561,6.47507686511375e-11,5.90011741233441e-11,0.671853283867557,0.0117890265531635,0.00629521539062341,0.0519974248750111,0.0749999999805082,1.15481085994723e-10,-0.0424000014022326,-0.0750000000170656,6.2335720512261e-12,-0.0424000043881324,0.0749999999820007,0.0750000000182488,1.04182300064854e-12,5.04234997555486e-08,4.26047413968779e-07,-3.14937360353498e-12,2.27376107705643e-08,-2.5860516057129e-09,3.10355393287146e-12,-0.400000008033002,-0.36719267153518,0.249999999593781,0.354844306739417,0.260406615126812,0.250000000078383,0.399999992582121,-0.156349905841878,0.250000000431776,0,1.17260230624851,0,0,0,1.49977987134692,0,0,0,0,0,0,2.08425659140525,0,0,1.65969486794359,0,0,1.90948863351254,0,0,1.77862742862796,0,1.9568233592458,0,1.78205556754284,0,0,0,0,0,0,0,0,0,0.287049300989115,3.91383498651545,4.71052022629686,4.15431113259799,4.47004408021433,0,0,0.0609197596199039,0,0.723621327791128,0.232912826780858,0,0.211494404989507,0.208560355001013,0,0.0413325007386641,0,0.411692440333067,0,0.823359441687313,0.380553273357056
360,-0.0475672887046889,0.0100000002131855,0.0450206686133679,0.0726342516776277,0.00499999940992059,0.0409679452289934,-0.108728733058183,-0.107533864387495,0.040000000005051,0.740648475108526,7.47427562181144e-06,6.47432123349307e-06,0.671919359858559,0.0123411878907538,0.00627723239984682,0.0519967256502169,0.0229075819899947,1.62084344537715e-08,0.00217651061618479,0.0460065073477304,-7.15165076177467e-11,-0.0121584806402829,0.0750000004384006,0.0750000000818898,1.96126646782653e-12,0.0109069647051674,0.25321439587168,0.0277716520360262,0.0341764680000557,0.000392057898105986,-0.0105012717245646,-0.399999948332788,-0.298556436148554,0.242252143245245,-0.325264406436595,0.399999970524105,0.24999999401184,0.400000180673653,-0.0544258303460543,0.250000000818132,0,1.05587055676623,0,0,0,0,0,0,0,0,0,0,1.59838629883122,0,0,0,0,0,1.86479233626208,0,0,1.4673244936441,0,1.48280591357182,0,0,1.89149870758278,0,0,0,0,0,0,0.900632433056208,0,0.299869306499888,3.85695810480928,4.65889209288216,4.10873660353739,4.40711359415406,0,0,0.0676984865138753,1.02731297221095,0.730283652574717,0.232599310023782,0,0.224535622307799,0.199043599987687,0,0.0139640717374105,0,0.33352109508146,0.796909001140152,0,0.363944876412847
361,-0.0490339995209601,0.0100000007627685,0.0446843040754433,0.0721239253488269,0.00424727346432859,0.0406760059322036,-0.106808774775829,-0.105613885063171,0.040000000010399,0.741327684643828,-6.97756985150495e-07,-2.2868650236427e-06,0.67116992291868,0.0120254365109231,0.00617445045017857,0.0519973131101447,-0.075000003266736,-7.19465054932986e-11,-0.0354054107147048,-0.0603102156046032,-0.0656031883977725,-0.015546973833054,0.0749999974151104,0.0749999999103829,-6.3117749463556e-11,0.000909417532656252,-9.1432820965927e-05,-0.278001844701946,-0.0550565465811021,-0.012034620914529,-0.000240787524947011,-0.400001345358072,-0.40000002954133,0.249999937015338,0.399998715874221,0.303110069159305,0.250000091324373,0.39999893482452,-0.219069826410262,0.249999974011749,0,0.856370839279579,0,0,0,1.3525794624931,0,0,0,0,0,0,1.95926693832527,0,0,0,0,0,1.92730829135679,0,0,1.64536663975842,0,1.79667849422688,0,1.76471938800418,1.69838615676257,0,0,0,0,0.00182912672529503,0,0,0,0.232819647946104,3.78732442248718,4.53138095234693,3.97492766565757,4.34377770917653,0,0.115431359539209,0.250504159836149,0.640355146193664,0.802857329520759,0.369425957251281,0,0.352401076823676,0.259546435720116,0,0.0276610234518542,0,0.349994714370822,0,0,0.378468853238282
362,-0.049043381118767,0.00999999934235938,0.0443330248308127,0.0709916596818065,0.00482694190628912,0.040521245833776,-0.105264519022102,-0.103851804475755,0.0399999997423363,0.73989351546125,1.57222537044046e-05,8.56673344184985e-06,0.67275066881054,0.0108760680070855,0.00633372085492827,0.0519965541911369,-0.0474010782310756,1.42189380126606e-08,-0.00155764098990962,-0.0210990667539793,0.0750000000022732,-0.00853233014973575,0.075000000089697,0.0749999999568235,-1.93759777609572e-12,-0.0643266291710248,0.024039917104357,0.690620932178091,-0.0303605254028959,0.0335464597554976,-0.00268678606477224,-0.303179278419744,-0.346825300216518,0.250000028920342,-0.224919066418037,0.400000000936677,0.249999999341317,0.400000036966016,-0.232772576139492,0.249999999214835,0,0.934063415603538,0,0,0,0,0,0,0,0,0,0,1.8836911062558,0,0,0,1.76441774184629,0,2.04491802335961,0,0,0,0,0,0,0,1.62743560522082,0,0,0,0,0,0,0.898513471258691,0,0.176798970071253,3.78912264679792,4.53550085846111,4.00894587046647,4.31567763479255,0,0.0287093373355195,0.190374289320274,0.64865452919044,0,0.284572596408332,0,0.201620139984983,0.133874467761501,1.16848507165136,0,0.675107449215315,0.0543620201031776,0.737802142694401,0,0.228073060009859
363,-0.0509086937169853,0.0100000024416813,0.043835393876145,0.0696625680977495,0.00408935022760324,0.0407200829049685,-0.103344561205248,-0.101931825395357,0.0399999999885453,0.739551051178144,-5.00000478766884e-06,-4.97182421369255e-06,0.673127153518607,0.00964114594675645,0.00660214031081727,0.0519974684407647,-0.074999999987412,-2.29400617695167e-11,-0.047866160281179,-0.0749999999898341,-0.0749999999988434,0.021790101297168,0.0750000000123619,0.0749999999993952,4.0796702854319e-13,-0.00231642938382906,0.00822595868007229,-0.293836272411449,-0.0828522539988238,-0.00141657246024657,4.38704216010697e-05,-0.399999994812217,-0.4000000094546,0.250000000191093,0.400000004189573,0.313018518865133,0.249999999744166,0.400000005094652,-0.166131776647843,0.250000000180085,0,0.865962930984554,0,0,0,1.25250343079952,0,0,0,0,0,0,1.9620822974681,0,0,0,0,0,2.06631505323124,0,0,1.66805155844162,0,1.90153221767306,0,2.00576544235514,1.98847888537585,0,0,0,0,0,0,0,0,0.147264452662659,3.54941259195024,4.25066286528731,3.73055956308879,4.06951589414877,0,0.174851607884626,0.283633347951939,0.709656402747005,0.714036572418005,0.343323148566582,0,0.315538548872703,0.144700913181592,0,0,0,0.114462941505629,0,0,0.204390670981821
364,-0.0514647257005018,0.00999999934079492,0.0435600643847795,0.0684779824845806,0.0038343607530087,0.0407596505345099,-0.101568947447486,-0.10001184142831,0.0399999999902027,0.740120612535348,1.05770984035109e-05,1.66355588020935e-05,0.672500875793537,0.00847566666353381,0.00657800649558943,0.0519986910282738,-0.0376792315161355,2.13621319478833e-09,0.00166000334271526,-0.0288874968161678,0.0204017108220858,-0.000668024596690009,0.0750000000132539,0.075000000014468,-2.40253723015663e-12,-0.0147495306435892,0.00913563767688658,0.213092805845468,-0.0343449874752671,0.0103389155690982,-0.000163515475104345,-0.399999996898861,-0.399999988275168,0.250000012044052,-0.255761548812255,0.400000007441583,0.250000000724637,0.400000005462185,-0.181500251691129,0.249999999012875,0,0.889248189355474,0,0,0,0,0,0,0,0,0,0,1.94614627137742,0,0,0,0,0,2.0180328018017,0,0,1.50508839564761,0,1.79719333752005,0,1.86907948334702,1.92653941108509,0,0,0,0,0,0,0.785264998098322,0,0.153944905261802,3.39928153166701,4.09765480606206,3.57919061570892,3.91774572202016,0,0.153738396192589,0.281922182628448,0.723927129034587,0.706682021532522,0.348476891480668,0,0.307502123949824,0.139829379304824,0,0,0,0.0348882809898432,0,0,0.206383549635535
365,-0.0530509369162883,0.010000000855548,0.0430841983390171,0.0681166435890726,0.00226324387944715,0.040316499306845,-0.0996794858168075,-0.0980918624283837,0.0400000000066255,0.739821088526154,7.63679464520137e-09,-1.67363221646336e-07,0.672830371798857,0.00825303845992057,0.00663794461211,0.0519975499333941,-0.0750000000307642,-6.38956284914107e-11,-0.0468005052133895,-0.00403225913235894,-0.0749999999537421,-0.0434371823954231,0.074999999972892,0.0749999999855018,-3.3426707621164e-11,-0.00923751981141585,0.0214436620432701,-2.06126987298726e-07,0.00111500397466736,0.000479785577131604,-0.000193329854590666,-0.400000012678542,-0.400000026325296,0.250000003929861,0.257265966874808,0.400000019064776,0.250000000323497,0.399999988828282,-0.142128246172687,0.249999986240665,0,0.932175142454927,0,0,0,0,0,0,0,0,0,0,0,0,0,0,1.85428828446265,0,2.09931281697116,0,0,0,0,0,0,0,0,0,0,0,0,0,0,0.510632577981435,0,0.165963905443094,3.25144042901284,4.00332245488315,3.46849689910955,3.78626598478643,0.800487921167383,0.119169182124019,0.285646555523035,0.769939956985011,0,0.298989611722061,0,0.222626684294448,0.276093923001336,1.23695898543924,0,1.44895843036299,0.0505637611157199,0.776317054576634,0.62617803548366,0.289436973363938
366,-0.0549708952267417,0.0100000017696128,0.04268887835135,0.0673513679747632,0.00298982222911845,0.0402871727973555,-0.0977595275669444,-0.0961718832177942,0.0399999999336014,0.738066768240836,-3.72273437047358e-06,-3.78686384700502e-06,0.674754369915361,0.0074670198438736,0.00688788032614358,0.051997686718195,-0.0750000002077785,1.03519716005296e-10,0.00699951247014437,-0.0745175399052316,0.0749999999736778,0.0134883140142507,0.0749999999012486,0.0750000000309863,-8.2927565610308e-12,0.000998255672407089,0.00506593705563521,0.653261588734916,-0.0784659809166021,0.0321263715389232,-3.55605992547859e-05,-0.40000008562996,-0.399999957354197,0.250000004646026,0.399999944140984,0.399999989172596,0.171159919447369,0.399999959302268,-0.149930655549093,0.249999996595422,0,0.951144583794446,0,0,0,0,0,0,0,0,0,0,1.7673547999074,0,0,0,1.81896707527521,0,2.03738868172072,0,0,0,0,0,0,0,0,0,0,0,0,0.0140846031331415,0,0.802481047778994,0,0.194592177615506,3.11074939882262,3.84173253262442,3.31475269733094,3.6377292341161,0,0.0914831687287729,0.238159609989514,0.761652085525165,0,0.311460519607816,0,0.222412174935898,0.216654322804893,1.21652721949289,0,1.47103827616307,0,0.779790685003785,0.59210637290525,0.289955202728515
367,-0.0568908532434675,0.00999999996555822,0.0423645582935503,0.0659863135197591,0.00389123181637136,0.0408128846446983,-0.0958395695255945,-0.0942519041740291,0.0399999999918809,0.735149535578031,-7.7143637043208e-06,-4.89023105363792e-06,0.677931615951427,0.00607757197942524,0.00742810105675923,0.0519973699904,-0.0750000000305994,-5.63719204275863e-11,-0.0392005056675538,-0.0613851688897594,0.0193265542318893,0.0388349964453164,0.0749999999969613,0.074999999985332,-8.95643545062725e-12,-0.000721009620278277,-0.00538582993116659,0.22459797264943,-0.0605668912370559,0.0201042832506952,-0.000170447336355262,-0.400000012610649,-0.400000023230117,0.24999999919342,0.399999975818016,0.217573196717665,0.250000007881016,0.399999998747645,-0.203709531753776,0.249999996322504,0,0.923510814645342,0,0,0,0.833841820660695,0,0,0,0,0,0,2.03287253374508,0,0,0,0,0,1.86115535974784,0,0,0,0,1.92776252024262,0,1.75604511594821,1.5680547300132,0,0,0,0,0.358246208707046,0,0,0,0.0568881578659228,2.99286310095052,3.67587970411237,3.16960581078829,3.4991369942746,0,0.294855418795982,0.415272039132537,0.7633381945801,0.655768371654009,0.357104778431549,0,0.270875782244329,0.260135499257462,0.600632280114601,0,0,0,0,0,0.201967424838034
368,-0.0587064830178687,0.00999999959891034,0.0416833185519327,0.0643636640407441,0.00455527498156482,0.040895609653643,-0.0939196117860696,-0.0923319255152971,0.0400000000157386,0.733487796765858,-5.72014407947199e-06,-3.46024039448002e-06,0.679729209661807,0.00444799765218443,0.00784704090869083,0.0519972662982246,-0.0749999998916588,-1.00398705675659e-10,-0.0289745994637671,-0.0749999999297264,0.0412295166508335,-0.00317339018580488,0.0750000000846293,0.0750000000071189,4.67798092948617e-12,0.00486332257064831,0.0221924270975436,0.3146157560789,-0.0884045414404538,0.02336440907961,-0.000246181551631948,-0.399999955373329,-0.400000041365531,0.250000001405642,0.400000028961204,0.400000011591013,0.249999998539891,0.400000034877427,-0.208699681175281,0.250000001928231,0,0.954965274198149,0,0,0,0,0,0,0,0,0,0,2.11226325866012,0,0,0,1.6128931377002,0,1.95695271244206,0,0,0,0,0,0,0,1.34581365709675,0,0,0,0,0.234416389886432,0,0.554653276696214,0,0.0138223528403148,2.83834350089478,3.53446379141501,3.02472168812088,3.34808560418891,0,0.0196805056244418,0.25540801250162,0.655834162063226,0,0.33023966567138,0,0.217897354461572,0.157480479263614,1.03605317209878,0,0.658961709341763,0,0.68400285348275,0,0.232312098000795
369,-0.0600000001971614,0.00999999889648113,0.0407526622527153,0.0630473905439287,0.00451777642740962,0.0410996528876764,-0.0919996537147215,-0.0904119463808908,0.0399999999460005,0.73238178639779,-7.18406081956872e-06,-6.22442121606257e-06,0.680920761620257,0.0031504049886124,0.00817389464491635,0.0519972577893938,3.34094866082976e-11,-1.72876370083133e-11,-0.0500000000001416,-0.0474063737749687,-0.0403529913272976,0.02064081919718,0.0750000000923753,0.0749999999863964,2.18627411742669e-12,-0.00107612017834309,-0.000571962814250494,0.00443773454182061,-0.0458741624600445,0.00813477366093086,-0.000140236653711146,-0.399999986237299,-0.400000007127352,0.249999999941807,0.400000011275563,0.40000003279489,0.250000029470361,0.400000038069725,-0.179244777790308,0.250000000899769,0,0,0,0,0,0.758488260504014,0,0,0,0,0,0,2.18440270573464,0,0,0,1.42017466011616,0,1.94106685197593,0,0,0,0,1.89903223556419,0,1.6556971616745,1.4652101512019,0,0,0.354674819197919,0,0.26749316927518,0,0,0,0,2.65043385521758,3.33544457485303,2.83704284714414,3.14883558292648,0,0.0589107073643236,0.322010514249199,0.627903348520158,0,0.317431579330002,0,0.165001881563179,0.22896732895932,0.53425892841728,0,0,0.0468345183316227,0,0,0.224388249450426
370,-0.059999999827022,0.010864523222913,0.0400007270107603,0.0624914394243446,0.00499999696131166,0.041002252335666,-0.0900796954399431,-0.0884919673770349,0.0399999999924282,0.732230417894883,-4.57620673464793e-06,-2.29453730926128e-06,0.681083534236539,0.00257287831256632,0.00827877281015662,0.0519970311302647,1.53090034161302e-11,0.0749999999179937,0.00108485784669334,-0.0085131594948169,6.81470141678893e-11,-0.0238892637426948,0.0749999999421276,0.0749999999653029,-1.06901751997629e-11,-0.000905440086733335,-0.018160664055318,0.0101088912442157,-0.011522161922492,0.00235892255794972,0.000189452151105159,-0.399999993677206,-0.400000033789675,0.250000006429249,0.400000047168055,0.204969191148732,0.250000001335842,0.39999997614961,-0.206330744328051,0.249999995594841,0,0,0,0,0,0.647315597119138,0,0,0,0,0,0,2.03590350977225,0,0,0,0,0,1.87153540178012,0,0,0,0,1.88399977480402,0,1.71963116321081,1.51516012312337,0,0,0.318937459443785,0,0.211913224703968,0,0,0,0,2.52771076752509,3.19990851962314,2.70125976625254,3.0263595208957,0,0.250342486946245,0.431032684326337,0.743382657847618,0.640996022557402,0.360422045988747,0,0.208632094808959,0.233675641982698,0.554695136219834,0,0,0,0,0,0.163064987857226
371,-0.0599999999455311,0.0100795443285751,0.040000000036756,0.0622851187955366,0.00453592340027312,0.0404682151323124,-0.0881597375244706,-0.0865719883913371,0.0399999999416229,0.732385516138712,-2.53975310753551e-06,-4.52309665148385e-06,0.680916750903125,0.00240086822603481,0.00826715457407566,0.051997257110441,-2.87625149647933e-10,-0.0750000000931846,-8.32107686273664e-12,-0.0100948813652029,-0.0415506951018985,-0.0318877328703137,0.0749999997845838,0.0749999999608395,-3.12349640355684e-12,3.95173245157216e-05,0.000178683361205252,-0.0316425752950297,-0.00713859323871608,-0.00155724802693855,-7.73489829340304e-06,-0.40000011854707,-0.400000038398454,0.249999996578195,0.257742872545207,0.400000195711333,0.250000002625623,0.399999911222712,-0.152450047850571,0.24999999871284,0,0.797791770080956,0,0,0,0,0,0,0,0,0,0,2.12360523676646,0,0,0,0,0,1.89896501744589,0,0,0,0,1.82654666774872,0,1.60190712416255,1.44282642845046,0,0,0,0,0.203687627131266,0,0.46387174761306,0,0,2.37050910252294,3.06484198678434,2.56304647378633,2.87230461552094,0,0.0254928857588933,0.322705010875973,0.620064532482077,0.626280982178221,0.310527180631913,0,0.0899011868640622,0.228629563417227,0.532166326262126,0,0,0.0230968684208052,0,0,0.216451614809273
372,-0.0599999998214593,0.00999999317791964,0.0400000001716363,0.0630217677190803,0.00288330919317134,0.0399999992497423,-0.0862397815624902,-0.0846520111967554,0.0400000000198078,0.732400942518739,-2.08200412483226e-07,-3.89511220153365e-07,0.68090015774391,0.00239041783233244,0.00826450918250565,0.0519974231552883,-5.81741842122901e-10,-3.20368081803314e-10,3.2961017208207e-10,0.0749999996614899,-0.0749999996449904,-2.64131344202648e-10,0.0750000007377976,0.0749999993518639,-1.7458561187601e-10,0.000177534107265271,-6.26429938018619e-05,-8.49192486643114e-09,-6.47658923029977e-06,-1.00846756379522e-05,-7.58900740276439e-07,-0.400000188753236,-0.40000012478724,0.250000136389491,0.399999909340386,0.400000141582956,0.249999889590296,0.400000334957523,-0.185555791344088,0.249999929112833,0,0,0,0,0,0.57821126095059,0,0,0,0,0,0,1.97481594031336,0,0,0,0,0,1.77812226628179,0,0,0,0,1.89998545187761,0,1.70329257350252,1.44250522000307,0,0,0.3708077873394,0,0.242413036769484,0,0,0,0,2.26104329590787,2.94854622348699,2.43814684483095,2.7714426745639,0,0.214092021188335,0.429041090779947,0.721806419810442,0.658141103503613,0.360208569212276,0,0.170116707231486,0.251960122011992,0.559681162850636,0.0181379922003156,0,0,0,0,0.18312760493565
373,-0.0599999999803449,0.0100000016681461,0.0400000000479276,0.0626812614661681,0.00266452148965433,0.0400000000112041,-0.0843198216279776,-0.0827320307355214,0.039999999997272,0.732400943777989,4.92010206294747e-09,1.29700873310484e-08,0.680900156762086,0.00239046010012802,0.00826451778003434,0.0519974248590989,8.4712127527347e-11,-2.1670801596613e-11,4.75307354210166e-11,-0.074999999922644,0.0524839916398226,3.35560529030334e-11,0.0750000001421843,0.0749999999781722,-2.20816244835135e-11,6.55133124242046e-06,-4.07291135793456e-05,-6.91649144755804e-13,-2.02260350627587e-06,-3.01366602918092e-07,1.31880058160456e-08,-0.399999965101125,-0.400000008932541,0.250000019570632,0.400000031879999,0.25102538258344,0.250000013839452,0.40000005859704,-0.187476408063268,0.249999990901393,0,0,0,0,0,0.654181465639492,0,0,0,0,0,0,1.96433870136745,0,0,0,0,0,1.79226097879006,0,0,0,0,1.8734544169694,0,1.70137720586024,1.45061475945093,0,0,0.34864502639699,0,0.212143341174108,0,0,0,0,2.12216671206479,2.80055076683088,2.3011469813537,2.62157049754195,0,0.219512100164153,0.422415357807305,0.738205374184596,0.637282706843465,0.342145585470434,0,0.152832435182302,0.235408960922994,0.553361193451682,0,0,0,0,0,0.155138916461702
374,-0.0599999998892911,0.00999999908308295,0.0400000000642798,0.0618954226163792,0.00305621936162892,0.0400000000456955,-0.0823998636350186,-0.0808120517887108,0.0399999999377677,0.732118587157956,-9.83882912051085e-06,-7.62449222504547e-06,0.681203745732445,0.00209988484123085,0.00833277799495687,0.0519971175085723,-2.64914061530425e-10,-7.5118217058844e-12,-5.72244663121493e-12,-0.0154753724009013,-0.00436097443554352,4.75125741879556e-11,0.0749999996672917,0.0750000000085032,-3.93203106764633e-12,0.000995270315961182,0.0152580401105341,-0.0325958519502935,-0.020671880196688,0.00148493634993345,0.000639478780695222,-0.400000109190723,-0.400000003102315,0.249999997647658,0.336326125794568,0.39999998216134,0.250000019763533,0.399999862885617,-0.191665158672306,0.249999998378057,0,0.738265907804541,0,0,0,0,0,0,0,0,0,0,2.11317803447919,0,0,0,0,0,1.83397515940347,0,0,0,0,1.83809801934533,0,1.55889517027753,1.38885736622206,0,0,0,0,0.144646964555036,0,0.396437574847284,0,0,1.97851956490176,2.6456753461558,2.15657747660563,2.46761743445193,0,0.0548723188192755,0.323586084453067,0.622726126440321,0.62643289253374,0.315732416201417,0,0.103053018610882,0.224179191149539,0.528484543475881,0,0,0.0166271255403103,0,0,0.216325300421912
375,-0.0600000000189792,0.00999999947969375,0.039999999614471,0.0626443967977566,0.00165422978881222,0.0399999998960397,-0.080479906317978,-0.0788920736105952,0.0399999999771259,0.732151533531599,-7.2129588448388e-07,-7.25501662865216e-07,0.681168335217491,0.00202946225389699,0.00833705785862146,0.0519974243791383,-1.52021403485864e-10,-3.53419342694069e-11,-2.10782719916842e-10,0.0749999998698978,-0.0749999998496825,-5.42531843456097e-11,0.0749999999656874,0.0750000000132637,-7.38597754757417e-12,9.64806904357963e-05,0.000883075133964796,-8.78606898683973e-09,3.82507262019402e-05,-4.76552111004487e-06,6.8111895434099e-06,-0.400000062641553,-0.40000001456613,0.249999913151917,0.399999946380672,0.400000061951895,0.249999977660095,0.399999985857166,-0.19588178995178,0.249999996954959,0,0,0,0,0,0.455256229692005,0,0,0,0,0,0,1.92434659756121,0,0,0,0,0,1.7311148406752,0,0,0,0,1.89054938917682,0,1.69731815355032,1.41744026505455,0,0,0.366049995996438,0,0.20583437253718,0,0,0,0,1.85834638748791,2.51365098330553,2.02047871374631,2.35151865704715,0,0.225851080020551,0.429352342250757,0.716791277874616,0.65174898698149,0.35639955302488,0,0.142421839022415,0.252938189046586,0.54997322153587,0.00798550819555822,0,0,0,0,0.179985099387427
376,-0.0599999996682921,0.0100000013327264,0.0400000000131325,0.0622227548173546,0.00142911853588056,0.0399999999385269,-0.0785599473390412,-0.0769720940364023,0.0399999999955594,0.73215153405122,1.28519986837154e-08,1.40148176808729e-08,0.681168334754859,0.00202957142858341,0.00833705292537295,0.0519974248873232,2.5375350452621e-11,1.17612531334045e-11,2.47889944698649e-11,-0.0749999999583016,0.0518548231667812,3.91977152029534e-11,0.0750000000585796,0.0749999999801399,-2.14122972402436e-11,-5.88121319326304e-06,-0.000124471503680346,-1.12257792599073e-11,-6.33512276686132e-06,3.07172006274362e-07,5.37042106411246e-08,-0.399999989543809,-0.399999995155505,0.250000010205202,0.400000017184183,0.260557704777939,0.250000016153031,0.400000024141487,-0.209112666249875,0.249999991176253,0,0,0,0,0,0.635168214621905,0,0,0,0,0,0,1.92274393509488,0,0,0,0,0,1.72715953326529,0,0,0,0,1.85006077273659,0,1.65447676562809,1.40620927486416,0,0,0.347200263874801,0,0.146218908450767,0,0,0,0,1.72535682886218,2.37332855647958,1.89679991167755,2.20188547366422,0,0.192149317754556,0.403546940664448,0.700685075098443,0.614359439204214,0.318641374127314,0,0.102551848637105,0.253846719510401,0.561065926606061,0.00649224917364574,0,0,0,0,0.168940895979562
377,-0.0600000005614289,0.0100000003645545,0.0400000001574709,0.0612240667627388,0.00190132728603047,0.0400000000278543,-0.0766399892699938,-0.0750521149873536,0.0399999999691383,0.73178934859635,-7.84289082696714e-06,-6.16331076904471e-06,0.681557423955001,0.00154057385747412,0.00844678432669177,0.0519972102301327,-6.84452096283542e-11,-3.02472416221657e-11,-3.28892189356576e-12,-0.0501473704633907,0.00480574636425218,-6.35347283869986e-09,0.0749999998645579,0.0750000000018067,-4.21030561834248e-12,-0.000143039151358878,0.00661232618459717,-0.0231945495106181,-0.0436165649107508,0.00568453335039084,0.000314494101211128,-0.400000028234391,-0.400000012471894,0.249999998644636,0.399999964182481,0.399999959352334,0.250000015951428,0.399999944182537,-0.246180888907735,0.249999998262615,0,0.719939871455414,0,0,0,0,0,0,0,0,0,0,2.06626118853898,0,0,0,1.34466735247227,0,1.81274043884413,0,0,0,0,1.7746341924317,0,1.52111333567245,1.37060088441987,0,0,0,0,0.00429315816051409,0,0.358016406494621,0,0,1.57151107263806,2.20094054283831,1.74480745720042,2.02764415827595,0,0.0350231260856914,0.297676827395861,0.598378944437252,0,0.273874731825068,0,0.0496846048046769,0.223977536621897,0.529997200841653,0,0,0,0,0,0.20017527885168
378,-0.0600000000903152,0.0100000045848147,0.0399999999935958,0.061034036430546,0.000855395469419704,0.0399999999972105,-0.0747200311663692,-0.0731321361113128,0.0399999999901808,0.731936055179186,-2.98454929984048e-06,-2.84485210182747e-06,0.68139987125611,0.0011733495682732,0.00848084495648278,0.0519974223005136,2.67715534474584e-12,8.98477441556703e-13,5.43833112625071e-12,0.0226202274387464,-0.0749999999957788,8.37400931763172e-12,0.0750000000060342,0.0749999999963447,-5.86070441215063e-12,0.000105385447965034,-0.000518266276728113,-7.94571826425222e-08,-5.94771565242362e-05,-3.54283091427379e-06,9.69932006445252e-06,-0.399999998900483,-0.399999999627317,0.250000002253619,0.4000000009709,0.400000001739767,0.250000003449622,0.400000002486827,-0.27771229891286,0.24999999758441,0,0,0,0,0,0.466180527100242,0,0,0,0,0,0,1.86137933524603,0,0,0,0,0,1.6834974279217,0,0,0,0,1.82844461367184,0,1.65056307216738,1.36591992631002,0,0,0.323390613463688,0,0.0254582172232862,0,0,0,0,1.44635304621534,2.06202123413406,1.60236402797172,1.90601025237768,0,0.182153473700282,0.398344114769513,0.684392712405302,0.61375977049591,0.311105853973958,0,0.0899026339697301,0.249237600988063,0.545813261826215,0.0220457231928283,0,0,0,0,0.161999053228725
379,-0.0600000003312059,0.0100000001673515,0.03999999999737,0.0603718956874219,0.000614381007429537,0.0400000064075394,-0.0728000732054901,-0.0712542577934699,0.0399999999935449,0.731931498102327,1.26528749322764e-07,-5.37759447600564e-08,0.681404768562997,0.00079350647864978,0.0085301056473791,0.051997424343565,-1.1505438477103e-10,-2.15895583804423e-11,8.43422517548475e-12,-0.0362231602555088,0.0253959434473427,8.59594642218118e-09,0.0749999998215608,0.0749999999933905,-1.24899552801986e-11,-0.00364374985012217,-0.0200369965452886,0.179154681575668,-0.0449238072191158,0.0123013954880459,-0.000540356476211298,-0.400000047428486,-0.400000008902256,0.250000003473114,0.399999943994006,0.399999970288977,0.24999998928918,0.39999992646375,-0.315066478463172,0.249999994856954,0,0.641141936826666,0,0,0,0,0,0,0,0,0,0,1.87528739016891,0,0,0,0,0,1.67566942328186,0,0,0,0,1.73865859388593,0,1.53904078121112,1.38398178516491,0,0,0,0,0,0,0.288154440099191,0,0,1.30965378571245,1.88917570639685,1.45501561306403,1.74381387904527,0,0.135063507556675,0.372516962474412,0.696975584675658,0.585617971080664,0.289263966008312,0,0.0779093157643494,0.218045153749202,0.547262190192368,0,0,0,0,0,0.134791852920065
380,-0.0600000002481721,0.0100000004306358,0.0399999999452632,0.0597022512411114,-0.000482364023454294,0.0400000000637521,-0.0708801152276752,-0.0693563871302548,0.0399999999907864,0.731992060165354,-4.49166521521418e-06,-5.02382135482514e-06,0.681339713272984,0.000202294192406376,0.00861569619775108,0.0519974205699341,-2.78943946059872e-11,-6.38130164677818e-12,-1.07872823346101e-11,-0.0244649425874979,-0.0750000000667753,9.59045415575717e-12,0.0749999999315696,0.0750000000016237,-2.35979617553998e-12,0.000474282386101741,0.000956407045693769,-0.0973266188646972,-0.0171426848666975,-0.00235083111299745,-1.16879430020743e-05,-0.400000011496155,-0.400000002628155,0.249999995557208,0.399999985381272,0.399999972482732,0.250000000671926,0.399999971798804,-0.32668598470491,0.249999999026269,0,0.597365276193082,0,0,0,0,0,0,0,0,0,0,1.79948564772104,0,0,0,0,0,1.63917909899485,0,0,0,0,1.78216950251308,0,1.62186317898767,1.34280231321671,0,0,0,0,0,0,0.173419134449796,0,0,1.15233613378147,1.69670447428145,1.28173202418574,1.56730858387718,0,0.139631819593872,0.376727069664742,0.681282360923626,0.583254066135931,0.281297163989268,0,0.0665595593240949,0.22026618841584,0.528398782598903,0,0,0,0,0,0.124835964201524
381,-0.060000000489856,0.0100000015382297,0.039999999888691,0.0594415053447568,-0.00197386495905948,0.0400000000638029,-0.0689601572615871,-0.0675375752452411,0.0399999998828699,0.732434691418834,-2.65694115437751e-06,-4.59711092030134e-06,0.680863867955079,5.40163048261562e-05,0.00856451005951205,0.0519973582409032,4.08970069669058e-10,-4.17564808059999e-09,-2.14759293082547e-09,-0.00488806591500051,-0.074990390321097,2.29218677614341e-11,0.0749999997998319,0.0749999999981114,-5.02374751649131e-12,0.00487559952056542,0.00923262058974142,-0.0029914513910008,0.000239613658682939,-0.000386346593055828,-0.000226804827575305,-0.400000049219827,-0.400000000560409,0.249999986579758,0.203827099851382,0.399999974243645,0.249999996493448,0.39999991750675,-0.290780119914385,0.249999997928062,0,0,0,0,0,0.387442263779866,0,0,0,0,0,0,1.81371043343124,0,0,0,1.36302421820452,0,1.73896388358203,0,0,0,0,1.75168135637783,0,1.67693538196787,1.3523998673107,0,0,0.358859943868912,0,0,0,0,0,0,1.03681271171831,1.57045025786963,1.19410745446523,1.4131555151227,0,0.152221488077329,0.36265551631106,0.65770715153653,0,0.193639542368143,0,0,0.220732690457232,0.554457070202133,0.0283371577111102,0,0,0,0,0.0517165726471211
382,-0.0600000004347665,0.0100396762547761,0.0400000000293564,0.059405492597281,-0.00220704188085136,0.0399999999886427,-0.0670401992526161,-0.0656868869955667,0.0399999999762917,0.732697638061184,-5.02344464220489e-06,3.78081993182509e-06,0.680580897303341,4.61227414291636e-05,0.00856389594723244,0.0519973982199399,-1.18630856551272e-10,0.00277572704368022,-2.46114897364036e-10,3.30388295648495e-05,0.00325603457759245,1.56800098408896e-10,0.0749999999569078,0.0749999999992033,-7.32521810951275e-13,-4.31422441935549e-05,9.31994173412198e-05,0.00431459394935327,-7.42502421006747e-06,0.00294038082436127,1.83429529079795e-06,-0.400000011590089,-0.399999995540102,0.249999999240149,0.269707869614995,0.400000005785384,0.250000001770118,0.399999982240786,-0.316905776256867,0.249999999696786,0,0.654075233501901,0,0,0,0.524194161543109,0,0,0,0,0,0,1.9096426195324,0,0,0,0,0,1.6478338256473,0,0,0,0,1.80916282535792,0,1.54735404684258,1.25311435956903,0,0,0,0,0,0,0,0,0,0.886888184287625,1.4288773085068,1.02156780754427,1.29419768525014,0,0.0416901378428018,0.294856724802874,0.576255972422848,0.570446573672353,0.254155865559499,0,0,0.221881385676969,0.503003103525285,0,0,0,0,0,0.181180348566811
383,-0.0600000004766322,0.0100000009850869,0.0399999999964666,0.0594080673149768,-0.00220465661042172,0.039999999954463,-0.0651202412423802,-0.0638714523796106,0.0399999999905265,0.732675746436762,3.44380570397499e-07,1.54826471922358e-06,0.680604464601419,4.79717501727659e-05,0.00856242983321249,0.0519974650546931,1.84579393645602e-10,-2.06611976008599e-11,4.16607390604467e-11,3.52869244516396e-05,4.13226976654992e-05,1.03133798348059e-10,0.0749999999235327,0.074999999987209,-8.19141813496132e-12,9.66640234069e-06,-1.39715425106984e-05,0.000120580803845202,2.03101003525763e-05,1.20597415584882e-05,-2.70697454180438e-06,-0.400000022746249,-0.400000004366233,0.250000004309388,0.321232385143191,0.400000021286818,0.250000001013678,0.399999968486197,-0.315334017774523,0.249999996623156,0,0,0,0,0,0.369280577324489,0,0,0,0,0,0,1.83424682470926,0,0,0,0,0,0,0,0,0,0,1.77347220824389,0,1.47464374551087,0,0,0,0.276735717460883,0,0,0,0,0,0,0.784696650670621,1.33409446315209,0.899930566722474,1.21886054710025,0,0.149398680264793,0.389970581847938,0.653359550874325,0.642932357384949,0.324920276514157,0.745355684175878,0.113971695168157,0.305706498382957,0.576488404239105,0.042701067911265,0,0.00727464452940036,0,0.566061394558917,0.240656009239979
384,-0.0600000004609932,0.0100000035305944,0.0400000000152957,0.0611340402278725,-0.000635795506496409,0.0400000000233448,-0.0632002832563473,-0.0621850990442092,0.0404551583421815,0.73267088807988,-5.28734199705027e-08,-5.85195221281308e-08,0.680609694619827,5.82608566267873e-05,0.00856234144120191,0.0519974262584211,2.24151617949883e-12,-3.44919982938897e-12,2.06453911213351e-11,0.0749999999843952,0.0749999999979942,2.87613163175658e-11,0.0749999999772136,0.0749999999875588,0.0452893884272725,6.32060109135342e-05,0.00191434093595844,-9.11706824819786e-10,9.90422558399588e-05,-3.29788130621608e-06,9.64456147998336e-07,-0.399999999095711,-0.400000001418974,0.250000008506891,0.399999993568937,0.247878670218661,0.250000011839395,0.399999990609265,-0.342986809899367,0.221325056082678,0,0,0,0,0,0.496949121062357,0,0,0,0,0,0,1.82163440959363,0,0,0,0,0,1.64932354989191,0,0,0,0,1.85450020331308,0,1.68218968343458,1.3795958395842,0,0,0.294148010396794,0,0,0,0,0,0,0.708501620154826,1.25704914966097,0.845121507240541,1.12042926257525,0,0.146369144006492,0.400605023550749,0.673967924426048,0.616616993245503,0.309437909754102,0,0.0431379373175165,0.248959101953429,0.540341575559705,0.00550373735388081,0,0,0,0,0.157791669689295
385,-0.0600000002819693,0.0100000009559488,0.0399999999963425,0.0600820823353364,-5.89601184518333e-05,0.0399999999278324,-0.0612803252133649,-0.0603898941092112,0.0408966361127707,0.732670888097439,-1.38420357403229e-08,-1.38001092682964e-08,0.680609694615935,5.82703796582404e-05,0.00856234140484802,0.0519974248878349,-4.27320978739903e-11,-1.29786925771379e-11,8.58740747037508e-12,-0.0750000000528162,-0.0168571765030981,3.30383425253654e-12,0.0749999999366365,0.0749999999761408,-0.000910611338703041,-1.54237433947629e-06,-5.78124493860911e-05,-8.49346425950545e-12,-3.15624365755595e-06,8.57899404084782e-08,-7.85359122923594e-09,-0.400000017621634,-0.400000005350429,0.250000003543493,0.399999978233421,0.399999987275305,0.250000001374944,0.399999973886595,-0.324798743563202,0.249999999433762,0,0.651342543897878,0,0,0,0.590189406637569,0,0,0,0,0,0,1.87357417914518,0,0,0,0,0,0,0,0,0,0,1.77552535196774,0,1.53867262991401,0,0,0,0,0,0,0,0,0,0,0.571777003060201,1.12438678526978,0.685649470866686,1.0105143174633,0,0.132398042867559,0.395209553828225,0.656470588853949,0.651862279464533,0.331407244296965,0.756246152358569,0.0985255129191004,0.306559536795456,0.578025008008862,0.0584961400911902,0,0.0246240938882418,0,0.573416900975609,0.242757024908034
386,-0.0600000005207227,0.0100000041756884,0.040000000014232,0.0612819924341896,0.00147622730824082,0.040000000023584,-0.059360367185135,-0.0586425341952571,0.0413261316886766,0.732670888094705,8.50365200656035e-10,8.57997277751785e-10,0.680609694601712,5.82724390740409e-05,0.00856234134574985,0.0519974248746161,-1.13108805497685e-11,-7.39316748745293e-12,1.9258221976215e-11,0.0749999999684151,0.075000000003882,2.87964921277047e-11,0.0749999999627187,0.0749999999898684,0.0436374286549412,-3.40900586999002e-08,-4.27366448151582e-07,-6.93716357813591e-12,-1.33408403428456e-08,1.50683286938139e-09,-2.00560908134106e-10,-0.400000004683891,-0.400000003045016,0.250000007921109,0.399999986983197,0.247836871210045,0.250000011854824,0.39999998463573,-0.355049194140338,0.222347381409068,0,0,0,0,0,0.516900367292293,0,0,0,0,0,0,1.85402124133812,0,0,0,0,0,1.73988264616195,0,0,0,0,1.84774807650238,0,1.73360980343656,1.45275850921586,0,0,0.297326546522292,0,0,0,0,0,0,0.48967363647917,1.03960738165271,0.624325580728295,0.904955437403592,0,0.132522452422756,0.403706133856216,0.676394303767935,0.623752982809057,0.315300261464799,0,0.038330397353008,0.24769201009067,0.538899686892193,0.0111678665134572,0,0,0,0,0.159285797125413
387,-0.0600000007310097,0.00999999652673959,0.0400000001583431,0.0602536527858635,0.00208807209104341,0.0400000003425008,-0.0574404091141045,-0.0568354963995008,0.0417345702578635,0.732670888091201,-2.62696794634364e-11,-2.52611571876598e-11,0.680609694642912,5.82723236541264e-05,0.00856234173453632,0.0519974248742331,-6.75010897931261e-11,1.08295943765689e-10,1.97643012030261e-11,-0.0750000000995768,-0.0133735298057716,1.10138434860118e-11,0.0749999999380835,0.0749999999967676,-0.00256257168558727,4.74305214330178e-09,1.3141078447306e-07,-5.51359912991346e-12,6.17515152792215e-09,-1.17962117808021e-10,-1.06603592504874e-12,-0.400000027825854,-0.399999955382254,0.250000008147113,0.399999958962448,0.395059633273614,0.25000000455178,0.399999974482976,-0.346471214136636,0.249999998877266,0,0.686244559870979,0,0,0,0.613878776622126,0,0,0,0,0,0,1.9012736248776,0,0,0,0,0,0,0,0,0,0,1.76488723107453,0,1.58007146785593,1.32071108741224,0,0,0,0,0,0,0,0,0,0.35700778671409,0.889264632433255,0.445109539479013,0.801162879668338,0,0.13244253279812,0.413425149741781,0.673473189845184,0.697491173212844,0.374214936900883,0.794641854512803,0.133054547667423,0.304142501151128,0.56311492984004,0.0633912341420365,0,0.064003626948006,0,0,0.264931994503787
388,-0.0600000004925579,0.00999999965979177,0.0401995484953971,0.06145356317079,0.00355282453576963,0.0399999999860345,-0.0555204509421099,-0.0550423017235516,0.0418835027725168,0.732670888167459,-7.74894972080101e-12,-1.15417363190537e-11,0.68060969456546,5.82721802641247e-05,0.00856234114943392,0.0519974248747065,-1.20999511435779e-10,-4.95408248273324e-11,0.0198555639452951,0.0749999998308827,0.0749999999621814,-1.22327594730375e-12,0.0749999997917262,0.0750000000083513,0.0173562287322906,-1.93952346275169e-10,-6.36913650524007e-09,-2.18935738029878e-11,-1.55834050297156e-09,-3.27834918954368e-10,-1.34807253372092e-12,-0.400000049898008,-0.296015050750511,0.249999996994674,0.399999930303387,0.39344854383882,0.193092545764389,0.399999914166232,-0.343826295299638,0.249999992525075,0,0.816352208857001,0,0,0,0.72320903045994,0,0,0,0,0,0,0,0,0,0,1.61980069673995,0,2.01020612724885,0,0,0,0,0,0,0,0,0,0,0,0,0,0,0,0,0.0614168612669953,0.262827013939157,0.805164820707664,0.36928798332952,0.698703851317298,0.789364376728349,0,0.298670693280918,0.693636048583771,0,0.306284037766981,0,0,0.254765607120094,1.10046835979353,0.00522185124241946,1.35118436099423,0,0.731255531168228,0.585880119399072,0.262378869584558
389,-0.0600000003635766,0.00999999943096619,0.0404954743470618,0.0605761774601916,0.00500000016133352,0.040540689958867,-0.0536004929810434,-0.0533791565363967,0.0417663173414583,0.732670888114944,5.50660421941244e-12,3.27176645425109e-12,0.680609694591308,5.82723676439369e-05,0.00856234110450012,0.0519974248743243,2.555089492735e-10,-2.45032202265352e-10,0.00978737445799376,-0.0749999998316564,-7.65791981992512e-11,0.049999999995733,0.0750000001214368,0.0749999999763446,-0.0288437713832078,1.61220316479249e-12,1.04819421005316e-10,-2.76992078707124e-11,1.28467477620746e-09,-1.52797303274819e-10,4.87307971484692e-13,-0.399999894716737,-0.400000100956253,0.25000000234853,0.400000069377793,0.399999968437598,0.182275699417652,0.400000050046565,-0.393356372720431,0.2500000024798,0,0.939909859153453,0,0,0,0,0,0,0,1.9143968093747,0,0,1.91941076664268,0,0,0,1.48380744587508,0,1.95279353696478,0,0,0,0,0,0,0,1.31755098294345,0,0,0,0,0,0,0.535893127415463,0,0,0.181724020696034,0,0.262124387390478,0.615540029188338,0,0,0.284812541279945,0.61286975643857,0,0.326364332864924,0,0.00943960673992387,0.173606747717547,0.992323404763937,0,0.612951902680326,0,0.655198120783522,0,0.215158390772819
390,-0.0600000001643631,0.00999999947260747,0.040438510849309,0.0599245036159492,0.00430707962884984,0.0408182416162856,-0.0516805349511679,-0.0545791115330341,0.0408369695894621,0.733338792007182,6.90440706582109e-07,-1.10776867919796e-05,0.679890001748502,7.05511512228477e-05,0.00844674732754914,0.0519965087800573,2.15538035175677e-11,-1.71058159465127e-11,-0.0168041609963994,-0.0119543872771268,-0.0629449288201738,-0.0151052805285096,0.0750000000253532,-0.075000000012,-0.0500000000295426,0.0126834297849217,-0.0362288085112009,-0.0586952443785338,-0.00861938629920559,-0.00420114649279426,-0.00023115316306097,-0.399999991116805,-0.0880415733760494,0.250000000246995,-0.21354686971853,0.399999989816216,0.249999999657646,0.400000010448535,0.399999995054353,0.249999987827334,0,0,0,0,0,0,0,0,0,1.04724401754807,0,0,0,0,0,0,0,0,1.77484671225225,0,0,1.76902448823614,0,1.44494694051452,0,2.46885917871518,1.36382271082242,0,0,0.0289480292818538,0,0,0,0.801904584151254,0,0.00990472803209918,0,0,0,0,0.427913698429919,0.0824307618506284,0.0931934153546581,0.821461140511483,0.356233388118616,0.18916878262091,0,0,0.195070271197773,0,0.126224448395019,0,0,0,0,0.291045748839159
391,-0.0600000001241943,0.0102450296030408,0.0406674503684606,0.0598696615902209,0.00378134410097846,0.0400962514478471,-0.0499491576788155,-0.0533791564058977,0.0403773701503116,0.73338283192745,-1.92982143462233e-06,-1.93630688285108e-06,0.679842496794667,5.22399479667796e-05,0.00843783584737528,0.0519972239392732,-3.08394806562923e-10,0.0247802370385735,0.0384774087767087,0.00138152578211429,0.00704595155415966,-0.0499999999921854,0.0749999996724581,0.074999999997209,0.00377119536878118,0.000236268029566255,-0.00593149344783162,3.81163352203011e-05,-0.000379399324017128,-6.08201043417818e-06,-0.000210483873842869,-0.400000127052099,-0.209044989035053,0.249999994748931,-0.155816155399527,0.400000046798727,0.250000003220279,0.399999865063633,0.399999998857622,0.249999997060239,0,0,0,0,0,1.1525064811808,0,0,0,1.12349562344244,0,0,1.07748027875359,0,0,1.19784248683581,0,0,1.83823386869669,0,0,1.7499717079784,0,1.67051461420605,0,2.43126778512018,0,0,0,0.0866331906379406,0,0.0155693295949463,0,0,0,0,0,0,0,0,0,0.199843925104375,0.214088474309219,0,0.297402609104779,0.194864216432193,0,0,0.281049139634275,0,0.273749525913958,0,0,0,0.514949561125221,0.261825451768243
392,-0.0599999996806003,0.0117525452292225,0.0409138834148511,0.0598216737607301,0.00500000021396695,0.0400000000464647,-0.0482034981820227,-0.0514591774998387,0.0400093523962448,0.733140847227342,-2.20039041781799e-06,7.35002159527886e-07,0.680103447837062,-7.00644567711364e-05,0.00863451624477177,0.0519973029406547,1.23959450167036e-08,0.0750000000623426,-0.0113723934881762,-0.00500018736904573,4.10121795715931e-09,-7.91305152979707e-10,0.0750000002465438,0.0750000000166468,-0.0403523522600557,0.00135454560480047,-0.00448551006139525,-0.125542117703305,-0.00507023577162778,0.00650945741379076,-0.000186956162086547,-0.39999986441656,-0.388480360159523,0.250000007380788,-0.399999877722565,0.399999981635941,0.249999995720401,0.400000101634461,0.400000006864344,0.250000001907242,0,0,0,0,0,0,0,0,0,1.12953942620408,0,0,0,0,0,0,0.695937350317965,0,1.91080284275991,0,0,0,0,0,0,2.27818470208925,0,0,0,0.0808872132333012,0,0,0,0.643733850443878,0,0,0,0,0,0,0.523607042250651,0.310432068293869,0.299470456619235,0.534568653925286,0,0.195023068934759,0,0,0.391527667276464,0.833679949772162,0.412749610838298,0.812458006210325,0,0,0.54269831619374,0.287081083967904
393,-0.0600000002188073,0.0117736629453014,0.0412413450795144,0.0598208554679888,0.00500000008339498,0.0400000000008931,-0.0463239568455604,-0.0495391985204069,0.0400000001995854,0.733195730117376,6.54318094532091e-06,5.86898969948308e-06,0.680044280420967,-7.23992189918392e-05,0.00864541456988867,0.0519978716676424,-6.2882706138642e-09,-0.0596878747259718,0.0388585583599122,0.00315842330403752,2.51815713476596e-09,1.25091655990443e-09,0.0749999999902498,0.0749999999831416,-3.04353074493604e-12,-0.00583992264026775,-0.00350334334005722,0.0380833086736226,0.00381546293342714,-0.00186017389481196,-0.000133016082699419,-0.400000001301029,-0.227368475028878,0.250000004479678,-0.23199222892445,0.399999986071911,0.249999998164696,0.399999995981826,0.399999993051967,0.249999998753977,0,0.192906305883228,0,0,0,1.25570779293306,0,0,0,1.24360119911238,0,0,1.22284989120639,0,0,1.27499210919421,0,0,1.86893669972288,0,0,1.93778780451431,0,1.8465970048887,0,2.49268368094378,1.22817850840838,0,0,0,0,0,0,0,0,0,0,0,0,0,0,0.164717224621362,0.172442269144226,0,0.328798370611673,0.215402791207184,0,0,0.174700497620815,0,0.152124624166496,0,0,0,0,0.21766118684327
394,-0.0599999998905869,0.0125732891510078,0.0411637125868448,0.0597525557021311,0.00500000010277213,0.0400000001324736,-0.044681958196909,-0.0478658114284047,0.0400000004025562,0.734219971424974,-6.43110252797173e-06,-1.47808318905071e-06,0.678938349159102,-0.000121335328934041,0.00880990542163313,0.0519968791802164,-3.0418022095016e-08,0.0750000002477512,-0.0187331977810133,-0.0091070619091937,4.37178485797768e-09,1.48196505573088e-08,0.0749999999831075,0.0636279223072965,-2.73478810624618e-09,0.0342563957308135,0.00254262293280432,-0.767839331788917,-0.00563947413371114,0.039592658974523,0.000324027343754165,-0.400000023508019,-0.399999897937339,0.250000018153614,-0.400000006127388,0.399999993699243,0.250000001669454,0.399999993038296,0.399999994669405,0.250000001356558,0,0.196995732412868,0,0,0,0,0,0,0,1.18037404517188,0,0,0,0,0,0,0.778521608759751,0,1.94491623381115,0,0,0,0,0,0,2.28284782996659,1.22241596647395,0,0,0,0,0.0340167768456895,0,0.653822113363984,0,0,0,0,0,0,0.599989209471994,0.451144814305902,0.400660292251127,0.650473731526768,0,0.258397716115305,0,0,0.418870631054954,0.900060395451186,0.455421480569889,0.863509545936248,0,0,0,0.276608575825463
395,-0.0600000002017839,0.0125054330827678,0.0414506511898749,0.0598150651091967,0.00500000004110839,0.03999999990379,-0.0429358689298185,-0.0463749354699468,0.0400000002309103,0.73987826583513,-6.04690317111645e-07,3.23959901184193e-06,0.672767977713816,8.17717222568582e-06,0.00979842282240814,0.051997492155946,-1.04751387862122e-08,-0.0749999993375816,0.0330383142489546,0.00942630823719042,1.07542019996627e-09,7.45126483079545e-11,0.0749999999572524,0.0750000000182844,-1.25291536408856e-10,0.00280858017775939,-0.00149827251223297,-0.874078257448861,0.0145709407205742,0.0556979558135043,6.34867305368738e-06,-0.400000056848036,-0.399999727075679,0.250000004765784,-0.341051762497686,0.399999929303427,0.24999999934306,0.399999982382807,0.400000007535735,0.250000001467706,0,0.249084756187859,0,0,0,1.29344272465536,0,0,0,1.2263828504639,0,0,1.41461431314226,0,0,1.32337526146694,0.747054956903675,0,1.92224524832331,0,0,1.77077638253087,0,1.89475902329392,0,2.40238986847063,1.19445626486638,0,0,0,0,0.0809428025921941,0,0,0,0,0,0,0,0,0,0.265396485489644,0.249643692624936,0,0,0.241152523707507,0,0,0.254088028264976,0,0.256553116850175,0,0,0,0,0.245597167315863
396,-0.0600000000085762,0.013440600901139,0.0416137089726778,0.0597971320450975,0.00500000066686593,0.039999999988205,-0.0413178531650523,-0.0447298834849827,0.039999999992621,0.745742995132003,-3.13615330679546e-06,3.0888486334226e-06,0.666261487040789,9.71626154868002e-05,0.0109654130517314,0.0519973077936925,6.86854569865365e-09,0.0750000000589113,-0.00290599396706696,-0.00703565217666007,9.76317045958913e-10,4.37161592030872e-10,0.0749999999757534,0.0750000000750715,-1.05879409295807e-09,0.0152759842672337,-0.0142705423902333,-0.8726932107671,-0.000367529410717307,0.0616041600105043,-0.000335827132408085,-0.400000043056805,-0.39999997572036,0.249999995875182,0.209577101798547,0.400000016053688,0.150000001432175,0.399999990007396,-0.201105726196543,0.249999992951482,0,0.227317361329762,0,0,0,1.13114590813647,0,0,0,0.88017585981589,0,0,0,0,0,0,1.10045557560317,0,1.66210563889184,0,0,0,0,0,0,0,0,0,0,0,0,0,0,0,0,0,0,0,0,0,0.643348971680084,0.27898227341166,0.229104818714596,0.693226426377148,0,0.272174729036846,0,0,0.24877724475426,1.53041520156511,0.220016091067912,1.57701532651181,0,1.53067564711109,0.598691802518617,0.291847552600767
397,-0.0600000001672699,0.0130213982608507,0.041857390664553,0.059938686457776,0.00499999908784788,0.0401681247493799,-0.0395686208545183,-0.0431671321095931,0.0399999999912991,0.750651796818629,-2.30523575039133e-06,3.45920222468588e-06,0.660726220838128,0.000378734192493447,0.0122022290214307,0.0519977017911396,-1.05661883007535e-08,-0.0750000000005448,0.0249871932321017,0.0165994129574502,-3.49428137956489e-10,0.0122751043037046,0.0750000000029541,0.0749999999820494,-2.3754962463699e-10,0.00298253121504029,-0.00123384338833241,-0.690996891469785,0.0247844511927963,0.0653626230245293,-7.27806740531283e-07,-0.399999992320872,-0.137056743044764,0.250000002171778,-0.295722882694456,-0.130693950527191,0.149999999716999,0.40000000121738,0.0456041674353415,0.150000000029314,0,0,0,0,0,0.977548703142833,0,0,0,1.04709197960128,0,0,1.6578744956721,0,0,1.69847027381496,0,0,0,0,0,0,0,0,0,0,0,0,0,0.255178578064893,0,0.274670406718825,0,0,0,0,0,0,0,0,0,0.331918962509135,0.368345887984322,0,0.48488522861097,0.363395295934545,1.25829729199366,0,0.240618809258198,0.839206169777859,0.273927478737765,0.805897500298294,0,1.44133597213173,1.07591320417279,0.235668346556546
398,-0.0599999999171779,0.0114981883073067,0.041882750925735,0.0615902516373701,0.00500000292642428,0.0409054194389526,-0.0377204266751015,-0.0413851132616581,0.040449073367173,0.754820228002094,-2.3616258628066e-06,6.36003468855425e-06,0.655960275742639,0.00102203266242901,0.0137415071871241,0.0519974473217051,-6.62587832993129e-11,-0.0750000000574874,-0.0217286873873926,0.0749999999140271,-1.68741669158414e-11,0.0500000000032614,0.0749999998946641,0.0750000000015275,0.041911100753348,0.00965636693970584,-0.000218451896072775,-0.596797105951124,0.0333727157745505,0.0824067274550072,9.26711837764616e-05,-0.400000027310167,-0.308470995198918,0.250000016416383,0.399999964569058,0.399999993045853,0.150000001344215,0.399999956588853,-0.399999999370556,0.250000000109081,0,0.713562802304609,0,0,0,0,0,0,0,0.540944620838691,0,0,0,0,0,0,1.52225950695371,0,1.71719466485605,0,0,0,0,0,0,0,0,0,0,0,0,0.156482947823662,0,0.449590564004274,0,0,0,0,0,0,0.870372295140821,0.432371193097067,0.412908087580908,0.889835400656983,0,0.293199379629193,0,0,0.373134134723482,1.59600942252579,0.306508534949036,1.71604033676334,0,1.40564253856767,0.558176062213078,0.253425618090009
399,-0.0600000000604979,0.0100000000886952,0.0419888671868964,0.0606974895376295,0.00499999853299945,0.0419134111226936,-0.0358036196513441,-0.0402650660582267,0.0408089344672165,0.757001482540975,-3.80497410983983e-06,7.14634045441375e-06,0.653441872399589,0.00145260027078025,0.0148897598662554,0.0519974256753212,4.76419320721847e-11,3.43297661915955e-12,0.0320713126587931,-0.074999999982477,-1.20392772331543e-10,0.0500000000011557,0.0749999999792128,0.039637422996529,-0.00499506664786048,-3.2560973620428e-05,-0.000124775240955977,-0.119144991857603,0.00985950056816988,0.0307327653587876,2.1595867000813e-06,-0.312605527714631,0.073079703554365,0.149999999595123,0.1649043608692,-0.269412969359263,0.150000000476329,0.131909730569005,0.399999994917356,0.149999999530428,0,0,0,0,0,0,0,0,0,0.850897805971142,0,0,0,0,0,0,0,0,0,0,0,0,0,0,0,0,0,0,0,0.393186157225687,0,0.0810552566292509,0,0.305402244754375,0,0,0,0,0,0,1.43522382311231,0.316348339522144,0.366990014360156,1.37325055085981,0.994890788895732,0.354659492070925,1.35414812531289,0,0.386538601323479,1.62386589534542,0.285754005282538,1.78470162987792,0,1.70362543709938,1.2455057189002,0.374208318128733
400,-0.0600000001277202,0.0100000007247379,0.0428628766890066,0.0618615196401295,0.00500000034752273,0.0427024377438566,-0.0340277474478331,-0.0389620713639487,0.0411151330807467,0.75901969380955,-2.28879885607902e-06,6.04908130212528e-06,0.651096523642958,0.00188836669858663,0.0162056754544025,0.05199751317137,4.78756494271191e-11,5.43483603495673e-11,0.0499999999994447,0.0750000000589174,6.29166838451537e-11,0.0477709239261523,0.0750000000500856,0.075000000010415,0.0309397877224636,0.0094082858529615,0.000162316239375089,-0.418652604319486,0.0397291157357551,0.0887302549338977,5.61782987185115e-06,-0.399999980276095,-0.382932112764514,0.247428164182887,-0.0226014849626438,0.400000025919372,0.209452898886713,0.400000020641197,-0.0286725019053604,0.250000002630477,0,0,0,0,0,1.34387883202636,0,0,0,0.723923923549285,0,0,1.61466027615338,0,0,1.48330485115461,0.93337367493747,0,1.72692181445196,0,0,0,0,2.01141363801728,0,2.1236751959124,0,0,0,0.326838639146441,0,0.314151016934673,0,0,0,0,0,0,0,0,0,0.32825520088102,0.342095233962672,0,0,0.25841533703855,0,0,0.424669647007283,0.867137832070025,0.405182647812912,0,0,0,0.610773000431879,0.340990112382062
401,-0.0599999999721918,0.0115924042015739,0.0433985666561816,0.0610917492894077,0.00500000010473696,0.0431560035095713,-0.0323702346429057,-0.0371435828497094,0.041193128104312,0.762528931257707,-2.1205333566936e-06,-5.74337395751388e-06,0.646983292165908,0.00240873370777015,0.0179194923210247,0.0519977678269582,-3.4961552796789e-10,0.0750000001046597,0.00380000556920698,-0.0618291213754744,8.68188430957653e-11,-0.00588214581964982,0.0749999998467869,0.0750000000698682,-0.0185146422752369,0.0067919387895603,-0.0221241810335059,-0.867866481037485,-0.00818944829207054,0.0829969841118346,-0.00114620658612071,-0.400000142333622,-0.39999995653101,0.249999997661654,-0.400000124377441,0.400000035552553,0.249999990614921,0.399999938106304,-0.245135455589536,0.249999981234261,0,0,0,0,0,0,0,0,0,0.689474830638403,0,0,1.88664098434215,0,0,0,0,0,1.83285291810868,0,0,1.60291365304054,0,2.13849406082111,0,2.08470766191158,0,0,0,0.2952227705305,0,0.317944774079799,0,0.718016611161445,0,0,0,0,0,0,0,0.283995254103892,0.284169019559587,0.643197151340864,0.506096656396664,0.357091996303222,0,0.101833998126161,0.302895358499662,0,0.193476405526394,0,0,0,0.559866107405455,0.375818028167958
402,-0.0600000000183699,0.010946702465542,0.0430408751903781,0.0620493497894608,0.00367148557083505,0.0425990098950564,-0.0307184289216422,-0.0354785527210957,0.0408121467068765,0.765798837450365,2.18983839071669e-06,1.06478075776683e-06,0.643109717482739,0.00251603796378224,0.0195965740060017,0.0519966881833087,5.2869762122198e-12,-0.0750000000059827,-0.0363077155777659,0.0749999999887953,-0.0749999999426374,-0.0500000000001619,0.0750000000048998,0.0750000000002979,-0.00986024418850643,-0.0274918712615625,0.000735855901992617,0.0999633034150748,0.0502371831284797,0.0905662609855587,-4.60349245942229e-05,-0.39999999783141,-0.18432114395166,0.25000000020948,-0.400000004617715,0.400000023633373,0.149999999933275,0.400000002019333,-0.399999999877254,0.249999999714936,0,0.538641260231837,0,0,0,0,0,0,0,0.634920100695496,0,0,0,0,0,0,1.37278605064763,0,1.60995551820726,0,0,0,0,0,0,0,0,0,0,0,0,0.119221134774198,0,0.792251859622084,0,0,0,0,0,0,0.755517142165828,0.275594162281854,0.244370445977367,0.786740858470312,0,0.261926753719667,0,0,0.335847670924584,1.60283015719975,0.159814421158754,1.79012257557929,0,1.56353615610069,0.598074542316623,0.353403030677324
403,-0.06000000015569,0.0099999996789758,0.042855411753714,0.0612936288972193,0.00483942496742336,0.0421734433023278,-0.0290023657895114,-0.0336629388999617,0.0403783456359223,0.766495184189774,3.93180540343545e-06,1.33655455305055e-05,0.642279627618434,0.00327367620349279,0.0215320790887413,0.0519971690577535,-1.92201853669083e-10,-2.41791946460008e-13,0.0174924107516319,-0.0256902098002454,0.0749999999947358,0.0131695922545525,0.0749999997991158,0.0750000000213124,-0.0370792508902693,0.0100270547483144,-0.0511879083594921,-0.380120879902337,-0.0142893844097253,0.101039341543901,0.000517113591812545,-0.400000079218623,-0.400000000093654,0.250000012027113,-0.400000079231899,0.399999997833808,0.250000011493084,0.399999917211499,-0.39999999121627,0.250000002005171,0,0,0,0,0,1.3725545398692,0,0,0,0.46708433353416,0,0,1.99248031052624,0,0,0,1.01317258867678,0,1.70383418325973,0,0,0,0,2.27310093804966,0,1.98445391915383,0,0,0,0.405214541377487,0,0.402906017643748,0,0,0,0,0,0,0,0,0,0.346503296321921,0.342213911131657,0.715869382286994,0,0.266254355394903,0,0,0.398705457496813,0.820515211965211,0.219011063708637,0,0,0,0.506638409835912,0.322746911771056
404,-0.0600000003935359,0.0111457746661583,0.0428348591226051,0.0608595357428775,0.00500000046295688,0.0420300543037782,-0.0278524161001374,-0.0320537351304799,0.0399999999886376,0.768744100055155,-2.18743681876905e-05,-1.83674286430395e-05,0.639586263998732,0.00322458060349695,0.0232040797928874,0.0519949698924372,7.22169395507172e-09,0.0750000000672109,-0.00343251285710346,-0.0156030607662212,1.18412048603712e-08,-0.0178834849164626,0.0337754333753152,0.0750000000058361,2.38455400842866e-09,0.0156295973990085,-0.00658721298837589,-0.379748406029953,0.00469560994590166,0.0751493878244014,-0.0014618666970072,-0.400000012692668,-0.399999972308105,0.250000000496723,-0.400000006127302,0.400000000719735,0.249999999646652,0.399999992238636,-0.399999997594346,0.24999999942203,0,0,0,0,0,1.28527155728376,0,0,0,0.425255901791475,0,0,2.02986499135543,0,0,0,0,0,1.5804565402312,0,0,0,0,2.4207574923914,0,1.97134830358716,0,0,0,0.439854506024103,0,0.475675137312313,0,0,0,0,0,0,0,0,0,0.407021081102825,0.404234297596137,0.785951700566045,0.48955717138938,0.34727464090942,0,0.139162883575444,0.405926360710553,0.790751675911322,0.283254021879822,0,0,0,0.494356858166579,0.348966992591908
405,-0.0600000000850351,0.0114935790407987,0.0427236296699782,0.0608214551781499,0.00499999749646362,0.0417234271732864,-0.0263719758097634,-0.0315980818246669,0.0400000000182301,0.768881305386985,8.48157409178374e-06,4.43629666962812e-06,0.63942132332632,0.00331517639413038,0.0239167234075639,0.0519964880457958,6.25470149304131e-09,-0.0277475525500464,-0.00795262325623446,0.00526390361609139,3.06315424356617e-09,-0.00137861393510854,0.0749999999956765,-0.0187825495654181,5.53400420663359e-11,0.00012995139265337,0.00434540934758352,0.0681275982960688,0.00365014359244339,-0.00233573830534572,3.1394976595805e-05,-0.400000011024037,0.216460760306222,0.149999998845983,-0.400000020537815,0.300327168471962,0.150000001171927,0.0529811854095921,0.399999993147756,0.149999999624413,0,0,0,0,0,1.09550165406885,0,0,0,0.591259142771344,0,0,0,0,0,0,0,0,0,0,0,0,0,0,0,0,0,0,0,0.253688441901561,0,0.164574551931775,0,0,0,0,0,0,0,0,1.77842257088964,0.406498260725851,0.44812044325986,1.69466038124961,0.937096562143772,0.34520191266903,1.23414825985346,0,0.441482502077119,1.00106487711982,0.16027717387427,2.04450569183424,0,1.50022800207336,0.567888868880053,0.338564413444033
406,-0.060000000130283,0.010000419351065,0.0429895869772256,0.0610527222114936,0.00499999748664867,0.041767915794016,-0.0245814099068106,-0.0320063940068512,0.0403831277319809,0.767866848471621,1.18590301586908e-06,5.32430192848991e-06,0.640639217214594,0.00350835459571646,0.0238584045950687,0.0519981599415155,1.18597073821806e-07,-0.00419311515370136,0.0246429607567612,0.0126747842233621,-3.79211310882651e-09,0.00275445344874149,0.0749999999902982,-0.0197344912848433,0.0326113061794588,0.00393776540122599,0.00845080497184551,0.135144865997521,0.00990819241130513,-0.000890731761040016,0.000224636151029992,-0.400000022479111,0.27144387484705,0.1499999988424,-0.400000030389293,0.284027226587986,0.15000000118503,0.030277818889641,0.399999993090604,0.149999999287619,0,0,0,0,0,1.07357034193673,0,0,0,0.562567943449278,0,0,0,0,0,0,0,0,0,0,0,0,0,0,0,0,0,0,0,0.314387537652445,0,0.197946492828808,0,0,0,0,0,0,0,0,1.84417041438146,0.426277569669794,0.47919411044811,1.73909251543304,0.976787799949192,0.365834340978566,1.28080213092178,0,0.468922198917992,1.01916430010568,0.152355776304131,2.09225169692434,0,1.5288803338805,0.577514172867431,0.355562723743493
407,-0.0599999999504792,0.0100000003892288,0.0431836498404182,0.0610497622025076,0.00500000416290077,0.0417902479687444,-0.0227689047550879,-0.0322942839196678,0.0412728787677295,0.767886189784781,-4.28265003468828e-06,4.27763814138435e-06,0.64061603469186,0.00351375635784284,0.0238993045716064,0.0519981098655183,5.67231905216568e-09,1.14867204720878e-08,0.000249461639495292,0.000457493420704204,8.76550834583704e-09,-0.000352827912161321,0.0749999999429769,-0.0166082543481383,0.0500000000007743,0.000146893663121059,0.00630257016685267,0.00136167345749858,0.000361653651353418,0.000136095333925781,-0.000142357143572411,-0.400000056803437,-0.399999934847175,0.250000036294917,-0.400000033028501,0.399999985995571,0.249999989817075,0.399999976499498,0.0577636872180805,0.222844472179215,0,0,0,0,0,1.27442733954637,0,0,0,0.775365163587143,0,0,2.12637037115433,0,0,0,0,0,1.63749519661236,0,0,0,0,2.54793441971764,0,2.05905758398607,0,0,0,0.489477824310925,0,0.527341439115498,0,0,0,0,0,0,0,0,0,0.479649346268648,0.482430435579365,0.865443798577417,0.500896692290378,0.367682321426669,0,0.121730038570917,0.428452862825096,0.780201053338302,0.160077485842178,0,0,0,0.415653445305082,0.313705250418573
408,-0.0600000001339601,0.0101454514763728,0.0431431392451677,0.0610254344951444,0.00500000012067195,0.041721729649512,-0.0218661930945864,-0.0322539393067719,0.0414873174485877,0.767894188273898,-3.56268629034298e-06,1.14916832745485e-06,0.640606447029914,0.00352577211470464,0.0240983635090864,0.051996634931787,-5.42380454739028e-10,0.0130069642185893,-0.0037639549278828,-0.00245256958021024,2.06260843809035e-11,-0.00634497537787794,0.0115040232502682,0.0160558876324585,-0.0057054317923851,0.000492481660047356,-0.000352383228315245,0.0017289890245177,0.0008182142393204,0.0179997454352539,-4.40243304987622e-05,-0.400000008068703,-0.399999987074814,0.250000006133823,-0.400000005766562,0.400000007502471,0.24999999924724,0.400000000173487,-0.0693089162642871,0.250000000669406,0,0,0,0,0,1.25690488935761,0,0,0,0.578739096498746,0,0,2.19690336838476,0,0,0,0,0,1.64445840085296,0,0,0,0,2.53328603424301,0,1.98084105514591,0,0,0,0.476194753506316,0,0.51818497252039,0,0,0,0,0,0,0,0,0,0.469695142410267,0.480038003518101,0.861691738584549,0.544473967112112,0.396932167200948,0,0.228120297287878,0.455229763714389,0.791449445817873,0.205027582387666,0,0,0,0.474232320480291,0.372123281262381
409,-0.0600000001792777,0.0102120285211246,0.0431134952887819,0.0610065661324592,0.0050000016815349,0.041660015105685,-0.0206801939107509,-0.0323526994491211,0.0411790701232368,0.767802032691725,2.46896353254506e-07,8.8155560599126e-07,0.640716897831863,0.00352715443045268,0.0242222548970488,0.0519968313136371,-1.43623347421109e-09,-0.000210852319730051,-0.000177931822224482,-0.00015300308901118,8.01461323276909e-09,0.000111390853344301,0.0749999999979666,-0.0150882035597729,-0.0267690877733675,-6.3724275532266e-05,-0.00225620713992011,0.000743528502562572,-9.48493230554812e-05,6.81789568222343e-05,6.06786086968043e-05,-0.4000000073933,-0.399999987838312,0.250000017058488,-0.400000005746438,0.400000010383188,0.250000002384315,0.399999999161891,0.0227424198942784,0.249999984667258,0,0,0,0,0,1.2468049735939,0,0,0,0.72171567570137,0,0,2.21647559891446,0,0,0,0,0,1.64387131132143,0,0,0,0,2.52792515543401,0,1.95532049981584,0,0,0,0.484641228132919,0,0.520208493102177,0,0,0,0,0,0,0,0,0,0.466581235685596,0.483378199409772,0.864555644298611,0.547661934521997,0.391973445412097,0,0.200649127874977,0.457462193757541,0.793654665744914,0.200665460887239,0,0,0,0.476760639148758,0.366057756579419
410,-0.0600000001389704,0.0101476746138014,0.0430302542774439,0.0610117946844745,0.00500000184763237,0.0416086288987296,-0.0196523551413149,-0.0324122264911138,0.040851411692753,0.767652869784146,-2.54687113422009e-06,2.83260171277897e-06,0.640895604945108,0.00355110844513085,0.024348536104942,0.0519968010692012,1.78225651446996e-11,-0.00764994093493577,-0.00858364436929016,0.000595707241340517,4.48689321148309e-11,-0.00491775254552473,0.0264081529737164,0.00694843698367996,-0.00671759700101308,-4.53959630210405e-05,4.26144215966458e-05,0.0473317342734011,0.00233908102545162,0.0119264727962121,-1.78309965328059e-06,-0.400000010547766,-0.399999973962414,0.250000012173659,-0.400000005256366,0.400000013920793,0.24999999927166,0.40000000356488,-0.0320578235397728,0.249999997169803,0,0,0,0,0,1.24251705864737,0,0,0,0.624039506264465,0,0,2.26866694634229,0,0,0,0,0,1.65721011102285,0,0,0,0,2.54436557703402,0,1.93290834159334,0,0,0,0.482801485627291,0,0.524758234779061,0,0,0,0,0,0,0,0,0,0.474206695002859,0.489452845636492,0.875532875090282,0.557911987151792,0.399957794019383,0,0.234265412278679,0.456693716736828,0.789718906401143,0.191069367807168,0,0,0,0.472097722010723,0.367198961571644
411,-0.0600000002440543,0.0100918843855004,0.0429618740995587,0.0610152141139181,0.0050000015798008,0.0415771677874132,-0.0183063067767299,-0.0326079556696676,0.0404975832762562,0.76755457457725,1.9191737847329e-07,2.04950655829447e-06,0.641013323015924,0.00356144155440709,0.0244015296582234,0.0519967811957673,2.53915531517404e-10,-9.28112848748398e-06,-0.000100843053539996,-2.03338614402947e-05,5.01758877985653e-09,-5.52280767301295e-05,0.074999999947831,-0.0149445207260329,-0.0286079065355226,-0.000326105534321827,-0.000553303278855538,0.00074736913770398,1.18524765358899e-05,0.000104712275856714,-1.76636389540704e-05,-0.400000023087491,-0.400000015136536,0.25000001897669,-0.400000027323419,0.400000014047352,0.250000004150047,0.399999978500097,0.0233876347913017,0.25000000046596,0,0,0,0,0,1.23556039841068,0,0,0,0.724105363704107,0,0,2.3115296391421,0,0,0,0,0,1.67127601957248,0,0,0,0,2.55368140737295,0,1.91342738588345,0,0,0,0.488201231456737,0,0.521160819373366,0,0,0,0,0,0,0,0,0,0.474905777609024,0.494514070579683,0.881229416306425,0.563428944271806,0.399162964739304,0,0.223759357803112,0.459498163015882,0.791978175204765,0.186464453601386,0,0,0,0.474177423314833,0.364147337030817
412,-0.0600000002361563,0.0100700585892908,0.0429486589194407,0.061018507074346,0.00500000114901811,0.0415726806506657,-0.016802084951528,-0.0328706561594442,0.0401777124052208,0.767529624826458,-1.25188946845428e-06,3.83196618763288e-06,0.641043196868099,0.00356545784231254,0.0244095693748789,0.0519968826505307,-1.13310746716064e-10,-0.00185659565037433,-0.0010760568084428,0.000231320766689648,6.59432709340682e-11,-0.00031320929280685,0.0749792444739056,-0.0130449938912065,-0.00806496782706253,-5.31171612485568e-05,2.7919172703876e-06,0.00568098062336599,0.000281794697958147,0.000538148138947467,3.2060814740018e-06,-0.400000026018857,-0.400000013685972,0.250000022049789,-0.400000030383103,0.400000015911914,0.250000005058806,0.39999997094528,0.0287353344561293,0.249999984875822,0,0,0,0,0,1.22830595113585,0,0,0,0.73205139947567,0,0,2.36781496731381,0,0,0,0,0,1.68787366219027,0,0,0,0,2.56162553331238,0,1.88168379875843,0,0,0,0.489229048343076,0,0.521189763632998,0,0,0,0,0,0,0,0,0,0.477189231783323,0.499632574293175,0.888685644047503,0.577224748169406,0.406608326528763,0,0.243145298127786,0.45926232061983,0.788518508162918,0.175086115439148,0,0,0,0.47705736569588,0.36623831944436
413,-0.0600000002448446,0.0100469172929577,0.0429371310368712,0.0610212036671253,0.00500000047586862,0.041570127183214,-0.015262382866011,-0.0331466323566389,0.0399999999135956,0.767512296785951,5.5803118992534e-08,3.41834106226944e-06,0.641063943386841,0.0035683190691107,0.0244129691801249,0.0519969142355495,-2.32887878870861e-10,-0.00123477365982762,-0.000610766826390877,0.000152988711092603,6.31193039987521e-10,-0.000173128173394688,0.0749999999409841,-0.0138019790136576,-8.69857072439187e-13,-9.26533407536548e-05,0.000521101348121279,0.00285598386499948,0.000173311097545145,0.00018378976771861,-1.59501123269584e-05,-0.400000021877524,-0.40000003155397,0.250000025433855,-0.400000026343701,0.400000002523473,0.25000000659626,0.399999975668489,0.0349233677096128,0.249999987550275,0,0,0,0,0,1.21936589777235,0,0,0,0.738499743720525,0,0,2.42482856640035,0,0,0,0,0,1.70871182937857,0,0,0,0,2.56391593888935,0,1.84779874947428,0,0,0,0.489245441032633,0,0.519029075427639,0,0,0,0,0,0,0,0,0,0.478066335458266,0.503520891918872,0.895346005213347,0.592337852769748,0.414402727422648,0,0.267874259674395,0.457814111716436,0.78253319351301,0.160531595988501,0,0,0,0.479524832663438,0.368696155626187
414,-0.0600000001895662,0.010025935590283,0.0429282182919616,0.0610236125497719,0.004999999721194,0.0415684249013517,-0.0136791443769487,-0.0334322945407924,0.0399999999578992,0.767497531316283,1.59866102219474e-06,2.22800800273787e-06,0.641081620907434,0.00357062934655042,0.024414455981654,0.0519969407293982,-4.56596618323234e-11,-0.000934628939071562,-0.000397267307809508,0.000117080997238571,2.7120696102101e-09,-8.83337381219937e-05,0.0750000000016685,-0.0143480466405094,2.66910971218305e-11,-0.000261292275387872,8.5593316619821e-05,0.00237415144143635,0.000122515134231695,0.000104919483156144,1.77169103056721e-06,-0.399999988302986,-0.400000054935737,0.250000007996838,-0.400000002406892,0.400000000420758,0.250000001993616,0.400000000688018,0.0492316627215363,0.250000000749755,0,0,0,0,0,1.21352621074803,0,0,0,0.748863770452729,0,0,2.48331782464859,0,0,0,0,0,1.72435604170338,0,0,0,0,2.58227324312175,0,1.82331101343482,0,0,0,0.491088816673879,0,0.518313901371834,0,0,0,0,0,0,0,0,0,0.476295329822147,0.505412971663283,0.898443132585782,0.60468262596368,0.420050325872587,0,0.284681424350036,0.45597771311291,0.77746106570094,0.140854845746303,0,0,0,0.483700380577975,0.370615245823086
415,-0.0600000001979298,0.00999999975619222,0.0429186867106077,0.061027036528026,0.00499999956259803,0.0415668076062458,-0.0120661650559067,-0.0337236924089273,0.0399999999834211,0.76747887671335,1.48463522670727e-06,2.91290375931775e-06,0.641103953392516,0.00357362650351452,0.0244151957678803,0.0519969171654172,1.62978714340083e-09,-9.0799401285921e-10,6.55853044657197e-05,2.94428859588223e-05,1.93118463070773e-09,-1.3942539874664e-05,0.0749999999789201,-0.0144933092058734,1.95334358630571e-11,-0.00199367240808996,0.000289492184222059,0.00186026501914225,0.000122049652839972,0.000185447471846136,7.57203585303372e-05,-0.400000012053353,-0.400000012117373,0.250000014899266,-0.400000026203489,0.400000037359558,0.249999999974742,0.39999999132273,0.0318429133593347,0.250000001459208,0,0,0,0,0,1.19440242991007,0,0,0,0.801874326684361,0,0,2.53187944516666,0,0,0,0,0,1.72510224174016,0,0,0,0,2.58150605683642,0,1.77472839722599,0,0,0,0.494823274999181,0,0.518740067371374,0,0,0,0,0,0,0,0,0,0.473989747886476,0.507999367564197,0.902222619753764,0.618474142463192,0.425510560238677,0,0.295068166692888,0.453029204664755,0.771183149886068,0.122514967587076,0,0,0,0.487434528777412,0.370540541157316
416,-0.0600000000562752,0.00999999839244585,0.0428907635172768,0.0610217106019096,0.00500000383059173,0.0415350965708447,-0.0107186115596469,-0.0339029645542073,0.0399999999800322,0.767320369354827,-4.07150701643349e-06,2.44838979062078e-06,0.641293658477669,0.00357531424931873,0.0244795864348937,0.051996965002049,-1.42948146011266e-10,2.53432680716593e-10,-0.00254194800219673,-0.000736423875074648,-2.85014296832566e-10,-0.00288935234984179,0.0588918396629854,-0.00500448955220775,9.99036488759929e-12,9.34065157211989e-06,1.58546982017688e-05,0.0433877914266846,-7.95348461679237e-05,0.00579137642905093,-3.01693074619856e-07,-0.400000065128876,-0.399999890308839,0.250000028457648,-0.399999987842157,0.399999875189813,0.25000000624543,0.400000249850056,-0.00718256543845239,0.250000003437667,0,0,0,0,0,1.19757890672186,0,0,0,0.81617082305463,0,0,2.56368418844772,0,0,0,0,0,1.71479007678438,0,0,0,0,2.59835562183025,0,1.74946106890142,0,0,0,0.499891134836632,0,0.520810882817546,0,0,0,0,0,0,0,0,0,0.471201682204951,0.509578632625539,0.904719498621313,0.622544490908231,0.424064642812213,0,0.291658820544849,0.451765205389614,0.772232980610604,0.1041530286249,0,0,0,0.49005783030178,0.366251358172026
417,-0.0600000002154588,0.0100000221388414,0.0428336794030098,0.0610000164535102,0.00499999941374477,0.0414658449347003,-0.0100000008749765,-0.0339060675417618,0.0399999999769515,0.767009394481408,-5.37209871749137e-06,1.15199022733197e-06,0.64166556366261,0.00356874476242654,0.0246096575440038,0.0519969523395942,-1.22727150493484e-08,0.000121960389061247,-0.00124314934035775,-0.0019378656489967,1.50683190709798e-09,-0.0026441478164049,1.03032287028365e-08,0.00320481813728254,3.64479970383529e-09,0.00194512976758135,0.00312100768064599,0.027203572881213,-0.000986380724499752,0.0046254788243368,4.25614925375961e-05,-0.400000010575313,-0.400000021378343,0.25000000453121,-0.400000024579583,0.400000025936389,0.249999996935067,0.399999926887122,0.0213097174169727,0.250000001020637,0,0,0,0,0,1.19258174256,0,0,0,0.810272431120907,0,0,2.60132802631759,0,0,0,0,0,1.72578288041757,0,0,0,0,2.61324829236026,0,1.73770268719166,0,0,0,0.493368676277737,0,0.516102295223462,0,0,0,0,0,0,0,0,0,0.475797801784209,0.511328834006168,0.911163894427115,0.626931118433943,0.428878719732156,0,0.312275923772764,0.451700236382803,0.77149286393283,0.0964241267974283,0,0,0,0.487259963077944,0.369250246970505
418,-0.0600000002182854,0.00999999973114481,0.0428324256467943,0.0609997143608143,0.00499999976998319,0.0414607591412454,-0.0100000008411319,-0.0339019970228871,0.0399999999795068,0.766990753405759,-9.13749749329706e-07,2.66787380424219e-06,0.641687845495571,0.00356854639441852,0.0246159902880903,0.051996930595375,2.33679539526591e-10,-8.30775289907593e-11,-4.17703107400728e-05,3.21589436238162e-06,1.00684881067902e-10,-5.47280973737798e-05,-3.49785272399001e-10,0.000100496563740881,-4.96586125558682e-11,-4.50286247401015e-05,-9.4631737340385e-05,0.000663392906092922,2.04836500808276e-05,9.16394318283932e-05,1.12245277538819e-06,-0.400000011255113,-0.400000017999965,0.250000008713927,-0.400000023351552,0.400000023617412,0.249999996504481,0.399999943150844,0.0464318273284223,0.250000001010679,0,0,0,0,0,1.18823352933648,0,0,0,0.823666617547474,0,0,2.59646772368244,0,0,0,0,0,1.72173988369612,0,0,0,0,2.62230886134908,0,1.74758059735785,0,0,0,0.491574823276826,0,0.514667286004651,0,0,0,0,0,0,0,0,0,0.477672351143971,0.512813331769515,0.912210242753458,0.627570065399792,0.42945286241722,0,0.313637763574943,0.452136995590594,0.771566736848966,0.102483428374252,0,0,0,0.486925752154907,0.368777333578695
419,-0.0600000002188353,0.00999999972864813,0.0428314721272843,0.0609997400731077,0.0049999996081976,0.0414593254022639,-0.0100000007815145,-0.0338982045857415,0.0399999999778854,0.766985566430354,-2.09691350279885e-06,2.7853331635199e-06,0.641694045281983,0.00356885279181496,0.0246186773389768,0.0519969327037012,1.33169426536383e-10,-7.29018171567433e-11,-4.72546379899983e-05,-4.74242343033163e-06,2.4965766406774e-11,-7.56315768893171e-05,-2.03297871390501e-10,0.00013139594609095,-3.27985223005515e-11,-2.46565701715175e-05,-2.58219127019705e-05,0.000821196708371444,1.57195063826839e-05,0.000135026833720174,5.13217019654423e-07,-0.400000008380459,-0.400000018958559,0.250000008090779,-0.400000022724692,0.40000003219837,0.249999996320066,0.399999948631972,0.0483019501481882,0.250000000660041,0,0,0,0,0,1.19150127586941,0,0,0,0.824479576230294,0,0,2.59617479304874,0,0,0,0,0,1.72279143970098,0,0,0,0,2.62428094455016,0,1.75089541053418,0,0,0,0.490315125725198,0,0.513452391166837,0,0,0,0,0,0,0,0,0,0.478345412725454,0.513785544794253,0.911788197388111,0.625465545249973,0.429364429659572,0,0.311331030222394,0.454141743427716,0.772875809151393,0.105669251494026,0,0,0,0.486552820800521,0.369720964505768
420,-0.0600000002285989,0.00999999974401862,0.0428305717335659,0.0609997598779547,0.00499999976558862,0.0414579425408427,-0.0100000006270456,-0.0338963647594266,0.0399999999765366,0.766980827197571,-2.05231601793078e-06,2.55956626844408e-06,0.641699709809732,0.00356915263222089,0.024620985380542,0.0519969406226091,8.40392605376502e-11,-7.12845413803191e-11,-4.67924190877271e-05,-1.32674072471551e-06,1.75417806758912e-10,-6.82989560644082e-05,-1.197742946851e-10,0.000120345102158592,1.09639998215751e-11,-4.99307286332745e-06,-3.07706057730362e-05,0.000714585826229664,1.02829495293655e-05,0.000116600042574105,-6.51773386329811e-08,-0.400000004211911,-0.400000016519346,0.250000009225505,-0.40000002069934,0.400000052501116,0.249999995782297,0.399999966023026,0.0512057545922422,0.25000000100088,0,0,0,0,0,1.19088731162232,0,0,0,0.825356252459664,0,0,2.5961204008117,0,0,0,0,0,1.72033701196482,0,0,0,0,2.63053448501207,0,1.75475097489384,0,0,0,0.490180525424458,0,0.513159889614659,0,0,0,0,0,0,0,0,0,0.478396371356605,0.513695579487161,0.911741743692241,0.624215605971836,0.428723598860994,0,0.310066584832812,0.455073976962568,0.775114634322343,0.108119353394465,0,0,0,0.487588229235031,0.370102263703316
421,-0.0600000002318766,0.00999999976183586,0.0428296281858419,0.0609996460108322,0.00499999976350009,0.0414565389238862,-0.0100000005453353,-0.0338938933543563,0.0399999999007757,0.766976196073764,-2.24190032592758e-06,2.47185064662453e-06,0.641705245043177,0.00356933078085307,0.0246233916506114,0.0519969392863616,4.94070736211814e-11,-4.66146703534267e-11,-4.73063233455054e-05,-7.1075851398119e-06,1.12462253588231e-10,-7.08375954007987e-05,-7.86781554242227e-11,0.000120278529649241,-7.89395178378464e-12,-4.62491013262161e-06,-1.16088949347968e-05,0.000721705654314326,7.99379914558977e-06,0.0001211750526068,9.45802324350323e-09,-0.400000004234586,-0.400000013367545,0.250000010347679,-0.400000017665635,0.400000047294642,0.249999994912755,0.399999978008354,0.0506989635903059,0.249999997271406,0,0,0,0,0,1.18966374030603,0,0,0,0.82264434047296,0,0,2.59634003556551,0,0,0,0,0,1.71354415792765,0,0,0,0,2.64232115437935,0,1.75952473110075,0,0,0,0.489012138600378,0,0.512521947074056,0,0,0,0,0,0,0,0,0,0.479240854823389,0.514026948407045,0.912528063963292,0.623556137313375,0.428520888270649,0,0.309401091919822,0.456364556707559,0.776636575411862,0.110865951186878,0,0,0,0.487664203153528,0.370858942179575
422,-0.0600000002352183,0.00999999974179972,0.0428286610990194,0.0609994693431718,0.00500000045243794,0.0414550837334097,-0.0100000005093008,-0.0338912780141127,0.0399999999154857,0.766971467303062,-2.39302104638227e-06,2.45419658952896e-06,0.641710896901064,0.00356946310863096,0.0246259204057122,0.051996938979508,2.74993657619701e-11,-3.21935926794601e-11,-4.84290166001328e-05,-9.84087761480258e-06,1.07466264135536e-10,-7.33469239251089e-05,-3.44829156370086e-11,0.000125468124415102,-2.03917782504659e-11,-3.61700186175592e-06,-5.72454218182887e-06,0.000739759521729506,6.35778772902394e-06,0.000126969874068421,4.70411333417136e-08,-0.400000002577271,-0.400000010376826,0.250000011210897,-0.400000013545095,0.400000046430587,0.249999994469574,0.39999999217716,0.045671783555822,0.249999992998107,0,0,0,0,0,1.19199774994546,0,0,0,0.816975922646399,0,0,2.59443952251044,0,0,0,0,0,1.70413656747823,0,0,0,0,2.65521150213711,0,1.7649081825409,0,0,0,0.485842352948128,0,0.509307877852148,0,0,0,0,0,0,0,0,0,0.479929118331882,0.514083675239788,0.9130947454291,0.621741146078416,0.427309572618739,0,0.30910975094435,0.457900743853217,0.778481787225668,0.113594811486197,0,0,0,0.487127514777274,0.371127314329882
423,-0.0600000002424115,0.00999999975344588,0.0428276695076938,0.0609992465177883,0.00500000004794338,0.0414535735074356,-0.0100000004301102,-0.033888533120309,0.0399999999165731,0.766966594029917,-2.51160320209779e-06,2.46742378103747e-06,0.641716721383152,0.00356956877912145,0.0246285773288661,0.0519969389433159,1.50254461001776e-11,-1.98752274840224e-11,-4.95789575952729e-05,-1.17476192903259e-05,4.73023683950282e-11,-7.59946920038132e-05,3.37473135070935e-12,0.000131368341403408,-2.59935465840348e-11,-2.71273023736784e-06,-2.51663934133861e-06,0.000763419914175459,5.40514399371567e-06,0.000133143209903649,5.71481261997603e-08,-0.400000000726157,-0.400000007218152,0.250000012318127,-0.400000003645725,0.400000021827096,0.2499999939313,0.40000000510938,0.0393564412406353,0.249999990913106,0,0,0,0,0,1.19440956909875,0,0,0,0.810869700988018,0,0,2.59237426315419,0,0,0,0,0,1.69755846662826,0,0,0,0,2.66639903256173,0,1.77158284410865,0,0,0,0.481670978212155,0,0.505174640052516,0,0,0,0,0,0,0,0,0,0.480594180056124,0.514232990944343,0.913267342037969,0.62022201352844,0.426443882920814,0,0.309163608368284,0.4590243651536,0.779546700531813,0.116073246185488,0,0,0,0.486500699864798,0.371235929287558
424,-0.0600000002395223,0.00999999972645928,0.0428266897871299,0.0609990330054217,0.0050000008069803,0.0414520835709497,-0.01000000046615,-0.033886071582337,0.0399999998776457,0.766961801985723,-2.48495636909421e-06,2.42913084915231e-06,0.641722448691685,0.00356967962472616,0.0246311555407015,0.0519969400641084,1.67490413634529e-11,-2.6754526824184e-11,-4.92480981132238e-05,-1.09349909392284e-05,1.10347797405981e-10,-7.43667770111471e-05,1.5724153403128e-12,0.000128242531258529,-3.41165231945444e-12,-9.78933376048763e-08,-3.51924622466682e-06,0.000742910074621083,4.84232712134712e-06,0.000129132236551059,-2.34051326557943e-08,-0.399999998045119,-0.40000000900742,0.250000011136666,-0.400000007296489,0.40000004261609,0.249999995126345,0.400000002365042,0.0299635525969166,0.24999999771855,0,0,0,0,0,1.19397461002971,0,0,0,0.802470972081197,0,0,2.5895950939804,0,0,0,0,0,1.69568951904404,0,0,0,0,2.66829257607425,0,1.77438661622601,0,0,0,0.477606428062381,0,0.501296426231034,0,0,0,0,0,0,0,0,0,0.481474694245337,0.51452833270951,0.913460993303853,0.619456357901003,0.426240113642779,0,0.311023737934348,0.459145364538553,0.778862828267351,0.118964273231741,0,0,0,0.484857518078321,0.370857820258002
425,-0.0600000002377017,0.00999999970450359,0.0428257121393924,0.0609988114277353,0.00500000105098865,0.0414506107863692,-0.0100000004324881,-0.0338836076810961,0.0399999999138585,0.766957089897617,-2.47356844796029e-06,2.39751512167388e-06,0.64172808035708,0.00356977753609397,0.0246336949808098,0.0519969400302196,1.7860749302973e-11,-2.29762406063576e-11,-4.89978463178676e-05,-1.12253283987248e-05,7.78387966101705e-11,-7.35686334921596e-05,1.70097114484656e-11,0.000126003463404756,-1.75235005741384e-11,-1.39844509223274e-08,-2.50956756283781e-06,0.000732086631762384,4.4790291527639e-06,0.000127135991434873,-2.40029570426204e-08,-0.399999996246348,-0.400000008146179,0.250000011296605,-0.400000002240459,0.400000030410171,0.249999994611839,0.400000008395694,0.0311332062100778,0.249999992074525,0,0,0,0,0,1.19638371093596,0,0,0,0.803812488095195,0,0,2.58926931558155,0,0,0,0,0,1.6942750422526,0,0,0,0,2.67645512689408,0,1.78146046521962,0,0,0,0.474457308004733,0,0.49848984024265,0,0,0,0,0,0,0,0,0,0.482034789946828,0.515040643116317,0.91334058436566,0.619365057993433,0.426627985991964,0,0.311175935283651,0.45998439867602,0.779680371683231,0.11982172214045,0,0,0,0.485704169448342,0.37157241741433
426,-0.0600000002332448,0.00999999969834776,0.0428247346008171,0.0609985826515181,0.00500000102876624,0.0414491436371517,-0.0100000003763843,-0.0338811230071948,0.0399999999155153,0.766952411169801,-2.47597139046292e-06,2.38094544999133e-06,0.641733672066569,0.00356986619674551,0.0246362244111542,0.0519969398629355,1.99042539269028e-11,-2.24539240918948e-11,-4.89274077374494e-05,-1.15556984703246e-05,8.74563491558081e-11,-7.33531347353596e-05,2.5288707386393e-11,0.000125220296231199,-1.86715394967015e-11,-1.65355279050849e-07,-1.46539050051663e-06,0.00072821339738469,4.23059604359873e-06,0.000126578255733019,-1.05966101979883e-08,-0.399999994223336,-0.400000008478688,0.25000001117174,-0.400000001656894,0.40000003538201,0.249999994725026,0.400000011432043,0.0332619545692093,0.249999992015483,0,0,0,0,0,1.19702236372354,0,0,0,0.805080269924643,0,0,2.5882133525044,0,0,0,0,0,1.69499784211817,0,0,0,0,2.67673427591929,0,1.78351847426025,0,0,0,0.473453439620924,0,0.497663294811541,0,0,0,0,0,0,0,0,0,0.482122763686056,0.515005531839446,0.912977000935619,0.61918996321085,0.42689873018623,0,0.311131554209474,0.460005925605122,0.779853671513779,0.120724950271632,0,0,0,0.486066167507387,0.371899590233535
427,-0.0600000002303856,0.00999999968528321,0.0428237486070903,0.0609983391528263,0.0050000010450513,0.0414476602308908,-0.0100000003297389,-0.0338785309327503,0.0399999999174566,0.76694768855603,-2.51100034031777e-06,2.39058308794957e-06,0.641739316142036,0.00356994503652942,0.0246388008199563,0.0519969395118892,2.07405135398237e-11,-2.03553532262326e-11,-4.92433551528852e-05,-1.22807971203297e-05,7.95556733457672e-11,-7.43135182155845e-05,3.62545723234834e-11,0.000127089897317225,-2.18408550704267e-11,-6.54313021588138e-07,6.60253394065421e-08,0.000737520354512299,4.10216456094933e-06,0.000128851734364872,1.66333769888812e-08,-0.399999992510385,-0.400000008440335,0.250000011209527,-0.399999999543438,0.400000033993213,0.249999994798489,0.400000015624535,0.0376843890693948,0.249999991537742,0,0,0,0,0,1.19739543575459,0,0,0,0.808077668515721,0,0,2.58681204250407,0,0,0,0,0,1.6943065771824,0,0,0,0,2.67658354726781,0,1.78407791523495,0,0,0,0.473435316415909,0,0.497821065668823,0,0,0,0,0,0,0,0,0,0.48212862098584,0.514817879021006,0.912750947853149,0.619058553555437,0.427185607717501,0,0.311233842058962,0.459764322328336,0.779995812592451,0.120600229777857,0,0,0,0.48630311401017,0.372132355309398
428,-0.0600000002267272,0.00999999972683207,0.0428227444963951,0.0609980740774258,0.00499999984943293,0.041446134153727,-0.0100000001678614,-0.0338757674969356,0.039999999897476,0.766942826698018,-2.57931273894198e-06,2.42851869398922e-06,0.641745126545045,0.00357001563048373,0.0246414876229648,0.0519969391221653,1.20108216892552e-11,-2.22730309528606e-11,-5.00564982208776e-05,-1.33349748964832e-05,9.61761722574567e-11,-7.65767765986907e-05,2.71990418417327e-11,0.000132181913343593,-1.41255100371966e-11,-1.23317955314194e-06,1.28808811907834e-06,0.000761772647629544,4.05655513086455e-06,0.000134278294503936,4.86846203076891e-08,-0.39999999430593,-0.400000010221547,0.250000009914225,-0.400000005764015,0.400000042312844,0.249999995059138,0.400000011602669,0.040950901745543,0.249999995619476,0,0,0,0,0,1.19210777556499,0,0,0,0.812115702414939,0,0,2.58696421789685,0,0,0,0,0,1.69554878831401,0,0,0,0,2.67280587497977,0,1.78139026445082,0,0,0,0.473430773806827,0,0.498150683351673,0,0,0,0,0,0,0,0,0,0.482758998306656,0.515346975455794,0.913210798981219,0.620585799695047,0.428706684443674,0,0.313367639375819,0.459649283157826,0.779331343742551,0.121016335321196,0,0,0,0.486706061185442,0.373009275416641
429,-0.0600000002241983,0.00999999971634517,0.042821727740923,0.0609977996190834,0.00499999997734736,0.0414445712501419,-0.0100000001149812,-0.0338729510330027,0.0399999999029411,0.766937834963399,-2.62584442146066e-06,2.46344549441612e-06,0.641751092066703,0.00357008884109433,0.0246442580045247,0.0519969392305613,1.48286084546305e-11,-2.12467590693965e-11,-5.07365492471279e-05,-1.37289081636679e-05,1.03926636905616e-10,-7.83297071798456e-05,4.18561823272738e-11,0.000136440863010708,-1.65584532795808e-11,-8.77962644508857e-07,1.29713539108435e-06,0.0007810656391024,4.09840104867074e-06,0.000138426612428904,4.35665831917765e-08,-0.399999992181524,-0.400000009839646,0.250000009987376,-0.400000003790383,0.400000044636199,0.249999995061469,0.400000017136748,0.0450838995068514,0.249999994383204,0,0,0,0,0,1.1932609166026,0,0,0,0.814710676178081,0,0,2.58542130813826,0,0,0,0,0,1.69430423942546,0,0,0,0,2.67340873399972,0,1.782291168554,0,0,0,0.473224122894658,0,0.498087062282286,0,0,0,0,0,0,0,0,0,0.482666169988953,0.515038928925938,0.912912238250469,0.620294006418132,0.428850579433192,0,0.313348432463777,0.459501038133451,0.779636987864504,0.120966301376036,0,0,0,0.487018272464437,0.373313172208435
430,-0.0600000001789197,0.00999999997411099,0.0428206904194965,0.0609975068450466,0.00500000117336388,0.0414429572323872,-0.0100000002102413,-0.0338699812283086,0.0399999999039972,0.766932665786041,-2.68789662319169e-06,2.50848073381902e-06,0.641757269548549,0.00357015978439461,0.0246471520353786,0.0519969390860342,6.11940603235276e-11,6.77987196954427e-12,-5.1703023422142e-05,-1.45836842441433e-05,6.51192855053742e-11,-8.0923027165853e-05,1.0982387702816e-10,0.000142465959512628,-2.04486547915523e-11,-1.10151224607532e-06,1.51352961620226e-06,0.000809995102035123,4.17742715277541e-06,0.000144548078855344,5.63530476030057e-08,-0.399999971888504,-0.399999998926115,0.250000011843334,-0.399999975499752,0.400000028983131,0.249999994839919,0.400000045049675,0.0461528267412992,0.249999993132533,0,0,0,0,0,1.19778552820153,0,0,0,0.812635242577482,0,0,2.58167714575539,0,0,0,0,0,1.69238513879113,0,0,0,0,2.67350865045437,0,1.78421644142946,0,0,0,0.473127891832636,0,0.497864753452947,0,0,0,0,0,0,0,0,0,0.482161972603365,0.514103885477283,0.91198454998631,0.617969941482283,0.427476985586822,0,0.311172408889625,0.458913735257526,0.780146501888792,0.121836003501935,0,0,0,0.486131596182975,0.372287132568845
431,-0.0600000001721045,0.00999999990542751,0.0428196332830944,0.0609971997990056,0.00500000115729713,0.041441289194065,-0.0100000001560623,-0.033866894158109,0.0399999999076165,0.766927303562256,-2.74355909600472e-06,2.55412836679546e-06,0.64176367762562,0.00357023328713352,0.0246501706878367,0.0519969391058623,4.60286653213461e-11,4.81767266208426e-11,-5.26936198814882e-05,-1.52283493310208e-05,5.85508066071732e-11,-8.35832392337035e-05,1.09148272758526e-10,0.00014867579130048,-2.18201002454717e-11,-9.71895069958485e-07,1.50707766912205e-06,0.000839933681537745,4.31955031104228e-06,0.00015073141071204,5.75255082167556e-08,-0.399999977259277,-0.399999982096347,0.250000011579228,-0.399999975948472,0.40000002586739,0.249999995222788,0.400000044514781,0.0490786027427408,0.249999992514444,0,0,0,0,0,1.19817573792917,0,0,0,0.814667637341408,0,0,2.58035528928559,0,0,0,0,0,1.691641563143,0,0,0,0,2.6738391484717,0,1.78512506919089,0,0,0,0.472691003674846,0,0.497506403439994,0,0,0,0,0,0,0,0,0,0.482219707856844,0.513991558006236,0.911760019217992,0.617742520918779,0.427655636874079,0,0.311171222450071,0.45881502134276,0.780352689968964,0.12218857849499,0,0,0,0.486334527766322,0.372479764114028
432,-0.0600000002159056,0.00999999967434233,0.0428185618023692,0.0609968861418205,0.00500000026664238,0.0414395783601395,-0.00999999996994985,-0.0338637423651675,0.0399999999123097,0.766921783430485,-2.77968340259592e-06,2.59126695233161e-06,0.6417702742938,0.00357031347203092,0.0246532835415445,0.0519969392731442,2.21011144871709e-11,-1.81841267032821e-11,-5.34383312417813e-05,-1.55093218537926e-05,1.07529563078954e-10,-8.5644070737409e-05,7.80265917957072e-11,0.00015343226650671,-2.14500892100675e-11,-5.83957561488835e-07,1.4351872798079e-06,0.00086337199441049,4.54004877789153e-06,0.000155427491212984,4.51257737826439e-08,-0.399999987056656,-0.400000009217565,0.250000009978397,-0.399999998290828,0.400000045457221,0.249999995458176,0.400000031423152,0.0559500259932945,0.249999992310204,0,0,0,0,0,1.19534358347425,0,0,0,0.821692261177539,0,0,2.58093306688118,0,0,0,0,0,1.69066832797488,0,0,0,0,2.67526237598274,0,1.7849971956597,0,0,0,0.472268923811842,0,0.497617611428444,0,0,0,0,0,0,0,0,0,0.482775800275225,0.514476183984293,0.912305059230923,0.619535009294183,0.429412185872801,0,0.313707694269789,0.459057145767572,0.78030277397403,0.121013001427448,0,0,0,0.487532279917569,0.3739935917758
433,-0.0600000002133921,0.00999999965718612,0.042817465951528,0.0609965535017791,0.00500000040582498,0.0414378061348417,-0.00999999992157457,-0.0338604174115938,0.0399999999145914,0.766916044704776,-2.83367881600767e-06,2.63501864340768e-06,0.641777132065163,0.0035703931165066,0.0246565405898206,0.0519969391451324,2.39545542647028e-11,-1.58996792838247e-11,-5.45928838046546e-05,-1.63945105312178e-05,1.06269485147874e-10,-8.87464309837571e-05,9.03039269653486e-11,0.000160542435059447,-2.3478143025739e-11,-8.3842065625577e-07,1.23561530943693e-06,0.000898656055624277,4.68877814597927e-06,0.000162574947581689,5.80174245526817e-08,-0.399999985370921,-0.400000008858504,0.250000010013176,-0.39999999621295,0.400000045015587,0.249999995539635,0.400000036620211,0.0600144289004386,0.24999999177947,0,0,0,0,0,1.19619702456299,0,0,0,0.824422041940761,0,0,2.5793334378919,0,0,0,0,0,1.68905991509971,0,0,0,0,2.67590066414745,0,1.78562666575244,0,0,0,0.472031462060899,0,0.497570281050097,0,0,0,0,0,0,0,0,0,0.482828567219806,0.514266109832224,0.912199807391499,0.61937810581922,0.429681082142275,0,0.314135870336683,0.458779279195507,0.780443299170907,0.120490405178787,0,0,0,0.487621127202356,0.374194721901832
434,-0.0600000002100385,0.00999999963052392,0.0428163434971718,0.0609962020679084,0.0050000007998537,0.0414359625410986,-0.0099999999045336,-0.0338569287752135,0.0399999999215796,0.766910049512261,-2.88801875162202e-06,2.68108047594138e-06,0.641784296180411,0.00357047520141373,0.0246599596017212,0.0519969391219202,2.89745939166297e-11,-1.25887986221636e-11,-5.58943260802223e-05,-1.72451514051839e-05,9.1267822580903e-11,-9.22857648241425e-05,1.09033251222744e-10,0.000168540015830379,-2.68481588920273e-11,-7.84067424579552e-07,1.24064858224853e-06,0.000938723039796949,4.88360375613815e-06,0.00017058723326245,6.38197563484665e-08,-0.399999982418384,-0.400000007820399,0.250000010282705,-0.399999990625339,0.400000038581104,0.249999995592227,0.400000044141457,0.0637636365737728,0.249999990452683,0,0,0,0,0,1.19848912694758,0,0,0,0.826301250107009,0,0,2.57738766516709,0,0,0,0,0,1.68761944170436,0,0,0,0,2.67752023446234,0,1.78775165097993,0,0,0,0.471749732178879,0,0.497435577896976,0,0,0,0,0,0,0,0,0,0.482686211873719,0.513917778037643,0.911684304776421,0.618521633459625,0.429430432153653,0,0.313278842887333,0.458648640952154,0.780949781473534,0.120833907083776,0,0,0,0.487786449188169,0.374161956036731
435,-0.0600000001667895,0.00999999974643282,0.0428151964959669,0.0609958361726109,0.00500000121292358,0.0414340499923044,-0.00999999988570418,-0.0338533030705859,0.0399999999984907,0.766903803277662,-2.93185294653213e-06,2.72371143208836e-06,0.641791760145172,0.00357056309531676,0.0246635308725324,0.0519969392063798,5.7893953714167e-11,2.08177874367697e-11,-5.71122523326637e-05,-1.78929687512771e-05,6.39113438853543e-11,-9.56726739213926e-05,1.52122982710581e-10,0.000176062916438146,-5.32071576841181e-11,-5.19750423626965e-07,1.34651917611684e-06,0.000977144548796079,5.15913046782349e-06,0.000178130709487895,5.92236979257993e-08,-0.399999970142368,-0.399999994041758,0.250000010437168,-0.399999973049469,0.400000027013894,0.249999996243483,0.400000061642084,0.0666054090325218,0.249999979416672,0,0,0,0,0,1.20033769439898,0,0,0,0.829606074619516,0,0,2.57523922578818,0,0,0,0,0,1.68628520903944,0,0,0,0,2.67593808834677,0,1.78698363216589,0,0,0,0.47135620298496,0,0.496671185359525,0,0,0,0,0,0,0,0,0,0.48257188056709,0.513621678782594,0.911381700410474,0.617517349483878,0.428935248495279,0,0.312414844225172,0.459160076553487,0.78220018469212,0.122371215963944,0,0,0,0.488335379288095,0.3744741007436
436,-0.0600000001185131,0.00999999961612504,0.0428140326716358,0.0609954650347037,0.00499999962895128,0.0414320853646696,-0.00999999973479134,-0.0338495951537255,0.0399999999914351,0.766897361853354,-2.95729423390066e-06,2.75784929313677e-06,0.641799457194113,0.00357066086975408,0.0246672132962862,0.051996939372899,5.73909138800374e-11,1.35646190917413e-11,-5.79821418724661e-05,-1.81489585647077e-05,6.29413248162539e-11,-9.82082245445055e-05,1.55543390054585e-10,0.00018159203161454,-5.93944565580909e-11,-1.6850442259128e-07,1.44799590009064e-06,0.00100622982510872,5.52064159747657e-06,0.000183684098478554,4.44085439561096e-08,-0.39999997092071,-0.399999996590533,0.250000010165757,-0.399999975729544,0.400000026377567,0.249999996518504,0.400000062895096,0.0668231288459624,0.249999976490845,0,0,0,0,0,1.20102867291493,0,0,0,0.829076757891608,0,0,2.57408815243965,0,0,0,0,0,1.68138667818533,0,0,0,0,2.68136469971084,0,1.7886630593086,0,0,0,0.470962717107552,0,0.496012757425475,0,0,0,0,0,0,0,0,0,0.482781448355558,0.513579499777394,0.911252996786103,0.615967838023415,0.427994076383771,0,0.310672670893906,0.460572018299687,0.784221677694111,0.12589418851482,0,0,0,0.488936221978808,0.374986891858681
437,-0.0600000006307297,0.00999999961967984,0.0428128545911795,0.0609950900373913,0.00500000122791496,0.0414300777165198,-0.0099999994123903,-0.0338458079901976,0.0399999999755543,0.766890758215409,-2.97576039788755e-06,2.7856605685506e-06,0.641807347917752,0.00357076699484358,0.0246709886697824,0.0519969394664851,-1.04549708581161e-10,3.57944053268469e-10,-5.87130502821645e-05,-1.83651831909463e-05,-6.72457426567943e-10,-0.000100333750126951,4.22135025314334e-10,0.000186247619482228,-9.76924899957134e-12,-3.64860167729387e-08,1.30442534225873e-06,0.0010308738440099,5.85099153411759e-06,0.000188351927709347,3.55017694968549e-08,-0.400000038334088,-0.399999854383089,0.250000009060662,-0.399999915685147,0.399999723256628,0.249999989440571,0.400000172821036,0.0873647922227469,0.249999996710162,0,0,0,0,0,1.1919034782759,0,0,0,0.837155156742532,0,0,2.52848294265606,0,0,0,0,0,1.64338876307408,0,0,0,0,2.65211152179657,0,1.76701723122324,0,0,0,0.47032598232773,0,0.494106626161209,0,0,0,0,0,0,0,0,0,0.461754836049779,0.492029256426283,0.884953394401368,0.603102251008862,0.417656538846361,0,0.281678905664917,0.445482798107695,0.765477203604533,0.101287767274237,0,0,0,0.483625788635075,0.371110352104729
438,-0.0600000002941055,0.00999999951780521,0.0428116802878405,0.0609947297677177,0.00499999963175491,0.0414280671829719,-0.00999999949606697,-0.0338420707973626,0.0399999999637378,0.766884127851935,-2.96546388249032e-06,2.7991229334476e-06,0.641815270408631,0.00357088821764441,0.0246747623529158,0.0519969397158889,3.61922142733756e-11,-6.86109927755357e-11,-5.86382695229039e-05,-1.77804420424357e-05,6.12892214310721e-11,-0.000100418499123714,1.20510301146734e-10,0.000186308063946396,-1.47644000081981e-11,3.14914095047803e-07,1.26994555623134e-06,0.00103280445754527,6.27415628011455e-06,0.000188410860517255,7.60544689053561e-09,-0.399999982459684,-0.400000029009839,0.250000008616315,-0.399999995276771,0.400000025401838,0.249999991673436,0.400000048633617,0.223523680832516,0.249999994063581,0,0,0,0,0,1.21031771114324,0,0,0,0.930825601561345,0,0,2.47092509428911,0,0,0,0,0,1.61921491953453,0,0,0,0,2.63863451207851,0,1.78692425700253,0,0,0,0.467544638046263,0,0.496315623871209,0,0,0,0,0,0,0,0,0,0.46079014284953,0.484145444600361,0.874918213560365,0.593225586068607,0.423168943471743,0,0.279021379557366,0.435412110942629,0.769634963347995,0.09733856036377,0,0,0,0.487941673404825,0.374436272265418
439,-0.0600000003184245,0.00999999980243184,0.0428101762509647,0.0609940228314433,0.00500000007588428,0.041425355038388,-0.00999999934452418,-0.0338361977182652,0.0399999999607416,0.766875164946357,-3.27359855806243e-06,2.93285639764324e-06,0.641825979755284,0.00357086762306317,0.0246801561935257,0.0519969374061341,-4.3184228805342e-11,-4.19733585031872e-12,-7.16869485483158e-05,-2.94201235330314e-05,3.69235311117941e-11,-0.000133690531488671,1.72367328856672e-10,0.000259383121663052,-2.77242973201912e-11,1.48452727733904e-06,3.98872104031119e-06,0.00139422568809404,4.61157852217229e-06,0.000261617868957684,4.46799978018111e-07,-0.399999990455836,-0.400000013407901,0.250000005171126,-0.399999999755381,0.400000014397377,0.249999991408598,0.400000066888963,0.268540660587769,0.249999993186292,0,0,0,0,0,1.20627828137658,0,0,0,0.939245161795443,0,0,2.40803375394033,0,0,0,0,0,1.5756105473243,0,0,0,0,2.60378375531121,0,1.77136041957708,0,0,0,0.462972084769973,0,0.503870520870247,0,0,0,0,0,0,0,0,0,0.478912855807629,0.492635308587673,0.878561924273919,0.573463203620754,0.421291730152228,0,0.273640527699016,0.444278983050414,0.784599981239027,0.14580656894297,0,0,0,0.4795004823823,0.372936182818524
440,-0.0600000002905229,0.0100010185126152,0.0428088866287142,0.0609933708834735,0.00500000045494211,0.0414224886007947,-0.00999999945340881,-0.0338305276383811,0.0399999999518557,0.766866201464028,-3.37535525883991e-06,3.05360363648762e-06,0.641836689455849,0.00357097664108344,0.0246859004736604,0.0519969380742201,7.48864601347497e-11,5.3326136347057e-05,-6.44135856410646e-05,-3.32366796812929e-05,-5.98823931111545e-11,-0.000144282244197369,2.10330136692809e-10,0.000285691161313876,-3.00480350791922e-11,-2.73928801306943e-06,1.12262264313527e-06,0.00140266438773317,5.40065629337769e-06,0.000289113138834027,1.60512738179533e-07,-0.399999967921075,-0.400000010564857,0.250000006651887,-0.399999960753885,0.39999997504552,0.249999992677697,0.400000086163553,-0.0553956214932555,0.24999999080985,0,0,0,0,0,1.2315749886183,0,0,0,0.687319892665683,0,0,2.30181429759525,0,0,0,0,0,1.59028305377188,0,0,0,0,2.61954199152567,0,1.9080105986942,0,0,0,0.518886550944549,0.0067108393346289,0.549963570402952,0,0,0,0,0,0,0,0,0,0.459574977973485,0.494039690055289,0.863334550494394,0.568362411013004,0.409586567834403,0,0.235487400821137,0.469098624602736,0.771672370749832,0.139046332789773,0,0,0,0.476699633757312,0.384646099892979
441,-0.0600000002377948,0.0100030771347814,0.0428078376618167,0.0609927899149636,0.00500000016677041,0.0414197533243221,-0.00999999909579318,-0.0338252389145524,0.0399999999569336,0.766858669640129,-3.42052564573121e-06,3.1536601217313e-06,0.641845688367502,0.00357117828699767,0.0246914997321634,0.0519969393500268,1.05082333949857e-10,9.94555589800413e-05,-5.45330568453831e-05,-3.36102463729713e-05,1.55756234532603e-11,-0.00013688047632132,2.12959765942959e-10,0.000277881843164152,-2.79663914288481e-11,-4.6275661420378e-06,-6.55824227546218e-06,0.00117622543044043,6.24846382317552e-06,0.000280671071523602,-6.20618800554459e-08,-0.39999997919656,-0.400000006041323,0.250000006857627,-0.399999982344417,0.400000006305236,0.249999992017044,0.400000097347627,-0.0408630640311614,0.249999992445811,0,0,0,0,0,1.23018808757192,0,0,0,0.687219652915954,0,0,2.2693420666334,0,0,0,0,0,1.565805029621,0,0,0,0,2.61633206370148,0,1.91279472606296,0,0,0,0.528618703684523,0.0297218337524188,0.566211968704007,0,0,0,0,0,0,0,0,0,0.463798133490252,0.49570732057861,0.859617479166687,0.560974027015369,0.412824451390543,0,0.221596571802813,0.4702491793973,0.768405048269237,0.135584010376133,0,0,0,0.469760970043144,0.387366936284002
442,-0.0600000001779932,0.0100020067047211,0.0428061764766538,0.0609922442271625,0.00500000023685121,0.0414171947775424,-0.00999999929962882,-0.0338201708333354,0.0400000001948283,0.76684970203332,-3.11255033430908e-06,2.95244170751059e-06,0.641856402457169,0.00357124676063397,0.0246963656974354,0.0519969418559467,9.24732729970447e-12,-3.60979297963631e-05,-7.59148770835525e-05,-2.08185903450013e-05,4.56982999820729e-11,-0.000125891889892255,2.94591565015941e-10,0.000236817384367224,1.43480316000685e-11,5.87608223158984e-06,9.27544484606581e-06,0.00137238897404132,8.37688691467372e-06,0.000239308149394419,-2.27867275569316e-07,-0.399999970304229,-0.400000006493951,0.250000004230053,-0.399999979696672,0.400000019229993,0.249999989954558,0.400000111714839,-0.000267871081439868,0.249999998306295,0,0,0,0,0,1.25434235947206,0,0,0,0.75092059227491,0,0,2.21583573466886,0,0,0,0,0,1.61109375569909,0,0,0,0,2.61673252023288,0,2.0119910931388,0,0,0,0.538842975040798,0.0279618556295471,0.581987010027446,0,0,0,0,0,0,0,0,0,0.488342068613535,0.512891510681157,0.884946457350282,0.542620525652625,0.40768763371775,0,0.213911111684218,0.441751294497525,0.747366878572125,0.0801148296302035,0,0,0,0.405040259626263,0.336548104782318
443,-0.0600000000167709,0.0100017715191225,0.0428047579057655,0.0609918059037977,0.00500000163267441,0.0414146345355191,-0.00999999901008424,-0.0338152915747411,0.0400000003755455,0.766840941374321,-3.11633516870014e-06,3.01216889991498e-06,0.641866869001685,0.00357143291462208,0.024701300051634,0.0519969393550994,4.26422296886394e-11,-9.6759391567466e-06,-7.03188596562289e-05,-2.16846660579403e-05,1.29788806478149e-10,-0.000127831840661349,3.63994177727179e-10,0.000244210756367491,-7.48986388029535e-14,-3.75988966364962e-07,1.93649489873646e-06,0.00136373552044364,9.65310440131714e-06,0.000246758625716057,3.21669067315417e-08,-0.399999979060433,-0.400000003710614,0.250000003404881,-0.399999997559081,0.400000053400225,0.24999999214965,0.400000148829791,0.0288613088628326,0.250000000526476,0,0,0,0,0,1.2467412916894,0,0,0,0.776211955221482,0,0,2.20080216273525,0,0,0,0,0,1.6542255654381,0,0,0,0,2.56264987268998,0,2.01607398296443,0,0,0,0.554617681748081,0.0613622533910863,0.600696094177018,0,0,0,0,0,0,0,0,0,0.487630378191994,0.515472462098151,0.880980961935009,0.549120230818107,0.417105760625189,0,0.212506868489124,0.437474120220392,0.738476239970363,0.0786210737856872,0,0,0,0.406614739147007,0.339108188453884
444,-0.060000000056688,0.0100030086357677,0.0428035197303995,0.0609912131147768,0.00500000259956699,0.0414117889793896,-0.00999999836307978,-0.0338096037178158,0.0400000003256351,0.766832129742522,-3.35239071031046e-06,3.10133756685506e-06,0.641877396149509,0.0035716012082319,0.0247070453238739,0.0519969381641051,5.7981265933337e-11,6.11288721911984e-05,-6.28856587596935e-05,-3.2055587307399e-05,1.78945735629742e-10,-0.000144276855223036,3.03117725608933e-10,0.000287623509989477,-1.00580539751435e-11,-3.34300501398892e-06,-5.01091701421222e-06,0.00139076249858837,6.87928044532317e-06,0.000290566670129007,1.92019551889785e-07,-0.399999986859365,-0.399999995996155,0.250000002945866,-0.400000010800428,0.400000073185351,0.249999992364562,0.400000129491566,0.0354767996906314,0.249999999867022,0,0,0,0,0,1.24473281657121,0,0,0,0.783037104968863,0,0,2.17641016344855,0,0,0,0,0,1.68874873021624,0,0,0,0,2.49923615569346,0,2.01157341893913,0,0,0,0.586771465536887,0.110481223715944,0.629024866212719,0,0,0,0,0,0,0,0,0,0.477787430733888,0.511377888555095,0.872188013384523,0.550545379372233,0.417205620946201,0,0.197817221438533,0.431022465844406,0.727467395048797,0.0624130652697406,0,0,0,0.405826284267291,0.336848675004726
445,-0.0600000001616317,0.0100088517467289,0.0428024693833431,0.0609897837171693,0.00500000091072452,0.0414073621611102,-0.00999999922656152,-0.0337999328699953,0.0399999999527049,0.766822251046723,-3.81618389401559e-06,3.2579633310196e-06,0.641889197752174,0.00357161349303442,0.0247168237041415,0.0519969362240462,1.93882902845327e-11,0.000333599557017354,-5.2714384087764e-05,-8.51885600335192e-05,1.36518945960244e-10,-0.000243808020121181,2.15686012869049e-10,0.000532228100027822,-3.97414048339226e-11,-9.36341601505021e-06,-4.80576279721366e-06,0.00164805763571727,-4.41957713832283e-06,0.000538126884430228,2.66427803432827e-07,-0.400000002079189,-0.399999975464198,0.250000003437012,-0.400000012701126,0.400000055282205,0.249999993440121,0.400000090532319,0.00816160299518108,0.249999991555819,0,0,0,0,0,1.22325435786256,0,0,0,0.751155080184524,0,0,2.20793760253562,0,0,0,0,0,1.68625905998409,0,0,0,0,2.43361874991181,0,1.91194080076131,0,0,0,0.587561504891306,0.13524569910883,0.621405299558261,0,0,0,0,0,0,0,0,0,0.442409698042477,0.485430553547579,0.837530958185119,0.578452502237191,0.4268008712886,0,0.211238394773045,0.448037174745902,0.740075402427347,0.104465736760374,0,0,0,0.480997118205135,0.389407320761208
446,-0.0600000001165068,0.0100457825516574,0.0428015956988415,0.060982387351528,0.00500000152794631,0.0413909566869555,-0.00999999919550214,-0.0337593419288569,0.0399999999605856,0.766808576042245,-3.90552939326154e-06,3.43695881674356e-06,0.641905534015157,0.00357110905163377,0.0247577219115134,0.0519969421848111,-1.42737397099863e-10,0.00323964200169637,-4.21487773200042e-05,-0.000634934395729059,1.81810770648607e-10,-0.00137192279785604,3.4815382409027e-10,0.00344445610895727,-2.67597400734292e-11,-7.18720761765577e-06,1.97247917685964e-05,0.00260785194719212,-4.06276265504059e-05,0.00346134283945251,2.45962398835018e-08,-0.399999996970892,-0.399999982264407,0.250000001895905,-0.400000014673127,0.400000074643732,0.249999993372657,0.40000010047527,-0.0411987047229098,0.249999993547303,0,0,0,0,0,1.21800573731647,0,0,0,0.720807461100803,0,0,2.19664644523632,0,0,0,0,0,1.68522076115876,0,0,0,0,2.41083879041399,0,1.89941378287873,0,0,0,0.582578230802215,0.122688101692978,0.612402295617303,0,0,0,0,0,0,0,0,0,0.435500970954869,0.47661078239946,0.836151338693796,0.588151838663409,0.424443081545334,0,0.225155825209853,0.43839270585342,0.736758185097842,0.0958171221752004,0,0,0,0.488758834719576,0.386224855347167
447,-0.0600000000906718,0.0101447942923956,0.0428007640844263,0.0609638489110315,0.00500000129721906,0.0413508733666619,-0.00999999911206621,-0.0336565318199085,0.0399999999587404,0.76679335689297,-3.8451595755165e-06,3.52503843889553e-06,0.641923714096625,0.00357053832365967,0.0248607997719763,0.051996945671248,-2.11089459620901e-11,0.00663053957108709,-4.16252352844254e-05,-0.0012259443207692,2.1156148397481e-10,-0.00264304726495486,2.72268950135061e-10,0.00682123651865368,-1.9337504752137e-11,-9.69882847264369e-07,6.19530374736242e-06,0.00239017497087913,-2.77543725083042e-05,0.00683382156914165,3.68190387688609e-08,-0.399999999661047,-0.39999997581875,0.250000001591723,-0.400000019031403,0.400000087051335,0.249999993506037,0.400000107255604,-0.0658040893451774,0.249999993203142,0,0,0,0,0,1.21551813649686,0,0,0,0.70144467421263,0,0,2.19233570110964,0,0,0,0,0,1.67694282600155,0,0,0,0,2.4043303836019,0,1.88893672543546,0,0,0,0.584522429966976,0.126562864952006,0.615835469139692,0,0,0,0,0,0,0,0,0,0.435304470496436,0.475254994712657,0.837331289784051,0.591255352007316,0.425816226404974,0,0.236341722045945,0.43352578599648,0.731635655711963,0.0835656939026711,0,0,0,0.485560765672154,0.384085969951877
448,-0.0600000000893459,0.010254247970103,0.0427999323027183,0.0609429173867509,0.00500000079104047,0.0413038201970228,-0.00999999907355368,-0.0335423367395608,0.0399999999490507,0.76677134488241,-3.87378531907637e-06,3.70886583597932e-06,0.641950007065536,0.00356947346132791,0.024975571579535,0.051996934770944,1.09795477464739e-11,0.00439760170838809,-4.2175544183546e-05,-0.000827617172152526,1.89541255635409e-10,-0.00190689059897013,1.98819007965681e-10,0.00461616849917277,-2.92944897365469e-11,-3.92493490540999e-06,-3.26598921369048e-06,0.00283771582284886,-2.82457368117764e-05,0.00462898068772759,-1.21580423369689e-07,-0.400000017667452,-0.399999950406334,0.250000001666519,-0.400000026978345,0.40000007820407,0.249999993221219,0.400000103190732,-0.0142421865211784,0.249999990866577,0,0,0,0,0,1.21379853653148,0,0,0,0.743486168240619,0,0,2.19302822957614,0,0,0,0,0,1.67653920182102,0,0,0,0,2.39821881628629,0,1.88172878363794,0,0,0,0.593675263054805,0.144221570310706,0.628462666543135,0,0,0,0,0,0,0,0,0,0.437801134164666,0.477320120550565,0.838931776254948,0.590819679860474,0.429672918371818,0,0.236816195793585,0.432110214213448,0.728378833841748,0.0753825936994752,0,0,0,0.480267856348122,0.384461893133856
449,-0.0600000000148519,0.0103454975600741,0.042799075956669,0.0609256570059383,0.0050000010328937,0.0412651290973951,-0.00999999904690219,-0.0334463444282839,0.0400000007387745,0.766752405761309,-3.830535772622e-06,3.62466640649132e-06,0.641972628051459,0.00356878651109079,0.0250716720825696,0.05199694070986,9.10316112251392e-12,0.00473158818832635,-4.24046530530704e-05,-0.000892176297923095,2.0734545265823e-10,-0.0019990303658199,3.31256362311323e-10,0.00495851982062162,-1.75175718370766e-11,6.36008937586217e-06,4.79283266870349e-06,0.0029447104715186,-3.30413606751439e-05,0.00497375638498895,2.44465105844552e-07,-0.399999998482585,-0.399999949247282,0.250000001995637,-0.400000007858987,0.400000085028293,0.249999991410083,0.400000139261879,0.0126602500450573,0.249999990023642,0,0,0,0,0,1.23887443277894,0,0,0,0.795511629270155,0,0,2.18340095936979,0,0,0,0,0,1.71268999977391,0,0,0,0,2.41046485170255,0,1.93975363569898,0,0,0,0.602782157793732,0.134078843162537,0.638526125801584,0,0,0,0,0,0,0,0,0,0.453082311831241,0.483612521914921,0.855248002292392,0.566856531056879,0.415646213000725,0,0.203145039599917,0.396125631322401,0.703357264264383,0.00169515667734042,0,0,0,0.414965769985019,0.328159345452063
450,-0.0599999999878909,0.0104427317064496,0.0427982202427492,0.0609073520720989,0.00500000071119505,0.0412241059917971,-0.00999999901081417,-0.0333445652833816,0.0400000002220366,0.766733554190814,-3.81584687616982e-06,3.64301740542063e-06,0.641995143123045,0.0035681253707935,0.0251737497318651,0.0519969401977998,-1.51547423598672e-11,0.00499018380244537,-4.28374544065863e-05,-0.000936753586352865,2.19175336786832e-10,-0.00209989169571879,3.41877946619625e-10,0.00521561064488963,1.63585440955313e-12,2.63314855314153e-07,2.17131848766436e-06,0.00289407123725123,-3.19386888887307e-05,0.00523018447427297,7.9290893065643e-10,-0.400000009557225,-0.399999927514937,0.250000001861373,-0.400000012991657,0.400000090181898,0.24999999148974,0.400000145035197,0.0197729273361022,0.250000000657479,0,0,0,0,0,1.23580471569314,0,0,0,0.799446110415731,0,0,2.17372051959934,0,0,0,0,0,1.7138924704418,0,0,0,0,2.39520719200671,0,1.93537985182711,0,0,0,0.618424295708583,0.158639106264631,0.655466484033664,0,0,0,0,0,0,0,0,0,0.452624293789779,0.484443447507735,0.855080057709853,0.567357017560914,0.417960028473842,0,0.203459942219352,0.394923989674338,0.699329715272313,0,0,0,0,0.411606129551909,0.328441116211908
451,-0.0599999999462604,0.0105399469017453,0.0427973578867751,0.0608889978953405,0.00500000031469457,0.0411828102702005,-0.00999999914898169,-0.0332426566981224,0.0400000001731551,0.76671402225503,-3.80433964552562e-06,3.66616135493633e-06,0.642018469361594,0.00356740801356588,0.0252759692017143,0.0519969391977316,-2.32961851510359e-11,0.00474346671458623,-4.32114710217493e-05,-0.000891802046553249,2.45522770712627e-10,-0.00201442210102266,3.57018608616187e-10,0.00497253238467883,1.08655374509072e-12,5.14285634822264e-07,1.35467991108998e-06,0.00292216454979312,-3.13000226048829e-05,0.00498698313428334,1.87285454543581e-08,-0.400000016734758,-0.399999914429411,0.250000001551778,-0.400000019227677,0.400000101021235,0.250000000586903,0.400000154393388,0.0302730035043354,0.250000000461184,0,0,0,0,0,1.23011611868076,0,0,0,0.808807513498619,0,0,2.16686886275678,0,0,0,0,0,1.71216303241623,0,0,0,0,2.38118245671519,0,1.92647642360108,0,0,0,0.625601860107087,0.172326817845345,0.664648020733506,0,0,0,0,0,0,0,0,0,0.45294560250537,0.484423944271554,0.855775921709998,0.56923219773497,0.420026682388032,0,0.208378401754662,0.392152264203213,0.695627603932076,0,0,0,0,0.409083774710191,0.327755107566541
452,-0.0600000002198073,0.0106280809634718,0.0427964856757207,0.060872310567208,0.00499999942798552,0.0411449458733178,-0.0100000005548768,-0.0331498137428329,0.0399999999873588,0.7666947032432,-3.79856052132704e-06,3.67939042219645e-06,0.642041539858324,0.00356673151435661,0.0253691118810613,0.0519969384035261,8.57620287952241e-12,0.00408337278801936,-4.38190290499914e-05,-0.000771882514512792,-5.14924847518529e-11,-0.00176069651006374,-1.23010772973257e-10,0.00431274184345616,-5.35463058215016e-14,5.76259434913484e-07,2.43302260712933e-07,0.00287225610629559,-2.9287341380556e-05,0.00432657515815571,1.90951002680511e-08,-0.400000007560434,-0.00557596729668375,0.149999999736683,-0.400000000774061,0.216503229975384,0.150000000242756,-0.057150329477086,0.399999986929963,0.150000000022489,0,0,0,0,0,1.018933485116,0,0,0,0.489163993836043,0,0,0,0,0,0,0,0,0,0,0,0,0,0,0,0,0,0,0,0.46323130673788,0,0.336692094590995,0,0,0,0,0,0,0,0,1.78770669841175,0.300314142390027,0.443332714432218,0.973196827127213,1.04375485289573,0.383294748033801,1.37650511935298,0,0.421651936116473,0.848510949446347,0,1.90357309657899,0,1.49237315779503,0.588022643292436,0.361614294387927
453,-0.0600000002607148,0.00999999936621099,0.0429927852823653,0.0609405608242655,0.00499999768943491,0.0411506684468612,-0.0100000021668519,-0.0332505971376856,0.0402023458876221,0.765974932536533,-1.10533847891966e-06,3.78253157465869e-05,0.642900084737344,0.00359858613092539,0.025274647790751,0.0520010110065421,1.81123629601327e-08,-4.19449708416746e-08,0.00299920489022174,0.00355747972313883,-3.84898391237878e-09,0.00129055026941419,1.87915392756957e-09,0.00103233077666778,0.0173843639102372,-0.0307155329720268,0.0169598483642472,0.0170527176103852,0.00184616455712595,0.000797235685942356,0.00127948309917702,-0.400000007355232,0.0539193397694357,0.149999999628048,-0.399999972379899,0.224250551351763,0.150000000266094,-0.0505347679049788,0.399999968925119,0.150000000349102,0,0,0,0,0,1.0254181159169,0,0,0,0.515365195279374,0,0,0,0,0,0,0,0,0,0,0,0,0,0,0,0,0,0,0,0.474941319876872,0,0.34547562791236,0,0,0,0,0,0,0,0,1.77943535696208,0.300180720213176,0.442112963004299,0.966613123283522,1.0380319084246,0.384502795990063,1.37436055806915,0,0.42007921677383,0.846886298159475,0,1.89878920745306,0,1.49371239550278,0.58761474085001,0.362469398120539
454,-0.0600000002000298,0.00999999939704196,0.0429905225120023,0.0609455706249611,0.00499999862624356,0.0411672335594552,-0.0100000017598021,-0.0332321513140393,0.0403444478875616,0.765903448704272,-5.12047248208188e-06,5.48209821463852e-06,0.642985244944483,0.00360134845950842,0.0252921991994775,0.0519984542627716,-1.89105430675662e-10,4.0845061021007e-10,3.53405940207895e-05,0.000127095736548493,8.81101067196461e-11,7.85142463914811e-05,1.61654426398505e-09,0.000199847755367957,0.000139295683348398,-0.000700864456664323,-0.000137541394059821,0.00109244725078027,-2.61293239835562e-05,0.000153238009112867,-4.42603736739524e-05,-0.400000005107882,0.0507364645593416,0.149999999688015,-0.399999975390696,0.21728261882091,0.150000000249378,-0.0499662967344046,0.399999962565854,0.150000000183492,0,0,0,0,0,1.02086521744504,0,0,0,0.519222226033437,0,0,0,0,0,0,0,0,0,0,0,0,0,0,0,0,0,0,0,0.483753810787632,0,0.356195169501188,0,0,0,0,0,0,0,0,1.77544953721224,0.297515067548616,0.441326918518467,0.961311030880566,1.03686101126903,0.386380126047188,1.37370666496257,0,0.418363885656831,0.839400992981464,0,1.89115253855753,0,1.48940996248316,0.583753836860532,0.36341744010741
455,-0.0600000002708656,0.0099999997838871,0.0429915422870355,0.0609450134438943,0.00499999900044564,0.0411688909638517,-0.0100000009956473,-0.0332294241729689,0.0403462694484275,0.765897387153129,-5.07676250643868e-06,5.47405065271854e-06,0.642992465205955,0.00360106661724158,0.0252947277311307,0.0519982777526262,-1.20926324716618e-10,-9.73709181019534e-11,5.24615827988951e-05,-2.42066295120738e-05,-1.88008326957918e-10,8.56908263368027e-05,-2.09918629207191e-10,0.000121960675490182,9.46115654933833e-05,-1.25727168269148e-05,-8.87455662689323e-07,0.000955857261051312,-9.85642131706279e-06,0.000125097339947603,-6.4784235365568e-06,-0.400000012807565,0.0410960900601499,0.149999999052397,-0.399999994010985,0.21085935786457,0.150000000774856,-0.0441983944277801,0.399999978095941,0.150000000455864,0,0,0,0,0,1.01290625855349,0,0,0,0.546824715553931,0,0,0,0,0,0,0,0,0,0,0,0,0,0,0,0,0,0,0,0.502283186472944,0,0.379789096374055,0,0,0,0,0,0,0,0,1.78464700967054,0.302740617484264,0.451577167383866,0.964689745921642,1.04420759831279,0.398032617640231,1.38784835014537,0.00537323593337855,0.41913121456715,0.832482455371917,0,1.88531986829036,0,1.48852002156881,0.578612684506945,0.365585638480588
456,-0.060000000271805,0.010000000075307,0.0429931580586107,0.060943993998161,0.00499999926574425,0.0411721724576234,-0.0100000007589885,-0.0332235629131934,0.0403479843407005,0.765885623231022,-5.38969608084996e-06,5.71763422220494e-06,0.643006477485785,0.00360051128507922,0.0252997090720462,0.051998274148192,-8.7101238558019e-11,-1.88828448925299e-11,7.05042177605346e-05,-3.57442805232899e-05,-9.18009150098736e-11,0.000149429876002249,-1.56299286937638e-10,0.000223972059134468,8.03883153138229e-05,6.16014083603187e-06,-1.30402563329658e-05,0.00173338670825704,-1.28644972030285e-05,0.00022783368295503,-3.1128656208581e-06,-0.400000002118622,0.0366403210934032,0.149999999564958,-0.399999991248473,0.199983514120469,0.150000000256712,-0.0263093920055452,0.399999986947642,0.150000000556587,0,0,0,0,0,1.00084232021705,0,0,0,0.593234633820392,0,0,0,0,0,0,0,0,0,0,0,0,0,0,0,0,0,0,0,0.526595107421483,0,0.405415584382775,0,0,0,0,0,0,0,0,1.79198905286378,0.302404391560791,0.459738782355789,0.961496579658226,1.0515220444452,0.408062074117403,1.40569769263988,0.00565145564777506,0.416315980639792,0.821770645949158,0,1.87359471688026,0,1.4873015982309,0.576271788977508,0.364638344452682
457,-0.0600000002892204,0.0100000001288847,0.0430040296045395,0.0609371283239113,0.00499999975388836,0.0412010935642571,-0.0100000007361908,-0.0331763849977092,0.0403560672043867,0.765771214839231,-5.34083547350652e-06,5.87524289673891e-06,0.643142724959989,0.00359829297909701,0.025347127547548,0.0519982605982201,-3.24703619200609e-11,8.22314909167017e-14,0.000806568463294989,-0.000461214371531147,-2.11646163112651e-11,0.00224181583947864,-1.19001524347012e-10,0.00349313796803625,0.000649391437888933,-5.89004197331615e-05,1.82421415012119e-05,0.0280563007832273,-0.00011092133398479,0.00362060683969991,-6.57216154233625e-06,-0.400000001643525,0.039357457700243,0.149999999656316,-0.399999999710285,0.183783536501078,0.150000000179533,-0.0108443188025741,0.399999990124987,0.150000000469843,0,0,0,0,0,0.981688537865955,0,0,0,0.618029875735395,0,0,0,0,0,0,0,0,0,0,0,0,0,0,0,0,0,0,0,0.546538501099682,0.00519689082564586,0.424431464453245,0,0,0,0,0,0,0,0,1.78763452407923,0.298500791180027,0.460123299584832,0.954268202488058,1.05306931654094,0.410492679648196,1.41413981460611,0,0.408365912495945,0.811252651343042,0,1.85668326955095,0,1.48318931540081,0.574183453423547,0.358735437170227
458,-0.0600000001830691,0.0100000001851194,0.0430356717650678,0.06092138874797,0.00500000071801616,0.041280390425793,-0.00999999974316836,-0.0330417665079921,0.0403779861308288,0.765460986458395,-5.18604781509104e-06,5.98462315742147e-06,0.643511924995254,0.00359662975338711,0.0254848971649921,0.0519982405090274,4.314124124813e-11,-1.02997347832701e-11,0.00231368615063749,-0.00111856313794441,6.42506062875361e-11,0.00576232384404375,6.3141536490523e-11,0.00977556411988522,0.00159063399572452,-3.65385186377149e-05,-1.29005626109539e-06,0.0697609255233181,-9.97110824658408e-05,0.0100340197145121,-1.68413303381492e-06,-0.400000000184506,-0.399999991240006,0.249999999960229,-0.0715896071613153,0.400000023851774,0.223704336127922,0.400000027235302,0.283625882468989,0.249999999797111,0,0,0,0,0,1.00759621351224,0,0,0,1.10461020552136,0,0,0,0,0,0,1.18617755482252,0,1.99848230618673,0,0,0,0,3.6112827160207,0,0,0.81618110119882,0,0.169998955668307,0.564472724836666,0.199620221120769,0.534851459384203,0,0,0,0,0,0,0,0,0.837295839618428,0.278901418713453,0.328563629540429,0.78763362879145,0,0.327759907012451,0,0.0665146678023542,0.299764470346276,0.627656459077157,0,0,0,0.676514947376156,0,0.298960919889409
459,-0.0600000002322957,0.0103214947244286,0.043034252534193,0.0608666581487477,0.00500000006668206,0.0411843893851682,-0.00999999994489656,-0.0327129875447139,0.0403752291658663,0.765441672343351,-2.2669273893177e-06,2.61791193905802e-06,0.643534898745652,0.00359845648766807,0.0258130586539076,0.0519968537273196,8.22955817263657e-10,0.0240712694802425,-9.65397395201108e-05,-0.00407704809096466,-2.12896251756202e-11,-0.00826108760324042,-6.83109163783089e-10,0.0240241710588954,-9.41755757785986e-05,0.000211998738668505,-0.000376893383768564,-0.00255774842120774,0.000119403617591425,0.0239638277605248,-4.36454982914343e-05,-0.400000001702307,-0.400000006162124,0.249934579381274,-0.306064729205386,0.399999989463336,0.23503578725155,0.399999992938438,-0.0984593501760415,0.250000000328573,0,0,0,0,0,1.20764504924558,0,0,0,0.716823191050852,0,0,0,0,0,0,0,0,2.10647712388007,0,0,0,0,0,0,0,0,0,0.0108681418368345,0.500641934095948,0.0513469590882102,0.460163116844568,0,0,0,0,0,0,0,0,0.975142967530635,0.356754421817837,0.411736291410027,0.920161097938448,0.597824056841339,0.361567090646474,0,0.173575785191797,0.410552744258338,0.731935626155743,0,1.84529573748567,0,0.736748294984382,0.409598758824205,0.36038336972922
460,-0.0600000001860764,0.0100000003304387,0.0430515864343923,0.0608911799511487,0.00500000106432366,0.041189591559291,-0.00999999977140003,-0.0327287921671751,0.0404466171634995,0.764819028439814,3.34029545251482e-06,7.82382578318753e-06,0.644274771443488,0.00360126578787354,0.0258119878921688,0.0519980675560012,2.34109507437613e-08,-3.30917088061714e-09,-0.000546319059843619,0.00139692232132793,-1.34483022277374e-08,0.000192527976211126,-5.17567226344535e-10,-0.000737990487124047,0.00443465804045417,0.00623339391303406,-0.0072282991052233,0.00386557305133812,0.00182015989740986,-0.000264271976488816,-9.09394672198957e-05,-0.399999998318249,-0.399999976985337,0.250000000132885,-0.172855845922417,0.400000173454813,0.226856632518551,0.400000042503773,0.368207021917814,0.250000001060643,0,0,0,0,0,1.07431346136534,0,0,0,1.17758905697073,0,0,0,0,0,0,1.18856437855291,0,2.00838732928026,0,0,0,0,0,0,0,0.837803268396522,0,0.178873943830722,0.571362336933649,0.2058944834899,0.544341797274467,0,0,0,0,0,0,0,0,0.83948998458444,0.280440164983219,0.325647461456046,0.794282688111615,0,0.330486154022097,0,0.0879731053759584,0.294102220620146,0.623748757000062,0,1.60107034518858,0,0.673794746038941,0,0.298940076978085
461,-0.0600000001873609,0.0100000004894926,0.0430662248727581,0.0608823587317348,0.0050000010981022,0.0412280134817738,-0.00999999978218582,-0.0326523442357598,0.0404416021763332,0.764679279362253,-3.02334688651871e-06,2.98231599030552e-06,0.644440631430801,0.00360018129103139,0.0258816592411113,0.051997718966654,4.43009182673898e-11,8.52802608626927e-11,0.000689599433584826,-0.00035552379491446,5.30479798662579e-10,0.00182914527925736,1.60416025233015e-11,0.00305996282972321,-0.000399775320124485,-0.000528244637106874,3.92017739957837e-05,0.0216426801349863,-2.93905234995045e-05,0.00319136941737652,-2.70553462017075e-05,-0.39999999686128,-0.399999974168418,0.25000000021936,-0.163675680487914,0.400000196085729,0.22553633622719,0.400000045569399,0.348105703502502,0.250000000578063,0,0,0,0,0,1.06419552199516,0,0,0,1.16412158172626,0,0,0,0,0,0,1.18772329313137,0,2.00545298108203,0,0,0,0,0,0,0,0.828000290713639,0,0.188031622518767,0.578630107173417,0.213793814649359,0.552867915042834,0,0,0,0,0,0,0,0,0.84112598648851,0.282130320865748,0.328182230911643,0.795074076442615,0,0.331026561684905,0,0.0854287526945286,0.298972950536575,0.627005116170864,0,1.61034434626653,0,0.675901356990018,0,0.301816455989341
462,-0.060000000193593,0.010000000214057,0.043076309080444,0.0608772910615182,0.00500000097125532,0.0412546588005743,-0.00999999978362245,-0.0326060708688167,0.0404355751831909,0.764575388829304,-3.04409201292557e-06,2.94504056037933e-06,0.644563885638104,0.00359970991631076,0.0259291392555602,0.0519977017307231,8.68955627284637e-11,-4.59126129116044e-12,0.000346751416719271,-0.000168572865151734,6.41366521594359e-10,0.000903362049031661,9.7624339294903e-11,0.00157681309277622,-0.000206769906795107,7.19471189688254e-07,4.93033929907351e-06,0.0109157263583964,-1.23079797420715e-05,0.00161807187774278,-3.6655437346648e-07,-0.399999976706787,-0.399999988564476,0.250000000510878,-0.212001889127072,0.400000264134598,0.226021475925515,0.400000057297976,0.352110754433633,0.250000000964413,0,0,0,0,0,1.09585517847541,0,0,0,1.16485283021636,0,0,0,0,0,0,1.19244023660289,0,2.01034110968216,0,0,0,0,0,0,0,0.830849417848741,0,0.179313363719037,0.569923392150644,0.203873263643801,0.545363492225884,0,0,0,0,0,0,0,0,0.844941034070367,0.285105229092956,0.328964672711081,0.801081590452245,0,0.329546069880552,0,0.0847319273112027,0.307908138310184,0.637391143150755,0,1.63158354028456,0,0.681831983938355,0,0.308489937300477
463,-0.0600000002184978,0.00999999996209578,0.0430816840673681,0.0608746773262885,0.00499999948557405,0.0412692153820367,-0.00999999995318678,-0.0325815858274777,0.0404323172173916,0.764520407033689,-3.0741015192288e-06,2.86673614001596e-06,0.644629098860832,0.0035995086167029,0.0259542769304849,0.0519977067984933,5.45553805581307e-11,-3.90836491729109e-11,0.000221922381191945,-0.000105643026708915,-1.03044730384865e-10,0.0005899678009705,-3.66698738554656e-11,0.000999089287420537,-0.00013382257660883,4.37861953657979e-07,9.9392785944672e-07,0.00688914576948425,-6.58877961769075e-06,0.00102519435048117,1.09631344993041e-07,-0.399999988887739,-0.40000000507118,0.250000000161452,-0.27083435412446,0.399999957537206,0.225726204901843,0.399999997212238,0.332322496026176,0.249999999920303,0,0,0,0,0,1.14429165358457,0,0,0,1.14211891273486,0,0,0,0,0,0,1.19580655767622,0,2.00236061427474,0,0,0,0,0,0,0,0.824632084896823,0,0.165824693492563,0.556712329145547,0.191703538036714,0.530833484601397,0,0,0,0,0,0,0,0,0.842951270631012,0.280868936762573,0.322736274756322,0.801083932637265,0,0.323192234681849,0,0.0838755272525552,0.31235136174786,0.64178198797592,0,1.64751379748192,0,0.684105285895198,0,0.31280674884695
464,-0.0600000002165114,0.00999999996889988,0.0430864449522401,0.0608721346837862,0.00499999908937634,0.0412836345921089,-0.00999999997471008,-0.0325590279967969,0.0404292996233499,0.76446849958789,-3.23373175691254e-06,2.64536667529812e-06,0.644690655310046,0.00359914356641425,0.0259774835672663,0.0519977168831218,2.80710785161666e-11,-5.98673094858744e-12,0.000257847520160551,-0.000137680721057838,-6.79434142767193e-11,0.000779180643728047,1.07684410358212e-11,0.00121821660585405,-0.000161791762473604,-2.02698436195921e-06,1.22355120267654e-06,0.0087118929339069,-2.02471785499995e-05,0.00125341905026515,3.74298980587047e-07,-0.399999984608221,-0.400000004649446,0.250000000312708,-0.306084489522403,0.399999971997185,0.225444961472745,0.400000000757572,0.300997138038849,0.250000000103586,0,0,0,0,0,1.17510456371139,0,0,0,1.10989921146226,0,0,0,0,0,0,1.20970193445972,0,1.99780556327343,0,0,0,0,0,0,0,0.822124100755696,0,0.139145768359355,0.53201231118237,0.166476526125653,0.504681553416073,0,0,0,0,0,0,0,0,0.844809352513805,0.281662037447578,0.320542090903838,0.805929299057547,0,0.318258377184328,0,0.0835264459579301,0.319017128679882,0.650678915969928,0,1.66320076791316,0,0.687275255706677,0,0.316733829524707
465,-0.06000000019566,0.0100000000032559,0.0430914306281838,0.0608693851294002,0.00500000077195737,0.041299238282514,-0.00999999981928791,-0.0325346985473586,0.040426035615305,0.764412016163528,-3.26919930113849e-06,2.58655135623217e-06,0.644757626942794,0.00359871612939652,0.0260025110225476,0.0519977120313149,4.61647701469164e-11,7.25735789709372e-12,0.000249471791761183,-0.000136670688809921,3.479265675356e-10,0.000777967064869134,9.22211654096593e-11,0.00121349091476242,-0.000162371185970899,-1.99846623574109e-07,1.18556869588707e-06,0.00872862816755282,-2.1038601473631e-05,0.00124833948488415,-1.06779993438808e-07,-0.399999980992751,-0.399999996422741,0.250000000429293,-0.314628756061149,0.400000142972278,0.226073804444511,0.400000037900399,0.265808013019564,0.250000000464807,0,0,0,0,0,1.19782918940278,0,0,0,1.07216335073901,0,0,0,0,0,0,1.2349875547625,0,1.99448122192216,0,0,0,0,3.78793073201482,0,0,0.820983927733424,0,0.0975798318693668,0.493909003910038,0.12626301470258,0.465225821076825,0,0,0,0,0,0,0,0,0.850207718030957,0.287655856202198,0.322103564553694,0.815760009679461,0,0.313952307512559,0,0.0849937148266146,0.329237438464086,0.665585363022754,0,0,0,0.691881814333113,0,0.321086448807987
466,-0.0600000001633469,0.010218808222621,0.0430898175252116,0.0608368623676184,0.00500000084142969,0.0412290294764568,-0.00999999976956791,-0.0323199864897067,0.040424219331584,0.764445651687772,-2.47351513007723e-06,2.18311751530827e-06,0.644717747237651,0.00360381376582178,0.0262158685626971,0.0519968093718987,6.96453295609607e-11,0.020051897313245,-0.000110320890830942,-0.00340172997870541,-2.10446891320275e-11,-0.006715671427069,-4.35007638794131e-11,0.0200615751976203,-9.62862002434896e-05,0.000132886109402221,-0.000462833480408691,-0.0012317668632296,3.10165574056247e-05,0.0200247175335122,-4.64718383533986e-05,-0.399999987962296,-0.400000002768496,0.250000000129964,-0.330116499827929,0.399999993503984,0.233448530322626,0.400000012798578,0.0786863020603738,0.249999999641713,0,0,0,0,0,1.22016436799447,0,0,0,0.89331658414324,0,0,0,0,0,0,1.26533678120978,0,2.00247142204082,0,0,0,0,3.91609046102777,0,0,0,0,0.0627875184887267,0.465017533278976,0.0925092352106272,0.435295816557074,0,0,0,0,0,0,0,0,0.858817675835628,0.293528198200187,0.325133991242235,0.82721188279358,0,0.312426417653919,0,0.104041845027028,0.338927640457637,0.674785835878638,0,0,0,0.69368405533237,0.366952011810341,0.326232613806693
467,-0.0600000002015282,0.0104902659355369,0.0430866653260446,0.060780900857348,0.00500000012841697,0.0411419903174747,-0.00999999957966429,-0.0320208751002407,0.0404212574452549,0.764316375716784,-3.74997033441236e-06,2.23413857595427e-06,0.644870999528366,0.00359490320224183,0.0265178327711883,0.0519968264265629,-6.66245560790712e-11,0.00893081725801919,-1.9040977577531e-05,-0.00167693686244474,5.71168392704445e-11,-0.00259712694943926,1.09778608512161e-10,0.00948649533482599,-6.78088130188332e-05,-5.57062298014825e-05,0.000175222262309842,0.0095309124187154,-0.0001542795613087,0.00955945633475002,1.73260450886638e-05,-0.399999997239605,-0.39999998374894,0.250000001598738,-0.399999997096242,0.400000018653224,0.249999999832843,0.400000052959017,0.0254888020586399,0.249999997304731,0,0,0,0,0,1.22349596689199,0,0,0,0.797791743950357,0,0,2.22549358952246,0,0,0,0,0,1.6848119801658,0,0,0,0,2.43728066321718,0,1.89659934842077,0,0,0.0123173720085032,0.657939615173669,0.187622794171411,0.701273916552607,0,0,0,0,0,0,0,0,0,0.470576324452101,0.499542638442519,0.880616896616539,0.579746607575966,0.431708048065154,0,0.24660394923465,0.397184473585753,0.701479412964154,0,0,0,0,0.400608705532902,0.329350301599064
468,-0.0600000001903615,0.0105819811805048,0.0430856711260565,0.0607644703346643,0.00500000008287164,0.0411005597541274,-0.009999999552769,-0.0319227657094994,0.0404194967597868,0.764288354029568,-2.43526505830579e-06,2.52067932692906e-06,0.644904210045291,0.0035942870396679,0.0266162955188892,0.0519966825734656,5.82786062165833e-10,0.00027153903988214,-3.91173495848102e-05,-2.78254795558077e-05,-4.88651258414507e-10,-0.000244274158307614,-1.4904152739099e-09,0.000462522756080418,-6.58898881748591e-05,0.000455441308444663,0.000316459991505535,0.00134196014756679,3.6412268463418e-05,0.000459457383626795,4.21448723300344e-06,-0.399999974568058,-0.399999981312564,0.250000002057307,-0.399999963336007,0.399999988782319,0.249999996424515,0.400000078786911,0.0836410737342466,0.249999997300778,0,0,0,0,0,1.23491589502296,0,0,0,0.845210757694895,0,0,2.22541512683995,0,0,0,0,0,1.68596826120343,0,0,0,0,2.44127926577478,0,1.9018317847457,0,0,0,0.617797296868529,0.136123173863806,0.658398582183321,0,0,0,0,0,0,0,0,0,0.467252684530363,0.492376356639142,0.876122175185553,0.579650361843916,0.425691910805984,0,0.24711362758273,0.391107564067075,0.702243909127117,0,0,0,0,0.405772482048018,0.32442273197138
469,-0.0600000001871499,0.0105861238747506,0.0430847411175277,0.0607641009912417,0.00500000008677154,0.0410975380005094,-0.00999999954996666,-0.0319160400293538,0.0404185698127794,0.764283472816067,-2.14493449300959e-06,2.24766289149327e-06,0.644909994824688,0.00359486652875146,0.0266230404263439,0.0519966965779516,2.21806860746658e-10,0.000184334537347117,-5.22312585025969e-05,-2.89180728074816e-05,5.55028927107676e-12,-0.000147006299741618,8.39212312238688e-11,0.000329642839448147,-4.46081499121818e-05,3.35779592906101e-06,-3.81725804638663e-05,0.000812300331491077,1.77833494193001e-05,0.000327981303572693,-5.02367507510244e-07,-0.399999985373762,-0.399999980211105,0.250000001260364,-0.399999978947358,0.400000003117851,0.249999997930412,0.400000073199954,0.0851861855993258,0.249999998469318,0,0,0,0,0,1.21341043533295,0,0,0,0.814233838073987,0,0,2.27816322894578,0,0,0,0,0,1.66552241304032,0,0,0,0,2.42978412719657,0,1.81714188327757,0,0,0,0.595039227617342,0.131884682981532,0.633923220620036,0,0,0,0,0,0,0,0,0,0.444037781669828,0.476457384925482,0.846473462626236,0.603913038631266,0.441066684498195,0,0.265092058777137,0.420881684397826,0.723775907976743,0.0338801965068325,0,0,0,0.481215805913739,0.385490662038579
470,-0.0600000001840803,0.0105889571781132,0.0430836487589669,0.0607635358121506,0.00500000006650268,0.0410947827341592,-0.00999999953863808,-0.0319100308246117,0.0404176985831645,0.764277913479777,-2.21934016775557e-06,2.00898750705905e-06,0.644916583142768,0.00359511998904955,0.0266290508783272,0.0519966972730274,1.06410199527256e-10,0.000134892593294747,-5.54701077157575e-05,-3.03874237250993e-05,5.77911459195699e-12,-0.000137771240136409,1.53896416584964e-10,0.000298515242193597,-4.2420527765822e-05,-3.45828646257386e-07,-1.30700242920861e-05,0.00087845014427421,1.00021711206201e-05,0.000299640446679027,1.56226617944456e-07,-0.399999984151353,-0.399999980012796,0.250000001210669,-0.399999977191429,0.400000001955111,0.24999999801763,0.400000075440093,0.0903692801673524,0.249999998520541,0,0,0,0,0,1.21452170035536,0,0,0,0.818024780141951,0,0,2.27727362817839,0,0,0,0,0,1.66416826123882,0,0,0,0,2.43140870653783,0,1.81830344393071,0,0,0,0.594432573826018,0.131161590950489,0.633857876350906,0,0,0,0,0,0,0,0,0,0.444954631656619,0.476899086884633,0.8467379900489,0.603511599933498,0.441528102459696,0,0.265529052608372,0.421578581235076,0.725200674383317,0.0361381671758433,0,0,0,0.481974254711144,0.38620762636691
471,-0.060000000182477,0.0105917329793792,0.043082527960823,0.060762877294109,0.00500000005768073,0.0410919756086936,-0.00999999952788774,-0.0319039526213503,0.0404168538754973,0.764272201411175,-2.29334836748305e-06,1.94948566869224e-06,0.644923352341877,0.00359529033964105,0.0266351576592452,0.051996697212628,7.18810721639159e-11,0.000136425437309923,-5.67625187708699e-05,-3.42409068061542e-05,3.01615080714864e-12,-0.000140929577076782,1.7338716007039e-10,0.000304028507733142,-4.21691302437854e-05,3.69318279700739e-07,-6.11602207902466e-06,0.00089458085075047,7.26743201934873e-06,0.000305773452609881,-3.65597331662697e-08,-0.399999982747417,-0.399999980073984,0.250000001225548,-0.399999975590573,0.400000001140753,0.249999998065547,0.400000077440327,0.0923139383885376,0.249999998552636,0,0,0,0,0,1.21529743795857,0,0,0,0.819489079784434,0,0,2.27826336769104,0,0,0,0,0,1.66433586169173,0,0,0,0,2.43380798576816,0,1.81988047379982,0,0,0,0.594381840378993,0.130531708046508,0.633923169372952,0,0,0,0,0,0,0,0,0,0.445205118022261,0.477130221847261,0.847006609442889,0.603717457175445,0.441854128176249,0,0.265548693143607,0.422076903450448,0.726023146199657,0.0367323555392747,0,0,0,0.482733995968465,0.386800807743186
472,-0.0600000001500719,0.0105942751636531,0.0430813765439403,0.0607621991526558,0.00499999989837475,0.0410891951193044,-0.00999999861477892,-0.0318979925899254,0.0404160114907095,0.764266382983504,-2.2983140103717e-06,1.90684777529605e-06,0.644930247464336,0.00359542127478098,0.0266411576805162,0.0519966972438095,2.24173667028242e-10,0.000125917292681353,-5.76940388868906e-05,-3.41633854557657e-05,-2.27580069354989e-10,-0.00013896911659231,5.09650561496835e-10,0.000297667482868484,-4.18737278741447e-05,-1.14791417336685e-07,-1.72525392129511e-06,0.000904240108978851,6.17534530379938e-06,0.000299842314220508,4.70167120888296e-08,-0.399999911788593,-0.399999954866951,0.250000003635253,-0.399999862667496,0.399999906130535,0.249999993824541,0.400000211762641,0.101739142016326,0.250000000539393,0,0,0,0,0,1.24169668768781,0,0,0,0.864040441150031,0,0,2.24340337493451,0,0,0,0,0,1.69557470701862,0,0,0,0,2.46081791716797,0,1.91298924998798,0,0,0,0.59595130282138,0.102703809832573,0.634259561289017,0,0,0,0,0,0,0,0,0,0.467734638705943,0.49168389374216,0.879070206959302,0.582452371640506,0.425118917004048,0,0.26442229881227,0.390790517909484,0.709697958230308,0,0,0,0,0.413080122823608,0.324225541259272
473,-0.0600000001685743,0.0105984838359531,0.0430802999925227,0.0607612861495105,0.00500000022852746,0.0410859155126833,-0.00999999960434434,-0.0318906618185189,0.0404151943876872,0.764260702450506,-2.47543285381851e-06,2.00468406153441e-06,0.644936979041135,0.00359554968431546,0.0266485297920747,0.0519966969272719,8.44822653443903e-11,0.000213462000976693,-5.52859644930263e-05,-4.84013930975245e-05,-7.21220216399665e-12,-0.000167186923099734,1.99003485404304e-10,0.000371808942419592,-4.22527268866912e-05,1.7298885487387e-06,-6.32208734073871e-06,0.000895718939008872,5.01916757619392e-06,0.000373644437460986,-4.46276389527779e-07,-0.399999974325191,-0.399999984003272,0.250000000688122,-0.399999968234943,0.399999997382099,0.249999998600337,0.400000088759828,0.0702964207818038,0.249999998573501,0,0,0,0,0,1.21872545918874,0,0,0,0.80190450874887,0,0,2.26351054826472,0,0,0,0,0,1.65603008037857,0,0,0,0,2.46641347716319,0,1.85893342803253,0,0,0,0.583647529905628,0.105173388476599,0.623008792169878,0,0,0,0,0,0,0,0,0,0.457387270434774,0.489535167054769,0.867173822113364,0.605513133824739,0.438915397616696,0,0.298618612349472,0.434654164311815,0.744718131734142,0.0712517329884878,0,0,0,0.483057283926295,0.384034554392967
474,-0.0600000001773742,0.0106088877131212,0.0430792981580274,0.0607593311086059,0.00499999992463347,0.041080385127713,-0.00999999929852475,-0.0318774611279665,0.0404143886203351,0.764254876067682,-2.74338916925592e-06,2.12080661167703e-06,0.644943883333174,0.00359562949471206,0.0266617888516139,0.0519966969546646,8.68853503728994e-11,0.000634441691382055,-5.14003857726619e-05,-0.00012261398787629,4.27721915537411e-11,-0.000326653529832916,2.1253909655631e-10,0.00077985415225987,-4.21194012430713e-05,-2.00556208109738e-06,-7.91353472336801e-06,0.000995789580240751,-4.75658885911513e-07,0.000782883531067809,-5.60586532938072e-07,-0.399999969289953,-0.399999992139939,0.250000001061829,-0.399999972815856,0.400000016826363,0.249999998262091,0.400000089539963,0.0366384638013459,0.249999998635817,0,0,0,0,0,1.24396589607811,0,0,0,0.810650522843459,0,0,2.27489769246582,0,0,0,0,0,1.66855424166791,0,0,0,0,2.54355405168052,0,1.93721059763987,0,0,0,0.58437383087555,0.063880867840928,0.619132976999492,0,0,0,0,0,0,0,0,0,0.471855244841983,0.496207833473352,0.886700201772863,0.577971699046697,0.417074402574046,0,0.258962356642143,0.408429431310652,0.729325150494161,0.00427227085622818,0,0,0,0.42059665056272,0.329295997616618
475,-0.0600000001862175,0.010621296869989,0.0430782812562273,0.0607569161539361,0.00499999941301408,0.0410739317900698,-0.00999999910462892,-0.0318621062979424,0.0404135575975612,0.764248320058618,-2.74758546095618e-06,2.11102252200159e-06,0.644951652088418,0.00359560406748014,0.0266772184193771,0.0519966971932265,6.55866070891817e-11,0.000613059783229949,-5.0862492567599e-05,-0.0001194061460961,2.26457372998497e-11,-0.000319712580737987,2.16294637015299e-10,0.000760194651234809,-4.15122907387941e-05,2.59744564010821e-07,1.24572660588335e-08,0.00101199106185766,-1.19695769356264e-06,0.000764016367591142,4.58698563878902e-09,-0.399999974380296,-0.399999988963278,0.250000000796756,-0.399999973647686,0.400000009382908,0.249999998797234,0.400000090467119,6.1248517019612e-05,0.249999999187931,0,0,0,0,0,1.22576025820696,0,0,0,0.750048364608843,0,0,2.28817395927687,0,0,0,0,0,1.61775315615646,0,0,0,0,2.54808220360831,0,1.87766077364653,0,0,0,0.553430041266923,0.0451787844235592,0.587439233969472,0,0,0,0,0,0,0,0,0,0.456809625884357,0.487022253049434,0.870843407030798,0.601843196259996,0.42822469378381,0,0.300704954172645,0.440320083855661,0.75292433590499,0.0776684016223765,0,0,0,0.483923941710037,0.381522708014187
476,-0.0600000001861059,0.0106269615072258,0.0430771761280607,0.0607556227385065,0.00499999952895289,0.0410699594297859,-0.00999999910426952,-0.0318532001696561,0.0404127054954001,0.764242055975524,-2.52736040871626e-06,1.97786736771509e-06,0.644959074766916,0.00359561687747048,0.0266861841631286,0.0519966974906896,6.64816732648318e-11,0.000225310137703942,-5.4674872987081e-05,-5.19102940962024e-05,2.06947284106358e-11,-0.000172172793296471,2.34837274158855e-10,0.000384744558698372,-4.08590538049943e-05,-1.04431649308749e-06,2.28298203484058e-06,0.000908082627080418,3.03454022631691e-06,0.000387798899292019,3.93418111139951e-07,-0.39999997133102,-0.399999988734667,0.250000000927944,-0.399999969322272,0.400000008076243,0.24999999881867,0.400000094685998,-0.00857028862760474,0.249999999223072,0,0,0,0,0,1.23239107103662,0,0,0,0.750075593601844,0,0,2.29932514067836,0,0,0,0,0,1.61277036599373,0,0,0,0,2.57140387302202,0,1.88484832320191,0,0,0,0.519858756583159,0.000676007309290824,0.551210791935469,0,0,0,0,0,0,0,0,0,0.456622136766424,0.483581334387004,0.870114009195072,0.602935194571749,0.425014032069093,0,0.30922174157242,0.437019871745095,0.754131620593697,0.0863488501289968,0,0,0,0.486952657394264,0.378452718003292
477,-0.060000000191128,0.0106343414682738,0.043076135194549,0.0607541282960232,0.00499999863084659,0.0410655113730055,-0.0100000009937432,-0.031842864393427,0.0404118948104347,0.764236207500878,-2.66930693914046e-06,2.07397892314978e-06,0.644966004850453,0.00359567241255788,0.0266965794019543,0.0519966969853228,8.16055628301549e-11,0.000397748664536475,-5.27877761731435e-05,-8.15123289689889e-05,7.97919406968959e-11,-0.000235601811557946,4.15838844781814e-10,0.000547259750098249,-4.16547283453841e-05,8.16745774621346e-08,-2.88563746708067e-06,0.000935100760557479,1.37321610573904e-06,0.000550059842429797,-2.99580770832474e-07,-0.399999969234035,-0.400000008496727,0.249999999244128,-0.399999984834454,0.400000032856946,0.249999999399652,0.400000174022675,-0.0339583345794075,0.250000000350254,0,0,0,0,0,1.22327304366949,0,0,0,0.734304291896957,0,0,2.24863437915903,0,0,0,0,0,1.55975503573856,0,0,0,0,2.53887268169418,0,1.84999266299764,0,0,0,0.496026360640704,0.0158576851559948,0.497363231354956,0,0,0,0,0,0,0,0,0,0.369364265806568,0.406677425693745,0.787105284807732,0.567162267834969,0.37295985547816,0,0.230480346254884,0.394777700358113,0.70688701165142,0.0395536219562063,0,0,0,0.486943860997353,0.361060263823828
478,-0.0600000002115849,0.0106360913558097,0.0430748414499087,0.0607534049386397,0.00499999983309036,0.0410627783062651,-0.00999999952643191,-0.0318372244017476,0.0404110134283074,0.764230002451903,-2.22229155917255e-06,1.77477108778698e-06,0.64497335728543,0.00359570761033816,0.0267022777858136,0.051996697169876,-4.72947001640037e-11,7.61474584555136e-05,-6.18195196432421e-05,-2.98233180565116e-05,3.71406025347862e-11,-0.000127647737743263,1.90486815405032e-10,0.000265303438999406,-4.11484424526163e-05,-1.59015036603072e-06,9.7486002745769e-06,0.000922280920769958,4.54330133918717e-06,0.000268464118192849,3.81740692606689e-07,-0.40000000206349,-0.399999982969736,0.249999997141478,-0.400000000100049,0.400000015139685,0.249999997497664,0.400000068596222,0.0916138236930815,0.250000000228972,0,0,0,0,0,1.23673504374294,0,0,0,0.823068943025847,0,0,2.21465307375246,0,0,0,0,0,1.54299504584704,0,0,0,0,2.54994186880823,0,1.87828365196465,0,0,0,0.493272107163477,0.0238960820778651,0.499690848680515,0,0,0,0,0,0,0,0,0,0.366990043177823,0.398700727044267,0.774823108993163,0.556813169942785,0.376263455643213,0,0.223859942201187,0.391348700895403,0.714819891352972,0.0446140318009997,0,0,0,0.496809936091734,0.368911445705211
479,-0.0600000001439009,0.0106434467189498,0.0430738328955914,0.0607520026849048,0.00499999922865879,0.0410584193082381,-0.00999999880166473,-0.0318270085629073,0.0404102330992635,0.764224455977902,-2.64969452166713e-06,2.10466898635537e-06,0.644979929242664,0.00359583296425371,0.0267125419002337,0.0519966961017785,1.27096947268121e-10,0.000409330317108611,-5.3555477273528e-05,-8.23773778138029e-05,1.5116369413181e-11,-0.000239086204290421,2.97902967385094e-10,0.000556946724940706,-4.28603133148529e-05,1.469477489506e-06,-1.22735034713504e-05,0.000913160704016473,2.89698085883889e-06,0.000558412954725473,-1.1603083892466e-06,-0.399999958236785,-0.399999980545596,0.250000002194871,-0.399999956015297,0.400000006685556,0.249999997774687,0.400000133411141,0.0943076422699954,0.250000000813234,0,0,0,0,0,1.22946123004625,0,0,0,0.769398195639278,0,0,2.11876050342867,0,0,0,0,0,0,0,0,0,0,2.53055094526373,0,1.82756393700739,0,0,0,0.489511679393878,0.026476813508362,0.548929124679819,0,0,0,0,0,0,0,0,0,0.476754430744351,0.477848008249225,0.85493294448345,0.56041536417487,0.419078944332775,0.651692092070809,0.322935148757158,0.43217707308534,0.753879802274694,0.116722240272235,0,0,0,0.459362221293819,0.373408009841187
480,-0.060000000231254,0.0106171624704668,0.0430675313893272,0.0607537266389889,0.00500000008411668,0.0410562911428255,-0.01000000077494,-0.0318232133624289,0.0404122110666207,0.764212060879468,-1.30109575701807e-06,5.08613769564229e-06,0.644994615661856,0.00359784740459425,0.0267163408607803,0.0519971538535479,4.23940372857413e-10,-0.000305065065956331,-7.71995559195331e-05,6.21673045339358e-05,6.12469347571993e-11,-6.35514787036383e-05,-2.17165586245744e-10,0.000136175821889527,7.87539486541586e-05,7.80389864855355e-06,-7.46290514639219e-05,0.0015859065344716,6.45582861435533e-05,0.000146222943645806,2.74770023481162e-05,-0.399999984844165,-0.400000027736593,0.249999997646111,-0.399999976291032,0.399999951686011,0.249999999642421,0.39999995272735,0.0471980058885232,0.249999999189794,0,0,0,0,0,1.2324746110075,0,0,0,0.683760870615207,0,0,2.10839306170319,0,0,0,1.02927744269064,0,1.57905709831748,0,0,0,0,2.55733526836974,0,2.02799922113976,0,0,0.246327738705074,0.65997549447679,0.286824093516416,0.689359127512285,0,0,0,0,0,0,0,0,0,0.411895835595073,0.451339573994819,0.795374500788086,0,0.317943879124616,0,0.0764099835785484,0.450034912274678,0.735357840207274,0.0414523506087554,0,0,0,0.35599048876063,0.316638965719664
481,-0.0600000001072097,0.0109139226542855,0.0430663560158361,0.0607262593531914,0.00499999977785976,0.0410068129143701,-0.0108655951509444,-0.0314509765655455,0.0402142721508409,0.76470838869488,-1.51940405527794e-06,2.85691427520262e-06,0.644406092833167,0.0036254038298521,0.0269303205957427,0.051996807435618,9.16542652881888e-12,0.0296614946868118,-2.0679784626765e-05,-0.00281727978992627,5.29113570280025e-11,-0.00484997866514197,-0.0749999994459864,0.0365351857179516,-0.0194534700199498,-0.000905110964277405,-9.80328806549388e-05,-0.155617988256802,0.00276740818730903,0.0213013685653221,-1.27060848316972e-06,-0.399999973384366,-0.399999950907725,0.249999999576048,-0.399999954434719,0.400000018990434,0.249999999012286,0.400000228307252,-0.0477525313735078,0.250000000384528,0,0,0,0,0,1.25096272814664,0,0,0,0.57835949651975,0,0,2.13419675369026,0,0,0,0,0,1.48156465028734,0,0,0,0,2.65084895940549,0,1.99821679989984,0,0,0.252917269612342,0.661463428717366,0.27785389238312,0.722217713285661,0,0,0,0,0,0,0,0,0,0.454824986837165,0.481856259747715,0.837081975079414,0.49967027047262,0.404323640357516,0,0.252058940743855,0.431306701595298,0.706475426022047,0.0316770719252428,0,0,0,0.369063778323301,0.353774025297054
482,-0.0600000002362259,0.010786765507578,0.0429899499567039,0.0607351214333356,0.00500000053296233,0.0408899698678425,-0.0112541463300042,-0.031106936801961,0.0401206451423678,0.764450772460033,-8.75914120599758e-07,4.79157704481703e-06,0.644711680962001,0.00367162332909517,0.0272020366970094,0.0519970025761973,-6.59819655423359e-10,-0.0447603128146929,-0.00949772282016409,0.00585435935810613,1.99654278971821e-11,-0.00505001046310705,0.0113608758835773,0.00609019959444836,4.3930285060744e-06,0.000862309694172529,-0.000125866297688081,0.117911018823917,0.00568921379294635,0.00771081068262623,4.16090123827937e-05,-0.399999984368183,-0.400000021540634,0.24999999975886,-0.399999998585588,0.40000001744457,0.250000000066246,0.302897422979882,0.174735820812903,0.249999999686356,0,0,0,0,0,1.26383801923159,0,0,0,0.540722911587509,0,0,2.26915858627279,0,0,1.57888609009188,1.08283770832616,0,1.60566006817787,0,0,0,0,2.67028089594386,0,2.00678237169039,0,0,0.350140480669159,0.69095959659147,0.373123654329369,0.667976422931267,0,0,0,0,0,0,0,0,0,0.254017986413679,0.324509797012147,0,0,0.229584812990648,0,0,0.416110230523994,0.685804983383479,0.0137112013676815,0,0,0,0.404017777856615,0.321185249005487
483,-0.0600000001896174,0.0117578401976537,0.0429440152260163,0.0606708366697511,0.00500000102159869,0.0407872022016538,-0.0117390857143121,-0.030341290270456,0.0400280478491943,0.766674924393801,2.13770012371137e-06,4.63337850991198e-07,0.642065251225832,0.00380223350424994,0.0278270085934858,0.0519967624188821,-5.53847023150708e-09,0.0750000002224712,-0.000275867760583805,-0.00688920002317407,-2.0198801726623e-09,-0.00895152707147409,-0.0568607998199777,0.0750000006846768,-0.0113726033440961,0.00691673714666867,-0.00206335829361095,-0.687445417691812,0.0118611358331319,0.0616539342048315,3.70145369279128e-05,-0.399999975729005,-0.399999908309706,0.24999999734035,-0.399999987671666,0.400000158077214,0.249999999200391,0.400000313527705,-0.299155170355952,0.249999998528689,0,0,0,0,0,1.23507576588012,0,0,0,0.277762152771045,0,0,2.22368562369012,0,0,0,1.0371867733673,0,1.5613317201752,0,0,0,0,2.69980106727376,0,2.03744716522652,0,0,0.339727202059286,0.696263518896055,0.321377469892112,0.745675628098734,0,0,0,0,0,0,0,0,0,0.44993934145278,0.476399335631521,0.816432453612073,0,0.351130727228132,0,0.225055503532617,0.474341212443753,0.756753314727984,0.148045430504787,0,0,0,0.374633231876955,0.349072603917814
484,-0.0600000001749933,0.0119492087032019,0.0427754825523433,0.0606637681593825,0.00500000048185428,0.0405126708379367,-0.0131181197457788,-0.0290640711293745,0.039999999972516,0.767357300530799,-2.18448004474142e-06,5.58041605814165e-06,0.641249586983171,0.0040000254947257,0.0288070269130866,0.0519969959648308,-1.84475447215548e-09,-0.0523855706326158,-0.014523943216216,0.00629662348402075,7.793520552404e-11,-0.0165298343427165,-0.0749999999476291,0.0497878300435314,1.53944703406796e-11,-0.000102822158888733,1.12827626042173e-05,0.197092324001896,0.0100763571983021,0.0354500067359153,-3.43604949976194e-06,-0.39999997359774,-0.400000060559209,0.249999999524172,-0.399999997406742,0.40000000884726,0.250000001866276,0.400000021583133,-0.117382953029699,0.249999999558451,0,0,0,0,0,1.24202276041941,0,0,0,0.389930876384763,0,0,2.12054576713897,0,0,0,0,0,1.39635913311738,0,0,0,0,2.69209130419886,0,1.96790531584457,0,0,0.404739814697339,0.716134812290771,0.360216999268555,0.802707212831682,0,0,0,0,0,0,0,0,0,0.462076733045915,0.48197812323248,0.845460665734466,0.492015998298451,0.400591263875143,0,0.247535379243989,0.42764145775211,0.705477787873618,0.00492055632804329,0,0,0,0.352032405507365,0.346255313325005
485,-0.0600000001556389,0.0109957730892361,0.0424319336957722,0.0607883462940038,0.00500000029288781,0.0403058313192803,-0.0133122593980968,-0.0285821591030893,0.0399999999582669,0.766286524050032,-1.44139015887769e-06,4.2292652386814e-06,0.642528782742735,0.00415718837885163,0.0292504222356745,0.0519970651959865,1.08995449651362e-08,-0.0583001256697772,-0.0195974688809667,0.00898633508872961,-5.87323335668108e-10,-0.00572770296229184,0.016733578298199,0.00954826477008219,1.25227920768649e-09,0.000276749057200597,0.000911495828630255,0.174386828262961,0.00836388353636978,0.0124548553891055,-4.23325666161842e-06,-0.399999977548658,-0.39999999176106,0.250000001176584,-0.399999970893237,0.3999999879837,0.249999998268316,0.400000040662825,-0.0670736917751657,0.249999999742427,0,0,0,0,0,1.24286547942979,0,0,0,0.518456266156927,0,0,2.09125833543301,0,0,0,0,0,1.37300583428221,0,0,0,0,2.70166878577183,0,1.98341627785582,0,0,0.389751960776807,0.727414997863891,0.349841191478949,0.789099963752523,0,0,0,0,0,0,0,0,0,0.447991878590383,0.479192746081579,0.839839624138341,0.486454017428401,0.382498647038216,0,0.195823523030899,0.436826523201001,0.711834430249272,0.00929600858200285,0,0,0,0.35844883841077,0.340132409286195
486,-0.0599999999979884,0.0106928409011605,0.0422301968318726,0.0608262403011261,0.00499999936515044,0.0402096246073532,-0.0132156690284017,-0.0284087164724069,0.0399999999224507,0.766019412605531,-2.16827436136585e-06,3.41844529729513e-06,0.642847210031628,0.00421597606027021,0.0294362236855683,0.0519969135040017,7.16224549831994e-10,0.0112531667543397,4.79349692084261e-05,-0.00123648756391877,4.40903323565873e-11,-0.00255740410615102,-0.0013715357234272,0.00954500465201168,2.50667305104621e-10,0.000232587388869991,0.00123629413398858,-0.043633130772413,0.000956526300838684,0.008900816844947,1.41654415832672e-05,-0.399999937420602,-0.400000004105095,0.250000000008962,-0.399999925294739,0.399999994331283,0.250000002983379,0.400000114219334,-0.0624915516452114,0.249999998696148,0,0,0,0,0,1.25965044940163,0,0,0,0.504337852384887,0,0,2.1372821189558,0,0,0,0,0,1.40971375511172,0,0,0,0,2.74139854938079,0,2.01383018624025,0,0,0.358704726201706,0.723045891092344,0.354319021217623,0.780824198174371,0,0,0,0,0,0,0,0,0,0.467628992558937,0.48976817045378,0.855934350191529,0.491717291409516,0.394012538546485,0,0.24776287842145,0.445339963626873,0.719053260403584,0.0299142578204606,0,0,0,0.354836200940488,0.349584332400663
487,-0.0600000002108117,0.0106440612819174,0.0421991331689117,0.0608308911174616,0.00500000015995258,0.0401757008387694,-0.0131913708238869,-0.0283407166934766,0.0399999999610611,0.76593778746552,1.25060904264027e-06,4.74427627347399e-06,0.642944462478801,0.00422941771932407,0.0295074827166791,0.0519969791471719,9.91378076926639e-10,-0.00541370020788674,-0.001561874684217,0.00087358876484452,-1.42465531678828e-10,-0.00048197710836801,0.0013055183783941,0.000367605913392016,5.48544509656531e-10,0.000155762980422942,0.000125421923563598,0.0126785798673414,0.000760740580535563,0.000582037165204697,-3.10859277013946e-06,-0.399999982290669,-0.400000000057275,0.249999999550891,-0.399999974397018,0.399999984354328,0.249999998983115,0.40000004601744,-0.00832097677703829,0.249999999743457,0,0,0,0,0,1.25792558515527,0,0,0,0.554756988424913,0,0,2.13228541405942,0,0,0,0,0,1.4042864160209,0,0,0,0,2.73704898420452,0,2.00904998521196,0,0,0.370887105773406,0.730676813514921,0.34869585783242,0.813704816620775,0,0,0,0,0,0,0,0,0,0.541265447328649,0.549591859032058,0.919585485560708,0.502144821692291,0.419617441917933,0,0.268189458268775,0.483553876493838,0.762206333080864,0.077058400843896,0,0,0,0.344765669220625,0.353579459371534
488,-0.0600000001785993,0.0106396825135162,0.0421958929630839,0.0608322932426349,0.0050000002109929,0.0401731966982334,-0.013189450683504,-0.028335838133301,0.0399999999660674,0.765927270827974,-2.23057192379303e-06,3.73085937499596e-06,0.642956990712787,0.00423124335536232,0.0295127348085101,0.0519969347427683,2.3189093603052e-10,4.75903225094563e-05,-6.23260779385191e-05,-1.11829903508815e-05,-4.11038764885863e-11,-9.15206312366944e-05,-2.32952561921017e-05,0.000221486535137032,-7.80263555541899e-11,-3.33453843844088e-05,-0.000208743094294067,0.000641398389635773,2.17648723279208e-05,0.000218263940823449,2.57000630244242e-06,-0.399999970465078,-0.399999998551931,0.249999999800044,-0.399999960277524,0.399999976608089,0.249999998350302,0.40000004692928,-0.0405841137543387,0.249999999776392,0,0,0,0,0,1.26084202397919,0,0,0,0.517169701545165,0,0,2.13570115173512,0,0,0,0,0,1.39563221263368,0,0,0,0,2.74934564550371,0,2.0092767064009,0,0,0.355078497220384,0.729246803129593,0.348265927370292,0.809967600883341,0,0,0,0,0,0,0,0,0,0.540162762840389,0.548604213299541,0.918670584802078,0.498607733748804,0.414796975182966,0,0.263967190839282,0.486342833168421,0.762547377474673,0.080012426124049,0,0,0,0.342484526422153,0.35253559505109
489,-0.0600000001634214,0.0106439570248669,0.0421949471369024,0.0608316518279489,0.00500000023013629,0.0401706153543596,-0.0131907201438711,-0.0283291667068663,0.0399999999488561,0.765926642502025,-2.9378956261716e-06,3.72598796202623e-06,0.642957739208741,0.00423168016684397,0.0295191580195575,0.0519969372940816,1.01303384281549e-10,0.000222347515247259,-4.58305234533804e-05,-3.53738215894852e-05,-2.3613606246022e-12,-0.000135605443171085,-6.7225012471929e-05,0.000343928371527792,-1.23503162547118e-11,-4.67942983853459e-06,1.37348158437477e-05,5.46763895956916e-05,2.0657583852878e-05,0.000329272399321056,4.51474094617547e-08,-0.399999974893266,-0.400000000216685,0.249999999827253,-0.399999975903304,0.40000000128254,0.249999997792087,0.400000036773088,-0.0567004655841934,0.249999999640322,0,0,0,0,0,1.26389097894845,0,0,0,0.498776049506003,0,0,2.11854117272885,0,0,0,0,0,1.39754836896068,0,0,0,0,2.76659216128411,0,2.04559942506078,0,0,0.285357000861083,0.69283094878447,0.299153583021207,0.770388568071072,0,0,0,0,0,0,0,0,0,0.54569487315478,0.553040565858384,0.932844673834068,0.506720952580529,0.412294394259162,0,0.30642788969444,0.483210995334749,0.764767497196578,0.0871107900755735,0,0,0,0.33864377255609,0.342464827122472
490,-0.0600000001999051,0.0106484931194765,0.0421940075542019,0.0608308780156958,0.00500000000292949,0.0401678822757934,-0.0131920555096597,-0.0283221835729014,0.0399999999726455,0.765926324544282,-2.9819546978987e-06,3.71940858335103e-06,0.642958117976883,0.0042320660573408,0.0295258419615531,0.0519969396333487,3.62330523361904e-11,0.0002272511489691,-4.73703877234142e-05,-4.03779131465413e-05,2.76627047830367e-12,-0.000136824885910803,-6.86548195206083e-05,0.000349901464855626,-2.41530330811478e-12,-9.22189083719953e-07,-5.2638195788389e-06,4.08490694311311e-05,1.80577334508497e-05,0.000334934664114482,6.16710069834913e-08,-0.399999987076592,-0.400000000183665,0.249999999914144,-0.399999987630103,0.400000000820013,0.249999999678968,0.400000017288364,-0.0596739530555828,0.249999999880427,0,0,0,0,0,1.26601180376409,0,0,0,0.499625402825032,0,0,2.13383114986129,0,0,0,0,0,1.3988543451727,0,0,0,0,2.78491188989745,0,2.0499350866509,0,0,0.209226654865258,0.652232379085122,0.23760468769245,0.725726881372971,0,0,0,0,0,0,0,0,0,0.54359390872136,0.547447831456134,0.929451745994029,0.507338714592321,0.408332043418016,0,0.31028282141356,0.478728660738644,0.766123557662094,0.0946105500261177,0,0,0,0.34401076297038,0.339612635990536
491,-0.0600000001962441,0.0106583185153123,0.0421930858401929,0.0608295288916303,0.00500000009601777,0.0401634424680888,-0.0131929502781873,-0.0283103724608761,0.0400000000307569,0.765927818672963,-3.19731920142814e-06,3.82568208581544e-06,0.642956338084379,0.00423278465090649,0.0295372994798511,0.0519969383989985,4.80066710288689e-11,0.000571452833759623,-4.83107345795275e-05,-9.42232992849251e-05,9.97386574294405e-12,-0.000247832586202871,-6.19746197658158e-05,0.000667405269435415,-1.33953783794383e-11,-7.66594568971171e-06,-2.93676607790466e-05,-0.000397508434428872,2.65827807334442e-05,0.000648711952846282,3.38096299791803e-07,-0.399999986660655,-0.400000001078753,0.24999999993964,-0.399999987356905,0.400000000843064,0.24999999930257,0.400000017179457,-0.0593441265690602,0.249999999906264,0,0,0,0,0,1.25556107803432,0,0,0,0.489038832230981,0,0,2.17798481092401,0,0,0,0,0,0,0,0,0,0,2.78614364658701,0,1.99818945239185,0,0,0.156690444943264,0.626370750647202,0.219822737318337,0.699895209192732,0,0,0,0,0,0,0,0,0,0.530479610674957,0.537331348790309,0.911205090565785,0.526210016023634,0.421663711030843,0.623123288700197,0.32475043835428,0.498767878119624,0.783435207047081,0.133384366904758,0,0,0,0.398440417058811,0.383099955806275
492,-0.0600000002340587,0.0102650000102147,0.0420846699486608,0.0608866267067623,0.00500000068772381,0.04014027885416,-0.012326070125036,-0.0284373037851866,0.0401778504437077,0.765664852389623,3.13792377296266e-06,3.73082389387966e-06,0.643269469967252,0.00428233058947559,0.0295612145727607,0.0519971160209287,7.23129348715235e-10,-0.0381078504353102,-0.0106244292506717,0.00544624143147056,7.34303420428175e-11,-0.00220082368157928,0.0750000000501945,-0.0118194460924048,0.0178321044265501,0.000509390157635995,-0.000139358079827656,0.0789403375591412,0.0047167136030272,0.00227981158379968,6.03971734134426e-06,-0.399999959313558,-0.400000050822524,0.25000000016951,-0.399999975029852,0.400000000484939,0.249999996835679,0.400000020686343,-0.088309805389564,0.24999999953311,0,0,0,0,0,1.25337612521861,0,0,0,0.542483741975224,0,0,2.13067876472765,0,0,0,0,0,0,0,0,0,0,2.8027761728711,0,2.03935676789755,0,0,0.115783465471017,0.631843690204637,0.200360938120195,0.698874615843422,0,0,0,0,0,0,0,0,0,0.533281659617376,0.544011266870846,0.923993810953805,0.512999172239685,0.400700523287161,0.613307665639045,0.28036951918959,0.473742012551988,0.765196802070656,0.0769612924532089,0,0,0,0.354201488224943,0.330431944099892
493,-0.0599999999338818,0.0100319747517694,0.0419401173563821,0.0609128204259014,0.0049999998290329,0.0400871501291627,-0.0118543417780366,-0.0283697699240715,0.0403112453332482,0.765356893076041,-4.65817167181801e-06,3.00147534101061e-06,0.643635848213865,0.00432001928749184,0.0297091348396113,0.0519970297432899,-5.21299556156246e-09,0.0068284348550268,0.000113284793844745,-0.00181438943714914,8.98095038724269e-11,-0.00263224776494873,-1.27260376516566e-05,0.00746896207060585,0.000128426413796937,0.000416323835699038,0.000905420247116789,0.0161555610601927,-0.000734755133946336,0.00790016945651072,0.000128581995000889,-0.399999939503573,-0.399999915440566,0.250000000447822,-0.399999937328206,0.400000072745694,0.249999993049774,0.400000091150233,-0.0972809829437733,0.249999996985463,0,0,0,0,0,1.25857014043197,0,0,0,0.508033858784542,0,0,2.18926070430037,0,0,0,0,0,1.39943768104371,0,0,0,0,2.82857906856732,0,2.03875615866581,0,0,0.0793977194139557,0.620016000241774,0.180436816713349,0.686435785848268,0,0,0,0,0,0,0,0,0,0.548609958624124,0.550255444261138,0.937241948511052,0.519792212294512,0.413892008461332,0,0.318934377199904,0.473977355354595,0.766501377003029,0.0735262351606413,0,0,0,0.349051603087033,0.337613957254246
494,-0.0599999998631695,0.0101694249044599,0.0419390637502527,0.0608890231531247,0.00499999992255734,0.0400378285205048,-0.011863675731,-0.0282356902658544,0.0403096349099018,0.765407212225139,-2.63089166683777e-06,2.67405397828461e-06,0.643576008265526,0.00432135072541007,0.0298400111433664,0.0519967480453946,-2.37960853273263e-10,0.00598523392086191,-4.26191331128728e-05,-0.000924027334852767,1.77901060939946e-10,-0.00202588329681798,-0.000427407044419334,0.0057059062945604,-6.26661458028383e-05,2.47841039901786e-05,-1.08742136806992e-05,-0.00946953095959864,0.000183941257181558,0.00554389774254137,-4.17943960588666e-06,-0.399999939394691,-0.399999937053434,0.250000000347138,-0.399999940112378,0.400000062896915,0.249999994502586,0.400000087628956,-0.0794563847314062,0.249999995464777,0,0,0,0,0,1.25780167671719,0,0,0,0.520564404093097,0,0,2.18944889924125,0,0,0,0,0,1.39860901107244,0,0,0,0,2.82980731289318,0,2.03896741960226,0,0,0.095611957823598,0.622706986185174,0.186339527738927,0.691271586220129,0,0,0,0,0,0,0,0,0,0.550303234729283,0.551316025848502,0.938204930169091,0.520123813081623,0.414931275046282,0,0.320358630093621,0.473467387231021,0.765779653306503,0.0734638918437153,0,0,0,0.347698537053786,0.337082635594045
495,-0.0599999997960853,0.0102634338342009,0.0419382656240599,0.0608747608560405,0.0049999998461803,0.040004919485074,-0.0118695046601395,-0.0281448546634947,0.0403085651663148,0.765448405203802,-2.66323094609289e-06,2.65174067383912e-06,0.643527014142774,0.00432442870106133,0.0299284884915596,0.0519967344499114,1.6621426435109e-10,0.00348682023549634,-3.97038888087023e-05,-0.000532151385682481,1.1027239140202e-10,-0.00122864371191744,-0.000252463687422694,0.00339248760011124,-5.34505108892661e-05,3.78817257986687e-06,1.30737797171222e-07,-0.00478851176625036,0.000114993814002421,0.00329887568902144,-5.91963045187107e-07,-0.399999930921537,-0.399999971574288,0.250000000286846,-0.399999933543553,0.400000046399369,0.249999996941688,0.400000121561133,-0.057829702206048,0.249999994644771,0,0,0,0,0,1.2578438318789,0,0,0,0.532742289422644,0,0,2.18528811590856,0,0,0,0,0,1.39686655426473,0,0,0,0,2.82627518279244,0,2.03785362107743,0,0,0.105562042483135,0.623880861355912,0.190301397365109,0.69361223852561,0,0,0,0,0,0,0,0,0,0.550478219340004,0.550973657076131,0.93815247109044,0.519707443423455,0.415034504876514,0,0.320617333036088,0.472853172157162,0.765369578693522,0.0717871487835259,0,0,0,0.346924551047641,0.336914019936441
496,-0.0599999997092895,0.0103265970988512,0.0419374862624157,0.0608650501305723,0.00499999955800494,0.0399999996906421,-0.0118736310164037,-0.0280827687161592,0.0403077830814671,0.76547169108078,-4.5948859170629e-06,1.11234950789977e-06,0.643499315546842,0.00432628911379246,0.0299891283101832,0.0519969808819023,1.67226926855158e-10,0.00309850063637062,-3.26194075694417e-05,-0.000491248729663594,1.24017955166943e-10,4.42752477574636e-12,-0.000199877777743911,0.00306453038064358,-4.45944009326571e-05,-2.81215949547087e-05,5.01705794539731e-05,-0.00313427659602894,7.96460973214868e-05,0.00300090286778359,3.64272153993542e-06,-0.399999928846752,-0.399999992729494,0.250000000191586,-0.399999935466918,0.400000051154789,0.250000000925222,0.400000132376164,-0.0493022673227449,0.249999994542124,0,0,0,0,0,1.25751908967396,0,0,0,0.536187103841276,0,0,2.18288254653302,0,0,0,0,0,1.39524984139337,0,0,0,0,2.82449594779345,0,2.03686324323186,0,0,0.11305562708933,0.624759464385134,0.192898247231628,0.695374291553505,0,0,0,0,0,0,0,0,0,0.550731073517059,0.550755632490993,0.938010357453778,0.51969922962909,0.415627487636297,0,0.32126539048166,0.472254597697884,0.765001416025855,0.0708881186826467,0,0,0,0.34669028819855,0.337126452845811
497,-0.059999999569716,0.0103872823484925,0.0419366971765233,0.0608554091153763,0.00500000052306544,0.0399999996694271,-0.011877529068282,-0.0280225818518381,0.0403067901938972,0.765491067640781,-4.59910738018154e-06,1.13145191899278e-06,0.643476265548581,0.00432783178618941,0.030048001078135,0.0519969830735975,1.70969119974238e-10,0.00297763135837718,-3.94056761486747e-05,-0.00047265440719663,8.44071833822668e-11,1.0265527870632e-11,-0.000194986265849897,0.00295277289291027,-4.97121554116598e-05,-1.90244450069022e-07,2.47034551671231e-06,-0.00300762401297386,7.686984018885e-05,0.00288714440876273,1.06130729590181e-07,-0.399999928318886,-0.400000016538072,0.250000000110556,-0.399999937950444,0.400000034929301,0.25000000410912,0.400000129507168,-0.0420571465865264,0.249999994055259,0,0,0,0,0,1.25818772274009,0,0,0,0.539006864580988,0,0,2.18037467815354,0,0,0,0,0,1.3933745401135,0,0,0,0,2.82307548984919,0,2.03607535316612,0,0,0.120927136430072,0.62551107489928,0.195092467546284,0.69687240100379,0,0,0,0,0,0,0,0,0,0.551001891559286,0.550558009475875,0.937917415396489,0.519687464965269,0.416187384690575,0,0.321904579580727,0.471677113459923,0.764630568122982,0.0698519318036966,0,0,0,0.346400617691864,0.337306488674523
498,-0.0600000000717531,0.010444464126576,0.0419359067621368,0.0608463213198227,0.00499999995933909,0.0399999997207671,-0.0118814007142615,-0.0279657925431867,0.0403057957174066,0.765509689119521,-4.59970780162023e-06,1.14609409821832e-06,0.643454112457694,0.00432931208009657,0.0301035040913057,0.0519969843768804,8.60393210328267e-11,0.0027471546092349,-3.95501495911428e-05,-0.000435621136395606,3.39645587219328e-11,-4.81121402000458e-12,-0.000191533831451588,0.00273013892215422,-4.98291752890987e-05,-3.93804874457323e-09,1.28099509121993e-06,-0.00282606972698336,7.30089302965757e-05,0.00266683944674416,1.83752605622295e-08,-0.399999963213105,-0.40000000377457,0.249999999948876,-0.399999964995079,0.400000014180995,0.249999997929318,0.400000064760105,-0.0354121984474065,0.249999997071083,0,0,0,0,0,1.25878536061902,0,0,0,0.541078815020412,0,0,2.17768648217959,0,0,0,0,0,1.39288659082799,0,0,0,0,2.82054123483825,0,2.0357413444888,0,0,0.128955455628263,0.626710005829424,0.197681377431377,0.698721201750341,0,0,0,0,0,0,0,0,0,0.55113852239106,0.550430572574948,0.937579409806436,0.519672100613574,0.416661756476118,0,0.322327689619679,0.471176826366502,0.764271203849013,0.0690919713595423,0,0,0,0.34636389465615,0.33740801026767
499,-0.0600000000714779,0.0104969326070299,0.0419351140637308,0.0608380027432752,0.00499999988159147,0.0399999997217042,-0.011885130716539,-0.0279135521406416,0.0403048066996365,0.765526987477969,-4.59709214923803e-06,1.15216182232969e-06,0.643433532247482,0.0043307212812002,0.0301545197286356,0.0519969849030764,8.83608261848326e-11,0.00250656254544925,-3.96482530184036e-05,-0.000397251906212919,3.09724154224272e-11,-5.56896975294408e-12,-0.000184749298584605,0.00249830017708726,-4.95133531755373e-05,3.04215429911641e-07,8.51094036266379e-07,-0.002609102899854,6.84234697964731e-05,0.00243824352579377,-6.54621434581821e-09,-0.399999962368992,-0.400000007881423,0.24999999997339,-0.399999963675524,0.400000012973359,0.249999997662279,0.400000072647611,-0.0267079828585034,0.249999996864721,0,0,0,0,0,1.25930605237244,0,0,0,0.54505998583184,0,0,2.17491731464552,0,0,0,0,0,1.39131507839087,0,0,0,0,2.81879121168565,0,2.03518897520806,0,0,0.136302364968689,0.627433978185159,0.199855828033228,0.700121756266327,0,0,0,0,0,0,0,0,0,0.551301535462765,0.550155909532969,0.937317289604927,0.519567499144027,0.417171199576032,0,0.322835028579939,0.470607317378915,0.763967210798687,0.0682354427385303,0,0,0,0.346217420337789,0.33762260742198
500,-0.0600000001499509,0.0105444069758769,0.041934319434535,0.0608304738067321,0.00499999981164812,0.0399999997208965,-0.0118886657275241,-0.0278660862483747,0.0403038346382706,0.765542528446638,-4.60014599766979e-06,1.15902550439254e-06,0.643415041883127,0.0043320226481583,0.0302008455132551,0.0519969860454886,8.43103721558847e-11,0.00224997237104704,-3.98055806417089e-05,-0.000357168163809885,2.81708176713301e-11,-6.33388568470803e-12,-0.000174967033382911,0.00225335289855122,-4.87320590499149e-05,3.65088526466144e-07,6.04640458518069e-07,-0.00232122153615913,6.23457580123984e-05,0.00219777565329278,-1.99900282205254e-08,-0.399999964033004,-0.40000000338521,0.250000000004494,-0.399999962276294,0.400000011839057,0.249999997317512,0.400000079901503,-0.0186061991924342,0.249999996658153,0,0,0,0,0,1.26005751698332,0,0,0,0.549302835131949,0,0,2.17177457198917,0,0,0,0,0,1.39011191144268,0,0,0,0,2.81610355083582,0,2.03444089173097,0,0,0.14396285682184,0.628225050296326,0.202512058042128,0.701649889579674,0,0,0,0,0,0,0,0,0,0.551329455408686,0.549770607479617,0.936821118087959,0.519299143376833,0.417560686336952,0,0.323175669325784,0.470029100313363,0.763655287233717,0.0679289990201949,0,0,0,0.346133312522588,0.337819179170696
501,-0.0600000001585681,0.0105867085795138,0.0419335203425543,0.0608237542665843,0.00499999993982065,0.0399999997086809,-0.0118919553926624,-0.0278235361511573,0.0403028834078121,0.765556011075009,-4.60529060217016e-06,1.16232961095954e-06,0.643398999758066,0.0043331984404623,0.0302423577063497,0.0519969871590067,9.5907985488151e-11,0.00199090327723527,-4.0044060594267e-05,-0.000317118964860678,2.5359956049713e-11,-5.88648502821938e-12,-0.000163047779759075,0.0020073386718604,-4.77016002264275e-05,5.24614656912822e-07,3.4945404500861e-07,-0.00199751992699504,5.55401345913982e-05,0.00195696443722213,-3.39623681236158e-08,-0.399999959277037,-0.400000010255282,0.249999999962447,-0.399999957349952,0.400000010724173,0.249999997507896,0.400000100976414,-0.00950317515836841,0.249999996491838,0,0,0,0,0,1.26054868933718,0,0,0,0.554014053790264,0,0,2.1688716587965,0,0,0,0,0,1.38926699027701,0,0,0,0,2.81380831356136,0,2.034203644892,0,0,0.152519103325079,0.62921932007055,0.205799452349441,0.704035368310868,0,0,0,0,0,0,0,0,0,0.551682922182569,0.549534769799795,0.936316025345599,0.51893938139831,0.418211234577986,0,0.323711726226234,0.469437943904894,0.763461412194269,0.0675851155732554,0,0,0,0.346084768246981,0.338114408683083
502,-0.0600000001670492,0.0106235312693051,0.0419327194077206,0.060817882131111,0.00500000000723112,0.0399999996961961,-0.0118950876940349,-0.0277862266561572,0.0403019403932808,0.765567632260042,-4.60442508443019e-06,1.16786732718103e-06,0.64338517189828,0.00433423594231057,0.0302787176676657,0.0519969879947554,1.08415640470204e-10,0.00170211373812031,-4.01006828848387e-05,-0.000271655835245564,2.05806517831057e-11,-5.76454143873164e-12,-0.000153723933042732,0.00173132181535699,-4.72556653923234e-05,5.99904281243003e-07,6.769869774694e-07,-0.00168363229814821,4.88971065200038e-05,0.00168568577183753,-1.6665912279915e-08,-0.399999954083496,-0.400000018032354,0.249999999913807,-0.39999995182945,0.400000008901953,0.249999997572451,0.40000012315466,0.000353435433740688,0.249999996370109,0,0,0,0,0,1.2610813018042,0,0,0,0.559126167647609,0,0,2.16597226912175,0,0,0,0,0,1.38849569856084,0,0,0,0,2.81159010188724,0,2.03411353248641,0,0,0.160336596192239,0.630106096938362,0.208829624500169,0.70619710679814,0,0,0,0,0,0,0,0,0,0.551965658884871,0.549245744898294,0.93574929961761,0.51855550155933,0.4188351861677,0,0.324189197091245,0.468853449890283,0.763305571407982,0.0672791151582268,0,0,0,0.346111773349705,0.338442891159691
503,-0.0599999998708638,0.0106502094926564,0.0419319121961344,0.0608135577874551,0.00500000001712866,0.0399999995944823,-0.011897959443113,-0.0277585070460994,0.0403009899008609,0.765575220105095,-4.59967515494052e-06,1.1647236603379e-06,0.643376142966457,0.00433498606809837,0.0303056583419231,0.0519969890438477,2.02401814987651e-10,0.00101069361998124,-4.03140402258799e-05,-0.000163956438043366,4.4281641361352e-11,1.32223838538002e-11,-0.000134333807447287,0.00107497438816793,-4.77137005533662e-05,4.0751600542805e-06,2.35531328716297e-06,-0.000860582166083284,3.1375235679499e-05,0.00104105700939821,2.46792563170173e-08,-0.399999914141621,-0.400000032241185,0.250000000201391,-0.399999905865166,0.400000021392265,0.250000005495771,0.400000281093688,0.0132721470978038,0.249999991217535,0,0,0,0,0,1.26179248267169,0,0,0,0.568577262550193,0,0,2.16153803691891,0,0,0,0,0,1.38602788902766,0,0,0,0,2.80980152580107,0,2.03429137840663,0,0,0.166466459284514,0.630518382142876,0.211380628675481,0.707635354576092,0,0,0,0,0,0,0,0,0,0.552012700171654,0.548705419493849,0.935067624443836,0.517950822336952,0.419203244146425,0,0.324412404694243,0.468307185476918,0.763251003927417,0.0671639690731792,0,0,0,0.346134201820535,0.338805010129495
504,-0.0599999999296366,0.0106749762173701,0.041931123703703,0.0608096770395718,0.00499999987699878,0.0399999996453477,-0.0119007693893154,-0.02773294796896,0.0403000718845053,0.765583839768747,-4.5706483618476e-06,1.19629477501113e-06,0.643365885992054,0.00433584517503158,0.0303304253930308,0.0519969904369719,2.31826891504656e-10,0.00142857554099124,-4.01007236379475e-05,-0.000225181685348471,5.53632176245928e-11,9.52886828449462e-12,-0.000148537083383042,0.00145916181315381,-4.62192145887476e-05,-3.31837909014001e-07,-3.6179398896079e-06,-0.00159031918062764,4.68345637568277e-05,0.00141519651228534,-1.66829514133143e-07,-0.399999904700951,-0.400000039448593,0.250000000248454,-0.399999894744348,0.400000022040311,0.250000003786173,0.400000317877182,0.0186082554447196,0.249999990753208,0,0,0,0,0,1.26217797098606,0,0,0,0.5714674971971,0,0,2.15937984092344,0,0,0,0,0,1.38537140448222,0,0,0,0,2.80829656868303,0,2.03428813199038,0,0,0.173315983101157,0.631276922204039,0.213831951987235,0.709489290482652,0,0,0,0,0,0,0,0,0,0.552359668986483,0.548516128916624,0.934552180218912,0.517765542375863,0.420011296097977,0,0.325047332591339,0.467728664585849,0.763097918016732,0.0668388398804561,0,0,0,0.346311280173683,0.339223831767202
505,-0.0599999999847252,0.0107045060982993,0.0419303248745173,0.0608050001766811,0.00499999986254507,0.0399999996525074,-0.0119037318793067,-0.027702770695089,0.0402991567286337,0.765593973829415,-4.58857545828892e-06,1.19718319307685e-06,0.643353826603729,0.00433677842646649,0.0303597251784783,0.0519969911310052,2.56667540260494e-10,0.00152631554073911,-3.99312135406982e-05,-0.000241561108410592,5.37048828785874e-11,3.91137387813316e-12,-0.000150195512181535,0.00155566475260604,-4.58368248289172e-05,-2.10959572550846e-07,1.84225600521049e-07,-0.0016458395070027,4.81027144306174e-05,0.0015109439030954,-2.96714255451353e-09,-0.399999893861076,-0.400000049925366,0.250000000279259,-0.399999882593422,0.40000002202008,0.250000001596709,0.400000359762535,0.0257679444623154,0.249999990345574,0,0,0,0,0,1.26271603471057,0,0,0,0.575425823539543,0,0,2.15673752906049,0,0,0,0,0,1.38482215093707,0,0,0,0,2.80604982467577,0,2.03413444586752,0,0,0.180626661834515,0.632079354242063,0.216661669863213,0.711433320834814,0,0,0,0,0,0,0,0,0,0.552600944802018,0.548220534443905,0.933943088893313,0.517459396822818,0.420692049940902,0,0.325558501459678,0.46713527150864,0.76293053606924,0.0666554224145488,0,0,0,0.346446843998744,0.339606787005641
506,-0.0600000000339275,0.0107351015682717,0.0419295244315025,0.0608001515946055,0.00499999996363201,0.0399999996254641,-0.0119066939173771,-0.0276715529469024,0.0402982488459697,0.765604345621458,-4.5957727480783e-06,1.20054421046205e-06,0.643341483920132,0.00433773381557942,0.0303900592745915,0.05199699189938,2.86689867357525e-10,0.00153667213133523,-4.00810397836633e-05,-0.000243676265791034,5.02067557158176e-11,-1.98606474241595e-12,-0.000149161369227212,0.00156678972586592,-4.54920109637899e-05,8.30491080924913e-08,5.74213511659792e-08,-0.00163627606970288,4.79427828120257e-05,0.0015223302257876,-1.9679096385419e-08,-0.399999881258762,-0.400000063869869,0.250000000290546,-0.399999868928801,0.400000020725686,0.249999999138963,0.400000407729768,0.0345331514724119,0.249999990022516,0,0,0,0,0,1.26331903914722,0,0,0,0.579943376393139,0,0,2.15427617951666,0,0,0,0,0,1.38389366494383,0,0,0,0,2.8047994032056,0,2.03441688779084,0,0,0.18764097913985,0.632833942431756,0.219164007788232,0.713434356294134,0,0,0,0,0,0,0,0,0,0.553016354379249,0.548027694769835,0.933484864883943,0.517210907130284,0.421502197697929,0,0.326214752173735,0.466596514957785,0.762857434657359,0.0661158632506922,0,0,0,0.346583476903693,0.340071017885879
507,-0.0600000000799563,0.0107639082737241,0.0419287201636006,0.0607955598824712,0.00500000002796529,0.0399999995743573,-0.0119095785157474,-0.0276419808563514,0.0402973451120796,0.76561373865287,-4.60229550646193e-06,1.20240138182188e-06,0.643330305636288,0.00433862101206202,0.0304187906918322,0.0519969927019387,3.17697087139594e-10,0.00135691667653823,-4.02267297913609e-05,-0.000216353473946953,4.48391616878415e-11,-8.1807823141283e-12,-0.000142265976454465,0.0013982177673056,-4.52830653995498e-05,5.54488269334744e-07,6.34940172310241e-07,-0.00138011832632036,4.25574158789102e-05,0.00135749981738756,-7.34871923373336e-09,-0.399999868087128,-0.40000007988612,0.25000000028345,-0.399999855163661,0.400000018922507,0.249999996591115,0.400000456077415,0.0437439538370621,0.249999989743018,0,0,0,0,0,1.26401508347641,0,0,0,0.584951362298688,0,0,2.15125887817704,0,0,0,0,0,1.38331629975236,0,0,0,0,2.80234416405159,0,2.03440158549974,0,0,0.194676592712285,0.633584180833648,0.222002180740152,0.71528121401045,0,0,0,0,0,0,0,0,0,0.553156901318861,0.547639516798173,0.932781862714324,0.516811386947727,0.422083150133246,0,0.326618420969183,0.466023482670385,0.762715946854366,0.0660488643524088,0,0,0,0.346745471087763,0.340467116005458
508,-0.0600000001210481,0.0107891331802643,0.041927914929596,0.0607915334451959,0.00500000021352814,0.0399999995089709,-0.0119122909624525,-0.0276158009232523,0.0402964620357964,0.765621630253742,-4.60691990601338e-06,1.21148310463637e-06,0.643320913890731,0.00433942191052156,0.0304442051738809,0.0519969948596112,3.51057752944101e-10,0.001179937847453,-4.05360712786096e-05,-0.000189065703440111,3.79329795032809e-11,-1.39138459490075e-11,-0.000134282945774133,0.0012308361617336,-4.44380423394223e-05,9.06260255110877e-07,-5.59035035271056e-07,-0.0011502051904912,3.77290541141606e-05,0.0011937135308242,-6.96525563216946e-08,-0.399999854228954,-0.400000097699794,0.25000000026197,-0.399999840993267,0.400000016177555,0.249999994130381,0.400000505842452,0.0532734401976905,0.249999989522301,0,0,0,0,0,1.26462401400814,0,0,0,0.590194920158001,0,0,2.14825096721038,0,0,0,0,0,1.38266944282997,0,0,0,0,2.80021314574005,0,2.03463162182751,0,0,0.201143053289169,0.63427641087809,0.224583410124581,0.717010136338515,0,0,0,0,0,0,0,0,0,0.55330229570477,0.54726716550636,0.93208640440261,0.51645457000172,0.422701845197431,0,0.32704770872408,0.46547192516683,0.76260318331464,0.065911506927388,0,0,0,0.346971348913752,0.340906604857905
509,-0.0600000001889215,0.0108103346781442,0.0419271015501964,0.060788129158296,0.00500000012750429,0.039999999575662,-0.0119148057985762,-0.0275934089479375,0.0402955893535633,0.765627735665932,-4.60580380445535e-06,1.20547068528746e-06,0.6433136477309,0.00434011201602036,0.030465918238202,0.0519969956730059,1.03687558190151e-10,0.000963656662863868,-4.07725703106938e-05,-0.000155737822059663,-4.02426381359335e-11,-8.29984834700783e-12,-0.000124176860917724,0.00102693436807815,-4.37700924558393e-05,1.581035527519e-06,1.94389355991759e-08,-0.000857237473641918,3.16626149493765e-05,0.000994468320617646,-4.38106127992039e-08,-0.399999956233058,-0.400000026542855,0.249999998873487,-0.399999955221103,0.399999984433793,0.249999996553191,0.40000000817109,0.0655134898556384,0.249999997271181,0,0,0,0,0,1.26503496381427,0,0,0,0.597660890727908,0,0,2.14626741606994,0,0,0,0,0,1.38369204928583,0,0,0,0,2.79717416038767,0,2.03459879302215,0,0,0.207340984652144,0.635500231549847,0.227424367642477,0.718996821254665,0,0,0,0,0,0,0,0,0,0.553206623171094,0.546934605405496,0.931164977126746,0.516112546155374,0.423274089928536,0,0.32704651096476,0.464827866601299,0.762665516286882,0.0658682637166127,0,0,0,0.347613085315506,0.341167351124338
510,-0.0600000001896419,0.0108274893354445,0.0419262763402857,0.0607853641368977,0.00500000012486793,0.0399999995567022,-0.0119170277243771,-0.0275748062436797,0.0402947358624075,0.765631858321209,-4.60344407887814e-06,1.18354457073151e-06,0.643308741198159,0.00434070119981032,0.0304839454144097,0.0519969957332715,1.02151581676423e-10,0.000782357108857715,-4.13891734847328e-05,-0.000128231534109479,-3.36593056500468e-11,-8.79145887002395e-12,-0.000111543000243726,0.000857559348451007,-4.27644870090332e-05,1.99824545335906e-06,-9.71856100603397e-07,-0.000579764641599872,2.60899214683148e-05,0.000829923790740541,-7.73012103848204e-08,-0.399999957293032,-0.400000019632312,0.249999998882347,-0.399999956395616,0.399999987241214,0.249999996428589,0.400000015102398,0.0750274605626606,0.249999997392464,0,0,0,0,0,1.26573288106451,0,0,0,0.60543592897117,0,0,2.1427539053678,0,0,0,0,0,1.38243697583943,0,0,0,0,2.79531752855031,0,2.03500059876522,0,0,0.212716887525483,0.636222559928132,0.229696503723113,0.720492488146676,0,0,0,0,0,0,0,0,0,0.553221689166072,0.546575849421925,0.930408692065966,0.515779029079466,0.423820334468476,0,0.327272741432709,0.464311941810537,0.762657501981358,0.065722175909048,0,0,0,0.34802783899486,0.341556426857087
511,-0.0600000001883296,0.010841605099321,0.0419254462333908,0.0607830458968426,0.00500000012064492,0.0399999995430832,-0.0119191346609296,-0.0275590723895706,0.0402938953938381,0.765634771304939,-4.59621310542911e-06,1.17148898973056e-06,0.643305274303533,0.00434118873422117,0.0304991685189492,0.0519969964703454,1.08021491504274e-10,0.000660181121476874,-4.16531436667057e-05,-0.000109360249321714,-2.55222930195567e-11,-9.15127990663516e-12,-0.000105098165369341,0.000742816923160783,-4.2129332968664e-05,1.39290704229194e-06,-7.56189925281434e-07,-0.000414649743657301,2.27907729004034e-05,0.000717915081234644,-5.71191931346605e-08,-0.399999954944514,-0.400000016753134,0.249999998924752,-0.399999954219076,0.399999990274533,0.249999996173505,0.400000024208062,0.0846278030665739,0.249999997435417,0,0,0,0,0,1.26627035552058,0,0,0,0.613340242266693,0,0,2.13936380686379,0,0,0,0,0,1.3811234745205,0,0,0,0,2.79388509266277,0,2.03564476101816,0,0,0.21750802918836,0.636842422464354,0.231638451682097,0.721883819986332,0,0,0,0,0,0,0,0,0,0.55331400919938,0.546263752345958,0.929740330127157,0.515551835022035,0.424498980775259,0,0.327631579969787,0.463777200610469,0.762665370175038,0.0654237954800821,0,0,0,0.34847687506992,0.34201242903977
512,-0.0600000001865124,0.010854057157544,0.0419246114419479,0.0607809852013783,0.00500000011867899,0.0399999995323461,-0.0119211423651139,-0.0275448991342638,0.0402930675464998,0.765636960719088,-4.5941851896944e-06,1.16514287354156e-06,0.643302668546316,0.00434163216346995,0.0305128695772532,0.0519969973294767,1.14196737429801e-10,0.000603909280757023,-4.1948215363392e-05,-0.000100783417942953,-1.86979789766187e-11,-9.60273709862167e-12,-0.000100809002751623,0.000690657626734325,-4.15276571362306e-05,7.19872174358198e-07,-1.40130438334709e-06,-0.000328408090455352,2.1165076393622e-05,0.000667268405258085,-6.96621013470006e-08,-0.399999952654914,-0.40000001440437,0.249999998924196,-0.399999951999482,0.399999992583706,0.249999995990836,0.400000031052232,0.0932733480454206,0.249999997405547,0,0,0,0,0,1.26691965227587,0,0,0,0.620591565822003,0,0,2.13590515314129,0,0,0,0,0,1.38002105115386,0,0,0,0,2.79194276550322,0,2.03605866339443,0,0,0.222506093289994,0.637458987462044,0.233742079828315,0.723195501302148,0,0,0,0,0,0,0,0,0,0.553300262516896,0.545880997238569,0.928956541057354,0.515252032025749,0.425071971317898,0,0.327887303500521,0.463259629972769,0.762647556872028,0.0653771175275693,0,0,0,0.348943047840424,0.3424506040521
513,-0.060000000187009,0.0108656993315107,0.0419237715179161,0.0607790468866435,0.00500000026755759,0.039999999325091,-0.0119230729651807,-0.0275314716386291,0.0402922506242047,0.765638726395004,-4.59583386880472e-06,1.15986112334141e-06,0.6433005670835,0.00434205131126916,0.0305258494503718,0.0519969980441448,2.83969376910676e-10,0.000572562074296695,-4.21940951751312e-05,-9.61322142389048e-05,-7.80491660109825e-13,-2.54013051529457e-11,-9.73979732168913e-05,0.00066213693494054,-4.09717422525161e-05,4.58552826541998e-07,-1.50939019877218e-06,-0.000271526558680388,2.0131379867382e-05,0.000639859693487782,-6.55429413415739e-08,-0.399999882847755,-0.400000053447306,0.249999998667902,-0.399999883544076,0.399999999793584,0.24999998951273,0.400000091595361,0.101123481710771,0.249999989857551,0,0,0,0,0,1.26757278352457,0,0,0,0.627214075183907,0,0,2.13185595059146,0,0,0,0,0,1.37764322478123,0,0,0,0,2.79110244429261,0,2.03688971786902,0,0,0.227109147932419,0.637519812867698,0.235397556399876,0.724053235204707,0,0,0,0,0,0,0,0,0,0.5533710549946,0.545378324504276,0.928341267402119,0.51493479542377,0.425677948626134,0,0.328379128640386,0.462741098391672,0.762581046141452,0.0652027888055753,0,0,0,0.349174574163099,0.343040722513529
514,-0.0600000001537782,0.0108761644516654,0.0419229259069726,0.060777272968441,0.00500000018723898,0.039999999396165,-0.0119249772188578,-0.0275191314683389,0.0402914382328616,0.765639981821661,-4.58860847388173e-06,1.1487780744399e-06,0.643299072906195,0.00434242502068127,0.0305377670936089,0.0519969990798267,2.87695416775573e-10,0.000504881890532728,-4.2347278959569e-05,-8.57337824098925e-05,6.39748031661812e-12,-2.04029037645114e-11,-9.47844084661274e-05,0.000599326033049477,-4.06686854379433e-05,5.52724384755847e-07,-2.186264658467e-07,-0.000179869202370876,1.83361882264474e-05,0.000578426262061759,-2.77187645194901e-08,-0.3999998810015,-0.400000050911264,0.24999999881012,-0.399999881574231,0.400000002921716,0.249999991482839,0.400000100191011,0.110312647580179,0.249999989344305,0,0,0,0,0,1.26824053177928,0,0,0,0.634936937495996,0,0,2.12827605288291,0,0,0,0,0,1.37637878776248,0,0,0,0,2.78946432747874,0,2.03756706130712,0,0,0.231759941031982,0.637993864545385,0.237333290844229,0.725214206312284,0,0,0,0,0,0,0,0,0,0.553355319730367,0.544952388583681,0.927583762444258,0.514633067381019,0.426288151009112,0,0.328655753622387,0.462198190183056,0.762613763621788,0.0651259784231861,0,0,0,0.349663068558549,0.343533952608488
515,-0.0600000000873503,0.0108859533940139,0.0419220752789362,0.0607756185897082,0.00500000080514294,0.0399999995382442,-0.0119267853421414,-0.0275074080280838,0.0402906372807127,0.7656408329798,-4.58933329275306e-06,1.1434139505219e-06,0.643298059878217,0.00434279367029193,0.0305490907847744,0.0519969996618089,2.77068176330576e-10,0.000484411834137104,-4.27747750786231e-05,-8.27817010444114e-05,2.36833272404275e-11,-8.39715627650776e-12,-9.12762698958398e-05,0.000581319037346875,-4.01741998405603e-05,3.20368520928247e-07,-2.0860584635484e-06,-0.000133728396730588,1.76051498794931e-05,0.000561375462182208,-7.64790975241353e-08,-0.399999885920558,-0.40000004411004,0.249999998896116,-0.399999885667818,0.400000009743956,0.249999996543711,0.400000104398002,0.1193278899848,0.249999988981879,0,0,0,0,0,1.26874648996258,0,0,0,0.642459313057345,0,0,2.12479219341086,0,0,0,0,0,1.37459508319864,0,0,0,0,2.78855172670547,0,2.03835461724035,0,0,0.236056292329284,0.638351049575936,0.238959417458963,0.726313462323016,0,0,0,0,0,0,0,0,0,0.553462890886817,0.54459716988961,0.926942715027654,0.514428513341217,0.426999749069561,0,0.329120821901513,0.461719045243848,0.762637105846023,0.064819404874383,0,0,0,0.35012290415959,0.344121624423803
516,-0.0599999999358664,0.0108957090627458,0.0419212221951303,0.0607739636753032,0.00500000223934939,0.039999999607076,-0.0119285559972321,-0.0274957054706952,0.0402898482770536,0.765641608529196,-4.59774180237866e-06,1.14631401202095e-06,0.643297136833454,0.00434315579648627,0.030560403187973,0.051997000508978,2.658999595895e-10,0.000489222046269221,-4.29229178956727e-05,-8.37252916407956e-05,5.02154885328986e-11,6.56496926155517e-12,-8.94672307638943e-05,0.000586486304295925,-3.96351338172624e-05,1.62543730421479e-07,-2.06280364865219e-06,-0.000127109570169472,1.75253576309354e-05,0.000566916182138148,-7.51028323271037e-08,-0.399999890499095,-0.400000038748646,0.249999999177,-0.399999888888463,0.400000020591921,0.250000002712214,0.400000111724407,0.127237495694732,0.249999988927467,0,0,0,0,0,1.27036197913665,0,0,0,0.648612616719798,0,0,2.12123169148748,0,0,0,0,0,1.37269730567156,0,0,0,0,2.78734581837365,0,2.03881143388413,0,0,0.240246837154178,0.638656803329372,0.24043347323963,0.727235233717881,0,0,0,0,0,0,0,0,0,0.553391662935786,0.544119629351315,0.926190478265451,0.51407172093478,0.427459587859759,0,0.329359965532163,0.461281939318843,0.762637384218007,0.0645430291875854,0,0,0,0.350518626887335,0.344621897827289
517,-0.0600000001738987,0.010904980136669,0.0419203632977775,0.0607723693937291,0.00500000024607895,0.0399999996252682,-0.0119303121857036,-0.027484437345782,0.0402890635007585,0.765642136287885,-4.59530028264638e-06,1.13824058461501e-06,0.643296508692227,0.00434349381139709,0.0305712947748708,0.0519970013361759,2.97601729642531e-10,0.000456176086622473,-4.30405887842974e-05,-7.87151067871277e-05,-8.78211459574867e-11,-7.7580683983535e-12,-8.76238873887173e-05,0.000556267202529953,-3.92967475573615e-05,2.56294674704309e-07,-6.85859724876955e-07,-7.82779264290389e-05,1.66083102268247e-05,0.000537518638968218,-3.39439404144733e-08,-0.399999877155344,-0.400000045659772,0.249999996580742,-0.399999877395302,0.399999963865615,0.249999996752034,0.400000050831828,0.133157513783961,0.249999994440007,0,0,0,0,0,1.26157004407293,0,0,0,0.647663548463623,0,0,2.08016676689014,0,0,0,0.973166029507889,0,1.35305744268665,0,0,0,0,2.75456339582035,0,2.02745407098894,0,0,0.256903036502502,0.642351211291348,0.291243810536043,0.689798808978489,0,0,0,0,0,0,0,0,0,0.4525933857833,0.458493423004795,0.83186501287922,0,0.34136072434047,0,0.209045786422248,0.423581516532973,0.74233362702661,0.0162847813923461,0,0,0,0.343826065980491,0.306448817868647
518,-0.0600000002527673,0.0110742877161043,0.0419197030172956,0.0607522729027661,0.00500000081578808,0.0399999997806475,-0.0119556251358534,-0.027340685970839,0.0402861786078401,0.765859909482429,-3.47145622503857e-06,1.01809228467594e-06,0.64303722965722,0.00435736834829606,0.0307043812588432,0.0519969415109733,1.52868632449017e-10,0.0162453586843392,-3.08695757789667e-05,-0.00187206940895799,-4.30012847012627e-11,-2.09758143168273e-11,-0.00205879491432594,0.0137342757004943,-0.000135134606984754,7.75821536742614e-06,-4.12045903119549e-06,-0.0649573137663203,0.001391257590802,0.01273282162473,5.29338296749104e-07,-0.399999931360873,-0.400000060375096,0.249999996289698,-0.399999927059362,0.399999984661336,0.249999993632316,0.400000010343831,0.0423450493783589,0.249999991626225,0,0,0,0,0,1.2612469209317,0,0,0,0.571586139833377,0,0,2.07694457892357,0,0,0,0.973967732985071,0,1.30541351194119,0,0,0,0,2.7880024730746,0,2.01647140604312,0,0,0.28025061018963,0.643531582890662,0.304985974314975,0.696869626887168,0,0,0,0,0,0,0,0,0,0.451844336899783,0.452780513976215,0.820329658785908,0,0.33523633360993,0,0.215008582309338,0.43067589330143,0.743545472213574,0.0327415212951895,0,0,0,0.343708441172792,0.313131712935139
519,-0.0600000001821641,0.0113994485074108,0.041919081138097,0.0607094291747846,0.00500000104713409,0.03999999987659,-0.0122219613180371,-0.0270106680478457,0.040207632223752,0.766172501652633,-4.11873804989276e-06,1.34968020200009e-06,0.642664748194761,0.00437816960506299,0.0309776254034642,0.0519969792459056,4.30342960340503e-10,0.0168806123067675,-3.30632869485751e-05,-0.00225080538042677,4.42489088418395e-11,-2.17891527752275e-11,-0.0244739412097705,0.0190859430981941,-0.00759589787738877,6.54215200767269e-06,1.17480781728896e-05,-0.0489349039449654,0.00105256087294287,0.014265739996042,-7.34687976881871e-08,-0.399999822514084,-0.399999996274563,0.24999999577003,-0.399999825271528,0.400000021250198,0.249999991963667,0.400000115565958,-0.0480062159071394,0.249999999716942,0,0,0,0,0,1.25285831221305,0,0,0,0.448235960194204,0,0,2.03710306327364,0,0,0,0,0,0,0,0,0,0,2.82516422907681,0,1.96880277520755,0,0,0.337076862970661,0.631883914648525,0.295559988317178,0.705200118474989,0,0,0,0,0,0,0,0,0,0.484695194262154,0.47430708526709,0.854132557609245,0.435155745766246,0.351103839907208,0.533356415968903,0.252903169704549,0.441941358491402,0.743170822745887,0.0542435451297473,0,0,0,0.32419401090289,0.318738113131522
520,-0.0600000001489522,0.0107403569124921,0.0417847260772911,0.0607967026250675,0.00499999963320579,0.0399999998425078,-0.0121325954652716,-0.0268495586048278,0.0402153614535626,0.765590758031282,-8.0484781671501e-07,3.98768288039153e-06,0.643357659182876,0.00446686463219737,0.0311502697190405,0.0519975587456022,-3.47456235091947e-09,-0.0749999999663717,-0.014405504883168,0.0113476877946048,-5.18822283742923e-10,6.15166910990661e-11,0.0179838029466143,0.00427789380569841,-1.32832435312506e-05,0.000947009933638876,-0.000221093872379591,0.17028125842897,0.00985287011342299,0.00683899050357279,-1.85971936834655e-05,-0.399999893521981,-0.399999986138653,0.250000000202466,-0.39999975582709,0.399999722023409,0.249999993649022,0.143345666874888,0.399999937535298,0.249999999573212,0,0,0,0,0,1.20781515513191,0,0,0,0.593232791066084,0,0,2.03384517295158,0,0,0,0,0,0,0,0,0,0,2.77986257430602,0,1.84917941434506,0,0,0.616242436443741,0.864521096946591,0.522390685154008,0.958372848236318,0,0,0,0,0,0,0,0,0,0.484674816400474,0.500769947297482,0.833531722764125,0.377483482308117,0.369848298955486,0.524033855400674,0.221420819930094,0.510156941044061,0.778702623912185,0.0917832952763998,0,0,0,0.322654370552071,0.379235305606175
521,-0.0600000001911008,0.0100085693032076,0.0415622583163692,0.0609005180790056,0.00499999948142666,0.039999999926309,-0.0120032194428338,-0.0267083872714313,0.040231133048629,0.765046116572619,-5.82412635477467e-06,5.42107160846042e-06,0.644005227275057,0.00456940651380431,0.0313072731185354,0.0519975963322915,-2.17643996086803e-08,-0.00298779764157544,-0.00190175731908629,-0.00240109033436694,5.74520603190193e-10,-2.83497835400019e-10,-0.00642347061634381,0.0096880563502315,0.00291450899447583,-0.000110762065415323,-0.00512333192978574,0.00529312896265024,-0.000250536743408022,0.00824090749729918,-0.000193696328529313,-0.399999866522479,-0.39999990728882,0.249999997407457,-0.399999683304532,0.399999684282935,0.249999993000431,0.192510144278671,0.386861850503425,0.249999996901783,0,0,0,0,0,1.21872325476935,0,0,0,0.606566328961629,0,0,2.07361833877411,0,0,0,0,0,0,0,0,0,0,2.81710162043982,0,1.88779070703623,0,0,0.604666354942604,0.858228601532067,0.517009352743777,0.945885603730893,0,0,0,0,0,0,0,0,0,0.500528342201242,0.507633918577247,0.849705733281071,0.377051386794381,0.373115401167851,0.516390721396873,0.233776066565361,0.510845137640613,0.779248639575947,0.0896670045102891,0,0,0,0.306594293263804,0.376326620056673
522,-0.0600000000918299,0.0100000001703063,0.0415443216838053,0.0608956007958926,0.00499999916689645,0.0399999996761826,-0.0120113509177616,-0.0266406206665176,0.0402399567295715,0.764937829792572,-5.98771568854307e-06,2.71010512230604e-06,0.644133844825583,0.00457116412198221,0.0313754085180278,0.0519973780157823,3.7483627606856e-10,3.93317427367302e-11,-6.85384340995427e-05,-1.99691462837414e-05,-1.33122267664855e-09,-9.24476334560397e-11,-7.39742421596947e-05,0.000234754387509157,4.24652305293534e-05,0.000144790171915323,9.26699401083309e-05,0.00101913404805527,4.89618660220771e-06,0.000258325750870711,3.46522263386134e-06,-0.399999798876336,-0.399999938292812,0.249999997996241,-0.399999556560587,0.399999525345719,0.249999980243037,0.186011097466698,0.399999889688597,0.249999985009106,0,0,0,0,0,1.21997599315736,0,0,0,0.609769001290563,0,0,2.0539774824388,0,0,0,0,0,0,0,0,0,0,2.81604218355866,0,1.90549830407876,0,0,0.600690139253875,0.85864913456866,0.516324538906903,0.943014734915628,0,0,0,0,0,0,0,0,0,0.499641732896401,0.508127801484501,0.849748193053385,0.377743633786574,0.371527647757546,0.516194884530765,0.233076397013353,0.51308902798934,0.779235378309704,0.0913689698122036,0,0,0,0.307230819058551,0.376488874246718
523,-0.0600000000564917,0.0100000002019626,0.0415429130079369,0.0608951277494817,0.00499999898795546,0.039999999636438,-0.0120130618805573,-0.026635303600039,0.040241021576347,0.764931457071511,-5.86215269329102e-06,2.96670339929065e-06,0.644141412651272,0.0045712489059784,0.0313805369412282,0.0519973822943248,6.00550044068083e-10,2.0580354668798e-10,-7.06637696986089e-05,-1.89558619561865e-05,-1.49083040886271e-09,-5.70226897255594e-11,-7.98827195015005e-05,0.000261203091554256,5.18389426576647e-05,4.00028491421578e-06,6.4481294146534e-06,0.00102730326440051,7.91166441783096e-06,0.000252808353481688,-3.57401433656235e-07,-0.399999740736363,-0.399999916510607,0.249999998031963,-0.399999432090173,0.399999386374782,0.249999973383991,0.184351240609704,0.399999880476563,0.249999983554594,0,0,0,0,0,1.22039494115484,0,0,0,0.608765956578226,0,0,2.03951859798481,0,0,0,0,0,0,0,0,0,0,2.80118276340353,0,1.89799460615878,0,0,0.603318895485039,0.859873029077191,0.519243061939903,0.943948862622329,0,0,0,0,0,0,0,0,0,0.497608827952528,0.505435088333883,0.845802488643488,0.375238919530143,0.369791998991933,0.513102421794501,0.231928496727576,0.510865049693854,0.776386453994569,0.0900813944715401,0,0,0,0.305822884882244,0.375221960350886
524,-0.0600000000443553,0.010000000287071,0.0415414847445583,0.0608948336933952,0.00499999895197345,0.0399999995884699,-0.0120142561895453,-0.0266300134573679,0.04024200573134,0.76492438320224,-5.82986266501227e-06,3.02140834894534e-06,0.644149812920719,0.00457148284041807,0.0313857127648818,0.0519973809603983,7.08604269440247e-10,4.03309061796168e-10,-7.26555434152398e-05,-1.70155942372546e-05,-1.56108056092689e-09,-7.91453707826915e-11,-6.20385597843213e-05,0.000264878993324981,4.88600917030315e-05,-1.07717375423549e-06,-7.08729577523171e-06,0.00108531656712615,9.82679121970685e-06,0.000259461813514106,-2.0254075070758e-07,-0.399999709663069,-0.399999832028078,0.249999996979019,-0.399999349403479,0.399999356292406,0.24999996755674,0.185220305382556,0.399999938742454,0.249999985858924,0,0,0,0,0,1.22166900569027,0,0,0,0.610380183355187,0,0,2.03406213992621,0,0,0,0,0,0,0,0,0,0,2.79739484972745,0,1.89812563792714,0,0,0.604496982757315,0.860902272134911,0.520538301778568,0.944860953113654,0,0,0,0,0,0,0,0,0,0.497132781640669,0.505062077495085,0.844620475871061,0.375283274926547,0.369971562111664,0.513204261756291,0.232050575281925,0.510594960444498,0.775890055213457,0.0898230720411281,0,0,0,0.306552854265683,0.375504445064337
525,-0.060000000074947,0.0100000002822422,0.0415400469512151,0.0608944800586346,0.00499999913238878,0.0399999997091281,-0.0120155925191759,-0.0266247386196537,0.0402430035768248,0.7649175142496,-5.84015796477128e-06,3.00712152998801e-06,0.644157969689571,0.00457166447325984,0.031390868492409,0.0519973812342895,4.94649747296258e-10,2.87023889225948e-10,-7.15202601024498e-05,-1.70060305318313e-05,-1.18021047445064e-09,-5.29047439407927e-11,-6.61987048562537e-05,0.000263609629002471,5.00023508710591e-05,1.19481476421688e-07,2.1711728329316e-06,0.00106924324813587,9.61154167973893e-06,0.000257579012612917,6.6014851902333e-08,-0.399999795715543,-0.399999882167782,0.249999997952018,-0.399999525294234,0.399999513900775,0.249999978174583,0.186060920210916,0.399999938060551,0.249999983290141,0,0,0,0,0,1.2198975452566,0,0,0,0.611879202363542,0,0,2.03507441508497,0,0,0,0,0,0,0,0,0,0,2.8038725058871,0,1.90434143439792,0,0,0.60422031914617,0.860787755117378,0.519967713849596,0.945040360413943,0,0,0,0,0,0,0,0,0,0.498054257353073,0.506191636926192,0.845673638180288,0.37730373965787,0.371531508366024,0.514925626799928,0.233909621223962,0.512112987922367,0.776854234351413,0.0907054260325289,0,0,0,0.308484335830656,0.377452859360544
526,-0.0600000000516453,0.0100000002983311,0.0415386247562776,0.0608941197279214,0.00499999896022807,0.0399999996589705,-0.0120170519484672,-0.0266194988904254,0.0402440251379029,0.764910778105077,-5.83460738061059e-06,3.00228684698185e-06,0.644165968562976,0.00457183675557642,0.0313959682844558,0.0519973814075136,6.3850013384624e-10,3.59684605850701e-10,-7.06513857461711e-05,-1.69242260944415e-05,-1.47862264282389e-09,-7.26124031835184e-11,-7.18726930067273e-05,0.000261572037211487,5.11803194683757e-05,5.40650847422318e-07,3.087862231079e-06,0.00105134859085066,9.46335317576671e-06,0.000254484266166298,5.55259279706785e-08,-0.399999735504922,-0.39999985248117,0.249999997342989,-0.399999398890877,0.399999391065999,0.24999996981015,0.189056990036464,0.399999929153758,0.249999984262108,0,0,0,0,0,1.22397681576087,0,0,0,0.615337486268528,0,0,2.03955093479259,0,0,0,0,0,0,0,0,0,0,2.81419060189473,0,1.91418696894303,0,0,0.603637331087947,0.861383296361801,0.519155466658604,0.945865160791135,0,0,0,0,0,0,0,0,0,0.499728905353256,0.508673633692492,0.848079131028625,0.380495327480833,0.374434594310291,0.519119023516219,0.235810898274908,0.513967966816909,0.779386635377997,0.0917341822045395,0,0,0,0.311802831830218,0.379728927434693
527,-0.0600000000377919,0.0100000002959611,0.04153721644746,0.0608937693055024,0.00499999889355377,0.039999999599553,-0.012018582869253,-0.0266142931507599,0.040245059165641,0.764904108441178,-5.82329211234881e-06,2.99787719705518e-06,0.644173888322217,0.00457201348293578,0.0314010182635947,0.0519973807915691,7.41075765023835e-10,4.21389185044769e-10,-7.00026139435493e-05,-1.66736515691013e-05,-1.65685924080755e-09,-9.00638411443174e-11,-7.57234506910645e-05,0.000259915343437538,5.18524282212793e-05,3.99562244724116e-07,2.70997142419014e-06,0.00103919362143548,9.48939706989823e-06,0.000252074718233256,5.15584274834814e-08,-0.399999693502232,-0.399999826947223,0.249999996828741,-0.399999313826345,0.399999317597761,0.249999962664946,0.188837883309084,0.399999932843087,0.249999985221109,0,0,0,0,0,1.22474109524335,0,0,0,0.616307526558512,0,0,2.02749702083171,0,0,0,0,0,0,0,0,0,0,2.80045295586255,0,1.90838735809222,0,0,0.606247744088139,0.862917428839113,0.522175189512701,0.946989983414549,0,0,0,0,0,0,0,0,0,0.497693220679445,0.506276927195173,0.844195471006717,0.378235616032874,0.372694928063544,0.516365614773595,0.234564929322821,0.51226997142996,0.776903243851497,0.0907180653185219,0,0,0,0.310943388876953,0.378687972299032
528,-0.0600000000316289,0.0100000002891839,0.04153582348258,0.0608934196332618,0.00499999887672501,0.039999999555484,-0.0120202250641587,-0.0266091183645847,0.0402461222104168,0.76489753741885,-5.81772191193995e-06,2.9992675456774e-06,0.644181690790253,0.004572187120881,0.031406017715083,0.0519973813432097,7.96011644264797e-10,4.6075915928801e-10,-6.93247145902419e-05,-1.65254127816708e-05,-1.74377346794314e-09,-9.83064641340299e-11,-8.11149360955044e-05,0.000258388279253972,5.31791945591764e-05,5.21983959264912e-07,2.4866124803713e-06,0.00102542270694117,9.4312253832288e-06,0.00024953770532065,3.2146688005842e-08,-0.399999670577278,-0.399999810706984,0.249999996536746,-0.399999268233795,0.399999281802116,0.249999959227877,0.187447663037111,0.399999939639263,0.249999986343495,0,0,0,0,0,1.22423786617075,0,0,0,0.615675064806303,0,0,2.01316824953055,0,0,0,0,0,0,0,0,0,0,2.78418671512015,0,1.89923266775871,0,0,0.609091130890903,0.864346663092629,0.525372892848804,0.948064901134724,0,0,0,0,0,0,0,0,0,0.495340873788713,0.503428122504235,0.839857965372657,0.375775250476679,0.370707085714266,0.5131048705546,0.233377465636343,0.510187938958013,0.773740846445461,0.0899431038128702,0,0,0,0.309658131549209,0.37746690216832
529,-0.0600000000289666,0.0100000002899407,0.0415344426954326,0.0608930788953491,0.00499999887000265,0.0399999995356596,-0.0120219433410349,-0.0266039634431989,0.0402472125766619,0.764891012775197,-5.81493820007263e-06,3.00779132996463e-06,0.644189438031655,0.00457236553727695,0.0314109815058247,0.0519973824555697,8.20595802907451e-10,4.83199298977162e-10,-6.89273059638865e-05,-1.6369216661345e-05,-1.7830174668001e-09,-9.97118133831751e-11,-8.51743461658455e-05,0.000257504394187684,5.44345269574004e-05,3.99982984122206e-07,1.31904478507213e-06,0.00101715435473946,9.44764625467725e-06,0.00024788415804274,-1.08060878013708e-09,-0.399999660668433,-0.39999980117145,0.249999996410218,-0.399999247129262,0.399999265559346,0.249999958671153,0.18601242360023,0.399999944887909,0.249999987350028,0,0,0,0,0,1.22434489598261,0,0,0,0.614920167917507,0,0,2.00272207949142,0,0,0,0,0,0,0,0,0,0,2.77410667690618,0,1.89384587132473,0,0,0.611115972699233,0.865347448703843,0.527610070068835,0.948853351334243,0,0,0,0,0,0,0,0,0,0.493853205669797,0.501527921684736,0.83688199295852,0.374321885190017,0.36960459046726,0.510990834769623,0.232935640887652,0.508769641602665,0.771475403452626,0.0887657899191899,0,0,0,0.30891529568597,0.376846310383335
530,-0.0600000000313767,0.0100000002911048,0.0415330752161681,0.0608927320200994,0.0049999989008634,0.0399999995360637,-0.0120238244635903,-0.0265988370149547,0.0402483424452529,0.764884612079744,-5.81100256949028e-06,3.00806328522379e-06,0.644197037944527,0.00457253473704287,0.0314158898742973,0.0519973832877488,8.12041225325739e-10,4.97229504070446e-10,-6.79802978895216e-05,-1.61703577130023e-05,-1.75845236331161e-09,-9.6394797365818e-11,-9.28469929694808e-05,0.000255949988972321,5.65255177433816e-05,6.32948998219602e-07,3.0978186976137e-06,0.00100031296154443,9.38094809869034e-06,0.000244932974396718,4.2643147055847e-08,-0.39999966369531,-0.399999795856958,0.24999999640839,-0.399999252310287,0.3999992757969,0.249999959973299,0.186241597499348,0.399999953469467,0.249999988547337,0,0,0,0,0,1.22515988808687,0,0,0,0.616001136458154,0,0,1.99719862109951,0,0,0,0,0,0,0,0,0,0,2.77093679440408,0,1.89348978201259,0,0,0.612029059554887,0.866077083728146,0.528608016502494,0.94949812678054,0,0,0,0,0,0,0,0,0,0.493480039827839,0.501157223630779,0.835826184059288,0.374500572086225,0.369836192567546,0.510982490654321,0.233354273999448,0.508569085589099,0.770842934635556,0.088483622780217,0,0,0,0.309517322664787,0.377248054523566
531,-0.0600000000279414,0.0100000002929626,0.0415317220587578,0.0608923938931799,0.00499999887251773,0.0399999995210443,-0.0120258272650854,-0.0265937357889479,0.0402495051853632,0.764878281928897,-5.80294706995479e-06,3.01011755480309e-06,0.644204553947226,0.00457270751200926,0.0314207489426454,0.0519973836641127,8.36147018648085e-10,5.05421366987535e-10,-6.73312853907572e-05,-1.59429274781917e-05,-1.81155589803399e-09,-9.72210494857104e-11,-9.91514212943924e-05,0.000254723178406051,5.81809716406266e-05,5.45067144064536e-07,2.62944994246938e-06,0.000988014440213671,9.39515296850087e-06,0.000242532622266087,3.23332734925356e-08,-0.39999965394412,-0.399999792358775,0.249999996280373,-0.399999231334957,0.399999253883835,0.249999959653258,0.190610288587977,0.399999950742835,0.249999989834813,0,0,0,0,0,1.22774157456733,0,0,0,0.622042200626224,0,0,2.00271953791752,0,0,0,0,0,0,0,0,0,0,2.78212683021572,0,1.90491983955449,0,0,0.611415414364909,0.866668029673633,0.527983837076432,0.950099606962115,0,0,0,0,0,0,0,0,0,0.494502455471766,0.503106514485782,0.83758429048156,0.377687716179265,0.372427776240784,0.514913309748231,0.235202182671817,0.510038855922918,0.772541864971333,0.0873717795339461,0,0,0,0.312645290669002,0.37936011767795
532,-0.0600000000241399,0.0100000003690572,0.0415303792813764,0.0608920641190703,0.00499999897048114,0.0399999995327833,-0.0120279227967957,-0.026588658614011,0.0402506848146712,0.764872007665205,-5.79124449077373e-06,3.00428956128249e-06,0.644212003441648,0.00457288388303661,0.0314255652513274,0.0519973828386506,7.84210184773142e-10,5.60047697673337e-10,-6.67268311021046e-05,-1.56803070661942e-05,-1.70795954128794e-09,-8.81141275047143e-11,-0.000104003507681354,0.000253551275842629,5.91565455961509e-05,3.98003030859147e-07,2.78469173417178e-06,0.000977500513851581,9.44749142590312e-06,0.000240452642763529,5.38276314608396e-08,-0.399999675734541,-0.399999769884436,0.24999999639354,-0.399999261581985,0.399999296556634,0.249999963477953,0.18712859746294,0.399999973426879,0.249999991202322,0,0,0,0,0,1.22711744728776,0,0,0,0.619002748849556,0,0,1.98365630055869,0,0,0,0,0,0,0,0,0,0,2.75999830701754,0,1.89065265118269,0,0,0.61520749186756,0.868191782368839,0.532142687700716,0.951256586535677,0,0,0,0,0,0,0,0,0,0.491332602873266,0.498966588230182,0.831765547910895,0.373783453714594,0.369323506242499,0.509749532661564,0.233357427295527,0.506774353788663,0.767898488440858,0.0857973470156659,0,0,0,0.309916394244565,0.377131271800971
533,-0.0600000000262888,0.0100000003083139,0.0415290520670094,0.0608917320255911,0.00499999891053152,0.0399999995192319,-0.0120301966142642,-0.0265835954233166,0.0402519229282914,0.76486583291045,-5.79074016194431e-06,3.01299808077187e-06,0.64421933464872,0.00457305528556485,0.0314303375158893,0.0519973845246617,8.24538303207683e-10,5.27445151094217e-10,-6.618022418053e-05,-1.56335517771479e-05,-1.78385753407161e-09,-9.1072499635023e-11,-0.000112642431728537,0.000252891207018991,6.18051110005232e-05,6.16226272671342e-07,2.07400769270634e-06,0.000964926592271175,9.34492202034533e-06,0.000238232691356934,5.75199334555679e-09,-0.399999658519202,-0.399999783188391,0.249999996281689,-0.399999236813718,0.399999265280762,0.249999962164047,0.189658180114174,0.399999963311173,0.249999991308682,0,0,0,0,0,1.22814800803926,0,0,0,0.622204302352977,0,0,1.98717224596,0,0,0,0,0,0,0,0,0,0,2.76957619999646,0,1.9002725602641,0,0,0.614878950438526,0.868564442661547,0.531514816471275,0.951928576628803,0,0,0,0,0,0,0,0,0,0.492868095027358,0.501013301239212,0.833655011115243,0.376546718165108,0.371788146084759,0.512944351737085,0.235390512512779,0.508642691521997,0.769906118322596,0.0862843242739453,0,0,0,0.312797825372457,0.379417536367549
534,-0.0600000001635387,0.010000000090389,0.0415277362358843,0.0608914019143337,0.00499999972231407,0.0399999999045171,-0.0120326592455729,-0.0265785530961708,0.0402532011945859,0.764859753235843,-5.77919440885953e-06,3.005439061212e-06,0.644226552842282,0.00457322372050763,0.0314350547230444,0.0519973839756794,2.05383076570133e-10,1.57391490386645e-10,-6.52499426898846e-05,-1.53317452393398e-05,-4.66799092288745e-10,-1.27933162224641e-11,-0.000122026333639405,0.000251754227169273,6.41142064086731e-05,6.30672801872396e-07,3.85373475320805e-06,0.000949512799971741,9.35879428703186e-06,0.000235392842560124,6.98998919051722e-08,-0.399999913745517,-0.399999936174591,0.249999998976543,-0.399999799286729,0.399999807927302,0.249999994418651,0.188421110894143,0.399999993184082,0.24999999746881,0,0,0,0,0,1.22810880150235,0,0,0,0.621417137718886,0,0,1.97757780021154,0,0,0,0,0,0,0,0,0,0,2.76097402557298,0,1.89581035463584,0,0,0.617724457679667,0.869725052003278,0.534104378280627,0.953345131402322,0,0,0,0,0,0,0,0,0,0.491851933112545,0.499487031884845,0.831119240099213,0.37542942145603,0.371175239923017,0.511231853165976,0.235372808213067,0.507444387175675,0.768033234583993,0.0855831788073629,0,0,0,0.312343415940805,0.379132595213849
535,-0.0600000001742252,0.0100000000734978,0.0415264375927854,0.0608910748147835,0.00499999976577024,0.0399999999257597,-0.0120353586155512,-0.0265735217223425,0.040254550031058,0.764853772198119,-5.77228942958506e-06,3.00893454801123e-06,0.644233653779473,0.00457339129670316,0.0314397191158141,0.051997384816275,1.76791780750228e-10,1.29135629163451e-10,-6.45866282550522e-05,-1.51969848573024e-05,-4.04773173776795e-10,-1.02551385815994e-11,-0.000133804201748292,0.000251244380551603,6.74684532308196e-05,7.32771847137147e-07,3.09235133650105e-06,0.000935316712335335,9.29582731083256e-06,0.000232764264737106,3.0675352419826e-08,-0.399999925218909,-0.399999947656224,0.249999999025341,-0.399999827029625,0.39999983345663,0.249999995416207,0.188012662357841,0.399999991323756,0.250000001134666,0,0,0,0,0,1.22136890799306,0,0,0,0.596323737425433,0,0,1.9484668267104,0,0,0,0,0,1.12993596254948,0,0,0,0,2.74774683910812,0,1.92921597522088,0,0,0.620217711196516,0.858123389212404,0.533313053156359,0.945028047252563,0,0,0,0,0,0,0,0,0,0.491978724502364,0.487897425558638,0.830333763303404,0.352169194357302,0.354000883349111,0,0.220825536269299,0.488916216381379,0.750533812687061,0.0618192287913421,0,0,0,0.272369243740955,0.355019674171852
536,-0.0600000001033424,0.010000000064264,0.0415250066685465,0.0608904909924842,0.00499999989755629,0.0399999998972643,-0.0132447409697701,-0.0263623284943112,0.0401981998176773,0.764850513096042,-4.68267411227875e-06,1.01839172329541e-06,0.644237523054323,0.0045732449942799,0.0314429915470913,0.0519971673449613,-6.31987712865448e-10,-5.33604421067911e-09,-2.68176170460592e-05,1.93279574177045e-05,-3.15313270036866e-09,-1.40376859375953e-09,-0.0750000000570661,0.0147443496884059,-0.00495165775996328,0.000365731520012434,0.000240624346613452,0.00047333854134919,1.77392649759537e-05,0.000131410619749669,1.33280954214842e-05,-0.39999987702008,-0.399999763301108,0.249999997153303,-0.399999683062234,0.399999786767017,0.249999924947789,0.275749184790804,0.400000130764468,0.249999970156912,0,0,0,0,0,1.23025975863375,0,0,0,0.650493808646729,0,0,1.94986288096033,0,0,0,0,0,1.08988923760047,0,0,0,0,2.7220271257265,0,1.8620534828804,0,0,0.636047581215159,0.865030624004052,0.552727492974404,0.948350712244803,0,0,0,0,0,0,0,0,0,0.475750153538997,0.469720355838139,0.804250940154127,0.333250818475247,0.342385107258822,0,0.171705190126374,0.481573571734954,0.747015466830579,0.091691864479371,0,0,0,0.276015345151693,0.35423832315564
537,-0.0600000001020821,0.0100000001081523,0.0415240586927762,0.0608901996481782,0.00500000116961975,0.0399999978465577,-0.014783260531151,-0.0260931297434517,0.0401992804488562,0.76484785088016,-4.63067125933742e-06,1.81230247672006e-06,0.64424068366811,0.00457341106343352,0.0314465134016129,0.0519972051741175,-9.44150689670016e-11,-1.14928354183961e-09,-4.82351235326038e-05,-1.60800033449431e-05,-1.02541758432015e-09,-6.84405162284662e-10,-0.0750000000098027,0.0134786050692541,0.00294655850529586,0.000109524400090404,2.12390179078545e-05,0.000371080035994396,1.15969953498187e-05,0.000157146125732762,3.25350504315323e-06,-0.399999897693659,-0.399999764293745,0.249999999146848,-0.399999767161618,0.399999874539447,0.249999871754544,0.274235109981386,0.400000140257494,0.250000026112946,0,0,0,0,0,1.24465911124117,0,0,0,0.644822253270613,0,0,1.90488982586627,0,0,0,0,0,1.0732299794118,0,0,0,0,2.72691544684642,0,1.89525560060392,0,0,0.644571160730895,0.867236272219575,0.55786656039913,0.953940872551338,0,0,0,0,0,0,0,0,0,0.481774670598726,0.471691033773451,0.804922275588511,0.323661873310233,0.34006785528784,0,0.162099214240711,0.487129654650134,0.758192784604801,0.112871639526703,0,0,0,0.276932382326525,0.355506476164519
538,-0.0600000000823029,0.010002687374814,0.0415231693219588,0.0608896843023281,0.0050000007445837,0.0399999978952598,-0.01634217654475,-0.0258196690788777,0.0401619076043583,0.764848687509181,-4.64331521091325e-06,1.83786115978609e-06,0.64423969042398,0.00457371813327598,0.031451124472632,0.0519971486503393,2.30864392142376e-10,0.000116068155147174,-4.01136582721168e-05,-2.86867031026824e-05,-1.77937431071429e-09,-7.9819110660252e-10,-0.0750000000362662,0.0137588756872484,-0.00468773640897695,-1.4972049483119e-05,4.45167466293232e-05,-0.000114671734020722,2.13212392682725e-05,0.000206695103190224,-2.20888564986082e-06,-0.399999882282924,-0.399999721542341,0.249999997840904,-0.399999698988667,0.399999802011389,0.249999866261131,0.267173333683808,0.400000139495815,0.250000003579519,0,0,0,0,0,1.25806328823471,0,0,0,0.634336008385395,0,0,1.84177506254299,0,0,0,0,0,1.04936632889054,0,0,0,0,2.72034194881663,0,1.92793321518607,0,0,0.657941916925248,0.870079922619722,0.567235120129288,0.96078671941568,0,0,0,0,0,0,0,0,0,0.485974735969951,0.469803802439192,0.800657137152906,0.307592204393329,0.333755866479553,0,0.147951603008871,0.491541232468204,0.768655982878583,0.136638579616001,0,0,0,0.275591050119008,0.355493296508565
539,-0.0600000000890826,0.0100294204190082,0.041522716777496,0.060886601638914,0.0049999991845978,0.0400000005929915,-0.0179128246529296,-0.0255249114277782,0.040206918629811,0.764883934793673,-4.54718748279103e-06,3.17566061530295e-06,0.64419784216726,0.00457627294440881,0.0314733131207993,0.0519972353879842,3.15114751199388e-10,0.00247819053439933,-3.28710868952799e-05,-0.000276880633521855,-1.19130409129562e-09,-2.06367275420753e-10,-0.075000000115278,0.0158311159498766,0.0063294544985485,-0.000221559242460219,-4.57825348414585e-06,-0.0104429573838471,0.000262623535384009,0.00197022920776051,-4.2234081740533e-06,-0.399999792148022,-0.399999761982784,0.249999996952425,-0.399999482057773,0.399999504198814,0.249999976630305,0.253132838365338,0.400000054857643,0.250000007557147,0,0,0,0,0,1.26828084719655,0,0,0,0.617009562359504,0,0,1.76289702040167,0,0,0,0.645850264251505,0,1.01319230023947,0,0,0,0,2.67754145991399,0,1.92783673958836,0,0,0.678092794150867,0.873744735122218,0.582052701355548,0.969784827917537,0,0,0,0,0,0,0,0,0,0.487041072240162,0.462566128761063,0.790355941545823,0,0.325022035126854,0,0.134999027004753,0.491073063695575,0.772112977071131,0.179600633718065,0,0,0,0.269825424666275,0.353528970061367
540,-0.060000000167582,0.010461041888083,0.0415220217733167,0.0608529461568576,0.00499999954870947,0.0399999998247781,-0.0195040621400701,-0.0249146584123862,0.0400000003549194,0.765726711292274,-3.63473695781254e-06,2.37714852244438e-06,0.643195855016958,0.00463674393909701,0.0317617468587781,0.0519971698797853,-1.09575493757683e-09,0.0399677168490174,0.000356562157398547,-0.0032324066123517,-8.19239928509414e-10,-3.79847014568814e-10,-0.0750000000640304,0.0450284545614212,-4.51003660666017e-06,-0.00248619849300461,0.00235728474698661,-0.245871755623056,0.00559491603289299,0.0265476223255584,0.00019800346297847,-0.399999877182693,-0.399999957999337,0.249999998205029,-0.399999729869621,0.399999711997136,0.249999992166453,0.221808417775685,0.399999947102686,0.249999999284052,0,0,0,0,0,1.28219221649103,0,0,0,0.589319066857848,0,0,1.79368586899323,0,0,0,0.655513492197972,0,0.998324930704314,0,0,0,0,2.74314928417975,0,1.9477883464714,0,0,0.756215844813079,0.901708722649805,0.633600669304071,1.02432389815882,0,0,0,0,0,0,0,0,0,0.515028567574639,0.47004239866041,0.795405913202582,0,0.336851731765133,0,0.159650810774089,0.486820952787614,0.787171592471665,0.198827571471099,0,0,0,0.261829780933516,0.353630285892339
541,-0.0599999999269894,0.0112665417273549,0.0415213836334202,0.0607752158882024,0.00499999830162538,0.0399999992368401,-0.0211031927086637,-0.0239739224813644,0.0399999998506419,0.76707541038236,-3.98391897106487e-06,2.67914102356397e-06,0.641586814964535,0.00473316998506622,0.0323383291049832,0.0519971789761661,1.01658016360558e-09,0.0417720437312245,-3.85266398028527e-05,-0.0042515947632994,-2.96410832124772e-09,-2.72478326784331e-11,-0.0750000002610447,0.0489240306270196,-2.60673553782026e-12,-0.000693012209419348,-0.000354945850711826,-0.213122077030346,0.00488695458692894,0.0301379892142685,-2.026664278457e-06,-0.399999441951209,-0.399999913489194,0.249999992861413,-0.39999886783784,0.39999878338231,0.249999947594978,0.200967744687737,0.399999760359969,0.249999986457673,0,0,0,0,0,1.28974270820228,0,0,0,0.561686162773492,0,0,1.74467606602756,0,0,0,0.6310652597151,0,0.959788409666976,0,0,0,0,2.74077405880444,0,1.95588640211833,0,0,0.790030167193814,0.921576519168599,0.659416172651741,1.05219051371067,0,0,0,0,0,0,0,0,0,0.52434840562634,0.470351954736714,0.79698313246373,0,0.333907610301417,0,0.160763493016782,0.491148247220095,0.798288219499767,0.211575246732554,0,0,0,0.257291998728009,0.354703902784802
542,-0.0600000002261048,0.0120222295667062,0.0415206143578952,0.0606939443791874,0.00500000004370699,0.0399999999911862,-0.0227250295656067,-0.023047526756136,0.0399999999950304,0.768250044769484,-4.1657157692196e-06,2.85635916135534e-06,0.640179827825097,0.0048168850230024,0.0328946307116951,0.0519971835447015,-2.98991953795183e-10,0.0345259254863245,-4.01406996117835e-05,-0.00378092748257584,-1.25934080094661e-12,1.33966208049097e-10,-0.0750000000000008,0.0440032593198869,2.76645242873333e-11,-0.000834838548600217,-0.000391327805923397,-0.171084132684235,0.00391831577847006,0.0252074504387742,-1.02591781969882e-06,-0.399999999999992,-0.399999999999992,0.25,0.4,0.181735682152096,0.25,0.4,-0.399999999999994,0.25,0,1.15068638577813,0,0,0,0,0,0,0,1.12882685194964,0,0,4.29077159709546,0,0,0,2.80531233474827,0,2.76952363814233,0,1.3765200505371,0,0,2.73485582897136,0,0,0,0,0,0,0,0,0,0,0,0,0,0,0,0,0,0,0.508561958036295,0.655535311876874,0,0.398647110750364,0,0.198653667204856,0,0.510780549259864,0,0,0.187772631122934,0.734732872054528,0.577542559532243,0.344962943645219
543,-0.0600000000485437,0.0107269864742318,0.0412436184059009,0.0606383477964797,0.00355747841154988,0.0400000069146332,-0.0215114662548888,-0.0245415631061249,0.0400000002943639,0.767383350460287,5.25639705341068e-06,-2.51511151626992e-06,0.641218488947636,0.0049511043388313,0.0328027681656878,0.0519972955281403,-2.14581360425328e-08,-0.0749999997231992,-0.0272275320660794,-0.00279237565357251,-0.0749999998607302,1.9078408925798e-09,0.0749999999950617,-0.074999999765645,2.86112905662361e-10,-0.00133254260202971,-0.00599295408300004,0.20723828033134,0.00750370329941627,-0.0138423671923909,2.5280158415255e-05,-0.400000026569866,-0.399999885926216,0.249999995982999,-0.400000006361496,0.40000005741052,0.250000753380333,0.070336573521316,0.400000096588649,0.250000117913567,0,0,0,0,0,1.10773081932589,0,0,0,0.441791396957235,0,0,0,0,0,0,0,0,0.965696027906616,0,0,0,0,2.69425151334722,0,2.04833257351232,0,0,0.768701679648259,0.939413502353462,0.657310857999987,1.05080432400173,0,0,0,0,0,0,0,0,0.739322133173191,0.476215258416495,0.449830993643674,0.765706397946011,0.258605577851077,0.285038880203314,0,0.0935908323099073,0.512378659708574,0.762606197910035,0.268588595287015,0,0,0,0.255505377815099,0.347586546268219
544,-0.0600000002221305,0.010005002151414,0.0412680146262273,0.0607628217392211,0.00442228127201007,0.0399999999872541,-0.0220999624920217,-0.0234444346792347,0.040332005168244,0.764508074020658,-1.09010731071525e-05,7.1921532528994e-06,0.644643991441751,0.00477013096332743,0.0328268280455548,0.0519978936931714,4.86476058640601e-08,0.00802723327569066,0.0055538988603891,8.66863360449046e-05,0.0749999994814387,-9.92750300998771e-09,-0.0749999999762264,0.0448887233489675,0.0260418687493343,-0.0213459756999448,0.0086411866478127,0.495318606876202,-0.00549392943153725,0.0514435637471811,-0.000983328370707942,-0.39999999289029,-0.400000000075804,0.249999999130199,-0.399999911564793,0.399999786342771,0.24999999957089,0.106701933317605,0.399999979335032,0.249999999942747,0,0,0,0,0,1.30325012612809,0,0,0,0.529115598746434,0,0,1.70428576104983,0,0,0,0.703388270553527,0,0.913129961869041,0,0,0,0,2.60946311780329,0,1.81830731855573,0,0,0.806868752009516,0.953719132274017,0.702298641202776,1.05828924308076,0,0,0,0,0,0,0,0,0,0.480413703910568,0.434950843118394,0.736686372684237,0,0.283305160735416,0,0.10788000616112,0.496546542986109,0.83684561047988,0.200379937112361,0,0,0,0.283427792589348,0.344900860603131
545,-0.0600000002476658,0.0111896955179395,0.0412592000231565,0.060665714402489,0.00500000002010596,0.0399999999918451,-0.0237656621311894,-0.0219411817541933,0.0403203636604221,0.764476760028037,-4.32953866457505e-06,9.1822273470951e-07,0.644681160969157,0.00477408494059994,0.0340374388167423,0.0519971108561977,-2.65527302257983e-08,0.0750000000000227,-0.000469998018934861,-0.0102838842744732,8.37327515228396e-10,-4.28993187461475e-10,-0.0750000000000035,0.075000000000012,-0.0194398064305237,0.00423970243380595,-6.40663755507052e-05,-0.446143707176816,0.0086947509786553,0.0596751707648449,-0.0003401629416358,-0.399999999999997,-0.399999999999991,0.25,-0.063543709881386,0.330418782818701,0.25,0.399999999999999,-0.399999999999995,0.25,0,0,0,0,0,0.604125560734637,0,0,0,0.904838073492798,0,0,2.38970786350123,0,0,0,1.26771064055703,0,1.52819011369991,0,0,0,0,2.39335286276554,0,1.53183566178133,0.746093788315272,0,0.77930047182456,1.13988094994044,0.763779785834777,1.15540163593022,0,0,0,0,0,0,0,0,0,0.415259026023269,0.49694273256389,0.742045948711008,0,0.31147820017941,0,0.160322477683198,0.358521591324249,0.561215919185063,0,0,0,0,0,0.173057058939768
546,-0.0600000002480702,0.0106870408878259,0.0411564887787714,0.0604791176181568,0.00348817232258046,0.0399999998374539,-0.0225575185521471,-0.0231014942350829,0.0399999994386863,0.764006406135675,4.16253421093385e-06,-4.54130500333565e-06,0.645238520688762,0.00481275728525853,0.0340321214804673,0.0519972473834961,-1.16312951592386e-08,-0.0750000001915136,-0.0109897450134457,-0.00569108507675274,-0.074999999953161,2.11820381864917e-10,0.0750000000826657,-0.0750000000206407,2.24388830852622e-12,-0.00155518620795735,-0.00553185955366233,0.325915164650832,-0.00206708072139249,-0.0365887107332527,5.08717328770842e-05,-0.399999959413501,-0.400000078908107,0.250000000307018,-0.0984831243835982,0.400000019304572,0.249999997821559,0.400000034068102,-0.400000008506937,0.250000000938034,0,0,0,0,0,0.528092660211243,0,0,0,1.26952477363602,0,0,2.11700750949592,0,0,0,1.08475381365816,0,1.4227652676944,0,0,0,0,2.10860712607046,0,1.41436488369775,0,0,0.639254200757336,1.10917904964912,0.686174564097672,1.06225868630879,0,0,0,0,0,0,0,0,0,0.0452052607025559,0.464635385635067,0.669251882891458,0,0.258484327376304,0,0,0.461679636929387,0.572105770041909,0,0,0,0,0.334179378893235,0.25552857867062
547,-0.0599999999712548,0.00999999996893802,0.041089955873875,0.0604106647564866,0.00251866121529999,0.0400000001674131,-0.0206375605166476,-0.0243630517233278,0.0399999998266997,0.763486823464606,3.39304821440952e-06,-7.62263140333316e-06,0.645853256774447,0.00475403469432494,0.0333169323362822,0.0519970647744936,4.71891721600033e-08,2.5489973881848e-08,0.0003212335742179,0.00305073285942583,-0.0260329845938933,-1.17424793174116e-09,0.0749999999936941,-0.051274380649602,-6.36904345149067e-12,-0.00678134553225625,0.00415116653608655,-0.248561415108217,0.00982536631464032,-0.0142567487198191,1.84921252200784e-07,-0.399999984071343,-0.399999997701677,0.249999996885064,-0.399999991153769,0.400000020344492,0.250000000506567,0.0484361350789753,0.399999990514431,0.249999997388866,0,0,0,0,0,1.11416412390291,0,0,0,0.434768163055988,0,0,1.65451179075408,0,0,0,0.602907501182983,0,0.937484893619125,0,0,0,0,2.69760467716072,0,1.98057778034874,0,0,0.767368600381931,0.929521129796666,0.6617717244836,1.035118005695,0,0,0,0,0,0,0,0,0,0.493317283923214,0.452850181578898,0.764024266379955,0,0.290979396592703,0,0.15134875223679,0.506209421639264,0.747618360185763,0.27876651757864,0,0,0,0.238785457632907,0.344338636653065
548,-0.0600000001912873,0.0100485437320172,0.0410889800530168,0.0604839722845441,0.0032975995688257,0.0400000000038981,-0.0216528923384523,-0.0229732917609297,0.0399999999809646,0.762306481568298,-3.15224243135025e-06,-3.42701325893449e-07,0.647246026178164,0.0046628442439507,0.0335650978327136,0.0519972103807542,2.03464044726959e-10,0.00570097532890743,-5.04197102283535e-06,0.0071731757632731,0.0749999999493472,-9.93461323659926e-11,-0.074999999975102,0.0750000000029198,-1.78857969068915e-12,0.000820356309259921,0.00156736858020652,0.432245009064181,-0.0108551424140739,0.0293569965442815,-2.45112436565674e-05,-0.400000017353473,-0.4000000075826,0.249999999534326,-0.400000019217515,0.399999979123047,0.250000000931632,0.107075111048701,0.400000001203378,0.249999999258854,0,0,0,0,0,1.24773058728295,0,0,0,0.512056985975787,0,0,1.62819247971576,0,0,0,0.578182221611816,0,0,0,0,0,0,2.60031362366148,0,1.76513317186345,0,0,0.794631585902566,0.930502708547911,0.673712786823384,1.0514215076271,0,0,0,0,0,0,0,0,0,0.498298721757776,0.448205858275464,0.761036406915575,0,0.333439559922088,0.394702525582164,0.196681854436712,0.498039702280199,0.796246100390273,0.188899988826613,0,0,0,0.293154513571486,0.383273403926824
549,-0.0600000001975648,0.0109457777022735,0.041078627919353,0.0605176079430499,0.00485196184914441,0.0399999999934483,-0.0232150911470138,-0.0215042864161214,0.0402777546344412,0.760525520788152,-5.18129876791364e-06,2.40729411188412e-06,0.649337789749167,0.00453408713864282,0.0348350594028513,0.0519973854625034,1.2161169280626e-08,0.0685514126866683,0.000112777069207696,0.000847238206883911,0.0750000000000003,-3.10745554024735e-09,-0.0750000000000023,0.0750000000000085,0.0246742260238059,0.0072217241218632,0.00163096986765121,0.147798918428157,-0.00308309756010923,0.0765899362276278,0.000270289530041568,-0.399999999999997,-0.399999999999994,0.25,-0.0727993242045912,0.213659601914803,0.25,0.399999999999999,-0.399999999999997,0.25,0,0,0,0,0,0.523551352606546,0,0,0,0.90581081188198,0,0,2.30303733473273,0,0,0,1.2320286778358,0,1.44332246121702,0,0,0,0,2.28601116603254,0,1.42629665850058,0.727427930804242,0,0.756236129581504,1.10006319277244,0.7371797611005,1.11911956125344,0,0,0,0,0,0,0,0,0,0.401532690921684,0.477985885055021,0.728604979059848,0,0.306745012715377,0,0.159774365523148,0.346722881557838,0.549375636673209,0,0,0,0,0,0.175482009218194
550,-0.0599999999701718,0.0103093081406057,0.0409332345516384,0.0603791150214219,0.00371201961940376,0.0399999997933997,-0.0220073963924508,-0.0226411465991135,0.0402971308566758,0.758940850692024,3.94727411880802e-06,-4.67150371432076e-06,0.651189256997914,0.00450021011627348,0.0350592363581586,0.0519972185756502,-5.85493944966666e-09,-0.0749999999937553,-0.0132262700557659,-0.00462627746222573,-0.0749999998338373,1.95411303438289e-10,0.0749999999929022,-0.0750000000110309,-0.0220189045310319,-0.000862831601473733,-0.0054640036392427,0.280798049604759,-0.000495640926600971,-0.0322736367725959,4.68570707252335e-05,-0.400000022299798,-0.399999997432345,0.249999998177651,-0.112357850691451,0.40000006848374,0.249999999116259,0.399999997074648,-0.400000004546435,0.250000007113833,0,0,0,0,0,0.557140653786388,0,0,0,1.27051564606236,0,0,2.0918796780114,0,0,0,1.07973821313858,0,1.39423410939933,0,0,0,0,2.07773211608446,0,1.38008654760135,0,0,0.635200729985845,1.09957324897194,0.6800881745611,1.05468580439669,0,0,0,0,0,0,0,0,0,0.055797228538672,0.460074011940061,0.664303948595949,0,0.258304417691161,0,0,0.451314880221191,0.559408674298713,0,0,0,0,0.322503948450159,0.24954528597229
551,-0.0600000000618983,0.00999999996649449,0.0408440451202028,0.0602751742887168,0.00263194559278687,0.0400000000588413,-0.02008743841822,-0.0238824263676738,0.0399999998506259,0.759391046872508,2.1273175238179e-06,-4.85899455600518e-06,0.650664215768741,0.00452636339295782,0.0346059111789874,0.0519971972646785,2.2725785779024e-08,3.7964185235771e-09,-0.000100511194993769,-0.000749055746096567,-0.0324598301078238,1.58194767760999e-10,0.0749999999950636,-0.0492566949591434,-6.08967861334897e-12,0.00149571871183367,0.000762980494447791,-0.151082847825938,0.0057657349599883,-0.00867794235218633,-4.87421639477967e-05,-0.39999998286279,-0.399999994402872,0.249999996782089,-0.399999987596714,0.400000015683244,0.249999999061997,0.0273866924827846,0.399999993202438,0.249999997504009,0,0,0,0,0,1.11591967846138,0,0,0,0.40902577783,0,0,1.65635359622017,0,0,0,0.631484084511322,0,0.897516997603235,0,0,0,0,2.63569008212212,0,1.87685348272534,0,0,0.775842057336718,0.927625461062744,0.666055923753463,1.037411594646,0,0,0,0,0,0,0,0,0,0.491161605956597,0.445893870303168,0.761250918467113,0,0.293998072163157,0,0.19124342249759,0.489579759126061,0.723424942855583,0.226984741660816,0,0,0,0.222288136156815,0.337683960986053
552,-0.0600000002008621,0.0100350065508597,0.0408433513356101,0.060312438105844,0.00311694439311636,0.040000000009001,-0.0210865577907536,-0.0224765247716866,0.0399999999847976,0.758460241327267,-3.38043063982551e-06,-5.35603704873061e-07,0.651749005239295,0.00445243504179777,0.0347964020678694,0.0519972005214986,-1.36257687436402e-10,0.00407524150999812,-4.89222480734503e-05,0.00438977483314881,0.0598193669069535,-4.56365720669302e-11,-0.0749999999704205,0.0750000000005676,-2.04091678589908e-12,0.000173272968432945,-0.000154038728410137,0.357785277675442,-0.00940892882387379,0.0235840611967389,4.9505130472795e-06,-0.400000017073458,-0.400000008009886,0.249999998542047,-0.400000019973739,0.399999975258084,0.250000000920729,0.114988566106125,0.400000000233889,0.249999999153851,0,0,0,0,0,1.22442799216984,0,0,0,0.487891547972122,0.0419100579701818,0.0378681072053932,1.60828638528306,0,0,0,0.618041554580505,0,0.797618475182129,0,0,0,0,2.57823413750944,0,1.76756622891122,0,0.778586953008338,0.791010311999941,0.909493429459731,0.663320113391912,1.03718362806776,0,0,0,0,0,0,0,0,0,0.507001942984168,0.439459997315075,0.77483645290017,0,0.309569559076581,0,0.198887864266104,0.46745904146962,0.751190747394668,0.140179123337401,0,0,0,0.213208278536982,0
553,-0.0600000002019079,0.0106643853037059,0.0408356205494339,0.0603354677528637,0.00412214570889954,0.0399999999846609,-0.0226880714292211,-0.0209760796232512,0.0399999999886624,0.757469189493305,-5.28491305463905e-06,2.37909001308239e-08,0.652900572397554,0.00437909530511403,0.0356439199459332,0.0519971775012117,5.79413795640963e-10,0.0718759577585293,-0.000296746994444785,-0.000642107960249359,0.0633229430350097,-7.67722496993326e-10,-0.0750000000000027,0.0750000000000085,1.03597842889978e-10,-0.00292955178257384,-0.00223739115472689,-0.0859234100105081,0.00232688364473633,0.0672611194733527,-0.000204700076866045,-0.399999999999998,-0.399999999999994,0.25,-0.0955403505416333,0.260602269503245,0.25,0.399999999999999,-0.399999999999996,0.25,0,0,0,0,0,0.553177029606718,0,0,0,0.906880140460459,0,0,2.25270867609254,0,0,0,1.20555936490836,0,1.4096892961338,0,0,0,0,2.26991539322668,0,1.42689624420815,0.708790500626121,0,0.78352077870695,1.12021611260985,0.765234469956293,1.13850242136051,0,0,0,0,0,0,0,0,0,0.397022392937052,0.469978243882855,0.712422183259847,0,0.29706539348141,0,0.156949865087622,0.346025160956395,0.5401557301613,0,0,0,0,0,0.173112310554949
554,-0.0600000002876261,0.0100837502987625,0.0407116787013762,0.060241553801521,0.00310256413860473,0.0400000001057215,-0.0214773351608364,-0.0220981240740962,0.0399999999474536,0.756620925217655,4.04091745284719e-06,-4.83801375418672e-06,0.653883413197945,0.00438679976720905,0.0357285412112199,0.0519972426350354,-1.25244870135789e-08,-0.0750000000411761,-0.0129303062369705,-0.00436113424557117,-0.0750000000441431,1.8036458400256e-10,0.0749999999385717,-0.0750000001460771,-4.96100991908575e-12,-0.00132705746387631,-0.00555340052080126,0.259347511582762,-0.0009008346233025,-0.0335533219470638,2.26383352074689e-05,-0.399999936235055,-0.400000016967576,0.249999995684718,-0.399999944083503,0.39999998180414,0.249999999739861,-0.0164193347387698,0.399999939795684,0.249999997968679,0,0,0,0,0,1.07915461042956,0,0,0,0.40782608186114,0,0,1.67719270819542,0,0,1.63447420922195,0.588585975942927,0,0.866090366741525,0,0,0,0,2.61260930093665,0,1.80150695957842,0,0,0.777643784468898,0.965120418863447,0.735357685282589,1.00740651804976,0,0,0,0,0,0,0,0,0,0.323809163547885,0.331350203252775,0,0,0.199269044491991,0,0.0884741824498511,0.490317319582419,0.687798504582391,0.241252460438152,0,0,0,0.303074424635616,0.358236160821639
555,-0.0599999999367775,0.0113476074232785,0.0402940858017602,0.060102304135589,0.00357995182138812,0.0399999999967156,-0.0223579164577053,-0.0209158347850091,0.0399999994877783,0.755878903343717,5.34951934645645e-06,-1.18344804338565e-05,0.65474104356154,0.00414144669454967,0.0358596290233649,0.051997165302773,-1.30376357229358e-07,0.0749999997119615,-0.0271515079539615,-0.00500386243378424,0.0750000005521031,1.1248997796633e-09,-0.0749999999083795,0.0707523680907839,-2.60576595761702e-09,0.0540840232749574,-0.000282072169122198,-0.048474925163825,-0.0150572459537637,0.0549491145776187,-2.68624746991201e-06,-0.399999912129783,-0.400000118711413,0.249999968344033,0.00951885082380206,0.286112884339037,0.250000003573286,0.400000037758423,-0.400000006039113,0.249999993481835,0,0,0,0,0,0.44268858275929,0,0,0,0.913930876680767,0,0,2.17905747304447,0,0,0,1.1703934964427,0,1.37434645133575,0,0,0,0,2.19968610495645,0,1.39497508393051,0.695453142165586,0,0.77341796570734,1.11128083127062,0.764892211966332,1.11980658501162,0,0,0,0,0,0,0,0,0,0.375231447536896,0.451605302602255,0.685455823740328,0,0.280914179728024,0,0.141403473412256,0.343404414015487,0.531900966982903,0,0,0,0,0,0.172713291141258
556,-0.0600000001974335,0.0106064973984711,0.0402294055987007,0.0600465335432005,0.00264662916757372,0.0399999998439075,-0.0211069503183925,-0.0222099111121393,0.0400000029257692,0.754860805611562,3.07639030339911e-06,-3.6639689978299e-06,0.655914575011475,0.00415481152737517,0.0359431480905445,0.0519973544416363,-1.65600758659879e-08,-0.0749999999369857,-0.00469639508294006,-0.0043002816320643,-0.0749999999703758,6.82772044093913e-11,0.0749999999946524,-0.0749999999854808,2.38307179808571e-10,-0.00146166969793067,-0.00607461097832556,0.239151643604332,-0.000809300658052677,-0.0335094266752432,2.98311551152901e-05,-0.400000011144086,-0.399999974036937,0.249999999943355,-0.400000005082846,0.40000001220715,0.249999989603112,-0.0226374170247921,0.400000005983852,0.250000098191543,0,0,0,0,0,1.05345262693942,0,0,0,0.399925485583205,0,0,1.65437334186976,0,0,1.5971273516265,0.590454099121957,0,0.843976680175811,0,0,0,0,2.5554787905367,0,1.74508212867262,0,0,0.77693692214541,0.954649917738099,0.733168073047224,0.998418766836284,0,0,0,0,0,0,0,0,0,0.32418086005,0.330135390460075,0,0,0.198065640887528,0,0.103021163960823,0.487726944111424,0.675950213521307,0.234453516548527,0,0,0,0.296675501911048,0.355657194538879
557,-0.0600000001753185,0.0114269813103527,0.0400192046407516,0.0599852940199783,0.00309330613706692,0.0400058050123517,-0.021978327088107,-0.0210099555862068,0.0399999999944552,0.754424825098546,-5.61867196936867e-06,-5.30762627185607e-07,0.656415990698857,0.00400931638958342,0.036020190769346,0.0519972630454034,9.70967582028754e-09,0.0750000000000153,-0.0212119568250363,-0.00211328548923625,0.0749999999999866,0.000447971070324599,-0.075000000000008,0.0750000000000098,2.84307294121937e-16,-0.00096012597071002,0.00244833507791301,0.134389202893418,-0.0129120961692627,0.0326681090603977,5.99365270434294e-06,-0.399999999999999,-0.399999999999994,0.249999999999999,-0.4,0.399999999999994,0.249999999999999,0.399999999999997,-0.399999999999996,0.219523799645978,0,0,0,0,0,1.17730657030407,0,0,0,0.716885105949458,0,0,0,0,0,0,0,0,0,0,0,0,0,2.83296188207925,0,1.63095601456034,0,0,0.610360512462892,1.03478611488797,0.647281659288186,0.997864968062675,0,0,0,0,0,0,0,0,0.831787291235681,0.37871676123042,0.482042180240927,0.728461872225174,0.945968921571577,0.242708514063582,0.475808951661745,0.0272375748775084,0.629513058592812,0.771105759506518,0.371153785582022,0,0,0,0.403309653037762,0.390179039893617
558,-0.0600000011459616,0.0105474175646247,0.0401746155770812,0.0601149003521032,0.00372901309668351,0.0400029925882337,-0.0207784172654007,-0.0222099106772469,0.040540689998542,0.751672054208531,1.76444914748556e-06,2.73130151632813e-06,0.659566512840918,0.00386985656021147,0.0362223775251025,0.0519975111861279,-1.61655831883446e-08,-0.074999999975129,0.0182553457355055,0.00763265989865962,0.00610705934263404,5.80434259926186e-05,0.0750000000454008,-0.0749999999372521,0.0500000000035861,9.72282848422568e-05,-0.00251519072188807,0.464813988788748,-0.00647956751184172,-0.0154743641868485,-3.40434778022479e-05,-0.399999965027331,-0.399999989749872,0.249999987971349,-0.399999967560096,0.400000085244283,0.249999998505085,0.363286943193391,-0.399999974139197,0.239971705810814,0,0,0,0,0,1.02725146862494,0,0,0,0,0,0,0,0,0,0,0.977779006727653,0,0,0,0,0,0,2.48462183985395,0,1.27448943663402,0,0.508318184912422,0.580751896520238,0.922478869647592,0.485964515522225,1.01726625064561,0,0,0,0,0,0,0,0,1.10322726826855,0.714832839323283,0.731867655652266,1.08619245193957,0,0.33651392230107,0.471278388241958,0.291831080607497,0.592301060619143,0.737674540464943,0.211102593081576,0,0,0,0.0780811263456347,0
559,-0.0600000001671357,0.00999999992858344,0.0403378100768829,0.0601440279823624,0.00367028332004355,0.0400014913530172,-0.0190638974137387,-0.0241298895835958,0.0410763799947446,0.750354584506496,4.04238984628104e-06,1.26462801505574e-06,0.66106497427327,0.00377457019411468,0.0359794917541111,0.0519973104128101,8.13034837547808e-09,2.8776498373543e-09,0.00104005281031422,0.00138615473644609,-0.000247748207407745,-0.000651152488411772,0.0749999999999941,-0.0750000000000042,0.00380000002869679,0.00197817113161987,0.0160772342665534,-6.25889585386158e-05,0.000825680011536158,-0.000123751085166399,0.00020239242817559,-0.399999999999998,-0.399999999999996,0.249999999999999,-0.400000000000002,0.138567361734197,0.25,0.399999999999998,-0.400000000000002,0.25,0,0,0,0,0,0.642482269045806,0,0,0,0.256189973059915,0,0,3.20457353833438,0,0,0,1.73459554372783,0,0,0,0,0,0,2.49373130909964,0,0,0.504713505847479,0,0.25383141636672,0.958633939090224,0.372426109484227,1.01571572713687,0,0,0,0,0,0,0,0,0,0.634389816255138,0.743929085634127,1.06126647271036,0,0.46735949658575,0.702991933012752,0.449849668530191,0.521691925368421,0.555755775058028,0,0,0,0.388725455388641,0,0.245122513171352
560,-0.0600000001884423,0.00999999990270124,0.0403362756200425,0.0601458392209768,0.00366313957959268,0.0400062743836524,-0.0174244348801459,-0.0260498685321159,0.0407851159448146,0.750355601597465,-1.02335393392012e-06,-4.1290857193935e-06,0.66106381981013,0.0037750776384596,0.0359786073079749,0.0519974313706784,-3.80129319771092e-11,5.37413711961349e-11,-8.13273751945239e-05,-5.21376342475362e-05,-0.00023686180734502,0.000154001330257603,0.0749999999999994,-0.0750000000000022,-0.0327436865885979,-2.35674548729487e-05,-0.00063211057449908,-0.00025313504233425,-5.80081517759625e-06,-4.04981073388653e-05,1.67990488368705e-07,-0.399999999999996,-0.399999999999997,0.25,-0.4,0.344982816521155,0.249999999999999,0.4,-0.400000000000001,0.25,0,1.23284901159316,0,0,0,0.919611820273746,0,0,0,0,0,0,3.14251856239878,0,0,0,1.78650522353103,0,1.64048184309949,0,0,0,0,2.83033913848881,0,0,0,0,0,0,0,0,0,0,0,0,0,0,0,0,0,0.0880917472511482,0.522730698424172,0.679095950227202,0,0.419493060741084,0,0.301632643314829,0.543908674010641,0.514096622511617,0,0,0.182743963668409,0.628861375988737,0.424965637396155,0.440671031346597
561,-0.0600000001623018,0.00999999990090839,0.0403352465036198,0.0600132247414423,0.00263777721065921,0.0402606371262867,-0.0159004125187631,-0.0279698475383782,0.0399999999882974,0.750366777925627,1.73997627411497e-07,-5.38342619319041e-06,0.661051133643479,0.00377487093446107,0.0359760506098825,0.0519973794421672,8.32537121858165e-10,1.52263300738922e-09,8.34840359481274e-05,-0.0103256226801829,-0.0750000000000106,0.024219218026288,0.074999999999999,-0.0750000000000035,-1.28138962763095e-12,0.000128665817322166,0.00154536214623786,-0.0013898461245588,0.00010445533860826,-0.000117692281456065,4.31846204857892e-05,-0.399999999999996,-0.399999999999997,0.25,-0.399999999999998,0.399999999999996,0.25,0.4,-0.400000000000001,0.25,0,1.22124001491014,0,0,0,0.908053945450279,0,0,0,0,0,0,3.21503446605316,0,0,0,1.82952953973814,0,1.69224034963951,0,0,0,0,2.78746904374696,0,0,0,0,0,0,0,0,0,0,0,0,0,0,0,0,0,0.082765467682044,0.523398294676134,0.67589865827115,0,0.419480087103032,0,0.308801569111597,0.539407848314289,0.498363240305213,0,0,0.216983841101681,0.615331837327343,0.421316634017302,0.435489640944421
562,-0.0600000001565904,0.00999999990055798,0.0403344226426537,0.0598159495956608,0.00108753674551315,0.0406290134844162,-0.0143306874145646,-0.0298898265760146,0.0399999999882973,0.750378786810735,7.61884936770737e-07,-5.31422809782058e-06,0.661037501971313,0.00377545673531971,0.0359733788395983,0.0519973120628908,2.29464672006565e-10,4.23673823760548e-10,-2.51310051888966e-05,-0.00988082622031169,-0.075,0.0149673431892688,0.0750000000000011,-0.0750000000000017,-3.21104705070442e-14,0.000131247155923082,0.000482876101923349,-0.00182911997580264,6.59116024371447e-05,-0.000138580869139565,-8.54066638363811e-06,-0.399999999999996,-0.399999999999997,0.25,-0.4,0.363866018568303,0.25,0.4,-0.400000000000001,0.25,0,1.26283481596141,0,0,0,0.948954096309946,0,0,0,0,0,0,3.22804803878621,0,0,0,1.90385032303494,0,1.79028929403944,0,1.2272712530122,0,0,2.79244581923418,0,1.3546874537385,0,0.877244627717017,0,0,0,0,0,0,0,0,0,0,0,0,0,0.0796823712219886,0.512449384198019,0.707163029998021,0,0.393030272768347,0,0.311518770438324,0,0.408495706354647,0,0,0.104625003601002,0,0.280299193903979,0
563,-0.0600000001129633,0.00999999990267245,0.040333488237151,0.0595976885137401,-0.000633940652129987,0.0404855721242939,-0.0127518806681655,-0.0318098058013175,0.0399999999882974,0.750389638382408,3.92596585017853e-06,-5.03377158189522e-06,0.66102518356526,0.00377633170621331,0.035970853754737,0.051997023117122,8.57766644125684e-10,3.35945462178552e-09,-4.18781686340103e-06,-0.0111591161895599,-0.075,-0.0207833492921295,0.0750000000000012,-0.0750000000000013,-3.20774394012731e-14,7.86079652199709e-05,0.000677968656456489,-0.00105297213134842,7.07413064960932e-05,-9.0721738949951e-05,3.41764211905112e-06,-0.399999999999996,-0.399999999999997,0.25,-0.4,0.330370091657603,0.25,0.400000000000001,-0.400000000000001,0.25,0,1.25425876496898,0,0,0,0.895383873482574,0,0,0,0,0,0,3.28524130314318,0,0,0,1.95160118179324,0,1.79268991315796,0,1.28448921123715,0,0,2.7401017478764,0,1.24755043505416,0,0.819394134477736,0,0,0,0,0,0,0,0,0,0,0,0,0,0.052301351311849,0.505758105278188,0.692435819465835,0,0.407087201336739,0,0.341832048363227,0,0.369547099699449,0,0,0.17839682128542,0,0.289627961456339,0
564,-0.0600000001106494,0.00999999990595933,0.0403328573041466,0.0593749865284774,-0.00238549145094218,0.0400000001327562,-0.011167532156621,-0.0337297849568193,0.0399999999882974,0.750399265018763,2.42912362139391e-06,-5.84383482028197e-06,0.66101425533902,0.0037767884634299,0.0359687967022806,0.0519972833044312,-7.37192526944067e-10,-5.12534527871195e-10,6.70978264458876e-05,-0.0115317176717227,-0.075,-1.4444349765271e-06,0.0750000000000014,-0.0750000000000011,-3.20479597090025e-14,-0.00125658795788022,-0.0017063931340149,-0.00227445640839037,-1.00898863919448e-05,-0.000120391921904142,0.000162430280807262,-0.399999999999996,-0.399999999999997,0.25,-0.4,0.301623532638079,0.25,0.400000000000001,-0.4,0.25,0,1.25065087332499,0,0,0,0.84989420366493,0,0,0,0,0,0,3.33277121105506,0,0,0,1.99644978154336,0,1.77317825720569,0,1.33733300225928,0,0,2.70540348133429,0,1.14581062525415,0,0.787069354541647,0,0,0,0,0,0,0,0,0,0,0,0,0,0.0431052433630248,0.505694648903918,0.685890645452286,0,0.423557363243434,0,0.373717408591611,0,0.335401666603909,0,0,0.243949987245087,0,0.296879345898885,0
565,-0.0600000001032609,0.00999999989890693,0.0403320674094533,0.059152105386977,-0.00414158252091415,0.039999999988288,-0.00999999999663537,-0.0356497640047594,0.0399999999882975,0.750437972304057,1.88362895317636e-06,-5.15119443907936e-06,0.660970311327303,0.00378024899957946,0.0359617825261684,0.051997191174904,1.22986730266524e-09,-1.78772301466085e-09,-3.42195954542968e-05,-0.011419041797857,-0.075,-1.40402039518068e-10,7.38801647553903e-15,-0.0750000000000014,-3.20206431689722e-14,0.000683679061748782,0.000812051965579838,-0.00856653489153401,0.000360973876576886,-0.000529777395821194,-1.46944545601176e-05,-0.399999999999997,-0.399999999999997,0.25,-0.4,0.272798486669659,0.25,0.4,-0.400000000000001,0.25,0,1.24242590941009,0,0,0,0.805077298255514,0,0,0,0,0,0,3.37801655674062,0,0,0,2.0344542810031,0,1.76604595343171,0,1.39107119529032,0,0,2.65653860594477,0,1.04456810884396,0,0,0,0,0,0,0,0,0,0,0,0,0,0,0,0.0332416272040712,0.501932448914268,0.675831494728426,0,0.43352978612695,0,0.399992593361015,0,0.303604012531871,0,0,0.310638828085548,0,0.300738513146639,0.353802572535351
566,-0.0600000001105134,0.00999999989521063,0.040331236031492,0.0589247777997045,-0.00592708586369548,0.0399999999883135,-0.0100809285327205,-0.037569743045901,0.0399999999882975,0.750574274928693,1.19271897248183e-06,-5.04740655011522e-06,0.660815527056143,0.00379152746963226,0.0359386957162243,0.0519971885864148,2.65598272517857e-09,-3.34115673339496e-09,-9.68190589255061e-05,-0.0117824444843977,-0.075,-3.43665421720731e-11,-0.00805259037624908,-0.0749999999999999,-3.2002870914233e-14,0.000965293405489527,-0.00107234999838916,-0.034860822752644,0.00119469734380072,-0.00198540293180087,3.09408977086028e-05,-0.399999999999997,-0.399999999999998,0.25,-0.399999999999999,0.234386335340407,0.25,0.400000000000001,-0.4,0.25,0,1.23360741974708,0,0,0,0.748969467179182,0,0,0,0.0129606899875204,0,0,3.38659415527653,0,0,0,2.05598246748614,0,1.72815727521883,0,1.43453439960126,0,0,2.58545308908141,0,0,0,0,0,0,0,0,0,0,0,0,0,0,0,0,0,0.00730547229314582,0.495523753539382,0.656820344238367,0,0.440502822233804,0,0.420470081333874,0,0.26780335343421,0,0,0.383831975287671,0.432276993273601,0.308607728821187,0.354584185222208
567,-0.06000000011281,0.00999999989724648,0.0403305068388923,0.0587121417739372,-0.00756043536570753,0.0401396811859142,-0.0099999999865943,-0.0394897221254879,0.0399999999882971,0.751084050182394,-2.56939927275064e-07,-4.72485544599642e-06,0.660236060697094,0.00383318862940331,0.0358546693015321,0.051997284452106,1.65915799568222e-09,-2.8255507898458e-09,-6.55400203264274e-05,-0.0109550328690138,-0.075,0.010796314183699,8.49118556319159e-15,-0.0749999999999998,-3.231598546683e-14,0.000817353164911104,-4.30864191444807e-05,-0.123696277679637,0.00352288447493985,-0.00675317324748808,-1.09381943148003e-06,-0.399999999999997,-0.399999999999998,0.25,-0.399999999999999,0.20871648257407,0.25,0.400000000000001,-0.4,0.25,0,1.22715698155736,0,0,0,0.707566338321417,0,0,0,0.0466363467198104,0,0,3.40797620825398,0,0,0,2.08174082513099,0,1.71136649763573,0,1.47058925386992,0,0,2.52985398155926,0,0,0,0,0,0,0,0,0,0,0,0,0,0,0,0,0,0,0.489923199708181,0.638972709095024,0,0.447396126807695,0,0.43854603938037,0,0.236609973358677,0,0,0.440872996710788,0.422036727814394,0.320058058952046,0.357280924437584
568,-0.0600000000299038,0.00999999988336597,0.040329661621716,0.0584842722583261,-0.00921796638883609,0.0402817477892659,-0.00999999985362466,-0.0414097013129078,0.0399999999718697,0.752309143544974,2.12022157040884e-07,-4.7804311036015e-06,0.658839795916123,0.00393357722371872,0.035653343372931,0.0519972363667335,1.07042323149269e-09,-3.41962253584752e-09,-7.30887538723761e-05,-0.0121415209673019,-0.0749999999839887,0.00488978971677262,3.81185872134619e-11,-0.0749999999995332,-9.56942618920991e-12,0.000944937659384605,-0.00027324910616579,-0.248421574163124,0.00682409646750295,-0.013498830503916,6.308277343402e-06,-0.399999994354788,-0.400000009537739,0.250000005503826,-0.399999989220578,0.114631392864477,0.249999997467736,0.400000015711236,-0.39999999980757,0.249999996070119,0,1.22161671440176,0,0,0,0.584883037457674,0,0,0,0.0802873644630446,0,0,3.3814637689119,0,0,0,2.22551992231534,0,1.7437164069224,0,1.58315572271368,0,0,2.47513159980311,0,0,0,0.750538422613008,0,0,0,0,0,0,0,0,0,0,0,0,0,0,0.482714608619215,0.63224754453872,0,0.447693370397429,0,0.437415217053618,0,0.206147240631926,0,0,0.234733259382781,0.404821532080808,0.304708572229529,0
569,-0.0600000002313142,0.00999999984444645,0.0403286372787318,0.0582401358477623,-0.0108468262447692,0.0400781713552183,-0.00999999945666212,-0.0433296806482196,0.0399999999665202,0.754225069428711,3.87183015639328e-06,-5.23740555276636e-06,0.656645651340757,0.00409029438374806,0.0353372622806924,0.05199697309362,1.96203624044451e-09,-2.13996109908703e-09,-7.45144633494257e-05,-0.0128560505170096,-0.0749999998987992,-0.01720760973322,-5.93475141738273e-11,-0.074999999995724,-1.49222477080507e-11,-0.000523472517814691,-0.00198938896991198,-0.309065562313023,0.00842694060105196,-0.0168139130149738,6.07175395040332e-05,-0.40000002494959,-0.399999996817143,0.25000000892435,-0.400000037019512,0.222237669896117,0.249999996706645,0.399999975540946,-0.399999998237669,0.249999993864666,0,1.22102016295777,0,0,0,0.590542912100527,0,0,0,0,0,0,3.44035460201159,0,0,0,2.23618758450273,0,0,0,1.56419080113049,0,0,2.57712101995402,0,0,0,0,0,0,0,0,0,0,0,0,0,0.178933774740478,0,0.277632854495018,0,0,0.511686798748987,0.669185633086667,0,0.474660635118982,0.785586139000925,0.446385323791696,0,0.243625834377575,0,0,0.236276718027587,0.450328755294773,0.331752509864776,0.354852963457588
570,-0.0600000000980005,0.00999999992764267,0.0403280617632219,0.058145802890552,-0.0113775756880486,0.0400496881597784,-0.00999999996049682,-0.0452496595776835,0.0399999999912628,0.755597780555664,-2.70267001715613e-06,-5.63968296722208e-06,0.655065637261681,0.00420165176899576,0.0351097261066693,0.0519974768087866,1.60660068759262e-09,2.24626862027517e-08,-3.18530876555398e-05,-3.62437215362978e-05,0.000107793672653728,0.000349818170427521,6.59928726421514e-15,-0.0750000000000004,1.83594779731099e-14,-0.00348314965426791,-0.002355191142444,0.000130584070108066,-0.000152732622958273,0.000140852371231056,5.00891558715057e-05,-0.399999999999997,-0.399999999999998,0.25,-0.399999999999999,0.172454274483208,0.25,0.4,-0.4,0.25,0,1.23789355764557,0,0,0,0.600177733776897,0,0,0,0,0,0,3.56998593329592,0,0,0,2.21562338855152,0,0,0,1.54102333479336,0,0,2.55412882953317,0,0,0,0,0,0,0,0,0,0,0,0,0,0.282128466258531,0,0.363663370623149,0,0,0.496994906613589,0.66584699921735,0,0.48178522342284,0.782374200249249,0.489490850573069,0,0.205892557524976,0,0,0.457310507552799,0.425218856205523,0.330125986148541,0.366869885363555
571,-0.0600000000988394,0.0099999999030739,0.0403274214613006,0.0581292315327509,-0.0114665942271705,0.0400517231200358,-0.00999999995485558,-0.0471696385745545,0.0399999999914397,0.755879040527645,-2.60872177957025e-06,-4.42688541643865e-06,0.654741072785324,0.00422381488007809,0.0350625645490148,0.0519974659763054,-2.12013049993318e-10,-1.61117797746487e-11,-3.77244759016172e-05,-0.00158783275135745,-0.00833075215276425,0.000106555850452947,7.32340091630626e-15,-0.075,2.92125244584666e-14,-4.12045752773354e-05,-3.2211193246542e-05,-0.0824064345158012,0.00216078435932656,-0.00450752943061722,1.53380879485666e-06,-0.399999999999998,-0.399999999999998,0.25,-0.4,0.0354648719249557,0.25,0.4,-0.4,0.25,0,1.22502479067738,0,0,0,0.447173709537905,0,0,0,0,0,0,3.48847754862467,0,0,0,2.3633526301009,0,0,0,1.64847931358979,0,0,2.43875732217392,0,0,0,0,0,0,0,0,0,0,0,0,0,0.40877670208074,0,0.457793708325205,0,0,0.48733399185926,0.649880948116347,0,0.493633113257683,0.796137257159429,0.502668519122365,0,0.172750151971539,0,0,0.268865318950772,0.413342901683862,0.328042310880048,0.354165909754586
572,-0.0600000000906367,0.00999999990294408,0.0403266325331751,0.0580549793480071,-0.0118770404413808,0.0400904142312925,-0.00999999994622912,-0.04908961756603,0.0399999999882971,0.756943383352218,-2.52820553099108e-06,-4.3824347883459e-06,0.653510309809568,0.00430965161779866,0.0348849287730799,0.0519974438478143,-4.6800234143635e-12,1.30421717142338e-11,-4.15289104922523e-05,-0.00590235816990348,-0.0326583722636681,0.0037473967571557,5.94208371779007e-15,-0.0749999999999999,-3.23147994207969e-14,1.11384203917268e-05,-2.29244469592193e-05,-0.243209569265033,0.00640134581880376,-0.0132699849863304,-1.16133586434933e-06,-0.399999999999997,-0.399999999999998,0.25,-0.399999999999999,0.136700287468384,0.25,0.4,-0.4,0.25,0,1.22124377878787,0,0,0,0.541570674772007,0,0,0,0,0,0,3.58280755146173,0,0,0,2.28794550339727,0,0,0,1.5472670643738,0,0,2.45078513631397,0,0,0,0,0,0,0,0,0,0,0,0,0.126812284729517,0.431128271368407,0,0.515507312325759,0,0,0.491961359206727,0.645853969716913,0,0.497781523621973,0.794808356175543,0.534603520191156,0,0.164229416465844,0,0,0.543364177951691,0.402833438841344,0.350006062125215,0.375410462753059
573,-0.0600000000867546,0.00999999990363356,0.0403258385400427,0.0578807086199152,-0.0128369080476602,0.0402226572012212,-0.00999999994941533,-0.051009596568055,0.0399999999888572,0.759059305602457,-2.41346774572662e-06,-4.41830054704954e-06,0.651051484074019,0.00447957174905611,0.0345305885848002,0.0519974307418421,3.25515459902923e-11,5.0021468186812e-11,-3.98677821351039e-05,-0.0116810191856675,-0.0635575920503493,0.00968192335463018,-5.58960699478974e-15,-0.075,9.26339525077154e-16,3.24851188655654e-06,-6.47905100451897e-06,-0.405216517212637,0.0105545416640108,-0.0221584557160682,-3.52990885032199e-07,-0.399999999999997,-0.399999999999998,0.25,-0.4,0.198681691699464,0.25,0.4,-0.4,0.25,0,1.23012689979342,0,0,0,0.567485430219019,0,0,0,0,0,0,3.5768886001519,0,0,0,2.29800727269581,0,0,0,1.51704734515623,0,0,2.47469265273132,0,0,0,0,0,0,0,0,0,0,0,0,0.252539775732293,0.497335582508067,0.117753001610469,0.579893549420177,0,0,0.497939211743876,0.657763496409517,0,0.501349672679538,0.802276343269014,0.539342086560418,0,0.166805500054135,0,0,0.532296509122685,0.403533457626464,0.34931101296877,0.373914735512507
574,-0.0600000000935877,0.0099999999051652,0.0403251629401722,0.0576621831848937,-0.0139293448654584,0.0403091652945999,-0.0099999999524081,-0.0529295755107583,0.0399999999894135,0.762170238349237,-2.38693577487189e-06,-4.13659743063737e-06,0.64740691034093,0.00472712181462037,0.0340054521011729,0.0519974853021802,-2.35189257944651e-09,-3.18103856433311e-10,-0.000150140220894479,-0.0110381207705501,-0.0508356000563912,-2.59521974356786e-05,-2.65220492344739e-15,-0.0749999999999992,1.0604203236977e-14,0.0011090433269395,-0.000394310601181162,-0.51795811444529,0.0130779824464333,-0.0284295663929847,-6.40071779670122e-05,-0.399999999999998,-0.399999999999998,0.25,-0.4,0.225113243351825,0.25,0.4,-0.4,0.25,0,1.24113007818017,0,0,0,0.597798631362401,0,0,0,0,0,0,3.55320981609039,0,0,0,2.29382788325,0,0,0,1.47766375372444,0,0,2.50546273131714,0,0,0,0,0,0,0,0,0,0,0,0,0.344489910840723,0.531794734074132,0.217365481472659,0.615751303927297,0,0,0.499825792332687,0.669496585042484,0,0.496312581431721,0.799285621610573,0.534611038137729,0,0.170608769473068,0,0,0.499138938350055,0.398330421704752,0.338695534236962,0.36488749173225
575,-0.0600000001059702,0.0099999999058268,0.0403242973963882,0.0574548369138446,-0.0148931221317872,0.040310488949173,-0.00999999995717041,-0.0548495545132371,0.0399999999895576,0.765340408525603,-2.54884322703497e-06,-4.50800945655035e-06,0.643656243306744,0.00497664178564645,0.0334646371226409,0.05199746328566,4.41435658174859e-10,3.363135394495e-11,-4.71519939130222e-05,-0.0100080321045052,-0.0458301290697463,5.95526967221687e-05,-7.43381350781953e-16,-0.0750000000000003,2.11286494423664e-14,7.64939396745315e-05,-6.66852029029388e-06,-0.46729105620727,0.0117954635932461,-0.0257994485623333,-4.89815943978987e-06,-0.399999999999998,-0.399999999999998,0.25,-0.4,0.233824220337618,0.25,0.4,-0.4,0.25,0,1.24517707000291,0,0,0,0.562356348953742,0,0,0,0,0,0,3.59256847916741,0,0,0,2.32068964727943,0,0,0,1.49035401197669,0,0,2.5099942159672,0,0,0,0,0,0,0,0,0,0,0,0,0.31498113767056,0.439550731652453,0.204368534503305,0.550163334819708,0,0,0.49978331122633,0.676793586649048,0,0.484440509999315,0.799770229235415,0.533382744904997,0,0.167115552592074,0,0,0.522238942866795,0.389937328078989,0.339036303249167,0.361712807395874
576,-0.0600000001125564,0.00999999990652089,0.0403234955386958,0.0572665438052825,-0.0157368633355043,0.0403117753001665,-0.00999999995915356,-0.0567695335142673,0.0399999999882971,0.768104653109095,-2.56263344241437e-06,-4.54406426850977e-06,0.640355085283062,0.00519161940974603,0.0329882861645202,0.0519974646477352,-8.26157425178738e-11,2.58143291353949e-11,-4.07950729740103e-05,-0.00879904007675283,-0.0387803977741476,6.52990725273127e-05,-8.8338154914413e-15,-0.0750000000000003,-3.22647186105924e-14,7.85893959725455e-07,-1.078494149524e-05,-0.395976514273737,0.0098026918220261,-0.0219521030470994,-3.23793210324001e-07,-0.399999999999998,-0.399999999999998,0.25,-0.4,0.226563690146323,0.25,0.4,-0.4,0.25,0,1.24714884535082,0,0,0,0.520481056786956,0,0,0,0,0,0,3.62046957529769,0,0,0,2.35653238285614,0,0,0,1.49584991014803,0,0,2.49149500780472,0,0,0,0,0,0,0,0,0,0,0,0,0.380899044933674,0.50566555450562,0.268894229147385,0.617670370291909,0,0,0.499145247393225,0.681460332198921,0,0.488770649783746,0.806359631744636,0.543955569068374,0,0.161857346427194,0,0,0.534629274587545,0.387765479080152,0.3419430404311,0.361643010973224
577,-0.0600000001134525,0.00999999990709817,0.0403226987700952,0.0571007531136466,-0.0164584608083009,0.040313123476727,-0.00999999996319238,-0.0586895125155531,0.039999999988297,0.770459094573924,-2.59575106438273e-06,-4.5245877635646e-06,0.637520387890072,0.00537292722263713,0.0325789230063868,0.0519974647096812,6.46610863397992e-12,2.77717463378592e-11,-3.98739537188692e-05,-0.00781633740459139,-0.0335683131247709,6.83510936963995e-05,-5.73351756399477e-15,-0.0750000000000002,-3.21136040246668e-14,-3.38439788606659e-07,3.21624898273697e-08,-0.342949097613993,0.00837928753415751,-0.0190855063918526,2.11135172751325e-08,-0.399999999999998,-0.399999999999999,0.25,-0.4,0.120818470792425,0.25,0.4,-0.4,0.25,0,1.25064474593769,0,0,0,0.400947523778894,0,0,0,0,0,0,3.57623985677956,0,0,0,2.52306082020129,0,0,0,1.58449582419268,0,0,2.47953199494287,0,0,0,0,0,0,0,0,0,0,0,0,0.439516197643893,0.600274218583037,0.340554808245895,0.699235607981036,0,0,0.494984214594529,0.689836854444578,0,0.489381947129244,0.820310910966856,0.533334213626045,0,0.152624035191401,0,0,0.277987979220399,0.384938055683843,0.327049969753178,0.335876065151064
578,-0.060000000114955,0.009999999907526,0.0403218755250383,0.0569460817466779,-0.0171148662566327,0.0403143142121566,-0.00999999996329253,-0.0606094915167767,0.0399999999882972,0.772592489766764,-2.21206905856826e-06,-4.54722392264392e-06,0.63493335270205,0.0055357382896029,0.0322050793354884,0.0519974312314358,-3.71294856548364e-11,1.95439750048762e-12,-4.48863299505363e-05,-0.00768785165933831,-0.0322114751118845,6.25713317538968e-05,-8.12224162139615e-15,-0.0750000000000001,-3.22637801445123e-14,2.64361930494276e-05,-3.08707132965305e-05,-0.329257603318616,0.00793914516839103,-0.0183833554743186,-2.59969408994139e-06,-0.399999999999998,-0.399999999999999,0.25,-0.243726904908967,0.19436716088297,0.25,0.4,-0.4,0.25,0,1.24868863757231,0,0,0,0.395989642984645,0,0,0,0,0,0,3.62873544939069,0,0,0,2.43663888722815,0,0,0,1.49071638131692,0,0,2.48203448330398,0,0,0,0,0,0,0,0,0,0,0,0,0.488925395371887,0.625229569828991,0.380455357453913,0.733699607746966,0,0,0.499010890901435,0.676562575559218,0,0.491798639865765,0.824564124315552,0.555552480683413,0,0.138986106155466,0,0,0.542035516763914,0.375116023842919,0.350743378197604,0.349444991009045
579,-0.0600000001215439,0.00999999990774125,0.0403210489625152,0.056704917719314,-0.0181525731958794,0.0404155806209261,-0.0099999999724596,-0.0625294705227956,0.0399999999882971,0.775101180140264,-2.22629380762006e-06,-4.50709761538896e-06,0.631868465219342,0.00572543459823714,0.0317620813375209,0.0519974089387782,-3.32107327959384e-11,4.37563996386437e-11,-4.3745751372247e-05,-0.0166879559639264,-0.071800445564171,0.0101442912903087,-6.46927575157993e-15,-0.075,-3.22722443635281e-14,-5.27285130446931e-06,-3.69765947456553e-05,-0.462474237558668,0.0109854433014287,-0.0259031022329467,-1.11805103637572e-06,-0.399999999999999,-0.399999999999999,0.25,-0.126591060755777,0.234282310025835,0.25,0.4,-0.4,0.25,0,1.24677829119624,0,0,0,0.303951934856994,0,0,0,0,0,0,3.63094652719762,0,0,0,2.46416685004187,0,0,0,1.50881961384512,0,0,2.44213121585777,0,0,0,0,0,0,0,0,0,0,0,0,0.536481991636041,0.667880699479112,0.426244983343136,0.778117707772016,0,0,0.497607633731665,0.669875163916205,0,0.490231382545473,0.826257736414976,0.565341662263902,0,0.115029342553763,0,0,0.555411323642034,0.353335346851514,0.346524333426151,0.338099658360812
580,-0.0600000001275327,0.00999999990935807,0.0403202717998916,0.0563443759189285,-0.0196378681923692,0.0405819547838185,-0.00999999997752871,-0.0644494495263707,0.0399999999882969,0.778508255427674,-2.55048604405384e-06,-4.47544048577614e-06,0.62766602616615,0.0059795533009563,0.0311547644545901,0.051997424671198,2.02032872097161e-10,-3.28694868409117e-10,-4.01841149376213e-05,-0.0191080719560776,-0.075,0.00617231786434737,-8.89464107766745e-15,-0.0749999999999998,-3.2118840345578e-14,0.0002512018686894,0.000194921839282873,-0.619977435706054,0.0144492801432244,-0.0348911516480997,-6.67980289768008e-06,-0.399999999999999,-0.399999999999999,0.25,-0.10693770948245,0.253971026571338,0.25,0.4,-0.4,0.247477029038074,0,1.24220069032752,0,0,0,0.305810443805928,0,0,0,0,0,0,3.6063566062802,0,0,0,2.47812696886276,0,0,0,1.46584051551676,0,0,2.45190359691437,0,0,0,0,0,0,0,0,0,0,0,0,0.604953485289121,0.732559780654954,0.492176053303412,0.845337212640662,0,0,0.48828448954397,0.665959473963267,0,0.482647121344342,0.81123917623176,0.565437858151508,0,0.109142720720789,0,0,0.556649779652351,0.338957241402468,0.337212693918543,0.328610444809939
581,-0.0600000001338637,0.00999999991067175,0.0403194730935849,0.0559561335705956,-0.0211017787349277,0.0406352852559574,-0.0099999999768484,-0.0663694285206332,0.0399999999882957,0.782867460482486,-2.49985957605511e-06,-4.59817800389933e-06,0.622220642269214,0.00629987324346229,0.0303674289858002,0.0519974209499845,3.99047800113847e-10,1.57271175898182e-10,2.60807141232179e-06,-0.0202280204330731,-0.0736622467327455,0.000147998120357937,6.5578652076626e-16,-0.0749999999999985,-3.25796361663141e-14,-0.000479444228857562,5.18602969568908e-05,-0.760770903220766,0.0172339744819463,-0.0430626980489727,3.00029936167271e-05,-0.399999999999999,-0.399999999999999,0.23175226116567,0.245419364180199,-0.00670518931408346,0.25,0.4,-0.399999999999999,0.25,0,1.23658128244249,0,0,0.180453204332218,0,0,0,0,0,0,0,2.81327418473312,0,0,0,2.85704921475751,0,0,0,0,0,0,0,0.826408800749979,0,0,0,0,0,0,0,0,0,0,0,0.644476198542433,0.819866689695378,0.553751461287172,0.910591426950638,0,0,0.474699447706935,0.818250642355207,0,0.444831285160983,0.838741267941178,0.518153213217111,0.399002555005186,0.241096839955461,0,1.77924100403374,0,0.450475944366754,0.334909396320456,0.369134389736338
582,-0.060000000931648,0.00999999982467475,0.040320054261684,0.0556578638008616,-0.022162968650152,0.0406360954405794,-0.00999999988455541,-0.0682894075519569,0.0399999999447982,0.786279383110191,-8.4289945029137e-07,-2.09300258452203e-06,0.617903616233347,0.00654591865669363,0.0297430485795167,0.051997662339949,-2.11781609211457e-10,1.74157857380371e-10,2.30646697826433e-05,-0.00940314928614603,-0.0331044953285047,6.63493017983706e-05,-6.04911505484485e-10,-0.0750000000441113,-3.27419395246451e-11,-0.000268636701913397,4.76896583999501e-05,-0.343384996411912,0.00760046884773518,-0.0195401314684909,1.59444229919968e-05,-0.400000166712639,-0.399999959192209,0.25000000058507,0.0206205954037807,-0.00088908095013906,0.249999997290854,0.399999750696147,-0.400000018180277,0.2499999865224,0,1.23197227290151,0,0,0.163296319847228,0,0,0,0,0,0,0,3.42853614169763,0,0,0,2.45360447091186,0,0,0,1.63483924841508,0,0,2.34891755637638,0,0,0,0,0,0,0,0,0,0,0,0,0.729330644410897,0.873797745958965,0.581085796668373,1.02204259370148,0,0.0255284874433929,0.521050151061453,0.714900828217609,0,0.636896316441054,0.974223631212367,0.748202866699806,0,0.0218008218570249,0,0,0.400773784860686,0.372012855838873,0.392429684082388,0.380356956617169
583,-0.0600000001352114,0.00999999990582014,0.0403183682325118,0.0552588773798906,-0.0236680085528105,0.0408547803495829,-0.00999999995955517,-0.070209386786236,0.039999999990807,0.788437222668496,-1.95702990446746e-06,-4.54902832376999e-06,0.615147912535471,0.00670024429876609,0.0293434324492743,0.0519973709903319,3.38408782163997e-09,-8.10265256687585e-09,-0.000132683659573688,-0.022838421298967,-0.075,0.0174282077562066,-6.51735921234671e-15,-0.0750000000000003,9.50768710025366e-15,0.00278529453913396,0.000480713058006723,-0.37851040424019,0.00868013267998274,-0.0217858264202137,-5.05110704778736e-05,-0.399999999999999,-0.399999999999999,0.25,0.147088221669854,-0.0501212014877144,0.25,0.4,-0.4,0.25,0,1.22598274227421,0,0,0.339063607688504,0,0,0.00131689667813108,0,0,0,0,3.40366833594727,0,0,0,2.47949082053342,0,0,0,1.62663574269591,0,0,2.31487728939034,0,0,0,0,0,0,0,0,0,0,0,0,0.791266625030726,0.924898456177955,0.638097124521069,1.07806795668761,0,0.0301085570412514,0.512827564579259,0.69779931641742,0,0.640846860181699,0.97347165138294,0.768186479104582,0,0,0,0,0.418691887287751,0.348985945876341,0.391735484825281,0.375942348338811
584,-0.0600000001604843,0.00999999990966446,0.0403175196700594,0.0547814608306345,-0.0253364335496866,0.0410792648288471,-0.00999999996405035,-0.0721293665167584,0.0399999999882971,0.791328223578634,-1.77317251790281e-06,-4.73374540879904e-06,0.611424536188768,0.00690158023506719,0.0288047278492506,0.0519973329907458,1.65114985469461e-09,-7.75108703371249e-09,-8.75896970041851e-05,-0.0252085753059309,-0.075,0.00739124396609591,-7.04245957576264e-15,-0.0749999999999995,-3.21351080915664e-14,0.00304834304844607,0.000691507561802058,-0.559670634706069,0.0122337673112014,-0.032197926851559,-2.68056957328407e-05,-0.4,-0.4,0.238815550208415,0.4,-0.263139607478265,0.25,0.396292370615156,-0.4,0.25,0,1.21830520351901,0,0,0.63517229684132,0,0,0,0,0,0,0,2.76455277172494,0,0,0,2.71615046505949,0,0,0,0.90806600659879,0,0,3.61693406286598,0,0,0,0,0,0,0,0,0,0,0,0,0.843046322148838,0.979989569078642,0.682299753817412,1.14073613741007,0,0.00779139991614234,0.489797625145148,0.82355622142051,0,0.612209078936525,1.0056771038681,0.758572385828184,0,0.114885925408713,0,0,0.43260673726734,0.473639687896604,0.443369123175853,0.462877301988091
585,-0.0600000001286538,0.00999999990662751,0.0403167095309841,0.0542291877290103,-0.0271327682868006,0.0411852463283101,-0.00999999997155087,-0.0740493454254357,0.0399999999882974,0.795305764565889,-9.13269707467215e-07,-4.5467276026258e-06,0.606241929154389,0.00717652224743907,0.0280541854233269,0.0519972779349153,1.14235491305127e-10,-1.43241081159505e-08,-0.000164877943249217,-0.0301238269231192,-0.075,0.00367480767948521,-3.11746826012666e-15,-0.0750000000000004,-3.21014863826934e-14,0.00545562219845478,0.000501201335116993,-0.742211489286663,0.0157039420595353,-0.0429424951299331,-4.35044624586826e-05,-0.399999999999999,-0.4,0.25,0.116129481773164,-0.100031856106221,0.25,0.4,-0.4,0.25,0,1.20854276177625,0,0,0.539235384997327,0,0,0,0,0,0,0,3.27072769247843,0,0,0,2.57658216151822,0,0,0,1.38811518915541,0,0,2.16270268602523,0,0,0,0,0,0,0,0,0,0,0,0,0.852746288686467,0.964382285085268,0.69605026030864,1.1210783134631,0,0.0165351536140198,0.522498516892804,0.6800456608799,0,0.603683188874619,0.935255911931629,0.757842233216004,0,0.0132863109879192,0,0,0.481014180489263,0.330242831008307,0.422655427602822,0.388601583894748
586,-0.0600000001708849,0.00999999990994223,0.0403159347360297,0.0536467555102009,-0.0288525332709091,0.0412153165394252,-0.00999999997057362,-0.0759693243895204,0.0399999999882974,0.80030935517607,-9.483154416848e-07,-4.15257866103045e-06,0.59962139465409,0.00751322573000147,0.0270955153905309,0.0519972601118291,1.04907812188929e-09,-1.36445130849436e-08,-0.000109938619313249,-0.0305892472168344,-0.075,0.00117523682161024,8.18737214047927e-15,-0.0750000000000002,-3.21045687702289e-14,0.00475459418841982,0.00185714469858236,-0.879739719926187,0.0179321341329996,-0.0511973677203232,-8.87138443996112e-05,-0.4,-0.4,0.25,0.15850384629122,-0.0535656628585845,0.25,0.370795587513943,-0.4,0.25,0,1.20133507626456,0,0,0.438292812483291,0,0,0,0,0,0,0,3.19581304092655,0,0,0,2.55974498417637,0,0,0,1.31413649220296,0,0,2.1500876222603,0,0,0,0,0,0,0,0,0,0,0,0,0.919527962459286,1.03300420786369,0.76802612980876,1.18450604051422,0,0,0.500728856460001,0.662597338947279,0,0.592578577922165,0.920299067093303,0.751766152017759,0,5.71907452942387e-05,0,0,0.477794495012443,0.321286452220507,0.41694638085747,0.38213456637548
587,-0.0600000001798218,0.00999999991254114,0.0403151561715079,0.0530323198457617,-0.030567101179567,0.0412331210911769,-0.0099999999737943,-0.077889303487381,0.0399999999882981,0.805559441613559,-1.78105631337293e-06,-3.94416023739982e-06,0.592549791046362,0.00785609170409574,0.0260712571063418,0.0519973112442126,-3.92162789731489e-09,-1.33525846744055e-08,-9.14377940069793e-05,-0.0317967134999129,-0.075,0.00129311391175102,-6.02281677554576e-15,-0.0750000000000002,-3.20056164397079e-14,0.00461523237778179,0.00268187401000018,-0.890622912415969,0.0170261236303471,-0.052065553127764,-0.000126066397536035,-0.4,-0.4,0.25,0.0739761429270967,0.104081033562754,0.25,0.273087787821995,-0.4,0.25,0,1.19996189392885,0,0,0.0230555081552295,0,0,0,0,0,0,0,3.36833698444906,0,0,1.3343305831483,2.62615922020521,0,0,0,1.21996597802319,0,0,2.31023480463722,0,0,0,0,0,0,0,0,0,0,0,0,0.9614517670279,1.10392395551833,0.844885355090047,1.22049036745618,0,0,0.356562035811741,0,0,0.462883203957315,0.827052467064133,0.594571339518006,0,0,0,0,0.464327424565959,0.343785694283514,0.444916870205276,0.363196248644197
588,-0.0600000000709468,0.00999999989868374,0.0400308637035614,0.0524879909641723,-0.0321291418781923,0.0415360948094868,-0.00999999999328723,-0.0798092827853222,0.0399999999882979,0.808919852596412,2.43769974040659e-06,-1.90066397575454e-06,0.587954178689543,0.00806031735347241,0.0253466178916655,0.0519975406013734,5.04059643650452e-15,-4.18233142967502e-15,-0.02610123683136,-0.0293800846122509,-0.075,0.0308245605164272,-4.11088306764332e-15,-0.0750000000000001,-3.20325177628813e-14,0.00186434547518713,0.000135961574606386,-0.317704743334693,0.00307789459775511,-0.0203273766513826,3.5406127087153e-05,-0.4,-0.4,0.25,0.108859218226406,-0.0317042987494582,0.25,0.27014483804616,-0.4,0.25,0,1.19929355253919,0,0,0,0,0,0,0,0,0,0,3.35719206394956,0,0,1.36818689867445,2.61189600000799,0,0,0,1.16818809793686,0,0,2.34113946878992,0,0,0,0,0,0,0,0,0,0,0,0,1.05740272792983,1.23822617863525,0.959334708781396,1.33629419778368,0,0,0.335253945683764,0,0,0.460483434077089,0.841846118342048,0.574646209614512,0,0.00363135492185656,0,0,0.4384442474848,0.378276075794681,0.456228355675215,0.360491967604268
589,-0.0600000000935609,0.00999999990406206,0.0399999999897869,0.0519351266725615,-0.0337928242324929,0.0424568409905772,-0.0101201879294327,-0.081729261933633,0.0399999999882973,0.809381921582111,-1.07480488786032e-06,-1.31241832745999e-06,0.587317935231914,0.00808188469852839,0.0252392370054912,0.0519975265494289,7.40087009130517e-11,-1.27197435966933e-09,4.85385281590777e-09,-0.0274049410188321,-0.075,0.05,-0.0119589983016188,-0.0749999999999996,-3.21299063813153e-14,0.000536040786903083,0.00148249195547141,3.30897851336219e-05,8.21975046961713e-05,-3.74128828971845e-05,-4.41291907423903e-05,-0.4,-0.4,0.249278186620441,0.4,-0.294570058735885,0.183247094052344,0.334631200937283,-0.4,0.25,0,1.19988818540751,0,0,0,0,0,0,0,0,0,0,2.66222579484276,0,0,0,2.85491404649945,0,0,0,0,0,0,3.7367305942072,0.616269468852035,0,0,0,0,0,0,0,0,0,0,0,1.2355230805009,1.46342253948222,1.19503044123747,1.50391517874565,0,0,0.319904523144109,0.707862941827771,0,0.339138530621352,0.758341635547277,0.42918463729279,0.30166524536067,0.230486369728739,0,0,0,0.449887758699917,0.371011891936987,0.320898531020608
590,-0.0600000000862589,0.00999999990078311,0.0399999999881988,0.0531774278636251,-0.0354214467550055,0.0429894872131914,-0.0108498011505195,-0.0836492409348301,0.0399999999882974,0.809380702974387,9.81385420316317e-07,7.77756770307232e-07,0.587319614593142,0.00808274852388688,0.0252390044137892,0.0519974247210468,2.73565629555172e-10,-1.17328356023457e-10,4.69824486194805e-11,0.075,-0.075,0.00364650230537118,-0.0607583270715367,-0.0749999999999997,-3.21266037241632e-14,1.20989044744182e-05,-1.54431213535179e-05,0.000136910158618151,1.8070440758015e-05,-6.55905426156833e-06,-2.7469526432168e-06,-0.4,-0.4,0.25,0.4,-0.329171859213967,0.247135506082263,0.399881479491872,-0.4,0.25,0,1.19997191329565,0,0,0,0,0,0,0,0,0,0,2.63822628339483,0,0,0,2.79969525827689,0,0,0,0,0,0,3.68981460545942,0,0,0,0,0,0,0,0,0,0,0,0,1.30556453750934,1.57164281437239,1.28988633159906,1.58732102028267,0,0,0.299559209840623,0.672432790385482,0,0.305122707956738,0.75290686996803,0.377506706983857,0.298662475908246,0.239367381332457,0,0,0.234175995324981,0.462275438641503,0.392228953348261,0.304222480618223
591,-0.0600000000805269,0.00999999989978448,0.03999999998827,0.0550596925680626,-0.0371518030775807,0.0433110334350812,-0.0122850090490238,-0.0855692199358785,0.0399999999882974,0.809380126921988,4.91304747984297e-07,3.69982726211612e-07,0.587320408446782,0.00808295102697716,0.0252389351248756,0.0519974254538464,1.20209711929164e-10,-3.59292360155817e-11,1.52995549311761e-12,0.075,-0.075,0.0283844302439225,-0.0749999999999999,-0.0749999999999997,-3.21278911629707e-14,-1.17793920050112e-05,-4.15658996305586e-05,6.7991421954517e-05,7.04328087860809e-06,-2.36021139927858e-06,-7.58735523134956e-09,-0.4,-0.4,0.25,0.4,-0.37731042745851,0.204913920893074,0.4,-0.4,0.25,0,1.20315794323884,0,0,0,0,0,0,0,0,0,0,2.67670918057963,0,0,0,2.76465162024086,0,1.6739965547276,0,0,0,0,3.60956726104178,0,0,0,0,0,0,0,0,0,0,0,0,1.37513684515353,1.65260096566617,1.36830912762431,1.6594286831954,0,0,0.253992956601344,0.607984328000962,0,0.259984988357727,0,0.326902077673468,0.304250507300845,0.233363567588403,0,0,0.25837205465019,0.478529587373614,0.426659440370023,0.310242201653782
592,-0.0600000000779972,0.00999999989925097,0.0399999999882906,0.0556907268047133,-0.038871639412631,0.0434279998965153,-0.0138944675011417,-0.0874891989369283,0.0399999999882974,0.809379838016315,2.49056922344978e-07,1.84150366197504e-07,0.58732080658471,0.00808305341396367,0.0252389011646835,0.0519974250140523,6.05663876394727e-11,-1.89836438513025e-11,4.8297641600276e-13,-0.0114642550596417,-0.075,-0.0164635442281522,-0.0749999999999999,-0.0749999999999998,-3.2121177806391e-14,-6.21655280905269e-06,-2.02791417164357e-05,3.44007733220727e-05,3.57618211988054e-06,-1.17966648432581e-06,-9.81159545111229e-09,-0.398684886383582,-0.4,0.25,0.4,-0.143327959447449,0.25,0.4,-0.4,0.25,0,1.21839732607107,0,0,0,0,0,0,0,0,0,0,2.21426559017759,0,0,0,2.342127092845,0,1.8112890194498,0,0,0,0,2.84721976764731,0,0,0,0,0,0,0,0,0,0,0,0,1.52188414681886,1.83617197666493,1.52353096697458,1.83452515650921,0,0,0.158034848922784,0.446409964288013,0,0.284477388361906,0,0.317540406923424,0.193882400947404,0.138329596694499,0,0,0.288216515211787,0.510467070749437,0.4783581216579,0.320325464303323
593,-0.0600000000344864,0.00999999989897378,0.0399999999882957,0.0573318752809547,-0.0407498040174646,0.0433739784060179,-0.0154494747378397,-0.0894091779379783,0.0399999999882974,0.809379691538833,1.26279166350439e-07,9.25071735454721e-08,0.5873210084436,0.00808310522791693,0.0252388841200593,0.0519974249101492,3.06105655097216e-11,-9.79311158332593e-12,1.09772040415096e-13,0.075,-0.075,0.0109244551813612,-0.075,-0.0749999999999999,-3.21206565360018e-14,-3.22602461212227e-06,-1.01965398990437e-05,1.74587385992296e-05,1.81158464866845e-06,-5.94225786444378e-07,-2.43710495514568e-09,-0.308384238567503,-0.4,0.25,0.4,0.147711911003424,0.249144481206071,0.357486279723752,-0.4,0.25,0,1.05416364707512,0,0,0,0.533426475951196,0,0,0,0,0,0,1.51211946158293,0,0,0,1.71641232670945,0,1.60798950147259,0,0,0,0,0,0,0,0,0,0,0,0,0,0,0,0,0,1.71207734762547,2.06884389578672,1.76364359357701,2.01727764983518,0,0,0.111062281755598,0.362025390237382,0,0.210285562667474,0,0.182967771977674,0.172634890053291,0.207646799852725,0,1.16327733738836,0.214590684630513,0.520189168537904,0.462921460406698,0.271858392761719
594,-0.0600000000695383,0.00999999989882894,0.0404141778555496,0.0561319652719556,-0.0398277135926797,0.0438689751119222,-0.0163793817106034,-0.0913291569439342,0.0399999999882974,0.809379619760507,7.44334938950155e-08,8.30698213303678e-08,0.587321107360406,0.00808313384334964,0.025238877206927,0.0519974280773775,1.63484796057297e-11,-5.33478462688057e-12,0.0413032794639286,-0.075,0.0749999999999999,0.0384376494377891,-0.0182743260636862,-0.075,-3.21261626529864e-14,2.96777960949442e-06,-2.97845209373765e-06,8.70615450686097e-06,9.96873213522893e-07,-5.28243554885451e-07,-7.46805169915683e-08,-0.4,-0.388831610625594,0.25,-0.198275183658871,0.4,0.25,0.236570871867631,0.0276307402728429,0.25,0,0,0,0,0,0.972788183652058,0,0,0,0,0,0,1.16911058036841,0,0,0,0,0,0.997431466755179,0,0,0,0,1.42185463728442,0,1.25017623234281,0,0,0.612155795264147,0.804136736889529,0.613901450545059,0.802391081608618,0,0,0,0,2.30229968146363,2.47536927293994,2.29412775701107,2.48354119739251,0,0.177514190040473,0.243005257582007,0.470750658825407,0.327647850163247,0.249794333759497,0,0.189492445837621,0.267009879545244,0.436773544019321,0,0,0,0,0.293669486393276,0.273800204686617
595,-0.060000000101311,0.0108320932113142,0.0407758316867745,0.054212007267756,-0.0379077345916298,0.044173418100678,-0.0179077736806091,-0.0905132421822579,0.0401213706845989,0.809379619565705,-2.48030765466528e-09,-2.77612976121472e-09,0.587321107628874,0.00808312201541045,0.0252388783972121,0.051997424904123,-1.35238974088812e-14,0.075,-0.00490181859959769,-0.075,0.075,-0.0077623505622109,-0.075,0.075,0.0120766860221649,1.01680841508456e-06,9.65338837894639e-06,-1.61453676262525e-14,4.74573385304123e-07,-5.0086063509236e-08,-2.03436414628797e-08,-0.4,-0.4,0.223855899927865,0.4,-0.4,0.242359897696211,0.4,-0.4,0.25,0,1.12003834732412,0,0,0,0,0,0,0,0,0,0,2.55078052267215,0,0,0,2.69635470632551,0,0,0,0,0,0,3.29649236760428,0,0,0,0,0,0,0,0,0,0,0,0,1.67608612900099,1.87493323858145,1.54826138732109,2.00275798026136,0,0,0.355642202928297,0.737748539777911,0,0.481747001547089,0.934824450200246,0.619393245881732,0.758597590115777,0.207031134149841,0,0,0.459784020083079,0.566598864615272,0.541753190506569,0.484629694191782
596,-0.0600000000951245,0.00999999989882842,0.04021365409136,0.0554119172767551,-0.0391076895938797,0.0445588610894338,-0.018974457377917,-0.091713197184508,0.0399999999882975,0.809379611068556,4.48413963405411e-08,5.79258644145276e-09,0.587321119338685,0.00808312960874337,0.0252388735522899,0.0519974236513161,-2.59811303007567e-11,8.3151280674419e-12,-0.05,0.075,-0.075,0.0460376494377889,-0.0318839499808742,-0.075,-1.24674815252394e-12,-7.37951381708013e-05,-7.30003803856516e-05,8.71069269663035e-06,-2.67732236594115e-06,3.48395012249189e-06,3.92330859073897e-07,-0.4,-0.371483575687871,0.25,-0.232379435206825,0.4,0.241667630084104,0.20629435897668,0.118398739653165,0.25,0,0,0,0,0,0.719542719735314,0,0,0,0,0,0,1.12368189085018,0,0,0,0,0,0.967562031562632,0,0,0,0,1.46036933918653,0,1.3042494208162,0,0,0.650144689002746,0.817732041415947,0.621450932110165,0.846425798308528,0,0,0,0,2.35075223734219,2.49921841295653,2.32968939366246,2.52028125663626,0,0.21559695734438,0.253359292577367,0.447969384102391,0.318134702812472,0.253242053285113,0,0.214780939091796,0.285763157438295,0.432709801744161,0,0,0,0,0.302875167412031,0.285645871188251
597,-0.060000000101311,0.0109256911195464,0.0402787666996742,0.054212007267756,-0.0379077345916298,0.0450153040781895,-0.0206180110345729,-0.0905132421822613,0.0401746215670197,0.809379610882061,-2.78911786956302e-10,8.46669298205179e-11,0.587321119595694,0.00808312634880901,0.0252388771018793,0.051997424861686,-1.3538693266571e-14,0.075,0.0385904310457946,-0.075,0.075,-0.000162350562211132,-0.075,0.075,0.0173752811923976,4.75162192593879e-06,4.87425543852659e-06,1.13708910235904e-13,2.52973962441337e-07,-2.45235993045624e-07,9.69501481527347e-10,-0.4,-0.4,0.15,0.4,-0.4,0.24303293999627,0.4,-0.4,0.25,0,1.11858906395259,0,0,0,0,0,0,0,0,0,0,2.46868935864762,0,0,0,2.68510713325331,0,0,0,0,0,0,0,0,0,0,0,0,0,0,0,0,0,0,0,1.68271405809724,1.88711273391938,1.53294702793815,2.03687976407846,0,0,0.412169216879715,0.787120713261354,0,0.563108724777929,1.01555228987567,0.710032681078167,0.776108661779751,0.19749589840122,0,1.43769394048602,0.50339479361274,0.584499129008248,0.572850323433905,0.515043599187083
598,-0.0600000001016911,0.00999999989883382,0.0405863327433735,0.05265400644665,-0.0378394094855662,0.0455527470669453,-0.0212479206157202,-0.0917131971845112,0.0400578171908677,0.809379605733943,8.16236781489382e-08,1.33414688951946e-08,0.587321126690243,0.00808313480064464,0.0252388702405219,0.0519974207191749,1.77714225105151e-11,-2.65371918203941e-10,-0.00754945522934249,-0.075,-0.0674552133269986,0.05,0.0115761610798694,-0.075,-0.0288247188076023,-8.63010619271212e-06,-1.3264623324e-05,7.38785635626042e-06,5.02728915719698e-07,-7.9355765609519e-08,3.44607222387258e-06,-0.4,-0.28252863296694,0.25,-0.204379368695279,0.4,0.229808177246669,0.0186485976873358,0.381689441463474,0.25,0,0,0,0,0,0.724370068850377,0,0,0,0,0,0,1.14830818258264,0,0,1.04290670197833,0.596278326106511,0,0.911513961907162,0,0,0,0,1.52518934149328,0,1.28839508767704,0,0,0.670512976376879,0.781251116999012,0.646036492999695,0.805727600376196,0,0,0,0,2.45735367998539,2.55957787875007,2.42715259801059,2.58977896072487,0,0.198482164866733,0.173437867261832,0,0,0.206051733768065,0,0.172713020650587,0.256751447079096,0.405112690012764,0,0,0,0,0.285957118673283,0.289365415836363
599,-0.060000000101311,0.0113287549410228,0.040000064172567,0.0508636082745002,-0.0366806097435939,0.0460817470221293,-0.0227175245467386,-0.0905132421822612,0.0402236269829606,0.809748443307256,-8.50943698149328e-06,-5.1833214417877e-06,0.586812517064901,0.00801654809483341,0.0252891941529222,0.0519973149648928,2.11623779490309e-14,0.075,-0.000642168198408281,-0.0355939570612402,0.0512447863298058,4.04631949362785e-05,-0.075,0.075,0.0259597102870088,-0.0271258098249702,-0.0158393359145891,-0.656949164177986,-0.0377254969150035,0.0296197054371056,-0.000813025794806849,-0.4,-0.4,0.25,0.4,-0.296501176017134,0.25,0.39580462410696,-0.4,0.25,0,1.11259832127019,0,0,0.0636878048777179,0,0,0,0,0,0,0,3.23396173767728,0,0,0,2.69793175400533,0,0,0,1.26542804229171,0,0,2.23638666567852,0,0,0,0,0,0,0,0,0,0,0,0,1.82084265733241,2.06483557722246,1.70425800672613,2.18142022782875,0,0,0.37455039200156,0.552245914795341,0,0.599550864514963,0.985037025704153,0.676017908472472,0,0.141600313015238,0,0,0.571202215948822,0.595966124752184,0.650857958409201,0.516310382291806
