timestep,x_0,x_1,x_2,x_3,x_4,x_5,x_6,x_7,x_8,x_9,x_10,x_11,x_12,x_13,x_14,x_15,x_16,x_17,x_18,x_19,x_20,x_21,x_22,x_23,x_24,x_25,x_26,x_27,x_28,x_29,x_30,u_0,u_1,u_2,u_3,u_4,u_5,u_6,u_7,u_8,lambda_0,lambda_1,lambda_2,lambda_3,lambda_4,lambda_5,lambda_6,lambda_7,lambda_8,lambda_9,lambda_10,lambda_11,lambda_12,lambda_13,lambda_14,lambda_15,lambda_16,lambda_17,lambda_18,lambda_19,lambda_20,lambda_21,lambda_22,lambda_23,lambda_24,lambda_25,lambda_26,lambda_27,eta_0,eta_1,eta_2,eta_3,eta_4,eta_5,eta_6,eta_7,eta_8,eta_9,eta_10,eta_11,eta_12,eta_13,eta_14,eta_15,eta_16,eta_17,eta_18,eta_19,eta_20,eta_21,eta_22,eta_23,eta_24,eta_25,eta_26,eta_27
0,-5.62417264979964e-10,0.0699999998823183,0.0499999999918118,0.0499999665664483,-0.0699999996217779,0.0499999999954973,-0.0500000001750246,-0.0700000003912339,0.049999999991841,1.00000000022463,1.41555616018097e-11,-5.16827208213551e-11,-1.30122700389584e-09,-1.93961989709092e-09,9.01342616286767e-11,0.0509999999392416,1.6778595763472e-10,-1.29206344411392e-12,-3.85170926100159e-11,-6.23627972504038e-11,-3.45939990520651e-10,-1.53695208372017e-11,5.67443813573822e-11,3.26540920947758e-10,-5.33908731227904e-12,-9.21548211723392e-13,2.11879693660243e-12,-5.10714413568442e-11,7.90195960506932e-10,6.41988318037417e-11,-1.68984944808834e-11,-0.0468269402891258,-0.00560574681262478,0.196915293248198,0.0777734915426591,0.099663352143551,0.191840265622513,0.0479068075587788,-0.129335000628393,0.207101053119664,0,0,0,0,0,0,0,0,0,0,0,0,0.03,0.039024524990303,0.03,0.0438488206193123,0.060754088448379,0.03,0.03,0.0346850059535168,0.03,0.0414179286061719,0.0563223055703084,0.03,0.0540732277086813,0.03,0.0471453022831802,0.03,0.5,0.5,0.527210576885754,0.5,0.507952663443067,0.5,0.5,0.549209769065514,0.5,0.5,0.5,0.5,0,0,0,0,0,0,0,0,0,0,0,0,0,0,0,0
1,-0.000477721577706558,0.0710398086353059,0.0502788315194427,0.0501528335112213,-0.0688433850937862,0.0499203487376968,-0.0491704695806455,-0.0703851293804968,0.0501137585343746,1.00000000012495,6.03844617308447e-11,3.10729405720054e-11,-8.02895386152309e-10,-2.43000271583371e-10,-5.06110135587985e-11,0.0509999999833064,-0.0434292347235955,0.0750000000055196,0.0253483206699408,0.0138939686919468,0.0749999996820137,-0.00724102353785309,0.0749999999888411,-0.0350117451791328,0.0103416819306775,1.64711316759156e-12,-9.87612708934939e-13,-3.78872172822079e-11,1.4335568703391e-10,-1.72687872636893e-10,-5.37409717870797e-11,-0.0173004027903077,-0.00510895510235489,0.180527738631729,0.0690171867345777,0.0868383014570515,0.195845265425784,-0.0265599830395098,-0.0646829267054188,0.188799523403069,0,0,0,0,0,0,0,0,0,0,0,0,0.03,0.0486031849276112,0.03,0.0400911829142343,0.0544187705264735,0.03,0.03,0.0342199549361743,0.03,0.0459904460344873,0.058485888919709,0.03,0.044148667086149,0.03,0.0526032556081882,0.03,0.504750976141571,0.57240697865576,0.545601071925845,0.531556882871489,0.5,0.561198691618954,0.5,0.5,0.5,0.557367033632833,0.5,0.5,0,0,0,0,0,0,0,0,0,0,0,0,0,0,0,0
2,-0.00145885635133713,0.0722009589890881,0.0507643835884843,0.0506966188778656,-0.0672366138067741,0.0497741288302649,-0.0477124351138926,-0.0717634802208052,0.050234975003493,1.00000000022417,1.16884156907512e-10,1.37638278612304e-10,-5.77119036190234e-10,3.04846055894483e-10,-1.68223445128228e-10,0.0510000000326382,-0.0536610207641442,0.0441954826033905,0.0234015605038862,0.0380672740954992,0.0749999995684964,-0.00736824556504218,0.0711849408881679,-0.0749999998350915,0.00255830302914627,9.45141726239227e-13,3.82719799253178e-12,-5.26881568959739e-11,4.67746356589124e-10,-3.92599222244039e-10,1.39830220417009e-11,-0.0365517024078874,0.0121903111080971,0.174276126523986,-0.118356793004512,0.101451590584375,0.149999987587533,-0.0182388957966305,-0.0214096354873229,0.18655940176942,0,0,0,0,0,0,0,0,0,0,0,0,0.03,0.0505463136238767,0.03,0.0358249318611488,0.0693731219204883,0.03,0.03,0.03,0.03,0.03,0,0.03,0.0392938719537663,0.03,0.0738962221649125,0.03,0.580970540369335,0.659128324830357,0.621989140443085,0.618109724756607,0.5,0.526876382665426,0.613096276654153,0.5,0.5,0.593956391843722,0.556266217056175,0.577681605724241,0,0,0,0,0,0,0,0,0,0,0.5,0,0,0,0,0
3,-0.00203881583578138,0.0737814772880072,0.051120540413916,0.0510245923139376,-0.0654393261183992,0.0496162412655867,-0.0461550645082389,-0.0731974561845799,0.0502962208470394,1.00000000014685,-7.11262250768722e-11,6.28339625555944e-11,-5.6119437410232e-11,2.65203556036544e-10,-2.90361706525945e-12,0.0510000000233128,-0.00881915087493786,0.0750000002240071,0.0132311623803318,-0.00133023242509257,0.0749999998268181,-0.00832485067348595,0.0750000000351738,-0.0689978066124534,0.00347464809403102,1.67002403208259e-13,1.12824123933125e-12,-1.97652498945103e-11,2.77813961545545e-10,2.29220928443089e-11,3.03942039534784e-12,-0.041773539368526,-0.107900124328141,0.179566916271043,-0.0841919401432757,0.0956755834109374,0.192459998113653,-0.036296230760752,-0.0378527778789619,0.188082279119526,0,0,0,0,0.03,0,0,0,0,0,0,0,0.03,0.0524092857017261,0.03,0.03,0.0728196604467997,0.03,0.03,0.03,0.03,0.03,0.0683434205731682,0.03,0.0330752348777039,0.03,0.0852254558721395,0.03,0.627314409870741,0.726842185262629,0.677756585753075,0.676400009380296,0,0.5,0.5,0.5,0.534272940144889,0.655997956759254,0.626184845380233,0.621244669051535,0,0,0,0,0,0,0,0,0,0,0,0,0,0,0,0
4,-0.00163014408016914,0.0753416930483651,0.051399005103452,0.050198758042615,-0.0637076822817161,0.0497277291785884,-0.0445903915179058,-0.0742613204153791,0.050882956094599,1.00000000021505,-2.86180684488631e-11,-7.51440066100937e-11,-9.61193632793461e-10,-3.38572896036378e-10,-1.47698866756785e-11,0.0510000000657339,0.0443676520582295,0.0750000003882637,0.0144894737267867,-0.0739874499097841,0.0749999994975867,0.0169465064768269,0.0750000000096928,-0.0402621448880382,0.0500000000348717,-3.42192266257805e-13,2.45584746746277e-12,-5.0298082300784e-11,5.57233231504894e-10,-9.89510983998795e-11,7.18381811619566e-12,-0.0700655221420795,-0.133887379015196,0.178820998456787,0.101362220477783,0.113855101032478,0.167008985082204,-0.021057679792348,-0.0818460615723034,0.151031800946678,0,0,0,0,0.03,0,0,0,0,0,0,0,0.03,0,0.03,0.0446317830359449,0.0652032487267029,0.03,0.03,0.0477260074300848,0.03,0,0,0.03,0.0562955234087654,0.03,0,0.03,0.641126585755883,0.805668701961122,0.726794375781813,0.720000911935194,0,0.5,0.5,0.5,0.573518294723449,0.696253257897762,0.658962724491995,0.641828266485354,0,0.5,0,0,0,0,0,0,0,0.5,0.5,0,0,0,0.5,0
5,-0.00072027795286685,0.0769498088399611,0.0521787638225339,0.0491432165690544,-0.0616485331207246,0.0505985386765259,-0.0429573712183661,-0.0755589886654349,0.0519270382522246,1.00000000040576,9.76903765202322e-11,-4.20681417389842e-11,-7.3574249449339e-10,1.23024539246106e-10,-1.93468129488475e-10,0.0510000000362253,0.0464142998138025,0.0750000003213695,0.0499999999938554,-0.0354231418150604,0.0749999994623042,0.0499999999859722,0.0750000000366402,-0.0749999999952502,0.0500000000317576,-4.9112974543689e-13,2.14940466743345e-12,-4.44484463246759e-11,3.70497392277106e-10,-2.18250681839469e-10,1.78591344949915e-12,-0.0717951075221819,-0.120195102828136,0.161088679042528,0.0928636991253984,0.111387745861871,0.149999990402598,-0.00345703296933179,-0.0717373502756258,0.1526156466057,0,0,0,0,0.0352255407042233,0,0.0359539062402636,0.03,0,0,0,0,0.03,0,0.03,0,0,0.03,0.03,0,0.03,0,0,0.03,0,0.03,0,0.03,0.675096848623367,0.876546800450463,0.786107478739689,0.765536170334139,0,0.5,0,0,0.631873539306151,0.748746199146295,0.698791801678175,0.68182793677427,0,0.5,0,0.5,0.5,0,0,0.5,0,0.5,0.5,0,0.5,0,0.5,0
6,-0.000323315183320595,0.0763700587968085,0.0532719143072524,0.0481748888425018,-0.0599146558400576,0.0516465829194125,-0.0413858186925039,-0.0774865065736575,0.053022864202734,0.999999944605359,7.06487819221784e-07,-0.000120528101036669,0.000395963756732644,-2.09074331123362e-05,8.74492969140773e-05,0.0510262356487237,-0.0018878081891939,-0.0749999999298283,0.0499999999716787,-0.0326607298365701,0.0361489616708654,0.0466518975818192,0.0750000003180659,-0.0749999994332218,0.0499999998248295,0.00069425608013552,-0.0430736836742361,0.241056309639216,-0.00439914377656022,0.0261291512748049,0.00432010858414567,-0.00440911503903004,-0.0362653778538451,0.176802502863382,0.202827761508238,0.233941355904047,0.201837883149292,0.0631387878578566,-0.212196138799962,0.232209577428924,0,0,0,0,0.03,0,0.0360458497501443,0.0589112820221504,0,0,0,0,0.03,0,0.03,0,0.102135961374522,0.03,0.0300432385374111,0,0.0359817213043571,0,0.113061091713506,0.03,0,0.03,0.148994248889971,0.03,0.628664252783944,0.865638947895806,0.737822375314054,0.756480825365696,0,0.540323461365077,0,0,0.544037968166353,0.849721043953526,0.558563931832815,0.835195080287064,0,0.5,0,0.5,0,0,0,0.5,0,0.520937238282571,0,0,0.5,0,0,0
7,-0.00115690332491875,0.0748013157765797,0.0543278095843645,0.0471495811636682,-0.0590277410005067,0.0526667444910373,-0.0405218864353409,-0.0791978460284984,0.0535146633849378,0.999996267304933,-2.48225715689682e-07,-0.000108048339469947,0.00273882878487499,-0.000233903805321915,0.000770361933803915,0.0510392440301691,-0.0742361385697297,-0.0750000000193685,0.0499999999928046,-0.0635659293173626,0.0487778617000658,0.0499999968389971,0.017175641253937,-0.0749999993236286,0.0037999263233123,-4.9142090483473e-05,0.00224800839788875,0.216097409009337,-0.0175213420772382,0.0392456040881095,0.000569791002863662,-0.0187789516178278,-0.0605750547497124,0.229620564621277,0.187643193160623,0.275597005682452,0.217504270440779,0.0886641439174386,-0.276766456125157,0.249999926962941,0,0,0,0,0.03,0,0.0351759331448055,0.0663833636398208,0,0,0,0,0.03,0,0.03,0.101510329687617,0,0.03,0.0325193705490612,0,0.03,0,0.0966498888818763,0.03,0,0.03,0,0.0384441235956911,0.527000873386078,0.788828595651026,0.537308589842415,0.778520879194688,0,0.522673903625101,0,0,0.710385572313616,0.931884386203044,0.653964181923647,0.988305776593017,0,0.57725842586438,0,0,0.5,0,0,0.5,0,0.576326739574192,0,0,0.5,0,0.5,0
8,-0.00220756769255738,0.0731132634909039,0.0549028323654781,0.0464179975665434,-0.0577660184172603,0.0535184848397895,-0.039230519167436,-0.0811283501925067,0.053464784054712,0.999980977790036,-1.23183026356193e-06,-0.000233569648381938,0.00618130305891927,-0.000479840337253799,0.00169195694156493,0.0510526063606686,-0.0347763336517427,-0.0749999999233696,0.0113657091101563,-0.016781869799852,0.0749668004733691,0.0346221131571245,0.0750000001213908,-0.0749999992929358,-0.00764351143514342,-0.00018765868193035,-0.01355629866573,0.467145664484614,-0.00659195810735254,0.0526111054615027,0.000719813107894504,-0.0267969964972485,-0.102676435669401,0.249999984788623,0.060221909444947,0.178632714880242,0.237330117771159,0.0250682761474439,-0.30638413859299,0.250000009365933,0,0,0,0,0.03,0,0.03,0,0,0,0,0,0.0628245440743712,0,0.03,0.100826163432663,0,0.03,0.0453908344991708,0,0.0512215749665545,0,0.0879250094724482,0.03,0,0.03,0,0.0350967661356501,0.520474361844222,0.760652393567426,0.539001840557643,0.776643402244344,0,0.5,0,0.5,0.861046571499099,1.01577706204776,0.77265122361129,1.10417240993556,0,0.5,0,0,0.5,0,0,0.5,0,0.5,0,0,0.5,0,0.5,0
9,-0.00298973595837623,0.0730876606057093,0.0551778644979156,0.0464366530389014,-0.0562404541344185,0.0537124957659649,-0.0376659448111805,-0.0829021531953654,0.053350847587913,0.999944543248984,-2.11122655733498e-06,-0.000218327418588769,0.0105382168798135,-0.000694654935511535,0.00277962723068193,0.0510550739576688,-0.0426528246439806,0.0590360726852063,0.0157037045835809,0.00959043490042519,0.0749999992756329,-0.000157179453077454,0.0750000002334633,-0.0749999998236079,-0.00410407928618586,-0.00018548857363977,-0.00239797576228611,0.436675218251985,-0.0115424372540495,0.0550787385131388,7.44218848257641e-06,-0.0120997960816151,-0.196091093772653,0.249999996038115,0.0851480770694153,0.148302009578027,0.249999890932067,-0.0109896019571017,-0.153693905721371,0.20903859518759,0,0,0,0,0.03,0.0754719445320999,0.03,0.03,0,0,0,0,0.0811021679072602,0,0.0338300455103598,0.105034537304327,0,0.03,0.03,0,0.042867882042216,0,0.0771133183337551,0.03,0,0.03,0.0590923446957127,0.03,0.5,0.701429072597033,0.51845605527638,0.703173337400613,0,0,0,0,1.02262539760103,1.12860162134552,1.00288597460703,1.14834104433952,0,0.5,0,0,0.590050245140745,0,0,0.5,0,0.5,0,0,0.538573402813817,0,0,0
10,-0.00382504071482933,0.0721265401245966,0.0557160299601778,0.0470365202969475,-0.0549258657881281,0.0538893473022209,-0.0362134052287707,-0.0847489708375218,0.0535448587411267,0.999888226756873,-2.69897720925628e-06,-0.000190377788473725,0.0149547195012781,-0.000723147462781351,0.00369407092172075,0.0510380595734602,-0.0410391242531986,-0.0749999999876595,0.0360756480900059,0.0410338257169948,0.0552884441367839,0.0207333433100702,0.070685418959704,-0.0749999992480306,0.0209952615323751,-0.000162051283821487,0.00871472573128558,0.380793825183212,0.000444631462730214,0.0380638951929904,-0.00087140185095714,-0.0525040752966562,-0.122876188708804,0.247858913384091,0.0824232209758207,0.201979900212751,0.249999984532443,0.028010985073801,-0.325713331083287,0.250000002284414,0,0,0,0,0.03,0,0.03,0,0,0,0,0,0.0689068672330659,0,0.03,0,0,0.03,0.0407157250471764,0,0.0581355660042519,0,0.104123953027916,0.03,0,0.03,0,0.0445135002370508,0.5,0.675472883137264,0.5,0.700730962834439,0,0.5,0,0.5,1.0191132168031,1.21519318590611,0.977666564230571,1.25663983847864,0,0.5,0,0.5,0.5,0,0,0.523471744439175,0,0.5,0,0,0.5,0,0.5,0
11,-0.00528261177425949,0.0715765511771692,0.0566707518736778,0.0472360192950683,-0.0535405337885277,0.05378307411803,-0.0346602678862327,-0.0866483900723831,0.0537322723654338,0.999813111140332,-4.28858323638812e-06,-0.0002329117984918,0.0193366513429081,-0.000819167881307835,0.00466175924098008,0.0510561847617894,-0.0750000003173915,0.0113647502363349,0.0499999999813756,-0.00418002249425954,0.0749999986013607,-0.0159977479343999,0.0750000002025151,-0.0749999992691021,-0.00014033843616441,-0.000211150032191155,-0.00255126290807804,0.465902928087711,-0.00976324153582761,0.056190224272959,0.000807303894574322,0.178630491368228,-0.383883550781245,0.231964173664308,0.120265278568272,0.235752591927262,0.249999988200382,0.0116694441839671,-0.388367970376197,0.250000025046847,0,0,0,0,0.03,0,0.03,0,0,0,0,0,0.0665081390919303,0,0.03,0,0,0.03,0.03,0,0.0576700504130773,0,0.106943221089655,0.03,0,0.03,0,0.0443378692377264,0.5,0.62330968611995,0.5,0.551796486900518,0,0.5,0,0.5,1.11999534542659,1.32278797503906,1.0707094628147,1.37207385765095,0,0.5,0,0.5,0.5,0,0,0.557355526662143,0,0.5,0,0,0.5,0,0.5,0
12,-0.00689774867070412,0.0716222078584002,0.0577261046148222,0.0470060117625864,-0.0520436502509134,0.0533221168896658,-0.0330795420456029,-0.0885765710772385,0.0536483201347599,0.999716352328419,-5.05453319799399e-06,-0.000220324627752341,0.0238193514777279,-0.00102231096570917,0.00576211895125226,0.0510545818807896,-0.0750000003690919,-0.00514794768016972,0.0500000001784818,-0.016992382138522,0.0737594475115181,-0.0276808215997001,0.0750000000907156,-0.0749999991444469,-0.00751719937474702,-0.000196133024388947,0.000848725665254727,0.440765289738281,-0.0105151923821146,0.0545871075720643,-3.56971893493176e-05,0.189769637255097,-0.198216961977114,0.197531944822223,-0.073854528440937,0.236531832844778,0.250000015764506,0.0239581198566591,-0.361253040974926,0.243620165950334,0,0,0,0,0.03,0.128805184894278,0.0600399549767805,0,0,0,0,0,0.0355340399438833,0,0.03,0,0,0.03,0.03,0,0.03,0.0622338569331816,0,0.03,0,0.03,0,0.03,0.5,0.627826774322064,0.5,0.508804340714984,0,0,0,0.5,1.23048593307751,1.52301388270129,1.24562717417236,1.50787264160644,0,0.532662080790048,0,0.514845211617395,0.52182714497271,0,0,0.5,0,0,0.5,0,0.514581885351264,0,0.6982084393083,0
13,-0.00843957063618134,0.0704002002297398,0.0588015699737279,0.0482346783088659,-0.050477129752612,0.0527922347050956,-0.0315419366830832,-0.0906421014115343,0.0537689188415608,0.999579198052857,-7.23533696623194e-06,-0.000258603727571508,0.0290108275630291,-0.00105184136900672,0.00682497067155491,0.0510516502988013,-0.0750000000184851,-0.0749999999647301,0.0500000001200009,0.0750000000155347,0.0749999998834983,-0.0402029830119763,0.0750000000104699,-0.0749999999601464,0.0171139541434095,-0.000280147106382573,0.00430670646692423,0.517409904250488,0.000219769940841871,0.0516576638812601,-0.000431453427954593,0.0337446393995554,-0.0639005629350223,0.204593731425087,-0.107868336901181,0.207681406113658,0.250000002938042,0.0839887180451235,-0.399999972734399,0.250000198169137,0.12574486450257,0,0.17633193117018,0,0.03,0.174021807806886,0.0658851340340204,0,0,0,0,0,0.067591145646486,0.0490609811790114,0.03,0,0,0.03,0.0406314221847747,0,0.0562071365599451,0.0757323170344963,0,0.03,0,0.03,0,0.03,0,0.585428491884259,0,0.588446379764546,0,0,0,0.5,1.26645839100795,1.61336225794803,1.28487530999413,1.59494533896185,0,0,0,0.679858031560494,0.594480056198946,0,0,0.5,0,0,0.5,0,0.610359084874703,0,0.5,0
14,-0.00764352681922826,0.0681002401205441,0.0592933650481445,0.0497824335213712,-0.0486034517716196,0.0518353523382879,-0.0304379683032796,-0.0927394282029813,0.0539446570697096,0.999383490048003,-1.03942260071614e-05,-0.000306570936018554,0.03511300001273,-0.001051329268835,0.00801900645833024,0.0510611939901835,0.0749999999370198,-0.0749999997427701,0.00380002283722989,0.0750000000519889,0.0749999996033664,-0.0500000000050826,0.0389970885597366,-0.0749999998350272,0.00197387626984967,-0.000378330338056409,0.000619588256721091,0.613494343804907,3.16418100413167e-05,0.0612038385568145,-6.44215942929814e-05,0.0918606498662921,-0.348405833683536,0.149999999721105,-0.155027743155557,0.373593480149807,0.175010498306067,0.079523747466253,-0.399999887134713,0.25000007856627,0.145776080589618,0,0.233139274784834,0.288339096175079,0.03,0,0.0985255902073979,0.0858349280640697,0,0,0,0,0.0651176522661689,0.0475711262788181,0.03,0,0,0.03,0.03,0,0.03,0,0,0.03,0,0.03,0,0.0470864768518472,0,0.5,0,0,0,0.5,0,0,1.369918496538,1.75975306370147,1.39401363208254,1.73565792815692,0,0,0,0.778536731561656,0.680959468672004,0,0,0.588376903791267,0,0.5,0.579009571091304,0,0.675297268831449,0,0.523857233738353,0
15,-0.00757424119850652,0.0679960714554163,0.0593266048916802,0.0504462139212113,-0.0478139956422025,0.051707504649594,-0.029055640434412,-0.0949093665223742,0.0540834337505427,0.999231144639182,-1.59512594716844e-05,-1.28907417918286e-05,0.0392084238428687,-0.000826126621694576,0.0083411283472252,0.0510227910931107,-0.02119679188963,0.000296805518661808,-0.000720261474016595,0.019561371807975,0.0242393394624702,-0.000290461553367205,0.0750000000382695,-0.074999999518236,0.0110010768388866,0.000829445074293523,-0.00903299263166288,0.424221183712389,-4.2778348998156e-05,0.00282709280441511,-0.000707904770163564,0.0802238216467064,-0.399999600891882,0.149999834961282,-0.106856094343415,0.400000299226193,0.150000025724102,0.0371064697281722,-0.399999670404055,0.228264145902056,0.0303883784365989,0,0.19697955688522,0.274851292330319,0.03,0,0.0858713680065059,0.115530459728382,0,0,0,0,0.0933470970262272,0,0.03,0,0,0.03,0.03,0,0.03,0,0,0.03,0,0.03,0,0.03,0,0.5,0,0,0,0.5,0,0,1.43090715887202,1.84089924453589,1.46406084311789,1.80774556029003,0,0.5,0,0.5,0.751684119733454,0,0,0.67543477130403,0,0.5,0.62932033504366,0,0.678756838479643,0,0.553562641987093,0
16,-0.00820113298524034,0.0679209181716116,0.0593496155993597,0.0509734175134191,-0.0472011916243199,0.0517212843979077,-0.0274498560039762,-0.0969489362416618,0.0543603922073217,0.998976342201963,2.42828494692997e-05,-6.49865919256623e-08,0.0452422152058451,-0.000853508645576557,0.00834153766282403,0.0510416771485437,-0.0405477538958323,-0.00746368904571795,0.00124563031903515,0.0326448841828197,0.036594950591366,0.000761208198051697,0.0749999999970177,-0.0749999999979134,0.016177158339542,0.00386197254678639,0.00203349276932357,0.76831264009405,-0.00243610000266892,-0.00250636254099178,0.00104098672442001,0.119300588907536,-0.400000008892347,0.149999983447302,-0.11827465548399,0.399999992699952,0.149999998827228,0.0406272732037437,-0.399999998572484,0.232095691290284,0.0445085200324439,0,0.202411397203373,0,0.03,0,0.08652743481988,0.11512722729264,0,0,0,0,0.0906714406239873,0,0.03,0,0,0.03,0.03,0,0.03,0,0,0.03,0,0.03,0,0.03,0,0.5,0,0.5,0,0.5,0,0,1.52310828575176,1.95714617687142,1.57008717615607,1.91016728646712,0,0.5,0,0.5,0.760678852008764,0,0,0.695046660826869,0,0.5,0.655734104479384,0,0.684332971003108,0,0.594287139032439,0
17,-0.00883897404085729,0.0679144572746606,0.0593331156572736,0.0515553389169189,-0.0464648999211761,0.0517179688878654,-0.0258556779787557,-0.0991032983719593,0.0547295169031125,0.998664874973249,-2.69266217233135e-05,-2.98643954160385e-05,0.0516602010840324,-0.000853588934929264,0.00842035906394372,0.0510305529175362,-0.0276512755083393,0.00179063569204801,-0.000385631421308447,0.0250255072685608,0.0342709226328783,-0.000393109074734206,0.0749999999949685,-0.0749999997819379,0.0203209315211574,0.000538848238732622,-0.000746319134188912,0.557107184350316,-3.95070576718141e-05,0.00565744579191094,-0.000407177608519096,0.0941386992558682,-0.399999818762069,0.149999960199035,-0.110593368781951,0.40000013841158,0.150000012832258,0.0468596915526425,-0.399999850814024,0.229818680064781,0.03,0,0.197695130246135,0,0.03,0,0.0950198655346099,0.116324966312759,0,0,0,0,0.112006567529757,0,0.03,0,0,0.03,0.03,0,0.03,0,0,0.03,0,0.03,0,0.03,0,0.530716105115844,0,0.5,0,0.516050908729897,0,0,1.5744021096357,2.03209768759445,1.62381756906552,1.98268222816463,0,0.5,0,0.5,0.801375721084792,0,0,0.720969589005874,0,0.5,0.685318669927051,0,0.740355766009745,0,0.656942745254236,0
18,-0.00933693560516237,0.0679107774866931,0.0593331955584515,0.0520980162045708,-0.0458193647573343,0.0517148620472744,-0.0242231373421557,-0.101389209841899,0.0552213396014003,0.998364114937866,-3.20389514470836e-05,9.14719932904089e-06,0.057178693224359,-0.000804887393745567,0.00849583379629059,0.0510307980142729,-0.0230611451129716,-0.00199968510609471,4.46371768318047e-05,0.0291833840054611,0.0308961742854731,-0.000114229537105981,0.0749999999942824,-0.0750000001083384,0.028084937902125,-0.000862924881087417,0.00406159196115582,0.556600946114738,0.00444837959188627,0.00209437829445989,5.75023542891923e-05,0.0936465323448086,-0.400000139627693,0.149999829693937,-0.112551478942491,0.399999896256151,0.149999985959925,0.0707928247559518,-0.400000074121038,0.229833441548114,0.03,0,0.200769376209662,0,0.03,0,0.0692837241605457,0.119847423780199,0,0,0,0,0.0871802200640063,0.15943820964908,0.03,0,0,0.03,0.03,0,0.03,0,0,0.03,0,0.03,0,0.03,0,0.524428438037998,0,0.5,0,0.537769512312732,0,0,1.58323775986847,2.09730101983244,1.65304779960484,2.02749098009608,0,0,0,0.510266141432349,0.841443036968481,0,0,0.745148385040534,0,0.5,0.675436070744426,0,0.780469174704932,0,0.706162175679293,0
19,-0.00968366286133589,0.067850169419022,0.0593236205794863,0.0525958538660885,-0.0453430918656504,0.0517023629465176,-0.0226119000868701,-0.103689169081437,0.0559089737766804,0.998095914931601,-2.35815927245824e-05,2.08358553273026e-05,0.0616820544411282,-0.000705625353661502,0.00850365923739366,0.0510202662408942,-0.013572116812601,-0.00287814435179923,-0.000472731906064374,0.0203850128904527,0.0188697090042963,-0.00052567236383167,0.0750000000037567,-0.0749999999455161,0.0395336118999651,0.00113160588488184,-0.000882429680315795,0.363560110659396,0.00440430359432941,-5.69758944212846e-05,-0.000521853460438944,0.0897671233503369,-0.350688395252373,0.149999676568521,-0.119233416584074,0.400000082728656,0.150000004922244,0.0821876614610667,-0.399999962722629,0.230273368952508,0.03,0.394645048828202,0.201996948944,0,0.03,0,0.0858500500506051,0.107311799650095,0,0,0,0,0.100063216215063,0.158633169078536,0.03,0,0,0.03,0.03,0,0.03,0,0,0.03,0,0.03,0,0.03,0,0,0,0.5,0,0.508808023728583,0,0,1.65644875412518,2.14019624265298,1.69598816420141,2.10065683257677,0,0,0,0.555953383179174,0.849522124214711,0,0,0.722199225573652,0,0.5,0.720373651600236,0,0.807711607559627,0,0.739571334216423,0
20,-0.0113848576558038,0.0676190180794265,0.059286724482219,0.0531935518112243,-0.0441320433844686,0.0517735216443873,-0.0209384120472809,-0.105962813740755,0.0567721995235693,0.997306271343674,0.000143928525623228,-0.000106585964439998,0.0733678131030648,-0.00112408068062039,0.00848598272454076,0.0510943897912841,-0.0750000005178523,-0.0141138526089281,0.000374882166235606,0.0426533972440133,0.0750000002342732,0.000940349878098009,0.0749999999843893,-0.0749999999324927,0.0461293871547519,-0.00271372912814109,-0.00513423420569854,1.63321615752343,-0.0273823177187463,0.000123612613003455,0.00055310788056177,0.204895253598438,-0.32447601029344,0.149999853508748,-0.16870984353603,0.400000160276629,0.150000004796499,0.0876817556201782,-0.399999953811121,0.230646672611014,0.0546178192458548,0,0.20643800111298,0,0.03,0,0.0870280365965186,0.110556430809375,0,0,0,0,0.126627329131709,0,0.03,0,0,0.03,0.0324464507411791,0,0.03,0,0,0.03,0,0.03,0,0.03,0,0.578017965867878,0,0.5,0,0.536464791194647,0,0,1.67880223429521,2.16565262540405,1.71429857615055,2.13015628354871,0,0.5,0,0.641317110240824,0.89767866252108,0,0,0.762075651706396,0,0.5,0.714679171435782,0,0.829473822288791,0,0.767541526525566,0
21,-0.0126008970278622,0.0675273044857375,0.0592183037776416,0.0539715179668046,-0.042847823907182,0.0517407142009615,-0.0192401423808082,-0.108262773912047,0.0574250005526731,0.996431544293664,-4.30012426061037e-05,-4.41086317069243e-05,0.0844088506034292,-0.00127828245770017,0.00859130429340776,0.0510475289288426,-0.0397285657399553,0.00155503442020355,-0.00223127615853365,0.0350948928867507,0.0535479770503912,-0.00114903517827497,0.0749999999922317,-0.0749999999101112,0.0216033168897076,-0.01345889837341,0.00220734910403646,0.824719999374847,0.000734811262836185,0.00937297578021955,-0.00159170042834032,0.15593670407819,-0.399999925749621,0.149999997568857,-0.180584053402385,0.400000051667835,0.150000010362212,0.0938766626197778,-0.399999938486892,0.250000491812412,0.03,0.392682756270362,0.213328921240264,0,0.03,0,0.0657472126593885,0.113341113993204,0,0,0,0,0.156172859907555,0.126067392150021,0.03,0,0,0.03,0.03,0,0.03,0,0,0.03,0,0.03,0,0.03,0,0,0,0.5,0,0.5,0,0,1.76463325947061,2.18345064876729,1.76686652406618,2.18121738417173,0,0,0,0.62566766801119,0.87818648780981,0,0,0.722418479188496,0,0.5,0.709564234650743,0,0.784601920916588,0,0.733433361221667,0
22,-0.0144767874099996,0.0672602248621277,0.0592112147085686,0.0546797699288839,-0.0413030982030805,0.0517751487205141,-0.0174891808622856,-0.110465184486016,0.0581586198996747,0.995155355114178,0.000165306271780587,-0.00012312604463299,0.0983274200477003,-0.00171380025957553,0.008626461172762,0.051092881974914,-0.0750000000245808,-0.0185112222791349,0.00013476734064583,0.0346736443847679,0.0750000000260395,-8.87360439626659e-05,0.0750000000395917,-0.0749999999152172,0.0490172308840107,0.0021697547144888,0.000463595678153403,1.58255871941078,-0.0290666251334817,-0.00148947635504912,2.38422600810175e-05,0.209168574729965,-0.282832141749189,0.14999995242155,-0.198469704695034,0.40000001782299,0.150000003134216,0.0303130929125117,-0.399999942000299,0.216322917382415,0.03,0,0.207756474581241,0,0.03,0,0.0846603068929441,0.104872516528784,0,0,0,0,0,0,0.03,0,0,0.03,0.0414884315483845,0,0.03,0,0,0.03,0,0.03,0,0.03,0,0.571458557093163,0,0.5,0,0.533213066553211,0,0,1.71191085617794,2.25299804948809,1.75839233990673,2.2065165657593,0.5,0.5,0,0.708642224031828,0.929872096897984,0,0,0.754335499728666,0,0.570988965519923,0.751551570808199,0,0.813972574279201,0,0.792237740569497,0
23,-0.015870410718757,0.0670513204996925,0.0591606518476221,0.0552649578556678,-0.0400280897600807,0.0517443708514789,-0.0157312383296787,-0.112765144227607,0.0586307628289717,0.9939835602954,4.26290726633659e-05,-8.02789659396549e-05,0.109533233468776,-0.00202053236777925,0.00866664069567502,0.0510551476670478,-0.0568978991423871,-0.00532892161649318,-0.00140073279937259,0.0242023234061391,0.0563567291139757,-0.000748510444368834,0.0750000000786565,-0.0749999996334477,0.00281722685173681,-0.00601978162932879,-0.00186687099959791,0.925039609726544,-0.0118950132356934,0.00538934835873499,-0.00108625921360652,0.180208471146147,-0.292718986674042,0.149999985942889,-0.195775960657451,0.400000191910436,0.150000025238609,-0.00962375865799635,-0.399999749225387,0.236150294199995,0.03,0,0.211779103786304,0,0.03,0,0.0821702194951055,0.093805012515973,0,0,0,0,0,0.122470044784875,0.03,0,0,0.03,0,0,0.03,0,0,0.03,0,0.03,0,0.03,0,0.566352686281125,0,0.5,0,0.541930460341336,0,0,1.71008860569101,2.32815746691764,1.76710596786238,2.27114010474628,0.5,0,0,0.712512026050282,0.952562903406048,0,0.5,0.736663221663197,0,0.597347127887267,0.787951496817863,0,0.836486594006454,0,0.837400105158242,0
24,-0.0164135064833633,0.0670584713201139,0.0591168302012656,0.055702012588566,-0.0392655933136927,0.0517070714513275,-0.0141988091393047,-0.115065102984715,0.0586960582315421,0.993350165942144,-4.0294377888658e-05,1.57462877662617e-05,0.115132768086099,-0.00201933827125463,0.00880594475523944,0.0510201360097697,-0.00944845386225376,-0.00236318892945022,-0.000973365636265033,0.019537897340567,0.0203275007038005,-0.00212938199676814,0.0749999999985846,-0.0749999995510734,0.00363176116397485,0.000812316717761789,0.0160813281434395,0.335120843404101,0.00666877961263747,0.00175191139892231,-0.00120706783131534,0.13385988846531,-0.303598893956346,0.14999994041145,-0.19699188598435,0.400000403091721,0.250000041218389,0.0104640317736087,-0.399999692869483,0.235641104162923,0.03,0,0.219485058418063,0,0.03,0,0.076551176138052,0,0,0,0,0,0,0.108348258390067,0.03,0,0,0.03,0,0,0.03,0,0,0.03,0,0.03,0,0.03,0,0.573360611575991,0,0.5,0,0.5,0,0.517943711889076,1.7919894219752,2.38165239693161,1.83296749587264,2.34067432303418,0.5,0,0,0.687851223016686,0.989161096419464,0,0.5,0.735791851443446,0,0.518943977098891,0.725896230445982,0,0.829332737225402,0,0.820312471687215,0
25,-0.0165765582426144,0.0669816020860816,0.0591162818574166,0.0560979762740779,-0.0389052346537081,0.0517048453430102,-0.0126465284373224,-0.117365062878816,0.0589255902856286,0.99297349995167,-4.2168755333953e-05,3.31882380489168e-05,0.118337349496494,-0.00186977553978642,0.00880794901471128,0.0510195326787033,-0.00809478916429067,-0.00398365822575122,1.36567983582835e-05,0.0199060963456156,0.018018151567202,2.30344242440359e-05,0.0750000000041112,-0.0749999999849673,0.0178944557190123,-0.000208507387514034,0.000127413648383205,0.323788389456273,0.00759404680569555,1.15376557291463e-05,2.21897378554691e-05,0.112712030500932,-0.241882743600246,0.149999852980379,-0.158078850903644,0.40000007768661,0.175909339827071,0.0537635050247161,-0.399999989715529,0.228999466284707,0.03,0.420354717238387,0.197894708070362,0,0.03,0,0.0496445874404686,0,0,0,0,0,0,0,0.03,0,0,0.03,0,0,0.03,0,0,0.03,0,0.03,0,0.03,0,0,0,0.5,0,0.562106876551013,0,0.5,1.84400116180383,2.51278949660316,1.88466265057297,2.47212800783402,0.5,0.5,0,0.719787966687822,0.996574076030117,0,0.5,0.671850574207933,0,0.529796058506985,0.605731631095229,0,0.929798581032713,0,0.96609835122221,0
26,-0.0181339839640861,0.0666374940678922,0.059016618262806,0.0564022476809949,-0.0378569747872988,0.0517691333334429,-0.0110791154099495,-0.11966502359682,0.0591079654140577,0.991770859814753,0.000198655006931499,-0.000150366700211003,0.128033208032248,-0.00229847091249538,0.00876434829852247,0.0510862662852081,-0.0750000000368597,-0.0197305549389814,0.0025014067710247,0.0170853038235604,0.0750000000898419,0.00181913592379547,0.0750000000036246,-0.0749999999563949,0.00193818293249164,0.0111503169938028,-0.00388565135822203,1.41528694942817,-0.0354018695515221,-0.000908353983858149,0.00201487559044418,0.163675234173564,-0.294508649010769,0.149999968733809,-0.164591422303941,0.40000006146479,0.170871763815513,0.0587190605901542,-0.399999970167874,0.21766703250149,0.03,0,0.222799785381212,0,0.03,0,0.0526340003489167,0,0,0,0,0,0,0,0.03,0,0,0.03,0,0,0.03,0,0,0.03,0,0.03,0,0.03,0,0.584218324401402,0,0.5,0,0.561199181701253,0,0.5,1.8833625666462,2.54233187020268,1.90805764745495,2.51763678939393,0.5,0.5,0,0.761695943803394,1.02770828739419,0,0.5,0.705784690936546,0,0.575485134579567,0.570245268778919,0,0.928173538314392,0,0.968337555634108,0
27,-0.0193653467282002,0.0666027196851345,0.0589544836047752,0.0568105572247915,-0.0365252947648372,0.0517492309160061,-0.00951084331361185,-0.121964983414641,0.0590522526637201,0.99046649683811,-6.33184732976836e-05,-0.000113379935626223,0.137755890867061,-0.00260556550131854,0.00898826477597395,0.0510470930421227,-0.0392398556813985,0.00883260094750186,-0.00237525925750522,0.0248658727698246,0.0626261572620043,-0.000382031924321714,0.0750000000072489,-0.0749999999097092,-0.0066508334318242,-0.0227366921321544,-0.00118471024166928,0.763354269920527,-0.00258826554045107,0.0193435015094991,-0.00126710212290805,0.0931476133305677,-0.378953271532552,0.149999991229288,-0.111439911852964,0.40000005047733,0.170914502500374,0.0808079495475071,-0.39999993822799,0.250000055381308,0.03,0.439169708856886,0.223367976845473,0,0.03,0,0.03,0,0,0,0,0,0,0.111885914807533,0.03,0,0,0.03,0,0,0.03,0,0,0.03,0,0.03,0,0.03,0,0,0,0.5,0,0.54080460560985,0,0.5,1.93228442303824,2.61298817459139,1.95379761198695,2.59147498564269,0.523300982688442,0,0,0.787665105657889,1.11903808716731,0,0.5,0.786254141512398,0,0.631400064035764,0.583743885466495,0,0.955197905759369,0,1.01038864928103,0
28,-0.0211064769983531,0.0661481894944869,0.0587227843321358,0.0573393567011708,-0.0351940934822266,0.0517581962450408,-0.00791646171617478,-0.124264943504604,0.0590951819935598,0.988760691225795,0.000193988150938547,1.88299456255374e-06,0.149513659135456,-0.00291586278877296,0.00896522261347676,0.0510899337845406,-0.0750000001044957,-0.0427520121428544,-0.00496393169029374,0.0291962878846711,0.0651668185684464,-0.000287816923519546,0.0750000000250494,-0.0749999998206007,0.0093447090816824,0.0159482952191973,0.02033959558763,1.44008867110506,-0.0208559573520055,-0.0173075688465925,0.00143051503056536,0.138720848105709,-0.332568460544843,0.150000080702391,-0.0768576133758251,0.40000009626274,0.16955774880485,0.0914220295872326,-0.399999877265114,0.24655464536504,0.03,0.429359494459929,0.253925668340818,0,0.03,0,0.0397150897334061,0,0,0,0,0,0,0.0992928229618693,0.03,0,0,0.03,0,0,0.03,0,0,0.03,0,0.03,0,0.03,0,0,0,0.5,0,0.518213445702549,0,0.5,1.94956735065773,2.65120687176932,1.97527603445201,2.62549818797503,0.617925396871845,0,0,0.819122298252942,1.19513411505396,0,0.5,0.822755969980331,0,0.649674016810346,0.563015454878635,0,0.993473363788987,0,1.04802420339589,0
29,-0.0228835302390536,0.0649486063880421,0.0587480027272295,0.058142908301076,-0.0340470758035077,0.051749891770409,-0.00630542496074809,-0.126564902746591,0.0593094634057259,0.986259664304532,0.000243902100856443,0.000238781502207028,0.165211287663267,-0.00318742668917658,0.00827759437809286,0.0511101281432134,-0.0750000000770824,-0.0749999998333031,0.00152335226802905,0.0501069614707515,0.0532619995104394,-0.000243262053360576,0.0750000000134921,-0.0749999999087921,0.0118344678479824,0.000472797758838694,0.0232686076834858,1.73566770627563,-0.00725283509151631,-0.0474983717053342,0.00112164205770839,0.199309404595639,-0.384379811616523,0.149999995535422,-0.122851709688554,0.385740062967013,0.179534830161748,0.0610984227415958,-0.399999937600648,0.22904098436609,0.03,0.475528746383623,0.291794244644763,0,0.03,0,0.0463700557697904,0,0,0,0,0,0.162533536006702,0,0.03,0,0,0.03,0,0,0.03,0,0,0.03,0,0.03,0,0.03,0,0,0,0.5,0,0.5,0,0.5,1.98438217290335,2.70572158404303,1.99772330825641,2.69238044868998,0,0.5,0,0.740629940546535,1.19437001370233,0,0.511242978495847,0.768042848726957,0,0.607498352922912,0.525684936968883,0,1.04444884077447,0,1.08646291831676,0
30,-0.0248576858987114,0.063329862587329,0.0587694034647796,0.059301317937279,-0.0326561649397262,0.0517793087799444,-0.00469439809803058,-0.128684848381288,0.0595738468686154,0.982782253721787,0.000184090168629315,0.000259196550061614,0.184779358452263,-0.00329546181829013,0.00734097902264794,0.0511366558325855,-0.0750000001840095,-0.0749999999026461,0.000314409612970926,0.0645993417373019,0.0749999994105331,0.000778469647687038,0.0750000000037567,-0.0749999997457047,0.0143518771527734,-0.00726743620437805,0.00130976832701853,2.11476834772524,-0.000713452829552208,-0.0445192313476428,0.000630833464097069,0.344173064629432,-0.400000643709438,0.149999992115337,-0.14547149054962,0.331483094292722,0.182395342955808,0.0476228284678907,-0.399999828497513,0.217039281437331,0.0339591659131261,0.456793390930676,0.290473946570866,0.336132701949644,0.03,0,0.0398926644185794,0,0,0,0,0,0.165628073189045,0,0.03,0,0,0.03,0,0,0.030866528617594,0,0,0.0352088791687939,0,0.03,0,0.03,0,0,0,0,0,0.5,0,0.5,2.02434378643976,2.71112876515857,2.02392917682715,2.71154337477118,0,0.5,0,0.715177962747657,1.15929578302419,0,0.553789584619285,0.728474188121178,0,0.572808705870002,0.508165343799025,0,1.01886439409174,0,1.0600597352881,0
31,-0.0266858877044852,0.0616091565437201,0.058770929748433,0.0607397587648076,-0.0310139837475394,0.0517859933733604,-0.00313649285510115,-0.129999999943363,0.0598556395746439,0.978579545701582,0.000107704904325964,0.00032245415939137,0.205880413232999,-0.00312960861583267,0.00642499776841772,0.0511439554302566,-0.0750000002688524,-0.0749999996993684,0.000147767216069083,0.0745917522491009,0.0749999995208,0.000298507697316319,0.07500000004789,-0.0749999998034008,0.0138750107364112,-0.00349194006043567,0.0013902233844132,2.18809545902687,0.0122392684161397,-0.0462625204046519,0.000281886729898166,0.351722248772823,-0.357067799162734,0.150000010549419,-0.179455551735063,0.39506584152556,0.164873949397343,0.0482554220937219,-0.399999865497791,0.24534175436702,0.0585835515682977,0,0.279307555829696,0.330387920817466,0.03,0,0.0585240028349931,0,0,0,0,0,0.154283538905473,0,0.03,0,0,0.03,0,0,0.0408853045916789,0,0,0.0477715966320027,0,0.03,0,0.03,0,0.636147219738878,0,0,0,0.530807711715455,0,0.5,1.92300739090088,2.64580307514922,1.97655540085601,2.59225506519408,0,0.5,0,0.714636783441481,1.13889666804988,0,0.51821965612698,0.705775698598006,0,0.55228838813023,0.5,0,0.972783446480711,0,1.04661413330068,0
32,-0.027720072156422,0.0600632758597176,0.0587524604327782,0.0623491402691358,-0.0296377930450776,0.051765917920811,-0.00156398551058249,-0.12999999980631,0.0599999954733629,0.974656450817928,-7.48260317217908e-05,0.000363007741732195,0.223713197086607,-0.00251846954321658,0.0056019257769665,0.0511141754203536,-0.0417494911319763,-0.0730443041467059,-0.000483257677016734,0.0750000003240384,0.0660366344293576,6.98103984793178e-05,0.0750000001210465,-0.0750000001337046,0.00766567220975725,-0.0058026135580019,-0.00167019451805937,1.71147505800558,0.0361154301189572,-0.0375276120941002,-0.000184530218726041,0.333419317123519,-0.400000266912555,0.149999989088108,-0.185885559079628,0.400000264891303,0.165149551331148,0.0505340649719867,-0.400000091589293,0.243289322343521,0.0708331139254049,0,0.271416427892224,0.322134867460631,0.03,0,0.0591492116884152,0,0,0,0,0,0.156745435290596,0,0.03,0,0,0.03,0,0,0.0606247145953091,0,0,0.0649468992892204,0,0.03,0,0.03,0,0.590440777482559,0,0,0,0.529904781232178,0,0.5,1.83722631544493,2.52958099828256,1.88442591445393,2.48238139927355,0,0.5,0,0.66780337744212,1.08023506204617,0,0.525227716044324,0.643812647641328,0,0.501389830824464,0.5,0,0.937180563495708,0,1.02161023256584,0
33,-0.0284754798834113,0.0586116054780068,0.0587472395943346,0.063922340060129,-0.0283750161253977,0.051762563678706,6.09425991092484e-06,-0.130000000227681,0.06000000077499,0.970832213516614,-9.46099110140854e-05,0.000365981829957356,0.239765178192326,-0.00178271701778706,0.0048576083702115,0.0511102156650601,-0.0351615424187809,-0.0730903714589083,-3.73460419756307e-05,0.0750000001973762,0.0625695514616804,4.11611728250082e-05,0.0750000000462034,-0.074999999647832,0.00291829233571372,-0.00263990777385352,0.00126675018466827,1.63401645468471,0.0382450359060943,-0.0371992470703282,5.35778345260889e-05,0.316746298678433,-0.29968410654418,0.149999949023276,-0.265350604448592,0.375697929079675,0.16427721727634,0.0537472344340201,-0.399999759066267,0.19585249824179,0.0766021343439435,0,0.250748121939347,0,0.03,0,0.0590764882049923,0,0,0,0,0,0.150367966202668,0,0.03,0,0,0.03,0,0,0.0804516612436277,0,0,0.0886049784633806,0,0.03,0,0.03,0,0.578899419715546,0,0.5,0,0.534403142296358,0,0.5,1.80756955362188,2.45258789036828,1.82364006733616,2.436517376654,0,0.5,0,0.628687311696428,1.00140377817612,0,0.509071789432773,0.585545038135145,0,0.5,0.5,0,0.874337585724233,0,0.970447092546682,0
34,-0.0287223379074342,0.0580452127702012,0.0586102321657283,0.0651038145703656,-0.027187590047835,0.0517487311186326,0.00160781819799105,-0.130000000040133,0.0599368904494771,0.968201728538037,-0.000201522897000597,3.07278153996293e-05,0.250171891289495,-0.00111204421107264,0.00473023732790046,0.0510527060549604,0.00248126000204979,0.000685527588707296,-0.0143838740485864,0.0439294241171814,0.0576159488104353,-2.10922381838903e-05,0.0750000000102439,-0.074999999899604,-0.0076396082327496,0.0141616778524655,-0.0163590131246872,0.7759193111025,0.0259072646708574,0.0100015919511883,-0.000695330959697224,0.218475774061359,-0.34876872074208,0.249999996766171,-0.399999989618977,-0.354096291833514,0.250000073159979,-0.0642560552087542,-0.399999931314668,0.174837732708257,0,0.57867478958316,0.247139998239614,0,0.303061426573392,0.03,0.116773768023802,0.137264898389934,0,0,0,0,0,0.03,0.03,0.636989506712546,0,0.03,0,0,0,0.03,0.03,0.199761889790002,0,0.03,0.0590763067502243,0,0.5,0,0,0.529648968413364,0,0,0,0,2.80375696371129,2.35473698517055,2.42326937962151,2.73522456926033,0.502580959953325,0,0,0,0.646508131034296,0,0.5,0.634636013408455,0.5,0,0,0,0.5,0,0,0.5
35,-0.0302993811365275,0.0567464113631174,0.0578376002289962,0.0633728512664356,-0.0289734695478818,0.0522237750758658,0.00123696157017517,-0.129161887876804,0.0600000081812291,0.967297256043737,5.31729312072538e-05,0.000203459509808074,0.253645718636404,-0.000969713353941201,0.00430062910163881,0.0510366596279168,-0.0750000000853957,-0.0749999997650793,-0.0500000000381406,-0.0750000001387713,-0.0749999996976248,0.0431991422210003,-0.0749999998780356,0.0750000002776707,0.0293158762712596,0.000154825335753214,0.0100720400604955,0.420585799872994,0.000513842154606719,-0.0366635299857237,0.000869961074111608,0.399999941522612,-0.380291213947783,0.149999973909213,-0.0648151490931527,0.400000206824151,0.15000000431413,0.170411491336953,-0.399999810135906,0.211822315926483,0.0707822154496927,0.443433943381714,0.31952478596839,0.333131004272305,0.03,0,0.03,0.132777751336051,0,0,0,0,0.128752493829621,0,0.03,0,0,0.03,0,0,0.03,0,0,0.03,0,0.03,0,0.03,0,0,0,0,0,0.5,0,0,1.85495465774626,2.38618091036789,1.8623064114393,2.37882915667486,0,0.5,0,0.564622734173918,0.905458149060217,0,0.528502453447602,0.537595836007413,0,0.672097222158048,0.5,0,0.782953383417739,0,0.84655825152876,0
36,-0.0316181096287624,0.0552239161976349,0.0576448217138409,0.0629296516094792,-0.0282974401538564,0.052706427694266,0.00169481352947931,-0.130000000071945,0.0599999906672534,0.964630327278136,0.000211007068700111,0.000195757259921263,0.263611675274558,-0.00115584330895726,0.00353559579284559,0.051115830676995,-0.0750000001888485,-0.0749999998826722,0.00351894164695032,0.0280233123492623,0.0620432649631492,0.00373446722105778,0.0750000000173706,-0.0749999999193715,0.00840944179795081,-0.0179150600926927,0.0116003200684528,1.69307002075235,-0.0115716753704601,-0.037877259965443,0.00399894086837965,0.326601010463169,-0.115572758385361,0.249999996152623,-0.0161938022717721,0.151586284822734,0.149999997073958,0.099559136963878,-0.399999944838483,0.231604784186646,0.165405867196234,0,0.205906734250041,0,0.03,0,0.03,0.0951631370154197,0,0,0,0,0.13006107792343,0,0.03,0,0,0.03,0,0,0.0346021208233282,0,0,0.03,0,0.03,0,0.03,0,0.670318404991346,0,0.5,0,0.5,0,0,1.64592109354314,2.2688230127959,1.70100040871307,2.21374369762596,0,0.5,0,0.56330622730456,0.974082890621756,0,0.518123174919353,0.523008477940708,0,0.693466012400543,0.5,0,0.827626221790236,0,0.911683724389152,0
37,-0.0324722649010168,0.0544618734004894,0.0575404630352544,0.0636012242493937,-0.0270821402236391,0.0526898818212441,0.00327898217797141,-0.129999999652978,0.0599926695410199,0.96148648454963,-0.000186503645384106,-8.6406645973404e-06,0.274853062992486,-0.00101157456132071,0.00336782307038871,0.0510485588377516,-0.0094127501009088,-0.00289913110854995,-0.00554716451891162,0.0363270651825906,0.0572636428822299,-0.000978785507906332,0.0749999999466379,-0.0749999999172783,-0.00229190665722553,-0.0291615458984517,-0.0313978649436801,0.705332266018688,0.0208486125729202,0.0153616382526602,-0.00348357473225602,0.238713797057063,-0.272936885631807,0.250000027168597,-0.137873825820897,0.322417489827762,0.149999967612527,0.0969940303270891,-0.399999943416354,0.249999996825061,0.1117890863807,0,0.213614010091161,0,0.03,0,0.0590443952479502,0,0,0,0,0,0,0.03,0.03,0,0,0.03,0,0,0.03,0,0,0.03,0,0.03,0,0.03,0,0.645651103792701,0,0.5,0,0.5,0,0.5,1.65841385836227,2.25382185084761,1.68799804832451,2.22423766088537,0.505390276869203,0,0,0.5,0.927236445280326,0,0.5,0.5,0,0.669355174121697,0.5,0,0.850950863732924,0,0.916937581087599,0
38,-0.0323918074152243,0.0542326071295498,0.0575279160375006,0.06429059555568,-0.0264967436533897,0.0526546560095285,0.00487699202567687,-0.130000000187494,0.0599825754562377,0.960170503987503,-0.000113513940259024,6.93555515938894e-05,0.279414960698095,-0.000528761329890322,0.00338929789243153,0.0510268332333081,0.00473502470289734,-0.0126567824836863,-0.000175783619459219,0.0281754555706948,0.0189208688259346,-0.000776721128474854,0.0750000000426339,-0.0749999995834277,0.000957728035418898,0.00963119980279335,-0.000169594520426908,0.366874464038288,0.0202958591445404,-0.00287703677949568,-0.000579854364561506,0.299695999819536,-0.399999709163782,0.149999993047136,-0.112103453926998,0.378549476282833,0.159781485627388,0.10513358876333,-0.399999715004442,0.235483735685239,0.0808508465693185,0,0.241724761659613,0,0.03,0,0.0796801379348135,0,0,0,0,0,0,0,0.03,0,0,0.03,0.104402978680145,0,0.03,0,0,0.03,0,0.03,0,0.03,0,0.542930962136444,0,0.5,0,0.5,0,0.5,1.67310753557169,2.28287774196128,1.67448965720613,2.28149562032684,0.652657006575837,0.5,0,0.634050459626103,1.06191476059928,0,0,0.672019023546819,0,0.700908273199761,0.5,0,0.849874142039025,0,0.938160997827332,0
39,-0.0323441900467191,0.0540072154993027,0.0575252216326855,0.0647894149063803,-0.0261109273170232,0.0526497603554367,0.00642073935750895,-0.129999999061248,0.0598279014589276,0.959173256200671,-9.70948446557678e-05,6.40445580106864e-05,0.282819297430646,-0.0001808264642968,0.00335298010358179,0.051022670479158,0.00247881874641708,-0.0102332745510556,-0.000155592438504116,0.0232631226639442,0.018072814686422,-0.000174656405231011,0.0750000000406515,-0.0749999998149476,-0.0148448079167317,0.00139680910699502,-0.000805187342297699,0.328012584556064,0.0163460626779734,-0.00145736446910803,-0.000193122266559626,0.284664382617681,-0.399999913320527,0.15000000852151,-0.0490894180194761,0.207982330409596,0.177399928271895,0.102636508452317,-0.399999873397483,0.243949679911329,0.0459941517986742,0,0.231447715422749,0,0.03,0,0.03,0.0742160526157442,0,0,0,0,0.185862179477541,0,0.03,0,0,0.03,0,0,0.03,0,0,0.03,0,0.03,0,0.03,0,0.5,0,0.5,0,0.5,0,0,1.72991807738269,2.32116956016739,1.72492658943385,2.32616104811624,0,0.5,0,0.680371396624922,1.06475433884072,0,0.5,0.676805347188535,0,0.75056050644645,0.5,0,0.81901736269424,0,0.925829859591879,0
40,-0.0325129899122407,0.0540342394390058,0.0575293157029785,0.0651126573958748,-0.0254108569543107,0.052678503848659,0.00809022621350773,-0.129999999566075,0.0596917789442653,0.958066394320066,-9.00625872020365e-05,-0.000135189691541322,0.286546618435027,-1.92339190296894e-05,0.00358977610741023,0.0510315666637557,-0.0181468052069183,0.0101527861717265,0.000324731762539188,0.0105725991611715,0.0496919871008604,0.00150226596920659,0.0750000000462584,-0.0749999996977603,-0.000229242594014624,0.0070927511445975,-0.0187403066161554,0.456012674744442,0.00117174685282855,0.0225050689887948,0.000531546020604593,0.34622852875251,-0.399999820374167,0.149999990454751,-0.0984228088493947,0.285878699657633,0.154496582249094,0.117820848196742,-0.39999979322462,0.250000009267487,0.0588490160596808,0,0.267158354008975,0,0.03,0,0.0747738447316194,0.0817284475033501,0,0,0,0,0,0,0.03,0,0,0.03,0,0,0.03,0,0,0.03,0,0.03,0,0.03,0,0.521152120425719,0,0.5,0,0.5,0,0,1.75241845643788,2.35714426404323,1.76119443609588,2.34836828438522,0.747883930970795,0.5,0,0.636070401878186,1.07748137886501,0,0.5,0.648143157799504,0,0.722101717752016,0.5,0,0.83342877893576,0,0.927618170311322,0
41,-0.0327883678262304,0.0542082724364193,0.0575235140765968,0.0653103197409697,-0.0245783617607274,0.0526624506446724,0.00979076646228881,-0.129999999752313,0.0596341183427453,0.956973083408133,-6.63622676746273e-05,-8.70779504791663e-05,0.290176855454663,2.31976761995896e-05,0.00396964276412766,0.0510221877359342,-0.0106057589470329,0.00655662765337354,-0.00026679433789921,0.00926553440680014,0.0343924186666483,-0.000790633734205463,0.075000000021154,-0.0750000001667918,-0.00505381767654345,9.6083012070254e-05,0.00595503218328331,0.320001733976022,0.00277284181259833,0.0152765870839123,-0.000433017582713434,0.338047410626696,-0.40000080739599,0.150000014629126,-0.0941015097330275,0.258120537444203,0.196231591614374,0.127103532939445,-0.400000114171627,0.227513106240402,0.03,0.427677776542788,0.26723096811432,0.313034533290915,0.03,0,0.0380014159977991,0,0,0,0,0,0,0,0.03,0,0,0.03,0,0,0.03,0,0,0.0465355180037203,0,0.03,0,0.03,0,0,0,0,0,0.513168162851823,0,0.5,1.77263546109635,2.43063640019073,1.78562765029792,2.41764421098916,0.5,0.5,0,0.752856721141031,1.07236159414923,0,0.5,0.577038635607928,0,0.5,0.572410330158839,0,0.816321268053635,0,1.00364338534847,0
42,-0.0336235685856425,0.0538295909884698,0.0576018180052576,0.0653389701711414,-0.02372933013862,0.0526870685505121,0.00999999987235451,-0.129999999916554,0.0595919077221919,0.954913719119252,0.000197701352452908,-1.70845949016279e-05,0.296885265513198,-0.000227627701749619,0.00397975764938644,0.0510732293651042,-0.0688060843684374,-0.0413559192816532,0.00417710320748717,-0.00440005721652702,0.0510371805072165,0.00138375030357086,0.0750000000201374,-0.0750000000037663,0.000296994379808719,0.0228819337576843,0.0159030026791792,1.05358088674559,-0.0250398367341841,-0.0120377890958357,0.0027840604478242,0.400000013092708,-0.400000039204181,0.15000000440661,-0.0182815735766809,0.197405515738276,0.24999999547647,0.118452667766562,-0.400000002576717,0.201259565007993,0.0628705437268752,0.420191957236947,0.293220825582468,0,0.03,0.174202269263002,0.0437867956848049,0,0,0,0,0,0,0.0595362613601995,0.03,0,0,0.03,0,0,0.03,0,0,0.03,0,0.03,0,0.03,0,0,0,0.5,0,0,0,0.5,1.75577281630601,2.36775652092757,1.75766943582057,2.365859901413,0.5,0,0,0.693174217523891,1.13547512042218,0,0.5,0.664343650045531,0,0.692651392683402,0.5,0,0.798780448032773,0,0.900347614887289,0
43,-0.0352267192094153,0.0524324962010956,0.0576032577064602,0.0661390611490752,-0.0221111663578751,0.0523593707766395,0.0100000016369906,-0.130000000213099,0.0596210929509114,0.950327977399658,0.000191742986463178,0.000229305428437589,0.311254362048985,-0.000549607608575918,0.00345617274339528,0.051113318533205,-0.0750000002700274,-0.0749999996873124,-0.00500820666511885,0.0744895288248734,0.07499999972927,-0.030919923789665,0.0750000000499572,-0.0749999997930326,0.00241035415311361,-0.0070418518306695,0.018328567279716,1.62229848798573,-0.00857772754860775,-0.040778995492568,-0.000941550626108116,0.399999815287611,-0.3881093976912,0.150000102192852,-0.10628299884906,0.169442824844602,0.204249968032213,0.111352186920475,-0.399999858404542,0.212135169305127,0.0584384455393429,0.391708714017628,0.275985896802871,0.301483133028187,0.03,0,0.03,0.0798747090208974,0,0,0,0,0,0.0700030797327704,0.03,0,0,0.03,0,0,0.03,0,0,0.030664498212796,0,0.03,0,0.03,0,0,0,0,0,0.5,0,0,1.63578896720367,2.27830837473804,1.65235084320879,2.26174649873293,0.5,0,0,0.716699183763522,1.14688281345329,0,0.5,0.622238469216859,0,0.716314225258705,0.5,0,0.825843508983895,0,0.948476150794473,0
44,-0.0365291005729335,0.0506989158232848,0.0575903202491578,0.0665906768453485,-0.0210374764715893,0.0522644370582174,0.010000000126932,-0.130000000070217,0.0596758412433248,0.945600644737974,0.000207602442337267,0.000243331770346551,0.325332565941912,-0.000649922253480867,0.00259487830367479,0.051098189577593,-0.067486795557531,-0.0749999998608007,-0.000185629533033908,0.011053626500287,0.0411813843850664,-0.00103317210822047,0.0750000000594591,-0.0749999998713326,0.00300506731675885,0.0114123119063267,0.00227531245069265,1.39975102892205,-0.0111596037584189,-0.0443455730429091,-0.000712782919759398,0.399999892661913,-0.366165691794436,0.150000085838051,-0.210406963747314,0.252630904760412,0.25000000359592,0.124094113813186,-0.39999991197297,0.199387747309879,0.0507250490880558,0.384801020869997,0.276822897919591,0.303695916775339,0.03,0.163493963887939,0.0348184652379622,0,0,0,0,0,0,0.0770610595821221,0.03,0,0,0.03,0,0,0.03,0,0,0.0346253271048343,0,0.03,0,0.03,0,0,0,0,0,0,0,0.5,1.56580275114169,2.19683656437139,1.59360500335841,2.16903431215467,0.5,0,0,0.718223423147568,1.09956396175253,0,0.5,0.599285335087384,0,0.534829531644922,0.5,0,0.758418630925625,0,0.904050593398203,0
45,-0.0375372101207985,0.0488959688476861,0.0575861623411702,0.0675765328040118,-0.0198174299057419,0.0519151841010009,0.00999999999119975,-0.129999999942285,0.0596782256221061,0.940482433394773,-5.91929727163061e-05,0.000363694929751567,0.339846060291492,-0.000431630890840842,0.00171831656652132,0.0511153882963225,-0.0354948669486599,-0.0749999998881402,-0.000508680701930172,0.075000000047726,0.0749999999371846,-0.0327953452558285,0.0427643440656279,-0.0749999998916437,-0.00224207202602295,-0.0288606080651161,-0.00160395872311306,1.63944738252614,0.029316130784601,-0.0414765532264012,0.000682350423726446,0.369488988567256,-0.399999923475867,0.149999942911866,-0.0774303018257969,0.0776528127346625,0.250000022879551,0.0906708628979515,-0.399999925868721,0.178758225390264,0.03,0.465556859932148,0.264758025696638,0,0.0559168196521158,0.03,0.03,0.03,0,0,0,0,0,0.03,0.03,0,0,0.03,0,0,0.132816850145714,0,0.03,0.156582406585312,0,0.03,0,0.03,0,0,0,0.5,0,0,0,0,1.66959215227897,2.04795344540769,1.65824128475441,2.05930431293225,0.5,0,0,0.574939462732279,1.0370560707941,0,0.5,0.723072398713388,0,0.5,0,0,0.575876061274361,0,0.530771685694026,0
46,-0.0384568585492711,0.0469111856593725,0.0570790362736624,0.0685415078288564,-0.0191376410301764,0.0518258610940865,0.010000000224901,-0.130000000078947,0.0593646757009198,0.936617145051913,9.84876548449791e-05,0.000308402873859916,0.350355282028263,5.6329348526925e-06,0.000792345065605351,0.0510547629773939,-0.0569391358344344,-0.074999999782365,-0.0428763282763001,0.0286031356715087,0.0109000548577856,0.013906527502038,0.0317648435569042,-0.0749999998408316,-0.0266700526627613,0.0332748618350664,0.000720886711957905,0.776552078062568,0.00544020916849863,-0.0471400944031419,-0.0023446683985359,-0.127089012878967,-0.399999851106357,0.249999994341879,-0.400000034369211,0.0725330420972004,0.243592471672216,0.0730905144048988,-0.399999891105945,0.250000148055779,0.03,0,0.03,0,0.201091192548991,0.0318280228911136,0.0800732470955757,0.125401713844361,0,0,0,0,0,0.03,0.03,0,0,0.03,0,0,0.0927509699689694,0,0.03,0.305537263403565,0,0.03,0.0677609419072852,0.0386546900544782,0,0.99415096641876,0,0.533360214667116,0,0,0,0,2.03744293667421,2.02091167773991,1.8636982708041,2.19465634361002,0.5,0,0,0.687602280952204,0.898536595588724,0,0.5,0.801231233812926,0,0.5,0,0,0.521674522938747,0,0,0
47,-0.0390705136660112,0.0461010999494317,0.0569297570551189,0.0680207907367945,-0.0194981352170775,0.0522874837594891,0.0100000009441444,-0.1300000005287,0.0587195457576883,0.935349468764176,7.6743131778783e-05,-2.8995155501745e-05,0.353725025139171,-0.00028314325489632,0.000308718865514916,0.0510220922508033,-0.0283770532864396,-0.0156452947277761,0.000289431781317809,-0.0530484826623598,-0.035096874593445,0.0444879114133961,0.0418224204432761,-0.0749999996383346,-0.036826915771507,0.0101944373836387,-1.99628530426483e-05,0.164075923501069,-0.0220928436066629,-0.0103077495810007,-0.000100406824151203,0.312167887385149,-0.399999701535931,0.150000010345223,-0.212952749360884,0.264360130689239,0.183139240336554,0.03979634531951,-0.399999752568616,0.194156026569276,0.03,0.616598872566827,0.2617249112219,0.282112861474491,0.310005678184769,0.03,0.03,0.03,0,0,0,0,0.374742081423016,0.03,0.03,0.491153467390847,0,0.03,0,0,0.250907155488925,0.03,0.03,0.333629335877928,0,0.03,0.03,0.03,0,0,0,0,0,0,0,0,1.95189312069351,1.95733321931404,1.78673949777128,2.12248684223628,0,0,0,0,0.873770765020734,0,0.572218410349018,0.73632380061649,0,0,0,0,0.5,0,0,0
48,-0.0397356913016202,0.0452390535933122,0.0569809266775581,0.0676971217459783,-0.0194805822173263,0.0524762229929053,0.00957794765428154,-0.129630105600221,0.0581869262481274,0.933506249106175,0.000178066447921556,0.000253236888363782,0.358561820940297,-0.000556772009491686,-0.000218760975290415,0.0510542988783369,-0.035974453454161,-0.0673724765216922,0.00200968951071665,0.0023070813734858,0.00490928099498456,-0.000382087142105527,-0.0608352998675685,0.0649868413864623,-0.0182891513177113,-0.00928029830878198,0.0303827614465452,0.769140572934294,-0.00688836548334565,-0.0424624454118076,0.00137743934533369,-0.250248411552162,-0.399999690349426,0.150000020490998,-0.400000053533862,-0.105038321413498,0.250000016733254,0.0866852144801919,-0.399999776540439,0.250000028430468,0.03,0,0.03,0.03,0.276003448895569,0.03,0.0966736281259333,0.103474239564622,0,0,0,0,0,0.03,0.03,0.459499752177599,0,0.03,0.03,0,0,0.03,0.03,0,0,0.03,0.03,0,0,1.05285730958654,0,0,0,0,0,0,2.29386146492335,1.90208886493458,1.95015857598836,2.24579175386957,0.512220469411022,0,0,0,0.689764635753394,0,0,0.717225438242205,0.5,0,0,0.652077536301951,0.5,0,0,0.5
49,-0.0396475108450024,0.0452227175254153,0.0573276130110685,0.0659998570271473,-0.0212008913096432,0.0530598536152334,0.00782005371658914,-0.129888572992543,0.0584129451337702,0.932764847299378,1.19061127876654e-10,1.24371101227879e-10,0.360485421856635,-0.000654670841000804,-0.000498086659368627,0.0510000000552754,0.0404770979425301,0.0454629713422238,0.037072543060624,-0.0749999997261235,-0.0750000003640533,0.0500000000025368,-0.0749999999503328,-0.0749999998376102,0.0355107884381708,-2.11050534845271e-12,-3.30204978087952e-13,-4.51061961044683e-11,7.15368771409899e-11,1.40864972255142e-10,-3.47601281010547e-12,0.307094485919914,-0.399999957711412,0.149999987236482,-0.0617452249031031,0.364818264679628,0.239496200701832,0.215362573253577,-0.399999888901964,0.163580835664162,0.0510248580175142,0,0.198672820912599,0,0.03,0,0.03,0,0,0,0,0,0,0.0454604416011692,0.03,0,0,0.03,0,0,0.0630772126488954,0,0.135506889387942,0.0594023679876079,0,0.03,0,0.03,0,0.512110976188099,0,0.5,0,0.5,0,0.5,1.51347001850676,1.98799625407917,1.49072693496458,2.01073933762135,0.5,0,0,0.523565549377826,0.93029446279496,0,0.5,0.5,0,0.5,0,0,0.550171879846615,0,0.7389513911174,0
50,-0.0394280759894033,0.0451904635323069,0.0574491499164095,0.065870285725821,-0.0211739100340863,0.0532983925569473,0.00811999428007852,-0.129999999760153,0.0588138016995658,0.932374537784123,-0.000126131018354002,6.4013448970135e-05,0.361493844832584,-0.000488572369164939,-0.000504443177519436,0.0510220755978101,0.0080400614475322,-0.00982661178430442,0.000822476271301528,0.0241735249204252,0.0187732731388577,0.00192991791224974,0.0750000000231149,-0.0749999999924554,0.00738745766143073,-0.0228772926386792,0.000805576919593719,0.31255846695479,0.020011510529813,8.62351185117762e-05,0.00167330399748626,0.325261295580142,-0.400000051159306,0.149999991431801,-0.066416709274218,0.237861621729432,0.185363999124235,0.077761325781354,-0.399999994838428,0.248095033622251,0.0346090801388585,0.355304893251685,0.22325505337241,0.281771043254648,0.03,0,0.03,0,0,0,0,0,0,0.0405453961585144,0.03,0,0,0.03,0,0,0.0670697216785492,0,0.122898394846792,0.0698934462719406,0,0.03,0,0.03,0,0,0,0,0,0.5,0,0.5,1.44595265469724,1.97278757601678,1.49035156440157,1.92838866631245,0.5,0,0,0.55061793633898,0.963524923793366,0,0.5,0.502795488660062,0,0.5,0,0,0.561056304041998,0,0.738146521577285,0
51,-0.0399148743052994,0.0443880111119155,0.0575353514708085,0.0661459925105823,-0.0205956560391823,0.0533284702843787,0.0092713833687776,-0.129999999915948,0.0588659051233875,0.929642872783051,0.000144513496705799,0.000154109903380466,0.368463507362041,-0.000407023665766301,-0.000818643632070988,0.0510796569859718,-0.0516971386980406,-0.0660821249068281,0.00450555692892762,0.00518316109744094,0.0380851299280735,0.00152918372158552,0.0433080694610433,-0.0750000000408497,-0.00130762883916996,0.0212219840883957,0.0206196512459096,1.12718591123025,-0.00904897313062808,-0.0291806467440715,0.0030275978365711,0.400000048746229,-0.302297557851722,0.150000000666343,-0.137174134348893,0.261565158978125,0.250000006199216,0.0807701222951422,-0.344842369028838,0.204887057544503,0.0416081244019735,0.372288476667301,0.25855351194855,0.294380704191444,0.03,0,0.03,0.0501143984177643,0,0,0,0,0,0.0470085215807533,0.03,0,0,0.03,0,0,0.03,0.0963375545842691,0,0.0567536546489257,0,0.03,0,0.03,0,0,0,0,0,0.5,0,0,1.46221382641087,2.00246363680842,1.50657242500041,1.95810503821888,0.5,0,0,0.59231496928928,0.997352085801701,0,0.5,0.607776425807312,0,0,0.5,0,0.507009480588647,0,0.672818961281867,0
52,-0.040645065612403,0.0426372498313903,0.0575309782230742,0.0663956060175865,-0.0205145117849243,0.0532898135636072,0.00967289362136345,-0.129894266474835,0.0586845364544064,0.925958786441906,0.00016504473873532,0.000392372700842541,0.377625328430105,-0.000396330520842597,-0.00191937780330425,0.0510652639125085,-0.0280525623384605,-0.0749999999223547,0.000254038172791967,0.0141592537399431,-0.0128908287556799,0.000396293103503256,0.00106705466127242,0.0279136088038341,-0.0154180340601863,-1.9378596566863e-05,-0.00151911737358783,0.862330924684502,0.00423388112511844,-0.0644721089584779,0.000305221625153661,0.343588046322405,-0.205722187859311,0.150000002772895,-0.255469149143392,0.34436521356288,0.250000027110389,0.116507514599399,-0.399999899633746,0.224444451269427,0.03,0.375605843717172,0.25715601118493,0.28750947555086,0.03,0.12971372273574,0.070984372032789,0.105363076588038,0,0,0,0,0,0.0572659333923576,0.03,0,0,0.03,0,0,0.03,0.13999292424406,0,0.0840811166146836,0,0.03,0,0.03,0,0,0,0,0,0,0,0,1.43677670055155,2.03973218270344,1.51473938792515,1.96176949532983,0.5,0,0,0.584522450687869,0.961464103251305,0,0.5,0.514444151636789,0,0,0.5,0,0.5,0,0.696782858624437,0
53,-0.0410973004695519,0.0407801371911668,0.0575309420918338,0.0675502124843239,-0.0198672920707175,0.0538882866284525,0.00936920800740275,-0.130000000155598,0.0583421634967971,0.921849191641961,-6.1848232837512e-05,0.000431024789799317,0.387550413397684,-5.02757034533243e-05,-0.00305796894279793,0.0510849283690149,-0.0137574320156239,-0.0749999999389953,-4.15406966403623e-05,0.0750000000952394,0.064921882826799,0.0500000000016781,-0.0284808670017942,-0.0508297787846375,-0.0185103419919472,-0.0251642148020117,-0.0097637997673284,1.2013790444666,0.03060460084347,-0.0517988727829181,0.00121748738070487,0.346852760763005,-0.222006832917348,0.14999999519489,-0.349175407173512,0.268737821347769,0.220018772172295,0.114153073761858,-0.246104075168505,0.241165123328044,0.03,0.36373026458915,0.229606022918912,0.271782965397854,0.0346647434385249,0.116452752896787,0.0624763800285726,0.118641138383412,0,0,0,0,0,0.0506113162555035,0.03,0,0,0.03,0,0,0.03,0.124869817466061,0,0.123702686660509,0,0.03,0,0.03,0,0,0,0,0,0,0,0,1.38821796586211,2.02870131811065,1.4952963479061,1.92162293606666,0.5,0,0,0.569023748258277,0.952237334127207,0,0.5,0.5,0,0,0.5,0,0.5,0,0.700087647595263,0
54,-0.0412647550490798,0.0389298139225883,0.0575307388371192,0.0690172797835162,-0.0187434543710472,0.0546304905683177,0.00857733153869085,-0.129954745990672,0.0579148350184931,0.916828309750557,-0.000162494835364706,0.000424167276190484,0.399283619621021,0.000714396311348691,-0.00403446162738001,0.051093869884887,-0.00497589640381123,-0.0749999999189431,5.13854638536416e-05,0.0709611173996993,0.0540129171600802,0.0270496173478911,-0.0486861698516116,0.0140280796077206,-0.0237030468413425,-0.00719553348364532,-0.00341423924918842,1.32855620840939,0.0431226746160895,-0.0470030783431625,0.000430111472872656,0.314402870429265,-0.19529760173053,0.149999989547082,-0.319500910176037,0.225936448675647,0.242421603960505,0.122399411988552,-0.329981525518573,0.249999943550298,0.03,0.344799491085704,0.223718136475228,0.264805481343761,0.0387877364460941,0.0972847607258306,0.0682120624110091,0.108879467979434,0,0,0,0,0,0.0681665871346205,0.03,0,0,0.03,0,0,0.03,0.116116059674501,0,0.112043223675366,0,0.03,0,0.03,0,0,0,0,0,0,0,0,1.34254412376409,1.96728676769361,1.44333206134756,1.86649883011013,0.5,0,0,0.517763863255488,0.919855133881651,0,0.5,0.5,0,0,0.5,0,0.551482008061169,0,0.641121386186483,0
55,-0.0413395391300442,0.0370791416971194,0.0575299936955339,0.0701913218587127,-0.0178427072481794,0.0547761567639675,0.00744255530811911,-0.129363730872942,0.0577037078635993,0.911281846627282,-0.00018674524882303,0.000405413574240226,0.411785169694538,0.00161843701831454,-0.00492643079745424,0.0510954405880813,-0.00283523504912046,-0.0750000001733918,-0.000412348868125537,0.053747836917726,0.038271020101552,-0.000780188298168457,-0.063327257812734,0.0422510951961332,0.00019987926468602,0.00186195328048365,0.00300462110741872,1.35250648629891,0.0450658982723837,-0.0443671122489139,-0.000584685975497409,0.311833307980614,-0.187847339430674,0.150000004530698,-0.305650627864315,0.196016289150962,0.250000013751254,0.127153503500287,-0.349304865816388,0.25000008368789,0.03,0,0.214799585597758,0.266189255503733,0.0476036165774312,0.0874838079692804,0.0713647287259171,0.0955995770294616,0,0,0,0,0,0.0667235583757935,0.03,0,0,0.03,0,0,0.03,0.102287286092967,0,0.115017232648271,0,0.03,0,0.03,0,0.5,0,0,0,0,0,0,1.23939756067173,1.8800210396198,1.38073432566715,1.73868427462438,0.5,0,0,0.5,0.897006584309164,0,0.5,0.5,0,0,0.5,0,0.5,0,0.525432752449705,0
56,-0.0411980235846026,0.0353049127069169,0.0575337024928903,0.0714106590711831,-0.0170470606068795,0.0547807542835149,0.00662467316461476,-0.129789579800474,0.0579250693125379,0.905742033995456,-0.000238298320031221,0.000446467031414695,0.423831229508076,0.00268837763600333,-0.00575132939394518,0.0511018808026968,0.0141991383514049,-0.0749999997486631,0.000355687943442566,0.0674030305651769,0.0419129755168892,0.000411590949477411,-0.0225397942580083,-0.0732825786214956,0.0199603598773302,-0.00719172016793464,0.00236681156692464,1.34114837911586,0.0607009078936074,-0.0400343111943907,0.000519898396994275,0.30338823247889,-0.180836863433969,0.149999994528707,-0.309970448418063,0.269413109832866,0.230299109128381,0.045786622358059,-0.0314928131396209,0.249999994596199,0.03517442090708,0.327628232567143,0.211107020276475,0.262535886575454,0.0558820963283239,0,0.0490606779139795,0.0503249227902348,0,0,0,0,0,0.03,0.03,0,0,0.03,0,0,0.03,0.0409414728796148,0,0.125469464178665,0,0.03,0,0.03,0,0,0,0,0,0.5,0,0,1.25700671640754,1.81678608374743,1.37304671839535,1.70074608175963,0.5,0,0,0.5,0.824965912105671,0,0.5,0.5,0,0,0.5,0,0.501044884368356,0,0.5,0
57,-0.0411251776420361,0.0334263432171882,0.0575372027181172,0.0723170230555864,-0.0168136970744488,0.0547443136161836,0.00594928791988748,-0.129373904334597,0.0585135087794727,0.90109418060191,9.24332153499711e-05,0.000410113956727397,0.433624046863763,0.00350405196475913,-0.00683423605884465,0.0510753533367843,-0.00544928993139078,-0.0749999990709243,-0.000115255385753043,0.0264812242589439,-0.012204781042834,-0.00211039213254895,-0.0429570867301404,0.0750000000461192,0.0371632940928956,0.0326085159086944,0.00776618984294891,0.844392462902058,0.0232441404694646,-0.0636149869907671,-0.00151177276350009,0.400000962768832,-0.276226234261012,0.149999962844611,-0.0597667772887424,0.0760671758546807,0.233803743933649,0.0704687386667648,-0.321595581776205,0.24999999748879,0.0905142900897728,0.2966894879414,0.250047324159426,0.250910466903421,0.03,0,0.03,0.03,0,0,0,0,0.11163742378083,0.03,0.03,0,0,0.03,0.0739988634399255,0,0.0436937840543765,0,0.0790103158266811,0.0489527892338973,0,0.03,0,0.03,0,0,0,0,0,0.5,0,0,1.16654336019314,1.6502826633534,1.26353611676989,1.55328990677664,0,0,0,0.533855125393379,0.717107959330145,0,0,0.616108562992511,0,0.5,0,0,0.519619620752736,0,0.5,0
58,-0.0418497274036843,0.0316042451214773,0.0575674923962292,0.0725330631637197,-0.0161257153176353,0.0548084495610069,0.00469621935918768,-0.127596270750786,0.0592256476281332,0.895478257458475,7.81432117220549e-05,0.000186943216428409,0.445108234181333,0.00364249693367219,-0.00770506361478739,0.0511149354123137,-0.0578610632307515,-0.0750000000087589,0.00280835405951421,0.000963170628431842,0.0704648969531584,0.00411863144252802,-0.0749999999973527,0.0750000000007871,0.034333463848439,0.0179599260409441,-0.0198801201833369,1.64016692691763,-0.0030798562091336,-0.0294636078346979,0.00295321317995967,0.399999983434647,-0.303933013018122,0.249999998438483,-0.0667472468336738,0.00860595126916706,0.24876384552777,0.0615954404755131,-0.197142142127739,0.205709184114147,0.03,0.235925325461811,0.22818081949217,0,0.03,0,0.03,0.03,0,0,0,0,0.0875027465343399,0.03,0.03,0,0,0.03,0,0,0.0595295465834093,0,0.0595404695753775,0.042361863475879,0,0.03,0,0.03,0,0,0,0.5,0,0.5,0,0,1.16175866391803,1.59466274306026,1.22824922451829,1.52817218246001,0,0,0,0.5,0.516359953132556,0,0.5,0.5,0,0.5,0,0,0.5,0,0.51158918693357,0
59,-0.0426261006011242,0.0298771295715217,0.0575380889468641,0.0727842089325838,-0.0149057735911304,0.0547884783785541,0.00352500402675878,-0.125828268496727,0.0599644208602401,0.888739408136073,-7.02443574620576e-05,0.000272815727346263,0.458414735458781,0.00384515849404356,-0.00830314278316736,0.0510957442808548,-0.0231702113728527,-0.0749999999903913,-0.00127514948452206,0.0225633714646226,0.0508212654049832,-0.000912533270490609,-0.0451105106567877,0.0749999999588541,0.0390699814852592,-0.0185244211810683,0.00258862581680114,1.37261958830628,0.0213128901074587,-0.0327534967932828,-0.00077274730546129,0.400000016575344,-0.340927001873522,0.250000000811628,-0.139736787260398,0.0816362506907991,0.24579946272108,0.014457783678067,-0.0966258183158593,0.181042347867656,0.03,0.223630367928178,0.21632905497299,0,0.03,0,0.03,0.03,0,0,0,0,0.084217232738631,0.03,0.03,0,0,0.03,0,0,0.0630114833727317,0,0.0527652647474935,0.0622282922198646,0.12334635381048,0.03,0,0.03,0,0,0,0.5,0,0.5,0,0,1.03317220747548,1.50139679791979,1.12030208761556,1.4142669177797,0,0,0,0.5,0.5,0,0.5,0.5,0,0.5,0,0,0,0,0.5,0
60,-0.0428929787380587,0.0281475325073051,0.0575279599059212,0.0733876999257575,-0.0139390403025597,0.0547877908204002,0.00257400447648231,-0.123952026253849,0.0599807244770335,0.882440945466012,-0.000179804882784666,0.000314368290005211,0.470424989071967,0.00444551722450501,-0.00898517329983897,0.051093716687745,-0.00554199237065518,-0.0749999993933264,-0.00047729612363195,0.0364188142237394,0.0474538944323197,7.3092801947131e-05,-0.0495458465557866,0.0749999996469778,-0.00713002112561669,-0.0111097673440606,-0.00204954568049974,1.35021018961796,0.0371332784103423,-0.0345265999768995,-4.59062803167657e-05,0.395298990559285,-0.324506918906911,0.250000002745623,-0.236064387819483,0.0647685858012943,0.230682246262829,-0.00929940928564186,-0.0236253786777941,0.164839556156745,0.0528085722867072,0.178281442136362,0.200920862360921,0,0.0487196739403672,0,0.0412827343848949,0.03,0,0,0,0,0.0643653081939547,0.03,0.03,0,0,0.03,0,0,0.03,0,0.0497567682753202,0.0566785080777778,0,0.03,0,0.03,0,0,0,0.5,0,0.5,0,0,0.883805285735744,1.31352673222154,0.997243026545338,1.20008899141195,0,0,0,0.5,0.5,0,0.5,0.5,0,0.5,0,0,0.5,0,0.5,0
61,-0.0431596833709855,0.026382282169106,0.0575262699327785,0.0738183497579249,-0.0133769071981492,0.0547506239115984,0.00166863145603559,-0.122188806628347,0.0600000016212508,0.876905253414906,3.45657645802871e-05,0.00033533875189565,0.480664249094209,0.00490339052383936,-0.00983243234479637,0.0510710207293416,-0.0224210347171456,-0.0749999999853985,3.3407791824716e-05,0.00746536421422348,0.0143335897959143,-0.00179667122601501,-0.0417691437089127,0.0749999999730746,0.0466699394843567,0.0189282803431036,0.0127690738591679,1.02828911126653,0.00923274325269658,-0.0478319068866174,-0.00105686751439913,0.400000017775695,-0.317932172175657,0.250000008389442,-0.245059890303932,0.104567730789536,0.224100234039654,-0.0267481031188548,-0.0218601093250605,0.152587127939394,0.0476605453632269,0,0.183522151728816,0,0.0306441589417852,0,0.063895867648126,0.0454270659289372,0,0,0,0,0.0736419730045536,0.03,0.03,0,0,0.03,0,0.0703061636471403,0.03,0,0.03,0.0386472485486591,0,0.03,0,0.03,0,0.5,0,0.5,0,0.5,0,0,0.768478208482216,1.18880520806646,0.865037921958328,1.09224549459035,0,0,0,0.5,0.5,0,0.5,0,0,0.5,0,0,0.540283767208701,0,0.5,0
62,-0.0434996765190081,0.0252970819604238,0.0574678151954608,0.0738087958063089,-0.0133036468609211,0.0547242314061192,0.00246020293058506,-0.120762963704002,0.0600000005442921,0.874114530917139,4.52035213193249e-05,0.000106828104568144,0.485719926506001,0.00491985978675209,-0.0104566108204953,0.0510206078301473,-0.00947175881866609,-0.0294726184656953,-0.00275451601968149,-0.00183205411092431,-0.00234161406440558,-0.000794840323255692,0.0750000000328949,0.0682584434299802,0.0357654096893224,0.00709486649969758,-0.0215211878127561,0.270213951026672,-0.00109827006101425,-0.0186391190822632,-0.0021118324466942,0.400000096238144,-0.372160185634002,0.250000004957593,-0.196476276297934,0.125763207048328,0.244498443075781,-0.142103526610932,0.00475374620133961,0.166726927637856,0.0590245877734586,0.173941601802592,0.195478453485609,0,0.03,0,0.0474459594593998,0.0475188588647035,0,0,0,0,0.0533420626977747,0.03,0.03,0,0.13030028422484,0.03,0,0,0.03,0,0.0515938438395821,0.03,0,0.03,0,0.03,0,0,0,0.5,0,0.5,0,0,0.628944447086441,1.08429813558794,0.805516667509537,0.983519196552506,0,0,0,0.5,0,0,0.5,0.5,0,0.5,0,0,0.5,0,0.5,0
63,-0.0439231606957869,0.0241943334818517,0.0575088482921599,0.0737201389333498,-0.0131974603068764,0.0547440488848676,0.00211471162662129,-0.118675727762826,0.0599999960999456,0.871205644261453,0.000117508720327145,0.000275041369772437,0.490918997503287,0.00486235495577015,-0.0110698384978043,0.0510625183041956,-0.0316215178563937,-0.074999999710302,0.00283409660413774,-0.00704236315941857,0.0130068398744505,0.00102703159894191,-0.0749999999002089,0.0749999997709482,0.0215887242772784,-0.00526036837147404,0.0194028082896838,0.907930254181401,-0.00440394460790237,-0.0417922775881716,0.00221293137761113,0.329645673935757,-0.206172152679912,0.23579673984495,-0.29707682753025,0.141085698376265,0.246196166095079,-0.00904907433547933,0.0440238695278459,0.154544140777659,0.0570332395989832,0.102954366453445,0.136679138893047,0.121672632707027,0.0360296498640827,0,0.0610319676202739,0.0680727419622559,0,0,0,0,0,0.03,0.03,0.0620400763044631,0,0.03,0.03,0.03,0.03,0,0.0477716377852359,0.0324006446948482,0,0.03,0.046106348616131,0.03,0,0,0,0,0,0.5,0,0,0.5,0.934722092540474,0.722182651220515,0.813377736702496,0.5,0,0,0,0.5,0,0,0,0,0.5,0,0,0.5,0,0,0
64,-0.0444319095861961,0.0224058631323842,0.0575150824590339,0.0736546839037262,-0.0132896911957704,0.0547361838043107,0.000661566223042582,-0.116923396811844,0.0600000029343653,0.867040317959212,0.000177458613470519,0.000309836320714128,0.498238367061547,0.00485497476121685,-0.0121767341748594,0.0510616350768786,-0.0209930936627889,-0.0749999994688212,0.000158904154599033,-0.00265182074472985,-0.0191100514887945,-0.000275231361552099,-0.0707403370128467,0.0749999997600168,0.0252974981421132,0.00857678820756643,0.00211695566288908,0.714120765052868,0.000107570446367683,-0.0620599162920249,-0.000180871100698819,0.310695518620777,-0.216011264815015,0.241273349950421,-0.232548325137082,0.234447187767382,0.213132629373519,0.00419335571292974,0.0585492538489109,0.150000122769252,0.0480867476264867,0.113532769946133,0.128962405668075,0,0.03,0.0947584461395338,0.0541722305765342,0.0553844855098898,0,0,0,0,0,0.03,0.03,0.0610323386034151,0,0.03,0.03,0.0360220787676824,0.03,0,0.053449390672337,0.0317822537793727,0,0.03,0.0613861861837197,0.03,0,0,0,0.5,0,0,0,0,0.560561692472297,0.829174253391062,0.558827701870703,0.618068692333432,0.5,0,0,0,0.5,0,0,0,0,0.5,0,0,0.5,0,0,0
65,-0.0449058586030051,0.020686240008379,0.0575105098998799,0.0736583190707935,-0.0130715452797396,0.054762422416735,0.000285300563598014,-0.115486209768782,0.0600000088426229,0.862217682929979,-2.81604209013364e-05,0.00030029172283233,0.506539068707581,0.00494386676912941,-0.0131137303348837,0.0510760620168048,-0.0186590798846886,-0.0749999996491409,3.15952249147566e-05,0.00835416776302964,0.0278601526124472,0.00180895821511793,0.0236724873522367,0.0692897338239703,0.0239767308707282,-0.0154028748976212,-0.0138970677774778,1.1177148028418,0.0138070273339061,-0.0392840460948767,0.00104897235173775,0.22118374563768,-0.136556391101909,0.250000024898325,-0.154546882616584,0.0807714019475514,0.174404255748762,0.0831942510032926,0.00492055382875239,0.156977143181458,0.0542731255740372,0,0.044510330951407,0.03,0.0406658029500247,0.03,0.03,0.03,0,0,0,0,0.0611366043847618,0.03,0.03,0,0.030452818896795,0.03,0.0332455691573918,0.03,0.0358098130151991,0.03,0.03,0.0335920798142135,0.062407087088392,0.03,0,0.03,0,0.5,0,0,0,0,0,0,0.5,0.638001830826697,0.51824926025998,0.582973870207621,0,0,0,0.5,0,0,0,0,0,0,0,0,0,0,0.5,0
66,-0.0453532214622191,0.019480424888244,0.0574891814927069,0.0736760149865648,-0.0122514282331185,0.0547778874797799,0.00153028255740884,-0.114683480110618,0.0598701681200485,0.857109506798084,-2.0830157516743e-06,2.87889985344379e-05,0.515135103291381,0.00507131603722454,-0.0134904941018332,0.0510635348516529,-0.0263687069525047,-0.0437977019213341,-0.000725383206319826,-0.00524970863856336,0.0514495734343483,0.00078323116538577,0.0749999999639483,0.0162838831385024,-0.0222231216505175,0.0154128713933666,-0.0183086085231587,0.939097417381473,0.000330835315946636,-0.00466267907733062,-0.00040146917443921,0.205351170101756,-0.140562726483254,0.210928100380802,-0.111936147230013,0.00920162835877226,0.174914002623749,0.0113745262461565,0.0612640011203172,0.180146200661205,0.0540358405860084,0,0.0439525271166573,0.03,0.0326869520397617,0.03,0.03,0.03,0.03,0,0,0,0.0598598608504692,0.03,0.03,0,0,0.03,0.03,0.03,0.0597338276438113,0.03,0.03,0.03,0.0456899895734521,0.03,0.03,0.03,0,0.5,0,0,0,0,0,0,0,0.548575750537698,0.5,0.5,0,0,0,0.5,0.5,0,0,0,0,0,0,0,0,0,0,0
67,-0.045578428631558,0.0184922076819729,0.0574847466822328,0.0737228877693193,-0.0119687406829342,0.0547267290873078,0.00151146318170335,-0.114963129365694,0.0594603499674993,0.853865665423051,8.25949849820716e-05,0.000257893038229646,0.520493577747349,0.00519463973497381,-0.0139564072071803,0.0510416161640462,-0.00482187470003122,-0.0538277640051253,0.00090630762923968,0.00500549538472069,-0.00702668928149089,0.000500938525425008,-0.0630745548535682,-0.0387457951236269,-0.0190736031562027,0.00104213204381059,0.0037739116499073,0.460933688137814,0.00800535680119842,-0.0345212305613367,0.000719251008453888,0.240094327578911,-0.222891869415953,0.24999999760423,-0.15237776252892,0.0932427746561897,0.183133613776645,0.142573281965491,0.146196643814124,0.213734870897969,0,0,0.0524224453430048,0.0576904576017519,0.0477592454487868,0.03,0.03,0.03,0,0,0,0,0.0752258814333009,0.03,0.03,0,0.03,0.03,0.03,0.03,0.0673933627159779,0.03,0.03,0.043268055204117,0.0704610566028591,0.03,0.03,0.03,0.5,0.5,0,0,0,0,0,0,0.5,0.543323622846872,0.5,0.5,0,0,0,0.5,0,0,0,0,0,0,0,0,0,0,0,0
68,-0.0457733202201117,0.0177193523887808,0.0574493114726985,0.0736977192493952,-0.0119236333892127,0.0547257139023598,0.00209117126192542,-0.115406890056783,0.0591406188061197,0.851763714784243,2.09265252279279e-05,8.7823006927435e-05,0.523926183557829,0.00522526676908367,-0.0143908648417234,0.0510189986708364,-0.00841929106673697,-0.0248614898819309,-0.00152032933656508,-0.00255237764685448,0.0038858592495026,-0.000509928857591345,0.0750000000792344,-0.00864079524436176,-0.0134612124213941,0.00349860378029198,-0.0106551970561231,0.28277787953306,-0.000544361677825062,-0.0129434849835251,-0.00116879732339725,0.338962487476504,-0.296468284542651,0.23069966068296,-0.16145990836863,0.187947635381575,0.180357487685799,-0.134258025780223,0.0702219916763143,0.226579177819375,0,0.119885850482294,0,0,0.03,0.03,0.03,0.03,0,0,0,0,0,0.03,0.03,0,0.0691619306669399,0.03,0.03,0.0301005364270983,0.0431043767495525,0.03,0.03,0.03,0.0905476284442632,0.03,0,0.03,0.5,0,0.5,0.5,0,0,0,0,0.514541000116421,0.677600770829519,0.5,0.5,0.5,0,0,0.5,0,0,0,0,0,0,0,0,0,0,0.5,0
69,-0.0461552404064086,0.0165707453444618,0.0579279417151811,0.0739103833894668,-0.0116836915058231,0.0551207110956589,0.00368732997537598,-0.115127283001051,0.0591634665899976,0.850166249186274,9.69825388334233e-05,0.000178237182485747,0.526514447043759,0.00524662179234284,-0.014894784988695,0.0510352546248101,-0.0279788775204553,-0.0749999997746205,0.0407915355160765,0.0176167916730495,0.0237811809918313,0.0363824615047031,0.0750000000726197,0.0324885824307828,0.0130912621995183,-0.00300115880399115,0.00925195781422843,0.393996950821728,0.00172736237731031,-0.033842362183829,0.000694113537783456,0.316179342831724,-0.213361231651117,0.20165315353953,-0.125871565537167,0.112954938098154,0.149999976907219,-0.131857589836746,0.0669140832232337,0.195610704477155,0.0614223026638126,0.0905513098155549,0,0,0.03,0.03,0.03,0.03,0,0,0,0,0.0851670550088337,0.03,0.03,0,0.0570153332201903,0.03,0.0539445879218486,0.03,0.03,0.03,0.03,0.03,0.0701226958101561,0.03,0,0.03,0,0,0.5,0.5,0,0,0,0,0.5,0.655240454298438,0.5,0.5,0,0,0,0.5,0,0,0,0,0,0,0,0,0,0,0.5,0
70,-0.0464946552141822,0.0151925734706449,0.058099870172188,0.0740141015641571,-0.0110524725134704,0.0555338997139715,0.00525202138955983,-0.114415288548418,0.0596260499941228,0.846318163865253,-2.29769704489397e-05,0.000208233243579153,0.532678397654406,0.00532935910550441,-0.0154951440704864,0.0510579550367847,-0.0137669921863312,-0.0647489020022374,-0.000196113995315653,0.00284609641900104,0.0301147701663922,0.00671497670231724,0.0750000001272373,0.0381452150364616,0.0313422677429966,-0.00655291314709522,-0.00928488533382536,0.868339065772706,0.00921448408724923,-0.0276441194376619,0.000374134984145771,0.154376815890815,-0.104376830731137,0.19238202738979,-0.120775968237953,0.0762402627605657,0.189160007930991,-0.0690848393629856,0.121470333787757,0.149999927187992,0.03,0,0.0508794652712058,0.03,0.03,0.03,0.03,0.03,0,0,0,0,0.0384440701040941,0.03,0.03,0.03,0,0.03,0.03,0.03,0.0431396245780169,0.03,0.03,0.03,0.03,0.03,0.03,0.03,0,0.5,0,0,0,0,0,0,0.5,0.602388578784763,0.5,0.5,0,0,0,0,0.5,0,0,0,0,0,0,0,0,0,0,0
71,-0.0466695725448688,0.0142944461325319,0.0580645388955788,0.0739780244065306,-0.0110873429935975,0.0554904778535718,0.00660156580577798,-0.114644062051744,0.0599999998404357,0.844038806690104,5.95971709832838e-05,9.38946236598614e-05,0.53628213640376,0.00537870155713525,-0.016025544196258,0.0510202052663091,-0.00630878609841131,-0.0297693348542862,-0.00141161555276883,-0.00356179204373319,-0.0101526291234986,-0.00371209897374564,0.0613219006760507,-0.0520073467553126,0.0166831988807111,6.13192542361152e-05,-0.0100536758295614,0.222423094374019,-0.000437753475963947,-0.0202069169246058,-0.000981051736923864,0.195236773774031,-0.183887327199492,0.194491554557421,-0.119167833325012,0.131306160370713,0.2009726696261,-0.132025949822989,0.29142559348202,0.151911924441609,0.0326798553735006,0,0.0640250086889593,0.0359738072275349,0.03,0.03,0.03,0.03,0.03,0,0,0,0.0370785496232472,0.03,0.03,0.03,0,0.03,0.03,0.03,0.0331860929849125,0.03,0.03,0.03,0.0342006135471041,0.03,0.0301830055318826,0.03,0,0.5,0,0,0,0,0,0,0,0.676524318659308,0.5,0.507189132728052,0,0,0,0,0.5,0,0,0,0,0,0,0,0,0,0,0
72,-0.0467987993414549,0.0135976551248506,0.0580748720553333,0.0739326417237345,-0.0112465740928415,0.0554924380308989,0.00637314211552725,-0.115488514980752,0.0599999993519883,0.842633671305179,7.91001743660632e-05,0.000128799941182046,0.538487291542796,0.00538479283462741,-0.0164972261090249,0.0510271996265703,-0.00721351693685831,-0.0398096122586822,0.000585077141301409,-0.00228617100561856,-0.00905224261038217,0.000122904337522862,-0.0709378653749857,-0.0342169767065585,0.00288171005227979,-0.000384563549129456,0.00456748280400679,0.299829333713016,0.000521206554787077,-0.0268895460755482,0.000398205012299624,0.261383410735704,-0.197514432003573,0.211008049779431,-0.102115458894758,0.116016751879936,0.18010958668317,-0.0054472558301998,0.192988530668016,0.156158562392107,0.0560270212252163,0.0449222214082655,0,0,0.03,0.03,0.03,0.03,0,0,0.03,0,0.0410921706994094,0.03,0.03,0,0,0.03,0.0377010200307058,0.03,0.03,0.03,0.03,0.03,0.0349261453126937,0.03,0.0488557216669632,0.03,0,0,0.5,0.5,0,0,0,0,0.5,0.566701687989166,0,0.5,0,0,0,0.5,0.5,0,0,0,0,0,0,0,0,0,0,0
73,-0.0469996725828255,0.0126527229817823,0.0580883556663299,0.0738600583473574,-0.0113732949355965,0.0554985295286685,0.00545197751766285,-0.116903073480229,0.0595494337300325,0.840480076583527,8.3337090808875e-05,0.000172469688844336,0.541842631137159,0.00538877147610647,-0.017098016662776,0.0510383094798524,-0.0121328275326783,-0.0534364890819101,0.000699212767204783,-0.00451089229803936,-0.0039131304367342,0.000311723656327881,-0.0257022784399867,-0.0750000001273738,-0.0433182897767965,-0.00223042232939594,0.00411989097179967,0.482500800520158,0.000209144817302373,-0.032575876426875,0.000578213542779355,0.212435589255294,-0.111672098258587,0.22201748971817,-0.13396989120815,0.0914252482173353,0.184820602348013,0.0956526743398352,0.27771742917856,0.202452960330016,0.0348473409332303,0.03,0,0,0.0351088987226674,0.03,0.03,0.03,0,0,0,0,0.0440392509926491,0.03,0.03,0.03,0,0.03,0.03,0.03,0.044523256646239,0.03,0.03,0.03,0.0319852572763509,0.03,0.03,0.03,0,0,0.5,0.5,0,0,0,0,0.5,0.659380668272058,0.5,0.621227099066764,0,0,0,0,0.5,0,0,0,0,0,0,0,0,0,0,0
74,-0.0471577066884113,0.0117859551367418,0.0580709086949283,0.0738086000964456,-0.0115348832991951,0.0554914240952634,0.0063194884114759,-0.117470476541457,0.0587032614993328,0.838614690209799,6.95996561890081e-05,0.000117981560384663,0.544725118564963,0.00540660816874039,-0.017666822082685,0.051024525267478,-0.00661979410601248,-0.0356524196208786,-0.000894972598429909,-0.0025151722070674,-0.00807048421107414,-0.000148061474897421,0.0750000000283145,0.00978154925684599,-0.0414825490668124,0.00184757747265274,-0.00754755704095482,0.268522892451834,0.000252475643486788,-0.0239797917090623,-0.000614222606950436,0.258540175831486,-0.205783500676291,0.248624112299434,-0.156694669965517,0.0888843812483016,0.186964514735834,0.0314858449249435,0.0816074197651634,0.249999997670303,0.0371323988643341,0,0,0,0.0490549593381276,0.03,0.03,0.03,0,0,0,0,0.0726353386564616,0.03,0.03,0,0.0410010010968557,0.03,0.0342141815952933,0.03,0.0411729174290126,0.03,0.03,0.03,0.0653672127683248,0.03,0.0372170974127782,0.03,0,0.5,0.532784135678783,0.604216289940205,0,0,0,0,0.5,0.6302466255517,0.5,0.564668146322529,0,0,0,0.5,0,0,0,0,0,0,0,0,0,0,0,0
75,-0.0471280227353688,0.0120585709889106,0.0579845312483558,0.0737677213424344,-0.0114288589776024,0.0554968033331229,0.00785743565964349,-0.117268058611167,0.0577469752277505,0.83819216063505,-2.45415802744339e-05,-3.77321331741058e-05,0.545375015883486,0.00538323020077947,-0.0176526166341825,0.0510082295193821,0.0123968100629144,0.0471327691457109,-0.00314546264733702,-0.00127586180930735,0.0135631109579131,0.000954431288122671,0.075000000028544,0.0103985568952796,-0.0500000000001803,-5.49322126365626e-06,-0.00633380803185451,0.0900223781810085,-0.000323046663418807,0.00822965416612751,0.00057924413022052,0.235848495328592,-0.299649268170615,0.240924556373443,-0.176512463685501,0.0809131288206269,0.184591580146758,-0.0410642826076097,0.0429329058095284,0.249999999876543,0.03,0,0,0,0.0640542031560612,0.03,0.03,0.03,0.03,0,0,0,0.0881375252141273,0.03,0.03,0,0.0494783677522027,0.03,0.03,0.0305543960097363,0.0472660780472574,0.03,0.03,0.0374929177832916,0.0786691657242965,0.03,0,0.03,0,0.5,0.5,0.581322345492825,0,0,0,0,0,0.616129255808513,0.5,0.518296899543354,0,0,0,0.5,0,0,0,0,0,0,0,0,0,0,0.5,0
76,-0.0470391298143367,0.0121594368680571,0.0579926537468537,0.0737809339432998,-0.0113489599091994,0.0554871235388014,0.00826271475866125,-0.117382818944537,0.0573387746090215,0.838040305545524,9.22730248761868e-11,-1.31601906830489e-10,0.5456083268881,0.00540019664703882,-0.0176092510812852,0.0509999998851245,-2.14928269925852e-10,1.98333047173799e-10,9.85870566683451e-11,9.00668963988387e-11,-5.66137777556697e-11,1.38304811910224e-12,-0.024520084148619,-0.018940692639062,0.00379994479911541,1.353097031609e-12,-2.01475164975492e-12,-1.79991474804251e-11,-4.47189456667445e-10,-2.5416385361065e-10,2.93498405891678e-11,0.226973384787352,-0.224842925692006,0.234563615716867,-0.206101823677064,0.0773506802418085,0.181908167255313,-0.0302060530193524,0.0876121095187208,0.213715232233487,0.03,0,0,0,0.096110972914574,0.03,0.03,0.03,0,0,0,0,0.0925848394368866,0.03,0.03,0,0.0433550367323597,0.03,0.03,0.0315351385265703,0.0486620937666647,0.03,0.03,0.042309475531922,0.0742104964564719,0.03,0.03,0.03,0,0.5,0.5,0.510612911665224,0,0,0,0,0.5,0.680007936359205,0.547759628667444,0.592224435725932,0,0,0,0.5,0,0,0,0,0,0,0,0,0,0,0,0
77,-0.0470493850294571,0.0122218909245413,0.0580278282405184,0.0737706951222298,-0.0112494689903987,0.0554964225965915,0.00898706266356547,-0.117814284509465,0.0571420489341945,0.837860147469824,-1.68391505773501e-05,-2.58527074133323e-05,0.545884947254338,0.00539704947778259,-0.0175488667869607,0.0510056441351213,-0.0007121411258226,0.00574493040060403,0.00311860867531625,-0.00081516254507839,0.0092990861024298,0.000481874866494242,0.0750000001320119,-0.0237272228082136,-0.0209931979952968,-2.88263061517609e-06,-0.00319705740929545,0.0617064839044852,-0.000163058643249619,0.00564427545117493,0.000292549512678681,0.222187165478972,-0.252422139942711,0.242673178163824,-0.301944499768279,0.18581083320798,0.185531726315797,-0.119096504879366,0.0591986839180624,0.201414211277433,0.03,0,0,0,0.135429181375871,0.03,0.0535485774226047,0.03,0,0,0,0,0,0.03,0.03,0.0663792464675932,0.0803998306487993,0.03,0.03,0,0.0331927351643299,0.03,0.03,0.0723108703237447,0.0586093031494695,0.03,0.03,0.03,0,0.5,0.5,0.558644295971553,0,0,0,0,0.5,0.787461197096677,0.642135510180264,0.67282645242223,0.5,0,0,0,0,0,0,0.5,0,0,0,0,0,0,0,0
78,-0.0469743690398725,0.0124232254369003,0.0582358877393116,0.0737708764866963,-0.0112455861164384,0.0554836170691203,0.00929555833607344,-0.118386633726957,0.057059054663394,0.83784990995508,2.82047187653942e-11,1.44609679108304e-11,0.545900658152038,0.00539875892142021,-0.0175439978680967,0.0509999999738621,0.00574574719173432,0.0143463278757537,0.0154447230288706,7.90430872417033e-11,-5.27235762202465e-11,-7.7674535924714e-12,-0.0333186065045148,-0.0326185436168008,0.00963131797175099,2.82801267087356e-13,-1.27123530016744e-12,-1.51181180974188e-11,-2.00355057981142e-10,-1.01657000911495e-10,4.36750427322001e-12,0.219547816709347,-0.265460652347007,0.225675587172588,-0.364636427133186,0.195475284914425,0.189440925285667,-0.0302923640286278,0.0687838062657074,0.183820166569865,0.03,0,0,0,0.179778270049589,0.03,0.0641031460338927,0.03,0,0,0,0,0,0.03,0.03,0.077127963227781,0.0852818589400863,0.03,0.03,0,0.0482650676566991,0.03,0.03,0.0932311124994075,0.0684665078002338,0.03,0.03,0.03,0,0.5,0.5,0.518668791155833,0,0,0,0,0.662246732543896,0.83056361237552,0.735045092309989,0.75776525260943,0.5,0,0,0,0,0,0,0.5,0,0,0,0,0,0,0,0
79,-0.0467955414944503,0.0128662013763608,0.0587133527723382,0.0737708768267206,-0.0112455865274361,0.0554836170619795,0.00870743012393538,-0.119481641829631,0.056937620273924,0.837849909716335,1.45353989934535e-10,2.47507998644268e-11,0.54590065852177,0.00539875844267272,-0.0175439980191934,0.0509999999575972,0.0117432001810885,0.0285003088946082,0.0308151791252292,-2.4993762412852e-10,-2.02146955816429e-10,-9.22477155392882e-11,-0.0262054373186744,-0.0728583458837491,-0.018919659267328,1.66247492237974e-12,-4.26973087296258e-12,1.4291020333928e-13,-9.46521163373449e-10,-3.77698154107074e-10,-1.90937742199361e-11,0.22664778960807,-0.297452223162646,0.149999993161389,-0.40000017097208,0.187923873771363,0.203544790680199,-0.0293454439184821,0.00426447156604406,0.188098252060886,0,0,0,0,0.228821187293327,0.03,0.0534230652849887,0.03,0,0,0,0,0.106118005942172,0.03,0.03,0.160565005422746,0.121502289045565,0.03,0.03,0,0.0855390854595732,0.03,0.03,0.158555392529289,0.0751646894201073,0.03,0.03,0.03,0.5,0.5,0.5,0.516944578341229,0,0,0,0,0.765403658099899,0.926801082545703,0.831457378968107,0.860747361677491,0,0,0,0,0,0,0,0.5,0,0,0,0,0,0,0,0
80,-0.0465534541423064,0.0134089888502818,0.0593076806926952,0.0735327664367503,-0.0119560398172463,0.0551694991467262,0.00798907414834608,-0.118480873863358,0.0567911140343229,0.837849909739638,7.82552874879899e-11,3.22893797063609e-11,0.545900658282073,0.00539875889153913,-0.017543997846654,0.0509999999681299,0.011679705856469,0.0261501776632766,0.0286397092191201,-0.0247086400844009,-0.064733124487065,-0.0285561748592954,-0.0438643593090357,0.074999999972658,0.00216097246099534,7.75904219364566e-14,-4.02906817143524e-13,1.93745175062967e-12,-1.22378767359453e-10,-1.87696638337694e-11,1.81111407777869e-11,0.275085946124585,-0.306603541561627,0.190864855789065,-0.400000025845883,0.279761474157381,0.210649816106577,-0.000170298614201729,-0.0415425110644891,0.192065988001878,0,0,0,0,0.22255672008441,0.03,0.0787218803439097,0.03,0,0,0,0,0,0.03,0.03,0.102869007805473,0.103540895287097,0.03,0.03,0,0.0572170473383229,0.03,0.03,0.124095707063602,0.0756848625278067,0.03,0.03,0.03,0.5,0.5,0.5,0.5,0,0,0,0,0.72558246308622,0.986587020041137,0.843272420886267,0.868897062241081,0.5,0,0,0,0,0,0,0.5,0,0,0,0,0,0,0,0
81,-0.0464135444846775,0.0136608733152955,0.0595946127175716,0.0731300928139672,-0.0127634536210961,0.0545657095946022,0.00723166609257788,-0.118136159728611,0.0565160529321012,0.837849909829841,-2.44519565786612e-13,-6.87949549529099e-14,0.545900658176156,0.00539875896086233,-0.0175439978457613,0.0509999999999422,0.00218807814673435,0.00167121966297341,0.00241272494028531,-0.011985735152054,-0.0242539094064957,-0.0270286993562265,-0.032966263824373,-0.0300259824996755,-0.0267736230901986,-4.10336297577752e-15,-6.72029777400157e-16,-4.6627473499036e-14,2.32788250522438e-13,-1.81284302991452e-14,-3.29279247090078e-13,0.308198372145686,-0.344418187987343,0.209343257534205,-0.399999999999987,0.164632773222994,0.246106920811825,-0.0102674864531792,-0.0491654858686633,0.198899551188589,0.03,0,0.138017348671142,0,0.233364032107773,0.03,0.0626366282503626,0.03,0,0,0,0,0.126798692575003,0.03,0.03,0,0,0.03,0.03,0,0.0813531754344692,0.03,0.03,0,0.0795703504069367,0.03,0.03,0.03,0,0.5,0,0.5,0,0,0,0,0.734658190444194,1.01744703712374,0.863136305194064,0.888968922373874,0,0,0,0.5,0.5,0,0,0.5,0,0,0,0.5,0,0,0,0
82,-0.0466676486144926,0.0135298752080153,0.0596236717941891,0.0728821881509583,-0.0126460460100411,0.0545491821647235,0.00680707455200013,-0.118527556782764,0.0565723783900413,0.837119568102869,9.89646483623962e-05,-4.55276622112912e-05,0.547020017940893,0.00521489534090211,-0.0175575351831534,0.0510224187825804,-0.0261134276352304,-0.0130259709519985,0.00172692925541401,-0.0208862072106102,0.016213596709392,0.00127223306326938,-0.0116266585529356,-0.0110148409513923,0.0270261878338291,0.011991632291823,0.00233664581883553,0.288229771557332,-0.018327294903947,-0.000611266930873191,0.00130225710736473,0.364677883895361,-0.349577535599689,0.245448602442438,-0.400000005981379,0.0633734845796178,0.215947781796592,0.0946289808979525,-0.116443959129246,0.154123693616746,0.03,0,0.0887055744766222,0,0.243022664001687,0.03,0.0621473059613168,0.03,0,0,0,0,0.123570226909426,0.03,0.03,0,0,0.03,0.03,0,0.0964053371977519,0.03,0.03,0,0.0770174416532007,0.03,0.03,0.03,0,0.5,0,0.5,0,0,0,0,0.800334449125958,1.07975965696051,0.942787108039176,0.9373069980473,0,0,0,0.5,0.5,0,0,0.5,0,0,0,0.5,0,0,0,0
83,-0.0474126632990735,0.0132469347686775,0.0596399404958989,0.0722513238622487,-0.0122827276166815,0.0545657964840705,0.00636459456198424,-0.118714721532497,0.0574119326966554,0.835372291528902,0.000161647758724081,-0.000106190766555404,0.549684679461631,0.00464200858086551,-0.0175662743230204,0.0510355089026533,-0.0459069533825465,-0.0170646050878478,0.000967438011354298,-0.0390774672767461,0.0221611411313083,0.000836859159445941,-0.0307126982724875,-0.0080028314237678,0.049999999999997,0.00815491719853877,-0.000134256539285713,0.386815125543879,-0.0355123184375175,-0.000416034664234639,0.000753967878310533,0.296965162427086,-0.16621288907472,0.249999998040325,-0.400000001882462,0.054050274321075,0.228487722473356,0.165814237288257,-0.148153909773704,0.16086712628212,0.03,0,0.0810379620204497,0,0.256871845404641,0.03,0.0503863722394635,0.03,0,0,0,0,0.153904267464422,0.03,0.03,0,0,0.03,0.03,0,0.14045175495952,0.0308922851230385,0.03,0.0814849412711637,0.0880310597832368,0.03,0.03,0.03,0,0.5,0,0.5,0,0,0,0,0.897213418566315,1.1614218245061,1.02671719060719,1.03191805246524,0,0,0,0.5,0.5,0,0,0.5,0,0,0,0,0,0,0,0
84,-0.0481132126138402,0.012906086279536,0.0596305353566237,0.0716632025906026,-0.0119644287790916,0.0545482098814279,0.00662568204542877,-0.117850608074784,0.058086633626392,0.833578972090864,0.000153736391207885,-4.34720814997868e-05,0.552400344963646,0.00411471920809174,-0.01762832608077,0.0510242296471385,-0.02573847296152,-0.0162804984743849,-0.000616592463006823,-0.0212574013199055,0.0103693991557291,-0.000904702186684811,0.0488636258489637,0.0749999999774934,0.0204273567838356,-0.00531979102248501,0.00374124550307675,0.26318486626967,-0.0187582745831776,-0.00500638421436939,-0.000635690988012758,0.297013994420776,-0.296026927149394,0.219016614654128,-0.399999988228725,0.0763258944714504,0.22134078926865,-0.00669623373613122,-0.148936519948616,0.169937053308373,0,0,0,0,0.24351533965054,0.03,0.0601699735716274,0.03,0,0,0,0,0.110988669475148,0.03,0.03,0,0.135946171515662,0.03,0.03,0,0.0974965617367683,0.03,0.03,0,0.0678654207665916,0.03,0.03,0.03,0.5,0.5,0.5,0.514843332959171,0,0,0,0,0.8805778570895,1.03017526472528,0.949564558892553,0.961188562922233,0,0,0,0.5,0,0,0,0.5,0,0,0,0.5,0,0,0,0
85,-0.048804068927525,0.0126443937217317,0.0596352031096195,0.0710698081694806,-0.0116421825182415,0.0545621899287351,0.00770372880512916,-0.116892307105674,0.058337194463562,0.831985401497661,0.000144416521272222,-9.61600148256755e-05,0.554797604575615,0.00357750733068327,-0.0176416191105504,0.0510320220013704,-0.0412052817023149,-0.0153474000285861,0.000752325154991144,-0.035433219279535,0.0198758604455166,0.000657852358629833,0.0580248822006239,0.0257546310652167,0.00606496648091065,0.00633959158460107,-0.000109656798158735,0.347003666089388,-0.0320247996210513,-0.000323413457045736,0.000589274225026175,0.325044872856929,-0.28828258102829,0.21723937162089,-0.4,0.0735463402860057,0.219784330198196,-0.0732682909840932,-0.0845675673509824,0.168433273746656,0,0,0.113884659935006,0,0.251268817201746,0.03,0.0650245749011572,0.03,0,0,0,0,0.112079673334945,0.03,0.03,0,0.131293800340121,0.03,0.03,0,0.0980323505389296,0.03,0.03,0,0.0704057926629285,0.03,0.03,0.03,0.5,0.5,0,0.506495450084658,0,0,0,0,0.836434423815372,1.001187880145,0.897330220109747,0.940292083850626,0,0,0,0.5,0,0,0,0.5,0,0,0,0.5,0,0,0,0
86,-0.049729106753132,0.0122937944487568,0.0596443032923765,0.0702694947373083,-0.0112155379282637,0.0545704950917686,0.008738854470196,-0.115853973620589,0.0579863494517693,0.829855036473968,0.000171604398570612,-0.000115179443322811,0.557979163185838,0.00285398045913077,-0.017660572828396,0.0510394993095972,-0.0503324595623851,-0.019346411527329,0.000457953090983497,-0.0437172320107965,0.0226187339810082,0.000418784458868814,0.0466279388487579,0.0733219838486076,-0.0368572463704369,0.00347980708544101,-0.000163753876637726,0.413349116265689,-0.0395035498296347,-0.00141442478871119,0.000373841673832494,0.304299544231501,-0.222949890876502,0.212065695358941,-0.3999999952865,0.135605201171503,0.182718346366083,-0.103321418249336,0.00072629527410378,0.215988794051927,0,0,0,0,0.230137681619893,0.03,0.083078988112928,0.03,0,0,0,0,0,0.03,0.03,0,0.0879831374721846,0.03,0.03,0,0.0602257802141254,0.03,0.03,0,0.0645965758793579,0.03,0.03,0.03,0.5,0.5,0.5,0.5,0,0,0,0,0.809185049685414,1.00542066497079,0.884184429042347,0.930421285613848,0.5,0,0,0.5,0,0,0,0.5,0,0,0,0.5,0,0,0,0
87,-0.0507730979616477,0.0118894321543237,0.0596476286265912,0.0693582989782263,-0.0107564878877195,0.0545738310270977,0.00957779593952719,-0.116616156593745,0.0573420914644949,0.827475123415975,0.000180463188333751,-0.000122228553693419,0.561502504539333,0.00203141165722935,-0.0176955638792127,0.0510423928752859,-0.0536917094830041,-0.0209428485084133,0.000170937716985094,-0.0470221978769142,0.0233324096509371,0.000170056459273132,0.0381166757729048,-0.0750000000147736,-0.0284129788862497,0.00129778054077806,-0.000187226263636187,0.435920980439556,-0.0423977730600499,-0.00196958733699245,0.000145442739813092,0.298887203267469,-0.219428968629979,0.216272476963436,-0.399999987285718,0.104462050671199,0.212083080541082,-0.0970995202581741,0.148071006546145,0.223592915845851,0,0,0,0,0.247709421818376,0.03,0.0777694281010566,0.03,0,0,0,0,0,0.03,0.03,0,0.0897728960028967,0.03,0.03,0,0.0777896281030059,0.03,0.03,0,0.0729419713700983,0.03,0.03,0.03,0.5,0.5,0.5,0.503366052327852,0,0,0,0,0.83416689875735,1.00046525771412,0.896072899580196,0.93855925689128,0.5,0,0,0.5,0,0,0,0.5,0,0,0,0.5,0,0,0,0
88,-0.0519458327652148,0.0113984479271101,0.0596567742290841,0.0683209401533768,-0.0103234435263371,0.0545828447184035,0.00999999584947975,-0.118218794192577,0.056575210479692,0.824913492561155,0.000194764243692532,-0.000133190376687797,0.565259141289188,0.00109272839916918,-0.017789666920465,0.0510507812790543,-0.0628664797702486,-0.0275366242702152,0.000475811953594266,-0.0560009418587469,0.0204290884728708,0.00046842036623889,0.0430183418450908,-0.0750000000075614,-0.0464694707443406,0.00202597776462718,-0.000217955843770389,0.471901708954274,-0.0507869246551226,-0.00689769224180717,0.000433449132071671,0.244440494349579,-0.230215144218315,0.224949506113976,-0.399999995941836,0.066775159019088,0.232668989509191,-0.105582980345685,0.00710277289417748,0.249999998491703,0,0,0,0,0.275415444684553,0.03,0.0453974210093211,0.03,0,0,0,0,0.143949149414541,0.03,0.03,0,0.138000925212821,0.03,0.03,0,0.154101961787117,0,0.03,0.120929138274573,0.0881950596517188,0.03,0.03,0.03,0.5,0.508838953563983,0.5,0.622729830891055,0,0,0,0,0.879321926938862,1.06436032097273,0.94399208448095,0.999690163430642,0,0,0,0.5,0,0,0,0.506992390436899,0,0.5,0,0,0,0,0,0
89,-0.0529644673388552,0.011010863940559,0.0596327963163805,0.0673871621676595,-0.0100000000095348,0.0545612891759127,0.00997553591433584,-0.117244225870912,0.0557746090947901,0.822561677350098,0.000134788983421784,-9.30509323799085e-05,0.568675978010239,0.000285124029664989,-0.0178151217972221,0.0510306358135571,-0.0389288237034953,-0.0136815426596169,-0.0013849390054027,-0.0423179201962246,0.0225648045847821,-0.00120830532545669,-0.00870375099412296,0.0749999999368324,-0.0347614682796551,-0.0116439607520494,-0.000128654787407189,0.327576143510683,-0.0306392822618287,0.000594036699061021,-0.00108451160743435,0.224580368774471,-0.181130623220354,0.221708395054261,-0.399999982462721,0.0639399891017558,0.20579909538233,-0.0528153152741946,-0.0300361659215307,0.21047322397861,0,0,0,0,0.253332579389568,0.03,0.0783888311672654,0.03,0,0,0,0,0,0.03,0.03,0,0.0945047242302589,0.03,0.03,0,0.0828502409353393,0.03,0.03,0,0.061998195320327,0.03,0.03,0.03,0.5,0.5,0.5,0.567641275042211,0,0,0,0,0.923818734890582,1.05702296197717,0.972701909117788,1.00813978774995,0.5,0,0,0.5,0,0,0,0.5,0,0,0,0.5,0,0,0,0
90,-0.0539585141431019,0.0106130018434043,0.0596531635178864,0.0663491863292455,-0.00999999991896522,0.054580019129613,0.00975341631860535,-0.117714339241605,0.0554416884802588,0.820258364204947,0.000192724962409543,-0.000134128834832225,0.571993340353313,-0.000505728098194133,-0.0178565421270404,0.0510475588501596,-0.0593198279107676,-0.0246385804197116,0.00106883205158348,-0.0612435587596701,0.0261721303646316,0.000990363648613369,-0.0130711592599819,-0.0750000000633761,-0.00182430817329308,0.00732626077539651,-0.000203657568573551,0.469609999114351,-0.0475641290077434,-0.00388688223056581,0.000894312499120922,0.187848242177744,-0.162916713003231,0.243130385194483,-0.399999965031795,0.0446389853436804,0.227740222513338,-0.036957332276657,0.0040753497820509,0.240001309510924,0,0,0,0,0.283766039982218,0.03,0.0484745160321629,0.03,0,0,0,0,0.156717377579615,0.03,0.03,0,0,0.03,0.03,0.127280595490984,0.152103115654117,0.03,0.03,0.137832687884763,0,0.03,0.03,0,0.5,0.526671105784838,0.5,0.700996617709103,0,0,0,0,0.975395195259776,1.07108856427428,0.990534397751999,1.05594936178206,0,0,0,0.552492519182739,0.5,0,0,0,0,0,0,0,0.5,0,0,0.5
91,-0.0548760892432355,0.0102439370583595,0.0596279422504404,0.0653904411295227,-0.0100000000017429,0.0545578538913329,0.00999999919844555,-0.11792960861718,0.0559970041722184,0.818198729790228,0.000109960809201412,-7.7176084370716e-05,0.574935555205204,-0.00124451843870023,-0.017910250468809,0.0510274746144828,-0.0341336317628915,-0.0134841206505511,-0.00130643529317613,-0.0358537438180143,0.0156493167036823,-0.0011616406431688,0.056666339329756,0.0417936958652602,0.0499999999523715,-0.0100513754314153,-8.63004989389364e-05,0.268681925663675,-0.0274770640961978,-0.00169051474308826,-0.00105350885486708,0.143657652408586,-0.167636429903872,0.162720743681226,-0.399999977399539,0.0515011420915314,0.234717212768446,-0.0607137881258505,-0.185781900672424,0.197844533948165,0,0,0,0,0.262840331763347,0.03,0.0378211749917167,0.03,0,0,0,0,0.171602045199084,0.03,0.03,0,0,0.03,0.03,0,0.141654322039301,0.0381159254651676,0.03,0.154898668674794,0,0.03,0.03,0,0.5,0.641394746988222,0.5,0.5,0,0,0,0,0.946303019206428,1.0673086210983,0.981093247562322,1.03251839274241,0,0,0,0.606469893305824,0.5,0,0,0.5,0,0,0,0,0.5,0,0,0.5
92,-0.0555534671701703,0.00999999998396911,0.0596277621276571,0.0646761723064557,-0.009999999973215,0.0545576176048425,0.00990456005325949,-0.1169894686298,0.0570373620296527,0.816562407414877,0.000116759722729738,-8.24415855012115e-05,0.577257218308726,-0.00178176507330968,-0.0179134263169601,0.05102694173128,-0.0339700172611347,-0.0126811553559917,1.32976929806162e-05,-0.0359426640056708,0.018347610714206,2.05590478676407e-05,-0.0239703810720548,0.051272426689464,0.0499999999820984,0.000119416136350528,-8.15474820344329e-05,0.285863147120845,-0.0269438848370669,-6.08969462209546e-06,1.39771044331212e-05,0.106554639865197,-0.128022157581119,0.24999999979025,-0.399999992009351,0.0499209678132069,0.236654024377012,-0.034351879413748,-0.157989737450615,0.197377706216442,0,0,0,0,0.258586910975021,0.03,0.0378370407224882,0.03,0,0,0,0,0.15716065870924,0.03,0.03,0,0.174122509763758,0.03,0.03,0.136674224920881,0.142494641027715,0.0428112406450751,0.03,0.162399233932749,0,0.03,0.03,0,0.5,0.566460958647724,0.5,0.735067468451465,0,0,0,0,0.966453085709699,1.06087472739301,0.988134136797165,1.03919367630555,0,0,0,0.542686440550567,0,0,0,0,0,0,0,0,0.5,0,0,0.5
93,-0.0559588255737975,0.0100011990822857,0.0595608257687981,0.0641794837562925,-0.0100000000000414,0.0545388746383357,0.00943611703028177,-0.115497341763118,0.0578063783614567,0.8154736055224,3.99229903410767e-05,-2.83229465485495e-05,0.578794269138278,-0.00214652264251453,-0.0178944463938428,0.0510102475843048,-0.0113375685159351,0.00059954115604193,-0.00472675984032224,-0.0142463991251617,0.00814782411057877,-0.00101152973277759,-0.0229735714518421,0.0749999999999991,0.0290014845031384,-0.0102034717007381,-1.52020249217337e-05,0.0978986113309272,-0.0102480098964731,0.00152743902500515,-0.000898222345263452,0.0962971107053277,-0.159955266716331,0.166971886237142,-0.399999999999973,0.0526006571117647,0.241268813193143,0.0515578106017279,-0.225556399902917,0.2206132183887,0,0,0,0,0.241560203009577,0.03,0.0312435877029216,0.03,0,0,0,0,0.179651551025134,0.03,0.03,0,0,0.03,0.03,0,0.126183489922537,0.0544910275999572,0.03,0.174892921181776,0,0.03,0.03,0,0.5,0.63582641930269,0.5,0.5,0,0,0,0,0.89562236047862,0.98285086964135,0.912726537355174,0.965746692764796,0,0,0,0.600113891155148,0.5,0,0,0.5,0,0,0,0,0.5,0,0,0.5
94,-0.0561852629229654,0.00999999991209146,0.0595625680896867,0.0639068915328263,-0.0100000000083156,0.0545403288549911,0.00925959600259713,-0.114473849631778,0.0587356647978998,0.814856278616296,4.93078459085304e-05,-3.50583276146529e-05,0.579663054096929,-0.0023517176412075,-0.0178917119890266,0.0510114294818029,-0.0125610254302494,-0.00609872020190846,0.000173442323724075,-0.0150799493307286,0.00759358505237226,0.000155412017665194,0.00274913994773653,0.0316811045480721,0.050000000005763,0.00145865816734481,-1.3771461347959e-05,0.121001623370088,-0.0114298614945989,-7.43995458454351e-05,0.000138234375778829,0.101626930529828,-0.0912341934837024,0.241757729104788,-0.399999982983684,0.0536608240427166,0.192688786528875,-0.00781014760844198,-0.0138444561898844,0.150000003942853,0,0,0,0,0.23476839681784,0.03,0.0683433636007966,0.03,0,0,0,0,0,0.03,0.03,0,0.145425562137615,0.03,0.03,0.10570914844997,0.0600159582440158,0.03,0.03,0,0.0770252958411607,0.03,0.03,0,0.5,0.5,0.5,0.640367638023227,0,0,0,0,0.958632750548401,0.960267662815581,0.93881935035247,0.980081063011514,0.542294453317331,0,0,0.5,0,0,0,0,0,0,0,0.5,0,0,0,0.5
95,-0.0564886491760274,0.010000000044166,0.0595679668513916,0.0635441687347625,-0.0100000000121055,0.0545451658671376,0.00973167797517572,-0.115452089556649,0.0592899082755709,0.814009978505421,6.77478296314712e-05,-4.83090824946663e-05,0.580850906552998,-0.00262740644562306,-0.0178940283936802,0.0510157343762918,-0.017320935720875,-0.0083898168511873,0.000271103392761409,-0.0207008408531391,0.0103855711760535,0.000243304444389462,0.0406671839697321,-0.0750000000037323,0.00947667361393859,0.00227835907520854,-2.58290824202927e-05,0.166415577474245,-0.0157350445755917,-0.000116213357903072,0.00021625921700749,0.00890483813601473,0.076996576926526,0.241620037134932,-0.399999997093453,0.0317491623174575,0.249999999994184,-0.0536329212937591,-0.0472790374733373,0.239796774908307,0.03,0,0.03,0,0.312932607066627,0.03,0.0345173343241449,0.0430962124598044,0,0,0,0,0,0.03,0.03,0.169275565298471,0,0.03,0.03,0.0447246269771473,0.0899346315873544,0.0330897234147647,0.03,0.163533441963748,0,0.03,0.03,0.0389824967003384,0,0.5,0,0.5,0,0,0,0,1.02879494545987,1.00204277567122,0.93340380547968,1.09743391565141,0.566517215575068,0,0,0,0.572842101104267,0,0,0,0,0,0,0,0.5,0,0,0
96,-0.0566123388179595,0.00999999996024216,0.0595524540633235,0.0633707006593169,-0.010090973765393,0.0545388224400563,0.0100000014729988,-0.116604771340301,0.0590154227371366,0.813864528090658,-3.82808508522404e-11,-5.05868020681727e-12,0.581054669843782,-0.00278266200969118,-0.0179940640036344,0.051004328035091,-0.00265816062635596,-0.00490140872764383,-0.000239458133255339,-0.00460286623253074,-0.00559348751838009,0.00104665468605269,0.046652811023794,-0.0434256097631391,-0.0327068487794837,-3.93880601727338e-13,1.0093003558332e-12,-3.57349496928107e-12,-0.00432803739985386,-0.00432803763739477,-0.000239458136892929,0.123796987432402,-0.146753865075642,0.250000001572947,-0.399999958001686,0.106246350617621,0.231097518927031,-0.0582067014370631,-0.028213857761058,0.249999998826117,0,0,0,0,0.309070181612596,0.03,0.0599621016627557,0.0322764697718746,0,0,0,0,0.164872622926666,0.03,0.03,0,0.174047942034877,0.03,0.03,0.131364925468738,0.147326093973373,0.0418162961899363,0.03,0.160724722841418,0,0.03,0.03,0,0.5,0.540454930046555,0.5,0.745608587570077,0,0,0,0,1.03708568299604,1.07761325754946,1.01624281364145,1.09845612690405,0,0,0,0.514116244268506,0,0,0,0,0,0,0,0,0.5,0,0,0.5
97,-0.0565875979025363,0.010118608361076,0.0594234619270975,0.0633611221797011,-0.0100989183067392,0.0545344943947734,0.00999999679651652,-0.115756188997437,0.0589530854156702,0.813864528964841,4.92235149510224e-11,-6.73506592359886e-11,0.581054670083468,-0.00279102412097688,-0.0180024257244427,0.0509999999690551,0.00351449518041434,0.0126535013345133,-0.0131090117131317,-7.89914392717338e-11,-3.88406492449847e-11,1.63568943762372e-12,0.0278264782262554,0.0750000000037042,0.0210931478190991,-3.35333876733501e-13,-1.10147358966922e-12,-8.27637843536979e-12,-1.77699192906353e-10,1.35869312592226e-10,-1.8544148156771e-12,0.1163687386586,-0.175491976470286,0.249999997347887,-0.400000054080586,0.0918963493033655,0.227139717415783,-0.0523564519016134,-0.202629920615985,0.21079534475055,0,0,0,0,0.314679973629113,0.03,0.0676985810476715,0.03,0,0,0,0,0.165065923831682,0.03,0.03,0,0.181267854254765,0.03,0.03,0.134624310827649,0.146694986576633,0.0306314201749812,0.03,0.155499468565368,0,0.03,0.03,0,0.5,0.518826234747153,0.5,0.706772605475101,0,0,0,0,1.00274284292586,1.01224104932599,0.973079424697524,1.04190446755434,0,0,0,0.5,0,0,0,0,0,0,0,0,0.5,0,0,0.5
98,-0.0565094712592426,0.0103371321722176,0.05919141073931,0.0633611223487014,-0.0100989180106584,0.0545344944010432,0.0100000012044547,-0.114175895133947,0.0593037507996443,0.813864528367918,2.79621161505151e-11,-6.34863998443024e-11,0.581054670071899,-0.00279102384122632,-0.0180024257909372,0.0509999999735629,0.00345631290593994,0.00957921564358931,-0.010182458856777,3.11763895015398e-11,-2.79935633358285e-12,2.40824055913853e-12,0.0385047987267644,0.0749999999898174,0.0146205871078596,-5.85520597895435e-13,9.91543718067667e-13,-3.73469389049077e-12,1.90011628084137e-10,3.78684350085145e-11,9.44849998457141e-12,0.0992607091867683,-0.0509366540112046,0.250000019740433,-0.399999978661413,0.109704976179545,0.223869388857675,-0.0242709836855471,-0.112039557836569,0.174360188245661,0,0,0,0,0.311115155283285,0.03,0.0797553432308788,0.0348526009109845,0,0,0,0,0,0.03,0.03,0,0,0.03,0.03,0.0420868133076898,0.135484188567857,0.03,0.03,0.111634836460799,0.0609715421200326,0.03,0.03,0,0.5,0.584688149297031,0.5,0.529411729163565,0,0,0,0,0.897298612474625,1.01516728470303,0.936502002392796,0.975963894784849,0.580714099873683,0,0,0.5,0.539776520796827,0,0,0,0,0,0,0,0,0,0,0.5
99,-0.0565486830477906,0.0100284370274711,0.0592229558413964,0.0633422210401748,-0.0101784623713005,0.0545434589980638,0.00990706909233989,-0.114560635620596,0.0596102682925645,0.81321426861475,6.95838145482795e-05,8.66850351662798e-05,0.581964425071401,-0.00278565858522876,-0.0182086960217214,0.0510214054756794,-0.00557186179766634,-0.0308170577280534,0.00178523505769163,-0.00251387110457738,-0.00797612536271182,0.000510439022834427,-0.0204611515606711,-0.0750000000013385,0.0159029460403698,0.000810038803659455,0.0125164400627411,0.226195813356564,-1.51004464396406e-05,-0.0207921060441561,0.00121063311123913,0.105073545058333,-0.11220856069536,0.250000007937216,-0.400000002541319,0.061225601414839,0.250000017238473,-0.0653404243611921,-0.208551111126904,0.237310346675535,0,0,0,0,0.35025355726061,0.03,0.041214304755632,0.0571533058135396,0,0,0,0,0.203544846577489,0.03,0.03,0,0,0.03,0.03,0.126925561251811,0.131461510254916,0.0534128299120523,0.03,0.222032615542822,0.130886802801786,0.03,0.03,0,0.5,0.518763097906826,0.5,0.664494599106328,0,0,0,0,0.920026162022148,0.913829465866362,0.783657431096331,1.05019819679218,0,0,0,0.5,0.5,0,0,0,0,0,0,0,0,0,0,0.532716166083027
100,-0.0565499671455217,0.0100000000306206,0.0591914119000642,0.0632890812253287,-0.0102630226321465,0.0545344926905278,0.00976317011513329,-0.113975686257391,0.0594201265612231,0.812732724148895,1.96923813543346e-11,6.24004728146171e-12,0.582636695656482,-0.00281933151961393,-0.01838699985319,0.0509999999950284,0.000439342607849032,-0.000148943047626692,-0.000518751451811498,-2.79042812714259e-09,2.79871682591038e-09,-0.000518747910923241,0.00365900703526606,0.0749999999937745,-0.0302971302123795,-4.36525666008191e-08,-2.88568429311442e-08,-4.72627224113982e-13,-1.46934469605387e-09,2.22014035812268e-09,-0.000518749072859751,-0.0077654194910084,0.0620819865296916,0.177097828314851,-0.399999997236007,0.0477144528936414,0.250000017121595,-0.04395136009364,-0.293937994099686,0.249999997532709,0.03,0,0.03,0,0.350969632039097,0.03,0.0407335519407567,0.0506715953514279,0,0,0,0,0,0.03,0.03,0.144248637023198,0,0.03,0.03,0.0453445694072681,0.134047996293427,0.03,0.03,0.182299281864787,0.123007755269573,0.03,0.03,0.0833952033023196,0,0.5,0,0.5,0,0,0,0,0.941126959933705,0.860321465436664,0.741237272211889,1.06021115315848,0.559431013532733,0,0,0,0.579013397579232,0,0,0,0,0,0,0,0,0,0,0
101,-0.0565347132744883,0.0100000001006001,0.0592026432460681,0.0632837439956241,-0.0102957086535796,0.0545375715888335,0.00999999904679852,-0.113520598161631,0.0584778810326519,0.812482625058884,2.35530781173449e-05,3.28355260981952e-05,0.582985410846467,-0.00281520961036675,-0.0184682916306323,0.0510076556351454,0.00156704857512411,-0.0123672918022443,0.000585387315343079,-0.000689205848923898,-0.00307910597019139,0.000160687819257554,0.0382661412876889,-0.0199919915103403,-0.0499999999945653,4.93578187601973e-06,0.00421206824179804,0.0808187808947459,0.000214829894307796,-0.00765575949088285,0.000399152537817546,0.0820836202813083,-0.0208236242263008,0.250000000318759,-0.39999999506071,0.0181498363657066,0.250000024420909,-0.0937749069143655,-0.308133108860739,0.250000003718231,0.03,0,0.03,0,0.364760552678364,0.03,0.0309370762472823,0.0584368424916256,0,0,0,0,0.193195571535129,0.03,0.03,0.223328773158881,0,0.03,0.03,0.0718822514939048,0.161671325725827,0.0532698865015565,0.03,0.215838864970447,0.126324792006435,0.03,0.03,0.0643923486392169,0,0.555345403453652,0,0.5,0,0,0,0,0.854554440464494,0.879866831465705,0.70597566511097,1.02844560681923,0,0,0,0,0.702602192502519,0,0,0,0,0,0,0,0,0,0,0
102,-0.0565244316343383,0.00999999998639159,0.0591914120902483,0.0632758160785594,-0.0103074952451195,0.0545344924762383,0.00999999705247328,-0.112193088018116,0.0574477898256467,0.812392468044534,1.67879228986575e-11,-1.45698412796088e-11,0.583111034359253,-0.00281933158507285,-0.0184975897353808,0.0509999999991929,6.45700051436029e-09,-2.18111641107389e-09,-1.64549253183726e-13,2.22966106822693e-12,-1.17015405781012e-12,7.5814733271345e-12,0.0337723729321665,0.0750000000007011,-0.0499999999984895,-5.31868028477898e-14,-6.45610873091918e-14,-3.82781530553718e-12,5.16264484582358e-12,2.90698435485075e-11,1.40557759000095e-12,0.0722410010615662,-0.0272243667516161,0.180095541046051,-0.39999999845934,0.00734095826277173,0.250000005194649,-0.102979312010584,-0.399465212062434,0.250000001033456,0.03,0,0.03,0,0.360972477964625,0.03,0.0381681322898249,0.0555258161024477,0,0,0,0,0.189250990618745,0.03,0.03,0.217337739288667,0,0.03,0.03,0.0535910618142738,0.153725014553644,0.0610894717126674,0.03,0.210155041688304,0.117138117082552,0.03,0.03,0.0464084065951596,0,0.5,0,0.5,0,0,0,0,0.844544413976208,0.83735264665798,0.686030953663718,0.995866106970475,0,0,0,0,0.645923510772779,0,0,0,0,0,0,0,0,0,0,0
103,-0.0565244318440573,0.0100000000109896,0.0591914120888522,0.0632758162846072,-0.0103074952200885,0.0545344924772418,0.0100000021260556,-0.110527023274306,0.0564329746937702,0.812392467735028,9.13853171182287e-12,2.45924750406208e-12,0.583111034334004,-0.00281933155818127,-0.0184975897333934,0.0510000000001398,4.07870392813435e-12,-3.47683192846631e-12,7.73139445033633e-14,5.37061971466234e-12,1.94746802493127e-12,-5.41928901951499e-13,0.0605154797777247,0.0749999999916419,-0.0499999999992092,2.08827376850249e-14,1.434750088661e-13,1.58504752484699e-13,3.34614807443817e-11,1.0490345490173e-11,2.7534350608253e-13,0.0768443559921669,0.0589946923418583,0.150000000051672,-0.399999996322949,-0.019621318190851,0.249999999621175,-0.126004533262512,-0.261737169942673,0.250000000541036,0.03,0,0.0339805297678399,0,0.36509614629801,0.03,0.0501618766189508,0.0580778874672734,0,0,0,0,0,0.03,0.03,0,0,0.03,0.03,0.03,0.151863649297821,0.03,0.03,0.0922342470167925,0.150183092162381,0.03,0.0338261600563104,0.0613377695151208,0,0.5,0,0.5,0,0,0,0,0.816172657497986,0.764615403157216,0.617626449754116,0.963161610901089,0.501525427701738,0,0,0.5,0.521561028543777,0,0,0,0,0,0,0,0,0,0,0
104,-0.0565282826607189,0.0100000015102454,0.0592066753326939,0.0632409133260459,-0.0103735929530741,0.0545405248748251,0.00999999758751564,-0.110095579337009,0.0553739619299864,0.81210657364292,2.67070589321111e-05,3.71834376186793e-05,0.583509143051408,-0.00284337147095451,-0.0186191848583824,0.0510112158290477,-2.75189286865327e-05,-0.0167985091378322,0.000778876792442618,-0.0033279009445087,-0.00603266729996409,0.000303071594927877,0.0365821115694547,-0.0221414632234933,-0.0499999999934886,6.35476722008329e-06,0.00472251319109125,0.0915615240382901,-0.00229801613394562,-0.0112159830671666,0.000570338049087657,0.22668538796536,-0.0118819843280409,0.237505410828573,-0.400000013985397,-0.0349931861542685,0.246519089499812,-0.0697843692256141,-0.125824926478949,0.250000004454921,0.03,0,0.0737626380135581,0,0.334755205228753,0.03,0.0477377582026783,0.0489720029703719,0,0,0,0,0,0.03,0.03,0,0.117784389851842,0.03,0.03,0,0.0997453217691703,0.03,0.03,0,0.168640316379031,0.03,0.0528824784989458,0.051148698793355,0,0.5,0,0.5,0,0,0,0,0.784815782819483,0.810178103626046,0.61838468100859,0.976609205436934,0.5,0,0,0.5,0,0,0,0.5,0,0,0,0.582521993589912,0,0,0,0
105,-0.0566709563390466,0.0100000000188537,0.0592048557679965,0.0630415548950175,-0.0105006321548783,0.0545472823366283,0.00942639656886292,-0.111029231165521,0.0543019436160111,0.811952047767488,1.8900429183568e-05,-1.35852831394874e-05,0.583724141550888,-0.00303634410932512,-0.0187760333725354,0.0510122567320902,-0.01017822429985,-0.0111603024175666,0.000360021320765653,-0.0127901610538481,-0.00535837472030122,0.000321626756689739,-0.0742088691993252,-0.0667616958678299,-0.0500000000037876,0.00273450968832591,-1.57531612690346e-06,0.0465525729739464,-0.0122567690293712,-0.00798361154128958,0.000290210074116641,0.295478087587214,-0.0851337322386705,0.249999995170838,-0.383328265353951,-0.0404708936723169,0.249999999891523,0.0394723916691685,-0.203415221573934,0.249999997408719,0.03,0.25600752012679,0.093619070359159,0,0.368953110031694,0.03,0.0501787509885624,0.0583557769420054,0,0,0,0,0.142480621748244,0.03,0.03,0,0,0.03,0.03,0.053729367182718,0.119529637546464,0.03,0.03,0,0.179441088229922,0.03,0.0498422320714466,0.0515122979404792,0,0,0,0.5,0,0,0,0,0.832090356612853,0.810344668176498,0.637835356962589,1.00459966782676,0,0,0,0.65394003978285,0.5,0,0,0,0,0,0,0.601415982450198,0,0,0,0
106,-0.0570374647492274,0.00999999992953418,0.0588584852703257,0.0625831213613152,-0.010572769908481,0.054572086163439,0.00926698240770199,-0.109812389091825,0.0532528623200275,0.809716939883733,0.000289942668717124,4.35014228015594e-05,0.58682083454123,-0.00340736720922924,-0.0192788248905019,0.0510558396042675,-0.0206778244600097,-0.0750000000006896,-0.0259907943019313,-0.0324154879174131,-0.00286486294628383,0.000511069116195929,0.0462241183598453,0.0749999999993833,-0.049999999998386,0.000855256080004592,-0.00235350974437245,0.548013209208482,-0.025946931642365,-0.0338304084565886,0.000368016710189685,0.113882551631055,0.0682226706710294,0.249999989064966,-0.399999997475108,-0.000725989501905817,0.249999999317932,-0.0736436570631719,-0.255974229161615,0.250000001104171,0.03,0,0.0595684653329867,0,0.354096121880557,0.03,0.0687465561555635,0.0775612566600432,0,0,0,0,0,0.03,0.03,0,0,0.03,0.03,0.03,0.13002931833384,0.03,0.03,0.092728770083864,0,0.03,0.0764632692187673,0.0746630052080587,0,0.5,0,0.5,0,0,0,0,0.803675734828353,0.766509553859758,0.577388436201821,0.992796852486291,0.608086796577145,0,0,0.602068403770283,0.5,0,0,0,0,0,0,0,0.5,0,0,0
107,-0.0572839935286237,0.00999999977672852,0.0587607764451369,0.0620806624384273,-0.0110022969786033,0.0545825165255174,0.0100000003531792,-0.109814540751532,0.0522336308004034,0.808905975546586,9.63518538806867e-11,4.64106298951504e-11,0.587938026213338,-0.00387175674159433,-0.0198379568755083,0.0510203920705472,-0.0133097811513486,-0.0226843302141258,-0.000536090674810059,-0.0213697897474573,-0.0253009433979828,0.00440879757354673,0.0643441984613782,-0.0615592338941963,-0.0500000000145032,-5.3113058361178e-09,0.000312342984481332,4.86833301577385e-11,-0.0203761374989716,-0.0203920667322724,-0.000549806965790291,0.113646879212244,-0.0668252184964771,0.248236683834716,-0.385555478583444,0.00763819387798465,0.245833579832895,-0.142336555152458,0.0018781503056328,0.249999990077339,0.03,0,0.03,0.03,0.332051096901757,0.03,0.0732421830037573,0.0816707906110173,0,0,0,0,0,0.03,0.03,0,0,0.03,0.03,0.03,0.107661812059033,0.03,0.03,0,0.127391604115538,0.03,0.03,0.0721474526132625,0,0.599927480150238,0,0,0,0,0,0,0.798313743292564,0.7119696615689,0.588820618800073,0.92146278606139,0.5,0,0,0.5,0.585070156453567,0,0,0,0,0,0,0.542296247264048,0,0,0,0
108,-0.0577115437224359,0.00999999999842299,0.0587995823867563,0.0615056519016718,-0.0113315170968763,0.0546006776314406,0.0100000016462584,-0.110504572790704,0.0511802432790305,0.808109725735442,0.000188423485307472,-2.95494862665596e-05,0.589032015802836,-0.00440966070275836,-0.0203184287718585,0.0510424414183671,-0.0287234466791755,-0.0419552682350866,0.0022047532551255,-0.0361459699685938,-0.00972256518716032,0.000872449695015998,0.0426258028154634,-0.012363543787259,-0.0500000000106338,0.0200592461721076,0.0102911014081218,0.283376673371406,-0.0327736934149424,-0.0256353950875933,0.00121176732425276,0.123189649883465,0.0354536627615497,0.250000000316681,-0.399999992187623,0.0622105945011895,0.249999999120072,-0.0582347444982035,-0.0396600783282105,0.24999999272459,0.03,0,0.03,0,0.316351748088715,0.03,0.0856483281621924,0.0953238785142526,0,0,0,0,0,0.03,0.03,0.149626257485923,0,0.03,0.03,0.0417039151215613,0,0.03,0.03,0.116772622045083,0.0730895992025286,0.03,0.03,0.03,0,0.5,0,0.5,0,0,0,0,0.775918857643884,0.773544186509197,0.67001931583033,0.910445547891787,0.56769990340823,0,0,0,0.69087291383759,0,0,0,0.5,0,0,0,0,0,0,0
109,-0.0580596633692674,0.0100000000452317,0.0587566826621696,0.0610076586671153,-0.0117004200401119,0.0545804417669966,0.00971667291977723,-0.111671529921499,0.0504799150537048,0.807802917324237,-5.14469141810274e-12,5.78822964009725e-12,0.589452667054584,-0.00489445700088404,-0.0207472636404042,0.0510164649755112,-0.0106956470219612,-0.0183132633738135,-0.000699939200966492,-0.016464972760434,-0.016464972758975,-0.000699939192276305,-0.0456894076105461,-0.0749999999987609,-0.0227571112893645,3.07649528806415e-13,1.87440235373097e-14,6.93155279109321e-13,-0.0164649727671789,-0.0164649727637545,-0.000699939204320551,0.0996791783622938,0.0756569491711798,0.230394125987164,-0.400000000816262,0.013476099888257,0.250000006028506,-0.00970149653038609,-0.0857413826374805,0.24999997670593,0.03,0,0.0318494625949251,0,0.342432524519719,0.03,0.0641151692430276,0.0924013707818475,0,0,0,0,0,0.03,0.03,0,0,0.03,0.03,0.03,0.147882147428445,0.03,0.0304457187587066,0.0988619946048213,0.147292869887972,0.03,0.0392305824455431,0.0606270504995717,0,0.5,0,0.5,0,0,0,0,0.795696945660828,0.697576839011586,0.596551126712632,0.91946274360251,0.5,0,0,0.516994151025215,0.570515422025175,0,0,0,0,0,0,0,0,0,0,0
110,-0.0582763456885935,0.0100000001019334,0.0587559751148893,0.0606879574847772,-0.0120201211502532,0.054579734276475,0.00937157448307821,-0.111406398521632,0.0495758297253167,0.807802917345458,2.80712999705327e-11,1.11606727529027e-12,0.589452667098691,-0.0052141581399747,-0.0210669648044273,0.0510157574681813,-0.0106917550024106,-0.0173803623458806,-2.48818225628557e-05,-0.0157574806370944,-0.0157574806391299,-2.48818030235267e-05,0.00600947598417054,0.0749999999828781,-0.0499999998883533,-1.09403424044355e-12,-2.75316570515025e-13,9.91735074733921e-13,-0.0157574806050084,-0.0157574806278858,-2.48817996751466e-05,0.0744182542167288,0.0907186530802876,0.237671300675653,-0.399999996175262,0.0115090399703129,0.25000001275419,-0.0529048057548407,-0.237363329541202,0.250000076385162,0.03,0,0.03,0,0.344077680685897,0.03,0.0676352856374386,0.0850236554552429,0,0,0,0,0,0.03,0.03,0,0,0.03,0.03,0.03,0.136497840324112,0.03,0.03,0.095339118206736,0.139935132590545,0.03,0.0395574302514336,0.0601884670283329,0,0.5,0,0.5,0,0,0,0,0.79532970421697,0.621245728897539,0.554077911121309,0.908953369961261,0.5,0,0,0.532164109563469,0.577823098411523,0,0,0,0,0,0,0,0,0,0,0
111,-0.0584539060097846,0.009999999989573,0.058760411435041,0.0604069580034351,-0.012321050574846,0.0545784039986101,0.0100000001512639,-0.110317022906951,0.0485034260528979,0.807618049480255,1.70324285580085e-05,2.33317317276284e-05,0.589705934125434,-0.00548776788706663,-0.0214032483617856,0.0510176840984406,-0.00734394759240584,-0.0222097605627667,0.00021931878620102,-0.0127241929276059,-0.0144273153783617,-6.85295184972921e-05,0.0750000000031879,0.0376705126896281,-0.0499999999698379,2.55292947428116e-06,0.00288684888937,0.0577745074984967,-0.0120340444148904,-0.0176841643288011,9.41750032265318e-05,0.107236631833668,0.0759627593496374,0.240830773307092,-0.399999998340781,0.0432843380226183,0.240386226435637,-0.0880227728854151,-0.0330935494751926,0.250000020635903,0.03,0,0.0346813490896164,0,0.305392242492902,0.03,0.0956556262143614,0.0843915573674021,0,0,0,0,0,0.03,0.03,0,0,0.03,0.03,0.03,0,0.03,0.03,0.055280081475143,0,0.03,0.03,0.03,0,0.5,0,0.5,0,0,0,0,0.753749060167094,0.689370415631368,0.677416258041803,0.817041531880436,0.5,0,0,0.614916371188737,0.523050721535679,0,0,0,0.5,0,0,0,0.5,0,0,0
112,-0.0586605238388917,0.0100000001761662,0.0587563059128629,0.0600970949748067,-0.0126306335981601,0.0545800648543929,0.00947453184191477,-0.111277685855917,0.0480952263847252,0.807586393885313,6.67797112224675e-11,-2.70269603508589e-12,0.589749282528051,-0.00579612299108457,-0.0217188826551346,0.0510160881425405,-0.0109882477035096,-0.0177178623770158,5.84173675324569e-05,-0.0160881582511203,-0.0160881582446395,5.84173696368961e-05,-0.0750000000340526,-0.0750000000135262,0.00380003079372834,5.63894589730884e-13,3.35495714573443e-14,-1.34136510986322e-12,-0.0160881583099506,-0.0160881582841743,5.84173614681268e-05,0.0495129503565091,0.105099802261499,0.228767522372047,-0.400000004379656,0.0452178328811238,0.241863423933461,0.0849480207896424,0.0967764560341473,0.233453541155934,0.03,0,0.03,0,0.305751804736705,0.03,0.0950012467736539,0.0864449784186564,0,0,0,0,0,0.03,0.03,0,0,0.03,0.03,0.03,0,0.03,0.03,0.063141616558046,0,0.03,0.03,0.03,0,0.5,0,0.5,0,0,0,0,0.826949196307183,0.652120331202045,0.714634466818465,0.821128393375679,0.5,0,0,0.606059648683378,0.5,0,0,0,0.5,0,0,0,0.5,0,0,0
113,-0.0588257636562545,0.00999999953890836,0.0587496525707565,0.0598474502402294,-0.0128802779330132,0.0545734115092508,0.00876824107092893,-0.112919278338737,0.048695724226475,0.807586394017753,2.59308824861533e-11,-8.70126519903121e-12,0.589749282521982,-0.0060457675102674,-0.0219685271562679,0.0510094347956423,-0.00618119376227664,-0.0104745183007997,-0.000338840074514001,-0.00943480814222502,-0.00943480814625511,-0.000338840073856049,-0.00284464342785517,-0.0750000000014049,0.049999999986718,-1.15998716714948e-14,1.34709087705225e-13,-1.23962902143462e-12,-0.00943480812096439,-0.00943480812741366,-0.000338840075620258,0.142680483104018,0.0843203400920524,0.226708012487109,-0.399999998357313,-0.0112761883212303,0.247927813505813,-7.18453352795242e-05,-0.0417874839189976,0.221807469336848,0.03,0.118975473244746,0.047407740180095,0.03,0.343815406015816,0.03,0.0747127690446353,0.0777364158363207,0,0,0,0,0,0.03,0.03,0,0,0.03,0.03,0.03,0.101706403448354,0.03,0.03,0,0.127485739536981,0.03,0.03,0.0451641041825859,0,0,0,0,0,0,0,0,0.847879311255717,0.609874466791473,0.630246819415543,0.877738400007936,0.5,0,0,0.5,0.545823507207292,0,0,0,0,0,0,0.573034125096188,0,0,0,0
114,-0.0593647012694145,0.0100000002111306,0.0589799412100214,0.0593073680684532,-0.0130416503658156,0.0546065582464779,0.00938492825965252,-0.112571041659448,0.0491875242753718,0.806813491852073,0.000110225015981118,-6.30359124847569e-05,0.590806256524656,-0.00655402696375983,-0.0222765763950806,0.0510410937454919,-0.0415996875147212,-0.0750000000058139,0.0212164784456553,-0.0425210942026168,-0.00637517134052392,0.00172647299175284,0.0583897641857398,0.074999999979773,0.00380000349644908,0.0127408870912924,0.00108990225567569,0.243347707030266,-0.0395467345457839,-0.020039400496958,0.00163203659146076,0.121771513363177,0.143301478140285,0.216712981302126,-0.399999990823656,0.0095465424857494,0.250000000332806,-0.0980974191425296,-0.216933963965148,0.250000014717152,0.03,0,0.0319576382155471,0.03,0.349568976102803,0.03,0.0805977647046886,0.0916506935751434,0,0,0,0,0,0.03,0.03,0,0,0.03,0.03,0.03,0.133833086834752,0.03,0.0351682760869044,0.0843421188803296,0.135540787284326,0.03,0.045626948714759,0.0530585845138586,0,0.5,0,0,0,0,0,0,0.80399287046101,0.597214382106694,0.575176701063519,0.890251978725354,0.5,0,0,0.502208613714636,0.526697639351897,0,0,0,0,0,0,0,0,0,0,0
115,-0.0599493056147578,0.00999999997029146,0.0590916328310217,0.0584953786037927,-0.0131739190918413,0.0546044471516209,0.00999999996980495,-0.111624442731313,0.0487553243348885,0.804121043966103,0.000257528417751128,2.89280754653534e-05,0.59446572643566,-0.00725393560057848,-0.0229196925933613,0.0510554451317079,-0.0275511072142621,-0.060459199123328,-0.000880725600771919,-0.0365628513397356,-0.00862508410911705,-0.000419491092484212,0.0623125288944526,0.0246908135962958,-0.0423999966643726,-0.0101417548591472,-0.0027983150197493,0.469316129625167,-0.0306146332900799,-0.0350410646768287,-0.000448638225785887,0.0743129667877468,0.0890776015871388,0.250000000247525,-0.399999997420449,0.0392014666621285,0.249999999258771,-0.0991536963994179,-0.0923391379624572,0.249999997722307,0.03,0,0.03,0,0.312580069250138,0.03,0.0926133708234135,0.10747280070307,0,0,0,0,0,0.03,0.03,0,0,0.03,0.03,0.03,0.0827755596049195,0.0602691019039817,0.03,0.147429953513388,0,0.03,0.03,0.03,0,0.5,0,0.5,0,0,0,0,0.745115332919432,0.63822783216618,0.649237994361954,0.812599566950562,0.571287208777338,0,0,0.5,0.556130929715748,0,0,0,0,0,0,0,0.5,0,0,0
116,-0.0600000002773984,0.0100424462719851,0.0590228433472887,0.0580742095389844,-0.013492816739525,0.0545782471342039,0.00999999975696149,-0.111409108126077,0.048122837604646,0.803117961407435,-3.02198221782641e-06,-4.07352519919447e-06,0.595820056939185,-0.00763080198114789,-0.0234292748512889,0.0510136623192442,-0.0750000000163214,0.0127934780504908,-0.00244604088970321,-0.00545334019632806,-0.0142317798689384,-0.00068273442142169,0.0127498020809022,-0.000625695870288995,-0.0228078870681076,1.07018435149066e-06,-0.0178125656889047,-0.0101439294580408,-0.00552006223649108,-0.0136623621081814,-0.00168264830180606,0.0996788262954818,0.0885757695499305,0.243374431321714,-0.399999979386067,0.0301160079564324,0.249999931812454,-0.0743611173105521,-0.00973396561652763,0.249999992388456,0.03,0,0.03,0,0.306690939742989,0.03,0.0786738006541095,0.0897322196396906,0,0,0,0,0,0.03,0.03,0,0,0.03,0.03,0.03,0.100083659189019,0.03,0.03,0.106368328433736,0,0.03,0.03,0.03,0,0.5,0,0.5,0,0,0,0,0.771085404939752,0.709244425020101,0.593621493890269,0.796307164255597,0.5,0,0,0.58412266515137,0.5,0,0,0,0,0,0,0,0.5,0,0,0
117,-0.0600000000002207,0.0103725871989191,0.0590096010047439,0.0580452308756732,-0.0135654294775485,0.0545640153688717,0.0100000012116306,-0.111212684068136,0.0475479335520884,0.803161316113405,-1.36412020979814e-13,2.77207862643184e-12,0.595761613660395,-0.00766168417413459,-0.0234937184175768,0.0510000000030959,-0.0455370854010892,0.0138058087328731,-1.24727514637752e-13,5.78889815781038e-12,3.60743566652913e-12,-8.97821358293264e-14,0.0313151093943235,0.0183686589851861,-0.033603006785623,-2.4214393169504e-13,3.06837098553245e-14,2.11447865789894e-13,3.06013097663863e-11,9.06370161522726e-12,3.90071975682527e-12,0.0498509048023836,0.025767969018932,0.16376009710016,-0.399999996042966,0.0484921308078382,0.245086035414812,-0.0297858441517145,0.0286828481762721,0.250000007587998,0.03,0,0.03,0,0.271224547419105,0.03,0.0937705367763802,0.0917041318154152,0,0,0,0,0,0.03,0.03,0.198828001393994,0,0.03,0.03,0.03,0,0.0589278483966415,0.03,0.148900195737963,0,0.03,0.03,0.03,0,0.5,0,0.5,0,0,0,0,0.770084642300749,0.669920665518811,0.713055968938551,0.815070705588488,0.5,0,0,0,0.527434183828058,0,0,0,0.5,0,0,0,0.5,0,0,0
118,-0.0600000003663694,0.0105483045499519,0.059009600994334,0.0580452313471788,-0.0135654302290921,0.0545640153685448,0.00887595202242636,-0.112721699091129,0.0474676735884131,0.803161315490696,-2.35561517017106e-11,-1.8375916340132e-10,0.595761614253771,-0.0076616841749615,-0.0234937181215934,0.0510000000093997,-0.0189004063580785,0.00573017337645543,4.51939197586726e-12,4.69101719983157e-11,-1.46192695007466e-11,-4.5425715535368e-12,-0.075000000150403,-0.0750000000416287,0.0201970093245118,-2.81190308541327e-12,1.7772184749159e-12,-4.01671287626574e-12,4.40436044862418e-10,2.34691121309331e-10,-5.86368309826392e-12,-0.00618319922390401,0.0390609904878541,0.250000003124791,-0.399999967787127,0.0189815694072596,0.249999996826356,0.0738597724899381,-0.00396826532502672,0.234922955633912,0.03,0,0.03,0,0.297939525011379,0.03,0.0795882450048024,0.088186064139376,0,0,0,0,0,0.03,0.03,0.200401954244445,0,0.03,0.03,0.03,0.0841254974535682,0.0794891934882423,0.03,0.188223998459586,0,0.03,0.03,0.03,0,0.5,0,0.5,0,0,0,0,0.823375481917977,0.619328487741199,0.699646284095525,0.840801409788744,0.55486446940738,0,0,0,0.518973379438482,0,0,0,0,0,0,0,0.5,0,0,0
119,-0.0600000000405596,0.0106212361698316,0.0590096010030348,0.0580452309317826,-0.0135654295825331,0.054564015370313,0.00881110917966265,-0.114222647265801,0.0477143141827708,0.803161316060104,-3.91060920835481e-12,4.21058342862627e-12,0.595761613707217,-0.00766168419014965,-0.0234937184006976,0.0509999999999071,-0.00784471284484699,0.0023783385356286,-5.07899802802098e-14,3.77231912186909e-12,-2.33834009809072e-13,7.66352161685428e-12,0.0554686831081331,-0.0749999999937021,0.00589704607939731,1.68992486282123e-13,-1.00095496278522e-13,1.3331574236307e-12,2.48624647202703e-11,-4.88907297066423e-12,2.63315290000341e-12,0.0842032262811134,-0.100603631606089,0.150000000048904,-0.399999997292255,-0.0079747421195802,0.250000005185708,-0.0583730660002514,0.0182272400554764,0.21785461189724,0.03,0,0.03,0.03,0.319850353469705,0.03,0.0602867910116276,0.0906611268215322,0,0,0,0,0,0.03,0.03,0,0,0.03,0.03,0.03,0.137855225111106,0.03,0.03,0.107769369248647,0.125144589418555,0.03,0.03,0,0,0.57302172499479,0,0,0,0,0,0,0.896711861773763,0.64235029621536,0.72125156727658,0.94378860062091,0.5,0,0,0.5,0.5,0,0,0,0,0,0,0,0,0,0,0.5
120,-0.0600000000002903,0.0105654519824597,0.0590518063146693,0.0578554410727845,-0.0136168668378516,0.0545807088495694,0.0100000000001195,-0.114675055750797,0.04732405494932,0.802573153936665,0.000106692756133466,1.1953706449588e-05,0.596553734960661,-0.00782659466600149,-0.0236553428138614,0.0510228825071655,-0.0749999999999989,-0.000560405573203509,0.00107412559392088,-0.0145361383400527,-0.00359604204103936,0.000232087171085279,0.0750000000000017,0.0202355920654786,-0.0403029679878479,-0.00388476958366322,0.00910793468673989,0.193763492456437,-0.0120672468067006,-0.0144827996922815,0.000793280945497994,0.103980360962558,0.0795341552424023,0.23232164935799,-0.400000000000002,0.00503200664828399,0.24999999999999,-0.138965495292587,-0.150474662353405,0.237503295760142,0.03,0,0.03,0,0.33547784663043,0.03,0.062126005580466,0.0927938821359316,0,0,0,0,0,0.03,0.03,0,0,0.03,0.03,0.03,0.131877052347859,0.03,0.03,0.124231479782954,0.121337309335392,0.03,0.03,0,0,0.5,0,0.5,0,0,0,0,0.85378493261757,0.610948093556512,0.676387995273406,0.891547399945002,0.5,0,0,0.52095927601186,0.5,0,0,0,0,0,0,0,0,0,0,0.5
121,-0.0599999997760081,0.0109044417726629,0.059017805158245,0.0578221550729663,-0.0136589549599525,0.0545640175639113,0.0100000013968302,-0.113700618394075,0.0462911114080718,0.802437141282533,2.42694716372324e-11,-1.36259328208953e-11,0.596736654708577,-0.00785346060669727,-0.0237235696038022,0.0509999999984781,-0.048871606566915,0.0146872288605471,-2.1676745109144e-11,8.65334645614445e-12,2.67576404503108e-12,-4.09875665968907e-12,0.0350530771624173,0.0720288197717514,-0.0499999999977745,-5.58289118455239e-14,-3.72069019330463e-14,-1.63139705037475e-12,4.15695814019119e-11,-1.78785025121823e-12,-5.12795263152389e-12,0.052200947555315,-0.0895798423726707,0.232864542440008,-0.39999999407234,0.00337056842524147,0.249999997190296,-0.115655195948273,-0.159354045027304,0.250000001522673,0.03,0,0.03,0.03,0.321870447021261,0.03,0.0589829538356341,0.091212356165597,0,0,0,0,0,0.03,0.03,0,0,0.03,0.03,0.03,0.131446223849987,0.03,0.03,0.119233057509887,0.115492418041732,0.03,0.03,0,0,0.5095180476754,0,0,0,0,0,0,0.847953505491651,0.548232694059961,0.635345335557382,0.859755599424756,0.5,0,0,0.5,0.5,0,0,0,0,0,0,0,0,0,0,0.5
122,-0.0600000000516591,0.0110684329214739,0.0590320760076892,0.0577040475459589,-0.0137214800850611,0.0545738366466145,0.0100000006957831,-0.112405727629515,0.0452391205369076,0.802262149100798,3.45253417198412e-05,-5.06551095974849e-06,0.596971896752781,-0.007964089380265,-0.0238187683306479,0.0510108782628622,-0.0706694750741859,0.00796100992462619,0.000561241005048076,-0.00973928258322016,-0.0049288743137376,0.000362351299006102,0.0282924968852846,0.058784672737375,-0.0500000000033831,0.00271575312360298,0.00146250520900237,0.0515217689278977,-0.00907642996960966,-0.00780913980381582,0.000409175210111002,0.108779480808348,0.0756756192425172,0.243486054875381,-0.40000000044603,0.0397808031404174,0.241778660842085,-0.0486831123788272,-0.0504827783620291,0.249999997685408,0,0,0.03,0,0.294487421470634,0.03,0.0964727968677513,0.0883548328600199,0,0,0,0,0,0.03,0.03,0,0,0.03,0.03,0.03,0,0.03,0.03,0.0789217573859747,0,0.03,0.03,0.03,0.5,0.5,0,0.5,0,0,0,0,0.782756146282892,0.620232299837041,0.672179381403855,0.811791946498951,0.5,0,0,0.625589983573043,0.5,0,0,0,0.5,0,0,0,0.5,0,0,0
123,-0.0599999999823616,0.0111339077930081,0.0590437148293706,0.0575884239702943,-0.0138942153992078,0.0545716634234094,0.00979841185523597,-0.113294874756483,0.0448080278118203,0.801646839114014,5.48658108821753e-05,7.36289111155435e-05,0.597797934723116,-0.00805343577899858,-0.0241072425495563,0.0510179420795427,-0.0750000000066206,-0.00304001632196519,0.000726429660516239,-0.00229468875696562,-0.00764672438566361,-9.27442872156542e-05,-0.031829461727594,-0.0750000000035844,0.00171884341585088,2.64818180576657e-05,0.00817535559598096,0.183646107168415,7.36601641150938e-05,-0.0179427374698173,0.000365246461473174,0.072587241432183,-0.0706608584519575,0.232287421556223,-0.400000000651905,0.0193390797479445,0.250000003538061,-0.0295316913451749,0.015108217241582,0.202082599213708,0.03,0,0.03,0.03,0.307026666626708,0.03,0.0656638707612988,0.10778790865094,0,0,0,0,0,0.03,0.03,0,0,0.03,0.03,0.03,0.13161464129832,0.03,0.03,0.119933236633531,0.114639521743437,0.03,0.03,0,0,0.510432069524654,0,0,0,0,0,0,0.822052222516494,0.509394762278331,0.612019482571174,0.82860074630253,0.5,0,0,0.5,0.5,0,0,0,0,0,0,0,0,0,0,0.5
124,-0.0600000000202376,0.0113216562677565,0.0590231376760616,0.0574923337496027,-0.0140119623112577,0.0545690460398068,0.00978848953698693,-0.113463750624383,0.0443342046667078,0.801230074314421,5.19390561781416e-11,-3.10953455444064e-11,0.598356388712853,-0.00813061672410701,-0.0243031028964657,0.0510050294635179,-0.0750000000341489,0.0166710059319756,-0.000120562244246609,-0.00502947555677861,-0.00502947556303032,-0.000120562196696216,0.0251400932501806,0.0460112853695673,-0.044481157835477,-6.0574987554447e-13,2.3426411630536e-14,-3.63076797782735e-12,-0.00502947548349649,-0.00502947554253342,-0.000120562202935126,0.0842213858397631,-0.120148549770127,0.232334662703012,-0.399999986671437,0.0130934457945417,0.249999998787936,-0.0898984331456356,-0.119216107704936,0.243704202006419,0.03,0,0.03,0.03,0.313145467664649,0.03,0.0663244030593421,0.100292240066909,0,0,0,0,0,0.03,0.03,0,0,0.03,0.03,0.03,0.128213703598186,0.03,0.03,0.119345373381923,0.112952563835873,0.03,0.03,0,0,0.5,0,0,0,0,0,0,0.823797418967139,0.512998273966822,0.61352615667631,0.837186156081743,0.5,0,0,0.5,0.5,0,0,0,0,0,0,0,0,0,0,0.5
125,-0.0599999996907834,0.0116144009205556,0.0590250221360369,0.0573692284459025,-0.0141350670846506,0.0545709306075986,0.0100000000024869,-0.112667308438996,0.0432893121305141,0.801230074673132,-2.12902490489987e-11,-6.31296352909245e-12,0.598356388995721,-0.00825372184641164,-0.0244262079115032,0.0510069140567393,-0.0750000000011262,0.0142226070328183,-2.71420434251211e-06,-0.00691404329672494,-0.00691404331085204,-2.7142045184494e-06,0.0256483847908305,0.034758244393039,-0.0500000001128389,7.40120143370668e-13,7.52534943156878e-13,-1.07164677662199e-12,-0.00691404319563794,-0.00691404325977374,-2.71422236790859e-06,0.0795962896455278,0.0853923749136331,0.219576277898243,-0.399999988963662,0.0428429618985303,0.244213604077332,-0.045766398880014,-0.0149537506854364,0.249999922799189,0,0,0.03,0,0.286502005116481,0.03,0.0961392975857005,0.0921610927915689,0,0,0,0,0,0.03,0.03,0,0,0.03,0.03,0.03,0,0.03,0.03,0.0901580678958464,0,0.03,0.03,0.03,0.5,0.5,0,0.5,0,0,0,0,0.790278032054202,0.596365052045924,0.659583459775442,0.808750805524544,0.5,0,0,0.654462424033185,0.5,0,0,0,0.5,0,0,0,0.5,0,0,0
126,-0.0599999999198283,0.0114300867221549,0.0590686303458276,0.0573138708070897,-0.0143452969034853,0.0545809965484569,0.00994018713469778,-0.113640420498875,0.0427669734457263,0.800006879213798,0.000101469236546116,0.000135480851598143,0.599990899544809,-0.00825630105086154,-0.024865122296546,0.0510359342232877,-0.0749999999988382,-0.0279717975705316,0.00208488640119553,-0.000507972889859473,-0.0169844688105321,0.00106806285350719,-0.0133220800676225,-0.0750000000128355,-0.00657624471928216,9.7758967054851e-05,0.0100801899749233,0.338532550496831,0.00395878894908482,-0.0359366737801054,0.00163106224567378,0.0490791143331906,-0.0363699005826029,0.2309214709552,-0.399999999859537,0.0342728001681857,0.250000000760745,-0.0486306102095529,0.0253557231297029,0.212427851539466,0.03,0,0.03,0.03,0.294978855053446,0.03,0.0695707132600973,0.112842164071063,0,0,0,0,0,0.03,0.03,0,0,0.03,0.03,0.03,0.123806988877115,0.03,0.03,0.126646728743331,0.109933394238058,0.03,0.03,0,0,0.5,0,0,0,0,0,0,0.814460838020917,0.5,0.606563625473887,0.81893581705109,0.5,0,0,0.5,0.5,0,0,0,0,0,0,0,0,0,0,0.5
127,-0.0599999999644152,0.0111348040158874,0.059045953830802,0.0572734032835605,-0.0145971358676005,0.0545722352586313,0.00999999914320651,-0.11367537984146,0.0421272485522881,0.798412074586426,5.77258084493696e-05,7.66086231415715e-05,0.602111440591463,-0.00822491602878504,-0.0254137818917588,0.0510189479606261,-0.0750000000015188,-0.00349892035339757,-0.00121204942081878,-0.00242486858083793,-0.00822658800895121,-0.000636105146917099,0.01848899596945,0.058185517254391,-0.0499999999466754,4.29570984891043e-05,-0.00604382664180153,0.191845245866968,0.000197358513679439,-0.018949115840463,-0.000974476657935417,0.0834286252635735,-0.0633661506871281,0.235415130077389,-0.400000002729237,0.0188428708675785,0.250000001441358,-0.0890599006924619,-0.116402942245882,0.250000036482975,0,0,0.03,0.03,0.311671665780518,0.03,0.0631828381026532,0.0976277973710669,0,0,0,0,0,0.03,0.03,0,0,0.03,0.03,0.03,0.131825282106635,0.03,0.03,0.132937481834098,0.117365295007427,0.03,0.03,0,0.5,0.521800116257268,0,0,0,0,0,0,0.801467589343711,0.637070279723026,0.528045071397411,0.823102096998219,0.5,0,0,0.5,0.5,0,0,0,0,0,0,0,0,0,0,0.5
128,-0.0600000000342171,0.0111283194957687,0.0590390185822411,0.0572266519006639,-0.0147313942994423,0.054569792562737,0.0100000001879968,-0.112076089585642,0.0411020230406497,0.797416048734109,4.31925944333671e-05,5.71124090766711e-05,0.603429913572022,-0.00822641243698176,-0.0257326484826136,0.0510137806687538,-0.0750000000033141,0.00176597179191413,-0.000331704143669791,-0.00209928699878517,-0.00578497610370599,-9.95049071801052e-05,0.0510301148800693,0.0749999999990314,-0.0500000000003601,2.23287018850051e-05,-0.00248610155905421,0.14321214379695,-0.000126809191505694,-0.0137812556110844,-0.000238620266934749,0.0428179852537494,0.0381315609532217,0.236356248427797,-0.400000002678526,0.0270690301641126,0.249999980448994,-0.170539758451623,-0.1386277198766,0.249999999753678,0,0,0.03,0.03,0.294420761848079,0.03,0.0701874943822828,0.111341411088233,0,0,0,0,0,0.03,0.03,0,0,0.03,0.03,0.03,0.128387973608793,0.03,0.03,0.138288552043892,0.118518728156463,0.03,0.03,0,0.5,0.501452380637425,0,0,0,0,0,0,0.731006904071219,0.532663680658557,0.5,0.694685715083716,0.5,0,0,0.5,0.5,0,0,0,0,0,0,0,0,0,0,0.5
129,-0.0600000001624844,0.0111312774529304,0.0590404605952006,0.0571773703471198,-0.0148567302672201,0.0545709814391405,0.00975596963235321,-0.110592333336486,0.0405794266521525,0.796555376485267,4.33897496728383e-05,5.72027573556565e-05,0.604565585949467,-0.00823641380920672,-0.0260170363041975,0.0510149852172746,-0.074999999972579,-0.000924328437157359,0.000124580955633688,-0.00310817034545164,-0.0069748951266945,4.876587075924e-05,-0.043261279036881,0.0735232868043787,-0.00659967214966129,2.01915665031859e-05,0.000664405568853496,0.1435940969172,-0.00112283409185842,-0.0149857434644613,8.55516446399467e-05,0.0576843974677373,0.0393910457465,0.235916135080506,-0.400000013807094,0.0650230368344624,0.250000001146752,-0.02845550522689,-0.00448702945779451,0.250000003844527,0,0,0.03,0.03,0.257991795923188,0.03,0.0953267413305354,0.115529871745797,0,0,0,0,0.102016810980293,0.03,0.03,0,0,0.03,0.03,0.03,0,0.03,0.03,0.105599871312176,0.0846415798874788,0.03,0.03,0,0.5,0.52626183436361,0,0,0,0,0,0,0.704223179349481,0.540014022233771,0.5,0.581137455632706,0,0,0,0.5,0.5,0,0,0,0.5,0,0,0,0,0,0,0.5
130,-0.0600000003190252,0.0113837640863886,0.0590234300859356,0.0570709677431622,-0.0149712331274705,0.0545679555902243,0.00840582106070203,-0.110366728629451,0.0410392336734977,0.79637478419936,8.53120922493038e-12,1.04702134124649e-11,0.604803441542116,-0.00833402283486707,-0.0261648539864125,0.0510039488383835,-0.0749999999813434,0.0168096841541995,-5.96229958067423e-05,-0.0039488325206754,-0.00394883266408552,-5.96230959856061e-05,-0.075000000027786,-0.0396458928871258,0.0472003713911526,1.68854302479333e-12,3.17494837070653e-13,-2.57957958511843e-12,-0.00394883246709623,-0.00394883296279369,-5.96230755276481e-05,0.139246435494679,-0.129055705583645,0.237863898079783,-0.400000040786483,0.053833068885174,0.249999999790847,0.037728148540966,0.0575177953844862,0.217447085942618,0,0,0.03,0.03,0.261676931799091,0.03,0.0994484059681614,0.115688604734041,0,0,0,0,0.106458446656095,0.03,0.03,0,0,0.03,0.03,0.03,0,0.03,0.03,0.100633041924422,0.0846403714995518,0.03,0.03,0,0.5,0.527002320397117,0,0,0,0,0,0,0.670834933342421,0.5,0.5,0.568767018407976,0,0,0,0.5,0.5,0,0,0,0.5,0,0,0,0,0,0,0.5
131,-0.0599999995083911,0.0117005925932863,0.059027410825868,0.0569372771197238,-0.0150094122010257,0.0545681029173192,0.00783568479639452,-0.110745135799448,0.042004668803473,0.796064354321996,2.09533494039463e-05,-1.84339645541162e-06,0.605211984057686,-0.00845352738660158,-0.0262601359284209,0.0510048505623981,-0.0750000000156899,0.0201118111749149,-0.00089262307204527,-0.00431969994552617,-0.00108729189181421,-0.000339918304790906,0.00953306481625126,-0.00196309493302022,0.0491483430365427,-0.00210714396682052,-0.00522774933689306,0.0323064799618168,-0.0038512226666531,-0.00289610600261936,-0.000602061732128622,0.114410267203719,-0.0517279247792058,0.226150275516175,-0.399999969769163,0.0491821851017708,0.250000039874882,-0.0393644463485821,0.0269136881768857,0.216797885102186,0,0,0.03,0.03,0.26273626916351,0.03,0.097603613232567,0.115240774830187,0,0,0,0,0.113526973108054,0.03,0.03,0,0,0.03,0.03,0.03,0,0.03,0.03,0.10469176527479,0.0878576281986428,0.03,0.03,0,0.5,0.503311042970781,0,0,0,0,0,0,0.71207129605613,0.540807770355124,0.5,0.632948032368993,0,0,0,0.5,0.5,0,0,0,0.5,0,0,0,0,0,0,0.5
132,-0.0599999996767866,0.0120388893881793,0.0590276022230634,0.0568356871381257,-0.0150945171407599,0.054571244748988,0.00826644523713055,-0.110818599283181,0.0424794357128762,0.79603871719489,1.33396073183334e-10,1.16803825134566e-11,0.605245702932116,-0.00855385827334326,-0.0263500899553167,0.0510072375542238,-0.0749999999885616,0.014316511579189,-6.0127041054213e-06,-0.00723755183522775,-0.00716311416257101,2.36510368922008e-05,0.0313602901968399,-0.00507233517354739,0.00294834778589841,-0.00136419589379848,-1.59993399199458e-08,1.42692301103479e-09,-0.00723755156240228,-0.00716797621487693,4.26521844444858e-05,0.0642523593492988,-0.052335905107735,0.208286589761765,-0.400000023004041,0.0847158109867662,0.25000000158209,-0.0491671447534522,0.109677620958831,0.250000003880319,0.03,0,0.03,0,0.25679155735604,0.03,0.102837793609817,0.120741057347595,0,0,0,0,0.0750376158540761,0.03,0.03,0,0,0.03,0.03,0.03,0,0.03,0.03,0.0848316561528848,0.0793665014308781,0.03,0.03,0,0,0.56544608009035,0,0.5,0,0,0,0,0.741855800189658,0.5,0.5,0.599330107173899,0,0,0,0.5,0.5,0,0,0,0.5,0,0,0,0,0,0,0.5
133,-0.059999999665117,0.01235218018085,0.0590134751383638,0.0567418155571714,-0.0151866211102563,0.0545686253033993,0.00822488979637708,-0.111914456846122,0.0429828639254054,0.796035205955801,1.1568770172186e-06,-8.7954236286244e-07,0.605250321222301,-0.00864756828917483,-0.026442830016544,0.0510045776112246,-0.0749999999927843,0.012890288584319,-0.00241187975797814,-0.00461810293880799,-0.00415581855537154,0.000109266805935503,-0.0294361383395513,-0.0750000000180556,0.0433539159325439,0.00037146207239577,-3.13248037164413e-09,0.00290619495392287,-0.00457762124056626,-0.00431652486405706,0.000104092338922674,0.0723125013510497,-0.0524079816800747,0.24078126041357,-0.400000021118136,0.0793545858597762,0.250000016689747,0.0838067541722642,0.214410830860566,0.221192584537983,0.03,0,0.03,0,0.261066867278863,0.03,0.0961453991815062,0.116673934565363,0,0,0,0,0.0794028880020622,0.03,0.03,0,0.0972367302267643,0.03,0.03,0.03,0,0.03,0.03,0.0734061209333358,0.0707836870729733,0.03,0.03,0,0,0.54282025587176,0,0.5,0,0,0,0,0.825949272495479,0.5,0.5,0.669354165172308,0,0,0,0.5,0,0,0,0,0.5,0,0,0,0,0,0,0.5
134,-0.0599999998618881,0.0127153216778522,0.0590071990915046,0.0566370071657256,-0.0151548848670537,0.0545679332782388,0.00853440642832991,-0.112418299588928,0.0433417422416002,0.795783060892171,1.41569192595869e-05,-1.07716662660279e-05,0.605581803915095,-0.0087407581127422,-0.026457413603989,0.0510034289706008,-0.0749999999984803,0.0192110167612905,0.000183295018758218,-0.00392588269947946,0.00190815447457638,0.000151735124482753,0.052222068945336,0.015559719552413,-0.00284608375279934,0.00137430345405036,-1.08720140169758e-06,0.0355778258357456,-0.00342900472524739,-7.00916928708625e-05,0.0001324828259387,0.0844402025933147,0.0471839614171761,0.234274720324725,-0.400000017182096,0.0416510089772609,0.250000002667414,-0.01722082987866,-0.024272249252772,0.250000007089559,0.03,0,0,0,0.286394789326042,0.03,0.0758106822435679,0.122169681293509,0,0,0,0,0.123345977701522,0.03,0.03,0,0.1074531655136,0.03,0.03,0.03,0.10996179663912,0.03,0.03,0.113445308633229,0.108220195522489,0.03,0.03,0,0,0.5,0.5,0.5,0,0,0,0,0.780394456444838,0.5,0.5,0.685082386074841,0,0,0,0.5,0,0,0,0,0,0,0,0,0,0,0,0.5
135,-0.0600000000341737,0.0132225216935472,0.0590098695699356,0.0565211731925094,-0.0150399571149828,0.0545714102561971,0.0100000035785666,-0.110809382629116,0.0427766205659133,0.795767273191355,1.04261380126555e-10,3.86933878538951e-11,0.605602548573622,-0.00885586359649245,-0.0263455187851685,0.0510074027472496,-0.0749999999465011,0.0284253424945166,-7.69067228864868e-05,-0.00740273729102189,0.00740273734124891,-7.69066680831596e-05,0.0750000001687054,0.0749999999257563,-0.0490460838195148,-8.88001381745988e-13,-6.42506702857521e-13,3.12705012687339e-12,-0.00740273728159619,0.00740273730519857,-7.69066807839263e-05,0.104282277644167,-0.0295576167059393,0.238806215001688,-0.399999986559419,0.0692582203335262,0.250000004400269,-0.0653881532808351,0.0328745649508028,0.250000014303623,0.03,0,0,0,0.259666652846943,0.03,0.0976336130177917,0.121126615602463,0,0,0,0,0.10023503025696,0.03,0.03,0,0,0.03,0.03,0.03,0.135888617162477,0.03,0.03,0.0843926996020188,0.0748084655490852,0.03,0.03,0,0,0.5,0.5,0.5,0,0,0,0,0.710356194107777,0.563992573693355,0.5,0.620111295490647,0,0,0,0.504105342278924,0.5,0,0,0,0,0,0,0,0,0,0,0.5
136,-0.0600000001285152,0.0136009897321835,0.0590087363355897,0.0564458108313036,-0.0149965190761466,0.0545691814416593,0.0100000016972668,-0.109192512106393,0.0423519586636281,0.795604492398858,1.86466004075497e-05,-1.41958473512436e-05,0.605816385774124,-0.00892371075755839,-0.026331870546254,0.051004518050196,-0.073804145272139,0.0166301709544674,0.000142257710029676,-0.00517396724636111,0.0025544440810235,0.000116971104330039,0.0508391194794562,0.0749999999984338,0.00152298585452804,0.00105821264168189,-1.94041629373659e-06,0.0468707398081635,-0.00451812564849747,-5.39710974705857e-05,0.000102057765474552,0.132059570487073,0.0660077892565515,0.244873940635314,-0.400000004041826,0.072328237703119,0.250000011205987,-0.125002752509525,0.0127601433905734,0.250000081678291,0.03,0,0,0,0.249487907843794,0.03,0.1124912092614,0.124457063421494,0,0,0,0,0.0922877336049481,0.03,0.03,0,0,0.03,0.03,0.03,0.100162933049377,0.03,0.03,0.0671958368726028,0,0.03,0.03,0.0432093522598017,0,0.5,0.5,0.564906214168348,0,0,0,0,0.596158623546909,0.564126481007294,0.5,0.5,0,0,0,0.561164362954511,0.5,0,0,0,0,0,0,0,0.5,0,0,0
137,-0.0600000000779022,0.0138492405649005,0.0590188824203506,0.05634526763659,-0.014995831465816,0.0545680306874972,0.0100000001851008,-0.107876271768103,0.0429606909627623,0.795017468293624,3.15014660615614e-05,2.78468253007227e-05,0.606586540313757,-0.00899735801126388,-0.0264391996801652,0.0510083869491517,-0.0750000000012876,0.0113962737992727,-3.3333770141683e-05,-0.0021126571344903,-0.00275302936478174,1.02972095067736e-05,0.0321183173641194,0.058294581473262,0.0499999999992197,0.00103188998588321,-0.000773624437119772,0.0869632888979284,-0.000885471265746272,-0.00759334504333374,-4.7319185375129e-05,0.106384475884653,-0.108824067050074,0.150000000432105,-0.399999996498396,0.0880476450033375,0.249070285877504,-0.110788557534773,0.0451981775850289,0.216824739967667,0,0,0,0,0.236935308941935,0.03,0.119659149744319,0.125419462294758,0,0,0,0,0,0.03,0.03,0,0,0.03,0.03,0.0390727098313215,0.0563918687779605,0.0719571201274345,0.03,0.128643320574352,0.0378061913467695,0.03,0.03,0,0.5,0.518897291652028,0.523825512720811,0.5,0,0,0,0,0.5,0.529721678226101,0.5,0.711874914463463,0.5,0,0,0.5,0.5,0,0,0,0,0,0,0,0,0,0,0.5
138,-0.0599999999272778,0.0142060144576753,0.0590123764195437,0.0562629803190228,-0.0149716903408074,0.0545688368994356,0.00932305515776019,-0.107632206878638,0.0438903443101078,0.794729134050455,1.73478304035147e-05,-1.32467239327909e-05,0.606964253561756,-0.00906594501806984,-0.0264678885662433,0.0510042112865395,-0.0749999999987627,0.0186572109810407,0.000199519267628958,-0.00482804750079335,0.0023502039836436,0.000163501411436662,-0.0749999999994373,-0.0255078517870309,0.0436048488913501,0.00147719663992918,-1.59157007760579e-06,0.0436541615755142,-0.00421140340852488,-7.5339916974288e-05,0.000142548788031365,0.0993431586164697,-0.0856644767077668,0.14999999966082,-0.400000003774461,0.0829828328136894,0.242859939488782,-0.00639562765695738,0.127291453591779,0.223453030049018,0,0,0,0,0.2389123505181,0.03,0.120595758309197,0.12564815877035,0,0,0,0,0,0.03,0.03,0,0,0.03,0.03,0.0365367894427609,0.0570125197422953,0.0702581480733338,0.03,0.126119938055113,0.0393761499048677,0.03,0.03,0,0.5,0.516966685373698,0.526307102911805,0.5,0,0,0,0,0.50157844152509,0.5,0.5,0.712381292527269,0.5,0,0,0.5,0.5,0,0,0,0,0,0,0,0,0,0,0.5
139,-0.0599999997363284,0.0145751870262136,0.0590123715656218,0.0561749651357777,-0.0149287738410219,0.0545686816142201,0.00803843138075086,-0.108219687600972,0.0443055609557679,0.794482735937554,1.75379840080519e-05,-1.2430290047105e-05,0.60728673934596,-0.00914248302390045,-0.0264701659955218,0.0510041499637291,-0.0749999999949085,0.0182757140313718,1.66060813960116e-05,-0.00465391349762006,0.00224163164113154,-1.79718871978785e-05,-0.0554202687469701,-0.0325372743332389,0.00207027286890447,3.51119967428142e-05,0.000337992829312026,0.0425441481091858,-0.00405255777371833,-0.000126665027154165,3.4669339245308e-07,0.0291545618852719,0.0258387451485961,0.150000002045748,-0.400000007771458,0.0934159141083474,0.250000011008189,-0.00754387781235276,0.148871678460815,0.250000017619102,0,0,0,0,0.233986817334159,0.03,0.116695821801163,0.126927379083587,0,0,0,0,0,0.03,0.03,0.179112984859643,0,0.03,0.03,0.0614677039702906,0.0693927235676211,0.0770942848368928,0.03,0.138465836384531,0.0730207084383189,0.03,0.03,0.03,0.5,0.5,0.5,0.5,0,0,0,0,0.657199197475161,0.520239224888793,0.5,0.5,0.5,0,0,0,0.5,0,0,0,0,0,0,0,0,0,0,0
140,-0.0599999997996537,0.0148822004550136,0.0590059305551829,0.0561674101022627,-0.0149326665479158,0.0545640093400761,0.00791233626695931,-0.10886016166386,0.044807764050302,0.794478837133354,1.78635859598823e-10,1.67462470295303e-11,0.607291838683623,-0.00914985081272708,-0.026474926553385,0.0509999999972741,-0.041326374734162,0.0112375123353344,-3.03209037115683e-11,-3.42022262050403e-11,-2.99847426082819e-12,-8.2201197957184e-11,0.0338807176964946,-0.0316035252815303,0.0439609673268101,3.46349169270883e-13,-1.49244482721702e-13,-4.49521726089336e-12,-2.24119937645929e-10,-1.81296294791942e-11,-1.51488283978554e-11,0.012398591172187,-0.0140097030928387,0.227600052089341,-0.400000023400166,0.0810940828610116,0.249999943754373,-0.0890875109873941,0.121739045215815,0.221465824006474,0.03,0,0,0,0.240043862401383,0.03,0.115976024854567,0.123805868796695,0,0,0,0,0.0829130281801289,0.03,0.03,0,0,0.03,0.03,0.03,0.0922390164187053,0.03,0.03,0.0879864760183997,0.110740778244157,0.03,0.03,0.0537386379863283,0,0.5,0.5,0.5,0,0,0,0,0.671720235454881,0.5,0.5,0.5,0,0,0,0.574765713938103,0.5,0,0,0,0,0,0,0,0,0,0,0
141,-0.059999999467411,0.0149441394283388,0.0590971665584212,0.0560596872873591,-0.0149192389446614,0.0545746423293876,0.00933906032306722,-0.108475423340153,0.0454701720323889,0.793958544681262,9.17657083041685e-05,1.21994811448251e-05,0.607971915497423,-0.00923371475798928,-0.0265563478142142,0.0510160539698555,-0.0749999999531305,0.00390416966634199,0.001509746791078,-0.00856577842928023,0.000125588439289643,0.000329881665844329,0.0750000000712701,0.0608336615568294,0.0242508434964891,-0.00262674473407895,0.0106608440690367,0.166316193842478,-0.00623636986244816,-0.00913862796562905,0.000960478947247892,-0.00694217004629644,-0.0644956802707859,0.25000001262673,-0.399999989177188,0.117317617618339,0.250000006639013,-0.115484797810426,0.0655770736215455,0.232685006510544,0.03,0,0,0,0.218574029951593,0.0376971775204455,0.121381446478115,0.134889749946353,0,0,0,0,0.14961239381213,0.03,0.03,0.198296248199265,0,0.03,0.03,0.0751264359451377,0.0565307845516661,0.0883669427427495,0.03,0.155316369927516,0.0684877820348879,0.03,0.03,0.0321465898111949,0,0.5,0.5,0.5,0,0,0,0,0.663337275712168,0.540474128748485,0.5,0.5,0,0,0,0,0.5,0,0,0,0,0,0,0,0,0,0,0
142,-0.0600000000723318,0.0152529847426532,0.0590706853624595,0.0560413042595625,-0.0149326986637328,0.0545640110800232,0.010000000955833,-0.107312410785297,0.0457479489582123,0.793783065076669,1.75872454309445e-11,8.32756109603153e-12,0.608200991301866,-0.00924340188501932,-0.0266023823720451,0.0510000000096542,-0.0525267823968601,0.014154057259235,-4.13768816475499e-13,2.58755533022304e-12,1.00128144737276e-11,-7.92760933247911e-12,0.0316231712675388,0.0559554058707003,0.00541084886171631,-1.56982625201157e-13,2.84942151736053e-13,-3.33197205877683e-14,-5.2366687030954e-12,2.34492501308393e-11,-6.94957561474575e-12,0.0545915275567265,-0.152910982413855,0.149999999702797,-0.399999998306875,0.0988390819802652,0.249999994562989,-0.0266848521750673,0.0497647540220634,0.212566408888295,0.03,0,0,0,0.225632594380601,0.03,0.119057323409553,0.128681458280983,0,0,0,0,0.166112343745372,0.03,0.03,0.200152469461375,0.139846903811308,0.03,0.03,0,0.0676834566717729,0,0.03,0.166407334821742,0.0414178788314643,0.03,0.03,0,0,0.5,0.507121963978445,0.518657118310922,0,0,0,0,0.5,0.5,0.699693290136105,0.695943519784854,0,0,0,0,0,0,0,0.5,0,0.5,0,0,0,0,0,0.5
143,-0.0599999998789986,0.0157248467474292,0.0590780268570786,0.0558704905263782,-0.0147772393076072,0.0545739258298818,0.00997975291584593,-0.105804385035622,0.0454791150460351,0.793698483348503,-9.12269950858337e-13,2.58537132802497e-11,0.608311366034598,-0.00941024457941416,-0.0264623938916305,0.0510099147158726,-0.074999999997739,0.032870291247624,-0.000251037368254958,-0.00991470270519496,0.00991470437410524,-0.000251038618184964,-0.00699282306029145,0.0749999999889362,-0.0288665050103995,-1.2585444758336e-08,1.7218501174804e-08,2.34990558292341e-12,-0.00991470285204554,0.00991470432056195,-0.000251037494703975,0.10555956760206,-0.206183423102929,0.249999935011757,-0.400000001469514,0.0784760526750993,0.250000000142791,-0.0913268782696889,-0.112053353880729,0.249999999467423,0.03,0,0,0,0.240468518298818,0.03,0.113643941360386,0.135566983766501,0.03,0,0,0,0,0.03,0.03,0,0,0.03,0.03,0.0661187202422329,0.0809821582647197,0.0808992393169295,0.03,0.170114204764767,0.0916141585796167,0.03,0.03,0.03,0,0.5,0.5,0.623241555132664,0,0,0,0,0,0.5,0.5,0.522989395826166,0.5,0,0,0.5,0.5,0,0,0,0,0,0,0,0,0,0,0
144,-0.0600000000192442,0.0159001963741553,0.0590944263237254,0.0558533311805076,-0.014836763206371,0.0545718204084794,0.00894392315665535,-0.105814762061906,0.0454935849573232,0.79321914212163,5.79907564643075e-05,7.55958491388233e-05,0.608936302118764,-0.00940552901321268,-0.0266095213178534,0.0510184055069108,-0.0714368369842063,-0.00891415109738459,0.00191350773524266,-0.00197972745420434,-0.0078101858498124,0.00056709618289745,-0.074999999982651,-0.0623069979233632,0.0249334963247487,2.43383751550614e-05,0.0138128538516103,0.190553526875974,0.000704563813571408,-0.0184060701009349,0.00133480817275076,-0.0501847810026586,0.0384903402525088,0.221783917696037,-0.3999999988585,0.0969989205798856,0.250000018386009,0.114929910722201,0.0800933075182475,0.227999796816747,0,0,0.03,0,0.245753266657743,0.03,0.115011950219957,0.127406942108736,0.03,0,0,0,0,0.03,0.03,0.210064345498323,0,0.03,0.03,0.0758856876362395,0.0851338286648888,0.072556373036534,0.03,0.164891165349601,0.0830475653496361,0.03,0.03,0.0307124759400765,0.5,0.616002988989817,0,0.5,0,0,0,0,0,0.5,0.5,0.5,0.5,0,0,0,0.5,0,0,0,0,0,0,0,0,0,0,0
145,-0.0599999997155734,0.0159893965899499,0.0590710156382568,0.0558139367563202,-0.0149224000002625,0.054564803166547,0.00742371756796348,-0.105481843165738,0.0462153257001423,0.792583779524233,5.80845759143848e-06,7.55073530932722e-06,0.609763030256502,-0.00941427354628079,-0.0268110701943414,0.0510018519721968,-0.0681637759662584,0.0150881944060229,-0.00134719344337129,-0.000822720085163848,-0.000793392377034231,-0.000399084703616498,-0.0750000000031333,0.0749999999912203,0.0452126610577885,1.874693698192e-06,-0.00984025838997068,0.0190525928081492,-0.000512281725780011,-0.0018520243300178,-0.000945867626878486,-0.0428488073893987,0.0265933485627331,0.250000015539297,-0.399999995611588,0.0855093037270229,0.249999959083501,0.132619657329056,-0.0647066321808926,0.204462678875926,0,0,0.03,0,0.249790324808694,0.03,0.112600597175527,0.122648146023868,0,0,0,0,0,0.03,0.03,0.215197158294106,0,0.03,0.03,0.0727415792020789,0.0900552714376487,0.0726435894376468,0.03,0.167781011568,0.0887114382771234,0.03,0.03,0.03,0.5,0.627000705400583,0,0.5,0,0,0,0,0.5,0.5,0.5,0.5,0.5,0,0,0,0.5,0,0,0,0,0,0,0,0,0,0,0
146,-0.0599999998703069,0.0162452051701952,0.0590683688315309,0.0558124606049927,-0.0149228370523887,0.0545640098336437,0.00767940262570001,-0.103907248352696,0.0471233947883088,0.792583778997746,9.34708924172855e-11,-2.89897314602754e-12,0.609763030344056,-0.00941568203059949,-0.0268115069332511,0.0510000000073964,-0.0349611571807362,0.00927321746815167,3.04351368599389e-11,-1.29102744592108e-11,-5.19411719678654e-12,9.11633350101863e-12,0.0749999999691558,0.0750000000031851,0.0455595579286421,-5.14514847440598e-13,3.18838264982908e-13,-2.44381619707925e-12,-1.13987395838535e-11,1.10857795687734e-10,9.07320174603368e-12,-0.0389849829478276,0.0224826555628071,0.250000020833814,-0.400000008831525,0.0798009860627746,0.250000006242762,-0.0421326397248796,-0.0498750309732878,0.203934481422798,0,0,0.03,0,0.248106121149842,0.03,0.115048549721252,0.126500747388608,0,0,0.03,0.03,0.194339766203295,0.03,0.03,0.20133698935238,0,0.03,0.03,0.0668612724628292,0.089430423896167,0.0672179941663489,0.03,0.158805364173938,0.0922326843220661,0.03,0.03,0.03,0.5,0.617665249657929,0,0.5,0,0,0,0,0.565379975859934,0.5,0,0,0,0,0,0,0.5,0,0,0,0,0,0,0,0,0,0,0
147,-0.0600000000398345,0.016384095612836,0.0590658339379571,0.0557931804873661,-0.0149137961752125,0.0545652309841463,0.00907591637609097,-0.102398862535894,0.0476918899796891,0.79253087453927,4.35493360023603e-06,-3.35076922824827e-06,0.609831790591583,-0.00943245385884405,-0.0268120674693599,0.0510010622114884,-0.0274242860499013,0.00641964809901843,4.6616987474605e-08,-0.00122115286254059,0.000610578618877897,-1.21591192270159e-08,0.065592207052708,0.074999999970276,0.0144053795762202,-1.97185187644337e-07,-1.20029368207648e-07,0.0109893601127879,-0.00106224864389648,1.00688768593532e-08,-1.59637030387336e-08,0.0295064434298824,-0.0403781250729926,0.23445137878397,-0.400000007815645,0.101815734512632,0.249999995722963,-0.0314511684090757,-0.0102005452609615,0.204825061978688,0,0,0.03,0,0.22976093184111,0.03,0.117966857148661,0.130603751019489,0,0,0.03,0.03,0.181555872431641,0.03,0.03,0.194088922598348,0.182743354356994,0.03,0.03,0.033566908432026,0.0593070493819665,0,0.03,0.140858285398882,0.0591331728531507,0.03,0.03,0,0.5,0.655842608585168,0,0.5,0,0,0,0,0.5,0.5,0,0,0,0,0,0,0,0,0,0,0,0.5,0,0,0,0,0,0.5
148,-0.0599999998886926,0.0168932553609535,0.0589520660328406,0.0555562195068507,-0.0147374380789524,0.0545741568158439,0.00917395821729429,-0.100813982464087,0.0482360234799377,0.792195158586777,9.57017007091071e-12,-7.702983631822e-12,0.610267835420463,-0.00965347200234407,-0.0266968904655766,0.0510101462981117,-0.0749999999987061,0.0386065718808567,-0.00377738971290267,-0.0101462897637976,0.0101462961425965,-0.000253166723251108,-0.0447535366874594,0.0749999999899328,0.0376804620512283,-9.18749483128508e-08,-4.14979561473227e-12,-9.63711650840462e-13,-0.0101462916182263,0.0101462963080393,-0.000253165398737257,0.0941524630823685,-0.164388543079279,0.150000000187424,-0.399999999744582,0.103783922014676,0.250000009709471,0.0438055227480538,0.0166069550776672,0.160726338425116,0,0,0,0,0.226028951935539,0.03,0.121687932870276,0.133962053750851,0,0,0.03,0.03,0.160348833664694,0.03,0.03,0.162086670246144,0.151025646492315,0.03,0.03,0,0.0651371428019762,0,0.03,0.135260982768312,0.0516179250242153,0.03,0.03,0.03,0.5,0.506934942235824,0.583597899927537,0.5,0,0,0,0,0.5,0.5,0,0,0,0,0,0,0,0,0,0.5,0,0.5,0,0,0,0,0,0
149,-0.0599999999210123,0.0173203071634229,0.0589485114293011,0.055506303393682,-0.0147057715264939,0.0545693167889228,0.00857275427897162,-0.0992626950568871,0.048946515876245,0.792109393145027,1.88981082945741e-05,-1.45596601492054e-05,0.610379153492038,-0.00969930848096911,-0.0266806629881544,0.0510046135366921,-0.074999999976526,0.0159610692302621,0.000520021537315726,-0.005306362007658,0.00244473197743086,0.00041817434447111,-0.0180383951846757,0.0749999999909559,0.0337607486284356,0.00375908156793219,-1.41312467163288e-06,0.0477125578782944,-0.00461354301932765,-0.00019172043039874,0.00036351667040435,0.0001946446609889,-0.0546645652008381,0.239121838091287,-0.400000013627702,0.0890803641414813,0.250000000463713,0.108490159490351,-0.0392196887035988,0.175212220918677,0,0,0,0,0.238417592659172,0.03,0.118874053423124,0.128766060818739,0.03,0.03,0,0,0.184761434780803,0.03,0.03,0.177896688067291,0.176945420380273,0.03,0.03,0,0.0843499493690787,0,0.03,0.14790757832457,0.0650554282127013,0.03,0.03,0.03,0.5,0.659673679106292,0.5,0.5,0,0,0,0,0,0,0.5,0.5,0,0,0,0,0,0,0,0.5,0,0.5,0,0,0,0,0,0
150,-0.0599999999757637,0.0176840327373803,0.0589470795276274,0.0554172485674672,-0.0146607482264213,0.0545681553667591,0.00976126486334424,-0.0974519280434615,0.049371436253328,0.791865024422144,1.47478610410854e-05,-1.13720892586392e-05,0.610696147256435,-0.00977672223502382,-0.0266801292208318,0.0510036022845463,-0.075000000003618,0.0176615769497206,0.000317466311586017,-0.00414455299957872,0.00194326536968043,0.000254566983163759,0.0750000000418943,0.0749999999890867,0.0110066943328256,0.00228706165541568,-1.00373529205422e-06,0.0372464268006443,-0.00360231265543197,-0.000116643738067482,0.000221218527724579,0.00561767773287101,-0.150604666684429,0.207394706177002,-0.400000002368118,0.115116490468495,0.250000000750059,-0.0343451612934059,-0.0350571200469519,0.209858821830206,0,0,0,0,0.219033832530576,0.0349352816275137,0.122880457274246,0.131089444955576,0.03,0.03,0,0,0.165536277904752,0.03,0.03,0,0.169510522731463,0.03,0.03,0,0.0701894467272373,0,0.03,0.146000989481757,0.0576745805149544,0.03,0.03,0.03,0.5,0.642887582818681,0.5,0.5,0,0,0,0,0,0,0.5,0.5,0,0,0,0.5,0,0,0,0.5,0,0.5,0,0,0,0,0,0
151,-0.0600000000826414,0.0180716327430443,0.0589459152299171,0.0553184329259967,-0.0146113082443973,0.0545678417864683,0.0100000014220854,-0.0956614764304412,0.0493617198481002,0.791593868649009,1.36180112096832e-05,-1.05106826496691e-05,0.611047582271036,-0.00986259400564631,-0.0266799842393464,0.0510033282270932,-0.0750000000970378,0.0193798042030361,0.000351273178844489,-0.0038305449807834,0.00177205840679022,0.000281029253893188,0.0750000001633269,0.0749999999757968,-0.00988878573234881,0.00252356304677747,-8.31779678290997e-07,0.0344048470060581,-0.00332826822917602,-0.000128704920115322,0.000244144212519915,0.112864042207184,-0.202912351937256,0.211291422179198,-0.400000017740781,0.107384294865478,0.249999996012902,-0.0916025743371637,-0.0722325573052423,0.205398094406702,0,0,0,0,0.223467297394259,0.03,0.121203954477392,0.130632262273937,0.03,0.03,0.03,0.03,0.186262940726067,0.03,0.03,0,0.189311640675581,0.03,0.03,0,0.0777255850185658,0,0.03,0.150886941660576,0.0628741393900911,0.03,0.03,0.03,0.5,0.669134478576828,0.5,0.5,0,0,0,0,0,0,0,0,0,0,0,0.5,0,0,0,0.5,0,0.512253759833458,0,0,0,0,0,0
152,-0.0599999998872892,0.0184973051613822,0.0589456668227251,0.0552082733689099,-0.0145560831397814,0.0545678061216883,0.00999999900101344,-0.0939524252694261,0.0493378580047543,0.791291333788038,1.23720342003018e-05,-1.07360979640481e-05,0.611439307081179,-0.00995827081409231,-0.0266797052226739,0.0510032118860719,-0.0750000000395652,0.0216097523940843,0.000291189376714591,-0.00365267017838777,0.00181897663750977,0.000318836558242698,0.0547906307390024,0.0750000000216738,0.00592143997036974,0.00218633235974072,-0.000932370689226952,0.0331943448348741,-0.00316323654170785,-1.52308132852067e-05,0.000235082855072349,0.0585538108941343,-0.163102975757442,0.21614465737563,-0.40000000995532,0.142302793177913,0.249999973839781,-0.0193055564649662,0.0230791912887149,0.227635677132834,0,0,0,0,0.196319080418444,0.0648358749441241,0.121330652905538,0.139824389412017,0.03,0.03,0.03,0.03,0.178358536877798,0.03,0.03,0,0.183576340428277,0.03,0.03,0.03,0.0741657788809926,0.105262789668355,0.03,0.171170003379356,0.057430734413377,0.03,0.03,0.03,0.5,0.642508443103788,0.5,0.5,0,0,0,0,0,0,0,0,0,0,0,0.5,0,0,0,0,0,0,0,0,0,0,0,0
153,-0.0599999998567493,0.0188890556627369,0.0589479951042728,0.0551648817031204,-0.0144732421589908,0.0545695062044381,0.00926981438907804,-0.0938567755019242,0.0491466779012715,0.791008651589649,1.94946071148474e-05,-1.5075404960627e-05,0.611804964933132,-0.00998811153564917,-0.026648093074152,0.0510047701037166,-0.0750000000957175,0.0156715763844664,0.000504203672491674,-0.00549408709313418,0.00253775187719165,0.000401538595996096,-0.0749999999186531,-0.00439801678979128,-0.0216745340253822,0.00360109935819234,-1.5669237276107e-06,0.0492869543801149,-0.0047702714952384,-0.000183663116021597,0.000348572233360092,0.11179033289711,-0.175074842455449,0.209812374723985,-0.400000012127463,0.116114166643084,0.250000002030487,0.1239261260872,0.0632757441068418,0.241503654111026,0,0,0.03,0,0.211492837126179,0.0441347321497596,0.123503458278305,0.132124376717049,0.03,0.03,0.03,0.03,0.169685424592772,0.03,0.03,0,0.190783592995395,0.03,0.03,0,0.0611181110175637,0,0.03,0.127059837689063,0.0615237455778322,0.03,0.03,0.03,0.5,0.607750802099224,0,0.5,0,0,0,0,0,0,0,0,0,0,0,0.5,0,0,0,0.5,0,0.5,0,0,0,0,0,0
154,-0.0599999994663246,0.019448918516031,0.0589496777880705,0.0549894505056923,-0.0143108395965172,0.0545759503601554,0.00853541283029071,-0.0933430925750539,0.0489995314401282,0.790816589292099,-8.05115131484995e-06,-1.04037975837841e-05,0.612053203505416,-0.0101542188354514,-0.0265206874262522,0.0510104783639801,-0.0750000000768398,0.0365564198844464,-0.000522143734156845,-0.00757592108792958,0.0119377733538204,2.55718618087678e-05,-0.0056535044572341,0.0110361366905945,-0.000169678212406874,-1.112294020725e-07,-0.00569776038250998,0.0263105174855855,-0.0071684334450945,0.0104784791269014,-0.000290448127515212,0.0639258972864346,-0.170291249974412,0.149999995870616,-0.40000002321692,0.10597117807869,0.250000000907497,-0.0144384944228232,0.0490832722708189,0.232762044488661,0,0,0,0.03,0.210220338437547,0.0463874479844775,0.124328150925674,0.132280753151391,0.03,0.03,0.03,0.03,0.162095895912038,0.03,0.03,0,0.182738098925828,0.03,0.03,0,0.0610884047775547,0,0.03,0.137246269384422,0.0614576895198332,0.03,0.03,0.03,0.5,0.5,0.530502599648166,0,0,0,0,0,0,0,0,0,0,0,0,0.5,0,0,0,0.5,0,0.5,0,0,0,0,0,0
155,-0.0600000002098635,0.0200824542551606,0.0589468151477945,0.054936027316429,-0.0140409069546481,0.0545820358621807,0.00859145734253607,-0.0931250309621226,0.0490024730631179,0.79035248061407,-3.62452281155441e-05,-4.67804677799652e-05,0.612652402767058,-0.0101849543104718,-0.0263348105158999,0.051011460841121,-0.0750000000730669,0.0300809859338337,0.000254957009195582,-0.00200528227027507,0.0180233183050556,0.00071424531819925,0.00652994963427017,0.0139778192868633,0.000554756623056355,-1.13977365901862e-05,-0.00468975924243824,0.118357911998275,-0.000239202500658477,0.0114612927744072,0.000454409418120535,0.0406597008431538,-0.158571959602448,0.199021708556337,-0.400000023936549,0.101341839908822,0.250000002539677,-0.0523052141690714,0.0295119665007646,0.238925602529364,0.03,0,0,0,0.204226353383787,0.050434117425067,0.122806545854226,0.131854551153554,0.03,0.03,0.03,0.03,0.151549306738843,0.03,0.03,0.173911314362037,0.163981215525993,0.03,0.03,0,0.0689934344279374,0,0.03,0.157417313575481,0.0611615401265595,0.03,0.03,0.03,0,0.5,0.527437525770338,0.602375399349679,0,0,0,0,0,0,0,0,0,0,0,0,0,0,0,0.5,0,0.52299571780913,0,0,0,0,0,0
156,-0.059999999779852,0.0205889598485063,0.0589441586048326,0.0548725001842769,-0.0139239370258363,0.0545680981858878,0.00841150400364082,-0.0930020638218229,0.0488791396095656,0.790247782870326,4.90591002365061e-11,-1.60170176350012e-10,0.612787435984574,-0.0102438468736282,-0.0262367845619666,0.0510040850809604,-0.0750000002765505,0.0232024299665448,0.000196676902559784,-0.00408515045949073,0.00408515030515735,0.000196676931004836,-0.0216659706801508,0.00729980314112687,-0.0133632129133007,-3.61955102623544e-12,-2.10649719059309e-12,-8.68187499730762e-12,-0.00408515073361018,0.00408515096102489,0.00019667693176702,0.112565275539644,-0.149006317496181,0.20569994174342,-0.400000087539296,0.140700383427347,0.250000012103783,0.0647995191931272,0.0570833807044438,0.216947825499492,0,0,0,0,0.19878869072882,0.062552221678248,0.125972771844175,0.135369258867797,0.03,0.03,0.03,0.03,0.13945666497023,0.03,0.03,0.141114065839352,0.155697866919251,0.03,0.03,0,0.063121762436742,0,0.03,0.118431994891047,0.050619099681455,0.03,0.03,0.03,0.5,0.551968158738608,0.5,0.5,0,0,0,0,0,0,0,0,0,0,0,0,0,0,0,0.5,0,0.524452113676989,0,0,0,0,0,0
157,-0.0600000000946316,0.0211983709373051,0.0589491017321651,0.0547636254204425,-0.0135929714242049,0.0545877227981396,0.00840298767791263,-0.0927049466613389,0.0488662138134491,0.789729466037095,-4.66644784841943e-05,-6.01109607431657e-05,0.613455285860796,-0.0103270885880043,-0.0259995211526154,0.0510152763851261,-0.0750000001681637,0.0336072051019165,0.000279758162844582,-0.00176179803956876,0.0237099780971013,0.000347103817357037,0.00918372594823471,0.018502729481513,0.00032998654010041,-2.20283161966554e-05,-0.000546531469594858,0.152196007078267,0.000503597755440413,0.0152769915258281,0.000317149926677708,0.0910891867713896,-0.160607353406137,0.20483799725928,-0.400000043670773,0.103449612142551,0.250000006820719,0.00295682701831266,0.0259126490104008,0.208777984643754,0,0,0,0,0.20922748860076,0.0464866436582878,0.123710104431731,0.132004308955425,0.03,0.03,0.03,0.03,0.15026314426467,0.03,0.03,0.139882839346072,0.158986785853572,0.03,0.03,0,0.0718195273203806,0,0.03,0.119526150277352,0.0570155217717567,0.03,0.03,0.03,0.5,0.55916306331639,0.5,0.5,0,0,0,0,0,0,0,0,0,0,0,0,0,0,0,0.5,0,0.508906174872886,0,0,0,0,0,0
158,-0.0599999999453204,0.0218092822857303,0.0589456570385537,0.0547309223620054,-0.013227683731789,0.0545795196826278,0.00854167368632983,-0.0924211174892365,0.0488598217468286,0.788996737944537,-3.06560935334516e-05,-3.93843571595268e-05,0.614397391728404,-0.0103243305211215,-0.0257664374624807,0.051009978982765,-0.0750000000961141,0.0285030308134105,1.33101432557803e-05,-0.00172731048211521,0.0155057596528778,-0.000100809179483554,0.0054471645520619,0.0121065164982575,-5.59909317391899e-05,-1.0634344075784e-05,0.00129352508888212,0.0998184657421444,-0.000236243935132289,0.00997931208178821,-2.90356740185129e-05,0.0698412458515207,-0.150582303156395,0.208284686470523,-0.400000032318329,0.112760501164192,0.250000013305537,0.0125696949038103,0.0374089309634041,0.207431873217749,0,0,0,0,0.207796688869512,0.048245318712755,0.122417799237194,0.133626353933958,0.03,0.03,0.03,0.03,0.147023714299592,0.03,0.03,0.135232625146229,0.155620959374302,0.03,0.03,0.0343837428208762,0.0708824104437403,0,0.03,0.115440303826297,0.0559110783659511,0.03,0.03,0.03,0.5,0.562917390074977,0.5,0.5,0,0,0,0,0,0,0,0,0,0,0,0,0,0,0,0,0,0.509125993195011,0,0,0,0,0,0
159,-0.0599999999460995,0.0223937441334379,0.0589473499557026,0.0546911581483501,-0.0128466416081953,0.0545851590484969,0.00868219324262853,-0.092125049325058,0.0488641568444521,0.78822764229867,-4.26953828528589e-05,-5.47184521674274e-05,0.615383781357946,-0.010326319077598,-0.0255238371743439,0.0510134647857464,-0.0750000000040667,0.0303438246117754,2.27529676989239e-05,-0.00212951432462194,0.0211446359849281,9.52532960638071e-05,0.00786884896497114,0.016439495679324,7.54456247679395e-05,-1.87828192855766e-05,-0.000624198179661541,0.138809277398122,-3.18380357812927e-05,0.0134653040704268,6.10055153895912e-05,0.0990822592039108,-0.159407388269039,0.225116577998947,-0.400000024366832,0.102877462574921,0.250000006045647,-0.0268466040058826,0.0210644926959836,0.214561155863802,0,0,0,0,0.208848405191255,0.0464338180648319,0.123194835460396,0.13208768812022,0.03,0.03,0.03,0.03,0.156792878450757,0.03,0.03,0,0.16650897081856,0.03,0.03,0,0.0708359774722478,0,0.03,0.116878377159051,0.0563353823795041,0.03,0.03,0.03,0.5,0.553458329639013,0.5,0.5,0,0,0,0,0,0,0,0,0,0,0,0.5,0,0,0,0.5,0,0.518695761484702,0,0,0,0,0,0
160,-0.0599999999584389,0.0230959274638746,0.0589538869860056,0.0546708588541742,-0.0122854314746519,0.0545974346491214,0.00891439320068814,-0.0916814161581811,0.0488710116519209,0.787164071378841,-6.02348515227211e-05,-7.69399648496209e-05,0.616743669071379,-0.010294001198555,-0.0251535365040025,0.0510226181745231,-0.075000000001226,0.0382114741097704,0.000292660323451362,0.000452537741052715,0.0334193342323801,0.00068406360728119,0.0146562050436075,0.0267842680840391,0.000449867463518954,-3.45587409678913e-05,-0.00390313753486863,0.195427650014299,0.00344672262178328,0.0226191089961628,0.000468894632299432,0.0793770145742798,-0.160515518787392,0.219615436788429,-0.400000001904373,0.101898030060902,0.249999995120452,0.0627353322729438,0.0654010167282313,0.223349617468114,0,0,0,0,0.195288873848472,0.0621033670738892,0.118509542876255,0.138883564531829,0.03,0.03,0.03,0.03,0.177706864591892,0,0.03,0,0.17302833789731,0.03,0.03,0.03,0.0834276226121142,0.0977058198631383,0.03,0.155782027076386,0.0522090973952991,0.03,0.03,0.03,0.5,0.554043989954683,0.5,0.5,0,0,0,0,0,0,0,0,0,0.5,0,0.5,0,0,0,0,0,0,0,0,0,0,0,0
161,-0.0600000000847074,0.0236795852926849,0.058942787518486,0.0546768028627027,-0.0118945937818434,0.0545744487961312,0.00916938959031607,-0.0913977768720475,0.0487665385346864,0.786442919798503,-2.1140001331045e-05,-2.69250620137883e-05,0.61766296439676,-0.010252724485109,-0.0248917814015779,0.0510066509874485,-0.075000000013906,0.0232614447900176,-0.00029154212732286,-0.00077868965615913,0.0104318036379262,-0.000762799468067742,0.012508558584976,0.00557492674207091,-0.00934140204775567,-6.63083865804895e-06,0.00500681203093607,0.0684649684547416,0.000255366482427759,0.00665130559710426,-0.000486237499717105,0.0845979484532493,-0.155106352864343,0.215733194347247,-0.400000006917223,0.13704851654283,0.24999998151145,0.06897407468968,0.102803001291185,0.235240674465147,0,0,0,0,0.186685274632928,0.0744284658812001,0.120470386326756,0.140643833807525,0.03,0.03,0.03,0.03,0.190245676999844,0,0.03,0,0.189768225542186,0.03,0.03,0.03,0.0780367249586102,0,0.03,0.169148071417273,0.0510970978115403,0.03,0.03,0.03,0.5,0.601182514852878,0.5,0.5,0,0,0,0,0,0,0,0,0,0.5,0,0.5,0,0,0,0,0,0.5,0,0,0,0,0,0
162,-0.0599999998939962,0.0242624951515965,0.058948367756615,0.0546151309613261,-0.0114602497817322,0.0545900102597065,0.00937984339879695,-0.0910664377981232,0.0487185679553315,0.785539448031216,-5.26715178215586e-05,-6.69100873011618e-05,0.618811601002482,-0.0102689290275498,-0.0246187524225835,0.0510165958042141,-0.0749999999993124,0.033576438941061,-2.14440102343564e-06,-0.00259301610722186,0.025992627011054,7.36749214696225e-06,0.00970730182709833,0.0203401059948836,1.23129177409034e-05,-2.88437891132444e-05,8.62249717042099e-05,0.170308651856627,4.49447243038523e-05,0.0165966443062892,1.25712053788381e-05,-0.000947279779944615,-0.165707903547265,0.193902133087695,-0.399999997024833,0.108180680797487,0.249999971142103,0.0533842408429888,0.0730008516421252,0.229652683592478,0,0,0,0,0.197482204438185,0.060973994277797,0.119729200284084,0.138727013832066,0.03,0.03,0.03,0.03,0.18644464902121,0.03,0.03,0,0.186198307637535,0.03,0.03,0.03,0.0778474059157763,0.0992331004301911,0.03,0.163241160740298,0.0573329108091322,0.03,0.03,0.03,0.5,0.63414589565544,0.5,0.5,0,0,0,0,0,0,0,0,0,0,0,0.5,0,0,0,0,0,0,0,0,0,0,0,0
163,-0.0600000001806941,0.024675252233865,0.0589187391078043,0.0546079876946748,-0.0113707573094323,0.0545666753222701,0.00921480824126839,-0.0909727228315537,0.04849588799694,0.785341828983238,9.25165022198289e-06,-7.29240634362695e-06,0.619062364436243,-0.0102667724904079,-0.0245643975890437,0.051002290475028,-0.0750000004385488,0.0112079255454964,-0.00448922841337408,-0.00265655845793935,0.00111113946781871,0.000388942399703677,-0.0235343415655588,0.00422576755647629,-0.0227201944030254,0.00344914432528899,-2.07665240731134e-07,0.0235592156638217,-0.00229074934121955,-0.000175908045955918,0.00033537693791545,0.0308540454354229,-0.14571940103982,0.200965771575661,-0.400000130421211,0.142724499978087,0.249999930754739,0.0994610461305781,0.0975915363471284,0.243050574170866,0,0,0,0,0.188369624388933,0.0727389745208203,0.121892973682889,0.139216027102476,0.03,0.03,0.03,0.03,0.180238988056195,0.03,0.03,0,0.186380015462013,0.03,0.03,0.03,0.0727969457510327,0.102344335609825,0.03,0.159279427448562,0.0537824823796421,0.03,0.03,0.03,0.5,0.626058253159884,0.5,0.5,0,0,0,0,0,0,0,0,0,0,0,0.5,0,0,0,0,0,0,0,0,0,0,0,0
164,-0.059999999566095,0.0249346877093143,0.0588306132871338,0.0545521300196187,-0.0113339065777303,0.0545683897862348,0.00880894826880207,-0.0908554908899402,0.0480950147758072,0.785172708694589,3.88236336163165e-06,-1.54450313340489e-05,0.619276851258831,-0.0103140693106863,-0.0245576675173297,0.0510029062026008,-0.075000000003956,0.0138717651929189,-0.0038495392212832,-0.00245896238258583,0.00259966760146925,0.00022581952608316,-0.0175222972142859,0.00600470490540502,-0.0176731472259017,0.000882301847684955,-0.00161005681863623,0.0298853384365276,-0.00198844679109207,0.00095485417885683,0.000123316321129827,0.0999827575752581,-0.177692305681058,0.222798944068799,-0.3999999872062,0.13619474282482,0.250000000068885,0.106984774701192,0.0780604134076019,0.222125523408952,0,0,0,0,0.190484876140133,0.0693288113101101,0.121071316561586,0.138742495228936,0.03,0.03,0.03,0.03,0,0,0.03,0,0.194239721219816,0.03,0.03,0.03,0.0800512329801456,0,0.03,0.171128052709874,0.0507431452083548,0.03,0.03,0.03,0.5,0.648578361832547,0.5,0.5,0,0,0,0,0,0,0,0,0.5,0.5,0,0.5,0,0,0,0,0,0.5,0,0,0,0,0,0
165,-0.0599999997663703,0.0252831951755589,0.0588139901098905,0.0544791021877139,-0.011269622497662,0.0545701972478475,0.00882009923738165,-0.090817163438076,0.0478793039472873,0.784920599151085,9.39459261317965e-07,-2.32182462397005e-05,0.619596363900247,-0.0103743654498426,-0.0245382454258996,0.0510037612722532,-0.0750000000164472,0.019165801659923,0.000145885798329,-0.00272933458308843,0.00386926436327048,0.000415550322177858,0.0101863531809195,-0.000412364884138399,-0.010318843751911,0.00140197613044575,-0.00328442436975219,0.0386707673411935,-0.00211481048072871,0.00174240294479127,0.000212633148903079,0.0969171565918063,-0.195054600109067,0.186220920361145,-0.400000002511808,0.122651054486578,0.249999993064318,0.0835524384517403,0.0770457106750879,0.218364255205375,0,0,0,0,0.199967137658508,0.0568011426496646,0.121760727093387,0.13500820880107,0.03,0.03,0.03,0.03,0,0,0.03,0,0.195077659736172,0.03,0.03,0.03,0.081079805592978,0,0.03,0.162392124070265,0.0552670326842238,0.03,0.03,0.03,0.5,0.673091821210572,0.5,0.5,0,0,0,0,0,0,0,0,0.5,0.5,0,0.5,0,0,0,0,0,0.5,0,0,0,0,0,0
166,-0.0599999999188627,0.0256827863637648,0.0588161687382471,0.0544314866957263,-0.0110820239162168,0.0545745201527385,0.0092606580672611,-0.0907911024496228,0.0475217603014513,0.784325808376629,-1.07365263276054e-05,-2.40490244889986e-05,0.620349125151753,-0.0103919282932314,-0.0244564568995957,0.0510074840494591,-0.0750000000018146,0.0208446483486775,-8.42885285329453e-05,-0.0016728390431336,0.0105219638129832,-4.30265587734041e-05,0.029571838561144,0.000616775161788434,-0.0244549433201643,-0.000402828522702453,-0.00025468858214068,0.105855020384565,-1.29171730693814e-05,0.00468821881635391,-5.07472753713048e-05,-0.00323601063301785,-0.16003216739928,0.23880866217627,-0.39999999136795,0.111931656006458,0.24999998025547,0.0489119769570695,0.104958456199837,0.250000009460135,0,0,0,0,0.199550908716937,0.0559159221514004,0.12112900189448,0.134338914730752,0.03,0.03,0.03,0.03,0.187917400700176,0.03,0.03,0,0.191700944329505,0.03,0.03,0.03,0.0756880481653223,0.0966562763947691,0.03,0.153568123118725,0.0569111484758449,0.03,0.03,0.03,0.5,0.643658975960812,0.5,0.5,0,0,0,0,0,0,0,0,0,0,0,0.5,0,0,0,0,0,0,0,0,0,0,0,0
167,-0.059999999322675,0.0260100368161137,0.0587727785935015,0.0543868881854408,-0.0110383244563451,0.0545677729671107,0.00922061197658262,-0.0907471211240704,0.0472612713383713,0.784182246412161,1.24329290927586e-05,-9.83708650550708e-06,0.620530584107844,-0.0104294474701133,-0.0244381832025112,0.051003254925053,-0.0750000001442261,0.0147868433231362,-0.00292510702904775,-0.00375284878274797,0.00197511369965864,-0.000195649748012148,-0.0172627173631559,0.00341547158943207,-0.0141670719063488,-0.00108368540786318,-1.13729551002791e-06,0.0317072001168954,-0.00325512981312906,0.00022463983508166,-0.000178703052838786,-0.0109813923680818,-0.0934578675810255,0.228358128242193,-0.400000001929477,0.136123467395539,0.24999998804829,0.0082131499547397,0.105908976988631,0.223822132411186,0.03,0,0,0,0.182295540757593,0.0784344688307864,0.120823448118004,0.139906573228613,0.03,0.03,0.03,0.03,0,0,0.03,0,0.187049236222622,0.03,0.03,0.03,0.0785600388287548,0,0.03,0,0.0438802278391834,0.03,0.03,0.03,0,0.5,0.505480620766765,0.584291339838686,0,0,0,0,0,0,0,0,0.5,0.5,0,0.5,0,0,0,0,0,0.5,0,0.5,0,0,0,0
168,-0.0599999999336684,0.0262907212223225,0.0587009842110806,0.0543375231164577,-0.0110136711009794,0.054566368067227,0.00923437365120803,-0.0907425369122397,0.0469955058976205,0.784046724999042,8.14190287962051e-06,-6.44509202427994e-06,0.620701807167017,-0.010471952789106,-0.0244376251114838,0.0510020212574704,-0.0750000000209307,0.0124240785454371,-0.00524359866954827,-0.00234779119378883,0.0011853498472809,-8.59535281211578e-05,0.0127053952195103,-0.00341931327616048,-0.0141192397526286,-0.000760685159110658,-5.05829671709269e-07,0.0207679664532101,-0.00202136720871923,3.87958303178892e-05,-7.40259622741496e-05,0.068058330743033,-0.122532769024363,0.239461972610109,-0.400000012253283,0.124785893848314,0.250000001651211,0.00623056800991556,0.0782208115744662,0.224144142941805,0,0,0.03,0,0.19665883006639,0.0600474209035527,0.123275038798781,0.133431485859688,0.03,0.03,0.03,0.03,0.1527547135012,0.03,0.03,0,0.166436157097382,0.03,0.03,0,0.0635966953544179,0,0.03,0.108632589849687,0.0499146200005044,0.03,0.03,0.03,0.5,0.528142421693203,0,0.5,0,0,0,0,0,0,0,0,0,0,0,0.5,0,0,0,0.5,0,0.528768678182666,0,0,0,0,0,0
169,-0.0599999999628313,0.0268064284044392,0.0586808637680668,0.0542560782060127,-0.0106774933967806,0.0545887532449529,0.00934786275758905,-0.090473709868648,0.0469862712416537,0.783344800116039,-5.0337795184959e-05,-6.34785510928861e-05,0.621587438685194,-0.010517181521828,-0.0242259619386214,0.0510158132744695,-0.0750000000231365,0.0333166281425415,-4.62394840701975e-05,-0.00275350523238449,0.0247323702603665,0.000366265357610485,0.00899792270369467,0.0193991419103278,0.000230677717560354,-2.26631749411168e-05,-0.00416870266147639,0.162030027503906,-0.00017659143223583,0.0158138112040111,0.000137174953607853,0.0400774812074064,-0.141183694530185,0.232569151904409,-0.400000000291107,0.099148043724034,0.249999988308294,0.0542907869737355,0.0876429835351129,0.220991838350918,0,0,0,0,0.198272810162136,0.0580953319704324,0.117351835625147,0.139017691977184,0.03,0.03,0.03,0.03,0.181239715471845,0,0.03,0,0.171968885331898,0.03,0.03,0.03,0.0847881186872199,0.0917049242025409,0.0309024709981259,0.145590526930642,0.0521969285093399,0.03,0.03,0.03,0.5,0.545124649465512,0.5,0.5,0,0,0,0,0,0,0,0,0,0.5,0,0.5,0,0,0,0,0,0,0,0,0,0,0,0
170,-0.0599999999982549,0.0273194511213287,0.058675081731973,0.0542737522646864,-0.0104285685952979,0.0545733005232552,0.00950531610688183,-0.0902842557317974,0.0469330180621611,0.782906560903443,-1.60196375731908e-05,-2.63636283543904e-05,0.622139308722699,-0.0104775227317562,-0.0240545629711841,0.0510057886191795,-0.0750000000404376,0.0203282638750545,0.000111690269486555,-0.00137835425984237,0.00850668759758436,8.90458020081657e-05,0.00693603291902396,0.00541772461235878,-0.00430748744189411,0.00284225746167275,-0.000709480514349148,0.0594248386647748,-0.000432050689968199,0.00524772042181972,4.88230063043843e-06,0.0712836104510422,-0.136494833359137,0.2327516325501,-0.400000001418858,0.126199853423468,0.249999989290064,0.0512036383219769,0.101223858521796,0.227936553908866,0,0,0,0,0.18939594884597,0.0691117001300326,0.119344364108201,0.139163596449434,0.03,0.03,0.03,0.03,0.17658492389017,0,0.03,0,0.1741858231348,0.03,0.03,0.03,0.0810663929722836,0.0964122060987136,0.0312737523288396,0.146204771155242,0.0498655824437286,0.03,0.03,0.03,0.5,0.555307759235725,0.5,0.5,0,0,0,0,0,0,0,0,0,0.5,0,0.5,0,0,0,0,0,0,0,0,0,0,0,0
171,-0.0599999999479547,0.0277731353668203,0.0586767908284527,0.0542317921238758,-0.0101752545440677,0.0545787710609822,0.00961073466964845,-0.0900885091686537,0.0469171476030183,0.782365042501894,-3.0123708591065e-05,-3.78552252519186e-05,0.622820156429107,-0.0104916512245877,-0.0238969637235093,0.0510094286828739,-0.0749999999815689,0.0243753894318524,5.02442400654069e-05,-0.00159932295931866,0.0147488623348629,0.000154343222666819,0.00541458195791429,0.0115903255858984,0.000121939994191537,-8.84757951550551e-06,-0.00101217887909144,0.0967564764829189,-5.16256664687791e-05,0.00942893225578174,9.88332751425201e-05,-0.0190181240661989,-0.125644864954559,0.231943585769325,-0.399999993376656,0.117771348318105,0.25000000113703,0.017962179047034,0.0859033676051564,0.223393282183546,0,0,0,0,0.189710114373972,0.0684280064170381,0.120555018213519,0.137584598809078,0.03,0.03,0.03,0.03,0.179564297992008,0,0.03,0,0.176438766840436,0.03,0.03,0.03,0.0817707678318606,0.0964717950020822,0.03,0.148534115150738,0.0499933995198722,0.03,0.03,0.03,0.5,0.563252359197338,0.5,0.5,0,0,0,0,0,0,0,0,0,0.5,0,0.5,0,0,0,0,0,0,0,0,0,0,0,0
172,-0.0600000000157514,0.0281946742776127,0.0586749113014367,0.0542119900922686,-0.0099999999491163,0.054572755778774,0.00967767386054455,-0.0899479643886559,0.0469112084102473,0.781990652122106,-1.16091775282744e-05,-2.78134211953722e-05,0.623290158736577,-0.0104923741079022,-0.0237833726401012,0.0510052826399272,-0.0750000000117177,0.018498920769467,0.000277995008669112,-0.00186942836155574,0.00717884785875247,0.000405083311326558,0.00207780162886444,0.00544724782150224,2.85597167056093e-07,0.00431386001862535,-0.00283558335745366,0.0541939668645428,-0.00099140651893489,0.0042158066845161,0.000180166715618304,-0.021638750020034,-0.117776012974207,0.231453594200073,-0.39999999163901,0.131479365125235,0.249999994623463,0.0099786997039528,0.0952490306570763,0.226064107809856,0,0,0,0,0.183250528579726,0.0766639479905769,0.122831720959743,0.137082959888859,0.03,0.03,0.03,0.03,0.179858468298828,0,0.03,0,0.184120538330391,0.03,0.03,0.03,0.0777789339228191,0.100088597413669,0.03,0.148662991821324,0.0476138768873429,0.03,0.03,0.03,0.5,0.56964906244165,0.5,0.5,0,0,0,0,0,0,0,0,0,0.5,0,0.5,0,0,0,0,0,0,0,0,0,0,0,0
173,-0.0600000000000009,0.0286129403490296,0.0586757358225148,0.0541124904628877,-0.0100000000000238,0.0545686873200009,0.00963929702980893,-0.0898394397335451,0.046910222351357,0.781842279096749,-1.15427732544277e-13,6.05475048029962e-14,0.623476263074322,-0.0105573671665604,-0.0236854486809933,0.0510046632105019,-0.0749999999999977,0.0221213152463496,-5.00463642249557e-05,-0.00574815604454707,0.00492001885616866,-0.000119456514706549,-0.00462880390472455,0.00466321081608796,-9.56159618381954e-05,-6.14900818671671e-09,0.000733526371274124,3.18295190206499e-10,-0.0046258005754727,0.00466321080559265,-7.91690212298048e-05,-0.0161453809322381,-0.107283147341985,0.232050592795904,-0.400000000000015,0.137755789855132,0.249999999999997,0.0195439291683943,0.101127747380176,0.226357589222397,0,0,0,0,0.179852117644186,0.0829012124205823,0.124834757861048,0.137921128792865,0.03,0.03,0.03,0.03,0.186449606586717,0,0.03,0,0.196355842251195,0.03,0.03,0.03,0.0741692652816344,0,0.0310093118032272,0.146958468434062,0.0452960647261737,0.03,0.03,0.03,0.5,0.586245317286973,0.5,0.5,0,0,0,0,0,0,0,0,0,0.5,0,0.5,0,0,0,0,0,0.5,0,0,0,0,0,0
174,-0.060000000009092,0.0292750240676792,0.0586901060233423,0.0539714517136203,-0.0100000024377744,0.0546032964056355,0.00984713613710136,-0.0893998128054097,0.0469380500823907,0.780805085939757,-6.57312852600153e-05,-8.22160763655818e-05,0.624774720325433,-0.0105377452849068,-0.0233205966783691,0.0510277383628177,-0.0749999999932941,0.0425830904738266,0.000803941244764165,-0.00458666323040823,0.0411234797055209,0.00129267284449006,0.018829258058627,0.0324898783593549,0.00113787122924083,-3.96938631437395e-05,-0.00494720347088297,0.210523762012628,0.00694921764240171,0.0277393964294037,0.00102403427200977,-0.02839498582404,-0.155193170712929,0.217784002104149,-0.399999992610821,0.0747142207547667,0.249999999235751,0.0101469619135512,0.0604175958718203,0.201313251047858,0,0,0.03,0,0.195407587639963,0.0604628897118054,0.122312304451555,0.133558290758059,0.03,0.03,0.03,0.03,0,0,0.03,0,0.226784573259237,0.03,0.03,0.03,0.0768789662813608,0,0.03,0.164913248974714,0.0457139659899859,0.03,0.03,0.03,0.5,0.627581113340261,0,0.5,0,0,0,0,0,0,0,0,0.5,0.5,0,0.5047527672131,0,0,0,0,0,0.5,0,0,0,0,0,0
175,-0.0599999999989154,0.0297263267906336,0.0586248576236552,0.0539385268666247,-0.0100000000369129,0.0545640550200774,0.00997398347126897,-0.0892034112740318,0.046905288757904,0.780414735726442,8.66985123345383e-08,-6.9518964182105e-08,0.625262217269748,-0.010480651731141,-0.0231523718008872,0.0510000216611324,-0.0750000000107307,0.00686123928542453,-0.0100502991903739,-2.64632319052858e-05,6.3899924728395e-06,1.2552090405531e-05,6.43080233293534e-06,6.96799030923918e-05,4.59073192137765e-06,0.000111153162949941,-7.55817845767606e-13,0.000222306326523173,-2.16955278731139e-05,-5.66883164122015e-06,1.08477324997321e-05,-0.019981747012292,-0.032573548397435,0.232382006472779,-0.400000003226176,0.138654806574106,0.250000000498564,0.0379983049514976,0.134786252203951,0.205171835660097,0,0,0,0,0.17184337818184,0.087743013066815,0.124489760532168,0.135096939301524,0.03,0.03,0.03,0.03,0,0,0.03,0,0.218042053040908,0.03,0.03,0.03,0.067282242863909,0,0.0320370461676652,0.157559269627666,0.0349020056334853,0.03,0.0360137502382565,0.03,0.5,0.677734028683221,0.5,0.5,0,0,0,0,0,0,0,0,0.5,0.5,0,0.5,0,0,0,0,0,0.5,0,0,0,0,0,0
176,-0.0600000000087333,0.0300429000995915,0.0585828512994332,0.0538542240067394,-0.00999999997880231,0.0545710771395039,0.00997944653854376,-0.0891347597111,0.046908932277377,0.780110768149001,-4.58520764211459e-06,-2.66843424978044e-05,0.625641423208297,-0.0105300880487886,-0.0231058497448394,0.0510040542085795,-0.0750000000059218,0.0197581080442884,-0.000158385096465767,-0.00308346640299708,0.00533920228538423,-0.00026747951740568,0.00107932183353344,0.00373136131210587,-8.8839075582572e-05,-0.00167983049049424,0.00182766026765918,0.0415353721666356,-0.0012503887260007,0.00279625951120221,-0.000141916271965145,-0.00453670814811393,-0.0881727976275886,0.221525398383776,-0.399999993896693,0.143729393154975,0.250000011936995,-0.0440807504034387,0.152438741008627,0.21917748331995,0.03,0,0,0,0.160749611947588,0.102850493491434,0.126242299023556,0.137358255768859,0.03,0.03,0.03,0.03,0,0,0.03,0,0.192961889239634,0.03,0.03,0.03,0.0658148672558083,0,0.03,0,0.03,0.03,0.03,0.03,0,0.5,0.5,0.569411159274781,0,0,0,0,0,0,0,0,0.5,0.5,0,0.5,0,0,0,0,0,0.5,0,0.5,0,0,0,0
177,-0.0599999999879151,0.0304560600332303,0.0585832225161791,0.0537649115433692,-0.00999999996254062,0.0545677304373714,0.00994380343956288,-0.089064560319597,0.0468968172686272,0.779913651912277,2.56544869455312e-06,-2.05878407406303e-06,0.625887127029214,-0.0105893580054637,-0.0230514296805143,0.0510035927911757,-0.0750000000120337,0.0217088601098443,0.00020601699069481,-0.00438427895283834,0.00341492956405093,0.000174078084689501,-0.00421473042172152,0.00316880131771851,-0.000881244001344588,0.000881806110841346,-2.87039225263886e-08,0.00657871734590064,-0.0035928280134697,0.00290559348704325,0.000160652057933639,0.0037363247171921,-0.106516558740625,0.192954796627783,-0.399999992044861,0.144552390093305,0.249999998549378,-0.0380517628192818,0.143778123414467,0.215470516448963,0.03,0,0,0,0.157222977354096,0.106830450707088,0.127927311137817,0.136126498811771,0.03,0.03,0.03,0.03,0,0,0.03,0,0.199135718060903,0.03,0.03,0.03,0.061270714729313,0,0.03,0.168119621197608,0.03,0.03,0.0333962996560414,0.03,0,0.5,0.5,0.539374478956143,0,0,0,0,0,0,0,0,0.5,0.5,0,0.5,0,0,0,0,0,0.5,0,0,0,0,0,0
178,-0.0600000002871833,0.0308143846589966,0.058581648927255,0.053736775634924,-0.0100000012961303,0.054570190022884,0.00995615500084929,-0.0890140978391241,0.0468963654594474,0.779801108042963,-1.21982225249141e-05,-1.61575520060684e-05,0.626027342489164,-0.0105995337247141,-0.0230094742667596,0.0510039253426127,-0.0677808074915728,0.016813786657941,9.86454657856349e-05,-0.00195561082434668,0.00635096645191203,0.000318172048419368,0.00227810986250249,0.0047798921021816,0.00011968453364029,-0.000615068520374765,-0.00206462711713163,0.0402061014872179,-0.000166883857911156,0.0038951772595886,0.00021487565219096,0.0202465245399347,-0.11828736871517,0.149999984583972,-0.400000132219944,0.140371043302835,0.249999935893771,-0.00189488475377258,0.143327065438761,0.212382503447223,0.03,0,0,0,0.155595787460753,0.107116410164198,0.126547823468012,0.136164582178201,0.03,0.03,0.03,0.03,0,0,0.03,0,0.192491463145729,0.03,0.03,0.03,0.0625393735145058,0,0.03,0.162234823886866,0.03,0.03,0.0335912322809966,0.03,0,0.5,0.5,0.5,0,0,0,0,0,0,0,0,0.5,0.5,0,0.5,0,0,0,0,0,0.5,0,0,0,0,0,0
179,-0.0599999997289585,0.0312866640638514,0.0585884247313598,0.0535869435203531,-0.0100000014021086,0.0545705181277131,0.00943765379857212,-0.0888317136798128,0.04652543601797,0.779827181664383,8.88770268536957e-06,1.10706269729204e-05,0.625994861900922,-0.0107213889191519,-0.0228708714134154,0.0510080291015762,-0.0750000000631185,0.028250325567482,0.000265441345340721,-0.00608818477867879,0.0068204934631707,-0.000214433106248084,-0.0464695069451013,0.0137040864557104,-0.0368452160585472,-2.34587196708193e-07,0.0050756616298535,-0.0283936972965395,-0.00499811817495509,0.00802917888758714,6.23890983135013e-05,0.0556836393076852,-0.183370386332416,0.226417788821348,-0.400000072703961,0.137611994753824,0.249999997296358,0.061058553709219,0.0874442550110838,0.239884110285086,0.03,0,0,0,0.159173730297128,0.104866383330242,0.127102444489979,0.136937982595657,0.03,0.03,0.03,0.03,0,0,0.03,0,0.21607090280237,0.03,0.03,0.03,0.0643475069650819,0,0.03,0.155395225408047,0.03,0.03,0.0443259843526582,0.03,0,0.5,0.5,0.54923333302248,0,0,0,0,0,0,0,0,0.5,0.5,0,0.5,0,0,0,0,0,0.5,0,0,0,0,0,0
180,-0.0599999998933381,0.0317287711492686,0.0585815517779838,0.053511245131168,-0.0100000001429106,0.0545700434856424,0.00928038392446595,-0.088692098015668,0.0463526501718458,0.779760530790473,-1.23548625987288e-05,-1.53899073731576e-05,0.626077883318736,-0.0107734385501228,-0.0227923139508522,0.0510038537153984,-0.0749999999930962,0.0195892722518199,0.000147266935791733,-0.00188010492925957,0.00626007771191752,0.000393322856846785,0.0121477063902289,0.000682090259262998,0.00522970269785927,-1.10459556616694e-06,-0.00258518168885032,0.0394709890061884,-0.000131848610559593,0.00385379716454743,0.000252428894895499,0.00090765544472932,-0.0890083183997376,0.215957927517579,-0.400000001684299,0.159410671124189,0.249999994537182,-0.0709062959076502,0.128703371231932,0.219960068902702,0.03,0,0,0,0.148062944350395,0.118925423515086,0.124996445644215,0.141992337687562,0.03,0.03,0.03,0.03,0.144227776751626,0,0.03,0,0.156634474441674,0.03,0.03,0.03,0.0627987715368166,0,0.03,0.160199463370405,0.03,0,0.03,0.03,0,0.5,0.5,0.517311480771916,0,0,0,0,0,0,0,0,0,0.5,0,0.5,0,0,0,0,0,0.5,0,0,0,0.5,0,0
181,-0.0599999998138454,0.0326166117350432,0.0586376547910897,0.0533694104103521,-0.010000000161587,0.0546262917465418,0.00949076461711755,-0.0880139859671755,0.0464102629281723,0.778888072696405,-5.18891088563025e-05,-6.44841790147888e-05,0.627162970138284,-0.010732719477043,-0.0221843755841134,0.0510532580742211,-0.0750000000160262,0.0657789755912923,0.00222443317596993,-0.00937627703630121,0.0649429135277862,0.00288857180431496,0.0146474125196154,0.0569577935370182,0.00267010085623498,-2.22594534449882e-05,-0.00693529892573951,0.165537876553461,0.00533365036561155,0.0532586427523095,0.00251390848055465,0.0161983434925951,-0.148866080726445,0.208995232448384,-0.400000022333263,0.0714150212443762,0.249999994402466,-0.0828106020728193,0.0469148152214174,0.217441940290498,0.03,0,0,0,0.174529067080804,0.0888471804694251,0.124088313653622,0.139288112711649,0.03,0.03,0.03,0.03,0.173429329834651,0,0.03,0.164310083229007,0.174580407143386,0.03,0.03,0.03,0.0723741829023147,0,0.03,0.160793684340153,0.0386564874212699,0,0.03,0.03,0,0.5,0.5,0.507976434812943,0,0,0,0,0,0,0,0,0,0.5,0,0,0,0,0,0,0,0.5,0,0,0,0.5,0,0
182,-0.0599999999182337,0.0341536371605967,0.0586567367223595,0.0530666251882447,-0.00999999997759483,0.0546292884941155,0.00954253920346363,-0.0867519683978143,0.0464187768933332,0.778550701569331,2.1709006082439e-06,2.69313129046915e-06,0.627581711971342,-0.0107404253174135,-0.0209464295063496,0.0510656234931149,-0.0750000000056408,0.0750000000008613,0.000392842624453031,-0.0191914451507771,0.0683644423755526,-0.000370020142692213,-0.00539802324849,0.0654684773543195,-0.000112141255074529,-1.65896991247417e-07,0.00814883459532644,-0.00691830150552199,-0.00497250662769838,0.0656234903760876,7.04363503334395e-05,0.0470856638396502,-0.175057457863343,0.213183868595432,-0.400000004476304,0.0707784186425591,0.249999994927522,-0.055697135244327,0.0395783554308484,0.219405033028826,0.03,0.103491001468531,0,0,0.179209019333324,0.0891503042400557,0.128297582495238,0.140061925753909,0.03,0.03,0.03,0.03,0.18651759514747,0,0.03,0,0.192102484385911,0.03,0.03,0.03,0.0717681390852306,0,0.03,0.155752475094289,0.0371191013929398,0,0.03,0.03,0,0,0.5,0.5,0,0,0,0,0,0,0,0,0,0.5,0,0.5,0,0,0,0,0,0.5,0,0,0,0.5,0,0
183,-0.0600000000964839,0.0354938053756852,0.058628682014165,0.0527874749853442,-0.0100000002070888,0.0546123974884068,0.00964343692767412,-0.0856903839439444,0.0463970634390684,0.77796188821331,-4.62205704449868e-05,-5.72614278566801e-05,0.628311480731539,-0.0107452902291968,-0.019926943018883,0.0510404457413165,-0.0750000000006145,0.0541570827333308,-0.00161003429339272,-0.00916040847819589,0.0506672365747147,-0.000627223092978239,0.0116593166907531,0.0437551672099526,-0.000950400225243955,-1.46038283826093e-05,-0.0104063257810525,0.14717621452387,0.0033697805331765,0.0404461545200291,-0.00118514717214082,0.0221186593847822,-0.141302787561907,0.236011743939187,-0.400000001466012,0.100124918924365,0.250000001337806,-0.0761091853266716,0.0614802625537572,0.227647170398286,0.03,0,0,0,0.163368566213959,0.103325587396293,0.126991161959355,0.139703162684903,0.03,0.03,0.03,0.03,0.176742897440444,0,0.03,0,0.185330591389722,0.03,0.03,0.03,0.0668949866848824,0,0.03,0.158616157035761,0.030281006300396,0,0.03,0.03,0,0.5,0.5,0.5,0,0,0,0,0,0,0,0,0,0.5,0,0.5,0,0,0,0,0,0.5,0,0,0,0.5,0,0
184,-0.0600000000085086,0.0369349594758695,0.0586610331189594,0.0524885809425981,-0.0100000004389002,0.0546223625328945,0.00955823112220368,-0.0846179928008663,0.0464145230595664,0.778007666210315,2.92543430627951e-05,3.6215304525432e-05,0.628254788824832,-0.0108212261082476,-0.0188512746282769,0.0510633071670571,-0.0750000009404938,0.0750000004023072,0.000902124621215272,-0.0217209013536072,0.061007661173598,0.000167070870865826,-0.0155573761925664,0.0612132151760076,0.000409665816775091,-5.27654325627976e-06,0.00783590605069273,-0.0931103101049576,-0.0103080910955738,0.0633074309119368,0.000585631719783228,0.15633085935834,-0.197358577385591,0.233312293297946,-0.392565844539622,0.0823244572376819,0.244589986399333,-0.0160663028385948,0.0907818813918899,0.195547163660187,0.03,0.101581026182446,0,0,0.172381143145155,0.094815952724374,0.135071204816075,0.132126890439811,0.03,0.03,0.03,0.03,0.15659282863235,0,0.03,0,0.193094973219799,0.03,0.03,0.03,0.03,0.0467035293241835,0.03,0,0.03,0,0.03,0.03,0,0,0.5,0.5,0,0,0,0,0,0,0,0,0,0.5,0,0.5,0,0,0,0,0,0,0,0.544346890631057,0,0.5,0,0
185,-0.0599999999964763,0.0383115783256219,0.0586349862744069,0.0520858079264604,-0.00999999975596172,0.0545843143171045,0.00911559738375361,-0.0838147355903738,0.0464171358104128,0.778824653829368,4.75990856498727e-05,5.90621105871122e-05,0.627241720551649,-0.0110791351936577,-0.0179947303208466,0.0510283736777241,-0.0750000000160535,0.0554390913341642,-0.00204965414689044,-0.0175360077020916,0.0213151007805446,-0.000782631118377981,-0.0260668219155528,0.0248325432727023,0.00205319674682476,-3.44421674978062e-05,-0.0138203296795769,-0.151710366990937,-0.0142557505174205,0.028374641021626,-0.00152101934551029,0.122337344620617,-0.226691251160896,0.250000081563427,-0.400000004179183,0.161885038193948,0.249999995043213,0.00136592484245138,0.118594410695433,0.215294333150977,0.03,0,0,0,0.140015531847779,0.138043729101517,0.131598751039712,0.146460712324095,0.03,0.03,0.03,0.03,0.146188565530741,0,0.03,0,0.171149794867688,0.03,0.03,0.03,0.0514047042110322,0,0.037595538775648,0.113566790415641,0.03,0,0.051628287016952,0.03,0,0.602965348664525,0.5,0.5,0,0,0,0,0,0,0,0,0,0.5,0,0.5,0,0,0,0,0,0.5,0,0,0,0.5,0,0
186,-0.0599999996623371,0.0397393117839814,0.0586632206122267,0.0517572831786739,-0.0100000005533698,0.054626786389742,0.00883133039029453,-0.0829051086480737,0.0464547762979166,0.779415752974762,-1.25358648872293e-06,-1.5593724847095e-06,0.626507050247484,-0.0112590833344214,-0.0170462685665992,0.051062532102607,-0.0750000000373534,0.0750000000160155,0.000842628251553489,-0.0182277094969578,0.0655845310696959,0.00197374065893299,-0.00496819430237424,0.062621274436136,0.00159344805689703,-6.39712990468342e-07,-0.0122561097075672,0.0040011170267231,-0.00524911206632322,0.0625322788711014,0.00132083986039376,0.0845020926363488,-0.259848432521764,0.248622580601216,-0.400000008475744,0.100491183350686,0.250000001579452,-0.0255800111259901,0.0791495743763955,0.212900714395788,0.03,0,0,0,0.150550227109444,0.123870049988002,0.131403445440552,0.143017009350512,0.03,0.03,0.03,0.03,0.159839973764767,0,0.03,0,0.179390785884944,0.03,0.03,0.03,0.0536046498448378,0,0.0369505602262897,0.111786417531246,0.03,0,0.0509311319918121,0.03,0,0.563250704246394,0.5,0.5,0,0,0,0,0,0,0,0,0,0.5,0,0.5,0,0,0,0,0,0.5,0,0,0,0.5,0,0
187,-0.0599999999714829,0.0414193845123853,0.0586625365861786,0.0514446747516282,-0.0100000001433654,0.0546407614588062,0.00896128687168514,-0.0815277168996929,0.0464639415677309,0.778775455587508,-5.05559673632551e-05,-6.28033603056782e-05,0.627302805177997,-0.0112443915462415,-0.015714401022242,0.0510681862698044,-0.0750000002611811,0.0750000001267032,-0.000186103052264655,-0.0128126614932961,0.07499999987094,0.00033928126709228,0.0141558982213716,0.071786755746219,0.000172887679961395,-2.15977562577698e-05,-0.00556408254824257,0.161247022484696,0.0050920880727791,0.0681868522984143,4.74837828803958e-05,0.173442335419939,-0.274568610739706,0.241193326456205,-0.349003811879076,0.06107984797996,0.242238998604875,-0.02374847234962,0.112509079946045,0.194821026123105,0.03,0,0,0,0.132660583822695,0.109849993235834,0.124717590990693,0.117792865299203,0.03,0.03,0.03,0.03,0.128869120771545,0,0.03,0.0778607808278623,0.171762243520067,0.03,0.03,0.03,0.03,0.0344047252932531,0.03,0,0.03,0,0.0337614501800217,0.03,0,0.54644241413643,0.5,0.5,0,0,0,0,0,0,0,0,0,0.5,0,0,0,0,0,0,0,0,0,0.5,0,0.5,0,0
188,-0.060000000010129,0.0431036298343462,0.0586627782218923,0.0509734218418362,-0.0100000000078075,0.0545996066083209,0.00849852011311868,-0.0804214734142871,0.0464845475200354,0.77962630714182,8.96908587659067e-05,0.000112991120238612,0.626245069446518,-0.0114941415227296,-0.0145498794203645,0.0510507798007629,-0.0750000000468276,0.0750000000228029,-0.000742154339573796,-0.0286096427606331,0.0367424257355172,-0.000236906542187137,-0.0499039148020819,0.0438074136072685,0.00636883636167663,-0.00101009181928206,-0.00526416408915552,-0.294339676558187,-0.0226365751803648,0.0504975243572955,-0.000509821573887394,0.242248650361613,-0.261838998945633,0.240130882793411,-0.280613883727612,0.104537232177556,0.236659225187565,0.0421778190423164,0.14134957886845,0.185851584475354,0,0,0.03,0.03,0.0893481811098162,0.13479026519444,0.117773542799544,0.0984296664778644,0.03,0.0437640865231689,0.03,0.03,0.132770769429937,0.03,0.03,0.106124348435204,0.187429822744427,0.03,0.03,0.03,0.03,0.0656826805317788,0.03,0,0.03,0,0.0703470180782968,0.03,0.5,0.5,0,0,0,0,0,0,0,0,0,0,0,0,0,0,0,0,0,0,0,0,0,0.5,0,0.5,0,0
189,-0.0599999999263769,0.0445157864967483,0.0586406029415107,0.0505189023765652,-0.00999999998806134,0.0545871402478053,0.00742222390120878,-0.0796661878992086,0.0470619174695479,0.781027747337211,5.5308669018117e-05,6.91200749624556e-05,0.62449634219431,-0.0118486009773885,-0.0137637346987814,0.0510324091186664,-0.0750000000303142,0.0616632914303363,-0.000994168542370233,-0.0198196891949146,0.0243130008119813,-0.000436362398652288,-0.0573609564569678,0.0337068088552529,0.0471479738371893,-3.72895176691788e-05,-0.00628916030606574,-0.177049605714721,-0.0154581051771273,0.0324100659126658,-0.00076803347925655,0.22167524790509,-0.231360454855163,0.250000054199596,-0.278757958468573,0.121421865116275,0.236695067778761,0.0585228729158957,0.151990497613746,0.15172780229226,0,0,0.03,0.03,0.0783436269130296,0.14378918847612,0.115221006777192,0.0953384226930551,0.03,0.0571535814570404,0.03,0.03,0.127679809999555,0.03,0.03,0.111391154656651,0.186871595941729,0.03,0.03,0.03,0.03,0.06947862740682,0.03,0,0.03,0,0,0.03,0.5,0.5,0,0,0,0,0,0,0,0,0,0,0,0,0,0,0,0,0,0,0,0,0,0.5,0,0.5,0.5,0
190,-0.0600000002923172,0.045788978603743,0.0586412318701871,0.0502138266359141,-0.0100000002118088,0.0546135502768607,0.00736586782369124,-0.0789215741609064,0.0476330134758503,0.781412389154986,-3.3656068466445e-05,-4.21600662817656e-05,0.624014973631642,-0.0120092247295486,-0.0129788511165329,0.0510438426338995,-0.0750000000465813,0.0617301515970182,-0.000506730199466674,-0.00985839471049873,0.0519001468792836,0.00144036089225498,0.029971636842509,0.0406695001847868,0.0239366688823837,-2.84692366884959e-06,-0.0213558284993214,0.10789242162117,0.00134083933346855,0.0438426595511681,0.000320468745056278,0.221654492745174,-0.228279663228529,0.250000018177502,-0.290583700492248,0.0842124469902366,0.23526819921706,-0.0474758368368686,0.134828394357258,0.19182458308482,0,0,0.03,0.03,0.0863907269974215,0.132796327742804,0.114939260901207,0.0959856621718603,0.03,0.035344543478881,0.03,0.03,0.132058205561694,0.03,0.03,0.106269232969362,0.186798226721507,0.03,0.03,0.03,0.03,0.0641370607728933,0.03,0,0.03,0,0,0.03,0.5,0.5,0,0,0,0,0,0,0,0,0,0,0,0,0,0,0,0,0,0,0,0,0,0.5,0,0.5,0.5,0
191,-0.0599999999547217,0.0472062370581309,0.0586577906951112,0.0499443707971813,-0.0099999998712661,0.0546244872627154,0.00747441094542585,-0.0778570043426326,0.0480370122381868,0.780942269397191,-1.38357091658172e-05,-1.73018906320302e-05,0.624603212812365,-0.0120253958580108,-0.0119448963283224,0.0510581272053638,-0.0750000000136767,0.075000000011294,0.000593189771932584,-0.0163253126186291,0.063454201535602,0.000521155441194248,-0.0148050280635839,0.0627333554528058,0.0167504712398376,-2.26456046426893e-06,0.000838728881450324,0.0443071939068546,-0.00276633685796338,0.0581272347270086,0.000565574037743833,0.216607280515047,-0.0770754886104373,0.249999934172825,-0.24863203564856,0.0517201621569667,0.236313701100332,-0.00668598158437056,0.00315113603317248,0.188989978207471,0,0,0.03,0.03,0.077924207239422,0.120089868171382,0.104794675418617,0.086167535815686,0.03,0.0447183335580854,0.03,0.03,0.14558389995163,0.03,0.03,0.130239348523043,0.205974920031104,0.03,0.03,0.03,0.03,0.0666969637845887,0.03,0,0.03,0,0,0.03,0.5,0.5,0,0,0,0,0,0,0,0,0,0,0,0,0,0,0,0,0,0,0,0,0,0.5,0,0.5,0.5,0
192,-0.0600000000137148,0.0487031701340103,0.0586538834391559,0.0496400596967685,-0.0100000001580292,0.0546190725902711,0.00725021728981493,-0.0766833346230334,0.0483228928128704,0.780717467720262,-8.43368302525368e-06,-1.05382254914373e-05,0.624884178289972,-0.0120677462857723,-0.0108402649627895,0.051053623528783,-0.0750000000128354,0.0733514905242214,-3.19952861068155e-05,-0.0157223843630799,0.0578326029205873,-0.000303474815203608,-0.0081429122540742,0.0558742729002084,0.0125439687788567,-1.17691340900632e-06,0.00303582402623081,0.0269948511964021,-0.00314924501639282,0.0536235486133955,-0.000145343994418084,0.219580005251002,-0.24742009055256,0.249999993036959,-0.273164443809199,0.0774916864933726,0.236410478784539,-0.0103688662171916,0.0968976630142487,0.201367245165482,0,0,0.03,0.03,0.0862044590498717,0.127463521091977,0.113151960325531,0.0929824221164155,0.03,0.0368653807341425,0.03,0.03,0.135758758901325,0.03,0.03,0.114268308098537,0.194301442121563,0.03,0.03,0.03,0.03,0.068272423590209,0.03,0,0.03,0,0,0.03,0.5,0.5,0,0,0,0,0,0,0,0,0,0,0,0,0,0,0,0,0,0,0,0,0,0.5,0,0.5,0.5,0
193,-0.0599999999576642,0.0500362903591719,0.0586404038194792,0.0493546169749833,-0.00999999987866594,0.0546067771802396,0.00758661831795476,-0.0758371609322188,0.0487543947229519,0.780575114382714,-1.24201224255174e-05,-1.55125259203507e-05,0.625061990666966,-0.0121296385649827,-0.00989838908112559,0.051040674714808,-0.0750000000460951,0.0595331651765562,-0.000816167523783007,-0.0121419853570557,0.0449455351747238,-0.000654417890489533,0.0331448966983378,0.0326206504688154,0.033518797222866,-1.24784471143574e-06,-0.00176333585145746,0.0397439215838837,-0.00216521204560379,0.0406747065447021,-0.000745268345371889,0.210066793315256,-0.228282990398513,0.249999941983536,-0.268841149536581,0.0886462322054134,0.236804131263658,-0.0469938375834867,0.0882731454415462,0.175915141015661,0,0,0.03,0.03,0.0825280590154662,0.127933892897805,0.110809438763588,0.0907088662847915,0.03,0.0456937199253315,0.03,0.03,0.134279595103648,0.03,0.03,0.113725324470841,0.191139418063121,0.03,0.03,0.03,0.03,0.0676791224132947,0.03,0,0.03,0,0,0.03,0.5,0.5,0,0,0,0,0,0,0,0,0,0,0,0,0,0,0,0,0,0,0,0,0,0.5,0,0.5,0.5,0
194,-0.0599999999159986,0.0511646287191925,0.0586344384987179,0.0491442815376137,-0.00999999980434576,0.0546046339618962,0.00835118225966254,-0.0752097999930399,0.0494806712833387,0.780158865173428,-2.53436237124773e-05,-3.16159216697937e-05,0.62558144977579,-0.0121511396779017,-0.00913749913899171,0.0510364107409902,-0.0750000000521894,0.0541263778957071,-0.000289699953270248,-0.00919354031331555,0.0426076941488881,-5.63672963063542e-05,0.0420935730302596,0.0296394469431279,0.0383772074232446,-5.56255050056974e-06,-0.00252316535187816,0.0810397373659282,-2.88704733317835e-06,0.0364108360240275,-0.000185701629678728,0.206186482396927,-0.218024383213953,0.249999990685164,-0.257971638234286,0.0822604324038301,0.234906274245955,-0.0565053992339295,0.0781064517156144,0.168178360707483,0,0,0.03,0.03,0.0799815307806258,0.122510106124968,0.107955279492075,0.0852550944197332,0.03,0.0473167852094201,0.03,0.03,0.13473430324573,0.03,0.03,0.112987486783502,0,0.03,0.03,0.03,0.03,0.0672497080660316,0.03,0,0.03,0,0,0.03,0.5,0.5,0,0,0,0,0,0,0,0,0,0,0,0,0,0,0.5,0,0,0,0,0,0,0.5,0,0.5,0.5,0
195,-0.0599999999426501,0.0519518901788473,0.0586102926000391,0.0490706151047337,-0.0100000000140314,0.0546175678135805,0.00960574919639205,-0.0749382730057481,0.0504946255624755,0.77936781972752,-3.51100867604691e-05,-4.36930067661633e-05,0.626566685234263,-0.0120855055120787,-0.0086647678190723,0.051013696250988,-0.0750000001169065,0.0292457278848213,-0.000788018628191914,-0.00117656151472357,0.0251444941200696,0.00342416622120946,0.0736516997822145,0.000483507876472578,0.0500000000386849,-1.58252024473679e-05,0.00522393296759754,0.112103368066893,0.00301488847407511,0.0136966053604165,-0.00097624446198696,0.204934208220048,-0.173922870575819,0.250000184673741,-0.278292183710787,0.110011239842893,0.232352014196149,-0.0821890960018897,0.0997355989747962,0.151723901190456,0,0,0.03,0.03,0.0805832934612083,0.130155269136675,0.110728210775593,0.0898805804087321,0.03,0.0524409996210561,0.03,0.03,0.124600036936517,0.03,0.03,0.10732197128713,0,0.03,0.03,0.03,0.03,0.0657096479986227,0.03,0,0.03,0,0,0.03,0.5,0.5,0,0,0,0,0,0,0,0,0,0,0,0,0,0,0.5,0,0,0,0,0,0,0.5,0,0.5,0.5,0
196,-0.0599999999690783,0.0524919664345373,0.0586065307981608,0.0490091430258307,-0.0100000000203486,0.0546555100474821,0.00999999990287945,-0.074726385086479,0.0514445967875342,0.778748078011142,-2.72506497959594e-05,-3.38398266731071e-05,0.627336780852338,-0.0120680164754569,-0.00845544275649768,0.0510091705944527,-0.0750000000120966,0.0262950233208556,-7.71436330441566e-05,-0.00239699497579135,0.0142862261576728,-4.89720053363106e-05,0.0266223788254178,0.0141889791839898,0.0420328141027148,-7.4012354407629e-06,-0.000221871106197531,0.0868960406370438,0.000669398717389599,0.00917078701816166,-6.00905850135742e-05,0.211189006878099,-0.184001126829392,0.249999958514085,-0.2444554607828,0.12696457158935,0.249999999332755,0.0315339836071409,0.228031618643909,0.20635192876456,0,0,0.03,0.03,0.0536528087909239,0.144018283084128,0.0899591740311967,0.0974914068421399,0.03,0.101814270142101,0.0333478023296669,0.03,0.123057215349918,0.03,0.03,0.101514798985598,0,0.03,0.03,0.03,0.03,0,0.03,0,0.03,0,0.0593700106907379,0.03,0.5,0.5,0,0,0,0,0,0,0,0,0,0,0,0,0,0,0.5,0,0,0,0,0.5,0,0.5,0,0.5,0,0
197,-0.0600000003135187,0.0535042652686261,0.0586483387311183,0.048881152857246,-0.0100000000572658,0.0547058971833178,0.00999999992263482,-0.0739479604951216,0.0519118089613048,0.778031327335242,-4.10192471109319e-05,-5.08267599930555e-05,0.628225490195755,-0.0120487740915979,-0.00780145277392955,0.0510529007083606,-0.0750000000547016,0.0700414853551415,0.00196435172167539,-0.00917977716451519,0.0621189066043552,0.00244992656381806,0.0197319425974294,0.0596510691676543,0.0111121544695571,-1.36378390739713e-05,-0.00529260708760407,0.130627919777476,0.00259287812498506,0.0529011240876823,0.00218059431870897,0.212450131303448,-0.249545074724848,0.246561680594786,-0.193931836950593,0.0415036307863182,0.243264811399162,0.0182051939868345,0.162137560302396,0.236916844602487,0,0,0.03,0.03,0.0517838843930767,0.116627593816246,0.0807484133850633,0.0797903395588726,0.03,0.0825206919984703,0.03,0.03,0.143272642872252,0.03,0.03,0.102100536162189,0,0.03,0.03,0.03,0.03,0,0.03,0,0.03,0,0.0608847863301551,0.03,0.5,0.5,0,0,0,0,0,0,0,0,0,0,0,0,0,0,0.5,0,0,0,0,0.5,0,0.5,0,0.5,0,0
198,-0.0600000000000096,0.0550974358371502,0.0586608402859911,0.0485670744148194,-0.0100000000000662,0.0547394086017128,0.0100000000000686,-0.0727728474460979,0.052297498318549,0.77787186080718,4.20016128713047e-06,5.19881763644796e-06,0.628422921535197,-0.0121074786186817,-0.0066208710757448,0.051059953680216,-0.0749999999999999,0.0749999999999994,-3.75430044526227e-05,-0.0193256324677119,0.0644987257357475,0.0020624355306511,0.00493447983952701,0.0577450757509707,0.0258299195564751,-8.85353028231818e-09,0.00355166779420968,-0.0133669830546193,-0.00651724418913225,0.0599536797211422,-0.00017445739512292,0.17784816147656,-0.246392360778973,0.25,-0.145649030198152,0.0240929408392008,0.241498621810033,0.127211417302179,0.0944488944485479,0.222414733233937,0,0,0.03,0.03,0.0380409086744776,0.110844334800688,0.0722725132240875,0.0669946279054421,0.03,0.101103026340096,0.03,0.03,0.146701472087082,0.03,0.03,0.103075599667521,0,0.03,0.03,0.03,0.03,0,0.03,0,0.03,0,0.0658059224574338,0.03,0.5,0.5,0,0,0,0,0,0,0,0,0,0,0,0,0,0,0.5,0,0,0,0,0.5,0,0.5,0,0.5,0,0
199,-0.0599999999999774,0.0566581662029588,0.0586508446243778,0.0481677506489712,-0.0100000000000196,0.0548890570761722,0.00990417810863106,-0.0718458534007681,0.0529592164820668,0.778323807119528,4.1442830042268e-05,5.13482124394798e-05,0.627863093680144,-0.0123086374945972,-0.00560596145960669,0.0510453071272755,-0.0749999999999996,0.0749999999999993,-0.000191256273866549,-0.023632604088081,0.0541929478748641,0.0125920357284181,-0.0115617256418331,0.0388494528713935,0.0399541400732847,-1.22500077671426e-05,0.00850750985763705,-0.131971923923892,-0.0154549442504207,0.0453074216813066,-0.000526562280907113,0.174946315863823,-0.0407111799419409,0.25,-0.136212079676694,0.0454740533501062,0.231402030120855,0.123041150848704,0.0161342234775677,0.20678818943093,0,0,0.03,0.03,0.03,0.124617322908842,0.0707482106061258,0.0663955199050777,0.03,0.125617494090529,0.03,0.03,0.134853193742093,0.03,0.03,0.121622061382813,0,0.03,0.03,0.03,0.03,0,0.0301937344564768,0,0.03,0,0.078269068478224,0.03,0.5,0.5,0,0,0,0,0,0,0,0,0,0,0,0,0,0,0.5,0,0,0,0,0.5,0,0.5,0,0.5,0,0
200,-0.0600000000000075,0.0581899080672774,0.0586476427015872,0.0476828045369356,-0.0100000000000405,0.055405224313179,0.00992153760931903,-0.0711650195370846,0.0536582877160951,0.779287283945412,4.35456329218312e-05,5.41196675186427e-05,0.626666852130927,-0.0126610326284467,-0.00473760371006664,0.0510416088339927,-0.0750000000000001,0.0749999999999994,-0.000301143469540459,-0.024966513350345,0.0725212548392523,0.0355955111565768,0.00734339313828822,0.0305008347774631,0.034315670918482,-2.06105899363401e-05,-0.00184114163251784,-0.138926753661627,-0.0184344129556455,0.0416093767334091,-0.000241391653573319,0.154075163402369,-0.0350452409499749,0.25,-0.124800887767619,0.0245744027689011,0.207523192695881,0.0666735098747109,-0.00273919559054136,0.210015142876814,0,0,0.03,0.03,0.03,0.124748180195855,0.0687731300618748,0.0626105377667824,0.03,0.12617721222768,0.03,0.03,0.132357633110649,0.03,0.03,0.124617628132548,0,0.03,0.03,0.03,0.03,0,0.03,0,0.03,0,0.0769905575999191,0.03,0.5,0.5,0,0,0,0,0,0,0,0,0,0,0,0,0,0,0.5,0,0,0,0,0.5,0,0.5,0,0.5,0,0
201,-0.0599999999412257,0.0596794105531152,0.0586417503188177,0.0471103420102334,-0.010000000341113,0.0560657508793148,0.00999999935929057,-0.0706329496420197,0.0543902022758106,0.780202685864158,4.23948618628374e-05,5.28481935218223e-05,0.625526804554264,-0.0130775291425021,-0.00397840622548229,0.0510356416271942,-0.0750000000424892,0.0738861110084416,-0.000265643130033449,-0.0302007102375978,0.0611003053121828,0.0299193564803042,0.00788193142747911,0.0252382345508843,0.0386325354426131,-2.02016677182898e-05,-0.00256432300850776,-0.135503055595919,-0.0225461003872001,0.0356423018930853,-0.000177852445689362,0.143379407730789,-0.186188880529793,0.244873549286266,-0.192090677060757,0.08197208503165,0.213307223040074,0.0785114276088937,0.0133932306450773,0.204466889903055,0.03,0.064905067864826,0,0,0.0364163032471739,0,0.089271223789727,0.0833244270456811,0.03,0.125086182771595,0.03,0.03,0.128664834603346,0.03,0.03,0.146563291960532,0,0.03,0.03,0.03,0.03,0,0.03,0,0.03,0,0.0786026154274856,0.03,0,0,0.5,0.5,0,0.5,0,0,0,0,0,0,0,0,0,0,0.5,0,0,0,0,0.5,0,0.515041352505201,0,0.5,0,0
202,-0.0599999997510106,0.0611074918696981,0.0586602010579144,0.0465967514404734,-0.0099999998030118,0.0563379040601909,0.0100000006804503,-0.0700052867654956,0.0549984637926139,0.780031489048444,-4.37082591730278e-05,-5.45145265057199e-05,0.625740274295179,-0.013403686378755,-0.00331008065253547,0.0510269380326607,-0.0749999999896298,0.0676103406165822,0.00448980613285106,-0.0204620703932608,0.0200388862944123,0.0150700707561651,0.0178928801255398,0.0299823570343366,0.0230226305173874,-1.16492525863641e-05,-0.0104903071326286,0.139746263107013,-0.0138324725246574,0.0269382858367544,-0.000606197507564287,0.127467175176712,-0.132584885561585,0.243712844370743,-0.221571148672772,0.135549731108344,0.228065236480385,0.0433348282328187,0.0213667849282665,0.220363760022052,0.03,0.05233827597924,0,0,0.0402296070937566,0,0.0950017958571823,0.0888724274946084,0.03,0.121705772320102,0.0323125435869942,0.03,0.121992726945083,0.03,0.03,0.144331246923062,0,0.03,0.03,0.03,0.03,0,0.03,0,0.03,0,0.0751634528187591,0.03,0,0,0.5,0.5,0,0.5,0,0,0,0,0,0,0,0,0,0,0.5,0,0,0,0,0.5,0,0.520322024070776,0,0.5,0,0
203,-0.0600000000748924,0.0626849491739569,0.0588075855956206,0.046140695584138,-0.0100000002559309,0.0567565264697901,0.0100000000429759,-0.0689309209742235,0.0551599001170654,0.778027507075984,-0.000133595912689555,-0.00016573617893791,0.628230319473116,-0.0136518140720133,-0.00245008366260955,0.0510519465470261,-0.0749999999827591,0.0749999999736107,0.00182710845457921,-0.0231880488906345,0.0562789092094895,0.020660663334503,0.0150507987679506,0.065726079705931,0.000649961190876374,-0.000169792961652217,-0.00487280911215837,0.425752788091972,-0.00969014327452941,0.0519509206930026,0.000514607365717928,0.111995730347495,-0.0537298631299031,0.241817173688227,-0.195803211869241,0.0750688874960585,0.222115346077307,0.0222616863829876,-0.0330769632436181,0.249020152639884,0.03,0.0493971832831384,0,0,0.041994994032144,0,0.0888421834053492,0.0820126990680775,0.03,0.0975913400403328,0.03,0.03,0.127460723432745,0.03,0.03,0.142611233607914,0,0.03,0.03,0.03,0.03,0,0.03,0,0.03,0,0.0716754840114033,0.03,0,0,0.5,0.5,0,0.5,0,0,0,0,0,0,0,0,0,0,0.5,0,0,0,0,0.5,0,0.518443739819523,0,0.5,0,0
204,-0.0600000000842448,0.0642231726191084,0.0588408459774508,0.0456774359017306,-0.0100000003590019,0.0571965654057911,0.00999999996874624,-0.0678224857906997,0.0551826088537506,0.77592748796666,-8.77000621470429e-05,-0.000107998706688661,0.630822155255292,-0.0138906449744104,-0.00154345069377111,0.0510456033420753,-0.0749999999958153,0.0749999999834794,0.00482582376469221,-0.0282675836846277,0.0331205626751492,0.028158695061639,0.00294515925770447,0.0520184268409653,0.00539851650652563,-8.58180260721315e-05,0.00589710055713235,0.27824466221047,-0.0180689896891212,0.0456055942369737,0.000225682481588402,0.105989833136443,-0.0411550527339471,0.23822516615467,-0.190923748064952,0.106732640029434,0.215217953051328,0.0510772543898611,-0.00438097581825449,0.241508757497675,0.03,0.0460391711866196,0,0,0.0408348071623746,0,0.0892307560734246,0.0835840958129153,0.03,0.113677889086628,0.03,0.03,0.121648650796032,0.03,0.03,0.145626949401317,0,0.03,0.03,0.03,0.03,0,0.03,0,0.03,0,0.0726140015915897,0.03,0,0,0.5,0.5,0,0.5,0,0,0,0,0,0,0,0,0,0,0.5,0,0,0,0,0.5,0,0.512578317508646,0,0.5,0,0
205,-0.0600000001979287,0.0658498302087604,0.0588683061902495,0.0450312471076365,-0.0100000002336079,0.0577733239766898,0.0100000000072182,-0.0665406171605559,0.0553140225074045,0.773657577889483,-0.000132063588577875,-0.000170620335645807,0.633604048126929,-0.0142953712318405,-0.000447332753286222,0.0510602844586987,-0.074999999998925,0.0749999999992042,0.00042527673146833,-0.0322884423624458,0.0577046843243164,0.0269091781119875,0.00938556712132993,0.0718022511247975,0.0050631280769693,0.0030074022049534,-0.0100630750225345,0.429040841579638,-0.0193340536649656,0.0595399833390071,0.000656808174960945,0.0951074611557591,0.00161841553752618,0.241877435395933,-0.140667032477795,0.050539424919316,0.21621234446443,0.0413944419753916,-0.0213868056873999,0.242841718372047,0.03,0.0455194059728261,0,0,0.0317930689583132,0,0.0771241025465897,0.0709671937885434,0.03,0.107813186267087,0.03,0.03,0.125889309594109,0.03,0.03,0.142288260786899,0,0.03,0.03,0.03,0.03,0,0.03,0,0.03,0,0.0729429068900564,0.03,0,0,0.5,0.5,0,0.5,0,0,0,0,0,0,0,0,0,0,0.5,0,0,0,0,0.5,0,0.500784298359742,0,0.5,0,0
206,-0.0600000001494948,0.067425509630697,0.0588577011804839,0.0442650102948557,-0.010000000164115,0.0582026790706541,0.00999999999747041,-0.0654400737330714,0.0557756565760303,0.772017867831157,-3.68541591116887e-05,-4.47881204291536e-05,0.635600835489794,-0.0148308237573129,0.000602662438990797,0.0510467515461349,-0.0750000000037852,0.0750000000015963,-0.00140416559104965,-0.0445361956007257,0.0347449925647324,0.0181208344169274,0.0121600604513374,0.0424466517210998,0.039772246080041,-2.3955422423048e-05,0.0155888987991509,0.116003589699878,-0.0345727482986254,0.0467522047945002,-0.000630518258627477,0.0973181071866787,0.00940661857060893,0.24514208998642,-0.0795097544933934,0.0506396928933941,0.226914583806773,0.0757530889487542,0.0560521314475012,0.205111397559466,0.03,0.0381834199224226,0,0,0.03,0,0.0598789167301322,0.0560563121632366,0.03,0.139746602923965,0.0395683618945065,0.03,0.11929812393053,0.03,0.03,0.132607249820174,0,0.03,0.03,0.03,0.03,0,0.0314711141973609,0,0.03,0,0.0786343418374491,0.03,0,0,0.5,0.5,0,0.5,0,0,0,0,0,0,0,0,0,0,0.5,0,0,0,0,0.5,0,0.5,0,0.5,0,0
207,-0.0600000000859759,0.0689953059699174,0.0589291440162611,0.0434501143158542,-0.00999999991364485,0.0586886148857361,0.00999999998197716,-0.0645586802499488,0.0566515348163317,0.771137256091224,-5.03541305177732e-05,-6.10280210736034e-05,0.63666894927755,-0.0154731177955503,0.00151457963985711,0.0510453167960821,-0.075000000004625,0.0750000000024107,0.00764340955058439,-0.038276767522558,0.0252327961858305,0.0292928985604161,0.025461866584167,0.0450157154611838,0.0465337267347203,-2.33573949991003e-05,-0.00215828516743464,0.158239762968231,-0.0298905961163481,0.0453173869577011,-3.18468838678189e-05,0.0996070167921985,0.0116422936269378,0.237236668382131,-0.0677441359843338,0.04604852846877,0.219899795237693,0.0733009113974239,0.0672672625036077,0.196397195365238,0.03,0.0353196355126564,0.03,0,0.03,0,0.0499992791066577,0.0507181833837551,0.03,0.147915442491622,0.0449584483510605,0.03,0.118792337357142,0.03,0.03,0.128607460497874,0,0.03,0.03,0.03,0.03,0,0.0351185950753602,0,0.03,0,0.0800013770478472,0.03,0,0,0,0.5,0,0.5,0,0,0,0,0,0,0,0,0,0,0.5,0,0,0,0,0.5,0,0.5,0,0.5,0,0
208,-0.0600000000674524,0.0705779568392865,0.058573811943651,0.0425857018527402,-0.0100000000524553,0.0590707911074894,0.0099999999740352,-0.0637706688641083,0.0576582784409675,0.770556325103001,-1.09165284041594e-05,-1.31998207383894e-05,0.637371909305548,-0.0161576091243513,0.00238451433880324,0.0510418059697434,-0.0750000000070538,0.0750000000161524,-0.0385565897131102,-0.0468023345097599,0.0338528005910142,0.010660402183126,0.029280171876458,0.0347800376484216,0.0499999999999316,-2.51112149314151e-06,0.0063841354256918,0.0342581837131964,-0.0381153933665307,0.0418060506049906,-0.000191111868454626,0.118813550802363,-0.153423244705008,0.250000059969719,-0.109891901423715,0.0646738094380364,0.240789979077636,0.102332833925485,0.154610575272969,0.189036853708833,0.03,0,0.03,0.03,0.03,0,0.0557880171665209,0.0654099037967903,0.03,0.16399911164675,0.0675254527675836,0.0460767962782209,0.0998482757791749,0.03,0.03,0.117289051551703,0,0.03,0.03,0.03,0.03,0,0.0394414659824295,0,0.03,0,0.0765263158198924,0.03,0,0.5,0,0,0,0.5,0,0,0,0,0,0,0,0,0,0,0.5,0,0,0,0,0.5,0,0.5,0,0.5,0,0
209,-0.0599999999819449,0.0722199311221805,0.0583944763282181,0.0417159105200697,-0.00999999999481769,0.059317205936006,0.00999999999746608,-0.0632061194167454,0.0586597404651705,0.770524139507129,5.29997906645493e-11,-7.03559171921637e-12,0.637410817632509,-0.0168851432934098,0.00312371575493744,0.0510336592032,-0.0750000000002593,0.0749999999963724,0.0152434293517227,-0.0400475499807496,0.0197343723012315,0.0145376001180627,0.0598429073199337,0.0252621405547953,0.0500000000036804,-3.27116965872443e-13,-2.29661442672914e-13,7.06385122402969e-14,-0.0336592481997799,0.0336592482057839,-0.000337801634799517,0.111295018500379,-0.0503728380128212,0.242236902024349,-0.12371633058778,0.086614197357752,0.225590163925681,0.0826105822987556,0.182436953386273,0.179400477760368,0.03,0,0.03,0.03,0.03,0,0.058136257882553,0.0667673150820464,0.03,0.170186310297581,0.0770678994506211,0.0524839628218922,0.0923473718599869,0.03,0.03,0.11512420360114,0,0.03,0.03,0.03,0.03,0,0.040608409661273,0,0.03,0,0.0756723583802252,0.03,0,0.5,0,0,0,0.5,0,0,0,0,0,0,0,0,0,0,0.5,0,0,0,0,0.5,0,0.5,0,0.5,0,0
210,-0.059999999999965,0.0738130160338729,0.0588570443837154,0.0410848562329654,-0.00999999999998353,0.0597207613543807,0.00999999999994871,-0.0626622105776231,0.059643234643952,0.770283161614694,-2.44562962029934e-05,-2.95495763585389e-05,0.637702011417222,-0.0174093617231676,0.00371828113566716,0.0510269689385493,-0.075,0.0749999999999998,0.0295795539839109,-0.0243124035865162,0.00605477831505409,0.0251546141008269,0.060133153922799,0.0273861714923997,0.0484992234097153,-4.32816248651944e-06,-0.0043533520357754,0.0767147418079881,-0.0196547094738797,0.0269690436900955,-0.000302091902927279,0.0970173295634097,-0.00227920616496321,0.21543775402299,-0.154761138456925,0.120298401136849,0.187211835022572,0.0752719069549906,0.175820687059511,0.154973278025829,0.03,0,0.03,0.03,0.03,0,0.0697778841572163,0.0716870169478122,0.03,0.159551412526733,0.0783404606809422,0.0572987916200863,0.0846718063768477,0.03,0.03,0.117495176499013,0.164319433154845,0.03,0.03,0.03,0.03,0,0.0382342903531725,0,0.03,0,0.0716482065096001,0.03,0,0.5,0,0,0,0.5,0,0,0,0,0,0,0,0,0,0,0,0,0,0,0,0.5,0,0.5,0,0.5,0,0
211,-0.0599999999553617,0.075471751335951,0.0589741868967858,0.0404462453855602,-0.00999999995334181,0.0598413213803915,0.0100000000492309,-0.062011952433316,0.0599999948321217,0.769838456371232,-2.46802002417039e-05,-2.9778294535563e-05,0.63823879201911,-0.0179182434024878,0.00436410855112226,0.0510381939122265,-0.0749999999979685,0.0749999999878848,-0.0135521288394413,-0.0373293673646298,0.0433848634957913,0.000784836816526091,0.0197170745284877,0.0376390648619397,0.00229711026224512,-5.4317376795336e-06,-0.00145766256973754,0.0773526954467337,-0.0306673321834356,0.038194060902467,0.00071458657863815,0.0834497731067909,-0.0085128947495309,0.249999994135213,-0.119114775888312,0.0722493835962025,0.205661277126733,0.117683944709132,0.148406078931488,0.183316974908894,0.03,0,0.03,0.03,0.03,0.139150097615851,0.0629136371028994,0.0651992401863679,0.03,0.16155467665671,0.0773014013194269,0.0553984592286123,0.086827238358465,0.03,0.03,0.12662771702602,0.171306947313485,0.03,0.03,0.03,0.03,0,0.0360317813205432,0,0.03,0,0.0760826520179171,0.03,0,0.5,0,0,0,0,0,0,0,0,0,0,0,0,0,0,0,0,0,0,0,0.5,0,0.5,0,0.5,0,0
212,-0.0595623135534299,0.0769893308508248,0.0587610809836184,0.0392101493716828,-0.0100000000003251,0.0598699650169982,0.0100000000052557,-0.0611375344302433,0.0597603149967151,0.769555159062074,-1.33884970556466e-06,-1.61349101431194e-06,0.638580345124561,-0.0189570257509411,0.00549384239193631,0.05107039324266,0.0734608054897238,0.0749999999984711,-0.00828521619559007,-0.0749999999996679,0.0729871064092085,0.00130164261485735,0.0562817013228635,0.0526263406201999,-0.0236684305511727,-1.1961144635888e-07,0.00221275382914985,0.00419325360150897,-0.0698682542718969,0.0703932412048016,0.00140871222792642,-0.0440638087368892,-0.0293539534460516,0.249999975770925,-0.0353470036964906,-0.00397114742258248,0.222269402602149,0.108883149452756,0.175247704695696,0.218527104178915,0.03,0,0.03,0.03,0.03,0,0.03,0.0503209175126239,0.03,0.183683719684295,0.0866148642513873,0.0597469297920846,0.0853427655597151,0.03,0.03,0.104934895686227,0.162952464704045,0.03,0.03,0.03,0.03,0,0.0493622154553963,0,0.03,0,0.0774816471468426,0.03,0,0.5,0,0,0,0.5,0,0,0,0,0,0,0,0,0,0,0,0,0,0,0,0.5,0,0.5,0,0.514307629495754,0,0
213,-0.0596007213734183,0.0786419688651669,0.0584684051269166,0.0378975586923374,-0.00999999982548939,0.0600000035027545,0.0099999999924606,-0.0599575194856172,0.0594045718023274,0.768988608962613,-4.99220350744396e-05,-6.0089138106393e-05,0.639262495038912,-0.0200561243088273,0.00675951542837296,0.0510585158400821,-0.06359592058797,0.0749999999973943,-0.0198279089183119,-0.0528458569872683,0.0412862905430487,0.0262806288002121,0.0506001656401641,0.0594749997313681,-0.01297663638687,-1.89235539575791e-05,-0.00744720833235547,0.156242461825208,-0.043535897653415,0.0585163242752943,-0.000519594715149366,0.0831315576743191,-0.0164956427230911,0.249999948985136,-0.0652068344146998,0.0353078550117437,0.181789452807211,0.10209973227965,0.154123680123834,0.22929474662416,0.03,0.03,0.03,0.03,0.03,0.112307845718204,0.0377139368346308,0.0523800507482396,0.03,0.167102026656216,0.0858450968792504,0.0669343037775114,0.0720911838937396,0.030898454014078,0.03,0.0986011361607675,0.145580792970018,0.03,0.03,0.03,0.03,0,0.0486217352194041,0,0.03,0,0.0676841856848138,0.03,0,0,0,0,0,0,0,0,0,0,0,0,0,0,0,0,0,0,0,0,0,0.5,0,0.5,0,0.504414663290119,0,0
214,-0.0600000000039659,0.0801794382452999,0.0578871559234422,0.0366689764219938,-0.0100000000182211,0.0600000079974803,0.0100000000230486,-0.0584519408127049,0.0594315644425473,0.767339126878646,-7.69911815157407e-05,-9.22230322299814e-05,0.641241536154572,-0.0210410296297928,0.00823527903662358,0.0510795663470153,-0.00571892033392466,0.0750000000001814,-0.0366182046493109,-0.068184928130752,0.0750000000006392,3.31650416124181e-05,0.0523203461789702,0.0750000000000705,0.0130710634419588,-6.39123855549181e-05,0.00502187700631067,0.240272527213329,-0.0556684080651909,0.0795679800058239,0.000276604273912511,-0.0220924426599492,-0.000124787418212209,0.249999986996932,-0.0541974337601916,0.00832249425039126,0.222560312954665,0.140630825010289,0.213007637538057,0.211850577568119,0.03,0.03,0.03,0.03,0.03,0,0.03,0.0615395698683879,0.0460075969149589,0.185880958691976,0.0967862910235534,0.0978182883239512,0.0633489777335837,0.0396060585110577,0.03,0.0915898836789072,0.140129223231213,0.03,0.03,0.03,0.03,0,0.0656154438199072,0,0.03,0.055236877412157,0.0897559541416002,0.03,0,0,0,0,0,0.5,0,0,0,0,0,0,0,0,0,0,0,0,0,0,0,0.5,0,0.5,0,0,0,0
215,-0.0599999999959517,0.0817600420986788,0.0573030293208297,0.0354032892945967,-0.00999999996897888,0.0599999948243916,0.0100000000256159,-0.056866367432975,0.0596858212099193,0.765720049175139,-8.89799654230674e-05,-0.000106051805769493,0.643174054004019,-0.0220848472066999,0.00977363739951794,0.0510763891397986,-0.0289231759915308,0.0749999999991187,-0.0231419890426204,-0.0598975446008451,0.0749999999990103,0.0145842361021332,0.0489310643499732,0.074999999998805,0.0124203005466303,-7.29921122091032e-05,-0.0025819206784667,0.276871377324508,-0.0492541024018493,0.076391053963006,1.46401921428571e-05,0.0768016744433051,-0.00180352621731494,0.194279558160537,-0.0785906182452979,0.0161495778910287,0.211380221709503,0.175936893074093,0.290492838914973,0.208332439326991,0.03,0.03,0.03,0.03,0.03,0.114479959298146,0.03,0.0689799235828634,0.0844072980214111,0.187055678740649,0.114721883210956,0.131865020646853,0.03,0.03,0.03,0.0991674682001156,0.07597587374346,0.03,0.03,0.03,0.03,0,0.0777259868458291,0,0.0407653248880285,0.0664908628877729,0.0945609810077179,0.03,0,0,0,0,0,0,0,0,0,0,0,0,0,0,0,0,0,0,0,0,0,0.5,0,0.5,0,0,0,0
216,-0.0594177347310209,0.0825705657335934,0.0569330081893428,0.0342372882318552,-0.00999999996113385,0.0599992417515769,0.00999999999751967,-0.0552867042546965,0.0598781911328182,0.763928630558302,-8.80162935702228e-05,-0.000104311835376847,0.645300785095545,-0.0230390243132475,0.0112760369959362,0.0510727295868473,0.0715610629363439,0.0123203323855066,-0.0147039300041223,-0.0552210397110885,0.0749999999999522,-0.000181564777387668,0.0541830180626173,0.0750000000000534,0.00732520166309832,-7.37179049092758e-05,-0.000678086946802392,0.272967607708491,-0.0458559076611975,0.0727315027320371,-0.000211161188392958,-0.0223203038187951,0.026533649147804,0.192062390378528,-0.0441359842171513,-0.0272955009553393,0.216586235498597,0.164699845180739,0.255548049487838,0.196690907540974,0.03,0.03,0.03,0.03,0.03,0.0746341249249975,0.03,0.0428568057360886,0.0672645030357813,0.187920483126763,0.113264248531898,0.117335686915077,0.03,0.03,0.03,0.0790300052895302,0.0604632123499806,0.03,0.03,0.03,0.03,0.0844451899753375,0.0747752399766251,0.0572731833639399,0.03,0,0.0689491072718418,0.03,0,0,0,0,0,0,0,0,0,0,0,0,0,0,0,0,0,0,0,0,0,0,0,0,0,0.5,0,0
217,-0.0577231645609597,0.0824997517970297,0.0561814987914686,0.0335566595894022,-0.0100000002034023,0.0599839755662398,0.00999999970749694,-0.0536618338221047,0.0599991817302904,0.761318935402528,-0.000156935178223082,-0.000184628648286241,0.648377709568935,-0.0236005922153556,0.01262284451372,0.0510616251710779,0.0750000000412833,-0.0165179016835225,-0.0500000001032557,-0.0182059476966066,0.0750000000237598,-0.00123618701715409,0.0749999999615567,0.0749999999322781,0.00500512765740546,-0.000217979873544491,-0.0066564498183783,0.484628875509892,-0.0141333336873032,0.0616306414706181,-0.000748984465836895,-0.0501433774191696,0.0486060328435783,0.220184612507014,-0.0545511546780517,-0.045002730120172,0.212467305068044,0.151013869865638,0.264417116500665,0.18876372451628,0.03,0.03,0.03,0.03,0.03,0.0640230152574093,0.03,0.0338615350959091,0.0726229828254203,0.185522711810563,0.120775233947451,0.129458965536895,0.03,0.0329425736036029,0.03,0.0510371909820979,0.0354188144897292,0.03,0.0442221034996875,0.03,0.03,0.0742247730785798,0.0792812070405368,0.0462570719996615,0.03,0,0.0585116667019659,0.03,0,0,0,0,0,0,0,0,0,0,0,0,0,0,0,0,0,0,0,0,0,0,0,0,0,0.5,0,0
218,-0.0561467214205051,0.082236030892529,0.0554793879491564,0.0334629643250836,-0.00999999938169784,0.0598839607597053,0.0100000002795794,-0.0520092551046311,0.0600000014002455,0.757737093343798,-0.000185984666093107,-0.000216460055795191,0.652560143536116,-0.0236692903645235,0.0137752637235465,0.0510564282400432,0.0749999999947255,-0.010459921562387,-0.0229191650146397,3.57219185705873e-05,0.0749999999971754,-0.00808111436904967,0.0731543243605467,0.0749999999977162,0.00231620153979087,-0.00032555561767046,-7.38432179904964e-05,0.570772600444352,-3.75024610195936e-06,0.0564364825022317,1.21474523821433e-05,0.0605615501513195,-0.0230682352593615,0.170416554755827,-0.0423181984928592,-0.0812062234655586,0.205173721430062,0.134814849678544,0.231669846492679,0.190529549402908,0.0692672323573416,0.049075341328186,0.06865441747995,0.0496881326827687,0.03,0.03,0.03,0.03,0.0624197142075949,0.175673296623149,0.111171605712487,0.122488328194218,0.03,0.03,0.03,0.03,0.0333149438049235,0.03,0,0.03,0.03,0,0.045581543763308,0.03,0.03,0,0.0305937785879414,0.03,0,0,0,0,0,0,0,0,0,0,0,0,0,0,0,0,0,0,0.5,0,0,0.5,0,0,0,0.5,0,0
219,-0.0544415466020675,0.081917669947903,0.0555003002847788,0.0335116571854665,-0.00999999999952815,0.0598566040657884,0.0100000000000276,-0.0501401435178759,0.0599953546167317,0.753392873152277,-0.000220280971218373,-0.000253065303679674,0.657570921179529,-0.02366609111315,0.0150797705433705,0.051066462065754,0.0749999999999993,-0.0203838506669085,0.020653164942924,0.00248669856322891,0.0688914555743944,0.00412549429784205,0.0749999999999987,0.0749999999999984,-0.00109190018524356,-0.000450327056363587,1.1214231543415e-05,0.671016670192807,6.01484485112241e-07,0.0664737750967697,5.00753136654996e-06,0.230783329400245,-0.0814668857909397,0.149999999999999,-0.0692706631315144,-0.0592253937784787,0.188658268811463,0.156580960107706,0.261155104444389,0.197137011960142,0.139781195774053,0.069550167466882,0.109894691362904,0.0991662711122775,0.03,0.03,0.03,0.03,0.0658842224497746,0.190928555004928,0.118944891724082,0.133306912943987,0.03,0.03,0.0518181812006302,0.03,0.03,0.03,0,0.03,0.03,0.0336677550325157,0.0636196148009322,0.03,0.03,0,0.03363419369493,0.03,0,0,0,0,0,0,0,0,0,0,0,0,0,0,0,0,0,0,0.5,0,0,0,0,0,0,0.5,0,0
220,-0.0522881157032742,0.08060251352279,0.0555388843160002,0.033580714320397,-0.0100000008866613,0.0595735860955353,0.0100000017676758,-0.0482574048208954,0.0599718224736414,0.748997667230096,-0.000220427516729204,-0.000249848907813468,0.662572885357943,-0.0236658541581504,0.0164003278355728,0.0510661174074097,0.0750000000347106,-0.0749999999836099,-0.0133904040092456,0.00489740267119495,0.07082419358474,-0.0279393026967037,0.0749999999285253,0.074999999890698,-0.00124564429876271,-0.000442223691974377,-0.000682403306383742,0.666371700024083,-3.47965940683429e-05,0.0661289537954751,7.31225115604502e-05,0.400000023745918,-0.0836867891921834,0.200987715002411,-0.00639753221449002,-0.0920029314113422,0.228752167357218,0.221242316145354,0.341515352391531,0.209903336346697,0.220549330974525,0.0804250181702278,0.146097517221348,0.146409634584937,0.03,0.03,0.03,0.03,0.0744480144791881,0.231233657389979,0.136608641022247,0.168674335313602,0.03,0.03,0,0.03,0.0370827987248538,0,0.054312288210072,0.03,0.03,0.03,0,0.03,0.0500681953690566,0,0.0516869454808662,0.03,0,0,0,0,0,0,0,0,0,0,0,0,0,0,0.5,0,0,0.5,0,0,0,0,0.5,0,0,0.5,0,0
221,-0.0500561942652115,0.0807177988710024,0.0557097707305756,0.0339569751742305,-0.00999999953247442,0.0591297968852362,0.010000001434852,-0.0464724692533288,0.0600000043289587,0.743210013900096,-0.00025419733457556,-0.000203374579243973,0.669058611113516,-0.0235530260035325,0.0174425345639135,0.0510727684394434,0.0750000000056454,0.0195760292715474,0.0264861768455831,0.0183227064197484,0.0315112556256473,-0.0205502523024457,0.0749999999350773,0.0749999998874196,0.00422906381095276,-0.00194491777759582,-0.00577586357052001,0.810188998668782,0.00590036898298929,0.0588727786687071,-0.000469398837083227,0.400000003862122,-0.133436167997528,0.184352304414555,0.100252947998055,-0.145734643674765,0.227986158086328,0.234634371558527,0.378586810263913,0.199455586905251,0.253964149727936,0.0345272173724454,0.134104141858352,0.148497399117854,0.03,0.03,0.03,0.03,0.0916850910801018,0.233259436767163,0.149164639019589,0.175779356890909,0.03,0.0559096035630945,0.13494692823672,0.03,0.03,0,0.0822687786280477,0.03,0.0702216265011842,0.03,0,0.03,0.0491074333924379,0,0.03,0.03,0,0,0,0,0,0,0,0,0,0,0,0,0,0,0,0,0,0.5,0,0,0,0,0.5,0,0,0.5,0,0
222,-0.0478113381101098,0.0812314534636058,0.0559886510514313,0.0342445803918126,-0.00999999948408461,0.0588917232534987,0.010000000282164,-0.0447057962879318,0.060000000155085,0.738369681264107,-0.000268412297149169,-0.000202957542047679,0.674396435897249,-0.02342609451313,0.0186293428891128,0.0510670003400449,0.0749999999965604,0.0306574279830292,0.00368189636425224,0.0148645876048341,0.075000000001627,-0.0048266911316902,0.0750000000002552,0.0749999999990822,0.00103476378464861,0.00418519133223535,2.62500907946065e-05,0.672956231942968,0.00619894506707665,0.0605740488771273,-4.09781131727771e-05,0.399999997646992,-0.0845445405632423,0.230922699876575,0.153996522970008,-0.248013095967345,0.218724535445682,0.233449440307962,0.399999999372084,0.202970465824371,0.299040430018877,0.03,0.115504864160142,0.154806844276474,0.03,0.03,0.03,0.03,0.110555383828511,0.223495920297862,0.156571617812566,0.177479138369499,0.03,0,0,0.03,0.03,0.191521582652909,0.115395203384928,0.03,0.1346071733064,0.03,0.134755304343936,0.03,0.0403271162801692,0.03,0,0.0467756533238749,0,0,0,0,0,0,0,0,0,0,0,0,0,0.5,0.5,0,0,0,0,0,0,0,0,0,0,0,0.5,0
223,-0.0455841484937013,0.0817427083842195,0.0566496891120059,0.0351223378741388,-0.0102574833973115,0.0585234798626776,0.0099999999982019,-0.0428671370881159,0.0598318449754698,0.732873548893976,-0.000546214729145445,-5.97856538406818e-05,0.680365227366228,-0.022952916842016,0.0197674982873039,0.0510881683458241,0.0749999999942432,0.0225669883076468,0.0499999999594363,0.0579507005822391,-0.0525880585222155,-0.0295338747634764,0.0749999999985361,0.0750000000569217,-0.00688490878013571,-0.0198877790185815,-0.00406823051522463,0.884538322440451,0.0359027092970546,0.0530369699800575,0.000554110192995647,0.399999996061829,-0.0535157837260958,0.179549510251987,0.155841300869103,-0.15114727903348,0.244932529016891,0.22971339558525,0.400000038942613,0.22186381045303,0.31816279705881,0.03,0.114784714330125,0.14936928436287,0.03,0.03,0.03,0.03,0.116336982756742,0.216893979323824,0.155262213960872,0.177968714794953,0.03,0,0,0.03,0.03,0.217879968232064,0,0.03,0.158750708207348,0.03,0.154536396450585,0.03,0.0513278580894711,0.03,0,0.0558644549540613,0,0,0,0,0,0,0,0,0,0,0,0,0,0.5,0.638232203104185,0,0,0,0.5,0,0,0,0,0,0,0,0.5,0
224,-0.0433524760410817,0.0821872179126337,0.0576987138828568,0.0367937887003698,-0.0118008847893672,0.0580412838902278,0.00999999978813396,-0.0410345145934961,0.0598467413128688,0.726163898838977,-0.000683626049014661,-1.05599843269899e-05,0.687522030885484,-0.0220314683609549,0.0208107823639466,0.0511006904207797,0.0750000000024572,0.0231796314268833,0.0499999997250031,0.0750000000210774,-0.0750000000165647,-0.019671918950701,0.0749999999951469,0.0750000000410051,0.000161092137089548,-0.00222802567237923,-0.000290305072096192,1.00899190725668,0.0490273829118228,0.0517114378091567,4.12436133263347e-05,0.40000000168098,-0.0566841232048747,0.203270771457954,0.0711458475326143,-0.0449985144370364,0.232262723427574,0.261032664571201,0.400000028053412,0.218034835936568,0.319485523436677,0.03,0.119599872742768,0.141205004322186,0.03,0.03,0.03,0.03,0.0951873016602687,0.246052623019974,0.156149157388724,0.185090606901531,0.03,0,0,0.03,0.03,0,0,0.03,0.161569445849781,0.03,0.0902596068283903,0.03,0.0752597709988606,0.03,0,0.0467720586212419,0,0,0,0,0,0,0,0,0,0,0,0,0,0.5,0.797119812057206,0,0,0.5,0.5,0,0,0,0,0,0,0,0.5,0
225,-0.0410740370640323,0.0827697181041013,0.0587583418101839,0.0386165089740124,-0.0135361806565942,0.05783923013624,0.00999999999992632,-0.0391380391873736,0.0598550315374466,0.718870307511446,-0.000706919666978953,-3.69187034613517e-05,0.695144676528754,-0.0210547134247857,0.0219370901464199,0.0511067192565713,0.0749999999999931,0.032468018289181,0.05,0.0750000000000008,-0.0750000000000009,-0.00227332023962044,0.0749999999999992,0.0750000000000264,0.00016823766622888,-0.000401507891272214,-0.00113986887815693,1.0683749278482,0.0482833305718482,0.0583415532944383,0.000115246168322956,0.399999999999995,-0.0444364671920746,0.239346242417714,0.0712825359837095,-0.100015285022352,0.173391928113723,0.272130984589351,0.400000000000018,0.207222871869078,0.33585284867539,0.03,0.0684133724905544,0.187381184595511,0.03,0.03,0.03,0.03,0.0883310847205232,0.255798011673828,0.168048701316746,0.176083486097735,0.0382279666361082,0,0,0.03,0.03,0,0,0.03,0.278717552857213,0.03,0,0.03,0.03,0.03,0.03,0.03,0,0,0,0,0,0,0,0,0,0,0,0,0,0.5,0.724919179120748,0,0,0.570086692533692,0.535311268741411,0,0,0,0.5,0,0,0,0,0
226,-0.0387945380424681,0.0835223584014867,0.0598659051085796,0.0405590411174249,-0.0153103953525266,0.0577424012334332,0.0100000000293378,-0.0372575274387808,0.059845552866455,0.711840329495788,-0.000636007274407154,-4.28196675880121e-05,0.702341705775047,-0.0200663114883995,0.0231473218234231,0.0511054375710897,0.0750000000017446,0.0425476099517303,0.0499999999966512,0.0749999999997497,-0.0749999999992392,-0.00694263825660644,0.0750000000001292,0.0749999999989428,-0.000237804410363311,0.00364461740914702,0.0039072590127481,0.965729439367816,0.051438349854286,0.0628820901700957,6.5923514608149e-05,0.400000001193524,-0.074319439421816,0.213961009206189,0.108461515493625,-0.130595499692783,0.172394552768828,0.305478386426061,0.399999999276891,0.204360729682141,0.323250525113326,0.03,0.0703074601460537,0.192926428346957,0.03,0.03,0.03,0.03,0.0691816791556466,0.283828345821531,0.176233500149202,0.176776376141045,0.0507931058534598,0,0,0.03,0.03,0,0,0.03,0.31267282010358,0.03,0,0.03,0.0381176198424525,0.03,0.03,0.03,0,0,0,0,0,0,0,0,0,0,0,0,0,0.5,0.825246932398535,0,0,0.571427080625367,0.610129956854955,0,0,0,0.5,0,0,0,0,0
227,-0.0365261493865651,0.0843993514999621,0.0599999985206882,0.0426165049121726,-0.0171512303002775,0.0574765056187809,0.00999999994696756,-0.0353743302562945,0.059859831889636,0.704541409628832,-0.000717300779147229,-2.61724352846875e-05,0.709663289901491,-0.0189539666869599,0.0244074875008074,0.0511123292695975,0.0750000000008662,0.0455220227633394,0.0500000000523939,0.0749999999999866,-0.0750000000010045,-0.0184919878332431,0.0749999999986586,0.0749999999978972,-0.000125227656995933,0.0013488309845339,0.00184886144269656,1.04789559527154,0.0564264763604127,0.0634658972644026,-4.86021232715495e-06,0.40000000059243,-0.103127614205536,0.19374135675654,0.154621066793375,-0.169236576703235,0.204918021361106,0.334897390316588,0.380811545240091,0.200427978473414,0.310903916119584,0.03,0.0865612697416119,0.18218841248293,0.03,0.03,0.03,0.03,0.0434317125392746,0.309827703171169,0.179521504819882,0.173737934451232,0.0437209764381307,0,0,0.03,0.03,0,0,0.03,0.361165333694512,0.03,0,0.03,0.0779369565749706,0.03,0,0.03,0,0,0,0,0,0,0,0,0,0,0,0,0,0.584272999950453,0.761111381854982,0,0,0.5,0.660580223222613,0,0,0,0.5,0,0,0,0.5,0
228,-0.0342820965516397,0.0853725260308686,0.0599999999998393,0.0448534163870286,-0.0190538601291952,0.0572073592950517,0.0099999999999161,-0.033545311868249,0.059857450437671,0.69728985974725,-0.000685605876547423,-1.98452925119208e-05,0.716789614258831,-0.017770213195506,0.0256971784993884,0.0511129357850001,0.0749999999999885,0.052322606248443,0.0500000000000003,0.0749999999999997,-0.0750000000000008,-0.00933803980833416,0.0750000000000234,0.0750000000000098,-0.000302040592527549,0.0039308857901282,0.00459367900915997,0.984900230886747,0.0612126271556527,0.066232813605224,1.60344115728571e-05,0.399999999999992,-0.135720602085927,0.216580038111444,0.392942373952941,-0.291730021152567,0.231441233188,0.400000000000016,0.400000000000007,0.212034892957759,0.290624543446068,0.03,0.0675053346243296,0.208309273557857,0.03,0.03,0.03,0.03,0.03,0.386001466576015,0.164848880452728,0.181696993395114,0,0,0,0.03,0.03,0,0,0.03,0.405119880436061,0.03,0,0.03,0.118584353339899,0.03,0,0.03,0,0,0,0,0,0,0,0,0,0,0,0,0.5,0.637600722344422,0.885021173121365,0,0,0.606071146781322,0.5,0,0,0,0.5,0,0,0,0.5,0
229,-0.0320879670141479,0.0864985148264415,0.0599999973381985,0.0471533364164873,-0.0210694719080997,0.0569727545488979,0.00999999978272985,-0.0317823365179008,0.0598406613588986,0.690886611184731,-0.000550494508442239,-1.15938856742545e-05,0.722963344250906,-0.0164517803376688,0.0270619854537602,0.051109979497435,0.0749999999968467,0.0621289550756884,0.049999999788594,0.0749999999911669,-0.0750000000011791,-0.0136874895542063,0.0749999999885191,0.0750000000003035,-0.00115549627804864,0.0127312462447719,0.0148114467037182,0.780713793028194,0.0701562092832936,0.0719101548195893,-0.000149444400793344,0.399999997845114,-0.207598208097491,0.249999855362097,0.399999993951627,-0.33793252364813,0.249999986373001,0.399999992122985,0.396985860741424,0.222923756082638,0.245843545950713,0.0461957241806272,0.042357134885429,0.249691466823658,0.03,0.03,0.03,0.03,0.03,0.406988755891577,0.135014087034393,0.170142208804777,0,0,0.795384771904221,0.03,0.03,0,0,0.03,0.396257579530443,0.03,0.406963434573347,0.03,0.216287361513721,0.03,0.03,0.03,0,0,0,0,0,0,0,0,0,0,0,0,0.505677066040823,0.5,0,0,0,0.664313290826136,0.545154163673685,0,0,0,0,0,0,0,0,0
230,-0.0299577191479144,0.0877462471799529,0.0600000016019986,0.0490361247426827,-0.02250191516201,0.0562026348345458,0.0100000000756632,-0.0302014535650237,0.05980805959702,0.686685512651778,-0.000273504680998493,5.49482494332054e-05,0.72695471220995,-0.0148176403064246,0.0284641215104089,0.0511037140046376,0.0750000000019023,0.0669093918166552,0.044168933567021,0.0750000000002188,-0.0688584739030858,-0.0499999999961941,0.0750000000021763,0.0749999999989144,-0.000443945664462625,0.00663389580957496,0.00769841430726701,0.473861738298922,0.087990764531505,0.0721760771705349,6.42288523350997e-05,0.400000001301412,-0.261077290983753,0.249999986135096,0.400000000149707,-0.348349993125924,0.250000002603891,0.400000001488823,0.381306979140424,0.220836364406478,0.210707937836243,0.0940676499831124,0.0543438100876712,0.250443462122052,0.03,0.03,0.03,0.03,0.03,0.424849457560881,0.121528239439524,0.150947724265144,0,0,0.835080616828066,0.03,0.03,0,0,0.03,0.409129174740023,0.03,0,0.03,0.231692281937355,0.03,0.03,0.03,0,0,0,0,0,0,0,0,0,0,0,0,0.560246158642471,0.5,0,0,0,0.678196686313067,0.588057929755824,0,0,0,0.599028469290747,0,0,0,0,0
231,-0.0278134054145961,0.0890997348402534,0.0600000000036294,0.0512965649774901,-0.0242011837925584,0.055596868921701,0.0100000000842798,-0.0287150071687001,0.0597880094308751,0.683928765685365,-0.000103402237688702,8.57841173579363e-05,0.729548835470415,-0.0129459592392646,0.0299105530299765,0.0510995362847429,0.0749999999938339,0.0694373540546758,0.0229798089268335,0.0749999999947547,-0.074999999999316,-0.0141605366186256,0.0749999999664483,0.072205039029436,-0.0013725400518022,0.0138400851093944,0.0187694416017376,0.278181520184366,0.0983191900970834,0.0732415760404936,-0.000278857759829551,0.399999995781607,-0.321218674154573,0.250000000056029,0.399999996411548,-0.366325092296035,0.235491780882348,0.399999977046965,0.361933579320609,0.205471400720172,0.169140388532136,0.150703256279624,0.0632878815559064,0.256569710482476,0,0.03,0.03,0,0.03,0.448612192039451,0.117784431339909,0.11146598173147,0,0,0,0.03,0.03,0,0,0.03,0.423421942875302,0.03,0,0.03,0.208918102712433,0.03,0,0.03,0,0,0,0,0.5,0,0,0.5,0,0,0,0,0.661613502366204,0.5,1.24599599950391,0,0,0.665430731823684,0.580485490427237,0,0,0,0.615816697748825,0,0,0,0.5,0
232,-0.0257173839958418,0.0904698679508551,0.0599999999999992,0.0535964850279441,-0.0261571528750813,0.0548191803466521,0.00999999999993959,-0.0273259611774463,0.0597860982988082,0.68194291552502,-9.45910337279647e-05,0.000101339265162257,0.731405439969282,-0.0109817535813028,0.0313327256267503,0.0510978329863238,0.0749999999999431,0.0677447306460585,0.0200792721924133,0.0749999999999957,-0.075000000000001,-0.0499999999999996,0.075000000000027,0.0681286813331342,-3.46149820433731e-05,-0.000237279528934711,7.6522235955367e-05,0.277251603312062,0.0978349739518707,0.0701886101615663,-4.67442933212844e-05,0.399999999999961,-0.399999999999998,0.250000000000005,0.399999999999997,-0.385699912132547,0.171271453713382,0.400000000000019,0.285623638790247,0.202257925646876,0.111079290262724,0.229811961434198,0.0565365064579665,0.284370810569404,0.03,0,0,0.03,0.03,0.489833593453865,0.0858720203981871,0.0765284716016745,0.209959051091271,0,0,0.03,0.03,0,0,0.03,0.504853837918954,0.03,0,0.03,0.241972655522536,0.03,0,0.03,0,0,0,0,0,0.5,0.5,0,0,0,0,0,0,0.536968083653376,1.35699062017302,0,0,0.737909725828205,0.606112412036519,0,0,0,0.728342581409113,0,0,0,0.5,0
233,-0.0236450193250246,0.0918865247250535,0.0599999999946908,0.0558964050283059,-0.0280132438926013,0.0544109802689909,0.0100000000354404,-0.0259197230048736,0.0597861205182506,0.680066715755129,-7.97228902624834e-05,8.5864093833264e-05,0.733150259712063,-0.00899960120854876,0.0328015973667918,0.0510999325343655,0.0749999999951681,0.0740391907246357,0.0152570671832074,0.074999999994986,-0.0750000000077281,0.00379999284884889,0.0749999999862168,0.0724019974949225,-3.86688961613066e-05,0.00268201198886946,5.80848523907571e-05,0.234336428110311,0.0999340872775231,0.0764286833021922,9.11756743003753e-05,0.399999996694452,-0.400000005341776,0.249999999233533,0.399999996569828,-0.400000005287191,0.226593069020568,0.399999990570828,0.285601028616167,0.192693880762416,0.11562487162148,0.223627985278539,0.0542132678130915,0.285039536007768,0,0.03,0.03,0,0.03,0.509176918004676,0.0757641087529321,0.047125097421819,0,0,0,0.03,0.03,0,0,0.03,0.50371259547379,0.03,0,0.03,0.239086262306866,0.03,0.03,0.03,0,0,0,0,0.5,0,0,0.5,0,0,0,0,0.5,0.579101878728402,1.39411188480776,0,0,0.751461166372712,0.588003182797041,0,0,0,0.777926481783118,0,0,0,0,0
234,-0.021701594955339,0.0931094010786533,0.0599999999999991,0.0581963250495382,-0.0299590025247928,0.0539787801806701,0.00999999999998481,-0.0247042571093936,0.0597860619777787,0.67768915517938,-0.000131420264000888,0.000142384086938738,0.735348571516821,-0.00708586357890827,0.0340775025214905,0.0510923761523583,0.0749999999999455,0.0513506776717458,0.0223233155046172,0.0749999999999956,-0.0749999999999733,-0.042400002081849,0.0750000000000051,0.0515285415582355,-3.2029611418086e-05,-0.00677727089806999,0.000137295885676595,0.387528183453845,0.0923796581269015,0.0540992569566491,-0.000364054382763432,0.399999999999963,-0.399999999999999,0.250000000000005,0.399999999999997,-0.399999999999982,0.249999999999999,0.400000000000004,0.248020219339587,0.229125272012345,0.0992482582061181,0.245926358865226,0.0540105626904837,0.291189815536721,0.03,0.03,0,0,0.03,0.521663403880297,0.0324311482255734,0.0768238307940148,0,0,1.06439881548006,0.03,0.03,0,0,0.03,0.597811291397381,0.03,0,0.03,0.227245678603791,0.03,0,0.03,0,0,0,0,0,0,0.5,0.5,0,0,0,0,0.5,0.5,0,0,0,0.738410158689815,0.658076900170805,0,0,0,0.806045891452988,0,0,0,0.5,0
235,-0.0197828875751419,0.0939795922068946,0.0599999999791615,0.060496245129932,-0.0315024406790163,0.0534665925860941,0.00999999988995837,-0.0238160234244852,0.0597893364260706,0.674338969394311,-0.000165333898869117,0.000180692320791519,0.73842205714776,-0.0052421049750126,0.0350205333221331,0.051090635127393,0.0750000000331369,0.0383174335694686,0.0286667555106185,0.075000000033583,-0.074999999978901,-0.0118715972083396,0.0750000000827948,0.0388702532742108,-3.71229848744896e-05,-0.00332427624207854,0.000231822175198411,0.489836457319548,0.0906409377899229,0.0420237511877357,-0.000201259245504075,0.400000022669154,-0.399999985567158,0.249999997600727,0.400000022974489,-0.399999985565496,0.249999960739255,0.400000056640673,0.215931033069113,0.224708929364694,0.0898449548331263,0.258739493305986,0.0472157797591863,0.30139309810996,0,0.03,0,0,0.03,0.550220722557728,0.03,0.047862308904097,0,0,1.12763796182233,0.03,0.03,0,0.520389972945501,0.03,0.626008441853444,0.03,0,0.03,0.237618797378561,0.03,0,0.03,0,0,0,0,0.5,0,0.5,0.578010433757099,0,0,0,0,0.512118273504303,0.5,0,0,0,0.743965019614516,0,0,0,0,0.84809056528137,0,0,0,0.5,0
236,-0.0179442430371109,0.0947343276735075,0.0599999999892754,0.0627961652082661,-0.0330206196104091,0.0527664946947561,0.0100000000947927,-0.0230742487765056,0.059785212829154,0.67121156665804,-0.000124053453798236,0.000136793986743506,0.741265900609008,-0.00343038486561396,0.0358607879447501,0.0510923675689832,0.0750000000223854,0.0380031001968907,0.0180796738781158,0.0750000000043756,-0.0750000000130034,-0.0499999999727167,0.0749999999758916,0.0356159190581746,-5.41506928927136e-05,0.00664864056408428,0.000148803584115232,0.369333586147518,0.0923713867899042,0.0419126267299612,0.000269290232783766,0.400000015314055,-0.400000002614146,0.250000001294199,0.400000002993374,-0.400000008896364,0.250000018666552,0.374564802274776,0.141392691567965,0.220505297176256,0.0896246291063019,0.25905513571724,0.0524593391467167,0.296218703405014,0,0,0.03,0,0.03,0.553720820285099,0.03,0.03,0,0,1.14492293704669,0.03,0.03,0,0.510304905550892,0.03,0.662823606178015,0.03,0,0.03,0.254041562309398,0.03,0,0.03,0,0,0,0,0.592966578631585,0.5,0,0.5,0,0,0,0,0.544989173673736,0.5,0,0,0,0.75167170590567,0,0,0,0,0.87059375833338,0,0,0,0.5,0
237,-0.0160911474536551,0.0954643091807467,0.0599999999999991,0.0650960850834614,-0.0345940666630622,0.0516740947103982,0.0100000000000077,-0.022435476201541,0.0597834251927026,0.669114800871508,-7.0156498365604e-05,7.78515985024545e-05,0.7431590787181,-0.00152357380297845,0.0366586989821434,0.0510983662321128,0.0749999999999389,0.0350607022384526,0.00550431875167769,0.0750000000000064,-0.074999999999973,-0.0500000000000019,0.0749999999999991,0.02905346407276,-4.89707009692678e-05,0.00882912091628874,5.35820856095795e-05,0.209597772838215,0.0983676737656045,0.038278940542319,0.000382990388007992,0.399999999999958,-0.400000000000003,0.250000000000004,0.400000000000004,-0.399999999999982,0.249999999999999,0.362735197225326,0.136347793493836,0.220506618273365,0.0875020996653471,0.261948218430863,0.0673044005634604,0.28214225582345,0,0,0,0,0.03,0.556678452645087,0.03,0.03,0,0,1.12939281148086,0.03,0.03,0,0.51981868662651,0.03,0.667514751528277,0.03,0,0.03,0.284513152863142,0.03,0,0.03,0,0,0,0,0.689938232200435,0.5,0.5,0.5,0,0,0,0,0.5,0.745848623618202,0,0,0,0.6975723159806,0,0,0,0,0.875983923846661,0,0,0,0.5,0
238,-0.0142056443140141,0.0960664591198869,0.060000000000003,0.0673960051124521,-0.0362482052148393,0.050895350243646,0.00999999999312418,-0.0219927012938315,0.0597824944173719,0.668036317318151,-4.35277619118099e-05,4.84602203468549e-05,0.744128679397519,0.000493662305043351,0.037304584087599,0.0511013055338309,0.0750000000014827,0.0256223582788984,3.35658497520085e-05,0.0749999999983599,-0.0750000000009008,-0.0298858607274409,0.0749999999986674,0.0168998007316994,-3.74857382332786e-05,0.000735325926176524,1.74511817036277e-05,0.130277662505697,0.101306031560596,0.0274032791040836,-2.57269185420474e-06,0.400000001014305,-0.399999999674735,0.250000000058911,0.399999998878161,-0.400000000616181,0.249999998693576,0.337598589791178,0.152750261889405,0.238842935578872,0.109708023443517,0.243831837484033,0.0729363582052957,0.280603490749017,0,0,0,0,0.03,0.523775106403051,0.03,0.03,0,0,1.08920843230855,0.03,0.03,0,0.511031734875809,0.03,0.641172330025272,0.03,0,0.03,0.272884952301491,0.03,0,0.03,0,0,0,0,0.74778127547019,0.5,0.5,0.5,0,0,0,0,0.5,0.683584627699766,0,0,0,0.655618453629543,0,0,0,0,0.875193829207865,0,0,0,0.5,0
239,-0.0122849832957179,0.0964107340521448,0.0599999999999993,0.069695925099505,-0.0380254178433226,0.0502804839254427,0.0100000000000188,-0.0218346638870546,0.0597814970952229,0.667199489670637,-3.5020690563635e-05,3.90813994612656e-05,0.744879083640568,0.00252403820766724,0.037679812112665,0.0511015382892747,0.0749999999999277,0.010249279296021,3.34908488482236e-05,0.0749999999999334,-0.0749999999999892,-0.0314448700404446,0.075,0.000615651205824811,-3.57032727905712e-05,0.000713779344944599,1.13924485019654e-05,0.104953410619428,0.10153858744191,0.011694363440941,-1.49341525772173e-06,0.399999999999951,-0.399999999999979,0.25000000000001,0.399999999999955,-0.399999999999993,0.249999999999999,0.248120465148326,-0.0691435421606987,0.228910894069104,0.15018041259985,0.209551939861162,0.0784408680287738,0.281292899185962,0,0,0.03,0,0.03,0.491715997104741,0.03,0.03,0,0,0.895450685750805,0.03,0.109324412020255,0,0.444133538588697,0.03,0,0.03,0,0.03,0,0.03,0.0791310941434633,0.03,0,0,0,0,0.640659428373479,0.5,0,0.5,0,0,0,0,0.5,0.5,0,0,0,0.656681814815476,0,0,0.867650962439693,0,0.871846538813303,0,0.510605393123056,0,0,0
240,-0.0102698617876057,0.0957514132457745,0.0599970787842292,0.071995845107436,-0.0401676609173059,0.0493308761708892,0.0100000000000401,-0.0227635957658658,0.0596571846462879,0.668876165645973,6.12173354324e-05,-6.8092000769739e-05,0.743373863350209,0.00431825825389171,0.0369612503753372,0.0510893350127306,0.074999999999976,-0.067102118003885,-7.26039130720626e-05,0.0749999999999866,-0.0750000000000004,-0.050000000000003,0.0749999999999992,-0.0750000000000014,-0.00653392277746867,-0.0230051036698966,5.77194792420891e-05,-0.183129281077668,0.0893366438667761,-0.0699517162946362,0.000742017084196638,0.399999999999984,-0.399999999999989,0.250000000000001,0.399999999999991,-0.351563382108235,0.249999999999998,0.254650571228576,0.0663536059112985,0.249999999999988,0.301026369373258,0.0811755745013036,0.0885223294262113,0.293680931419502,0,0.03,0,0,0.03,0.466284027881658,0.03,0.03,0.361872370470458,0.03,0,0.03,0,0.0405922994412052,0,0.03,0,0.03,0,0.03,0,0.03,0,0.03,0,0,0,0,0.670679196173949,0,0.5,0.638440744736746,0,0,0,0,0,0,0.823427123939302,0,0.5,0,0.58692676300524,0,0.567902715998658,0,0.607135809532934,0,0.598005223155245,0,0.5,0
241,-0.0082998566204952,0.0942097313709531,0.0599980164723488,0.0742957651889373,-0.0422757686802906,0.0489226761701163,0.00999999992146972,-0.0244987796129622,0.0596931608651732,0.668724103787485,-2.37229110543164e-05,2.63682860171512e-05,0.743510643618627,0.00630821143493733,0.0354231563074899,0.0511026819645131,0.0750000000103346,-0.0749999999870682,5.64778542832733e-05,0.0750000000444218,-0.0749999999981285,0.00380000000524779,0.0750000000316371,-0.0749999999486423,-4.58546165141385e-05,0.00104295876269266,5.41273482591615e-06,0.0709369969682457,0.102681618605195,-0.0776027933070385,5.46201720066093e-06,0.400000007069898,-0.399999991152801,0.249999999243432,0.400000030388438,-0.306537189161861,0.247928305994347,-0.0938342061990636,-0.00228345152317684,0.221074947447098,0.330197136746287,0.0524717914179259,0.0997973158967263,0.282871670831039,0,0,0,0,0.03,0.248958265064691,0.03,0.03,0,0.03,0,0.03,0,0.03,0,0.03,0,0.03,0,0.03,0,0.03,0,0.03,0,0,0,0,0.597070001378099,0.529645856464743,0.5,0.5,0,0,0,0,0.5,0,0.727847047586133,0,0.715510798382208,0,0.544666112997427,0,0.605039578290144,0,0.796743728393047,0,0.557003277643669,0,0.5,0
242,-0.00625654396719247,0.0924498055560884,0.059999999999932,0.0765956851408604,-0.0445159642400809,0.0495860361693614,0.00999999993345159,-0.0264939311075539,0.0596823244970205,0.66891281820342,7.00403303429813e-11,-7.62630555857271e-11,0.743340865027483,0.00818857819866649,0.0336294242695383,0.0510907871772974,0.0750000000126096,-0.075000000000889,0.0128005057249452,0.075000000011701,-0.0750000000007209,0.0499999999934276,0.0749999999981489,-0.075000000002362,-8.85464452037103e-05,9.82710376259878e-13,-1.27031398747557e-13,-7.41944068514784e-13,0.0907872451408539,-0.0907872450912251,-8.85463402050251e-05,0.400000008626344,-0.40000000060833,0.250000000343621,0.400000008004593,-0.396320389897832,0.249999995503315,0.0996640153291353,-0.0401489275024134,0.245154177586526,0.371275652603861,0.03,0.0925089164867173,0.285539322431682,0,0,0.03,0,0.03,0,0.03,0.03,0,0.03,0,0.03,0.374892111069432,0.03,0,0.03,0,0.03,0,0.03,0,0.03,0,0.03,0,0,0,0,0.501792392073185,0.5,0,0.770331607597842,0,0.5,0,0,0.541689987437344,0,0.605463260371447,0,0,0,0.540857618743366,0,0.613031468585238,0,0.571036192892357,0,0.575546538553932,0,0.506430551264274,0
243,-0.00421283587321432,0.0908446491642435,0.0599999999827498,0.0788956049322344,-0.0466576805092076,0.0500778361404308,0.0100000004628965,-0.0283508634627519,0.0596101332457712,0.671394723522554,-3.26443470982035e-05,-0.000354663886958757,0.741100078519013,0.00981471898530293,0.0319433624138399,0.0511097803863145,0.0750000000047608,-0.0749999999719928,0.000315815281503104,0.0749999999853909,-0.0749999999812769,0.00379999779250384,0.0268674126415072,-0.0749999999881837,-0.00650571169217797,0.00206154444816627,-0.0144066047857042,-0.572362826230761,0.0763347457518407,-0.0856416836949539,0.000403480539553512,0.286919690852493,-0.399999980838882,0.249999963393806,0.3999999900058,-0.399999987190807,0.246387204148526,-0.132174553092125,-0.174928263104853,0.231625990245871,0.323251735792265,0.03,0.093931700022717,0.248989194869494,0,0,0,0,0.03,0.160589334408761,0.03,0.03,0,0.03,0,0.117159175486756,0,0.03,0,0.03,0,0.03,0,0.03,0,0.03,0,0.03,0,0,0,0,0.569462699132363,0.5,0.5,0.547581746700009,0,0,0,0,0.542341947631055,0,0.540040703367785,0,0.556010320066981,0,0.5,0,0.5,0,0.5,0,0.528140455014224,0,0.708872201684773,0
244,-0.00216542266748807,0.0891038510499193,0.0599999999994257,0.0811955251599547,-0.0488414601220777,0.0507411959848721,0.010000000000021,-0.0302764471168483,0.059626527407505,0.67276812933496,-5.71422588817167e-14,-7.53262745799224e-14,0.739853393687607,0.0115618915005157,0.0301261758914255,0.0510900856658011,0.0750000000000003,-0.0750000000000018,0.0130087104715683,0.0750000000000004,-0.0750000000000003,0.0500000000000001,0.0750000000000006,-0.0749999999999994,-0.000125257136588645,-1.14337947218899e-14,6.52457272766834e-15,1.59669928598388e-14,0.090085665826435,-0.0900856658264918,-0.000125257136639852,-0.116656382398916,-0.400000000000001,0.249999999999987,0.273547648954259,-0.128542381708952,0.164235136012391,-0.176725089507381,-0.160938846357914,0.228022087830659,0.03,0.265336276382299,0.0669611998228666,0.200578620593636,0,0,0,0,0.03,0,0.03,0.03,0,0.03,0,0.172735531243165,0,0.03,0,0.0843735778027006,0.0390604547131613,0.03,0.03,0.03,0,0.03,0,0.03,0,0,0,0,0.620762891106171,0.544686717285274,0.564490753281327,0.600958855110119,0,0.5,0,0,0.5,0,0.5,0,0.884091183605577,0,0.5729739325538,0,0,0,0,0,0.5,0,0.593954264169291,0
245,-0.0008572434166711,0.0874142292633714,0.0600000015362827,0.0834954451807328,-0.0507721278500799,0.0517660326810746,0.0100000000955512,-0.0321110649562279,0.0599125281264668,0.672045948288886,7.19778476607186e-05,6.53716322580276e-05,0.740509467737494,0.0130036840179687,0.0284786168357459,0.0510810687619303,0.0527663955146976,-0.0750000000053118,5.31688517753067e-05,0.0750000000008743,-0.0750000000012956,0.0499999999998905,0.0484201447813719,-0.0750000000000786,0.0243795494993331,2.8972531201762e-05,0.00966367688274506,0.194465949704535,0.0622064188367634,-0.0810694282019618,-7.27073420772392e-05,-0.196040368319197,-0.400000003634161,0.236186830687754,-0.0117695061769399,0.0947515406170081,0.190718681016844,-0.0505225734730064,0.0898744013077403,0.149999999637858,0.03,0.286496954976421,0.0931269214723824,0.173167896858044,0,0,0,0,0.03,0,0.03,0.0477928556074307,0,0.03,0.03,0,0,0.03,0,0,0.03,0.0658352336668817,0.03,0.03,0,0.0456935142798888,0.225787325810107,0.03,0,0,0,0,0.859371802862965,0.893875336872166,0.778102009494074,0.97514513024106,0,0.5,0,0,0.660560606164697,0,0,0.5,0.861080506905074,0,0.5,0.5,0,0,0,0,0.5,0,0,0
246,-0.00113841822439771,0.0856357099514751,0.0599999999999803,0.0847753761467777,-0.052144961900697,0.052419046494211,0.00891931361215206,-0.0341524540358303,0.0599999999999691,0.668013422190146,0.000295349685306671,0.000265951431022828,0.744149543041698,0.0135873554475963,0.0268447482434684,0.0510804474424929,-0.0698400710919504,-0.0749999999999975,0.0345147147613732,0.0549937253477331,-0.0634394610641407,0.0184558010283897,-0.0750000000000002,-0.0749999999999999,0.0174117305148617,0.000525475810306101,0.0273815363706006,0.794888050484547,0.00281916539632071,-0.0804605471208124,8.84335061662278e-05,0.142506911562465,-0.399999999999998,0.243154474426914,0.348919678009394,-0.178579707560429,0.199954236098243,-0.0192429104089832,-0.202962961110177,0.193166092470485,0.111669539472786,0.172664622763915,0.0606979512449939,0.223636329615632,0,0,0,0,0.03,0,0.03,0,0,0.03,0,0.136230578533748,0,0.03,0,0,0,0.03,0.036026669033069,0.03,0,0.03,0,0.03,0,0,0,0,0.696657323027383,0.532262194263421,0.600463574370808,0.628455942919996,0,0.5,0,0.5,0.519251865342672,0,0.5,0,0.894582796122239,0,0.550289492714317,0.5,0.5,0,0,0,0.5,0,0.5,0
247,-0.000899026517160488,0.0839008103142614,0.0600000000000001,0.0870352836054144,-0.054050941188947,0.0533095161065514,0.00775944419361634,-0.0360067098902249,0.0597909644261435,0.664641146302444,-3.45551443849626e-06,-3.07442202271037e-06,0.747162733045266,0.0138842584085271,0.0251983647567728,0.0510867725452307,0.0581137941741256,-0.0749999999999822,0.0249449424868128,0.0749999999999885,-0.0750000000000003,0.0500000000000002,-0.0421155612342206,-0.0750000000000008,-0.0287917150652405,1.52195085723113e-05,-0.0542751705186298,-0.00925043963888743,0.0333192034238193,-0.0867730749306854,0.00068668323552265,0.400000000000004,-0.399999999999988,0.250000000000005,0.399999999999992,-0.37510577394708,0.224199412959362,-0.145982108290503,-0.337899981763616,0.250000000000001,0.423528489979412,0.03,0.0677806160574448,0.246279375253609,0,0,0,0,0.03,0,0.03,0,0,0.03,0,0.0326224372462239,0.338423149880739,0.03,0,0.03,0,0.03,0,0.03,0,0.03,0,0.03,0,0,0,0,0.768360899662805,0.5,0.5,0.728327935161642,0,0.5,0,0.5,0.593576475292398,0,0.501178779762431,0,0,0,0.793472349913347,0,0.737246042142651,0,0.624276845677106,0,0.635114531469111,0,0.5,0
248,0.00108721817453857,0.0822235821299209,0.0600000000008256,0.0893352037058918,-0.056271331753394,0.0538013161173608,0.00701848593465322,-0.037900343724192,0.0588234828502887,0.668357902090901,-0.000150647777099984,-0.000305265438999831,0.743840059418645,0.0148674433327209,0.0233400954942096,0.0511071030171874,0.0750000000000011,-0.0749999999999994,0.02001349429806,0.0750000000000011,-0.0750000000000005,0.00380000098270153,-0.0330632037736304,-0.0750000000000003,-0.050000000000001,0.0169165619336354,-0.0104614113303736,-0.659370515204248,0.0537745567254394,-0.0952037044290235,0.00085454106502987,-0.262519253164133,-0.115110684716018,0.15000000000002,-0.242876426875312,0.227324339250365,0.25,0.202501773544496,0.298704238206412,0.249999999999999,0,0,0,0,0,0,0,0,0.03,0,0,0,0,0.03,0.258482760870455,0.03,0.0601264111175516,0.03,0.186871138055203,0.03,0.0531227977013729,0.03,0,0.03,0,0.03,0.103612263277236,0.03,0.737136926655252,0.509697162633159,0.547327887352451,0.714284708096969,1.20694963427268,1.25241974481366,1.12344528831531,1.33592409077103,0,0.5,0.5,0.537697000451022,0.5,0,0,0,0,0,0,0,0,0,0.5,0,0.5,0,0,0
249,0.00062009288597069,0.081464485898849,0.059824412066111,0.0889987695790601,-0.0556786960711768,0.0533691161350035,0.00700214626836811,-0.0386046262644672,0.0585649223599846,0.670263949083956,7.0640196039807e-14,-1.07342673061359e-14,0.7421227921027,0.015283853658176,0.0225529882354111,0.0510000000000018,-0.0749999999999994,-0.00803066665268184,-0.0261826217035907,-0.0749999999999997,0.0749999999999996,-0.0423999992001203,0.00134288296517809,-0.000508502407559946,-0.0013917886822257,2.39326318823259e-12,5.08079214120575e-08,-4.59116159692832e-14,2.59120830238055e-09,-5.38930581580597e-14,-0.00267612575494586,-0.0429432595883179,-0.144725944801028,0.211970759526698,0.15070628344173,-0.0653443470467687,0.249999999999999,0.190383126591782,0.19434595709644,0.249999999999998,0,0,0,0,0,0,0,0,0.03,0,0,0,0,0.03,0.317801927822329,0.03,0.0740120934196344,0.03,0.10488054258905,0.03,0.0873776759390822,0.03,0,0.03,0,0.03,0.0930613552465989,0.03,0.699272737777513,0.533763030881691,0.500234583912576,0.670707870434325,1.14285909757028,1.21579423253388,1.03109295126599,1.32756037883817,0,0.5,0.5,0.590616341449686,0.5,0,0,0,0,0,0,0,0,0,0.5,0,0.5,0,0,0
250,-0.000945974674777105,0.0812877833127544,0.0589098629328959,0.0879186834946171,-0.054162797052971,0.0525014138029347,0.00700201591912925,-0.0386033485351934,0.0585649147878585,0.670263949063952,1.08449632153523e-10,-1.24281279953621e-10,0.742122792096038,0.0152838536490654,0.0225529881908783,0.0509999998762504,-0.0750000000067353,-0.0079869573878869,-0.0499999999978479,-0.0368260056670858,0.0749999999907584,-0.0441911209229333,-1.34791857516884e-12,-5.92204256978175e-12,-3.01511835740456e-10,2.15592911898512e-12,-6.59095369899509e-13,-6.85108147040205e-14,-4.24838872735776e-11,-5.43770697130063e-11,-4.69695768360137e-11,0.399999995392234,-0.400000006714028,0.250000001472385,0.399999995083894,-0.400000006322646,0.240808805273109,0.0433175770515587,-0.400000004042056,0.206770772021987,0.03,0.397138945142026,0.0763078906684553,0.143492351337152,0,0,0,0,0.03,0.151324862366822,0.03,0.03,0,0,1.06130689942928,0.03,0.03,0,0.85776815522443,0.03,0,0.03,0,0.03,0,0.03,0.03,0.03,0,0,0,0,1.07594850705276,0.5,0.55566075039492,0.761011231863746,0,0,0,0,0.571376726632629,0.5,0,0,0,0.62947040463209,0,0,1.101337607076,0,0.92937709826186,0,0.5,0,0,0
251,4.47693285047076e-05,0.0807357183837338,0.0590032266458747,0.0897876234931727,-0.0557365391938689,0.0519107735422937,0.00547181186805964,-0.0404371167034871,0.0588751724714532,0.670237808143329,-5.39637706279866e-14,4.74921804290149e-14,0.742146401012191,0.0158329931448155,0.021995844653792,0.0510547536532789,0.0749999999999407,-0.0543211021395601,0.0255674447120577,0.0749999999999843,-0.0750000000000004,-0.0175381983497398,-0.0749999999999998,-0.0749999999999996,0.0282045555882346,-1.01241007508963e-14,4.68514839550019e-14,-4.80296434747956e-14,0.0547536533121595,-0.0547536533123005,0.00277812345687185,0.399999999999959,-0.400000000000008,0.250000000000004,0.399999999999989,-0.31284807210846,0.215457281921005,0.167748067569778,-0.107421140891843,0.174815365042945,0.03,0.361106575124728,0.11486341331377,0.256600879542625,0,0.03,0,0,0.03,0,0.03,0.03,0,0,0,0.03,0.03,0,0.555356685587993,0.03,0,0.03,0,0.03,0,0.03,0.03,0.03,0,0,0,0,1.03552435613279,0,0.605796344407134,0.7651459045876,0,0.5,0,0,0.56037939130589,0.5,1.26526331483586,0,0,0.73643573092209,0,0,0.927230519014276,0,0.797217800576211,0,0.5,0,0,0
252,0.00211091577986253,0.0791178154299886,0.0594744404443491,0.092087543505455,-0.0577752653806358,0.0511369324594501,0.00357159193155064,-0.041826614440644,0.0593605357419509,0.670222440114824,-1.98669474549375e-11,5.93864030676152e-12,0.742160279707654,0.0174597195196305,0.0203593327067673,0.0510945868243382,0.0749999999997017,-0.0749999999944446,0.0145514348878013,0.0749999999993515,-0.0749999999963901,-0.049999999999791,-0.0750000000015463,-0.064954339628643,0.0210474760109371,-9.57671996335207e-13,2.4083956924133e-10,-5.2054017013618e-14,0.094586839136476,-0.0945868391025696,0.000650753503086365,-0.256489678466813,-0.0746275394927026,0.185137887566148,-0.105317855451471,0.204256352861125,0.250000000143039,0.323040552515337,0.369253904160202,0.232029463568643,0,0,0,0,0,0,0,0,0,0,0,0,0,0.03,0.179513520354967,0.03,0,0.03,0.0964805688828491,0.03,0,0.03,0.0339854795732902,0.03,0,0.03,0,0.03,0.585706119877261,0.5,0.5,0.521604363693092,1.02775932241922,1.25787564557297,1.03875744840532,1.24687751958687,0.5,0.667935924998901,0.5,0.5,0.5,0,0,0,0.5,0,0,0,0.5,0,0,0,0.5,0,0.5,0
253,0.00152108977523084,0.0778611093142198,0.0592994769693803,0.0917168599336756,-0.0574329200974904,0.0507287324928571,0.00366979539321873,-0.0427104355465685,0.0599999922557081,0.670240760902549,1.88008676922653e-11,1.4727891080838e-13,0.742143734537925,0.0186507361487489,0.0191680481533632,0.0510334997356996,-0.0749999999949594,-0.0476856952049194,-0.0278122856366634,-0.0749999999943415,0.0749999999993838,0.00380000010235507,0.0630047846337724,-0.0307194870058707,0.0346127603151743,1.54666821440955e-13,-6.92362344712891e-13,-4.92822343233526e-13,0.0334997582777491,-0.0334997582583384,-0.00257283482111983,0.0324971058119306,-0.00952336203307549,0.249999999720546,0.217867589651204,-0.0876809160052846,0.250000070027261,0.11710929468995,0.190735969851137,0.159712671188365,0,0,0,0,0,0,0,0,0,0,0,0,0,0.03,0.112737166791618,0.03,0,0.03,0.101898261128653,0.03,0,0.03,0.0885604018530785,0.03,0,0.03,0.0777215083609187,0.03,0.529885589619912,0.5,0.5,0.5,0.964432472531541,1.16714821921753,0.985303959141762,1.14627673260731,0.5,0.66258431185639,0.5,0.5,0.5,0,0,0,0.5,0,0,0,0.5,0,0,0,0.5,0,0,0
254,-3.72332736486424e-05,0.0771138951101508,0.0590560073781146,0.090158180131712,-0.0559107297547827,0.0507208233491204,0.00336564876170235,-0.0433310573724751,0.0599999945354713,0.669214348344937,4.25186182871898e-05,3.83125132755894e-05,0.743069422090852,0.0188101751100236,0.0186944417720851,0.0510166359372653,-0.0749999999998809,-0.0256826729748251,0.000621838167279495,-0.0749999999989786,0.0749999999991216,-0.00382810164083341,-0.0749999999999412,-0.0316224102936708,0.00550135430506065,2.3358753807531e-05,-0.0154952591652937,0.114466985140629,-0.00604193967505495,-0.0166364743974179,-0.000709419064824707,-0.117121304744599,-0.169164130867677,0.218994365348801,-0.00866687762465749,0.0518927137598297,0.250000017475461,0.228489787829018,0.197979404541345,0.197399416707751,0,0,0,0,0,0,0,0,0,0,0,0,0,0.03,0.195423907087288,0.03,0,0.03,0,0.03,0,0.03,0.03,0.03,0,0.03,0.06536481559715,0.03,0.515267916417429,0.530149614155413,0.5,0.5,0.935242369612992,1.1126917455633,0.954695898175368,1.09323821700093,0.5,0.620171514968273,0.5,0.5,0.5,0,0,0,0.5,0,0.5,0,0.5,0,0,0,0.5,0,0,0
255,-0.00141248273717484,0.0767659645258259,0.0596510709026841,0.0902766160437739,-0.0552997936641121,0.0512360612935889,0.00283941014649473,-0.0435274026350688,0.0600000000000056,0.66901428306292,1.32147680193358e-14,1.31120308487152e-14,0.743249546961011,0.0186526955596552,0.0184892529409224,0.0510049567135816,-0.0638291297558808,-0.011030833483397,0.0500000000000002,0.0721305374632061,-0.00582399175444292,0.0499718970585139,0.0120820315183557,-0.0041612590210896,0.0163274067677079,4.06159579261349e-14,-6.26361290960484e-14,6.22682059920639e-14,-0.00495671359540349,-0.00495671359540608,-0.000700835242814351,0.0130463004414785,-0.0541194036671034,0.161912146428005,0.0375108365416272,0.0107549249585675,0.204735425124439,0.159685267676318,0.157600393883808,0.190198344106614,0,0,0,0,0,0,0,0,0,0,0,0,0,0.03,0.121186766365847,0.03,0,0.03,0.107957945062842,0.03,0,0.03,0.0866841254628898,0.03,0,0.03,0.0734551975840377,0.03,0.505660892170178,0.5,0.5,0.5,0.930805096942576,1.11135221747572,0.944901713344242,1.09725560107405,0.5,0.635214362545691,0.5,0.506760894804546,0.5,0,0,0,0.5,0,0,0,0.5,0,0,0,0.5,0,0,0
256,-0.00295021862563368,0.076425210393252,0.0599999999884498,0.0899365671385277,-0.0545259809608093,0.0518265167686095,0.00233053662215939,-0.043789303764035,0.060000000011474,0.66899975518117,-1.46054638124488e-10,5.20846639700327e-10,0.743262624382854,0.0184516769781745,0.0182843462222947,0.0510146156263803,-0.075000000095748,-0.0219450969950615,0.0113638159326237,-0.0749999998918582,0.0750000001554771,0.0127916766099778,-0.0546543995495697,-0.0216197700093858,0.0142884660548678,-3.08779690469844e-12,3.54200781971334e-12,1.80900886087866e-11,-0.0146156688864237,-0.0146156689235322,0.000530091064317779,0.399999934497662,-0.400000028454088,0.250000001580444,0.400000073980776,-0.399999893632916,0.215831109715693,0.00981982350594789,-0.399999861018101,0.150000079572599,0.03,0.441059781492436,0.03,0.16655862595627,0,0.03,0,0,0.03,0,0,0.03,0,0.03,0.911662767802757,0.03,0.03,0,0.749505713520695,0.03,0,0.03,0,0.03,0.246365625845455,0.03,0,0.03,0,0,0,0,0.999397522598495,0,0.5,0.728596395170967,0,0.5,0.5,0,0.567499482285475,0,0,0,0,0.5,0,0,0.994385745704652,0,0.827606171529424,0,0,0,0.5,0
257,-0.00207989690812894,0.0755760475581652,0.0599434499822992,0.0915164392570857,-0.0560460764761658,0.051677289081181,0.000529137592949936,-0.0458086283342093,0.059747273771608,0.669632599180079,-2.71588223913019e-05,-2.44786096819578e-05,0.742692524693817,0.0189473039122977,0.0174043709258135,0.051066983262381,0.0750000000079931,-0.0654815757881731,-0.00897922807827699,0.074999999986359,-0.0750000000012631,-0.0240320748228967,-0.0750000000016644,-0.0750000000037849,-0.0319115340628076,1.16705212479595e-05,0.0142829141411146,-0.0731246507161264,0.0604385670609031,-0.0669836044706831,0.0019583838050311,0.40000000546822,-0.399999989423138,0.249999999148846,0.399999990668364,-0.400000000864174,0.250000008196189,-0.0928408899145961,-0.292205328772862,0.248311752013634,0.03,0.408127278725528,0.0825744573916281,0.247152211015163,0,0.03,0,0,0.03,0,0.03,0,0,0.03,0,0.03,0.0749417680129031,0,0.641273853491764,0.03,0,0.03,0,0.03,0,0.03,0.112120911493603,0.03,0,0,0,0,0.782033491379059,0,0.5,0.661499075672449,0,0.604665924264265,0,0.5,0.509824612577222,0,1.05050424061564,0,0,0.5,0,0,0.962679049601769,0,0.877573898086841,0,0.5,0,0,0
258,-4.4437456455068e-05,0.0738247943864731,0.0600000000001175,0.0938163592851266,-0.0583290039870695,0.0512488222447708,-0.00147988032343382,-0.0477778538430811,0.0587441459470388,0.669681206225717,1.57854345639301e-14,-7.04404335313456e-15,0.742648693547648,0.0207014201295262,0.015640963267381,0.0510971306791426,0.0750000000000001,-0.075,0.0123325592982976,0.075,-0.0750000000000001,-0.0192889237074162,-0.075,-0.0749999999999973,-0.0500000000000007,5.56444689189288e-14,1.52559035425377e-14,-5.2956333904352e-14,0.0971306791451268,-0.0971306791450969,0.000339936611525457,-0.22783259303181,-0.0767800882988354,0.150000000000002,-0.12405755489053,0.195572249654687,0.25,0.277794346801324,0.400000000000002,0.25,0,0.03,0,0,0,0,0,0,0,0,0,0,0,0.03,0,0.03,0,0.03,0.059625166480144,0.03,0,0.03,0.03,0.03,0,0.03,0.0836780161749835,0.03,0.5,0,0.515158031420824,0.688348003745268,0.925465657604708,1.12348040637409,0.940089994474384,1.10885606950442,0.798929108836156,0.842660490214769,0.630376602942887,0.802398028354262,0.5,0,0.5,0,0.5,0,0,0,0.5,0,0,0,0.5,0,0,0
259,-0.000293822041925271,0.0723483244761793,0.0600000000000137,0.0936774782492808,-0.0585077360925609,0.0510633409261275,-0.00194837760307099,-0.0489388206164071,0.0583359457875753,0.669676575074207,2.31557573316819e-06,2.08806338355188e-06,0.742652869674469,0.0221222437323006,0.014219217142151,0.0510507609095506,-0.0749999999999999,-0.0608817498172553,0.0181735171700375,-0.0739891850762308,0.0451152631360829,-0.00108009138876415,0.0187729745780355,-0.044178797575317,0.00379998550329976,-1.30001275116332e-14,0.00311799612706047,0.00623599225410816,0.0502996483160013,-0.0507609095381221,-0.00169410039567453,-0.102389016088163,-0.105414215619517,0.15,-0.118845870912957,0.144799238074446,0.176984126252921,0.145073096145524,0.291286735430012,0.191926253283867,0.0391814901392235,0.03,0,0,0,0,0,0,0,0,0,0,0,0.03,0.0900706426292572,0.03,0,0.03,0,0.03,0.03,0.03,0.03,0.03,0.03,0.03,0,0.03,0,0,0.5,0.550860372986608,0.942541602543621,1.11362702949805,1.02085677829242,1.03531185374925,0.5,0.812745642396676,0.737081988240501,0.7470021063086,0.5,0,0,0,0.5,0,0.5,0,0,0,0,0,0,0,0.5,0
260,-0.00171640096618476,0.0716518629620981,0.0599237741353621,0.0935425742934486,-0.0576351826041605,0.0516335390983524,-0.000583696583764782,-0.049037815308133,0.0589422598481871,0.669325796771419,3.10322002888633e-15,4.62133693936417e-14,0.742969028813619,0.0226112576196402,0.0137998647712351,0.0509999999999308,-0.0679509720750072,-0.00852734189918759,-0.0140712957908814,0.0482726099963126,0.0424105563630492,0.0500000000000004,0.0749999999999996,0.00755518081513904,0.0499999999999712,2.38188236299207e-07,7.67191909336602e-12,-2.27074963155753e-14,2.12471209957446e-13,-1.21474508329049e-08,-0.00121506984805192,0.39999999999996,-0.399999999999996,0.25,0.399999999999997,-0.399999999999971,0.17693441187124,0.0238464802350562,0.00340074406151997,0.14999999999998,0.03,0.415433965883259,0.0383663887200998,0.165424924744818,0,0.03,0,0,0.03,0,0,0,0,0.0670079250314359,0.842553492156371,0.03,0.03,0.284185541476427,0.300417550406562,0.03,0,0.03,0,0.03,0,0.03,0.03,0.03,0,0,0,0,0.902589832765339,0,0.5,0.551008366250267,0,0.5,0.5,0.552351948131637,0.714176392144477,0,0,0,0,0,0,0,0.799073502456252,0,0.670365004719853,0,0.531151083080597,0,0,0
261,-0.000654087924431619,0.0710443081258301,0.0599276320758908,0.0957890393902539,-0.0592561284239367,0.052655687524889,-0.00119874682717692,-0.0510390518402722,0.0594340593854196,0.669297643336436,-9.3627394007877e-11,1.1495264056874e-10,0.742994390763331,0.0232218513315098,0.0131792042343301,0.0510581466436245,0.0750000000001954,-0.0580202472058547,0.00188258146377716,0.0749999999877241,-0.075000000003902,0.0499999999558407,-0.075000000005279,-0.075000000011297,0.00380000023553639,-1.30857113255715e-12,4.7302519615105e-13,-1.261496283371e-12,0.0581465249199024,-0.0581465249398459,0.00284938175549394,0.400000000133767,-0.399999995710692,0.250000001528448,0.399999991602044,-0.396571033108829,0.165482521898533,0.171114926328297,0.0551789356268538,0.19216413504388,0.03,0.394431656174387,0.0861678678248449,0.254285898656422,0,0.03,0,0,0.03,0,0.03,0,0,0,0,0.03,0,0.219791293449288,0,0.03,0,0.03,0,0.03,0,0.03,0.03,0.03,0,0,0,0,0.845681408593716,0,0.5,0.598363125611704,0,0.639581818720842,0,0.5,0.5,0.5,1.07802152555297,0,0.5,0,0.5,0,0.80423540796513,0,0.725911199290584,0,0.570150056780257,0,0,0
262,0.00138022499917395,0.069361607795558,0.0599999913874031,0.0980889593751488,-0.0612782665306036,0.0532438264816403,-0.00215908304759074,-0.0529050874133176,0.0590018598657515,0.669261614434495,2.63098735385827e-06,2.37094753008889e-06,0.743026844737075,0.024907895994004,0.0114838754222968,0.0510961924761743,0.0750000000256599,-0.0749999999196654,0.0142659805999435,0.0750000000310082,-0.0749999999983237,0.0125580869670872,-0.0259397037656321,-0.0750000000674658,-0.042399999828751,8.98044132462575e-08,-0.00106460882578858,0.00708367632869199,0.0954348131990895,-0.0961936243225579,0.000420292457266042,-0.296886951691881,-0.241570844266042,0.160252556470144,-0.198414885136442,0.182007233006735,0.246884062250911,0.0912362003991205,0.137784724289664,0.250000117161289,0.118084101004186,0.032050360406404,0,0,0,0,0,0,0,0,0,0,0.0454407991091526,0.03,0.130210019978563,0.03,0.0922170003321302,0.03,0,0.03,0.0328563744434726,0.03,0,0.03,0.0796325255069942,0.03,0,0.03,0,0,0.5,0.521672538009214,1.01555073252085,1.03771485883996,0.942731523969891,1.11053406739093,0.646309300979639,0.898517058100114,0.697228932971364,0.918050227838721,0,0,0,0,0,0,0.5,0,0,0,0.5,0,0,0,0.526682530586982,0
263,0.00116020018142845,0.0682057124593672,0.0599999999999955,0.0971898277855336,-0.0602757456879463,0.0534513884338288,-0.000981787119684558,-0.0528238051281956,0.0587489797385715,0.668612843654347,-0.000108717359917945,0.000120759258672638,0.743610748050962,0.0262846746353226,0.0104452825333747,0.0510405515829172,-0.0682417432793408,-0.0228251599736966,0.00460402985479163,-0.0750000000000002,0.075,0.00859446886290969,0.0749999999999996,-0.0167599530681682,0.0127470663759477,-0.0104719173774336,7.58878579364397e-05,0.324975485163306,0.0405531423327387,-0.00770301460348761,-0.00318611714076424,-0.21323031321264,-0.3403710139148,0.159713323225564,0.105006614980819,-0.0233534810816593,0.194296077005721,0.0823419742845072,0.180343109245759,0.201575831184217,0.150931307895335,0,0.163252452264471,0,0,0,0,0,0,0,0,0,0.0516920870577806,0.03,0.171252615182809,0.03,0.103194579354779,0.03,0,0.03,0.0693235463204818,0.03,0.03,0.03,0,0.03,0,0.03,0,0.5,0,0.5,0.751780838738387,0.903156356161737,0.814912162087704,0.840025032812421,0.6832206293708,1.01893032102089,0.828700265839026,0.911200142977446,0,0,0,0,0,0,0.5,0,0,0,0,0,0.5,0,0.5,0
264,0.00033449836160155,0.0677430704622802,0.0597835355724638,0.0954998267699907,-0.058565845030988,0.0541977799339591,0.000529203900439217,-0.0530922052970124,0.0595542437780765,0.665490834868465,3.07314918883308e-05,1.76191505508777e-06,0.746406119291381,0.0264786336428451,0.0103440823141232,0.0510212329261547,-0.0285383604263089,-0.0153598233397558,-0.0111469393857093,-0.0749999999999994,0.0749999999999998,0.0500000000000001,0.0750000000000001,-0.00863172485784866,0.0499999999999986,-0.00114825055501747,-0.00144554994108175,0.38360615969947,-7.29448292671531e-05,-0.00429369071500778,-0.000710629079720628,-0.168967091696299,-0.4,0.211071826953811,-0.0224402218300258,0.0220087064051573,0.171307102980629,-0.021205311203726,0.0239863614691695,0.149999999999999,0,0,0.0589897870422568,0.03,0,0,0,0,0,0,0,0,0.0301822218454993,0.03,0.205178684733836,0.03,0,0.03,0.110046034030861,0.03,0.03,0.03,0,0.03,0.102324140022016,0.03,0,0.03,0.5,0.5,0,0,0.730748740768072,0.772650353752457,0.72655550554132,0.776843588979208,0.645325613253213,0.867247755074305,0.748995792068968,0.76357757625855,0,0,0,0,0.5,0,0,0,0,0,0.5,0,0,0,0.5,0
265,-0.00128709786367423,0.0674060881563916,0.0593970748861299,0.0942910914263222,-0.0570171737633784,0.0547786672556398,0.00204460103658717,-0.0532143096006238,0.0599999951575736,0.662994038844384,2.44083181026562e-05,1.48064532660603e-06,0.748624729941373,0.0264781381766209,0.0102657559352548,0.0510159969239356,-0.0750000000001255,-0.020397292059012,-0.0260133230094772,-0.0485213899739848,0.0749999999952781,0.0118988473892766,0.0749999999959214,-0.00355184878477021,0.0323402770123015,4.47747189811248e-05,5.71285207348166e-05,0.287447222750925,3.34591532633381e-06,-0.00345992880510166,-1.07216275865557e-05,-0.0894874681345263,-0.356493666084725,0.149999997277534,-0.128557028155423,0.0719988461640442,0.203747903429972,0.0241518571319563,0.1465999058897,0.14999998946026,0.195187965184967,0.03,0,0.0310330901256994,0,0,0,0,0,0,0,0,0,0.03,0.182599209069916,0.03,0,0.03,0.0774033831239159,0.03,0.03,0.03,0,0.03,0.104207539612382,0.03,0.03,0.03,0,0,0.5,0,0.713664630104191,0.677037918275139,0.704293588918178,0.766450837557872,0.748335013737314,0.881194033782723,0.800641337722077,0.828887709797964,0.5,0,0,0,0.5,0,0,0,0,0,0.5,0,0,0,0,0
266,-0.00242173517208734,0.0667262778277772,0.0593987558932041,0.092877917975971,-0.0554292549336304,0.0548221873522826,0.00344541405839666,-0.0535938032264931,0.0599999999999994,0.658021883015937,9.97372464658834e-05,1.67529030531527e-05,0.752999423892229,0.0264846336593081,0.0100821245631969,0.0510559025130249,-0.0527789514763212,-0.0437241323141493,0.0101402651995914,-0.0749999999999996,0.0749999999999998,-0.00577904817904539,0.0649230465252624,-0.035958523064976,0.00677960975134822,0.00308532572129058,0.00906780605642678,0.970075427099081,0.000467362440311608,-0.0157994666450244,0.00170979394561076,-0.142610889543967,-0.39817228599355,0.211710069836281,-0.042023125710083,0.0185732118262456,0.219915173888193,0.0071451425087636,0.103594031923431,0.183083256525051,0.243470886575682,0,0.0574329030899547,0.0336956686842804,0,0,0,0,0,0,0,0,0.03,0.03,0.223710913382977,0.03,0,0.03,0.0775366747790309,0.03,0.0379663728933642,0.03,0,0.03,0.125192208915325,0.03,0.03,0.03,0,0.5,0,0,0.575812134595976,0.61695796172618,0.562976359940676,0.629233055027465,0.708758925330049,0.920240995285636,0.796041857761439,0.832958062854247,0,0,0,0,0.5,0,0,0,0,0,0.5,0,0,0,0,0
267,-0.00344716792323148,0.0657820197863542,0.0594165163650192,0.0913288644176779,-0.0538070843712296,0.0546277739298688,0.00490171348293823,-0.0544009206125615,0.0599999909388565,0.649702377010616,0.000122493831383035,9.59679136427721e-06,0.760189507302706,0.02648597780973,0.00976234039516115,0.0510646016949404,-0.0521576369654217,-0.0495190323977465,0.000335159690741234,-0.0749999999981006,0.0750000000087617,-0.0129456352787497,0.0750000000043475,-0.0410473540157213,0.00399537495047923,0.00140842304353038,0.00193124787539575,1.13172027823326,0.000106546607108971,-0.0174371367208226,0.000215454769703814,0.399999998276956,-0.390175300505338,0.25000000010041,0.400000001299349,-0.39999999400569,0.15000000798192,-0.0957563523167947,-0.0147693644227716,0.150000218603451,0.03,0.464964410538997,0.0490984842649441,0.148942618684212,0,0.03,0,0,0,0,0,0,0,0.03,0,0.03,0.03,0.091046061345228,0.482919412762079,0.03,0,0.03,0,0.03,0,0.03,0.03,0.03,0,0,0,0,0.571961872974676,0,0.5,0.5,0.5,0.653323335482053,0.5,0.5,0.674411803005357,0,0.904954095406584,0,0,0,0,0,0.824431684801151,0,0.753880135486167,0,0.54138775050253,0,0,0
268,-0.00275145391984916,0.0643962515970375,0.0598090670635609,0.0929087357282769,-0.055387019054649,0.0549606605126344,0.00410280295880448,-0.0565777234373203,0.0595717075342542,0.646771800075731,6.4756749224166e-05,5.49546794454411e-05,0.762683590777407,0.0271702858012913,0.00849836866202506,0.0510877059636107,0.0749999999916022,-0.0750000000095499,0.0372497569039973,0.0750000000114547,-0.0749999999968196,0.0408543047562096,-0.0749999999938189,-0.0749999999880454,-0.042204624739558,3.76896475701955e-05,-0.00708871496636375,0.169864180868761,0.0705858772675282,-0.0877069748219316,0.00193082211343098,0.399999994255096,-0.400000006533504,0.249999996367882,0.400000007836394,-0.280923551677641,0.150000011896267,0.110679894930714,-0.0475921725645581,0.250000158373948,0.03,0.430143857710029,0.079440867113125,0.260368114990918,0,0.03,0.03,0,0,0,0,0,0,0.061603330614342,0,0.03,0.0928279883616848,0.0866847306572227,0,0.03,0,0.03,0,0.03,0,0.03,0.0388127696590055,0.03,0,0,0,0,0.502874164314434,0,0,0.5,0.540217200260112,0.79060308614227,0.516950946278494,0.668372156642,0.5,0,0.933264434002743,0,0,0,0.5,0,0.794216732793407,0,0.668026601746995,0,0.641118278543926,0,0,0
269,-0.000657928739657971,0.0626093384965026,0.0600000052157758,0.0952086564193972,-0.0574529155197868,0.0552695466674406,0.00301529076481138,-0.0585453117261987,0.0589210400968904,0.646488877536217,-3.33550283983501e-05,-2.8253899266469e-05,0.762923414834565,0.0287437096384973,0.00666023707959343,0.0510904106581376,0.0750000000000718,-0.0750000000011367,0.0156978763424022,0.0750000000002721,-0.0750000000000019,-0.00534569442923703,-0.0214554918925876,-0.0749999999994717,-0.0246201787872748,9.04481875873357e-06,0.00364245964165922,-0.0874261841414915,0.081972916559308,-0.0904110222232496,0.000196997398162918,-0.317516233864998,-0.400000000777578,0.173560917871581,-0.265471994544077,0.236656027245399,0.250000000381868,0.179343660089867,0.322107328838106,0.243421224101207,0.157639699367811,0.03,0.104280655340564,0,0,0,0,0,0,0,0,0,0.03,0.03,0.124741612815213,0.03,0,0.03,0.03,0.0658659593967533,0.118138494776571,0.03,0,0.03,0.0562608050431301,0.03,0.03,0.085038794525351,0,0,0,0.5,0.554371370114878,0.5,0.5,0.5,0.968830685164211,1.10133833222112,0.99481148437743,1.0753575330079,0,0,0,0,0.5,0,0,0,0,0,0.5,0,0,0,0,0
270,-0.00101759262731524,0.0612715314409831,0.059767007895643,0.0946792009248407,-0.0567304528053366,0.0556936118229365,0.00440010144544683,-0.0596562569777256,0.0589006714839039,0.645893080188765,9.10226123955872e-05,7.70793808166572e-05,0.763427908729223,0.0296618195855549,0.00548099496883728,0.0510428525103486,-0.0749999999999999,-0.0624057195689144,-0.0304998084518709,-0.0750000000000002,0.0750000000000001,0.042925127626672,0.0749999999999997,-0.0428040298981728,0.00999918653297211,4.17359246373743e-05,0.0135417475031825,0.238548511225567,0.0200175150092838,-0.0428535209380858,-0.00156469268929528,-0.1614169944717,-0.4,0.228271423551086,-0.103987684902252,0.0759055445799053,0.203889705038813,0.0650475107867125,0.245932491846985,0.214401353734034,0.152199273490224,0.03,0.105699921612556,0,0,0,0,0,0,0,0,0,0.03,0.03,0.13331390327537,0.03,0,0.03,0.03,0.0666230745959253,0.140980411430975,0.03,0.03,0.03,0.0658357788775807,0.03,0.03,0.0859998526194941,0,0,0,0.5,0.524428144533591,0.5,0.5,0.5,1.03131613537583,1.10586315327741,1.03092856646131,1.10625072219194,0,0,0,0,0.5,0,0,0,0,0,0,0,0,0,0,0
271,-0.0025993358259158,0.0599709807902248,0.0588161703551969,0.0931172213737836,-0.0551418262871205,0.0565059679093313,0.00591918300112046,-0.0605029856320995,0.058763888070253,0.641781411009382,0.00014656175530274,8.0579647630618e-05,0.766887914997556,0.0297030120626326,0.00474983668599264,0.0510497520220478,-0.0750000000021811,-0.0614943041430574,-0.0499999999983387,-0.0749999999824526,0.0750000000039028,0.0387299940956245,0.0750000000041386,-0.041851590472548,-0.0206197861785418,0.00290799543736317,-0.00550652863334546,0.694078126584431,-0.000278884428189881,-0.0313080007350797,0.000106053472237648,0.399999998507852,-0.320444952009224,0.250000001136639,0.400000012004245,-0.350501627147967,0.201091900031247,-0.19189377810046,-0.139813433090311,0.197427807712068,0.03,0.421171701022191,0.071111305425593,0.0866304672028355,0,0.03,0.03,0.03,0,0,0,0,0,0.03,0,0.03,0.03,0.0728970582076832,0,0.03,0,0.03,0,0.03,0.197911440521877,0.03,0.03,0,0,0,0,0,0.559475675817562,0,0,0,0.58353499572057,0.759717676712106,0.64623451683112,0.742804600719697,0.606316833772414,0,0.750780465835473,0,0,0,0.5,0,0.840892385475514,0,0.704902481404808,0,0,0,0,0.5
272,-0.00186442854346376,0.058670999179188,0.0590022571690876,0.094697093501304,-0.0566469374201203,0.0572887694989024,0.00743727432890279,-0.0619922905141426,0.0580164868537123,0.639779311900841,2.80086449770672e-05,2.33230432988531e-05,0.768558674446382,0.030383059192023,0.00357570286447604,0.0510781026107975,0.0750000000032761,-0.0749999999970232,0.0319797644578371,0.0750000000028648,-0.0749999999982515,0.0394756041016304,0.0749999999919048,-0.074999999990226,-0.0499999999996054,9.36049768173891e-06,-0.00637430488156181,0.0728957858546279,0.0706087379162432,-0.0781029045156852,0.00191010539871683,0.400000002241162,-0.3999999979634,0.249999998202174,0.271674213785611,-0.202333734151067,0.150000000008011,-0.129093457473283,-0.106050852070216,0.250000000269949,0.03,0.440531885353784,0.0850306340579803,0.234002792542675,0,0.03,0.03,0.03,0,0,0,0,0.207690430871103,0.0364697360261284,0,0.03,0,0.0574472143603883,0.109423172608504,0.03,0,0.03,0,0.03,0,0.03,0.03,0,0,0,0,0,0.5,0,0,0,0.583771862974763,0.875143675453034,0.658474739375267,0.851773156507307,0,0,0.844950582994182,0,0.5,0,0,0,0.912823456920871,0,0.776015283945928,0,0.5,0,0,0.5
273,0.000184575202970611,0.0569255238443238,0.0594369842207672,0.0964519548923217,-0.0583511989346778,0.0575700815805285,0.00856354659465308,-0.0635735338531825,0.0576082803871267,0.639787509947501,-1.87663664485728e-05,-7.89232469621199e-05,0.768551857463963,0.0320147059960228,0.00177408112564061,0.0510931853603715,0.075,-0.0749999999999994,0.0110125314723063,0.0749999999999998,-0.075,-0.00672439589838315,0.0639820754549546,-0.0750000000000005,0.00379866245849437,0.0134178098709516,-0.00750950712589982,-0.147786260400688,0.0832187035068154,-0.0889203597970268,0.000818940157834462,-0.311711774618673,-0.4,0.181671840976778,-0.214919326588999,0.227682024154418,0.242042938671079,0.079641619789361,0.247769079408934,0.210195036468512,0.118156800293141,0.03,0.12959985327342,0.152293701074874,0,0,0,0,0,0,0,0,0.0916203983527394,0.03,0.103610388905089,0.03,0,0.03,0.03,0.0609486711735332,0,0.03,0.03,0.03,0.0514815007032484,0.03,0.03,0.104703391835946,0,0,0,0,0.5,0.5,0.5,0.5,1.05976221507411,1.25788647548026,1.13652850070505,1.18112018984933,0,0,0,0,0.5,0,0,0,0.5,0,0,0,0,0,0,0
274,-0.000621401640504676,0.0552399887605375,0.059405840942422,0.0953837648582087,-0.0576157665562973,0.0580273975254598,0.00992033510084493,-0.0650166083828343,0.0577335954808486,0.638384240001767,0.000118347453725407,9.8272475815861e-05,0.769717892285941,0.0330188081491081,0.000403049767208411,0.0510539323268987,-0.0750000000431291,-0.0750000000206425,-0.0118408734105849,-0.0750000000720614,0.0749999999648208,0.0470756042669523,0.0606158571073892,-0.0593847315586935,0.0177646097566337,7.93506859549769e-05,0.0118555415423203,0.307659503296379,0.0243007824394492,-0.0539344134096027,-0.00175531870591035,0.399999970494886,-0.274217540848031,0.249999932324367,0.376549127036889,-0.295187773328647,0.209445433251702,-0.214726964597892,-0.147077230833976,0.242012117076937,0.03,0.375660604938583,0.0523448588580579,0.123273538751419,0,0.03,0.03,0,0,0,0,0,0,0.03,0,0.03,0.03,0.109618519453741,0,0.03,0,0.03,0,0.03,0.240094562178468,0.03,0.03,0.0847209881525178,0,0,0,0,0.5,0,0,0.5,0.811576726796591,1.05267332665581,0.864182775611986,1.00006727784041,0.566443368740928,0,0.685707788801294,0,0,0,0.5,0,0.831645774372342,0,0.699201291364173,0,0,0,0,0
275,0.000427490257824279,0.0538302205616293,0.0597267864935469,0.0969636366472314,-0.0589734422406355,0.058460705887895,0.0100000004122081,-0.0666118030358314,0.0575806863344235,0.637174502151722,-4.85778977157335e-11,-2.17932746209231e-11,0.770719568712807,0.0339602273797863,-0.000868000157308231,0.0510725126871607,0.0750000000414422,-0.0681435950651746,0.0279924911783124,0.0750000000469507,-0.0749999999752469,0.000875604207981174,0.00595169233020513,-0.0750000000949165,-0.0284355946003698,-4.13386174400326e-08,0.00366737107017101,-3.32742782580613e-08,0.0726998611977532,-0.0725128251720079,0.000424318890007334,0.400000028351,-0.323953781510056,0.222962864401642,-0.0109365623108571,-0.00639591840870932,0.223473423899178,-0.0754446922248152,0.0617064187636348,0.215176165083714,0.03,0.335721465179332,0.112891744304011,0.230438757812481,0,0.03,0.03,0,0,0,0,0,0,0.03,0,0.03,0.03,0.0410632872746267,0,0.03,0,0.03,0,0.03,0,0.03,0.03,0.0307374834574518,0,0,0,0,0.5,0,0,0.5,0.961836335302013,1.13188996805839,1.01282187401658,1.08090442934383,0.5,0,0.682463484374162,0,0,0,0.5,0,0.681376386831062,0,0.555694681885484,0,0.555675708546462,0,0,0
276,0.00239017239644199,0.0522418946508053,0.0599539424570602,0.098870872450406,-0.0607674940307254,0.0580297714459112,0.00996923789978324,-0.0685363663774231,0.0576037041349735,0.637991986631714,6.61337196785187e-06,-0.00015655723517196,0.770043022559731,0.0356339443201252,-0.00253024282419789,0.0511007957024004,0.0750000000038347,-0.0749999999997445,0.000751946596177243,0.075000000001745,-0.0749999999976937,-0.0398922488808525,-0.00389039250647281,-0.0749999999925921,0.0253522000081574,0.00141839474448387,-0.00840931077761065,-0.236823153192825,0.0898035182670822,-0.0881640115758919,0.0009522750605276,-0.371117482345714,-0.399999999825251,0.220205212128945,-0.335441253257034,0.273745025368698,0.159748014913903,-0.0235250700175256,0.14419732874954,0.194156621313485,0.0791842614983179,0.148675263907859,0.0915260134414019,0.136333529396583,0.165006243263382,0.03,0,0.0807962439726995,0,0,0,0,0.122994559870875,0.03,0.03,0.0613887117415063,0.0546869592913487,0.03,0.03,0,0.110171232501058,0.03,0.03,0,0,0.03,0.03,0.104291366048687,0,0,0,0,0,0,0.5,0,1.11324230495465,1.16461456647336,1.04596889369773,1.23188797773029,0,0,0,0,0,0,0,0.5,0,0,0,0.5,0.5,0,0,0
277,0.00122196446994823,0.0506553415834449,0.0599999999999862,0.0972910003889911,-0.0619697561638679,0.0578237264698961,0.00999999999999734,-0.0699529938540516,0.0575062927633036,0.637390864982289,0.000102823446130197,8.51412261966842e-05,0.77054067970902,0.0365768893232347,-0.00379905554048704,0.0510458643129277,-0.0749999999999999,-0.0749999999999913,0.0084706729751724,-0.075,-0.0479329237033787,0.013907751270005,0.0580872991918991,-0.0621319623258711,-0.0210060396767079,4.84445297145492e-05,0.0196022755598691,0.266995813875368,0.020637135212808,-0.0458654863849788,-0.00128545385279073,-0.24006068150664,-0.399999999999994,0.212011795949345,-0.252680058744509,0.249434426518819,0.2344766685892,-0.103654542437491,0.0237494529288114,0.250000000000001,0.070985686957706,0.165814834897381,0.0941179420276598,0.14268287986857,0.153549349021454,0.03,0.113302954018525,0,0,0,0,0,0.0959466579118089,0.03,0.03,0,0,0.03,0.03,0,0,0.03,0.03,0.0858587025440931,0,0.03,0.03,0.0889633195448153,0,0,0,0,0,0,0,0.5,1.16376479813417,1.19019668507089,1.07788174501981,1.27607973818524,0,0,0,0.5,0.5,0,0,0.5,0.519191977587676,0,0,0,0.5,0,0,0
278,-0.000695452179714395,0.0490243098798342,0.0599999999999874,0.0951853373642369,-0.0630593638103504,0.0575936815039709,0.00999999999999319,-0.071285067282892,0.057442601636604,0.633719900331231,0.000200038649740708,0.000150476170808768,0.773562713199913,0.0365923409441117,-0.00475968004017198,0.0510517760585229,-0.0749999999999998,-0.0749999999999901,0.0367803445321296,-0.0750000000000058,-0.0598373939212284,-0.0322922479397336,0.0246187642471722,-0.06957457902007,0.000141788286098563,-0.00324533587409182,-0.0043013992683833,0.49594208525608,-0.00444970106370763,-0.0505216371432037,8.12803138632286e-05,-0.23036960660278,-0.399999999999993,0.192542778284813,-0.400000000000004,0.0170423970841774,0.249999999999998,-0.0514151135930692,0.0728548643135365,0.22001005601792,0.076688802420476,0.156609908790903,0.0835266964144229,0.149772942040396,0.259275135757072,0.03,0.0686050231231502,0,0,0,0,0,0.116456383240336,0.03,0.0315785233997981,0,0,0.03,0.03,0.0690505885825666,0.154149961857243,0.03,0.0619495808487383,0.11143017421425,0,0.03,0.03,0,0,0,0,0,0,0,0,0.5,1.19846581174816,1.16181802175778,1.07280809403842,1.28747573946752,0,0,0,0.5,0.518657448575868,0,0,0,0,0,0,0,0.514068595816694,0,0,0.5
279,-0.00255265017437159,0.0476028840427834,0.0599999993556652,0.0930948532085268,-0.0638148933403715,0.0565875035206007,0.0100000000105475,-0.0724919139600963,0.0574359466960174,0.627782817605941,0.000138297954001134,1.16658729969342e-05,0.778389124021049,0.0365730645935215,-0.00536372037979706,0.0510567605378356,-0.0750000000008447,-0.0658766586398361,0.028114684639825,-0.0750000000001894,-0.0197266348739616,-0.0500000000001111,0.0582284092866989,-0.0589709351781705,0.00127976152666064,0.000958942197267237,0.0004419717547168,0.955894246868685,-0.000412426280239779,-0.0196607937575077,7.3649445046546e-05,0.399999999422135,-0.236737258767243,0.22135726240038,-0.0964176783037224,-0.153855514101504,0.249999999924045,-0.188394196584516,-0.259615633131468,0.236672938290995,0.03,0.356127923268997,0.03,0.134603504253788,0.327118740153233,0.03,0.03,0.03,0,0,0,0,0.13811167728467,0.0314899335350874,0,0.03,0.03,0,0.0834878534454919,0.03,0,0.03,0,0.03,0.251837872311332,0.03,0.03,0,0,0,0,0,0,0,0,0,1.09695420642658,0.948076872070825,0.921292619466012,1.1237384590314,0,0,0.512955746399108,0,0,0.5,0,0,0.807348521765825,0,0.605773831488261,0,0,0,0,0.5
280,-0.00157539716365842,0.0472559814335688,0.059999997272742,0.0912094110378645,-0.0653282371937917,0.0561793035207437,0.00999999999628979,-0.073177012796052,0.0572675694784619,0.625953561284124,7.01823617122261e-06,-8.74454425362811e-06,0.779860333330168,0.0368093569811837,-0.00578235953633905,0.0510151318217142,0.0749999999999662,0.00668626326097246,0.0499999998861074,-0.0750000000018253,-0.0750000000042129,0.00379999997376489,0.0217291322771746,-0.0159877899246097,-0.0081108492870008,0.00260577293692294,2.46895162234762e-07,-0.0224251734958338,0.0151318116330185,-0.0130753380464579,-0.00102510190507912,-0.13122329335907,-0.399999999202462,0.187541266676151,-0.250890035916342,-0.0558595501614843,0.249999999206202,-0.0651373275158161,-0.147951831276224,0.195506106532762,0.336133718226008,0.03,0.0435427355268285,0.1259533730657,0.365292747125468,0.03,0.03,0.0609726288256724,0,0,0,0,0.126659076812528,0.03,0.200243587151076,0.03,0.0858655290215314,0.03,0.0491300186850359,0,0,0.03,0,0,0,0.03,0.053803829900047,0,0,0,0,0,0,0,0,0,1.18127749351663,0.985511716698746,0.961881938040942,1.20490727217443,0,0,0,0,0,0,0,0.5,0.769535328431242,0,0.5,0.637894752779227,0.5,0,0,0.5
281,-0.00207662334990472,0.0465258011344234,0.0599999999993592,0.0889094910256416,-0.0665135566527084,0.0568426635253591,0.0100000000000294,-0.0738274038250154,0.0572947459179961,0.624411657882776,0.000115640890740405,9.25543072992143e-05,0.781095479019061,0.036836860516091,-0.00626306759895725,0.0510360053636875,-0.0750000000000146,-0.0556219020155301,0.00304757453744908,-0.0750000000000004,-0.0463926784735606,0.0500000000000001,0.0108735441241869,-0.0471257834261848,0.00136857420267348,8.03547791130436e-05,0.00515055656469311,0.296237192725709,-0.00684450044485517,-0.036007417840301,0.00122377716694613,0.39999999999999,-0.168349251068207,0.249999999999989,-0.042098450547096,0.0807040251060863,0.229547009445549,-0.253491055306515,-0.288393994249338,0.223684609221153,0.03,0.249699503995443,0.0430675778754801,0.156762726758108,0.293873995488921,0.03,0.0315435565243081,0.119872640718707,0,0,0,0,0.118937724680896,0,0,0.03,0.03,0,0.0827851143128437,0.0943335967728697,0,0.03,0,0.03,0,0.03,0.03,0,0,0,0,0,0,0,0,0,1.19569441637801,0.750012790214678,0.818855828294523,1.12685137829816,0,0.5,0.70120930090081,0,0,0.5,0,0,0.87099585380963,0,0.535365317556239,0,0.552423329627199,0,0,0.615222356682926
282,-0.000945325718288495,0.046387026737284,0.0599999999999895,0.0866330744221972,-0.0680942158619021,0.0579502635253588,0.00999999999999766,-0.074295759826759,0.0571756413195471,0.623859658937527,7.15516421096273e-15,2.58594391829821e-14,0.781536388116607,0.0370211968488282,-0.00661939967923397,0.0510060710277273,0.0750000000000001,0.0167409494771044,0.0465318261696482,-0.0750000000000089,-0.0749999999999992,0.0500000000000029,0.0234855783780731,-0.00890971382048727,-0.0141399725142888,-3.68409448334135e-15,3.24955840664874e-15,2.90004973616033e-15,0.00607102774801694,-0.0060710277480657,-0.00127790612887228,-0.144843545956141,-0.400000000000006,0.174812215431936,-0.400000000000006,-0.018381573593611,0.250000000000002,-0.0860000771262828,0.0252668644598549,0.21757622970231,0.324472643466496,0.03,0.0529566277323187,0.103244710932319,0.458745914779424,0.03,0.03,0.104707856482501,0,0,0,0,0,0.03,0,0.03,0.035949884911735,0,0.0302287260762698,0.0502549954766987,0,0.03,0,0.03,0,0.03,0.033668924222346,0,0,0,0,0,0,0,0,0,1.25244400495664,0.794080181949179,0.853667486746114,1.1928567001597,0.5,0,0.5,0,0,0.5,0,0,0.857301549950608,0,0.5,0,0.561014050261965,0,0,0.645548366730054
283,-0.00101750414145563,0.0453483413523064,0.0599999999999986,0.0843331544135142,-0.0697374124897349,0.0590578635266019,0.00889873530584144,-0.0757011977017553,0.0569841917172756,0.62101327178172,0.000266065698678772,0.000157612834867536,0.783800212041731,0.0370330242721243,-0.00734601891286357,0.0510633027193244,-0.0369759924513212,-0.0750000000000001,0.00306064550378541,-0.0750000000000132,-0.074999999999999,0.0499999999999994,-0.0750000000000005,-0.075000000000001,-0.00584004688417108,0.0010917761728121,-0.000407878781193027,0.593091219352489,-0.00989612410431206,-0.0590307866288133,0.00150810645535888,0.39999999999999,-0.0768107307281816,0.241773973153457,-0.400000000000009,-0.0719671604049941,0.25,-0.0184720244697902,0.066778266540713,0.230650210675723,0.0990444232215985,0.147295189877864,0.07453519704188,0.171804434356233,0.523782315240141,0.03,0.03,0.0656038798490158,0,0,0,0,0,0,0,0.03,0.03,0,0.10533395003345,0,0,0.03,0,0.03,0,0.03,0.03,0,0,0,0,0,0,0,0,0,1.23429349104002,0.53961288206049,0.77165389942671,1.13188481857621,0.5,0.5,0.757826018376831,0,0,0.548492363152291,0,0.5,0.988931830626469,0,0.586251570321199,0,0.694755572706058,0,0,0.820734896800385
284,0.000583803241763915,0.0450941460966008,0.0599999999999408,0.082033234405544,-0.0714776591197107,0.0599999999998229,0.0079493596314393,-0.0772521282857367,0.0568349081647421,0.618900813417666,-1.02160571735235e-10,-8.04641388623929e-11,0.785469148867412,0.0370521235498314,-0.00795652690037417,0.0510043155428218,0.0750000000000001,0.0203367506471009,0.0500000000000001,-0.0750000000000085,-0.074999999999999,0.05,-0.0310426102394849,-0.0750000000000005,-0.00879143517610322,4.37331955747911e-06,-0.025915310232338,-2.60358307549419e-07,0.00299373917346575,-0.00431569873235467,-0.00262968067259061,-0.151957853859663,-0.400000000000006,0.176422760416901,-0.400000000000006,-0.0224838364376474,0.23932019443518,-0.206374938826022,-0.0899878081188146,0.250000000000001,0.323908649134292,0.03,0.0403205928972632,0.100766113712473,0.455198056707097,0.03,0.03,0.132517037237826,0,0,0,0,0,0.0357348495715014,0,0.03,0.03,0,0.03,0.111750226618732,0,0.03,0,0,0,0.03,0.03,0,0,0,0,0,0,0,0,0,1.25865820745462,0.5,0.75581393534991,1.08500099957299,0.5,0,0.524059045840583,0,0,0.50625717991762,0,0,1.08758040315876,0,0.544511195075051,0.5,0.718834850562485,0,0,0.868374402877594
285,0.000505745496903219,0.0440832623090081,0.06000000001026,0.0797333143945779,-0.073122461661663,0.0600000006399384,0.00620700633117228,-0.0790375921232635,0.056601584831708,0.616027985945966,0.000279161711903577,0.000204334811345056,0.787724489787689,0.0370827086799789,-0.00866263192359628,0.0510665742693767,-0.0378394522199793,-0.0749999999990204,0.0112257176074433,-0.0749999999831677,-0.0749999999924363,0.050000000011204,-0.0749999999452997,-0.0750000000135027,-0.0140182196927222,-0.00513522601043539,0.0227688246522934,0.685858351672108,-1.84026645785259e-05,-0.065120624407213,0.00233219500309418,0.40000000315247,0.0289912141953121,0.209178254478973,-0.39999998848477,-0.0823214951111221,0.22046928886839,-0.00288772781869571,-0.0415067845920878,0.210826720772914,0.183709291293361,0.040238079179573,0.0594396883087732,0.164509755385368,0.53351996207865,0.03,0.03,0.0773533137560198,0,0,0,0,0,0,0,0.03,0.03,0,0.0719958159410132,0,0,0.03,0,0.03,0,0.03,0.03,0,0,0,0,0,0,0,0,0,1.33394927862292,0.5,0.680326481637367,1.10325537851618,0.5,0.5,0.883398180515879,0,0,0.732307147456651,0,0.5,1.16259848728325,0,0.656197396220819,0,0.798040372847412,0,0,1.01150745422402
286,0.00233679225304147,0.0444285343356147,0.0599999999997319,0.0774333943886444,-0.0749308466064779,0.0599999999997473,0.00446025922950416,-0.0808648313080471,0.0564715999948224,0.613734627639199,1.67039183220968e-14,-1.03385937571452e-14,0.789512385486529,0.0370478597713608,-0.00922603133875625,0.0509999999999724,0.0749999999999966,0.0749999999999995,0.049999999999989,-0.0749999999999967,-0.0749999999999992,0.0499999999999898,-0.0750000000000004,-0.0750000000000004,-0.000347350861210441,9.15662947539947e-11,-1.18654985639422e-06,1.8667240309023e-14,-6.05139890320473e-08,-4.68730043997279e-12,-2.07736712738076e-07,-0.400000000000002,-0.381788484654382,0.149999999999992,-0.399999999999998,0.134719382209724,0.249999999999993,-0.0545372555086711,0.111624407526953,0.206376857950399,0.03,0.390034179936769,0.0676910216931765,0.0752910216154372,0.281233124009883,0.03,0.03,0.206881532785414,0,0,0,0,0.03,0.03,0.03,0.189611103855001,0.03,0.132576553220598,0.03,0,0,0.03,0.03,0,0,0.154494033552788,0.03,0,0,0,0,0,0,0,0,0,1.67793371091109,0.810310964473706,1.055543539548,1.4327011358368,0,0,0,0,0,0,0,0.5,0.559824070647581,0,0,0.5106313579473,0.5,0,0,0.849211596703177
287,0.000768840129118918,0.0435697965355625,0.060000000000023,0.0751334743806121,-0.0749032259241997,0.0599999999999923,0.00280176462519419,-0.0823158812751143,0.0559954742124227,0.613707372423006,1.3627608012636e-05,1.05935449087094e-05,0.789533572576521,0.0370494236487336,-0.00923291904987888,0.0510034438555424,-0.0750000000000216,-0.0720406486966988,0.00380000000000069,-0.0750000000000138,0.0638746074740099,0.0500000000000001,-0.0750000000000007,-0.0705499970004611,-0.0429999658771471,-1.08593814176749e-13,0.0172607906703999,0.0345215813408323,0.000781938714555037,-0.00344385558248195,0.00172192779117782,0.399999999999985,0.00113425333097367,0.209585780878133,-0.40000000000001,-0.171580130868536,0.220847540188849,-0.0447602379074326,-0.0360397289974548,0.249999999999999,0.15867358023899,0.0913967368656412,0.070004929786837,0.104376491549949,0.50061158202786,0.03,0.03,0.0757966420347732,0,0,0,0,0.151540436079605,0,0,0.03,0.03,0,0.03,0,0,0.03,0,0.123975478084628,0,0.03,0.03,0,0,0,0,0,0,0,0,0,1.58009962251036,0.5,0.890060761587281,1.27648128215556,0,0.5,0.519240212004889,0,0,0.771723143313928,0,0.544742128820138,0.944839101014798,0,0.57021990366354,0,0.718170602255269,0,0,1.04340056304335
288,0.00223158945524524,0.0444770085311049,0.0599999999997012,0.0728335543726442,-0.0758146262203611,0.0599999999994842,0.00128386744021518,-0.0838382501828354,0.0556219728843162,0.613703319080034,1.09255006529114e-14,-4.35882605272801e-15,0.789536722483619,0.0370533288329628,-0.00923957988631937,0.0509999999999637,0.0749999999999912,0.0750000000000001,0.0171425346818762,-0.0749999999999952,-0.0749999999999991,0.0496519206325721,-0.0750000000000004,-0.0750000000000003,0.00122712407161153,-3.46218769532172e-14,1.64823268119458e-14,7.89329612902591e-15,5.511186483553e-14,-1.90606283446559e-14,-3.29037254682578e-14,-0.400000000000006,-0.33709126510868,0.149999999999992,-0.399999999999997,0.141045835170023,0.249999999999992,-0.0829443902777761,0.120034303534066,0.23293116106176,0.03,0.448668003449258,0.0650977075650615,0.03,0.297609230825105,0.03,0.03,0.203683156039278,0,0,0,0,0.03,0.0419015856397217,0.03,0.212821115156937,0.03,0.167592165904684,0.03,0,0,0.03,0.03,0,0,0.167827282195073,0.03,0,0,0,0,0,0,0,0,0,1.71172375914217,0.674075533943351,1.03508654226253,1.38085961996799,0,0,0,0,0,0,0,0.553553723674032,0.599567138222777,0,0,0.506503166551256,0.506025950350484,0,0,0.919885244232535
289,0.000658982310040288,0.0435410177463181,0.0597872354855279,0.0705336343646122,-0.0758299195872457,0.0599999999999996,-0.000396045201684657,-0.0853445641012961,0.0555302954878099,0.613703319080055,2.8909691784729e-15,-1.37320978984357e-14,0.789536722483635,0.0370533288329951,-0.00923957988631923,0.0509999999999594,-0.0750000000000019,-0.0749999999999997,-0.0290574653181125,-0.0749999999999872,0.0599733302783749,0.0500000000000019,-0.0750000000000006,-0.0750000000000005,-0.00933831937735129,4.68422511163313e-14,-9.28055220743681e-15,1.21197246532197e-13,1.01948831032989e-13,-3.92078115285445e-14,-3.78724828025744e-14,-0.337486255440962,-0.209652191922903,0.204765789927629,-0.399999999999991,0.025319444828221,0.250000000000001,-0.086651593116917,0.145778841728999,0.239855999611326,0.03,0.511838250433297,0.0855866349454149,0.03,0.297986974878926,0.03,0.03,0.210401856902299,0,0,0,0,0.03,0.0900137220484865,0.03,0.167030998098247,0.03,0.24141858773676,0.03,0,0,0.03,0.03,0,0,0.175460283969818,0.03,0.710225682726766,0,0,0,0,0,0,0,0,1.80382214298005,0.759989809939348,1.10749559143091,1.46625894219692,0,0,0,0,0,0,0,0.588867246855834,0.611221802039208,0,0,0.534917557159336,0.534464453673561,0,0,0
290,-0.00151590239760364,0.0418938213760142,0.0590728771012739,0.0682337143571726,-0.074328566379565,0.0600000000000246,-0.0002857402332782,-0.0852020826951357,0.0548371657390381,0.609522990118523,0.00022555850493022,0.000173837894150331,0.792768546325381,0.0370010197236653,-0.0100409631025095,0.0510550499626596,-0.0749999999997493,-0.0749999999994239,-0.0411659056406255,-0.0750000000004256,0.075000000000094,0.0500000000002911,0.0713913609347158,0.0743164915489892,-0.0500000000000164,-0.0121937613729044,-0.00982040544731975,0.569541348476544,-0.000500314778545717,-0.0544193886651644,-0.000635978037576691,-0.306756007481165,-0.045426039493709,0.238985797224961,-0.400000000291204,0.024259115043027,0.2500000001992,-0.319621332012331,-0.108663984475507,0.249999999988778,0.03,0.549120870927837,0.03,0.03,0.266972059673997,0.03,0.03,0.237038856265353,0,0,0,0,0.03,0.1250550160214,0.03,0.19942565043794,0.03,0.278561821388597,0.03,0,0,0.03,0.03,0.426509299588467,0,0.235308474188077,0.03,0.824379434858788,0,0,0,0,0,0,0,0,1.76640217547943,0.5,0.996612826696917,1.3982231186798,0,0,0,0,0,0,0,0.65654565191422,0.639145252239553,0,0,0,0.586079845694852,0,0,0
291,-0.00365558289625468,0.0400323653690463,0.0582883611651458,0.0659337943485994,-0.0728278006098001,0.0599999999995963,0.00129832471266418,-0.0836504821072328,0.0537447657390173,0.605356682209786,0.000204247876059313,0.000155670997619826,0.79595444917206,0.0369981657572837,-0.011053427333042,0.05104950336668,-0.0750000000000061,-0.0750000000000003,-0.0376378060375223,-0.07500000000001,0.0750000000000013,0.0492673377287269,0.0749999999999995,0.0749999999999993,-0.0500000000000086,0.000265844339798443,-0.000786155218505078,0.513617308849608,-4.0128006864777e-05,-0.0495102892792827,-8.283708603999e-05,0.399999999999996,0.365674698450568,0.250000000000003,-0.400000000000007,-0.186803146506363,0.249999999999994,-0.235096869780181,-0.174285043449976,0.249999999999994,0.468184306823714,0.03,0.03,0.0683984690779448,0.535323662473084,0.03,0.03,0.0895970824133134,0,0.03,0,0,0.03,0,0,0.03,0.03,0,0.03,0,0,0.03,0,0.0860517178578942,0,0.03,0.03,0,0,0,0,0,0,0,0,0,1.70484561068577,0,0.712175566855541,1.31274785205249,0,0.648171320103344,1.05324472496604,0,0,1.15347124680495,0,0.827861927455446,1.31147642298418,0,0.82496664250841,0,0.978097849107047,0,0,1.41170294482309
292,-0.00207571088334276,0.041612301372483,0.0581274050443685,0.0636338743406373,-0.0737740649811238,0.0599999999999822,0.000657195802324339,-0.0840473215581835,0.0532682538483162,0.604227032032438,1.14700731679077e-14,-2.68990278528874e-14,0.796812207336989,0.0369719639721281,-0.0113267434284421,0.0509999999999798,0.0750000000000002,0.0750000000000002,0.016162193962476,-0.0749999999999952,-0.0749999999999994,0.0500000000000008,-0.0750000000000005,-0.0750000000000006,-0.00241017188190591,1.73624982529559e-14,-2.07874300960466e-15,-2.30265010310665e-14,5.57644646191497e-14,-1.63579350701105e-15,-2.7613251957293e-14,-0.384698546665896,0.0280044675873375,0.170172884765069,-0.399999999999997,0.16166621681993,0.250000000000001,-0.122417962682518,0.0113426058352163,0.17184331947682,0.03,0.333902886241599,0.03,0.03,0.31828392187499,0.03,0.03,0.221721971923829,0,0,0,0,0.03,0.03,0.03,0.0901818632296739,0.03,0,0.03,0,0,0.03,0.03,0,0,0.110063916536357,0.03,0,0,0,0,0,0,0,0,0,1.73515567070697,0.5,0.890570937263474,1.32301799408257,0,0,0,0,0,0.562948377113613,0,0.775441937678974,0.581648434538968,0,0,1.0606420900339,0.614510377653384,0,0,1.10679648844988
293,-0.0036555828962393,0.041488097004642,0.0587933431123779,0.0613339543325885,-0.0731621189872266,0.0599999999995906,-0.00137194363089453,-0.0858585884293724,0.0538118504106782,0.604227032032354,-1.25902204876e-14,-1.62678848947202e-14,0.796812207337099,0.036971963972088,-0.0113267434284212,0.0509999999999457,-0.0750000000000028,-0.0726549425064986,0.0473162111218969,-0.0750000000000025,0.075000000000001,0.0499999999999901,-0.0750000000000004,-0.0750000000000005,0.05,1.51303153654937e-14,1.29296349871954e-13,-3.78289551938972e-14,2.13837270071187e-14,-7.22964251324177e-15,-6.46467626005422e-14,0.399999999999998,0.378234789171734,0.249999999999999,-0.400000000000002,-0.131132308590745,0.249999999999993,-0.0677427218542727,0.0720271703459404,0.181775921959993,0.494614659479356,0.03,0.03,0.0810139446673852,0.543042160244622,0.03,0.03,0.0873206542404082,0,0,0,0,0.03,0,0,0.03,0.03,0,0.03,0,0,0.03,0,0.113909715561922,0,0.03,0.03,0,0,0,0,0,0,0,0,0,1.95328596447739,0.5,0.931454476421759,1.52194776084861,0,0.755913481596915,1.06934832235249,0,0,1.28442925842941,0,0.928606201918873,1.24751212353231,0,0.776675306981573,0,0.949368027303531,0,0,1.46259305960923
294,-0.00207571088235668,0.0430867934609044,0.0598598677854869,0.0590340343172433,-0.0733494986915632,0.059999999999585,-0.00284259085162339,-0.0851306926963993,0.0543036502863426,0.604227032032449,2.32951408451823e-14,-3.57047157672251e-14,0.79681220733703,0.0369719639721387,-0.0113267434284549,0.050999999999984,0.0750000000000001,0.075,0.0500000000000001,-0.0749999999999908,-0.0749999999999995,0.0499999999999935,-0.0723315655163955,0.0749999999999998,0.0037999886967796,-1.02472462814615e-13,-4.07381536711665e-14,2.27605791735651e-14,6.62592173796149e-14,-8.04727167542973e-15,-1.08197434024448e-14,-0.270238988608145,0.134282316258695,0.15,-0.399999999999994,0.319127715120953,0.249999999999996,-0.0837596684054601,0.00601235120493069,0.201048097643737,0.03,0.432524168036474,0.03,0.03,0.257008159148672,0.0677315315692512,0.0482353822147938,0.255835382090249,0,0,0,0,0.03,0,0.03,0,0.03,0,0.03,0,0,0.03,0.03,0,0,0,0.03,0,0,0,0,0,0,0,0,0,1.98498936606913,0.663613179674456,1.13742231999713,1.5754847212562,0,0.5,0,0.5,0,0.551879004406969,0,0.743674170085645,0.5,0,0,1.21308358514105,0.564937133191848,0.508241176512285,0,1.10732882218738
295,-0.00365558289464203,0.0440985932003457,0.0599999999999899,0.0567341143091631,-0.0717695626882676,0.0599999999999999,-0.00473068623892238,-0.083981800647835,0.0549670100828846,0.604227032032378,4.68607822612203e-15,-2.00399375831235e-14,0.796812207336967,0.036971963972109,-0.0113267434284269,0.0509999999999705,-0.0749999999999997,0.0306181581423682,0.00379999999999058,-0.0749999999999884,0.0750000000000005,0.050000000000002,-0.0750000000000005,0.0430810953209909,0.05,5.06949087241279e-15,-2.50517689262064e-15,2.51611379043881e-14,5.69046640170707e-14,-1.31799625485249e-14,-5.13193110271123e-14,-0.00595841063424712,0.248784926622052,0.163710052543123,-0.399999999999992,0.0244168842431884,0.250000000000001,-0.174648069237278,-0.188896202598882,0.223501320855532,0.03,0.0590593327364041,0.03,0.03,0.42633338460543,0.03,0.03,0.163107543324103,0,0,0,0,0.03,0,0.03,0.03,0.03,0,0.03,0,0,0.03,0,0.659786845379532,0,0,0.03,0,0,0,0,0,0,0,0,0,1.81994970472323,0.5,0.883926804753957,1.35031797759351,0,0.504100233490772,0,0,0,0.782073593747333,0,0.867733471739218,0.815524440542681,0,0.5,0,0.836553424737369,0.5,0,1.3471308266816
296,-0.00472891407438398,0.0460447993034254,0.0599673180362464,0.0544341943010833,-0.0702283373782708,0.0599999999995494,-0.00648546009190529,-0.0842873117613269,0.0554804568182184,0.604227032032215,-2.74065098861858e-15,-1.8845242607422e-14,0.796812207337144,0.0369719639720826,-0.0113267434284298,0.0509999999999417,-0.0362119253943916,0.0749999999999994,-0.00489799590612009,-0.0749999999999918,0.0750000000000007,0.0499999999999854,-0.0750000000000002,-0.0630219064877909,0.00576788503032023,2.02461097986132e-14,1.3140789928067e-14,-2.58887460305402e-14,2.27006402521704e-14,-2.41371600903602e-14,-7.78055860984917e-14,0.4,0.306153855760493,0.249999999999991,-0.399999999999994,-0.0161444186831305,0.24999999999999,0.0136727133476979,0.395059370856137,0.249999999999999,0.61817369013192,0.03,0.03,0.03,0.503663866949217,0.03,0.03,0.108074204225558,0,0,0,0,0.03,0,0,0.03,0.03,0,0.03,0,0,0.03,0,0.201464803560149,0,0.0581632253736271,0.03,0,0,0,0,0,0,0,0,0,2.23007315703064,0.642642745759621,1.12581629938121,1.74689960340905,0,0.880532823151705,1.08252087126679,0,0,1.52700999558628,0,1.06603887234223,1.1105364197257,0,0.708673256109948,0,0.894179305300472,0,0,1.55502554404519
297,-0.0028562897052954,0.04834475926239,0.0599999957998031,0.0523078218540417,-0.0692919580043499,0.0599999999998807,-0.00738719849304899,-0.0826115509879769,0.0559285867427069,0.604290415229243,-4.37890493898522e-10,7.3418100986134e-10,0.796764139845577,0.0368482109576149,-0.0112103139140665,0.051017593406115,0.0749999999892814,0.0750000000039773,0.0237818258071102,-0.0749999999985664,-0.0181618446327759,0.0499999999989608,-0.020612585865834,0.0749999999987644,0.0360199054021409,0.0193402012789619,-0.0102921204023358,-1.29307224330432e-06,-0.0181182616564313,0.0166068866121896,-0.00198463692985723,-0.270958894580328,0.400000002721145,0.150000076614999,-0.399999999019222,0.399999996589516,0.249999999289024,0.00933630345954356,0.399999999154735,0.202963475868811,0.03,0.364212099148804,0.03,0.03,0.231787585690917,0.124706144845927,0.0680246628181479,0.288470785891749,0,0,0,0,0.03,0.03,0.03,0,0.03,0,0.03,0,0,0.03,0.03,0.888710208034245,0,0,0.03,0,0,0,0,0,0,0,0,0,2.15429574904948,0.766385384346416,1.24950643369648,1.72890551805169,0,0,0,0.5,0,0.869526273231603,0,0.940461866051942,0.5,0,0,0,0.5,0.5,0,1.15306216466224
298,-0.00363974613618074,0.0502611934996841,0.0598682190005514,0.0504027722511691,-0.0685099628840099,0.0599999916931336,-0.00827390478606283,-0.0805437078126961,0.0565167075225924,0.605258929014298,-3.41879552941292e-05,0.000203985550520219,0.796028688783112,0.035884688682296,-0.0102635773498612,0.0510916919949644,-0.0749999999295022,0.0750000002276213,-0.0224180860464611,-0.0750000001825935,0.0720986384992372,0.0161223232681895,-0.063744941287318,0.0749999997109097,0.0239946986216824,-0.0318511903555687,0.0103020075837558,-0.294130760992515,-0.0757863120690532,0.0743113715088424,0.00438645699160802,-0.299686949012097,0.163370949329303,0.156789096529734,-0.400000124914248,0.399999939561839,0.249999762773327,0.0512930287794283,0.344041785591694,0.182403845240057,0.03,0.438451775075233,0.03,0.03,0.260395926334647,0.12603901461473,0.0900416379347165,0.296394206688744,0,0,0,0,0.03,0,0.03,0.282449476521488,0.03,0,0.03,0,0,0.0926783358940396,0.03,0.343791607773007,0.098332072421862,0,0.03,0,0,0,0,0,0,0,0,0,2.00754409203706,0.929510154620652,1.22123375042592,1.7158204962318,0,0.5,0,0,0,0.680235346916246,0,0.688823648964424,0.5,0,0,0,0,0.591236841033778,0,1.00539476438654
299,-0.00530081226428797,0.0523496027053137,0.0589682019305083,0.0483144256018293,-0.0666782708145239,0.0599915084719382,-0.00862711416252322,-0.078357028788517,0.0564884015473333,0.606730783951214,-7.2925470287465e-17,-5.60471400013938e-14,0.794907388194337,0.034001960654534,-0.00838465801543125,0.0511009554260613,-0.0749999999999997,0.075,-0.0499999999999997,-0.0749999999999936,0.0750000000000041,0.00468902653070858,0.0200451336959662,0.0749999999999994,-0.022205301426237,3.73125960219843e-08,-5.06923307303994e-09,1.45992078520756e-14,-0.100955426322324,0.1009554241609,0.000286865629092915,-0.140404080033452,-0.108152340417257,0.15,-0.399999999999996,0.400000000000003,0.226721470425742,0.0938698689056125,0.286439882965716,0.246305888238864,0.03,0.191130552134543,0.03,0.03,0.419427689288199,0.03,0.106454491812184,0.176026332923111,0,0,0,0,0.03,0.03,0.03,0.151798522835782,0.03,0,0.03,0,0.03,0.03,0.03,0,0,0,0.03,0,0,0,0,0,0,0,0,0,1.70315834163695,0.939846336195606,1.18372564909592,1.45927902873664,0,0,0,0,0,0.5,0,0.549971364204788,0,0,0,0.557163538062573,0.5,0.671651432647695,0,0.567555848085542
300,-0.00718332165021137,0.0530123866352437,0.0580527059973946,0.0462014182380991,-0.0646829651937656,0.0599999950882043,-0.00807228979499078,-0.0763884611198725,0.0566360800831431,0.606155927830462,-0.000132886210549589,-0.000101405509350599,0.795345884337635,0.0320476967940341,-0.0063079886817283,0.0511129949821219,-0.0749999999994106,-0.00111054852945159,-0.0423178062745706,-0.0749999999996018,0.0750000000009753,0.0226494306617138,-0.0187687465366009,0.0749999999963286,0.0315892201702429,-5.4281830061745e-05,-0.0275049419095993,0.334316156772389,-0.082160100733187,0.112995901439976,0.00161500947582298,-0.0941924207887786,-0.310024825253124,0.150000000182711,0.0624933806450204,-0.142725360168827,0.180546219621429,0.0747951441200499,-0.0591764100298162,0.209267902088485,0.113793072047213,0,0,0.120250277336294,0,0,0,0,0,0,0,0,0.104708849679593,0.03,0.0694685346385684,0.03,0.0675940235808218,0.03,0.03,0,0.22151256248176,0.03,0.0329244885669512,0,0.119033294864277,0.03,0.03,0.102137630672471,0,0.5,0.519471963753249,0,0.690431596655005,0.5,0.518279341023737,0.712866939912932,0.730938591176107,0.691585567698953,0.563560718045016,0.683898909363766,0,0,0,0,0,0,0,0.5,0,0,0,0.5,0,0,0,0
301,-0.00874357719482143,0.050927987653057,0.0577981395724812,0.0465856269523834,-0.0628723486565786,0.0598559904098056,-0.00853974815716137,-0.0750194975049926,0.0567989883085154,0.603792630664571,-9.11527860249963e-05,-6.91132791742901e-05,0.797141454458557,0.0309400678026246,-0.00462303266057619,0.0510599377624719,-0.0749999999854965,-0.0749999999684275,0.0114820162531193,0.0750000000111062,0.0750000000176109,-0.0235501501078402,-0.023070691194621,0.0520245728536378,-0.00237527921736435,-6.81371469530795e-05,0.0129341505274127,0.228783928579702,-0.0372536346809725,0.0599399890495499,-0.00282722317756416,-0.0596144575993335,-0.397692000368349,0.149999539050643,-0.0971596174211485,-0.0857930973463636,0.236360429530646,0.0531986253574434,0.0655680380982745,0.224326768251594,0,0.0786282426578035,0.137475077263926,0.0975464639158043,0,0,0,0,0,0,0,0,0.043387054633806,0.03,0.03,0.03,0.03,0.03,0.03,0,0,0.03,0.03,0.0745800597525909,0.117927672451951,0.03,0.03,0.167584453753384,0.5,0,0,0,0.513368833911608,0.566597073566975,0.5,0.614829417507283,0.698238837990014,0.540065721845823,0.5,0.562351135464478,0,0,0,0,0,0,0,0.5,0.5,0,0,0,0,0,0,0
302,-0.0104835069287536,0.0489485212756601,0.0578300357524683,0.0478905953845553,-0.0631281232206102,0.0590836149866409,-0.00850847765020776,-0.0746306184187322,0.0566388032349856,0.602582747380074,-6.22625573999116e-06,-4.70323258348041e-06,0.798056410007973,0.0306877352670331,-0.00405786407164665,0.051003492630014,-0.0749999999641871,-0.0749999998795164,-0.00649549080897685,0.0572696694741549,-0.0749999999014466,-0.0499999997422103,0.0180889855907898,-0.0074492892716882,-0.0148581770956599,-8.94027929453346e-06,0.0334685680829851,0.0156058880214087,0.00369922869817536,0.00349360037810903,-0.00248074781759991,-0.0258941192658311,-0.123505889190469,0.149999996635866,-0.0385094328160152,0.0294946703565255,0.250000176372107,-0.00330041045501358,0.0499344244829696,0.242801301857724,0.0724257513535731,0.0527437003761388,0.03,0.069782651849988,0,0,0,0,0,0,0,0,0.03,0.03,0.0360357157120205,0.03,0.03,0.0444801663106678,0.03,0,0,0.03,0.0327802903947224,0.0791269137418907,0,0.03,0.03,0.152596943325462,0,0,0,0,0.535252535506656,0.555924097813969,0.5,0.624082189753431,0.730896869478168,0.5,0.5,0.560037222818104,0,0,0,0,0,0,0,0.5,0.5,0,0,0,0.5,0,0,0
303,-0.0120834386983506,0.0469772144414209,0.0572141059905557,0.0485440735628217,-0.064029903955408,0.0586754152326743,-0.00843835580015494,-0.0746468119820449,0.0565725195197442,0.602582747087504,-7.44469210037585e-15,2.377134351778e-14,0.79805640960554,0.0306900318457336,-0.00405636349117839,0.051000000000001,-0.0750000000000028,-0.0750000000000001,-0.0499999999999996,0.0125501683904908,-0.0206164005340139,0.00380000000000206,8.37732834623513e-15,-1.37574259476699e-14,1.92678597276703e-15,5.11907510285242e-14,9.86777406730401e-15,1.77521514809388e-14,-1.41032563638319e-14,2.24702120840458e-14,3.0639173975572e-14,0.399999999999998,-0.156427292712918,0.25,0.00437981463930618,-0.257833178723371,0.230515220620222,0.0733928534151581,0.0147979254497224,0.220888251840683,0.03,0.343371187166186,0.0900055405586321,0.0566995003757472,0.03,0,0.03,0,0,0,0,0,0.0550051082270518,0.03,0,0.03,0.101706539108171,0.03,0.417274367580736,0.03,0,0.03,0,0.03,0.096448196372312,0.03,0,0.03,0,0,0,0,0,0.531994449115639,0,0.5,0.572604292955375,0.663002660949697,0.5,0.507033059068359,0,0,1.03578888202157,0,0,0,0,0,0.635136747954872,0,0.646591854096082,0,0,0,0.5,0
304,-0.0108633283359438,0.0461236876094144,0.0568233648394465,0.0481158992122937,-0.0660598883302223,0.0582432152580476,-0.00762922352562415,-0.0752314459601685,0.0569094562397003,0.602339904475157,-2.11381883234367e-05,2.80043768543048e-05,0.798239716168532,0.0310751888020609,-0.0043794194620189,0.0510369125342664,0.0749999998517536,-0.0146573354668665,0.00525258047865469,-0.0491928865301819,-0.0749999996759917,-0.0424000000481387,0.0749534348122392,-0.0541497152989539,0.0297923911478623,0.00194346486271612,5.32475874287136e-06,0.0701726209036365,0.0369126712997006,-0.0302635495867189,0.000141512993872744,0.399999898582946,-0.278932816837396,0.249999999160435,0.0359223072037632,-0.3050975517433,0.249999967063871,0.0143301239990898,0.127412792790561,0.199991595224524,0.03,0.382291240630763,0.07910540756117,0.186232941351181,0.03,0,0,0,0,0,0,0,0,0.0965095677809026,0,0.03,0.0588894886657299,0.03,0.350697280064553,0.03,0,0.03,0,0.03,0,0.03,0.199041647185401,0.03,0,0,0,0,0,0.590631096417355,0.5,0.5,0.562408442754342,0.63400492446859,0.5,0.5,0.5,0,0.770105421790731,0,0,0,0,0,0.670682458246083,0,0.658578999534037,0,0.5,0,0,0
305,-0.00894970843814419,0.0451767683665934,0.0573946991861473,0.0464336770544277,-0.0681417940083019,0.0579870152326487,-0.00609080524610943,-0.0766884116670883,0.0575815044987572,0.602278911872379,1.47425845042207e-05,1.11241209019744e-05,0.79828573418085,0.0321901488035628,-0.00550741060419078,0.0510759305427026,0.0750000000000001,-0.0697885777259488,0.0331461983105779,-0.075,-0.0750000000000002,0.0114000000000053,0.075,-0.0750000000000001,0.0367196465174025,3.24544573499986e-07,0.00771838395679338,0.0369372366880555,0.072772328100406,-0.0759305477084809,0.00209835625519503,-0.150589880342677,-0.4,0.219178611287898,0.109701443447257,0.0558535867357101,0.207845414418416,-0.0258469822155,0.105159579611969,0.165483679502191,0.208124048937673,0.03,0.0756805628532598,0.107813188687344,0,0,0,0,0,0,0,0,0.033311794579464,0.03,0,0.03,0,0.03,0.0347640622586217,0.03,0,0.03,0,0.03,0,0.03,0.0425078829529606,0,0,0,0,0,0.699340304111318,0.709215827927885,0.605357329029846,0.763869998692539,0.507650012383973,0.50636280876327,0.5,0.546923441404215,0,0,0.549499343209175,0,0.5,0,0,0,0.5,0,0.5,0,0.5,0,0,0.5
306,-0.00834771401027115,0.0434195315614521,0.0579299647103471,0.0459315813231193,-0.0697872269561708,0.0579403546314129,-0.00474176236473072,-0.0780919984654565,0.0577379281984131,0.600999541558697,9.93835374539654e-05,7.48055686695822e-05,0.799249396393953,0.0333985888413652,-0.00700471045927128,0.0510686923342489,0.00483691734898098,-0.0749999999665116,0.0315461824412201,0.0157185120885378,-0.0749999999993987,-0.0135692324921081,0.0594070328056666,-0.0749999999962306,-0.001674496915744,4.75414535556003e-05,0.0123028011079907,0.248780731929262,0.0454177412685145,-0.0686934886727213,-0.00052590286239158,-0.0533396283087847,-0.399999977089935,0.223358010899775,0.0135760832054014,0.0433950099693685,0.204366792974949,-0.00292371232700333,0.13623510328657,0.201911861824275,0.283239194815886,0.03,0.0927175725227891,0,0,0,0,0,0,0,0,0,0.03,0.03,0,0.03,0,0.03,0.0925355460210084,0.03,0,0.03,0,0.03,0,0.03,0.0656410196337905,0.03,0,0,0,0.5,0.707535313023281,0.784493856276361,0.65692536149567,0.789604535377825,0.5,0.594213882592873,0.505887067023228,0.58737977767703,0,0,0.63610533784369,0,0.5,0,0,0,0.5,0,0.5,0,0.5,0,0,0
307,-0.00787258216494954,0.0418117173809863,0.0580119782223787,0.0465910759410678,-0.0714434444369889,0.0575754749727096,-0.0036048995799631,-0.0796153937346983,0.0577369508481297,0.598698709617175,0.000115425259602175,8.63801215527291e-05,0.800974355074024,0.034177922734929,-0.00833413454970557,0.0510664625586258,0.0270732413954969,-0.0749999999966483,5.07448282438289e-06,0.0470933523028467,-0.0749999999757678,-0.0220686880515459,0.0566773804227235,-0.0750000000340217,-3.84118271257197e-07,8.40014395951299e-05,-0.000589639784809163,0.288336652494789,0.0387759313079083,-0.0664647533086171,2.47810230649379e-05,0.399999990566767,-0.200803044762412,0.250000000897186,-0.0684304040158108,-0.307010762993969,0.149999996802433,-0.00237968764057204,-0.000247143275043756,0.235589384915988,0.03,0.360234666125982,0.0780101595191577,0.173234151303531,0,0,0,0,0,0,0,0,0,0.0883952175471439,0,0.03,0.0603488351427653,0.03,0.337416978309784,0.03,0,0.03,0,0.03,0,0.03,0.192285577937284,0.03,0,0,0,0,0.5,0.5,0.514224212878854,0.605650705976679,0.5,0.647093084253791,0.5,0.552023970555252,0.5,0,0.751804339327231,0,0,0,0,0,0.769557095213759,0,0.702636360288321,0,0.5,0,0,0
308,-0.00608766054344713,0.0406320854114629,0.0585296381549882,0.0463864802661217,-0.0735993512896857,0.0571234179431545,-0.00252455643893426,-0.0809115802445646,0.0579730738602299,0.598398880729492,3.27694959112085e-11,3.48058519888757e-11,0.801198339918335,0.0354436823766422,-0.00968639413836391,0.0510690923706333,0.0750000000008886,-0.0584178117920981,0.0373026312783185,-0.0571303844119909,-0.0750000000003335,-0.0230401829974885,0.0506357791561045,-0.0614414994850077,0.0201125276194367,-9.01889385926079e-13,-1.59438470539831e-12,6.41164703812903e-12,0.06909236437858,-0.069092364676797,0.000146960569624795,-0.0433304549349619,-0.40000004474705,0.249999998882902,0.0802911598625978,-0.123595335062053,0.250000104574513,0.0273851302498281,0.0504001792913173,0.231443151910481,0.322728813182036,0.03,0.0682717535980041,0.15047721003078,0,0,0,0,0,0,0,0,0,0.0488544661365389,0.244295743971362,0.03,0,0.0337454952734837,0.136523875407872,0.03,0,0.03,0,0.03,0.150472439503434,0.03,0.111163367939161,0,0,0,0,0,0.71863017254702,0.817595894835,0.686200821089176,0.84598545293353,0.569673347387641,0.594223887858361,0.517375703390935,0.646521531855073,0.5,0,0,0,0.5,0,0,0,0.596387380502089,0,0.504030574125352,0,0,0,0,0.5
309,-0.0060305749310648,0.0387682947840533,0.0593646801602601,0.0464722391850366,-0.0736840109776286,0.0562663801602546,-0.00169413934915876,-0.0823013825601106,0.0578671548327255,0.596480258816111,0.000151461837590882,0.000112733349076438,0.802627814049451,0.0364758813615593,-0.0111578730552533,0.0510690731124413,-0.0449230341940083,-0.0750000000000001,0.049999999999992,0.0545393210126849,0.0536673123104046,-0.05,0.0336152185551601,-0.0687976931024802,-0.0260841749136943,0.000124431506241828,0.00972562622991876,0.377621526388497,0.0334072887214813,-0.0690762513129522,-0.00101914684724864,0.399999999999993,-0.153998503906333,0.249999999999995,-0.0489551540132202,-0.400000000000001,0.198735697455334,0.0386707192320767,-0.0163427545931702,0.244388695985406,0.03,0.318617876976714,0.03,0.173452747478325,0,0,0,0,0,0,0,0,0,0.0743686054399077,0,0.03,0.0800022582218627,0.03,0.351836037881511,0.03,0,0.03,0,0.03,0.159394103741831,0.03,0.130187625085932,0.03,0,0,0,0,0.5,0.5,0.585070430224486,0.650080457529078,0.5,0.70191537021802,0.540118700029596,0.674742329077411,0.5,0,0.730675598628937,0,0,0,0,0,0.806548469553354,0,0.792365795029471,0,0,0,0,0
310,-0.00447870756660937,0.0376707268078808,0.0599999999999844,0.0466855109637734,-0.0754346084823335,0.0551973210506077,-0.000849995698292251,-0.0834913869955614,0.0570963702991545,0.595324046428139,1.62816202669361e-15,2.4860701812886e-14,0.803485705998829,0.0373826677011763,-0.0123595446391912,0.0510560082754117,0.0750000000000001,-0.0408615475065753,0.0500000000000001,-0.0252347373103899,-0.0749999999999999,-0.0499999999999999,0.0485026450474991,-0.0527866267808035,-0.0481631806295168,7.49557947574583e-15,5.28386028268863e-09,1.48224043708857e-14,0.0560082756906298,-0.0560082754211813,-0.00020226171721137,0.00690624897635051,-0.400000000000002,0.186908801902345,0.0154171935664631,-0.207264317404861,0.200701676971733,0.0233891181008299,0.0498847740176541,0.250000000000001,0.402803501559833,0.03,0.0541969386505899,0.135614542450594,0,0,0,0,0,0,0,0,0,0.0513993523650593,0,0.03,0,0.0362463764124598,0.191661099597288,0.03,0,0.03,0,0.03,0.144570660567103,0.03,0.113327984838389,0,0,0,0,0,0.607358344531949,0.638907994539261,0.5,0.718164616239729,0.564155625024112,0.588367906678916,0.510529315554524,0.641994216148506,0.5,0,0.5,0,0.5,0,0,0,0.647078099869105,0,0.545231176615262,0,0,0,0,0.5
311,-0.00348004767212609,0.036071227178719,0.0600000000000026,0.0467106016952052,-0.0769484254799697,0.0546927247120399,-5.86395745531345e-05,-0.0846920897622412,0.0564956819678927,0.593893438310688,0.00011770833158735,8.69932266873682e-05,0.804543751606703,0.0384778534600946,-0.0137800823530253,0.0510774092497924,0.0380490364997653,-0.0750000000000002,0.000333510462799649,0.0229275788408896,-0.0750000000000002,-0.00496330350616274,0.039951236506075,-0.0684515508050015,-0.0252147181728977,7.54485667359603e-05,0.00697266050880431,0.292732476798363,0.0497877779773482,-0.0774111546367126,5.85755616104976e-05,0.399999999999992,-0.254666681689102,0.249999999999999,-0.00579028372867137,-0.205036018339745,0.164996776908381,0.0575016189830823,0.0135181197101974,0.163577806419108,0.03,0.269663965425078,0.0810250584498487,0.202246224715269,0,0,0,0,0,0,0,0,0.118279222110715,0.0898175284866636,0,0.03,0.052249165143779,0.045455228268863,0.147248989934818,0.03,0,0.03,0,0.03,0,0.03,0.0429336576025492,0.03,0,0,0,0,0.5,0.587969156811143,0.5,0.5,0.57488394872922,0.626311178117366,0.57635608004235,0.666277078211742,0,0,0.505271523462514,0,0,0,0,0,0.620276289564231,0,0.56619890049492,0,0.54460423616691,0,0,0
312,-0.0016393010003296,0.0344911008380371,0.0600000000000279,0.0467379230962587,-0.0789417800693418,0.0546923156089871,0.00102988530248519,-0.0860049080183308,0.0559242943960053,0.593569418680887,6.21329121585049e-15,-1.57484130221415e-14,0.80478279380639,0.0400470445462987,-0.0154411645989271,0.0510878761087988,0.0750000000000002,-0.0750000000000083,0.0171251416280608,-0.0162751644105782,-0.0750000000000004,0.00402369350024326,0.0637121807549152,-0.0694637710032953,-0.0300748779920802,-1.15465196500448e-14,-1.78043555889949e-14,2.52705804430845e-14,0.0878761088140832,-0.0878761088140765,0.000301545579427336,-0.344330189679722,-0.400000000000006,0.1721662048663,0.00820076581250984,-0.0221946645076951,0.204052540456917,-0.042341316507566,0.110012129169546,0.169221733274025,0.03,0.216238087839278,0.113062241080025,0.0992466638536197,0,0,0,0,0,0.03,0,0,0.03,0.03,0.03,0.03,0,0.03,0.03,0,0.140298861795276,0.03,0.0345714581351338,0.217348256336572,0,0.03,0.03,0.166644860697375,0,0,0,0,0.73332648282106,0.62241062571296,0.5,0.625835450352491,0.5,0,0.5,0.514801323418886,0,0,0,0,0.5,0,0,0.5,0,0,0,0,0.5,0,0,0
313,-0.00301412137329442,0.0325120766010619,0.0598060063919756,0.0469119273137207,-0.078959434221549,0.0552045092669255,0.00201187644857533,-0.0870532217176906,0.0558753307887239,0.593460737285832,4.71684212233339e-06,3.4780198440583e-06,0.804862940777814,0.0413234857150388,-0.0167428100055543,0.0510443231240251,-0.0749999999999999,-0.075000000000004,-0.0271348787492258,0.0291346088299482,0.0597587134345717,0.0432709469487426,0.0313981820945312,-0.0357289226190727,0.0144171234035213,5.7993047006611e-14,0.00586047965545329,0.0117209593108749,0.0435022864409757,-0.0443231240192873,-0.00142635195100028,-0.164063265743596,-0.400000000000003,0.219453926036056,0.0362622592106762,-0.103468213752319,0.15,0.0366425230306466,0.00378231383271964,0.15,0.03,0.183289191834773,0.114181130557439,0.0985388048805155,0,0,0,0,0,0,0,0,0.03,0.03,0.03,0.03,0,0.03,0.03,0,0,0.03,0.03,0.131070343894191,0,0.03,0.03,0,0,0,0,0,0.700066017124499,0.646302502830508,0.5,0.565697615900945,0.5,0.5,0.532710233983681,0.540508872269961,0,0,0,0,0.5,0,0,0.5,0.5,0,0,0,0.5,0,0,0.5
314,-0.00484821462155222,0.0306452803804975,0.0595008720609576,0.0466323655422132,-0.0790854365389078,0.0562959481009526,0.00107407820090622,-0.0867125493490896,0.0565812078095874,0.590989745835597,0.000196279382008085,0.000144092460076385,0.806679179226343,0.0416722031318029,-0.0176527035933567,0.0510464413404687,-0.0749999999996451,-0.07499999999943,-0.00553276283912643,-0.0398429631206682,-0.0700845291353567,0.0499999999491973,-0.0749999999990142,0.0750000000084551,0.049999999955004,0.000235224998100027,-0.000742506944302296,0.486983278540723,-3.7897440609584e-05,-0.0464471752903861,-7.79559999766855e-05,-0.139848659072053,-0.399999999610017,0.202716695163683,0.0876018424187793,0.0431989666008222,0.149999965242399,0.157755935330342,-0.0753122616773011,0.149999969215099,0.0518472728262885,0.158344467778314,0.109114253758297,0.101077465395877,0,0,0,0,0.03,0,0,0,0.03,0.03,0.03,0.03,0,0.03,0.03,0,0,0.03,0.03,0,0.0443007978496221,0.03,0.03,0,0,0,0,0,0.709025014760075,0.58403279001138,0.5,0.5,0,0.513288566850166,0.5,0.5,0,0,0,0,0.5,0,0,0.5,0.5,0,0,0.5,0,0,0,0.5
315,-0.00668653568579816,0.0287067328084225,0.0598459949250199,0.0460403438938235,-0.0804271842702756,0.057372735697153,-0.000669874981660805,-0.0855648123826128,0.0576440121876814,0.586717726555154,0.000215155919243956,0.000156236345527242,0.809791653116992,0.0416744892248973,-0.0186591165746447,0.0510505438537975,-0.0749999999994154,-0.0749999999996202,0.0359013997543024,-0.0209856182636417,-0.0658279937937757,0.0500000000011971,-0.07500000000756,0.0429760956053885,0.0499999999988657,0.000284082123808708,-0.000517846303386714,0.531796628551263,-2.64395510029005e-05,-0.0505512581457063,-5.80405104355421e-05,0.400000000399989,-0.116810366376681,0.214800174646253,0.0767312051049509,-0.0245102203597867,0.152117117144281,0.0851219105534066,-0.371114610947906,0.187619395250237,0.03,0.316172082964539,0.0383028855922924,0.13108550462354,0,0,0,0,0.03,0,0,0,0,0.03,0,0.03,0.0418022384760745,0.03,0.24286452383354,0.03,0,0.03,0,0.03,0,0.03,0.138557431553397,0.03,0,0,0,0,0.685743593783949,0.546255799627855,0.5,0.5,0,0.5,0.5,0.5,0.5,0,0.684940980085125,0,0,0,0,0,0.5,0,0.5,0,0.5,0,0,0
316,-0.00548119929662533,0.0279737178678847,0.0599999999999417,0.04566531372952,-0.0827088002839497,0.0582849045477239,-0.00224757970201317,-0.0849452331784726,0.0585614686224833,0.584270243140824,2.51627515991914e-05,1.81225686730918e-05,0.811559170207823,0.0419371545554533,-0.0195190241862632,0.0510332826705836,0.0749999999999965,-0.012791902807482,0.05,-0.0169235956968939,-0.0750000000000001,0.0420153500702228,-0.075,0.0211631204638049,0.0424960415977615,1.84189786142237e-05,-0.0297233478527905,0.0620190798891885,0.025884799187171,-0.0332832411116958,-0.00156213332600109,0.399999999999998,-0.251039988332478,0.176874718540263,0.0614688559861825,-0.0995468263772153,0.170518392783542,-0.0449133782210804,-0.266350601093214,0.149999999999999,0.03,0.383085577699314,0.107087633848638,0.168437070911667,0,0,0,0,0,0,0,0.03,0.105683387379831,0.03,0,0.03,0.107210841623123,0.03,0.0920910257784307,0.03,0,0.03,0,0.03,0,0.03,0.082986860407934,0.03,0,0,0,0,0.5,0.605193209809085,0.5,0.507516747176315,0.5,0.5,0.513579914663582,0,0,0,0.785664853017938,0,0,0,0,0,0.5,0,0.529598516593836,0,0.5,0,0,0
317,-0.00352346621404892,0.0275242633064951,0.0600000000000398,0.0442589630875804,-0.0846476272058381,0.0592852540937847,-0.00374188011421704,-0.0837725220075963,0.0592353576091628,0.584266708834698,2.39193972543728e-15,1.61880779310754e-14,0.811561712346906,0.0427372987648803,-0.020323157901724,0.0510482906979776,0.0750000000000001,-0.0325517848333715,0.0398434155343609,-0.0750000000000001,-0.0750000000000003,0.049999999999999,-0.0744818556554026,0.075,0.0264931465730067,2.22421173090807e-14,3.98922553662891e-15,1.9418264238133e-14,0.0482906979835655,-0.0482906979835699,0.000889112885301024,-0.147073899450613,-0.400000000000001,0.180640574400323,0.141404543443141,0.064883185738833,0.149999999999999,0.155453364947002,-0.0356677025294638,0.149999999999999,0.235998860540388,0.03,0.0964466402082907,0.145014620090605,0,0,0,0,0.03,0.03,0.03,0.03,0.0640070293408832,0.03,0,0.03,0,0.03,0.03,0.03,0.149517104161423,0.03,0.094647073449105,0,0,0.03,0.03,0.0791256442693304,0,0,0,0,0.796997018663292,0.816357827494405,0.812809540003393,0.83388354575523,0,0,0,0,0,0,0.5,0,0.5,0,0,0,0,0,0,0.5,0.5,0,0,0
318,-0.00361256856847174,0.0257775066223633,0.0599917053808793,0.0445979108364023,-0.0846142598214464,0.0597770108524204,-0.00332010991676093,-0.0821936989739066,0.0599968736515687,0.580657997495521,0.000169137329275137,0.000198632573011895,0.81414792906782,0.0432803621162587,-0.0215693926796582,0.0510633950664725,-0.0581523043534496,-0.075,-0.00325382069107285,0.0750000000000001,-0.0188849556252019,0.00378500834350166,0.0749999999999992,0.0749999999999996,0.0475525203037895,-0.0287290272754789,-0.04574388763777,0.790952233784889,0.00824421997701443,-0.039910061384205,-0.00148682913468951,0.399999999999999,-0.0827103888443213,0.233108126346619,-0.0558959198650282,-0.216772388380821,0.159688865707164,-0.0274835426969237,-0.261435800123691,0.149999999999997,0.03,0.254615797574034,0.0808235325993383,0.147302681991402,0,0,0,0,0.03,0.03,0.03,0.03,0.0736128861504729,0.03,0,0.03,0.0499265746136348,0.03,0.123294780464868,0.03,0,0.03,0,0.03,0,0.03,0.044588658702165,0.03,0,0,0,0,0.560139075543066,0.539001935295962,0.5,0.606496190580888,0,0,0,0,0,0,0.778020610374547,0,0,0,0,0,0.500700998602469,0,0.556156018356239,0,0.5,0,0,0
319,-0.00238150929753459,0.0252497362300548,0.0600000000000011,0.0450881875832605,-0.0867375635396699,0.0594121656598864,-0.00175703470127345,-0.0806404729666787,0.0599999999999871,0.579015598668375,8.54851426428003e-15,1.77522747702691e-14,0.815316464017899,0.0436733448738584,-0.0223143595021252,0.0510275566595356,0.0749999999999969,-6.16463224217255e-05,0.0472201221277614,-0.0167930230078703,-0.0749999999999999,-0.0362645697835654,0.075,0.0749999999999997,0.00135252692088189,-7.1114550153955e-13,3.22889547444188e-08,5.04481682937483e-15,0.0275566611937938,-0.0275566595470274,-0.000777711216434847,0.399999999999998,-0.108433738318823,0.183520784265285,-0.0157301450849236,-0.204020793210771,0.249999999999999,-0.174716116685856,-0.11531441439051,0.199786729859422,0.0794366793646927,0.208666116337926,0.109510703343576,0.178592516129828,0,0,0,0,0.03,0.03,0.03,0.03,0,0.0329429670175466,0,0.03,0.03,0.03,0.0755887996136903,0.03,0,0.03,0,0.03,0,0.03,0.117995740158753,0.0777649395314775,0,0,0,0,0.739521109577283,0.542521360132317,0.520791831902972,0.80824253194809,0,0,0,0,0.5,0,0.5,0,0,0,0,0,0.648136721099897,0,0.540838584430928,0,0.5,0,0,0
320,-0.000365323189347388,0.0251095534387319,0.0600000007573759,0.0448630646474441,-0.0888667316102811,0.0584578828221443,-0.00211573539022806,-0.0819331547627543,0.0599491818490584,0.579015598672223,-2.62905982548862e-11,3.7518060754922e-11,0.815316464015409,0.0442892826858668,-0.0229302973018275,0.0510341876870691,0.074999999999873,-0.0114041534475298,0.050000000030299,-0.00672597539083653,-0.0749999999996294,-0.0499999999982799,-0.0750000000000927,-0.0750000000002412,-0.00560645596749154,1.44492853253616e-12,-3.36017138867977e-13,1.02446441315475e-13,0.0341876618092598,-0.0341876618144188,0.000372713027703947,-0.153972502414518,-0.400000001180038,0.150000020729681,0.0126449058929643,0.056575937042291,0.213434050818443,-0.0215198443396484,0.130145386464654,0.199503507954257,0.0779395103852232,0.175978604477413,0.122918289115453,0.131000004174073,0,0,0,0,0.0712156681854244,0.03,0.03,0.03,0,0.03,0.03,0.03,0.03,0.03,0.03,0.174560587840199,0.138403509060902,0.03,0,0,0,0.03,0.03,0.150754743512863,0,0,0,0,1.09903643214258,0.95672741931121,0.956545251365132,1.09921860008867,0,0,0,0,0.5,0,0,0,0,0,0,0,0,0,0.5,0.5,0.5,0,0,0
321,-0.00103688065993302,0.0234696017541617,0.0599663033013357,0.0458719209271306,-0.0887030926831902,0.0580053270766541,-0.00362821393615875,-0.0829813544550883,0.0597946388084764,0.575492149476554,0.000245182676949392,0.000172988305924757,0.817807468969496,0.04456846681945,-0.0239925916770964,0.0510565049014444,-0.0750000000000067,-0.075,-0.00970574909997904,0.0750000000000001,0.0750000000000092,-0.000232326386001649,-0.0750000000000001,-0.0339272451519539,-0.00946286919006881,0.000408714936532266,-0.0171037553404041,0.600131853624358,-0.000872829289534091,-0.0565156862373389,-0.00162363096010001,0.399999999999995,0.0342417706204293,0.25,-0.0794885524647378,-0.399999999999994,0.16391531410801,0.0344093587463712,0.112124960397038,0.175430600312699,0.0742748031793823,0.133407078412126,0.0571398881288163,0.15054202909199,0,0,0,0,0.03,0.03,0.03,0.03,0,0,0.327180331222867,0.03,0.03,0.0956395674957643,0.099942495873125,0.03,0,0.03,0,0.03,0,0.03,0.03,0.03,0,0,0,0,0.801097848469981,0.613854324182363,0.672197690417549,0.787662545499153,0,0,0,0,0.5,0.5,0,0,0,0,0,0,0.604160729879854,0,0.605497279042367,0,0.562784050334878,0,0,0
322,0.000211312934621067,0.0230369504011197,0.0599999998856413,0.0463696582303385,-0.0902830287022173,0.0578630777560354,-0.00521193842657644,-0.0847331765906483,0.0598239673089842,0.573634616110751,2.25192522217061e-12,-4.23155956053828e-12,0.819111303312926,0.044807889112074,-0.0246896110768472,0.0510168516496068,0.0749999999998817,0.0169474001598812,0.04133621052984,-0.0161147915994424,-0.074999999999639,-0.012741671251275,-0.0750000000004745,-0.075000000001317,0.0104085753626873,-1.47409268625194e-11,2.42553118085093e-07,1.17677873037213e-13,0.0168516659010917,-0.0168516535267914,-0.0017123059788764,-0.0267309557763305,-0.400000000313699,0.180389964840988,0.0425285444637425,-0.0360365486955118,0.154512160277746,0.0249373023327543,0.158169403674795,0.171375307450275,0.36790659930452,0.03,0.0340284787534068,0.0850670620124157,0,0,0,0,0.03,0.03,0.03,0.03,0,0.0741424801375638,0,0.03,0.03,0.0493439619929246,0.03,0.03,0,0.03,0,0.03,0,0.03,0.03,0.0349248953194258,0,0,0,0,0.951842853502721,0.847008617961053,0.829485622733115,0.969365848730664,0,0,0,0,0.5,0,0.5,0,0,0,0,0,0.5,0,0.5,0,0.5,0,0,0
323,0.000490564091751374,0.0218253295605784,0.0599999988708924,0.0467097542084494,-0.0919313559885007,0.0578327240697385,-0.00672043264815028,-0.0864290856569945,0.0600000023937629,0.570885046552715,0.000271206043955986,0.000189093627602461,0.821030201628601,0.0451226727371081,-0.0256001539197362,0.0510694170241397,-0.0165811594173475,-0.0749999999953418,0.0017693237713895,0.0441026534201843,-0.0749999999959081,0.00766557742504085,-0.074999999952114,-0.074999999930027,0.017950757723809,0.000368090603704404,0.0199513243017416,0.661238869531581,0.00842944309294327,-0.0694261285174328,0.000935050115353616,0.4000000231268,0.0392809130011203,0.202199305710596,-0.026030148580106,-0.135384961958425,0.157828162710512,0.026894529885361,0.107761409288909,0.150000080106901,0.105510065690913,0.130212755854958,0.076617438910531,0.159105482472397,0,0,0,0,0,0.03,0.03,0.03,0,0,0.258837756016479,0.03,0.03,0,0.0384058042040733,0.03,0,0.03,0,0.03,0,0.03,0.03,0.03,0,0,0,0,0.878184098554586,0.77011507569208,0.777879525475462,0.870419648771203,0.5,0,0,0,0.5,0.5,0,0,0,0.5,0,0,0.51063412459649,0,0.556794343480263,0,0.5,0,0,0
324,0.00231094179751543,0.0215280306580579,0.0600000000000087,0.0472514121852575,-0.0934585699704185,0.0580343986149132,-0.00812306805747043,-0.0876106135445292,0.0598957295280847,0.568467361043688,-1.67573303768801e-10,-1.15802814087805e-10,0.822705816298272,0.0453819487517117,-0.0264441890306819,0.0510136163113469,0.0750000000000001,0.0230339287658247,0.0176799391558937,0.0131576383932755,-0.0750000000000004,0.0120622138640491,-0.0661487020506786,-0.0460480064866961,-0.0175214983926272,4.85385695568678e-06,-0.0272584757879935,-4.07619053434861e-07,0.0122259971229892,-0.0136164845951858,-0.00299870467301012,-0.0794560780396465,-0.36711627828361,0.188148944614429,0.014850215820405,0.214842862276308,0.231636855364391,-0.0536001332550028,0.267089332010566,0.23096393600089,0.0847156843730383,0.125418238692084,0.0952591419191263,0.120671938731799,0,0,0,0,0.172329831813617,0.03,0.03,0.03,0.03,0.0478531799386389,0,0.0458353612914496,0.03,0.070319037406211,0.03,0.129937619276193,0,0.03,0.03,0.12216719890061,0,0.03,0.03,0.169833177441386,0,0,0,0,1.14062166389804,0.88909394656425,0.965968042631165,1.10623152105286,0,0,0,0,0,0,0.5,0,0,0,0,0,0.5,0,0,0,0.5,0,0,0
325,0.00229677022203723,0.0204360959571664,0.0599964132973443,0.0484638231610409,-0.0949740157839299,0.0577674428921889,-0.00970589154244503,-0.0869482473547756,0.0595777243848797,0.565543907901334,0.000281708308231785,0.000193729416067381,0.824718400008919,0.045510396601315,-0.0271978972438938,0.0510638070849514,-0.0323332991895903,-0.0749999999999999,-0.0017933513323658,0.0749999999999999,-0.0750000000000003,-0.0341377861359514,-0.075,0.0749999999999997,-0.0145737870600846,-0.00128189679308875,0.0201325749346174,0.68378454710952,0.00102746998777344,-0.063731355137543,0.00168867426579857,0.0671053699271227,-0.115835841140975,0.193252372451559,-0.0466513224980275,0.195133149987335,0.25,-0.0705080819148946,0.216228966937378,0.244103760971954,0.0629783300939689,0.0686681617041633,0.0685601496759183,0.0686497113433847,0,0,0,0,0.243254262059401,0.03,0.03,0.03,0.03,0.0599131340414126,0,0.03,0.03,0.0797720364153997,0.03,0.120716586782143,0,0.03,0.03,0.0983561531740171,0,0.03,0.03,0.171520207616303,0,0,0,0,1.22275562177802,0.957359386481996,0.999950381834045,1.18335863454743,0,0,0,0,0,0,0.5,0,0,0,0,0,0.527084444515824,0,0,0,0.5,0,0,0
326,0.0017902968125484,0.0186597194246026,0.0599927925221199,0.0500432818086644,-0.0960560823243037,0.056871426383623,-0.01134844636823,-0.0851597711763561,0.0594681731099269,0.560041033442376,0.000275112211392735,0.00018650873014073,0.828465070040987,0.0455094250075049,-0.0284370205296932,0.0510617069949749,-0.0251600545368069,-0.0749999999999998,9.95076874468773e-06,0.075,-0.0370060491251113,-0.05,-0.0749999999999999,0.0749999999999998,0.00196480078010973,0.000441645847230876,7.28136622085841e-05,0.664747533024544,3.68366034397201e-06,-0.0617184764966975,-9.67719436191717e-06,0.121145585502618,-0.0951239545867688,0.200285196081697,-0.00427500166576186,-0.0353243339148206,0.235187040620467,-0.0698287350823444,0.208789193758605,0.221954509706828,0.114847012561199,0.03,0.0476973863684643,0.0722155569572048,0,0,0,0,0.273255732983633,0.03,0.03,0.03,0.03,0,0.0913429507358814,0.03,0.03,0,0.03,0.0652980002989634,0.203614276604885,0.03,0,0.0940629160284868,0.145658685676647,0.03,0.03,0,0,0,0,0,1.23779158311287,0.874936973599597,0.946351703728981,1.20718251491057,0,0,0,0,0,0.5,0,0,0,0.5,0,0,0,0,0.5,0,0,0,0,0.601243771910347
327,0.00151635436562365,0.0172735090763969,0.0599700755846823,0.0515709737128234,-0.0944800232720333,0.0558384519050062,-0.0130419418316071,-0.0828727367320105,0.0597733976497533,0.556021805851586,0.000159482297552205,0.000106870216500271,0.831167770124433,0.0455973306936573,-0.0294365922443262,0.0510442308417003,-0.00629697547253077,-0.0596943325342236,-0.00100006004062873,0.0749999999982454,0.0749999999955747,-0.0499999999909704,-0.0750000000024865,0.0749999999927216,0.0261394903685149,0.000168512261643997,-0.0106296604261903,0.383957636777808,0.00819192103152308,-0.0442353828345627,-0.000578615415644244,0.114002721299712,0.0116123722013151,0.221865497384372,-0.0033293675034996,-0.139098016923727,0.250000006177851,-0.0714252794898933,0.319029370777366,0.193157208938649,0.0752661247151824,0.03,0.03,0.0490508071486629,0,0,0,0,0.324922050414267,0.03,0.03,0.0504710550553609,0.03,0,0.107823265888607,0.03,0.03,0.0815208342825984,0.03,0.101402175495839,0.187528357188698,0.03,0,0.0912389167652649,0.144149975177685,0.03,0.03,0,0,0,0,0,1.22185947969361,0.74804158365264,0.896486096632878,1.17778022082221,0,0,0,0,0,0.5,0,0,0,0,0,0,0,0,0.5,0,0,0,0,0.683540702201076
328,0.00125302313556154,0.016140608308911,0.0599640399470856,0.0531147049034833,-0.0925704643322316,0.0547970802521909,-0.0148134730081869,-0.0806625851185188,0.0599999999999896,0.552600902436985,0.00016839049421617,0.000111845785958604,0.83344607817766,0.0456406471665126,-0.0302375023049024,0.0510372498818521,-0.0152187852951153,-0.0536250531364223,-0.000404677954073396,0.0750000000000001,0.0750000000000001,-0.0500000000000001,-0.0749999999999998,0.0750000000000007,0.00801736251747958,0.000169676065021431,-0.00305015078015885,0.404301127214566,-0.000155622920671874,-0.0372543246012749,-0.000287541617419739,0.111685771036644,0.0670704240366296,0.223333869766566,-0.0582656163139901,-0.202302414863912,0.25,-0.132979968635781,0.400000000000001,0.217200501989865,0.0352780425651309,0.03,0.03,0.03,0,0,0,0,0.416238827304544,0.03,0.03,0.0840910476815586,0.03,0,0.0843203675204411,0.03,0.03,0,0.03,0,0.227366761104776,0.03,0,0.113994209723993,0.226264263226753,0.0387190733111906,0.03,0,0,0,0,0,1.13862573543601,0.688477920472185,0.726653549661256,1.10045010624694,0,0,0,0,0,0.5,0,0,0,0.5,0,0.5,0,0,0.5,0,0,0,0,0.5
329,0.00149248704517709,0.0162667292643139,0.059795451764442,0.0546839856124065,-0.0917591396561803,0.0537158955826229,-0.0166397126178923,-0.0783626251006505,0.0600000047179033,0.551916783541402,-5.34792533048594e-06,-3.53980620684119e-06,0.833899193055895,0.0456329822661663,-0.0303266200660149,0.051001261459848,0.0429172841175046,0.0388773960306447,-0.0111812656479047,0.0749999999979534,0.0344941199952627,-0.050000000008134,-0.0750000000026153,0.0749999999924103,0.0463301353579024,-7.720102879485e-08,-0.00162205803431528,0.0128265593951316,-1.88389449371063e-06,0.00126151882916563,0.0001428633887708,0.073433253508669,-0.0162040739544171,0.224944149264248,0.00845949853351699,-0.00812849665258057,0.209244717309858,-0.11454026306242,0.399999994807536,0.178597095371803,0.0390853506105738,0.03,0.03,0.03,0,0,0,0,0.399336092843647,0.03,0.03,0.0839623213491253,0.03,0.0808622276777113,0,0.03,0.03,0,0.03,0,0,0.03,0.108365226597307,0.0823598735116065,0.146042059170689,0.03,0.03,0,0,0,0,0,1.15088607402857,0.650007548851805,0.762174962519006,1.06522385571948,0,0,0,0,0,0,0.5,0,0,0.5,0,0.620224904804329,0.628944550767252,0,0,0,0,0,0,0.5
330,0.00196684924978365,0.0162864174235704,0.0597611462917392,0.0560246085664816,-0.0912034161816616,0.0527029229320711,-0.0184627794707965,-0.0760626651151806,0.0600000012586001,0.55190108824625,1.76462752559815e-06,1.16780059166749e-06,0.833909580720456,0.0456531609975254,-0.0303493937309786,0.0510003895015207,-0.000354204152792994,-0.00055791532602921,-0.000583543799041709,0.0606732532967316,0.0249014456570118,-0.0500000000126949,-0.0750000000029052,0.074999999991658,0.0499999999860217,7.86697375690908e-08,-0.00327618533680931,0.00423217528900945,-0.000167087091679074,-0.000389563422115646,-0.000453226930414207,0.113960573325756,0.0737344682409327,0.216411204440747,-0.00421892449618287,-0.0215227999038868,0.224858969104223,-0.164406502010315,0.399999994292915,0.222641005452689,0.03,0.03,0.03,0.03,0,0,0,0,0.435613810266733,0.03,0.03,0.141135338865881,0.03,0,0,0.0352891458820084,0.03,0,0.03,0,0,0.03,0.0671777613481029,0.0649507582884618,0.167452758742717,0.03,0.03,0,0,0,0,0,1.14662815106839,0.522088207314908,0.687192333033183,1.03826820856721,0,0,0,0,0,0.5,0.5,0,0,0.5,0,0.5,0.60059398033289,0,0,0,0,0,0,0.510701781402621
331,0.00244141639455237,0.0165427716857095,0.060000000174447,0.0572743816276731,-0.0906984291147021,0.051665501063051,-0.0203056534867671,-0.0737627051242065,0.0600000017503826,0.551901088239533,2.141117239532e-11,-1.33187888117274e-10,0.833909580711021,0.0456529450951414,-0.030349393760562,0.05099999990989,0.0453689101103199,0.0221113703404907,0.0305260454929673,0.0639739806612516,0.0255340061517041,-0.0500000000128282,-0.0749999999980951,0.0749999999909456,0.0499999999226063,9.01713665593975e-13,-4.6165092925038e-13,1.48017927378174e-13,7.1456744857254e-12,-5.19470484590154e-11,-2.41048010613592e-11,0.021046759329171,0.0150046756999521,0.186628060263724,-0.0507885667878245,-0.0565036198823834,0.249999991223903,-0.19573241972328,0.399999993805084,0.225891517622431,0.03,0.03,0.03,0.03,0,0,0,0,0.458789302953921,0.03,0.03,0.149931257601963,0.03,0,0,0.03,0.03,0,0.03,0,0.212792494832307,0.03,0,0.0925911710423665,0.20632124379231,0.0538113447752549,0.03,0,0,0,0,0,1.16246868139511,0.5,0.598431752287797,1.05740881882094,0,0,0,0,0,0.5,0.550522027501184,0,0,0.514247253776594,0,0.5,0,0,0.5,0,0,0,0,0.583489555193302
332,0.0040215576445044,0.0180640148984965,0.0599999983844081,0.0587803405770118,-0.0900516852223141,0.0506282888538719,-0.0221389542484793,-0.0714627451097828,0.0600000063247244,0.551901088242907,1.4124213183965e-11,-1.03193822555645e-10,0.833909580707454,0.0456529451720764,-0.0303493937225447,0.0509999999439607,0.0749999999926386,0.0749999999863478,0.0123162749733186,0.0749999999963335,0.0330481514615101,-0.0500000000223765,-0.0750000000047486,0.0749999999885199,0.0499999999626711,4.90667012745531e-13,-1.81214721142548e-13,1.80101081514252e-13,-3.12799454473658e-11,-6.65035215707485e-11,-1.05259885819094e-11,0.0523287026473142,0.0671976859937922,0.22329656286769,-0.0730096018664936,-0.227915162198591,0.249999984690389,-0.207255772817797,0.399999992146136,0.233948590291481,0.03,0.03,0.03,0.03,0,0,0,0,0.469917852410006,0.03,0.03,0.157860443481996,0.03,0,0,0.03,0.03,0,0.03,0,0,0.03,0,0.0643298565915569,0,0.0434488597109726,0.03,0,0,0,0,0,1.02605689264476,0.5,0.5,0.81576895118698,0,0,0,0,0,0.611858468325437,0.5,0,0,0.711763907957293,0,0.594739570710054,0.5,0,0.565923529572577,0,0.5,0,0,0.737056298109345
333,0.00571661223499054,0.0194030355493,0.0600000044349812,0.0579975182753115,-0.0919433443067285,0.0502200888613151,-0.0240583637058986,-0.0691627851067856,0.0599999979715879,0.551901088253849,-7.3863169272849e-13,-2.67366759503085e-11,0.833909580698861,0.0456529451722885,-0.0303493937224932,0.0509999999835191,0.0749999999964832,0.0603655146420286,0.0254740688064177,-0.0750000000015326,-0.07500000000196,0.00380000127083581,-0.0750000000027128,0.0749999999981372,0.0499999999906714,3.96020208000018e-13,4.25170725269735e-15,-2.03147035732261e-13,-8.55732893331483e-12,-1.37044548908968e-11,4.48198954274797e-12,0.0785272498373703,0.110198130924226,0.205357350429813,0.0595327660899045,-0.347866844124659,0.249999995867151,-0.220268666888414,0.399999998725456,0.245089814337402,0.03,0.03,0.03,0.03,0,0,0,0,0.491019742084431,0.03,0.03,0.159443600809519,0.03,0,0,0.03,0.03,0,0.03,0,0,0.03,0,0.0336443504487561,0,0.03,0.03,0,0,0,0,0,1.15525519271526,0.5,0.5,0.884427600079123,0,0,0,0,0,0.592853702206915,0.646660641007468,0,0,0.838604204836177,0,0.733903616301504,0.650251093071353,0,0.618132127904633,0,0.597064297698854,0,0,0.896977565174737
334,0.00740889487604061,0.0210968988763874,0.06000000261747,0.0563049052081977,-0.0941941490700807,0.05056677881618,-0.0260250513625615,-0.066862825107215,0.0600000028828677,0.551901088244022,-2.83385221240336e-12,-2.65000656149334e-11,0.833909580706812,0.0456529451826108,-0.0303493937137775,0.0509999999818944,0.0749999999967871,0.0750000000006324,0.0311283475936163,-0.0750000000021406,-0.0750000000003845,0.0284081766058146,-0.0750000000033891,0.0750000000002115,0.0500000000797398,-1.45634807364406e-13,4.72487317934063e-13,-7.13950409208867e-15,-7.22889196034251e-12,-2.14876671601258e-12,1.88670124769155e-11,0.115921343251732,0.16275504656579,0.199624501730128,0.0495602009193446,-0.400000000262884,0.245016741239993,-0.227637608546932,0.400000000144585,0.243882279165618,0.03,0.03,0.03,0.03,0,0,0,0,0.505073681262455,0.03,0.03,0.151213137850275,0.03,0,0,0.03,0.03,0,0.03,0,0,0.03,0,0.03,0,0.03,0.03,0,0,0,0,0,1.23745133975817,0.5,0.519651169037222,0.887261629662025,0,0,0,0,0,0.774343506521605,0.797336943183702,0,0,1.00945115617952,0,0.895026060835781,0.729342796698155,0,0.559428435717063,0,0.719808382103616,0,0,0.941457009693971
335,0.00912802478512067,0.0229288265575799,0.0600000000000009,0.0545631483895697,-0.0964941090702631,0.0509672530296266,-0.0280384746764798,-0.0645628651030884,0.0599999999999038,0.551901088242781,7.41607920543863e-15,-4.39084132632995e-16,0.833909580707917,0.0456529451735925,-0.0303493937214893,0.0509999999999878,0.0750000000000001,0.0750000000000001,0.034498284152057,-0.075,-0.0749999999999931,0.0131636930675076,-0.0749999999999995,0.0750000000000018,0.0499999999999972,2.50531443090213e-14,-4.9075428462429e-14,2.04423096084853e-14,8.60675645439198e-16,-1.93525980269404e-16,-2.63090160754155e-14,0.132459787058682,0.270198683534572,0.190920020467826,0.0164699824689418,-0.399999999999995,0.25,-0.269935420760112,0.400000000000001,0.249999999999998,0.03,0.03,0.03,0.03,0,0,0,0,0.556228413776101,0.03,0.03,0.144974688590275,0.03,0,0,0.03,0.03,0,0.03,0,0,0.03,0,0.03,0,0.03,0.03,0,0,0,0,0,1.3748914696741,0.5,0.536144186652764,0.993744481287734,0,0,0,0,0,0.841899175285369,0.857182859168944,0,0,1.1467659437477,0,1.01092824516892,0.831508403591219,0,0.685706321031902,0,0.856340296456857,0,0,1.12109148816998
336,0.0109297316046649,0.0249065575577784,0.0599999999999999,0.0528087248140216,-0.0987940690722618,0.050946390544163,-0.0301262278585928,-0.0622629051010597,0.0599999999998812,0.551901088242752,7.43579578259888e-15,1.05086081843622e-16,0.833909580707953,0.0456529451735982,-0.0303493937214945,0.050999999999988,0.0750000000000001,0.0750000000000002,0.0321153481376542,-0.0749999999999972,-0.0749999999999948,-0.012666883915579,-0.0749999999999993,0.0750000000000036,0.0499999999999971,-2.02084086430839e-14,6.00367232217717e-14,-2.34592732459011e-14,-4.42420084752084e-15,3.26355408600996e-15,1.55098135727746e-14,0.153749540930121,0.366934035225762,0.201403458397745,-0.0470781945139842,-0.399999999999996,0.25,-0.377266550374415,0.400000000000003,0.249999999999998,0.03,0.03,0.03,0.03,0,0.03,0,0,0.658096117228782,0.03,0.03,0.120327053295961,0.03,0,0,0.03,0.03,0,0.03,0,0,0.03,0,0.03,0,0.03,0.03,0,0,0,0,0,1.37362792621947,0,0.5,1.00364973746652,0,0,0,0,0,1.07643484089358,0.982083300694701,0,0,1.31811602978336,0,1.22615488956163,0.904691129670727,0,0.844619282229559,0,0.994343542548824,0,0,1.24072411791629
337,0.0127475491457999,0.0269669420452228,0.0599999999999974,0.0510570203560744,-0.10109402907,0.0510685801212058,-0.0324261478684754,-0.05996294509373,0.06,0.551901088242767,-6.97285591679265e-15,5.0392872110221e-15,0.833909580707942,0.0456529451735779,-0.0303493937215169,0.0509999999999857,0.0750000000000001,0.0749999999999944,0.0390976143631024,-0.0749999999999998,-0.0749999999999973,0.0214719574802945,-0.0750000000000092,0.0749999999999899,0.0499999999999994,-3.41746008290721e-15,-2.89630455165755e-14,1.37669052997651e-13,1.02967597346874e-14,-2.36466260033732e-14,-2.27852157348109e-14,0.172629929332081,0.399999999999996,0.196071668617863,0.0255221141046347,-0.264230453293484,0.249999999999999,-0.400000000000006,0.399999999999993,0.25,0.0356002962294648,0.03,0.03,0.03,0,0.03,0,0,0.695490839383646,0.03,0.03,0.105044417826981,0.03,0,0,0.03,0.03,0,0.03,0,0,0.03,0,0.03,0,0.03,0.03,0,0,0,0,0,1.49624248191709,0,0.5,1.06767738622634,0,0,0,0,0,1.1639273176504,1.04820960281147,0,0,1.43100154244565,0,1.31261949768965,0.944500553958998,0,0.903222555117228,0,1.05191473515648,0,0,1.32729249359318
338,0.0146061944500064,0.0291946226787415,0.0600000000000008,0.0495862533576155,-0.103393989063076,0.051990795821573,-0.0347260678691383,-0.0576629850886298,0.0599999999999999,0.551901088242773,-1.48097693222955e-15,-5.42249267094241e-15,0.833909580707935,0.0456529451735857,-0.0303493937215017,0.0509999999999862,0.0750000000000001,0.0749999999999949,0.0424830605608888,-0.0723424544023962,-0.0749999999999998,0.05,-0.0750000000000123,0.0749999999999893,0.0499999999999996,5.37080547696369e-14,8.76036707854614e-14,9.0593241282408e-15,5.12791328714216e-15,-3.31631352396144e-14,-5.15321630490659e-14,0.206015340714718,0.399999999999997,0.178850595899807,0.00750382422487294,-0.0623279894955016,0.154483310497794,-0.400000000000009,0.399999999999993,0.25,0.0953457075356696,0.03,0.03,0.03,0,0,0,0,0.704506442774416,0.03,0.03,0.102890510096464,0.03,0,0,0.03,0.03,0,0.03,0,0,0.03,0,0.03,0,0.03,0.03,0,0,0,0,0,1.62399006557993,0.5,0.563037384294933,1.22848562185659,0,0,0,0,0,1.27142001644287,1.09999791307266,0,0,1.51365240407452,0,1.35589574957783,0.943007988630657,0,0.938764723887461,0,1.02324045702242,0,0,1.35666247963252
339,0.0165642263823137,0.0314945826812026,0.06,0.0477862824085574,-0.105609580233875,0.0525171795737043,-0.0370259878757719,-0.055363025087211,0.0599999999999999,0.55190108824282,9.97890086936697e-16,8.50369083209138e-16,0.83390958070788,0.0456529451735919,-0.0303493937214926,0.0509999999999901,0.0750000000000001,0.0750000000000002,0.0413780541169222,-0.0750000000000001,-0.0750000000000002,0.00694397746646886,-0.0749999999999993,0.0749999999999998,0.0500000000000001,-6.64934596355487e-14,-3.14989667032942e-14,-3.28634897247012e-14,-1.02930454579051e-14,-7.74329700651295e-15,-4.24274605789395e-14,0.0907210101993388,0.163739603358825,0.15,0.0616974629950562,-0.181339162781908,0.220765009047299,-0.4,0.00914695002317344,0.174193673529789,0.0759806932825525,0.03,0.03,0.03,0,0,0,0,0,0,0,0,0.03,0,0,0.03,0.03,0,0.03,0,0,0.03,0,0.03,0,0.03,0.03,0,0,0,0,0,1.48159285354256,0.5,0.615335064022432,1.23396578506225,1.53214078170758,0.5,0.754356615548236,1.38917124428773,0,0.881451582080773,0.839274427210584,0,0,1.03977991256598,0,1.10979485590832,0.951971027157078,0,0.77261779253617,0,1.00096106636371,0,0,1.15247651251247
340,0.0183922243237228,0.0333072025420449,0.06,0.0460690330567486,-0.107159989964145,0.0525344279644456,-0.0393259078840399,-0.053812005274991,0.06,0.551901088242817,1.28935197654817e-15,1.76377005226318e-15,0.833909580707883,0.0456529451735929,-0.0303493937214915,0.0509999999999895,0.0750000000000001,0.0750000000000002,0.0297622169491092,-0.0750000000000001,-0.0750000000000002,-0.0041134005869868,-0.0749999999999991,0.0749999999999998,0.00379999968920782,-5.56613277960518e-14,-2.82752175748543e-14,-2.81567250550102e-14,-8.19069533707711e-15,-7.54850941965597e-15,-1.57285943465747e-14,0.107810778167667,0.153928591195164,0.15,0.0608432874392285,-0.196225849149074,0.25,-0.399999999999999,0.0220547710762604,0.230237465474623,0,0.03,0.03,0,0,0,0,0,0,0,0,0,0.03,0,0,0.03,0.03,0,0.03,0,0,0.03,0,0.03,0,0.03,0.03,0,0.5,0,0,0.5,1.54306794425609,0.5,0.662553174537774,1.28232451713991,1.64792704759807,0.620112419487722,0.839893340855514,1.48629298058106,0,0.919656378107578,0.894018807327245,0,0,1.08284680209696,0,1.13718360491645,1.00383004216515,0,0.8328613714277,0,1.05038423937653,0,0,1.19265343566457
341,0.0201419947811298,0.03519328572664,0.0599239377355929,0.0451411891009126,-0.109005461573418,0.0528589009180909,-0.0416258278920424,-0.0522848878524203,0.0599999999999946,0.551901088242828,7.58869073584796e-16,-5.55183809356555e-15,0.833909580707876,0.0456529451735957,-0.0303493937214889,0.0509999999999925,0.0750000000000001,0.0750000000000001,-0.0164377830508913,-0.0229858141670057,-0.0750000000000001,0.03286305081164,-0.0750000000000009,0.0749999999999998,0.00418678050296878,-3.64433539288514e-14,1.99895205835079e-14,-3.10895670746151e-14,-1.60236973605059e-14,-1.34804411032486e-14,-1.40322554008444e-14,0.109616134031095,0.129748369598092,0.16776645213663,0.0229201446576085,-0.0974662297681678,0.159435250568322,-0.400000000000001,-0.00548223332841203,0.244610998445766,0,0.03,0.03,0,0,0,0,0,0,0,0,0,0.03,0,0,0.03,0.03,0,0.03,0,0,0.03,0,0.0593245818823269,0,0.03,0.03,0,0.5,0,0,0.5,1.70261112736916,0.503211418560299,0.899041738143467,1.53060639480665,1.86608863734808,1.02085927477537,1.16576571464869,1.72118219747476,0,0.70761056407052,0.694677593783171,0,0,0.924900645437959,0,0.978465126013044,0.828389259897314,0,0.675339588871183,0,0.946182732819249,0,0,1.05860440206003
342,0.0218400875029568,0.0368993756005222,0.0594082411979938,0.04532519447615,-0.110599088616584,0.0530079609298828,-0.0439257475176383,-0.0510476474664135,0.0599895727218639,0.551901088242823,9.58824625816417e-15,-9.26212889895009e-15,0.833909580707882,0.0456529451735996,-0.0303493937214886,0.0509999999999927,0.075,0.075,-0.0334324081934367,0.035534336613752,-0.0750000000000001,-0.0133370405011377,-0.0750000000000002,0.0511127623753227,-0.00227226687348132,7.17609949968518e-15,4.964048976988e-14,-2.08454518467637e-14,5.0499789072766e-15,-8.34987337749429e-15,-1.3813885987369e-14,0.0932361283197784,-0.0327095574245751,0.186609844395568,-0.0455469575921054,-0.206824072124573,0.25,-0.4,-0.0353461324620755,0.241346214722893,0,0.03,0,0,0,0,0,0,0,0,0,0,0.03,0,0,0.03,0.03,0,0.03,0,0,0.03,0,0.205351629286867,0,0.03,0.03,0,0.576174169881223,0,0.5,0.638056886940358,1.67771589811763,0.59558395970469,0.910679605799117,1.50567467229587,1.87958237521995,1.31286820361205,1.33181277048138,1.86063780835062,0,0.522628497048499,0.54850644500001,0,0,0.749050397042992,0,0.924889501066026,0.877879964529962,0,0.613617827388508,0,1.01587082312519,0,0,1.05165827592346
343,0.0234473900873975,0.0375545023128146,0.0593313930341462,0.0461870472128059,-0.112393504213035,0.0527770886666072,-0.0462256675256414,-0.0505315717839387,0.0598838617350449,0.551901088242824,1.04806937298632e-14,-1.05516227597737e-14,0.833909580707882,0.0456529451736047,-0.0303493937214778,0.0509999999999937,0.0749999999999999,-0.00180666251612298,0.0203675918065631,0.0492767006472956,-0.075,-0.0100762635241274,-0.0750000000000002,0.00509643827617954,-0.00775096226984196,8.0428733243692e-14,5.46595126617925e-14,1.74984778467789e-15,9.10319903093419e-15,-4.63192361611116e-15,-1.02870169684569e-14,0.0758287930700898,-0.213811717752642,0.202235099098593,-0.0443818800735977,-0.303101783088114,0.244843789946328,-0.4,-0.0540685831148645,0.181460200013091,0,0,0.127603540129732,0,0,0,0,0,0,0,0,0,0.03,0,0,0.0941982919210211,0.03,0,0.03,0,0,0.03,0,0.43151537142265,0,0.03,0.03,0,0.5,0.5,0,0.554040341995075,1.72298362290069,0.873064334692051,0.982443521358107,1.61360443623463,1.91974826094097,1.67560309248076,1.57434085542537,2.02101049799637,0,0.5,0.5,0,0,0.5,0,0.72230193185785,0.857415318418009,0,0.5,0,1.06466658243602,0,0,0.996123478583191
344,0.0251075131389017,0.0359938841401016,0.0592305503854327,0.0473931810807279,-0.114040639827346,0.0524032617946073,-0.0485255875346174,-0.050373200005665,0.0597443045246353,0.55190108824249,2.33022649505791e-12,-4.5600934096869e-12,0.833909580708079,0.0456529451745227,-0.0303493937217605,0.0510000000068086,0.0750000000000418,-0.0749999999997234,-0.025832408118733,0.0693312325585295,-0.0749999999996057,-0.0257400454759348,-0.0749999999997261,0.0102276214503032,-0.00634532272451564,4.68992105299105e-13,-1.43031509396829e-13,2.12834828496706e-14,1.33780356725602e-12,3.49920360800044e-13,1.21552275244875e-11,0.0707654735628421,-0.19820695002065,0.250000051110069,-0.0776004067001429,-0.367401355991064,0.249999999851431,-0.399999999812655,-0.08218738775176,0.212714863406295,0,0.301569398951108,0.177000341983326,0,0,0,0,0,0,0,0,0,0.03,0.0458139364594284,0.03,0.154242011681511,0,0.154551188389864,0.03,0,0,0.03,0,0.521953148418391,0,0.03,0.03,0,0.5,0,0,0.520461824449496,1.77428939721403,0.890270591784366,1.00479036628613,1.65976962271226,1.89356399582433,1.70072176564571,1.59069873368858,2.00358702778147,0,0,0,0,0.5,0,0,0.738000059458104,0.91688074689068,0,0.5,0,1.10629858331024,0,0,1.02462254846549
345,0.0235276400824316,0.0336939240472708,0.058289554747096,0.0489078124185949,-0.115934944474003,0.0519797136259941,-0.0508255070680588,-0.0512035956125301,0.0593192181500352,0.551901087839338,-1.9052406768623e-10,-3.50339925533448e-10,0.833909581148612,0.0456529447565652,-0.0303493932003955,0.0510000000088675,-0.0750000005102185,-0.0750000000083258,-0.0500000000880089,0.0749999999972881,-0.0749999999967494,-0.0174443419228438,-0.0749999998849723,-0.0750000000044177,-0.0334525884075051,-1.36191566472712e-12,5.41967401516858e-12,-2.08276937478189e-11,1.07900641954186e-09,2.93509757373594e-10,-1.298946340073e-11,0.181773693445159,-0.227658102915031,0.249999939786634,-0.0561364014368746,-0.357005153310924,0.249999996955268,-0.399999921308372,-0.0371662235872053,0.250000005195159,0,0.367498699724606,0.252040667470168,0,0,0,0,0,0,0,0,0,0.03,0.03,0,0.143416808785404,0,0.0479044988286017,0.03,0,0,0.03,0,0.518033935788791,0,0.03,0.03,0,0.5,0,0,0.5,1.90923405592399,1.1804722266387,1.24037426822053,1.84933201434216,1.82295288950155,1.70023548531028,1.60012279878215,1.92306557602969,0,0,0.5,0,0.5,0,0,0.558476738663275,0.843501867106196,0,0.5,0,1.01106467787636,0,0,0.890642693543757
346,0.0215109143321897,0.0313939640332105,0.0571971559756176,0.0505008165890764,-0.117553475106538,0.0517762518364135,-0.0531254266813513,-0.0526698449720512,0.0591511527305984,0.551901088297442,-7.56052377590732e-11,-8.2075599163454e-11,0.833909580705735,0.0456529440405001,-0.030349393796233,0.0509999999980156,-0.0749999999983253,-0.0750000002011521,-0.0500000001104489,0.0750000000047446,-0.0749999999503004,-0.00422388209939352,-0.075000000147972,-0.0719317006871957,0.0120916242135594,1.90110704296449e-12,-5.74383059448187e-12,5.19538834196567e-12,-8.72528683836869e-10,-4.25863862419443e-10,-2.88542594400173e-11,-0.283127380992473,-0.400000137607107,0.149999924434242,-0.0498403927813822,-0.325341549953555,0.249999997775768,-0.400000101229086,0.117212451675693,0.231182453792343,0.03,0,0.070228588709497,0.0562335368171066,0,0,0,0,0,0,0,0,0.03,0.03,0,0.0704709314531733,0,0.143717048476938,0.03,0,0,0.03,0,0.386727069166544,0,0.03,0.03,0,0,0.642391280539838,0,0,2.06843572128344,1.22882457912563,1.33899568747371,1.95826461293535,1.33826629823676,1.11148893752089,1.07104177294209,1.37871346281556,0,0,0.5,0,0.5,0,0,0.622576175583309,0.858582052257759,0,0.5,0,1.02881095216976,0,0,0.960412995080665
347,0.0225368011563742,0.0290940042525496,0.0567889559546344,0.0513821771000981,-0.118762634361041,0.051606595773516,-0.0554253474386088,-0.0542162815357431,0.0588847851762081,0.551901088200011,1.05732203409495e-11,5.99239660325961e-12,0.833909580767211,0.045652945130614,-0.0303493937510402,0.0509999999945504,0.0749999999932709,-0.075000000005271,0.00379999931275398,0.0187599193183558,-0.0485599658164734,-0.0119673756093499,-0.0750000000188057,-0.0749999999991382,-0.0341083768996363,3.3181848285493e-13,-6.82543892333821e-13,1.798439126379e-12,-1.21766991760671e-10,-3.6200943097279e-11,-7.49855599755848e-12,-0.400000004603546,-0.400000003606114,0.242447360984178,0.0096613670142917,-0.340910786006593,0.248688608141079,-0.400000012865121,0.0868183611899824,0.249999986979353,0.03,0.381479254496259,0.0488558425740667,0,0,0,0,0,0,0,0,0,0.03,0.03,0,0.0612723168964627,0,0.152843550519478,0.03,0,0,0.03,0,0,0,0.03,0.03,0,0,0,0,0.5,2.15743043472435,1.32529039709451,1.43079999147851,2.05192084034035,1.13128388662369,0.786320778132518,0.817431364024758,1.10017330073145,0,0,0.5,0,0.5,0,0,0.558973313268674,0.825682476532357,0,0.5,0.572914180289607,1.00445789677076,0,0,0.927202494433984
348,0.0209569291567554,0.0267940441616694,0.0563567559535931,0.0518170273195287,-0.119949639603242,0.0517755799985496,-0.0577252675553947,-0.0558723808452634,0.0587944175132083,0.551901088242823,1.84832916561114e-14,-8.81140512419809e-15,0.833909580707874,0.0456529451735969,-0.030349393721484,0.0509999999999972,-0.075,-0.0749999999999988,-0.0424000004191516,0.0241828181182862,-0.0681787022646472,0.0251536914232399,-0.0750000000000035,-0.0750000000000003,0.01969161043272,-4.82078237574405e-15,2.37116860150162e-14,-7.75538125684292e-15,2.77060757909106e-16,4.12352006132321e-15,-3.40375809989775e-14,-0.26043329765763,-0.399999999999999,0.25,0.0457870472693875,-0.399999999999999,0.25,-0.400000000000002,0.183739428718228,0.196331198381244,0.03,0.458705664805479,0.0457644573322999,0,0,0,0,0,0,0,0,0,0.03,0.03,0,0.0501977700028588,0,0.157037108694251,0.03,0,0,0.03,0,0.442778615318567,0,0.03,0.03,0,0,0,0,0.5,2.02509492035021,1.15908240406137,1.27647547535617,1.90770184905541,1.95284889312,1.77690538263278,1.67736333993394,2.05239093581884,0,0,0.5,0,0.5,0,0,0.659499579123123,0.831145011441639,0,0.5,0,1.13177270601574,0,0,0.992997831410122
349,0.0191610743923627,0.0244940841496538,0.055338771630904,0.0531065415260163,-0.121720216370792,0.0518475730943029,-0.0600251875470137,-0.0568432818567199,0.0588808485836231,0.551901088171849,-4.84491554293056e-11,-1.97771578478376e-10,0.833909580812457,0.0456529451674056,-0.0303493934880337,0.0509999999674884,-0.0750000001885295,-0.0749999999505285,-0.0499999999437077,0.0749999999981975,-0.0749999999918464,-0.0140354661520964,-0.0749999999201138,-0.0269000944111217,-0.00825394678289221,-3.0583663707077e-13,3.2207456747063e-12,-1.18201192214551e-11,6.51622142437367e-10,2.94526610820174e-10,1.90778354157001e-11,-0.0501414192858357,-0.399999966155166,0.250000038513451,-0.0166680692852294,-0.399999994421507,0.249999996676687,-0.399999945349113,0.114757076763796,0.233166230848666,0.03,0.333154260188814,0.066502449589766,0,0,0,0,0,0,0,0,0,0.03,0.0748219801793633,0,0.0467221786061508,0,0.181693761616951,0.03,0,0,0.03,0,0.402469068142855,0,0.03,0.03,0,0,0,0,0.5,2.07671698453389,1.18984492671676,1.33671876674187,1.92984314450879,2.00331231193341,1.7837325465655,1.70005136513908,2.08699349335983,0,0,0.5,0,0.5,0,0,0.710265580651517,0.90830578368543,0,0.5,0,1.03579144064553,0,0,0.944460459779842
350,0.0175850588323184,0.0226955157931986,0.0542463961528538,0.0546373784800135,-0.123654703316093,0.0516404940742703,-0.0623251074782549,-0.0576462726431599,0.0586095713918999,0.550690916212916,0.000183063279267816,0.000120987194318253,0.834709326980598,0.0456718449517029,-0.030619778664594,0.0510403562587776,-0.0749999999988406,-0.0750000000341382,-0.0499999999995117,0.0750000000001664,-0.0750000000199634,-0.00734180214660171,-0.0750000000130985,-0.0509900276575524,-0.0179083338037649,0.000125430773621156,0.0335022911514071,0.438862543303407,0.00170918384267441,-0.0403592414628941,0.00307499903906043,0.0377724321014214,-0.400000023355074,0.15000000033404,-0.0112968261494819,-0.400000013657796,0.25000000095379,-0.400000008960848,0.0976598881445396,0.242576483467344,0.0576130803939082,0.358135400654928,0.0818526399117682,0.088285439406078,0,0,0,0,0,0,0,0,0.03,0,0.03,0.03,0,0.173415695878285,0.03,0,0,0.03,0,0.38921100585849,0,0.03,0.03,0,0,0,0,0,2.06693452575872,1.21966010488533,1.31673706429846,1.96985756634558,2.01578610730035,1.84919244507164,1.74788516529525,2.11709338707673,0,0.5,0,0,0.5,0,0,0.646852175871639,0.984567541998119,0,0.502593784764774,0,1.17036161052402,0,0,0.970242478480673
351,0.0159920284430799,0.0208462476942438,0.0538386985525891,0.0561037273896943,-0.125571529266204,0.0516665072129647,-0.064625027728597,-0.0584351792804757,0.0586107111818022,0.545793192080935,0.000259108168331323,0.000169231192545407,0.837920091003767,0.0456810340083212,-0.0316941059184442,0.0510566347581688,-0.0749999999993398,-0.0749999999942374,0.00384474128001465,0.071940809954244,-0.0749999999943846,0.00837175937303677,-0.0750000000168968,-0.02999960290037,0.014755890360879,0.000381379672922611,0.000453224297813354,0.618954996162826,2.31011738274575e-05,-0.0566447064872738,2.60477739890602e-05,0.0414615894407987,-0.39999999605766,0.149999954944735,-0.0415464264967296,-0.39999999615832,0.250000001000718,-0.400000011559404,0.0630959037736414,0.217538206243044,0.0962535992855913,0.356912615286551,0.0895195302532831,0.135561637872812,0,0,0,0,0,0,0,0,0.03,0,0,0.03,0,0.207721604819453,0.03,0,0,0.03,0,0.353658685862383,0,0.03,0.03,0,0,0,0,0,2.1368375128017,1.27836543611208,1.38454759262194,2.03065535629184,1.91834997529346,1.63818515625377,1.6030715740839,1.95346355746334,0,0.5,0.5,0,0.5,0,0,0.65822331622336,0.998313762779427,0,0.547192445928762,0,1.17987191501867,0,0,0.984922218015238
352,0.0148266475126644,0.0189506083073219,0.0543139244328114,0.0569591273836442,-0.127439470477052,0.0519024542065602,-0.0669249475873914,-0.0593962004121758,0.0585961386214064,0.540075084390199,0.000308915073033959,0.000198874292776751,0.841617079296238,0.0456869449895552,-0.0329363127346546,0.0510668292740771,-0.0563350894962125,-0.0750000000000006,0.0276093067441157,0.0189029819884785,-0.0750000000000009,0.0146001057886148,-0.0750000000000014,-0.0628204606929183,-0.0133977802620889,0.000532495280638456,0.00170303137401843,0.734791488429205,8.68681350453005e-05,-0.0668430581915857,0.000132620844036596,0.0377475966522382,-0.4,0.15,-0.115043355957956,-0.400000000000001,0.214855673983892,-0.400000000000001,0.0673358511792817,0.25,0.12840822384729,0.326074169787735,0.0912702725836267,0.171594593885872,0,0,0,0,0,0,0,0,0.03,0.183026529748012,0,0.03,0,0.266577341000152,0.03,0,0,0.03,0,0,0,0.03,0.03,0,0,0,0,0,2.07073591440981,1.30953347849719,1.37177599643823,2.00849339646878,1.8501085940803,1.54282953710878,1.48984443534555,1.90309369584353,0,0,0.5,0,0.5,0,0,0.743721083918495,1.0250894565335,0,0.585105854488549,0.5,1.12876536056658,0,0,0.968716240260613
353,0.013328940023249,0.0169712147765982,0.0552873609749736,0.0559647094596471,-0.129134163501703,0.0523243454174535,-0.0692248675953895,-0.0611250749678927,0.0578306541372101,0.534415851734314,0.000259210387560366,0.000164341520608241,0.845221852546302,0.0456807724104173,-0.0341528689883369,0.051055476699577,-0.075,-0.0749999999999987,0.0500000000000003,-0.0749999999999996,-0.0750000000000005,0.0264082053451047,-0.0750000000000011,-0.0750000000000001,-0.0500000000000005,0.000388153511640283,-0.00343982985464777,0.61383458306553,-0.000175554296906454,-0.0554868632373937,-0.000327338221088833,0.0546731941192069,-0.399999999999999,0.15,0.0171884805778636,-0.4,0.203524559593703,-0.400000000000001,0.0627802938808226,0.25,0.12124988586016,0.305653879885052,0.0698817076035378,0.187475731316287,0,0,0,0,0,0,0,0,0.03,0.176030234829498,0,0.03,0,0.272069122688243,0.03,0,0,0.03,0,0.308825834775699,0,0.03,0.03,0,0,0,0,0,2.22134365640148,1.38956600651804,1.46656349174094,2.14434617117858,1.8833542637254,1.51948602463711,1.49223949663657,1.91060079172594,0,0,0.5,0,0.5,0,0,0.723218383404261,0.958249213230811,0,0.58069125869796,0,1.18313547625759,0,0,1.00217986935593
354,0.011869079898035,0.0150252649980043,0.0563359630659239,0.0559269311285907,-0.130000000000027,0.052659334547862,-0.071524787556014,-0.0628677473706544,0.0570460653979848,0.529123125302143,0.000266790759185914,0.000166828506018594,0.84854523468015,0.0456815622645452,-0.0352790192734211,0.0510565354326296,-0.0731589659730731,-0.0750000000000011,0.0499999999999994,0.0579292426312671,-0.0749999999999997,0.00884684384565046,-0.0750000000000019,-0.075,-0.0304171581122427,0.000397627178054609,-0.000535357589808907,0.629314320196933,-2.73461829486924e-05,-0.0565457769695966,-6.55500836364478e-05,0.0749331561936778,-0.400000000000001,0.25,-0.0909134434077129,-0.4,0.25,-0.400000000000001,0.0382150129913746,0.25,0.0548268957823473,0.208857002023506,0.0823509044689969,0.189950904468994,0,0,0,0,0,0,0,0,0.03,0.269350964526513,0.03,0.03,0,0.272963892806035,0.03,0,0,0.03,0,0,0,0.03,0.03,0,0,0,0,0,2.23217911715395,1.39983053456922,1.46700341729308,2.16500623443009,1.95503729683938,1.57812456479507,1.54673283572622,1.98642902590823,0,0,0,0,0.5,0,0,0.757636748189762,0.959361413835031,0,0.572186167762146,0.5,1.23768941028647,0,0,1.03373459854072
355,0.0103160243081523,0.0130719823092169,0.0574430021421787,0.0552871064024462,-0.129999999988763,0.0529254229746326,-0.0738247075174503,-0.0646543264595019,0.0562720265429882,0.52402779406005,0.000247931701360747,0.000152944590627312,0.85170131241981,0.0456791795046273,-0.0363525794283232,0.0510520287378192,-0.0750000000009428,-0.0750000000114818,0.0499999999991943,-0.0750000000659654,-0.0749999999801357,0.0169515275257672,-0.0749999999748434,-0.0750000000010727,-0.0454804043439226,0.000342651420851672,-0.00106729937310214,0.582622502848785,-5.44822830964698e-05,-0.052037665591646,-0.000110693037644184,0.0538721656552875,-0.356393531151877,0.249999999448747,0.0786387243463218,-0.399999986409969,0.228219041679513,-0.399999982790117,0.0398905964079396,0.24999999959702,0.03,0.23901859745332,0.0536348118569791,0.161234808843074,0,0,0,0,0,0,0,0,0.03,0.286937141606076,0.03,0.03,0,0.313598191882127,0.03,0,0,0.03,0,0,0,0.03,0.03,0,0,0,0,0,2.26838830634124,1.38445403136261,1.46603093815498,2.18681139954887,2.03741192159175,1.61266819928939,1.59150795351623,2.0585721673649,0,0,0,0,0.5,0,0,0.777802985283204,0.937446832505869,0,0.546683490232082,0.5,1.24635419437943,0,0,1.05188702677901
356,0.0086535460408556,0.0111169206159979,0.0585506806742143,0.054309952731495,-0.130000000000025,0.0534049493128423,-0.0761246275595517,-0.0665392848713346,0.0552595257197663,0.519281276173486,0.000231027714614486,0.000140722134006155,0.854603519619779,0.0456770570393931,-0.0373432868239838,0.0510480386541644,-0.075,-0.0749999999999999,0.05,-0.0274684829147772,-0.0749999999999984,0.0297238745322277,-0.0750000000000015,-0.075,-0.0500000000000002,0.000295568290538905,-0.00103184684052256,0.541023332766397,-5.26669245818081e-05,-0.0480463545533147,-0.000105180606363266,0.0203890954740468,-0.234577431108542,0.224862858601483,0.0474602095969089,-0.399999999999999,0.213905727163424,-0.400000000000001,0.029128293214628,0.25,0.03,0.259200313579888,0.0320372300025103,0.0893629472054762,0,0,0,0,0,0,0,0,0.03,0.285566865831844,0,0.03,0,0.344510922251057,0.03,0,0,0.03,0,0.328031455326151,0,0.0412688620660441,0.03,0,0,0,0,0,2.31939799701066,1.3908723501792,1.49552526120006,2.2147450859898,2.11991750161031,1.64294850967006,1.63924125641071,2.12362475486966,0,0,0.5,0,0.5,0,0,0.806926173168766,0.927966642440186,0,0.5,0,1.2353835206472,0,0,1.06873546726916
357,0.00739804887414971,0.0100000000000031,0.059468131512401,0.0546561731739953,-0.130000000000027,0.0537274749735589,-0.0784245475675495,-0.0683649161502334,0.0543103849280468,0.514769338253073,0.000143645301954307,8.63982844937196e-05,0.857328767002906,0.0456665582679921,-0.0382766794329566,0.0510295996144449,-0.052165760753495,-0.0749999999999999,0.0424795088672087,0.0539487989742499,-0.0749999999999974,0.00500098090242656,-0.0750000000000009,-0.075,-0.0453764356108588,0.000199605638657364,-0.0451691409934491,0.335253002614573,-0.00230448307246664,-0.0296052661336469,-0.00399597161509902,-0.0153621708668955,-0.176728482170484,0.194224025448962,-0.186736920134051,-0.399999999999998,0.245167515531305,-0.400000000000001,0.0255245183587261,0.25,0.03,0.281394905672904,0.03,0.0368107259261622,0,0,0,0,0,0,0,0,0.03,0.279125795912963,0,0.03,0,0.360097301306554,0.03,0,0,0.03,0,0.368252186634082,0,0.0398721561059818,0.03,0,0,0,0,0,2.24615368908218,1.41276282497663,1.46021735533764,2.19869915872116,2.21098209169234,1.66957762418659,1.68853728171382,2.19202243416512,0,0,0.5,0,0.5,0,0,0.85159842356795,0.926397477456154,0,0.5,0,1.25780296051471,0,0,1.11029137437152
358,0.00625818398859227,0.0100000000000022,0.0598095216897436,0.0541751296520807,-0.130000000000026,0.0538245995726214,-0.0807244675755506,-0.070217680239311,0.0533981819119634,0.514377103377678,1.55641286476547e-14,-1.15450315404923e-15,0.857564105779146,0.0456494572532764,-0.0383574292132994,0.0509999999999961,-0.060943003525064,-0.0749999999999999,-0.00372049113279054,-0.0749999999999999,-0.0749999999999977,0.00473779735825046,-0.0750000000000007,-0.075,-0.0458013723259717,3.12124777483258e-14,-3.44018959608368e-14,-2.91180271830612e-14,-3.81340519320759e-15,-1.05526929584908e-14,-4.78058026794339e-15,-0.033475445637286,-0.243223826377277,0.204030646605263,-0.0579454797074834,-0.399999999999999,0.25,-0.400000000000001,0.0325002400865415,0.25,0.03,0.350497460585634,0.03,0.03,0,0,0,0,0,0,0,0,0.03,0.221626546056273,0.03,0.03,0,0.351244235192939,0.03,0,0,0.03,0,0.411799896650513,0,0.03,0.03,0,0,0,0,0,2.28655366087438,1.46171747159797,1.50944044071027,2.23883069176209,2.29354056611701,1.76353500926389,1.77847384393682,2.27860173144408,0,0,0,0,0.5,0,0,0.835593920853453,0.932975038985556,0,0.536522326927963,0,1.22912275779334,0,0,1.10362324973534
359,0.0045477837917896,0.0100000000000016,0.0593518427644694,0.0526163419048043,-0.130000000000032,0.0539703585733505,-0.083024387584744,-0.0720614426429531,0.0526625244826646,0.514377103377673,1.45493265036646e-14,5.70056806881465e-16,0.857564105779147,0.0456494572532776,-0.0383574292132978,0.0509999999999958,-0.075,-0.0749999999999999,-0.0385631368234263,-0.075,-0.0749999999999975,0.00937443859135663,-0.0750000000000002,-0.075,-0.029404098033183,-6.41088876921237e-14,-1.81357354097751e-13,-1.69081113743093e-14,-2.03729476455026e-14,3.9487277559129e-15,-3.59714353355949e-14,-0.0355631833788978,-0.221965651031694,0.241216305912256,-0.0674270461014986,-0.399999999999998,0.25,-0.4,0.041114622064258,0.25,0.03,0.379513829863803,0.03,0.03,0,0,0,0,0,0,0,0,0.03,0.206938521372492,0.03,0.03,0,0.354354059717544,0.03,0.648910872025907,0,0.03,0,0.465619951422711,0,0.03,0.03,0,0,0,0,0,2.30290163394544,1.46167364437986,1.5117739138882,2.25280136443709,2.38769637488579,1.84627771044638,1.87313687218713,2.36083721314504,0,0,0,0,0.5,0,0,0,0.927620817032682,0,0.521703752789428,0,1.24125210851472,0,0,1.12978414076222
360,0.0026690003066191,0.010000000000003,0.058926287848956,0.0519930898925929,-0.130000000000038,0.0538851004607216,-0.0853243075927417,-0.0740824389522618,0.0516836835023327,0.514377103377667,1.77633563913737e-14,-3.53493016021914e-16,0.857564105779153,0.0456494572532763,-0.0383574292132989,0.0509999999999958,-0.0750000000000004,-0.075,-0.00713515310680854,0.00470436252612891,-0.0749999999999999,-0.0154207327228228,-0.0750000000000019,-0.0750000000000001,-0.0500000000000003,3.98915500800018e-14,-1.61851213424853e-13,-3.36274517554943e-15,-1.38805540062337e-14,-1.4262625225203e-14,-6.89171503538437e-15,-0.138031545853658,-0.165161531835518,0.221581670395,-0.126135254545863,-0.374620275417498,0.25,-0.400000000000001,0.0679144803816098,0.25,0.03,0.406849779264545,0.03,0.03,0,0,0,0,0,0,0,0,0.03,0,0.03,0.03,0,0,0.03,0.724893343134509,0,0.03,0,0.476921028071696,0,0.03,0.03,0.891720631681131,0,0,0,0,2.12738862817202,1.27062220781742,1.32428948993173,2.07372134605771,2.89714855090434,2.43980334045642,2.40209161845682,2.93486027290393,0,0.5,0,0,0.574639244994746,0.5,0,0,0.881462397331145,0,0.523206372122803,0,1.25076989161708,0,0,0
361,0.00112397775361965,0.0100000000000021,0.0593465908854736,0.0535353565486747,-0.12888419237626,0.0530872487371565,-0.0876029930351573,-0.075981779094464,0.0505912835023327,0.51437710337767,1.90459655848136e-14,-1.4512941842001e-15,0.857564105779151,0.0456494572532761,-0.0383574292132958,0.0509999999999969,-0.075,-0.0749999999999999,0.0440472195008129,0.075,0.0750000000000024,-0.0500000000000024,-0.0750000000000011,-0.0750000000000001,-0.0500000000000002,4.60241434769214e-14,-3.01015860389313e-14,3.86992997453765e-14,-1.8427889268495e-14,-8.60523661257465e-15,-1.26807165307855e-15,-0.165483482912261,-0.265717266000154,0.150000000000001,-0.253150506234719,-0.399999999999998,0.249999999999998,-0.400000000000001,0.0648754589930523,0.25,0.03,0.435290396864511,0.03,0.03,0,0,0,0,0,0,0,0,0.03,0,0.03,0,0,0,0.03,0.764823385758859,0,0.03,0,0.483673070753186,0,0.03,0.03,0.930909863208854,0,0,0,0,2.11968013501465,1.28113070629239,1.31396727450967,2.08684356679737,2.98986757895391,2.5413213347792,2.48958959580907,3.04159931792404,0,0.5,0,0.5,0.606686529146432,0.5,0,0,0.853665525793642,0,0.5,0,1.21604441028826,0,0,0
362,-0.000505516410203263,0.0100000000410666,0.0599627622950706,0.0553519958630091,-0.128443806542056,0.0519948487367181,-0.0897906287735919,-0.0778302004171553,0.0494988835025379,0.514377103384423,2.66186441738337e-11,-2.34737541140031e-11,0.857564105768136,0.0456494572529599,-0.0383574292491969,0.0510000000191604,-0.074999999996533,-0.0750000000314163,0.0199763716547907,0.0749999999995073,-0.021328561171173,-0.0500000000022851,-0.0750000000036769,-0.0750000000066999,-0.0499999999981381,-4.08433937646778e-14,1.07187725573457e-13,-2.15498289837034e-13,7.99442426178531e-12,-1.07670399291594e-10,-1.50587599890605e-11,-0.180695324649734,-0.119195469289838,0.149999931400965,-0.257202578954547,-0.400000012270321,0.249999998436598,-0.400000002515454,0.0457871468134119,0.250000001273818,0.03,0.430736335094448,0.03,0.03,0,0,0,0,0,0,0,0,0.03,0,0.03,0,0,0,0.03,0.773335280452867,0,0.03,0,0.521451766409499,0,0.03,0.03,0.948733609454761,0,0,0,0,2.11331641095579,1.22132851491221,1.26692588211153,2.06771904375648,3.0678501876375,2.56401288085866,2.53078288950883,3.10108017898733,0,0.5,0,0.5,0.630980246570659,0.5,0,0,0.884753492082529,0,0.5,0,1.26601947910664,0,0,0
363,-0.00208841198908088,0.0100000000000042,0.0599343391090151,0.0571292770769892,-0.128145616818639,0.0509024487371565,-0.0920905487814884,-0.0797214175515055,0.0484064835023326,0.514377103377674,1.59054650632244e-14,-7.21987263706973e-17,0.857564105779149,0.045649457253274,-0.0383574292132964,0.0509999999999981,-0.0749999999999999,-0.0749999999999999,-0.013181255451865,0.0750000000000001,0.0445587982438609,-0.0500000000000023,-0.0750000000000011,-0.075,-0.0500000000000012,1.58489880760297e-14,5.83599080061083e-14,-5.14198750337371e-14,-1.5838146670424e-14,-5.97213108169967e-15,1.22055770400989e-15,-0.206395080989513,-0.1717173270452,0.181025992344478,-0.267568442545025,-0.399999999999998,0.249999999999998,-0.400000000000001,-0.00215705239152904,0.249999999999999,0.03,0.471467848140115,0.03,0,0,0,0,0,0,0,0,0,0.03,0,0.03,0.03,0,0.354133850952595,0.03,0.846859408572359,0,0.03,0,0.582887040645169,0,0.03,0.03,0.977098390892538,0,0,0,0.5,2.12400107341611,1.26512903212884,1.3103689400011,2.07876116554385,3.15640968359311,2.70012161047317,2.63005243716292,3.22647885690336,0,0.5,0,0,0.767902975278788,0,0,0,0.878947021059066,0,0.5,0,1.20018999061544,0,0,0
364,-0.00376393072562174,0.0100000000000043,0.0591723190218036,0.0590817361726092,-0.129697473895224,0.0498100487371564,-0.0942513235319234,-0.081721090855296,0.0473140835023326,0.514377103377676,1.07013087395281e-14,-6.71959910582625e-16,0.857564105779149,0.0456494572532765,-0.0383574292132954,0.0509999999999985,-0.0750000000000001,-0.0749999999999999,-0.0499999999999993,0.0750000000000001,-0.0749999999999973,-0.050000000000002,-0.0749999999999997,-0.075,-0.0500000000000003,-2.15748160810979e-14,-1.21790071715171e-14,1.06483172146924e-13,-1.41567600467411e-14,-2.4263751921842e-15,4.00296200980182e-14,-0.171799011435919,-0.0483892588977583,0.25,-0.258873882867055,-0.399999999999998,0.249999999999999,-0.4,0.0134469483760508,0.25,0.03,0.419130025995049,0.03,0,0,0,0,0,0,0,0,0,0,0.220579516270905,0.03,0.03,0,0,0.03,0.904663053088487,0,0.03,0,0.648211915684342,0,0.03,0.03,0.99700398619091,0,0,0,0.5,2.21103844048372,1.28328404990704,1.33867389659621,2.15564859379456,3.25483751116697,2.70588818205484,2.60963478249356,3.35109091072825,0.5,0,0,0,0.5,0.63789846642105,0,0,0.925624841277978,0,0.5,0,1.28063819187788,0,0,0
365,-0.00529971471344033,0.0100000000000055,0.0580799191245448,0.061015515738458,-0.130000000000022,0.0487176487388658,-0.0963981081841304,-0.0837275280123055,0.0462216835015522,0.514377103377679,1.16176454293714e-14,-3.51394333795099e-16,0.857564105779149,0.0456494572532756,-0.0383574292132958,0.0509999999999985,-0.0749999999999999,-0.0749999999999999,-0.0499999999999993,0.0750000000000001,-0.0749999999999971,-0.0500000000000019,-0.0749999999999998,-0.075,-0.0500000000000003,2.90757215369287e-14,1.28929077629417e-13,3.03230362907632e-14,-1.00102555480149e-14,3.48132854772074e-15,1.3080792771962e-14,-0.179434303755714,-0.0393796107670474,0.25,-0.263235516700587,-0.399999999999998,0.249999999999999,-0.4,0.0105725880249174,0.25,0.03,0.418184383396716,0.03,0,0,0,0,0,0,0,0,0,0,0.216542349613711,0.03,0.03,0,0,0.03,0.924678165968185,0,0.03,0,0.677784371225347,0,0.03,0.03,1.02448868826016,0,0,0,0.5,2.25419506954824,1.30646352871076,1.36301222272064,2.19764637553836,3.35482602183076,2.7765906131202,2.69538567356165,3.43603096138931,0.5,0,0,0,0.506837693946982,0.681553372344856,0,0,0.939740568096971,0,0.5,0,1.30206435040441,0,0,0
366,-0.00682587315491673,0.00999999989311518,0.0570263991401362,0.062971756122676,-0.130000000021176,0.0476252487331408,-0.0985816972498131,-0.0857516283066816,0.0451292835082745,0.514377103381947,4.74595291487858e-12,7.10472205590316e-12,0.857564105749303,0.0456494572523673,-0.038357429204991,0.0510000000010301,-0.074999999977534,-0.0749999999963686,-0.0500000000069715,0.0749999999999092,-0.0749999999909932,-0.049999999998469,-0.0750000000006809,-0.0750000000012346,-0.0500000000001025,-2.70198879417127e-13,-2.74874971510255e-13,1.26917422019382e-12,-3.81347295025713e-11,2.6558640070579e-11,-1.08711959582443e-12,-0.179171101748616,-0.0195635619585685,0.249999995230285,-0.27387830550941,-0.399999993838009,0.250000001047539,-0.400000000465765,0.00303779486988821,0.249999999929851,0.03,0.412230279105589,0.03,0,0,0,0,0,0,0,0,0,0,0.210181957551347,0.03,0.03,0,0,0.03,0.927755728317212,0,0.03,0,0.704443094247114,0,0.03,0.03,1.03766602103828,0,0,0,0.5,2.27183658981221,1.30981450654724,1.37914995281802,2.21633108009652,3.46324688490878,2.88700415595864,2.8026842802321,3.54756676063532,0.5,0,0,0,0.521347316912545,0.684274992220128,0,0,0.93285746930071,0,0.5,0,1.28872808334971,0,0,0
367,-0.00832796860418342,0.00999999999999971,0.0559619341138989,0.0649400973129482,-0.130000000000021,0.04653284873762,-0.100777697293409,-0.0877753148005055,0.0440368835064973,0.514377103377682,1.4783341585571e-14,-2.0021242251696e-15,0.857564105779144,0.0456494572532751,-0.0383574292132964,0.0509999999999987,-0.075,-0.075,-0.0499999999999993,0.0750000000000001,-0.0749999999999983,-0.050000000000002,-0.0749999999999998,-0.075,-0.0500000000000002,1.12096769073348e-14,9.38400900775529e-15,4.06655939769751e-14,-1.32907084340822e-14,-2.72027590073175e-15,-2.92900214543233e-14,-0.211934206232701,-0.0242399465674524,0.25,-0.288895252087483,-0.399999999999999,0.249999999999999,-0.4,0.00109919525922492,0.25,0.03,0.418389783402882,0.03,0,0,0,0,0,0,0,0,0,0,0.204795589252598,0.03,0,0,0,0.03,0.950041701839146,0,0.03,0,0.745746910498316,0,0.03,0.03,1.06497868092595,0,0,0,0.5,2.26119671686874,1.23849728870711,1.35480493595984,2.21927806126826,3.58406480870794,3.02182688129328,2.92235019937254,3.68354149062868,0.5,0,0,0.5,0.638782756832285,0.695982508695493,0,0,0.945998408337781,0,0.5,0,1.29927199374914,0,0,0
368,-0.0097239255863634,0.0100000000000068,0.0548965530936936,0.0669156430798896,-0.130000000000005,0.04544044873762,-0.103027259697946,-0.0898013130165137,0.0429444835064972,0.514377103377663,1.04009873060164e-14,7.86888065995086e-15,0.857564105779162,0.0456494572532658,-0.0383574292132793,0.0509999999999926,-0.0655415438385493,-0.0750000000000001,-0.0500000000000005,0.0750000000000001,-0.0749999999999984,-0.0500000000000015,-0.0750000000000031,-0.0750000000000001,-0.0500000000000006,-4.43076098320907e-14,1.83731650298928e-14,8.66365993261144e-14,-2.66481910664338e-14,3.5219187996989e-15,-5.43888003152393e-15,0.399999999999997,0.35197802724349,0.25,0.140982673378837,-0.399999999999999,0.249999999999999,-0.400000000000002,-0.0259582316871805,0.25,0.332338240300785,0.03,0.03,0.0460482198317171,0,0,0,0,0,0,0,0,0.03,0,0,0.03,0,0,0.03,0,0,0.03,0,0.03,0,0.03,0.03,0,0,0,0,0,1.82054777759798,1.02091289334349,1.01392839808799,1.86033089296911,4.34985882048717,3.55959059377891,3.65754605558068,4.25190335868539,0,0.777381975367985,1.02624211645453,0,0.5,0.812111479767099,0,0.815944810687369,1.23080813565717,0,1.32959981172472,0,1.3681626470441,0,0,1.01667749896973
369,-0.00806838593468424,0.0116499399853995,0.0544883531164771,0.0684614706943623,-0.130000000000015,0.0450079087216356,-0.103187306252059,-0.0895901443394028,0.0425362835034725,0.514377103377694,1.69023557159436e-15,-6.5342159267915e-15,0.857564105779135,0.0456494572532696,-0.0383574292133018,0.0510000000000063,0.075,0.0749999999999984,0.00380000207122436,0.075,-0.0750000000000008,0.00158727127414672,0.0468139496224673,0.075,0.00379999972503516,5.10267317072474e-14,2.8823748045316e-14,5.04079266900464e-14,-2.46441766495126e-14,-1.79905540409145e-14,2.2138397661957e-14,-0.279407941450046,-0.400000000000001,0.23856968952377,-0.0651345139110852,-0.400000000000001,0.150000000000001,-0.400000000000004,-0.166763634804551,0.2197746838276,0.03,0.389433123493625,0.03,0,0,0,0,0,0,0,0,0,0,0.2087028421135,0.03,0,0,0,0.03,0,0,0.03,0,0.678040239449018,0,0.03,0.03,0,0,0,0,0.5,2.31623757387992,1.17547681048426,1.53649193457093,2.0951373674715,3.69468708113007,3.14435983447258,3.09080568628681,3.74824122931583,0.5,0,0,0.5,0.63762976258532,0.646343590250091,0,1.1860711851661,0.74278395376774,0,0.5,0,1.03621519305804,0,0,2.3242711281372
370,-0.0095945435227908,0.0119290372659286,0.0540561531579311,0.0671526304215868,-0.129999999988393,0.0456314396076233,-0.104992666659096,-0.0893039774481847,0.0431996434963568,0.514377103357085,-8.11348782279604e-12,1.36073829375969e-11,0.85756410581731,0.0456494572513569,-0.0383574291995569,0.0509999999927201,-0.0750000000012903,-0.0359911644815326,-0.0423999979284666,-0.0750000000002214,-0.0749999999881129,0.0499999999965041,-0.0749999999928259,-0.035348465614208,0.0499999999992279,-2.41745007381583e-13,1.51341960731833e-13,1.13204846520939e-13,-1.01698902208419e-12,7.25906358955529e-11,-1.28841078710704e-12,-0.251177432778489,-0.0565031692382321,0.162339432908241,-0.0557943616385421,-0.399999991867483,0.235302939568951,-0.399999995092068,-0.0219486298889412,0.245962630587551,0,0.47683903029887,0.03,0.03,0,0,0,0,0,0,0,0,0,0.185340961941578,0.03,0,0,0,0.03,1.0253102275097,0,0.03,0,0.830406653873224,0,0.03,0.03,1.14562778316648,0.5,0,0,0,2.25751023599996,1.05129430370551,1.38298240565675,2.13508979568471,3.82954979810793,3.28915994328009,3.15900413103337,3.95970561035464,0.5,0,0,0.5,0.788989045949626,0.77543801004914,0,0,0.871828852014403,0,0.569741008447566,0,1.29966973419925,0,0,0
371,-0.0111562882626139,0.0100000000001876,0.0536708080522468,0.0687325024586196,-0.130000000000019,0.0461232396045701,-0.107292586675884,-0.0913325743623333,0.0436914434985233,0.514377103377677,1.58695542997011e-14,-5.63418330575415e-15,0.857564105779148,0.0456494572532714,-0.0383574292132945,0.0509999999999967,-0.0750000000000001,-0.075,-0.000340465845061544,0.075,-0.0749999999999977,0.00379999999999779,-0.0749999999999995,-0.0750000000000001,0.00380000000000128,2.95453637231783e-14,1.19028624402811e-14,-3.3093022686614e-15,-7.64878458186488e-15,-2.95236037263736e-15,3.23112358774377e-14,-0.147074981264353,0.255623981529414,0.250000000000001,-0.107391898645809,-0.399999999999998,0.25,-0.4,0.0228517545789756,0.25,0.03,0.03,0.03,0.03,0,0,0,0,0,0,0,0,0.03,0,0,0.03,0,0,0.03,0,0,0.03,0,0.256928016414909,0,0.03,0.03,0,0,0,0,0,2.05022877812385,1.08636245758715,1.08590481748828,2.02308416989341,4.30870681997991,3.44904121653567,3.49308116834823,4.26466686816735,0,0.5,0.566245345524607,0,0.5,0.884594546886772,0,1.21896096304516,1.02802818815262,0,0.783300146702718,0,1.52980619615432,0,0,1.34637738951478
372,-0.0100739783067193,0.0111804924153993,0.05425579872309,0.0690062877467798,-0.130000000000015,0.046419070717442,-0.109592506676611,-0.0926520328843974,0.044023253546725,0.514377103377692,2.9319380654592e-15,-1.74879048285779e-15,0.857564105779136,0.0456494572532712,-0.0383574292133005,0.0510000000000064,0.075,0.0749999999999982,0.0500000000000021,-0.0364740647121618,-0.0749999999999979,0.0237846466247308,-0.0750000000000044,-0.058587138370506,0.0270554589274323,-1.37479627912381e-14,-8.47444566780104e-16,-4.0076690961126e-15,-3.29758186269923e-14,-7.97462111312575e-15,5.84973434577951e-14,-0.239891509739742,-0.400000000000001,0.150000000000001,0.0602931685213498,-0.399999999999999,0.150000000000002,-0.400000000000003,-0.0418796632513972,0.184501867391125,0,0.397767455968446,0.03,0,0,0,0,0,0,0,0,0,0.03,0,0.03,0,0,0,0.03,0,0,0.03,0,0.670206311693512,0,0.03,0.03,0,0.5,0,0,0.5,2.28772173149671,1.04464291032941,1.35864837534064,2.05280459881846,4.23434356194499,3.61663709950002,3.5659079755954,4.28507268584961,0,0.575128873953962,0,0.554104565595507,0.623387793727806,0.73757965480295,0,1.33897724487094,0.969041782911354,0,0.5,0,1.26844651739261,0,0,2.64212089485635
373,-0.0116538503229319,0.013136553434293,0.0547475987235658,0.0671320672844199,-0.130000000044094,0.0473721171831127,-0.109999999996653,-0.0936064577484781,0.0450090081350445,0.514377103348757,-3.97580384297274e-12,-5.43305767233346e-12,0.857564105767544,0.0456494572448406,-0.0383574292170667,0.0509999999925793,-0.0750000000038896,0.0749999999990105,0.00379999999958593,-0.0749999999982728,-0.0750000000041657,0.0500000000000242,-0.0750000000060648,-0.038830965917061,0.0499999999973496,1.61550649655063e-13,-1.0250069554786e-13,-7.29788740068781e-14,-2.08495392235446e-11,-2.88206853464512e-11,5.26854144871731e-13,-0.0888789925078876,-0.400000000677185,0.149999999716802,0.148507411205566,-0.400000002850045,0.150000000016586,-0.400000004148985,-0.0546027524199359,0.174331725114045,0,0.369227878779121,0.03,0,0,0,0,0,0,0,0,0,0.03,0,0.03,0,0,0,0.03,0,0,0.03,0,0.672899442717739,0,0.03,0.03,0,0.5,0,0,0.5,2.28947568254081,1.04585553882404,1.35966787555083,2.05893053583551,4.27936598587472,3.62742258172267,3.59357034137031,4.31321822622708,0,0.589360102282203,0,0.553000435981395,0.603948383943121,0.761062535541461,0,1.35316388860625,0.953909383127424,0,0.5,0,1.26239322992622,0,0,2.66011035977102
374,-0.0137213573677076,0.0152483183343404,0.05431539872309,0.065242332741907,-0.130000000000019,0.0484797171836893,-0.109999999999996,-0.0944139840731111,0.0461166081359993,0.514377103377689,2.67600112386529e-15,-3.79113030769022e-15,0.857564105779138,0.0456494572532717,-0.0383574292132983,0.0510000000000064,-0.075,0.0749999999999988,-0.0424000000000003,-0.0750000000000001,-0.0749999999999972,0.0500000000000031,-0.0750000000000042,-0.0416406931813914,0.0499999999999999,-7.92030844472177e-15,2.47033193283191e-14,1.71072858123509e-14,-2.94266246934821e-14,-6.30018905327011e-15,-8.4181756388047e-15,-0.0924001392405306,-0.400000000000001,0.186167357237831,0.154534898962613,-0.399999999999998,0.150000000000002,-0.400000000000003,-0.0859905346975067,0.157062964372298,0.03,0,0.03,0,0,0,0,0,0,0,0,0,0.03,0,0.03,0,0,0,0.03,0,0,0.03,0,0.67371652203198,0,0.03,0.03,0,0,0.646755683711849,0,0.523108233527947,2.25332299986522,1.06881362617768,1.34462507024804,2.03212806284331,4.27796434150992,3.6491341385098,3.58269732407448,4.34440115594523,0,0.585425234389199,0,0.560047055674068,0.558450940835485,0.77005656713255,0,1.36980909751669,0.931326476909969,0,0.5,0,1.24875504929946,0,0,2.62512280137665
375,-0.013884657011273,0.0175482783363428,0.0532793449062103,0.0633006069308942,-0.130000000000021,0.0495873171836894,-0.109999999999997,-0.0958904411369514,0.0472242081359993,0.514377103377686,3.71761646384092e-15,-3.78676943806318e-15,0.857564105779141,0.0456494572532723,-0.0383574292132996,0.0510000000000061,0.0465182142217339,0.0749999999999982,-0.05,-0.0750000000000001,-0.0749999999999973,0.0500000000000028,-0.0750000000000033,-0.075,0.0499999999999999,1.74660237925933e-14,-6.79081334077357e-14,-1.55960764890409e-14,-3.17860236524991e-14,-9.87333226557785e-15,2.7752121703348e-14,-0.230625694714126,-0.400000000000001,0.188174880714121,0.143044435515624,-0.399999999999998,0.150000000000002,-0.400000000000002,-0.016461842904489,0.162284249451065,0,0,0.03,0,0,0,0,0,0,0,0,0,0.03,0,0.03,0,0,0,0.03,0,0,0.03,0,0.664880641822201,0,0.03,0.03,0,0.5,0.934096551133891,0,0.5,2.31428809853058,1.10293420284932,1.39419263371803,2.0880430476448,4.31641697326383,3.59636365528486,3.58164588564056,4.33113474290814,0,0.579617449210621,0,0.544250093746301,0.533394486995909,0.787662742343456,0,1.36683541641986,0.883928096135728,0,0.5,0,1.22372358704794,0,0,2.60873312988293
376,-0.0131731084159214,0.0198482383383432,0.0522357499509954,0.0613793604146302,-0.130000000000018,0.0506949171836894,-0.109999999999996,-0.0975162962305934,0.0483318081359995,0.51437710337769,1.41400353726471e-15,-1.79501190463568e-15,0.857564105779136,0.0456494572532724,-0.0383574292132995,0.0510000000000043,0.026625878850618,0.075,-0.05,-0.0750000000000001,-0.0749999999999981,0.0500000000000027,-0.0750000000000027,-0.075,0.050000000000001,1.67898293220328e-14,3.87051336657866e-15,4.50655459900692e-14,-1.66909190279176e-14,-6.15773645505217e-16,2.27500861650789e-14,0.172968103764978,-0.108491441910635,0.20797655434526,0.121443582600406,-0.399999999999999,0.150000000000002,-0.400000000000002,-0.172803499121525,0.150000000000001,0,0,0,0,0,0,0,0,0,0,0,0,0.03,0,0.03,0,0,0,0.03,0,0,0.03,0,0.80755339260738,0,0.03,0.03,0,0.5,0.600927318254844,0.5,0.75488315523236,2.22975690139333,1.1385212248232,1.33810446418624,2.04619134393008,4.28369757440823,3.66236553487466,3.59094341852864,4.35511969075425,0,0.575187234034795,0,0.609257163409895,0.542187465780646,0.763056513083954,0,1.3419994547928,0.926504049912148,0,0.5,0,1.23526386905488,0,0,2.56961592824095
377,-0.014698218028535,0.0221481983403454,0.0514420450648649,0.0595194067183769,-0.130000000000025,0.0518025171836894,-0.109999999999996,-0.0990333935989056,0.0494394081359993,0.514377103377683,3.61558435448227e-15,-5.22080455488915e-15,0.857564105779142,0.0456494572532711,-0.0383574292132987,0.0510000000000073,-0.0750000000000001,0.075,-0.0312458987391456,-0.0750000000000001,-0.0749999999999966,0.0500000000000029,-0.0750000000000025,-0.075,0.0499999999999999,-2.10344463296549e-14,-1.18548858630884e-13,3.85768505147871e-14,-2.92321184017889e-14,-1.31652934519201e-15,2.47682662377121e-14,0.126031601082132,-0.211002387817111,0.250000000000001,0.134412776699389,-0.399999999999998,0.150000000000002,-0.400000000000002,-0.119133472645465,0.159580997348044,0,0,0,0,0,0,0,0,0,0,0,0,0.03,0,0.03,0,0,0,0.03,0,0,0.03,0,0.914460293931948,0,0.03,0.03,0,0.516127206791608,0.706838997607234,0.5,0.866536789739229,2.21721601696453,1.20435701873989,1.33860079078533,2.02184226838961,4.28534781267407,3.64048928009897,3.59298670815987,4.33285038461318,0,0.508922346700913,0,0.557111833806895,0.546104378725802,0.733163173782871,0,1.31789587432034,0.868389510780536,0,0.5,0,1.21242919693654,0,0,2.55922019309544
378,-0.0164194596520542,0.0243878117531253,0.0514089270886979,0.0576531202237232,-0.130000000011874,0.0529101171842521,-0.11000000005076,-0.100554845009467,0.050547008136219,0.514377103401795,-1.95479690876817e-12,-4.10046110623269e-12,0.857564105718168,0.0456494572772607,-0.0383574292078777,0.050999999998532,-0.0750000000003361,0.0750000000002881,0.0225541012609312,-0.0750000000000031,-0.0750000000021613,0.0499999999997163,-0.0749999999959647,-0.0750000000010546,0.0500000000069417,-9.62463084793052e-14,2.09139594240577e-13,-7.79663880810711e-13,3.32136406099457e-11,4.31675225146807e-12,2.82448486967946e-13,0.249317006714922,-0.143212516590723,0.223983099372259,0.121286443510743,-0.400000001478636,0.149999999805874,-0.399999997239372,-0.123405456580388,0.150000004749282,0,0,0,0,0,0,0,0,0,0,0,0,0.03,0,0,0,0,0,0.03,0,0,0.03,0,0.935398219340238,0,0.03,0.03,1.92039960683068,0.589381538535762,0.890653205609675,0.556534406505889,0.910099739187933,2.24887675929887,1.27187044371277,1.37023491089419,2.05584204080876,4.29760752668122,3.62217013166527,3.59514534552409,4.3246323128224,0,0.5,0.5,0.506731295899971,0.51920451943534,0.708604595938382,0,1.29145037221816,0.804265230741348,0,0.5,0,1.19928742606447,0,0,0
379,-0.0160125868181866,0.023452811267848,0.0520402745356345,0.0585179992785579,-0.130000000000022,0.0534019171836894,-0.109999999999999,-0.102336939184593,0.0510388081359993,0.514377103377677,1.979562590024e-14,-4.2218857931084e-15,0.857564105779148,0.0456494572532774,-0.0383574292132949,0.050999999999997,0.075,-0.0750000000000001,0.0389418667459058,0.0750000000000018,-0.0749999999999969,0.00380000000000195,-0.0749999999999976,-0.0750000000000001,0.00379999999999976,2.21016460133021e-14,-2.92229807161925e-14,5.45243517269152e-14,3.7550924811646e-15,5.22996968512869e-15,3.88707814136539e-14,-0.152780076151985,0.393549075739637,0.212216804375602,-0.399999999999999,-0.399999999999998,0.25,-0.399999999999998,-0.0360478445024175,0.25,0,0,0,0,0,0,0,0,0,0,0,0,0.03,0,0,0,0,0,0.03,1.02856857745116,0,0.03,0,1.02310590508871,0,0.03,0.03,1.15710759920329,0.52607887302872,0.720473424236316,0.5,0.800494424322754,2.29925440139709,1.24244449873137,1.20648113072822,2.20860031783857,4.3699457709561,3.56645502190747,3.56886586030242,4.36753493256114,0,0.5,0.5,0.5,0.905458863552801,0.784646100017147,0,0,0.978321343783198,0,0.5,0,1.50347840183681,0,0,0
380,-0.0141297590688585,0.0213106144579278,0.0523481294238126,0.0604822101278988,-0.130000000000027,0.0529697171836895,-0.110000000000001,-0.10426527653368,0.0506066081359994,0.514377103377678,1.94702074743788e-14,-5.61876537494191e-15,0.857564105779147,0.0456494572532771,-0.0383574292132912,0.050999999999999,0.075,-0.0750000000000005,-0.00387471932135999,0.0750000000000017,-0.0749999999999972,-0.0424000000000014,-0.0749999999999975,-0.0750000000000001,-0.0423999999999976,-6.67652161341545e-15,6.39787724121262e-15,-4.25743877434507e-14,-2.14446144568769e-16,1.08230911744622e-14,4.85540181808858e-15,-0.30353568961237,0.396588862491687,0.250000000000002,-0.399999999999999,-0.399999999999998,0.249999999999998,-0.399999999999998,-0.0461651552176009,0.249999999999999,0,0,0,0,0,0,0,0,0,0,0,0,0.03,0,0,0.184146072094296,0,0,0.03,1.03635858267675,0,0.03,0,1.01723884204855,0,0.03,0.03,1.16783847742164,0.5,0.599651205003186,0.5,0.741138112251668,2.29129938195222,1.21676365729046,1.19004943428975,2.21406811241946,4.35508746255638,3.55501198909264,3.54224009752715,4.36785935412188,0,0.5,0.5,0,0.937445351569739,0.768633433715953,0,0,0.980894445594124,0,0.5,0,1.5322563204499,0,0,0
381,-0.0124276914309316,0.0193169598400158,0.0519964941745339,0.0624871105910502,-0.130000000000021,0.0518984771836894,-0.110000000000003,-0.106194883393681,0.0495353681359993,0.514377103377682,1.55002093632252e-14,-6.61708840091727e-16,0.857564105779145,0.0456494572532783,-0.0383574292132964,0.0509999999999963,0.0749999999999999,-0.0750000000000004,-0.0287966159442144,0.075000000000002,-0.0749999999999994,-0.0500000000000035,-0.0749999999999977,-0.0750000000000001,-0.0500000000000012,8.01722617234689e-14,-1.35337155351781e-13,-4.11753531386325e-14,3.67452197776928e-16,-2.0753258433679e-15,-4.06481703087968e-14,-0.0314679522005764,0.4,0.183574942827212,-0.399999999999999,-0.4,0.249999999999998,-0.399999999999998,-0.0897753580378572,0.249999999999999,0,0,0,0,0,0,0,0,0,0,0,0,0.03,0,0,0,0,0,0.03,1.05516286550689,0,0.03,0,0.927030963890603,0,0.03,0.03,1.20279945655928,0.518359956662756,0.5,0.5,0.611837147290862,2.2982474644817,1.22517019452555,1.198367150301,2.21993415621937,4.38079614014927,3.54490677589764,3.54546048312824,4.38024243291867,0,0.5,0.5,0.5,0.942369807914205,0.801767843067812,0,0,1.02046320365968,0,0.5,0,1.51924657770822,0,0,0
382,-0.0107747259042344,0.0172036026031948,0.051746684477884,0.0644338906381729,-0.130000000000018,0.0508060771833729,-0.110000000000005,-0.108254275215686,0.048442968134988,0.514377103377685,1.73453876697527e-14,-3.07099145117943e-15,0.857564105779141,0.0456494572532792,-0.0383574292132973,0.0509999999999966,0.0749999999999999,-0.0750000000000003,0.00085089516801091,0.0750000000000028,-0.0749999999999997,-0.0500000000000037,-0.0749999999999973,-0.0750000000000001,-0.0500000000000009,2.51623861235013e-14,-9.13435704265534e-14,8.14802537148439e-14,-3.14764259507884e-15,-4.18363427732077e-15,-3.18568409294494e-15,-0.0282935944070626,0.4,0.150000000000001,-0.399999999999998,-0.4,0.249999999999998,-0.399999999999998,-0.101511332644806,0.249999999999999,0,0,0.03,0,0,0,0,0,0,0,0,0,0.03,0,0,0,0,0,0.03,1.06058025599895,0,0.03,0,0.899987494031864,0,0.03,0.03,1.19364731354055,0.5,0.5,0,0.5,2.28208374804844,1.2413974036117,1.17073835989829,2.27775732437298,4.40198132537156,3.5884789792388,3.53000254062945,4.46045776398091,0,0.5,0.5,0.5,0.704583412626388,0.860259691785567,0,0,1.01224613849881,0,0.5,0,1.62796601718605,0,0,0
383,-0.00911910037116868,0.0153552985766102,0.0512555023812441,0.0663634116941544,-0.13000000000002,0.0497136771833728,-0.110000000000003,-0.110295163308884,0.047350568134988,0.514377103377681,1.64430085399509e-14,-2.68514727836696e-15,0.857564105779145,0.0456494572532786,-0.0383574292132969,0.0509999999999969,0.0749999999999988,-0.075,-0.0453491048319909,0.075000000000003,-0.0749999999999986,-0.0500000000000036,-0.0749999999999972,-0.075,-0.0500000000000005,-8.17643621476424e-15,1.85286509254778e-14,-1.23641050097996e-14,6.88859545133706e-15,2.5399331255979e-15,-4.29737060190539e-15,-0.400000000000001,0.0675536658866895,0.180601258271911,-0.399999999999998,-0.399999999999999,0.249999999999998,-0.399999999999998,0.0195304482697414,0.25,0,0,0.03,0,0,0,0,0,0,0,0,0,0.03,0,0,0,0,0,0.03,1.105570101676,0,0.03,0,0.811864237101577,0,0.03,0.03,1.20432436952633,0.5,0.726927306932525,0,0.5,2.31031197399781,1.21278413185872,1.16281205977639,2.25835708547449,4.40603060758533,3.52610477720623,3.49376730878515,4.43836807600641,0,0.5,0.5,0.5,0.712431103607552,0.887879348812109,0,0,1.02591916588531,0,0.5,0,1.63208271711195,0,0,0
384,-0.00721409672671988,0.0135640111315199,0.0501724659614049,0.0682638446692643,-0.130000000034382,0.0486212771829431,-0.109999999999293,-0.11253536540482,0.0462581681309878,0.514377103353965,-4.61889594889228e-12,1.12933960145784e-11,0.857564105768231,0.045649457249256,-0.0383574291506879,0.0510000000028208,0.0749999999961931,-0.0749999999731769,-0.0500000000007378,0.0750000000115825,-0.0535110146730745,-0.0499999999977393,-0.0749999999983912,-0.0749999999867807,-0.0499999999974752,-6.54771264142382e-13,-1.57812094934213e-13,2.31391254853053e-13,-1.56780522151893e-11,1.22694973822455e-10,3.00635947819313e-13,-0.400000002604289,0.0970894619503967,0.189852918144345,-0.399999992076442,-0.399999984537877,0.250000001546748,-0.399999998899412,0.000967876119139021,0.250000001727397,0,0,0.03,0,0,0,0,0,0,0,0,0,0.03,0,0,0,0,0,0.03,1.17426548003522,0,0.03,0,0.783964013197905,0,0.03,0.03,1.24508453312921,0.5,0.680448532843023,0,0.5,2.20902928312533,1.08564592311462,1.09868926578314,2.18635291004602,4.50923161263365,3.75172153469908,3.64292011203208,4.61803303530066,0,0.5,0.5,0.5,0.869045320294628,0.872111006380429,0,0,0.983101240027134,0,0.5,0,1.62345187638463,0,0,0
385,-0.00524176442320716,0.0115371419997222,0.0490800659619162,0.0701993250406062,-0.129834521702661,0.0475288771833729,-0.110000000000002,-0.114747397516773,0.0451657681349879,0.514377103377688,1.71836559083989e-14,-1.82195503645656e-15,0.857564105779141,0.0456494572532779,-0.0383574292132984,0.0509999999999974,0.0749999999999994,-0.0749999999999999,-0.05,0.075000000000002,0.033778163968724,-0.0500000000000038,-0.0749999999999986,-0.0750000000000001,-0.0500000000000006,-5.84815597108678e-14,-2.82556295529286e-14,3.9754435591574e-14,2.57538806839159e-15,5.34911073182821e-15,-3.27769529124756e-14,-0.4,0.00603784962721665,0.189669424129303,-0.399999999999999,-0.399999999999999,0.249999999999997,-0.399999999999999,0.00977543329501193,0.25,0.03,0.483987419409837,0.03,0,0,0,0,0,0,0,0,0,0.03,0,0,0,0,0,0.03,1.17127317728646,0,0.03,0,0.783850814960094,0,0.03,0.03,1.2427137056062,0,0,0,0.5,2.22922761413775,1.14690490049491,1.1159586456453,2.19607635931635,4.50091291913762,3.77155848258007,3.65796872984044,4.61450267187725,0,0.5,0.5,0.5,0.919493312292333,0.841716515253861,0,0,0.991653898204201,0,0.5,0,1.60941627585699,0,0,0
386,-0.00456000427268431,0.00999999994152094,0.0479876659632249,0.0722333366791575,-0.130000000079949,0.0464364771817052,-0.110000000027926,-0.116757999561671,0.0440733686471069,0.514377103289927,-1.68821947457798e-11,2.19252992987995e-11,0.857564105839468,0.0456494572493148,-0.0383574291886723,0.0509999999947088,0.00061454714476168,-0.0749999999689044,-0.0500000000012673,0.0749999999959988,-0.0665802303579084,-0.0499999999988386,-0.075000000009551,-0.0749999999816039,-0.0500000000013282,-1.96164989365988e-13,-3.09750108222527e-13,1.08245838777004e-12,-4.70905612287956e-11,6.41679728654789e-11,-7.50508834702414e-13,-0.399999998948309,0.0772233435767173,0.184710594970796,-0.400000002737261,-0.399999990045622,0.250000000794696,-0.400000006533953,-0.0307248930368161,0.249999999091931,0.03,0.487106738457282,0.03,0,0,0,0,0,0,0,0,0,0,0,0,0,0,0,0.03,1.12174798177273,0,0.03,0,0.807222573360487,0,0.03,0.03,1.18735369585926,0,0,0,0.5,2.22140051648421,1.19289804459833,1.15542450484149,2.21103000827776,4.42150399079296,3.73526042429413,3.5793889939873,4.5773754210998,0.5,0.5,0.5,0.5,1.01542184845096,0.832914017347137,0,0,0.917624086555877,0,0.637909461217513,0,1.59348088122218,0,0,0
387,-0.00451834463421151,0.0100000000395679,0.0469127227316799,0.0742715659489059,-0.129633564427118,0.0453440771845184,-0.110000000000706,-0.118899700611916,0.0429809648515743,0.514377103369578,-6.07692455118844e-12,2.82616300434575e-11,0.857564105773365,0.045649457259098,-0.0383574291678817,0.0510000000154125,0.00328444838933668,-0.0749999999709072,-0.0500000000002139,0.0750000000005955,0.0624495054826383,-0.049999999998215,-0.0749999999940305,-0.0749999999905782,-0.0499999999951641,-5.82668503895286e-13,1.15339137993312e-13,-1.44432627359234e-13,6.3374183505632e-12,1.12818316029302e-10,2.25274867864519e-12,-0.399999991326644,-0.0579245893898855,0.18388470684637,-0.399999999592563,-0.399999988235915,0.250000001221273,-0.399999995916182,-0.0221630925984935,0.250000003308514,0.03,0.529423779370678,0.03,0.03,0,0,0,0,0,0,0,0,0,0,0,0,0,0,0.03,1.12873171722285,0,0.03,0,0.76428049665038,0,0.03,0.03,1.1941998868412,0,0,0,0,2.2745603869773,1.33767069413973,1.22935332125984,2.27861870391075,4.41151371792161,3.69248029723542,3.55626096317954,4.54773305197748,0.5,0.5,0.5,0.5,1.03863314249671,0.844641316284513,0,0,0.913664129381572,0,0.559767494887803,0,1.54788735186378,0,0,0
388,-0.00480085437246558,0.0100000000038162,0.0465045227321636,0.0763133937531083,-0.130000000006527,0.0442516771833279,-0.110000000002738,-0.120998059539402,0.0418885681972752,0.514377103370715,-2.29664478820189e-12,3.03178626266723e-12,0.857564105780486,0.045649457254744,-0.0383574292178816,0.0510000000008344,-0.028369986404089,-0.0749999999986093,0.00380000000024092,0.0750000000000101,-0.0750000000004359,-0.0500000000000033,-0.0749999999980984,-0.0750000000010809,-0.0499999999992729,-6.29554177411082e-14,4.6054416431479e-14,4.89078076746612e-15,8.57233860234974e-12,-1.9439746948107e-12,1.67518045720236e-12,-0.399999997980908,0.0527513133054284,0.150000000163551,-0.345299578336582,-0.400000000298174,0.249999999997674,-0.399999998699165,-0.0474080202565244,0.250000000497478,0.03,0.509458032313169,0.03,0.03,0,0,0,0,0,0,0,0,0,0,0,0,0,0,0.03,0,0,0.03,0,0.826159107574332,0,0.03,0.03,1.10345132995379,0,0,0,0,2.3023643141405,1.04466919383262,1.3104290496126,2.31962586062598,4.35872629713748,3.69135224788277,3.53644174548235,4.51363679953791,0.5,0.5,0.5,0.5,1.03927815755302,0.815452510037885,0,1.41826393437856,0.867638203419721,0,0.5,0,1.46977211008203,0,0,0
389,-0.00487576312095679,0.0100000000654017,0.0468623187062106,0.0780011127765826,-0.130000000018648,0.0431592752827901,-0.109999999999638,-0.122811735693718,0.0414803619648392,0.514377103360704,-4.84451913856472e-11,1.09604011740682e-11,0.857564105777528,0.0456494572597207,-0.0383574291663649,0.0510000000245813,0.0164019334637559,-0.0749999999674912,0.0294178157531409,0.07499999998983,-0.0180994274140534,-0.0499999999981554,-0.0749999999983187,-0.074999999989678,0.00379999987069543,5.18598753622971e-13,-9.36326617536702e-13,-6.17217124243059e-14,-1.91449919792457e-11,9.85196120994655e-11,-1.87359805195591e-11,-0.400000008594602,-0.0220301332700584,0.14999999980429,-0.337972654502122,-0.393681305707135,0.250000001261994,-0.399999998849763,-0.0531971405027662,0.249999911533749,0.03,0.499107118249956,0.03,0.03,0,0,0,0,0,0,0,0,0,0.175156831517071,0,0,0,0,0.03,0,0,0.03,0,0.798695769031117,0,0.03,0.03,1.09529647518999,0,0,0,0,2.25561646871125,1.05032206850289,1.26365956022691,2.27204624208949,4.30956271852951,3.62757251561117,3.49071879211201,4.44641644202866,0.5,0,0.5,0.5,1.04456391919041,0.816388847925705,0,1.40964422851528,0.860079427452912,0,0.5,0,1.46771261538526,0,0,0
390,-0.0049898441942992,0.0100000000016188,0.0470974756853018,0.0797359794121783,-0.130000000000813,0.0420806206495133,-0.110000000003282,-0.124792112896191,0.0414180642282552,0.514377103375184,1.7257154791372e-12,-2.06601356411163e-12,0.857564105780835,0.0456494572563135,-0.0383574292147209,0.0509999999987424,-0.0237907837600592,-0.075000000000165,-0.00269121468508255,0.0750000000007335,-0.0217362448104665,-0.0500000000014131,-0.0749999999990291,-0.0750000000006705,-0.00877308134483954,-2.03231493983361e-14,2.45533087930821e-13,-3.50718557323516e-14,8.95403375435787e-12,-6.30857816432591e-12,-9.52441088277227e-13,-0.370082441161924,-0.0505206652228869,0.149999999988009,-0.311763774501172,-0.312923354453624,0.249999999033197,-0.399999999335738,-0.0701041411899497,0.250000010002058,0.03,0.503450651403383,0.03,0.03,0,0,0,0,0,0,0,0,0,0.190020917708903,0,0,0,0,0.03,0,0,0.03,0,0.749688425153415,0,0.03,0.03,1.05509676607371,0,0,0,0,2.22482301923133,1.09617795095875,1.2631249046239,2.25890806291818,4.29556784035107,3.64647960643535,3.49644141039825,4.44560603638817,0.5,0,0.5,0.5,1.03137147997856,0.792322232414535,0,1.35672745216548,0.840485817486356,0,0.5,0,1.43402792255942,0,0,0
391,-0.00532775708462331,0.0100000000000006,0.04719380341302,0.081452773732916,-0.129987891506616,0.0410084411816021,-0.110000000000002,-0.126812900326489,0.0411771126675574,0.514377103377696,1.34421486429748e-14,-3.86631939129206e-15,0.857564105779137,0.0456494572532787,-0.0383574292132987,0.0509999999999968,-0.0112541670897096,-0.075,0.0109589690948105,0.0750000000000001,0.00433045851431807,-0.0500000000000034,-0.0749999999999985,-0.075,-0.0147267127496828,4.07358895978078e-15,-1.82108322806772e-15,-1.80015489628475e-14,5.46105972740611e-15,-3.32332384959163e-15,-3.13146063495706e-14,-0.23448631868594,0.010216300094072,0.15,-0.304512907948596,-0.322738068563153,0.249999999999998,-0.399999999999999,-0.0909265588398994,0.250000000000001,0.03,0,0.03,0,0,0,0,0,0,0,0,0,0,0.19256386313999,0,0,0,0,0.03,0,0,0.03,0,0.735272316834699,0,0.03,0.03,1.04877852822384,0,0.741586163079166,0,0.5,2.20791476886134,1.12324624141835,1.26157943248076,2.25806432015707,4.2879243918688,3.69006359744932,3.51505084542503,4.46293714389309,0.5,0,0.5,0.5,1.04799981225775,0.769345017429444,0,1.3283075173858,0.835035662302698,0,0.5,0,1.42164133135701,0,0,0
392,-0.00330538607675586,0.00999999999999949,0.0469047827949162,0.0832058498453387,-0.130000000000011,0.0399999999998916,-0.110000000000004,-0.129112860328491,0.0407479029772536,0.514377103377695,1.51248110536448e-14,-4.15634500769449e-15,0.857564105779137,0.0456494572532781,-0.0383574292132993,0.050999999999997,0.075,-0.075,-0.0352410309051893,0.0750000000000001,-0.075,-0.0500000000000035,-0.0749999999999987,-0.075,-0.0269699341382145,7.27837704542625e-16,-1.17272359904604e-14,-2.12531341604917e-14,1.01172453066128e-15,-2.80109573290771e-15,5.7039864911524e-16,-0.294442831245388,-0.0613916662841645,0.173269389827827,-0.356280763528798,-0.0766251337816648,0.249999999999998,-0.399999999999999,-0.11049851402786,0.249999999999999,0.03,0,0.03,0.03,0,0,0,0,0,0,0,0,0,0.194853545261609,0,0,0,0,0.03,0.98988612820321,0,0.03,0,0.734364859189987,0,0.03,0.03,1.05638228087858,0,0.715888109792511,0,0,2.21297964017284,1.11807135200488,1.28858821251637,2.24107448944056,4.30465401298571,3.71497667314096,3.53577022467641,4.48386046145025,0.5,0,0.5,0.5,1.05972451656415,0.761665659264142,0,0,0.82600346016684,0,0.5,0,1.42073275670136,0,0,0
393,-0.00102331276006954,0.00999999999999899,0.0467917621768125,0.085087546916313,-0.128992069801677,0.0399999999998722,-0.110000000000004,-0.130000000000004,0.0399999999999629,0.514377103377686,1.88129946866773e-14,-7.61605692617945e-15,0.857564105779139,0.0456494572532824,-0.0383574292133,0.0509999999999974,0.0749999999999989,-0.0750000000000001,0.018558969094812,0.0749999999999964,0.0750000000000002,-0.00861970993327308,-0.0749999999999957,-0.075,-0.0500000000000005,8.00000917344505e-15,4.03321563011423e-15,-3.5237035538732e-15,1.89467491771473e-14,2.09140234608002e-15,3.6358396620539e-14,-0.400000000000001,-0.153539179136912,0.15,-0.400000000000002,-0.29432675254666,0.249999999999997,-0.399999999999997,-0.0627622076447665,0.25,0.03,0.710136450778895,0.03,0.03,0,0,0,0,0,0,0,0,0,0.151409256346032,0.03,0,0,0,0.03,1.23948995005824,0,0.03,0.03,1.05593633138979,0,0.03,0.03,1.39048303958767,0,0,0,0,2.40883327807501,0.976620245958791,1.30438725295771,2.28081885060401,4.17335535926776,3.34488412165804,3.27842070850999,4.23981877241581,0.518084796535877,0,0,0.721194731127392,1.11500365266105,0.807800839545019,0,0,0.883297747196438,0,0,0,1.44733128084928,0,0,0
394,-0.0019601624822737,0.0099999999999993,0.0466547415587087,0.0865409841236193,-0.127142243926174,0.0399999999998603,-0.110000000000009,-0.130000000000008,0.0399999999999044,0.514377103377685,1.72109793781663e-14,-3.432457202711e-15,0.857564105779139,0.0456494572532833,-0.0383574292132993,0.050999999999995,-0.075,-0.0750000000000001,-0.0276410309051829,0.0707670188467396,0.0750000000000002,-0.0500000000000045,-0.0749999999999954,-0.075,-0.0500000000000003,7.65983942812897e-15,4.27052238046615e-15,-3.76760868017148e-15,2.21757742772071e-14,2.44106503071916e-15,-5.64178839084588e-15,-0.323217795729855,-0.176034686680842,0.185754193764792,-0.400000000000001,-0.317975775793779,0.249999999999997,-0.399999999999997,-0.128832049599467,0.25,0.03,0.762824122622226,0.03,0.03,0,0,0,0,0,0,0,0,0,0.139849458454911,0.03,0,0,0,0.03,1.18963998704346,0,0.03,0.03,0.889825559800072,0,0.03,0.03,1.31636053752729,0,0,0,0,2.28446716390398,0.867922883772406,1.18629384159298,2.16080477140525,4.13662793003312,3.29960563630298,3.26172934014172,4.17450422619438,0.53709571896271,0,0,0.704032506632973,1.04699415578123,0.779055124921084,0,0,0.927240416747023,0,0,0,1.43363327965405,0,0,0
395,-0.00360646797566486,0.0100000000000024,0.0463723036021755,0.0878914407795804,-0.125260123372794,0.0399999999998918,-0.110000000000005,-0.130000000000004,0.0399999999999915,0.514377103377686,1.78218259178549e-14,-8.66709337605558e-15,0.857564105779137,0.0456494572532836,-0.0383574292133006,0.0509999999999982,-0.075,-0.0750000000000001,-0.00306078894422918,0.064868498758662,0.075,-0.0219105621937013,-0.0749999999999963,-0.075,-0.0500000000000003,7.58648615950019e-15,4.1409989581818e-15,-3.60075419748511e-15,1.8467289245798e-14,-9.31238045144664e-16,3.30541370105564e-15,-0.339042628692504,-0.163287693921741,0.15,-0.400000000000001,-0.151648191224376,0.249999999999998,-0.399999999999997,-0.0646600705230573,0.25,0.03,0.794323819239422,0.03,0.03,0,0,0,0,0,0,0,0,0,0.164282271365494,0.03,0,0,0,0.03,1.21179249015082,0,0.03,0.03,1.00294386508684,0,0.03,0.03,1.35574734273299,0,0,0,0,2.25213174998744,0.724484397819455,1.169357198212,2.10594958549298,4.04189363992282,3.17155229106986,3.14309228715087,4.07035364384181,0.545939102104649,0,0,0.739168243787264,1.06923974100034,0.785989540509831,0,0,0.834332640640135,0,0,0,1.36427141993604,0,0,0
396,-0.00527104484696015,0.0100000000000029,0.045802887823418,0.0889718342764379,-0.123390318228406,0.0399999999998888,-0.110000000000017,-0.130000000000016,0.0399999999998864,0.514377103377687,2.0248463021121e-14,-1.38018697239414e-14,0.857564105779136,0.0456494572532841,-0.0383574292132975,0.0509999999999993,-0.075,-0.0750000000000001,-0.0492607889442287,0.0451433643660107,0.0750000000000001,-0.0500000000000036,-0.0749999999999948,-0.0750000000000001,-0.0500000000000023,-5.51745146099476e-14,-2.87212950788709e-14,-4.85668919989216e-15,2.01988667789347e-14,1.24497748004961e-14,-3.09921743735413e-14,-0.315680525516528,-0.0900341697827662,0.188054539767126,-0.400000000000002,-0.175089481645284,0.249999999999998,-0.399999999999996,-0.00739225819102703,0.249999999999998,0.03,0,0.03,0,0,0,0,0,0,0,0,0,0,0,0,0,0,0,0.03,1.3825982437724,0,0.03,0,1.11525461819789,0,0.03,0.03,1.41960396771582,0,1.0993576078069,0,0.534638392810211,2.24316047276613,0.848747467750584,1.00264475606223,2.19934087950241,4.22874615466471,3.28654031637136,3.14646429988387,4.3688221711522,0.828586477270364,0.530402281099878,0.5,0.887215511273039,1.37065071353469,1.07461857530077,0,0,0.97919845474184,0,0.505462605672571,0,1.68159096648712,0,0,0
397,-0.00369117292302437,0.00999999997971564,0.0447156684204658,0.090695132614701,-0.121756012948168,0.0399999987825738,-0.109999999987459,-0.129999999989758,0.040000004389195,0.514377103380268,-3.30212125417781e-12,2.8204846074625e-12,0.857564105776146,0.0456494572446539,-0.0383574292143581,0.0510000000048722,0.0749999999973534,-0.0749999999996745,-0.04999999999843,0.074999999998529,0.0749999999998836,-0.00531147013889983,-0.0750000000037718,-0.0749999999965058,-0.0499999999075968,-6.59542128017507e-13,5.76266080045697e-13,-1.09230432788288e-13,-3.06666353981988e-12,6.5723141848272e-12,1.27221967894306e-11,-0.400000001810711,0.170450920421265,0.250000001074168,-0.400000001006247,-0.301261826352432,0.205382736587589,-0.40000000258035,-0.33890127426267,0.250000063219339,0.03,0.03,0.596596207689034,0.03,0,0,0,0,0,0,0,0,0,0,0,0,0,0,0.03,0,0,0,0,0,0,0,0.03,0,0,0,0,0,2.67948020729473,0.5,1.0170063675956,2.32904050588215,4.08273269400449,2.47363554312055,2.49704577309228,4.05932246403276,1.33129770487119,1.47235387328272,0.775041040740336,2.02861053741358,1.59624279466879,1.52813772109177,0,2.63600660772546,1.52823248394528,0.948608043813822,0.629520625408363,3.09113900325052,1.79317757374288,0.938491048264249,0,4.28277140048019
398,-0.00527104231788687,0.0101976171847116,0.0443074684149835,0.0891152606132776,-0.120004483980473,0.0404855710706062,-0.110000000133654,-0.13000000012878,0.0400076035703158,0.514377103374247,2.42855677321995e-12,2.60837054406425e-12,0.857564105764542,0.0456494572546564,-0.0383574292014548,0.0510000000033882,-0.0750000000031542,0.0422965622313726,0.00380000000203058,-0.0750000000046102,0.0749999999991926,0.0484885298900832,-0.0750000000013286,-0.0750000000006334,0.00380000007493573,-6.99135814125802e-13,2.0681551470385e-13,-1.48657049392639e-13,-1.54000216366663e-11,1.06450259992467e-11,1.45867208387242e-11,-0.40000000215774,0.00302563735402299,0.250000001393305,-0.400000003153888,-0.241348361991952,0.250000009423878,-0.400000000908936,-0.117964444827791,0.250000051269913,0.03,0.03,0.838172361992299,0.03,0,0,0,0,0,0,0,0,0,0,0,0,0,0,0,0,0,0,0,0,0,0,0,2.02010880450397,0,0,0,0,2.46386533232832,0.5,0.749004343213793,2.3039009611489,4.00232395150038,2.53446675957163,2.38892504525623,4.14786566581578,1.35589621546976,1.34758837785769,0.786729927103143,1.9167546662243,1.85850400495482,1.65702922589234,0.5,2.73826406045043,1.54417311383477,0.894105047142029,0.656067888024605,3.09172958799814,2.04678090331984,1.17274771539367,0.5,0
399,-0.00757096485521013,0.0108512495401079,0.0449708284214219,0.0868153405897157,-0.11770452397212,0.0409471411949826,-0.110000000000023,-0.130000000000021,0.0399999999997818,0.514377103377688,1.14842452255429e-14,-9.01165931425523e-15,0.857564105779137,0.0456494572532904,-0.0383574292132913,0.0509999999999966,-0.0749999999999993,0.0248148960834241,0.0500000000000031,-0.0750000000000075,0.0750000000000002,0.00228852987630913,-0.0749999999999929,-0.0750000000000002,-0.0309097027771876,7.44944311610118e-15,5.00304008075861e-15,-4.8410108199229e-15,1.07568841392237e-14,1.89524411539457e-14,2.41311440418264e-14,-0.4,0.0248689645735359,0.250000000000002,-0.400000000000005,-0.228303310324916,0.249999999999999,-0.399999999999995,-0.125128023413824,0.249999999999998,0.03,0.03,0.855235293938027,0.03,0,0,0,0,0,0,0,0,0,0,0,0,0,0,0,0,0,0,0,0,0,0,0,2.03925176726765,0,0,0,0,2.36147484089083,0.5,0.659246746743256,2.23272791362443,3.95826712448261,2.523951471563,2.35950411491715,4.12271448112846,1.43895035063187,1.40143170544755,0.813551257715943,2.02683079836347,1.86781197881231,1.65782957244994,0.5,2.73089286561307,1.56368079084096,0.948509643048771,0.663066942607471,3.247422284234,1.99254241902141,1.21469807854283,0.5,0
400,-0.00987088486666897,0.0114231888558284,0.0460784284142766,0.0845154205786366,-0.11540456397399,0.0407790531189301,-0.110000000000013,-0.130000000000011,0.0401213023419355,0.514377103377691,-3.99446413977321e-16,-9.54307520796602e-15,0.857564105779136,0.0456494572532904,-0.0383574292132952,0.0510000000000053,-0.0749999999999985,0.0316913864532645,0.0500000000000067,-0.0750000000000001,0.0750000000000001,-0.0171531677281213,-0.0749999999999955,-0.0750000000000002,0.0228902184523863,7.52912307050255e-15,6.13383010822345e-15,-6.62375417098441e-15,6.47030958813198e-15,5.34830529157064e-15,3.87280362939772e-14,-0.399999999999999,0.0447695337239668,0.250000000000005,-0.25074119417122,-0.094545881439369,0.150000000000001,-0.399999999999997,-0.346725293362075,0.184251898929729,0.03,0.03,0.855229835635942,0.03,0,0.03,0,0,0,0,0,0,0,0,0,0,0,0,0.03,0,0,0,0,0,0,0,0.03,0,0,0,0,0,2.40610950124875,0,0.751190328014539,2.11176367642366,3.8835263597482,2.36677923493632,2.30581670368646,3.94448889099805,1.5045524401777,1.48386125620984,0.737106924136499,2.25130677225104,1.71286485156151,1.5528769475093,0,2.68165351650194,1.44341089370619,1.06528425256441,0.5,3.5029915622837,1.65172330509,1.12896992288272,0,4.18777020190334
401,-0.0121708048743568,0.0118632483586381,0.047186028414619,0.0822155005702155,-0.113355031790876,0.0410277898396298,-0.110000000000006,-0.130000000000005,0.0409663675075118,0.514377103377694,7.23737573511887e-15,-7.03100279055793e-15,0.857564105779135,0.0456494572532914,-0.0383574292132939,0.0510000000000069,-0.0750000000000001,0.0140760931506132,0.0500000000000066,-0.0750000000000031,0.0749999999999999,0.0366468391139138,-0.0749999999999945,-0.0750000000000001,0.0500000000000021,6.84212432477366e-15,7.09486060910323e-15,-8.09178784596508e-15,1.30144532711112e-14,9.83432614699346e-15,2.92110007704604e-14,-0.299590089220361,-0.399999999999999,0.150000000000005,-0.400000000000002,0.186735161456087,0.150000000000003,-0.399999999999996,-0.33263308723658,0.150000000000001,0.03,0,0.03,0,0,0,0,0,0,0,0,0,0,0,0.03,0,0,0,0.03,0,0,0.03,0.03,0,0,0.03,0.03,0,0,1.46069125723897,0,0.5,2.30810401225908,0.5,1.14579446822374,1.83408053854642,3.76018794213113,2.5015348525774,2.721706907805,3.54001588690353,0.5,0.570332092336783,0,1.29638706656266,1.01060180956313,0.685757158524471,0,1.70820272646667,0.661052948035094,0,0,2.03329845326644,0.998020149156667,0,0,3.73834971259812
402,-0.0144707248735574,0.0133164276028117,0.0481181121664337,0.0799155805275397,-0.111756190843976,0.0420875508776268,-0.110000000000001,-0.130000000000001,0.0418045159880945,0.514377103377698,8.83608401265857e-15,-5.19915560378561e-15,0.857564105779133,0.0456494572532881,-0.0383574292132958,0.0509999999999961,-0.0750000000000001,0.0749999999999998,0.0438257956195236,-0.0750000000000001,0.0750000000000002,0.0499999999999995,-0.074999999999994,-0.0750000000000001,0.0352862255075314,-4.34433091971867e-16,-1.59481665123113e-14,-9.45864658767813e-15,2.31828479254435e-14,1.40334526344541e-14,-3.58547749391537e-14,-0.0539888184275182,0.10183933624003,0.15,-0.359006635422455,-0.132330784025112,0.25,-0.399999999999996,-0.315388672472366,0.25,0.03,0.558701882176437,0.03,0,0,0,0,0,0,0,0,0,0,0,0.03,0,0,0,0.03,1.10098713244781,0,0.03,0.03,1.36116190861528,0,0.03,0.03,1.19441945340557,0,0,0,0.5,1.59600196706674,0.5,0.694856237779573,1.47316769048932,3.83314843619013,3.09016508555345,3.03179867546936,3.89151484627421,0.5,0.5,0,0.973023546168784,1.03113987257449,0.716958953370889,0,0,0.749374447702317,0,0,0,1.08019122756792,0,0,0
403,-0.0162171065448346,0.0117364915995702,0.0484864280788293,0.0807006337997707,-0.110027947783838,0.0425793508776302,-0.110000000000006,-0.130000000000004,0.0420020404982453,0.514377103377703,-9.06447571870093e-15,3.78259631838959e-17,0.85756410577913,0.0456494572532944,-0.0383574292132996,0.0509999999999818,-0.0749999999999958,-0.075,-0.00237420438048015,0.0750000000000051,0.0750000000000001,0.00379999999999676,-0.0749999999999982,-0.0749999999999986,-0.0109137744924668,-1.04917641564417e-14,-6.23932607249049e-15,-4.31538650727931e-14,2.18642005775185e-14,5.71115123937987e-15,-6.52924736643256e-14,-0.399999999999997,0.183735277949029,0.249999999999997,-0.399999999999997,0.267164986531614,0.249999999999998,-0.399999999999999,-0.399999999999999,0.249999999999998,0.03,0.03,0.835890927783893,0.03,0,0.03,0.03,0,0,0,0,0,0,0,0,0,0,0,0,0,0,0,0,0,0,0,0,1.80685539636107,0,0,0,0,1.56591896037746,0,0,1.91076296701889,3.91087211823052,2.98150715286872,2.42954043643517,4.46283883466406,2.01057140055528,2.06249517422216,1.58520108650264,2.4878654882748,1.99515185293209,1.97188173859638,1.10803216376025,2.6043729931831,1.89834371285884,1.61115212715109,1.3410063080537,2.16848953195623,1.88292416523565,1.52053869152531,1.21732622324342,0
404,-0.0185170266050193,0.0118597691437633,0.0490307439868799,0.0791207616728205,-0.10772798776668,0.0422913829185344,-0.110000000000003,-0.130000000000002,0.0418743648259226,0.514377103377701,-6.14712872056944e-15,3.38845206857952e-16,0.85756410577913,0.0456494572532829,-0.0383574292132989,0.0509999999999842,-0.075,0.0725706858331192,0.049999999999996,-0.075,0.0750000000000001,-0.0292879962811328,-0.0750000000000003,-0.0749999999999988,-0.00267742744457753,-1.09308685896197e-14,-6.47473589747245e-15,-4.28789467818032e-14,6.76980415870335e-15,4.31614176255075e-15,-2.5726613416905e-14,-0.390233490947401,0.0513493437991838,0.249999999999997,-0.329849261352574,0.370722792926288,0.249999999999998,-0.4,-0.399999999999999,0.249999999999998,0.03,0.03,0.811089383467943,0.03,0,0.03,0.03,0,0,0,0,0,0,0,0,0,0,0,0,0,0,0,0,0,0,0,0,0,0,0,0,0,1.26322291989744,0,0,1.78946701274711,3.90275659688893,3.13220359958653,2.47499794312229,4.55996225335316,1.93826785574858,1.96738888681476,1.62700729870553,2.2786494438578,2.05481815521231,2.01514332256053,1.55250373985062,2.51745773792221,1.89961281566927,1.61541811994635,1.46609314173198,2.04893779388364,2.016163115133,1.66317255569212,1.25289687729058,2.28774608794805
405,-0.0208014107342735,0.0133943836302279,0.0501383439869842,0.0770646831445016,-0.105589298578823,0.0422974229929116,-0.110000000000004,-0.130000000000002,0.0424126162770311,0.514377103377701,9.62987318014243e-15,-3.39348159507575e-15,0.857564105779132,0.0456494572532795,-0.0383574292132979,0.0510000000000004,-0.075,0.0749999999999999,0.0500000000000016,-0.075,0.0750000000000001,0.0245120037188683,-0.074999999999999,-0.0749999999999994,0.05,-1.03141316340315e-14,-4.78894470151414e-15,-4.3615796377483e-14,7.03174728500451e-15,2.0478684595118e-15,-2.82428698929873e-15,0.124593705139736,0.157744133937053,0.150000000000001,-0.0887463260897911,-0.0617827486406398,0.25,-0.399999999999999,-0.4,0.25,0.03,0,0,0,0,0,0.0312590911079751,0,0,0,0,0,0,0,0.03,0,0,0,0.03,0.632084618693819,0,0.03,0.03,0,0,0.03,0.03,0.631395145871499,0,0.564892687677554,0.5,0.5,0.83213060644355,0.5,0,0.948923803688903,3.72579977490009,3.4845866137922,3.32164793062084,3.88873845807145,0.5,0.5,0,0.525585457538459,0.721861624111463,0.5,0,0,0.517924547248704,0,0,1.2121032399868,0.753984513818725,0,0,0
406,-0.0203853412583318,0.0118144472534537,0.050630143986806,0.0758194185239312,-0.103534005465773,0.0422794630671223,-0.109838957147704,-0.130000000004016,0.0429044162770142,0.514377103386165,2.38943415203868e-12,-2.58260335790145e-12,0.857564105776473,0.0456494572737256,-0.0383574292242958,0.0510000000000764,0.0750000000018844,-0.0750000000187324,0.00379999999999316,-0.0518422367692757,0.0749999999971622,-0.0216879962811712,0.0369180676697426,-0.0749999999990486,0.00380000000085102,-1.24467969309372e-13,8.98085102600019e-14,-3.57017407976519e-13,1.40095874083673e-11,-3.56147044853362e-12,-3.52923510350766e-13,-0.399999998710992,0.399999987184432,0.249999999996549,-0.371216315429723,0.399999998058522,0.249999999972827,-0.12841538535723,0.400000000650973,0.250000000580402,0.03,0.283366183834753,0.361164650183028,0.03,0,0,0,0,0,0,0,0,0,0,0,0,0,0,0,0,0,0,0,0,0,1.35086278471179,0,0,0,0,0,0,1.66867166000312,0.889731645002002,0.57672936316969,2.2111429013579,6.09540596141162,3.88482456908786,4.0623127866525,5.91791774384698,0.5,2.83481569601618,1.76549225207359,1.51980886626706,0.786138942864848,2.82508842680346,1.14074719844873,2.47048017121958,1.01700892012396,1.82592661801585,1.71699846343095,1.12593707470886,1.35266244066434,0,0.986116790405757,2.07660837966138
407,-0.021686567225992,0.0133943836302281,0.0512935039868721,0.0735658140585035,-0.101234045473363,0.0424375031416686,-0.110000000000004,-0.128350059997003,0.0435677762770312,0.514377103377705,7.16156765924144e-15,-4.00529243486389e-15,0.857564105779129,0.0456494572532835,-0.038357429213299,0.0509999999999982,-0.075,0.075,0.0500000000000016,-0.0750000000000007,0.075,0.0321120037188716,-0.075,0.0750000000000008,0.0500000000000003,-1.04244152195973e-14,-2.5781138054932e-15,-4.61322364286862e-14,4.04430074761123e-15,2.4857021329706e-15,-1.13131674510707e-15,0.166203113668353,-0.233533485327122,0.150000000000001,-0.400000000000001,-0.0385691768471544,0.249999999999999,-0.211606534451567,-0.4,0.25,0.03,0,0,0,0,0.03,0.03,0,0,0,0,0,0,0.03,0.03,0,0,0,0.03,0.602526898371776,0,0.03,0.03,1.09160322171133,0,0.03,0.03,0.622473688852392,0,0.624569477778448,0.5,0.5,1.29816321567335,0,0,0.743491785586534,3.41023910077098,3.35857677301101,3.10204020220305,3.66677567157895,0.503666014845273,0,0,0.582305780374854,0.813234610881431,0.549366328380537,0,0,0.5,0,0,0,0.681073891638187,0,0,0
408,-0.0213754203036207,0.0135664068106642,0.0517853039781783,0.0736008621350562,-0.0994590570285499,0.0425715431724933,-0.10975280113206,-0.129929996076411,0.0440595762795849,0.514377103289846,-3.77505074964268e-11,2.52373509923637e-11,0.857564105842719,0.0456494574076331,-0.038357429299444,0.0510000000021626,0.074999999989326,-0.0457251816108125,0.00379999913868787,0.0645498147572765,0.0749999999885049,-0.0140879943584337,0.0495880822643436,-0.0749999999974514,0.00380000053601128,2.12202314655306e-13,2.6199856525038e-13,-5.28817699540124e-13,4.03287438023513e-11,1.30400902811676e-11,1.94116146049985e-15,0.178138591199832,-0.303386776789065,0.217601308746118,-0.0223431149809835,0.0273496705591651,0.149999996642736,-0.399999996785081,-0.352064483071581,0.244259017341489,0.03,0,0.144289270541705,0,0,0.03,0,0,0,0,0,0,0,0,0.03,0,0,0,0.03,0,0,0.03,0.03,0,0,0.03,0.03,0,0,0.873859248271744,0,0.625842094287102,0.729704996200832,0,0.546780891807285,0.79107883152038,3.77258741244114,3.72715279666835,3.52284680439309,3.97689340471638,0.5,0.5,0,0.619435829078163,0.725717543249834,0.5,0,0.650899770788018,0.5,0,0,1.33304308280132,0.526460900593013,0,0,2.04643095176545
409,-0.0225516681191351,0.0136744922710643,0.0513531039601758,0.0719373885259999,-0.0973845816170493,0.042881583350177,-0.11,-0.13,0.0447229362925747,0.514377103377706,3.67267895168926e-15,-3.95784902209123e-15,0.857564105779129,0.0456494572532792,-0.0383574292132998,0.0510000000000024,-0.0750000000000006,0.0472374794914444,-0.0424000008611733,-0.0750000000000007,0.0749999999999999,0.039712005646473,-0.075,-0.0750000000000001,0.05,9.2691127288356e-15,3.63607476172619e-15,2.04266585651939e-14,-3.78254974942077e-15,8.03492113508582e-17,6.9909688158997e-15,0.4,-0.4,0.25,-0.400000000000001,0.293066173045688,0.15,-0.206860403679966,-0.4,0.20639051846916,0.03,0,0,0,0,0.03,0,0,0,0,0,0,0,0,0.03,0,0,0,0.03,0,0,0.03,0.03,0,0,0.03,0.03,0,0,0.966012540118899,0.5,0.686769864106475,1.35630273575409,0,0.5,0.638546401937004,3.77076442007663,3.75083658143689,3.52505049873757,3.99655050277595,0.530198307782473,0.5,0,0.639380957978959,0.745850534318493,0.5,0,0.643353959662688,0.5,0,0,1.46437527950375,0.529115884043232,0,0,2.08266305442384
410,-0.0244432256209279,0.0155147511112712,0.0510969039429521,0.0699830961130687,-0.0951385715994038,0.0439587913727629,-0.11,-0.13,0.0458305362925747,0.514377103377708,2.27883455957558e-15,-4.30402957249427e-15,0.857564105779128,0.0456494572532778,-0.0383574292132987,0.0510000000000026,-0.075,0.0750000000000007,0.0113999991388233,-0.0750000000000009,0.0749999999999999,0.0500000000000001,-0.075,-0.0749999999999999,0.05,1.7778946611195e-14,-1.22120106628329e-15,-3.6472534043097e-14,-6.05962871345585e-15,4.49725963671389e-15,-2.04830676943663e-14,0.393832226945097,-0.4,0.202584944386574,-0.400000000000001,0.270703631641518,0.15,-0.194143148312711,-0.4,0.205341164290431,0,0,0,0,0,0.03,0,0,0,0,0,0,0,0,0.03,0,0,0,0.03,0,0,0.03,0.03,0,0,0.03,0.03,0,0.5,0.968471777855585,0.5,0.692524916383913,1.23677737905434,0,0.5,0.5,3.79551126602053,3.75845048005765,3.54111757771979,4.01284416835838,0.584893992877875,0.5,0,0.680574558276384,0.735499647197715,0.5,0,0.658399273127501,0.5,0,0,1.55632155504225,0.5,0,0,2.04179102984127
411,-0.02668861770639,0.0172623786741983,0.051888183929104,0.0686895375982226,-0.093535072959983,0.0445949218794565,-0.109999999970884,-0.129999999978911,0.0469381362941411,0.514697767225532,1.53345327479522e-05,9.20343460154954e-06,0.857371687000114,0.0453610748594318,-0.037980004046465,0.0510520348078611,-0.0749999999831962,0.0750000000000178,0.0500000000009069,-0.0409183775614231,0.0513687770024543,0.0026081496406777,-0.0750000000210488,-0.0749999999825767,0.0500000000018202,-5.94457466058273e-06,-0.0173193503078651,-0.035768782732591,-0.039358709473417,0.0520349889273378,0.00228522575968879,0.256994985050764,-0.399999999987536,0.150000000620428,-0.399999965082928,0.207436351202699,0.14999999917542,-0.172361987787884,-0.399999988080013,0.207165695267205,0.03,0,0,0,0,0.03,0.03,0,0,0,0,0,0,0,0.03,0,0,0,0.03,0,0,0.03,0.03,0,0,0.03,0.03,0,0,1.02691514726895,0.588694335065465,0.877152509728389,1.1504851788162,0,0,0.724511340563723,3.85811651142184,3.72779592390812,3.56743969403951,4.01847274129045,0.586593706698994,0.5,0,0.708135500319184,0.68059319647111,0.5,0,0.694144324231118,0.5,0,0,1.58162371488808,0.5,0,0,2.02165628985069
412,-0.0285865332171615,0.0188162018084354,0.0529957839290097,0.0671781377590406,-0.091980439871912,0.0446359038817742,-0.109999999935872,-0.129999999954019,0.0480457362892916,0.515231871883584,-7.54194096695179e-07,-4.5333735819331e-07,0.857050826021982,0.0439076754886909,-0.0364021881678595,0.0510923168744703,-0.0749999999692349,0.0750000000122501,0.0499999999981804,-0.0750000000639682,0.0750000001407294,0.000555976770219517,-0.0750000000326294,-0.0749999999583163,0.0500000000024413,-8.07432155608293e-07,-0.0125465413271192,0.00175986603617935,-0.0928012909454994,0.0923169050152459,0.000322831257039703,0.364453994934826,-0.399999991616967,0.149999998755061,-0.337441909913331,0.0808303138466156,0.150000001970487,-0.124359057337683,-0.399999971482391,0.207508513041027,0.03,0,0,0,0,0.03,0.03,0,0,0,0,0,0,0,0.03,0,0,0,0.03,0,0,0.03,0.03,0,0,0.03,0.03,0,0,1.05636387056623,0.577184793253541,0.90461032197233,1.10104729874922,0,0,0.672346927037197,3.87114045703505,3.69077525918467,3.58435798203625,3.97755773418348,0.580884815380564,0.5,0,0.702462772127698,0.594167654181399,0.5,0,0.652738569118573,0.5,0,0,1.67312640599419,0.5,0,0,2.00803280634272
413,-0.0304003338621339,0.0188504872214325,0.0541033839279404,0.0654369144252445,-0.0900819447028658,0.0447535194993115,-0.11,-0.13,0.0491533362875835,0.515228841169305,1.56167195454204e-15,-3.12639928969044e-15,0.857052647873708,0.0420592260858676,-0.0345530245391286,0.0510924710133856,-0.0750000000000013,-0.0582467687642182,0.0500000000000032,-0.075,0.075,0.00670118883863691,-0.075,-0.0750000000000003,0.05,-2.71841074136876e-15,1.39824579158368e-15,2.05154633733405e-15,-0.092471013382448,0.0924710133824388,4.66220952670322e-06,0.399999999999999,-0.4,0.150000000000002,-0.344951434009833,0.115661893583353,0.15,-0.128858919853704,-0.4,0.211014032764578,0,0,0,0,0,0.03,0.03,0,0,0,0,0,0,0,0.03,0,0,0,0.03,0,0,0.03,0.03,0,0,0.03,0.03,0,0.5,1.00541673629184,0.5,0.801389699160402,1.1281622534767,0,0,0.704190761077782,3.84108587612981,3.69908809449699,3.56631605754012,3.97385791308668,0.625808612924112,0.5,0,0.746414294333898,0.628997239767705,0.5,0,0.659409033573291,0.5,0,0,1.74987537728113,0.5,0,0,1.98214249057828
414,-0.0325027688609411,0.0184919807476179,0.0552109839279404,0.0637753892071234,-0.088268465942315,0.0448588651895585,-0.11,-0.13,0.0502609362875835,0.515228841169305,1.31357078293174e-15,-3.14226151743897e-15,0.857052647873707,0.0403006498488405,-0.0327944483021006,0.0510863518744744,-0.075000000000001,0.0150649495512452,0.0500000000000029,-0.075,0.075,0.00366308942139991,-0.075,-0.0750000000000001,0.05,-8.36507243631965e-16,-3.78618861027416e-14,-7.89464019728807e-14,-0.0863518744716397,0.0863518744716377,-7.04621767271532e-05,0.399999999999999,-0.4,0.150000000000002,-0.315967412310799,0.0624613290611656,0.15,-0.122022200960773,-0.4,0.211947845180189,0,0,0,0,0,0.03,0.03,0,0,0,0,0,0,0.03,0.03,0,0,0,0.03,0,0,0.03,0.03,0,0,0.03,0.03,0,0.5,0.955030377886027,0.5,0.753797164543471,1.10357223155213,0,0,0.680181696039499,3.8541884152178,3.75183525533193,3.59271234573136,4.01331132481837,0.659527564858226,0,0,0.765661119501632,0.65580323394961,0.5,0,0.663053491198484,0.5,0,0,1.7766017782099,0.5,0,0,1.94665226482325
415,-0.0345938745147765,0.0173206820547746,0.0563185839279404,0.0620828877600446,-0.0864746847778263,0.0449361179420831,-0.11,-0.13,0.0513685362875835,0.515228841169306,8.41926049251085e-16,-3.24540222925148e-15,0.857052647873707,0.0385415370910557,-0.0310353355443141,0.0510885142123556,-0.0750000000000002,-0.0749999999999997,0.0500000000000027,-0.075,0.075,0.00438663869124476,-0.075,-0.0749999999999996,0.05,-3.18551552898162e-15,2.124576931157e-14,-3.89012594429649e-14,-0.0885142123531351,0.0885142123531364,2.47827602415887e-05,0.4,-0.4,0.150000000000002,-0.296188812294747,0.0492843949068577,0.15,-0.111376628927913,-0.4,0.217293943972467,0.03,0,0.28369810388147,0,0,0.03,0.03,0,0,0,0,0,0,0.03,0.03,0,0,0.03,0.03,0,0,0.03,0.03,0,0,0.03,0.03,0,0,0.916325562502347,0,0.719679050959566,1.05713363958659,0,0,0.639190704410587,3.81860195945019,3.77948892654871,3.58468089226759,4.01340999373131,0.709657957096703,0,0,0.789494960311905,0.688848382984736,0,0,0.655676936249766,0.5,0,0,1.81971655952458,0.5,0,0,1.88554378052934
416,-0.0361592754398385,0.0150207220527767,0.0568103839279404,0.060322644798824,-0.0845936000660701,0.0450306073150308,-0.110000000000001,-0.13,0.0524641066320357,0.515228841169304,1.6235492342167e-16,1.14528395815095e-15,0.85705264787371,0.0367013221597577,-0.0291951206130184,0.0510932046867003,-0.0750000000000005,-0.075,0.00379999999999734,-0.075,0.0749999999999997,0.0058334441810731,-0.075,-0.075,0.05,2.74253172244906e-14,1.79391978984011e-14,9.7761786280404e-16,-0.0932046867010293,0.0932046867010197,5.28695504248674e-05,0.4,-0.0395359311014468,0.25,0.340130283661478,-0.4,0.246084668794866,0.262922068527357,0.00335866820746707,0.213154267490008,0.03,0.250555638279473,0.03,0.03,0,0.03,0.03,0,0,0,0,0,0.205573385401414,0.03,0.176240095220749,0.03,0.204781353656654,0.03,0,0.03,0.257486428056522,0.03,0.182924419161618,0.03,0.256694376863272,0.03,0,0.03,0,0,0,0,0.5,0,0,0.5,4.31544638299339,4.6875273951449,4.40452634200038,4.59844743613792,0,0,0,0,0,0,0.5,0,0,0,0,0,0,0,0.5,0
417,-0.0345794034270401,0.0135114894281952,0.0568797545392638,0.0608045307012401,-0.082984343007306,0.0446390761986523,-0.108501244868735,-0.128350059997,0.0529559066320357,0.515228841169305,7.30855795196844e-16,1.86277735465383e-15,0.857052647873709,0.0353644081635825,-0.0278582066168432,0.0510447810290874,0.0749999999999997,-0.075,0.00319732830213461,0.075,0.0749999999999993,-0.0403665558189271,0.0750000000000001,0.0750000000000001,0.00379999999999996,3.22242935060226e-14,7.4932461008024e-15,-1.16352613055731e-13,-0.044781029088449,0.044781029088451,-0.00245249999928502,0.4,-0.0298472635951595,0.25,0.265718323657403,-0.4,0.25,0.0472850401373318,-0.121839344180093,0.25,0.03,0.352162558991182,0.0317844218925642,0.03,0.03,0.03,0.03,0,0,0,0,0,0.142365665269002,0.03,0,0.03,0.173232012196241,0.03,0,0.03,0.183497818068114,0.03,0,0.03,0.214364127144467,0.03,0,0.03,0,0,0,0,0,0,0,0.5,4.23728765275914,4.61511385052113,4.31380541851945,4.53859608476082,0,0,0.5,0,0,0,0.5,0,0,0,0.5,0,0,0,0.5,0
418,-0.0322794834190404,0.0119790932504339,0.0573836003673501,0.0623997125070909,-0.0819587283625348,0.0435767568637387,-0.106417941549106,-0.126050099995,0.0525237066320357,0.515228841169304,1.06736250181576e-16,1.55501514182636e-15,0.85705264787371,0.0349997996399869,-0.0274935980932475,0.0509999999999993,0.0749999999999997,-0.075,0.043188170306105,0.075,0.0318740586156286,-0.0500000000000001,0.075,0.0750000000000001,-0.0424000000000001,2.7051157956654e-14,-6.05928886942112e-14,-1.46059941042321e-14,-4.43806729217075e-15,-1.42094742248446e-16,-0.000318014544319322,0.4,0.0190513529872901,0.249973686249649,0.215636766279414,-0.310073938357972,0.25,0.105166799854412,-0.0155368240384071,0.25,0.03,0.295129869875062,0.0385048266273402,0.0330868629532009,0.03,0.03,0.03,0.03,0,0,0,0,0.0980523053394807,0.03,0,0.03,0.149556438378037,0.03,0,0.03,0.122020334182733,0.03,0,0.03,0.173524434414529,0.03,0,0.03,0,0,0,0,0,0,0,0,4.11656355194859,4.48948403785078,4.16796187908999,4.43808571070939,0,0,0.5,0,0,0,0.5,0,0,0,0.5,0,0,0,0.5,0
419,-0.0299795634110408,0.0107104811907261,0.0581686363737904,0.0630254207185785,-0.0805250618036439,0.0431697122279876,-0.104398943637808,-0.12376093999806,0.0514958970313091,0.515127643569117,-5.04605087022719e-05,-3.0335020243988e-05,0.85711348413023,0.0349944775485085,-0.0274720587984303,0.0510107411492471,0.0749999999999997,-0.0539647327003829,0.0360311339714011,-0.00267456679440307,0.0292060036514667,0.00437768212445164,0.075,0.0750000000000001,-0.05,-5.20877332663097e-11,-0.058715447278559,0.117753579851593,-0.00265281726394136,0.0107411492473756,0.00535632554314342,0.4,0.0626427803173489,0.25,0.291486304156054,-0.295551723638005,0.25,0.17801949565998,0.11282418937358,0.25,0.03,0.270882091024579,0.0612552351977287,0.0449805987693958,0.03,0.03,0.03,0.03,0,0,0,0,0.0682045585475992,0.03,0,0.03,0.12331388355939,0.03,0,0.03,0.101287110060661,0.03,0,0.03,0.15639638573894,0.03,0,0.03,0,0,0,0,0,0,0,0,4.05296819563961,4.36978307644193,4.0737331966038,4.34901807547775,0,0,0.5,0,0,0,0.563008502609089,0,0,0,0.5,0,0,0,0.511255266879422,0
420,-0.0276796434030423,0.0104838625933709,0.0589792883829041,0.0641382378182061,-0.079923850229787,0.0435316663551804,-0.102317677562892,-0.12146097999606,0.0504786633643897,0.51455217328558,2.95223528332332e-15,-1.89464143285176e-15,0.857459072473482,0.0350004834560457,-0.0273535401731141,0.0510000000000048,0.075,0.0235512724495304,0.0442156184885093,0.075,0.0454890527992551,0.0302121565296866,0.075,0.0750000000000001,-0.05,7.87150782760683e-15,4.45339802642281e-15,2.99000996510675e-15,-2.92308111994924e-15,3.63169645552634e-15,6.75579554032151e-15,-0.335722035388119,0.0222307407098363,0.150000000000001,0.0201885111809389,-0.156536588966293,0.15,-0.355750226045554,-0.4,0.229311291033443,0.03,0.03,0.268131691352742,0.03,0,0.03,0,0.03,0,0,0,0,0.03,0.03,0.03,0.03,0.03,0.03,0.03,0.03,0.03,0.03,0.03,0.469024253573141,0.03,0.03,0.03,0.446573272377519,0,0,0,0,0.642778965085592,0,0.570289023661381,0,3.74300519969293,3.65136108635088,3.9446060837856,3.4497602022582,0,0,0,0,0,0,0,0,0,0,0,0,0,0,0,0
421,-0.0284633292823869,0.0117249615632431,0.0593554007528147,0.0656651302996007,-0.0800829417946184,0.0436277094843754,-0.103232350660715,-0.123040916001417,0.0497296443147885,0.514552173285579,2.32606124071781e-15,-1.32278054599146e-15,0.857459072473484,0.035000483456046,-0.0273535401731136,0.0510000000000039,-0.075,0.075,-0.00198438149910281,0.075,-0.0516811854568412,-0.015987843597469,-0.075,-0.0749999999999999,-0.0271835499637432,8.47579191530898e-15,5.98031307880566e-15,5.46037589109751e-17,-2.88106893221741e-15,3.39982713385595e-15,5.51514992976634e-15,-0.206027070741878,-0.00303135035993956,0.150000000000001,0.0581460129593476,-0.0754586661083345,0.169262568176782,-0.197866038504007,-0.4,0.184469471552048,0.03,0.03,0.396066822312134,0.03,0,0.03,0,0.03,0,0,0,0,0.03,0.03,0.03,0.03,0.03,0.03,0.03,0.03,0.03,0.03,0.03,0.431897472623599,0.03,0.03,0.03,0.422309091616345,0,0,0,0,0.666785404221757,0,0.559477796873898,0,3.78739841954337,3.72039072393678,4.00185104044788,3.50593810303227,0,0,0,0,0,0,0,0,0,0,0,0,0,0,0,0
422,-0.0301853778838666,0.0127466418821105,0.058807513130105,0.0671868416176213,-0.081283208325064,0.0436424764307215,-0.104770134432849,-0.124796742407967,0.0494619343825635,0.51455217328763,6.95631391979276e-14,8.23303098381531e-14,0.857459072475432,0.0350004834553447,-0.0273535401726273,0.0509999999999526,-0.0750000000001586,0.0315163914542955,-0.0481843814401301,0.0750000000000633,-0.0668305326595141,0.0144234126119662,-0.0750000000002373,-0.0749999999999903,-0.00209618022245911,8.02331119547557e-14,8.93883624964062e-14,-1.18067234751283e-14,-1.08946281032235e-12,-1.33737831699782e-13,3.93054181078603e-14,0.399999999891422,0.1081727936337,0.250000000181121,0.213523228531332,-0.110607249072072,0.210297044912662,0.39999999983777,0.400000000006645,0.207084322632904,0.0806580517072377,0.0470071913760316,0.0865876873101869,0.03,0,0.03,0.03,0,0,0,0,0,0.111873888818583,0.0346989803995926,0,0.03,0.0346422484610911,0.0386416513830352,0.123271512290811,0.03,0.242605649617594,0.03,0.187559801868773,0.03,0.132873208776246,0.03,0,0.03,0,0,0,0,0.5,0,0,0.5,4.59481836746466,4.8313498858116,4.6530906921123,4.77307756116397,0,0,0.579936583414799,0,0,0,0,0,0,0,0,0,0,0,0.5,0
423,-0.028605505845497,0.0142921222349682,0.058435625503778,0.0687567288943088,-0.0798208633833746,0.0434227446815964,-0.103190262434732,-0.123216806415872,0.0489253934011772,0.514552173285577,6.37575847630317e-15,-2.39678833536709e-15,0.857459072473486,0.0350004834560448,-0.0273535401731114,0.0509999999999985,0.0749999999999982,0.0750000000000003,0.00561561938939805,0.0750000000000003,0.0750000000000024,-0.0317765875128375,0.0749999999999998,0.0750000000000011,-0.0470613963171489,-7.5395738575754e-15,-2.97995012669734e-15,-1.09146087833651e-14,-6.14662356133379e-15,4.87883405597793e-15,-4.15789269551451e-15,-0.400000000000001,-0.4,0.150000000000001,-0.4,-0.399999999999998,0.25,-0.4,-0.399999999999999,0.249999999999999,0.03,0,0.03,0,0,0.03,0.03,0,0,0,0,0,0,0.03,0.03,0,0,0,0.03,0.639771675560229,0,0.03,0.03,0,0,0.03,0.03,0,0,1.07297838695909,0,0.538320052187716,1.12693660399427,0,0,0.641273719433352,3.67790420632746,3.54808914949922,3.26775907922834,3.95823427659833,0.653221049854618,0,0,0.657449128410837,0.846986663402261,0.5,0,0,0.582044403926634,0,0,1.56608235378289,0.775810017474279,0,0,0.801472565624556
424,-0.0287087457012165,0.0127121862317656,0.0591316666528067,0.0689172734472435,-0.0775825002079842,0.0433790129313398,-0.104770134447532,-0.124796742419073,0.0478388706085429,0.514552173285579,1.18224325492893e-15,-5.24080449362445e-16,0.857459072473483,0.0350004834560471,-0.0273535401731134,0.0510000000000028,-0.0707490777927198,-0.075,0.0500000000000006,-0.0467686770057464,0.075,0.0220234124871635,-0.075,-0.0749999999999993,-0.05,-7.17636587697173e-15,-1.22681333894882e-15,-1.44877346548651e-14,4.45559190781785e-15,3.64293810384611e-15,6.23633607798275e-15,-0.185046015095914,0.0948281112619603,0.15,0.191585400720918,-0.038135417043015,0.150000000000001,-0.23980803811138,-0.4,0.15,0.346697943621729,0.03,0.03,0.03,0,0.03,0,0.03,0,0,0,0,0.03,0.03,0.03,0.0747118126562863,0.03,0.03,0.03,0.03,0.03,0.03,0.03,0.351483002886,0.03,0.03,0.03,0.48953970439342,0,0,0,0,0.579499552949984,0,0.70833231086476,0,3.91397278597393,3.8479172122079,4.09503246142426,3.66685753675757,0,0,0,0,0,0,0,0,0,0,0,0,0,0,0,0
425,-0.0304011732130408,0.0121967832591399,0.0596234666547872,0.0693569832423943,-0.0773757734916083,0.0432308023112756,-0.106352811429412,-0.126686247477819,0.0468258217748828,0.514475395110686,1.71317018847183e-12,-2.82788446843009e-12,0.857505141575332,0.0349976447952028,-0.0273348993088613,0.0510000000001296,-0.0749999999999717,0.0145087334649135,0.00379999999999724,0.0699773066565507,-0.0130227161820612,-0.0284405869695124,-0.0749999999999376,-0.0749999999999372,-0.0499999999998591,-3.51297550545069e-14,3.17809218458407e-16,-6.76861304748149e-14,-5.62457088049048e-13,4.36007624581239e-12,-1.15787927598754e-13,-0.205017059498042,-0.164504656920512,0.183639147025211,0.221529405960203,-0.213678000169207,0.185175518065405,0.0181133404478835,-0.022694739353696,0.25000000009636,0.03,0.03,0.03,0.03,0.0663061521158949,0.03,0.03,0.03,0,0,0,0,0,0.03,0.03,0,0,0.03,0.03,0,0.03,0.03,0.03,0,0,0.03,0.03,0.126033299133763,0,0,0,0,0,0,0,0,4.11891895269046,4.32651092143525,3.99757958785391,4.4478502862718,0.5,0,0,0.5,0.550738646158853,0,0,0.5,0,0,0,0.566377741660865,0.5,0,0,0
426,-0.0297021850124972,0.0111904727048734,0.0596039087143297,0.0706238303055941,-0.0778633270795884,0.0431575949560928,-0.105794985924217,-0.127919751847772,0.0459307019826157,0.514475395108982,1.29373331961919e-12,-1.70132486819206e-12,0.857505141574758,0.0349976447955253,-0.0273348993091798,0.0509999999999529,0.0750000000000204,-0.0749999999980616,-0.00488708524432255,0.0579137542754204,-0.03366810358374,0.0166143570376675,0.0749999999998085,-0.0507731244905624,-0.0404654356783262,-3.36924534995382e-14,-1.37021867790308e-16,-4.07381131442735e-14,2.20562644911125e-13,3.76098668348327e-12,-1.59459339694225e-13,-0.27743140653947,0.0411495530858268,0.14999999996505,0.100995533480948,0.0165352539136712,0.150000000054872,-0.400000000130892,-0.399999999528087,0.222213496512783,0.03,0.03,0.1725737764442,0.03,0,0.03,0,0.03,0,0,0,0,0.03,0.03,0.03,0.03,0.03,0.03,0.03,0.03,0.03,0.03,0.03,0.392775346181407,0.03,0.03,0.03,0.375993284758366,0,0,0,0,0.5,0,0.5,0,3.95189318081619,4.05214849835752,4.27354892318809,3.73049275598562,0,0,0,0,0,0,0,0,0,0,0,0,0,0,0,0
427,-0.0301259766407861,0.0113539885871826,0.0589979670102126,0.0721406020251054,-0.0791671640904417,0.0429816820966783,-0.105754538644416,-0.12952268553325,0.0456165284317834,0.51447539510855,1.61936624727641e-16,-1.54146698159147e-15,0.857505141575199,0.0349976447954533,-0.0273348993093372,0.0509999999999978,-0.075,0.075,-0.0499999999999998,0.075,-0.075,-0.0295856429624127,-0.0576866109027467,-0.075,0.00454685186451914,1.00263591738903e-14,7.06307721681741e-15,1.15338296411385e-14,-3.26106155335639e-15,-4.04733856288079e-15,3.30226718150405e-14,0.159010628560744,-0.181915369435053,0.25,0.126002974690805,-0.164300680350733,0.187105273388544,0.075627007120815,-0.0834695287921279,0.222794664089861,0.03,0.03,0.03,0.03,0.03,0.03,0.03,0.03,0,0,0,0,0,0.03,0.03,0,0,0.03,0.03,0.148856324238913,0.0643305841252799,0.03,0.03,0.213212266850242,0.173712277934404,0.03,0.03,0.0802242652474028,0,0,0,0,0,0,0,0,4.06573637375264,4.5357159038868,4.07273224012194,4.52872003751749,0.5,0,0,0.5,0.593404192311492,0,0,0,0,0,0,0,0,0,0,0
428,-0.0285461046358526,0.0118422273199922,0.058589767009908,0.0740844431586344,-0.0808661627613953,0.042068151428096,-0.104036159522814,-0.128338214950193,0.0451992654649097,0.51447539510855,7.5851374128279e-16,9.97134694915533e-17,0.857505141575198,0.0349976447954554,-0.0273348993093378,0.0510000000000021,0.075,-0.0169782970175416,0.00379999997057806,0.075,-0.075,-0.05,0.075,0.0749999999999998,-0.0416531485140356,9.97374671178382e-15,7.64731716080537e-15,1.04922321603657e-14,-1.7916543995801e-15,1.62509901447684e-15,4.00255220010207e-15,-0.138570156376962,-0.0379789318857076,0.15,0.202439013270984,-0.0696875761754909,0.15,-0.0595516234638185,-0.4,0.160112501916127,0.03,0.03,0.0469260743695864,0.03,0.0477515105913224,0.03,0,0.03,0,0,0,0,0.03,0.03,0.03,0.03,0.03,0.03,0.03,0.03,0.03,0.03,0.03,0.116711017541609,0.03,0.03,0.03,0.189069507249495,0,0,0,0,0,0,0.5,0,3.82392166872842,4.25363956127431,4.28602939722588,3.79153183277685,0,0,0,0,0,0,0,0,0,0,0,0,0,0,0,0
429,-0.0270999548217427,0.0121137609245696,0.058157567010869,0.075797503453306,-0.0826896714318304,0.041659951428212,-0.10239128076142,-0.12712591133625,0.0445127458023603,0.514475395088797,-2.57580753895379e-11,3.79214458724929e-11,0.857505141587454,0.0349976447919985,-0.0273348993011089,0.0509999999977849,0.0701045238301501,0.0385762169033306,-0.0424000000293191,0.0750000000019073,-0.0749999999992434,0.00379999999958365,0.0749999999999719,0.0488457838179503,-0.0283310296174239,3.58164930558382e-13,-1.00663520615099e-13,8.71159135609322e-13,-1.56713569982295e-11,-4.38230013995612e-11,5.02253304959104e-13,-0.259721448033422,-0.137569164300441,0.150000000070618,0.118284037514715,-0.0244203195458273,0.149999999715187,-0.262996684799813,-0.400000005385501,0.158214878029016,0.190542122892526,0.03,0.0412416475572092,0.03,0,0.03,0,0.03,0,0,0,0,0.03,0.03,0.03,0.038607577652545,0.03,0.03,0.03,0.03,0.03,0.03,0.03,0.238974256454595,0.03,0.03,0.03,0.410934426045444,0,0,0,0,0.570233495482449,0,0.671236440675505,0,3.68273666924659,3.70415489912759,3.94681085224367,3.44008071613052,0,0,0,0,0,0,0,0,0,0,0,0,0,0,0,0
430,-0.0276593685922196,0.0126533703776225,0.0570863270093174,0.0773254774208172,-0.0839815998006511,0.0415842800750659,-0.10316380779139,-0.128915081067155,0.0439917245339179,0.514475395105675,-1.10871070439082e-13,1.17246278118507e-12,0.857505141577204,0.0349976447872095,-0.0273348993112672,0.0509999999999896,-0.075000000000158,0.0174930656769289,-0.0500000000000115,0.0749999999996406,-0.0560843982584254,-0.00998830481280067,-0.0750000000006438,-0.0750000000011086,-0.024185636554249,1.4172025202299e-14,-3.00695522164076e-14,1.5988138752362e-13,-8.9402599170522e-12,-4.44505196723128e-12,6.59703545930313e-15,-0.00383728112500189,-0.0558122940059395,0.149999999992077,0.179417702951017,-0.104131909602546,0.150000000032777,0.202564756395074,-0.0533905545068531,0.149999999953412,0.03,0.03,0.131067723655224,0.03,0,0.03,0,0.03,0,0,0,0,0.03,0.03,0.03,0.03,0.03,0.03,0.03,0.03,0.03,0.03,0.03,0.03,0.03,0.03,0.03,0.241083630990858,0,0,0,0,0.5,0,0.597964214507554,0,3.95628481638274,4.15215602629668,4.32546595296425,3.78297488971517,0,0,0,0,0,0,0,0,0,0,0,0,0,0,0,0
431,-0.0280083013009811,0.0122502966951463,0.0559939270091917,0.079116374997305,-0.0856605168593542,0.0418827234611909,-0.101918631320077,-0.127600413793987,0.0436420949145134,0.514475395107515,2.96232613586666e-13,-3.02119284679766e-12,0.85750514157497,0.0349976447756202,-0.027334899310276,0.0509999999983013,0.0296424404106796,-0.050955515956557,-0.0499999999995031,0.074999999997104,-0.0749999999984995,0.0353034663082701,0.0749999999971528,0.0749999999990879,-0.0119962627267215,2.27286742755658e-14,-1.08441248665197e-13,2.01318308774286e-13,-2.41372635225154e-11,-3.07933747226551e-12,8.64513986151122e-14,0.399999997299142,0.209587324097601,0.250000000339961,0.267034415263483,-0.360033710208111,0.228006565861672,0.311014977397986,0.399999999376155,0.186610598469895,0.158722392917765,0.0844448800427469,0.126358284580587,0.0844852907719728,0,0.03,0.03,0,0,0,0,0,0.0531800932572428,0,0,0.03,0.03,0,0,0.184245906220598,0.126079247710091,0.03,0,0.03,0.220470575011328,0.03,0,0.03,0,0,0,0,0.5,0,0,0.5,4.49482892406055,4.38537561173393,4.35343801209501,4.52676652369946,0,0.565872119579173,0.5,0,0,0.5382600596392,0.5,0,0,0,0.696750141587492,0,0,0,0.567190308949548,0
432,-0.0258098195359789,0.0138841405358992,0.0555857270094488,0.0807567304984414,-0.0846038202773508,0.0420805927873816,-0.0996983538102423,-0.125300453791545,0.0439888693717757,0.514475395108547,3.10842301182188e-15,1.49252147242556e-15,0.8575051415752,0.0349976447954515,-0.0273348993093364,0.0509999999999973,0.075,0.0749999999999999,0.00380000000000002,0.075,0.075,-0.0108965336921587,0.0749999999999991,0.075,0.0413400746752684,3.03990535714535e-14,1.0499629712652e-13,-2.00248614604538e-13,1.6788360604652e-14,5.3542085145732e-15,3.12568426103011e-14,-0.237602906399668,-0.4,0.163308093033516,0.131570870350688,-0.348212747295487,0.201451406317904,-0.400000000000001,-0.376542740722654,0.25,0.03,0.284799819402325,0.059909340838574,0,0,0.03,0.03,0,0,0,0,0,0.03,0,0.03,0.0307278153648748,0,0,0.03,0.451627270263336,0,0.03,0,0.336420748405529,0,0.03,0.03,0,0,0,0,0.5,0.547752761591528,0,0,0.673290028068071,4.00185003145771,3.93554206195954,3.73412585710342,4.20326623631382,0,0.5,0,0,0.529445104795486,0.5,0,0,0.5,0,0.5,0,0.722383086217534,0,0,0.524840045883509
433,-0.0242727108456656,0.0123042045326993,0.0551535270094488,0.0828150555806747,-0.0861502984677515,0.0413594151809232,-0.0977172893231871,-0.123149987976351,0.0443074708652811,0.514475395108545,2.10981809524154e-15,4.53872925702926e-16,0.857505141575202,0.0349976447954503,-0.0273348993093364,0.0509999999999999,0.075,-0.075,-0.0423999999999998,0.075,-0.075,-0.05,0.075,0.0749999999999992,-0.00485992532473131,6.35470474805044e-15,1.69155085712583e-14,4.44588786784095e-14,-3.32351087849817e-15,-5.59891152234621e-15,5.22488776239766e-15,-0.00305476215115314,-0.121284742238664,0.15,0.268737654626743,-0.369094290451,0.25,0.293205427317726,0.4,0.209036713556651,0,0.03,0.119028274822108,0.102564386462976,0,0.03,0.03,0,0,0,0,0,0.03,0,0,0.03,0.03,0,0.03,0.219200052747804,0.0995636992209964,0.03,0,0.03,0,0.03,0,0,0.5,0,0,0,0.5,0,0,0.69632497779243,4.28803075980128,3.95343934598586,4.00019158953123,4.24127851625591,0,0.590033912729451,0.680140830564554,0,0,0.5,0,0,0,0,0.649737842668786,0,0.5,0,0.5,0.5
434,-0.0227561427579237,0.012579872098649,0.0548973270090919,0.0840720819379724,-0.0866035309431937,0.0404601833489979,-0.0955882385775192,-0.120850027974318,0.0443381227315344,0.514475395108537,8.77871043752201e-14,-6.86315116003624e-14,0.857505141575192,0.034997644795377,-0.0273348993093649,0.0510000000000025,0.0750000000000023,0.0749999999999562,0.0114000000000096,0.0529114870212059,0.0201606840535152,-0.0408392574568429,0.0750000000000159,0.0749999999999812,0.0067628358261605,-2.15966689944408e-14,4.9634093593178e-14,2.05121153827676e-14,1.4519645576476e-15,-4.21531552146099e-14,3.5551101047102e-15,-0.250138217132356,-0.208678538560989,0.150000000006332,-0.01890007145244,0.0380773232884426,0.163776772617581,-0.326494035681724,-0.400000000012694,0.149999999992728,0.169526248625652,0.03,0.0316880199180113,0.03,0,0.03,0,0,0,0,0,0,0.03,0.03,0.03,0.0313855876112249,0.03,0.03,0.03,0.03,0.03,0.03,0.03,0.119819511488334,0.03,0.03,0.03,0.313739520993713,0,0,0,0,0.735867516526533,0,0.854494430544187,0.5,3.48202795776683,3.42118218838334,3.73764315376966,3.1655669923805,0,0,0,0,0,0,0,0,0,0,0,0,0,0,0,0
435,-0.0232410357593258,0.0129803857760181,0.0546171270074524,0.0855434654352897,-0.0857547025372361,0.0400000000000382,-0.096405720922356,-0.122429963975475,0.0445595596191544,0.514475395108546,2.03760298167675e-16,1.51492407070636e-15,0.857505141575201,0.0349976447954517,-0.0273348993093367,0.0510000000000036,-0.075,-0.0249533092468732,-0.0348000001813836,0.075,0.0606711135856739,-0.05,-0.075,-0.0750000000000008,0.0145973968429517,-3.15004225203622e-15,-1.64248232320704e-14,4.97838916562148e-14,1.33201224819647e-15,-7.08493860232598e-15,8.12923492478226e-15,0.138672043921275,0.098381709556752,0.15,-0.0325498043013323,-0.094749897854722,0.228070058527556,0.341863899076193,0.4,0.15,0.03,0.03,0.03,0.03,0,0.03,0,0.03,0,0,0,0,0.03,0.03,0.03,0.03,0.03,0.03,0.03,0.03,0.03,0.03,0.03,0.03,0.03,0.03,0.03,0.03,0,0,0,0,0.5,0,0.73340211535319,0,4.29877989476208,4.05319962924081,4.48369552777527,3.86828399622763,0,0,0,0,0,0,0,0,0,0,0,0,0,0,0,0
436,-0.023803546890104,0.0133808103860802,0.0535908870060025,0.0868512135420005,-0.0857255577985698,0.0400076000000006,-0.0951265883309877,-0.120850027972279,0.0449694134118912,0.514475395108545,1.16023676379394e-16,-3.67048996432528e-16,0.857505141575202,0.0349976447954506,-0.0273348993093364,0.0509999999999997,0.0102262608443544,0.0568185812070408,-0.0499999999999998,0.0575225551558898,-0.0469904803279261,0.00379999999999999,0.075,0.0749999999999989,0.0253161110136676,1.5382877112647e-14,-4.07770693491225e-16,3.59482143571937e-14,-6.0123372851625e-15,-8.34010021043305e-15,-3.35662655925505e-14,0.4,0.399999999999999,0.25,0.1972124603482,-0.33324283666321,0.24044382289649,0.347741023321253,0.399999999999999,0.25,0.462010891607447,0.03,0.116735989224426,0.165572806699792,0,0.03,0,0,0,0,0,0,0.03,0,0,0.03,0.03,0,0.140430032033239,0.225696458464692,0,0.03,0,0.03,0.150140923595139,0.03,0,0.03,0,0,0,0,0.5,0,0.5,0.583867925867422,4.54705187266089,4.05292323806591,4.11585667373324,4.48411843699356,0,1.03515958834412,0.839217058357867,0,0,0.536673500633043,0,0,0.5,0,0.812528455963216,0,0,0,0.5,0
437,-0.0216827298379329,0.015644407550488,0.0531826870059948,0.0884641722510365,-0.086397857254925,0.0403031714503151,-0.0928993549132443,-0.118550067970277,0.0449675356321645,0.514475395108548,2.63266504941887e-15,-4.82765671632373e-16,0.8575051415752,0.034997644795455,-0.0273348993093359,0.0509999999999981,0.075,0.075,0.00380000000000003,0.075,-0.0226713757640143,0.0237610409379794,0.0750000000000004,0.0750000000000009,-0.0208838889863323,-3.98494534755806e-15,-2.11100499551537e-14,3.67018795748062e-14,4.17881678987522e-15,4.34357684312693e-15,1.02221785050999e-15,-0.0157065003390415,-0.300640654181462,0.209580235517675,-0.199069986608178,-0.108799180944769,0.25,-0.4,-0.399999999999999,0.25,0.03,0.43943974352848,0.106999703219264,0,0,0.03,0,0,0,0,0,0,0,0,0.03,0.255184249925223,0,0,0.03,0.675456499462136,0,0.03,0.03,0.909942885396687,0,0.03,0.03,0.68487299516712,0,0,0,0.523311141209085,0.818503409179197,0,0.5,0.882325023588673,3.20657972492237,3.04302103895604,2.82778407988725,3.42181668399115,0.5,0.5,0,0,0.762493027682932,0.5,0,0,0.585651544881343,0,0,0,0.877880133233344,0,0,0
438,-0.0216070425107901,0.0140644715472962,0.0527504870060008,0.0903453862741149,-0.0859954765538968,0.0402701922690774,-0.0942734018810851,-0.120130003973478,0.0440887211863559,0.514475395108545,9.27179697369989e-16,-1.49770902242934e-15,0.857505141575202,0.0349976447954508,-0.0273348993093357,0.0510000000000049,-0.0544829702694621,-0.075,-0.042399999999999,0.075,0.0551293711732604,-0.02243895906202,-0.075,-0.0750000000000006,-0.05,6.34679321914348e-14,7.14185370982231e-14,-6.73556295786295e-14,1.78709116597822e-14,-8.04801074525318e-15,3.78004970184321e-15,0.120895103450817,0.188403214274745,0.15,-0.0126857361028543,-0.097128979905598,0.191855716356629,0.329034452081138,0.4,0.187501845434489,0.0579336371098714,0.03,0.03,0.03,0,0.03,0,0,0,0,0,0,0.03,0.148562885965402,0.03,0.03,0.03,0.05349958929212,0.03,0.0643162356014901,0.03,0.03,0.0571363652238578,0.03,0.03,0.03,0.03,0.03,0,0,0,0,0.571028071743794,0,0.909256311397542,0.5,4.24547336992566,3.86809768636566,4.34738735646877,3.76618369982255,0,0,0,0,0,0,0,0,0,0,0,0,0,0,0,0
439,-0.0222521115303971,0.014186657520496,0.0516792470060025,0.0913918230979741,-0.0852267089123953,0.0400000000000007,-0.0928912903418731,-0.118550067970277,0.0434518599748439,0.514475395108546,6.82684525836222e-16,3.2762304676366e-16,0.857505141575201,0.0349976447954504,-0.0273348993093377,0.0509999999999983,-0.0140656624620006,0.0724714521092189,-0.0500000000000001,0.033766983987125,0.0247821182675274,-0.0500000000000001,0.075,0.0749999999999978,-0.0169873828647319,8.12585608696814e-16,-1.48968386411576e-14,6.62538409965272e-15,-7.60367841953771e-15,-1.38209818968496e-14,-3.49968721644971e-14,0.4,0.399999999999999,0.25,0.4,-0.400000000000001,0.25,0.295737542520155,0.399999999999999,0.25,0.495387278362808,0.03,0.0877492153200575,0.137135876579794,0.03,0.03,0,0,0,0,0,0,0.03,0,0,0.03,0.03,0.482550550156374,0.0993279363476182,0.260261828911515,0,0.100277751870441,0,0.03,0.133655765306315,0.03,0,0.03,0,0,0,0,0,0,0.5,0.793166317214827,4.49738090850159,3.8906889235716,4.02723125361753,4.36083857845566,0,1.1618133782218,0.876194598225059,0,0,0,0,0,0.5,0,1.03312521615102,0,0,0,0.533685277878702,0
440,-0.0202466091342739,0.016481560342697,0.0512710470038106,0.0931845678759367,-0.0865822592226927,0.040007600000186,-0.0905913704581256,-0.116250108050989,0.0426289418523605,0.51447539508721,1.68886978967239e-12,5.48933603574463e-12,0.857505141575552,0.0349976447819309,-0.0273348993197719,0.0509999999999992,0.0750000000008579,0.0749999999978487,0.00380000000016229,0.0750000000005187,-0.0750000000000885,0.00379999999994384,0.0749999999985491,0.0749999999952507,-0.0499999999993326,1.04447637789232e-13,-1.26125786650524e-13,4.31184109422659e-13,-2.38315178040213e-11,-2.57765882362992e-11,1.36777337167046e-13,-0.0825120496558999,-0.400000001471731,0.150000000110796,-0.0309817782201774,0.0333482876912602,0.160653019507124,-0.400000000992511,-0.400000003249228,0.250000000456647,0.03,0,0.03,0,0,0.03,0,0,0,0,0,0,0,0.03,0.03,0,0,0,0.03,0,0,0.03,0.03,0.760633250440433,0,0.03,0.03,0,0,1.09224161633043,0,0.5,1.16920013911828,0,0.5,0.954664727216614,3.03716536930166,2.59409598915419,2.56462147154334,3.06663988691251,0.5,0,0,0.68077882005376,0.607411742579549,0.5,0,0.85498141735364,0.520043855617468,0,0,0,0.592694539874242,0,0,1.92415791399116
441,-0.0198842585682909,0.0181967884968533,0.0508388470060024,0.0916126447564775,-0.0869305989494744,0.04067096,-0.0921712423466733,-0.117830043971477,0.0422207418490081,0.514475395108548,1.13222398324383e-15,-7.97810292627141e-16,0.8575051415752,0.034997644795455,-0.0273348993093357,0.0509999999999989,-0.0284226430466464,0.075,-0.042399999999999,-0.075,0.0296963924790797,0.0499999999999991,-0.0749999999999998,-0.0749999999999993,0.00379999999999977,-3.13998946688182e-15,1.06303967748455e-14,3.85951231827572e-14,4.57321922448332e-16,2.03040623365473e-15,7.98831264057626e-16,-0.153640307477946,0.076077004354373,0.15,0.0129773023267227,-0.181603828417202,0.249999999999999,-0.4,-0.4,0.25,0.03,0,0,0,0,0.03,0,0,0,0,0,0,0,0.03,0.03,0,0,0,0.03,0.641696738634294,0,0.03,0,0.910713631850483,0,0.03,0.03,0.622650874337695,0,0.536109091976051,0.5,0.529632807540872,0.984181787884164,0,0.5,0.939849590839126,3.21323864259675,2.90211967101524,2.76733835407611,3.34801995953588,0.5,0,0,0.54474199921484,0.722642856444656,0.545745540617545,0,0,0.576028165614893,0,0.5,0,0.773922295915328,0,0,0
442,-0.0180909814914616,0.0167042421993963,0.0505081748474827,0.092152811422004,-0.0853448814260218,0.0411627600039191,-0.0939235420811253,-0.11998747961714,0.0417885418422217,0.514475395108548,6.06461745084497e-16,-9.14736859420727e-16,0.857505141575198,0.0349976447954577,-0.027334899309333,0.0510000000000028,0.075,-0.0749999999999985,0.00462980377094274,0.0749999999999978,0.075,0.00380000035628133,-0.0749999999999992,-0.074999999999999,-0.0424000006169401,2.96919895613204e-14,7.45505940673413e-14,-4.96014994663285e-14,9.65974103803652e-15,3.46489785231343e-15,1.13403977139836e-14,-0.4,-0.399999999999999,0.169802488408598,-0.400000000000002,-0.124335556064872,0.150000000000001,-0.399999999999999,-0.399999999999999,0.239890352051163,0.581487984271694,0.03,0.074743831312441,0.03,0,0.03,0,0,0,0,0,0,0,0,0.03,0,0,0.03,0.03,0,0,0.03,0.03,2.23559626774103,0,0.03,0.03,3.02218795051763,0,0,0,0,2.03571292033789,0,0.5,1.21241800194802,2.45156772323938,1.27430627577386,1.52764206973671,2.19823192927652,0.81710717264462,0.5,0,1.55870709642238,1.10947305035231,0,0,1.75204567641156,0.876646985405633,0,0,0,1.03563173968455,0,0,0
443,-0.0196708535042718,0.0144042821974166,0.0500925709229017,0.0905729394092099,-0.0858420621907892,0.0407305600110495,-0.0962234620891205,-0.122287439619137,0.0412405473417906,0.514475395108548,-1.58869270643716e-15,-2.16634787792766e-15,0.857505141575199,0.0349976447954573,-0.0273348993093441,0.0509999999999985,-0.0749999999999999,-0.0750000000000016,-0.041570196229052,-0.0750000000000006,-0.0750000000000012,-0.0423999996437177,-0.075,-0.0750000000000024,-0.0151267722617077,6.08770471043128e-15,-1.55863203418401e-14,-6.96087154168744e-15,-2.11027437540593e-15,-1.11015815416174e-14,-2.23799430101689e-14,-0.4,0.399999999999999,0.250000000000002,-0.4,0.399999999999999,0.150000000000001,-0.321347636660425,0.399999999999998,0.210262065915457,0.592517564327927,0.03,0.03,0.03,0,0,0,0,0,0,0,0,0.03,0,0.03,0,0,0.992354721831457,0.03,1.19993529431416,0.03,0,0.03,0,0.03,0.379976357396363,0.03,2.3026223193658,0,0,0,0,2.6171854039446,1.68801915980705,1.99650005643773,2.30870450731392,4.8760840822183,2.63648618668936,3.40302959387292,4.10954067503475,0,1.07643795184171,0,0.961855961117123,0.5,0,0,0,0,0.5,0,0.612726745246791,0,0,0,0
444,-0.0219707735122566,0.0159842182006065,0.0490246501379854,0.0885213439314776,-0.0842621261875867,0.0400000000000003,-0.094643590076324,-0.120707503615939,0.0404473989856037,0.514475395108548,-2.70003325292425e-16,-2.0195618620251e-15,0.8575051415752,0.0349976447954546,-0.0273348993093362,0.0510000000000002,-0.075,0.075,-0.0499999999999994,-0.075,0.0750000000000001,-0.05,0.0750000000000002,0.0750000000000004,-0.0499999999999999,1.31898263209216e-14,-1.6778561121697e-14,-2.96264260933762e-14,4.16244744650327e-15,-4.3044319430738e-16,4.1283795973193e-14,0.217241633602262,-0.198992010498529,0.25,0.115134972794709,-0.245327430517737,0.191417222940626,-0.4,-0.4,0.25,0.03,0,0.03,0,0,0.03,0,0,0,0,0,0,0,0.03,0.03,0,0,0,0.03,0,0,0.03,0.03,0.613879609767251,0,0.03,0.03,0,0,0.5117008147798,0,0.715287196547883,0.914024163411833,0,0.5,0.805178745323804,3.59344230471977,3.20253325330817,3.0551718518807,3.74080370614724,0.5,0,0,0.700860694212722,0.815404304757705,0.5,0,1.02934574612807,0.5,0,0,0,0.765458157170341,0,0,2.06292795326485
445,-0.0237132335448196,0.017994811085365,0.0480096906067224,0.0866254693693097,-0.0827559773567829,0.0400076000000013,-0.0962234620891223,-0.122287439619138,0.0400391989855769,0.514475395108548,3.34100987737091e-15,-7.77055631442162e-16,0.857505141575199,0.0349976447954541,-0.0273348993093367,0.050999999999998,-0.075,0.075,-0.05,-0.075,0.075,0.00379999999999936,-0.0749999999999999,-0.0749999999999994,0.00379999999999851,8.9608769216858e-15,-1.94196267758157e-14,4.32546483460223e-15,3.06570515028996e-15,-2.19138128773864e-15,3.2560751639731e-14,-0.209606021667604,0.165818417701195,0.176403179625053,-0.103533948742339,-0.255892284983049,0.25,-0.4,-0.4,0.249999999999999,0.03,0,0,0,0.638685636900315,0.03,0.03,0,0,0,0,0,0,0,0.03,0,0,0,0.03,0.824460062877795,0,0.03,0,0.78519459062654,0,0.03,0.03,0.780490528237937,0,0.601627197772253,0.5,0.541651244745406,0,0,0,0.767386776828845,3.74178840719531,3.32014757339504,3.17571586812166,3.8862201124687,0.578337473198383,0.5,0,0.5,0.851898405521863,0.5,0,0,0.563776777371341,0,0.5,0,1.05077005142386,0,0,0
446,-0.0221333615320207,0.016414875082165,0.0472819801956297,0.084325549361311,-0.0807462508099328,0.04,-0.0980974664919414,-0.124317724884077,0.0400000000000009,0.514475395108548,-6.40391542525261e-16,-2.29054231226252e-15,0.8575051415752,0.0349976447954535,-0.0273348993093365,0.0510000000000002,0.075,-0.075,-0.0252464010101416,-0.075,0.075,-0.0424000000000005,-0.0749999999999999,-0.0749999999999997,-0.0424000000000005,7.37177512099429e-15,3.88456093043693e-15,9.46437436722378e-15,-1.9116513214967e-15,3.09748052180228e-16,-2.55274859034757e-15,-0.00900843865300366,0.141915854736742,0.15,0.0919562843365328,-0.185786751329754,0.25,-0.4,-0.4,0.25,0.03,0,0.03,0,0,0.03,0.03,0,0,0,0,0,0,0.03,0.03,0,0,0,0.03,0,0,0.03,0.03,0.595906227721808,0,0.03,0.03,0,0,0.5,0,0.670000839950268,0.811822112851932,0,0,0.864444172048946,3.86690065876887,3.3739951654242,3.29506058626371,3.94583523792936,0.5,0,0,0.739324792253021,0.782053268368676,0.5,0,1.06863979643513,0.5,0,0,0,0.661388849455991,0,0,2.1142851755388
447,-0.0236701857134459,0.0178508564903514,0.0463480233834984,0.0824054423069651,-0.0798647084535239,0.0400361200000001,-0.10039738649994,-0.126548507564511,0.04003612,0.514475395108549,-8.62464561909331e-16,-1.51860706641274e-15,0.857505141575199,0.0349976447954535,-0.027334899309337,0.0509999999999999,-0.075,0.075,-0.0499999999999995,-0.075,0.0187765778553043,0.0113999999999983,-0.0749999999999999,-0.0749999999999997,0.0113999999999986,-1.4675139270746e-15,8.3334000035702e-15,4.14366362570225e-15,2.85954138186714e-16,1.99278952939046e-15,-2.64950198011475e-14,0.17006502835451,-0.193269395760005,0.15,0.0677128156444259,-0.104782064905572,0.172429910263402,-0.4,-0.4,0.224145673633548,0,0,0.03,0,0,0.03,0.03,0,0,0,0,0,0,0,0.03,0,0,0,0.03,0,0,0.03,0.03,0,0,0.03,0.03,0,0.5,0.667557998182908,0,0.591499608534881,0.741085024017377,0,0,0.792140543097873,3.97219999369174,3.54004891157517,3.42635871255524,4.08589019271167,0.5,0.5,0,0.902218340615106,0.821725652911487,0.5,0,1.09059299552618,0.546788906818597,0,0,0.960705807851154,0.695475798823829,0,0,2.26091898255838
448,-0.0259701057214457,0.0197367968359541,0.045939823383489,0.0801873306439721,-0.0779249674259667,0.0408273999999999,-0.102697306507939,-0.12884846756651,0.0408274,0.514475395108549,-8.52890226505281e-16,-1.6098363393233e-15,0.857505141575199,0.0349976447954528,-0.0273348993093369,0.0509999999999999,-0.0750000000000002,0.075,0.00379999999999963,-0.0750000000000004,0.075,0.0500000000000002,-0.0750000000000003,-0.0749999999999997,0.05,-6.61299459485665e-14,-2.2646454885533e-14,1.67850527485961e-14,-4.52077134894743e-15,4.92768876142139e-15,-3.07531160211643e-14,0.4,-0.319065095547906,0.15,-0.4,-0.0961414809128754,0.15,-0.4,-0.4,0.198078751837664,0,0,0,0,0,0.03,0.03,0,0,0,0,0,0,0,0.03,0,0,0,0.03,0,0,0.03,0.03,0,0,0.03,0.03,0,0.5,0.7595807303367,0.5,0.642223837533773,1.42855407854865,0,0,0.668504438130436,4.12172453624399,3.66447875952936,3.53417155777562,4.25203173799773,0.5,0.5,0,0.959123790726372,0.897807440775765,0.5,0,1.17491749411211,0.558429745869094,0,0,1.04467546075,0.737775888662046,0,0,2.39742537629514
449,-0.0282700257294439,0.0216003904695593,0.046603183383489,0.0780723926748786,-0.0756250074239667,0.0418477496626374,-0.104997226515938,-0.13,0.0419081228457716,0.514475395108549,2.38622323896617e-16,-1.61166334467894e-15,0.857505141575199,0.0349976447954524,-0.0273348993093367,0.0510000000000005,-0.075,0.075,0.05,-0.0750000000000005,0.075,0.0500000000000002,-0.0750000000000004,-0.0749999999999997,0.05,1.70964210252717e-15,-1.07703999921456e-15,1.6087246655429e-14,-2.47805777122703e-15,-5.09826282249168e-17,4.81505821725246e-15,0.29725765517985,-0.278565290315475,0.162514296515173,-0.4,-0.0227867159804254,0.15,-0.4,-0.4,0.187765801479121,0.03,0,0,0,0,0.03,0.03,0,0,0,0,0,0,0.03,0.03,0,0,0,0.03,0,0,0.03,0.03,0,0,0.03,0.03,0,0,0.9258309475045,0.5,0.822723686178471,1.46461768131947,0,0,0.553399417025715,4.26257522599325,3.7966152791146,3.69651131576459,4.36267918934327,0.723481130722962,0,0,0.764323745625663,0.854576945737148,0.5,0,1.10087487420569,0.5,0,0,0.967092916483782,0.78804551723387,0,0,2.48551712083475
450,-0.0305699457374429,0.0234369358661185,0.047710783383489,0.0761068110117837,-0.0734095377541959,0.0429159976092344,-0.107297146523937,-0.13,0.0430157228457716,0.514439242482485,-1.80763130321806e-05,-1.08452041161742e-05,0.857526831983427,0.0349804284507674,-0.0273123932824682,0.0510112530134351,-0.075,0.075,0.05,-0.0720684787115677,0.0727528339853855,0.0357039732985094,-0.0750000000000004,-0.075,0.05,-1.340647613098e-14,-0.0210801220376979,0.0421602440753935,-0.00860817234253718,0.0112530134343832,0.00562650671719719,0.227811326217228,-0.190535835775315,0.158991982589302,-0.4,-0.0251344239186491,0.15,-0.4,-0.378841436976063,0.202187548449393,0,0,0,0,0,0.03,0.03,0,0,0,0,0,0,0,0.03,0,0,0,0.03,0,0,0.03,0.03,0,0,0.03,0.03,0,0.5,1.03007714467812,0.5,0.88858522638866,1.39844394425445,0,0,0.5,4.4136900205866,3.94539252457178,3.83444984027028,4.5246327048881,0.661935111969592,0.5,0,0.832983419010705,0.877393232592143,0.5,0,1.13235769786804,0.5,0,0,1.12999401799417,0.732325279014536,0,0,2.54796149735862
451,-0.0328698657454432,0.0252354469049246,0.048818383383489,0.0747909061305916,-0.0719969795947678,0.0430156733978049,-0.109597066531936,-0.13,0.0441233228457716,0.51414931022621,-1.43604745226061e-06,-8.60860167707243e-07,0.857700697683002,0.0336707371459042,-0.0259410768969369,0.0510927452353003,-0.075,0.075,0.0500000000000009,-0.0750000000000003,0.075,0.0013020147594456,-0.0750000000000001,-0.075,0.05,-7.77629484611724e-08,0.00189396123413033,0.00334861912896125,-0.0923533022481143,0.0927452379934404,0.00137096530961367,-0.303616675760079,0.4,0.150000000000001,-0.4,-0.0854897117152508,0.25,-0.4,-0.316078783566051,0.25,0,0,0,0,0,0.03,0.03,0,0,0,0,0,0,0,0.03,0,0,0,0.03,0,0,0.03,0.03,0,0,0.03,0.03,0,0.5,0.986951827424721,0.5,0.867020801721292,1.42183822724156,0,0,0.533553470144725,4.57548955522848,4.05793371775506,3.86953072820154,4.763892544782,0.521490693348823,0.5,0,0.712947337449083,1.06299356717284,0.616152641407427,0,1.2892517810332,1.23095581036704,0,0,1.0168881651902,0.969750694014372,0,0,1.04709488633538
452,-0.0346295070287331,0.0242622839715515,0.0499259833834252,0.0728743497603439,-0.0700334731996596,0.0430221824264215,-0.110000000010556,-0.130000000009889,0.0446151232588465,0.514023518226833,-6.60870504431629e-06,-3.96055636037788e-06,0.857776091352271,0.0317431629242861,-0.0239882503842486,0.0510988151064328,-0.0749999999988611,-0.0750000000179382,0.0500000000016944,-0.0749999999837456,0.0750000000023951,3.25235217735311e-05,-0.0749999999950209,-0.0749999999971072,0.00380000004913821,-2.3807905110471e-07,7.6165632374023e-06,0.0154092062252055,-0.0974558687936899,0.0988151163667957,3.27920222144457e-05,-0.285259776515737,0.399999987728094,0.15000000115927,-0.399999988880155,-0.0568808588749002,0.250000000058015,-0.399999996593648,-0.310201829561849,0.250000033618819,0,0,0,0,0,0.03,0.03,0,0,0,0,0,0,0,0.03,0,0,0,0.03,0,0,0.03,0.03,0,0,0.03,0.03,0,0.5,0.700680305200729,0.5,0.544440180475157,1.44114205173271,0,0,0.539254360507582,4.60504239534659,4.06512479854405,3.86185709156075,4.8083101023299,0.639029249944154,0.5,0,0.814475261209711,1.06289834975403,0.581781950427342,0,1.32189204396358,1.30306308166797,0,0,1.11399757711251,0.937330784526033,0,0,1.07245017305656
453,-0.0365257424806598,0.0230951969146281,0.0509617889492034,0.0708916486662878,-0.0680470434554389,0.0430223347038646,-0.11,-0.13,0.0445420564245818,0.514015389149117,2.49055154889711e-15,-8.85646955662276e-16,0.857780962552726,0.0297598806733956,-0.0220025108355491,0.0510995284180725,-0.075,-0.0447351871840209,0.0500000000000001,-0.0750000000000002,0.075,9.9681358698781e-06,-0.0750000000000001,-0.0749999999999995,-0.00975149283543051,-1.63782695965439e-14,2.8916691373016e-15,-3.17131270832563e-14,-0.0995284180743532,0.0995284180743549,9.96813586475565e-06,-0.242749411181631,0.4,0.15,-0.4,-0.263767077426801,0.25,-0.4,-0.4,0.25,0.03,0,0.03,0,0,0.03,0.03,0,0,0,0,0,0,0,0.03,0,0,0,0.03,0,0,0.03,0.03,0.913235020536487,0.756384747672238,0.03,0.03,0,0,0.624268434370973,0,0.5,1.40872874652025,0,0,0.538426403555402,4.65558498425365,4.05545973082761,3.89277567999115,4.8182690350901,0.631032356302846,0.5,0,0.795188649508553,1.00012521591394,0.561681897731638,0,1.30310191894356,0.512632513029281,0,0,0,0,0,0,1.11871166788558
454,-0.0382781241009604,0.024671326514782,0.0514535889492034,0.0695168361611654,-0.0660388120418063,0.0430254798905469,-0.11,-0.13,0.0443201967428917,0.513451716904522,-7.61261138736583e-05,-4.55830224622182e-05,0.858118498985691,0.0280527256920576,-0.0201885696141722,0.0510878536252121,-0.075,0.075,0.00380000000000011,-0.063313023140075,0.075,0.000279429034902002,-0.0750000000000003,-0.0749999999999994,-0.0121905678337437,-1.85176267806979e-05,-0.0165730306794083,0.177459825766475,-0.0730589493720779,0.0878540489519527,3.26083310481009e-05,-0.197683838289932,0.347503241018825,0.25,-0.4,-0.319532110025442,0.25,-0.4,-0.4,0.25,0.03,0,0.03,0,0,0.03,0.03,0,0,0,0,0,0,0,0.03,0,0,0,0.03,0.913127129538501,0,0.03,0.03,0.813621069037046,0.770642081837236,0.03,0.03,0.851322522094332,0,0.679690951616073,0,0.63454444307537,1.38597963348432,0,0,0.501970302078282,4.61209630693899,4.08360153524263,3.92605746145114,4.76964038073048,0.619979101162999,0.5,0,0.716866739749737,0.945397606810509,0.579688552078448,0,0,0.53941180245365,0,0,0,0,0,0,0
455,-0.037147014755111,0.0230913905115822,0.051404910398658,0.0708901051571105,-0.0637929434834068,0.0425229094198206,-0.11,-0.129999999999999,0.0435757265218844,0.512938023592831,-1.25495810880939e-16,-1.75177885799512e-15,0.858425642646281,0.026921294733445,-0.0189426257143544,0.0510375935136958,0.075,-0.075,-0.00753441368594741,0.0749999999999996,0.075,-0.0459184204924911,-0.0750000000000004,-0.0749999999999997,-0.0499999999999999,-1.28264431044471e-14,-2.64067267337711e-14,-1.38402688851939e-13,-0.0375935136957238,0.0375935136957173,-0.00245258141843215,0.0406816057099833,0.0384293292200205,0.15,-0.4,-0.204273771772779,0.210999433069836,-0.4,-0.4,0.25,0.03,0,0.03,0,0,0.03,0.03,0,0,0,0,0,0,0,0.03,0,0,0,0.03,0,0,0.03,0.03,0,0,0.03,0.03,0,0,0.591512751673342,0,0.577765475675352,1.37053006015568,0,0,0.5,4.52403081614958,4.02141901597668,3.88532494428599,4.66012488784027,0.5,0.5,0,0.992066805958396,0.899334888693322,0.5,0,1.21719969731664,0.523048824343395,0,0,1.16305923416123,0.719401019794334,0,0,2.53482387593188
456,-0.0387268867679102,0.0235956422224506,0.0513345480045101,0.0699534988762045,-0.0621938368357894,0.0423942428171182,-0.11,-0.13,0.0431675265218844,0.512828190072345,2.23396712708425e-15,-5.66863037884482e-16,0.858491262312624,0.0258147556577266,-0.0178135532872262,0.0510900605338437,-0.075,0.075,-0.000232060997667641,-0.0750000000000001,0.075,0.00298210848630632,-0.0750000000000002,-0.0749999999999995,0.00379999999999957,5.436410245284e-14,-4.89217949422631e-14,4.31295413255721e-15,-0.0900605338459984,0.0900605338459942,0.00298210848631125,-0.19053383545162,0.295530404838264,0.154244977984403,-0.4,-0.339225648504437,0.25,-0.4,-0.4,0.244355827940307,0.03,0,0.03,0,0,0.03,0.03,0,0,0,0,0,0,0,0.03,0,0,0,0.03,0,0,0.03,0.03,0.783127415054026,0.820556261269011,0.03,0.03,0.843844137078807,0,0.5,0,0.5,1.38216801242925,0,0,0.5,4.63802217121599,4.08628555439356,3.92421284339779,4.80009488221176,0.666185190262914,0.5,0,0.806515292115674,0.981057657458446,0.57076962838937,0,1.29600999752889,0.595960937750727,0,0,0,0,0,0,0
457,-0.0381840919534559,0.023172417930058,0.0508217067845567,0.0700842103943495,-0.0600024662720985,0.0419456960504877,-0.109999999999999,-0.129999999999999,0.0427353265218843,0.512662063280232,-2.78988472094433e-16,-1.59614543566695e-15,0.85859047797728,0.0243600495348278,-0.0163247734787488,0.0510535578080046,0.075,-0.075,-0.0464320609976675,0.0724052746435946,0.075,-0.0432172146217539,-0.0750000000000004,-0.075,-0.0424000000000004,1.08838851874859e-13,4.38588972750291e-14,1.13444076902675e-13,-0.0535578080048002,0.0535578080047953,-0.00244969274383515,0.0112811993558885,0.0553852990887409,0.202933981704478,-0.4,-0.291404317347554,0.217912203118044,-0.4,-0.386036243488007,0.25,0.03,0,0.03,0,0,0.03,0.03,0,0,0,0,0,0,0,0.03,0,0,0,0.03,0,0,0.03,0.03,0,0,0.03,0.03,0,0,0.509660951708673,0,0.5,1.37310276223602,0,0,0.5,4.53580799236666,4.12882349868752,3.93992041070383,4.72471108035035,0.538138538561734,0.5,0,1.04160239838007,0.966629234045861,0.5,0,1.24653984177932,0.550996088983336,0,0,1.0934969349086,0.73628559714223,0,0,2.49843621676234
458,-0.0397639639662549,0.0229488338106197,0.0503842821411499,0.0689816561509748,-0.0582450875871215,0.0418148353688977,-0.11,-0.13,0.0424791265218843,0.512343545268587,1.54000039034481e-15,-1.79687460404023e-15,0.858780584096785,0.0229886977910064,-0.0148881222765978,0.0510963671968588,-0.075,0.0410378073237709,-0.00177600858434642,-0.0750000000000001,0.075,0.00197482951825908,-0.0750000000000002,-0.075,0.0113999999999991,7.85733660170452e-14,-1.16686394846363e-13,6.6571492601709e-14,-0.0963671968595086,0.096367196859511,0.00162115156773179,-0.289088779334989,-0.0615584454162054,0.212255452579959,-0.4,-0.0366934129887708,0.25,-0.4,-0.228807436312441,0.25,0.03,0,0.03,0,0,0.03,0.03,0,0,0,0,0,0,0.03,0.03,0,0,0,0.03,0.94097528711693,0,0.03,0.03,0,0,0.03,0.03,0,0,0.94314519015777,0,0.5,1.3079829185709,0,0,0.5,4.57089477500038,4.15331380119108,3.95408659281239,4.77012198337907,0.5,0,0,0.795122036239425,0.975584659620433,0.815637132448635,0,0,1.41451905083016,0,0,0.996227977030221,0.885947122843283,0,0,0.970556226055182
459,-0.0399675747729686,0.0216411856087766,0.0502915368157916,0.0676705637759638,-0.0563186244028555,0.0419798714826524,-0.11,-0.13,0.0421989265218843,0.510312810680763,-0.000166314197228681,-0.000167259323779158,0.859989359783214,0.0214253188257431,-0.0132020568993041,0.0510832564940978,-0.0620962906415529,-0.00850681637895397,0.000379722854931321,-0.00740469228216981,0.075,0.00450014350788649,-0.0750000000000001,-0.075,-0.0348000000000012,0.0242605903395417,-0.0325208472410262,0.957953629226465,-0.0370688874374133,0.0456856389426039,0.00158457747301698,-0.225050217836233,-0.30199567384536,0.25,-0.4,-0.305026106628928,0.25,-0.4,-0.370647446549659,0.249999999999999,0.03,0,0.03,0,0.871925543013065,0.03,0.03,0,0,0,0,0,0,0,0.03,0,0,0,0.03,0.924700324357107,0,0.03,0.03,0,0.794785158346589,0.03,0.03,0.835965554526438,0,0.876895707626896,0,0.5,0,0,0,0.5,4.54270086725647,4.35930710621064,4.05491349622757,4.84709447723954,0.557320422973469,0.5,0,0.682742415238102,0.96665052587305,0.644965898611098,0,0,0.595403376042721,0,0,1.11639956484913,0,0,0,0
460,-0.040985224526226,0.0211181379368009,0.0502774413128315,0.0678212131794665,-0.0549039328237416,0.0419549861967652,-0.11,-0.13,0.0411726865218842,0.501840341268465,-0.000114737983372118,-0.000199385330303864,0.864960741261944,0.0209104336539673,-0.0126095205815746,0.0510634099665423,-0.0460864716154285,-0.0301972114945357,-0.000254136943459218,0.00852639355845636,0.0617781081799501,-0.00112358017996015,-0.0750000000000005,-0.075,-0.05,0.00298184200114081,0.0070244373740846,0.930005345633111,-0.0227159185625831,0.0227510516093919,-0.000728813184967233,0.0977234809190727,-0.4,0.25,-0.4,-0.195836507384814,0.169777652957441,-0.4,-0.396475224912329,0.232076757863926,0.03,0,0.03,0.03,0,0.03,0.03,0.03,0,0,0,0,0,0,0.03,0,0,0,0.03,0,0,0.03,0.03,0,0,0.03,0.03,0,0,0.893744630678987,0,0,1.23471198682485,0,0,0,4.52990643757651,4.3334112346762,4.09902338707802,4.76429428517469,0.639172090102921,0.5,0,0.773079768173607,0.868955936530977,0.521708969611436,0,0.965294192915833,0.515898490469018,0,0,1.15481817387548,0.717055434631563,0,0,2.39679285707637
461,-0.042881041176917,0.0212759149730509,0.0507434671290315,0.0671476806286865,-0.0532257589371434,0.0419812623617494,-0.109999999836435,-0.12999999982547,0.0407644865301092,0.496273912246468,-1.97067454545376e-05,-9.08799134911816e-05,0.868166066102397,0.0198144511292183,-0.0114686962388141,0.0510931036831423,-0.0749999999977958,0.0473378152661533,0.030755281238115,-0.0687077611297024,0.074999999997729,-3.68707747050133e-05,-0.0749999999995569,-0.0749999999957116,0.00380000063367405,-0.000875104846838257,0.0220748115522298,0.349936063312329,-0.0796917114196393,0.0752642106059208,0.00042298959014003,-0.193145056732035,-0.399999997101351,0.222869082372847,-0.400000001771776,-0.286738421112438,0.249999965883745,-0.399999999696854,-0.399999997066111,0.250000004530991,0.03,0.634215679410148,0.03,0.03,0.91536895126876,0.03,0.03,0,0,0,0,0,0,0,0.03,0,0,0,0.03,0.855854508580881,0,0.03,0.03,0,0.800980674512786,0.03,0.03,0.790302908026909,0,0,0,0,0,0,0,0.5,4.58006989331345,4.42840179059299,4.12484090386818,4.88363078003825,0.658359205769973,0.5,0,0.687046619799938,0.991653243536837,0.636537266361368,0,0,0.608749169307087,0,0,1.19288668370741,0,0,0,0
462,-0.0449174183473004,0.0214677954887708,0.050795968115147,0.0658578743269988,-0.0516479244595137,0.0419730465269001,-0.11,-0.13,0.0403322865413034,0.490360484358369,8.35549920346133e-05,-0.000328755132769693,0.871520155387211,0.0180775811050376,-0.010472489107695,0.051100023196628,-0.075,-0.0196421366245608,0.000121482439769408,-0.0522351594178595,0.075,0.00028625485545517,-0.0366945540920002,-0.075,-0.0423999993729479,0.0159443376528545,-0.0105732104137411,0.948979285056975,-0.0833464470906226,0.0352077111228244,0.000357792293788876,-0.134328050455263,-0.4,0.25,-0.4,-0.319778124959516,0.25,-0.4,-0.379426134332695,0.25,0.03,0,0.03,0.03,0.912005774181397,0.03,0.03,0,0,0,0,0,0,0.03,0.03,0,0,0,0.03,0.882918444484466,0,0.03,0.03,0,0.813623258364576,0.03,0.03,0.809388474927844,0,0.925351374778263,0,0,0,0,0,0.5,4.51407856491849,4.4941264860945,4.12503933286389,4.88316571814909,0.732914741604603,0,0,0.684731480816783,1.02357374388145,0.572011015598773,0,0,0.646425969067299,0,0,1.22756052798997,0,0,0,0
463,-0.0465186693827581,0.0206268882354636,0.0508312022832847,0.0654243958198439,-0.0502927777527998,0.0419639592244119,-0.110000000000002,-0.130000000000002,0.0399999999999833,0.480701803121468,1.92290594555893e-05,-0.000359355976847755,0.876884903979352,0.016930480694873,-0.0100643921845781,0.0510841567514797,-0.0750000000000001,-0.0593656000747951,0.00116044635078884,-0.0101778277038405,0.06406424953283,-9.79967078249561e-05,-0.0749999999999999,-0.075,-0.0500000000000002,0.00263539693726974,0.0110335633891961,1.21972492749842,-0.0489430494828774,0.0114716566243126,0.000461112301432751,0.4,0.4,0.25,-0.4,0.189748274811342,0.25,-0.333320822510238,0.146528396238297,0.25,0.446804166845291,0.03,0.03,0.03,0,0.03,0.03,0.03,0,0,0,0,0.03,1.27161475487792,0,0,0,0,0.03,1.13208630129492,0,0,0.769059803819829,0.03,0,0.03,0.137397943245713,0,0,0,0,0,0.793463372871651,0,0,0,5.62200725283094,4.45310416498619,4.52869660059691,5.54641481722022,0,0,0.840844442938948,0.784225589036719,0.538116205935445,1.31903397766926,0,0,0.5,0.640658849036374,0,0,0.900255796974946,0,0,0.752122088795057
464,-0.0450579419093409,0.0223985016036599,0.0503463211947542,0.0670666173168005,-0.0482799832295016,0.0424056372259393,-0.108350119988001,-0.13,0.0400075999999671,0.474500232166271,-0.000127135340273458,-6.86275262820469e-05,0.880255413102748,0.0165072758851594,-0.00959064972560281,0.0510241449723835,0.0749999999999997,0.0750000000000006,-0.0450340544265232,0.0749999999999995,0.0750000000000005,0.0402495051067289,0.0749999999999997,-0.0225947954656249,0.00379999999999889,-7.79159209399888e-05,0.0017666585914857,0.288950756275736,9.01237203988325e-05,0.0241468074231305,-0.00015198084773858,-0.4,-0.4,0.25,-0.4,-0.4,0.249488764930639,-0.4,-0.374219662535412,0.249999999999999,0.03,0,0.03,0,0,0.03,0.03,0,0,0,0,0,0,0.03,0.03,0,0,0,0.03,0.961633757708569,0,0.03,0.03,0,0,0.03,0.03,0.796163504862911,0,1.04946140579453,0,0.5,1.12848913193602,0,0,0.5,4.53535671320362,4.53123195082165,4.12385478420825,4.94273387981702,0.701043576929877,0,0,0.603705890595214,1.09073520224669,0.556205429063863,0,0,0.692837672255271,0,0,1.28816670908163,1.08252929757208,0,0,0
465,-0.0446629815630178,0.0217083798636612,0.0501712204170708,0.0679207590634578,-0.0466578316887248,0.0426680946027911,-0.109929992004479,-0.13,0.0399999999999708,0.46650173540248,-0.000124401791104422,-1.48711742994715e-05,0.884521584270592,0.016620306206982,-0.00905775914240084,0.0511057288114064,-0.0301951814543655,-0.0683375314520269,0.00516485450184341,0.0489106710202716,0.0750000000000002,0.00189629319808873,-0.0750000000000004,-0.0749999999999997,-0.0424000007325859,0.0210800636591788,0.0214419422886251,1.5221586371806,0.00427992193584508,0.0163294130606968,0.00349504347115415,-0.268735715812184,-0.295035078026481,0.25,-0.4,-0.4,0.249999999999999,-0.4,-0.4,0.249999999999999,0.03,0,0.03,0,0,0.03,0.03,0,0,0,0,0,0,0.03,0.03,0,0,0,0.03,0.905507685402999,0,0.03,0.03,0,0,0.03,0.03,0,0,0.943093048590229,0,0.5,1.16771801492989,0,0,0.5,4.66410598179501,4.5803510158191,4.20676757531587,5.03768942229824,0.748457068956866,0,0,0.722463638989381,1.0779533398755,0.551242105671939,0,0,0.762109096101233,0,0,1.33530511962222,1.09160536701986,0,0,1.09082676691933
466,-0.0454538401183312,0.0200561883375549,0.050191112407023,0.0688047279489046,-0.0449231193754488,0.0426699271518253,-0.11,-0.13,0.0399999999999921,0.451746727470195,-4.30359359661739e-05,-8.56289034352133e-05,0.892147793115824,0.0165512753193747,-0.00885332552314661,0.0511168873227674,-0.044766509375211,-0.0750000000000004,0.000146792098545115,0.0373679343418235,0.075,-0.000202135928535115,-0.075,-0.075,-0.0420402851092842,0.00970450880520801,-0.0012526691442607,1.67320952634355,-0.00966825207781977,0.00904459053029582,1.30364939686088e-05,0.4,0.4,0.25,-0.289899867668895,-0.0509000868589695,0.25,0.123441360842723,0.346362088420791,0.25,0.370354275037456,0.03,0.03,0.03,0.460631546078488,0.03,0.03,0.03,0,0,0,0,0.03,0.800605790984983,0,0.03,0,0,0.03,0.717244843167945,0.03,0.117875495018418,0.590448186025856,0.03,0.507087238208667,0.03,0.156347130384268,0,0,0,0,0,0,0,0,0,5.81130830684097,5.30239806897862,5.18792849460664,5.92577788121295,0,0,0.5,0,0.541979800727938,0.944430939478092,0,0,0,0,0,0,0,0,0,0.5
467,-0.0437720409766008,0.0217076342524487,0.0499114249649161,0.0695299584811981,-0.0430204733046997,0.0423097320908624,-0.108350119988001,-0.129162568248244,0.0400382782893147,0.443051327794747,-0.000292453791644863,-0.000145008857938013,0.89649642532283,0.0164500009295881,-0.00803942922495807,0.0510519036046112,0.0750000000000001,0.0750000000000007,-0.0255455689618083,0.0391860717601238,0.075,-0.026630788668216,0.0749999999999994,0.0750000000000007,0.0117597148907152,-0.000435623383339676,0.00253422385011605,0.652860995598701,0.000129344593160201,0.0519149996041445,-0.000227553377725206,-0.4,-0.4,0.25,-0.303969421214334,-0.315735334831613,0.249999999999999,-0.4,-0.4,0.249999999999999,0.03,0,0.03,0.03,0.865524891981874,0.03,0.03,0,0,0,0,0,0,0.03,0.03,0,0,0,0.03,0.970334363657353,0,0.03,0.03,0,0,0.03,0.03,0.846050501648239,0,0.914797658536591,0,0,0,0,0,0.5,4.68235769256548,4.63736787976232,4.23695419928958,5.08277137303821,0.716249042512862,0,0,0.644378889438742,1.11884702813775,0.561265705603969,0,0,0.683697686324451,0,0,1.30537815221335,1.08629567194934,0,0,0
468,-0.0436808795469921,0.0216050453091072,0.0498541286540168,0.0695057250819754,-0.0424579371637641,0.0421824775017103,-0.109929992072295,-0.13000000008074,0.0400000085767427,0.439667366018448,0.000100855720467366,-0.000105695737850271,0.898160779978596,0.0163353590407325,-0.00775395398527287,0.0510313823099025,-0.0274394607671024,-0.0335603563367175,0.004136863448465,-0.0227879574263761,-0.0074342795711995,0.0013198618176081,-0.0749999999958964,-0.0749999999993283,-0.0344402847442776,0.0162374958201823,0.0187829158992556,0.447385011164294,-0.0178001013997222,-0.00947453550995949,0.00277585736211903,-0.362039311408594,-0.345671398116805,0.25000000305903,-0.232909974121384,0.147669552778539,0.249999986501354,-0.399999997192591,-0.399999999540401,0.25000024972557,0.03,0.718068387596822,0.03,0.03,0.875228329489323,0.03,0.03,0,0,0,0,0,0,0.03,0.03,0,0,0,0.03,0.996230868688444,0,0.03,0.03,0,0.962647656115331,0.03,0.03,0.927170874730187,0,0,0,0,0,0,0,0.5,4.84730274682351,4.83926257237158,4.43861513589824,5.24795018329684,0.807174697021257,0,0,0.7743398393045,1.09387065809144,0.558646987689973,0,0,0.635273877953216,0,0,1.19501873560041,0,0,0,0
469,-0.0453512417656698,0.0202060551786426,0.0499364841486181,0.0688440736077471,-0.0416135781973845,0.0422169634812571,-0.11,-0.13,0.0399999999999825,0.429738404826475,0.000244468942217467,-0.000519311281409198,0.90295438073526,0.0151279650832873,-0.00796157968253661,0.0511003860563485,-0.075,-0.0749999999999997,0.000156713255278824,-0.0439421816814612,0.0592399537882187,0.000475089416703301,-0.0750000000000003,-0.0749999999999997,-0.0500000000000006,0.0106408306744769,-0.00801617330754346,1.42812589926732,-0.0811064957811038,-0.00854948979642822,0.000372148780052545,-0.108990826213451,-0.4,0.25,-0.4,-0.388556326361675,0.25,-0.4,-0.4,0.25,0.03,0.65618329727186,0.03,0.03,0.941731266338816,0.03,0.03,0,0,0,0,0,0,0.03,0.03,0,0,0,0.03,0.895163713623615,0,0.03,0.03,0,0.861282527363107,0.03,0.03,0.825050205700499,0,0,0,0,0,0,0,0.5,4.77250677624071,4.87450897513751,4.42965695541357,5.21735879596465,0.820562254638695,0,0,0.704690059791977,1.11612902699529,0.501848862276788,0,0,0.710116105935271,0,0,1.17810007828473,0,0,0,0
470,-0.0474572736938119,0.0185406612026431,0.0499353420189931,0.068026188932544,-0.0403642245937256,0.0422247726305176,-0.11,-0.13,0.0399999999999889,0.416798272764535,0.00021107821627794,-0.000493182356905864,0.909000042072591,0.0135861628826142,-0.00807364213333197,0.0511036897937023,-0.0750000000000004,-0.0750000000000006,0.000221017030789063,-0.0393768789656319,0.0668215047483845,0.00066733054584701,-0.0584844387273962,-0.075,-0.0500000000000002,-0.00121543959751501,-0.00383675593867133,1.47120159202748,-0.0758925957241056,-0.00364944976045107,0.000453435976947508,0.4,0.4,0.25,-0.4,0.134747812759463,0.25,-0.400000000000001,0.217614441520642,0.25,0,0.03,0.03,0.03,0,0.03,0.03,0.03,0,0,0,0,0.03,1.52554132446387,0,0,0,0,0.03,1.42113969863351,0,0,0.808967047172969,0.03,0,0.03,0.100651742662906,0,0.688935732249326,0,0,0,0.945807920217113,0,0,0,5.811249154946,4.35420133330745,4.49865318198865,5.66679730626479,0,0,0.881456091969481,0.985672032771849,0.662942581948139,1.48384084154816,0,0,0.5,0.862995054816352,0,0,1.073603275417,0,0,0.868063760389563
471,-0.0462296141191177,0.0202453364339585,0.0494321416000209,0.0693759731740171,-0.0381963302817517,0.0427425799990887,-0.108251026620365,-0.129570360685477,0.0400075999999693,0.410062574372899,3.26719856573129e-05,-7.25872569795335e-05,0.912057403167751,0.012702723335567,-0.00797793302858955,0.0510119117999908,0.0749999999999997,0.0750000000000008,-0.0459490268025338,0.0749999999999996,0.0750000000000005,0.0465556774340178,0.0749999999999993,0.07245491431539,0.00379999999999933,-0.0506489629569211,-8.11508083801958e-05,0.159202624673814,-0.0119142421693511,0.0025835927102471,-0.00379368169327973,-0.4,-0.4,0.25,-0.4,-0.4,0.247643318055406,-0.400000000000001,-0.4,0.249999999999999,0.03,0.647313675571463,0.03,0.03,0,0.03,0.03,0,0,0,0,0,0,0.03,0.03,0,0,0,0.03,0.922418581305795,0,0.03,0.03,0,0,0.03,0.03,0,0,0,0,0,1.21274567152186,0,0,0.5,4.77460816884777,4.85292900994935,4.3835391612061,5.24399801759102,0.726348854400558,0,0,0.575460098973324,1.16151698249279,0.514760027851121,0,0,0.730530326151357,0,0,1.17957943610971,1.16569845424359,0,0,1.08662221070879
472,-0.0478858281518702,0.0189433611831499,0.0491048112471553,0.0694457733096749,-0.036643436700916,0.0430655395960997,-0.109830898633164,-0.13,0.0399999999999897,0.404314417005473,-8.48135759062275e-05,-0.000363149263098989,0.914620635194392,0.0123330533938841,-0.00749382880740734,0.0510770631261533,-0.075,-0.0750000000000008,0.00783611107785562,-0.0191394127566199,0.075,0.000333744649917411,-0.0750000000000006,-0.075,-0.0423999999999998,0.0440467492863537,0.0135491489240347,1.09136103269007,-0.0428478212886308,0.0274398466683207,0.0019783594671366,0.218718899199241,0.399999999999999,0.25,-0.0296364226323908,0.346261622476904,0.25,-0.4,0.220202295660105,0.25,0,0.03,0.03,0.03,0.426282240985039,0.03,0.03,0.155121360641481,0,0,0,0,0.03,1.50848102490696,0,0,0,0,0.03,1.50114871537784,0,0,0.718313816992679,0.03,0,0.03,0.0627900573907594,0,0.686184778152582,0,0,0,0,0,0,0,5.96062904069281,4.42974655288757,4.6189858288782,5.77138976470217,0,0,0.832922392957538,0.972920550233117,0.558080761319038,1.52379763011987,0,0,0.5,0.955895815045295,0,0,0.987972120702628,0,0,0.890000595358367
473,-0.047168661915221,0.020778261117921,0.0487533916168037,0.069018801656678,-0.034813338409145,0.0430675178011433,-0.108251026620366,-0.129811416950736,0.0400046664194049,0.3961798288646,-0.000230783727453763,-0.000142960125503098,0.918173128463329,0.0115257636680894,-0.00655648448698746,0.0510630409944308,0.0749999999999997,0.0750000000000007,-0.0383746444026459,-0.0107543313219309,0.0750000000000005,-0.000248289999969467,0.0749999999999994,0.0409680954801045,0.00233320971783791,-0.0384069193328139,-0.0135031497567314,0.650132772619557,-0.0245264292221635,0.0568382293381227,-0.00173973630849177,-0.4,-0.4,0.25,-0.4,-0.4,0.249999999999999,-0.4,-0.4,0.249999999999999,0.03,0.651010730809768,0.03,0.03,0,0.03,0.03,0,0,0,0,0,0,0.03,0.03,0,0,0,0.03,0.907095365259726,0,0.03,0.03,0,0,0.03,0.03,0,0,0,0,0,1.21002057047293,0,0,0.5,4.89865264747519,4.92892447867172,4.48240323901673,5.34517388713018,0.669833373742714,0,0,0.538570203735997,1.14220709484387,0.563636679290955,0,0,0.70975546723035,0,0,1.13950903001727,1.1821291883315,0,0,1.0905276665562
474,-0.0488351917304222,0.0196960835712428,0.0486717279183353,0.0695188222104651,-0.0331455432689388,0.0434250827006755,-0.109830898633165,-0.130000000000001,0.0399999999999911,0.390888970637319,-0.00017584907985179,-7.10165915905987e-05,0.920437899311709,0.0114119906683059,-0.00575925190994736,0.0510273252003847,-0.075,-0.075,0.0206274265134106,0.050296293633687,0.075,0.0400640803599795,-0.0750000000000001,-0.075,-0.0438667902821611,-0.0101836917769589,0.0172430145977573,0.386549454774773,0.000879735168298012,0.0273321800988988,-0.00199839194408544,-0.167383644393299,0.00449626283414206,0.25,0.101726138871651,-0.225031757958434,0.25,-0.4,-0.277140505347823,0.25,0.03,0.29548540303727,0.03,0.03,0.485753100018618,0.03,0.03,0.03,0,0,0,0,0,0.03,0.03,0,0,0,0.03,0.757302309711594,0,0.03,0.03,0.416707783559425,0.720736761160595,0.03,0.03,0.631870451688055,0,0,0,0,0,0,0,0,5.36900178074549,5.26868875732038,4.98644025659436,5.65125028147151,0.611305797140589,0,0,0.5,0.772535423383511,0.685108664028992,0,0,0.517415542509874,0,0,0,0,0,0,0
475,-0.0492283490107849,0.018099156842675,0.0488498501706736,0.0701943675809276,-0.0315813789587399,0.0435790400024273,-0.108251026620366,-0.128383443543915,0.0399999999999876,0.378638665396947,-8.28554176219859e-06,0.000116067891682374,0.925545906266849,0.0115441595847492,-0.00566050705604749,0.0511112812089717,-0.0108660982238189,-0.0750000000000006,-0.000396795771432876,0.0455588055040538,0.075,-9.95812243567689e-06,0.0749999999999996,0.075,-0.0500000000000003,-0.0155287683362929,0.00163082430286689,1.57379716238739,0.0156591199929967,-0.00446621382118119,-0.000221839064462179,-0.0455168497475396,0.4,0.25,-0.201884618249302,0.336857097945554,0.25,-0.4,0.154807792015087,0.25,0.565550780105214,0.03,0.03,0.03,0.489644439172108,0.03,0.03,0.121251342767962,0,0,0,0,0.03,1.5530798427978,0,0,0,0,0.03,1.58820637246039,0,0,0,0.03,0,0.03,0.03,0,0,0,0,0,0,0,0,0,6.02441271749193,4.58216571321944,4.74328394754388,5.86329448316748,0,0,0.833266464844113,0.909368771467119,0.577603953928711,1.49134526756682,0,0,0.5,0.961090771228038,0.964941204474522,0,0.989444391417224,0,0,0.903410027543449
476,-0.0478551360239306,0.0199056502141597,0.0483331153226679,0.0704634461759134,-0.0298138442394455,0.0435585066120505,-0.105951106612367,-0.127038388303611,0.0399999999999918,0.369569332321462,-0.000313903581196152,-0.000125404933146399,0.929203342382037,0.0114460510462359,-0.00490492466280996,0.0510562002109953,0.075,0.075,-0.0466730001832262,0.00558561197576138,0.075,-0.000253432011800579,0.0749999999999994,0.0609141127549139,-0.0500000000000003,-0.00937279867887494,0.0118045740646965,0.675959421505886,-0.00654774502197328,0.0566587489735843,0.000187620148104943,-0.0417132577983437,0.176015254712038,0.25,-0.4,0.0478187584657718,0.25,-0.4,-0.119091159031841,0.25,0.03,0.03,0.03,0.03,0,0.03,0.03,0.03,0,0,0,0,0.03,0,0,0,0,0,0.03,0,0,0.03,0,0.03,0,0.03,0.03,0,0,0,0,0,1.04129526903281,0,0,0,5.53837660379796,5.26273425605354,5.02815728467562,5.77295357517588,0,0.523883132998654,0.5,0.5,0.748522695309649,0.744479827545367,0,0.86010374787883,1.00795452650903,0,0.5,0,0.796012129246548,0,0,0.61831580654448
477,-0.0471658294556636,0.0205323247306839,0.0479784473634394,0.072565700632616,-0.028768543178556,0.0441452379718145,-0.106766194440371,-0.126596740116391,0.0400075999999915,0.367969518111792,4.99104209561925e-16,4.23963658457311e-16,0.929837853467246,0.011573950465542,-0.00455713875378088,0.0510002918487392,0.00247000362131121,-2.77827658987127e-05,0.000818110402530844,0.075,0.0336637328081637,0.0499999999999999,-0.0750000000000003,-0.0096889843248748,0.00379999999999961,5.42560186284288e-14,2.76231061046934e-14,-1.22855384130499e-14,0.000291848740503924,-0.000291848740506503,-0.000864965719290896,-0.17131221532261,0.285602076152851,0.25,0.219658569620993,0.0114189639614699,0.25,-0.4,-0.26480482935344,0.25,0.03,0.03,0.03,0.03,0.256946584849507,0.03,0.03,0.03,0,0,0,0,0.03,0,0,0,0,0,0.03,0,0,0.03,0,0.127859108304163,0,0.03,0.03,0,0,0,0,0,0,0,0,0,5.57527565659598,5.28283069254516,5.04448547193897,5.81362087720218,0,0.53485960428514,0.5,0.5,0.768970989945573,0.622836760816467,0,0.887847028012366,0.5,0,0.5,0,0.854122969571143,0,0,0.685643658184104
478,-0.0463252045036449,0.0214937569670659,0.04858660957149,0.0727727202142538,-0.0284578628574525,0.045186604190237,-0.106069462597108,-0.12483982736105,0.0406709600000008,0.367969518111793,-1.65375743011499e-16,-2.94540021934961e-16,0.929837853467245,0.0116222610474073,-0.00460544933564527,0.0510032885105018,0.075,0.0750000000000003,0.05,-0.0425436743965845,0.000700611439099292,0.0500000000000002,0.0749999999999999,0.0750000000000003,0.0500000000000001,5.27567779037575e-15,1.40622930311246e-15,3.59103363178812e-14,0.00328851050180978,-0.0032885105018114,0.000153713341778993,-0.377889885961877,-0.4,0.186762569312313,0.361622594291373,-0.333615793036411,0.15,-0.4,-0.4,0.15,0.03,0.640877062233939,0.03,0.03,0,0.03,0.03,0,0,0,0,0,0,0.03,0.03,0,0,0,0.03,0,0,0.03,0.03,0,0,0.03,0.03,0,0,0,0,0,0.805958904475797,0,0,0.5,4.79068036574192,4.84028494476926,4.4635318733329,5.16743343717826,0.851931800352153,0,0,0.81203213827386,1.01027302598896,0.5,0,0.942653980337052,0.566160093048297,0,0,1.12329221381446,0.724501318685107,0,0,2.33682828590408
479,-0.048003591251984,0.0201662018080629,0.0496901387170857,0.0715728230993231,-0.0269170335065007,0.0456426399570117,-0.1076493346113,-0.126419763364672,0.0416770766140792,0.361662918122052,7.21527743841191e-05,-0.000537768267718452,0.932309829379016,0.0109671013162543,-0.00430898940528384,0.0510992302049299,-0.075,-0.075,0.05,-0.0495007495091769,0.075,-0.0004559484399346,-0.0750000000000003,-0.075,0.05,0.0565269450866852,0.0375396356826576,1.40502580063208,-0.0717163982806961,0.0184333980796843,0.00244506915070327,-0.0197807850181071,0.0863563942283265,0.247550109313494,0.4,-0.194786098428685,0.25,-0.4,-0.204296650456993,0.167666962693299,0.102760483375997,0.03,0.03,0.03,0.211723970999955,0.03,0.03,0.03,0,0,0,0,0.03,0,0,0,0,0,0.03,0,0,0.03,0,0.03,0,0.03,0.03,0,0,0,0,0,0,0,0,0,5.44889709628827,5.08711926414322,4.91075283383944,5.62526352659205,0,0.590510495296433,0.5,0.5,0.676113216561062,0.567810456371415,0,0.869195393455248,0.567939661718639,0,0.700179785834256,0,0.978822824107997,0,0,0.790739976790914
480,-0.0469324462470012,0.021933608377959,0.0507725132308792,0.0726028116479633,-0.0281399213267131,0.046225320988213,-0.108071182923342,-0.125677648363542,0.0424720728827935,0.357639401958938,1.59771397777909e-16,-2.67948464264311e-16,0.933859763651081,0.0104281556325053,-0.00422160054674646,0.0510000000000002,0.075,0.0750000000000006,0.05,0.0749999999999996,-0.075,0.0500000000000001,0.0230137898143853,0.0750000000000004,0.0313632971558442,4.99127555120113e-14,8.5809652651128e-14,-9.14937064789587e-15,-2.55711034658437e-15,-3.09708862190198e-15,1.11437186544028e-15,-0.175678438644097,-0.4,0.196749101577428,-0.4,-0.373116675564189,0.15,-0.4,-0.4,0.166241227490596,0.03,0.500260322510807,0.03,0.03,0,0.03,0.03,0,0,0,0,0,0,0,0.03,0,0,0,0.03,0,0,0.03,0.03,0,0,0.03,0.03,0,0,0,0,0,1.51119335044523,0,0,0.5,4.88399296131236,4.92861902139102,4.54456612534687,5.26804585735651,0.7797797027745,0.5,0,0.74107859633559,1.06195149286374,0.5,0,1.00430304720966,0.628255546539085,0,0,0.901295358210041,0.896840441566995,0,0,2.35454965530882
481,-0.0485123182598004,0.0203536723747595,0.0518801132308792,0.0712036532985181,-0.0265599853235128,0.047332920988213,-0.11,-0.127257584366742,0.0434951392600402,0.357639401958938,7.70775850273808e-16,2.11525034039974e-16,0.933859763651081,0.0104281556325062,-0.00422160054674688,0.050999999999999,-0.075,-0.075,0.05,-0.075,0.075,0.0499999999999999,-0.0749999999999998,-0.0749999999999998,0.05,-1.05766191617904e-15,1.01791490932656e-13,-2.97250375265763e-14,4.63252409769355e-15,-1.47732881649453e-15,-3.6913059670499e-15,-0.352234627632732,-0.352644339102844,0.197810489656288,-0.0770256625652449,-0.196248190628479,0.25,-0.4,-0.4,0.225610894446414,0.03,0.805972015534066,0.03,0.03,0.888069288453305,0.03,0.03,0,0,0,0,0,0,0.03,0.03,0,0,0,0.03,0.990918695642,0,0.03,0.03,0,1.00050230454772,0.03,0.03,0.914176890303585,0,0,0,0,0,0,0,0.5,5.09837820444952,5.15685970436056,4.70974674588433,5.54549116292575,0.84481502828804,0,0,0.752086260303759,1.15763957321093,0.5,0,0,0.675083591746441,0,0,1.10219647720072,0,0,0,0
482,-0.0500050023859535,0.0185646233899754,0.0523265971936363,0.0705573385139771,-0.024917208011778,0.0474382199708374,-0.11,-0.129149712885788,0.0439869392600403,0.345267867004279,0.000207220828241085,-0.000397599447155197,0.938505611871307,0.00950051623513795,-0.00408906843083604,0.0511197161651943,-0.075,-0.0750000000000005,-0.000402012961461647,-0.0385178605228732,0.0749999999999997,-0.00116869753835993,-0.0750000000000005,-0.075,0.00380000000000081,0.0103375425640282,0.00425730667291633,1.69835226729485,-0.0630436194208263,-0.00353638392925835,-0.000791448115598667,0.0753327186055531,0.4,0.25,-0.0454134548673525,0.4,0.25,-0.4,0.297160273131589,0.25,0.550912449891116,0.03,0.03,0.03,0.43626855930889,0.03,0.03,0.172620474344468,0,0,0,0,0.03,1.74815487541682,0,0,0,0,0.03,1.59275530089321,0.03,0,0.853744620181543,0.03,0,0.03,0.0796433643758776,0,0,0,0,0,0,0,0,0,6.21022491264005,4.56722681339936,4.78609590114251,5.9913558248969,0,0,1.12720909679508,1.09116919500271,0.652691047831328,1.53649594923206,0,0,0,0.796166104940887,0,0,1.03832785605672,0,0,0.943147224395203
483,-0.0499407878029104,0.0203603579741346,0.0518115218165142,0.0695155507989753,-0.0230778740520109,0.0474375895368859,-0.108350119988001,-0.129515586973657,0.0435547392600403,0.333848908659967,-0.000101885001169346,-0.000346787398716144,0.942626990330486,0.00812151672550012,-0.00354905125328104,0.0510850405134028,0.0349678581368816,0.0750000000000006,-0.0465126291055489,-0.0458263560806606,0.0750000000000004,-0.000526752197569458,0.0749999999999996,0.0281023556482944,-0.0423999999999995,-0.0411718551022526,-0.0113757633505886,0.93033890908637,-0.0582291662251166,0.0423225030532793,-0.00168501732245774,-0.384789259478311,-0.4,0.25,-0.4,-0.4,0.249999999999999,-0.4,-0.4,0.25,0.03,0.669014425442748,0.03,0.03,0,0.03,0.03,0,0,0,0,0,0,0.03,0.03,0,0,0,0.03,0.907885007474005,0,0.03,0.03,0,0,0.03,0.03,0,0,0,0,0,1.38319039430665,0,0,0.5,5.14314513224453,5.19051360993383,4.68070503141339,5.65295371076497,0.733220547492667,0,0,0.574478276649132,1.24200034498514,0.5,0,0,0.754531682124828,0,0,1.11451441910207,1.2633114796173,0,0,1.14920591169315
484,-0.0517229866362972,0.0189551868793435,0.0514730513233891,0.0696486151177712,-0.0215379259832001,0.047969831197224,-0.1099299920008,-0.13,0.0424834992600403,0.329124824884663,-6.68023849061092e-05,-2.93297242064203e-05,0.944286431391731,0.00762184284029356,-0.00305668414251933,0.0510127222075719,-0.075,-0.0750000000000004,0.00728547168765181,0.0513990047731495,0.0749999999999997,0.0499999999999999,-0.0750000000000004,-0.075,-0.0500000000000003,-0.0294067639776655,0.0265780261712464,0.136446080455992,-0.00140643285732728,0.0134951112828172,-0.00314430626308462,0.000303437382331369,0.4,0.25,-0.259487598169747,0.4,0.25,-0.4,0.294730855278635,0.25,0.567119835826429,0.03,0.03,0.03,0.46725649885605,0.03,0.03,0.175516173454308,0,0,0,0,0.03,1.70856508712296,0,0,0,0,0.03,1.58649325268464,0,0,0,0.03,0,0.03,0.03,0,0,0,0,0,0,0,0,0,6.27739691645949,4.59319010497798,4.79130253288647,6.07928448855101,0,0,0.770922397151349,1.17306402494639,0.702108169490997,1.6300080840531,0,0,0.5,0.859032600097595,1.16902406925734,0,1.13719750004144,0,0,1.02845849670151
485,-0.0509096167873977,0.0206401380864879,0.0511095946429333,0.0697402129831888,-0.0197029821618692,0.0482699289264657,-0.108350119988001,-0.13,0.0413910992600405,0.323123939910803,-0.000326801388409737,-0.000112103190836436,0.946356845114515,0.00749072110357951,-0.002124114739164,0.0510561757244057,0.0669521131853122,0.0750000000000005,-0.0390405904132769,0.00738735725046328,0.0750000000000004,-0.00185288459209808,0.0749999999999997,-0.0206912092867855,-0.0500000000000007,-0.0168532456536008,0.0209920990395319,0.690999385969893,-0.000503506638109339,0.0570217796834102,-0.000906635333535632,-0.4,-0.4,0.25,-0.4,-0.4,0.249999999999999,-0.4,-0.4,0.25,0.03,0.658937834517011,0.03,0.03,0,0.03,0.03,0,0,0,0,0,0,0.03,0.03,0.456614915321851,0,0,0.03,0.971696698690133,0,0.03,0.03,0.845601909688783,0.947668179749095,0.03,0.03,0,0,0,0,0,1.39537756164168,0,0,0.5,5.2351920388876,5.34494932741073,4.79918649853696,5.78095486776138,0.788392813328126,0,0,0,1.2600633799548,0.5,0,0,0.761724794316781,0,0,0,0,0,0,1.11714381032478
486,-0.0519099783501977,0.0194926930839808,0.0505271039501123,0.0709845105468674,-0.0176913181766482,0.0477250261176084,-0.1099299920008,-0.130000000000001,0.040298699260032,0.319821376435662,1.05666083207335e-16,4.3117621695886e-17,0.947477855770148,0.00757680408552123,-0.00168887152666932,0.050999999999999,-0.075,-0.0750000000000003,-0.0333067493977822,0.075,0.0749999999999997,-0.0480307248656742,-0.0750000000000004,-0.075,-0.0500000000000002,-1.55997097284737e-08,1.7678091217552e-07,-4.46953988609589e-14,9.01582129146576e-09,7.95581797060708e-10,-8.16860680677958e-08,0.000439629771157705,0.4,0.25,-0.297160437267818,0.4,0.25,-0.4,0.282412253800573,0.25,0.572305865982079,0.03,0.03,0.03,0.451193449100055,0.03,0.03,0.149418777044611,0,0,0,0,0.03,1.63888150333976,0,0,0,0,0.03,1.55520247174263,0.03,0,0,0.03,0,0.03,0.03,0,0,0,0,0,0,0,0,0,6.37584474252652,4.8144772131578,4.99879430102164,6.19152765466268,0,0,1.13705585272898,1.04337396415282,0.685630687844763,1.55040558113724,0,0,0,0.78632865236465,1.09799809566342,0,1.0943832097474,0,0,0.991268142207652
487,-0.050991826109004,0.0211685496200347,0.049512598732387,0.0711780819948688,-0.0159895082319475,0.0475396363961169,-0.108350119988001,-0.129893465480425,0.0399999999999838,0.315162329577946,-0.000328207713845737,-0.000109497728464358,0.949037968231941,0.00752904682026469,-0.000949214302644584,0.0510553824495051,0.0653908140946699,0.0750000000000005,-0.0499999999999999,0.00629528493974838,0.075,4.19147977045364e-05,0.0749999999999998,0.0280619480695444,-0.0500000000000006,-0.00048158990039348,-6.74564881555734e-05,0.69198311240015,-3.41384256258299e-06,0.0553950442152487,3.37785827752698e-05,-0.4,-0.4,0.25,-0.198770607095007,-0.374682702915878,0.25,-0.4,-0.4,0.25,0.03,0.670169657529685,0.03,0.03,0.906104454977365,0.03,0.03,0,0,0,0,0,0,0.03,0.03,0.51272084880699,0,0,0.03,1.0087820838432,0,0.03,0.03,0.957697788445915,0.889541057293848,0.03,0.03,0,0,0,0,0,0,0,0,0.503024064102025,5.33314066208204,5.40382583713542,4.896861860683,5.84010463853446,0.812753404204492,0,0,0,1.25533587172486,0.517718614789569,0,0,0.737919018190301,0,0,0,0,0,0,1.16372047517695
488,-0.0516893383193533,0.0207079274295047,0.0491759258730999,0.0709738846089582,-0.0144450039523276,0.0475242100873501,-0.1099299920008,-0.13,0.0399999999999937,0.307434128945112,4.96789436419277e-05,-0.000352721078741076,0.951569945915263,0.00718556596053198,-0.000312702542867578,0.0510773954427656,-0.075,-0.075,-0.0131114436674295,-0.0365306131176816,0.075,8.79357870913349e-05,-0.0749999999999999,-0.0749999999999999,-0.0500000000000002,0.0465703820575318,0.0374325350213731,1.10856645207888,-0.0456608114164966,0.0140711693427926,0.00256251526355602,-0.4,-0.0821087040117378,0.199487746931213,-0.181430194249929,-0.00632822182126413,0.25,-0.4,-0.4,0.25,0.03,0,0.03,0.03,0.824494786294869,0.03,0.03,0,0,0,0,0,0,0.03,0.03,0,0,0,0.03,1.02868848275664,0,0.03,0.03,0,0.825704105708365,0.03,0.03,0.748928687981397,0,0.831261483760247,0,0,0,0,0,0.56174572679475,5.35077271444878,5.49842438657803,4.98456570555461,5.86463139547219,0.914206323493829,0,0,0.748849651103156,1.25667377437578,0.5,0,0,1.69553802646294,0,0,1.07389691269096,0,0,0,0
489,-0.0530759737450512,0.0189674368725994,0.049207147506157,0.0702324939443149,-0.0129120839084735,0.0475347800256181,-0.110000000000001,-0.130000000000001,0.0399999999999894,0.292986573261673,0.000239784741544741,-0.000260893827904183,0.956117807044393,0.00621581153159929,-0.000468095435515903,0.051110239060426,-0.0705017210450832,-0.0750000000000005,-3.93279098678147e-05,-0.0374045896152291,0.075,-9.21985408889648e-05,-0.075,-0.075,-0.0500000000000001,0.000316585252301029,0.000434425279628901,1.58701638899317,-0.0484160676768845,-0.012643111253847,-6.58364380595363e-05,0.4,0.4,0.25,-0.311531180886501,0.106125994071621,0.25,-0.197248193798989,0.324174582966386,0.25,0.330542583754521,0.03,0.03,0.03,0,0.03,0.03,0.03,0,0,0,0,0.03,1.40685875723715,0,0,0,0.976440566355738,0.03,1.15366390053174,0.03,0,0.70089001769542,0.03,0,0.03,0.151685029027355,0,0,0,0,0,0.848601259557622,0,0,0,6.62740373024513,5.65779067272233,5.64392197444437,6.6412724285231,0,0,1.01787531339672,0.605138439333151,0.718634301831705,0,0,0,0,0.724534533106256,0,0,0.853416388904083,0,0,0.63597859803322
490,-0.0522343603637378,0.0206298094216178,0.0486987410586193,0.0721550194574161,-0.0106459322686153,0.0473899779080626,-0.108350119988001,-0.13,0.0399999999999854,0.289352068621087,1.37020579372791e-05,-4.5355915501755e-05,0.957222746933896,0.00593346265825998,-0.000511430877862017,0.0510087388416299,0.0749999999999998,0.0750000000000004,-0.0462031247361386,0.0749999999999999,0.0750000000000004,-0.0130797151641978,0.0749999999999997,-0.0749999999999996,-0.0500000000000005,0.0113251785720639,3.96026835629055e-06,-0.0947608670368489,0.00873891360627386,-0.00142637605904919,0.00120322836837951,-0.4,-0.4,0.25,-0.4,-0.4,0.25,-0.4,-0.4,0.25,0.03,0,0.03,0,0,0.03,0.03,0,0,0,0,0,0,0.03,0.03,0.454510399913672,0,0,0.03,1.01159328431902,0,0.03,0.03,0.885778272380204,0,0.03,0.03,0,0,0.93190662235255,0,0.5,1.47131509600469,0,0,0.5,5.34986211401243,5.47904742416728,4.94055755321522,5.88835198496448,0.808186596515035,0,0,0,1.28884032617731,0.5,0,0,0.802246089189838,0,0,0,1.28289981885211,0,0,1.11098061883103
491,-0.0513405806220874,0.0200818546928354,0.0485002366345247,0.0732531246691702,-0.00999999999999995,0.0477201836047786,-0.1099299920008,-0.13,0.0399999999999956,0.288917952673437,9.17164892950532e-05,3.22674677350127e-05,0.957353875579127,0.00656547531815386,-0.00117942867784135,0.0510659052440935,0.0487314726654193,-0.0746648851723319,0.00469003929922764,0.0384641101594649,0.00563897641471858,0.0407202848358024,-0.0750000000000002,-0.075,-0.0225827176582738,-0.00122309542758628,0.0199141874738045,0.188463305674492,0.0517491983312552,-0.0653188102951553,0.00372211926462923,0.0411895237608172,0.26807145952974,0.25,-0.4,-0.0268728814646754,0.25,-0.4,-0.203359569383373,0.25,0.229552638660229,0.03,0.03,0.03,0,0.03,0.03,0.03,0,0,0,0,0.03,0,0,0,0,0,0.03,0,0,0.03,0,0.03,0,0.03,0,0,0,0,0,0,0.927010863944237,0,0,0,6.0217549281077,5.65653937892591,5.48116222799217,6.19713207904144,0,0.667441958653622,0.5,0.5,0.717256359216282,0.564914979125726,0,0.913337836694878,0.555742850814524,0,0.686917436962563,0,1.05482769708266,0,0.5,0.76025286603813
492,-0.0494437411547451,0.0216919291113795,0.0491796688437757,0.0752135075296952,-0.00999999999999984,0.0488014247441219,-0.11,-0.129789524297255,0.0402132073881007,0.288860031878292,1.09783182712437e-15,-2.38784106400481e-16,0.957371339650019,0.00735854973267099,-0.0019908130606822,0.0510185743618645,0.0749999999999999,0.0750000000000004,0.05,0.075,0.0750000000000002,0.0499999999999994,-0.0750000000000002,0.0441876033449342,0.0312172823417263,-5.11975110243751e-14,-2.94541969943497e-14,2.14486198087328e-14,0.0185743618653711,-0.0185743618653718,-0.0024524999350882,-0.4,-0.4,0.173603778117328,-0.220763637685052,-0.4,0.25,-0.4,-0.4,0.25,0.03,0,0.03,0.03,0.92557844077545,0.03,0.03,0,0,0,0,0,0,0.03,0.03,0,0,0,0.03,0.969666038186729,0,0.03,0.03,0.94571756175661,0,0.03,0.03,0,0,0.92694428006104,0,0,0,0,0,0.563910696859383,5.39160499870291,5.47955404251418,4.96105625298203,5.91010278823506,0.827909439613602,0,0,0.659441342169685,1.2937200376479,0.5,0,0,0.773625587474412,0,0,0,1.23943618550872,0,0,1.13199208859878
493,-0.0483659955885472,0.0208806781224968,0.049464911006965,0.0743928620125695,-0.0111089709505136,0.0492931338419576,-0.11,-0.13,0.0403293530349352,0.287511324842266,0.000202389646626987,6.0925078152242e-05,0.957777308891108,0.00793868070481081,-0.00273195111552998,0.0510602415841977,0.0191127721178296,-0.0749999999999998,0.00375318766918922,-0.0174920969115017,-0.075,0.00377484712473791,-0.0750000000000001,-0.0749999999999998,-0.0149827176582736,0.00010966670532533,0.0363165857360142,0.422721865308469,0.0268344192018074,-0.0602441131459419,0.00200992350719809,-0.137470031702429,-0.4,0.25,0.213745505269874,-0.0243674846902055,0.161072704723385,-0.4,-0.4,0.209990030281598,0.03,0,0.03,0.03,0,0.03,0.03,0,0,0,0,0,0,0.03,0.03,0,0,0,0.03,0,0,0.03,0.03,0,0,0.03,0.03,0,0,0.982981255799218,0,0,0.834467041240201,0,0,0.5,5.34759288475934,5.46282634772454,5.01645824642668,5.7939609860572,0.985259455660086,0,0,0.882181646889612,1.12037197183155,0.5,0,1.00387656846702,0.635296564678666,0,0,1.16984074387759,0.77040908085013,0,0,2.39248817866677
494,-0.0499534116046499,0.0206748881182106,0.0501274283850104,0.0736060134086964,-0.0103761889790703,0.0494362722190139,-0.11,-0.13,0.0405824425897134,0.28078734008645,-0.000140702338943462,-0.000473893930720056,0.959770602314987,0.00722917936294541,-0.00278823262331364,0.05110199867595,-0.075,0.0426554541558107,0.05,-0.06819764702322,0.0750000000000002,0.00653256460205664,-0.0750000000000002,-0.0749999999999997,0.0352667285184203,0.041252856247522,-0.0180003753982724,1.17548615065806,-0.0709098046767393,0.0330101371520302,0.00558473825353557,-0.265525791443052,-0.4,0.178256008381763,0.00207004654630233,-0.4,0.25,-0.4,-0.4,0.25,0.03,0.688685787711073,0.03,0.03,0.843819364251757,0.03,0.03,0,0,0,0,0,0,0.03,0.03,0,0,0,0.03,0.922668845041581,0,0.03,0.03,0,0,0.03,0.03,0,0,0,0,0,0,0,0,0.616358061642289,5.40189883719152,5.44752638401493,4.94781028856323,5.90161493264322,0.811056068968023,0,0,0.664318925781866,1.30475595296554,0.525741512907179,0,0,0.763943789931473,0,0,1.19466914574707,1.25764367392899,0,0,1.16915479704355
495,-0.0513172989452522,0.0191494862699941,0.0510525043705931,0.07177358482262,-0.0100090852045578,0.0500296917715026,-0.11,-0.13,0.0407795771600817,0.272802344232429,0.000281774769144746,-0.000468548501864996,0.962070405243801,0.00582540283987454,-0.00255499280025529,0.0510797517196791,-0.075,-0.075,0.0347625543252896,-0.075,-0.00454260227904569,0.0467528520398088,-0.0749999999999999,-0.0749999999999999,-0.0109332714815794,0.0321104614195927,0.0307271535836526,0.93841577175967,-0.0604760879875363,-0.0193189301095763,0.00261274803162682,-0.4,-0.00927844950964195,0.15,-0.104152548721438,0.204317781003055,0.241939092124769,-0.4,-0.4,0.25,0.03,0,0.03,0.03,0.797463065507622,0.03,0.03,0,0,0,0,0,0,0.03,0.03,0,0,0,0.03,0.985188589843839,0,0.03,0.03,0,0.823799562700267,0.03,0.03,0,0,0.892733649578209,0,0,0,0,0,0.634156056775999,5.37317219519802,5.45766913968263,4.96265940455269,5.86818193032796,0.884440608294199,0,0,0.737535334251193,1.24561341668076,0.5,0,0,1.65093681459556,0,0,1.02896737729272,0,0,0,0.985583260042561
496,-0.0527578433545496,0.0172585448149554,0.0510948575588206,0.0701837392731815,-0.00999999999999974,0.0501323105428503,-0.11,-0.13,0.0400577382734084,0.258978478004028,0.00028065850869098,-0.000186646284396715,0.965884229587162,0.00482447098209489,-0.00301377647899109,0.051103904549222,-0.0661454686225726,-0.0750000000000003,-0.000203046218894566,-0.075,0.0749999999999997,0.000248415702435484,-0.0750000000000001,-0.0750000000000002,-0.0500000000000001,-0.00455189218648143,-0.00325541196453523,1.52006880910944,-0.0428286233415244,-0.0209148949455769,2.62396331813159e-05,-0.0750801752230422,0.4,0.25,0.0341919651092858,0.4,0.25,-0.4,0.4,0.25,0.595756326455,0.03,0.03,0.03,0.395928449138043,0.03,0.03,0.140553019502878,0,0,0,0,0.03,1.93193800266482,0,0,0,1.28208568770985,0.03,1.77456764036589,0,0,0,0.03,0,0.03,0.03,0,0,0,0,0,0,0,0,0,6.58088860039021,4.87327589456624,5.11346193006911,6.34070256488735,0,0,1.02357980833153,1.10376520863455,0.858323223258717,0,0,0,0.5,0.863480127008829,1.0818496699526,0,1.09920172987402,0,0,0.95576346977978
497,-0.0522329934913603,0.0188816865205007,0.0505833094476399,0.0694373805350998,-0.00999999999999999,0.0503355515764542,-0.108350119988001,-0.13,0.0399999999999892,0.253640375616722,-3.19701659712401e-05,-8.38959252451485e-06,0.967298590922792,0.00448978374439863,-0.00291500471318353,0.0510161379575372,0.0709662286121938,0.0750000000000003,-0.0463693375408873,0.000623023347529106,0.0487843333993998,0.0179139818116403,0.0749999999999998,-0.0749999999999997,-0.0500000000000004,-1.88877438268972e-05,0.0294411327607315,0.0661052730982163,0.0118801860123287,0.0161385302655975,-5.21586061795071e-05,-0.4,-0.4,0.25,-0.4,-0.4,0.25,-0.4,-0.4,0.25,0.03,0,0.03,0,0,0.03,0.03,0,0,0,0,0,0,0.03,0.03,0.463975561972762,0,0,0.03,1.00089036449261,0,0.03,0.03,0.785681754397589,0,0.03,0.03,0,0,0.924124105467427,0,0.5,1.47569520053348,0,0,0.5,5.38984255860934,5.48358047688819,4.97515619844169,5.89826683705583,0.768800693166301,0,0,0,1.26850569398097,0.5,0,0,0.765317129947034,0,0,0,1.2650221307617,0,0,1.09677757663786
498,-0.0514173189667857,0.0183962613729859,0.0504298460497441,0.0705667172447398,-0.00999999999999953,0.0512054291975031,-0.1099299920008,-0.13,0.0399999999999991,0.252330631034432,8.64377960402379e-05,4.54991035850612e-05,0.967641085621855,0.00515596519483137,-0.00337608336045848,0.0510623423462619,0.0475388445550577,-0.0689327237992856,0.00303124511063263,0.0749999999999999,0.0178738232967615,0.0500000000000001,-0.0750000000000002,-0.0749999999999999,-0.0302030533574518,0.00453460680908573,0.0101279360620063,0.165409189168969,0.0509702831931856,-0.0600303320171207,0.00364293854778679,-0.0122655167055375,-0.4,0.25,-0.4,-0.397799668700584,0.15,-0.4,-0.4,0.25,0.03,0,0.03,0,0,0.03,0.03,0,0,0,0,0,0,0.03,0.03,0,0,0,0.03,0,0,0.03,0.03,0,0,0.03,0.03,0,0,0.95016614242998,0,0.5,1.55484019165926,0,0,0.5,5.36768052915665,5.41655470026301,5.02037107783518,5.76386415158448,0.847814670522479,0,0,0.779601651348357,1.0845844208427,0.5,0,1.01375110914523,0.660353498064989,0,0,0.979758836901724,0.897123248385205,0,0,2.35498830754231
499,-0.0532168802231447,0.0190869355308977,0.050355247761813,0.0700151192648281,-0.00999999999999993,0.0519371080367138,-0.11,-0.13,0.0401283694664251,0.247790183176222,-0.000246071081305719,-0.000291128944457635,0.968813962590818,0.00512136121915782,-0.00338697820535729,0.0510718942199908,-0.075,0.0750000000000001,-0.00926177217516174,-0.0750000000000001,0.075,0.00563103986300846,-0.0750000000000002,-0.075,0.0235969466425481,0.0400329834204993,-0.00533949483255562,0.782729402605305,-0.0366998840434316,0.0367071904239646,0.00541627087769344,0.180107869181857,-0.4,0.212909170803235,-0.4,-0.26643861917768,0.15,-0.4,-0.337162745677792,0.205954335892591,0.03,0,0.03,0,0,0.03,0.03,0,0,0,0,0,0,0.03,0.03,0,0,0,0.03,0,0,0.03,0.03,0,0,0.03,0.03,0,0,0.946896871335242,0,0.5,1.67660146326026,0,0,0.557968059814501,5.36157021443749,5.33628604928868,4.97005164990413,5.72780461382204,0.776047804021616,0,0,0.738159577719756,1.11765864712436,0.5,0,1.07942087278412,1.50308465653355,0,0,0.801311551432116,0.852691950882012,0,0,2.36933521824355
500,-0.0550203303184102,0.0184864480422895,0.050381328375588,0.0686570116541026,-0.0099999999999996,0.0520116019323128,-0.11,-0.13,0.040686956578004,0.242957605408545,-0.000167033822259965,-0.000100122694573468,0.970036938394526,0.0044946589196361,-0.00260435284092454,0.0510489147782947,-0.075,-0.075,0.00994877848649873,-0.0598642075776796,0.075,-0.000934147550121679,-0.0750000000000002,-0.075,0.0314740537996007,-0.0135794977102061,0.00572820388469443,0.312383285224375,-0.0274825611909711,0.0432055686925611,-0.000641550730003153,-0.181392768448465,0.316842423321623,0.221478656775708,-0.4,-0.14128119579277,0.25,-0.4,-0.202297872794014,0.25,0.03,0.03,0.03,0.03,0,0.03,0.03,0,0,0,0,0,0,0.03,0.03,0,0,0,0.03,0.788697556119502,0,0.03,0,0.0513191616521528,0,0.03,0.03,0,0,0,0,0,1.21083426551396,0,0,0.5,5.87034947824999,5.65807292770908,5.36905123518998,6.15937117076909,0.543173476154899,0,0,0.5,0.971654088241223,0.776514431754007,0,0,1.20798246797693,0,0.5,0,0.956424890619371,0,0,0.738311739697485
501,-0.0536089979439177,0.016544015935756,0.051073951505804,0.0700387858644965,-0.00999999999999932,0.0525587651186118,-0.110000000000001,-0.130000000000001,0.0408082376539897,0.242270341451878,0.000142657136942469,8.85021336874093e-05,0.970208820926647,0.00431294272323672,-0.00234004945218415,0.0510303299182445,0.0388840145933427,-0.0470865673615076,0.0222845697132043,0.075,0.075,0.05,-0.075,-0.075,-0.0147259462003994,-0.0512603085277965,0.159862650914506,0.273040443262857,0.0203651542152624,-0.0217415874457178,0.0151649591226858,0.101611225927692,0.4,0.25,0.178534140934329,0.226126150580077,0.243595145346945,-0.379623491301488,0.27055908784361,0.25,0.456712241433962,0.03,0.03,0.03,0.100200877446292,0.03,0.03,0.033774098792065,0,0,0,0,0.03,1.42954809006971,0,0,0,0,0.03,1.27418984464214,0,0,0,0.03,0,0.03,0,0,0,0,0,0,0,0,0,0,6.77508390360544,5.71153990036396,5.68515924926024,6.80146455470916,0,0,1.04729619343251,0.627063302567297,0.81701029848383,1.37259364536454,0,0,0.5,0.705619484367424,0.871882398149018,0,0.875585733221103,0,0.5,0.581807079729179
502,-0.0519744463342733,0.0183686417009634,0.0510116748567598,0.0719554523082352,-0.00999999999999973,0.0536360085203793,-0.108350119988001,-0.129443130168472,0.0400215025147862,0.242585018896298,1.2453912452152e-05,-4.98457821385918e-05,0.970130154445451,0.00492504055770027,-0.00275250492208798,0.0510246561527473,0.0749999999999999,0.0749999999999999,-0.023901505751675,0.075,0.075,0.05,0.0749999999999999,0.075,-0.0500000000000001,0.00617789827002924,7.81424792739964e-06,-0.102756060101078,0.0246563469690992,-0.0159043108729494,-0.000176502088748951,-0.4,0.4,0.25,0.275925708379748,-0.0433449792827518,0.24282831397821,-0.4,-0.0553999530821682,0.25,0.03,0.03,0.03,0.03,0,0.03,0.03,0.03,0,0,0,0,0.03,0,0,0,0,0,0.03,0.832634777720524,0,0.03,0,0.03,0,0.03,0,0,0,0,0,0,0.5,0,0,0,6.30799433001964,5.92248028446614,5.67283582105445,6.55763879343133,0,0.687841820251737,0.515305416498533,0.5,0.870427933912321,0.932600767143178,0,0,0.83381268968373,0,0.5,0,0.815819896101349,0,0.5,0.592088811356799
503,-0.0511774428965372,0.0175560137777921,0.0511632064403545,0.0742553723162346,-0.0109219882889001,0.0546489669764176,-0.10611541620887,-0.127188427278197,0.0400075999999986,0.242192048855594,8.62620014355334e-05,2.15645097253528e-05,0.970228341797779,0.00561819953013293,-0.00349254955684409,0.0510621694152979,0.0306578466550135,-0.075,0.0271016940012389,0.075,-0.075,0.0499999999999998,0.0749999999999999,0.075,0.00380000000000027,2.47501222047673e-05,0.00616869691533473,0.177833195193979,0.0467907120410112,-0.0621699928330226,0.00204163466158507,-0.0463114493796249,0.4,0.248703624928768,0.265891834910846,0.0318837078612223,0.25,-0.4,-0.222540347689341,0.25,0.435361112721875,0.03,0.03,0.03,0.236670971160111,0.03,0.03,0.03,0,0,0,0,0.03,0,0,0.282481691039889,0,0,0.03,0.817929021180847,0,0.03,0,0.03,0,0.03,0,0.448551465963288,0,0,0,0,0,0,0,0,5.97972351793506,5.56144586421853,5.37959086921413,6.16157851293946,0,0.726285143885832,0.531511232129485,0,0.795214124488955,0.670967925932098,0,0,0.5,0,0.662756953910345,0,0.965741787926373,0,0.5,0
504,-0.0491854014988303,0.0191465209933776,0.0512145744019157,0.0765552923242338,-0.0129589791655044,0.0553159091280483,-0.103815496200871,-0.124888467276197,0.0400000000000013,0.24214160042044,1.62445480566688e-16,-3.74586130746779e-16,0.970240921290082,0.00646063249199329,-0.00435323379583736,0.0510241599784286,0.075,0.075,-0.0175066815434553,0.0749999999999999,-0.075,0.019722013784606,0.0749999999999999,0.075,-0.0423999999999995,3.07725659745854e-14,1.11384327639793e-13,1.58117831101313e-14,0.0241599784282825,-0.0241599784282812,-0.00184869832500832,-0.0289071898476713,-0.394637415242642,0.245510453100083,-0.4,-0.245702653511776,0.15,-0.4,-0.4,0.25,0.03,0,0.03,0,0,0.03,0.03,0,0,0,0,0,0,0.03,0.03,0,0,0,0.03,0.736420310867741,0,0.03,0.03,0,0,0.03,0.03,0,0,1.07444597697731,0,0.5,1.74772353311689,0,0,0.842097692375826,4.80665156317371,4.90496296226097,4.50744168199134,5.20417284344334,0.773753937556847,0,0,0.626134598562061,1.1283442613956,0.5,0,0,1.61129191524248,0,0,0.535980732011505,0.923645848844953,0,0,2.02541036516987
505,-0.0495430249266469,0.017811300437494,0.050911695285265,0.0755403423499428,-0.0115490456954387,0.0557643112446026,-0.10539536821367,-0.126468403279397,0.0400000000000008,0.242018651372547,-5.9838052860297e-17,-2.46292883354845e-16,0.970271597228226,0.00672334565801905,-0.00463831983832113,0.0510007316391216,-0.075,-0.075,-0.0161078893316925,-0.075,0.075,0.0246276356811654,-0.075,-0.075,-0.0430922601052305,-7.63312240680348e-14,6.70689540040002e-14,1.96446565888606e-14,0.000731639121439358,-0.000731639121429484,-0.00245450599632403,0.022124658332362,-0.153887233546227,0.234010243506915,0.377544078739983,-0.273909971337836,0.15,-0.4,-0.4,0.25,0.03,0,0.03,0,0,0.03,0.03,0,0,0,0,0,0,0.03,0.03,0,0,0,0.03,0.782146573418733,0,0.03,0.03,0,0,0.03,0.03,0,0,0.948534590578242,0,0.5,0.741287819799291,0,0,0.828662582054443,5.02741977627849,5.02725885210818,4.67132633614836,5.38335229223831,0.805509311008872,0,0,0.755703563648993,1.06328134635969,0.5,0,0,1.56357095307353,0,0,0.658551893072169,0.845420998808025,0,0,2.12523090320979
506,-0.0492824090500863,0.0161332343529051,0.050743772797145,0.0736087417219389,-0.00999999999999956,0.0561846057167876,-0.107695288221669,-0.128768363281397,0.0399999999999973,0.239617486707984,0.000188103981545598,0.000102785438855504,0.970867417216512,0.00719502078722806,-0.00537704863919867,0.0510793909462804,0.0472938380491452,-0.075,0.00218039046742311,-0.075,0.075,0.0180587046413267,-0.075,-0.075,-0.0386387563286672,0.000119537688781974,-0.0126751175481868,0.357122098889104,0.053314468275324,-0.0732270241168531,0.00278192554282063,-0.4,0.118367022355999,0.229674069723218,0.0816041966086046,0.15655244646394,0.25,-0.4,-0.352960861908508,0.25,0.03,0,0.03,0.03,0.553159694752049,0.03,0.03,0,0,0,0,0,0,0.03,0.03,0,0,0,0.03,0.797004212143301,0,0.03,0.03,0.0480907142631121,0.627354106954352,0.03,0.03,0,0,0.5,0,0,0,0,0,0.5,5.60917395073459,5.73349331498853,5.29971077411948,6.04295649160364,0.5,0,0,0.5,1.03247139596932,0.521649640381793,0,0,1.23722959357786,0,0,0,0,0,0,0.668611161102704
507,-0.0487967566107015,0.0143006036704167,0.050740393609003,0.0733432996833419,-0.00999999999999972,0.0562164954367215,-0.10646314473872,-0.127603046669056,0.0399999999999947,0.230905825526259,0.000149652012622417,0.000270420514230904,0.972976741607897,0.00797678486787889,-0.00635377650220051,0.0510813011021013,0.00505541297508418,-0.0750000000000003,-0.00139861776383019,0.00909267181341557,0.037349918936951,0.00122358259127251,0.0749999999999999,0.0749999999999997,-0.0457475407141626,0.00678637706836825,-0.0261256058423757,1.15532084768687,0.0237760601583348,-0.0347131403346339,-0.000259754572440201,-0.30152816450393,0.4,0.25,-0.124148800301006,0.4,0.25,-0.4,0.4,0.25,0.706175562991727,0.03,0.03,0.03,0.391998316162684,0.03,0.03,0.108595857713416,0,0,0,0,0.03,2.08331272142412,0,0,0,1.35042179391455,0.03,1.8897704681495,0,0,0,0.03,0,0.03,0.03,0,0,0,0,0,0,0,0,0,6.60567053799866,4.92275456147475,5.1628770894386,6.36554801003481,0,0,1.08763312236632,1.11406915872454,0.818395808629857,0,0,0,0.5,0.995742727198577,1.17373119590767,0,1.04794261589374,0,0,0.8952944007501
508,-0.0475802346029387,0.0158783153831875,0.0502038625484254,0.0735011005046726,-0.00999999999999977,0.0562208122727208,-0.104163224730721,-0.128523889200141,0.0400000000000001,0.225004768835139,-0.000133124268095955,0.000176382143564893,0.974357710269476,0.00850229321763468,-0.0062968565073952,0.0510417553280794,0.0749999999999999,0.0749999999999999,-0.0476574559864406,0.0115268740593333,0.0488732202989651,0.000154291873898202,0.0749999999999998,-0.075,-0.05,0.0129012959968254,0.00467813633129243,0.377100163690414,0.0305827654889937,0.0186273868088084,0.000414242551162243,-0.4,0.4,0.25,0.4,0.0326822088832112,0.178686268056933,-0.4,0.189954153701153,0.25,0.0723129713962942,0.03,0.03,0.03,0,0.03,0.03,0.03,0,0,0,0,0.03,1.1393623176962,0,0,0,0,0.03,0,0.03,0,0,0.03,0,0.03,0.03,0,0,0,0,0,0.5,0,0,0,6.22777826662224,5.08810524540212,5.10609049147537,6.20979302054899,0,0,0.731760420750756,1.01792712860487,0.941343494144653,1.31604889036799,0,1.68982285489429,0,0.5,0.70278024426685,0,0.893970553424652,0,0,1.97733440152406
509,-0.0491601066157373,0.0181598348639447,0.0498425134286966,0.0729955403120121,-0.00999999999999964,0.0566161567864174,-0.105267346781943,-0.13,0.0400075999999985,0.220438054109218,-0.000317995178616615,-0.000193616913341222,0.975401086324486,0.00849742922857546,-0.00564736049096112,0.0510534813825067,-0.075,0.075,0.00614254401355969,-0.0504049944123275,0.075,0.0181953183958203,-0.0750000000000001,-0.075,0.00379999999999983,0.0293982440150713,-0.0339055955325557,0.592871859813386,-0.0148416624634473,0.038859262986377,0.00179296128487072,-0.4,0.312028619546637,0.23584168235206,0.199059169064453,-0.0392756060174855,0.25,-0.4,-0.32603411029725,0.25,0.03,0.03,0.03,0.03,0.504452856987247,0.03,0.03,0,0,0,0,0,0,0.03,0.03,0,0,0,0.03,0.825648925327594,0.906600764289698,0.03,0.03,0.03,0,0.03,0.03,0,0,0,0,0,0,0,0,0.5,5.8067240186568,5.56138667228285,5.31163084277216,6.05647984816749,0.500908862880181,0,0,0.5,0.907852359246171,0.743685782069886,0,0,0,0,0,0,0.928337359059302,0,0,0.78073917559346
510,-0.047979665947878,0.0177656958584042,0.0499364772264758,0.071517205975281,-0.0099999999999995,0.0565993817908963,-0.10504255489566,-0.128746801663928,0.0399999999999969,0.21589189283308,-0.000105771818675404,-0.000162913784332781,0.976417518491665,0.00770343693631978,-0.00478521256364076,0.0510512838217938,-0.0312937947849239,-0.0107318991852331,-0.0108777944417963,-0.0488869517881865,0.075,-0.00456370658458284,0.0749999999999999,0.075,-0.0382648922895182,-0.00184070763634433,-0.0619589778891266,0.716725014875036,-0.0181931839132946,0.0226708520465308,-0.00795696049274249,-0.392333882989226,0.4,0.25,0.370796278989264,-0.0370351270415765,0.25,-0.4,0.0345643605354218,0.25,0.03,0.03,0.03,0.03,0.347406221019001,0.03,0.03,0.03,0,0,0,0,0.03,1.15997005160071,0,0,0,0,0.03,1.37253222511928,0.03,0,0,0.03,0,0.03,0.03,0,0,0,0,0,0,0,0,0,6.30276782366055,5.28104033189276,5.18624809017163,6.39756006538168,0,0,0.713869159724082,0.893140763003385,1.11754693036206,1.37664128973662,0,0,0,0.697184693863407,0.709278023723372,0,1.0632110356061,0,0,0.837860588397296
511,-0.0480323045506043,0.0182177362443168,0.0497062932946475,0.0711443044913317,-0.00999999999999935,0.0569235934486138,-0.102742634887661,-0.12692450392889,0.0399999999999938,0.212628540933526,-8.4304313413908e-05,-1.83784817926337e-05,0.977133115908834,0.00771069056073379,-0.00421438620519879,0.0510227895282743,0.0132967158671773,0.0373743199786951,-0.0242644177186393,-0.00410920814772507,0.075,0.035432540223296,0.0749999999999999,0.075,-0.0415153005911421,-4.61742362738053e-05,0.0170371429033515,0.172568668730703,0.00796537753056544,0.022790815627846,-0.000940685418987951,-0.4,0.4,0.25,0.247396835578359,0.0467381406728824,0.25,-0.4,-0.0231792613644476,0.25,0.03,0.03,0.03,0.03,0.331821827908656,0.03,0.03,0.03,0,0,0,0,0.03,1.06495433061259,0,0,0,0,0.03,1.27392952021399,0.03,0,0,0.03,0,0.03,0,0,0,0,0,0,0,0,0,0,6.22715936077117,5.27109645256531,5.15773527001217,6.34052054332431,0,0,0.779069853198487,0.878040053353995,1.07309984490604,1.3443964120882,0,0,0,0.658677694152323,0.705019771541103,0,1.00349073689241,0,0.5,0.80132110685281
512,-0.0478581939347934,0.017996906333558,0.0496949172188063,0.0713250469363388,-0.00999999999999936,0.0579444608118114,-0.100442714879662,-0.124981297296461,0.0399999999999932,0.210633520152893,0.000115343747793536,0.000103972982592448,0.977565124669165,0.00792496557239477,-0.00426278057337824,0.0510251854892071,0.00643531148561112,-0.0275291757022679,0.00209043759420995,0.0135106127138414,0.075,0.0499999999999998,0.0749999999999998,0.075,-0.017321934080325,-0.00311258245769767,0.0212092996826152,0.276471479176904,0.0114826378879328,-0.0146230797027483,0.00115728709936903,-0.0130290822238271,0.4,0.25,0.261299832828985,0.24081854281482,0.25,-0.4,0.343280516348639,0.25,0.561579426775687,0.03,0.03,0.03,0.0957900473524455,0.03,0.03,0.0634686410397057,0,0,0,0,0.03,1.8953894218064,0,0,0,1.19527269823309,0.03,1.52481589590554,0,0,0,0.03,0,0.03,0,0,0,0,0,0,0,0,0,0,6.51143976439852,5.19414920847011,5.32554685792298,6.38004211494564,0,0,1.2034466657931,0.870530300094124,0.674736678852417,0,0,0,0.5,0.958670988857437,1.21330942717998,0,0.904486903250937,0,0.531296908837073,0.669685290634194
513,-0.0465555621556709,0.019893419900498,0.0492287184459664,0.0734590013959939,-0.010040958385031,0.0589506111057475,-0.0981427948716619,-0.125512807322127,0.0400000000000002,0.212568213357396,4.4206275326659e-05,-0.00020400805305837,0.977146296884662,0.00842980467365286,-0.00439401315306383,0.0510379857274637,0.075,0.075,-0.0440884786081021,0.075,-0.0147258907976568,0.0500000000000001,0.0749999999999999,-0.075,-0.05,0.0111737192381974,0.000150074037634687,-0.417485292610198,0.0379894778885818,-0.000570053772235622,0.00101008246748922,-0.199722193766268,-0.294371863928703,0.25,-0.4,-0.316585029039702,0.15,-0.4,-0.211966488912118,0.25,0.03,0,0.03,0,0,0.03,0.03,0,0,0,0,0,0,0.03,0.03,0,0,0,0.03,0,0,0.03,0.03,0,0,0.03,0.03,0,0,0.954127202221673,0,0.5,1.68214667981771,0,0,0.618363852112189,4.96666674049456,4.98742587187401,4.59950929963026,5.35458331273831,0.772982762847118,0,0,0.666356840608542,1.14759496454699,0.5,0,1.04120288934897,1.53821073639641,0,0,0.504940836504377,0.916369043573078,0,0,2.16697740896148
514,-0.0481354341684696,0.0202963593214294,0.0489387488738043,0.0720246180757897,-0.00999999999999992,0.0599452927061314,-0.0997226668844606,-0.127812767324127,0.0400075999999965,0.213123322929447,-0.000162991125867494,-0.000104558739698246,0.977025348402361,0.00855955358727386,-0.00433484075239832,0.0510273847716073,-0.075,-0.0247327799153273,0.00971152139189774,-0.0623738258181377,0.063344422793642,0.0292395948891527,-0.075,-0.075,0.0037999999999998,0.0591477577025117,-0.159420392883122,0.301301446781125,-0.0155412980685767,0.0169574895981277,0.0120231556438908,-0.357072940382844,-0.0109868247440073,0.196602802182002,-0.4,-0.332280681649273,0.218814245362202,-0.4,-0.4,0.25,0.03,0,0.03,0,0,0.03,0.03,0,0,0,0,0,0,0.03,0.03,0,0,0,0.03,0.950076895525348,0,0.03,0.03,0,0,0.03,0.03,0,0,0.957534968834977,0,0.5,1.63790253987189,0,0,0.709108205825346,5.14728133994534,5.13833116001481,4.71141978503249,5.57419271492766,0.699041467290065,0,0,0.611415307349789,1.24677058605188,0.51955352269936,0,0,1.56667576746797,0,0,0.534743967930924,1.12460661382868,0,0,0.943030929729567
515,-0.0474000799840427,0.0187310815956914,0.0489209764017876,0.0711110061987425,-0.00999999999999994,0.0599511369669408,-0.10202258689246,-0.13,0.0400000000000002,0.205133073237851,-0.000130053418289157,7.28842810341279e-05,0.978734684743796,0.00829074260172626,-0.00367147372287776,0.0510716439823849,-0.00221062759247001,-0.0387914509345837,0.000455146662559828,-0.011108972810157,0.075,-0.0018701427326545,-0.0750000000000001,-0.075,-0.0424,-0.0410826095608871,-0.0176144943503465,1.08677711690851,0.0177840728537023,0.0118500568863121,0.00203296467259925,0.112350606534886,-0.326834303061011,0.209547497283683,-0.4,-0.351192933252223,0.15,-0.4,-0.4,0.25,0.03,0,0.03,0,0,0.03,0.03,0,0,0,0,0,0,0.03,0.03,0,0,0,0.03,0,0,0.03,0.03,0,0,0.03,0.03,0,0,0.964553421292031,0,0.5,1.64165399038607,0,0,0.623583738511913,5.33156634908331,5.38950254541839,4.9760511610027,5.745017733499,0.80878555165535,0,0,0.679452542654613,1.16889296365328,0.5,0,1.03964072907365,1.56419192634618,0,0,0.537964648688584,0.915205344189246,0,0,2.24351418209598
516,-0.0490556211130775,0.017406275590965,0.0490861404174813,0.0704452371153989,-0.00999999999999996,0.0599493524086326,-0.104322506900459,-0.13,0.0400361199999929,0.199354016427754,-0.000262465539253465,-0.000173727943433041,0.979927605026284,0.00814033658094141,-0.00308197839198135,0.0510518591698633,-0.075,-0.075,0.0146425177936975,-0.0453363980526389,0.0750000000000001,0.00086214259576763,-0.075,-0.0749999999999999,0.0113999999999995,-0.000459642325101267,0.00114129322997372,0.483762824188516,-0.0200767430457711,0.0390939224439342,0.000934366559924632,-0.152940664617916,-0.362747663584981,0.244950139382734,-0.082831693527253,-0.4,0.24164361276689,-0.4,-0.4,0.25,0.03,0,0.03,0,0.907942926548719,0.03,0.03,0,0,0,0,0,0,0.03,0.03,0.471923867354241,0,0,0.03,0.94395854069836,0,0.03,0.03,0.66327930326828,0,0.03,0.03,0,0,0.944688096441296,0,0.5,0,0,0,0.97018540340813,5.37893926238334,5.3107572700404,4.88663675838185,5.8030597740419,0.689235132789682,0,0,0,1.30132406957828,0.5,0,0,0.734843225880169,0,0,0,1.34693216266877,0,0,1.13706505241365
517,-0.0490393037153171,0.0167104988741973,0.0490787148669247,0.0695250118601254,-0.0112501572012626,0.0595741255861663,-0.106532066162893,-0.13,0.0400000000000004,0.198354859239917,-1.12397190375233e-05,-2.27421142894408e-06,0.980130272070075,0.00780104509543747,-0.00291862626126687,0.0510038397938737,-0.00157244406790961,-0.00274745707825902,-0.000408228596663658,-0.0435284965370505,-0.075,-0.0348325114716364,-0.0750000000000001,-0.075,-0.0348000000000002,1.55627149693342e-07,-0.00421155770190351,-0.0229349795472311,-0.00194153358730904,-0.00383979654566729,-0.000207643811425236,0.184385328755113,-0.338108697468011,0.211686705915615,-0.4,-0.0551799647151191,0.15,-0.4,-0.4,0.25,0.03,0,0.03,0,0,0.03,0.03,0,0,0,0,0,0,0.03,0.03,0,0,0,0.03,0,0,0.03,0.03,0,0,0.03,0.03,0,0,1.02324395282386,0,0.5,1.55001872943026,0,0,0.730957928726003,5.35380605904652,5.31948527494559,4.97280502166486,5.70048631232725,0.837422253034687,0,0,0.787440282777849,1.09030419695813,0.5,0,1.03929426967152,1.61752852155294,0,0,0.628456979742276,0.84796195873677,0,0,2.14596872112157
518,-0.050583361768547,0.0161156344644697,0.0492332675993952,0.0691135162298903,-0.0104956399862031,0.0596796477295233,-0.108831986170892,-0.13,0.0400874399999911,0.195475246770301,-0.000369353229534928,-0.000248103319580426,0.980708774165617,0.00747569965124861,-0.00246542378030226,0.0510694763423193,-0.075,-0.0518306632748611,0.0143842536218664,-0.0203684260169971,0.0750000000000001,0.0173394205178453,-0.0750000000000001,-0.0749999999999999,0.0189999999999994,0.0199154628007052,-0.044903635459825,0.68365886263311,-0.0272572128905255,0.0498682662505407,0.00351678404111043,-0.0780432613408117,-0.4,0.25,-0.0102524163014928,-0.4,0.229285422745197,-0.4,-0.4,0.25,0.03,0,0.03,0,0.822059641431924,0.03,0.03,0,0,0,0,0,0,0.03,0.03,0.440072359404703,0,0,0.03,0.919274567165055,0,0.03,0,0,0,0.03,0.03,0,0,0.904008173620683,0,0.5,0,0,0,0.906833117621926,5.64118822520379,5.55809857608174,5.15690708955028,6.04237971173525,0.658385575200744,0,0,0,1.20656734800321,0.5,0,0,0.736890232738915,0,0.5,0.764624821325276,1.28507200554138,0,0,1.05107921667777
519,-0.0506174939461701,0.0153424045313607,0.0492253105877975,0.0685506455841695,-0.0105095369857844,0.0595664498656535,-0.11,-0.13,0.0399999999999922,0.19367665786349,-8.36480889174168e-07,-1.65130585214336e-07,0.981065416881571,0.00702115812323878,-0.00225006449748139,0.051010206346828,-0.00883256581805579,-0.0101238317694975,-0.000185609181066426,-0.0216182258910853,-0.0615265460036373,-0.0244686729367,-0.0750000000000001,-0.0750000000000003,-0.0272000000000004,1.47144404853308e-09,5.11998242288322e-06,-0.00170524882439524,-0.00885607585491226,-0.0102063468301739,-0.000185856951676134,-0.115281124154952,0.4,0.25,-0.4,0.243278256944705,0.25,-0.4,0.4,0.25,0.700189965935695,0.03,0.03,0.03,0,0.03,0.03,0,0,0,0,0,0.03,1.9862192042733,0,0,0,0,0.03,1.79103700687901,0,0,0,0.03,0,0.03,0,0,0,0,0,0,1.03544291147654,0,0,0.5,6.92893384664506,5.14869953194766,5.415713377511,6.66192000108173,0,0,0.975082165703385,1.14668686241223,0.944249692541834,1.62537827479373,0,0,0.5,1.00323802183482,1.35348132891516,0,1.27938685378666,0,0.522426697775517,0.901331565274472
520,-0.0496358911827623,0.0173130344692881,0.0487134687834846,0.0701288912123282,-0.00999999999999966,0.0596688764069195,-0.108350119988001,-0.129115499919804,0.0399999999999924,0.195185451285087,3.62464025119995e-05,-0.000182789022892997,0.980766406725891,0.00730906797931986,-0.00227400000860485,0.0510344369456825,0.075,0.0750000000000003,-0.0463728179396636,0.0749999999999998,0.075,0.0293313270632999,0.0749999999999997,0.0750000000000001,-0.0500000000000003,0.0279009051963935,9.10507839260108e-05,-0.372696309199396,0.0344390787189731,-0.00142335112855049,0.00257395876933503,-0.160924836310908,-0.4,0.25,-0.4,-0.4,0.194954380103985,-0.4,-0.4,0.25,0.03,0.29495285335862,0.03,0.03,0,0.03,0.03,0,0,0,0,0,0,0.03,0.03,0.402620192357241,0,0,0.03,0.789182071502575,0,0.03,0,0.276079783904108,0,0.03,0,0,0,0,0,0,1.06561136135315,0,0,0.5,5.80835213418816,5.81439795810385,5.41208802130732,6.21066207098468,0.5,0,0,0,1.07048217827757,0.553160993359001,0,0,0.580977870132527,0,0.727201066854466,0,1.17608527045953,0,0.5,0.826655595542874
521,-0.0487271287258469,0.01652085273251,0.0488115166465724,0.0723295358720597,-0.0100000000005689,0.060000005167516,-0.109929992000045,-0.129999999999268,0.0400076000454801,0.195643412532872,2.35398539491893e-05,4.69889036525803e-06,0.9806751026408,0.00818934070654359,-0.00295656262302775,0.0510618719910798,0.0429972918824993,-0.074999999999892,0.0296394101573181,0.0750000000000265,0.074999999999986,0.0251900557808858,-0.0750000000000128,-0.0750000000000095,0.00380000000188695,0.00553026870369699,-0.00694263395487711,0.0480087177550552,0.0570847456820151,-0.0621539287270474,0.00126302038946681,-0.171063441500794,0.400000000073983,0.25000000006688,-0.343798618522584,-0.165555095130766,0.150000041334212,-0.274655712856133,0.281456709285205,0.250000001290918,0.0707574297322554,0.03,0.03,0.03,0,0.03,0.03,0,0,0,0,0,0.03,1.29953771720579,0,0,0,0,0.03,0,0.03,0,0,0.03,0,0.03,0.03,0,0,0,0,0,1.13387879225745,0,0,0.5,6.49554036136431,5.36385188884776,5.3559525230526,6.50343972715947,0,0,0.67101760173202,0.990104885691283,1.1154853716906,1.29568287026322,0,1.8143670626254,0,0.520721234684062,0.743838771184139,0,1.06413905194173,0,0,1.98106346254353
522,-0.050559040985754,0.0181007887119334,0.0488961047717136,0.07215986499214,-0.00999999999999949,0.0599999999999993,-0.11,-0.13,0.0406709572600523,0.195643411551644,2.1675804965934e-16,3.03111244121617e-17,0.980675101915223,0.00885986153631532,-0.00362953237169227,0.0510114982173011,-0.075,0.075,-0.0165605969341001,-0.075,0.075,0.05,-0.00150817051408349,-0.0354700273861091,0.05,3.88564275718201e-14,-1.55251899272834e-14,9.43250228768801e-14,0.0114982173013515,-0.0114982173013509,-0.00245250000713103,-0.203877794888027,0.27864771654877,0.25,-0.2945746058636,-0.199876037954522,0.150942646115739,-0.4,-0.0546735022102016,0.25,0.03,0.03,0.03,0.03,0.692705672863292,0.03,0.03,0,0,0,0,0,0.03,0,0,0,0,0,0.03,0,0,0.03,0,0.03,0,0.03,0,0,0,0,0,0,0,0,0,0.5,6.19478093518597,5.80787948885108,5.5476497932382,6.45501063079885,0,0.668970951327604,0.5,0.5,1.08245322029602,0.717822156163415,0,1.20968520509706,1.01196065283714,0,0.5,0,1.03347023180576,0,0.5,0.665029190780908
523,-0.0489791689729538,0.0169483103577388,0.0491566928330316,0.0709414893671766,-0.01039816003006,0.0599999999999985,-0.109557537705412,-0.128636160530044,0.0417256176585717,0.196131155770058,-1.53491609630227e-05,7.68565340162444e-05,0.980577680897951,0.00869199992043302,-0.00364644085066627,0.0510163830875189,0.075,-0.0750000000000004,0.0372394030659,-0.0334429785200996,-0.0653241692526616,0.0137806284453322,0.0414578026559618,0.0749999999999996,0.0499999999999999,-0.0105513656435575,-1.63477459401219e-05,-0.156748508832102,-0.0163834612602083,-0.00137473477430482,-0.000758836488503289,-0.270848819491087,0.4,0.25,0.228570012524914,0.4,0.25,-0.4,0.4,0.25,0.633699150039592,0.03,0.03,0.03,0,0.03,0.03,0,0,0,0,0,0.03,1.98123230829974,0,0,0,0,0.03,1.66944860774377,0,0,0,0.03,0,0.03,0,0,0,0,0,0,0.5,0,0,0.5,7.02660098032783,5.47906042414186,5.63589018563475,6.86977121883494,0,0,1.04186961685077,1.04623917754686,0.81710595614442,1.61081904881498,0,0,0.5,1.07116607740741,1.26854253146233,0,1.05998681885237,0,0.661094721506057,0.840852132974458
524,-0.0470576652960235,0.0185048285461061,0.049393301662368,0.0725714053253799,-0.00999999999983675,0.0600000031830246,-0.107324702092054,-0.126953181513004,0.0422174176585538,0.197039713521523,3.06903078897889e-05,-0.000153146118098981,0.9803955454721,0.00882564159629758,-0.00366430394929687,0.051028817627586,0.075,0.0750000000004292,-0.00895450381866079,0.0750000000004305,0.0749999999999853,0.00852358016967632,0.0750000000000047,0.075000000000351,0.00379999999981643,0.0331590555466205,5.11644195229671e-05,-0.312382014903784,0.0288187209318928,-0.00169148657157109,0.00287475259773653,0.0406565708222271,0.400000000293655,0.250000000011358,-0.399999999705403,0.149515516526884,0.246526213670948,-0.282185160599838,0.400000000240065,0.24999999987398,0.65756807827533,0.03,0.03,0.03,0,0.03,0.03,0.03,0,0,0,0,0.03,1.90046676127008,0,0,0,1.11678826439699,0.03,1.46304749711616,0.03,0,0,0.03,0,0.03,0,0,0,0,0,0,0.521658114946045,0,0,0,6.980086090271,5.70018817811209,5.78083959386861,6.89943467451448,0,0,1.21253516997081,0.882686495874392,0.678088562702946,0,0,0,0,1.04866979128641,1.30705984773976,0,0.886644955300452,0,0.769295048885007,0.608271227076227
525,-0.0452329568187394,0.0207746049465614,0.0487074121420563,0.0748713253332015,-0.00999999999964222,0.0596544609974022,-0.105024782084325,-0.126604909886704,0.041785217661313,0.201559127136809,4.99584532484054e-05,-0.000244002691630623,0.979476444008641,0.0096749069593044,-0.00367378035676769,0.0510457788797211,0.0750000000003414,0.0750000000000296,-0.0500000000000026,0.0749999999998902,0.074999999999175,-0.0376764198678945,0.0749999999998805,-0.0297025794034943,-0.0424000000009331,0.000575327300409872,0.000246388981732947,-0.498129251608112,0.0457852750870268,-2.93413625037224e-05,4.31286224517525e-05,-0.39999999976646,-0.376334938257942,0.249999999998329,-0.287166019287112,-0.400000000564395,0.249999972824848,-0.400000000081801,-0.400000000133612,0.249999999360654,0.03,0,0.03,0,1.01605934076942,0.03,0.0626246851573322,0,0,0,0,0,0,0,0.03,0.526029304802976,0,0,0.03,1.08530915617557,0,0.03,0,0.704075661339437,0,0.03,0.03,0,0,0.91902121806166,0,0.5,0,0,0,1.00131739085496,5.34597014698449,5.29151277446382,4.83744529317166,5.80003762827666,0.654801663323886,0.5,0,0,1.2921531782371,0.5,0,0,0.732015545063033,0,0.5,0,1.36936705997624,0,0,1.10136510199334
526,-0.04379423235176,0.0201511522483218,0.0485870334699033,0.0733276544574064,-0.0116174932974678,0.0590012102078205,-0.10660465407455,-0.128803676183521,0.0407139762592107,0.202995340896002,2.13902327435596e-06,4.43972468741661e-07,0.979179703662036,0.0109079472932356,-0.00451585258483948,0.0510818153633029,0.074999999999933,-0.0749999999998199,0.00191349382754187,-0.0749999999999613,-0.0749999999997797,-0.0285602459859919,-0.0750000000000364,-0.0750000000004505,-0.0500000000153605,0.0219078870370346,0.00218717629721487,0.00436942033134195,0.0815259631079207,-0.0829326023915396,0.00136060569506745,0.0420941323603132,-0.398638779982238,0.250000000187262,-0.399999999973465,-0.292691613365099,0.194974545622777,-0.400000000024999,-0.400000000308267,0.241128664793433,0.03,0,0.03,0,0,0.03,0.03,0,0,0,0,0,0,0.03,0.03,0,0,0,0.03,0,0,0.03,0.03,0,0,0.03,0.03,0,0,0.966258486519334,0,0.5,1.58674903514987,0,0,0.641356481388119,5.39386585146173,5.40319640592081,5.00583789848562,5.79122435889692,0.835683545804094,0,0,0.734329777363963,1.12522384303655,0.5,0,1.02387531858236,0.651430878632241,0,0,0.66302331304175,0.940971175864704,0,0,2.24362944447953
527,-0.0453741043306997,0.0207171673444021,0.0483698504531321,0.0735338639232277,-0.011103533130194,0.0591125453925729,-0.108904574104899,-0.13,0.0403057776585716,0.200581257802604,-0.000228688059206655,-0.000150937265489617,0.979677123078133,0.0109377400088682,-0.00478242659382573,0.0510387435955466,-0.075,0.075,-0.0213094964917808,0.00443993247139648,0.075,0.028589251202626,-0.0750000000000001,-0.075,0.00379999999999989,0.0203817902291876,-0.058431627097801,0.421562494895863,-0.0140531543778331,0.0266269676849876,0.00417074184963306,0.27278576579571,-0.4,0.233338239651826,-0.4,-0.384734092467444,0.15,-0.4,-0.4,0.222609710977246,0.03,0,0.03,0,0,0.03,0.03,0,0,0,0,0,0,0.03,0.03,0,0,0,0.03,0,0,0.03,0.03,0,0,0.03,0.03,0,0,1.07702208493163,0,0.5,1.65109424483487,0,0,0.69491459096045,5.53502848235059,5.51860651360899,5.14146191251857,5.91217308344101,0.760687150940214,0,0,0.661571380130519,1.15746586692747,0.5,0,1.05782587753371,1.52596700395693,0,0,0.510953401052027,0.921006792002294,0,0,2.24573812116034
528,-0.0470956295753673,0.0200569830034965,0.048386332069086,0.0729859519442025,-0.00999999999999997,0.0592766223070933,-0.11,-0.13,0.0405595756826884,0.194680646377471,-0.000261270112077918,-0.000184547371531386,0.980866758145641,0.0104925472721653,-0.00395933994166679,0.051060004000485,-0.075,-0.075,0.0189333713072708,-0.058507658089307,0.075,-0.00105086415373164,-0.0750000000000001,-0.0749999999999999,0.019963456737908,-0.0243412344786925,0.032084887388995,0.502002944942592,-0.0267238310707513,0.0465097189763625,-0.001438220394239,-0.308189148469294,-0.0174388236210696,0.183727059156315,-0.117758757041646,-0.243138489313744,0.203655009618316,-0.4,-0.4,0.25,0.03,0,0.03,0,0.870287539430523,0.03,0.0915004646799213,0,0,0,0,0,0,0.03,0.03,0,0,0,0.03,0.982435898046408,0,0.03,0.03,0,0,0.03,0.03,0,0,1.14010055663781,0,0.5,0,0,0,1.01607704469416,5.51045633029537,5.36899146317268,4.98287307908376,5.89657471438429,0.691358483883878,0,0,0.613649315379593,1.309349132165,0.5,0,0,1.63585097351173,0,0,0.73806866554666,1.29470423373679,0,0,1.07005219061958
529,-0.046209376958908,0.0183056263774369,0.0484663026069411,0.0715535837359821,-0.0110945916025313,0.0587477971023975,-0.11,-0.13,0.0404506448174468,0.193780882140276,3.24060542760233e-05,6.41189898913962e-06,0.981044840618417,0.00971578696316581,-0.00345857949584737,0.0510200283312049,-0.0151097451527205,-0.0192616738600575,-0.00175405896769158,-0.055481817138083,-0.075,-0.0472353662091758,-0.0750000000000001,-0.075,-0.0262365432620919,-0.0794604324899213,-0.000125792740289663,0.0660633642598875,-0.0139238444724434,-0.0159751078687068,-0.000320490054535062,0.300720414047293,-0.4,0.193423170851595,-0.4,-0.0881361535363218,0.164410634975277,-0.4,-0.4,0.244401650189793,0.03,0,0.03,0,0,0.03,0.03,0,0,0,0,0,0,0,0.03,0,0,0.03,0.03,0.720334036214953,0,0.03,0.03,0,0,0.03,0.03,0,0,1.14898601786468,0,0.5,1.52309779631906,0,0,0.771318365514041,5.38010847579072,5.4357152456397,5.05341814216317,5.76240557926725,0.801453247671111,0.5,0,0.640582755194355,1.11384328526349,0,0,0,1.58130830784878,0,0,0.56184894448709,0.870107309683371,0,0,2.0957238105485
530,-0.0469570825712477,0.0167878564555333,0.0484479999830292,0.0716018922913622,-0.0103005285922083,0.0589483852103785,-0.11,-0.13,0.0399999999999905,0.189137144236976,2.28644157304784e-05,-1.52477549356884e-05,0.981950918327958,0.009589117298081,-0.00358528907735805,0.0510443899934602,-0.0404647524054008,-0.075,-0.000233092979930134,0.0267786879679779,0.075,0.0376446665195788,-0.0750000000000001,-0.0749999999999999,-0.0500000000000003,-0.012344388069025,0.00513631769234584,0.682577283968542,-0.00333335301505945,-0.00083731361331771,-0.000680344014181537,-0.112633810612079,-0.4,0.25,-0.065724625584741,-0.4,0.218933314271406,-0.4,-0.4,0.25,0.03,0,0.03,0,0.821493826552491,0.03,0.03,0,0,0,0,0,0,0,0.03,0.416377550635826,0,0,0.03,0.881301042242627,0,0.03,0.03,0.528206872771797,0,0.03,0,0,0,0.922807381700178,0,0.5,0,0,0,0.882025031461917,5.61096531026931,5.64750295344027,5.2189868007827,6.03948146292688,0.605306161503344,0.5,0,0,1.21479114414835,0.5,0,0,0.677365641289599,0,0,0,1.28685062393461,0,0.5,1.01791717482185
531,-0.0469881566309918,0.0164819072160176,0.0483857898317645,0.0712475210878455,-0.0111824575473196,0.0588008965401523,-0.11,-0.13,0.0400000000000015,0.187796649316042,-6.8348087917935e-17,-1.52582591737226e-17,0.982207930382191,0.0095734467502487,-0.00365298775891748,0.0510000000000002,-9.79144126255333e-15,7.84159863792431e-15,3.80196421135288e-15,-0.0375085974959926,-0.075,-0.0302810120601141,-0.0750000000000002,-0.075,-0.0146994743729031,-6.30205155892544e-14,1.03045865359458e-14,6.73022949815794e-14,-7.57764149828479e-15,8.59128064710335e-15,-4.50245837968149e-15,0.4,-0.372421541864478,0.25,-0.377022439021106,0.00331159987724228,0.152073517439888,-0.4,-0.385500219087082,0.25,0.03,0.0972826414489898,0.03,0.03,0,0.03,0.03,0,0,0,0,0,0,0,0.03,0,0,0,0.03,0.617447316715465,0,0.03,0.03,0.03,0,0.03,0.03,0,0,0,0,0,1.03804967173893,0,0,0.5,5.70766391147728,5.79359948179363,5.41633739276027,6.08492600051064,0.5,0.5,0,0.5,1.00925597291207,0.5,0,0,1.35052631739513,0,0,0,0.862456370578712,0,0,1.8141683465942
532,-0.047237799824275,0.0150903138522443,0.0489775898317646,0.0725702481685221,-0.0099999999999998,0.0587870762989526,-0.11,-0.13,0.0399999999999917,0.18779664931604,1.72550839881238e-16,2.67134280061693e-17,0.982207930382192,0.00985238621879434,-0.00393192722746381,0.0510199070337762,-0.00905910277645192,-0.0750000000000005,0.0500000000000001,0.0750000000000001,0.075,0.0235189879398858,-0.075,-0.0750000000000005,-0.00248414507371474,-1.0618960946312e-14,7.91788493888775e-14,-6.06958371147523e-14,0.0199070337770199,-0.019907033777008,0.000496852249053201,-0.253935419588372,0.4,0.25,-0.4,0.143803536611251,0.25,-0.392092616493731,0.4,0.25,0.691475079578206,0.03,0.03,0.03,0,0.03,0.03,0,0,0,0,0,0.03,2.20164643627195,0,0,0,1.32950046600002,0.03,1.84359991689804,0,0,0,0.03,0,0.03,0,0,0,0,0,0,0.923902923478442,0,0,0.5,7.06301699793036,5.33147860715711,5.58351550627193,6.81098009881554,0,0,1.02260165501675,1.21998223740182,0.879178932794155,0,0,0,0.5,1.14733124915786,1.39257246624331,0,1.16204642450566,0,0.594783348204971,0.850145223512688
533,-0.0459321036229342,0.0166571256133169,0.0493111431880536,0.0744753180673035,-0.0099999999999997,0.0588179353871007,-0.108350119988001,-0.13,0.0399999999999999,0.19049825269189,4.59319653895696e-05,-0.000237905696563253,0.981687624428978,0.0105008773701646,-0.00409420073481007,0.0510449542577321,0.075,0.075,-0.00482422056646638,0.075,0.075,-0.0164374366645798,0.0749999999999996,-0.037408226194679,-0.0486841450737135,0.0104376292696663,0.00020849568330117,-0.48459834093527,0.0449595150295442,-0.000532532713517855,0.000960114163996876,-0.390758677104089,0.4,0.25,-0.219873068205252,-0.295656726243267,0.169991097928871,-0.4,0.270464037590427,0.25,0.138282366865121,0.03,0.03,0.03,0,0.03,0.03,0,0,0,0,0,0.03,1.30311577553414,0,0,0,0,0.03,0,0.03,0,0,0.03,0,0.03,0,0,0,0,0,0,1.0340846967599,0,0,0.5,6.56461480220563,5.35910612449073,5.39234519694716,6.53137572974921,0,0,0.777227953793252,1.1174183526702,1.02086092348695,1.32567377895087,0,1.79814157065342,0,0.5,0.919831805356432,0,1.02979763678204,0,0.5,1.90838900398931
534,-0.0475119756357334,0.0189116154025282,0.0490559423806219,0.074988252035896,-0.00999999999999998,0.0590809866538092,-0.10796686922496,-0.13,0.0400102317098449,0.191729304193833,6.1067864661157e-16,-1.2939298199629e-16,0.981447845742884,0.0107335723607171,-0.00406960995005032,0.0509999999999994,-0.075,0.075,-0.0192529838484902,-0.0147332755825131,0.0750000000000001,0.03736256333542,-0.02652265790534,-0.0705586091311043,0.00511585492628621,2.1531143330281e-14,7.06016021467541e-14,-2.96964808804073e-14,4.99333368602889e-15,-4.44857737720737e-16,-3.27139168526586e-14,-0.307878519384643,-0.312467698520192,0.25,-0.122051513561469,-0.4,0.239712519843685,-0.4,-0.4,0.25,0.03,0,0.03,0,0.935779605908174,0.03,0.03,0,0,0,0,0,0,0,0.03,0.499610894729107,0,0,0.03,0.99406217695631,0,0.03,0,0.627656187811828,0,0.03,0.03,0,0,1.02410067398948,0,0.5,0,0,0,1.10608118127156,5.51863900131752,5.35086257057082,4.97938685410991,5.89011471777843,0.624979187316011,0.5,0,0,1.30758582775916,0.5,0,0,0.712434865800929,0,0.5,0,1.39504150624408,0,0,1.14332614869185
535,-0.0459321036229318,0.0178182333258137,0.048199960606743,0.0728494069247659,-0.0115106619377157,0.0593200379205154,-0.110000000000001,-0.130000000000001,0.0399999999999914,0.191729304193833,1.56748878585764e-16,6.06449797625131e-18,0.981447845742885,0.0107335723607168,-0.00406960995005129,0.0509999999999991,0.075,-0.0750000000000005,-0.05,-0.075,-0.0750000000000003,-0.00883743666458036,-0.075,-0.0750000000000005,-0.0410841450737136,5.90910976786526e-14,-1.88126887059724e-14,-2.96278009512026e-14,-3.32793754806064e-15,-5.57395324098205e-15,-3.13867325293487e-14,-0.29378294261894,0.4,0.25,0.356207608215477,0.4,0.25,-0.280379834679858,0.4,0.25,0.643859455091759,0.03,0.03,0.03,0,0.03,0.03,0,0,0,0,0,0.03,2.1525590972318,0,0,0,1.33562609423627,0.03,1.74714477509062,0,0,0,0.03,0,0.03,0,0,0,0,0,0,0.5,0,0,0.5,7.16414421525477,5.63494994116636,5.82800081668438,6.97109333973674,0,0,1.07708721278252,1.06741822485378,0.749144484219165,0,0,0,0.5,1.18319072612961,1.3534420929512,0,1.02464849533303,0,0.769616736683692,0.802887378239498
536,-0.0442029440414695,0.019360689641742,0.0471075950370949,0.0744292789375656,-0.0105393037509006,0.058773472269256,-0.108350119988001,-0.13,0.0399999999999916,0.193846642901974,4.31726365893119e-05,-0.000219489277759153,0.981031920670154,0.0111411593118121,-0.00408436716922743,0.0510413868321965,0.0749999999999999,0.0750000000000002,-0.05,0.075,0.0750000000000001,-0.0424571564796967,0.0749999999999999,-0.0352084207555621,-0.0500000000000003,0.0148253122692257,0.000165859275413243,-0.447389918652297,0.0413909283638969,-0.000756369449158052,0.0013646745678394,-0.4,-0.4,0.25,-0.319860006135256,-0.4,0.25,-0.4,-0.4,0.25,0.03,0,0.03,0,1.03291713016523,0.03,0.116508604409817,0,0,0,0,0,0,0.03,0.03,0.530619628992595,0,0,0.03,1.09210248469062,0,0.03,0,0.711277726352231,1.02760613531285,0.03,0.03,0,0,0.982999065200499,0,0.5,0,0,0,0.932121143839586,5.57076747263229,5.56658180043817,5.11277916837886,6.0245701046916,0.720708901726054,0,0,0,1.30843034928132,0.5,0,0,0.745774637970419,0,0.5,0,0,0,0,1.10504300685296
537,-0.0435454285029548,0.0190226230739805,0.0469584149210265,0.0742260501338363,-0.0100650951326394,0.0583001887440188,-0.1099299920008,-0.13,0.0400000000000001,0.193307237793643,0.000159266009509904,3.75150974246967e-05,0.981138313453019,0.0116731615738377,-0.0044651011248961,0.0510309493082467,-0.00513011845079567,-0.0466920167408876,0.000489827851623914,0.00166941870310343,-0.0150903384877124,0.000964741361877787,-0.0750000000000001,-0.075,-0.0499999999999999,0.0335990011413033,-0.0120802520323632,0.322191034407916,0.00116984172389604,-0.032020883534711,0.000382485434439334,0.171110203379656,-0.276503718659726,0.189220785725713,-0.4,-0.220682389971754,0.15,-0.4,-0.4,0.25,0.03,0,0.03,0,0,0.03,0.03,0,0,0,0,0,0,0.03,0.03,0,0,0,0.03,0.758235635185246,0,0.03,0.03,0,0,0.03,0.03,0,0,1.04684059721785,0,0.5,1.60980694760548,0,0,0.701223985492101,5.48041935314242,5.53886439980653,5.13855386919021,5.88072988375875,0.839145292471618,0,0,0.676166175292376,1.1778135018102,0.5,0,0,1.60460644448371,0,0,0.59274660474443,0.893954987147813,0,0,2.17321389677276
538,-0.0442439438103809,0.0172475587442736,0.0468852570431005,0.0740528069649747,-0.00999999999999984,0.0587122172592283,-0.11,-0.13,0.0399999999999965,0.183880179116559,6.72139578010974e-05,-2.15617705813912e-05,0.98294932386371,0.011608826977827,-0.00478568561841126,0.0510737855079897,-0.0438267549030493,-0.0750000000000004,-0.00706427762228474,-0.0274718729818568,0.075,0.0343065937656921,-0.075,-0.0750000000000004,-0.0183463507275373,0.0165540867568397,-0.00424007448656549,1.13940628051644,-0.00810283054060101,-0.00695865281690164,0.000138646315319103,0.194405780888889,0.4,0.25,0.4,0.0326008240099792,0.239798487409918,0.174610465887989,0.4,0.25,0.343904793363349,0.03,0.03,0.03,0.03,0.03,0.03,0.03,0,0,0,0,0.03,1.32766346857846,0,0.111245166533784,0,0,0.03,1.0409309458557,0.03,0.384914402729835,0.70171293504728,0.03,0,0.03,0,0,0,0,0,0,0,0,0,0,7.21638156298163,6.68147515637196,6.58236728509836,7.31548943425522,0,0,0.798697032025545,0,0.5,1.08607480115511,0,0,0,0,0,0,0.564921664285825,0,0.981420231763313,0.5
539,-0.0434805366432178,0.0187544850680489,0.0462358978185589,0.0759778717374826,-0.01,0.0589841944057026,-0.108350119988001,-0.128350059997,0.0399999999999917,0.183594474579444,3.00796017289931e-05,-0.000161585375597584,0.983002111344822,0.0118452355111877,-0.00482347489740107,0.0510306612443788,0.0749999999999999,0.0750000000000002,-0.05,0.075,0.0750000000000001,-0.00334383612843478,0.0749999999999999,0.0750000000000002,-0.00119593289458101,0.0309937791661561,6.30251689097768e-05,-0.328722493496991,0.0306626799743759,-0.00158106617688216,0.00288812940237723,-0.4,-0.4,0.25,-0.191059467189619,-0.4,0.25,-0.4,-0.4,0.25,0.03,0,0.03,0,0.919221840114703,0.03,0.03,0,0,0,0,0,0,0,0.03,0.498516711544993,0,0,0.03,1.00514344206836,0,0.03,0,0.629174306752651,0.97710033701892,0.03,0.03,0,0,1.03069582276126,0,0.528660549341524,0,0,0,0.981984387572667,5.63944984924193,5.62957526850331,5.19301942785573,6.07600568988951,0.649888089129255,0.5,0,0,1.24461655001267,0.5,0,0,0.69890214386332,0,0.5,0,0,0,0,1.04806540592953
540,-0.0425116336658684,0.0182898567426942,0.0461100657449644,0.0751977554692657,-0.0100480626277854,0.0586370433967914,-0.10952929030697,-0.1299299960002,0.0399999999999931,0.183453713712579,0.000249697025641316,0.000164717265815672,0.983028411938798,0.0126664595071564,-0.00538240950921168,0.0510499956083296,0.0100041354206496,-0.0590421478903371,0.00100310523275689,0.0199337624789688,-0.0153985675486347,-0.000727894824005267,-0.0750000000000001,-0.0749999999999999,-0.047395932894581,0.00673455700101139,-0.00218594873654254,0.461718640096449,0.0192651016846443,-0.037908870293774,0.000967945615539071,-0.281745195378278,-0.248521291309182,0.25,-0.12202715023522,-0.289119864070377,0.25,-0.4,-0.4,0.25,0.03,0,0.03,0,0.862707657144932,0.03,0.0320676600080212,0,0,0,0,0,0,0,0.03,0.423025600706007,0,0,0.03,0.899892959007058,0,0.03,0.03,0,0,0.03,0,0,0,1.11329752734791,0,0.5,0,0,0,0.964208306159198,5.47021244393737,5.45702074319523,5.07017869659829,5.85705449053432,0.663422484256991,0.5,0,0,1.19431964305073,0.5,0,0,0.71671686388734,0,0,0.776220308929254,1.24761402268108,0,0.5,1.03105168960273
541,-0.0422329122945898,0.017199981041286,0.0460907117024332,0.0754217330671682,-0.0112311856639029,0.0587437479245722,-0.11,-0.13,0.0400000000000005,0.18237249536898,-4.06711583908335e-05,-7.53868344207251e-06,0.98322951468051,0.0129860729362205,-0.00637254530244923,0.0510550490936444,0.018231967483269,-0.0512529749754612,-0.00034796380969254,0.00548082986812593,-0.075,0.00850649586129992,-0.0750000000000001,-0.075,-0.0463937944948908,7.56450306251093e-07,-0.0217498170345636,-0.0827278641208569,0.0164710548742214,-0.0550490937517753,0.000650057281387583,0.250648264680963,0.1558249228168,0.214818732706857,-0.4,-0.117822586833031,0.15,-0.4,-0.4,0.25,0.03,0,0.03,0,0,0.03,0.03,0,0,0,0,0,0,0.03,0.03,0,0,0.03,0.03,0,0,0.03,0.03,0,0,0.03,0.03,0,0,0.668444598349201,0,0.5,1.44740149137016,0,0,0.5,5.35723044256886,5.49556241804614,5.09678276764406,5.75601009297094,0.794732991776858,0,0,0.552152076804406,1.08214106712139,0,0,0.848135894098482,1.52989793300621,0,0,0.592034727410031,0.822148083940337,0,0,2.00759479650043
542,-0.0438241386343404,0.0155248670278222,0.0462610755589161,0.0751384486933452,-0.0107970060824709,0.0588916177114177,-0.11,-0.13,0.0400188648220134,0.17960549174969,-0.000346117634603254,-0.000284404715429774,0.983738891913868,0.0126879246039756,-0.00632319895096251,0.0510683745119011,-0.075,-0.075,0.01577249999684,-0.0267199229256173,0.075,0.0157754559811673,-0.075,-0.075,0.00740620550510878,0.0309003793429344,-0.0690422327636009,0.731500081746741,-0.0299916691798181,0.0403110648947131,0.00533159894211124,-0.10720987965704,-0.31338790978032,0.236381324760498,-0.0627887487225842,-0.396407895738196,0.15,-0.4,-0.4,0.25,0.03,0,0.03,0,0.847763961626626,0.03,0.03,0,0,0,0,0,0,0,0.03,0.418878564020166,0,0,0.03,0.865996983690278,0,0.03,0.03,0,0,0.03,0,0,0,1.08125620615912,0,0.5,0,0,0,0.743710843155243,5.53530640205141,5.48835020869216,5.10840495587028,5.9152516548733,0.641996967939856,0.5,0,0,1.19871289990235,0.5,0,0,0.662465361038007,0,0,0.800880508615592,1.2191812930005,0,0.5,1.06498680571452
543,-0.0439241480602283,0.0148376320389008,0.0462461168899934,0.0744518148728903,-0.0114344732362698,0.0591668224436365,-0.11,-0.13,0.0400000000000011,0.177703400293199,-3.272438463044e-05,-5.90556245579357e-06,0.984084094461272,0.0122659016558034,-0.00620152476892784,0.0510080435836569,-0.00117397157823069,-0.0049295798498319,-0.000784969132803915,-0.0332294149488049,-0.075,0.012204124906036,-0.0750000000000002,-0.075,-0.0387937944948909,1.37925877101311e-06,-0.0114080602963274,-0.0665059702751923,-0.00239464971442371,-0.00804360627887773,-0.000250826919990538,0.262051875754084,-0.4,0.211177518328154,-0.4,-0.0697100744625239,0.15,-0.4,-0.4,0.25,0.03,0,0.03,0,0,0.03,0.03,0,0,0,0,0,0,0.03,0.03,0,0,0.03,0.03,0.645500181086004,0,0.03,0.03,0,0,0.03,0.03,0,0,1.02775505488527,0,0.5,1.44076826635338,0,0,0.5,5.40869891024534,5.49947855719738,5.14035402210977,5.76782344533295,0.679377024725357,0,0,0.5,1.04242238945243,0,0,0,1.47989617083487,0,0,0.5,0.832084493165018,0,0,2.0098407873041
544,-0.044299128854013,0.0134606545929945,0.0460652495773418,0.075023545635353,-0.0102253127167522,0.0596058629406908,-0.11,-0.13,0.0399999999999991,0.174431532375198,0.000142588768340591,7.29199367580953e-05,0.984669330059382,0.0123493138294411,-0.00651587704081978,0.0510296041924675,-0.0178714176926488,-0.0750000000000001,-0.0157902521403353,0.0554625508875653,0.075,0.0367410716684107,-0.075,-0.0750000000000004,-0.0347018689831534,0.011479052742223,-0.0243548575365748,0.271974812388588,0.00781397438350094,-0.0251988504900916,-5.72142576699555e-05,-0.022017581645968,0.4,0.25,-0.278654485064449,-0.213781257636872,0.15,-0.0542208009648544,0.4,0.25,0.11886417901929,0.03,0.03,0.03,0,0.03,0.03,0,0,0,0,0,0.03,1.41791291067123,0,0,0,0,0.03,0,0,0,0,0.03,0,0.03,0,0,0,0,0,0,0.912304487478686,0,0,0.5,6.59237251110016,5.47594308463364,5.45436698421428,6.61394861151951,0,0,0.578773708304056,0.987331595595956,1.16436721377289,1.34203650025228,0,1.81724508597412,0.5,0.570931836071652,0.700645923971922,0,0.987258702614994,0,0.5,1.79753564709775
545,-0.0464505265335825,0.0150405905961942,0.0456005409618965,0.0754118948803095,-0.00999999999999939,0.0600000000000017,-0.108505739433957,-0.128522555219694,0.0400882250481363,0.174206074473946,-1.86405543485785e-17,5.30910106106718e-17,0.984709217798014,0.0123653271434721,-0.00659219759889118,0.051,-0.075,0.075,-0.0293269405620233,-0.0100739739119377,0.0749999999999999,0.0500000000000001,0.0749999999999997,0.075,0.0190981310168467,-4.42826796777535e-14,8.89076974763944e-14,1.79388437992959e-14,3.44252461416387e-15,2.14229351951307e-15,-3.14094916343569e-14,0.0996247042304893,0.189801129503231,0.25,0.0289077196319635,-0.4,0.15,-0.4,-0.0587391825606147,0.25,0.03,0.03,0.03,0.03,0,0.03,0.03,0,0,0,0,0,0.03,0,0,0,0,0,0.03,0,0,0.03,0,0.03,0,0.03,0,0,0,0,0,0,0.806355441322353,0,0,0.5,6.0405981027046,5.61018739817758,5.40046450899699,6.25032099188519,0,0.747130149507868,0.5,0.537486955280347,1.02647222171288,0.674254331316335,0,1.18984927957925,0.802765393359889,0,0.5,0,0.878063673730695,0,0.5,1.64174263558068
546,-0.0484599675313939,0.0167868384847681,0.045605802150656,0.0773782953392164,-0.00999999999999954,0.0599999999999974,-0.108021418004046,-0.126927688510378,0.0409864026203369,0.174206074473945,5.34817492833468e-16,-2.24417063795328e-17,0.984709217798015,0.0123653271434723,-0.00659219759889078,0.0509999999999994,-0.075,0.075,0.0244730594379765,0.075,0.0246849797827743,0.00379999999999984,-0.0173344154626633,0.075,0.05,-5.42850894526558e-15,-3.78193279413286e-15,2.57118579782832e-14,8.24176108277738e-16,-2.19157726813699e-15,1.59938605210074e-15,-0.142886364622718,-0.228255400577161,0.25,0.0774245257956534,-0.4,0.233816722022331,-0.4,-0.4,0.25,0.03,0,0.03,0,0.617725067679326,0.03,0.03,0,0,0,0,0,0.03,0,0.03,0.384836438651284,0,0,0.03,0.810181031864857,0,0.03,0,0.281283380546287,0,0.03,0,0,0,0.5,0,0.5,0,0,0,0.899125412837424,5.68226003546347,5.46715442955554,5.20617111322264,5.94324335179637,0,0.558708904265872,0,0,1.06306882740823,0.555786142413376,0,0,0.5,0,0.67820400522305,0,1.23605464833531,0,0.5,0.842759855326586
547,-0.0468800955185947,0.0165912443452,0.0455870633394155,0.0758613873722602,-0.0101488940523337,0.0598624419268045,-0.107215444489492,-0.128137148977539,0.0414782026203369,0.174206074473945,-9.61615938462351e-17,4.55857661987106e-18,0.984709217798015,0.0123653271434721,-0.00659219759889112,0.0510000000000001,0.075,-0.075,-0.0217269405620233,-0.075,-0.0247721101869651,-0.0152701919626874,0.0749999999999997,-0.075,0.00380000000000001,2.39902286734208e-15,5.1712663955982e-15,9.06530880421611e-15,1.21255698946832e-16,-1.96902527897694e-15,3.32493708183066e-14,-0.188693101146795,0.4,0.25,0.0439246879180099,-0.191474357196498,0.15,-0.4,0.144237691796017,0.223916136338084,0.03,0.03,0.03,0.03,0,0.03,0.03,0,0,0,0,0,0.03,0,0.03,0,0,0,0.03,0,0,0.03,0,0.03,0,0.03,0,0,0,0,0,0,0.846183345675074,0,0,0.5,6.11050293714054,5.63073616717998,5.49565009076542,6.2455890135551,0,0.712711117813996,0,0.5,0.812889460110523,0.979597389678499,0,1.03500796511886,0.773584741588587,0,0.5,0,0.73517247927415,0,0.5,1.55035129268536
548,-0.0484599675313937,0.0177825628214018,0.0457443245281751,0.077278153873296,-0.00999999999999953,0.0599999999999996,-0.106297011101365,-0.127196246862729,0.0421415626203369,0.174206074473945,1.77929054778782e-16,-7.49580610295651e-17,0.984709217798015,0.0123653271434723,-0.00659219759889113,0.0509999999999998,-0.0750000000000001,0.0749999999999998,0.0320730594379766,0.075,0.075,0.0385298080373124,0.0221303080115876,0.075,0.05,2.78539556410047e-15,5.09590598421117e-15,9.70087026365928e-15,6.76922922348116e-16,-1.98139799269161e-15,1.46078172490284e-15,-0.4,0.4,0.235401985203451,0.17610179987241,-0.126180806337473,0.183235142345535,-0.4,-0.174991164443251,0.25,0,0.03,0.03,0.03,0.306261569690076,0.03,0.03,0,0,0,0,0,0.03,0,0.03,0,0,0,0.03,0.936826276583786,0,0.03,0,0.03,0,0.03,0,0,0.5,0,0,0,0,0,0,0.678334758303207,6.17334610244479,5.64311953961183,5.49077402443299,6.32569161762364,0,0.786255235257509,0,0.5,0.916740256933384,0.752265971544314,0,0,0.722643243507812,0,0.5,0,0.887406556154781,0,0.604805481427805,0.564450956182564
549,-0.0468800955185939,0.0165494966939724,0.046752631896561,0.0787171887103603,-0.0103034715177085,0.0599785592321494,-0.10412857786052,-0.12489628686073,0.0426333626203369,0.174206074473944,-2.06430688440644e-16,-1.59575927370692e-16,0.984709217798016,0.0123653271434719,-0.00659219759889142,0.0509999999999992,0.075,-0.0750000000000004,0.0500000000000002,0.0694577124603797,-0.0566839397136192,-0.00767019196268774,0.075,0.0749999999999996,0.00379999999999995,-1.14890433082295e-14,-1.86574431564778e-14,1.31554136628897e-14,1.14805657115933e-15,-1.01391374795962e-15,5.01968221827946e-15,-0.0510503813968683,0.4,0.25,0.4,0.263534978313769,0.240366193403866,0.0354224726016157,0.4,0.25,0.448169870948429,0.03,0.03,0.03,0.03,0.03,0.03,0.03,0,0,0,0,0.03,1.73071814851833,0,0,0,1.01869782248722,0.03,1.24849835664029,0.03,0,0,0.03,0,0.03,0,0,0,0,0,0,0,0,0,0,6.89197933388179,6.01299789186767,6.02971554747426,6.87526167827519,0,0,1.04552356617914,0.517942452173516,0.5,0,0,0,0,0.946412483662924,1.18361095980591,0,0.589105985042188,0,1.076458786949,0.5
550,-0.0445801755105956,0.0181294326971722,0.047244431896561,0.0810060241432805,-0.0116899433292144,0.059456335666042,-0.10182865785252,-0.122929683030128,0.0422011626203369,0.174206074473944,-3.89259106561167e-17,-4.86373014027886e-17,0.984709217798015,0.0123653271434718,-0.00659219759889151,0.0509999999999987,0.075,0.0749999999999996,0.0038000000000012,0.075,-0.075,-0.0411992580400947,0.075,0.0749999999999996,-0.0423999999999993,-5.93299753708016e-14,-7.40880569694455e-15,1.5144783476182e-14,2.55128686201118e-15,-2.10383971778162e-15,-2.70927646125923e-13,0.14052069381188,0.4,0.25,0.319171979709954,-0.0934610444100859,0.25,0.107419272647184,0.4,0.25,0.498597277724299,0.03,0.03,0.03,0.03,0.03,0.03,0.03,0,0,0,0,0.03,1.23266984893848,0,0.110824160501063,0,0,0.03,0.974967263313728,0.03,0,0,0.03,0,0.03,0,0.03,0,0,0,0,0,0,0,0,6.61544563661593,5.98139770335977,5.92816494160757,6.66867839836814,0,0,0.919765158341478,0,0.5,1.04383379056551,0,0,0,0.735016847485686,1.09075206839107,0,0.750697978450406,0,0.878158548987619,0
551,-0.0422802555025976,0.020429392699171,0.046812231896561,0.0833059441512797,-0.0107669264097335,0.0592241505052421,-0.0995287378445206,-0.120629723028128,0.041129922620337,0.174206074473945,3.98604561720079e-16,-4.37555887032325e-17,0.984709217798015,0.0123653271434725,-0.00659219759889073,0.0509999999999995,0.075,0.075,-0.0423999999999984,0.075,0.0750000000000001,0.0126007419599053,0.075,0.0750000000000001,-0.0500000000000002,-6.47564164354046e-15,-2.10811428391845e-15,-1.73128200554822e-14,-1.94421104988495e-15,1.89056740444312e-15,-3.4940940106071e-14,-0.390951422358503,-0.367973191222245,0.196943003089471,-0.102415175128853,-0.4,0.2157039722608,-0.4,-0.4,0.25,0.03,0,0.03,0,0.804729029633477,0.03,0,0,0,0,0,0,0,0,0.03,0.478179080041173,0,0,0.03,0.940746424901231,0,0.03,0,0.492723991980215,0,0.03,0,0,0,1.04520726350844,0,0.5,0,0,0.5,1.01304425926181,4.97091295402925,4.88907699261282,4.47287167631582,5.38711827032624,0.575313070036784,0.5,0,0,1.24421006845435,0.5,0,0,0.686284687010699,0,0.591402393266265,0,1.35518168542827,0,0.5,1.01391020727951
552,-0.0410865456751828,0.0199354964876819,0.0465922448261438,0.0817260721384809,-0.0123468624129332,0.0600000000000023,-0.101108609857319,-0.122209659031328,0.0400375226203373,0.174208271400825,-3.08728974767907e-17,-2.00361062201938e-16,0.98470882913455,0.0129043868025998,-0.00713083813111686,0.0510594190105261,0.0594190105260001,-0.0594190105260098,0.00343010504962969,-0.075,-0.075,0.0500000000000001,-0.075,-0.075,-0.05,-7.1667296661333e-14,1.84281789551711e-14,4.77105562016637e-14,0.0594190105260042,-0.059419010526002,0.00343010504963319,-0.255914450860955,0.4,0.213042989938559,0.369980597520339,-0.0360551036404834,0.15,-0.4,-0.4,0.25,0.03,0,0.03,0,0,0.03,0,0,0,0,0,0,0,0.03,0.03,0,0,0.03,0.03,0.750703922219408,0,0.03,0,0,0,0.03,0.03,0,0,0.5,0,0.515939408950665,0.882446483119289,0,0.5,0.838970135087377,4.79966940560234,4.70140955139609,4.40700716344263,5.09407179355581,0.704547985766185,0,0,0.641898993842938,1.07413821247091,0,0,0,1.42279278183761,0,0.5,0.5,0.869368600217809,0,0,1.78550233769392
553,-0.0401729529918259,0.0179174666522173,0.0465051810490076,0.0798423554017203,-0.0115286868434983,0.059999999999999,-0.103408529865318,-0.124509619033327,0.0399999999999935,0.174208271400825,3.68332786939616e-16,-2.95851793360792e-17,0.98470882913455,0.0141496041519269,-0.00837605548044388,0.0510600488363089,0.0439196274485158,-0.075,-0.0107213384166211,-0.075,0.075,0.00379999999999987,-0.0750000000000001,-0.0749999999999999,-0.0399372831808629,7.44968226679442e-15,-8.60857233578246e-16,-7.85233517756934e-15,0.0600488363094647,-0.0600488363094622,-0.000216484614081802,-0.4,0.322733042899057,0.25,0.0101387125466157,-0.387520977917956,0.153834175783659,-0.4,-0.4,0.25,0.03,0,0.03,0,0.843614700189062,0.03,0.045749839322085,0,0,0,0,0,0,0.03,0.03,0.439257052992715,0,0,0.03,0,0,0.03,0,0.585343087239675,0,0.03,0,0,0,0.5,0,0.5,0,0,0,0.761163897897746,5.08601007010956,4.95309483805671,4.61283977574169,5.42626513242458,0.640830829420873,0,0,0,1.176109060332,0.5,0,1.09500871079301,0.673375362165242,0,0.5,0,1.20865359307637,0,0.5,0.990996667115682
554,-0.038741721227976,0.0166519103923993,0.046483034606618,0.078260517027224,-0.012924874030125,0.0600000000000027,-0.105708449873317,-0.126809579035327,0.0400508963009147,0.175740769304601,-0.000257539628869338,-0.00012742668152999,0.984436562194542,0.0154709631539425,-0.00974582645480009,0.0510805625918748,0.0517007855562589,-0.0502345053941806,-0.0028185946612961,0.0340040445091546,-0.075,0.0174277991289176,-0.0750000000000001,-0.075,0.0138627168191372,0.00717173364051207,-0.0537063084844023,-0.492554160251409,0.0401672065110371,-0.0723561654484635,-0.00057411897145544,0.0998163110056424,0.220189650707565,0.192563733565762,-0.4,-0.127993672042217,0.15,-0.4,-0.4,0.209989353942067,0.03,0,0.03,0,0,0.03,0.03,0,0,0,0,0,0,0,0.03,0,0,0.03,0.03,0,0,0.03,0.03,0,0,0.03,0.03,0,0,0.595325815579186,0,0.5,1.39017044391048,0,0,0.769490084497126,5.090639444958,5.1331299042407,4.79637930770222,5.42739004149649,0.717525051857092,0.5,0,0.545051251577507,1.0368747208357,0,0,0.866622453393893,1.33861139847318,0,0,0.5,0.774397955147299,0,0,1.85361281223626
555,-0.0403459839613277,0.0154287708083305,0.0467076934808826,0.0782468325368125,-0.0126042738898806,0.0599999999999996,-0.108008369881317,-0.129109539037327,0.040588689645969,0.174153099179055,-0.000359924890573732,-0.000257619688431999,0.984718723379626,0.0154043587414389,-0.00979373992540987,0.0510632591825353,-0.075,-0.0700935486837437,0.0227296569287554,-0.0257974476690053,0.0750000000000001,0.010744514838526,-0.0750000000000001,-0.0749999999999999,0.0375480812438219,0.0409432952700488,-0.0783418128767284,0.673964470414992,-0.0247131750214724,0.040441337778478,0.00653373525900328,-0.0205000954319585,-0.4,0.25,0.0258731525029483,-0.4,0.225522830073518,-0.4,-0.4,0.25,0.03,0,0.03,0,0.768566032875804,0.03,0.03,0,0,0,0,0,0,0.03,0.03,0.431042750655686,0,0,0.03,0.858538563536808,0,0.03,0,0,0,0.03,0,0,0,0.834809160870854,0,0.5,0,0,0,0.929878503957324,5.45961228430712,5.36040587120907,5.01556958339152,5.80444857212466,0.592222919923422,0,0,0,1.17269987517201,0.5,0,0,0.622975958065313,0,0.5,0.568751929907907,1.2034529133139,0,0.5,0.939415430016393
556,-0.0402180007643517,0.0144602758456321,0.0467514034761438,0.0776727474226592,-0.0124147199157558,0.0599367418100291,-0.109654639740671,-0.13,0.0408314512698352,0.171964405202171,-2.606055820759e-05,-4.5471404658266e-06,0.985103164965353,0.0148827138413942,-0.00961821969032855,0.0510145809546848,-0.00913856539545267,-0.0121633556045108,4.40640480391547e-05,-0.0149044633847303,-0.041621490876511,-0.00673460106233915,-0.075,-0.0750000000000004,-0.00865191884796201,3.36485738301616e-07,-0.0134834388319574,-0.0529085694750936,-0.0102905575086276,-0.0145809550214246,0.000660170624118037,-0.0633655572236847,0.4,0.25,-0.215064454424124,-0.0643220519546722,0.15,-0.0189485426547002,0.4,0.25,0.226176806019073,0.03,0.03,0.03,0,0.03,0.03,0,0,0,0,0,0.03,1.60889186594449,0,0,0,0,0.03,0,0,0,0,0.03,0,0.03,0,0,0,0,0,0,0.840843555233676,0,0,0.5,6.65857276605039,5.42976785249495,5.43148244921181,6.65685816933352,0,0,0.678688668545041,1.13850381839922,1.07932809314366,1.40239758654223,0,1.84659882307195,0.5,0.560087544816328,0.900969271903067,0,0.973450711140571,0,0.5,1.79734206670921
557,-0.0422496899113291,0.0164772437146046,0.0462504199238631,0.0786061399031686,-0.0107569955692696,0.0599999999999987,-0.108074767727873,-0.128350059997001,0.0410236729634741,0.171868504040478,3.35767669137535e-16,-3.41492356272794e-17,0.985119899971008,0.0148446820696576,-0.00962994164828108,0.0509999999999993,-0.075,0.0750000000000002,-0.0455800117011775,0.075,0.0750000000000001,0.0470650041279971,0.0749999999999999,0.0750000000000001,0.0245535421154499,6.71262957157776e-14,-1.93657687820554e-14,2.28009525499253e-14,8.6090470341562e-16,-4.29906248320586e-15,-3.17470243629038e-14,-0.184243718488844,-0.4,0.25,-0.119666570337542,-0.4,0.227726386094144,-0.4,-0.4,0.25,0.03,0,0.03,0,0.825731498465227,0.03,0.03,0,0,0,0,0,0,0.03,0.03,0.462494734068165,0,0,0.03,0.916937239680131,0,0.03,0,0.458609500355119,0,0.03,0,0,0,0.854004399650124,0,0.514573710752838,0,0,0,0.982283231164938,5.48870023064821,5.31636029773253,5.01175682635478,5.79330370202597,0.517279886893237,0,0,0,1.09909661839223,0.5,0,0,0.605963333129029,0,0.5,0,1.18778006462802,0,0.5,0.942747642087744
558,-0.0406698178985288,0.0151869028180415,0.0451668599004586,0.0776949483445296,-0.0117110534850014,0.0599999999999916,-0.10920154310212,-0.129929996000201,0.0410065438057758,0.172632168062318,-1.86976033007297e-05,0.000106933310203562,0.984986380730508,0.0145287096952244,-0.00971855681399891,0.0510390011460578,0.075,-0.0750000000000006,-0.05,-0.0675190155210462,-0.0750000000000004,0.000871151860009985,-0.075,-0.0750000000000006,-0.0216464578845502,-0.0179297888862438,-2.98981667990156e-05,-0.217111343716241,-0.0390018495599169,-0.0117180321824443,0.00225922784932887,-0.4,0.4,0.25,0.329755285671461,0.4,0.25,-0.125364619489224,0.4,0.25,0.70267677426317,0.03,0.03,0.03,0.0569329720798088,0.03,0.03,0,0,0,0,0,0.03,2.50903356012878,0,0,0,1.54635178083156,0.03,1.86556031130962,0,0,0,0.03,0,0.03,0,0,0,0,0,0,0,0,0,0.5,7.21650846363639,5.57531080589945,5.79089645853817,7.00092281099766,0,0,1.00344808891831,1.2271962098907,0.67117224273187,0,0,0,0.5,1.49082397456016,1.55813859345128,0,0.998632319392411,0,0.916213201799239,0.821741160196267
559,-0.0393653567961974,0.0167426375962659,0.0441691967662609,0.0793346682309803,-0.0108426173721162,0.0595092233814745,-0.107621671089856,-0.128350059996293,0.0401170533989472,0.175389953078785,3.99899588766119e-05,-0.000225619276835063,0.98449912251482,0.014910364890313,-0.00979166188840335,0.0510430168835829,0.075,0.075,-0.05,0.075,0.075,-0.0453288168423324,0.075,0.075,-0.0499999999999999,0.0190675857823644,0.000165431647051931,-0.458271845109662,0.0430209077229099,-0.000972814850377726,0.00178354474409027,-0.154783071153955,0.22372896774568,0.25,-0.0495615038979183,-0.355407288185378,0.156148616714667,-0.283619106830707,0.129704612898523,0.25,0.0689844655561005,0.03,0.03,0.03,0,0.03,0.03,0,0,0,0,0,0.03,0.560467260631701,0,0,0,0,0.03,0,0,0.03,0,0.03,0,0.03,0,0,0,0,0,0,0.645678860147287,0,0,0.5,6.13067732742357,5.76244820105945,5.54991480135398,6.34321072712904,0,0,0.5,0.5,0.869843538596226,0.686073072624703,0,1.01300972605156,0.647769310773533,0,0.5,0,0.674245569013649,0,0.509815601502426,1.44191077011122
560,-0.0393217617461015,0.0163518292716246,0.0438102498991067,0.0809907614509994,-0.00999999999999954,0.0591944470446259,-0.105868658585572,-0.126601526672357,0.0400075999999977,0.176540034131786,-3.64696653175417e-17,-3.16151089840114e-16,0.984293460482568,0.0151404155576125,-0.00977909762400912,0.0509999999999997,-0.0576641995548957,-0.0750000000000001,0.00775715388427452,0.075,0.075,0.00847118315766762,0.075,0.0749999999999997,0.00379999999999996,-1.24071589804015e-14,-3.9331945375359e-15,4.4146848170675e-14,6.0725587873988e-15,1.48069117819114e-16,-1.9549105769008e-15,0.23066588746862,0.4,0.25,0.079443563442409,-0.216122190994883,0.15,0.0690915110065609,0.4,0.25,0.251783032135694,0.03,0.03,0.03,0,0.03,0.03,0.03,0,0,0,0,0.03,1.24446881313516,0,0,0,0,0.03,1.03099274415236,0.03,0,0,0.03,0,0.03,0,0,0,0,0,0,0.5,0,0,0,6.51245541808329,5.88043852424314,5.7390155204558,6.65387842187063,0,0,0.754452195853549,0.670148008818766,0.760452112700998,1.15649434916736,0,0,0,0.686934096598133,0.692372899440301,0,0.531959103623838,0,0.539158396091111,1.19581407484128
561,-0.038835153257587,0.0158128243985069,0.0438384276333725,0.0827558513091685,-0.0099999999999998,0.0599388659751503,-0.103568738577573,-0.124301566670357,0.0399999999999936,0.177441707556815,2.27281904198712e-05,-0.000126397395195647,0.984131337946299,0.0155612938155664,-0.0100413219759496,0.0510431288188247,0.0488700479895665,-0.00839999003408069,0.00277195076245877,0.0749999999999999,0.075,0.05,0.075,0.0749999999999995,-0.0424,0.0207371007710964,4.19227357822257e-05,-0.256849165894107,0.0431297972253628,-0.0201161893901472,0.00230673367054859,0.0727847588127364,0.4,0.25,0.4,0.216310196487328,0.167622308979472,0.305542017892471,0.4,0.25,0.434191330129076,0.03,0.03,0.03,0.03,0.0574627858064561,0.03,0.03,0,0,0,0,0.03,1.81913445993327,0,0.152267544991811,0.03,1.16399639430544,0.03,1.12643992165982,0.03,0,0,0.03,0,0.03,0,0.03,0,0,0,0,0,0,0,0,6.98210438374538,6.49173198083642,6.41381555809202,7.06002080648978,0,0,1.13658866759129,0,0,0,0,0,0,1.14297975631162,1.26798171788914,0,0.5,0,0.967468735467275,0
562,-0.0370456516696296,0.0177902834399849,0.0433859876866258,0.0850557713171678,-0.0100000000000001,0.0599999999999998,-0.101268818569573,-0.122001606668356,0.0399999999999996,0.182503276463923,4.82033484176516e-05,-0.00026123979600913,0.983205352809594,0.0166039500483692,-0.0101353584106759,0.0510496039173398,0.075,0.0749999999999996,-0.0433986862539217,0.0749999999999999,0.0185727762394238,0.0038,0.075,0.0749999999999997,-0.05,-0.00197471882296499,0.000287851068185817,-0.531299648648514,0.0496114354453792,0.000100776702695953,-0.000194610531616526,0.0908871172543914,0.4,0.25,0.4,0.167402354809647,0.228565325598078,0.305556702983398,0.4,0.25,0.469527623771786,0.03,0.03,0.040995207587603,0.03,0.03,0.03,0.03,0,0,0,0,0.03,1.29841884331176,0,0.123142537284849,0.03,0.826735399889165,0.03,0.865710775663401,0.03,0,0,0.03,0.22866640163037,0.03,0,0.03,0,0,0,0,0,0,0,0,6.73779768775056,6.32379322160339,6.30224782372635,6.7593430856276,0,0,0.920430736892822,0,0,0,0,0,0,0.766811654471205,1.10581016610622,0,0,0,0.976105896531792,0
563,-0.0351143100186426,0.0200562752971264,0.0423108215498543,0.087355691325167,-0.00999999999999998,0.0595677999999907,-0.0989688985615743,-0.119701646666357,0.0399999999999932,0.187586436303025,4.7366114733303e-05,-0.000249397309336176,0.982248197882791,0.0175678007487082,-0.0101341547954625,0.0510472105008707,0.075,0.075,-0.05,0.075,0.0750000000000001,-0.0424000000000002,0.075,0.0750000000000001,-0.0500000000000002,-0.00098722812385639,0.000260289333213078,-0.507710925599587,0.0472172811393265,5.03864762705636e-05,-0.000101347926221815,-0.332378348969669,0.0504662217587179,0.25,-0.133652793332157,-0.4,0.25,-0.4,-0.4,0.25,0.03,0.338057459020224,0.03,0,0.767424220001266,0.03,0.0365160031061427,0,0,0,0,0,0,0,0.03,0.433387139543548,0,0,0.03,0.78974597266593,0.487054993644007,0.03,0,0.579973334995557,0.881343977043324,0.03,0.03,0,0,0,0,0.637725461847157,0,0,0,1.05955264777478,4.90384104562406,4.84130842448459,4.4881413964613,5.25700807364735,0.566879220364459,0.5,0,0,1.10580647085004,0.5,0,0,0,0,0.5,0,0,0,0,0.850943612440757
564,-0.0338533174880815,0.0193702496230588,0.0420333585668898,0.0857758193123682,-0.0099999999999999,0.05849656,-0.0998799776674829,-0.121281582669556,0.0399999999999944,0.189245915262982,4.14213606897523e-16,-1.65229610503897e-17,0.981929724347052,0.0186800383808948,-0.010883813614019,0.0510742159279938,0.0675050593450427,-0.075,-0.0115393438511771,-0.075,0.075,-0.05,-0.075,-0.0749999999999999,-0.0500000000000002,-6.71976588539734e-15,1.34504518828054e-14,8.1109343934554e-14,0.0742159279942133,-0.0742159279942199,0.00295015416320525,-0.326641313085975,0.218645047682126,0.25,-0.061115242270439,-0.284244477416647,0.201755610251089,-0.4,-0.4,0.25,0.03,0,0.03,0,0.754594584199901,0.03,0.13195694591567,0,0,0,0,0,0,0,0.03,0.350142705154296,0,0,0.03,0.672408807552683,0,0.03,0.03,0.506906597718719,0.794121553597047,0.03,0,0,0,0.5,0,0.5,0,0,0,0.609454913221855,4.6879553453884,4.72986180086849,4.3636905777681,5.0541265684888,0.635770317449774,0.5,0,0,1.07236005508835,0.5,0,0,0.614304765991769,0,0,0,0,0,0.5,0.886788292554764
565,-0.0328323397489917,0.0180326250704132,0.0419934809609078,0.0850477287613966,-0.0102184234428468,0.0579615673658798,-0.100422844866599,-0.123537322604631,0.039999999999994,0.18739552945465,5.15102047947478e-05,1.56750523630993e-05,0.982284547609967,0.0197882844117732,-0.0120528311089966,0.0510355812124557,0.0205569018447627,-0.0416079767624684,-0.00622690571184261,0.0214035803300913,-0.0322638170459881,0.000720747513803813,0.0120120728076359,-0.0749999999999999,-0.0456253849927515,0.0524737503743193,-0.0810247368130401,0.102534933289709,0.0225306386042469,-0.0376398523795723,-0.00410276248914902,-0.202325404702375,0.157707731801892,0.25,-0.135088673151939,-0.191550874949352,0.25,-0.4,-0.4,0.25,0.03,0,0.03,0,0.743857242725249,0.03,0.0616746180208045,0,0,0,0,0,0,0,0.03,0.365402071001899,0,0,0.03,0.688475403798163,0,0.03,0.03,0.496515624380961,0.788344692723848,0.03,0.03,0,0,0.5,0,0.5,0,0,0,0.806512980302778,4.84588664729078,4.8748232080899,4.51928638923861,5.20142346614206,0.633984973036897,0.5,0,0,1.02598571901876,0.5,0,0,0.580764264040931,0,0,0,0,0,0,0.829488799234392
566,-0.0326087708211685,0.0176981830198689,0.0419541788910237,0.0852831638535403,-0.0104884255265265,0.0579326551238084,-0.101034152150104,-0.125589890944824,0.0399999999999951,0.187075854546249,3.08238906172367e-16,-2.56732584397924e-17,0.98234547112805,0.0200280620295552,-0.0123591758437763,0.0510006139936249,0.000613993625381681,-0.000613993625385439,-0.00142372380754374,0.000613993625380094,-0.000613993625383271,-0.00142372380754234,-0.0654014489794416,-0.0749999999999999,-0.0500000000000002,-2.33539196051726e-14,1.0668765329444e-14,2.97329057278044e-14,0.000613993625376853,-0.000613993625378649,-0.00142372380754379,-0.0617275355375915,0.0291239371091965,0.25,-0.103432546517591,-0.230246647020791,0.25,-0.4,-0.4,0.25,0.03,0,0.03,0,0.717106559172474,0.03,0.0536845783857149,0,0,0,0,0,0,0,0.03,0.344444544214704,0,0,0.03,0.634007975836884,0.436714097424072,0.03,0.03,0.512703010714034,0.771492285972033,0.03,0.03,0,0,0.5,0,0.5,0,0,0,0.83156557470088,4.93816200398838,4.96746096409313,4.61191031626182,5.29371265181969,0.628819054961209,0.5,0,0,1.02798314016711,0.5,0,0,0,0,0,0,0,0,0,0.836797310356648
567,-0.0326087708211682,0.0176981830198694,0.0419535648973976,0.0852831638535402,-0.0104884255265259,0.0579320411301824,-0.1003987141293,-0.127501942756416,0.0399999999999948,0.187075854546247,1.08587599585244e-16,9.06756799019821e-17,0.982345471128051,0.0200280620295551,-0.0123591758437762,0.0509999999999995,1.02151277852707e-13,7.89661741956833e-14,-1.39111301573186e-13,-1.12058910322919e-13,1.34904840199258e-13,-1.12861117977542e-13,0.075,-0.0749999999999999,-0.0410799082571324,-2.03870344459379e-13,-2.29559385119583e-13,5.80318990108322e-13,-1.23842013817405e-14,4.33745435816586e-14,-3.45351546114375e-14,0.0699507612875913,-0.0179760993473238,0.25,-0.4,-0.4,0.240015161735574,-0.4,-0.4,0.25,0.03,0,0.03,0,0.836818654673067,0.03,0.03,0,0,0,0,0,0,0,0.03,0.353694392812983,0,0,0.03,0.635286038839891,0,0.03,0.03,0.466628230685264,0,0.03,0,0,0,0.520120995396386,0,0.5,0,0,0,0.730216813360676,4.97702874498061,5.06329110645877,4.68091850093299,5.3594013505064,0.64660974523758,0.5,0,0,1.03087227304284,0.5,0,0,0.609153763482513,0,0,0,0.993416291287776,0,0.5,0.794485215377306
568,-0.0325725015537262,0.0176183398323572,0.041960895672496,0.0850779495065792,-0.0114224749864415,0.0585239912392716,-0.101978586142099,-0.129801902758416,0.04,0.187865593456785,-7.2523627767148e-05,-1.38506213775558e-05,0.982194754214834,0.0200205304664293,-0.0125086761877347,0.0510137255790959,0.00358500745845814,-0.00733118801773206,0.000376064571384594,-0.0214576633001957,-0.075,0.0500000000000001,-0.0750000000000001,-0.075,-0.0106193794776819,1.65548961780799e-05,-0.00758017648175251,-0.147668770797576,-0.000386635423181973,-0.0137259844334306,0.000703892254587676,0.4,0.0462400675007815,0.220747148174183,-0.4,-0.0367828958454762,0.15,-0.4,-0.4,0.24120425939524,0.03,0,0.0350356828027113,0,0,0.03,0.03,0,0,0,0,0,0,0.03,0.03,0,0,0,0.03,0,0,0.03,0.03,0,0,0.03,0.03,0,0,0.559517632825605,0,0.5,1.20647456490912,0,0,0.5,5.01986591357287,5.12979724659217,4.78571635813818,5.36394680202686,0.724794709003193,0,0,0.5,0.929901386095202,0.5,0,0.717526857349965,1.25678831457774,0,0,0.5,0.648509311523081,0,0,1.71943069689567
569,-0.0339848126358819,0.0163079883428035,0.0424141101928142,0.0847820428538342,-0.0107884362611923,0.0585683009878862,-0.10411351492286,-0.13,0.0403263099194373,0.185179139527583,-0.000321788675748672,-0.000219725932443486,0.982704882648367,0.0197840793260973,-0.0122226326351721,0.051055089850586,-0.075,-0.075,0.0408938568436571,-0.0127843508720091,0.075,-0.0173749464822748,-0.075,-0.0749999999999999,0.037094081203105,0.0159692677259183,-0.0365046896371436,0.591892679716867,-0.0186037688684955,0.0375216536446331,0.00281592361202947,0.0681036706103965,0.0662230811875644,0.230003548794762,-0.0226893923052437,-0.344463350039161,0.174653984479801,-0.4,-0.4,0.222197556599205,0.03,0,0.03,0,0.700095653454275,0.03,0.03,0,0,0,0,0,0,0.03,0.03,0.316427358899996,0,0,0,0.58917176852453,0,0.03,0.03,0,0.759047420374399,0.03,0.03,0,0,0.540811559791575,0,0.509603839431324,0,0,0,0.56167158485431,5.16309067852238,5.28749853486064,4.88852607452037,5.56206313886265,0.679679653161348,0,0,0,1.02293047700559,0.5,0.5,0,0.604575714104527,0,0,0.824486155433156,0,0,0,0.848227841746633
570,-0.0342562835570858,0.0155943661193636,0.0425801510168274,0.0843885802300129,-0.00999999999999993,0.0584771951560638,-0.104164232305321,-0.13,0.0405599915434993,0.180139303508289,-1.45546615358953e-05,-3.72415677340284e-05,0.983641133219732,0.0195077660627686,-0.0118479217878308,0.0510142693123805,-0.00832486701012139,-0.00445736722060269,-0.00315815387421178,-0.0137263719680013,0.0215327176376935,-0.00315802397239703,0.0567529652308117,-0.0749999999999999,-0.009105918796895,-0.016054955245461,0.00296976991562204,0.221274583758671,-0.00301188552084528,0.00550490094204492,-0.00290608175643455,-0.0869154608528186,0.0981187665979252,0.25,-0.00835959782366696,-0.323879085258003,0.15,-0.4,-0.4,0.25,0.03,0,0.03,0,0.711655850465867,0.03,0.03,0,0,0,0,0,0,0.03,0.03,0.343904521286981,0,0,0,0.63697204423953,0,0.03,0.03,0,0.765650900678256,0.03,0.03,0,0,0.544794564597723,0,0.621229751475004,0,0,0,0.572700261003532,5.14019318016645,5.29318730364044,4.90363342574232,5.52974705806456,0.627737797358475,0,0,0,0.958104174918614,0.5,0.5,0,0.622529998577445,0,0,0.940775344398075,0,0,0,0.837931938941026
571,-0.0343618340776994,0.0152448232891621,0.0425956229513043,0.0842901282073423,-0.00999999999999993,0.0584825776413693,-0.105390359913056,-0.13,0.0399999999999946,0.177019327646437,3.78468477851577e-05,7.210138784527e-05,0.984207472460282,0.0195544521841278,-0.0119132666804431,0.0510286011661197,-0.00490437367811821,-0.0298678966130215,0.00134974922636376,-0.00182225728096237,0.0165433979658418,0.000672737327469429,-0.0750000000000001,-0.075,-0.0500000000000002,-0.00348414998513221,0.00741810040216612,0.444714379630954,0.00569379008604558,-0.0100352913265466,0.00110205089263613,-0.0979000839491562,0.0372217456653889,0.25,-0.194364651637234,-0.176282717516397,0.171566227098766,-0.4,-0.4,0.25,0.03,0.46659196101823,0.03,0,0.725984352179198,0.03,0.0616433860545369,0,0,0,0,0,0,0.03,0.03,0.413614780230323,0,0,0,0.511359509521718,0.562293592985614,0.03,0.03,0,0.680404710675567,0.03,0.03,0,0,0,0,0.69116991885546,0,0,0,0.589766803884539,5.13652295005335,5.28032483808991,4.91231995376928,5.50452783437398,0.679854837689992,0,0,0,0.868267270572346,0.5,0.5,0,0,0,0,0.649012405303319,0,0,0,0.858988747256085
572,-0.0350428805192061,0.0137267484108747,0.0421514393408748,0.0839429302628627,-0.00999999999999989,0.0585028290530559,-0.104606179243894,-0.13,0.039999999999995,0.16970165561116,0.000149622542685697,-2.70518171152921e-05,0.985495887222129,0.019436715778797,-0.0122822040640422,0.0510578027561584,-0.0499328079327617,-0.075,-0.0378033469093466,-0.031866309195906,0.0375944098397652,0.000746804174066675,0.075,-0.075,-0.0412658606412979,0.019625562850038,-0.00594805796850967,0.904625371805787,-0.0156335397345044,-0.0160668657371471,0.000305219998060504,-0.0706703619447918,0.0843690514221497,0.25,-0.114517027727104,-0.248577883759691,0.15,-0.4,-0.4,0.25,0.03,0,0.03,0,0.724904808500952,0.03,0.0336656647923505,0,0,0,0,0,0,0.03,0.03,0.43979002661577,0,0,0,0.53066277728945,0.569501084598664,0.03,0.03,0,0.685856438677083,0.03,0.03,0,0,0.640426262302175,0,0.5,0,0,0,0.604415578703467,5.05195199767881,5.28811002315318,4.87324898964756,5.46681303118442,0.804730169420675,0,0,0,0.820747368850063,0.5,0.5,0,0,0,0,0.741597520214914,0,0,0,0.789633955227118
573,-0.0354293545680467,0.0133592644222149,0.0419918934571008,0.0834810696095881,-0.00999999999999994,0.0584840905788392,-0.105356388691495,-0.13,0.0399999999999952,0.165677010089201,-7.86901098465243e-05,-1.53851191697129e-05,0.986180078902401,0.0192245354086465,-0.0121786147581296,0.0510150107885197,-0.00304074087457425,0.0086331982023817,-0.000590950495742987,-0.00853314132186991,0.02784424413971,-0.00189717936689057,-0.075,-0.0750000000000001,-0.0500000000000002,-0.0244452938968554,0.0171521301334232,0.158849333739976,0.000652271927845304,0.0160335942301202,-0.000821478949960244,0.10338477531614,-0.10731281111914,0.245680255459199,-0.4,-0.4,0.15,-0.394694745381251,-0.4,0.25,0.03,0.550795718166084,0.03,0,0.80034119802993,0.03,0.03,0,0,0,0,0,0,0.03,0.03,0,0,0.03,0,0,0,0.03,0.03,0,0,0.03,0.03,0,0,0,0,0.5,0,0,0,0.527876396493515,5.04789684316383,5.26568667199977,4.85906727844409,5.45451623671951,0.796350652170472,0,0,0.560891526649701,0.811439606192608,0,0.5,0.598301145542346,0.810226383912778,0,0,0.74642055974196,0.825315337934914,0,0,0.783830178634605
574,-0.0362855984697236,0.0117201586839034,0.0422026088693289,0.0830528769554917,-0.010773037590064,0.0584067617471284,-0.107109669444233,-0.13,0.0400076003783307,0.165515377983556,1.54425566808556e-16,1.20023747420482e-16,0.986207209287663,0.0189312798922141,-0.01244884941894,0.0510275462391007,-0.0526690985317714,-0.075,0.0196437228623441,-0.0441700090124829,-0.075,-0.00449654127041263,-0.075,-0.0750000000000001,0.00380018916552767,-6.80928387596666e-15,2.14638883003126e-14,6.24914173992674e-14,-0.0275462391012268,-0.027546239101219,0.00140581273990454,0.20638679543061,-0.0395096122824904,0.222914818827284,-0.4,-0.228076201745667,0.15,-0.327275743274891,-0.4,0.245523714513915,0.03,0.541742424633173,0.03,0,0.765336555181038,0.03,0.03,0,0,0,0,0,0,0.03,0.03,0,0,0.03,0,0,0,0.03,0.03,0,0,0.03,0.03,0,0,0,0,0.609730647040596,0,0,0,0.541624439340704,4.99986220236736,5.29768594861707,4.87135259133804,5.42619555964639,0.848440925914534,0,0,0.57739590869058,0.718853274775914,0,0.5,0.5,0.842425168606149,0,0,0.833836821695545,0.712837517467529,0,0,0.738377307534323
575,-0.0374740148442867,0.0100000004029093,0.0420899577445229,0.0819261198641519,-0.0121104803118098,0.0581923719856059,-0.108840041631987,-0.129999999992986,0.0405274349479437,0.165515377984476,-4.68219555254003e-11,1.69127521403209e-12,0.986207209283058,0.0180011891186737,-0.0133789401924291,0.0510602512692827,-0.069512660007642,-0.0750000000004457,-0.0263134105729783,-0.0637798953750937,-0.0678482068388104,-0.00699007989416356,-0.074999999999942,-0.0749999999994445,0.0441484424724968,1.65782643249041e-13,4.42388679721458e-13,-1.93787333651854e-13,-0.0602513015820648,-0.0602513015896131,0.00134254783573367,0.217081601891869,-0.203573378942353,0.209917497493378,-0.399999998503901,-0.143124926398574,0.250000001069289,-0.235231356114332,-0.399999999620102,0.184057517028247,0.03,0.614579123602893,0.127857595601416,0,0.745337860306881,0.03,0.03,0,0,0,0,0,0,0.03,0,0,0,0.03,0,0,0,0.03,0.03,0,0,0.03,0.03,0,0,0,0,0.695265242035691,0,0,0,0.557398453194155,4.97514558159584,5.1898762026863,4.82667722189838,5.33834456238376,0.829555761269029,0,0.5,0.665863958173254,0.533912835456939,0,0.5,0.5,0.839740423326017,0,0,0.933832408429082,0.544097497513923,0,0,0.671709988777871
576,-0.0383618251746374,0.0100000000000001,0.041696988844103,0.0805590000943013,-0.013487031989309,0.0581718058380992,-0.11,-0.13,0.0412385915096204,0.165515377983557,-4.01876705607359e-16,2.75469921328516e-16,0.986207209287663,0.0166525128487907,-0.0147276164623636,0.0510720544038569,-0.0466131622040238,-0.075,-0.0112331288976399,-0.0720544038571552,-0.0720544038571773,0.000584170332638145,-0.075,-0.075,0.0285291435782638,-6.7737496115182e-15,-6.75775221057744e-15,7.56009920292673e-15,-0.0720544038571739,-0.0720544038571706,0.000584170332642841,0.0712343946377041,-0.0925797634463626,0.231424816256126,-0.341178085255163,0.344570939368618,0.15,-0.171188095100557,-0.4,0.197033764256739,0.03,0.552734586666657,0.0455663465769343,0,0.506499592221671,0.03,0.269241540382338,0,0,0,0,0,0,0.03,0,0,0,0.03,0,0,0,0.03,0.03,0,0,0.03,0.03,0,0,0,0,0.563180113616507,0,0,0,0.5,4.62158750364542,4.70872300682608,4.41857700489989,4.91173350557161,0.81905116051213,0,0.5,0.765887978270573,0.5,0,0.5,0.5,0.861764571820014,0,0,1.08423241446472,0.992148058203849,0,0,0.657057421957071
577,-0.0393439316136998,0.0100000000000001,0.0416875172559589,0.078980110860513,-0.0151794935966482,0.0580350649706065,-0.11,-0.13,0.041830452903427,0.165320337484805,1.22832026695242e-05,2.05964433144209e-06,0.986239923385734,0.0151155582635463,-0.016303229487756,0.0510806386140639,-0.0506675548191611,-0.075,-1.48186688389565e-05,-0.075,-0.075,-0.00694401725166132,-0.075,-0.075,0.0304635546911112,7.23698375222162e-07,-0.000794082794516035,0.0249093719536945,-0.0783243910302467,-0.0806386334195213,2.16503131369696e-05,-0.0769341420540517,0.296585742926198,0.165680107494013,-0.4,0.128612971161546,0.15,-0.077607254253309,-0.4,0.155265985376914,0.03,0,0.03,0,0,0.03,0.0848636960820751,0.03,0,0,0,0,0,0.03,0.03,0,0,0.03,0,0,0,0.03,0.03,0,0,0.03,0.03,0,0,0.585619064604328,0,0.552939820500419,0.887325102983265,0,0,0,4.48188657958862,4.54327085237919,4.28189291402259,4.74326451794523,0.711755995800392,0,0,0.632191603851053,0.5,0,0.5,0.5,1.70038961460978,0,0,0.741754728721143,0.949789727561871,0,0,0.525390821646473
578,-0.0397544122464866,0.0100000000000001,0.0416609059155356,0.0780933223082255,-0.0165036568068466,0.0583024218991176,-0.11,-0.13,0.0421767013725372,0.16425739521545,0.000138396371189843,2.31198556973249e-05,0.986417542206252,0.0143074037617308,-0.0174584666423408,0.0510426354487283,0.00337272248635164,-0.0618416664951503,-0.000740676047741716,-0.0190079307573361,-0.0589115746184813,0.0299693679558384,-0.075,-0.075,0.00655240699002073,5.32268657134419e-05,0.0197718629616045,0.280628475465929,-0.00917675579889957,-0.0426367102519235,-0.0016188729484914,-0.0744094916786288,-0.0512547542589446,0.25,-0.4,0.0155836977871498,0.15,-0.118509843888923,-0.4,0.223245437965154,0.03,0.559105120276697,0.0310464655176121,0,0,0.03,0.03,0,0,0,0,0,0,0.03,0,0,0,0.03,0,0.03,0,0.03,0.03,0,0,0.03,0.03,0,0,0,0,0.671984185382136,0.753863092498489,0,0,0.5,4.41135832703379,4.574383459496,4.25972808709066,4.72601369943913,0.785999834058663,0,0.5,0.681911743454063,0.5,0,0.5,0,0.851682482252022,0,0,1.01174663692394,0.858884076107687,0,0,0.607873434893992
579,-0.0400027854652515,0.0100000000000001,0.0418795409359644,0.0778760147237295,-0.0165823364221623,0.0583022443232685,-0.11,-0.13,0.0423658650485033,0.162292115393074,-4.27764937558857e-05,-3.90174282737664e-05,0.986742760535414,0.0141361979761202,-0.0177486267300936,0.0510090884650956,-0.0075111199794669,-0.075,0.0204708072199671,-0.00167425523619848,0.0189132795701504,-0.00793399287470954,-0.075,-0.075,0.0118356375505461,-0.00342837130173289,-0.01795603664718,0.0959469792949688,-0.00487915522554196,0.00529963396479292,0.000250419017856154,-0.0692894703956904,-0.0514145531828855,0.25,-0.4,-0.0840620557260143,0.15,-0.12298625492248,-0.4,0.218085378996644,0.03,0.598338899027279,0.03,0,0,0.03,0.0417282393815318,0,0,0,0,0,0.592919496074901,0.03,0,0,0,0.03,0,0.03,0,0.03,0.03,0,0.62779885011706,0.03,0.03,0,0,0,0,0.672900127057652,0.744204597127372,0,0,0.5,4.42160543446116,4.56409707231857,4.25828246282263,4.7274200439571,0,0,0.5,0.68451284161107,0.5,0,0.5,0,0.835816874177782,0,0,1.00118984259462,0,0,0,0.603382643898356
580,-0.0406299354670661,0.0100000000000001,0.0417803411342929,0.0774610293871439,-0.015193552731214,0.0582901889479853,-0.11,-0.13,0.0420943777995142,0.154962496494474,-0.000211899503841202,-0.000295869191036807,0.987920964440968,0.0137672218103282,-0.0172741761727397,0.0510875444411912,-0.0525796927111914,-0.075,-0.0257739263034756,-0.0370115969951678,0.075,0.00209645119727056,-0.075,-0.075,-0.0343643624494538,0.0190346507035963,-0.00558045642710465,1.15730216093769,-0.0310911441229033,0.0331911584211036,0.00169812524963067,0.0582547586487962,-0.083777683318486,0.25,-0.4,-0.12504088504713,0.15,-0.110642493764813,-0.4,0.25,0.03,0.592263880294761,0.064731770934492,0,0,0.03,0.03,0.03,0,0,0,0,0.586859431289639,0.03,0,0,0,0.03,0,0,0,0.03,0.03,0,0.690385956240764,0.03,0.03,0,0,0,0,0.695928915390602,0.812856203266556,0,0,0,4.42236756599889,4.56145326956601,4.25225054914092,4.73157028642399,0,0,0.5,0.690207766903857,0.5,0,0.5,0.5,0.836276591791898,0,0,0.996362333692918,0,0,0,0.594314943046281
581,-0.0416876561399683,0.00999999997525543,0.0409981946472077,0.0766934158136798,-0.0133443242296766,0.0582868968638712,-0.110000000004832,-0.130000000003355,0.0411241657653376,0.143833846065388,-0.000199752997554195,-0.000292230863516582,0.989602420189837,0.0131263709171848,-0.0166428499039732,0.0510853464487483,-0.0529332773558919,-0.0750000000014695,-0.0500000001208522,-0.0388861299652854,0.0749999999996555,0.000139247570190492,-0.0749999999991522,-0.0750000000016935,-0.0500000000062791,-0.000238839146166186,-0.00211192885471566,1.11831501219172,-0.0320616794988413,0.031587558005986,2.6661183884876e-05,0.0513666696759356,-0.0798336734466811,0.24999991731685,-0.400000002852487,-0.149211749670684,0.150000000137848,-0.11284846566177,-0.400000001158623,0.249999995703954,0.03,0.58524665270713,0.0666245896387057,0,0,0.03,0.03,0.03,0,0,0,0,0.58548334551333,0.03,0,0,0,0.03,0,0,0,0.03,0.03,0,0.708847111785621,0.03,0.03,0,0,0,0,0.722880450567253,0.812950342216923,0,0,0,4.41785503634614,4.54566993356715,4.23179810266492,4.73172686724836,0,0,0.5,0.698487414210273,0.5,0,0.5,0.5,0.837053693691598,0,0,0.994031844528173,0,0,0,0.601515931240381
582,-0.0428319267761149,0.00999999999976458,0.0401370242099199,0.0758470636226907,-0.0113422975399826,0.0583049757864804,-0.110000000002686,-0.130000000001865,0.0400871316897454,0.132061271756292,-0.000274577260888832,-0.000340189608243516,0.991242153262836,0.0124396642649628,-0.0159215373490429,0.0510939178678652,-0.060110155364469,-0.0749999999999442,-0.0373824311907436,-0.0452677436259289,0.0749999999994316,0.000534565502397351,-0.0750000000004482,-0.0749999999983983,-0.0499999998734089,0.00301616999012117,-0.00767901788430135,1.17343801427465,-0.0368345356573497,0.0380274054096985,0.000100223057916955,0.0696784515152366,-0.0873541464391606,0.250000015279028,-0.39999999962895,-0.162792747171081,0.150000000059745,-0.111774454158132,-0.399999998904254,0.250000086609665,0.03,0.592522983194607,0.0719868622292976,0,0,0.03,0.03,0,0,0,0,0,0.595954795837883,0.03,0,0,0,0.03,0,0,0,0.03,0.03,0,0.723948226614916,0.03,0.03,0,0,0,0,0.743813647862253,0.817294472632591,0,0,0.5,4.41226326300479,4.54163961030811,4.24411853850891,4.70978433480398,0,0,0.5,0.706747764781895,0.5,0,0.5,0.5,0.846862462389583,0,0,1.01549753884813,0,0,0,0.610642870213712
583,-0.0440094754499354,0.0100000000019773,0.0399999998662461,0.0749052065245373,-0.00999999999955852,0.0582732265565036,-0.110000000005908,-0.130000000004097,0.0400000066205408,0.123105362452959,-0.000351114849569016,-0.000333733039731513,0.992393788825093,0.0116837964157769,-0.0151613304359251,0.0510748607719312,-0.0554914838804028,-0.0749999999999918,-0.0151070492299023,-0.0597092694887258,0.0749999999999905,-0.0056310677830921,-0.0750000000000045,-0.0749999999983217,-0.00633323398346452,-0.013419379428569,0.00356501273279549,0.772548027365575,-0.0344460102705614,0.0408875360804622,-0.00147801428253105,0.0746558421121313,-0.10002758764303,0.249999996696852,-0.399999999574559,-0.0876465875774219,0.150000000152105,-0.111911409444949,-0.399999998851793,0.250000147860619,0.03,0.615912230848486,0.0653670471348629,0,0,0.03,0.03,0,0,0,0,0,0.604992975661735,0.03,0,0,0,0.03,0,0,0,0.03,0.03,0,0.735505500300834,0.03,0.03,0,0,0,0,0.764347450712603,0.863776719321252,0,0,0.5,4.38688733522121,4.52303623954195,4.218726685027,4.69119688973617,0,0,0.5,0.710409092262643,0.5,0,0.5,0.5,0.842204331458503,0,0,1.01008366948994,0,0,0,0.609444349213815
584,-0.0450655181028237,0.0100000000011995,0.0400000000203487,0.0737004133855915,-0.00999999999916782,0.0582558078048616,-0.110000000008947,-0.130000000006174,0.0400000098213578,0.115359230016163,-0.000393741214166548,-0.000346819322138048,0.993324023220057,0.011008416013441,-0.0143040261588597,0.0510779577414997,-0.0529862916000608,-0.075000000000008,-0.0165084140038412,-0.0596637151270983,0.0749999999999704,0.000181663172834922,-0.0750000000000138,-0.0749999999959122,-0.0374877537915807,0.000436681211199181,-0.00198925208160037,0.801479564774956,-0.0337060287444155,0.0443001463617755,8.81215839441231e-05,0.0602456579683016,-0.0911816831184605,0.250000001457424,-0.39999999799915,-0.172193125349255,0.221721123098104,-0.110967229147118,-0.399999997203393,0.250000255845353,0.03,0.616390045189355,0.0623497909309228,0,0,0,0.03,0,0,0,0,0,0.617450143441008,0.03,0,0,0,0.03,0,0,0,0.03,0.03,0,0.696049389118057,0.03,0.03,0,0,0,0,0.762056475605334,0.949720608608549,0.5,0,0.5,4.3713989044898,4.49831822095402,4.1953131522633,4.67440397318052,0,0,0.5,0.744002075607974,0.5,0,0.5,0.5,0.83436411412222,0,0,1.04231191171147,0,0,0,0.592070924241708
585,-0.0462613512960864,0.00999999984265781,0.0399999996842759,0.0724245114234878,-0.00999999989016011,0.0582435443280512,-0.110000000181756,-0.13000000013974,0.0400000013891472,0.108535726768846,-0.000290972921114738,-0.000258583236689244,0.994092648737697,0.0102058193390236,-0.0133278308278942,0.0510785103460145,-0.0649041281503931,-0.0749999999936746,-0.0152201519507801,-0.0675990277807997,0.0749999999955173,-0.000484979782265448,-0.0750000000005328,-0.0749999999852013,-0.00811674257198259,-0.00821279251080868,0.00969384137783454,0.59135360436562,-0.0454830305525808,0.053732231707024,8.00838025086383e-05,0.00313785424966765,0.236225084089461,0.149999990521545,-0.399999944097992,-0.0667412754712284,0.149999995586694,-0.100408645185716,-0.399999989875599,0.23243612731734,0.03,0,0.0843652736844302,0,0,0,0,0,0,0,0,0,0,0.03,0,0,0,0.03,0,0.03,0,0.03,0.03,0,0,0.03,0.03,0,0,0.757421958897734,0,0.709099520415546,0.830469438284697,0.5,0.5,0.5,4.35348858321067,4.44691886128972,4.16793944745483,4.63246799704555,0.768433414866285,0,0.5,0.670126334756074,0.5,0,0.5,0,1.78681219606358,0,0,0.767420079111399,0.784900141379779,0,0,0.519249847125943
586,-0.0464948330242698,0.0100000014350977,0.0402243631716376,0.0720391371372428,-0.010270392366479,0.0584842790889173,-0.11000000009069,-0.130000000069908,0.0403757778050784,0.10654748757622,-1.18405314186271e-11,-1.66318536276856e-12,0.994307614830462,0.0100084307596079,-0.0130083172956851,0.051008505921554,0.0117999028669526,-0.0745365863641543,0.0294306490729248,0.00365113327244432,-0.0506324714398299,0.0259467412257136,-0.075000000000234,-0.0750000000016915,0.0402054029171844,2.36563382273776e-13,-6.6736912955647e-15,1.73133869881111e-13,0.0085059036356969,-0.0085059036411031,0.00159865561116034,-0.135099040648596,0.266966391645655,0.150000000389219,-0.399999998788014,0.0992725247104652,0.149999999667816,-0.103314491359673,-0.400000001157269,0.206411179301159,0.03,0,0,0,0,0.03,0,0,0,0,0,0,0,0.03,0,0,0,0.03,0,0,0,0.03,0.03,0,0,0.03,0.03,0,0,0.870193373506708,0.5,0.789704095981133,0.785132221351314,0,0.5,0.5,4.27362466806139,4.51651000718994,4.14232611011138,4.64780856513994,0.895056814391219,0,0.5,0.649933338397258,0.559648525968025,0,0.5,0.5,1.81845908021768,0,0,0.747323283667242,0.620455397856032,0,0,0.530338240450974
587,-0.0464365850358285,0.01,0.0412319683647251,0.0719463054257615,-0.0109797386149322,0.0591297220866606,-0.11,-0.13,0.0413970606971388,0.106547487593308,-3.08943639242218e-17,-8.89836661312997e-17,0.994307614819254,0.0100689767396609,-0.0130688632732751,0.051,0.000112713784536399,-0.075,0.05,-0.00686023396473598,-0.0289769171461314,0.0297725637382209,-0.075,-0.075,0.05,1.72765269508258e-14,-1.08269955699372e-14,-2.53044109269555e-14,-2.34912306877046e-15,-1.2016904681351e-15,2.86748525382915e-16,-0.029309552336593,0.186708025473666,0.190053254000103,-0.4,0.0774465297758185,0.15,-0.0563547958878385,-0.4,0.206102763439532,0.03,0,0.117302102012552,0,0,0.03,0,0,0,0,0,0,0,0.03,0,0,0,0.03,0,0,0,0.03,0.03,0,0,0,0.03,0,0,1.01645973938103,0,0.872965216384772,0.666176687473584,0,0.5,0.5,4.11578783049099,4.5294564216956,4.11290943451008,4.5323348176765,0.912945911772215,0,0.521242435048287,0.550857602242825,0.5,0,0.5,0.5,1.86791648163901,0,0,0.786769183213918,0.5,0.5,0,0.5
588,-0.0463560475132856,0.0100000000000001,0.0417237683647251,0.0719143156209494,-0.0113399489811306,0.059448431849322,-0.11,-0.13,0.0425046606971389,0.106547487593308,-2.40844589681234e-17,-5.6324155655849e-17,0.994307614819254,0.0101284971062731,-0.0131283836398872,0.0510054574954372,0.00692456841494852,-0.075,0.00380000000000003,0.00333978713834427,-0.00914336990937052,0.00432433648378809,-0.075,-0.075,0.05,9.83778869408423e-15,-1.59086479202776e-14,3.40229564108161e-14,0.00545749543718764,-0.00545749543718269,0.000273444634201434,-0.0927921259948452,0.240391260164026,0.15,-0.4,0.0123356270545496,0.15,-0.0869207941763545,-0.4,0.195952823094598,0.03,0,0,0,0,0.03,0,0.03,0,0,0,0,0,0.03,0,0,0,0.03,0,0,0,0.03,0.03,0,0.258842635236112,0,0.03,0,0,0.81849596461481,0.5,0.693046053050416,0.625720469208067,0,0.5,0,3.85967827063305,4.12497120313598,3.76169442112695,4.22295505264208,0.894724073524059,0,0.604694575637015,0.622828227904684,0.5,0,0.5,0.5,1.99496419616805,0,0,0.828891210146944,0,0.5,0,0.521059037401626
589,-0.0463301554576742,0.0100000000000001,0.0423871283647251,0.0719493882782701,-0.0112810515343763,0.0595200086875418,-0.11,-0.13,0.0436122606971389,0.106547487593308,-4.73248454674868e-18,3.75181219832237e-18,0.994307614819254,0.0101442309253471,-0.0131441174589611,0.051,7.04677914082697e-05,-0.0685097894777579,0.05,0.00189777195855141,0.00689200581817399,0.00713762829338308,-0.075,-0.075,0.05,-1.72514720104275e-14,-2.12779935939892e-15,-2.27719055732608e-14,-2.0401446779424e-15,3.86733058941602e-16,6.54546607069786e-16,-0.0816542467159111,0.232173809381383,0.15,-0.4,-0.00648754825373522,0.15,-0.0860060657664105,-0.4,0.19451710704786,0.03,0,0,0,0,0.03,0,0.03,0,0,0,0,0,0.03,0,0,0,0.03,0,0,0,0.03,0.03,0,0.26051800492223,0,0.03,0,0,0.815995806628018,0.5,0.690159842911461,0.628345232870649,0,0.5,0,3.84848398816083,4.11410060480231,3.74894510517735,4.21363948778578,0.897476929941055,0,0.600923491748499,0.625449949850931,0.5,0,0.5,0.5,1.99643385377692,0,0,0.826815600426868,0,0.5,0,0.521334225339486
590,-0.0463324716525009,0.0100000000000001,0.0434947283647251,0.0720062482553025,-0.0110567628448602,0.0597512525651525,-0.11,-0.13,0.0447198606971389,0.106547487593308,-1.44495231852682e-16,1.49400496848131e-16,0.994307614819254,0.0101442309253471,-0.0131441174589611,0.0509999999999998,-0.000124951387507325,-0.0700958755435467,0.05,0.00361046855127562,0.0147538780410505,0.0151838883018917,-0.075,-0.075,0.05,-8.65939439205132e-14,1.28547662755841e-14,-2.27481583012412e-14,-1.18975166430396e-15,4.07838145615827e-15,-2.27093448950236e-15,0.209270283430926,-0.148527432875426,0.15,-0.4,-0.185708076559416,0.15,-0.10272261694999,-0.4,0.235327744038873,0.03,0.815736607972252,0.159990663477108,0,0.540861709191488,0.03,0.03,0,0,0,0,0,0.77738606556447,0.03,0,0,0,0.03,0,0,0.635187048305056,0.03,0.03,0.774764639661644,0.424255754154528,0,0.03,0,0,0,0,0.7774666658267,0,0,0,0.5,3.86485700771316,4.16608602237651,3.74665222560045,4.28429080448921,0,0,0.700938430277524,0.713299537953717,0.5,0,0.5,0.5,0,0,0,0,0,0.565964621116785,0,0.5798351484319
591,-0.0463632359381029,0.01,0.0439867885232806,0.0718865433130694,-0.0112651967592078,0.0597705285865974,-0.109308061767506,-0.12835005999499,0.0452116606980069,0.105422924767111,0.000108903174600169,1.15907183950309e-05,0.99442749513108,0.0100470737871346,-0.0134735421217297,0.0510306804171683,-0.00230983270269784,-0.075,0.00383610409347565,-0.00945998232072782,-0.0192772715649252,0.0009491093536426,0.075,0.075,0.00380000007891244,3.51917318727444e-05,0.0125052702499825,0.219036499176305,-0.00862892668396644,-0.0306812707946275,0.00160003670945257,-0.0190665044956373,0.197742155257099,0.15,-0.4,0.0147015383100165,0.15,-0.15856126133784,-0.4,0.236448726280988,0.03,0,0,0,0,0.03,0.0956938919638792,0,0,0,0,0,0,0.03,0,0,0,0.03,0,0,0,0.03,0.03,0,0.255617742457933,0,0.03,0,0,0.827924406652088,0.5,0.728153866374721,0.542817199473193,0,0,0.579958946406409,3.7534371104548,4.02805189814751,3.64961364162102,4.1318753669813,0.894768008282026,0,0.615180352492516,0.63036166306257,0.5,0,0.5,0.5,1.95438241450918,0,0,0.777411593016045,0,0.5,0,0.5
592,-0.0464848573313813,0.01,0.0446452805757026,0.0718076494483881,-0.0110314239678186,0.0596770195927222,-0.11,-0.12992999599819,0.0458750206994273,0.102540844299829,6.80223574856645e-06,-3.1189542541575e-05,0.994728838527269,0.00996329042079215,-0.0136277350852971,0.0510175443326977,-0.00959544730204674,-0.0669348690790919,0.05,-0.00177741999337861,0.0307498644039182,-0.0135159032115928,-0.075,-0.075,0.05,0.00253610048493863,-0.00689330617791875,0.296500657880045,-0.00438021408530009,0.00190731058476362,8.74845009767915e-05,0.217530808957332,-0.145209173944942,0.15,-0.4,-0.196073672226443,0.15,-0.101482787226467,-0.4,0.235601110526948,0.03,0.79672616348645,0,0,0.526896864984239,0.03,0,0,0,0,0,0,0.761218888558498,0.03,0,0,0.186486701127492,0.03,0,0,0,0.03,0.03,0,0.443473714413073,0,0.03,0,0,0,0.5,0.795372525255057,0,0,0.5,0.5,3.81391613480166,4.117223095288,3.69583609578927,4.23530313430038,0,0,0.686561703100327,0.710809548059089,0,0,0.5,0.5,0.843492582789863,0,0,1.01590028175385,0,0.580770528317348,0,0.581032253246473
593,-0.0476278620547195,0.0100000000000001,0.0455580930301486,0.0712041513234043,-0.0108635274842436,0.0597116520292879,-0.11,-0.13,0.0463668207029677,0.100425151183117,1.44185106629483e-05,-0.000142063634553842,0.994944646836837,0.00939366250394995,-0.0136820697833439,0.0510507253655183,-0.075,-0.075,0.0420735847794121,-0.0520992483123242,0.00839044370860439,0.00251970966208084,-0.075,-0.075,0.00380000032185529,0.00946075865440367,-6.8606140939354e-05,0.285586920463627,-0.050727086669952,-0.00638328961686726,0.00247079602772792,0.12561847432101,0.233374362468579,0.15,-0.4,0.0278320280636027,0.15,-0.0224845010269209,-0.4,0.240707904030146,0.03,0,0,0,0,0.03,0,0,0,0,0,0,0,0.03,0,0,0,0.03,0,0,0,0.03,0.03,0,0.336720738540316,0,0.03,0,0,0.863815867141924,0.5,0.729120678152954,0.657091688932505,0,0.5,0.5,3.77255224921031,4.01366337875166,3.65338811740071,4.13282751056126,0.910052425227436,0,0.533132166622116,0.655776598762977,0.5,0,0.5,0.5,1.96943294265604,0,0,0.795216782174694,0,0.5,0,0.5
594,-0.0475561625737039,0.01,0.04654103416222,0.070769605034662,-0.0106311598850211,0.0596465219606312,-0.11,-0.13,0.0470301807082135,0.0982163909232793,-8.43185158175965e-10,7.87779412089363e-10,0.995165082614491,0.0089653279416577,-0.0137117386145688,0.0510023774658252,0.00107435222124008,-0.0506240401703357,0.0444082006137431,0.00527617322219506,0.00550045462432197,-0.004683328870798,-0.075,-0.075,0.05,0.018423522539842,-0.0275984666170529,2.75042864644453e-06,0.000969833915770649,-0.00331668561963408,-0.00118527062255012,0.199560872357733,-0.156651514775683,0.15,-0.4,-0.156057909239348,0.15,-0.0993728226607726,-0.4,0.236377389179061,0.03,0.786227649134536,0,0,0.51810887200773,0.03,0,0,0,0,0,0,0.756451819956465,0.03,0,0,0.188748365156146,0.03,0,0,0,0.03,0.03,0.75099469379338,0.432327431935834,0,0.03,0,0,0,0.5,0.835808398199635,0,0,0.5,0.5,3.77730575074074,4.08769984254125,3.66125683252038,4.20374876076162,0,0,0.667113759771812,0.707322206037697,0,0,0.5,0.5,0.8368615951294,0,0,0,0,0.568967491817587,0,0.577140369002052
595,-0.0478724868289913,0.0100000000000001,0.0469210039640116,0.0704224657106172,-0.0109670052034686,0.0596763939065585,-0.109625687113601,-0.128877913927223,0.0475219806958252,0.0982151227043125,-1.32751922962235e-16,-4.49160363229872e-17,0.995165207225503,0.00862770576020877,-0.014049610914568,0.0510322494837909,-0.0241973120829495,-0.075,-0.00179148616610727,-0.0322494837909244,-0.0322494837909098,0.00170140840348673,0.0655391107998675,0.075,0.00379999887379904,-9.87970842937488e-15,-2.77834777930623e-14,-2.0025405151756e-14,-0.0322494837909129,-0.0322494837909154,0.00170140840348759,0.0329324397143539,0.18744055689299,0.15,-0.4,0.0409660586465556,0.15,-0.14073291330915,-0.4,0.239216498746674,0.03,0,0,0,0,0.03,0.110902330599558,0,0,0,0,0,0,0.03,0,0,0,0.03,0,0,0,0.03,0.03,0,0.248053493352462,0,0.03,0,0,0.862551519522059,0.5,0.764110248954479,0.539959596438017,0,0,0.578673653122809,3.70322408088979,3.9705171834398,3.59348029812865,4.08026096620094,0.898532439406086,0,0.564115475437131,0.636422366506549,0.5,0,0.5,0.5,1.92919424266436,0,0,0.780006328110632,0,0.5,0,0.5
596,-0.0481836610920969,0.0100000000000001,0.0474715263640956,0.070109421030173,-0.0108071546960964,0.0595674672585303,-0.11,-0.13,0.0481853406755536,0.0960507196774126,1.74741756286183e-06,-3.10299648969574e-05,0.995376492057864,0.00830357983149236,-0.0142064711521428,0.0510187876818705,-0.00955839685737059,-0.0626134673511408,0.0491929376508437,-0.000792434055435599,0.0344766293522595,-0.0151489084884309,-0.075,-0.075,0.05,-0.00872692313733435,-0.00360300013024585,0.320263547018499,-0.00372624532172272,0.00304545353714959,3.91565524469807e-05,0.216303245500758,-0.137388555884143,0.15,-0.4,-0.181706322352457,0.15,-0.0974297877403541,-0.4,0.238041388874999,0.03,0.770847704787408,0,0,0.516696826466923,0.03,0.0533690086610811,0,0,0,0,0,0.743335246004209,0.03,0,0,0.19044829600722,0.03,0,0,0,0.03,0.03,0,0.441900696329176,0,0.03,0,0,0,0.5,0.844398389787766,0,0,0,0.5,3.73091754854626,4.04352581768264,3.61566211190785,4.15878125432104,0,0,0.648572850574674,0.702628903448002,0,0,0.5,0.5,0.830624376438471,0,0,1.0120113746448,0,0.596614369120597,0,0.581803272595008
597,-0.0485665242267311,0.01,0.048277636832223,0.0697613782163838,-0.010796838116454,0.0595639904147603,-0.11,-0.13,0.0486771406755536,0.0948489729931398,5.05737331917484e-06,-5.29605795226701e-05,0.995491677922698,0.007981553291215,-0.014334539568231,0.051025732170283,-0.023007589300462,-0.075,0.0330339508696791,-0.0263094051397086,-0.00975797095329744,0.00103560948495563,-0.075,-0.075,0.00380000000000006,4.81724855358178e-05,-1.12765341109421e-05,0.106403008681876,-0.025732462858591,-0.0152864844123912,0.00103476257429813,0.00979267350805795,0.278834047328591,0.15,-0.4,0.0884977962594548,0.15,-0.0112231509915588,-0.4,0.159312014345294,0.03,0,0,0,0,0.03,0,0.052462981472519,0,0,0,0,0,0.03,0,0,0,0.03,0.03,0.03,0,0.03,0.03,0,0.239140882220219,0,0.03,0,0,0.884729167912703,0.5,0.763970826063795,0.615708619126229,0,0.5,0,3.69735803989241,3.95913518162603,3.60031167475973,4.05618154675872,0.816965834227447,0,0.5,0.554196368597719,0.622113810606899,0,0,0,1.94398191418686,0,0,0.825181352849751,0,0.5,0,0.5
598,-0.0486364032244458,0.0100000000000001,0.0493126541923346,0.0696368483208485,-0.0108834363539802,0.0595579281648264,-0.11,-0.13,0.0493405006765729,0.0944747145892656,3.92541496124978e-12,3.72660774788442e-13,0.995527261464958,0.00785480028821442,-0.0144784754880684,0.0510020053892416,0.00268924161317979,-0.0658337656299168,0.05,0.00285578193252448,0.000776399118009127,0.00299374983984095,-0.075,-0.075,0.05,1.1748092835119e-07,-0.00407937142304433,7.88573062747947e-09,0.001797337539258,-0.00200539356921821,-0.000155991007814561,0.326195058010714,-0.146964301753359,0.15,-0.4,-0.130638613565756,0.15,-0.0816105029452277,-0.4,0.221240571868727,0.03,0.768451603476546,0,0,0.427871306597285,0.03,0.0793245565634852,0,0,0,0,0,0.689165678714927,0.03,0,0,0,0.03,0.03,0.03,0,0.03,0.03,0,0.35088335151922,0,0.03,0,0,0,0.5,0.855298013176642,0,0,0,0.527143083848688,3.66932427888264,4.04060950385706,3.61970515170811,4.09022863103159,0,0,0.60460120813649,0.638025408264376,0.508755918777403,0,0,0,0.843310303190417,0,0,1.03562133604554,0,0.540041535425715,0,0.5
599,-0.0489015574165914,0.00999999999999997,0.0499082796023865,0.0694013023402407,-0.0109282852451636,0.0595775176255592,-0.11,-0.13,0.0498323006765729,0.0938527854085473,5.05557130058558e-06,-5.35114498832824e-05,0.995586090380759,0.00762901378344262,-0.0145878692456609,0.0510210010045252,-0.0194617554467136,-0.075,0.0132390352844777,-0.0215950146790035,-0.00513256252350898,0.00107834738160469,-0.075,-0.075,0.00380000000000001,0.00463531097995038,-9.16984403483306e-06,0.107499471983129,-0.021001230964571,-0.010677573578786,0.00105228697325578,-0.000795096517387965,0.271799402490053,0.225331031083883,-0.4,0.105796372009067,0.15,0.00602564315733889,-0.4,0.245602704364151,0.03,0,0.0681462926147249,0,0,0.0437112418376295,0,0.057735618774968,0,0,0,0,0,0.03,0,0,0,0.03,0,0.03,0,0.03,0.03,0,0.251080149843745,0.03,0.03,0,0,0.956897021736722,0,0.796706958417949,0.578519546936278,0,0.5,0,3.57410676045477,3.92960969805502,3.56096461232826,3.94275184618152,0.836676468988601,0,0.5,0.532216615339866,0.567379855593715,0,0.5,0,1.94759209361376,0,0,0.880144452694763,0,0,0,0.5
