timestep,x_0,x_1,x_2,x_3,x_4,x_5,x_6,x_7,x_8,x_9,x_10,x_11,x_12,x_13,x_14,x_15,x_16,x_17,x_18,x_19,x_20,x_21,x_22,x_23,x_24,x_25,x_26,x_27,x_28,x_29,x_30,u_0,u_1,u_2,u_3,u_4,u_5,u_6,u_7,u_8,lambda_0,lambda_1,lambda_2,lambda_3,lambda_4,lambda_5,lambda_6,lambda_7,lambda_8,lambda_9,lambda_10,lambda_11,lambda_12,lambda_13,lambda_14,lambda_15,lambda_16,lambda_17,lambda_18,lambda_19,lambda_20,lambda_21,lambda_22,lambda_23,lambda_24,lambda_25,lambda_26,lambda_27,eta_0,eta_1,eta_2,eta_3,eta_4,eta_5,eta_6,eta_7,eta_8,eta_9,eta_10,eta_11,eta_12,eta_13,eta_14,eta_15,eta_16,eta_17,eta_18,eta_19,eta_20,eta_21,eta_22,eta_23,eta_24,eta_25,eta_26,eta_27
0,-2.84730820857117e-09,0.0700000057063619,0.0499999992751853,0.0700000102720517,-0.0550000217525634,0.0499999978108648,-0.0700000110184398,-0.0550000220465345,0.0499999989943013,0.999999999460232,-2.01214110498856e-09,7.28258619824946e-10,-3.19425875659857e-12,1.37603643084774e-09,-3.87131265729064e-09,0.0519999994190822,-2.07385798595743e-12,5.18001788270453e-09,-1.286416055298e-10,-4.10800659576524e-10,8.8932082317418e-11,-7.52719919969007e-10,9.21497971758554e-10,2.80221074949248e-10,-2.48455894503143e-10,5.61756355201213e-11,4.81736358530729e-12,1.07445469084775e-11,2.08386413126671e-09,-1.28237836500384e-09,-6.04104349365964e-10,-0.0292924233650946,-0.127857027697601,0.157982042735011,0.15125522877248,-0.122597586116142,0.19046481108795,0.117744131311181,0.105242086667111,0.176227969081618,0,0,0,0,0,0,0,0,0,0,0,0,0,0,0,0,0,0,0,0,0,0,0,0,0,0,0,0,0.421837735080247,0.485236752847347,0.609338077327322,0.297736410600271,0.388237003763009,0.675396109555649,0.513033654001339,0.550599459317317,0.368208992381463,0.675833089986723,0.509116028333758,0.534926054034425,0.0264854170049446,0.249998887878617,0,0.514831697951186,0.228305889816861,0.0158259185561123,0,0.487233809682551,0,0.342152207011445,0.144174676528099,0.0563462633365137,0.309096571049606,0,0.1279984282728,0.0160523465811456
1,-0.00145950670511414,0.0694463308378358,0.0505406920595477,0.07019988809919,-0.0538783151381912,0.0505406910464395,-0.0698308887329254,-0.056123360306137,0.0505406916012895,1.00000000011184,-2.89280119312769e-09,1.04929476920805e-10,-1.10480924546264e-10,1.4878839487754e-09,-2.75075190191186e-09,0.0519974434987438,-0.0750000000179102,-0.055092002962105,0.0500000000281246,0.019888257663618,0.0750000000485533,0.0499999998688466,0.0168282472876487,-0.0749999997523278,0.0499999999286225,2.58876947534054e-11,7.73606791465149e-12,-1.0676777188798e-10,2.9163518397613e-09,2.90362205569604e-09,-2.90504885157886e-05,0.0279529867930411,-0.244413344338045,0.150000016724345,0.241612188447149,-0.210085377513289,0.160424481514629,0.118670542673476,0.162950060491289,0.169334637139658,0,0,0,0,0,0,0,0,0,0,0,0,0,0,0,0,0,0,0,0,0,0,0,0,0,0,0,0,0.409658736993561,0.459856121849898,0.585332328770249,0.284182530073218,0.365055986191447,0.64740230923667,0.488256001761166,0.524202293666952,0.355419256018082,0.654647322890386,0.489760436762743,0.520306142145718,0.0224084233916629,0.238504865792152,0,0.507497753584003,0.22624293181966,0.017069936964817,0,0.484050069649199,0,0.348597037580252,0.146993990747704,0.0604949144051458,0.188198071660688,0,0.138193780548036,0.0276730482702133
2,-0.00313918629097397,0.0689512643329277,0.0515835960284396,0.0711776588437464,-0.0523383950296632,0.0515843796169768,-0.0708163358326704,-0.0577118634195803,0.0515698854719559,0.999999996660591,-1.93113465490885e-09,1.22407020049977e-09,-3.24624862663773e-09,1.01490366340554e-08,5.98654529711525e-09,0.0519974248710821,-0.074999915829891,0.00528347659157676,0.0499999998948671,0.0750000016434008,0.0749999988443417,0.0500000004675994,-0.0750000035708085,-0.0749999963262359,0.0500000002580115,-7.07090631643084e-11,3.59330831129722e-11,-3.8582856775726e-09,5.00553962836909e-08,3.00332489576412e-08,-4.20589878157208e-07,0.0312517148969177,-0.318893503200771,0.149999937482887,0.178760906277326,-0.197097772223012,0.150000279248714,0.191304437913141,0.159280206041813,0.158958509763369,0,0,0,0,0,0,0,0,0,0,0,0,0,0,0,0,0,0,0,0,0,0,0,0,0,0,0,0,0.395347882019599,0.444848999505726,0.570133988630046,0.270062892895283,0.384771535434615,0.658638192813008,0.499861241093034,0.543548487154582,0.396959481851968,0.686967113208759,0.521166390722669,0.562760204338064,0.021938368636774,0.231463375682676,0,0.504186266293493,0.226564349948333,0.0199560737971901,0,0.487144084726501,0,0.34803861040867,0.144314556747956,0.0666649333628379,0.19447680382477,0,0.140873896460994,0.0447078581772265
3,-0.00480609038771607,0.0690075319911045,0.0526237776129543,0.072806340121582,-0.0508143072743888,0.0526145781976915,-0.0725611291792358,-0.0593720491367098,0.0525880975339661,0.999999999234473,-2.2126019086533e-09,2.1597423323523e-10,-2.34925080375252e-10,1.22568518890227e-09,2.6995399738796e-09,0.0519974247890218,-0.0749999980786192,0.00036780064881431,0.0499999999167144,0.0750000034794224,0.0749999996270971,0.049999999635659,-0.0750000028437383,-0.0749999995304603,0.0500000002617666,-4.77733021909694e-11,-1.32093342193212e-11,6.09515794528355e-10,-6.73253723772998e-09,1.97782348625743e-08,-1.06325024944172e-09,0.04905533661355,-0.3625724552331,0.149999950467053,0.165484957527634,-0.186734963785067,0.149999783342713,0.176254150348658,0.115133218469869,0.15000015565955,0,0,0,0,0,0,0,0,0,0,0,0,0,0,0,0,0,0,0,0,0,0,0,0,0,0,0,0,0.410609011210614,0.459204271246365,0.588996690553812,0.280816591903169,0.452631486336944,0.710297354062401,0.559766839046958,0.603162001352391,0.505183167591232,0.767154790619928,0.61250942204661,0.659828536164553,0.0259046126881519,0.223356763507598,0,0.499216451165824,0.226135169218733,0.0190010949037613,0,0.485314504478644,0,0.337889868505874,0.138976719249559,0.070355910171448,0.195616758925396,0,0.136914163212932,0.0536747886433602
4,-0.00646755199110975,0.0687570564905755,0.0536515951121593,0.0745117146424542,-0.0492880581775153,0.0536342155370066,-0.0744271093981618,-0.0610870154127551,0.0535920336336187,0.999999999282553,1.80046125328947e-09,7.86998284873034e-10,1.14900437539744e-10,1.17576246736423e-09,-8.63955655498624e-10,0.0519974240769455,-0.0749999989407029,-0.025286492169163,0.0499999999999211,0.0750000013096756,0.0750000031729153,0.0499999994854647,-0.0750000018239352,-0.0750000009412343,0.0500000001039247,-1.09712441992843e-11,-6.71225999425409e-12,-6.19986909733262e-11,6.05714098140325e-10,-2.10325922461377e-09,6.58831579259075e-11,0.0146969383458044,0.0131778103293831,0.149999999952673,0.229451780200728,-0.103368123043842,0.191957504663671,0.190171610642768,0.145463881944437,0.150000061799977,0,0,0,0,0,0,0,0,0,0,0,0,0,0,0,0,0,0,0,0,0,0,0,0.300459727071283,0,0,0,0,0.41651472632535,0.462499826968859,0.595210591628617,0.283803961665592,0.680046827190768,0.609582142221016,0.527294569989741,0.762334399422046,0.595781785969741,0.88146770154213,0.711485916062766,0.765763571449103,0.0429663717920038,0.225779207096735,0,0.501323897950066,0.213072739707516,0.00315482357074216,0,0.475919268721604,0,0.203919160370554,0.164865499895046,0,0.191212692981338,0,0.138606492089815,0.0450664872412647
5,-0.00806821431344423,0.0671800342686267,0.0546805014231257,0.0763699583885471,-0.0478915082517243,0.0541699100635544,-0.0762206566780217,-0.0627780109231321,0.0543993842355046,0.999999999956946,2.29056905290381e-10,-6.57238688136639e-10,-5.62580847322845e-10,-2.30739128840144e-11,6.57790500911516e-09,0.0519974251586759,-0.0749999989440948,-0.0749999978501998,0.0499999998976092,0.0750000029047311,0.0647063715137381,0.00379994999251323,-0.0750000036503025,-0.0750000020804527,0.0308311310693736,-5.68739860724118e-11,-3.73713366112862e-11,3.04288696847003e-10,-8.59040469182626e-09,1.9304119659482e-08,-1.21742397410418e-10,0.063918571816943,-0.216576738387491,0.14999993910896,0.130751668212913,-0.128173954684127,0.15133453256902,0.146814490156008,0.139119216027309,0.149999741133762,0,0,0,0,0,0,0,0,0,0,0,0,0,0,0,0,0,0,0,0,0,0,0,0,0,0,0,0,0.348247335022052,0.39678640277887,0.542872638972356,0.202161098828564,0.768573950879208,0.686037565348255,0.593226420841595,0.861385095385867,0.714384603666615,1.00717491642296,0.830003834820675,0.891555685268909,0.0181376847663051,0.244908641190886,0,0.519965316342772,0.223427066533508,0.0116931759636683,0,0.516277392950598,0,0.477034945521812,0.163140070265521,0.0527626200164625,0.198295228029488,0,0.149177028535507,0.0508304238313964
6,-0.00971105976456132,0.0659603995633802,0.0556992244137119,0.0781825193740147,-0.0463820752545354,0.054673413997429,-0.0780113031567972,-0.0644850239617453,0.0551090603815308,0.999999999736825,3.12084245908677e-10,4.09625544515981e-11,-5.61177522865395e-10,-4.99904229976576e-11,5.52978635262306e-10,0.0519974248907638,-0.0749999995157366,-0.0471029464561264,0.0499999999970422,0.0750000003608578,0.074999999848408,0.0463381862732516,-0.0750000004184882,-0.0750000002119496,0.0400900184201255,-1.3271715883835e-12,-5.9231382252569e-12,1.0628582696263e-10,-1.58572085336793e-09,7.17093782237231e-10,8.34418523772475e-10,0.0652529369698554,-0.186837461427767,0.149999998241113,0.107737473843594,-0.135293734504745,0.150000079259119,0.169400287798802,0.153648911934707,0.149999970059467,0,0,0,0,0,0,0,0,0,0,0,0,0,0,0,0,0,0,0,0,0,0,0,0,0,0,0,0,0.315413916422035,0.363982044343788,0.510544574845133,0.168851385920701,0.843793809820397,0.78365005903512,0.674851350501205,0.952592518354315,0.835590074577739,1.13086729652054,0.951111947646366,1.01534542345191,0.0129043845417134,0.249312560228897,0,0.522200737291391,0.224714151277709,0.0118818371706386,0,0.527010150857601,0,0.494315820492903,0.173162543504304,0.0457167918089054,0.205419443148157,0,0.160352065343171,0.0376545068460725
7,-0.0113556452761793,0.0647284616888026,0.0567101662032282,0.0800153363544064,-0.0448397587387417,0.0556824991584542,-0.0797704567647875,-0.0661935065230916,0.0558344698829094,0.999999999999987,1.00682613293228e-14,-1.17961269741373e-14,-2.62652852481751e-14,2.18409218934041e-14,1.10796731010896e-14,0.0519974248756878,-0.0749999999999997,-0.0750000000000028,0.0500000000000004,0.0750000000000025,0.075000000000001,0.0500000000000008,-0.0750000000000051,-0.0750000000000036,0.0324889007576468,-6.99347899482581e-17,-2.42490849011904e-15,-3.36306897628168e-15,9.30219945849906e-14,1.9528323763635e-14,-1.12175796775769e-10,0.0693327632808964,-0.103722418619716,0.15,0.186517188067806,-0.125678202487879,0.15,0.223215356330294,0.183095867286369,0.150000000000001,0,0,0,0,0,0,0,0,0,0,0,0,0,0,0,0,0,0,0,0,0,0,0,0.131676763033769,0,0,0,0,0.280955838024737,0.329439378031858,0.472092171032988,0.138303045023607,0.929088814846017,0.870648621231392,0.763320391197529,1.03641704487988,0.954299474543783,1.2560963199506,1.0694831700314,1.14091262446298,0.00807172718349306,0.248300727802829,0,0.52234408723787,0.227922452973121,0.0126239942019106,0,0.525008484002409,0,0.39431745026597,0.175189024530025,0,0.209080753517035,0,0.16727602062438,0.0355870276384799
8,-0.0129907501691425,0.0631181017718106,0.0577102069835009,0.0818642454950792,-0.0433013424027618,0.0565655841411994,-0.0814902202902377,-0.0678955438086465,0.056268219018673,0.999999999999986,1.43228807221492e-14,-1.36411909276429e-14,3.61321263754409e-15,3.57828735561549e-14,7.37774377102414e-15,0.0519974248734513,-0.0750000000000015,-0.0750000000000019,0.0500000000000005,0.0750000000000016,0.0750000000000015,0.0383666649499935,-0.0750000000000027,-0.0750000000000023,0.0109934898733538,8.43813555968513e-16,-1.67418851390885e-15,-3.91922435472626e-15,8.82298545442729e-14,-2.63728191912196e-15,-1.12149258522211e-10,0.0648219194567574,-0.165514543334604,0.15,0.220278369691287,-0.104351713136156,0.15,0.111470061475828,0.0856665750698441,0.154906047351909,0,0,0,0,0,0,0,0,0,0,0,0,0,0,0,0,0,0,0,0,0,0,0,0,0,0,0,0.17992287776247,0.216189511455388,0.293352983103626,0.420538547558233,0.0890039470007808,1.01492850465976,0.97048863787073,0.859837081325867,1.12558006120462,1.08750779897957,1.37626197049296,1.17862940899128,1.28514036048125,0.0172254268724737,0.241238973915751,0,0.509692507481971,0.240342970835649,0.0441257087802886,0,0.287830243081022,0,0.377978756047519,0.162768835065085,0.0197868073479563,0.209360104230356,0,0.175770974478941,0
9,-0.0145810604944874,0.0615192169036606,0.0585129749601952,0.0837128446882447,-0.0417850742528711,0.0574303968651835,-0.0830841964408568,-0.069515754971086,0.0560237773141512,0.999999999999985,1.62034372300112e-14,-1.50518635998143e-14,2.57597220915196e-15,3.71494334290544e-14,7.54006766034653e-15,0.0519974248769479,-0.0750000000000019,-0.0750000000000026,0.0303749230541752,0.0750000000000015,0.0750000000000013,0.0480661102219939,-0.0750000000000026,-0.0750000000000023,-0.0352066595782976,8.54395212561793e-16,-1.67359641369223e-15,-4.47845628670533e-15,9.30079494198394e-14,-4.47168160229316e-15,-1.10900372846456e-10,0.0842720165172779,-0.157700691374271,0.15,0.235989617638126,-0.106384599790608,0.15,0.122547103920286,0.0907114016338468,0.201265264903222,0,0,0,0,0,0,0,0,0,0,0,0,0,0,0,0,0,0,0,0,0,0,0,0,0,0,0,0.17939159905926,0.176473692309914,0.268784361238696,0.39481659049277,0.0504414630558397,1.10185898267976,1.05971154745318,0.944908590365355,1.21666193976759,1.19289561406175,1.49268456914331,1.28762296268479,1.39795722052027,0.0172319358578729,0.245041775072137,0,0.51711878887119,0.247017892521623,0.0429645482650953,0,0.291614193458538,0,0.384663882127825,0.172498615521633,0.0102377175453544,0.219071033908034,0,0.186352980449987,0
10,-0.0161591361286012,0.0599522578939966,0.0589019846591555,0.0855591122616441,-0.0402628521930388,0.058378270164297,-0.0846424915754413,-0.0711244383235126,0.0552058275811304,0.999999990292011,2.75728303585511e-05,-1.27581037236845e-06,0.000146139863987454,-5.94832768373564e-06,-1.83041219015787e-05,0.0519978341567527,-0.0592466096391581,-0.00961622335013764,0.00623876392139647,0.0750000000008119,0.074999999999828,0.0467279108637434,-0.0750000000004266,-0.075000000000875,-0.0465316878098833,0.0316251027783529,0.00918296907546986,0.485126843692943,-0.0106795582205073,-0.0288564489789866,0.000668627982246109,0.0199419302997564,-0.289684112563075,0.161586394656339,0.173642592187453,-0.0782486880216062,0.149999999797012,-0.0331498179737144,-0.0393617414186333,0.199416823060413,0,0,0,0,0,0,0,0,0,0,0,0,0,0,0,1.02639156935192,0,0,0,1.16075334258422,0,1.32882951175531,0,0.0415779845768086,0,0,0,0,0.136223290533342,0.275170687458522,0.371446142160047,0.0399478358318177,1.1942929819503,1.13292541310701,1.03773537519937,1.28948301985793,1.29036079546943,1.60578407873859,1.39481295922565,1.50133191498237,0.0554631174965351,0.257285867219658,0,0,0.266635158360281,0.0587481388231984,0.000857790997978361,0,0,0,0.180377915908893,0,0.215083327695253,0,0.186695072142535,0.0355845637108903
11,-0.0157440525332257,0.0593921860178119,0.058652286519494,0.0873138496930334,-0.0405232850402743,0.0588485184050385,-0.0837400230912637,-0.0704089350623721,0.0541937957984123,0.999998099054326,6.24480613944738e-06,1.0286568694322e-06,0.00195787380363246,-0.000101895490208438,-0.000545007222302565,0.0519976378524742,0.074999999998687,-0.0292755238101578,-0.0267393883426204,0.0749999999668029,-0.074999999999745,0.000527913422151845,0.0750000000270074,0.0750000000149054,-0.0499999999999975,-0.00282530342109503,-0.00105228457725914,0.0237162077640383,0.00406347108783834,-0.02652992544847,4.92733319819918e-05,-0.123180274045797,-0.295157859407495,0.192844826820647,0.219144351912257,0.0781353041668864,0.149999999964533,-0.175159494683141,-0.190034363843505,0.193209333225008,0,1.2623614294354,0,0,0,0,0,0,0,0,0,0,0,0,0,1.08566927090377,0,0,0,1.18348629095009,0,1.3906830422216,0,0.000889463833069259,0,0,0,0,0.0385893250383692,0,0.131152733058574,0.26616472040995,1.11399668109302,1.36466926206193,1.1947071378087,1.28395880534625,1.23744835937058,1.54989833539412,1.34175945652815,1.44558723823656,0.0553460282643709,0.25409745894172,0,0,0.256461257237142,0.0522318193836294,0.0139382570523005,0,0,0,0.18587039519672,0,0.208748869898624,0,0.186030433641684,0.0567518646387808
12,-0.0169403215241527,0.0580822689461268,0.0582184047549756,0.0889807270286038,-0.0420539691673783,0.0583947666858528,-0.0818200648370912,-0.0685656455028891,0.0531855063063011,0.999976951544763,8.59679442321355e-06,-7.02821704082065e-07,0.00680343954445715,-0.000236464371891346,-0.00168762966535475,0.051997362246371,-0.0750000000000014,-0.0750000000000024,-0.0257428404225638,0.0750000000000012,-0.074999999999998,-0.0456720857477485,0.0750000000000005,0.0749999999999994,-0.05,0.00272134543396143,-0.00153340640699017,0.803098525193991,-0.0200607480538906,-0.0773250096463202,-2.94115424693707e-05,0.0388740103852479,-0.0702876701380232,0.192321181191191,0.222118228491842,0.0856687686205212,0.163597459512837,-0.111870959130035,-0.131100006468949,0.201861629778604,0,0,0,0,0,0,0,0,0,0,0,0,0,0,0,1.02708884202608,0,0,0,1.12198288082557,0,0,0,0.0154020692436515,0,0,0,0.159739291954565,0.0474378556256786,0.377602548523568,0.143843402982253,0.281197001166993,1.17493735358652,1.42425887444614,1.24647711842722,1.35271910960544,1.08750201107371,1.40550755925015,1.19656062245212,1.29644894787174,0.0542614886220939,0.256774823508618,0,0,0.264059449019099,0.0410456004783083,0.00865662307773844,0,0,0.398869371870667,0.184439323294827,0,0.214652756510945,0,0.189069983889166,0
13,-0.0168895095536746,0.0591845050129943,0.0573364896868079,0.0908361286255198,-0.043232274350787,0.0579567935074663,-0.0799630971976475,-0.0668709560107359,0.0522418074235794,0.999938044038157,7.54150692587826e-06,-2.55737785314401e-06,0.0111449866788417,-0.000567938148190081,-0.00270608753651911,0.0519974234149421,0.074999999992956,0.0750000000281726,-0.0499999999996112,0.0749999998581551,-0.0429905364829511,0.00163823386349103,0.075000000174823,0.0750000000769741,-0.0443978845027584,2.6216708405544e-05,-0.00029104893574526,0.14531382726356,-0.0102630936851296,-0.0234135706284592,-2.63302698709531e-06,-0.112302204583026,-0.399999983246874,0.216382495012378,0.266354774405445,0.0628830762194939,0.149999988315708,-0.135052116925883,-0.147040580360123,0.202181117781803,0,0,0,0,0,0,0,0,0,0,0,0,0,0,0,1.06131416242228,0,0,0,1.14451209540476,0,0,0,0.0902149899308132,0,0,0,0.110661369323362,0.084883131470946,0.404829138347094,0.180710991438826,0.309001278379218,1.25390540131534,1.50611217715392,1.33790980692639,1.42210777154288,0.984785120348983,1.28460062715546,1.08825102312199,1.18113472438244,0.0421221049331734,0.248835049686266,0,0,0.241564672018934,0.041986718147978,0.00592501732996916,0,0,0.410021345774746,0.186479588047531,0,0.202803011980521,0,0.186865124019433,0
14,-0.0153858291119142,0.0607797500489132,0.0562879796024406,0.092700013526885,-0.0438869196782487,0.0580833239821317,-0.0781165613406169,-0.0652017141280756,0.0514265484064578,0.999934991358242,-7.59087397580221e-07,5.61366664102713e-07,0.0114156394354925,-0.000615788592867131,-0.00280424361517229,0.0519974246987296,0.0750000003164047,0.0749999999087547,-0.0500000002992798,0.0750000001267179,-0.022576075475694,0.0109681400708364,0.0749999998719413,0.0749999999373411,-0.037164199942552,0.0025663429211955,-0.0014289513216999,4.173717359373e-08,-7.02045931490439e-05,-0.000127795781431239,7.07872376697535e-07,0.00436262874090116,-0.345833984719003,0.149999822031289,0.290872885409186,-0.0271575024595944,0.150000008619014,0.164722480600273,0.0721372748820415,0.196345248027291,0,0,0,0,0,0,0,0,0,0,0,0,0,0,0,0,0,0,0,0,0,0,0,0.152588385107037,0,0,0,0,0.0840216375350622,0.45333871588873,0.222718289051394,0.314642064372389,1.30860390525233,1.60136662144031,1.4102388742174,1.49973165247524,0.865483801637544,1.20682006259942,0.993501085459011,1.07880277877795,0,0.258168053614778,0,0.542412083135122,0.231394967127351,0,0,0.506181384923657,0,0.461350303373528,0.216060563867242,0,0.224114796261073,0,0.197730857726144,0
15,-0.0162788864421563,0.0598847796712409,0.0558286653791651,0.0945063306835046,-0.042938424301264,0.0581836239414703,-0.0785613244861286,-0.065863769999203,0.0511239837972127,0.999934988773045,-8.91333081326653e-09,1.95676461451958e-10,0.0114156370764938,-0.000615849115671966,-0.00280432542279098,0.051997424716088,-0.0750000001100723,-0.0749999983250155,0.00379993972352308,0.0749999971710393,0.0749999998485198,-0.000878808324914547,-0.0749999990940927,-0.0749999999038536,0.00668862688764046,-0.000142942203395092,9.21323081831699e-05,-6.32422799957321e-10,4.79989512564296e-06,7.505657431908e-06,5.19684415831735e-09,-0.010227743856821,-0.176881780860484,0.162706921952365,0.334111579354699,-0.0295761608674203,0.162272362909322,0.132031334011767,0.0429862903986271,0.193729616924655,0,0,0,0,0,0,0,0,0,0,0,0,0,0.944960532016314,0,1.24567621145523,0,0,0,1.13686406275622,0,0.92582368976401,0,0.287324766044991,0,0,0,0.100341594887089,0.109638464857836,0.389670567346792,0.188056308107313,0.311252724097312,1.41441634870091,1.65284196197672,1.47659265496545,1.59066565571217,0.935552667469348,1.24430351241049,1.0554007883486,1.12445539153124,0.0497037312693616,0,0,0,0.230900980712603,0.0253642871349146,0.0281720013238029,0,0,0,0.207337782250779,0,0.198681600112881,0,0.191258486092977,0
16,-0.0158538783550806,0.0580250739636304,0.0554403558257383,0.0962838183267133,-0.0427217059938964,0.0577017369326405,-0.0777412178141846,-0.0652203657833658,0.0513014449257185,0.999934991396304,1.88141771075407e-09,-5.47750328177093e-10,0.0114156384094555,-0.000615847472184717,-0.00280432166926015,0.0519974249619364,0.0750000006133145,-0.0750000018596906,-0.0424000671094318,0.0750000001590015,-0.0526903670331193,-0.0470788830675567,0.0749999996895071,0.0749999997192066,0.0110357110557964,2.99645551970781e-06,-2.3524576790124e-06,-6.86347647767535e-11,-1.31077803985742e-07,-1.62770264432498e-07,-8.47628906155248e-10,-0.0205538941114153,0.0357656840187916,0.149999109532636,0.325047624595387,0.00459246988835437,0.20889592535706,0.279801594538303,0.098422354163556,0.183977955823037,0,0,0,0,0,0,0,0,0,0,0,0,0,0,0,0,0,0,0,0,0,0,0,0.351959078663505,0,0,0,0,0,0.368764962825426,0.142044458307829,0.226691559542176,1.4233547629412,1.7296913428525,1.51375313092019,1.63929297487351,0.873026333454553,1.23270497301655,1.01801163855823,1.08771966791287,0,0.250597374675874,0,0.539546162496211,0.233299435900331,0,0,0.486212163819522,0,0.26048105585908,0.234456983376098,0,0.230140645819739,0,0.206265702617223,0
17,-0.0165848136643558,0.056565117177974,0.0551485991875071,0.0981249252085046,-0.0422026736309975,0.0568253512002573,-0.0774342275437474,-0.0656540481716693,0.0515739238719299,0.999916239200389,1.19997502597336e-05,-1.05778255634357e-06,0.0129559228438301,-0.000702841548925356,-0.00302448136445502,0.0519976247826076,-0.0750000000190048,-0.0545508791164135,0.012409392265074,0.0750000015660123,0.0749999999511267,-0.0405920029991916,-0.0437074011560631,-0.0750000008319627,0.0161865225089908,0.0237194540846885,0.00988944977158637,0.495282724912594,-0.0161077628691156,-0.0381794551990512,0.000293249203159112,0.0891155177893713,0.0378178843816278,0.149999055485313,0.298970266652559,-0.0843619273348825,0.178064612463288,0.289853167245787,0.17917028861111,0.204113118479563,0,0,0,0,0,0,0,0,0,0,0,0,0,0,0,1.83530832241704,0,0,0,0.893532488395956,0,0,0,0.256343670736153,0,0,0,0.175880422133431,0,0.348278916382353,0.126771107312076,0.220225577493813,1.5022722010031,1.77388736313258,1.58064169439861,1.69551786973708,0.851465923360346,1.20087483243032,0.985574193654178,1.06676656213649,0.0109481886568487,0.230491315746612,0,0,0.252270119138489,0,0,0,0,0.228076496088097,0.209423112596022,0,0.237896485070673,0,0.210642861196414,0
18,-0.0162274565833285,0.0568413681665967,0.0548562258359117,0.100044883872245,-0.0420081640903399,0.0559616885656451,-0.0759865391513955,-0.0648879190723203,0.0515952050204241,0.999877816039058,2.99157904894379e-06,-3.96367123538705e-06,0.0156444507232022,-0.000953781927880356,-0.0034781786239747,0.0519974249353576,0.0750000000870985,0.0590364832580789,-0.037674848996539,0.0750000022266267,-0.0548975860475354,-0.0457484794329306,0.0749999976762696,0.0749999989902042,-0.0139080002215857,-0.0124152060694367,0.011064239558268,2.24881643216738e-06,0.00054394814373755,0.000621322387120205,4.85703217135299e-06,-0.0051527190873001,-0.0583132589708571,0.149999133454124,0.241566968284488,0.00046622775244315,0.207894174567541,0.280131701071934,0.0975337770265181,0.193511298698704,0,0,0,0,0,0,0,0,0,0,0,0,0,0,0,0,0,0,0,0,0,0,0,0.348865302277174,0,0,0,0,0,0.359027519762364,0.131609729747274,0.213839145778667,1.53907730951212,1.84763012182616,1.62844185393961,1.75826557739867,0.788141799871033,1.13891245663609,0.920099590379776,1.00695466612735,0,0.248576837274114,0,0.541241416882502,0.23397018000806,0,0,0.486108094837069,0,0.267063368010169,0.239086338639718,0,0.235793942470624,0,0.214374885187709,0
19,-0.0169499042379016,0.0558420457734771,0.0546340417601103,0.101751437613436,-0.0415020088848109,0.0550976275259372,-0.0753745196680672,-0.0652085961173094,0.0514066247558928,0.999856905959731,4.2620119946779e-06,2.1715033290061e-06,0.0169293211840028,-0.00101725029842102,-0.0036526742770777,0.0519975527401034,-0.0749999998490287,-0.0750000032023287,0.0138004958102348,0.0750000037523667,0.0750000000933872,-0.0406826980018443,-0.0133567017204066,-0.0750000008638284,-0.00499449697617829,-0.0185568206350074,-0.0124650969512624,0.444061900482825,-0.014599213668585,-0.0342368460114818,-6.12313141750488e-06,0.0872046358194241,0.132049475585449,0.149999125912353,0.205403868351449,-0.0806928124151634,0.17894269834213,0.282930648519018,0.187337371808735,0.215503744092702,0,0,0,0,0,0,0,0,0,0,0,0,0,0,0,1.85208515460928,0,0,0,0.896418103454949,0,0,0,0.253513584000033,0,0,0,0.16647765318519,0,0.344791362235979,0.124384840312757,0.217042642341539,1.61701941254687,1.89720965062347,1.6964960847018,1.81773297846854,0.76470121526618,1.09943959448154,0.885001166804341,0.979139642943369,0,0.234712934490561,0,0,0.248428573652142,0,0,0,0,0.242483139913842,0.218081202280777,0,0.239736983732838,0,0.219158950439011,0
20,-0.0166014008486174,0.0565109893727017,0.0543619922726031,0.103624338842241,-0.041301778721056,0.0542318900183881,-0.0737447230344448,-0.0643966650758563,0.0510714633695862,0.999811298469389,1.75035943279703e-07,-1.08509065589649e-06,0.0194382654946823,-0.00124577716932458,-0.00408630293908423,0.0519974170359297,0.0749999994786533,0.0750000012014586,-0.036756133980906,0.0750000023483234,-0.054330463585244,-0.0458666124019467,0.0749999976833768,0.0749999987603954,-0.0284046597146416,-0.0142960954006916,0.013923251815394,1.63483701462074e-06,0.000716507727471342,0.00074261587044143,3.7637528565024e-06,0.00523876759720053,-0.0262710156157375,0.149999230217195,0.188810037843971,0.000554514650368065,0.21368066942191,0.26100788303405,0.0941669286883697,0.205000228302561,0,0,0,0,0,0,0,0,0,0,0,0,0,0,0,0,0,0,0,0,0,0,0,0.332168579343347,0,0,0,0,0,0.37133318772241,0.143059635206332,0.224707093193865,1.711598025037,2.01661393492905,1.8014963502202,1.92671560974585,0.660828465273269,0.992234680502359,0.781682632180867,0.871380513594764,0,0.245592729032577,0,0.535405096284614,0.226566761248541,0,0,0.478036206970367,0,0.264258764240617,0.231474740094808,0,0.22799963238882,0,0.208272412190501,0
21,-0.0174196266700247,0.0555112002875336,0.054167560237882,0.105189035904074,-0.0407235958625189,0.0533768953657668,-0.0736163248015916,-0.0648616966623395,0.0506511908052198,0.999811300716535,1.55384562630608e-07,-1.28671921986808e-07,0.0194382713651265,-0.00124564954437027,-0.00408626765232242,0.0519974240790365,-0.0750000023045377,-0.0750000012004821,0.0170437988634138,0.0750000016516408,0.074999999263342,-0.0396626767174038,-0.0614773038476613,-0.0750000002819009,-0.0136960964448618,0.000390621706757171,-0.000468538871431011,3.02601865595038e-09,-2.532436308479e-05,-2.14719284300653e-05,1.68528238549524e-07,0.152473711553602,0.149873742925898,0.149999625375158,0.216023082214688,-0.123497793883381,0.219545881752551,0.40000127199921,0.233571116100932,0.208285688665914,0,0,0,0,0,0,0,0,0,0,0,0,0,0,0,0,0,0,0,0,0,0,0,0.36341705860162,0,0,0,0,0,0.338136831666758,0.126468016669113,0.175423656507841,1.79284634347081,2.1011294922535,1.88769741394254,2.00627842178177,0.701577194864004,1.03242354718894,0.82788918867744,0.906111553375504,0,0.249346708806966,0,0.545231283173614,0.231315020600856,0,0,0.477277789644922,0,0.270327837917478,0.234397114927021,0,0.227877714389391,0,0.212940411069064,0
22,-0.018988553855533,0.0547954610776535,0.0548085311942157,0.106704499065542,-0.0391785118656895,0.0525755859045964,-0.073838644515238,-0.0663728143394626,0.0505408756385115,0.999758015528994,1.95375536304698e-05,8.54266193987512e-06,0.0220098166344195,-0.00142280573028606,-0.00448243927762419,0.0519986249968517,-0.0749999999854426,-0.0221615457094796,0.044839922964882,0.075000003614826,0.0750000000524132,-0.0404642740329858,0.038744188325284,-0.0750000012009497,0.00258331183170788,-0.0266027337926863,0.0207298588080215,0.369429713959676,-0.0124493852800369,-0.026581430404251,0.00147306723186366,0.0871547412266499,0.0717247822792501,0.149999539872385,0.155033668821355,-0.0763317386583528,0.196908372446777,0.27574447412006,0.18967586454766,0.231871454230522,0,0,0,0,0,0,0,0,0,0,0,0,0,0,0,0,0,0,0,0,0,0,0,0.286346552115821,0,0,0,0.150479209256205,0,0.331220290693336,0.120848741040921,0.195302669459943,1.89157268431175,2.17360871379742,1.97758490294769,2.08759649516148,0.747734408747252,1.06750266739447,0.868997744177698,0.946239331964029,0,0.237265345319368,0,0.541372701458856,0.24874978968438,0,0,0.253468175746255,0,0.247309984152339,0.215066587963728,0,0.231269353749576,0,0.219128045460651,0
23,-0.020546439268411,0.0542744606428444,0.0555239783473531,0.108214881658785,-0.0376586406696429,0.0519725562748381,-0.0723306922120053,-0.0672223114746592,0.0503837784411582,0.999698017294784,6.43495483262639e-06,-3.84533068648085e-07,0.0245851649069628,-0.00164420204624369,-0.00486587488909644,0.0519976882616488,-0.0750000000967156,-0.020470591058322,0.0264769793362816,0.075000004111822,0.0750000001720678,-0.0199412819871895,0.0749999965356624,-0.0102732882320239,-0.0181891506185442,-0.00792735231779157,-0.00123621629181141,0.227968791855035,-0.0100619089956495,-0.0150581735422808,-0.000149891063620641,0.0860038622545623,0.0373736966136554,0.149999742156128,0.115343848159558,-0.0750215613574513,0.194521338117125,0.283536027616464,0.132451515878647,0.241764411918279,0,0,0,0,0,0,0,0,0,0,0,0,0,0,0,0,0,0,0,0,0,0,0,0.281399962171291,0,0,0,0.143129863299689,0,0.334797045588768,0.117569235114876,0.205962683715914,1.97186934832142,2.2596502028444,2.06654165354159,2.16497789762424,0.698867387042287,1.01683171796555,0.813834741535066,0.901864363472773,0,0.239529119849533,0,0.543311031087554,0.252202879311566,0,0,0.256063058473594,0,0.25162599436765,0.216815542846505,0,0.233349430510191,0,0.22531433322891,0
24,-0.0220878377654836,0.0537535706260073,0.0558950404193017,0.109242596735876,-0.0361389724035974,0.0517398198662252,-0.0706556791857505,-0.0672413433843376,0.0499130918439684,0.999625373172996,7.43201156893993e-06,-1.31624241301678e-06,0.0273808735257496,-0.00188910665932541,-0.00522638760913399,0.0519974931968866,-0.07499999997988,-0.0304726658171181,0.0118361356311623,0.0280066173227365,0.0749999999970015,-0.00341522188772608,0.075000000005734,0.00827708692410231,-0.0288266952906356,-0.000338336964207425,-0.000370344142672354,0.339002971578755,-0.0148507104684532,-0.0214138494379753,-3.3165995229695e-05,-0.00362138712991348,-0.0379586144016739,0.157826790468228,-0.12027334545576,-0.037445525968934,0.207861653330536,0.400000003409652,0.0854681467332258,0.234241522715686,0,0,0,0,0,0,0,0,0,0,0,0,0,0.901348068621979,0,1.23270803645455,0,0,0,1.08824576663791,0,0.960449103007098,0,0.36910557291834,0,0,0,0.0312645359559431,0,0.322797404286046,0.109970840489789,0.238785893062167,2.04021251035088,2.29754111586796,2.12091471947312,2.21683890674572,0.658825921534223,0.946579844772242,0.760018096989424,0.845387669317048,0.00269934264767133,0,0,0,0.250520590615209,0,0.015046278781949,0,0,0,0.215388044363979,0,0.213943777434915,0,0.220710604676095,0
25,-0.0220195841163018,0.0529723462857716,0.0557709240244883,0.110777946738826,-0.0362286877965862,0.0512072016304041,-0.0690030463790946,-0.0660368085965061,0.0496775774811507,0.999564469318564,8.18555184130958e-06,1.4358776458386e-06,0.0295209433232224,-0.00197359324393488,-0.00594268584630896,0.0519973104581342,0.0640712279317666,-0.0458402078155356,-0.0181074557134568,0.0750000008836441,-0.0749999999222543,-0.0496153954448072,0.0749999998774192,0.074999999963894,0.00510599681809629,-9.05110027422863e-05,0.000219607034506119,0.075679810960916,0.00901776993035755,-0.047855301589584,4.26092719658907e-06,-0.111131556511636,0.193965070754563,0.149999247144813,0.0686804298627646,0.0851996783083316,0.207664365112197,0.399999927420813,0.0126086210135419,0.246807086967974,0,0,0,0,0,0,0,0,0,0,0,0,0,0,0,0,0,0,0,0,0,0,0,0.31645575287246,0,0,0,0.133823197609721,0,0.336804461054894,0.11757474134289,0.236368371075847,2.05235619557353,2.35008874436229,2.1439930225417,2.25845191739412,0.634692945722027,0.951858481703962,0.75112828418307,0.835423143242922,0,0.237477915565267,0,0.55549943600348,0.278058791759162,0,0.00864981753161553,0.263220872526249,0,0.26809608616003,0.23560386793837,0,0.261346880679673,0,0.262940696238181,0
26,-0.0227589138169798,0.0524129021022714,0.0556599182009358,0.110607593802553,-0.0360690118730375,0.050580013122188,-0.0670830850720722,-0.0651625153845449,0.0496883439036353,0.999547052951327,7.62295471770688e-06,-1.22977024301346e-06,0.0301051183498736,-0.00190442251615321,-0.00643840836154382,0.0519974264793436,-0.0750000004659319,-0.00841264450533336,0.00559693844832843,-0.0749999999749066,0.0750000000091523,-0.0132853084796494,0.0749999999697867,0.0127404002239178,-0.00398428395723674,-0.000698008997765846,-0.00162771462425512,0.0219423669555484,-0.000958640903106358,-0.00310237571721044,-2.14941708059787e-05,0.0425973834766521,0.0975789438281369,0.149999914881776,0.207333151386802,-0.0747769985603208,0.186618282930826,0.399999982035275,0.0737933017289032,0.242704835681661,0,0,0,0,0,0,0,0,0,0,0,0,0,0,0,1.90035156496637,0,0,0,0,0,0,0,0.303268218237316,0,0,0,0.135207211981308,0,0.321608787725835,0.112134025053928,0.212194104100716,2.0474366491082,2.3539641099939,2.14880962579168,2.25259113331041,0.523855962343704,0.815756853206589,0.62558851290624,0.714024302644054,0,0.238515821876881,0,0,0.262077676597093,0,0.00845596879053324,0.252902615372122,0,0.273251482349687,0.229678773487062,0,0.244065603022827,0,0.253476088249233,0
27,-0.0242631784341713,0.053449289556679,0.0553074625299168,0.111091175085973,-0.0353160063396189,0.0502477558951746,-0.065163127361193,-0.0641569912385724,0.0499427938638569,0.999546900847863,-2.80636418538597e-07,5.82923142341655e-08,0.03011016849035,-0.00190484262103253,-0.00643920043116982,0.0519974248798772,-0.075000000000001,0.074999999999997,-0.0406072827854643,0.0749999999999999,0.000672192623222198,-0.0199072835403385,0.0750000000000007,0.0749999999999995,0.0292630252302105,-0.000753229099472123,0.000387682078001321,9.19266018839035e-09,2.05524910547967e-05,4.13269278551315e-05,-1.64436976296052e-07,0.0881609412141277,-0.0336426976452184,0.158929486870135,0.10888179919169,0.0109549951633679,0.196143897990148,0.4,0.0154596019336907,0.224356731743195,0,0,0,0,0,0,0,0,0,0,0,0,0,0,0,1.94229292462932,0,0,0,0,0,0,0,0.270553844426479,0,0,0,0.109876286078444,0,0.358395077204344,0.121506587349963,0.246808017709543,2.0446137985443,2.36197151765291,2.14900227318847,2.25758304300873,0.432287995467003,0.732770954785645,0.538520092487179,0.626538857765469,0,0.241479989111044,0,0,0.277027654798469,0,0.0222534942964576,0.259993766037202,0,0.289343684787606,0.244869354127742,0,0.263383241389416,0.0133572988763365,0.279307364561138,0
28,-0.0249224751727564,0.054995465724668,0.054287585789793,0.1126604007999,-0.0352544421336244,0.0498250451199717,-0.0632431708639663,-0.0626372262850643,0.0506173850769257,0.999546898215569,1.47995125791415e-08,-4.60431199484883e-09,0.0301101654493547,-0.00190484647849223,-0.00643922919701008,0.0519974236764225,0.00865156141097556,0.0750000043809465,-0.0500000015729737,0.0749999997285143,0.00545993008899944,-0.0223512436590833,0.0749999993203845,0.0749999997780223,0.0381517418602343,-8.33123402071034e-06,-5.182322788304e-06,-4.15200527541896e-10,-3.16453146806056e-07,3.16195709991629e-07,-2.282766242244e-09,0.0652431955192491,-0.0750293239868894,0.149999064639943,0.236964117141584,-0.016383948717916,0.225430689477622,0.399999611035096,0.0502702749922163,0.183936639826144,0,0,0,0,0,0,0,0,0,0,0,0,0,0,0,0,0,0,0,0,0,0,0,0.353060639123553,0,0,0,0,0,0.370868791434887,0.130143858552283,0.227771973540213,2.10108128541716,2.44392080866857,2.21753255080785,2.32746954327788,0.307959112469061,0.63220552924218,0.428281217846561,0.511883423864684,0,0.243578628644216,0,0.580834541134946,0.277315273866025,0,0,0.492464531109961,0,0.310387115591611,0.256327340754318,0,0.269883587398375,0.00227390283885923,0.283900289240116,0
29,-0.0262320433277431,0.0541754177159774,0.0538282771329425,0.111719188681322,-0.0342266293470132,0.0497787746823036,-0.0613232158956176,-0.0619748900273967,0.0513971771708827,0.999546900330469,-7.48642394657547e-10,3.94625520866876e-10,0.0301101715612016,-0.00190484566356195,-0.00643922603196958,0.0519974248339965,-0.0750000013798133,-0.0749999998126724,0.00379999912536922,-0.0749999994599721,0.0750000000070444,0.017524711158446,0.075000000434391,-0.00834912678608535,0.0398191159797146,1.86277716510063e-06,-4.42368054329901e-07,-1.07246134391217e-10,-1.59421816176576e-08,-8.78471040204497e-08,-1.01241611711111e-09,0.146729526612877,0.109146055988314,0.149999479893357,0.35849993630048,-0.0935741499420643,0.202080221455807,0.400000258295503,0.143333350968537,0.175884759525645,0,0,0,0,0,0,0,0,0,0,0,0,0,0,0,0,0,0,0,0,0,0,0,0.389369387063971,0,0,0,0,0,0.324580417798671,0.11076297108263,0.16957692157783,2.09717948237441,2.4292306149295,2.21917217511553,2.30723792218837,0.185945962356927,0.487329077388843,0.296845871368883,0.376429168376883,0,0.235909624774158,0,0.565951573186522,0.264198818203174,0,0,0.481445615672353,0,0.293706799567717,0.233256260565776,0,0.248653253519791,0.00684574521865084,0.262206677786752,0
30,-0.0278673101569508,0.052553202953615,0.0544405275356115,0.11009911983461,-0.0326868523119863,0.0502714168488184,-0.0595605843216384,-0.0623376152481444,0.0521904001184503,0.999546901068945,-1.15024224832482e-09,-2.47785717639868e-09,0.0301101698516817,-0.00190484648887713,-0.00643922605698357,0.0519974256574856,-0.0749999994495081,-0.0749999997527486,0.0499999992970066,-0.0749999997314899,0.0750000000657289,0.0316680804853675,0.0750000002752502,-0.0278262237547513,0.0395048763539225,-5.43637871374637e-08,-1.96339694631087e-08,1.33796991970407e-11,1.4533113136041e-09,5.02006550310308e-09,-5.87278157619697e-10,-0.399999672569857,-0.39999985331374,0.149999581959199,0.400000159633071,-0.0654421318091336,0.17228118422021,0.400000163611117,0.233186092017887,0.207761175375138,0,0,0,0,0,0,0,0,0,0,0,0,0,0,0,0,0,0,0,0,0,0,0,0.353929081144503,0,0.16522295523605,0,0.176984265130946,0,0.538883276406259,0.0952084475454126,0.170698662868644,1.95513173019123,2.29187204536693,2.0827614652671,2.16424231029105,0.152590174098152,0.504224175627275,0.280652349080682,0.37616200064475,0,0.237759647563221,0,0.599706155069597,0.313965294472196,0,0.00711037321037209,0.287890734525608,0,0.290208191622842,0.230606907345124,0,0.280737998237864,0,0.288868542314575,0
31,-0.0282951235029302,0.051430802818684,0.0549319065510643,0.109603200146454,-0.0311462868863404,0.0511224531956265,-0.0578161990448223,-0.0630748336073201,0.0525073922780859,0.999429967525731,2.21058842218259e-05,2.72175732100672e-06,0.0337709151146945,-0.00174438437224248,-0.00691449225331743,0.0520007728236717,0.012165157901403,-0.0515547162519913,0.0061877461264316,0.0249085725251223,0.0750000000115694,0.0500000007983681,0.0750000000510814,-0.0750000000701566,-0.00387385758872423,-0.0291836548440739,-0.0590547066141226,0.833396035662953,0.0457369659034312,-0.0361305951978484,-0.00268203197115451,-0.00133854072477144,0.0489993834884744,0.149999157977079,0.190397792380643,-0.0483634823633826,0.154067617784364,0.400000030704394,0.18978920545103,0.233984667788781,0,0,0,0,0,0,0,0,0,0,0,0,0,0,0,0,0,0,0,0,0,0,0,0.477401876489494,0,0.0439948982637754,0,0.164916917697016,0,0.292407980443459,0.0622029889116098,0.169554449340844,1.87346672112993,2.20870734251999,1.99644121169033,2.08573285195959,0.158672421083787,0.500995134328684,0.272787360925634,0.386880194486836,0,0.245968688456152,0,0.590996301050494,0.313633974090879,0,0.0338460873257479,0.272308164446745,0,0.30767250734713,0.264560288049974,0,0.290899762873544,0,0.32065386854906,0
32,-0.0293293492325265,0.0500288249776239,0.0552423589286105,0.10902444269352,-0.029611793680072,0.0521229974952961,-0.0559933125218647,-0.0642100958046751,0.0523023682063412,0.999079447336713,5.45550314696235e-06,2.71995012901455e-06,0.0429116859467437,-0.00075930545706734,-0.00773106077992915,0.0519974802268097,-0.0750000004507558,-0.0749999969496784,0.0258899550520708,-0.074999999057849,0.0750000001955637,0.0499999978522968,0.0750000005700642,-0.0369394778459234,-0.0191064874769639,7.03621963917196e-05,-0.0050993686160542,0.988730662449686,0.0531420524708067,-0.0437224128387,-0.000125402407425997,0.0749694620987197,0.0820644297591893,0.149999592813806,0.257475263657048,-0.0466179399702321,0.149998578661064,0.400000336468794,0.177088373291017,0.239459872931001,0,0,0,0,0,0,0,0,0,0,0,0,0,0,0,0,0,0,0,0,0,0,0,0.477898926677804,0,0.0488745910327064,0,0.164387197075246,0,0.281868066934483,0.0558703410284145,0.15213524224158,1.7831904586252,2.12362893386132,1.90755381185581,1.99926558063071,0.126160482044843,0.480442779526858,0.24356548489916,0.363037776672537,0,0.250997231892639,0,0.596088872225268,0.313076331031817,0,0.0325652080350815,0.274923365975116,0,0.309938626355683,0.263254519728864,0,0.287180654235979,0,0.317674381008518,0
33,-0.0308897733832829,0.0484559367360475,0.0558360174048389,0.107519952667191,-0.0280789561175571,0.0530822770148881,-0.0541454236697189,-0.0644320918263392,0.051834467601338,0.998621473362256,5.47982563862987e-06,4.18851563688259e-06,0.0525049056220085,0.000290568446662681,-0.00858581855939608,0.051997449198214,-0.0749999998240313,-0.0750000010104659,0.0335124984243055,-0.0749999998279091,0.0750000000625314,0.0459477870845793,0.0749999997630802,0.0185933563623045,-0.0284557430413024,-9.58466320743752e-06,-0.00472540255822462,0.962383482355134,0.0523345619077909,-0.0415671313196195,-3.83903810585931e-05,0.12449440884325,0.176495452934165,0.150000007581057,0.333298920917957,-0.0762808932168089,0.165239268503757,0.399999859131273,0.168308873577796,0.220673372814738,0,0,0,0,0,0,0,0,0,0,0,0,0,0,0,0,0,0,0,0,0,0,0,0.551794394905086,0,0,0,0,0,0.298651518804962,0.0740635861265515,0.130335511404276,1.65153582442098,2.01716840587562,1.77873507767183,1.88996915262478,0.0708886617597281,0.437954430363254,0.19718633921292,0.311656752910071,0,0.263432875765641,0,0.621346940274799,0.29533536582382,0,0,0.50297685632411,0,0.339073967984595,0.282357966334745,0,0.282116799382242,0.000838831660954014,0.309887370727116,0
34,-0.032491435942812,0.0468008248402238,0.0567198849459157,0.105854624949185,-0.0265355890118894,0.0536523665396639,-0.0522937677514819,-0.0638861928671858,0.0516092124366496,0.998067858797386,2.09569134596098e-06,6.55905720395072e-06,0.0621501004159322,0.00135673328673628,-0.00943039136472637,0.0519974343010602,-0.075000000000001,-0.0750000000000048,0.0499999999999951,-0.0750000000000033,0.0750000000000006,0.0112347569925279,0.0750000000000008,0.0325813730453125,0.00424920901200054,0.00165744492088342,-0.000889218657782843,1.00047735587357,0.0555857142254491,-0.0413109805402271,6.33253537804139e-05,0.112765520612238,0.206296597673709,0.149999999999997,0.272247317846463,-0.0799364396474724,0.17507169281816,0.400000000000001,0.153077808116075,0.210778648148888,0,0,0,0,0,0,0,0,0,0,0,0,0,0,0,0,0,0,0,0,0,0,0,0.570237906842643,0,0,0,0,0,0.299509466313944,0.0757802414881433,0.130015157285222,1.53449053084224,1.89754923256838,1.6535828485058,1.77845691490482,0.0433189583121673,0.393754796483287,0.172401204943371,0.264672549852083,0,0.264934959912525,0,0.625184805402676,0.283552861209075,0,0,0.493469572921039,0,0.335285168777594,0.273599325497098,0,0.267459807081053,0.00357118732760732,0.29348944762419,0
35,-0.0340955796484552,0.0450869136467902,0.0576402581443306,0.104097098559056,-0.0250011873340674,0.0536731177004478,-0.0504541785428427,-0.0632532982038301,0.0518633265084564,0.997412435514251,1.09314585350186e-06,6.07591850637501e-06,0.071909632894793,0.00247970324078957,-0.0102346141599243,0.0519974301412113,-0.0749999998630271,-0.075000000778212,0.0427849571452236,-0.074999999614863,0.0750000000182547,-0.00905817145387793,0.0750000001865142,0.028846365616217,0.0200622901344578,0.00327783019988589,0.00449946998608357,0.999846194447957,0.0583090207815196,-0.0382224793841752,7.67215768040782e-05,0.101828078701564,0.242215707635276,0.150000001312479,0.210596437414158,-0.0857340337836948,0.190764616431084,0.400000111015912,0.15210170540811,0.195897510291217,0,0,0,0,0,0,0,0,0.11273657868092,0,0,0,0,0,0,0,0,0,0,0,0,0,0,0.5870603498559,0,0,0,0,0,0.293757137610611,0.0719793332186073,0.123455398292486,1.41498738825835,1.77532010226238,1.53415388337959,1.65615360714115,0,0.356584588727056,0.151200948660152,0.234396382568359,0,0.264667191908276,0,0.623316242455553,0.2690737392261,0,0,0.485041762271941,0,0.326792883812346,0.258425293181682,0,0.247759143551684,0.00196760227170332,0.272230149558945,0
36,-0.0357093851592251,0.0433387933528609,0.0585191860087233,0.1022160270136,-0.0234689678455706,0.0534451898012806,-0.0486301611516708,-0.0620684854885664,0.052240448958598,0.996641427184467,2.67495181440249e-07,5.92607955886172e-06,0.0819080458069718,0.00371736466059588,-0.0109483876466416,0.0519974311098139,-0.0750000000609092,-0.0750000003183185,0.0454423217241333,-0.0749999992300378,0.0750000002552446,-0.0137113155379561,0.0750000003234024,0.0750000000427437,0.0179432932599113,0.00454816905759456,0.00394852159202096,1.0440972325204,0.0674312526676824,-0.0321839457839195,6.15189876920859e-05,0.0931687790167539,0.254840373565352,0.150000005946943,0.106459336992452,-0.101025862638783,0.198351948686134,0.400000193038055,0.0651570013557492,0.197535858420757,0,0,0,0,0,0,0,0,0,0,0,0,0,0,0,0,0,0,0,0,0,0,0,0.630852121162131,0,0,0,0,0,0.294879974922434,0.0738030165477139,0.124342161481063,1.29420847034462,1.64383879406087,1.41448780753144,1.52355945687403,0.092538557336551,0.389093588936638,0.204298529700521,0.277333616572665,0,0.259908799154464,0,0.615517400774607,0.260274145649434,0,0,0.478462276072356,0,0.307940667671264,0.233599470006929,0,0.228352732341813,0,0.247005839563068,0
37,-0.0373110190110254,0.0416290763174584,0.0593639216624068,0.100330435534541,-0.0219493459483677,0.0533185528044905,-0.0467835055112346,-0.0612977299137258,0.052643490344126,0.995810464558996,6.21224277054677e-07,6.10057293937542e-06,0.0914606284239141,0.00501272638021039,-0.011547163985902,0.0519974579352449,-0.0750000000008468,-0.07500000000204,0.0388961708668212,-0.0749999999561655,0.0750000000119177,0.000974146765117041,0.0749999999607487,0.00248451291347379,0.0214053165139616,0.0030889354740007,0.0058943875676346,0.94369629611109,0.0624688211090358,-0.0293177473741558,0.000110147598999013,0.191441104478349,0.0337899650629722,0.150000212901875,-0.123103731157957,-0.218805766324608,0.149999968637253,0.354585219454466,0.134656826650892,0.181909258678853,0,0,0,0,0,0,0,0,0,0,0,0,0,0,0,0,0,0,0,0,0,0,0,0.381646930953134,0,0,0,0,0,0.29692299686846,0.0459512391670411,0.110348987290222,1.13437732270573,1.5339271523136,1.28310067889427,1.38520379612507,0.0912693142051864,0.374941036028189,0.194477049618665,0.271733300614717,0,0.288937622778999,0,0.648817007278489,0.259752298932038,0,0,0.499878125271581,0,0.619264129970068,0.25050168374846,0,0.236139974356981,0.0113923435267937,0.255839874951368,0
38,-0.0390063169564015,0.0400948190566539,0.0599999594486926,0.0984228196072774,-0.020358879791595,0.0538787257587349,-0.044951096242283,-0.061302192790914,0.0531364571123116,0.995017296555081,1.03735044511538e-06,5.49378454962536e-06,0.0997218774404273,0.00626752072942573,-0.0119564975135505,0.0519973065051481,-0.0750000000002059,-0.0750000000045528,-0.000158174909926005,-0.0749999999665212,0.075000000006706,0.0499999999996412,0.0749999999700438,-0.00238592028026679,0.0266896558325916,-0.00827123061982221,0.0119619416435471,0.827995915037487,0.0632208390928035,-0.0164488905705877,1.0054466426428e-06,0.187389615865449,0.0311666502925383,0.149999966631586,-0.111269626939597,-0.214461234676195,0.149999999786662,0.296605911980439,0.129565427347235,0.173238385299854,0,0,0,0,0,0,0,0,0,0,0,0,0,0,0,0,0,0,0,0,0,0,0,0.396274530327547,0,0,0,0,0,0.289962166118002,0.029158044345637,0.112834363736567,0.999903016127652,1.40271068351374,1.16011446026352,1.24249923937788,0.087067705766901,0.353430770108815,0.183113977733154,0.257384498142557,0,0.294294994401448,0,0.652595952383349,0.249328724688201,0,0,0.494714899411299,0,0.613503961780664,0.244644112693357,0,0.221991669358933,0.0201161342365879,0.243495538193098,0
39,-0.0406948847580259,0.0385296996417673,0.0599999993022884,0.0965028616417417,-0.0187710778482133,0.0549096780122492,-0.0431170933161896,-0.0612812869494213,0.0536289290403616,0.994143809479349,1.12808408068822e-07,6.01995760900344e-06,0.10808474942733,0.00753016941901801,-0.0122928159074699,0.0519974455529592,-0.0750000000002288,-0.07500000000187,1.31074158557568e-12,-0.074999999981485,0.0750000000040417,0.0499999999997834,0.0749999999838139,0.00213992610180608,0.0225517113728249,-0.00296208798664274,0.00808942678109653,0.84775841459837,0.0648348851292917,-0.014835951980864,0.000115202140205843,0.187403040423516,0.0372309412280701,0.149999972138068,-0.0452116939748036,-0.202355882863162,0.149999999871177,0.18791145753164,0.110541744550491,0.165892392490083,0,0,0,0,0,0,0,0,0,0,0,0,0,0,0,0,0,0,0,0,0,0,0,0.42775898697603,0,0,0,0,0,0.286315112001729,0.02972908042764,0.111718007415773,0.865059896950446,1.26311910885659,1.02131011224409,1.10686889356294,0.0708267596512435,0.319334327501496,0.15592554270951,0.234235544443238,0,0.29572186114293,0,0.653696703009115,0.240123146060253,0,0,0.483045538912828,0,0.60891810281519,0.242116567293451,0,0.21058255598477,0.0338371445295518,0.234849562381418,0
40,-0.0423841170085116,0.03695479823795,0.060000007139578,0.0945829036545995,-0.0171876083205419,0.0559290232459697,-0.0412870460474862,-0.0611330153020168,0.0540211109456911,0.993216318507718,-9.64865114553766e-08,6.25999483804928e-06,0.116300961166093,0.0088367076442924,-0.0125499440051439,0.0519974446778162,-0.0749999999984299,-0.075000000005868,3.25786671426634e-10,-0.0749999999652926,0.0750000000030365,0.0499999999983191,0.0749999999839598,0.0104647245029767,0.0171130301599447,-0.00217213489475596,0.0070244288473115,0.836862364539978,0.0672979401652859,-0.0103376567050733,8.74779373184819e-05,-0.347534851163154,0.399999996510772,0.150000168580709,0.0903242073867558,-0.15217899345849,0.149999999000403,0.196570972716634,0.036749615255334,0.150000003844643,0,0,0,0,0,0,0,0,0,0,0,0,0,0,0,0,0,0,0,0,0,0,0,0,0,0,0,0,0,0.373887964719938,0.039063467830917,0.108345394072843,0.673037017028633,1.15911184155452,0.867323768176767,0.964825090406391,0.201788998434451,0.225046374397542,0.174665872435551,0.252169500396444,0,0.342315466823772,0,0.611491714693146,0.159847015960353,0.0240135464606314,0,0.384941469336682,0,0.6962525458988,0.254938741739972,0.170406328668887,0.144999132729742,0.178678794348097,0.215505543156571,0
41,-0.0441081990911074,0.0381568040830817,0.0600000000062715,0.092662947753357,-0.0155307660044108,0.0569605250404826,-0.0394843106695012,-0.061264554007235,0.0545257828442388,0.992397674350166,-6.25477510499499e-07,5.89660920971871e-06,0.123092080951703,0.0101305620512476,-0.0126330854056028,0.0519974604388967,-0.0750000000000006,0.074999999999989,-1.88141370791045e-14,-0.0750000000000047,0.0750000000000003,0.05,0.0750000000000043,-0.0191738820093121,0.0288642608458102,-0.0079311914289849,0.0153149913053863,0.648889293988253,0.0633367576638681,-0.000301848134651156,0.000215704001935825,-0.304240290480945,0.399999999999993,0.149999999999997,-0.266499487271476,0.0945427905710668,0.247038272251518,0.024001891411831,0.184409139016825,0.228046541001259,0,0,0,0,0,0,0,0,0.958029425610698,0,0.220117779296781,0.272004403549055,0,1.18807254708297,0,0,0,0.436986473549677,0,0.936602501733752,0,1.46113013794856,0,0,0,0.710005467129894,0,0,0,0.113083786806427,0,0.0588002910318148,0.740651100366335,1.00379718351027,0.802117119424984,0.942331164451618,0,0,0,0,0,0,0.175880175991264,0.263649133133896,0.0428370068988061,0,0.0439805935235336,0,0,0,0.255854452416104,0.230589998202733,0.0493316494612538,0,0.123954869948372,0.0230085161514867
42,-0.0456888959460836,0.0400767830838561,0.0595356880884438,0.0907429897494322,-0.0167307210061209,0.0574962150445483,-0.0377085656372014,-0.0598476107453362,0.0548855533383895,0.991490187512105,-1.9664480454657e-06,7.09213210354114e-06,0.130200882557122,0.011692950394916,-0.0123487779409017,0.0519974323377541,-0.0750000000000745,0.0750000000002038,-0.0462000000529804,-0.074999999999635,-0.075000000000023,0.00380000000034466,0.075000000000264,0.0750000000002549,0.0132347041120663,-0.00283820897971432,0.00668508821406817,0.706110211818697,0.0866849698216782,0.0247746099903612,2.47648450750531e-05,-0.21567238674266,0.400000000121206,0.244910040507242,-0.39999999978303,0.271876204233215,0.250000000204356,-0.399999999843002,0.400000000151582,0.250000000057299,0,0.162903998674922,0,0,0,0,0,0,0.724870365895525,0,0,0.0890843100670414,0,1.1756049117174,0,0,0,0,0,0.896266981965689,0,1.42074433563905,0,0,0,1.14646491694624,0,0,0,0,0,0,0.795094474102751,0.956080156166352,0.782191218751633,0.968983411517467,0,0,0,0,0.0930544079411022,0,0.271619259891597,0.226653654450813,0,0.306986015395238,0.147241963549645,0,0.0981782285476386,0,0.17453088901781,0.338106005511848,0,0,0.0301613199167544,0.25190460064634
43,-0.047326390546517,0.0419967620906422,0.0585365952013541,0.0888230317392161,-0.018433530740536,0.057107905069499,-0.0389245973301345,-0.0579315095965099,0.0553804485515001,0.990972237254577,-1.03576609426631e-06,7.98901217882139e-06,0.134086452441642,0.0129122251716279,-0.012039907819876,0.0519974251910277,-0.0750000000000021,0.0749999999999891,-0.0499999999999998,-0.0750000000000011,-0.0749999999999975,-0.0423999971128491,-0.0749999999999966,0.0749999999999958,0.0363387091949351,0.00013157747989377,3.97437770434178e-05,0.146174664193674,0.0335555984798176,0.00652348510722621,5.16253568029003e-07,-0.105999642522668,0.399999999999994,0.25,-0.400000000000001,-0.0216973536278378,0.164058008088227,-0.306781126256964,0.399999999999998,0.2294736457406,0,0,0,0,0,0,0,0,0.895900569179425,0,0,0,0,0,0,0,0,0,0,0,0,0,0,0,0,0,0,0,0,0,0,0,0.627957912411613,0.932822997971366,0.699958712690718,0.860822197692259,0,0,0,0,0.0441787282401852,0.352546799455072,0.234919817840867,0.231036880456456,0,0.356589535403772,0.118359374922943,0.266309751400194,0.0810146953789317,0.85684735698066,0.127512982421898,0.329437452634729,0,0.597413901627561,0,0.248275690314598
44,-0.0490523914153089,0.0439167410882504,0.058077282728665,0.0869030737348003,-0.0172779932277209,0.0568005951273052,-0.0407641017117675,-0.0560115305784203,0.0563734987464492,0.990926028964944,1.01661531742644e-07,2.07226081637444e-06,0.134427521374521,0.0131041610771283,-0.0120083074333408,0.0519974253867028,-0.0749999999996471,0.0749999999979801,0.00380000000084373,-0.0750000000014928,0.0749999999996095,0.0114000028871015,-0.074999999998221,0.0750000000003303,0.0500000000026326,0.000161251851086307,0.000716822007506773,6.04459715352277e-08,5.30502483508858e-05,-7.03867237603335e-06,1.80997819634332e-06,0.0209717181694009,0.399999998798823,0.150000000501892,-0.0105706211795888,-0.216498227581315,0.149999999973043,-0.0951308276884943,-0.13996394682319,0.150000001565439,0,0,0,0,0,0,0,0,0,0,0,0,0,0,0,0,0,0,0,0,0,0,0,0,0,0,0,0,0.188717553555105,0.412100943307842,0.285063371638229,0.315755125224718,0.15489382571893,0.636557623658881,0.344080088415533,0.447371360962269,0.328927964086831,0.13783690977777,0.195597077281055,0.271167796583545,0,0.636086561070259,0.0335570148475183,0.53822951307697,0.0521038130106034,0.120712433575723,0,0.317491746400396,0,0.694963033834394,0.217168547839294,0.215169585167296,0,0.438929002628162,0.157241577019156,0.107487707846133
45,-0.050951489327364,0.0458367200927405,0.0586895352013501,0.0849914108222507,-0.0154581630361258,0.0575407651734373,-0.039564191703249,-0.0544045346902743,0.0573455413262913,0.990926028956766,-5.79900564982366e-09,-6.66891760635046e-08,0.134427521467967,0.0131039406508815,-0.0120083265309556,0.0519974248825722,-0.075000000000001,0.074999999999999,0.0499999999999986,-0.0750000000000016,0.0750000000000017,0.0500000000000001,0.0749999999999943,0.0749999999999995,0.0472181673081079,-2.1836769910416e-05,0.000186149266973381,1.10007992922997e-10,9.1855903092476e-06,1.11233084495378e-06,1.79373089673211e-09,-0.321656058993146,0.399999999999999,0.149999999999999,-0.400000000000001,0.0473051281591333,0.244584530500038,0.399999999999997,0.383302674565091,0.149999999999998,0,0,0,0,0,0,0,0,1.18114003959198,0,0,0,0,1.12385236481924,0,0,0,0,0,0.820130274975398,0,1.56460458087611,0,0,0,0,0,0,0.25016010490181,0.259705847220559,0.243968252810069,0.2658976993123,0.262435339355615,0.548845854851629,0.318438081695941,0.492843112511301,0,0,0,0.0168472013410519,0.0191541239458407,0,0.214709760232679,0.237633151162352,0,0.364822721836628,0.0511853734727047,0,0.0079126227709158,0,0.262208900274791,0.314039007731911,0,0.416936227654638,0.0986845135148159,0.155445694884209
46,-0.0524685053324707,0.0477566990938168,0.0592252252013527,0.0830714528180627,-0.016032487058874,0.0580764551734345,-0.0379629202967064,-0.0524845556895266,0.0583879471555284,0.990926028956746,1.26301099226584e-10,-2.36192171766618e-10,0.134427521468177,0.0131039479059292,-0.0120083261742118,0.0519974248750691,-0.0750000000000013,0.0749999999999819,0.0037999999999931,-0.0750000000000067,-0.0750000000000439,0.00380000000000121,0.074999999999972,0.0749999999999755,0.0500000000000025,8.89545379877797e-07,-1.14943841660917e-05,1.9587352267785e-13,-5.99881538307979e-07,-4.74784921797073e-08,-6.76211178472514e-11,-0.119766914362635,0.399999999999989,0.193854240229773,-0.400000000000004,0.399999999999974,0.25,-0.400000000000017,0.399999999999985,0.250000000000001,0,0,0,0,0,0,0,0,0.858695745545049,0,0,0.024525378206365,0,1.44583128531554,0,0,0,1.68978392727962,0,0.367611447557858,0,1.76494043733146,0,0,0,2.00884958410943,0,0,0.10901010165455,0,0,0.081457343168131,0.536494634347125,0.7004282511456,0.509477489210496,0.727445396282228,0,0,0,0,0.0143613995955685,0,0.215951575049205,0.125464412350484,0,0,0.108111550666962,0,0.34722396292463,0,0.218052615291699,0.475981615017128,0,0,0.0707898657565286,0.424938881420526
47,-0.054173882213783,0.0496766780948519,0.0588369142963903,0.0811514941849586,-0.0177472192208791,0.0576881459525201,-0.039613882976716,-0.0506398544498128,0.0586688936267388,0.990870651102023,-7.66489846715308e-07,2.52892517276237e-06,0.134835110641208,0.0132874450944063,-0.011904484858914,0.0519975777865224,-0.0750000001729199,0.0749999999308712,-0.0424000001032617,-0.0749999918791909,-0.0749999984418204,-0.0423999999962415,-0.0750000074734244,0.0749999987169473,-0.00935471509695519,-0.00408262958446241,0.00673465475483801,-3.6484484566517e-07,0.00037025850831606,0.000221505790949965,-0.000125002712550238,-0.0366800465371158,-0.0325628294550982,0.149999938600502,-0.285030951624792,0.254626085488812,0.239612285834944,0.330193481330011,0.0664828067601042,0.149999964527919,0,0,0,0,0,1.56733701932086,0,0,0.132962161364265,0,0.0386595148492425,0,0,0,0,0,0,0,0,1.4900137674071,0,1.43291946234914,0,0,0,0,0,0,0.635098677410613,0.988490995586829,0.758398049307707,0.865191623689739,0.209561944694801,0,0.230176652742065,0.397250145275523,0,0.105927391452304,0,0.0801253211360128,0.129006863164877,0.322090686452691,0.0868592726622287,0.364238276955338,0.159552397775832,0.0494982288593748,0,0,0,0,0.209450070963739,0.183691741485489,0.104294920195843,0.0459567447621873,0.113862922977558,0.0660041034137943
48,-0.0537712184220037,0.0484767237345111,0.0578098929142803,0.0792315372557679,-0.0165472624399352,0.0566623649731393,-0.041234229944828,-0.0492274238655367,0.0580193585102989,0.99087065218317,5.74389305709481e-08,-1.53621519408328e-07,0.134835112088551,0.013287190724787,-0.0119046000677763,0.0519974254728459,0.0750000000216895,-0.0750000002329647,-0.0500000000005684,-0.0749999999826394,0.074999999459804,-0.0499999999991042,-0.0750000003632237,0.0662865125707447,-0.05000000009019,-2.3331254554995e-06,6.19581160961168e-05,-7.20210863470424e-10,2.13869021553661e-06,-4.64736618484717e-07,-2.60251573020425e-06,0.00713676323381835,-0.151616654968267,0.158087996299541,-0.399999989677148,0.399999678780243,0.169576899651771,-0.34165279572449,-0.107411596797969,0.149999946368537,0,0,0,0,0,0,0,0,0,0,0,0,0,0,0,0,0,0,0,0,0,0,0,0,0,0,0,0,0.506616194340861,0.948416992352763,0.670949943368915,0.784083243324707,0,0.726058203426112,0.125110974645691,0.280609942791772,0.0729732496202239,0.203333748769135,0.100254892341294,0.176052106048073,0.0649697136026599,0.364697034813267,0.0170277928953306,0.406128566177236,0.172138512173297,0.0516447077117705,0,0.451933003206259,0,0.625080861321247,0.195108056513695,0.15747681902342,0.110725811194272,0.087879706691005,0.211756234970873,0.0199537494547781
49,-0.0548066124602407,0.0474818387497062,0.0573505847376274,0.0773115706783289,-0.0150081869474679,0.0562030556807138,-0.0400343082450581,-0.0477465917388628,0.0575600490591823,0.990870654618945,-1.65751022275871e-09,3.91028853179925e-09,0.134835110760385,0.013287206814798,-0.0119045911462956,0.0519974248583197,-0.0750000000689925,-0.0247398461475108,0.00380001130937368,-0.0749999997704872,0.0749999991116494,0.00379997989834423,0.0749999999379838,0.0749999999958696,0.00380001081524062,7.74779227265172e-06,-1.59498915127977e-05,-3.16667961270929e-10,-8.00296332967864e-07,-3.90682637845704e-07,-2.76007788275449e-08,0.161941562289517,-0.24679747917153,0.150000113421588,-0.399999863526798,0.399999471758618,0.149999729142175,-0.400000036870627,-0.0511164554966035,0.149999971437878,0,0,0,0,0,0,0,0,0,0,0,0,0,0,0,0,0,0,0,0,0,0,0,0,0,0,0,0,0.478834912916658,0.920441415764291,0.657872588077672,0.741403740603275,0,0.595585845520277,0.0583684545760406,0.192856377231444,0,0.138910857236079,0.012552722170033,0.0928837348583029,0.0601234860317809,0.368921460718628,0.0224091808078719,0.406635765942538,0.174123473943017,0.0504529063028609,0,0.455124263082565,0,0.637404507115815,0.203028116876471,0.154787127509704,0.111715748557166,0.0977269061332183,0.206951620655604,0.0170706320815393
50,-0.0564947298241015,0.0466315086808913,0.0577824868663079,0.0760804207368598,-0.0134858479469699,0.0566675492752639,-0.0391483079833088,-0.0469852184683125,0.0578147963538127,0.9907146372204,1.98038573750189e-05,2.85330109383336e-06,0.135976798092227,0.0132761994770293,-0.0116801377535455,0.0520039076828802,-0.075000000285465,-0.0601160961465932,0.0392132232094272,-0.0195879716304583,0.0749999994502111,0.0261460130349888,0.00194144093831224,-0.00267307964491658,0.0077398048841234,0.0171413465393056,-0.0057660163902367,0.378182973740751,-0.0173179384628073,0.0183593019356694,-0.00621901995045565,0.16228550507246,-0.192519438369293,0.149999839744952,-0.399999261584678,0.399999673054919,0.22168511102977,-0.216757544283793,0.0675890929191645,0.211163317814199,0,0,0,0,0,0,0,0,0.0712131149651264,0,0,0,0,0,0,0,0,0,0,0,0,0,0,0,0,0,0,0,0.465556435889839,0.911263927928626,0.654818414293669,0.722001949524796,0,0.513810115921322,0.0622181509429923,0.165614958668456,0,0.0128721340888821,0,0.008519741798578,0.0517199950653216,0.364657368638214,0.0182581544559006,0.405840980080253,0.172318880767422,0.0478236065666469,0,0.457028298056519,0,0.654779491594243,0.198229546955758,0.156101276966411,0.123282047829007,0.0483752439277523,0.131687540001359,0.0186866367187167
51,-0.0581627194577964,0.045133383853912,0.0585100917256246,0.0752887263805849,-0.0119404417730493,0.0571191410944165,-0.039208525864326,-0.0479264319421387,0.0581527696668838,0.990081019510899,-8.58726663923972e-07,-8.32674466949559e-06,0.140516422338097,0.0126714629807277,-0.0113932758186831,0.0519979757171158,-0.0749999999093157,-0.0750000010059112,0.0335755017682386,-0.0504917583711048,0.0749999988739361,0.0168926185967087,-0.00360663688046088,-0.0750000009242393,0.0285903043570705,-0.000524972245149102,0.00135960332873077,0.651200627995882,-0.0454850895654508,0.0158851125813096,1.79264307711045e-05,0.0618650277241082,-0.0858474162725627,0.149999775924143,-0.399999966377384,0.399999330393851,0.249999521036059,0.139660175761245,0.251044997042553,0.206984327836308,0,0,0,0,0,0,0,0,0.243136941035553,0,0,0,0,0,0,0,0,0,0,0,0,1.24438491399488,0,0,0,0,0,0,0.444080836738011,0.854078633654835,0.624671025371759,0.673488445021103,0,0.533344124194509,0.045034388774491,0.185015541095888,0,0.0101495482759797,0,0,0.075961776868724,0.350838876540972,0.0462533587751575,0.387422491746281,0.153220279676641,0.0374053809847433,0,0.422404594075518,0,0,0.21167617010726,0.169028505696089,0.109908006535704,0.0967861909202113,0.121800868086108,0.0158536178572037
52,-0.0592553169718591,0.0433480206450712,0.0594333690810239,0.0739044246560706,-0.0115207060989901,0.0571420081761374,-0.0403067657926921,-0.0484402219290408,0.0585230758010076,0.989728344150553,-3.22676821520958e-06,-1.69024526151392e-06,0.142979597544075,0.0112836402452371,-0.0112748221482905,0.0519974947920559,-0.0344628509343463,-0.0750000000000002,0.0500000000000001,-0.0749999999999933,-0.0166625467015145,2.45304088004629e-06,-0.0749999999999984,0.00651314234355777,0.00144490744788459,0.012501502846153,-0.0100777160998368,-0.238504819001692,-0.0814069934437258,-0.0034787816029757,-0.000443189496211518,0.00525778178807722,0.111054581493393,0.15,-0.399999999999996,0.399999999999993,0.15,0.137156483041179,0.0256178966537286,0.22729012057318,0,0,0,0,0,0,0,0,0,0,0,0,0,0,0,0,0,0,0,0.877822212110289,0,0,0,0,0,0,0,0,0.240481955976606,0.586285385764974,0.365562049821274,0.461205291920306,0,0.557895400721974,0.0416246969329577,0.167974629670437,0.075564331121662,0,0,0.0418546919825775,0.0548040046910512,0.363743993559307,0.0601126061919234,0.358435392058435,0.121661739388872,0.115349838266152,0,0,0,0.633672619319403,0.187987868430671,0.171058719655362,0.0529430878964017,0.186679834666385,0.209350952824425,0.0546329736472737
53,-0.0600000000264691,0.0445479758224493,0.0599690589600193,0.0724587378867454,-0.0104600257958556,0.0572483891276464,-0.0412239296933496,-0.0489621311684393,0.0585347153151694,0.988727163064243,-1.15226678439881e-06,-2.88945850414452e-06,0.149747427691961,0.00988056038819121,-0.011205942486715,0.0519980530188066,-1.92379679361163e-14,0.0749999999999997,0.0037999734679755,-0.0663424857354579,0.0749999999999973,0.00536113077612833,-0.019896352407163,-0.0508825265316814,0.00157611781452978,2.26234580944148e-05,0.0112106020606539,1.35073830210023,-0.0671726537313065,0.0084437409993785,-0.000333479930471531,0.0381544968720256,0.000275684553293488,0.15,-0.399999999999996,0.399999999999998,0.15,0.210929749200361,0.144674800784019,0.248991523608117,0,0,0,0,0,0,0,0,0,0,0,0,0,0,0,0,0,0,0,0,0,0,0,0,0,0,0,0,0.327773322777218,0.710542035541455,0.481782133611908,0.556533224706765,0,0.580080676102899,0.0503351634262357,0.181460755743142,0.134994189432639,0,0,0.0962060447019627,0,0.355400864169185,0.0223691400408969,0.353642046369078,0.101863257989004,0.068895746813074,0,0.395316674744398,0,0.65202316273374,0.202817550408495,0.166332487813933,0.0513007624810457,0.18201128656892,0.129825869520293,0.0340719870942395
54,-0.0599999998505195,0.0464679547710293,0.0598640917131063,0.0712132088569693,-0.00884869454880664,0.0572528799016925,-0.0414163039336127,-0.0502994023604443,0.058508696211252,0.986406061318273,1.35621438667026e-06,-4.9160698089133e-06,0.164346804684098,0.00858803494856099,-0.0111609269389753,0.051997513803033,4.84732299319603e-12,0.0749999999708379,-0.0142066569020807,-0.0595986015507218,0.0749999999827607,0.000122327431422062,-0.00101092566342177,-0.0750000000233267,-0.00184585789959128,-0.00165985305188405,7.47652212798248e-05,1.60696889386532,-0.0616126702284293,-0.00266998780034703,3.5723085696897e-05,-0.0295007996103103,0.399999982659617,0.150000007538193,-0.399999997583584,0.399999989749257,0.149999997485944,0.327553566186459,0.399999986129419,0.150000163858492,0,0,0,0,0,0,0,0,0,0,0,0,0,0,0,0,0,0,0,0,0,0,0,0,0,0,0,0,0.267597259815657,0.531730138827552,0.371671182059343,0.42765621658387,0,0.585710540093531,0,0.0922108462720055,0.463662329343621,0,0.144072215161002,0.187789169735988,0,0.713395193982898,0.0512681909916036,0.286565301685615,0,0.368875633209627,0,0.183162685874181,0,0.786620816084801,0.239073750116271,0.213727490374404,0,0.442101255311538,0.176807120452998,0.110324874562977
55,-0.0600000028434538,0.0483879335503403,0.0599133078832303,0.070151683400608,-0.00702892550754761,0.0572928955061498,-0.041591602980157,-0.0507866759002609,0.058510342644511,0.984369103788799,-7.02299862799427e-06,-2.20109524843852e-06,0.176139165598975,0.00754239141794875,-0.0106869609568053,0.0519979779590621,1.96448796978994e-11,0.0750000000037085,0.0189624299551814,-0.0444638606140306,0.0749999999977894,0.00249530304183379,-0.0142649899007232,0.0152859982873935,0.000146334153512489,-0.000138989376221841,0.0106887821187546,0.814328951215995,-0.0430471873743554,0.0479967735139547,-0.000331171172474859,-0.0356621538447292,0.400000002205215,0.150000000609055,-0.399999992257811,0.399999998685431,0.149999999249374,0.29961888172236,0.166653035034054,0.2499999995741,0,0,0,0,0,0,0,0,1.23832345332854,0,0,0,0,1.37038108915443,0,0,0,1.21847750702881,0,0,0,1.50113304668826,0,0,0,1.34922950200569,0,0,0.50145060221185,0.640093308770631,0.51272325673922,0.628820654243263,0,0.560653471110539,0.110465646065505,0.181960603102782,0,0,0,0.0907031077695433,0,0,0.181506876266402,0.260996526636393,0,0,0.0939147623353522,0.16718115222382,0,0,0.261540534015732,0.30051315580151,0,0,0.173948420084683,0.206697781388939
56,-0.0599999921403166,0.0503079122816054,0.0598282472984104,0.0695647329036141,-0.00549246741790187,0.057292953863023,-0.042018625997639,-0.0496414579278752,0.0584951438096136,0.983944287110927,-1.03112040119529e-05,-9.21218243301555e-07,0.178497148271098,0.00695676269455007,-0.0094012112865551,0.0519971149405656,1.07620402078936e-13,0.0749999999971172,-0.0272374915312262,-0.0201860432454068,0.0749999999916211,9.18043505864199e-06,-0.0225980236478599,0.0749999999998231,-0.000777871960705499,-0.00303194602345614,0.00253075686361442,-0.0480266064614798,-0.0202528275806944,0.0791295341117011,0.000157104381439511,0.026816229086932,0.399999998285808,0.222386880062408,-0.399999985484105,0.399999995017758,0.2182437679225,0.177841499178687,0.399999999894786,0.237125478209232,0,0,0,0,0,0,0,0,0,0,0,0,0,0,0,0,0,0,0,0,0,0,0,0,0,0,0,0,0.407013106660147,0.576241483881864,0.422394492305358,0.560860098236653,0,0.623603021266703,0.0680189042010674,0.184700135891151,0.40133427193824,0,0,0.0847298415462411,0,0.374030969086806,0.121921147756609,0.265581257071517,0,0.295261142029961,0.0922137921358041,0.223335505597157,0,0.647434425887608,0.160192312766525,0.218265884820875,0,0.297008049182665,0.130484957145717,0.176020133346517
57,-0.0600000012111007,0.0522278907168051,0.0590602362185272,0.069016229093526,-0.00375881905144459,0.0573225792438293,-0.0422979450125548,-0.04859186036421,0.0584972520324154,0.983318157255107,-7.39837313735083e-06,-2.71630227674253e-06,0.181915003103499,0.00642470956075076,-0.00807481910969422,0.0519979571952478,-8.13205019277166e-11,0.0749999999946403,-0.0494525521512184,-0.0315272597285739,0.0750000000163527,0.00183705715085101,-0.00876672012075183,0.0307391294518138,0.000126254495400513,-9.26618240347995e-05,0.00755055772419488,0.607120204161208,-0.0304046359479548,0.0549939817473533,-0.000231032904626786,-0.3339490946375,0.399999996813047,0.150000019199781,-0.400000013712524,0.254654499139899,0.250000001612648,-0.346199682296229,0.39999999995072,0.228495124716265,0,0,0,0,0,1.67940662148455,0,0,0.970435236940172,0,0,0,0,0.824909553807095,0,0,0,0,0,0,0,1.36352485230369,0,0,0,0,0,0,0,0,0,0,0.32462331009317,0,0.280912162435835,0.477667125768945,0,0,0,0,0,0,0.267872946406614,0.0793371152335647,0,0.612173376286864,0.0786206769097981,0,0.337016949268527,0,0.163110392923154,0.520152785112419,0,0.845244522747602,0,0.40365750411228
58,-0.0586989816147324,0.054147869624685,0.0586118750313584,0.067529513500211,-0.00181911928247926,0.0570401395279029,-0.0440522925082125,-0.046786841513161,0.0590284566072843,0.982811738807454,-4.04684304169429e-06,-7.72733493619597e-06,0.184631522605359,0.00529896070118968,-0.00735018299619473,0.0519973849428209,0.0750000000203753,0.0750000000258599,0.00434744771195856,-0.0749999999991747,0.0750000000080091,-0.0292450158310959,-0.0750000000139752,0.0750000000357198,0.0499999999418222,0.000656714848710202,-0.00151840072163529,0.110179304785428,-0.0640559407064287,0.0218146047636261,9.34611636225022e-06,-0.0890477605623902,0.40000001537683,0.149999997702764,-0.399999999509338,0.400000004762334,0.150000000803263,0.224551933226509,0.400000021239856,0.228377826019727,0,0,0,0,0,0,0,0,0,0,0,0,0,0,0,0,0,0,0,0,0,0,0,0,0,0,0,0,0.329488713624291,0.440048871088384,0.328560043073815,0.440977541638864,0.0583814287644402,0.714866590045312,0.174764285875137,0.290533340910733,0.376405688982374,0,0,0,0,0.496099132729518,0.0419990263779365,0.191817003419304,0,0.248502755656797,0.0486738571893037,0.192763716013954,0.0163848229570162,0.585840066581162,0.142656816277906,0.249526028237626,0,0.330550321847733,0.173982043504126,0.250472740832273
59,-0.0591389445229281,0.0560678487124511,0.0583292415198747,0.0660027814559337,-7.1652689181936e-05,0.0570389936347339,-0.0445914364107323,-0.0466820184017271,0.0596994192404829,0.982174779899498,-2.70615956375563e-06,-1.1613170235027e-05,0.187990704397512,0.00416510741833699,-0.00691457718641367,0.0519969780764937,-0.0750000000010813,0.0749999999906146,-0.0324269303258328,-0.0744009719067256,0.0749999997946898,0.0149830194669893,-0.0116132813280904,-0.0587807421008904,0.0230252454697271,0.0117242959298467,-0.0167349411942338,0.789511865354937,-0.0560429807829922,0.0199616073055017,-0.000758804715214017,0.0085111623368484,-0.253894723297084,0.192448817896108,-0.399999990232186,0.0917095471816504,0.176292170733658,0.263445760146382,0.012516322925816,0.149999997920851,0,0,0,0,0,1.32913422955649,0,0,0,0,0,0,0,0,0,0,0,0,0,0.80043494077162,0,1.10516014734839,0,0,0,0.431569635006441,0,0,0.942402170152512,1.32393626267243,1.08032669292219,1.18601173990275,0.164640246944821,0,0.196718019935352,0.348559819920804,0.0156255222294798,0.21579153702291,0.0791662646242215,0.152250794628163,0.0801141862994659,0.318262742164247,0.0627825133784379,0.361611887506469,0.182142477188331,0.017054910049109,0,0,0,0,0.224008622795441,0.145617388623992,0.130051682560841,0,0.133823440837429,0.00831248130681966
60,-0.058648970256321,0.0548678937003123,0.0573676204299097,0.0643990066591805,0.00187659663655031,0.056911488540445,-0.0450425849297592,-0.0474377797247206,0.0596744566333372,0.980509062080649,-6.15162310967955e-07,-8.92078706007905e-06,0.196494677509131,0.0028896822859964,-0.00652070839085376,0.0519970294983684,0.0749999999999998,-0.0750000000000021,-0.0499999999999999,-0.0749999999999958,0.0750000000000013,-0.0160584941666406,-0.0297537698276261,-0.0201736703772835,-0.0144927991185518,-2.75836737302737e-05,-0.0055991664608454,0.850474097320819,-0.0639605406420918,0.0200267818892398,0.000148728018760889,-0.123380086120134,-0.206581843685492,0.205357440358413,-0.399999999999997,0.0276634422711117,0.25,0.4,0.239184340835877,0.174648359565808,0,0,0,0,0,1.33022199934448,0.264585798659001,0,0.253192445518384,0,0,0,0,0,0,0,0,0,0,0.742982953306006,0,1.21257987408478,0,0,0,0.379126439246031,0,0,0.895884452476455,1.2551295796751,1.02088013800174,1.13013389414982,0,0,0,0.227711245015615,0,0,0,0,0.107464562459775,0.313197551868718,0.0296902317404997,0.374139004644026,0.191323224515846,0.0151508201387681,0,0,0,0,0.202334204248389,0.148043873005416,0.116973899622026,0,0.139534808801315,0
61,-0.0570269249311214,0.0529479147610109,0.056343173848019,0.0629148456051727,0.00385364117146585,0.056662897850146,-0.0455444795493681,-0.0475937667787926,0.0596481911112425,0.978769769622744,-5.63789773050576e-06,-3.1292830214565e-06,0.204983640408755,0.00173262829232625,-0.00600226391599822,0.0519971462901403,0.0749999999986743,-0.0750000000036951,-0.0500000000010091,-0.0741825241149142,0.0749999998598711,-0.0106050060428336,-0.0248889808506345,-0.00353512888189081,-3.7249601373524e-05,-0.000108292969397046,-0.00672139765200341,0.850846739009371,-0.0557781054401292,0.0293425847829819,0.000227085621845931,-0.118122278374859,-0.182669227178385,0.21208221639991,-0.399999974946557,-0.020472100156044,0.205301293206519,0.400000003311244,0.218306712003653,0.232018284141462,0,0,0,0,0,1.33081481220315,0.289313979314857,0,0.237013266992073,0,0,0,0,0,0,0,0,0,0,0.805235216614627,0,1.20748405731073,0,0,0,0.219948238671146,0,0,0.775267221618999,1.13111585417549,0.89987487893961,1.00650819685487,0,0,0,0.220644730593881,0,0.0599513402509457,0,0.049473229048116,0.093304961305533,0.294575331837601,0,0.358609110706177,0.194608324499309,0.00427424129610721,0,0,0,0,0.206841720477287,0.144575166923819,0.119622274846235,0,0.156808025255433,0
62,-0.0553921629680025,0.0510279357229405,0.0553154565634084,0.0615916485044878,0.00500000010812537,0.0564925664147964,-0.0462565422954148,-0.0477244189203941,0.0596444727031943,0.977535967567279,-4.19626159462555e-07,-6.44719586444689e-06,0.210789497074576,0.000574198774050792,-0.00567751602765499,0.0519982261477643,0.0749999999999998,-0.075000000000002,-0.0499999999999999,-0.0568096337768275,-2.53301973987604e-09,-0.0019265107202676,-0.0481181586698472,-0.00906507718640298,0.000925260427115467,-0.0106551825005273,0.0293862373481574,0.108712239354098,-0.0558461084057489,-0.00657208127025562,-0.000574153756968078,-0.0492983987190825,-0.286328603980961,0.215420403525417,-0.399999999999996,0.399999999999989,0.198409159741152,0.399999999999998,0.205106965413737,0.242899002657725,0,0,0,0,0,0,0,0,0.199595604399911,0,0,0,0,0,0,0,0,0,0,0.753334849276126,0,0,0,0,0,0.18123250807613,0,0,0.647758134847221,1.01146891929848,0.774005892208487,0.885221161937212,0,0.572195715620799,0.0429939019564108,0.187640984625202,0,0.150514210307567,0,0.102603272023816,0.100168868344138,0.308948503000001,0.0206489435911466,0.370035449858136,0.208502443334671,0.00263733443678876,0,0,0,0.341038994972546,0.223171239931583,0.139480025032224,0.129945844981793,0,0.179505988107255,0
63,-0.0544520970139,0.0492201774416349,0.0542709459684211,0.0608463243698772,0.00499999787944725,0.0564919394144625,-0.0469255127343993,-0.0478533596415278,0.0596421684196656,0.97737853649483,6.58275425319085e-07,-1.09456494402194e-05,0.211518272223434,-0.000156106523297332,-0.00575263777750458,0.0519971521828425,0.0192851800221353,-0.0750000000144027,-0.0500000000003143,-0.0183028647575164,-4.41349544680214e-10,-0.000141471714293778,-0.0168204478475161,-0.00297774097399426,0.000145083710399182,-0.00144978451660591,0.00294209781502834,0.0333346473298989,-0.0181311793610742,-0.00175535942725072,2.02032835336224e-05,0.0273935024424192,-0.258535411106755,0.169788572554779,-0.400000015240191,0.399999967715733,0.19978539659105,0.399333689016333,0.203004874168857,0.15389457767333,0,0,0,0,0,0,0,0,0.200885904989887,0,0,0,0,0,0,0,0,0,0,0,0,0,0,0,0,0,0,0,0.541970602898049,0.906224846074941,0.678415373496133,0.769780075476864,0,0.532682359496338,0.0269021684650711,0.167906905937067,0,0.218798212914484,0.0452978789732806,0.150043412703327,0.0756929264205338,0.294999754120429,0,0.352027168172303,0.190037631806133,0,0,0.339510803970791,0,0.348101226517827,0.231587102095717,0.128967947650157,0.126798528613644,0.0612385718013632,0.186111690119185,0
64,-0.0549750486588605,0.0474236311658866,0.0538116359527875,0.0607562875290422,0.00499999799689687,0.0564900614322825,-0.0470071178431647,-0.047869970453615,0.0596434150190707,0.977358726748741,2.34533701388832e-06,5.07089752490338e-06,0.21160978824428,-0.000245874670948487,-0.00576262330721022,0.0519972364219553,-0.0711282791172643,-0.0750000000120963,0.00379999883115095,-6.08683853730757e-05,-9.66590676491924e-10,9.65997710554622e-05,-0.000120465238275515,-2.31487444188946e-05,-3.11108046982093e-05,-0.000437769068439819,-0.00180169262460428,0.000137052025132462,-6.78977472665139e-05,3.48592787097515e-06,2.54000053025294e-05,0.143037744714622,-0.298222097500058,0.149999994823908,-0.400000007390499,0.39999996751064,0.198521650212035,0.299639509601721,0.179973861047998,0.149999998861933,0,0,0,0,0,0,0,0,0.177273439954045,0,0,0,0,0,0,0,0,0,0,1.17901332694485,0,0,0,0,0,0,0,0,0.492333697065467,0.843750414302428,0.633637481778706,0.702446629589186,0,0.503350863871852,0.0190162067011482,0.159662460946068,0,0.229341904764144,0.085849435358787,0.162373171205806,0.0752176025729036,0.284453488351148,0,0.340511262507994,0.194917448109758,0,0,0,0,0.343699284700772,0.236147395336945,0.127949973945773,0.140097930118804,0.0707797655183442,0.198121939933762,0
65,-0.0559653953628402,0.0457278082893974,0.053426291503238,0.0607556884685747,0.00500000197123457,0.0564904810222229,-0.0470078143291285,-0.0478699319786314,0.0596422861756752,0.977358534844139,1.19691409998685e-06,-2.92097390265538e-08,0.211610674959322,-0.000246421792851596,-0.00576260043399994,0.0519971582973453,-0.0281214365670552,-0.0749999999952149,-0.0421049201111544,-8.65727235084668e-05,-4.66684293124825e-10,7.83043881245828e-05,-0.000128906166154423,-1.18908024530088e-05,-7.24546865940636e-05,-0.000131559065237704,-0.00142070840486692,8.394296654866e-05,-7.02936122036107e-05,6.70278989760099e-06,8.47937934728102e-06,0.0346332289182437,-0.308875233508512,0.249999997740813,-0.399999985701127,0.400000009305848,0.184771232713203,0.272867653493092,0.178639860034666,0.149999999580785,0,0,0,0,0,0,0,0,0.176076939560633,0,0,0,0,0,0,1.15081411312906,0,0,0,0.760681709142089,0,1.16037364958753,0,0,0,0,0,0,0.448575426190585,0.762481568893621,0.557509614342991,0.653547380741219,0,0.483301007278401,0,0.133982002715636,0,0.231511323209899,0.0719008793798944,0.178985644969331,0.0884447600263087,0.288033707215446,0.0165849796099235,0,0.215361498893685,0.0160085120489848,0,0,0,0,0.221952931248059,0.115600765378546,0.142008971800235,0.0504362685272817,0.203288872625138,0
66,-0.0550041928230948,0.0441190408802551,0.0524001218033983,0.0607573571136297,0.00498680240603573,0.0564890749769733,-0.0470095790720803,-0.0478727829499074,0.0596411317770172,0.977366153972343,7.71596332488154e-06,4.86309777745014e-07,0.211575481881023,-0.000245450438105959,-0.005768550446146,0.0519969563086382,0.0749999999560365,-0.0749999999154787,-0.0500000000099044,0.000122603265348363,-0.000510330008082241,-5.8067268794113e-05,-0.000103100308414146,-8.81364362084887e-05,-4.34126683962033e-05,4.88551657501901e-05,-7.92835400144228e-05,-0.00293262492400268,2.88786143050429e-05,-0.000214092384664649,-7.89746365027414e-06,0.0221395362493773,-0.399999949741889,0.249999994110334,-0.400000131671546,0.400000524346008,0.222556542715924,0.101028013330228,0.125533382240275,0.149999992453998,0,0,0,0,0,0,0,0,0,0,0,0,0,0,0,0,0,0,0,0.826488130226277,0,0,0,0,0,0,0,0,0.311586792605953,0.666987989969429,0.431009776517274,0.547565006058109,0,0.510133665858765,0.0230845836904912,0.130395326777576,0.0473011792555683,0.251564682312582,0.103599379358354,0.196112365517626,0.0555520540425495,0.304663270524727,0,0.356753814256036,0.233298293338846,0.0212046234738667,0,0,0,0.619378906270501,0.213467562760353,0.105554281642374,0.149561579906711,0.0637478567414566,0.223751212940915,0
67,-0.0549356160083343,0.0425144620742461,0.0513516117945867,0.0607554636336024,0.00500000482330834,0.0564914661690203,-0.0470051895763429,-0.0478782118667232,0.0596407645267158,0.977348632527792,4.87550857582349e-06,-3.9648048185292e-06,0.211656405789737,-0.000246974105604643,-0.00576583154603295,0.0519975352676047,-0.0674301697817912,-0.0749999998604422,-0.0500000000128721,-8.30220729828261e-05,1.84224905540742e-09,4.58143115815379e-05,0.000153479033084403,-0.000159921446339369,1.50881027290723e-05,-0.000484721280073504,0.000254204956000135,0.00149544441986881,-5.74158417596667e-06,-6.33450258711208e-05,2.13194852364952e-05,0.168582661431109,-0.399999917016029,0.249999992345616,-0.400000121697009,0.400000613698105,0.149999995546907,0.152684812383111,0.120409883881102,0.149999994957947,0,0,0,0,0,0,0,0,0,0,0,0,0,0,0,0,0,0,0,0,0,0,0,0,0,0,0,0,0.235559428948187,0.585803744446016,0.35252017944052,0.468842993953681,0,0.516006170318901,0.00404759258869649,0.121898899119822,0.0715882088132251,0.269837910156157,0.143244473015865,0.211829598351093,0.0425561143254982,0.306148910399663,0,0.351347880919558,0.236514354101272,0.0267610341022868,0,0.245050577515668,0,0.609311736203931,0.220199975327345,0.100844126426044,0.159101358671115,0.140076733652774,0.241067642209632,0
68,-0.0564503183198292,0.0408633322513413,0.0506499862822337,0.0607541616434825,0.0050000008267344,0.0564923296879205,-0.0470023101204958,-0.0478867285409005,0.059642150833113,0.977340494362028,2.00647073575789e-06,-8.68469965101983e-07,0.211693981028167,-0.000247699000106351,-0.00577016626518141,0.051997882731452,-0.0750000000004634,-0.0749999999507067,-0.0203109978039327,-9.30810757025918e-05,4.79611693624038e-10,4.14925273270666e-05,0.00014995151331905,-0.000377648049051614,4.68506410110521e-05,-0.000174206519164796,9.71001826614013e-05,0.00350850576113623,-3.88549213870235e-05,-0.000190339998072021,6.21094638328947e-06,0.167686258876803,-0.399999970689103,0.249999996243376,-0.400000032935967,0.400000146412588,0.149999994931694,0.190573096098243,0.152784495847937,0.149999998313303,0,0,0,0,0,0,0,0,0,0,0,0,0,0,0,0,0,0,0,0,0,0,0,0,0,0,0,0,0.208210509444409,0.550611817145451,0.331906384548996,0.426915942040865,0,0.560968988923811,0.0108927044236125,0.137007839377471,0.0472848644567405,0.264415521151837,0.122423112718548,0.207964101351826,0.0420668735688125,0.307649835549224,0,0.347012277123952,0.233493678238145,0.0269462204622723,0,0.240421187235774,0,0.612541439891155,0.232089871508985,0.104266860062301,0.164860974617513,0.141169812792937,0.249404150979542,0
69,-0.0579831480171372,0.0392391987131221,0.0504804094738826,0.0607495944353047,0.00500000463454385,0.0564929336603501,-0.0469972525920546,-0.0479069909204122,0.059642508607157,0.977319366377228,1.86183621000994e-06,-7.22868645440716e-07,0.211791500999362,-0.000250870672447467,-0.00578121199308709,0.0519977738378736,-0.0749999999886571,-0.0749999998468196,0.00323558372005879,-0.000309457969932354,1.37886585370107e-09,3.20882066388901e-05,0.000322588548910838,-0.00132254633655115,1.62222460764662e-05,5.38527885784627e-05,1.50058663582968e-05,0.0133590163575844,-0.000215749217000499,-0.000731783060043425,-4.41491512771621e-06,0.171595468029901,-0.399999908915533,0.249999997670371,-0.400000116615621,0.400000892408791,0.149999994734391,0.185002403952444,0.156677629298095,0.1499999989081,0,0,0,0,0,0,0,0,0.153672951622238,0,0,0,0,0,0,0,0,0,0,0,0,0,0,0,0,0,0,0,0.184174163696139,0.527839042867467,0.31647353174299,0.395539674820614,0,0.5838471720103,0.0291141576187232,0.1543459480187,0,0.24268451258638,0.0868122832097556,0.184308977450677,0.041448110017644,0.304252688587472,0,0.346098594191725,0.234514161186585,0.0236713270139263,0,0.239320230429628,0,0.614162050725934,0.231871492302684,0.104720350431384,0.166938752718226,0.136446631833667,0.251134545660174,0
70,-0.0594977100829751,0.0375270709266158,0.0507147500516333,0.0607490019938889,0.00500000400096051,0.0564935819201159,-0.046996363631965,-0.0479066773875277,0.0596428650594962,0.977318771518814,-9.60048097641983e-07,-5.31053487697715e-07,0.211794246026908,-0.000250993035075443,-0.00578118833177928,0.0519977453231528,-0.0749999999944368,-0.0749999998297323,0.0201140809909747,-1.52244488292996e-05,1.76046103566127e-09,5.88407445843149e-05,1.48985880074516e-05,1.44042354602736e-05,4.3582314758573e-05,-0.000147468064254862,1.84797270824296e-05,0.000112041685602649,4.28871977209005e-07,7.06719862536035e-06,2.73043293184071e-05,0.183296743297438,-0.399999898755093,0.250000000277198,-0.400000148945937,0.400000902023448,0.149999994598943,0.232944577755231,0.157409671115012,0.201448533343899,0,0,0,0,0,0,0,0,0.102195857351969,0,0,0,0,0,0,0,0,0,0,0,0,0,0,0,0,0,0,0,0.163266468471371,0.499170428642305,0.298581702922862,0.363855194190816,0,0.567021386331618,0.023619737481525,0.147135980298058,0,0.224347730633891,0.0668830714366312,0.177204480049642,0.037452760286897,0.299108567587368,0,0.341049843393311,0.233579708308074,0.0175261099368512,0,0.230786589425864,0,0.620656407623736,0.235231658182,0.1030604285075,0.166909418168513,0.146793351184969,0.260039402520113,0
71,-0.0599973551611173,0.0357936907484023,0.0512359697642365,0.0607489658879549,0.00500000595048632,0.0564942820744496,-0.0469962673959573,-0.0479075416609225,0.0596427133325174,0.97731808872825,4.32759392615317e-07,-1.22959065068223e-06,0.211797396062929,-0.000251039669321058,-0.0057815433207606,0.0519976907450889,0.000441945235952701,-0.0749999999867102,0.0319487168410396,-3.50663273387006e-07,-1.2818998297979e-10,3.43028461647968e-05,-6.69045867220189e-07,-4.04246890820194e-05,-1.01197643165696e-05,6.60411354208122e-05,-0.00010396629808689,0.00029423319225037,-5.39563094020519e-06,-1.6216663933928e-05,-5.93299827999765e-06,0.0606824695853209,-0.264727083388909,0.149999998367572,-0.400000008234618,0.399999991739813,0.150000001092533,0.3999999816128,0.179553249131928,0.150000013364082,0,0,0,0,0,0,0,0,0.19514862347286,0,0.115617716426709,0,0,0,0,0,0,0,0,0,0,0,0,0,0,0,0,0,0.136330085443256,0.446447174604674,0.273829760217778,0.308947499830154,0,0.558619480297808,0.116103938409249,0.165976474300322,0,0.148038447885078,0,0.0865414329518372,0.0868121664909131,0.289570768002119,0,0.335892625605433,0.194106603044967,0,0,0.317586832450421,0,0.400164699031732,0.310343177486765,0.176087134328034,0.180652659434518,0.145480823292846,0.258378004438493,0
72,-0.0600000000120676,0.0339571999807713,0.052212609502313,0.0607485192404478,0.00500000002995684,0.0564951452094392,-0.0469959964852927,-0.0479102833637767,0.0596414709114908,0.977316399755121,3.85002554188431e-06,-3.80263463463226e-06,0.211805189473669,-0.000251365723328171,-0.00578261902414089,0.0519975015193548,-1.19873700701161e-14,-0.0749999999999995,0.0500000000000003,-1.65820379755082e-05,-2.95073742461632e-10,5.08545532847987e-05,-5.54727609731758e-06,-0.000131726771813933,-5.69693686745376e-05,0.000141351754648618,-0.000344461076687532,0.000719199658490408,-2.3187394638856e-05,-4.94120034392047e-05,-7.42073505369108e-06,0.191418530290237,-0.4,0.15,-0.399999999999996,0.4,0.15,0.308607873215681,0.141843672397143,0.149999999999998,0,0,0,0,0,0,0,0,0.119837816863507,0,0.0906976548900319,0,0,0,0,0,0,0,0,0,0,0,0,0,0,0,0,0,0,0.413805095794402,0.204473409905664,0.25639548179286,0,0.575248519324011,0.0263191103447093,0.158171828737466,0,0.194891373444125,0,0.119124844414312,0.0250729645801373,0.29045547543338,0,0.347844078141541,0.22672254316019,0,0,0.353189454554023,0,0.658995818964708,0.265637658010023,0.120556262514261,0.180728803740629,0.139309175341567,0.285993335606744,0
73,-0.0600000000233074,0.0324849134875622,0.0530268484195671,0.0607847639754339,0.00499737458000556,0.0565013761521469,-0.0468060799802001,-0.0482095885944676,0.0595911130406139,0.976817703796821,-4.26837249500174e-05,5.42637505882107e-05,0.214093491273277,-0.000184029834247223,-0.00603125447326506,0.0520055959198742,2.40009066556509e-10,-0.0685483347079215,0.019158705335028,0.00403505759759926,0.000479279888691498,0.00215804032562256,0.0350440166390908,-0.060435268524175,-0.00547061494666371,-0.0712410547907045,-0.121938905830837,0.685979745249375,0.0101179376837971,-0.0350801880969621,-0.00372736175096832,0.227376614202174,-0.400000000000003,0.15,-0.399999999999997,0.400000000000003,0.15,0.179510188983481,0.18409827802912,0.15,0,0,0,0,0,0,0,0,0.12529923440787,0,0.0660187891805071,0,0,0,0,0,0,0,0,0,0,0,0,0,0,0,0,0,0,0.407156881865722,0.183106686654431,0.238908439787954,0,0.583616454979482,0.0456207482060309,0.146776405364173,0,0.214073348922682,0,0.135918972861962,0,0.504068571862948,0,0.34990692191764,0.244684473668486,0,0,0.368846255119691,0,0.691100157700044,0.275730255779952,0.121109565842635,0.210957819171881,0.149420654993773,0.325897697946575,0
74,-0.0600000001263141,0.0309282266285584,0.0535891159234196,0.0609317466720761,0.00500000209226331,0.0565021648594185,-0.0459665711377103,-0.0495679577935464,0.0595381690857223,0.9751605150644,3.92886430731978e-06,2.85998452366103e-06,0.221520021151212,7.3870930730269e-05,-0.00681886867590512,0.0519975105802862,-2.42278318108502e-08,-0.0750000000033872,0.0409801544070759,0.00731300670445485,-6.06631602925577e-09,-1.14243596765879e-05,0.0434886049974515,-0.0707984249927093,0.000511763343641492,-0.00434234491732803,0.00415467226532433,0.794615910835117,0.0130951528823811,-0.0413343653339458,0.000208233691978648,0.0400545575777325,-0.195163394209178,0.149999996688966,-0.400000001786012,0.399999978083943,0.150000001687284,0.399999978062724,0.253449510334004,0.150000003182456,0,0,0,0,0,0,0,0,0.236496364144649,0,0.13346969058549,0,0,0,0,0,0,0,0,0,0,0,0,0,0,0,0,0,0,0.360818277560458,0.185970877156413,0.219286209927297,0,0.546463900044546,0.0983491334472871,0.158040586471819,0,0.153224643104103,0,0.093239390931952,0.103248199046771,0.284732963424138,0,0.34264501049631,0.217912796374508,0,0,0.331479649244299,0,0.418361633740339,0.326743278595132,0.181036403967866,0.204082646150398,0.147078617866159,0.293630575016857,0
75,-0.0600000002432193,0.0293058508653689,0.0543662413370828,0.0610986337809704,0.00500001133174747,0.0565035399748505,-0.0450658009153925,-0.0509649744335477,0.0595374510372624,0.973383622285663,4.52886573626281e-06,-3.1729396911528e-07,0.229202496656388,0.000364909950205614,-0.00763647709762833,0.05199768695641,-2.39528572571518e-08,-0.0750000002397837,0.0369443785899837,0.00916757619327161,-2.47501690833944e-09,0.000162342916941913,0.046242322465406,-0.0694448338633787,-0.000202140878531651,0.00579966112573312,-8.07261876659471e-05,0.7868082061129,0.0157744679271183,-0.040675881497004,6.07119396573556e-05,0.0352635116641928,-0.194528129957853,0.149999998849868,-0.399999975977376,0.399999784161837,0.150000003670162,0.39999997836642,0.371321143108,0.150000008703281,0,0,0,0,0,0,0,0,0.289985565932667,0,0.175995233249289,0,0,0,0,0,0,0,0,0,0,0,0,0,0,0,0,0,0,0.332010400816562,0.161173616679415,0.194808720946787,0,0.563101218241384,0.1100080048752,0.165442828303273,0,0.160223785885124,0,0.0874429107931845,0.100667021823102,0.287158494442843,0,0.338635726364885,0.20737365093689,0,0,0.325311259315139,0,0.416842836691247,0.323142923373882,0.180390897707327,0.193397613503747,0.150343522773926,0.285581307840624,0
76,-0.0600000001241137,0.0277814514231174,0.0548639424754664,0.0613439742921127,0.00500000164072464,0.0565041850139175,-0.0441410674196899,-0.052220434496476,0.0595368989177168,0.971722987959495,6.36328517072715e-06,1.79640099877537e-06,0.236144342607,0.000731739494961594,-0.00837572305772572,0.0519977285192006,-1.49270174100183e-09,-0.0750000000360103,0.0104244601806676,0.0145235413858191,7.34329596726919e-11,3.33656376233589e-05,0.0478718503646787,-0.060892182452308,-3.16191544512324e-05,0.000385893133391801,0.000318385055371106,0.694433451254,0.0206297184502957,-0.0359418285871194,6.53941991315976e-06,-0.02316977141604,-0.123981127628595,0.149999994790759,-0.399999853993044,0.00898769512543842,0.149999998562065,0.400000140747252,0.377470030878941,0.149999992521669,0,0,0,0,0,1.23921812157474,0,0,0.313816176627279,0,0.176737269628034,0,0,0,0,0,0,0,0,1.14851386407752,0,1.34042659784049,0,0,0,0,0,0,0,0.314066234853223,0.144546582085048,0.191892558807546,0,0,0.141178609325326,0.197826465264032,0,0.130929629546704,0,0.0624358888920633,0.121323918988337,0.271259560966791,0,0.325883781525787,0.197093899916187,0,0,0,0,0,0.310366565553513,0.190508464629999,0.188662506067037,0.145301002806189,0.259192663607259,0
77,-0.0599388894807139,0.0264240271337797,0.0548734276328082,0.0616281445676379,0.00500000051707069,0.0565052681061285,-0.0432684681984629,-0.053284772926694,0.0595226394786963,0.97022289429544,4.59072049380692e-06,-2.15743868944543e-06,0.242234285850443,0.00112969345561528,-0.00902578154580292,0.0519973348904469,0.00453231139691907,-0.0585154447206691,4.3855528839561e-05,0.0139123193001173,2.81721271370591e-10,0.000254952519946166,0.040178494152336,-0.0470204104634064,-2.63946993096511e-05,-0.000513245386552184,-0.00122674109259821,0.541908213291344,0.0189957435633188,-0.0280729898287711,0.000146264121679522,-0.0332579898570243,-0.129229972244221,0.149999995996697,-0.399999821803585,0.0478104626890163,0.247245195103948,0.400000195870851,0.365600506077884,0.179662026527962,0,0,0,0,0,1.35947615485685,0,0,0.390895536948744,0,0.117941766223965,0,0,0,0,0,0,0,0,1.15715840459261,0,0,0,0,0,0,0,0,0,0.301051774129062,0.130732657418014,0.182095317047275,0,0,0.0758048014168604,0.227802328157434,0,0.136087442994786,0,0.0866175232038655,0.119457300178037,0.27265858171384,0,0.324753195931598,0.189176859723346,0,0,0,0,0.385140253442592,0.303822849094447,0.191025660896381,0.179427816093541,0.141983333719296,0.249563901652127,0
78,-0.0598934945648515,0.0256905644946757,0.054796209036376,0.0618843292034998,0.00500000046698824,0.056504122173959,-0.0427010443857002,-0.0538290086036245,0.0595219792284292,0.969456286607133,5.02030418663633e-06,4.29936356092394e-06,0.245284486327471,0.00144614909349527,-0.00935027537402163,0.0519969503924664,0.000360738199476953,-0.0166085186448408,-0.0059904527271985,0.00878889598727539,8.7380494745219e-10,-5.66641188112125e-05,0.0147844525609181,-0.0104257462197137,-1.39344255509661e-05,-0.000383229317677881,0.000634921858378804,0.121404081064629,0.00996771817813066,-0.00624003033586322,-1.55052259369843e-05,-0.0187031457774676,-0.186396155600632,0.149999993629794,-0.399999827850731,0.0459729740127626,0.248713372517955,0.40000018516475,0.312744274147446,0.150000047286839,0,0,0,0,0,1.3675165335637,0,0,0.29709010892296,0,0.165080242593484,0,0,0,0,0,0,0,0,1.17304693088312,0,0,0,0,0,0,0,0,0,0.274284795321286,0.104278023955594,0.158384512556445,0,0,0.0802068418710281,0.232657359137698,0,0.125446531577228,0,0.0712620807418761,0.119007346015972,0.277553877849031,0,0.325334584860614,0.177210449577298,0,0,0,0,0.387468508144744,0.300998358720385,0.197224716432767,0.168957670569734,0.146441228311747,0.239344373673116,0
79,-0.0598895492148136,0.0253766744973566,0.0547537416309953,0.0619736938588721,0.00500000059947749,0.0565044750734476,-0.042480790115581,-0.054062204891346,0.0595210179897918,0.96912619269858,4.33968080113582e-06,2.89709787558757e-07,0.246585487273442,0.00156127745337606,-0.00948920859924936,0.0519969629608422,0.000183975373512666,-0.013918543843787,-0.000149130984236293,0.00242969649648227,-7.06032277044771e-11,-1.03647243056772e-05,0.00870928251107925,-0.0110473022203272,-5.87342376026838e-05,0.000184480874163037,-0.000118709776201007,0.127457063971111,0.00366793527394268,-0.0066016732033907,-1.41086447261171e-05,-0.0162954994965148,-0.192671698099063,0.149999994931763,-0.399999853840798,0.0408056814619782,0.250000206308274,0.400000169546523,0.31336718868528,0.150000030983216,0,0,0,0,0,1.37517424503259,0,0,0.300725730400334,0,0.15930105450132,0,0,0,0,0,0,0,0,1.16647000238706,0,0,0,0,0,0,0,0,0,0.275891073984342,0.105314608954885,0.155730490095088,0,0,0.0855653912662345,0.23817318876416,0,0.122521717503349,0,0.0691655774067325,0.121005880091897,0.280228953640326,0,0.329709879934357,0.177048898590133,0,0,0,0,0.389054752962592,0.30034113180117,0.20024648077091,0.167575878107722,0.14380135557643,0.236393771604487,0
80,-0.0599046899655853,0.0250121018438055,0.0547515146182867,0.0620149884402892,0.00500000048293846,0.0565044811655503,-0.0422740291577084,-0.0543518796695276,0.0595202832028166,0.968712452183136,4.02498661719976e-06,-3.73830130307443e-07,0.248205920849523,0.00163550043315459,-0.00966226999407856,0.0519969604249035,-0.00146552473311545,-0.0224264084011992,-0.000112420104263599,0.00196940336112943,2.51398930760507e-11,-7.54206373296239e-06,0.0121990872130241,-0.01784439379156,-4.03550869179909e-05,3.28536768808459e-05,7.8772645325186e-07,0.20610339768025,0.0040102899377729,-0.0106588956774968,-4.62358116210954e-06,-0.0184156006209292,-0.171020535137077,0.149999995284141,-0.399999835246932,0.0468847174369784,0.250000023608956,0.400000181708823,0.321759398872833,0.179566591546714,0,0,0,0,0,1.37906304590545,0,0,0.365811219217106,0,0.110370199442709,0,0,0,0,0,0,0,0,1.16236010410659,0,0,0,0,0,0,0,0,0,0.279649767994235,0.109349356823791,0.158450249369726,0,0,0.0853094451816081,0.238250735663793,0,0.130964204056144,0,0.0892012480804753,0.121156100811029,0.282656415755187,0,0.331532961491132,0.177335557122183,0,0,0,0,0.390815863696853,0.301427671741486,0.199270095097334,0.166061359453117,0.142343378772284,0.236618407845339,0
81,-0.0599024404991911,0.0247259942535804,0.0547484823312857,0.062063275187372,0.00500000062813002,0.0565042818251421,-0.0420953830230722,-0.0545770551815202,0.0595196455954417,0.968386908659218,4.56418859456104e-06,1.0024105356864e-06,0.249473042059567,0.00171000804700191,-0.00979747952905972,0.0519969676298155,0.000928806867723754,-0.00681544779598938,-0.000106810342764677,0.00205792015414514,4.18638090071241e-10,-5.85888172713567e-06,0.00513384603716267,-0.00529950522536649,-2.68427032205932e-05,8.24025904668198e-06,0.000148554104102153,0.06206811535647,0.00268944684605568,-0.00320552513506209,4.70597831935304e-06,-0.0174968972417206,-0.198729198145183,0.149999994244424,-0.399999850897256,0.0483522221026587,0.246838480557029,0.400000173799573,0.301492923682564,0.180083328710425,0,0,0,0,0,1.38137391788704,0,0,0.351531194866658,0,0.110577148632149,0,0,0,0,0,0,0,0,1.17082700783629,0,0,0,0,0,0,0,0,0,0.277458407471923,0.106975718027293,0.15593888965086,0,0,0.0855615877904788,0.241545116532412,0,0.132049565578687,0,0.0908998971830847,0.121523213115343,0.284636711961652,0,0.332923881675351,0.175614252812576,0,0,0,0,0.391976412106468,0.30128453917522,0.200397453418965,0.163796620184951,0.143543548793668,0.234666781246251,0
82,-0.0599027105668943,0.0245731122628145,0.0547458352814451,0.0620882426360905,0.00500000054232474,0.0565042788068325,-0.042002136527834,-0.0546961040847821,0.0595188461256065,0.968213742740397,4.0601403359128e-06,5.06257741804397e-08,0.250144267094533,0.00174892157610051,-0.00986934622294498,0.051996954274938,-0.000383323032879939,-0.00810905226788011,-0.000137154928385584,0.000964735382186181,3.40884116363488e-11,-5.42845442168271e-06,0.00461155535863974,-0.00631838265231026,-3.83250768561171e-05,5.11741683158128e-06,-8.48284674497217e-06,0.0736210550542062,0.00171021912985417,-0.0038157636729867,-1.20015304098497e-06,-0.0168515502533611,-0.195992280653579,0.149999994900928,-0.399999842805553,0.0490460900230591,0.250000009578595,0.400000177477789,0.30386547543097,0.180893340193073,0,0,0,0,0,1.38686424718035,0,0,0.354350698328875,0,0.109397150036227,0,0,0,0,0,0,0,0,1.17483888529065,0,0,0,0,0,0,0,0,0,0.279303920620152,0.108204047093135,0.156734928849311,0,0,0.0874286264829521,0.241672824590143,0,0.134041422682753,0,0.0924610367605202,0.122103508431646,0.2861575542041,0,0.334737627208359,0.175840812984696,0,0,0,0,0.393775650405437,0.302359130531741,0.201478528759742,0.163799313439095,0.143595670982753,0.234878836389382,0
83,-0.059909111290595,0.0244192237167005,0.0547431240559217,0.0621074710175275,0.00500000069469533,0.0565042626075749,-0.0419136268416177,-0.0548157919853459,0.0595181196137819,0.968038860132939,4.07746693431155e-06,-8.82549477666595e-08,0.250820201925836,0.001782384595206,-0.00994169647131268,0.0519969723152517,-0.000297069779227055,-0.0073410564645432,-0.000135714997391492,0.000929067793933914,1.58935413326841e-10,-1.24855871909558e-06,0.0042318852944126,-0.00569908091217467,-3.48751173293002e-05,-1.03826978169682e-05,-1.27352472749046e-06,0.0665393298892363,0.00161005400209055,-0.00344788227540614,1.23482959400037e-06,-0.0162918459880871,-0.202856684982854,0.149999994371828,-0.399999869107519,0.0477288754981032,0.248002971747843,0.40000016450242,0.306066942117462,0.18187838635048,0,0,0,0,0,1.39965558905413,0,0,0.361035125731421,0,0.107070011421001,0,0,0,0,0,0,0,0,1.17400675982891,0,0,0,0,0,0,0,0,0,0.280218181996573,0.108862611870447,0.15757164355149,0,0,0.0860260624365496,0.243232790578619,0,0.135997772266816,0,0.0943043081078282,0.123204998612581,0.287176798666211,0,0.335825994609416,0.176322906144778,0,0,0,0,0.395619771290695,0.30426335250062,0.20329841968098,0.1650599084231,0.147200056820551,0.236116682818451,0
84,-0.059918991883338,0.0242748337162135,0.0547395120533598,0.0621231139535201,0.00500000071881675,0.0565041697704655,-0.0418334410153059,-0.0549270649259188,0.0595173818855981,0.967875633360603,4.00268984266643e-06,-7.54715957880084e-08,0.251449336610729,0.00181135238322078,-0.0100090752891325,0.0519969613208918,-0.000566258172222961,-0.00706693551387551,-0.00019248542254611,0.00070234100963486,1.49648264815121e-10,-3.76061739759424e-06,0.00385575310082869,-0.00543162033433295,-3.69071305827295e-05,1.63648136174123e-06,-6.67476329258472e-06,0.0634769726535419,0.00135536626220809,-0.00329059207452736,-4.8601887056348e-08,-0.0163319595760269,-0.204498871922467,0.149999994453329,-0.399999868533038,0.0490238962952058,0.248681113230085,0.400000166460829,0.306074888729535,0.183327811201432,0,0,0,0,0,1.40487159291377,0,0,0.361602931110979,0,0.10666310369474,0,0,0,0,0,0,0,0,1.1807152883555,0,0,0,0,0,0,0,0,0,0.283523049664261,0.111237087831014,0.159945101034878,0,0,0.0863254574280254,0.244116219054623,0,0.139196048411348,0,0.0965172865636778,0.123950093359063,0.288904547014551,0,0.337950819944246,0.177306370460445,0,0,0,0,0.397848685022222,0.305917301969013,0.204325221369905,0.165750115418076,0.147399109212727,0.237204235538443,0
85,-0.0599320512811405,0.0241293876027179,0.0547353531663852,0.0621364375770446,0.00500000068950675,0.0565041084500892,-0.041755251966754,-0.055038653877934,0.0595166475561593,0.96771146429282,3.96535286250947e-06,-1.62285517060969e-07,0.252080412844578,0.00183812935272891,-0.0100766698211691,0.0519969647508215,-0.000703675563506679,-0.00748839890493757,-0.000218339344802008,0.000658251352711825,1.45807067525565e-10,-3.53848924545957e-06,0.00400053618206366,-0.00574222751547217,-3.65067127531657e-05,-1.14322542588631e-06,-2.32648344056387e-06,0.0671073096788612,0.00135233133287156,-0.00347753622339933,7.16856529040144e-08,-0.0178342710046519,-0.201278121718559,0.14999999423727,-0.399999863103545,0.0506738873824257,0.249307065135311,0.400000170458243,0.307246186777348,0.183519691493273,0,0,0,0,0,1.41087872309222,0,0,0.362425947446568,0,0.106919435693783,0,0,0,0,0,0,0,0,1.18704662664366,0,0,0,0,0,0,0,0,0,0.283489956586017,0.110663221926366,0.159446567830237,0,0,0.0867068301984853,0.245136345261732,0,0.139552418113536,0,0.0968663278340133,0.124760015392138,0.290602733625075,0,0.339817283127227,0.177795455883626,0,0,0,0,0.400145242871467,0.307422894737752,0.205641056540188,0.165954148897964,0.148641916710219,0.238123298438207,0
86,-0.0599484863055066,0.0239814086150709,0.0547294748895794,0.0621492093874269,0.00500000019103809,0.0565040451238231,-0.0416770439796559,-0.0551509168722895,0.0595159177956769,0.967545794862396,3.9545170884201e-06,-1.93821367185401e-07,0.252715550481282,0.00186451736424406,-0.0101446969849124,0.0519969667560315,-0.000886228721252822,-0.00732027749442647,-0.000330744756013447,0.000613108899412368,-6.30107954603998e-11,-2.76192345489296e-06,0.00383440835825979,-0.00552112601671995,-3.58617844450544e-05,-4.48619541657381e-06,-4.20745818189313e-06,0.064585330900896,0.00128521261880797,-0.00334684025272837,5.18860025598719e-07,-0.0147001093647534,-0.223293819903288,0.149999982532038,-0.399999963902561,0.0124165654502295,0.2498271678288,0.400000020721067,0.280635208121882,0.172785353190811,0,0,0,0,0,1.36509079880213,0,0,0.307655917232433,0,0.115516444102634,0,0,0,0,0,0,0,0,1.21657731480214,0,0,0,0,0,0,0,0,0,0.307420652227533,0.13009361360732,0.180175740148716,0,0,0.0968406867743708,0.251287173409604,0,0.133779936748418,0,0.0868145677022067,0.130352907569553,0.283321937647781,0,0.341123921153353,0.185721408375954,0,0,0,0,0.384503213778978,0.295433284877367,0.199698740382377,0.165997312287169,0.13169683578892,0.229101092126119,0
87,-0.0599998755847289,0.0235207312040893,0.0547271822501752,0.0621630109776687,0.00500000025269503,0.0565040167094898,-0.0414512596344388,-0.0555139035466976,0.0595151006333154,0.967010854672439,3.82692073904831e-06,-7.0753631409993e-07,0.2547548771056,0.00192217755149325,-0.0103625055531083,0.0519969574742021,-0.00124552917354044,-0.0393185830087999,-0.000249370031472422,0.0012520747368369,-4.08883900831367e-08,-4.70581776458078e-05,0.0188031430425409,-0.0303270898248142,1.71297830611452e-05,0.0010551133163756,0.00177938075729862,0.349959610298908,0.00513213676802987,-0.0180107065930013,3.53800815810767e-05,-0.0205528209810596,-0.223430584044438,0.150000000662707,-0.399999938531301,0.00129890881688003,0.249999998314834,0.400000067152329,0.344367414851229,0.150000001581571,0,0,0,0,0,1.37169674011337,0,0,0.337189079508484,0,0.122646171691704,0,0,0,0,0,0,0,0,1.25635206267824,0,0,0,0,0,0,0,0,0,0.350157395289108,0.161243777106601,0.2190949950445,0,0,0.107310576954526,0.267993140721861,0,0.158195229236828,0,0.0936978264334254,0.144464159251454,0.287072765829328,0,0.356337634238055,0.209788236189079,0,0,0,0,0.38949818865445,0.303580877631714,0.207666791690927,0.187073557605819,0.136352441495806,0.242949398368486,0
88,-0.0600000000467627,0.0226778088049976,0.054719965677344,0.062283245388779,0.00500000139999458,0.0565040686661471,-0.0409382655710062,-0.0561768203665496,0.0595144010020659,0.966020734499974,3.89061310607225e-06,-5.57732094817621e-07,0.258484150052836,0.0021245889886601,-0.010760511073113,0.0519969986456318,5.13799010023538e-10,-0.0476610070867887,-9.83346849440065e-05,0.00625614918777536,6.33019023087826e-12,-7.60336755800273e-05,0.0286931063629948,-0.037575090151092,-6.62286666634391e-05,0.000202476860684856,0.000649396560546651,0.438215702299222,0.0109813931666392,-0.0225831092773626,-4.61504281444669e-05,-0.054277657533571,-0.32040043233838,0.158174025684225,-0.399999966349803,0.0155089455541182,0.239010803412909,0.174098493983676,0.187996632801898,0.158913999961406,0,0,0,0,0,1.43201413544515,0,0,0.216239912603437,0,0,0,0,0,0,1.39430520645663,0,0,0,0.938627110213391,0,1.27283849268613,0,0,0,0.473691020588756,0,0,0,0.38974498636309,0.17751508557957,0.272994032297753,0.00534127531785446,0,0.117695732716271,0.277659462568153,0,0.166678271408933,0.0146922003809446,0.114969578754187,0.163573058037656,0.296374987397784,0,0,0.224785679228113,0,0,0,0,0,0.272629230181937,0.183029009566824,0.160028055188289,0,0.208749111312739,0
89,-0.0597051174045031,0.021610501411486,0.0545878869288064,0.0621621751284282,0.0050000005301324,0.0564075587992639,-0.0408111826068176,-0.0565973559313272,0.0592598452839709,0.964745590350042,6.95560502185982e-06,7.15199523817032e-07,0.263203690969974,0.00225179523280534,-0.0115059334350724,0.0519969374330452,0.0281767929000155,-0.0596854880399256,-0.0137126687906433,-0.0160875928793251,6.44903850957436e-10,-0.00736204382298474,-0.0129130445358726,-0.00383250671348957,-0.0255554315185989,0.000107707604933207,-3.74471169579533e-05,0.620028437286242,0.0013911469132408,-0.0490942556394677,-1.82160117601851e-05,-0.106718449728193,-0.251861678893744,0.18735184880143,-0.399999991052352,0.0132589737058636,0.250000001033713,0.0152613000513735,-0.0732241072905711,0.226670033887882,0,0,0,0,0,1.4945432347607,0,0,9.27168680585253e-06,0,0,0,0,0,0,1.46310176634545,0,0,0,1.01055347609664,0,1.30564251763972,0,0,0,0.461381276649345,0,0,0,0.428153614030033,0.194096061959232,0.295588288580493,0.12309499529194,0,0.178558681526603,0.345843980192043,0,0.132417037395026,0,0.0994396436598052,0.193369101097237,0.296922223549307,0,0,0.257570837021621,0,0,0,0,0,0.263529990228766,0.214228460048836,0.19043042893007,0,0.206337762382713,0
90,-0.0586153905948978,0.0204859347493988,0.0540607294516654,0.0611632882637298,0.00500000025146841,0.0561569480685595,-0.0417213129126339,-0.0575785932166248,0.0583967438226432,0.962701666350495,6.51055329500075e-06,-4.9621851632291e-06,0.270584619725711,0.00181427113503357,-0.012917140220589,0.0519971449639702,0.0750000000082672,-0.055272901531667,-0.0396636571948327,-0.0749999998468813,4.95075398682523e-10,-0.0178544815929658,-0.0748059628370626,-0.0749999999516988,-0.0499999999983668,-9.51876831569797e-05,-0.000333190221040384,0.917950978090796,-0.0413323977330206,-0.0927748485969922,-9.55905993299881e-06,-0.261202375859187,-0.0618346243640791,0.199758421550219,-0.399999908956803,-0.205754151129652,0.249999998851582,0.400000122748424,0.25234270856386,0.229639376697831,0,0,0,0,0,1.33150474067136,0.0989614288562137,0,0.193549265082843,0,0.0264954783983469,0,0,0,0,0,0,0,0,0.946193519611971,0,0,0,0,0,0.541645826918013,0,0,0,0.355622877054663,0.112954037092264,0.232954140395329,0,0,0,0.210874205153707,0,0.136561589700528,0,0.10613355401596,0.242935824668359,0.328946933597022,0,0.449062912283438,0.261447358078727,0,0,0,0,0.392764019661443,0.279120255723775,0.263231161504909,0.168098930977609,0,0.205148586769497,0
91,-0.0585184261326328,0.018825891595746,0.0531602761236266,0.0599649701432142,0.00500000003980289,0.0558520165043372,-0.0418750161062601,-0.058437679753017,0.057672941624998,0.960468058477617,1.17405209617506e-05,-1.52847506523831e-05,0.278409735854179,0.00122372204826251,-0.0143585863579533,0.0519947335628594,-0.0506925962346459,-0.0749999999863904,-0.0406359257417862,-0.0263963386082659,-1.63680576409546e-08,-0.00297462767528961,-0.000437216211902022,-0.0625827296323794,-0.00793358644653641,-0.0147246051893416,-0.000796314354813268,0.665825320729259,-0.0195192997422316,-0.0405985668409971,0.000472886601502677,-0.143014021775137,-0.040285255102641,0.203779383657541,-0.399999958329224,-0.148630291080218,0.250000002828786,0.305836293455972,0.240418362719377,0.239129289800537,0,0,0,0,0,1.24845146322656,0.0528812602266179,0,0.112279109643645,0,0,0,0,0,0,1.56684565709288,0,0,0,0.981206898825575,0,0,0,0,0,0.451654249544766,0,0,0,0.330983622563228,0.109796307270319,0.214931180840725,0,0,0,0.181604803623233,0,0.137761220893954,0.00651062344611766,0.0869147841552973,0.215559368661639,0.315754146662932,0,0,0.233851242686523,0,0,0,0,0.391851349418021,0.27860634478523,0.251287307918999,0.156334177311088,0,0.206573911909839,0
92,-0.0586127397706227,0.0182467103836241,0.052321260214391,0.0594672982483864,0.00500000013864423,0.0558283087839568,-0.0419289280779713,-0.0591553498165607,0.0576603124636584,0.959369939487679,2.13034396165304e-06,-7.50337643382742e-06,0.282170655215236,0.000870624278846517,-0.0148095340832106,0.0519969440725768,0.0316175572013466,0.0158574874238274,-0.0459011870193971,-0.0142542020167922,1.78965680486638e-09,-0.000152754540411797,-0.00649328273637304,-0.0117732432646811,9.34847930389652e-05,-0.0021327008732536,0.00132431618180609,0.140397798516511,-0.0120550581181441,-0.00707475885724627,-5.66732905808204e-06,0.399999999999989,0.400000000000002,0.206160684808964,0.399999999999982,-0.0211885404737489,0.25,0.389486566031408,0.399999999999953,0.15,0.72695560467392,0,0.0158859487687937,0,0.104572359488917,0,0,0,0,0,0,0,0,0,0,0,0,0,0,0,0,0,0,0,0,0,0,0,0,0,0,0,0,0,0,0,0.584516604458839,0,0.0739083530090316,0.0993982851807267,0.122982854101089,0.290265520827897,0.438780277252409,0,0,0.712032720736407,0.270329275818041,0,0.213783844013962,0,0.10570053218391,0.161064102381543,0,0.447928159444929,0,0.387073082037275
93,-0.0567951508875076,0.0200172444713309,0.0519576924428397,0.0611255743298822,0.0049999987791059,0.0563611333677228,-0.0426973909749307,-0.0580765351640228,0.0581639165108825,0.959354533654612,-4.05803886495194e-07,1.86778252655364e-07,0.282223029684385,0.00085038460646103,-0.0148210825950204,0.0519974713914821,0.0750000000004644,0.0749999999873333,0.00859534346352632,0.0750000001947552,-1.08250144553712e-10,0.0499999999976614,-0.0664447502496383,0.0750000000017373,0.0500000000014496,0.00294960076679059,-0.00125070687395782,-4.81466220554179e-08,-6.45955348855881e-05,-0.000150116278842275,-5.38319856182162e-05,-0.225971470146833,-0.161474079060119,0.14999999795038,-0.399999884200084,-0.141281898968745,0.249999998609335,0.400000095714392,0.139943911434412,0.150000000862019,0,0,0,0,0,1.18438045240668,0,0,0.0543132753463049,0,0,0,0,0,0,0,0,0,0,1.41564707399225,0,0,0,0,0,0,0,0,0,0.328745178286249,0.138078384004214,0.194821255316532,0,0,0.0417526070965645,0.204881249749732,0,0.188606401766513,0.0562910643868499,0.131641358654479,0.198657588285382,0.307019273210807,0,0.399883850482592,0.202598252248347,0,0,0,0,0.413344020333464,0.302672867427863,0.26164675642282,0.15491626748018,0.0821677337401814,0.21605842206494,0
94,-0.056263963734406,0.0190856476716951,0.051878504043165,0.0599325639778917,0.00499999730829276,0.0571621756833551,-0.0425566236743317,-0.0574441545127435,0.0585133036001357,0.958440840832266,2.33788862210558e-06,-5.27852862037177e-06,0.285310741291998,0.00133730732914791,-0.014942029860579,0.0519975057000639,-0.0327004222662784,-0.0750000000012403,-0.0141515855697239,-0.0749999996091983,5.05277673815238e-07,0.0264108895880993,0.0656480422014338,-0.0228132145408143,-0.00831078146278412,0.0317354428556686,-0.0845046905637648,0.701677203781129,0.0357412044324666,-0.0206624343177975,0.000746142193555081,-0.118848267415953,-0.0291132451854196,0.150000001101505,-0.399999767631912,-0.202159663302778,0.247030342896993,0.228388201591806,0.164663452898323,0.150000001740563,0,0,0,0,0,1.27871348399971,0.0517818971862674,0,0,0,0,0,0,0,0,0,0,0,0,1.46223584278373,0,0,0,0,0,0,0,0,0,0.367333385327489,0.153804328323628,0.230679519638631,0,0,0,0.168974396377841,0,0.19409355479519,0.0340681411842811,0.14352571124077,0.223878334513644,0.318163475996235,0,0.426441938735929,0.233523735947782,0,0,0,0,0.417586544498839,0.311522927603282,0.26850311997638,0.172084904514954,0.126325466856095,0.224667612256335,0
95,-0.0569672644862139,0.0174900555678301,0.0516992876007526,0.059125214723127,0.00499999953535943,0.0570310198471125,-0.0430550858032333,-0.0583367144810352,0.0582246649353465,0.957040806930816,4.96547479534181e-06,-8.13194182889819e-06,0.289972552889151,0.000990640158491702,-0.0159616223159435,0.0519971219588711,-0.0516229641699515,-0.0750000000109068,-0.00464421373130372,-0.0749999997956889,3.68958283727023e-10,-0.0138011049886638,-0.051493340775442,-0.0213226320819728,-0.036502551581454,-0.00543320452654798,-0.00402860711174769,0.472582224045704,-0.0474021448542841,-0.0642721541282157,-3.07383253909587e-07,-0.104870701793583,-0.0979334949372717,0.209868831295051,-0.399999878518134,-0.221091757138429,0.249999999176806,0.400000092264512,0.263224442948005,0.244353226216362,0,0,0,0,0,1.30851994513435,0.098136783556008,0,0.150959777796646,0,0,0,0,0,0,1.54454765963412,0,0,0,0.966343590878365,0,0,0,0,0,0.462993025596484,0,0,0,0.392338261664822,0.170043993025188,0.259370797780743,0,0,0,0.202180770590925,0,0.199542649158407,0.033032270747389,0.13661572576993,0.23727897118511,0.319757280313631,0,0,0.262221074979837,0,0,0,0,0.39407704350584,0.286143240067409,0.262347570422607,0.179355870778905,0,0.218343802306672,0
96,-0.0574134493550174,0.0164881311510472,0.0515921307678554,0.0583608961385189,0.00500000010785532,0.0568957917796196,-0.0432008313915545,-0.0590133463533584,0.0580019555723547,0.955892029731912,3.21797420318318e-06,1.84507526045616e-06,0.293737457268208,0.000565098695769886,-0.0166707813520361,0.0519969979760133,0.00397168169910961,-0.0298963923444576,-0.00710333297649244,-0.00637094544057927,-3.56996755261306e-11,-0.00164397878766671,0.013584022249282,-0.0315272093581865,0.000654530604802759,-0.00574231124163833,-0.00068455661281656,0.317712128545492,0.0018774547447719,-0.0203091525175335,0.000480414388034648,-0.115739308950809,-0.259453368441369,0.209346201929504,-0.399999911873087,-0.184141957820197,0.249999998600097,0.0460781552339245,0.106345543295541,0.168076598373606,0,0,0,0,0,1.23243671209518,0.0328742808975906,0,0,0,0,0,0,0,0,1.59254822297436,0,0,0,0.98959305425046,0,1.32795454635614,0,0,0,0,0,0,0,0.379405693688704,0.168195644712053,0.255306521121355,0,0,0,0.200808003181415,0,0.199765328566308,0.0288303186821085,0.144714086783533,0.238235076084135,0.305796905251123,0,0,0.252518190496294,0,0,0,0,0,0.283333915733472,0.259580663214159,0.174890104747718,0.134079581261672,0.214272144697438,0
97,-0.0567119621124015,0.0162483355329934,0.0512133495239644,0.0575576996250656,0.0049999992614992,0.0567170730857165,-0.0443339534086452,-0.0597550348454496,0.0575631199269461,0.95502853367609,5.25140090485582e-06,-7.02035812842654e-06,0.296532981766673,0.000188306458322442,-0.0174447661119424,0.0519971585946826,0.0686120749098232,0.00249598156269036,-0.0330370696137837,-0.0711021355537919,9.73991334978122e-11,-0.0155190259716444,-0.0749999999318792,-0.03619440214772,-0.0449160419176788,-5.8167644582834e-05,-9.17683099784461e-05,0.354820168568894,-0.0371093408253557,-0.0581901166775865,-8.23191496425575e-07,-0.165965597797129,-0.290790621078797,0.222626148995206,-0.399999951297692,-0.24263399142428,0.249999999223831,0.177386250733283,0.140685277513133,0.214238497372308,0,0,0,0,0,1.27575808566484,0,0,0,0,0,0,0,0,0,1.57479487446244,0,0,0,0.944034187206109,0,1.32421470730185,0,0,0,0.437708321420423,0,0,0,0.384148806200608,0.151821102467856,0.256835519870237,0,0,0.0222600769788596,0.236073585505205,0,0.220269135218446,0.0415272818620404,0.160803640455492,0.256430382384326,0.300178903636299,0,0,0.272903101533778,0,0.000311947904475764,0,0,0,0.272613000540624,0.272466380559824,0.184467700223583,0,0.211952674221639,0
98,-0.0553990905212863,0.0154254314909256,0.0503985535950877,0.0559155141203621,0.00499999895726369,0.0562293141153266,-0.0459538977919034,-0.0606188218670565,0.0565406446711956,0.953404576416259,6.20616446464216e-06,-5.17802793688836e-06,0.301713730030787,-0.000388751937095304,-0.0192288660991119,0.0519971153098473,0.0618532204145911,-0.0749999999999684,-0.0455833655135748,-0.074999999839068,2.25887632836613e-08,-0.0351015854692044,-0.074999999988014,-0.0501147075539817,-0.0500000000020061,-0.000270968574040493,-0.000191288707528756,0.689261013725887,-0.0151197266334241,-0.116204576865199,-4.01410961488635e-05,-0.249439250402927,-0.0471884485725813,0.238441201125043,-0.399999904310911,-0.251590861750814,0.249999998719056,0.171640379639552,0.0714364896896316,0.220153213873529,0,0,0,0,0,1.33124033317508,0,0,0,0,0,0,0,0,0,1.61229154466585,0,0,0,0.917967053108269,0,1.37982559419274,0,0,0,0.571437984345605,0,0,0,0.393023878220968,0.151545242914408,0.268817734886723,0,0,0.0219710065493128,0.241525743307632,0,0.231960603686931,0.0590550290092002,0.18128207473238,0.278510419128643,0.304248337227201,0,0,0.298776745350572,0,0.0501811040595339,0,0,0,0.275659017313803,0.280496120971934,0.195952442891137,0,0.224705848344114,0
99,-0.0538417709500309,0.0139176327339034,0.049386583022686,0.054137051566266,0.00500000017856331,0.0553020929122434,-0.0476016428310338,-0.0617236777792073,0.0555060728892864,0.951345013629533,7.29372879227771e-06,-3.75918661909599e-06,0.308146644416661,-0.000640784180938483,-0.0216375052252418,0.0519972757928631,0.0749999999901325,-0.0750000000053092,-0.0500000000004763,-0.0749999998169059,3.72666756079868e-08,-0.0500000000023173,-0.0749999999944202,-0.0603198635841594,-0.050000000001011,-0.00274874415652058,-0.000575258171081645,0.649277071036904,-0.00942435371066923,-0.123637997575257,-8.03345950171702e-05,-0.282232654245583,0.00358124024072718,0.248582410506206,-0.399999891133521,-0.249504608985094,0.249999998622006,0.158892990558983,0.0679758248681844,0.229881826026134,0,0,0,0,0,1.35542107501399,0,0,0,0,0,0,0,0,0,1.63272916027696,0,0,0,0.891709666094605,0,1.39828510743229,0,0,0,0.60991491344424,0,0,0,0.375599412137794,0.134897717009459,0.253121856052935,0,0,0.0170963296334159,0.241383494683955,0,0.22697903014956,0.0654612907419922,0.185009198645457,0.28286591267785,0.297514823670858,0,0,0.299101916239147,0,0.0813543161284605,0,0,0,0.277615341634029,0.290752821549393,0.200061190405952,0,0.232567435606749,0
100,-0.0522428986507568,0.0124696509159607,0.0483620234881567,0.052334275959326,0.00499999991278442,0.0542717296620566,-0.0492639651680564,-0.0629318829228877,0.0544782176180374,0.949477983010902,7.20777449533059e-06,-3.71357219474828e-06,0.313852560696334,-0.000803668602123397,-0.0240666596839754,0.0519972887712783,0.0749999999923571,-0.0688894917039806,-0.0500000000002677,-0.0749999999162243,3.95445288947686e-08,-0.0500000000019503,-0.0749999999846261,-0.0604997436862082,-0.0499999999994418,-0.00298027829924379,0.000552024500079026,0.555063231753568,-0.00719978627255865,-0.120341302621315,-7.10244939294109e-05,-0.32338959086349,0.13554974469614,0.249999999840795,-0.399999950187558,-0.241991855545885,0.249999998840191,0.124807672472709,0.0546784163245508,0.246043965554306,0,0,0,0,0,1.3561453145759,0,0,0,0,0,0,0,0,0,1.65098933868115,0,0,0,0.86083541194763,0,1.41590804915453,0,0,0,0.634371790440725,0,0,0,0.405951205649645,0.154335806997214,0.271641011392206,0,0,0.0269372705866767,0.248964477120627,0,0.211133398476271,0.0642066680044632,0.170560648311162,0.282705863330341,0.29737901896481,0,0,0.288893746945515,0,0.0822824520422205,0,0,0,0.270053124796247,0.298717431257208,0.188532618871181,0,0.223785231342246,0
101,-0.0506040613731947,0.0115650809403701,0.0473286333447768,0.0505144796022848,0.00499999982541529,0.0532404352113877,-0.0509498997431081,-0.0642908886283647,0.0534669624853497,0.947937836715748,7.42580868413593e-06,-4.44441717638713e-06,0.318474248930316,-0.0011065545970749,-0.0262086231881039,0.0519973656446642,0.0749999999846085,-0.023076131178346,-0.0499999999998197,-0.0749999999404521,4.36003499253148e-08,-0.0500000000006698,-0.0750000000252053,-0.0749999999638293,-0.0500000000015616,-0.0045784500613007,0.00151548856438326,0.42254760054551,-0.0230332197974881,-0.0945027771191909,-7.99857972455657e-05,-0.30874152212857,0.115142428385887,0.250000000107213,-0.338398621966376,-0.2027208468362,0.2499999996017,0.076900167700797,0.0667832606453403,0.24999999907139,0,0,0,0,0,1.30172402488449,0,0,0,0,0,0,0,0,0,1.64175706106412,0,0,0,0.829731069611014,0,1.39502771071845,0,0,0,0,0,0,0,0.420819353140971,0.159449669433535,0.278510957005764,0,0,0.0308193535038747,0.251320847022276,0,0.214578281374352,0.0647630179544463,0.167423592136389,0.278922148264039,0.297579771831956,0,0,0.284711991989864,0,0.0805337600446536,0,0,0,0.262186689216389,0.301406679912708,0.179592463877461,0.19402238301472,0.220360653093218,0
102,-0.0489464917752848,0.0122489811778988,0.0463117620570075,0.0487004820420239,0.0050000001998426,0.0522163532461153,-0.0524587891724432,-0.0643290846298898,0.0527809544709135,0.946773939385689,5.10021530542739e-06,-6.98943933407182e-06,0.321917945870015,-0.00182632546834714,-0.0277090520266502,0.0519973513746923,0.0750000000007211,0.0749999999879683,-0.0499999999998787,-0.0749999999486636,4.47964195114017e-08,-0.0500000000008399,-0.0750000000239369,0.0704531388115273,-0.0187570164263354,-0.00352889384381526,0.0061910366247918,0.305755438151999,-0.0474035065098976,-0.0586716467921551,-7.86090911701748e-05,-0.110973013893121,-0.114554151626832,0.250000000072127,-0.399999969475815,0.399999964997508,0.249999999500601,0.094667042323396,-0.0448589628928641,0.249999999208544,0,0,0,0,0,0,0,0,0,0,0,0,0,0,0,1.52241226078965,0,0,0,0.780336318856284,0,0,0,0,0,0,0,0,0,0.396555919082147,0.139848569175862,0.262236934346166,0,0.478563693759364,0,0.15339049590047,0,0.239377398006368,0.091170634803647,0.181429590848051,0.224778633746764,0.280525263247075,0,0,0.288399346791676,0,0.080145099231018,0,0,0.39362843702193,0.227597279573243,0.263942711229601,0.161532266825832,0.119308789989791,0.24223325307325,0
103,-0.0490549676444993,0.0138362987485489,0.0452777465327536,0.048446009969311,0.00388595876145977,0.0517793056991971,-0.0517762725318639,-0.0628227349699105,0.0524056178071453,0.946280980993137,4.19408324709702e-06,-7.2570272930424e-06,0.323364155040926,-0.00244127962113693,-0.0284254367005171,0.0519974098767629,-0.0750000000310982,0.0749999999357971,-0.0500000000018819,0.0489439489692419,-0.0750000000297536,0.00508691205562669,0.0749999999519501,0.0750000000209929,-0.0187765518818707,0.000731682218746587,-0.000748979672866742,0.0169057966377469,-0.0134691166379141,-0.0150844486287067,-3.07965324872978e-07,-0.151899970668475,0.0573293437485371,0.24999999888094,0.00918212195280296,0.399999982307824,0.250000002397131,-0.376476674933873,-0.394762422188536,0.248695926273029,0,0,0,0,0,1.13402351061247,0,0,0,0,0,0,0,0,0,1.64312154969216,0.991818314691445,0,0,0.778867390166925,0,1.43724678519682,0,0,0,0,0.785943619929909,0,0,0.363219030603557,0.131270181141002,0.248657713618994,0,0,0.0301863932772335,0.18484712172999,0,0.0921725702997899,0,0.0760119213409974,0.219134141158828,0.263375604926552,0,0,0,0,0.0851714358522459,0,0,0,0.220220892901928,0.263055316965006,0.150877405619646,0.129092200055928,0,0
104,-0.0495396681686793,0.0157562776333545,0.0442292365317906,0.0473667530264573,0.00499757693740807,0.051546877894269,-0.0533674743023485,-0.0640545986650967,0.0520365654897456,0.946209138927117,-7.46964184969322e-08,-7.30784356400447e-06,0.323574319140321,-0.00258651611198869,-0.0284732844462585,0.0519973620095382,0.0260248123493255,0.0750000000455158,-0.0500000000002167,-0.0750000001964701,0.0242342366525866,-0.029251945161002,-0.0750000002555243,-0.0750000002209626,-0.0398971964310332,-0.00161772387533917,0.00334745094445005,0.0792095505734589,-0.0167415094305377,-0.00524721685161637,-6.04749816516918e-05,-0.0842843155062451,0.209540549143593,0.249999999871159,-0.153195192312677,-0.331117332833489,0.14999999596337,-0.273634214858511,-0.174377751407159,0.245026142858279,0,0,0,0,0,0,0,0,0,0,0,0,0,0,0,0,0,0,0,0,0,0,0,0,0,0,0,0,0,0.46366819768946,0.1698355538908,0.262433476170209,0,0.329780100835421,0.0404194493857812,0.154886315234176,0,0.159590169213282,0.0324561855248621,0.120502229827381,0.163230583676136,0.239387919524967,0,0.808728121573208,0.327279237683541,0,0.0532398864033258,0.247882088708994,0,0.657791590979053,0.130131983418857,0.24141435108851,0.138625903987272,0.131423902431318,0.405868273958708,0
105,-0.0504275771105003,0.0149981419819636,0.0437699265334171,0.0481220102531605,0.00499999984891839,0.0518733256084253,-0.0551025920798387,-0.0659105834260764,0.0517793115657473,0.946139006188518,-2.08373981868307e-07,2.61926421329751e-06,0.323779333322483,-0.00282563495595208,-0.0285866016441435,0.0519974546053713,-0.0750000000094803,-0.0749999999770011,0.00380000000018936,0.0749999999382907,-1.18820882067616e-10,0.043768910437065,-0.0750000000741486,-0.0750000000699876,0.0139028035690979,-0.000913564149443504,0.00226405704521949,2.24289780947322e-08,0.000136586729185924,5.5677374069864e-05,-4.06913493857232e-05,0.148862353147397,0.141647967464292,0.221857767495458,-0.211452189909463,-0.21019728658806,0.150000001588078,-0.191921382645808,-0.153022092155077,0.245844826949548,0,0,0,0,0,0,0,0,0,0,0,0,0,0,0,0,0,0,0,0,0,0,0,0,0,0,0,0,0,0.448296246384452,0.166809330820348,0.240888924800178,0,0.370815280870843,0.10452968687634,0.196351019005006,0.0561041755940093,0.236938234124373,0.111592927753611,0.186636743010321,0.171249674171264,0.210718205025656,0,0.77641733079549,0.335310122968461,0,0.064840925729274,0.240264924002366,0,0.642500284464589,0.129649354237118,0.246520875441908,0.159196014824434,0.140112185389319,0.264433626092295,0
106,-0.0520317144813644,0.0136114294410496,0.0443821765404154,0.0490899340966717,0.00499999982650326,0.0529007550797847,-0.0569726404383268,-0.0678305624349784,0.0523950551775905,0.946139006023815,7.40457628519e-09,-1.02075085599499e-07,0.323779333774727,-0.00282589057901072,-0.0285867121387761,0.0519974249777059,-0.0749999999753645,-0.0637276084494794,0.0500000000002824,0.0220571599013079,1.19641398297439e-10,0.0499999999954952,-0.0749999999935154,-0.0749999998684052,0.0475035537561829,-7.96641080450491e-05,0.000179637078223505,6.94593425202478e-11,8.64185951931517e-06,3.84593117776885e-06,-6.32357631272654e-07,0.108275113431206,0.144856409480503,0.174054360691417,-0.118191130803573,-0.221902094022621,0.149999997321217,-0.202207497822237,-0.0917607677998925,0.213625029394833,0,0,0,0,0,0,0,0,0,0,0,0,0,0,0,0,0,0,0,0,0,0,0,0,0,0,0,0,0,0.414119316701958,0.151046434527411,0.225914803388844,0,0.385309975101432,0.119515815516452,0.209067626165963,0.110298559457811,0.312473867530398,0.173945630510381,0.248826796477823,0.176851707069172,0.202154203849296,0,0.767797100696876,0.32900868862079,0,0.0765159702622135,0.23308144236789,0,0.629665244145202,0.122055219821221,0.245802858634584,0.152982386539903,0.145467193627531,0.257803324705107,0
107,-0.0536148841568413,0.0124160766093312,0.0454285398905806,0.0502588534329468,0.00500000039818538,0.0539287001908771,-0.05889259858521,-0.0697495718414217,0.0533654912210063,0.946139006132491,-1.36728367936533e-11,6.70536706899192e-10,0.323779333506247,-0.00282588061645015,-0.0285867081734188,0.0519974248738829,-0.0749999999973192,-0.0558470857956104,0.0499999999999019,0.0750000000001583,5.16393552993247e-11,0.0500000000002228,-0.0749999999674995,-0.0749999999838586,0.0495299185441356,6.05427713560048e-06,-1.40334752307715e-05,9.05521280323638e-12,-7.25383280566958e-07,-3.13086242058135e-07,-5.70713835248659e-09,-0.00541117036872123,0.109393392035305,0.228944955434656,-0.124434071948286,-0.0731957852237611,0.150000000132481,-0.38888656222551,-0.299124581539864,0.192346429518134,0,0,0,0,0,0,0,0,0,0,0,0,0,0,0,0,0,0,0,0,0,0,0,0,0,0,0,0,0,0.350449507760146,0.130854518315504,0.212298006323586,0,0.370177788634797,0.132888596897804,0.229048747451057,0.192633194501118,0.385359707604801,0.244088242914717,0.333904659191218,0.193627704599376,0.212647847949849,0,0.400754867045055,0.299764275067605,0,0.107760061444428,0.219465804927307,0,0.593879676586885,0.123661237442147,0.22757252125157,0.130479109426933,0.141704963089293,0.225900613382406,0
108,-0.055217233798162,0.01249355890671,0.0464448033782629,0.0519204627926602,0.00500000036094735,0.0549457944341843,-0.0607237353840172,-0.0715452749797603,0.0540368200096175,0.946139006142622,-1.21286157458374e-11,1.50602105697605e-10,0.323779333505377,-0.00282588069718223,-0.0285867081894288,0.0519974248749667,-0.075000000003495,0.0630010769439298,0.0499999999996018,0.0750000000115606,5.02108194278913e-11,0.0500000000005185,-0.0749999999260187,-0.0750000000187643,0.0177618010849054,-1.81141077685468e-07,4.29261259431475e-07,9.40603079824881e-12,2.37077981392385e-08,1.02023593504972e-08,-2.96002417849516e-11,0.058416366019548,-0.0265943089292303,0.226261797403692,-0.0251322876490555,0.0210935094747902,0.1500000003083,-0.399999956011279,-0.385740083968991,0.200377375457611,0,0,0,0,0,0,0,0,0,0,0,0,0,0,0,0,0,0,0,0,0,0,0,0,0,0,0,0,0,0.364239649677952,0.138552120725814,0.214387135500633,0.0259116412424411,0.415512281513958,0.176256736934505,0.26516718582189,0.298113960753415,0.479529569337803,0.341566195049298,0.436077335041921,0.188058281864921,0.20625749663393,0,0.397696119574751,0.292948083004674,0,0.106546019005898,0.201435676482361,0,0.593468153511782,0.113110424204966,0.218073266846862,0.108288595647271,0.136561012393965,0.223036784286772,0
109,-0.0567947146179075,0.013720190529722,0.0474611995710773,0.0535982329906721,0.00500000022951518,0.0559686931586044,-0.0625551488386475,-0.0733857164474751,0.0541839392391772,0.946139006161181,-2.78533457448906e-12,-8.17886913181447e-12,0.323779333490085,-0.00282588072240863,-0.0285867081908777,0.05199742487487,-0.0750000000046711,0.0596786981541408,0.0499999999998776,0.0749999999886518,7.04743244173564e-11,0.0499999999988034,-0.0749999999503811,-0.0750000000043568,-0.00294633739813247,-1.44542922914434e-09,2.83766433275852e-09,7.98070976703985e-12,2.78553056673023e-10,3.20791435795179e-10,-4.0723442454268e-13,0.0278286465154123,0.022280676470594,0.225353557209971,0.0351930968371622,0.0751730597183793,0.149999999288403,-0.399999970496984,-0.400000002590623,0.211045650326703,0,0,0,0,0,0,0,0,0,0,0,0,0,0,0,0,0,0,0,0,0,0,0,0,0,0,0,0,0.0611222446345377,0.409965815368013,0.199754092816319,0.271333967186234,0.104311660442289,0.477000671331076,0.248596463999909,0.33271586777345,0.442547771753955,0.601370285226147,0.473346510538387,0.570571546441716,0.179671364763154,0.196233571812693,0,0.375756308913314,0.273099367253724,0,0.105157136303823,0.190671985901396,0,0.55273613732568,0.100259234014641,0.208935021161796,0.0946975801915366,0.134420860614261,0.205267742655925,0
110,-0.0583992115151558,0.0151184493657197,0.0484776047441837,0.0552882190949437,0.0050000001078682,0.0569831454269929,-0.0643668333910023,-0.0752384405874661,0.0540041938808931,0.946139006057271,-4.84784868279545e-12,1.43452470514801e-11,0.323779333534355,-0.00282588074723023,-0.0285867081597808,0.0519974248747538,-0.075000000016517,0.0750000000042491,0.0499999999997059,0.0750000000685621,3.33820691606264e-11,0.0499999999989513,-0.0749999999590293,-0.0749999999753802,-0.0149680897706477,4.16062646335568e-10,-9.56886145837816e-10,1.00664822016287e-11,6.57552559557612e-11,4.62049803420143e-10,-4.97515321823165e-13,0.0315819737133826,0.0020462756696768,0.225108215572835,0.212222828928906,0.253000827562134,0.149999999376396,-0.330137787600425,-0.374022438079844,0.227573049951823,0,0,0,0,0,0,0,0,0,0,0,0,0,0,0,0,0,0,0,0,0,0,0,0,0,0,0,0,0.15132614464446,0.412740904587266,0.246326962581583,0.317740086650143,0.150881645791101,0.493025552626986,0.280763426064452,0.363143772353638,0.62539382438519,0.742071590246311,0.633796182597052,0.733669232034443,0.163648876643638,0.193792830302881,0,0.337334169883469,0.251218459022769,0,0.124472576007262,0.176151581272209,0,0.552141460144978,0.112977717780604,0.198247542929861,0.0953364442200352,0.159071266823378,0.217342756724815,0
111,-0.0599999995582826,0.016688248146021,0.0494858887554295,0.0569682806026116,0.0049999991643493,0.0579917004899796,-0.0659942552221412,-0.0769415850177614,0.0537106267148375,0.946139005936189,4.04413986166892e-12,8.58044790836648e-12,0.323779333593552,-0.00282588093773483,-0.0285867081442073,0.0519974248748014,-5.17199960750645e-06,0.0750000000688876,0.0500000000015891,0.0750000003383306,-7.8898740600284e-11,0.0499999999960155,-0.0749999997909129,-0.0749999999827622,-0.0143915092563336,-2.4294744828575e-11,4.77509787323015e-11,1.23099274888421e-11,1.71275210522068e-10,1.69479969551538e-09,-3.7223601039817e-13,0.0422165850844881,0.00635732119710078,0.175190270874239,0.305681204424197,0.337320760134702,0.149999997630594,-0.151984464335686,-0.0842113042109766,0.218994426691085,0,0,0,0,0,0,0,0,0,0,0,0,0,0,0,0,0,0,0,0,0,0,0,0,0,0,0,0.150370170764144,0.203715576314545,0.474066229913095,0.307161266086147,0.370620540141496,0.206293215122085,0.583337510210545,0.353608071414309,0.43602265391832,0.755390766021884,0.894212732469797,0.774187720253604,0.875415778238079,0.146306537444365,0.177562394431038,0,0.620655702737424,0.255333309928861,0,0.115879444714497,0.159610724401112,0,0.625036603985902,0.127215820382353,0.227457574820339,0.109264091799213,0.197030540643686,0.264497850023728,0
112,-0.0600000000408077,0.0174119883697379,0.0505268267430302,0.0586177074625691,0.00500000020345436,0.0590189612824159,-0.0675852187791265,-0.0786920594037811,0.0535843984727068,0.946139005924079,-1.14302798702194e-11,2.48248128335398e-11,0.323779333488404,-0.00282588058347766,-0.0285867078330188,0.0519974248745083,-4.13826006213065e-11,-0.00223977164158629,0.0499999999999767,0.0749999999538579,3.03881101570622e-10,0.050000000013271,-0.0749999998159154,-0.0749999997883178,0.00168828575514923,-5.25255292861078e-12,1.51515081913642e-12,1.08327132715734e-11,1.03682935071242e-09,2.10047555971499e-09,1.03568009278149e-12,0.158755799173512,0.0389177043523569,0.170031261431238,0.365543446683195,0.400000180693577,0.150000007891513,0.184599114589955,0.279170210794014,0.23125337295348,0,0,0,0,0,0,0,0,0,0,0,0,0,0,0,0,0,0,0,0,0,0,0,0,0,0,0,0,0.251789754503418,0.490575984813866,0.330878794533101,0.411486944784185,0.0517654761820111,0.490580840512408,0.209866980384296,0.332479336310123,0.950190902459584,1.11675071890308,0.980279029792714,1.08666259156994,0.157944691188906,0.234515811557537,0,0.687110826938922,0.280825210993659,0,0.176086689201617,0.143461292139367,0,0.83875901963538,0.209909537449471,0.271279728791575,0.118855016334042,0.289421728501542,0.379787729105389,0
113,-0.0600000000895137,0.0182331556404558,0.0515760136210938,0.0601861445858907,0.00500000010132844,0.059999812452012,-0.0666405652912364,-0.0786985523010738,0.0538686175881357,0.946139006156159,1.63128572200581e-14,-1.49803458695584e-14,0.32377933349097,-0.00282588072529634,-0.0285867082409619,0.051997424875007,-1.56316778665446e-14,0.0750000000000005,0.05,0.0750000000000166,-9.79235144969681e-15,0.00187643168683,0.0750000000000003,0.0736076547350279,0.0266090217968152,5.55441828606657e-14,-5.62835602229843e-14,-6.03530002349078e-15,1.45637770961641e-13,8.20973782287163e-14,1.84645809770607e-14,0.172423129622471,0.0036817651369531,0.162545907211461,0.40000000000001,0.399999999999997,0.150000000000003,0.249238224613039,0.400000000000012,0.236598277752686,0,0,0,0,0,0,0,0,0,0,0,0,0,0,0,0,0,0,0,0,0,0,0,0,0,0,0,0,0.247154785377838,0.54326428389357,0.338352298980747,0.452066770290662,0,0.325393361240936,0,0.104663714698046,0.947791373795389,1.19821609802312,1.00719728736673,1.13881018445178,0.176513554206679,0.286057970480697,0,0.872120549260511,0.380147031716764,0,0.259407937688215,0.176657507580769,0,1.11721834345244,0.243900161210661,0.331820999659277,0.134499717855247,0.414715363596304,0.532869161582069,0
114,-0.0600000001016424,0.0197255423827531,0.0526204491818067,0.061615688949484,0.00500000009679322,0.0599999997329595,-0.0647225483735739,-0.076882160600208,0.054610292041654,0.9461390061564,4.23874899093281e-13,8.49865778920333e-13,0.323779333491789,-0.00282588072558079,-0.0285867082413515,0.051997424874081,2.40367082661804e-13,0.0742424618574783,0.0500000000000172,0.067989488991795,8.56084064314298e-14,9.30035455136407e-12,0.0750000000004975,0.0749999999993981,0.0474541977102871,-8.97556450936319e-15,-1.11790606103666e-13,1.49157330581791e-13,2.03150981937035e-13,-2.27438887961376e-12,2.00179288182282e-12,-0.399999999838006,0.328954476397352,0.152860334070185,-0.400000000019738,0.40000000005315,0.15000000551172,0.296366836673469,0.399999999642035,0.215894399909682,0,0,0,0,0,0.485747434594394,0.0612009272825257,0,0,0,0,0,0,0,0,0,0,0,0,0,0,0,0,0,0,0,0,0,0,0.48885290273862,0.17190895132932,0.271955977526434,0,0,0,0,0.663933547771977,0.89122221966431,0.710622356306288,0.844533411130003,0.1767581881146,0.280577279862908,0,1.10434125709355,0.419662834471041,0,0.173906224096933,0.17691396838157,0,1.49529185793635,0.248647115560301,0.532728443266958,0.144985013218352,0.529875270109903,0.632087377936196,0
115,-0.0600000001013055,0.0209054812537359,0.0536505239548247,0.0603596948443285,0.00500000010145542,0.060000000012976,-0.0632091788086226,-0.0759500173917854,0.0554152232042109,0.946139006156216,3.18511572094299e-14,-9.37710786380727e-15,0.323779333490879,-0.00282588072520608,-0.0285867082409753,0.051997424875013,-3.87315080454844e-15,0.0439031220039215,0.050000000000007,-0.0749999999999728,1.52291968350341e-14,2.6317497418106e-14,0.0749999999999994,0.0184968367688056,0.0331106363173363,4.45636583920419e-15,6.651477886569e-16,9.09662176349155e-16,2.99324330147726e-13,1.60925480329344e-13,3.85403502678943e-14,-0.39999999999999,0.364116791937261,0.150000000000004,-0.399999999999984,0.400000000000009,0.197275548601463,0.286461801212366,0.400000000000018,0.210572608888475,0,0,0,0,0.040092289215505,0.320321314541781,0.178564691089451,0.181849917438145,0,0,0,0,0,0,0,0,0,0,0,0,0,0,0,0,0,0,0,0,0,0.496791510283533,0.176031106063678,0.263369176747529,0,0,0,0,0.564518953994608,0.788906668493447,0.605419068209651,0.748006554278406,0.17147786526656,0.262143174811106,0,1.11296377179859,0.417327791502302,0,0.162033864188549,0.166438476638861,0,1.5156581081239,0.239859234674848,0.549020417370609,0.14415428981012,0.539576662985087,0.638086974439692,0
116,-0.0600000001014785,0.0209977099376336,0.054677705245213,0.0584397368379764,0.00500000010249018,0.0599999997326334,-0.0617525277874905,-0.0752871612998537,0.0558832638970879,0.946139006164759,9.27068446351482e-12,1.07079741366675e-11,0.323779333485689,-0.00282588071931706,-0.0285867082355202,0.0519974248551192,1.45528157930599e-12,-0.0342892915347549,0.0499999999987911,-0.0749999999990115,-1.41825413514997e-12,-2.6493033299517e-11,0.0706866703035785,0.0476430424843911,0.0137900370113073,-4.67104469421159e-14,-2.09035431490653e-13,-1.19505963550044e-12,1.03144067823152e-11,1.06091704139193e-11,5.73968289140971e-12,-0.399999999124297,0.400000001723775,0.149999999281086,-0.399999999412225,0.399999999154966,0.21079946662419,0.126482485153911,0.179811413308206,0.217106944336489,0,0,0,0,0.0331162974943933,0.327001391742957,0.157838237303848,0.202279827770931,0,0,0,0,0,0,0,0,0,0,0,0,0,0,0,0,0,0,0,0,0,0.527158393357455,0.177648804111317,0.266853612777884,0,0,0,0,0.404173288809545,0.633471153829099,0.451213320189151,0.586431122449505,0.19974073478505,0.248256058485156,0,1.15097735035252,0.421634361227916,0,0.136786700759181,0.16651866090186,0,1.43992055780875,0.198372176403799,0.540781241627174,0.116634692517358,0.477827293904453,0.57660438591039,0
117,-0.0600000000915026,0.0216270664521809,0.0556967880068218,0.0565197788451648,0.00500000000381801,0.059999998797175,-0.0611110345971811,-0.0762986165042856,0.0560017702903883,0.946139006076231,3.68025316490485e-12,-6.04113903697553e-12,0.323779333520403,-0.00282588074604776,-0.02858670823179,0.0519974248684562,4.2099932277248e-11,0.0750000000025367,0.0500000000028361,-0.0749999999290964,5.46581719623491e-11,-1.30239844079262e-10,-0.00615317029636452,-0.0749999999594776,-0.00186114222742371,-1.61572842203958e-12,3.50093143535679e-12,1.26540939755106e-12,7.8315692099567e-10,5.78780913610789e-10,-2.50798827727319e-11,-0.39999997495906,0.283879565758851,0.150000001686452,-0.399999957841237,0.400000032501488,0.197321663715153,-0.349658294931126,-0.399999975904476,0.180035425366575,0,0,0,0,0.0170402776297722,0.342341400871657,0.178046730516535,0.181335264819275,0,0,0,0,0,0,0,0,0,0,0,0,0,0,0,0,0,0,0,0,0,0.463031106989947,0.100948832122422,0.185700482693777,0,0,0,0,0.396575758825303,0.587432364775842,0.430831681485846,0.553176442115299,0.206380282243457,0.233996210147722,0,1.14921434619106,0.395731803016329,0,0.0425574279036545,0.183552855458368,0,1.31126544968109,0.126977167912469,0.540974312081028,0.0765328923859598,0.698003623551638,0.47537806503064,0
118,-0.0600000001023348,0.0232234253356003,0.0562324778885487,0.0545998211755425,0.00500000077302715,0.0599999991195997,-0.0628355974624851,-0.0782185952434217,0.0561676729499915,0.946139006137727,2.77768900797378e-13,7.13972440202698e-14,0.323779333507072,-0.00282588071385735,-0.0285867082318217,0.0519974248761396,-9.09700046829745e-13,0.0750000000020783,0.00379998833342749,-0.0750000000002489,1.61493913826645e-11,3.36440476328549e-11,-0.07499999998219,-0.0750000000062503,0.018350350132267,-2.36697290161102e-13,-2.96993870706056e-13,4.82888440867475e-12,7.03697144042434e-13,7.81808743952173e-11,4.30202265721718e-12,-0.400000000552495,0.272797074318049,0.149999999910004,-0.400000000148084,0.400000009603831,0.228189573234409,-0.343566467703612,-0.400000003716493,0.150000000072756,0,0,0,0,0.0105255862834907,0.348536231121626,0.131112009978918,0.227950076963652,0,0,0,0,0,0,0,0,0,0,0,0,0,0,0,0,0,0,0,0,0,0.433860597589011,0.0778129419609801,0.131349872381639,0,0,0,0,0.522050272499299,0.685778197569015,0.566085161887953,0.641743308180365,0.187243673195656,0.215457679113374,0,1.15695697069591,0.340323107270761,0,0,0.37651188819081,0,1.29009051408991,0.106253713629814,0.561365756521627,0.0472751351253197,0.65617258160485,0.419103454979527,0.0232010507867335
119,-0.060000000093255,0.0248678243574104,0.0568447276615481,0.0526798631334025,0.00500000058271897,0.0599999999047822,-0.0647555552992016,-0.0801385742121404,0.0567882520580713,0.946139006141339,1.35424929189058e-12,-3.31840243883386e-13,0.323779333512662,-0.00282588070747888,-0.0285867082323027,0.0519974248750365,5.41832404954328e-12,0.0749999999982733,0.0500000000003722,-0.0749999999879635,2.3364570135696e-11,-1.17054295568867e-12,-0.0749999999660845,-0.0750000000029208,0.0435814053861056,-3.70034112617077e-13,3.62088084322801e-13,5.39039904078846e-12,1.34511989218884e-10,1.45354989404843e-10,-6.62337091735576e-14,-0.399999996762737,0.256947219232997,0.150000000221284,-0.399999992843219,0.400000013892169,0.249999999315287,-0.396308173386121,-0.40000000173673,0.150000000575544,0,0,0,0,0.00402954793164576,0.354703888170567,0.0979442714010267,0.260789389254986,0,0,0,0,0,0,0,0,0,0,0,0,0,0,0,0,0,0,0,0,0,0.425109547959583,0.10803469890682,0.148527424718812,0,0,0,0,0.630573064442669,0.798519407062225,0.669207264660224,0.759885206844663,0.159645915015736,0.126257828400691,0,1.00987274862618,0.346227425942126,0,0,0.389241467835761,0,1.14433175019309,0.081766315108375,0.52121396808762,0.117365761581403,0.38114772673086,0.416932534743688,0.081580953568568
120,-0.0600000002482228,0.0255058037981446,0.0577446963943969,0.0507599054231331,0.00499999946906342,0.0600000000132946,-0.0666755128902117,-0.082058552710296,0.0574419726171212,0.946139006298637,7.34621687150362e-11,-1.02782238323941e-10,0.323779332979627,-0.00282588120002544,-0.0285867088218044,0.0519974248756518,3.50356952593334e-11,-0.0107732050767757,0.0400466416273693,-0.075000000258624,-2.33143434966278e-10,-1.01960172849791e-12,-0.0750000000113687,-0.0750000000199362,0.0218990633636853,4.14045248534226e-12,-2.55895625126825e-12,-4.58626351783094e-11,-3.89341319778887e-10,-8.321985794421e-10,-6.71860110260585e-13,-0.318230459510955,0.246421386585062,0.149999998783858,0.399513486825511,0.289609954537723,0.153654511052549,0.241499636223239,0.196883560890011,0.150000000661658,0,0,0,0,0,0,0,0,0,0,0,0,0,0,0,0,0,0,0,0,0,0,0,0,0.241441241976707,0,0,0,0.540211234398121,0.860220330080593,0.677137441431741,0.723294123046972,0,0.399165618302513,0.116654612505778,0.276827781472857,0.92555222340469,1.03150489152779,0.937081150670178,1.01997596426229,0.155775193183811,0.233411573246094,0,0.74223311315847,0.218141552043764,0,0,0.315220769817129,0,0.376522405267998,0.142783546156843,0.241299179742548,0,0.120903615245207,0.191820057825096,0
121,-0.0599999999841383,0.0253862814295351,0.058649071148918,0.0512243777203653,0.00499999950606823,0.0599048096409712,-0.0684258726571683,-0.0838702702688716,0.057415643847578,0.946139006466444,7.13216463744494e-11,-1.61470137086073e-10,0.323779332757759,-0.00282588169185024,-0.0285867088874675,0.0519974248757488,-8.73825547510845e-11,-0.00122674042723075,0.0499999999912885,0.0749999997951423,-1.86691598300999e-10,-0.0094716789196004,-0.075000000061056,-0.0750000000743463,-0.0243009397997477,1.26746280444588e-12,-5.34882727570189e-12,-3.61249357125121e-11,-1.20104728621179e-09,3.23049028834461e-10,-2.08307250160466e-12,-0.400000051965531,0.400000054169527,0.149999994819711,0.153812576901372,0.169113681980289,0.171214936953103,0.255315499522421,0.257684820963653,0.149999997833343,0,0,0,0,0,0,0,0,0,0,0,0,0,0,0,0,0,0,0,0,0,0,0,0,0,0,0,0,0.544113699232949,0.897095148723602,0.698507543604429,0.742701304352123,0.0139250611521912,0.428988971996608,0.136880176617122,0.306033856531677,1.02447723399708,1.15377961300115,1.04878032275167,1.12947652424655,0.172668091833607,0.242023133154578,0,0.77209548874056,0.389737597480655,0,0,0.306010551417724,0.00347717357803082,0.396412677172474,0.156702467001452,0.255031318583067,0.0688471046795312,0.109320474487354,0.19578739586712,0
122,-0.059999999984667,0.0242089145120223,0.0593450263466725,0.0527795674020639,0.00499999864613575,0.0596927493714173,-0.0702035555524256,-0.0857646343370324,0.0573020111988572,0.946139006596219,7.70877667323587e-11,-1.53739526939366e-10,0.32377933268207,-0.00282588180069008,-0.028586709145392,0.0519974248811576,-2.03138005157264e-11,-0.0749999999490068,0.019746627172407,0.0749999999642637,-6.04171963012454e-10,-0.0117230909491018,-0.0750000002361194,-0.0750000002330816,0.0127524067627474,6.96371608438242e-12,-5.95166832273653e-12,-7.9207896712747e-11,-1.6620147603285e-09,-1.73802413354504e-09,8.21823088183724e-12,-0.381925964397585,0.400000030321678,0.150000031474929,0.137759124642776,0.157361043991739,0.17432521880476,0.268341332443069,0.289949233502786,0.150000003818607,0,0,0,0,0,0,0,0,0,0,0,0,0,0,0,0,0,0,0,0,0,0,0,0,0,0,0,0,0.509150109756331,0.869877272911394,0.66154401511308,0.717483367554647,0.0651792615217504,0.482452678427219,0.188931235694303,0.358700704254663,1.15100332219749,1.28743967935745,1.19016553202075,1.24827746953419,0.1754690261923,0.24320713393834,0,0.776009065718298,0.392777349140971,0,0,0.310213888853439,0.00218831636464848,0.398899097289409,0.157676049510315,0.255446568278517,0.0704322511755518,0.107730167666454,0.198664435625722,0
123,-0.0600000000762062,0.0226785659657495,0.0598063499966649,0.054341127965072,0.00500000010131808,0.0594559399703952,-0.0719643112576791,-0.0876558045856595,0.0578309367411268,0.946139006156127,1.29444552601454e-14,-1.31394291059755e-15,0.32377933349102,-0.00282588072528977,-0.0285867082409821,0.0519974248750045,1.52929661790995e-14,-0.0750000000000023,0.0263528645088698,0.0750000000000003,-1.43311126036709e-15,-0.0119566811826452,-0.0750000000000024,-0.0750000000000024,0.0400038898466524,2.30733975941398e-15,1.31443348962196e-15,-5.77473298380984e-15,1.01512624304775e-13,1.39426265107532e-14,8.74953824295427e-15,-0.371024969885996,0.354085533128471,0.150000000000001,0.168924418610862,0.232162099622272,0.15,0.158897773349972,0.124708254387347,0.15,0,0,0,0,0,0,0,0,0,0,0,0,0,0,0,0,0,0,0,0,0,0,0,0,0.291117719882245,0,0,0.0919020336517749,0.447948650144578,0.748626593779489,0.554009216547583,0.642566027376484,0.120265061619356,0.512271493565795,0.238945285557197,0.393591269627954,1.32773840760486,1.42377970104444,1.33071939152268,1.42079871712663,0.162692431932453,0.24897095588619,0,0.762640947654575,0.231989352229257,0.0144874514220072,0.011648216685207,0.187006790493649,0,0.360564349985848,0.129230796491939,0.229302719357893,0,0.126080845521664,0.184795561897992,0
124,-0.0599999998358517,0.021153537341394,0.0599392315756298,0.055949261625721,0.00499999951409495,0.0592701828575942,-0.0736028494650474,-0.0893565375072278,0.058166704532039,0.946139006522541,5.67409463113564e-11,-1.70733372799686e-10,0.323779332691557,-0.00282588170169998,-0.0285867089012403,0.0519974248761434,-6.84645849877115e-11,-0.0749999999190135,-0.012334243855213,0.0749999997557169,-2.84168818830047e-10,-0.00664558571174302,-0.0750000001746513,-0.0750000002038663,-0.00619611059223525,4.61006542650882e-12,-6.37184611132874e-12,-7.29160785878477e-11,-1.43386570161399e-09,-9.28574586337337e-10,8.11394736319757e-13,-0.329657854046194,0.338187044326537,0.149999999604956,0.135628212322531,0.204583303300767,0.149999999793119,0.155799754632155,0.134765751414567,0.175903013134064,0,0,0,0,0,0,0,0,0,0,0,0,0,0,0,0,0,0,0,0,0,0,0,0,0.290415186725759,0,0,0.101229705096502,0.40064384400247,0.696814663137556,0.49233181496989,0.605126692170138,0.190680991025843,0.572977349927588,0.305927599474277,0.457730741479154,1.44804565117988,1.53748667129148,1.44148047510188,1.54405184736948,0.162621344801702,0.249304177442683,0,0.757254935102127,0.228873271176023,0.0208723756053142,0.0116474404484178,0.190528371321365,0,0.351318014825297,0.125792827900684,0.226289956385186,0,0.12288621298792,0.176637875431935,0
125,-0.0600000000580883,0.0196064729675983,0.0596417637874397,0.0575351981112575,0.0050000001013185,0.0591004242552082,-0.0752033265076766,-0.0910120918413421,0.0575784723217261,0.946139006156131,1.29705004321632e-14,-1.03989500793872e-14,0.323779333491015,-0.00282588072529681,-0.0285867082409854,0.0519974248750089,1.24239485475412e-15,-0.0750000000000015,-0.0173872706432021,0.0750000000000014,-1.13494781209877e-15,-0.0103119426061966,-0.0750000000000025,-0.0750000000000024,-0.0499999999999999,2.82575622619477e-15,-3.85666445840696e-17,-5.00031027369668e-15,1.1766337218164e-13,4.84114690317485e-16,2.41710509821835e-14,-0.175726634995546,0.277680247838342,0.15,-0.0538359553943344,-0.0833422149347998,0.15,0.0757309385140943,0.0895049194004701,0.218526708672583,0,0,0,0,0,0,0,0,0,0,0,0,0,0,0,0,0,0,0,0,0,0,0,0,0.256193270755967,0,0,0.150704540834507,0.326179785222909,0.651469473622509,0.424066834580969,0.553582424264448,0.209994176982443,0.637840517175121,0.373851030745881,0.473983663411683,1.56995705794234,1.65867603091239,1.56175234348718,1.66688074536754,0.148376423411549,0.249954358261341,0,0.778518557424173,0.249951643909225,0.0248046047291883,0.0161921612251646,0.217848766795066,0,0.619138171541565,0.0945345339075729,0.217900299787204,0,0.126431680585679,0.177321952124005,0
126,-0.0600000000703132,0.0180557681060212,0.0592309346978426,0.0590840060102991,0.00500000010131847,0.0594348754031225,-0.0762344205067777,-0.092541407758929,0.0565719679243862,0.94613900615613,1.27374962128874e-14,-1.04112358391422e-14,0.323779333491019,-0.00282588072529541,-0.0285867082409858,0.0519974248750093,-1.7717802881883e-14,-0.0750000000000016,-0.0236642534026494,0.0750000000000013,-1.25691657388507e-15,0.0434880573938073,-0.0283426864777543,-0.0750000000000023,-0.05,2.7935374759136e-15,-3.40593846934935e-17,-4.86362404841776e-15,1.19175042388493e-13,-6.51730217550354e-16,2.58095270662443e-14,-0.167962620227512,0.286557722279105,0.150000000000002,-0.015150355967111,-0.049428111945978,0.150000000000002,-0.028571014724716,0.0508750266526555,0.21874995028893,0,0,0,0,0,0,0,0,0,0,0,0,0,0,0,0,0,0,0,0,0,0,0,0,0.253805929297547,0,0,0.155942780532431,0.264093885829839,0.583444367808472,0.358638520266143,0.488899733372168,0.273746948955548,0.697758211728021,0.441604230992478,0.529900929691091,1.66215854708374,1.74113906368975,1.64969440250665,1.75360320826684,0.147484992720347,0.250569866258113,0,0.77439357600088,0.244312548148287,0.0296267308681342,0.0248487571646331,0.218499474147082,0,0.607030117529196,0.0909465832291807,0.217452788801873,0,0.125407600780787,0.169497405032984,0
127,-0.0599999998891912,0.0165087780323372,0.0587904355414084,0.0606351226208803,0.00499999950204567,0.0599994199306204,-0.0768218344224376,-0.0940644443592932,0.0555649072254915,0.946139006504935,3.55938199229176e-11,-1.17859845622295e-10,0.323779332774656,-0.00282588150254892,-0.0285867087528109,0.0519974248751561,-8.78529162437203e-11,-0.0749999999114276,-0.0204019730843401,0.0749999998694579,-3.28361511155752e-10,-0.000204100433464778,-0.0303885153375556,-0.0750000001676485,-0.0499999999983604,3.39517820335276e-12,-4.7364765647935e-12,-8.23891366173723e-11,-1.13436148605377e-09,-7.63706981592447e-10,2.66522832920426e-13,-0.357019298646307,0.241958835194535,0.182315833832389,0.0845107517543507,0.310737995330135,0.164852229897723,-0.224988341498955,-0.159744900211748,0.191070344534992,0,0,0,0,0,0,0,0,0,0,0,0,0,0,0,1.63153439058485,0.767283239269432,0,0,0.77538557183134,0,1.13613035123113,0,0.721449895694879,0,0,0,0,0.277529904278727,0.4947624019324,0.318609572952849,0.453682733258278,0.419522125681654,0.712675849638169,0.487481522711507,0.64471645260832,1.75766786085375,1.82437597563854,1.75036170503933,1.83168213145295,0.212708860894696,0.316816561666803,0.0442183176550509,0,0,0.0755360940188709,0.0677826181900603,0,0.0114203285374063,0,0.139511382679148,0,0.0190007829109172,0.0821403074320009,0.196345226493793,0
128,-0.0599999976197781,0.0174196893838653,0.0579622579090296,0.062232769270829,0.00433908722104292,0.0595310271476434,-0.0754000938291984,-0.0928644882860457,0.0545324975510476,0.946139005983345,-1.55556373635318e-10,-6.9715494910697e-11,0.323779334445023,-0.00282588042935546,-0.028586704964383,0.0519974248719884,-7.80769086766398e-10,0.0750000004734738,-0.0500000000158704,0.0750000003152304,-0.0657624432143099,-0.0464041760633475,0.0750000017847962,0.074999999755828,-0.0500000000322595,-4.25685076255989e-11,6.93875771916458e-12,2.42456427073247e-10,3.67687672831402e-09,1.481239870007e-08,-1.19295387798636e-11,-0.335889410152466,0.090430792071723,0.211435758705008,0.115018332262774,0.400001181861678,0.225581871553393,-0.3999989387691,-0.353953903689954,0.192312909607507,0,0,0,0,0,0,0,0,0,0,0,0,0,0,0,1.60936060485146,0.762636425996855,0,0,0.755337413456479,0,1.14910525276884,0,0,0.0809788763720763,0,0.639114901456529,0,0.309979969164861,0.522373105553949,0.351605327700229,0.480747747018583,0.492858476733171,0.764645917755637,0.549879101096887,0.707625293391921,1.65727560718473,1.71921088894843,1.65073847842351,1.72574801770963,0.211765441491855,0.308891004562323,0.0454965039704078,0,0,0.0671741456860424,0.0695675071218318,0,0.00507252880792246,0,0.143985032958035,0.2093096944866,0,0.0762964136574973,0,0
129,-0.0599999996673603,0.0193396701462672,0.0569137479119076,0.0629472014765748,0.00277622909978627,0.0584897087996463,-0.0750250808423852,-0.0914739726759028,0.0534839875353712,0.946139006136279,-1.23883520303843e-11,-1.45316445418499e-11,0.323779333583704,-0.00282588056098458,-0.0285867076523404,0.0519974248727307,-8.84272630293486e-11,0.0749999999679477,-0.0500000000009319,-0.00316623990845892,-0.074999999011328,-0.0499999999960737,-0.0369388605971772,0.0641061944170852,-0.0499999999995481,-1.00057031257225e-11,4.11543867193431e-12,1.04753801522507e-10,2.02255696784743e-09,3.95832109935875e-09,-2.42307156226938e-12,-0.360181231682994,0.104477260213038,0.212925085322946,0.1515462996642,0.400000587887051,0.232816385616464,-0.22873107487353,-0.315008668914222,0.201322512330764,0,0,0,0,0,0,0,0,0,0,0,0,0,0,0,1.58669730277627,0.754284493738742,0,0,0.748317463235089,0,1.13050823256546,0,0,0,0,0.665497708756943,0,0.382914474572945,0.594287703561795,0.422221091115009,0.554981087019729,0.503990175963941,0.753585430929606,0.551321516215286,0.706254090678263,1.5906848324717,1.65298847753574,1.58607388803044,1.657599421977,0.213481197169827,0.304672129442609,0.0430414861725099,0,0,0.0712063519269161,0.0772340428540379,0,0.011256747513167,0,0.139937553441685,0.207094393742052,0.0344362375846834,0.0764942930576366,0,0
130,-0.059999999917156,0.0212413404473939,0.0558652379148331,0.0631534574712447,0.00129640600691104,0.0574411988203241,-0.0762943563054588,-0.0907593810456673,0.0524423921269382,0.946139006183018,-7.14611915107569e-12,-6.65256008389205e-12,0.323779333452147,-0.00282588071000268,-0.0285867080325055,0.0519974248740627,-5.99087686042562e-11,0.0750000000063143,-0.050000000000298,0.0236576880011702,-0.0729923209380996,-0.0499999999987446,-0.074999999878718,0.0076353245088127,-0.0500000000030852,-3.58433651998587e-12,1.15267748216355e-12,2.12536256869103e-11,6.24088750496546e-10,1.43218114882517e-09,-1.08165337558402e-12,-0.368059435359461,0.109544583999145,0.216221796236551,0.123000973477174,0.400000192824466,0.23685011789983,-0.217822468659447,-0.290379076106633,0.2177583331647,0,0,0,0,0,0,0,0,0,0,0,0,0,0,0,1.54919816205458,0.769825555492199,0,0,0.746160105322732,0,1.12014370494089,0,0,0,0,0.706654337831883,0,0.449181478097066,0.658933487237719,0.486201396799456,0.621913568535329,0.49201801784506,0.726559530109499,0.532137112245923,0.686440435708634,1.60867443917857,1.6666242569847,1.60350105777988,1.67179763838338,0.216230831858828,0.304294623451787,0.0438074354854279,0,0,0.0758237052045675,0.0848109423449432,0,0.0135030603731859,0,0.138293287759427,0.208676565893527,0.0121246887266953,0.0772566763794441,0,0
131,-0.0600000000627026,0.0231512912091603,0.0548167279232052,0.0634593877289775,-0.000206025411199588,0.0563926888187646,-0.0778283191548686,-0.0906492032296276,0.0513991677054695,0.946139006156119,-5.05993715244667e-15,2.8429040095839e-16,0.323779333491046,-0.00282588072528992,-0.0285867082409948,0.051997424875001,-2.29731075986382e-15,0.0749999999999985,-0.05,0.00701852544112946,-0.0750000000000083,-0.05,-0.074999999999999,0.0034036165292567,-0.0499999999999999,-3.5140375007465e-16,1.98287249576684e-16,-5.73542447687953e-15,7.6093662738637e-14,-3.91049444869763e-14,-5.75790937701889e-15,-0.394055054698864,0.135827764554167,0.218096520813376,0.149146112930905,0.399999999999995,0.238071766341341,-0.22276599485846,-0.296826239826861,0.224628897448212,0,0,0,0,0,0,0,0,0,0,0,0,0,0,0,1.52574218458726,0.764439756952975,0,0,0.731563616706003,0,1.10606489954526,0,0,0,0,0.710261348514822,0,0.517981409343825,0.725683220564768,0.552637790374703,0.69102683953389,0.458417533445391,0.689351683939284,0.498263685633684,0.649505531750991,1.66203189175275,1.71785265530516,1.65630199661876,1.72358255043916,0.214375862599286,0.300847327020486,0.0214485220193185,0,0,0.079799416444775,0.0852316047050404,0,0.014381727008659,0,0.133642485954937,0.206160819586938,0.0155527009623196,0.0793415817025434,0,0
132,-0.0600000000595517,0.0250478036640883,0.0537682179232067,0.0637299645341419,-0.00157238611876868,0.0553441788187645,-0.0794007617996905,-0.0908656706882222,0.0503543630200533,0.94613900615612,-6.61498352667585e-15,-1.78436720822845e-15,0.323779333491046,-0.00282588072529076,-0.0285867082409926,0.0519974248750006,2.01010629399201e-14,0.0749999999999989,-0.05,0.0199743758235534,-0.0617025579677683,-0.05,-0.0749999999999992,-0.0249088003045251,-0.0499999999999998,-3.841569089274e-16,1.36911524539569e-16,-5.35384400999224e-15,7.87158923246355e-14,-4.25457309185482e-14,-6.14579476786e-15,-0.399999999999999,0.140829209443096,0.21983880731199,0.147479129121265,0.399999999999995,0.240320503217046,-0.251805793325805,-0.294475434065695,0.21880468762859,0,0,0,0,0,0,0,0,0,0,0,0,0,0,0,1.51925173787591,0.764771819691645,0,0,0.72642501955506,0,1.09733983861513,0,0,0,0,0.700982925893208,0,0.584086812797912,0.802075052250031,0.6193962616309,0.766765603417044,0.412794723560846,0.65372043552575,0.459576818135496,0.6069383409511,1.72284131186888,1.78251186011287,1.71411138833949,1.79124178364227,0.219822652497566,0.307254013239669,0.0199404954640456,0,0,0.0891531838744331,0.0966993934358548,0,0.0123404384574377,0,0.123711238088148,0.204264376059558,0.0175066457413476,0.0811411169973035,0,0
133,-0.0600000000603491,0.0269340849001403,0.0527197079231531,0.0640447642107905,-0.00283349104071189,0.0542956688184244,-0.080990244889186,-0.0915428448963037,0.0493058530194898,0.946139006156118,-2.73435135126866e-15,-2.44984897968784e-15,0.323779333491048,-0.00282588072529086,-0.0285867082409878,0.0519974248749988,-1.09105415728493e-14,0.074999999999999,-0.05,0.0115477250953499,-0.0643944746427382,-0.0500000000000013,-0.075,-0.042719566671922,-0.0499999999999999,8.00803437119774e-17,3.42284706732687e-16,-5.16148815382218e-15,7.35163096608596e-14,-2.19298233953644e-14,-1.14166839228408e-14,-0.387894945467312,0.0986346479480635,0.223776327415105,0.187274962052161,0.399999999999996,0.249999999999999,-0.169026527670998,-0.224178708134043,0.242350583207075,0,0,0,0,0,0,0,0,0,0,0,0,0,0,0,1.48844239844374,0.835985586081509,0,0,0.733409122579237,0,1.1551025727164,0,0.721885335996588,0.165121594275963,0.304377164133033,0.502645755906656,0,0.64702264054083,0.858209077221737,0.677163264342073,0.828068453420494,0.404168047804388,0.635400073879886,0.447773760256139,0.591794361428135,1.80014985034864,1.84899818888693,1.78532704149064,1.86382099774494,0.219420518451142,0.301818088915269,0.022759827175447,0,0,0.0995100864450475,0.100443547895897,0,0.0238360227634875,0,0.116749768626351,0,0,0,0,0.0120118747189844
134,-0.0600000000011228,0.0286323688231327,0.0516711972238716,0.065035772720815,-0.00399533347792405,0.053247158995387,-0.082514929350921,-0.0917237971925657,0.048257342661705,0.946139006156119,-2.03563389894871e-15,1.23387196015171e-15,0.323779333491049,-0.00282588072529276,-0.0285867082409872,0.0519974248749994,1.80396521906597e-14,0.0749999999999989,-0.05,0.0749999999999994,-0.0518524790570145,-0.0499999999999999,-0.0749999999999997,0.0242892927486076,-0.0500000000000007,6.7344402762687e-18,3.87479356015858e-16,-4.94321021556898e-15,6.56209096249434e-14,-2.17493131063373e-14,-1.09199162883778e-14,-0.347520963117467,0.0946894394562695,0.247767082998284,0.169955993529894,0.399999999999996,0.25,-0.16633285080738,-0.342758992382242,0.25,0,0,0,0,0,0,0,0,0,0,0,0,0,0,0,1.4102635403743,0.800245492387533,0,0,0.688629576065602,0,1.11540102669113,0,0.685885113001776,0.16735896428182,0.30227675833075,0.505382972557525,0,0.735858144964964,0.940348768423656,0.775787234427957,0.900419678960663,0.375493791852389,0.601460049363788,0.418440584105039,0.558513257111139,1.87516417107895,1.9425782413199,1.87458232445562,1.94316008794323,0.205825489767396,0.284641955603486,0,0,0,0.0769839869109765,0.0933555156754867,0,0,0,0.125001641627473,0,0,0,0,0
135,-0.0600000000050994,0.0302933669012055,0.0506226869461898,0.0666118473959914,-0.00393869266324918,0.0521986494355207,-0.0841648605818366,-0.0921436024678303,0.0472088323058231,0.946139006156061,-2.53030253117581e-15,-1.89033600288421e-15,0.323779333491058,-0.00282588072527213,-0.0285867082409869,0.0519974248749998,-4.44553182870007e-15,0.0749999999999988,-0.0500000000000003,0.0749999999999992,0.0569724359564209,-0.0500000000000002,-0.0750000000000001,-0.0658192774280336,-0.05,1.51564261886046e-16,7.57673446832011e-16,-6.89387949618755e-15,1.02363762409309e-13,-2.6094408579628e-14,-9.8521778131661e-15,-0.356222724617322,0.123603832799055,0.25,0.318449793960596,0.399999999999995,0.25,-0.124563460140542,-0.141386766318274,0.25,0,0,0,0,0,0,0,0,0,0,0,0,0,0,0,1.31105365327386,0.747140657768909,0,0,0.655135965129205,0,1.03006431557159,0,0.65569046059577,0.174976563093878,0,0,0,0.815793218602641,0.982103394977308,0.83793743633363,0.959959177246318,0.354732677836481,0.590039505382305,0.406525738906895,0.53824644431189,2.01660230419692,2.08729969828717,2.01416509353385,2.08973690895024,0.177157941238405,0.277441561934643,0,0,0,0.087564578629901,0.109841221106299,0,0,0,0.128641493503341,0,0,0.104896155441145,0.139252108967508,0
136,-0.0600000000004962,0.0319019257529825,0.0495741768033161,0.0683378512148407,-0.00232335920418379,0.0511501394367782,-0.0850552002992125,-0.0915070215098418,0.0462036431844814,0.946139006156067,-3.07183755340098e-15,1.36639834712814e-16,0.323779333491059,-0.00282588072527377,-0.0285867082409826,0.0519974248749997,1.23676365226173e-16,0.0749999999999988,-0.05,0.0749999999999992,0.0749999999999969,-0.0500000000000005,-0.0143372853107778,0.0750000000000087,-0.0499999999999999,-1.19885018886749e-17,8.10874823941869e-16,-6.10546473004635e-15,1.17619084304738e-13,5.39223035299162e-15,-1.0047297245697e-14,-0.360284255484435,0.158585723814418,0.25,0.359329443885299,0.399999999999998,0.25,-0.196993172103031,-0.399999999999995,0.25,0,0,0,0,0,0,0,0,0,0,0,0,0,0,0,1.30610016944962,0.758547703046986,0,0,0.643663994537105,0,0,0,0.638908864952255,0.176566033368499,0,0,0,0.890202504414057,1.0645451689814,0.915054625718775,1.03969304767668,0.44478658139463,0.686463783246884,0.496222472224885,0.635027892416629,2.02900023711192,2.11947256895806,2.03524128604761,2.11323152002238,0.185938090195565,0.286080720127051,0,0,0,0.079969447937842,0.115335936739633,0,0,0.31291647408168,0.146716722537229,0,0,0.106805201892471,0.155271784365641,0
137,-0.0600000000326399,0.0335796297076809,0.0485256653002326,0.0702578092715636,-0.000403380221254923,0.0503254672006507,-0.083988365392113,-0.0898351118134578,0.0452210429598212,0.946139006156067,-2.68255070414232e-15,3.31274206002953e-15,0.323779333491057,-0.00282588072528117,-0.028586708240989,0.0519974248749995,-2.60964306126553e-14,0.0749999999999989,-0.0499999999999995,0.0749999999999992,0.07499999999999,-0.0325544513559628,0.0750000000000004,0.0749999999999999,-0.0482686790706452,2.84941424191001e-17,8.14507495684136e-16,-6.80760804351388e-15,8.8256301386869e-14,-2.60409782449001e-14,-1.04495784977203e-14,-0.269901937992963,0.0511216867053693,0.25,0.365009863639207,0.399999999999994,0.25,-0.330770247750502,-0.318291827246913,0.25,0,0,0,0,0,0,0,0,0,0,0,0,0,0,0,1.2998690888434,0.771731635669948,0,0,0.620883285853771,0,0,0,0,0.17070404553244,0,0,0,0.966782742500813,1.1437515322005,0.992893866282465,1.11764040841885,0.564959408934503,0.805938482971237,0.61978490819347,0.75111298371227,1.93324510721749,2.0395744279359,1.94852496787686,2.02429456727653,0.195766137564656,0.294511868227779,0.0018320176282399,0,0,0.066890943440026,0.1142048916362,0,0,0.332382838074347,0.168782303525267,0.186323311097004,0,0.104761913286593,0.165483079114418,0
138,-0.060000000058447,0.0353431644350543,0.0474771548533972,0.0721665922193168,0.00151659878101742,0.0501703672472438,-0.082680731418387,-0.0882459155488729,0.0443979243702957,0.946139006156088,6.783586061042e-15,1.90168824459905e-15,0.323779333491052,-0.00282588072529176,-0.0285867082409758,0.0519974248749989,-2.08693168635049e-14,0.0749999999999979,-0.0499999999999999,0.0750000000000078,0.0749999999999949,0.0167976952820704,0.0558591018647658,0.0749999999999971,-0.0341139535096732,1.62255237608399e-15,4.26925209454431e-16,-3.86890136308726e-15,9.09233599782653e-14,3.10899938111981e-14,-1.33989111356507e-14,-0.191365021868625,0.242090703310219,0.164215185305149,0.400000000000005,0.399999999999997,0.22955257397823,-0.0107599604583943,-0.0156199072929453,0.228751258532078,0,0,0,0,0,0,0,0,0,0,0,0,0,0,0,0,0,0,0,0,0,0,0,0,0,0,0,0,0.99714476543081,1.26864756147939,1.10092917231265,1.16486315459755,0.628336352511908,0.949961799657799,0.726990562159513,0.851307590010194,1.76623151143811,1.92084590699709,1.8237672671184,1.8633101513168,0.156026858959937,0.232258675107877,0,0.672553655443473,0.356694642679021,0,0.0539244445421184,0.230694289659171,0,0.382087116059642,0.182494162949499,0.215897879554946,0.0696486953477097,0.113794225442987,0.219795049977135,0
139,-0.0600000000509979,0.0346909547774031,0.0470178448492592,0.0738910984965567,0.00343657784701035,0.0506980657304587,-0.0837452679366866,-0.0894458705729492,0.0442563353076718,0.946139006156081,6.53589255490856e-15,9.8304039098175e-16,0.323779333491046,-0.00282588072529498,-0.0285867082409741,0.0519974248749989,2.55563944159123e-14,-0.0750000000000019,0.00379999958821924,0.0750000000000071,0.0749999999999963,0.0358767577271946,-0.0750000000000027,-0.075000000000003,0.0196860472434868,1.58210940611561e-15,3.56257084925716e-16,-3.28083141512417e-15,8.2795799632783e-14,3.50170454239936e-14,-1.24158739775205e-14,-0.118184901569191,0.301141630023428,0.150000000000001,0.400000000000004,0.399999999999998,0.213521341407855,0.156276535420608,0.212471440783066,0.185671271611908,0,0,0,0,0,0,0,0,0,0,0,0,0,0,0,0,0,0,0,0,0,0,0,0,0,0,0,0,0.974455761804478,1.23738901536097,1.0846217531146,1.12722302405085,0.767236520477393,1.0766719613835,0.860893525061007,0.983014956799887,1.83345202034915,1.99566732450695,1.9012817564084,1.92783758844771,0.159490425403074,0.224964000599816,0,0.670452542242188,0.362770510426095,0,0.0611122923850744,0.224166486539581,0,0.37630615827397,0.182732792705148,0.21254172621605,0.0706441300626671,0.114162967584215,0.223431335213014,0
140,-0.0599999998815079,0.0330620040814982,0.0476300948392358,0.0756162888898002,0.00499999757849961,0.0513800167115548,-0.0854108833881741,-0.0912199575621658,0.0451104578685885,0.94613900608817,-7.12626869178293e-13,1.14206778766609e-11,0.323779333546937,-0.00282588038884976,-0.0285867083482727,0.0519974248750234,7.86239761119136e-12,-0.0750000000046694,0.0500000000007325,0.0749999999759284,9.05387171171899e-12,0.0323360434445877,-0.0750000000042301,-0.0750000000048556,0.0500000000005184,4.03218188376594e-13,2.20062739602202e-13,-1.08153627240082e-11,5.10609096336723e-11,-1.3129872763671e-10,1.91922342302103e-13,-0.173877493591387,0.350512511152169,0.150000000437926,0.399999985670018,0.40000000519917,0.236889022990062,0.399999997547209,0.399999997086316,0.150000000308443,0,0,0,0,0,0,0,0,0,0,0,0,0,0,0,0,0,0,0,0,0,0,0,0,0,0,0,0,0.924769045174748,1.23604273589863,1.05254578606945,1.10826599500393,0.572013956559879,1.02359375307203,0.72600953815677,0.869598171475137,1.98798016254776,2.22572354550568,2.08433177838802,2.12937192966543,0.172327189454896,0.270898781700979,0,0.789375391329155,0.457513565062479,0,0.0914498018678701,0.235681911772482,0,0.498078884142631,0.240672031917739,0.247752664645768,0.0886696118342845,0.166873358739981,0.328812285451014,0
141,-0.0600000000234134,0.0313045348153665,0.0486562044528416,0.0773004843332153,0.00500000009116778,0.0522031833709784,-0.0843368551434304,-0.0908573984536292,0.0461669478745926,0.946139006156144,7.0982916881504e-15,8.94926828349028e-16,0.323779333491027,-0.00282588072529216,-0.0285867082409678,0.0519974248749962,2.29519774050756e-14,-0.075000000000001,0.0499999999999991,0.0750000000000101,2.79575446172207e-15,0.0498928390287253,0.0750000000000081,0.0750000000000086,0.0500000000000001,1.27859529237833e-15,-1.28832936764824e-16,-2.12214440449825e-15,1.19974367434683e-13,6.97094358668787e-14,-2.04841040281195e-14,0.26637608963179,-0.139154263867587,0.149999999999999,0.400000000000006,0.400000000000002,0.218487208567022,0.400000000000005,0.400000000000005,0.194608904595332,0,0,0,0,0,0,0,0,0,0,0,0,0,0,0,0,0,0,0,0,0,0,0,0,0,0,0,0,0.947353184216774,1.22631168210795,1.05304394217039,1.12062092415433,0.120901994543763,0.750021476246708,0.380309169224328,0.490614301566143,2.01437432333386,2.34111414835297,2.14793618307286,2.20755228861397,0.145543122785119,0.267263490828034,0,0.76635320998463,0.322419324880932,0,0.156933997323344,0.219736980162226,0,0.523724523885148,0.24277737727782,0.191218795607176,0.08714785109566,0.202609821379153,0.416524283682358,0
142,-0.0600000000079529,0.0295537400238011,0.0497078807861145,0.0792204423374512,0.00500000010131494,0.0532199496931659,-0.0824168971392272,-0.0890990191553326,0.0472113060003543,0.946139006156131,-2.54363302309903e-15,-1.63176107161845e-15,0.323779333491026,-0.00282588072530389,-0.0285867082410017,0.051997424874993,1.47623875132872e-14,-0.0750000000000008,0.0500000000000001,0.0750000000000054,1.08457911190291e-15,0.0500000000000006,0.0750000000000005,0.0749999999999996,0.0500000000000001,2.0944227166871e-17,-1.02600454759708e-15,-7.02817187698838e-15,6.56523030335635e-14,-4.61623625950322e-14,-3.33060183115772e-14,0.400000000000001,-0.388214053426649,0.197275790258153,-0.399999999999997,0.252927162854812,0.15,0.4,0.387719696196699,0.202746646839641,0,0,0,0,0,1.71028147841675,0.185015278534362,0,0,0,0,0,0,0,0,0,0,0,0,0,0,0,0,0,0,0,0,0,0.883174851624516,1.09422251831867,0.947928436294496,1.02946893364869,0,0,0,0.169857315751525,1.85383093982232,2.13754336161849,1.96533411588723,2.02604018555359,0.193299623044724,0.290065308297289,0,0.410709410593502,0.298398422432571,0,0.184166263183729,0.207278414672394,0,0.476932645441097,0.253111065631579,0.198399789476349,0.0799401116707938,0.189266291011344,0.364621808066797,0
143,-0.0583000478161657,0.0276337592364845,0.0507492216738643,0.078020531233958,0.00500000259213662,0.0537556397066333,-0.0804969391545849,-0.087241233595518,0.0482549601404137,0.946139007690837,6.6841414606068e-11,1.50448685256961e-11,0.323779334548341,-0.00282587953673723,-0.0285867092429574,0.0519974247743532,0.0750000005885896,-0.075000000532518,0.0500000000002946,-0.0749999999302458,-1.59691062267459e-10,0.0037999999848963,0.0749999998225139,0.0750000000475178,0.0499999999997287,-1.66434608328897e-12,-7.35703085375006e-12,2.60715370230325e-11,7.69924696793113e-10,-2.43102095665066e-09,-8.52145852434326e-11,0.207500034996732,-0.271719974930835,0.193300264550128,-0.399999958519699,0.399999905036437,0.249999991018479,0.399999894460596,0.390198209501893,0.202260289818727,0,0,0,0,0,0.756514901781477,0,0.0678221508422184,0,0,0,0,0,0,0,0,0,0,0,0,0,0,0,0,0,0,0,0,0.631956523867033,0.860742592059918,0.706430624862366,0.786268491064585,0,0,0,0,1.70808552110591,1.93508608468301,1.79021484965986,1.85295675612906,0.180822765781208,0.298563596252069,0,0.436225364278449,0.284460123159358,0,0.160910257514751,0.224754119785271,0,0.504424289873483,0.234909454855851,0.235717286067846,0.0610741345695143,0.2158045181402,0.352658714615768,0
144,-0.0567743470445605,0.0259508265943767,0.0517899387052124,0.076100574324237,0.00500000010132731,0.0543678896931661,-0.078576981130819,-0.085375001800442,0.0492968858460683,0.946139006156149,-3.9296413138022e-15,1.56312508948529e-15,0.323779333491013,-0.00282588072531813,-0.0285867082409955,0.0519974248749976,0.0750000000000004,-0.0750000000000008,0.05,-0.0749999999999992,-7.91316774775765e-15,0.0499999999999999,0.074999999999998,0.0749999999999998,0.05,-2.54655961448096e-16,-8.88819923387953e-17,-2.49018070269937e-15,6.48309775465311e-15,-2.76340373159563e-14,-1.08971748529672e-14,-0.14249177389448,-0.0759721196987245,0.221417032965308,-0.4,0.399999999999995,0.25,0.399999999999999,0.374318341935987,0.227428384658082,0,0,0,0,0.206022554079644,0.157255994830473,0.0186794244732988,0.344599143404998,0,0,0,0,0,0,0,2.17844774536351,1.36962465685687,0,0,0,0,2.46629165534177,0,0,0,0,1.65746820337262,0,0.429290946700354,0.752159249740366,0.53452501884239,0.64692517759833,0,0,0,0,1.55053052379637,1.81567625229307,1.63322661045732,1.73298016563212,0.210857100865705,0.355604230297425,0,0,0,0,0.199134103234643,0.1980393894493,0,0,0.261207429973696,0.314885047367576,0.103642782690744,0.303161856171344,0,0
145,-0.0563357740237757,0.0271507815928291,0.0523256287040967,0.0741806163188422,0.00500000010132403,0.0549424351081659,-0.0768087725773347,-0.0834550227977642,0.0498325758458246,0.946139006156151,-5.14164028272965e-15,9.37794134419562e-16,0.32377933349101,-0.00282588072532737,-0.028586708240989,0.0519974248749973,-0.030614624798432,0.0749999999999994,0.00379999988896488,-0.0749999999999998,-8.48033972525731e-15,0.00766621044771962,0.0749999999999978,0.0749999999999997,0.00379999997574231,-2.26431014998492e-16,-7.71613320746983e-17,-3.25199103840988e-15,-2.72847891750713e-15,-2.36293737065122e-14,-1.07751052540624e-14,-0.183736591444983,-0.0649874733716789,0.25,-0.4,0.399999999999995,0.25,0.399999999999999,0.370183175092677,0.25,0,0,0,0,0.176706504166063,0.186657523273236,0.030295782463409,0.333069123180167,0,0,0,0,0,0,0,2.22100460415084,1.43433384604833,0,0,0,0,2.55511971898136,0,0,0,0,1.7684491061291,0,0.386266455234749,0.710115955521857,0.48416204233445,0.612220368422156,0,0,0,0,1.40993236746054,1.63376740941016,1.46192669650094,1.58177308036975,0.217477520767639,0.362340958673896,0,0,0,0,0.199369688760033,0.202197212013877,0,0,0.261781813471463,0.344642817642416,0.101637899899989,0.326535152546267,0,0
146,-0.0578138195621744,0.0290707605949951,0.0519373186952735,0.0722606583041034,0.00500000010131699,0.0549919218384679,-0.0751048148642405,-0.0815350437970713,0.0494442658451284,0.94613900615615,-1.05329582008093e-14,9.87284632022057e-15,0.323779333491005,-0.00282588072534143,-0.0285867082409784,0.0519974248750005,-0.0750000000000144,0.074999999999999,-0.0424000007679452,-0.0750000000000088,2.59571034332769e-16,-0.00266587698038444,0.0749999999999874,0.0750000000000054,-0.0424000000452927,-1.17046694339705e-15,8.92249124722971e-16,-2.87731167589125e-15,-1.03809810973537e-13,2.43598999385371e-14,-8.75496010623961e-17,-0.400000000000009,0.242813015775259,0.205796392554536,-0.400000000000005,0.399999999999998,0.249999999999999,0.399999999999993,0.400000000000003,0.232439763253671,0,0,0,0,0.15602988033739,0.21830787720019,0.0228121637054419,0.329294612225518,0,0,0,0,0,0,0,0,0,0,0,0,0,2.64716773468325,0,0,0,0,1.54396489593803,0,0.44155514213404,0.79276871089589,0.549296642392603,0.685027210637326,0,0,0,0,1.20882625985568,1.45793147736395,1.27998594192299,1.38677179529664,0.235365337019427,0.356035392883408,0,0.596807512496038,0.652140218941216,0,0.173432928886383,0.169776764610143,0,0,0.261428738007661,0.369612479317885,0.0751704613816761,0.307679719537559,0,0
147,-0.0595525866960744,0.0306052369584366,0.0516300086627534,0.0703407002450192,0.00500000004580867,0.0551261275175046,-0.0743371662559702,-0.0811035731346556,0.0491369558469149,0.946139006193247,-1.16202287566699e-14,-2.69779246713048e-13,0.323779333405717,-0.00282588076133256,-0.0285867082191687,0.0519974248735732,-0.0749999999999513,0.0750000000466984,0.011399998528875,-0.0750000000154697,-2.84337189487163e-11,0.0159931495224284,0.00212921447087707,-0.0313213272703758,0.0113999998216427,-2.66218658444467e-13,-5.06739542556179e-13,-1.81989968614356e-11,-1.76595372743283e-10,1.03102851428323e-10,-1.22677278598952e-12,-0.361236804234097,0.400000027767964,0.149999999366976,-0.400000009198216,0.3999999830905,0.250000000247144,0.39999998380884,0.400000013878108,0.195295969213147,0,0,0,0,0.142069081997241,0.239716141661005,0.015674396855027,0.328560852556477,0,0,0,0,0,0,0,0,0,0,0,0,0,0,0,0,0,1.16650943387043,1.69400409450723,0,0.452941924984625,0.911236268310444,0.641360109997038,0.722818083298034,0,0,0,0,1.11764624737059,1.38441467180306,1.21215632237105,1.2899045968026,0.216603586399893,0.301532225329148,0,1.09740019991233,0.627444175041462,0,0.124654857233843,0.147374878328319,0,0.727696004695248,0.245155628806185,0.417275184581047,0.0872115214391622,0,0,0
148,-0.0600000001012923,0.0302893659922579,0.0523701786551174,0.0684207422872028,0.00500000010135283,0.0559324815492856,-0.0730412255875295,-0.0806631872946901,0.0491850061071308,0.946139006156171,-3.00898455588559e-15,1.57285128535675e-14,0.323779333490989,-0.00282588072531628,-0.0285867082409664,0.051997424875006,-1.03934601577992e-14,-0.0749999999999907,0.0500000000000048,-0.075,1.19927612263006e-14,0.0500000000000001,0.074999999999993,0.0748291590317884,-0.00650544616702544,-3.68053588505279e-16,1.87986835062044e-15,1.12586374450676e-15,-4.43420448033644e-15,1.24136302904317e-13,1.62577965126972e-14,-0.400000000000001,0.400000000000006,0.150000000000003,-0.4,0.400000000000008,0.25,0.399999999999996,0.400000000000009,0.150731294037407,0,0,0,0,0.121426048654956,0.250551234088888,0.0288572857582983,0.324650038845381,0,0,0,0,0,0,0,0,0,0,0,0,0,0,0,0,0,0,0,0,0.405804863760574,0.844484214842893,0.588273932004844,0.662015146598623,0,0,0,0,1.05418437910471,1.30742317817551,1.14660833991034,1.21499921736988,0.20460722973766,0.322200437936313,0,1.09572166588769,0.575149240583467,0,0.111177773081341,0.20341567944573,0,0.770855337021371,0.252203260206351,0.437650699269886,0.0494511392452847,0.585913181727235,0.473933910934407,0
149,-0.0600000001012904,0.0287294217228334,0.053381324988452,0.0665007842784267,0.00500000010134561,0.0569889715496956,-0.0711212675858516,-0.078796977025301,0.0495955871847123,0.946139006156173,5.05343598055886e-15,1.15499066755251e-14,0.323779333490983,-0.00282588072531756,-0.0285867082409807,0.0519974248750023,-2.15060335727037e-14,-0.074999999999997,0.0500000000000042,-0.0749999999999988,1.41255476609486e-14,0.0499999999999992,0.0750000000000048,0.075000000000001,0.0472945539246684,7.5484111326955e-16,2.0215882776267e-15,2.02437185477207e-15,6.5591509016563e-15,7.1155302806942e-14,5.09381611058805e-16,-0.4,0.400000000000002,0.150000000000002,-0.399999999999999,0.400000000000006,0.25,0.400000000000003,0.400000000000001,0.150000000000001,0,0,0,0,0.097552203530141,0.264764617252285,0,0.406207964829428,0,0,0,0,0,0,0,0,0,0,0,0,0,0,0,0,0,1.26805920401603,0,0,0.356331533268769,0.798718287327138,0.544083992170436,0.61096582842547,0,0,0,0,0.925672065190772,1.16767528988574,1.00999438090421,1.08335297417231,0.215419897097794,0.280431142297018,0,1.03020999551378,0.569064479174329,0,0.112085467088171,0.179194046832331,0,0.752237063469584,0.2737356220756,0.456859293404141,0.103413535962908,0,0.491341158197607,0
150,-0.0600000001000462,0.0271187493971868,0.0543065447978204,0.0645808262928774,0.00500000084176522,0.0580454615496061,-0.0692013095877492,-0.077101374564564,0.05060273862225,0.946139006148711,2.17732377889502e-12,1.26935928394376e-13,0.323779333483177,-0.00282588074487168,-0.028586708198641,0.0519974248746712,-1.32708670175964e-12,-0.075000000003756,0.0425591851311741,-0.0750000000009353,1.99388659324184e-12,0.0500000000002062,0.0749999999882032,0.0750000000163072,0.0500000000001194,-1.65589005333888e-13,3.17908778867384e-14,-1.25136727945097e-12,4.4509927888978e-12,6.96652202656463e-11,-4.44508386365981e-13,-0.0752504025867826,0.306480549464962,0.149999999955863,-0.40000000055614,0.400000001185593,0.218042952232917,0.39999999298568,0.400000009696747,0.20565441191947,0,0,0,0,0.206041387241216,0.149838850571562,0.145195869993695,0.218407730945304,0,0,0,0,0,0,0,0,0,0,0,0,0,0,0,0,0,0,0,0,0.379865835710331,0.969337210727771,0.631670472308216,0.717532574129893,0,0,0,0,0.937473885954397,1.25850746327473,1.03720762385008,1.15877372537906,0.131868386285764,0.34306215361839,0,1.19251059010665,0.443848877337078,0,0.118524746570754,0.311375297149475,0,1.53856806689423,0.304957077446441,0.462458046475866,0.159767095092627,0.449114253007993,0.656014269154694,0
151,-0.0600000001017188,0.0255735836177335,0.0553108937344284,0.0626608686154736,0.00500000019667921,0.0591019446966129,-0.0672813513474089,-0.0751813961338827,0.051653988449345,0.946139006155094,-1.92544573850648e-12,-4.3258214626745e-12,0.323779333491799,-0.00282588072974548,-0.0285867082401238,0.0519974248803044,-1.27901580342414e-12,-0.0749999999999544,0.0499999999989694,-0.0750000000016692,-1.29307711275138e-13,0.0500000002229758,0.0749999999988958,0.0749999999999568,0.0500000000001726,-9.1983977422529e-15,-2.19497582948918e-12,-1.94531896272775e-14,-1.27201149758713e-11,-3.12064853701101e-13,2.92572665930864e-11,-0.347971191751859,0.40000000002702,0.149999999387185,-0.400000000992542,0.399999999925585,0.22565157786896,0.399999999343496,0.38258608160093,0.198421817897728,0,0,0,0,0.187754267438088,0.164453912182629,0.124435681380817,0.239442460233821,0,0,0,0,0,0,0,0,0,0,0,0,0,0,0,0,0,0,0,0,0.230838056642475,0.854592070239195,0.503585582273992,0.581844544607678,0,0,0,0,0.714695338298523,0.981569978692297,0.791948342342143,0.904316974648681,0.133794736157495,0.32168456794679,0,1.18484721325197,0.432112723012007,0,0.0605083894691327,0.310690981491017,0,1.50401265028654,0.267954172092986,0.48549276419719,0.149393963331907,0.438938775971729,0.617100105395549,0
152,-0.0600000001935126,0.0240654106593037,0.0563173714478008,0.0607409106628512,0.00500000192666525,0.060000000167862,-0.0653613934014052,-0.0733709719907768,0.052701071561136,0.946139006173191,2.62001545734998e-11,-1.36950769516415e-11,0.323779333385803,-0.00282588038021445,-0.0285867080024452,0.0519974248673477,9.79544575096546e-13,-0.0750000000332554,0.0500000000048499,-0.0749999997769346,5.11888175316604e-10,1.08893574379994e-11,0.075000000129863,0.0750000004377177,0.0499999999918492,-8.572901681674e-12,6.14447782841778e-12,8.36867219095081e-11,2.50068290603901e-09,3.71832346244122e-09,-5.76122547903033e-12,-0.399999999411032,0.399999980225595,0.150000002884039,-0.399999867366848,0.40000030437953,0.235184221974819,-0.39999992278431,-0.399999739722982,0.170461809750673,0,0,0,0,0.172439629982208,0.190914855841836,0.122593106079212,0.240761490771132,0,0,0,0,0,0,0,0,0,0,0,0,0,0,0,0,0,0,0,0,0.0516825418353982,0.761832434827125,0.388670195626703,0.424844781035818,0,0,0,0,0.395281011983164,0.641437539111568,0.479565077723945,0.557153473370787,0.129553844368481,0.185079493541023,0,1.07709432572164,0.37897853742247,0,0,0.328496162292407,0,1.1910470391606,0.137954742972166,0.466557844774867,0.141730366609072,0.312618496602271,0.445061207448623,0
153,-0.0600000000689379,0.0228026807878694,0.0572541036057842,0.0588209524190434,0.00500000011899476,0.0600000000116628,-0.066387999338175,-0.0745709267762992,0.0537363749886992,0.946139005955982,-1.02164991147808e-11,2.70172897655658e-11,0.323779333732187,-0.00282588061174434,-0.0285867080659577,0.051997424876231,2.05048673807391e-11,-0.0513910165998871,0.0437046927252016,-0.0750000001354884,1.68063590974122e-10,-2.61308139357148e-14,-0.0749999998235323,-0.0750000001483324,0.0500000000027304,-2.56913149307437e-13,1.64109382161494e-14,2.99472589266487e-11,-5.826121735747e-11,-6.47880170603027e-11,-1.03241991541614e-14,-0.239722609841134,0.0977567616411919,0.15000000047354,0.39999991943958,0.400000099932311,0.172936593986518,-0.319065480906613,-0.400000088201857,0.167415219298786,0,0,0,0,0,0,0,0,0,0,0,0,0,0,0,1.30054142906493,0.84976087992898,0,0,0,0,1.03450900784193,0,0.756941161218985,0,0,0,0,0.416094765643184,0.664766512401009,0.481893984409705,0.598967293634485,0.428480885345352,0.745099027730997,0.518382791077449,0.6551971219989,0.582532008447174,0.716598067693554,0.611499161720493,0.687630914420237,0.192284925090608,0.18960435082622,0,0,0,0,0.106867190311374,0.162990983836473,0,0,0.102784448684088,0,0.0761708216873852,0.121009149432286,0.177819645516833,0
154,-0.0589400029075596,0.0227350141997546,0.0576638874753388,0.058470952947549,0.00354650243218648,0.0595356897986162,-0.0679992408196834,-0.0759696531782456,0.0542720649593578,0.946139006156196,2.30164470129125e-14,-1.02293721769455e-14,0.323779333490967,-0.00282588072526853,-0.0285867082409967,0.051997424875012,0.0750000000000182,0.044146665300927,-0.00249530604156247,0.0394278812720258,-0.0750000000000005,-0.0462000213947983,-0.0749999999999996,-0.0649230135769005,0.00379999745682327,4.39091975001391e-15,1.05152932861485e-15,-2.16692382756271e-15,1.86832445333023e-13,5.34714874264554e-14,3.71272569883907e-14,-0.399999999999989,0.400000000000004,0.150000000000003,-0.39999999999999,0.4,0.202443389027842,0.4,0.40000000000001,0.25,0,0,0,0,0.081842605638973,0.213051700161607,0.243165326160454,0.0517294415584586,0,0,0,0,0,0,0,0,0,0,0,0,0,0,0,0,0,0,0,0,0.0305680576488621,0.675544864248164,0.27833027531159,0.427782646585436,0,0,0,0,0.728857701721519,1.04321051786162,0.795066114338201,0.977002105244938,0.180632426616272,0.324975749897337,0,1.25389239030273,0.52206440268867,0,0.189999475885997,0.247477679727485,0,1.61797548984441,0.286209476755496,0.541463381210348,0.208712209004921,0.550829628060794,0.726529142940018,0
155,-0.0599999999194251,0.0219729553912576,0.058122541409921,0.0569975863909692,0.00474645743557379,0.0591523793713843,-0.0667993303341709,-0.0746890819342711,0.0546820003317465,0.946139005788133,-6.67336710652856e-12,-2.72881613675743e-12,0.323779333640079,-0.00282588098484457,-0.0285867080501736,0.0519974248761804,-3.52399741102652e-06,-0.074999999797727,0.0481076848082285,-0.075000000104798,0.0750000003974479,0.00759997860274479,0.0750000004298039,0.0749999999222433,0.037027402665923,-9.3182005317038e-12,-2.84305024729923e-12,4.73790014677871e-11,-9.61386920016635e-10,3.34921197657054e-09,-1.82325955060204e-13,-0.118143267626045,0.0334060581722344,0.150000001644248,0.399999937687932,0.400000236331457,0.166039229375467,-0.314402012521978,-0.400000046235851,0.16694807044634,0,0,0,0,0,0,0,0,0,0,0,0,0,0,0,1.13014714456321,0,0,0,0,0,0,0,0,0,0,0,0,0.444172049185495,0.631668890953644,0.479071275202787,0.596769664936354,0.421308318409531,0.674675512306552,0.471927980739828,0.624055849976248,0.64733247717855,0.799839313235283,0.673087298356798,0.774084492057037,0.187884636775807,0.179474544935107,0,0,0.24277965925262,0,0.139603380167897,0.140859007419643,0,0.304635274101198,0.149114008729525,0.211124637526141,0.110498394631274,0.162843457501017,0.234386665405628,0
156,-0.0600000000156183,0.0221134673907418,0.0586203851109285,0.058197496156884,0.00500000006837933,0.0588400689409944,-0.0679992407908752,-0.0758890372821562,0.0549582383840169,0.946139006156067,1.61096771113002e-14,-3.18030818396744e-15,0.323779333491022,-0.00282588072531386,-0.0285867082409472,0.0519974248750002,-1.69387992045821e-14,0.0749999999999977,0.00190768503436852,0.0749999999999995,-4.02275955548301e-15,-0.0386000215761904,-0.0750000000000023,-0.075000000000003,-0.0091725973444326,1.33209414736629e-15,8.59678244762854e-16,-7.31145367098212e-15,2.81461562487978e-14,6.3379157848137e-14,-5.01351914751263e-15,0.0651882593842576,-0.0979483897306569,0.15,0.271748714967883,0.399999999999996,0.25,0.31866547351157,0.362904486859232,0.208148341892097,0,0,0,0,0,0,0,0,0,0,0,0,0,0,0,0,0,0,0,0,0,0,0,0,0,0,0,0,0.46926590081718,0.71177887132122,0.527080848092236,0.653963924046164,0.205590430455859,0.567501675704834,0.303955088870832,0.469137017289861,0.764351441810957,0.97963077826775,0.808058883425199,0.93592333665351,0.195603786140026,0.21149156505902,0,0.674493847231657,0.296573772111029,0,0.187764532578307,0.131608268066113,0,0.459814925575395,0.238648892204983,0.278951402173605,0.158755354774196,0.271122389049765,0.387847188818014,0
157,-0.0600000014472241,0.0234060652441617,0.0588803401441593,0.0598410652944536,0.00500000048853193,0.0586087553569228,-0.0690490454473135,-0.0775110653488182,0.0550139995141839,0.946139006246583,1.37538648532633e-10,-1.61236787329528e-09,0.323779333962554,-0.00282587843548166,-0.0285867104303454,0.0519974238405097,-1.01848106909646e-10,0.0543627861891491,0.0239774615179016,0.0749999999930491,-7.04483010223833e-10,0.0151999739504766,-0.030204467311832,-0.0750000004530717,0.0146301698162112,1.35732783025451e-11,-1.74278399373963e-12,-9.92781727901721e-11,4.6282569716349e-10,-6.15370025614474e-09,1.85938822685692e-10,-0.0656423095450982,0.0787164098719441,0.150000012025577,0.35542890601971,0.39999958106349,0.220616293620849,0.400000006413021,0.399999730577412,0.228863072890732,0,0,0,0,0,0,0,0,0,0,0,0,0,0,0,0,0,0,0,0,0,0,0,0,0,0,0,0,0.474154645985994,0.805690085705301,0.568446016243256,0.711398715448037,0,0.388237535038186,0.0129156446990682,0.202897507335857,0.897473634229239,1.23714666911075,0.991007302673526,1.14361300066647,0.229694322379582,0.271251332692564,0,0.901166594431636,0.425228697010908,0,0.271793876171843,0.182698788084037,0,0.638757620812364,0.298316958123262,0.354669537750515,0.209763249692733,0.396770255364791,0.566575652219808,0
158,-0.0600000001064891,0.0248976687423928,0.0596810348161992,0.0614433414144991,0.00500000060416292,0.0594040080872226,-0.0675203397486978,-0.0763111094590854,0.0557063755086806,0.946139006139845,8.418043973845e-13,-2.66099302918437e-13,0.323779333476182,-0.00282588071928879,-0.0285867082351706,0.0519974248731276,-1.10846369706461e-11,0.0750000000010072,0.0500000000198785,0.0749999999916584,9.96444912138585e-12,0.0500000000005689,0.074999999993771,0.0750000000041959,0.0499999999986086,-7.46372957931056e-14,-8.08250599099974e-14,1.64667103197387e-12,-9.00653978221071e-11,6.84833170678369e-11,2.84793366733975e-12,-0.400000006586577,0.361933093499772,0.150000011820883,-0.400000004959859,0.400000005926695,0.150000000338276,0.399999996296285,0.400000002494916,0.216824532540375,0,0,0,0,0,0.440234544912968,0.0179167463851643,0.0537773937510429,0,0,0,0,0,0,0,0,0,0,0,0,0,0,0,0,0,0,0,0,0.101769086645895,0.706519992645896,0.333299405018501,0.474989674273288,0,0,0,0,0.704981849749193,1.01790805516304,0.775603056223143,0.947286848689083,0.180267606191585,0.290324289422522,0,1.21733198453871,0.524950373693269,0,0.225302941974595,0.229014695591288,0,1.60787954611759,0.258230249600875,0.527453098590311,0.196920777544952,0.572488312598011,0.735668671450274,0
159,-0.0600000000905712,0.0252429432138782,0.0598514798319931,0.0602434313650206,0.00500000008345285,0.0600000000134299,-0.0658165860168922,-0.074616155528512,0.0565682746726013,0.946139006167965,2.03272676363495e-13,-2.47875741948756e-12,0.323779333479786,-0.00282588071838697,-0.0285867082587064,0.0519974248733194,1.19720102848487e-12,-0.039898059216992,-0.025417808709253,-0.0749999999984491,8.36392905748141e-13,-3.94507252559635e-15,0.0750000000005888,0.0749999999996984,0.0362586222829668,-7.00633836752999e-14,-1.24184206528727e-14,7.03273384253644e-13,1.93125221486887e-11,-7.72477624445055e-12,1.12194320651027e-12,-0.399999999277309,0.399999999001447,0.150000001692074,-0.399999999077794,0.400000000495476,0.249999999991213,0.400000000350059,0.399999999820619,0.174481621958555,0,0,0,0,0.0535939963645139,0.313113300784579,0.0233639446506568,0.331600720668879,0,0,0,0,0,0,0,0,0,0,0,0,0,0,0,0,0,0,2.41954321696316,0,0.15811325216283,0.74417303486157,0.384342479209248,0.517943807815155,0,0,0,0,0.53842807590444,0.835946999827607,0.605819143274315,0.768555932457735,0.240209250497293,0.250857886464312,0,1.13693072123203,0.446752386746575,0,0.183948028719518,0.155672562276871,0,0.879591576495901,0.335191511734899,0.57786338483576,0.240006456324039,0.521601894281409,0,0
160,-0.0600000001006759,0.0259873102955007,0.0598838127670216,0.058323473423529,0.00500000027390885,0.060000000013695,-0.0670164960190714,-0.0758161105257613,0.0568291371077107,0.946139006114449,6.11100837318443e-12,1.13020659774131e-12,0.323779333517671,-0.00282588073427274,-0.0285867082257157,0.0519974248783383,-4.48759851737061e-12,0.0750000000013803,0.0283821911930929,-0.0750000000055499,1.25307844980411e-11,2.18707494991291e-13,-0.0749999999968079,-0.0750000000045734,-0.00994137771867154,-3.21001754913955e-13,-5.02049129265161e-13,4.78227094783403e-12,-4.3240507635454e-11,3.36498181055093e-11,-7.31396584668494e-12,-0.400000002660267,0.311113999978112,0.149999943621465,-0.400000003299915,0.400000007451089,0.250000000121118,0.400000001898008,0.399999997280598,0.204421186592832,0,0,0,0,0.0356165017098286,0.324609934044617,0.0390145919093382,0.321212048511772,0,0,0,0,0,0,0,0,0,0,0,0,0,0,0,0,0,1.7995017564249,2.47896198679917,0,0.145591518911612,0.746180684639981,0.37773855396948,0.514033649582115,0,0,0,0,0.585622295494658,0.88604317984187,0.650564348712787,0.821101126623746,0.2640710586935,0.257923940254079,0,1.16521173076327,0.449599479207362,0,0.183151733933963,0.161350932283814,0,0.884797061408848,0.337133334491846,0.602695537771193,0.240560231368061,0,0,0
161,-0.0600000001234858,0.0268797558409666,0.0599924298867559,0.0564035153558148,0.00500000040319261,0.0600000000202155,-0.0688880652206835,-0.0777360895258438,0.0561690423190618,0.946139006165572,3.21217503774014e-12,7.97214876886238e-13,0.323779333465628,-0.0028258807424125,-0.028586708242775,0.0519974248749907,-2.67376821733901e-11,0.0145468250419702,-0.00102377368099471,-0.0750000000205139,1.18397931401575e-11,1.5348473094762e-12,-0.0750000000138238,-0.0749999999963139,-0.0499999999998699,-2.31271845052885e-13,-5.9346891771967e-13,9.36041236078836e-13,-2.28858316568447e-10,1.03696178851096e-10,-3.88126338829772e-13,-0.400000015889981,0.371251765700576,0.149999997241032,-0.400000012197435,0.400000007040145,0.150000000903764,0.399999991780441,0.400000002191868,0.250000000077415,0,0,0,0,0.0202760215366953,0.33925962795741,0.234286251133988,0.125249885056647,0,0,0,0,0,0,0,0,0,0,0,0,0,0,0,0,0,0,0,0,0.00779834414653031,0.667570585549692,0.260923536439416,0.414445393256806,0,0,0,0,0.684281473136265,0.993256865636864,0.734748318014828,0.9427900207583,0.230774566797657,0.264597784303628,0,1.28360842432483,0.538835575034611,0,0.229752007520418,0.209660498991389,0,1.67639610310609,0.24638569175499,0.60973101699124,0.191448183279176,0.608708680877576,0.746165213655949,0
162,-0.0600000001033047,0.0270821846596237,0.0600000000485695,0.0544835573606304,0.00500000010812425,0.0600000003959939,-0.0704089627699189,-0.0794375859229645,0.0555308207324061,0.94613900615628,3.7420113267202e-13,8.74014318907754e-13,0.323779333490611,-0.0028258807260607,-0.0285867082413947,0.0519974248741837,-1.71120071678977e-13,0.00574008592763092,-1.06812806742533e-12,-0.0750000000001781,-1.09647653050175e-13,1.13323206796189e-11,-0.0749999999996522,-0.0750000000003048,-0.0140021479525645,2.07502770104515e-14,-1.47330219533874e-13,-2.34376696084305e-14,-1.64341582284795e-12,-4.28069298535805e-13,2.13920658920051e-12,-0.400000000092443,0.34835909795317,0.149999999353892,-0.400000000105849,0.399999999934934,0.150756995870138,0.399601968843742,0.399999999818874,0.24999999967155,0,0,0,0,0.00219272843953189,0.356442798444065,0.248196877699559,0.110438651953021,0,0,0,0,0,0,0,0,0,0,0,0,0,0,0,0,0,0,0,0,0,0.668337344064522,0.25504436423795,0.409822619374458,0,0,0,0,0.746711174224106,1.07504878700167,0.81976493479539,1.00199502643038,0.245503312011455,0.253270644297577,0,1.30410198812865,0.54825395184453,0,0.23965420117986,0.201488353086604,0,1.69002059866834,0.246955771795592,0.62534605845793,0.195172945381226,0.619497482829731,0.75798536101538,0
163,-0.060000000101266,0.0283233314454644,0.0600000000892921,0.0525635993598416,0.00500000008873645,0.0600000003238187,-0.0720652496728933,-0.0813575649273103,0.0553650710870969,0.946139006155035,-2.6780797655381e-12,-6.53264065346757e-12,0.323779333493059,-0.00282588072776691,-0.0285867082393138,0.0519974248831546,5.73620591985241e-13,0.0750000000000112,2.86450196675056e-12,-0.0749999999996343,-1.64740472035665e-13,1.58405235545646e-10,-0.0750000000005527,-0.0749999999997645,-0.00262967892313036,1.53402175535097e-13,-1.3080451693665e-12,8.94568546016412e-14,8.13945051814176e-12,-3.67371146537177e-12,1.93523297095822e-11,-0.399999999648636,0.237368057083841,0.150000001718441,-0.399999999782563,0.399999999903638,0.151161680886531,0.383673814151374,0.385870017538971,0.242213309946421,0,0,0,0,0,0.409959105755143,0.216987600000578,0.0813739830598623,0,0,0,0,0,0,0,0,0,0,0,0,0,0,0,0,0,0,0,0,0,0.683778997001215,0.263045806586081,0.418461903929349,0,0,0,0,0.829031201685233,1.17260503846223,0.911766432033168,1.0898698081143,0.261745410929763,0.234307759949993,0,1.32643267931688,0.560177076028947,0,0.252880414883848,0.191849260952096,0,1.70318693785044,0.241026260079347,0.643397589648789,0.198567604962769,0.634532749721552,0.771159214906337,0
164,-0.0600000000909837,0.0299320300161143,0.0600000000860199,0.0506436413774208,0.00499999989278977,0.0599999995515597,-0.0737336611643754,-0.0832775439236766,0.0553181274598671,0.946139006156232,-3.81690444589663e-12,-8.51170761554136e-12,0.323779333493498,-0.00282588072979536,-0.0285867082416135,0.0519974248848398,1.6476726431368e-12,0.0749999999995927,8.5268145713656e-12,-0.0749999999992143,-2.55175507462602e-12,1.62201143303596e-10,-0.0750000000020746,-0.0750000000003474,-0.00206749472142208,2.43275152190276e-13,-1.23358624439669e-12,-2.67141377902056e-13,1.17607501631187e-11,-2.20746509585406e-11,1.88747084372528e-11,-0.399999999040011,0.219997102456246,0.150000005072317,-0.399999999532782,0.399999998484866,0.150000096434737,0.0441091816520984,-0.362052369492217,0.196110565337143,0,0,0,0,0,0.483891830824081,0.159641317525703,0.0403596549402279,0,0,0,0,0,0,0,0,0,0,0,0,0,0,0,0,0,0,0,0,0,0.647151961362105,0.207415684298016,0.369558540432414,0,0,0,0,0.907781782078538,1.28220454874239,1.01320878212428,1.17677754869664,0.285914521859696,0.241707074226824,0,1.40949009062801,0.576350682498607,0,0.270598572866122,0.176785202104244,0,1.75315400862595,0.201516358706675,0.675730920842454,0.136594390405118,1.09941094030492,0.775966556863286,0
165,-0.0600000000790521,0.0315908921665215,0.0598607305802615,0.0487236834232306,0.00500000002938071,0.0599999974497875,-0.0754743523122666,-0.085197522935038,0.0558174675754566,0.94613900613844,8.47841075686114e-13,6.32028066326078e-12,0.323779333521151,-0.00282588074883004,-0.0285867082257771,0.0519974248676197,7.229092057943e-12,0.0750000000009623,-0.0138576545104543,-0.0749999999960485,-1.94924647534905e-12,4.81488382443371e-11,-0.0750000000025389,-0.0750000000057097,0.0499999999998141,2.35753768982124e-13,-5.47397092786669e-13,2.34198171580951e-12,5.12141111278084e-11,-7.05654040141237e-11,1.14216433208183e-11,-0.399999995700182,0.233900672640963,0.150000000187766,-0.39999999765045,0.399999998840615,0.150000028637542,0.0303031640647806,-0.400000003395079,0.149999999889493,0,0,0,0,0,0.520458286731851,0.116430228617549,0.0238124997037735,0,0,0,0,0,0,0,0,0,0,0,0,0,0,0,0,0,0,0,0,0,0.644785301540811,0.210467998478575,0.369276687886832,0,0,0,0,1.03199824317044,1.40500106003319,1.13999349630766,1.29700580689597,0.294814747419468,0.236473757042992,0,1.41765484357794,0.571585206986858,0,0.279217439424526,0.16718789237666,0,1.76704444230298,0.192628593153654,0.691825205024414,0.123342071819728,1.13203535985507,0.775013037904924,0
166,-0.0600000001038536,0.0332487212773814,0.0597078065717674,0.0469477547134682,0.00500000003120494,0.0599987850586821,-0.0772272025320094,-0.0871175019449362,0.056814640672207,0.946096099299829,4.58553092424338e-06,-4.54519715423351e-06,0.323904689125259,-0.00290645755262984,-0.0286267597511333,0.0519979604775373,1.18238590602705e-12,0.0749999999997718,-0.00149655230942834,-0.0268318886963428,-2.96737835592626e-08,-0.00142919887182921,-0.0749999999991588,-0.0750000000046623,0.0497187161349209,-0.0389295894715505,0.0488156424295784,0.103800276700988,-0.0443408388521071,-0.0238982914509538,0.00099245929728757,-0.399999999288905,0.199632457288843,0.150000000289248,-0.399999999443439,0.400000001524372,0.149999962176021,0.0533783267355082,-0.400000002772242,0.150000000465478,0,0,0,0,0,0.612175939902296,0,0,0,0,0,0,0,0,0,0,0,0,0,0,0,0,0,0,0,0,0,0,0,0.67252755018663,0.239825706392973,0.396139305814022,0,0,0,0,1.13931461114497,1.49422732252798,1.23794657901005,1.39559535466291,0.316149581378648,0.219919618900858,0,1.42757430655366,0.570824287228504,0,0.284229264169381,0.168601625936586,0,1.74738801604591,0.187865593121703,0.703904705941585,0.136547361824291,1.14089258477107,0.758373570088397,0
167,-0.0600000001033543,0.0349359388014973,0.0600000000136361,0.0453384290301083,0.00500000015606368,0.0599999990094146,-0.0789863879176075,-0.0890374809847604,0.0576007065203662,0.94516250537748,9.87703890479132e-07,-9.10424385708916e-06,0.326618986302585,-0.00413693923333077,-0.0291308439061128,0.0519974311107943,2.11801367547938e-12,0.0750000000017605,-9.1838782333362e-14,-0.0750000000003277,3.60451823734512e-08,1.82753612245612e-09,-0.0749999999986721,-0.0750000000072845,0.028991504570645,0.00263922849795582,-0.0072815497266754,0.381582050879927,-0.0721105718754794,-0.0254901800305955,3.34221154461898e-06,-0.399999998726696,0.0269979225285569,0.150468982732409,-0.400000000194842,0.399999998240948,0.149999927694831,-0.0137877878175109,-0.400000004331544,0.168939752601354,0,0,0,0,0,0.627485793901927,0.0150357003543884,0,0,0,0,0,0,0,0,0,0,0,0,0,0,0,0,0,0,0,0,0,0.0787599578123054,0.660381178781156,0.263219259163754,0.475921877429708,0,0,0,0,1.38611572213804,1.70203361348275,1.44670310605002,1.64144622957076,0.324018233109673,0.26199432365116,0,0.776158770226617,0.513039152814191,0,0.30730004475168,0.164246978075784,0,1.69133607001778,0.188343861973696,0.662141514249769,0.0905963731480438,1.1367855962513,0.685790120191168,0
168,-0.0600000000766365,0.0367943276524464,0.0598144971651393,0.0435438263513097,0.00500000013385618,0.0600000000127106,-0.0806242823906504,-0.090957459963113,0.0577162266209038,0.943876934637775,6.09350187214145e-07,-9.10374455960207e-06,0.330315807367973,-0.00559295404037538,-0.0296057850209055,0.0519974383057951,6.08782060719643e-15,0.075,-0.018457989297106,-0.0749999999999895,3.8595698061592e-08,2.06205285629187e-09,-0.0750000000000004,-0.0749999999999939,-0.0172084944148458,0.00301891701428678,-0.00733057362848751,0.39225997002752,-0.0738810762740404,-0.0232291709270773,5.93596135010417e-05,-0.399999999999993,0.0400420835045255,0.166825394920432,-0.399999999999994,0.399999999999996,0.150000000000003,0.00522031897119633,-0.399999999999996,0.21658058044593,0,0,0,0,0,0.659047026035511,0,0,0,0,0,0,0,0,0,0,0,0,0,0,0,0,0,0,0,0,0,0,0.0763416957544486,0.637999918534409,0.25450417295251,0.459837441336346,0,0,0,0,1.47794609527465,1.79013503626263,1.53991598472335,1.72816514681394,0.314902981427497,0.242926606170947,0,0.747974024473918,0.49387001980018,0,0.304124280408384,0.147272392782644,0,1.64947555196312,0.175324292044571,0.649074204959582,0.079669678830986,1.1300176341314,0.66959300932843,0
169,-0.0600000002005614,0.0386607437697705,0.0594393082981505,0.0417441929789394,0.00500000025899799,0.0600000025512187,-0.0822548006853294,-0.0928774390686479,0.0572743471730908,0.942599164147713,5.36650701049006e-07,-9.08676682678045e-06,0.333944741411588,-0.00706114640560024,-0.03006154412659,0.0519974382568427,-9.17820299148372e-12,0.0750000000058297,-0.0190578976745185,-0.0750000000180642,3.94986820592399e-08,1.98245106397757e-09,-0.0749999999812325,-0.0750000000388125,-0.0269308386219299,0.0030992370798226,-0.0072510137311798,0.384867831219141,-0.0737993920361638,-0.0228955440385911,5.88584539956699e-05,-0.400000005469865,0.0476180535337118,0.16489106080066,-0.400000010740808,0.399999990019709,0.149999979725743,0.0199023815893885,-0.400000023078756,0.232974733455,0,0,0,0,0,0.695671043846601,0,0,0,0,0,0,0,0,0,0,0,0,0,0,0,0,0,0,0,0,0,0,0.0653209136145504,0.6085153478311,0.23770644472078,0.436129816724875,0,0,0,0,1.5735562257572,1.88606024098323,1.63871542032409,1.82090104641634,0.306204375096644,0.220733811646703,0,0.721313444971216,0.482183276970195,0,0.307866160446224,0.134109389573882,0,1.62077875175993,0.159751100161644,0.63851842493815,0.0731256407141267,1.14396230435081,0.661992518835735,0
170,-0.0600000000766805,0.0405255388750088,0.0590621248815268,0.0399444446043215,0.00500000013470975,0.0600000000125542,-0.083873758436241,-0.0947974179809855,0.0566928994496311,0.941313842082625,5.27779209346381e-07,-9.07587788916758e-06,0.337550882632846,-0.00852496865114273,-0.0305144857584775,0.0519974380846584,6.85781493651507e-15,0.075,-0.0186624215969361,-0.0749999999999919,4.0265762910325e-08,1.97179704576544e-09,-0.0750000000000003,-0.0749999999999954,-0.0311926248144947,0.00314320534453491,-0.0071740794634832,0.386244013572971,-0.0734726897394359,-0.0229000609824694,5.84304878432921e-05,-0.399999999999994,0.0491423164402457,0.162639266350584,-0.399999999999995,0.399999999999996,0.150000000000002,0.028367744921573,-0.399999999999997,0.243805327907971,0,0,0,0,0,0.747240080337529,0,0,0,0,0,0,0,0,0,0,0,0,0,0,0,0,0,0,0,0,0,0,0.0523787666733967,0.575682640160455,0.218270019437318,0.409791387396533,0,0,0,0,1.67760582985795,1.98444720189562,1.74232784956422,1.91972518218935,0.300982545405999,0.195495096925773,0,0.691700209696497,0.469923895492897,0,0.3116903104557,0.123243677957969,0,1.57799216474384,0.136839281315827,0.625511961575129,0.0657636228846478,1.14953943564091,0.643752159136252,0
171,-0.059999999674056,0.042358485885308,0.058697264338305,0.0381446253579205,0.00500000013629,0.0599999999587374,-0.0851911778222189,-0.0967173969855344,0.0560113619383532,0.940004102841367,5.388838343363e-07,-9.06012247810064e-06,0.341181342980133,-0.00998144844725288,-0.0309686495703854,0.0519974378912354,-2.26689974196203e-12,0.0750000000019903,-0.0178278057240387,-0.0750000000029404,4.10081313053901e-08,1.92452339852588e-09,-0.0568327741654325,-0.0750000000044038,-0.0369324272823461,0.00318095472483054,-0.00709842167951901,0.390260324235258,-0.073061025656979,-0.0230086103810015,5.79195097823071e-05,-0.400000001360456,0.191622091091326,0.18486513977832,-0.400000001748378,0.399999999834083,0.249999998150305,-0.011759990736215,-0.400000002618604,0.213862317914482,0,0,0,0,0,0.772340378420407,0,0.0463801195170109,0,0,0,0,0,0,0,2.35972127387965,1.41000924820881,0,1.00252014690342,0,0,3.18543680939131,0,0,0,2.34559526655627,2.23572693253242,0,0.169235930885853,0.721111309212236,0.355349110380105,0.534998129717985,0,0,0,0,1.70416054801362,1.91752210417238,1.73927503255932,1.88240761962669,0.335765847009561,0.144667144483176,0,0,0,0,0,0.104458375876503,0,0,0.226881192337092,0.642585569590403,0.190138829547818,0,0,0.00726442422789731
172,-0.0600000000766588,0.0442667330152208,0.0579051251860828,0.0363437533110686,0.00500000013949475,0.0598016873074112,-0.0869565629289388,-0.0984211966023577,0.055013537374846,0.938832065623437,5.10801688285341e-07,-9.37246875827337e-06,0.344393428516534,-0.0114041483862108,-0.031451355540925,0.0519973428270576,2.23125142272861e-14,0.0749999999999999,-0.05,-0.0750000000000015,4.57595986284309e-08,-0.0171321636480865,-0.075,-0.075,-0.05,0.00119111862497189,-0.00276924909799224,0.29895782024459,-0.0698417259413818,-0.0258906574940714,5.52799332854374e-06,-0.399999999999999,0.192332488030922,0.21644944210819,-0.400000000000001,0.399999999999996,0.25,-0.0234737992728649,-0.4,0.227644593751137,0,0,0,0,0,0.811843647779946,0,0,0,0,0,0,0,0,0,2.2733816817357,0,0,0.978718244939393,0,0,3.03030545520174,0,0,0,2.26810077965281,2.10871091720398,0,0.157276766507164,0.696351115740079,0.343183564111047,0.519468411371181,0,0,0,0,1.71222319563037,1.93280116253237,1.75160403855897,1.89342031960378,0.32739163305827,0.129474468440827,0,0,0.394678457953482,0,0,0.110386882922184,0,0,0.199125451433878,0.622698354763299,0.174209130082091,0,0,0.0336173541285634
173,-0.0600000000766891,0.0460315609264558,0.0568566152192437,0.0345463069525461,0.00500000014129698,0.0593552670324201,-0.0887735380309946,-0.100341175603409,0.053965027374846,0.937906888994396,7.9753553863139e-07,-9.25437697553737e-06,0.346905152130408,-0.0127613149626087,-0.0319916687645961,0.0519973258031274,2.23706773531956e-14,0.0749999999999999,-0.05,-0.0750000000000015,4.77441585228939e-08,-0.0271467555752715,-0.075,-0.0750000000000001,-0.05,0.000191460378860975,-0.000932757788971842,0.248627131271487,-0.0669382268734487,-0.0284614896420955,-3.28471027567029e-05,-0.399999999999999,0.18361417950938,0.21696778290344,-0.400000000000001,0.399999999999997,0.25,-0.0467947466145682,-0.4,0.228132380845725,0,0,0,0,0,0.86314158966739,0,0,0,0,0,0,0,0,0,2.18763051685704,0,0,0.975325226114425,0,0,2.88856795296523,0,0,0,2.21979454998313,1.9878092278024,0,0.087536945920842,0.666899983092263,0.322990300534136,0.500046617066006,0,0,0,0,1.7293317928304,1.95518554737141,1.76989117233145,1.91462616787036,0.328141327549402,0.114152065350582,0,0,0.387142222083927,0,0,0.118928275862111,0,0,0.161649449013771,0.601618226191015,0.150480503226656,0,0,0.054055063071189
174,-0.0600000000766786,0.0477844897818601,0.0558081052633335,0.0327506392728367,0.00500000014253703,0.058735001460269,-0.0906491020207077,-0.102261154604457,0.0529165173748464,0.937091963569212,1.02305191296042e-06,-9.15028716662162e-06,0.349100553241612,-0.0140697643581647,-0.0325751305984642,0.0519973164668801,2.28147192017196e-14,0.075,-0.05,-0.075000000000001,4.91781362213488e-08,-0.0346273733692296,-0.075,-0.0750000000000007,-0.05,-0.0005048218630903,0.000236202717690481,0.227447207902001,-0.064892568068999,-0.0302527166463544,-4.95987256973217e-05,-0.399999999999999,0.213959053771965,0.213239323181518,-0.400000000000001,0.399999999999997,0.25,-0.0956243953255821,-0.4,0.223088316437765,0,0,0,0,0,0.887040099658447,0,0,0,0,0,0,0,0,0,2.11785831748824,1.20522934871573,0,0.911774859969956,0,0,2.73012157625071,0,0,0,2.16961432789475,1.81749286031298,0,0.0917740706607596,0.648980861265297,0.329823932350133,0.500731459118273,0,0,0,0,1.81889075376776,2.00644151992306,1.84498360733777,1.98034866635306,0.303896935328847,0.102088079665431,0,0,0,0,0,0.122202420928182,0,0,0.107895445490517,0.562337233601594,0.106233581427168,0,0,0.0489027070832657
175,-0.0600000000766724,0.04960323445982,0.054759595427934,0.0309554943592284,0.00500000014350552,0.0579828579251262,-0.092406671087358,-0.10315609706405,0.0518680073748455,0.936319521827496,1.1815808080222e-06,-9.04635634009651e-06,0.351167085402008,-0.015343575796025,-0.0331881526774854,0.0519973104002845,2.13210230839672e-14,0.0750000000000001,-0.05,-0.0750000000000013,5.03646500469373e-08,-0.0403991816481663,-0.075,-0.0147952696111956,-0.05,-0.00111559988949927,0.00120827769966305,0.219735385138272,-0.0634135396732742,-0.0314683128615692,-5.93063853818108e-05,-0.4,0.114065318622509,0.236299451116198,-0.400000000000001,0.399999999999998,0.250000000000001,-0.124935735151014,-0.4,0.186895641107931,0,0,0,0,0,0.90363350513779,0,0,0,0,0,0,0,0,0,2.05776057537145,0,0,0,0,0,0,0,0,0,0,0,0,0.11941557515549,0.564593814846411,0.274398259301968,0.448030418898414,0,0,0,0,1.85964873442717,2.04048553288298,1.88660512916201,2.01352913814814,0.277892833815846,0.141363591043467,0,0,0.300483036127599,0,0.17431935973038,0.10990715350563,0,0.62535892011476,0.027508554182298,0.544655697026875,0.0156663181005382,0.872663490786672,0.364013807522233,0.0274281176942597
176,-0.0600000000767099,0.051523213229176,0.0537110854546933,0.0291601624532295,0.00500000013946371,0.0578888650060121,-0.0928598586640052,-0.104345899673775,0.0508464942075667,0.935335556439595,1.2582395440955e-06,-7.56280909174257e-06,0.353779600444203,-0.0166249748199851,-0.0337862409328586,0.0519974842102604,2.24162241431487e-14,0.075,-0.05,-0.0750000000000018,4.73330933588815e-08,0.0171450938834237,0.0291604401342815,-0.0750000000000012,-0.05,0.00383456441758929,-0.00877191009783724,0.3470852386446,-0.066253235359837,-0.0288067767636429,3.91613340772e-06,-0.399999999999999,0.229881578654954,0.19193128505462,-0.400000000000001,0.399999999999996,0.25,-0.385456412934768,-0.400000000000001,0.166961894057544,0,0,0,0,0,0.937763073773761,0,0,0,0,0,0,0,0,0,1.82800815371266,0,0,1.24045311061827,0,0,2.478939210051,0,0,0,1.93566291850982,1.2933587010913,0,0.111271386660571,0.630306271593882,0.338358309238666,0.5014316676513,0,0,0,0,1.76006890436272,1.94999834982691,1.80184574833582,1.90822150585381,0.282588411393574,0.0807250392568802,0,0,0.27342423811772,0,0,0.074620069281005,0,0,0.0290518946309891,0.54651628961993,0.0532424513912853,0,0,0.0775158792233154
177,-0.0600000000767176,0.0532120009734836,0.0526625754837558,0.0273600120273988,0.00500000014061072,0.0577884606075379,-0.094394830029796,-0.105994481587114,0.0497979842075668,0.934036146916283,7.90152205900767e-07,-9.08808630430877e-06,0.357196237315382,-0.0179492991154545,-0.0343330618082835,0.0519973453749624,1.93648786162747e-14,0.0750000000000001,-0.05,-0.0750000000000044,4.71609893337478e-08,-0.0162058447485622,-0.0749999999999997,-0.0750000000000024,-0.0500000000000002,0.000718127160393655,-0.00157309308933502,0.355584140762145,-0.0664440272430279,-0.0274390708770626,1.51800175737029e-05,-0.400000000000001,0.154499880797032,0.219016770936,-0.400000000000003,0.399999999999997,0.238280083691271,-0.285432235142651,-0.400000000000001,0.15,0,0,0,0,0,0.951699265104611,0,0,0,0,0,0,0,0,0,0,0,0,0,0,0,0,0,0,0,0,0,0,0.0252062981797372,0.530479723551536,0.259541639689153,0.424685090054905,0,0,0,0,1.81743877695414,2.04021033328234,1.88331446608046,1.97433464415602,0.261740405435301,0.0981136655600431,0,0.52613354655931,0.247770288981238,0,0.366027105755404,0.0454110022405405,0,0.639185324227071,0,0.548023570910352,0,0.875579724924301,0.360823293808329,0.0455931144575957
178,-0.0600000000773535,0.0549847853229314,0.0517253097204235,0.0255522658368434,0.00500000014201021,0.0579533995218371,-0.0959144638209022,-0.10771829413327,0.0493386742075668,0.932679133713098,1.12484178213519e-06,-7.27193626536662e-06,0.36072479940061,-0.0192811954873029,-0.0348694480977034,0.0519974888917901,2.16477667921283e-14,0.0749999999999999,-0.0437577843316194,-0.0750000000000023,5.27427497278408e-08,0.0218211835550862,-0.0749999999999998,-0.0750000000000009,0.00379999999999918,0.00442005148755674,-0.00980268439155342,0.385280987725012,-0.0671477443210789,-0.0274398454512388,1.5106561753529e-05,-0.4,0.119827537517253,0.245900183152032,-0.400000000000001,0.399999999999997,0.25,-0.242319348195298,-0.400000000000001,0.217456487865459,0,0,0,0,0,0.939873295132191,0,0,0,0,0,0,0,0,0,1.87173646716924,0,0,0,0,0,0,0,0,0,1.27733765290553,0,0,0.0869961581320925,0.628517603379144,0.331318780258842,0.46701704480362,0,0,0,0,1.71239193613748,1.87486024669605,1.75488310349823,1.8323690793353,0.295419259237665,0.0336805889662884,0,0,0.300855089234594,0,0.128185518992535,0.121201907263192,0,0.500757960676494,0,0.52262801727819,0.0753094575696832,0,0.294243874873696,0.136460013742827
179,-0.0600000000953973,0.056607196514047,0.0506925285913842,0.0237374966140451,0.00500000076312199,0.0581835722564025,-0.0976949149371722,-0.109638273116152,0.0489503642073687,0.931272101434503,9.83666093763938e-07,-7.47272907296304e-06,0.364342003998892,-0.0206064224325005,-0.0354098218255211,0.0519974420481555,6.0537209535742e-12,0.0749999999966272,-0.050000000000662,-0.0749999999908081,4.69384086730163e-08,0.0047206395819741,-0.0749999999954403,-0.0749999999794744,-0.0423999999991412,0.00134930008387772,-0.00511065610999398,0.414566415269707,-0.066744516243519,-0.0265270230810955,-7.55313982578045e-05,-0.399999996413075,0.042298395881754,0.249999999606332,-0.399999994534632,0.400000009255663,0.249999999662958,-0.149046350310387,-0.39999998779506,0.250000000511382,0,0,0,0,0,0.970159649279566,0,0,0,0,0,0,0,0,0,0,0,0,0,0,0,0,0,0,0,0,1.07282037311932,0,0,0.671564131357609,0.326231633640684,0.51183399298207,0,0,0,0,1.61484612649595,1.88320178062614,1.68468373188629,1.8133641752358,0.379580842874506,0.0683438663629269,0,0.565931390206269,0.382310963115814,0,0.206791133706732,0.153210936704841,0,0.495595042819692,0,0.519047339468039,0.0720437810421347,0.346257697649123,0,0.082043829825742
180,-0.0600000004832714,0.0581437970361622,0.0502332198266498,0.0219204109997524,0.00500000044289998,0.0584413143864287,-0.099596117751631,-0.111558252453913,0.0484275646589236,0.929755344828435,1.13169269769741e-06,-7.24170478275806e-06,0.368195474992398,-0.0219342769915939,-0.0359385671929449,0.0519974841254906,8.93198608133803e-11,0.0749999998319967,0.00380013840376859,-0.0749999996767182,5.35812959036134e-08,0.0192303616439099,-0.0750000001013662,-0.0749999994741969,-0.0100417468375304,0.00406742443805634,-0.00937224034364394,0.404067408055311,-0.0662670342259612,-0.0272931400481809,-4.99715721769658e-06,-0.322461705079742,0.272065597909613,0.207861420451031,0.389197726153199,0.198600835560912,0.189080326874559,-0.238634454289918,-0.399999687345562,0.149999997294136,0,0,0,0,0,0,0,0,0,0,0,0,0,0,0,0,0,0,0,0,0,0,0,0,0,0,0,0,0.86366798689582,1.20852281692008,0.947126359890625,1.12506444392528,0,0.226539589765336,0,0.14773980696032,2.05511886234893,2.37462731686577,2.1453496688215,2.28439651039322,0.362715609231871,0.211879481190821,0,0.488291187080289,0.903374524645931,0,0.31658607663421,0.22890516345797,0,0.364275007446741,0.146525842056205,0.260261953559669,0.146481019085424,0.214132421887037,0.66101696561601,0
181,-0.0600000000172295,0.057616073982166,0.0507652291062641,0.0227112752606308,0.00500000010131974,0.0589909191311551,-0.0998653989476842,-0.113478231083029,0.0487674197821073,0.928973637027121,-3.92095255636785e-07,-8.13477097607473e-06,0.370163367216046,-0.0227463486537837,-0.0362415026335165,0.0519974261891651,3.4047636124217e-15,-0.0750000000000005,0.0491739224121363,0.0750000000000012,2.6897058084172e-15,0.0368876834827133,0.0474595288853784,-0.0749999999999944,0.0437582598208596,-0.00023049154217925,-7.13431263967845e-07,0.0460145762974535,-0.013457541546989,-0.0038128150073135,2.53520010487765e-06,-0.0173440135725352,0.301793076172486,0.150120632585625,0.0397529333397563,-0.285403732721768,0.15,-0.400000000000004,-0.399999999999997,0.150000000000001,0,0,0,0,0,0,0,0,0,0,0,0,0,0,0,0,0,0,0,0,0,0,0,0,0,0,0,0,0.844446813345124,1.17897064896925,0.930701944423735,1.09271551789064,0,0.243892991688359,0.032920070062154,0.155001479616456,2.107414075448,2.45103155887114,2.20671781373268,2.35172782058647,0.346554142475009,0.190079317989221,0,0.464590167047674,0.91556344273056,0,0.337965167486323,0.232372151979392,0,0.638303020401373,0.11203581348156,0.229168750133196,0.154328696911935,0.220579725704307,0.685886453716635,0
182,-0.0600000000180085,0.0570341700986503,0.0517970065370968,0.0243241027879894,0.0050000002306466,0.0598195485403307,-0.0985978489602064,-0.115000000198605,0.0498097028194911,0.928956716828123,1.2568089805449e-07,6.65366186683301e-07,0.370205828053629,-0.0227764949093324,-0.0362492903559849,0.0519974250594697,-4.15634062026583e-11,0.0163528920183604,0.0500000000027638,0.0750000001146744,1.69077638141629e-10,0.0459300473839328,0.074999999976281,1.32734948790994e-10,0.0500000000075667,0.000244269024259557,-0.000756625159395953,8.2637746169286e-09,-3.4373887757012e-05,-1.17364893401764e-05,1.53350918476999e-07,0.0141244316042454,0.194251507023396,0.150000001643514,0.0178614284930609,-0.313331074800383,0.149999995176556,-0.396944214348775,-0.399999921044419,0.150000004499573,0,0,0,0,0,0,0,0,0,0,0,0,0,0,0,0,0,0,0,0,0,0,0,0,0,0,0,0,0.863636122642945,1.17390329080303,0.940864855679288,1.09667455776668,0,0.273233736647002,0.0756990424686453,0.197829236424184,2.16406422828104,2.50315719213019,2.26089654319146,2.40632487721977,0.333793475549226,0.179524851503653,0,0.43719398498474,0.897575156949182,0,0.342779289238402,0.230370688534247,0,0.609613606338657,0.113078194092689,0.213899260172247,0.163922569038891,0.22288653594581,0.684726861172057,0
183,-0.0600000000537991,0.0567394480509899,0.0528185031553972,0.0259496213323434,0.0050000001013176,0.0597439792555736,-0.0970495659986095,-0.115000000101308,0.0508605847279646,0.928956716864101,-2.96651032186504e-09,-9.88250699832522e-09,0.3702058279769,-0.0227765664851853,-0.0362493046777285,0.051997424876541,5.18643898827355e-15,-0.0455157661986116,0.0500000000000007,0.0750000000000008,3.40166242361667e-15,-0.0342750528390201,0.0750000000000006,-2.49283002503524e-14,0.0500000000000026,-1.92282861919745e-05,8.56825100369715e-05,1.53667540399663e-11,4.38221034584752e-06,9.93984960702681e-07,-1.24595158892637e-09,-0.234939895281395,0.4,0.15,0.129829467167612,-0.0166446848769532,0.205293277340175,-0.353594560758888,-0.399999999999998,0.150000000000002,0,0,0,0,0,0,0,0,0,0,0,0,0,0,0,0,0,0,0,0,0,0,0,0,0,0,0,0,0.901693788036771,1.21532684756684,0.976493367648013,1.14052726795559,0,0.301413893437003,0.0951324418857754,0.257692136077127,2.1613708567912,2.47479479372691,2.24991707124355,2.38624857927456,0.327080750810091,0.175401797893973,0,0.408367121960358,0.857188549519292,0,0.326237175555594,0.215041951807211,0,0.30844518041966,0.129193969681599,0.213927411440823,0.168833461099013,0.213084498682146,0.663401336727078,0
184,-0.059849886535519,0.0552198278937749,0.0535634467333539,0.0276122832713102,0.00500000158856672,0.0591591762161367,-0.0955486108901633,-0.115000000103359,0.0519010021717543,0.928956716851965,-7.13081865852119e-11,-7.08233655170826e-10,0.370205828004206,-0.0227765653161967,-0.0362493045126373,0.0519974248749348,0.0149366481027451,-0.074999999930665,0.0246212515194243,0.0750000000376247,7.96409179585553e-11,-0.0242553495221539,0.0750000000418127,6.59110876149568e-11,0.0500000000038605,5.91700048934063e-07,-3.25724514422835e-06,3.44983486884352e-12,-1.74252884698524e-07,-3.14363110476886e-08,-2.47307514362592e-11,-0.399999981090537,0.400000041228144,0.149999998820821,-0.399999977628589,0.4000000473537,0.249999999649322,-0.399999975138571,-0.399999960801454,0.150000002295692,0,0,0,0,0,0.686964606544076,0,0.00560743990203992,0,0,0,0,0,0,0,0,0,0,0,0,0,0,0,0,0,0,0,0,0.166280364947588,0.809816233687926,0.45856105349425,0.517535545141268,0,0,0,0,1.88422429044411,2.21110332398181,2.0037595082145,2.09156810621141,0.243744907835664,0.0239112797167248,0,0.943306476077044,0.834156095932908,0,0.16056485992199,0.150657729994948,0,0.553535616943167,0.121120314856666,0.466451356489526,0.24786759323713,0.383270480473615,0.512570616812777,0.0181967264609026
185,-0.06000000008495,0.056251647667219,0.0543413094542426,0.0264123735041977,0.00500000010131838,0.0592147592129739,-0.0962947868719686,-0.115000000101307,0.0529259322302405,0.928956716864095,9.53481155169046e-12,5.6937015575807e-11,0.370205827976923,-0.0227765652652706,-0.036249304549647,0.0519974248750045,-2.88654374605191e-14,0.0749999999999996,0.0499999999999991,-0.0750000000000147,2.81383261647067e-15,0.0295446491124983,-0.0749999999999993,3.52279387683365e-14,0.0500000000000027,3.69421259788402e-09,1.73758038110435e-08,-2.5564627438637e-15,1.32868113560253e-09,-1.00461124203658e-10,-2.45469043478696e-13,-0.169103061988257,0.4,0.149999999999999,0.399999999999991,0.279848875432392,0.15,-0.243514531610481,-0.400000000000001,0.150000000000002,0,0,0,0,0,0,0,0,0,0,0,0,0,0,0,0,0,0,0,0,0,0,0,0,0,0,0,0,0.90273885419433,1.28593604236216,1.03359704007819,1.1550778564783,0,0.316773286616527,0.132689259032039,0.262213248699883,2.12522984554521,2.4738851805315,2.23086947053597,2.36824555554074,0.609504400197983,0.127174057686607,0,0.378142138077952,0.86879310666244,0,0.338321298543716,0.195367786890141,0,0.292602849222813,0.125688585074365,0.205272133127238,0.193881906310409,0.221096866239366,0.704883865331312,0
186,-0.0591242780167151,0.0552287082201429,0.0553854812723973,0.0271250417699293,0.00500000005959489,0.0593618208788212,-0.095823809550216,-0.115000000101309,0.0539480922843205,0.928956716864094,-3.92226504647508e-13,-1.78300220381985e-12,0.370205827976925,-0.0227765652712848,-0.036249304550946,0.0519974248750041,0.0750000000000003,-0.0750000000000001,0.0499999999999988,0.0750000000000004,7.7599801539955e-16,-0.0146176709275851,0.0750000000000006,6.04969825866164e-14,0.0500000000000029,-1.30794599951603e-09,5.14357635626541e-09,-2.0406848596546e-15,2.54121760733176e-10,6.57857461740088e-11,9.21113553905317e-15,-0.245030124804085,0.4,0.149999999999999,0.317316731717357,0.322984975523891,0.149999999999999,-0.392631201096459,-0.399999999999998,0.150000000000002,0,0,0,0,0,0,0,0,0,0,0,0,0,0,0,0,0,0,0,0,0,0,0,0,0,0,0,0,0.880819252705751,1.19260578130128,0.97918009379266,1.09424494021437,0.0394450404986153,0.3161535189266,0.130893300673504,0.277615281012374,2.14682450427967,2.49752819373832,2.2532915602918,2.39106113772619,0.599811470812753,0.112413002463409,0,0.3562256978604,0.860566762985361,0,0.343812909460697,0.18875491452457,0,0.273323756296117,0.119603186096382,0.191276344218537,0.195944905040618,0.219218483083926,0.701936978082154,0
187,-0.0593450298317808,0.0536474510226796,0.0564194679401351,0.0286862574234483,0.00500000041585818,0.0591159709423132,-0.0942484344562381,-0.115000000278149,0.0549606889192844,0.928956717048734,-2.51138561547812e-12,4.27001971200165e-12,0.37020582781695,-0.022776565177871,-0.0362493044267723,0.0519974248757115,-0.0749999999605735,-0.0749999999865834,0.0499999999935849,0.0749999998748801,4.52296685310821e-10,-0.00999045897071361,0.0750000001939522,1.51110245365411e-10,0.0500000000153154,5.73032323766074e-11,-3.08096630182166e-10,3.97544179703151e-11,1.72606801441364e-09,2.46251136085693e-09,7.62776575994824e-14,0.0509184295336801,0.400000007977923,0.149999996185261,0.282788998703154,0.347557098145409,0.149999991287048,-0.399999884677479,-0.399999910106297,0.150000009107315,0,0,0,0,0,0,0,0,0,0,0,0,0,0,0,0,0,0,0,0,0,0,0,0,0,0,0,0,0.80946620779729,1.14696889930631,0.920619890458801,1.0358152166448,0.0854132200315419,0.359400134197118,0.171116605698956,0.317574173403641,2.1336507829104,2.47667853217965,2.23776707616933,2.37256223892072,0.601806744554539,0.115147030466501,0,0.357959512160974,0.845187146340607,0,0.340471180059492,0.182641986823642,0,0.274819760753784,0.116051271917157,0.195303663767682,0.18354595332112,0.218042945249852,0.691524879587647,0
188,-0.0593728831429887,0.0519983733171483,0.0574435502006978,0.0302635486755142,0.00500000005045157,0.0588734815038033,-0.0926617015583926,-0.115000000101301,0.055960918443101,0.928956716864082,-6.1296411271893e-15,3.4742573838833e-15,0.370205827976918,-0.0227765652710957,-0.0362493045509214,0.0519974248750026,0.0714822497530387,-0.0749999999999992,0.0499999999999996,0.0750000000000001,-8.3177620999409e-15,-0.014237250762898,0.0750000000000008,-5.12261768654138e-14,0.0500000000000014,-1.09564669434643e-12,7.46408290940781e-12,-2.91237566584528e-15,3.34908823658096e-13,-2.8733877054277e-15,3.32854847705142e-15,-0.122062441696519,0.400000000000001,0.15,0.324941196003474,0.399999999999993,0.197367761746033,-0.375437588079962,-0.400000000000002,0.150000000000001,0,0,0,0,0,0,0,0,0,0,0,0,0,0,0,0,0,0,0,0,0,0,0,0,0,0,0,0,0.787099160548142,1.13288469108642,0.901348026959087,1.01863582467547,0.0257817935497744,0.357567859741272,0.173854853770293,0.309933655183845,2.16194989966276,2.50845060216103,2.27081009919775,2.39959040262605,0.569608943167725,0.129293990106707,0,0.345174191951855,0.797512382805799,0,0.344918365378368,0.149160314525247,0,0.337547255984868,0.174149779797074,0.228400368571748,0.194017157853226,0.266538081299059,0.775494196755018,0
189,-0.060000000098015,0.0516324906125499,0.0584499303927382,0.0319547634448494,0.00500000010133163,0.0591294265066106,-0.0910647365987579,-0.115000000101317,0.0568766264574359,0.92895671686412,-1.08682967390263e-14,-1.43652235265947e-14,0.370205827976886,-0.0227765652710741,-0.0362493045509372,0.0519974248750011,1.85753110830485e-15,0.037847492075666,0.0500000000000007,0.0749999999999996,-1.06026513755198e-14,0.0395627510315687,0.0750000000000005,-1.09422449209832e-14,0.0416127377449438,-7.516894080467e-14,1.86120863883639e-13,-4.13825921663566e-15,3.6510025752998e-14,-1.01350596389999e-13,-1.51177998029701e-15,-0.399999999999994,0.309234462770597,0.15,0.345187328220864,0.399999999999992,0.150000000000002,-0.27444847151461,-0.400000000000001,0.15,0,0,0,0,0,0,0,0,0,0,0,0,0,0,0,0,0,0,0,0,0,0,0,0,0,0,0,0,0.506855026356365,0.815790527111081,0.557993034469551,0.764652518997894,0,0.0545807494128813,0,0,2.17950239441938,2.61612064122437,2.28374763115096,2.51187540449279,0.308806804896537,0.258678932589797,0,0.537737578445139,0.513587868222565,0,0.456070568418994,0.172933878906783,0,1.15910085682999,0.202336040055577,0.362281891562757,0.116590707684515,0.50954593377326,1.14034501965665,0
190,-0.0600000000766714,0.0533480499907801,0.0589856203927376,0.0335041083912167,0.0050000001013396,0.060000000007496,-0.0893675925544442,-0.11500000008597,0.0572638590515508,0.928956716864119,2.30378002064226e-15,-9.05199072053365e-15,0.370205827976888,-0.0227765652710593,-0.0362493045509224,0.0519974248750016,-3.08975853328392e-15,0.0750000000000001,0.0038000000000001,0.0750000000000061,-1.32764162837529e-14,4.69179101625416e-09,0.0749999999999999,4.64628113979138e-14,-0.00266807427344587,1.33737400526604e-14,-1.68909277596885e-14,-2.70602193793077e-15,6.14032085680484e-14,-4.79697856360004e-14,-2.43870999107334e-15,-0.399999999999994,0.22194458138529,0.15,-0.399999999999996,0.399999999999995,0.150000000000001,-0.0624225055584809,-0.399999999999999,0.23798968810275,0,0,0,0,0,0.793311144100534,0,0,0,0,0,0,0,0,0,0,1.9629746652824,0,1.42359630252783,0,0,0,0,0,0,0,0,0,0,0.487942159324765,0.167772418467513,0.317649378633824,0,0,0,0,1.98302659724016,2.32425546588154,2.04843257907233,2.25884948404936,0.25961660581524,0.147262226477569,0,0.576599310208393,0,0,0,0.142414518048178,0,1.45637002348781,0.212471450040182,0.546524067984242,0.207624338672812,0.630801986218275,0.726087049067061,0
191,-0.060000000076707,0.0552680290606265,0.0585973103838361,0.0323041982415326,0.00500000010131999,0.0600000000136288,-0.090136164723499,-0.115000000024496,0.0567461875599211,0.9289567168641,-1.48420441794293e-15,4.73781013100826e-16,0.37020582797691,-0.0227765652710853,-0.0362493045509191,0.0519974248749994,-6.35552472179974e-15,0.075,-0.0424000008857053,-0.0750000000000023,-5.75712749007465e-15,2.19195816022465e-14,-0.0749999999999999,1.93256675664546e-14,-0.0488680748865081,-6.15737805542927e-17,-2.23259567410089e-16,-1.77914652562309e-15,-3.0562414575319e-14,-3.44059730900884e-14,-6.59948904360264e-15,-0.4,0.285998377446275,0.207420315682302,-0.400000000000001,0.399999999999996,0.25,0.100978933494281,-0.400000000000001,0.233008464677107,0,0,0,0,0,0.675463687828144,0,0.0982929914208512,0,0,0,0,0,0,0,2.14155664827309,1.62596523408899,0,1.25311354936018,0,0,3.05482020435468,0,0,0,2.09418659369734,2.53922952852417,0,0,0.619332140767379,0.293485644668565,0.467421815058042,0,0,0,0,2.03961582214131,2.29329470044573,2.07783525715414,2.2550752654329,0.282459679889417,0.15004081983403,0,0,0,0,0,0.112190728791911,0,0,0.278621110454926,0.581871858020654,0.240770499055999,0,0,0
192,-0.060000000076737,0.0570819663470213,0.0575699603802934,0.0303842402373249,0.00500000010133605,0.0595356900136314,-0.0918103313148307,-0.113534379458008,0.055699941410149,0.928956716864117,1.58861675544687e-15,-8.25978101746534e-15,0.370205827976897,-0.0227765652710621,-0.0362493045509215,0.0519974248750012,3.10682609036861e-14,0.0750000000000001,-0.05,-0.0749999999999945,-1.27342730390872e-14,-0.0461999999999757,-0.0750000000000001,0.0750000000000013,-0.050000000000002,1.16462414008161e-15,-5.55403785854554e-16,-2.52492467140537e-15,5.7399955069412e-14,-4.39037996158548e-14,-4.02612696166331e-15,-0.399999999999994,0.2309638697068,0.154304659911001,-0.399999999999997,0.399999999999995,0.216527967082328,0.0749207331816635,-0.399999999999999,0.249999999999999,0,0,0,0,0,0.706095567293519,0,0,0,0,0,0,0,0,0,0,1.84589393745435,0,1.30744286837875,0,0,0,0,0,0,0,0,0,0,0.503957053925262,0.188408558486859,0.35491748782511,0,0,0,0,2.04995690156061,2.33561550465036,2.09784303861352,2.28772936759746,0.24793749349488,0.151634513928285,0,0.571536221777068,0,0,0,0.135159655788484,0,1.43843540500932,0.190517903981699,0.556528101370222,0.1740426242799,0.619150557930909,0.673041646829174,0
193,-0.0600000001328816,0.0590019451785578,0.0565326082322672,0.0284642819418868,0.00500000030077047,0.0591523800131765,-0.0935516391373931,-0.114734334642957,0.0546514314122841,0.928956716864554,-2.21817086333157e-11,2.25145018930946e-11,0.370205827983713,-0.0227765651990217,-0.0362493041751956,0.0519974248754585,8.23714436109232e-11,0.075000000224475,-0.0499999999946905,-0.0750000002475637,3.04672570880257e-10,0.00760000000079485,-0.0750000000239375,-0.0749999998749975,-0.0499999999996234,-4.25199361856031e-12,1.40542826958523e-12,1.70994073027225e-11,5.06092696235033e-10,1.38183424853278e-09,1.70805582556704e-12,-0.396917947259338,0.400000133478007,0.220964813041054,0.399999852800425,0.293651898360638,0.207321086202233,-0.203167258204986,-0.399999925670705,0.150000000223929,0,0,0,0,0,0,0,0,0,0,0,0,0,0,0.156401799560003,0,0,0,0,0,0,0,0,0,0,0,0,0,0.902654495353282,1.25494150810873,0.982645844896223,1.17495015856579,0,0.365486499623022,0.156117740020581,0.302770817966831,2.25529215865766,2.54952210558599,2.3256595566482,2.47915470759544,0.320479507496962,0.161444007209264,0,0.391470195362446,0.801993757027638,0,0.323359773623691,0.164134926542795,0,0.360179975988778,0.154706758009141,0.264447139769715,0.157397880209453,0.267327203029668,0.742755574467004,0
194,-0.0600000003127712,0.0604215981926831,0.0557701449139613,0.0295050554822274,0.00500000004120962,0.0594019225660209,-0.0934462040250917,-0.115000000162772,0.0541921214095678,0.928956716826205,2.18189056945382e-12,4.32639885439537e-12,0.370205827920559,-0.0227765653826695,-0.0362493044336921,0.0519974248737498,-7.0934799966125e-11,0.0670052769769058,-0.0263645094937567,0.0749999999529173,4.10734023338099e-11,0.0173057754485548,0.0750000000125644,-1.10353912794817e-12,0.00380000000001659,-8.24755318659728e-13,-1.52077321629617e-12,5.74207090987685e-12,-5.16745757442374e-10,3.43027570721087e-10,6.04684841360687e-12,-0.400000042179565,0.3880778549044,0.149999998558681,-0.400000027995033,0.400000024425705,0.150000020508173,-0.0722896140698873,-0.40000000062778,0.187349651492539,0,0,0,0,0,0.810897011675176,0,0,0,0,0,0,0,0,0,0,0,0,1.03845364726132,0,0,0,0,0,0,0,0,0,0,0.50781033651825,0.201255659998755,0.278855305050506,0,0,0,0,2.05906725232271,2.34071468903932,2.11584039853503,2.28394154282701,0.231170301898543,0.0977528163893169,0,1.08273303204201,0.465232221412513,0,0,0.11784921693322,0,1.45797907234264,0.171359669325013,0.587943606423009,0.191454233784323,0.630155606072676,0.691480140991999,0
195,-0.0600000001013071,0.0621656770280479,0.0556501295124847,0.0283051454401395,0.00500000010132477,0.0600000000136478,-0.0946108578995996,-0.115000000101311,0.0538038114101467,0.928956716864107,-9.63087589040693e-15,-1.22672593127753e-14,0.370205827976912,-0.0227765652710799,-0.0362493045509301,0.0519974248750001,-4.91923454762199e-15,0.0750000000000002,0.0141603450772401,-0.0749999999999947,-1.51140599966436e-14,1.70859227289488e-14,-0.0749999999999997,-4.89359930429733e-14,-0.0424000000000012,3.09961213805503e-16,-1.37476724541225e-15,-2.80937223770501e-15,2.46911642152951e-14,-8.11140883770565e-14,-4.5824837783151e-15,-0.399999999999995,0.308795323964057,0.150057675118941,0.400000000000003,0.399999999999994,0.150000000000001,-0.171381547239008,-0.400000000000001,0.239028046439105,0,0,0,0,0,0.236796091960321,0,0,0,0,0,0,0,0,0,0,0,0,0,0,0,0,0,0,0,0,0,0,0.784711478307498,1.0306594529314,0.803459221992576,1.01191170924632,0,0,0,0,2.47045470455948,2.78129818899475,2.51829175084369,2.73346114271053,0.273068908391473,0.255555882918522,0,0.484986289934454,0.423248920201233,0,0.386608750557195,0.174025999268797,0,1.06408408628979,0.171805357215304,0.344802961919479,0.0902754962022746,0.458342781448508,0.968031861394637,0
196,-0.0600000001013081,0.0639913083947196,0.055550985276157,0.0277948302071074,0.00500000010132629,0.0600000000080157,-0.0943841244119573,-0.115000000101313,0.0531795749934732,0.928956716864106,-1.0148335965941e-14,-1.3241671060037e-14,0.370205827976913,-0.022776565271082,-0.0362493045509276,0.0519974248750003,-6.14573130275007e-15,0.0750000000000002,-0.0238845442635223,0.0234760962165375,-1.25113062443153e-14,-1.876260316003e-14,0.0750000000000004,-4.91669081899413e-14,-0.0201349668332761,3.18001621003633e-16,-1.40286233408432e-15,-2.35350539433676e-15,2.07351885332574e-14,-7.59139184920682e-14,-3.18347974163941e-15,-0.399999999999996,0.310935538055732,0.186424111869576,0.387077440376864,0.399999999999995,0.150000000000001,-0.336230138390445,-0.400000000000001,0.2388275063924,0,0,0,0,0,0.132370528871194,0,0,0,0,0,0,0,0,0,0,0,0,0,0,0,0,0,0,0,0,0,0,0.827624579115739,1.06714224327004,0.844715261931673,1.05005156045411,0,0,0,0,2.49799899860874,2.79341172828256,2.54712346955454,2.74428725733677,0.266710808278655,0.252987431192902,0,0.474644594943413,0.410859313795393,0,0.377374761256651,0.174532816460417,0,1.04302615919127,0.160255484233556,0.33375854760418,0.0818007086881628,0.444422661395084,0.931105718315482,0
197,-0.0600000000766985,0.0658265253278701,0.0550658657716232,0.0279727231217483,0.0050000001013283,0.0600000000083971,-0.0928813779599819,-0.115000000101318,0.0527572603698335,0.928956716864116,7.63464037358566e-15,-1.02941400023575e-15,0.370205827976902,-0.0227765652710662,-0.0362493045509179,0.0519974248750035,-8.70087556367655e-15,0.0749999999999995,-0.0246237103590648,-0.00554171569405631,-9.71912199589296e-15,2.09497054776192e-14,0.0749999999999992,-4.99287743734158e-14,-0.022086736681579,1.37494243391089e-15,8.56223868545812e-16,-1.58909463920395e-15,1.63750552485176e-14,-2.7670732172324e-14,3.6963446830896e-15,-0.399999999999997,0.4,0.150000000000002,-0.399999999999999,0.399999999999997,0.15,-0.0382982068283963,0.0510541795349916,0.15,0,0,0,0,0,0.750679719119219,0,0,0,0,0,0,0,0,0,0,0,0,0,0,0,0,0,0,0,0,0,0,0.0932130300410312,0.619434892643042,0.327020903098589,0.385627019585484,0,0,0,0,2.07730669246425,2.33207361299913,2.15337982960679,2.25600047585659,0.202899060056261,0.0744352423404536,0,1.02398573911876,0.75773325918971,0,0.214008788558554,0.062823517171495,0,1.43905875292717,0.179883940966015,0.590232490774988,0.168272442715006,0.601341992359334,0.653554142414509,0
198,-0.060000000076685,0.0675800006463279,0.0550074409348326,0.026250606253978,0.00500000010131751,0.0600000000136226,-0.0935998328516176,-0.115000000101316,0.0528562156362011,0.928956716864102,3.79537420641939e-15,7.18794127103705e-15,0.370205827976916,-0.0227765652710832,-0.036249304550913,0.0519974248750015,-1.52110509739452e-14,0.0750000000000012,0.0185652817196049,-0.0750000000000038,-6.3772939463117e-15,1.46045686399509e-14,-0.0750000000000004,-4.95142632420511e-14,0.0317132633184231,8.80744840976528e-17,1.16753454764528e-15,-1.02313269902992e-15,-4.56802303477984e-14,-4.65923328988222e-15,-2.35117493354051e-16,-0.400000000000001,0.400000000000001,0.150000000000001,-0.400000000000002,0.399999999999999,0.25,0.0662676686014091,-0.0316124154716516,0.150000000000002,0,0,0,0,0,0.692962653409948,0,0.11239485854342,0,0,0,0,0,0,0,0,0,0,0,0,0,0,0,0,0,2.03983206513513,0,0,0.274031700184927,0.7854301633583,0.498939980488058,0.560521883055166,0,0,0,0,2.14988143045943,2.30851647959606,2.21215953472105,2.24623837533445,0.216327516792163,0.0704545457244379,0,0.966333680575467,0.652851413986423,0,0.134562060948427,0.0383411229224169,0,0.747358958552103,0.240366836059136,0.613528318573007,0.204335398989225,0,0.572856680949447,0.0501475858250143
199,-0.0600000000766979,0.0691769679884535,0.0556291880993381,0.0243306482513452,0.005000000101319,0.0600000000090985,-0.0952591164108539,-0.115000000101315,0.0533161834017349,0.928956716864102,3.81039103700163e-15,6.90173326905923e-15,0.370205827976919,-0.0227765652710828,-0.0362493045509133,0.0519974248750013,-1.97171343902441e-14,0.0750000000000011,0.043484836954787,-0.0750000000000032,1.27715224341951e-15,-1.9696988831553e-14,-0.0750000000000004,4.58932126361446e-14,0.0143702284095034,1.14623468543614e-16,1.10238832635355e-15,-8.41697642948242e-16,-3.9533877204157e-14,-5.5424386598772e-15,-1.01814182439918e-15,-0.400000000000001,0.400000000000001,0.150000000000001,-0.400000000000002,0.399999999999999,0.25,-0.00818062901897628,-0.121088346051215,0.150000000000001,0,0,0,0,0,0.711820941892879,0,0.100054250820148,0,0,0,0,0,0,0,0,0,0,0,0,0,0,0,0,0,2.05391641238214,0,0,0.295913509166347,0.800288830921832,0.517419926372899,0.57878241371528,0,0,0,0,2.22802110418299,2.34867209588094,2.27751181436576,2.29918138569817,0.213118911493617,0.0608078075157778,0,0.956231822608164,0.60625099344321,0,0.11013632059974,0.0369310448954148,0,0.732745791393505,0.227745968164938,0.618432491745211,0.190141738184796,0,0.536400290815248,0.0772347267788152
200,-0.0600000000767331,0.0707982280694087,0.0560672880504998,0.0224106902471449,0.00500000010132033,0.0600000000079458,-0.0970254145509406,-0.115000000101313,0.0532194950493858,0.928956716864097,3.7822402034543e-15,7.07828176328253e-15,0.370205827976921,-0.0227765652710848,-0.0362493045509143,0.051997424875001,-1.51962465556368e-14,0.0750000000000009,0.0005398829315106,-0.0750000000000035,-6.24395405055018e-15,-5.47718123175692e-15,-0.0750000000000003,-4.92272127308105e-14,-0.0238479726391533,1.16472388360153e-16,1.07908976971329e-15,-8.11531123556168e-16,-4.24058801292438e-14,-7.0866585056387e-15,-2.10713920055264e-15,-0.400000000000001,0.400000000000001,0.150000000000001,-0.400000000000002,0.399999999999999,0.25,-0.0756349659162788,-0.268107637124976,0.150000000000001,0,0,0,0,0,0.727227169033167,0,0.0894957127902322,0,0,0,0,0,0,0,0,0,0,0,0,0,0,0,0,0,2.08987385253981,0,0,0.316853867009243,0.863549334401428,0.556399020404692,0.62400418100598,0,0,0,0,2.24835789203941,2.36469076189212,2.2989815166293,2.31406713730223,0.229960987801317,0.0560418992082502,0,0.976514955767773,0.602460363036401,0,0.103018387873154,0.03461236284394,0,0.738396737546219,0.227360953991015,0.636864299470938,0.187333298483989,0,0.527819450037273,0.0944879525703194
201,-0.0600000000769799,0.0724322708536197,0.0566035750153213,0.0206645153250531,0.00500000010159,0.0599986304208108,-0.0988102828398505,-0.115000000101314,0.0530473576390519,0.928858860553692,-7.57182892664826e-07,2.21222738567175e-06,0.370451288107906,-0.0228674439096246,-0.0363054933616982,0.0519980476262657,-8.85983617717994e-15,0.074999999999999,0.050000000000004,-0.0401298282774606,-2.61813639240059e-09,-0.000546715182312266,-0.0750000000000006,-4.95325905324336e-14,0.00648257848206225,-0.0312995802532673,0.00388385571929398,0.201286722329596,-0.0392636562301562,-0.0257274799421152,-0.000262304644100606,-0.399999999999997,0.399999999999999,0.150000000000002,-0.399999999999999,0.399999999999997,0.149999999999999,-0.0893969327451127,-0.267232296530253,0.15,0,0,0,0,0,0.766078168323994,0,0,0,0,0,0,0,0,0,0,0,0,0,0,0,0,0,0,0,0,0,0,0.122492669003853,0.772418331200736,0.409342855540703,0.485568144663885,0,0,0,0,2.14430934375895,2.33496732663753,2.20778361273173,2.27149305766474,0.251394482246431,0.0793870135894353,0,1.12656137802028,0.722346300841176,0,0.169181159634711,0.0797619468028968,0,1.4588523637836,0.138476897241024,0.650036971512085,0.138850387665388,0.567825091689461,0.575964540690759,0.0605896287739064
202,-0.0600000000769845,0.0742158210533072,0.0571392652648167,0.0190009969054052,0.00500000014287812,0.0600000000139164,-0.100507412790934,-0.115000000101325,0.0537078938262198,0.927431182932797,1.46871447691614e-06,-8.81850757225305e-06,0.374011255852259,-0.023975576880417,-0.0368595290968298,0.051997424875064,-5.47813723576699e-15,0.0749999999999999,0.00380003970848756,-0.074999999999995,4.65421864071184e-08,1.38649099090942e-09,-0.0750000000000003,-4.08178912834461e-14,0.0500000000000005,0.00302106543115026,-0.00661403120485875,0.462731799411445,-0.063768654819916,-0.0276584028185287,-2.46732659758667e-06,-0.399999999999995,0.324974249726964,0.150000000000002,-0.399999999999997,0.399999999999999,0.15,-0.0367863729026736,-0.399999999999996,0.15,0,0,0,0,0,0.755236010245054,0,0,0,0,0,0,0,0,0,0,0,0,0,0,0,0,0,0,0,0,0,0,0.111153830261662,0.76322299456297,0.389153393207802,0.48522343161683,0,0,0,0,2.19807816997213,2.38110930192694,2.23551023575858,2.34367723614048,0.240224872587663,0.15067937435595,0,1.21074357988772,0.3987121443145,0,0.214367373335609,0.135300019838673,0,1.49071852828036,0.0805748641941714,0.640692910244449,0.065196038140664,1.10571055085985,0.558654477418908,0.0504126547828239
203,-0.0600000000767242,0.0761357998162554,0.0571309610049418,0.0172014508439315,0.00500000013964709,0.0600000000140063,-0.102239427273853,-0.115000000101326,0.0542435842065752,0.925644223689928,1.05332075386221e-06,-8.68336198626875e-06,0.378412344666709,-0.0252699994161569,-0.0373743637409376,0.0519974334869698,-4.30062812456224e-15,0.075000000000005,-0.0045885218842978,-0.0749999999999959,4.7903997381697e-08,1.51890961570588e-09,-0.0750000000000002,-4.01278918665758e-14,0.00380004334665378,0.00325993797627322,-0.00623691124633521,0.486751668050356,-0.0659421324530911,-0.0248919485031205,4.36226084514704e-05,-0.399999999999994,0.400000000000003,0.150000000000002,-0.399999999999998,0.399999999999999,0.15,-0.0253780044071686,-0.399999999999996,0.15,0,0,0,0,0,0.785618239079413,0,0,0,0,0,0,0,0,0,0,0,0,0,0,0,0,0,0,0,0,0,0,0.172948999781557,0.950037361962154,0.510261493027463,0.612724868716249,0,0,0,0,2.0973168985613,2.32372660982162,2.13909407094841,2.28194943743451,0.254038638119543,0.156271665147619,0,1.24090654744087,0.41143904956347,0,0.236944101430856,0.127542971793833,0,1.54356520611691,0.0808836709507995,0.665255526812915,0.0521565525805,1.15669797021609,0.585170047736855,0.0481758244344476
204,-0.0600000001015602,0.0780557787485607,0.0575054971430822,0.0153972097610884,0.00500000014411086,0.0599999964328911,-0.103947434023783,-0.115000000112974,0.0541513886890116,0.923803461526574,9.30618422350608e-07,-8.77848292266036e-06,0.382884333560325,-0.0265851646677915,-0.0378604338282888,0.0519974364032851,1.51744805937924e-11,0.0750000000196138,0.0418101421476046,-0.0749999999943874,4.87678033282157e-08,1.47660916071316e-09,-0.0749999999995736,2.46189411629276e-11,-0.0129359151930191,0.00339434958635336,-0.00626977774183321,0.484260619476817,-0.0660585228050983,-0.0244145841495827,5.30303764501684e-05,-0.399999990969308,0.400000011662775,0.149999999731204,-0.399999996662781,0.400000004438198,0.150000000398124,-0.0273563196551403,-0.399999985332616,0.165646259695841,0,0,0,0,0,0.786339465476028,0,0,0,0,0,0,0,0,0,0,0,0,0,0,0,0,0,0,0,0,0,0,0.143304426483509,0.995048551131681,0.507503548815963,0.630849428799226,0,0,0,0,1.99379867745203,2.25556958079011,2.04897123943494,2.20039701880722,0.284665029256066,0.188879485958603,0,1.32638553069085,0.434670638248761,0,0.258207270410644,0.133244185593625,0,1.64077699215952,0.0913455122866923,0.706760380101637,0.0357091622788595,1.20468843024368,0.611540677000611,0.0404471901826415
205,-0.0600000000863006,0.0799757576948283,0.0578773903308253,0.0135919255860877,0.00500000014035325,0.060000000014006,-0.105647637667738,-0.115000000101307,0.0539304671066647,0.92194582212008,9.19531830061165e-07,-8.75630738344553e-06,0.387336114820824,-0.0278946950427428,-0.038342220466757,0.0519974360118299,-6.96203309782794e-15,0.0749999999999996,-0.0043898191767687,-0.0750000000000001,4.95035642064666e-08,1.43376161567804e-09,-0.0749999999999997,-4.57971745494148e-14,-0.00917504775273399,0.0034206881023694,-0.0061646795477677,0.486184766088054,-0.0655895480489583,-0.0243312872662786,5.17904556617277e-05,-0.399999999999996,0.4,0.229982394041105,-0.381791633117406,0.399999999999997,0.203711400901016,-0.128893994357044,-0.399999999999999,0.178932669887415,0,0,0,0,0,0,0,0,0,0,0,0,0,0,0,0,0,0,0,0,0,0,0,0,0,0,0,0,0.930448278737855,1.62013226711589,1.12492823460744,1.4256523112463,0,0.399578877149702,0,0,1.98764076977966,2.34555079179479,2.06850451417042,2.26468704740403,0.464750329427999,0.346311646046488,0,0.738524769992123,0.460429548529743,0,0.348229982290496,0.182645085341714,0,0.699434575212578,0.14564695825586,0.540088989822349,0,0.423568448268556,0.895374246886381,0
206,-0.0600000001013245,0.0818957366719755,0.057356152202222,0.0147600839959643,0.0050000001013402,0.0600000000116927,-0.106304039117198,-0.115000000101333,0.053782561752037,0.921004112455299,-9.36334463001445e-07,-8.05293216140441e-06,0.389570053520233,-0.0286830209299967,-0.0386055330106093,0.0519974249783045,-3.96378958619855e-15,0.0750000000000053,-0.0475183502505469,0.0750000000000048,-4.07824815787855e-15,-6.81517034083387e-15,0.00894015278121661,-3.90173181747664e-14,-0.00563319702778136,-0.000282980690984649,-0.000107994409588056,0.048982382863926,-0.0121689663114322,-0.00271386335019028,-2.70277799147634e-07,-0.399999999999995,0.400000000000003,0.150000000000002,-0.399999999999997,0.4,0.15,-0.174018345219126,-0.399999999999995,0.15,0,0,0,0,0,0.918264497343473,0,0,0,0,0,0,0,0,0,0,0,0,0,0,0,0,0,0,0,0,0,0,0.453651248053295,1.44366898571901,0.888302208480288,1.00901802529202,0,0,0,0,1.84678901023082,2.20166416621487,1.95310020341061,2.09535297303508,0.286366673224559,0.179194554474678,0,1.26609100206221,0.400756136217467,0,0.277536316463198,0.0595992795482279,0,1.66519205157332,0.0882295726257625,0.71631648890657,0,1.25812945647527,0.619007178762132,0.0501481984034144
207,-0.0600000000986807,0.0838157156619041,0.056946475168766,0.0135601740619749,0.00500000010032145,0.0600000037282668,-0.107625663837405,-0.115000000104882,0.0536413179647047,0.920987124156961,1.11232253691857e-07,3.03347842817245e-07,0.389610214256775,-0.0287071960781466,-0.0386102209859037,0.05199742501541,1.79597624519077e-12,0.0750000000018737,0.00628164821796152,-0.0749999999986961,1.14380848300399e-12,3.33295214699045e-12,-0.0750000000007753,2.96327058055612e-12,-0.0084769629038527,0.000294967476935599,-0.00172775364435802,8.69465754396462e-09,-8.7496331188129e-05,-1.52337523222771e-05,-2.12872135069463e-07,-0.399999998924068,0.400000001114165,0.149999999810232,-0.399999999224687,0.400000000682669,0.150000001983643,-0.181364427394626,-0.399999998209563,0.150000000229798,0,0,0,0,0,0.88727427107048,0,0,0,0,0,0,0,0,0,0,0,0,0,0,0,0,0,0,0,0,0,0,0.668760864376529,1.6131278582866,1.08528935064847,1.19659937201466,0,0,0,0,1.91184752845489,2.17462637296445,1.98063447271744,2.10583942870191,0.264505337598767,0.172527199212026,0,1.16057421620303,0.339860949774735,0,0.218368742998476,0.0825679400692932,0,1.51048281915113,0.0856930658669814,0.694051631052312,0,1.13874860836008,0.533129025466859,0.110519817709413
208,-0.0600000001071934,0.0857356946653033,0.0567883705875697,0.0119354824940165,0.00499999795785613,0.0600000027851758,-0.109442593997747,-0.115000000065725,0.0534240267585974,0.920539823022124,7.97147708671177e-08,-2.39472402779e-06,0.390665910050419,-0.0290504876847474,-0.0388312664299688,0.051997583804712,-1.55196433206464e-12,0.0750000000265177,-0.0219509415358219,-0.0749999999943665,-2.70351834541197e-09,5.82221337183983e-10,-0.0749999999996197,2.86099409144639e-11,-0.0132284002532061,-0.0122105226874484,0.000446690685699563,0.422423087507991,-0.0541779727554783,-0.0310133889432139,0.000223107668849065,-0.400000000914742,0.400000015767949,0.14999999921431,-0.399999996650334,0.400000021504772,0.230615027840029,-0.261429973617369,-0.399999982959481,0.150000000143082,0,0,0,0,0,0.909566217631788,0,0,0,0,0,0,0,0,0,0,0,0,0,0,0,0,0,0,0,0,0,0,1.14346138090767,2.09837210459012,1.58486098356871,1.65697250192908,0,0,0,0,1.70442362196081,2.03582202264468,1.82139107374473,1.91885457086076,0.279421630034861,0,0,0.972727742875391,0.374063906193058,0,0.149855597561435,0.101257817423329,0,0.585458822028183,0.0449076530612134,0.597370800161038,0.167705372494553,0.467804313063595,0.448201807841799,0.187307877716345
209,-0.0600000023741241,0.0875688723114176,0.056890041394864,0.010136650581453,0.00500000086076747,0.0599999996556745,-0.111198385783414,-0.114999998536091,0.0537001484415103,0.91877621939972,1.32530588319968e-06,-8.06573013286872e-06,0.394795867064455,-0.0302165247221435,-0.0394130714014677,0.0519974271796664,1.6981653597001e-10,0.0750000006670307,0.0318490040262103,-0.074999999658941,5.16900440052155e-08,1.09773501563786e-09,-0.0750000002313564,1.29360665379548e-09,0.0405715461785168,0.00282059205437779,-0.0057848879830701,0.470855830727471,-0.0609103173507607,-0.0274561940159475,8.09730808558468e-06,0.203778601338859,-0.399999603367675,0.190551234818994,0.291483906944425,0.0640886773923837,0.206827726371335,-0.0781310712108057,-0.399999230772259,0.151015863334036,0,0,0,0,0,0,0,0,0,0,0,0,0,0,0,1.50972501846212,0,0,0,0,0,1.06154401202112,0,0,0,0,2.65741811108679,0,2.0139167671225,2.48648052994328,2.14754185898546,2.35285543808033,0,0.0874690121436819,0,0,1.7754533009839,2.27170714759907,1.92275774551953,2.12440270306343,0.414783155580484,0.107166395283408,0,0,0.51885841545853,0,0.417942288304806,0.176661529227155,0,0,0.0827801797869521,0.256741511366099,0.152275007858354,0.259900949962768,0,0
210,-0.0583000500335142,0.0863689174990693,0.0570627115339337,0.0112885532067866,0.00348673677659061,0.0595439543561904,-0.112796668269662,-0.115000000101303,0.0540472695060549,0.917855620413087,-6.79468796382613e-07,-8.0907654157587e-06,0.396931499533654,-0.0309372212682263,-0.0397003505024398,0.051997424682616,0.0750000000000012,-0.0750000000000039,-0.0143509869722731,0.0749999999999996,-0.0750000000000053,-0.0457842206014512,-0.0750000000000014,5.11375491871093e-14,-0.00562841078890301,-0.000326523055566072,-0.000168969924584362,0.0365157801577349,-0.00940506333690591,-0.00251331802958386,-1.0996947803894e-06,-0.399999999999999,0.399999999999998,0.25,-0.4,0.399999999999997,0.249999999999999,-0.400000000000001,-0.400000000000002,0.199214949868777,0,0,0,0,0,0.610944252708131,0,0,0,0,0,0,0,0,0,2.3780515647507,0,0,0,0,0,0,0,0,0,3.64464228228788,0,0,0.792639392192872,1.19385050591352,0.866579483384857,1.11991041472153,0,0,0,0,2.44253197603407,2.4071525519082,2.37331155180335,2.47637297613892,0.287782271328466,0.390333407686465,0,0,0.216902672245166,0,0.133849502593937,0.175526344174437,0,0.774871288280935,0.28823907751891,0.630943532733348,0.073431722888023,0,0.367873281438916,0.186925019589342
211,-0.0594999601065549,0.0875688724545144,0.0563258657223451,0.0100886418323272,0.00468669214856374,0.0588361630909387,-0.114657674425803,-0.115000000237423,0.0534703913114776,0.917845619241243,-6.90718305965261e-08,-4.2185212713268e-07,0.396954625300903,-0.0309514558561815,-0.0397037317622986,0.0519974247723237,-0.0750000002268539,0.0749999999288875,-0.0499999999969544,-0.074999999751842,0.0750000005321128,-0.0250983348695997,-0.0750000000317858,4.21397876642824e-10,-0.0499999999997436,0.000147023888987372,-0.00108959362172425,6.75236625280013e-09,-5.98288538148597e-05,-8.43109379276147e-06,-1.39977585252827e-07,-0.400000134880958,0.379968846541855,0.246142822979518,0.35923519559966,-0.07773833093662,0.249999998789569,-0.188283238574982,-0.399999749417201,0.150000000152255,0,0,0,0,0,0,0,0,0,0,0,0,0,0,0.033346878721126,0,0,0,0,0,0,0,0,0,0,0,0,0,1.42355136472266,1.86202134374301,1.5296556865075,1.75591702195817,0,0.170541211196249,0,0.0972421801621718,1.98495783898084,2.44886640899282,2.12686732851148,2.30695691946218,0.410851752284836,0.174531505689521,0,0.489495887140768,1.01155182727593,0,0.405283590727161,0.19975516406273,0,0.403374656386685,0.153986829578458,0.289945782423829,0.179210482955856,0.284377625861974,0.842670984541875,0
212,-0.0600000001600225,0.0867673275406359,0.0556014129207334,0.0110584925325084,0.00500000096901966,0.058874886391507,-0.113775330500567,-0.115000000919999,0.0530110813010231,0.917845619605644,5.19207646993158e-09,2.42431366046183e-08,0.396954625423802,-0.0309514111028203,-0.0397037179191925,0.0519974248800462,4.42801728828146e-10,-0.0749999983896864,-0.0225823674704461,0.0750000009554593,2.00836555352012e-09,0.0287016651514801,0.0749999997665633,1.94941840677641e-09,0.00380000008588977,6.48816448068555e-06,-1.26790219579127e-05,5.45889740156395e-11,-4.72216189724483e-07,-2.84571862526307e-07,-6.22745781706474e-11,-0.399999736692469,0.400000957530041,0.216718458465412,0.234879786544997,0.0577269030989366,0.190132098232143,-0.339504688889149,-0.399998840802018,0.150000051180683,0,0,0,0,0,0,0,0,0,0,0,0,0,0,0,0,0,0,0,0,0,0,0,0,0,0,0,0,1.40325987815689,1.8242137794961,1.50173389793967,1.72573975971332,0,0.186976779158563,0,0.122621587044895,1.98256427790518,2.44589974938339,2.13177841512208,2.29668561216651,0.40707814151075,0.171469874109627,0,0.477259014973593,1.00298729845198,0,0.405663167466966,0.193798262194629,0,0.39537282385518,0.157669139332691,0.280849857784761,0.179997528655373,0.279434882503288,0.839058700721528,0
213,-0.0600000000616972,0.0855397909588828,0.0551774734609298,0.0125637355476403,0.00500000032293238,0.0593031240850881,-0.112120365529058,-0.115000000200385,0.0536233313013514,0.917845619180539,-2.08125078962877e-10,-4.52607806682732e-10,0.396954625272199,-0.0309514146677246,-0.0397037211903787,0.0519974248755294,9.43056152685331e-11,-0.0478891913646458,-0.019825364502771,0.0750000002074233,4.40667554936183e-10,0.0141946396267644,0.0749999999457435,3.92163765653642e-10,0.050000000019371,-6.28714138257385e-07,2.72883267771714e-06,1.45994125158429e-11,1.39335743677911e-07,3.59688335085365e-08,1.62611014881873e-11,-0.399999943918493,0.400000189299765,0.213055865614648,0.204760061229531,-0.00187015930828664,0.177153268845546,-0.33886140992537,-0.399999766782115,0.150000011519016,0,0,0,0,0,0,0,0,0,0,0,0,0,0,0.0103625773679929,0,0,0,0,0,0,0,0,0,0,0,0,0,1.36734600964164,1.7736463530778,1.46045422324237,1.68053813947707,0,0.231019429192258,0,0.177985943444083,1.9811792618348,2.41536764131073,2.11729579276297,2.27925111038256,0.399931117859879,0.169574021944038,0,0.466336994600473,0.980599902371683,0,0.394134358369228,0.196383171445712,0,0.379730025411484,0.151703211290675,0.277193610525893,0.178512261909147,0.27139694991844,0.812833241804819,0
214,-0.0599999999449123,0.0843922456426428,0.0547772475570404,0.0141056983993021,0.00500000295004547,0.0594402321394473,-0.110472577223542,-0.115000000199231,0.0546661252835517,0.917845618344426,-1.47071463692305e-11,1.0957466883292e-11,0.396954625471596,-0.0309514148029384,-0.0397037218894774,0.0519974248721631,2.33103157588757e-10,-0.0667708924212381,-0.0201953771688663,0.0750000000464511,-1.23183590673444e-10,-0.00041067127860606,0.075000000001423,1.69943466089635e-10,0.0500000000064849,2.21462482461921e-08,-1.25077271673162e-07,-7.93819770005929e-11,-5.87856811595279e-09,-1.1323305917127e-09,-1.56921310068385e-11,-0.399999861390438,0.400000044088693,0.149999999611764,-0.399999972380528,0.399999926750055,0.149999933172454,-0.334667439723069,-0.399999898919331,0.150000003856257,0,0,0,0,0,0.801517891206001,0,0,0,0,0,0,0,0,0,0,0,0,0,0,0,0,0,0,0,0,0,0,0.159990357533627,1.03670676937186,0.551032693445066,0.645664433460422,0,0,0,0,1.73726165995889,2.0251428725504,1.83384730379194,1.92855722871735,0.304232885592485,0.0823043754610333,0,1.20102730244871,0.853485772441656,0,0.183390536453171,0.203331063035781,0,1.28157810333092,0.0309001931249543,1.13104069575808,0.151927970607649,0.503368946785508,0.521385585354856,0.103779543857274
215,-0.0600000001050309,0.085658034001296,0.054235454953451,0.0129057840944839,0.00500000112039509,0.059972710402223,-0.111672488528563,-0.115000000225312,0.0556804857393573,0.917845618833541,-1.31411830952809e-10,2.19483788030213e-10,0.396954625630789,-0.0309514136911268,-0.0397037197156027,0.0519974248740954,-4.09096299345409e-10,0.0749999996799513,-0.033915281014744,-0.0749999994579532,1.24502037988615e-09,0.050000000019913,-0.0750000001436476,9.71548165017195e-10,0.0500000000585358,-6.08081545821648e-11,1.73219204781436e-09,5.11910368208517e-11,4.69300175170468e-09,8.75135333173782e-09,1.53080698200193e-11,-0.400000243236258,0.362029326876975,0.232935377016781,0.305429485871212,-0.135349750670858,0.150000011841349,-0.151197343042444,-0.399999422261169,0.150000034808582,0,0,0,0,0,0,0,0,0,0,0,0,0,0,0,0,0,0,0,0,0,0,0,0,0,0,0,0,1.49842847627402,1.91737062002446,1.59647859014172,1.81932050615676,0,0.247623133653898,0.0213719224656666,0.201738068485322,1.96541553506444,2.39922078232598,2.10358987419474,2.2610464431957,0.412597580151669,0.177175715936132,0,0.46792444283499,0.955532567908304,0,0.388587195535274,0.188292921224932,0,0.374877253773517,0.156621104645213,0.282184743299701,0.167737867601019,0.258174801016303,0.782194981290375,0
216,-0.0599999998885131,0.0850708951202485,0.0536946728164027,0.0132286195171534,0.00500000085567254,0.0595950914977916,-0.110897639882234,-0.11500000034041,0.0567072434182803,0.917845618907855,-1.27293336032153e-10,1.70648059503884e-10,0.396954625562508,-0.0309514141245488,-0.0397037199711971,0.0519974248734455,-8.11681756078877e-11,-0.0749999996546743,-0.02023135347626,0.0750000004120535,9.30027011454396e-10,-0.0431346261411008,0.0749999999050905,7.46302036785181e-10,0.0500000000406601,-6.2441846098812e-11,1.49405503278187e-10,3.56849838309297e-11,2.64458722649071e-09,7.14960833112403e-09,1.04944972599549e-11,-0.308388226911125,0.400000205339183,0.218513526952303,0.171623316120892,-0.0456688666595536,0.223265583220144,-0.311055780575342,-0.39999955626768,0.15000002417866,0,0,0,0,0,0,0,0,0,0,0,0,0,0,0,0,0,0,0,0,0,0,0,0,0,0,0,0,1.57745144156804,1.98926266905158,1.67265143592896,1.89406267469066,0,0.24333159286809,0.0196919899548,0.209078529943861,1.96364113015804,2.39354231322764,2.10160944124779,2.25557400213787,0.409128729606625,0.176975769034698,0,0.45624090960688,0.933849154158065,0,0.385253472668069,0.181042994064103,0,0.363422444172633,0.153622141330035,0.274787281750066,0.157688870468272,0.250912520702676,0.763505813225025,0
217,-0.0599999998923591,0.0834493873927597,0.0532818707332841,0.0147364480771586,0.00500000084662601,0.0592450025616446,-0.109282094987674,-0.11500000064009,0.0577238865488524,0.917845619158623,-1.16445079377232e-10,1.63857549007115e-10,0.396954625735707,-0.0309514141083962,-0.039703720130524,0.0519974248731895,-6.97006876200697e-11,-0.0749999996826962,-0.0210447873128419,0.0750000003744696,8.66251099028494e-10,0.00787070568751474,0.0749999999133419,6.96693579679226e-10,0.0500000000370413,-1.84075053859216e-11,-2.5363180821393e-12,2.40827351053825e-11,2.40719227386766e-09,6.57504546940758e-09,8.80174415519335e-12,-0.266139312144889,0.400000188676815,0.216982284847161,0.161361197391671,-0.0425872994324506,0.177404126908157,-0.297638096710412,-0.399999585700611,0.150000022026774,0,0,0,0,0,0,0,0,0,0,0,0,0,0,0,0,0,0,0,0,0,0,0,0,0,0,0,0,1.55554509731383,1.95163961605828,1.64591754622888,1.86126716714324,0,0.275520710524589,0.0632856405025514,0.240807116624062,1.96112488820377,2.37500599011589,2.09368712497109,2.24244375334858,0.396318857470398,0.170632507716693,0,0.438789102272943,0.906084539426246,0,0.375560865479711,0.174955481729696,0,0.345936689665804,0.144317127003353,0.262009882580164,0.148639711793573,0.241252279812263,0.738737280871423,0
218,-0.0600000000177533,0.0817467433081842,0.0528530637196101,0.0162695252058172,0.00500000006447968,0.0594145291779984,-0.107682670830265,-0.115000000101311,0.0587305212237095,0.917845619300632,-1.02089404459461e-14,1.66659361714129e-15,0.396954625232687,-0.0309514150528727,-0.039703722095366,0.0519974248749997,2.90723805007174e-14,-0.0749999999999979,-0.0218319787736934,0.0750000000000003,4.39482450944771e-15,0.0090759271568486,0.0750000000000005,-4.46852707580884e-14,0.0500000000000006,-5.59659945417099e-14,3.84262148857006e-13,-1.69625423323136e-15,-2.29501811217817e-14,1.13578203537446e-14,-5.94865329206806e-15,-0.250574124054355,0.400000000000001,0.214099733761182,0.166256669928956,-0.0432524894158894,0.176332354117791,-0.277581049467891,-0.399999999999998,0.15,0,0,0,0,0,0,0,0,0,0,0,0,0,0,0,0,0,0,0,0,0,0,0,0,0,0,0,0,1.5137308823994,1.88296404724656,1.59359557330072,1.80309935634525,0,0.309885984877607,0.112133953074554,0.279862544892345,1.97415231743104,2.3669649483275,2.09989179087074,2.2412254748878,0.380379363526316,0.164987266455197,0,0.416022688233814,0.868141459681341,0,0.361687122385288,0.166334608722909,0,0.323757816204964,0.136220473978381,0.244655339183277,0.137567287238424,0.225963627049917,0.707148306183098,0
219,-0.0599865716583411,0.0799898790874098,0.0524070515020801,0.0178318089913051,0.00500000008244257,0.0593709536024925,-0.106098512841959,-0.115000000101329,0.0597125422470904,0.917845619300661,2.67595347160603e-15,-3.81863382987643e-15,0.396954625232657,-0.0309514150528432,-0.0397037220953646,0.0519974248750042,0.001336155166946,-0.0749999999999956,-0.0227645799732956,0.075000000000004,-1.11684397805824e-15,-0.013321497584459,0.0749999999999997,2.85499164263127e-15,0.0482110471027071,1.32556290662829e-14,-1.36629559487506e-14,-2.19872448360064e-15,4.34689043881157e-14,2.6091265254559e-14,6.82172226174373e-15,-0.399999999999995,0.400000000000003,0.150000000000002,-0.399999999999998,0.399999999999999,0.15,-0.148752231880997,-0.399999999999996,0.15,0,0,0,0,0,0.865202345973895,0,0,0,0,0,0,0,0,0,0,0,0,0,0,0,0,0,0,0,0,0,0,0.211568091543518,1.06654314928132,0.576058839608106,0.702052401216734,0,0,0,0,1.77669856948273,2.12474792472496,1.87467357361708,2.02677292059061,0.288128851936982,0.193446642033638,0,1.27554114566598,0.478429377597517,0,0.329217892714452,0.102423229495849,0,1.69485256314262,0.153782383823087,0.698109590394571,0.0834965185248494,1.31200578256091,0.719275460526748,0
220,-0.0600000001013055,0.081189834089646,0.0524924499026143,0.0166318989823064,0.00500000010131731,0.0596452136507953,-0.106699704059457,-0.115000000101305,0.0598306492220538,0.917845619300628,-8.91355511635124e-15,1.53380948691444e-15,0.396954625232683,-0.0309514150528714,-0.0397037220953672,0.0519974248749997,-1.34992838500748e-14,0.0749999999999995,0.0310354200267009,-0.0749999999999997,1.2199987723414e-15,0.0404785024155406,-0.0749999999999996,-4.38570774949011e-14,-0.0278540233778252,-8.46432432785218e-16,-2.40594116823062e-16,-2.17439088877284e-15,-3.04538939830276e-14,6.68689910195639e-15,-6.410541883955e-15,0.149462021600478,0.00435893599881226,0.153156078977823,0.286328029552896,0.0887295513011426,0.16393111420046,-0.129141716138849,-0.399999999999998,0.15,0,0,0,0,0,0,0,0,0,0,0,0,0,0,0,0,0,0,0,0,0,1.0200227422557,0,0,0,0,0,0,1.71317894724943,2.03286835822624,1.77349257302356,1.97255473245211,0,0.302145703816924,0.149632594378841,0.288560393335155,1.99508648856627,2.37754212511426,2.11162188379633,2.2610067298842,0.354353085059511,0.14896691728337,0,0.358697291040105,0.781337929296721,0,0.337945577051832,0.131415474668405,0,0,0.134376849346095,0.206850066418843,0.116824947751669,0.190443017390628,0.647871199653872,0
221,-0.0586038689199079,0.0799898796669065,0.0526488483674777,0.016949423803955,0.00500000009922749,0.0599904781728561,-0.106179102756229,-0.115000000202308,0.059814258894968,0.91784561925983,-3.16359131978354e-11,1.28756802020437e-11,0.39695462528158,-0.0309514152756263,-0.0397037216387357,0.0519974248773397,0.0749999998055127,-0.0749999997706783,-0.0151645732649731,0.0750000000420605,1.7370775639296e-10,-0.00572105298062643,0.0750000000337573,9.86491734596183e-11,0.0259459969126454,-5.48310000534087e-12,-1.99632646762886e-12,2.65474002256211e-11,-1.02475442067025e-09,2.18893340911278e-09,4.47742549171208e-12,-0.0753719930728514,0.247193623308399,0.177515118506451,0.184120163151202,0.400000103291942,0.222182015808016,-0.181368302533076,-0.399999941365291,0.150000000617769,0,0,0,0,0,0,0,0,0,0,0,0,0,0,0,0,0,0,0,0,0,1.44597154234598,0,0,0,0,0,0,1.56774326308324,1.90181790487393,1.64227067970453,1.82729048825264,0,0.325066889273789,0.118749868467424,0.29257726999415,2.04161310454066,2.33180231857591,2.11715510261842,2.25626032049814,0.327647361391875,0.157453599634201,0,0.362303126451087,0.738577550365153,0,0.302769238088356,0.137089205604625,0.0402382968055142,0,0.182616963324814,0.292189398693565,0.162252467621413,0.26731137706387,0.362588366838178,0
222,-0.056882976964945,0.0780699009172385,0.0520488812712443,0.0184675355414921,0.00500000003454112,0.0594117471077409,-0.105950700609901,-0.115000000101337,0.0600000000117514,0.917845619300666,9.38551852889605e-16,-3.71637894570061e-15,0.39695462523265,-0.03095141505284,-0.0397037220953595,0.0519974248750046,0.0750000000000087,-0.0749999999999952,-0.0446845368451199,0.0750000000000051,2.05197541257216e-17,-0.0499999999999991,-0.0515271679709288,-4.18520172092619e-14,1.88622702959109e-14,8.09904654892582e-16,1.6622443817116e-16,-1.42697793913066e-15,5.45725645032548e-14,2.69211373693384e-14,8.05425375649789e-15,-0.399999999999995,0.400000000000003,0.150000000000002,-0.399999999999997,0.4,0.150000000000001,0.0108517585428235,-0.399999999999997,0.15,0,0,0,0,0,0.907101556159923,0,0,0,0,0,0,0,0,0,0,0,0,0,0,0,0,0,0,0,0,0,0,0.378622069664195,1.44397470954696,0.848572140599352,0.974024638611804,0,0,0,0,1.66136253983145,2.11656510878556,1.79414340513007,1.98378424348694,0.314065609224943,0.165869674097238,0,1.26159116464057,0.505032013047711,0,0.377813681529292,0.0257831164211979,0,1.65978881387406,0.0976416964021221,0.698442011230307,0.0283649012310841,1.33723156150272,0.729618893124511,0
223,-0.0580828869093987,0.0792698559677055,0.0516958805280542,0.0172676255596758,0.00500000010134331,0.0589524371082491,-0.107406010572741,-0.115000000101324,0.0599359245914125,0.917845619300654,5.45700662979275e-16,-6.40941968379613e-15,0.396954625232658,-0.0309514150528484,-0.0397037220953713,0.0519974248750004,-0.07499999999999,0.0750000000000016,0.00911546252922647,-0.0749999999999954,-3.57301279297203e-15,0.00380000005210076,-0.0750000000000001,-1.07591291260548e-14,-0.00637566371531824,8.42271158229364e-16,-4.30076839789975e-16,-1.93869278858263e-15,4.83000480072124e-14,-2.19389371249624e-14,-3.58634476092425e-15,-0.399999999999994,0.400000000000001,0.15,-0.399999999999997,0.399999999999997,0.150000000000001,-0.0283998882102712,-0.399999999999999,0.249999999999999,0,0,0,0,0,0.880146061428651,0,0,0,0,0,0,0,0,0,0,1.8884340620861,0,1.50072523646586,0,0,0,0,0,0,0,0,0,0.695053020706345,1.61645110108748,1.07643565405732,1.23506846773651,0,0,0,0,1.7747656534056,2.15590900411434,1.86660213472973,2.06407252279021,0.335532093446954,0.197885268732684,0,0.686069731152113,0,0,0,0.0763410461185348,0,1.57779012032513,0.127618785580275,0.656324259238755,0.0527966704072475,0.683329037659456,0.642808672110042,0
224,-0.0599950129049019,0.0811898349687543,0.0519023006708832,0.0153476675554705,0.00500000010131563,0.0595646871091936,-0.109325968576914,-0.115000000101309,0.059344101317108,0.917845619300632,1.49430578451481e-15,-2.81874414690053e-15,0.396954625232683,-0.0309514150528647,-0.0397037220953665,0.0519974248749987,-0.0498972324208917,0.0750000000000041,0.0115145562848927,-0.0750000000000002,4.48230761340754e-16,0.0500000000000001,-0.0749999999999999,-4.27098807634533e-14,-0.05,5.12937315034518e-16,1.43403835827884e-16,-2.23504052559865e-15,4.6533008078905e-15,1.84627002477417e-14,-8.04297233470353e-15,0.400000000000003,-0.399999999999998,0.15,0.376806976410892,0.00163664259033133,0.15,0.07539306554998,-0.399999999999997,0.220925036589375,0,0,0,0,0,0,0,0,0,0,0,0,0,0,0,0,0,0,0,0,0,0,0,0,0,0,1.29919630761366,0,1.76242589319951,2.10114597655313,1.89179083921693,1.97178103053572,0,0.29944571557277,0.149975861757779,0.228595375815953,2.01031615419285,2.32471913401995,2.07168886090814,2.26334642730465,0.278874480028582,0.0632520029139466,0,0.588145145807724,0.404505843433974,0,0.317482800842097,0.163047044250612,0.0103027456525783,0.482004369008144,0.0627513345652672,0.191089097397285,0.16254655460884,0.229697239503892,0,0
225,-0.0586359868096895,0.0799898799958642,0.0526443035690021,0.0151226089402092,0.00500000008722983,0.0599393030878518,-0.110880607780223,-0.11500000010131,0.0584488370984498,0.917845619300634,1.81003417203779e-15,-2.77343347067925e-15,0.396954625232681,-0.0309514150528634,-0.0397037220953664,0.0519974248749988,0.0750000000000051,-0.0749999999999959,0.0500000000000009,0.0518598392773574,-3.53950825549237e-15,-0.0166274167696328,-0.0749999999999999,-2.53627532331449e-14,-0.0395785292197167,5.51299299180325e-16,1.52305825479734e-16,-2.26848603354075e-15,6.85098201489065e-15,1.84814247766507e-14,-7.96389521390407e-15,0.400000000000003,-0.399999999999998,0.15,0.272086922072446,0.1645104173971,0.15,0.0527424506064373,-0.399999999999997,0.209867150733865,0,0,0,0,0,0,0,0,0,0,0,0,0,0,0,0,0,0,0,0,0,0,0,0,0,0,1.29675651253252,0,1.69331837383149,2.0401663527224,1.82602727192054,1.90745745463335,0,0.28641000340853,0.125643840476426,0.226566397150201,2.00545638543183,2.34818369137744,2.08002433423711,2.27361574257215,0.286211415017462,0.0602900321847226,0,0.59214038427787,0.415370948999696,0,0.329178885771436,0.157203589780404,0.0155768101312711,0.49174100381667,0.0701915029863932,0.194966512644346,0.167105045190909,0.237933998789484,0,0
226,-0.0570023518568226,0.078069900413533,0.0536969105423677,0.0163773482402227,0.00500000041161159,0.0597977623143287,-0.112443039391717,-0.11500000046883,0.0576613714232234,0.917845619242278,-1.12712965555576e-10,4.2888722032869e-11,0.396954625181176,-0.0309514159572815,-0.0397037204618924,0.0519974248804393,0.0749999995205527,-0.0749999991638106,0.0500000000168083,0.0735057317686653,6.29366011122869e-10,0.00237826662773473,-0.0749999999150177,4.81199474682087e-10,-0.0391700802601743,-1.93839239835724e-11,-5.73641517050816e-12,2.56977071928136e-11,-2.51526159328636e-09,7.66544961220684e-09,1.16122499500942e-11,-0.179643170808961,0.181312475444863,0.150000009995106,0.0831819356477009,0.400000374235552,0.211149827043948,0.108113541780964,-0.399999713839251,0.221709764623731,0,0,0,0,0,0,0,0,0,0,0,0,0,0,0,0,1.54658863896325,0,1.449640659506,0,0,1.91235130661843,0,0,0,1.39361493438537,1.97991661773848,0,1.41509246506253,1.78599532321595,1.49460183467644,1.70648595360205,0,0.214975911859744,0,0.155641254632667,2.09939170915331,2.41050404322936,2.15536705646364,2.35452869591903,0.35383669878575,0.23131609984178,0,0.436922093317764,0,0,0,0.158325496648182,0,0,0.204841227693632,0.361348192768476,0.131850864824932,0,0,0
227,-0.0552040151393011,0.0763130581590818,0.0542326005394329,0.0180130244430132,0.00500000010134848,0.0593810172024996,-0.114362996812581,-0.115000000101335,0.0566501209445865,0.917845619300661,2.98150141562817e-16,-4.15445527132828e-15,0.396954625232649,-0.0309514150528416,-0.0397037220953576,0.051997424875005,0.0749999999999982,-0.0750000000000001,0.00380000000000257,0.0750000000000051,1.5114284339653e-15,-0.0438217333945462,-0.0750000000000002,-4.06555551853354e-14,-0.05,7.12267519741469e-16,8.32931685293409e-17,-1.127507122565e-15,5.37916173134978e-14,3.8034554058579e-14,9.1689404022246e-15,-0.400000000000001,0.4,0.150000000000002,-0.399999999999997,0.400000000000001,0.150000000000001,-0.0201606024809532,-0.399999999999996,0.19598125120132,0,0,0,0,0,0.9248838970111,0,0,0,0,0,0,0,0,0,0,0,0,0,0,0,0,0,0,0,0,0,0,0.43464404369166,1.58057787226798,0.943518337108465,1.07170357885118,0,0,0,0,1.71594543913682,2.23005943365568,1.87958592216451,2.06641895062799,0.330707318068701,0.157423006290206,0,1.2967141809054,0.502467442990693,0,0.374439507488629,0.0567696218676622,0,1.63839783704536,0.0618093727872098,0.698030381809692,0,1.3042646748351,0.69315747742665,0
228,-0.0564039251483047,0.0775130131613341,0.0546428396650091,0.0168131144340272,0.00500000010132238,0.059045272534598,-0.115941421587301,-0.115000000101316,0.0561191287865843,0.917845619300643,-2.16294084600876e-15,4.67817836069867e-16,0.396954625232661,-0.0309514150528625,-0.0397037220953734,0.0519974248749989,-0.074999999999996,0.0750000000000007,0.0370576244354478,-0.0750000000000003,-5.78580849142756e-15,0.00997826660545292,-0.0749999999999999,-4.69325569357803e-14,-0.00333255303504448,-1.26108233789753e-17,-1.54017299203826e-16,-2.3570909030089e-15,-6.9580182080242e-15,-2.18592991577901e-14,-4.94591630614044e-15,-0.399999999999998,0.4,0.15,-0.4,0.399999999999997,0.25,0.00984870416585788,-0.4,0.181281849218401,0,0,0,0,0,0.90317271214491,0,0,0,0,0,0,0,0,0,2.49075102445219,1.52517100701547,0,1.29766477773877,0,0,3.32320420092283,0,0,0,2.65238821798147,2.35762486320001,0,0.798654296402676,1.59819905604456,1.09063114190899,1.30622221053824,0,0,0,0,1.89339621080913,2.24659910833482,1.99012028350549,2.14987503563846,0.366815340390813,0.223845991035223,0,0,0,0,0,0.0744144698956974,0,0,0.222183530258822,0.657892758805769,0.0942016983689856,0,0,0.0260489401458509
229,-0.0583238831675838,0.0794329921775539,0.0549196821503687,0.0148931582516445,0.00500000011210511,0.0587805278649197,-0.117861379624857,-0.115000000078123,0.0555881677201045,0.917845619259821,3.26747189842973e-11,5.84350900126092e-14,0.396954625169615,-0.0309514155844948,-0.0397037219234378,0.051997424874638,-0.0749999999614226,0.075000000507489,-0.00914237556038919,-0.074999999973845,3.57650633812649e-10,-0.0362217334043009,-0.0749999999481071,2.80630760133815e-10,-0.0495325530359893,-1.13607341754048e-11,-3.96853378497728e-12,-2.8092308402037e-12,-1.64289420326135e-09,4.49080641686641e-09,4.73187714925187e-12,0.219238165355511,-0.399999698235529,0.18491994476385,0.228030223461266,0.400000212667128,0.249999994199146,0.0101715960333463,-0.399999833150858,0.229075736946887,0,0,0,0,0,0,0,0,0,0,0,0,0,0,0,1.39689646090399,1.54043442777759,0,0,0,0,1.36762542173807,0,0.914518786432013,0,0.880665638155808,1.51116345679739,0,1.60818812914817,1.93523114273519,1.67197620326248,1.87144306862088,0,0.263728491264339,0.0118641975501914,0.222753387156992,2.12734070693556,2.43519595415209,2.17974930759004,2.38278735349761,0.339739246944831,0.16445915314474,0,0,0,0,0.328259392907707,0.186751928415272,0.0465513726858125,0,0.128274411729556,0,0.150567036982239,0,0,0
230,-0.0571239731435049,0.0784668315073673,0.0542739693935562,0.0160351078156368,0.0036327834703007,0.057786967466338,-0.119781337595721,-0.115000000101331,0.0545405926198128,0.917845619300659,-9.34346800800984e-17,-3.06163756474025e-15,0.396954625232643,-0.0309514150528372,-0.0397037220953593,0.051997424875005,0.0750000000000053,-0.0749999999999975,-0.0499999999999969,0.0750000000000054,-0.0749999999999977,-0.0499999999999991,-0.0750000000000003,-4.1893726473538e-14,-0.05,8.71390938292133e-16,2.21792303983421e-16,-1.55623472610463e-16,6.00242651894967e-14,3.00470879750501e-14,8.95698153379617e-15,-0.399999999999997,0.400000000000002,0.150000000000002,-0.399999999999997,0.400000000000001,0.15,-0.0930194951232387,-0.399999999999997,0.193408055778618,0,0,0,0,0,0.777787307849263,0,0,0,0,0,0,0,0,0,0,0,0,0,0,0,0,0,0,0,0,0,0,0.530154549534589,1.69436055266261,1.0382163584201,1.1862987437771,0,0,0,0,1.78828056896115,2.30882236591778,1.95230425762103,2.1447986772579,0.360168585289878,0.188289883399629,0,1.36114749239957,0.501548066133974,0,0.36812838335725,0.114926212831436,0,1.62423891484075,0.026438886052731,0.705450460594373,0,1.25749778271047,0.633925141425744,0
231,-0.0583238830768048,0.0796667865901031,0.0538146594136071,0.0148351979831247,0.00483273869648566,0.0573276574788888,-0.121363697537328,-0.115000000101309,0.054039917346483,0.917845619300639,-3.96277213237171e-15,-2.12885309544664e-15,0.396954625232655,-0.0309514150528637,-0.0397037220953718,0.0519974248749971,-0.0749999999999934,0.075000000000003,0.00380000199518036,-0.0749999999999949,0.0749999999999958,0.00380000124883776,-0.0749999999999999,5.98131057163281e-14,-0.000315947594960022,-5.26449006828283e-17,-3.0245708736164e-17,-3.67494228120244e-15,-3.23017471989812e-16,-7.72872920476242e-15,-7.76588554935297e-15,-0.399999999999996,0.400000000000002,0.175678467777745,0.400000000000003,0.399999999999998,0.25,0.00825819812711042,-0.399999999999998,0.18995838154501,0,0,0,0,0,0.485120422054239,0,0,0,0,0,0,0,0,0,0,1.54843272676416,0,1.51777068670978,0,0,2.60056382071751,0,0,0,2.03044088661757,2.23305780554762,0,1.19378813136293,1.79123476668374,1.3588394276462,1.62618347040047,0,0,0,0,2.11826716193741,2.48837117320345,2.1972192473356,2.40941908780527,0.41803255039753,0.30570330887077,0,0.619844178650723,0,0,0,0.183664424229337,0,0,0.191025923868905,0.516536560664807,0.0233297539375505,0,0,0
232,-0.0599999999289825,0.0815867656219401,0.0534263494537633,0.0138049865930745,0.00500000018673717,0.0569393475033051,-0.123283655647038,-0.115000000168677,0.0535692883938537,0.91784561932708,-6.85697749103358e-13,1.51615560372465e-11,0.39695462519511,-0.0309514149688891,-0.0397037219718848,0.0519974248748264,-1.93057054263414e-06,0.0750000000648414,-0.042399998007737,-0.0282548763844532,5.50004666947837e-11,-0.0423999987528178,-0.0749999999508479,6.12193179756529e-11,-0.0465159475931802,-1.77177384507416e-12,-3.15604319637648e-13,-9.67612693734364e-12,-9.82894957891215e-11,6.80699101293923e-10,3.09291415006614e-13,-0.399999999538379,0.400000038556133,0.216843399744903,-0.400000000489675,0.400000032704476,0.249999999014788,0.106017711633768,-0.393999119797572,0.236510649776344,0,0,0,0,0,1.22411573470483,0,0,0,0,0,0,0,0,0,0,0,0,1.53093911230886,0,0,2.62634084594093,0,0,0,2.10347587157381,2.22353920024281,0,1.26054394395382,1.94116611692621,1.46870249509888,1.73300756578115,0,0,0,0,2.08032462306672,2.47435406265197,2.16955684772,2.38512183799869,0.421224881983716,0.279398664549794,0,0.640750091449582,0.448890058291323,0,0,0.184977551697338,0,0,0.153332158951677,0.531224445316414,0.0131608387142145,0,0,0
233,-0.0600000002570784,0.0835067446931386,0.0527344366074005,0.0121168822779087,0.00500000003815193,0.0559211923569072,-0.125203612470862,-0.114999999253852,0.0525277465097695,0.917845618745228,4.28591690678306e-11,1.17231462276236e-11,0.396954625535962,-0.0309514159553942,-0.0397037223645154,0.0519974248731092,9.47214798871706e-11,0.0750000005969765,-0.0268689397135252,-0.0750000003116472,4.65493519427904e-10,-0.0500000000119826,-0.0749999995639592,-1.2486026293235e-10,-0.0499999999973652,-1.22184663108545e-11,-7.03392569999762e-12,4.91874417055484e-11,-2.69751804650641e-09,4.70367677840689e-09,4.66172088955408e-12,0.0275319146303674,-0.399999645024191,0.218978141128225,0.399999814696702,0.400000276795117,0.249999992874518,-0.0543031860918584,-0.400000074216444,0.232886334134594,0,0,0,0,0,0,0,0,0,0,0,0,0,0,0,1.48581291454571,1.56692924333048,0,0,0,0,1.40749303643954,0,1.01601813893408,0,0.902305168510406,1.48861015977559,0,1.79691489904885,2.1916089616434,1.89410270430445,2.09442115638781,0,0.206730554257751,0,0.146540269012691,2.17996967130112,2.56136227773781,2.26769894752384,2.47363300151511,0.372652836562275,0.16342272304801,0,0,0,0,0.341063720102797,0.19111865542517,0.0237867344323205,0,0.103990552900467,0,0.131685883346768,0,0,0
234,-0.0583000500963154,0.0823067895899535,0.051824899352731,0.0130953301532324,0.00330002505072035,0.0548726823613257,-0.12712357154996,-0.115000000101336,0.0514792364993948,0.917845619300656,-1.43243606212549e-16,-5.10255007562001e-15,0.39695462523265,-0.0309514150528394,-0.0397037220953581,0.0519974248750044,0.0750000000000054,-0.0749999999999959,-0.0499999999999974,0.0750000000000055,-0.0749999999999958,-0.0499999999999993,-0.0750000000000003,-3.98292850713677e-14,-0.0500000000000001,6.85430298829796e-16,2.44720885458735e-16,-6.86190803335513e-18,6.12529159415211e-14,4.68204088683717e-14,7.84577738893236e-15,-0.399999999999997,0.400000000000003,0.150000000000002,-0.399999999999997,0.400000000000003,0.15,-0.195067776235016,-0.399999999999995,0.207507470580715,0,0,0,0,0,0.792568544079914,0,0,0,0,0,0,0,0,0,0,0,0,0,0,0,0,0,0,0,0,0,0,0.731043368146951,1.91277294359465,1.23461571185651,1.40920059988509,0,0,0,0,1.92096600977579,2.43793804106851,2.07219213191652,2.28671191892778,0.406317543719111,0.222451512826431,0,1.43780314293296,0.541968459900971,0,0.390822256699003,0.187490506200586,0,1.60467714438887,0,0.703140100615817,0,1.25813050052605,0.570634107861682,0
235,-0.0594999601053125,0.0835067445922024,0.0513655893527314,0.011895420144243,0.00449998005295059,0.0544133723613256,-0.128764228539537,-0.115000000101317,0.0510199264993951,0.917845619300644,-7.80076902630623e-15,-1.5475050142421e-15,0.396954625232659,-0.0309514150528604,-0.0397037220953707,0.0519974248750014,-0.0749999999999957,0.075000000000002,0.00379999999999975,-0.0749999999999997,0.0749999999999966,0.00379999999999999,-0.0749999999999999,-4.63817168513072e-14,0.00379999999999984,-3.07987196335486e-16,-3.48081940324977e-16,-1.74469532695283e-15,1.95139926449278e-15,-6.36964187291e-15,2.30545310992713e-15,-0.399999999999997,0.400000000000001,0.25,-0.4,0.399999999999998,0.206461994931282,-0.203952776911161,-0.399999999999999,0.193575686599338,0,0,0,0,0,1.09397682405988,0,0,0,0,0,0,0,0,0,2.83136234257535,0,0,0,0,0,0,0,0,0,3.8873655335934,0,0,1.02278658858045,1.9120725399916,1.33686910657247,1.59799002199958,0,0,0,0,2.18514623360725,2.51898133813805,2.26739028398389,2.4367372877614,0.425432492143885,0.359398243678013,0,0,0.419819322810182,0,0.330982675156113,0.209368991542204,0,0.804384896819176,0.0846709856245022,0.65996988795282,0,0,0.427513125016798,0
236,-0.060000000023193,0.0854267235522446,0.0509772793554195,0.0100012649394804,0.0050000002522205,0.0540573786022016,-0.130000000146582,-0.115000000205133,0.0506316164980996,0.917845619315972,-1.72809375058317e-11,2.40744541912164e-11,0.396954625242209,-0.0309514149258885,-0.0397037216224704,0.0519974248752525,-4.70607410402148e-12,0.0750000001945521,-0.0423999999962122,-0.0126595879460339,2.61920355551142e-10,-0.0391844536139961,-1.37716535397359e-11,2.29119304667053e-10,-0.0424000000024264,-5.82623838834368e-12,6.67393356912825e-13,9.70175319466723e-12,2.5327870034923e-10,2.35209977842463e-09,2.1804094936257e-12,0.127847009881548,-0.39999988431494,0.223133661381425,0.361518934856013,0.194945825577264,0.250000001264115,0.0247845489312594,-0.399999863732104,0.249897421394835,0,0,0,0,0,0,0,0,0,0,0,0,1.27087153777797,0,0,1.26763712754352,1.59511606354083,0,0,0,0,1.22410755382607,0,0.780689330582645,0,0.745818436747433,1.55158634669754,0,2.02801756563591,2.3504863150313,2.09676162231055,2.28174225835666,0,0.1389244057856,0,0.113914965566447,2.26173970482146,2.68653499307745,2.37748671183655,2.57078798606236,0,0.104456070593087,0.0304474426686101,0,0,0,0.363678633918178,0.172033656994102,0.0503417935449705,0,0.094733224364027,0,0.162311261289402,0,0,0
237,-0.0583000543575871,0.0842267687128384,0.0499499293521738,0.0115093351978962,0.00342896486739943,0.0530460418808686,-0.129999999947909,-0.11428735393259,0.0496042664993699,0.917845619281892,-4.25663474550689e-13,-3.49770884472149e-12,0.396954625228026,-0.030951415046034,-0.0397037222170741,0.0519974248748133,0.0750000001595214,-0.0749999999703622,-0.0499999999969787,0.0750000000203458,-0.0750000000688826,-0.0500000000010507,-1.41116528705987e-10,0.0709100609038293,-0.0500000000036815,1.20540784653422e-12,6.2817823895461e-13,-1.63719633394915e-11,2.23462706071059e-10,-4.65273901178585e-10,-5.27587283537868e-13,-0.399999905148442,0.400000017623733,0.150000001796643,-0.399999987902285,0.399999959040618,0.149999999375193,-0.29071889849158,-0.399999938715136,0.242529751529677,0,0,0,0,0,0.80174263605901,0,0,0,0,0,0,0,0,0,0,0,0,0,0,0,0,0,0,0,0,0,0,0.985764555912864,2.13217960347624,1.46947294551155,1.64847121387755,0,0,0,0,1.93661310149451,2.45378950224323,2.09620066542005,2.2942019383177,0.421996422127137,0.220145556828775,0,1.45452880253386,0.551478246902546,0,0.39131737535507,0.209732257914249,0,1.53222606741077,0,0.681319635739074,0,1.18059452345157,0.526197978549625,0
238,-0.0594999616641376,0.0854267239519224,0.0494906193559924,0.0103094252087959,0.00462891980547888,0.0525867318792566,-0.130000000052332,-0.115000000093814,0.0491449565040203,0.917845619333856,6.57644590640155e-12,-6.18438154312702e-12,0.396954625270947,-0.0309514149099612,-0.0397037222852806,0.0519974248747417,-0.0749999999340372,0.074999999996284,0.00380000000488161,-0.074999999921233,0.0750000000157651,0.00379999999972863,2.77632052269908e-11,3.74520696153096e-11,0.00380000000175144,-1.09389655327109e-13,2.42337794187588e-12,7.00214929020414e-12,8.83348283200928e-10,4.77266373804794e-11,4.83621930477682e-13,-0.39999996077891,0.399999997790403,0.242615385268185,-0.399999953165683,0.400000009374318,0.206833083522418,-0.333776176561114,-0.399999977701793,0.221544516446652,0,0,0,0,0,1.10539549842621,0,0,0,0,0,0,0,0,0,2.91799682476553,0,0,0,0,0,2.62885960016015,0,0,0,3.77309789652,0,0,1.15376209717977,2.08939432619178,1.48207661746702,1.76107980590454,0,0,0,0,2.16432798598283,2.49795436978458,2.24681793444423,2.41546442132317,0.455690100322458,0.366039791139197,0,0,0.454223393690444,0,0.343063931613658,0.251567705247293,0,0,0,0.651306835137943,0,0,0.388054142764873,0
239,-0.0599999966749395,0.0873467012779542,0.0491023093574068,0.00999999436714867,0.00500000121481499,0.0521984218715237,-0.130000001431275,-0.115000001319233,0.0490577840005542,0.91784561917447,-1.71736516625899e-10,1.70987040359123e-10,0.396954625484933,-0.0309514142011532,-0.0397037180670028,0.0519974248766069,-2.20134155039427e-11,0.0750000011570232,-0.0423999999833915,5.2696308273079e-10,1.82756791119129e-09,-0.0423999999972785,-2.0657390135362e-10,1.67650675305395e-09,-0.0124360694617752,-3.46073561013532e-11,9.06562718380726e-12,8.29925736768559e-11,3.56615954309458e-09,1.50539361804138e-08,9.22543148930262e-12,0.0823840794498994,-0.399999312006245,0.239315800508619,0.273611539331851,0.0890259229299709,0.250000001618044,-0.000691127866545542,-0.399999003080695,0.249859292635617,0,0,0,0,0,0,0,0,0,0,0,0,1.52835570707397,0,0,1.57698753448028,1.94040673056389,0,0,0,0,1.44176097336065,0,0.981617558755276,0,0.886431293175591,1.80517906745442,0,2.08407980783683,2.46424545542377,2.16877566269189,2.37954960056872,0,0.179347904689996,0,0.142694260905488,2.19080623685567,2.62676059142542,2.29933362585904,2.51823320242204,0,0.138917541993879,0.0112229511410218,0,0,0,0.419372699179715,0.249065249377962,0,0,0.0948968841549186,0,0.205045644606564,0,0,0
240,-0.0583000500963167,0.0861467475920631,0.0480749593527309,0.0116999499036818,0.00352553437741379,0.051171071880787,-0.13000000004429,-0.115000000000555,0.048352784751321,0.917845619300651,-2.2769062716008e-15,-1.03156310130887e-14,0.396954625232654,-0.0309514150528453,-0.0397037220953702,0.0519974248750077,0.0749999999999994,-0.0750000000000018,-0.0499999999999967,0.0750000000000034,-0.074999999999998,-0.0499999999999976,1.01544026857068e-13,1.62506726862168e-14,-0.0500000000000001,1.00445038721255e-15,-4.63347209025522e-16,3.92884944924501e-16,3.70317623930293e-14,1.53851139841173e-14,1.68036042955714e-14,-0.4,0.399999999999999,0.150000000000002,-0.399999999999998,0.400000000000001,0.150000000000001,-0.340954811468616,-0.399999999999999,0.243504537188897,0,0,0,0,0,0.753291352628216,0,0,0,0,0,0,0,0,0,0,0,0,0,0,0,0,0,0,0,0,0,0,0.475442495458916,1.54617540644772,0.899851914842435,1.1217659870642,0,0,0,0,2.00125392716172,2.4832666774951,2.12934459995643,2.35517600470039,0.457000767135345,0.315192991123704,0,1.65798318565349,0.602000767122165,0,0.391318141928215,0.280095395931782,0,1.51242375097432,0,1.24654948169695,0,1.07265832754816,0.868534270418511,0
241,-0.0594999601053188,0.0873467025943164,0.047615649352731,0.0105000398946867,0.00472548937965571,0.050711761880787,-0.130000000095896,-0.115000000101325,0.047893474751322,0.917845619300653,-7.9175692143733e-15,-7.69006212658346e-15,0.396954625232661,-0.030951415052845,-0.0397037220953762,0.0519974248750034,-0.0749999999999935,0.074999999999998,0.00380000000000021,-0.0749999999999953,0.0749999999999958,0.00380000000000215,-2.93456298622306e-14,-4.90486109892134e-14,0.00380000000000019,2.9749062487616e-16,-8.63136126343216e-16,-8.0810893294779e-16,5.38317020092437e-14,-3.24786839257037e-14,4.55969523825443e-15,-0.399999999999996,0.399999999999999,0.25,-0.399999999999997,0.399999999999998,0.150000000000001,-0.399999999999998,-0.400000000000001,0.25,0,0,0,0,0,1.0357947583768,0,0,0,0,0,0,0,0,0,0,0,0,0,0,0,0,0,0,0,0,0,0,0.704045399614081,1.54491021754675,0.98378043192041,1.26517518524042,0,0,0,0,2.30604537278321,2.71386808462988,2.3956283827037,2.62428507470939,0.463497049303675,0.467912640770381,0,0.946930689828712,0.531677949081494,0.0892193388144541,0.438458818760827,0.297377592489913,0,1.52161717986584,0,0.596383727005999,0,1.04590837202959,0.804937105925594,0
242,-0.0600000000879942,0.0892666815275095,0.0477139417514946,0.00999999966281095,0.00500000024426928,0.0513240118844138,-0.130000000189583,-0.115000000177645,0.048158017210079,0.917845619315882,-4.68981626724947e-12,1.38801588093606e-11,0.396954625253614,-0.0309514148988344,-0.0397037219189599,0.0519974248755215,1.35754557646566e-11,0.0749999999504242,0.00601814902924744,-2.57687224668246e-10,2.3616323054383e-10,0.050000000002818,-7.24190263801168e-12,1.12945938237711e-10,0.0225604434384359,-2.06116931363112e-12,1.69970448794167e-12,1.23541663388674e-11,8.28232288576567e-10,7.49135974507589e-10,1.48853381152729e-12,0.26530762946537,-0.358365149875162,0.250000003898587,-0.400000153214952,-0.399932279387266,0.208270404802599,-0.184559569213542,-0.399999932819768,0.211361294477847,0,0,0,0,0,0,0,0,0,0,0,0,0,0,0,0,0,0,0,0,0,1.17638145703666,0,0,0,0,2.63038153128456,0,1.91557766345957,2.38565993982094,2.04013906241942,2.26109854086109,0,0.487466819295705,0,0.0915872588324142,2.19530693142108,2.701077711684,2.34803541526797,2.54834922783709,0.459937267246315,0.173770484150098,0,0.488819051022635,0.551990257848965,0,0.423411773413309,0.233966178376932,0,0,0.0858515608495534,0.269346130344356,0.146047256108303,0.23282063547943,0,0
243,-0.0585659420922127,0.088066727844447,0.0480171067272879,0.0111562976357668,0.00330002574797911,0.051859701671636,-0.130000000078592,-0.115000000101333,0.0489897177764481,0.917845619300657,9.90789371402249e-16,-3.12050143399257e-15,0.396954625232655,-0.0309514150528401,-0.0397037220953628,0.0519974248750034,0.0750000000000076,-0.0749999999999962,0.0242074023983321,0.0750000000000055,-0.0749999999999988,0.0037999787936105,1.33474764363285e-13,9.76947852045216e-15,0.0499999999999999,8.08040578363053e-16,2.50716012743902e-16,-9.49860408223931e-16,6.43056408778399e-14,3.00580222720427e-14,5.60977622817198e-15,-0.399999999999996,0.400000000000002,0.150000000000002,-0.399999999999997,0.400000000000001,0.15,-0.363836008620268,-0.399999999999995,0.171788226366033,0,0,0,0,0,0.753304897237776,0,0,0,0,0,0,0,0,0,0,0,0,0,0,0,0,0,0,0,0,0,0,0.61339475955438,1.64114909890315,1.02082735434424,1.23371650411329,0,0,0,0,2.10912800222228,2.50117745878285,2.21426033103679,2.39604512996834,0.416782653070902,0.328078477295025,0,1.56556739481205,0.535663415337246,0,0.359671031038779,0.276288981124803,0,1.53429974984136,0,0.677420436748853,0,1.12809029328136,0.476766822583878,0.00252029611452589
244,-0.0597658521012101,0.0892666828466964,0.0484187031636631,0.0100003708854319,0.00449998075022794,0.052471951289921,-0.130000000095353,-0.115000000101334,0.0500301452094224,0.917845619300656,2.42182971241055e-16,-3.19647043668208e-15,0.396954625232655,-0.0309514150528416,-0.0397037220953624,0.0519974248750033,-0.0749999999999941,0.0750000000000036,0.0159933116927243,-0.00371174881285219,0.0750000000000015,0.0500000000000003,-7.02412387196101e-14,-4.11438004336012e-14,0.0499999999999999,8.04267214083902e-16,2.71412155788544e-16,-7.56981296911031e-16,4.94462543782828e-14,3.05419364069372e-14,5.25277557459165e-15,-0.399999999999997,0.400000000000002,0.150000000000002,-0.399999999999997,0.400000000000001,0.15,-0.348025508815362,-0.399999999999996,0.1772519734809,0,0,0,0,0,1.05134836657913,0,0,0,0,0,0,0,0,0,0,0,0,0,0,0,0,0,0,0,0,0,0,0.614783674245014,1.66753379993276,1.03795929984192,1.24435817433586,0,0,0,0,2.10718377706786,2.49740899967242,2.21665125713235,2.38794151960793,0.401036107658075,0.32415751440665,0,1.60398221534614,0.524388241647431,0,0.348883492198793,0.263979234867632,0,1.58833011405981,0,0.695056891816705,0,1.14225397801319,0.486016617901387,0
245,-0.0600000000273969,0.0911866617815225,0.0484769995323427,0.00999999863766858,0.00500000021102492,0.0535028302983693,-0.130000000526977,-0.115000000460314,0.0510623155785454,0.917845619357478,8.58351396488529e-12,3.14814364867936e-11,0.396954625351833,-0.0309514143993016,-0.0397037215293672,0.0519974248789098,1.24020015564906e-10,0.0749999998418412,-0.0100335413926393,1.33223458407436e-10,-1.07510064351736e-10,0.0500000000012755,-5.87794006213631e-11,6.59889034072281e-11,0.0500000000018003,1.36086195383253e-12,1.98510144402783e-12,-3.48144154661969e-11,9.20974951238175e-10,-9.089763252383e-10,2.02461026853227e-12,0.290499698217989,-0.398283317094616,0.250000012579217,-0.399999920783169,-0.400000063933702,0.207793723539453,-0.166172493257448,-0.399999960733194,0.184367120991219,0,0,0,0,0,0,0,0,0,0,0,0,0,0,0,0,0,0,0,0,0,1.19616720890482,0,0,0,0,0,0,2.05034886774375,2.52002558558888,2.17001514303929,2.40035931029334,0,0.489404976688374,0,0.0971389273443989,2.19132295905764,2.7082014118745,2.35236484064964,2.54715953028249,0.46249465811568,0.173188278243282,0,0.486432635892799,0.547517312716248,0,0.420912730239453,0.224233733391015,0,0,0.0923169973267164,0.268917550823902,0.143362452472067,0.227335622950062,0.765838483689608,0
246,-0.0587457551974489,0.0899867068454931,0.0478152457783487,0.0112311255618552,0.00338021728217622,0.0541178925424745,-0.129226234376909,-0.115000000101332,0.0521143118829905,0.917845619300655,1.74307000092108e-15,-2.63193051916975e-15,0.396954625232654,-0.0309514150528402,-0.0397037220953627,0.0519974248750037,0.0750000000000079,-0.0749999999999964,-0.0499999999999975,0.0750000000000059,-0.074999999999999,0.0116977352778175,0.0750000000000051,-4.33891383505282e-14,0.05,7.27745053143644e-16,2.44197311646502e-16,-9.30445794142097e-16,6.76445284008564e-14,2.86377460476319e-14,5.75223834738667e-15,-0.399999999999995,0.400000000000002,0.150000000000001,-0.399999999999997,0.400000000000001,0.15,-0.399999999999997,-0.399999999999997,0.156941043781832,0,0,0,0,0,0.753301634210794,0,0,0,0,0,0,0,0,0,0,0,0,0,0,0,0,0,0,0,0,0,0,0.73938754904536,1.7949528533007,1.17131043286355,1.36302996948251,0,0,0,0,2.0847829943592,2.48619043869805,2.19873000261982,2.37224343043743,0.387755519904478,0.292955260290569,0,1.48602547466635,0.513233320198547,0,0.34353616285586,0.235948452953028,0,1.58760625424825,0,0.696557244516815,0,1.18543432574661,0.520291604910454,0.0269845032605739
247,-0.059945665206445,0.0911866618477442,0.0473559357783489,0.0100312155528595,0.00458017228441937,0.0548628263069196,-0.13000000010133,-0.115000000101332,0.0531203929541943,0.917845619300655,9.17590702505886e-16,-2.73229609727725e-15,0.396954625232657,-0.0309514150528432,-0.0397037220953609,0.0519974248750035,-0.074999999999994,0.0750000000000046,0.00380000000000217,-0.0749999999999955,0.0750000000000025,0.0500000000000003,-4.85052936985627e-14,-4.00793445146098e-14,0.05,7.81327558847191e-16,2.5411764917645e-16,-7.44523554341582e-16,5.14667688114883e-14,4.15089538366084e-14,4.8934880075906e-15,-0.399999999999996,0.400000000000003,0.150000000000001,-0.399999999999997,0.400000000000001,0.15,-0.336224069617254,-0.399999999999995,0.15,0,0,0,0,0,1.03578014327152,0,0,0,0,0,0,0,0,0,0,0,0,0,0,0,0,0,0,0,0,0,0,0.734400770466623,1.81603375975433,1.18494838179738,1.36548614842357,0,0,0,0,2.10150669712163,2.49271653647265,2.2125845136509,2.38163871994338,0.36484869429939,0.281977934513432,0,1.51577435233425,0.496816510239818,0,0.324709424176298,0.223561391804736,0,1.63747676224868,0,0.712756219695918,0,1.19683628489877,0.524558261856562,0.0082077151003027
248,-0.0600000001827704,0.0931066409081896,0.0479681857688347,0.00999999903606436,0.00500000020528455,0.0558908248703351,-0.130000000328364,-0.11500000029608,0.0540872951049961,0.917845619326315,1.64380140599703e-11,5.0664798893522e-12,0.396954625419032,-0.0309514145878213,-0.0397037216869283,0.0519974248774204,2.00674031915608e-11,0.0750000003582938,0.0500000000038733,-1.44438535605875e-11,3.30717471419704e-10,0.0500000000016767,1.79424471478191e-11,3.06773271860792e-10,0.0467066833903145,-9.2824141448657e-12,-6.84144581190083e-13,-1.6529251408995e-12,-2.16009729779528e-10,3.71111690936613e-09,3.25453866854797e-12,0.285506644817861,-0.399999786949697,0.221487007024017,-0.400000008585458,-0.399999803347368,0.207308199303214,-0.150904885478488,-0.399999817556818,0.163544670994638,0,0,0,0,0,0,0,0,0,0,0,0,0,0,0,1.66808127867922,0,0,0,0,0,1.21075977968801,0,0,0,0,0,0,2.17145843700463,2.64206220242929,2.30164750107245,2.51187313836147,0,0.491878250410969,0,0.099597262712482,2.18947876334636,2.71097820779494,2.3468554047625,2.55360156637883,0.461976357466177,0.172955533861133,0,0,0.539970974232678,0,0.414501504093738,0.21581995370764,0,0,0.0939953121942488,0.268634886939056,0.136859732040645,0.221160033566728,0.759522337776476,0
249,-0.058312079964006,0.0919066858465443,0.048503875778349,0.0115886291922242,0.00367216049823047,0.0564265148785899,-0.129547519303118,-0.115000000101334,0.0546296706978571,0.917845619300655,1.76528688648812e-15,-2.52096821711139e-15,0.396954625232655,-0.0309514150528417,-0.0397037220953618,0.0519974248750037,0.0750000000000067,-0.0749999999999967,0.0038000000000035,0.0750000000000053,-0.0749999999999986,0.00380000000000099,0.0450229640584906,-4.07859507139905e-14,0.00772577869568448,7.3665568670277e-16,2.35061060157333e-16,-6.74790087141703e-16,5.98590809301271e-14,2.86962469310024e-14,5.58361995446731e-15,-0.399999999999996,0.400000000000002,0.150000000000001,-0.399999999999997,0.400000000000001,0.15,-0.376778507383833,-0.399999999999996,0.15,0,0,0,0,0,0.753301577247261,0,0,0,0,0,0,0,0,0,0,0,0,0,0,0,0,0,0,0,0,0,0,0.879908108950151,1.97039494040091,1.33831744631212,1.51198560303894,0,0,0,0,2.07941885423618,2.50127876516851,2.19966670721884,2.38103091218585,0.36456905810304,0.26144057098352,0,1.40784090241168,0.483150909795189,0,0.322890567144078,0.181514888705134,0,1.64677354846141,0.031527180236773,0.724123513159351,0,1.23868990182892,0.567095037609588,0.0569222514481004
250,-0.0595119899730048,0.0931066408487941,0.0491161257783491,0.0103887191832267,0.00487211550047708,0.0570387648785899,-0.130000000101332,-0.115000000101333,0.054782365634685,0.917845619300655,1.07496301867812e-15,-2.38994582978489e-15,0.396954625232659,-0.0309514150528441,-0.0397037220953621,0.0519974248750037,-0.0749999999999947,0.0750000000000036,0.0500000000000024,-0.0749999999999957,0.0750000000000022,0.0500000000000004,-4.85111824338906e-14,-4.12747671924869e-14,0.00754462077670511,6.71960063932339e-16,2.54195723177665e-16,-4.9668671956087e-16,4.82269214801957e-14,3.4175214085669e-14,5.14203966430811e-15,-0.399999999999997,0.400000000000002,0.150000000000001,-0.399999999999997,0.400000000000001,0.15,-0.315581085127224,-0.399999999999996,0.15,0,0,0,0,0,1.03577706428161,0,0,0,0,0,0,0,0,0,0,0,0,0,0,0,0,0,0,0,0,0,0,0.868990084354209,1.98475253331786,1.34329993676232,1.51044268090975,0,0,0,0,2.09361649063541,2.50224169495551,2.21235954142991,2.383498644161,0.345821031639591,0.260414619917586,0,1.44871402074515,0.462958234420583,0,0.302716590863473,0.168783743471772,0,1.69814376305858,0.017676637958405,0.741523432433628,0,1.24217664306125,0.563703661672608,0.0361336815387252
251,-0.0599999997448461,0.0950266195836231,0.0498692162390781,0.00999999868286978,0.00500000036406287,0.0580641441283951,-0.130000000462112,-0.115000000412327,0.0549305140640728,0.917845619308369,-4.09677130625926e-11,4.88672247299014e-11,0.396954625338319,-0.0309514146581379,-0.0397037211326834,0.0519974248756219,-1.9182556789375e-11,0.0750000003014524,0.0254318867659496,1.70918678203474e-10,4.74558945793307e-10,0.0500000000064966,-5.08665337663056e-11,4.66715278116938e-10,0.00727158793969434,-1.16562877049026e-11,3.06223906934409e-12,1.31160969405475e-11,1.03117594471628e-09,4.17303212667144e-09,3.47155151803676e-12,0.0889734948935843,-0.399999820749518,0.195842787096912,0.22767633388594,0.0407045031516357,0.225217021201508,-0.0107182334338783,-0.399999722452021,0.212308929778227,0,0,0,0,0,0.628467147570158,0,0,0,0,0,0,0,0,0,1.61572962660402,1.87142600630267,0,0,0,0,1.54158143377923,0,0.949225609506911,0,0.890844748805884,1.79727781350551,0,2.31589748737585,2.70644294968828,2.40832919310703,2.61401124395709,0,0,0,0.105276044751409,2.28909583342759,2.70887887808492,2.3953837369615,2.60259097455104,0.423075112837019,0.179497297673581,0.00340833763287542,0,0,0,0.380508202876627,0.224673522702382,0.0596238811215968,0,0.127895795738412,0,0.173072020766888,0,0,0
252,-0.0583000500963165,0.0940959626454877,0.0499135439755451,0.0105037099839117,0.00346365637665417,0.0585562167277415,-0.130000000099135,-0.115000000101333,0.0546116358064141,0.918109740360331,3.05829761231595e-06,-7.21751876421659e-06,0.396343369549242,-0.0310102418154944,-0.0398592811188582,0.0519974377684608,0.0750000000000073,-0.0749999999999955,-0.0207681132380634,0.0703172290488446,-0.074999999999998,-0.00259596746098233,-2.17697446238446e-15,-4.14375027477039e-14,-0.0389284258996592,-0.0193754311433026,0.0143885190475709,-0.175951700861821,-0.00713678246041654,-0.0214716346873623,0.000801187905903325,-0.399999999999996,0.400000000000003,0.150000000000001,-0.399999999999997,0.400000000000001,0.15,-0.346893302908455,-0.399999999999996,0.170282113363994,0,0,0,0,0,0.752279843189038,0,0,0,0,0,0,0,0,0,0,0,0,0,0,0,0,0,0,0,0,0,0,1.02739857695258,2.1469533687593,1.50828210984371,1.66606983586817,0,0,0,0,2.07456693045445,2.49040395441016,2.19358259104786,2.37138829381674,0.343218943604437,0.234727106461316,0,1.34316559068065,0.453109754498085,0,0.296237924649599,0.142216324433181,0,1.70110343431264,0.0837192174067538,0.764844793235373,0,1.28384696031933,0.611183616322604,0.0978885933365492
253,-0.0594999601053214,0.095295917647742,0.0500388717107838,0.0099999998986845,0.004663611378482,0.0590449873785918,-0.130000000096634,-0.115000000101334,0.0542024986740048,0.918227413919224,2.52119876545141e-07,-2.41677708213694e-07,0.396070675506154,-0.031033892206462,-0.0399454689969383,0.0519974272745468,-0.0749999999999949,0.075000000000003,0.0330318867619366,-4.48188932035278e-16,0.075000000000002,0.0500000000000004,5.24185012860795e-14,-4.18289357768465e-14,-0.00216905752211959,0.00313970817408465,-0.000253034330145061,-3.84592418110061e-08,-1.40886124775134e-05,-0.00016587584526973,5.29256845798315e-06,-0.399999999999997,0.400000000000002,0.150000000000001,-0.399999999999997,0.400000000000001,0.15,-0.3382628924557,-0.399999999999996,0.150370173676228,0,0,0,0,0,1.05214810231603,0,0,0,0,0,0,0,0,0,0,0,0,0,0,0,0,0,0,0,0,0,0,1.01900170401063,2.16029572373526,1.51298983593384,1.66630759181205,0,0,0,0,2.08460324255278,2.4978935471121,2.21697034847428,2.3655264411906,0.323436501480131,0.240909511287611,0,1.38295763811671,0.422435080063661,0,0.27398008707458,0.115549643768964,0,1.75553974539699,0.0643324241940317,0.772523531818221,0,1.28048448290808,0.596641778242455,0.0653978958456022
254,-0.0600000001013064,0.0972158966487807,0.0507456554508116,0.00999999989867286,0.00500000010131571,0.0599999997757632,-0.130000000091024,-0.115000000101306,0.0541752743633423,0.91822741394347,-3.87974994514856e-08,2.36439490686622e-08,0.396070675450584,-0.0310338793153052,-0.0399454359001361,0.0519974249091316,-1.3783870773626e-14,0.0750000000000011,0.0376235290295108,-4.92333736977686e-15,2.97248088916624e-16,2.30321589023226e-06,3.87133626398597e-15,-4.46194259386813e-14,-0.000561411772878971,-4.95265586556046e-05,-5.50033619991097e-06,-7.17721303307231e-11,-2.38558882354822e-07,2.91610907617042e-06,1.23536173297809e-08,0.085446819762747,-0.399999999999999,0.17890540452254,0.238203024090159,0.0501223608661426,0.225704067624924,-0.0066460775768886,-0.399999999999998,0.217147143642871,0,0,0,0,0,0.614517952190733,0,0,0,0,0,0,0,0,0,1.61753554712147,1.82261384792783,0,0,0,0,1.55658315130359,0,0.968090160441371,0,0.903145655429201,1.76166145188189,0,2.45280295636824,2.84292773654802,2.54205506961996,2.75367562329629,0,0,0,0.136759219700099,2.27914543611686,2.70206636498494,2.39028558075565,2.59092622034615,0.42498038732933,0.185498242266575,0.00573636914678472,0,0,0,0.37093244534697,0.208071120060497,0.0722496606518741,0,0.141905446078505,0,0.164478323872427,0,0,0
255,-0.0583000501233921,0.0961963124609563,0.0510338160274305,0.0105558311345337,0.00330002510723714,0.0595357360325343,-0.130000000090838,-0.115000000101315,0.0536997361274559,0.918227413943524,1.6441504437916e-09,-8.37369469995669e-10,0.396070675450468,-0.0310338799964721,-0.0399454406786617,0.0519974248752924,0.0750000000000045,-0.0749999999999992,-0.00857647136574813,0.0553065906317545,-0.0750000000000042,-0.046197677634685,4.95437451543666e-14,-4.89366437162436e-14,-0.0467614118156,-3.16977340730464e-06,7.72985405281275e-07,-1.35750007107397e-13,3.93463881516299e-08,1.51127383180045e-07,-2.91722920530055e-10,-0.399999999999997,0.4,0.25,-0.4,0.399999999999998,0.237883788918828,-0.400000000000001,-0.399999999999999,0.242834388471409,0,0,0,0,0,0.749014079669882,0,0,0,0,0,0,0,0,0,2.73233900619849,0,0,0,0,0,0,0,0,0,4.1998392421972,0,0,1.52902993663305,2.28237339864814,1.74909782544885,2.06230550983234,0,0,0,0,2.32019275041325,2.58636878684695,2.37412776495625,2.53243377230394,0.446509012189638,0.438115228811633,0,0,0.362474335632452,0,0.289129828855955,0.18359737153372,0,0.908430167401631,0.276691054578415,0.737946986680929,0.0221731973005292,0,0.476050572733574,0.126690427914175
256,-0.0594999601323951,0.0973962674632089,0.0503982895428459,0.00999999989868023,0.0046548322756203,0.0585603396094991,-0.130000000100921,-0.115000000101332,0.0526577032948581,0.918236000317379,2.30691043066669e-07,-2.67613861633358e-07,0.396050768765719,-0.0310371104591093,-0.0399529759091376,0.0519974298302498,-0.0749999999999942,0.0750000000000036,-0.0499999999999979,-1.78891508429068e-16,0.0750000000000023,-0.0499999999999995,-3.66639096453779e-14,-4.14639272090545e-14,-0.05,0.000497687216489472,-7.17264295645694e-06,-9.5759672389997e-09,-1.53759187144809e-06,-2.83001200060581e-05,-1.07487462108329e-05,-0.399999999999997,0.400000000000002,0.150000000000001,-0.399999999999997,0.400000000000001,0.15,-0.335005085877204,-0.399999999999996,0.187440750038387,0,0,0,0,0,1.05218800511632,0,0,0,0,0,0,0,0,0,0,0,0,0,0,0,0,0,0,0,0,0,0,1.1414852396972,2.2907330404142,1.63659671969727,1.79562156041413,0,0,0,0,2.08684140692245,2.50447467869941,2.21459097414826,2.3767251114736,0.330761565881054,0.250878652510071,0,1.40109890492363,0.429563752918189,0,0.281014228594023,0.123769376628298,0,1.7518973118392,0.0549607315339691,0.768167230029989,0,1.26595780212616,0.588988593801945,0.0572827545932078
257,-0.0600000001013068,0.0993162464642533,0.0499389795428459,0.00999999989867284,0.00500000010131563,0.0581010296095008,-0.130000000093346,-0.115000000101305,0.0521191944790506,0.918236000323387,-1.17180361204922e-08,9.91916423620428e-09,0.396050768751988,-0.0310370939670374,-0.0399529422369467,0.0519974248809079,-1.37690264385873e-14,0.0750000000000012,0.00379999999999884,-4.93220010180285e-15,2.66871260908632e-16,0.00379999999991583,1.25508282900169e-13,-4.45630343377626e-14,-0.00408047918475223,1.85306693129755e-05,-1.51258402003221e-05,-1.78144641538604e-11,-7.53654797186794e-07,-8.5398599864683e-07,-1.32532561505129e-07,0.0783310965009271,-0.399999999999999,0.219790448441873,0.255325332787571,0.0629963813756566,0.25,-0.000401750361142798,-0.399999999999998,0.229217653514911,0,0,0,0,0,0.627774482243368,0,0,0,0,0,0,0,0,0,1.64106203435322,1.74735167901786,0,0,0,0,1.52652104747828,0,0,0,0,1.63281069193829,0,2.57421473700223,2.96867796439469,2.67128757284597,2.87160512855094,0,0,0,0.126335595887971,2.27247563239344,2.70310185116853,2.38682219188496,2.58875529167701,0.420003256236431,0.169797824331183,0,0,0,0,0.382872725448292,0.210157776948132,0.0850822588798398,0,0.153449723087803,0.2881042473202,0.193809675704779,0.250973716532034,0,0
258,-0.0583000502994578,0.0988855311264663,0.0495506693664616,0.0101412395521451,0.00347941089446475,0.057785265750623,-0.130000000988689,-0.115000000840864,0.0515732749741424,0.918428000171516,9.61837313441204e-06,-1.22136115616836e-05,0.39560533016455,-0.0310974289340449,-0.0400804398330382,0.0519965328580443,0.0749999999894635,-0.0749999997316114,-0.0424000000205534,0.0299727820780261,-0.0749999997735349,-0.0235405748708621,8.93372626803654e-12,1.9696015602928e-10,-0.0500000000109186,0.0066875757316585,-0.00782935136189913,-0.219659168851025,-0.0141102618647004,-0.0305863481297229,0.000133658456536453,-0.400000006259298,0.400000159636349,0.149999987774464,-0.400000058053964,0.400000134715378,0.150000005105909,-0.360152286184217,-0.399999882760025,0.201146854393667,0,0,0,0,0,0.739641469661822,0,0,0,0,0,0,0,0,0,0,0,0,0,0,0,0,0,0,0,0,0,0,1.33993207306395,2.49827277259116,1.83570077160501,2.0025040740501,0,0,0,0,2.04358682840354,2.45912133466216,2.16609192611558,2.33661623695012,0.360182969485339,0.245094496409378,0,1.37454030224843,0.460872327773192,0,0.293855100118985,0.153269912750201,0,1.71466097025623,0.0803577353317858,0.775518868071111,0,1.26457425091008,0.59892025367363,0.0988038967037349
259,-0.0594999601053099,0.100085486000797,0.0492433595428458,0.00999999989868533,0.00481852320589168,0.0579340379064106,-0.130000000091665,-0.115000000101316,0.0511139631791873,0.91876146666909,-1.67803176014145e-06,1.42213353331454e-06,0.39483027177235,-0.0312038394104795,-0.040346991756195,0.0519974204624374,-0.0749999999999973,0.0750000000000032,0.0114000000000002,-5.00528428024878e-15,0.0749999999999995,0.034274663552165,1.12693865758042e-13,-4.46561981283072e-14,0.00379989232810644,-0.00666324951413816,0.00118701137388948,-2.35278651110907e-07,6.66803021854554e-05,0.000362803734563058,-4.09095773223643e-06,-0.399999999999998,0.400000000000002,0.150000000000001,-0.4,0.4,0.25,-0.160890131599779,-0.399999999999998,0.15,0,0,0,0,0,1.05218776625402,0,0,0,0,0,0,0,0,0,0,0,0,0,0,0,0,0,0,0,2.77218101922684,2.01667657942515,0,1.69714866809754,2.64039130262276,2.08387226516734,2.25366770555296,0,0,0,0,2.06352928069634,2.40100739501768,2.17684754458539,2.28768913112864,0.388711012444701,0.225536265402524,0,1.28200715533458,0.390771488712058,0,0.22408241458955,0.117838580925153,0,0.873965392829249,0.227837076256666,0.764207232084517,0.0983141596137467,0,0,0.168513478738639
260,-0.0600000001013075,0.102005465001865,0.0499835295428323,0.00999999989867586,0.00500000010131573,0.0581552211780618,-0.130000000101302,-0.115000000101308,0.0508614392123746,0.918761466817966,1.11791562828729e-07,-8.26009330423421e-08,0.39483027143604,-0.0312039074648192,-0.0403472122606977,0.0519974248342344,-1.37384342620649e-14,0.0750000000000012,0.05,-4.92825527804385e-15,2.4250930504695e-16,-0.0119253364248515,-4.8062712116139e-14,-4.50114228893856e-14,-0.0288888453476746,-3.43671019247296e-05,3.28143084009878e-05,-4.28007881181884e-10,1.46905576106619e-06,7.70827674720753e-07,1.42246064783801e-08,0.0702669549942228,-0.399999999999999,0.179224122991334,0.283864235101013,0.0985547164922434,0.25,0.00645022852845838,-0.399999999999998,0.236702952435888,0,0,0,0,0,0,0,0,0,0,0,0,0,0,0,1.6242683942305,1.67654023446596,0,0,0,0,1.52982024207708,0,0,0,0,1.58209208230572,0,2.73832279970067,3.13370421912618,2.8387492925825,3.03327772624434,0,0.179566702497466,0,0.150242308760863,2.25455072427919,2.69306943452662,2.37080326560656,2.57681689319925,0.416187100699273,0.167112253251033,0,0,0,0,0.376185268933197,0.192802755652367,0.0822748004877227,0,0.161505142518098,0.291649839252727,0.187195644919491,0.251648007486592,0,0
261,-0.0583000501319743,0.100996644592603,0.0505192195201038,0.011564877032168,0.00368059017158522,0.0574594151195523,-0.13000000029846,-0.115000000264749,0.0499316407343056,0.918761466852707,-2.96597621966415e-09,1.8697703139051e-09,0.394830271406532,-0.0312039041534919,-0.0403471976169871,0.0519974248599273,0.0749999999697117,-0.0749999999392749,0.00379999998564709,0.074999999956199,-0.0749999999384785,-0.0499999999955371,4.81863923334751e-12,3.19071452266833e-11,-0.0499999999985655,1.43220042425382e-05,-4.00683393092767e-06,-4.86696303152428e-12,-2.05003065696503e-07,-7.18831555583532e-07,4.35498344998996e-10,-0.400000018012952,0.400000036130341,0.149999991463212,-0.400000026049324,0.400000036592046,0.150000002654875,-0.343643271887347,-0.399999981003261,0.211761705734688,0,0,0,0,0,0.753317671012664,0,0,0,0,0,0,0,0,0,0,0,0,0,0,0,0,0,0,0,0,0,0,1.49439203309526,2.64345987045634,1.9826616939562,2.1551902095954,0,0,0,0,2.05321864779735,2.48959761602268,2.18886565610649,2.35395060771354,0.36455143028734,0.258004702051263,0,1.37837590821028,0.458686374829211,0,0.305696271666432,0.142625706609571,0,1.73597885577469,0.0846864430204555,0.76427277588937,0,1.27028432458248,0.600149836525112,0.0745752283221401
262,-0.0594999602131861,0.102196599631489,0.0511309161270939,0.0103649665657372,0.00488054577841847,0.0570001051288632,-0.130000000086794,-0.114999999971235,0.0494723307575864,0.918761466734778,-4.89558536201085e-11,5.52480591436436e-11,0.394830271508776,-0.0312039040238543,-0.0403471980159576,0.0519974248747126,-0.0749999999958118,0.0750000000255313,0.0499999999985401,-0.0749999999672781,0.0750000000609994,0.00380000000022564,3.91825487142411e-11,1.71873964309362e-11,0.00379999999798879,-7.16649196247842e-07,1.57112077483993e-07,1.30955849303457e-11,8.74542403504988e-09,3.82286856371581e-08,6.09286190909415e-12,-0.399999997509658,0.400000015181407,0.149999999131859,-0.399999980543779,0.400000036271577,0.202938430134168,-0.399999976716922,-0.399999989751584,0.149999998804171,0,0,0,0,0,1.03578579930394,0,0,0,0,0,0,0,0,0,0,0,0,0,0,0,0,0,0,0,0,0,0,1.76789294056733,2.75072328124383,2.17549282662278,2.34312339518838,0,0,0,0,2.05900261370881,2.38716060434372,2.18246874132729,2.26369447672523,0.374812706097936,0.232901196822322,0,1.29668787125891,0.376049815682074,0,0.177897843731127,0.161886830546525,0,0.755765678041083,0.0709602798056411,0.683514202181264,0,0.928999823216443,0.386479857169713,0.100065396174592
263,-0.0599999998100471,0.104108280732021,0.0521469569173751,0.00999999901181341,0.0050000003084659,0.0576123551229593,-0.130000000387155,-0.115000000327937,0.050084580760996,0.918761466841492,-2.45634992756616e-11,3.18085216223895e-11,0.39483027152734,-0.031203903750024,-0.0403471974298663,0.0519974248750199,-1.6193447452276e-11,0.0750000002168487,0.050000000002741,1.25365267916234e-10,3.56328590566957e-10,0.0500000000046992,-3.79564426751769e-11,3.4856219598868e-10,0.0499999999979786,1.22849552559342e-08,-1.07093119824379e-09,8.57694323415558e-12,8.40039412039105e-10,2.29558459590992e-09,3.15962805645409e-12,0.0320862016796846,-0.399999871056684,0.153639477696164,0.350070527945231,0.200128799116987,0.226770836294909,-0.0264984598950475,-0.399999792708418,0.225227544734523,0,0,0,0,0,0,0,0,0,0,0,0,0,0,0,1.54115188725219,1.63131060519096,0,0,0,0,1.5363174999568,0,0.972605828283472,0,0.911967984971398,1.62647621784474,0,2.82880793077087,3.23413671125821,2.92779212696768,3.13515251506141,0,0.176029522127009,0,0.118549036990421,2.25757539591501,2.6880173141676,2.40302154222258,2.54257116786004,0.403985867451882,0.167996756540911,0,0,0,0,0.349252219652149,0.172966093868347,0.0443498418861327,0,0.138831720211488,0,0.143801057539048,0,0,0
264,-0.0583000500963089,0.102908325916937,0.0526826469177017,0.0116460342611411,0.00330002510007014,0.0581480451224144,-0.13000000008557,-0.115000000101319,0.0506202707588985,0.918761466818252,-3.52575193097834e-13,2.51973665670707e-13,0.394830271435417,-0.0312039041141325,-0.0403471981623556,0.0519974248750001,0.0750000000000026,-0.0749999999999971,0.00380000000000141,0.0750000000000007,-0.0749999999999995,0.00380000000000066,3.00140344510588e-14,-4.41208471522758e-14,0.00380000000000061,6.6987400125108e-10,-2.35231723055708e-10,-8.77631919013781e-16,-1.15752430463168e-11,-3.16577986518839e-11,-3.79626328765626e-15,-0.399999999999998,0.400000000000002,0.15,-0.4,0.4,0.25,-0.4,-0.399999999999998,0.175490079965073,0,0,0,0,0,0.753553742740655,0,0,0,0,0,0,0,0,0,0,0,0,0,0,0,0,0,0,0,2.05476418400452,0,0,2.02726890675891,2.94484341192321,2.41052854491496,2.56158377376716,0,0,0,0,2.0278171482473,2.37093280476775,2.15614986731534,2.24260008569971,0.381303020989061,0.176179300918677,0,1.16458218100623,0.37748760245818,0,0.179027008292008,0.133281368817402,0.140376368838802,0.742331762896102,0.196115942887564,0.703250511257464,0.153219272718044,0,0.468739324175832,0.185453185170866
265,-0.0594999601053086,0.10159197167683,0.053294896917702,0.0104461242521352,0.00449998010231563,0.0587354719761944,-0.130000000101304,-0.11500000010131,0.0511622341267389,0.918761466818245,3.15293084772985e-15,-2.29775285648401e-15,0.394830271435423,-0.0312039041141524,-0.0403471981624049,0.0519974248749987,-0.0750000000000002,-0.0567267900605003,0.05,-0.0749999999999999,0.0750000000000002,0.05,-4.80769032849847e-14,-4.53856876385867e-14,0.05,-5.95475475878911e-11,1.48922964354699e-11,-2.05760046835875e-15,7.64336793927881e-13,3.07436865331302e-12,-6.85586611906273e-15,0.202962321925071,-0.399999999999999,0.15,0.4,0.179595122674057,0.226237515417336,0.0119380600120533,-0.399999999999999,0.219890938809271,0,0,0,0,0,0,0,0,0,0,0,0,0,0,0,1.50331953963468,1.60612981641616,0,0,0,0,1.53052206295722,0,0,0,0.934193178023093,1.63333248543521,0,2.74041374699204,3.14199873548936,2.83500361108913,3.04740887139227,0,0.171753800662524,0,0.126369148278542,2.21710887928031,2.68963623895253,2.38225475861628,2.52449035961656,0.415847934658083,0.162095738581603,0,0,0,0,0.361881948185455,0.155459719403273,0.0583639195916179,0,0.149193540838484,0.279735575063656,0.142557069891473,0,0,0
266,-0.0583000500833802,0.0997141450762771,0.0538305869094245,0.0116218505033216,0.00330002513453,0.0592711619695883,-0.130000000101309,-0.115000000101314,0.051697924132218,0.918761466818248,-1.44199331428893e-15,-4.73135363743144e-16,0.394830271435418,-0.0312039041141466,-0.0403471981624084,0.0519974248749994,0.0750000000000019,-0.0750000000000001,0.00379999917633366,0.0749999999999999,-0.0750000000000033,0.00379999934237028,-2.51145000966312e-14,-4.88548515645373e-14,0.00380000054524722,1.96823741712625e-12,-3.14328755809532e-13,-1.43576925091905e-15,-1.69310240701373e-14,-1.17728529042324e-13,-4.85272041487885e-15,-0.399999999999999,-0.227787674115783,0.25,-0.4,0.399999999999998,0.25,-0.296255885582164,-0.4,0.25,0,0,0,0,0,0.737330436742054,0,0,0,0,0,0,0,0,0,0,0,0,0,0,0,0,0,0,0,1.26522944593841,1.31411564890253,0,2.25951215558303,2.98238893906833,2.50309152997692,2.73880956467445,0,0,0,0,1.9872089804984,2.40308448245865,2.13979466878755,2.25049879416951,0.454885905322023,0.208589448885793,0,0.603563228052861,0.394641268296472,0,0.237750061184168,0.10859698926532,0.16321298699221,0.577818889845564,0.191059514634221,0.549972362203553,0.102968349966659,0,0,0.066907954799024
267,-0.0594999600923749,0.0980444466463815,0.054389900443753,0.0104219404943033,0.00449998013679549,0.0589351050041571,-0.13000000010131,-0.11500000010131,0.0513249917822808,0.918761466818246,-1.14038943449754e-15,-1.75018139283435e-15,0.394830271435418,-0.0312039041141501,-0.0403471981624051,0.0519974248749987,-0.0750000000000001,-0.0750000000000001,0.05,-0.0750000000000003,0.0750000000000003,-0.0372006924262177,-4.81211013355078e-14,-4.52878983246911e-14,-0.0408698861058032,4.41635057534461e-14,-5.22389139644917e-14,-2.29648412721641e-15,-5.82898982124681e-15,1.55009685258999e-16,-6.66171717151301e-15,0.210551342203103,-0.321305441654512,0.15,-0.4,-0.0869038540637099,0.25,-0.103732650111004,-0.399999999999999,0.25,0,0,0,0,0,0,0,0,0,0,0,0,0,0,0,0,0,0,1.13181511933667,0,0,1.68861677648402,0,0,0,1.13230276344317,1.61601979025133,0,2.38530253506325,2.96135250526377,2.55423967013984,2.79241537018718,0,0.533174878246952,0,0.10938855426131,2.07335951944367,2.57892079535532,2.23378729528437,2.41849301951462,0.46460640264134,0.192506267630046,0,0.542947055617194,0.469830077774995,0,0,0.180246371982442,0.0348337049699581,0,0.117441202454898,0.387119461894232,0.10235661685953,0,0,0
268,-0.0590794214942102,0.0961244677041099,0.0549255904359378,0.0110341458105792,0.00330002521089559,0.0584672494199569,-0.13000000010131,-0.115000000101315,0.0503107411151233,0.918761466818249,-1.44286265426168e-16,-1.6867371267521e-15,0.394830271435415,-0.0312039041141472,-0.0403471981624061,0.0519974248749986,0.0750000000000011,-0.0750000000000002,0.00379999922235122,0.0750000000000032,-0.0750000000000018,-0.00972225816527899,-8.01307323850456e-14,1.3127274231825e-14,-0.0499999999999996,-2.28307181048108e-16,2.2817804027671e-16,-2.17264720952324e-15,4.48125041545992e-16,-3.03732275175231e-15,-6.49882786553167e-15,-0.399999999999999,0.317645253032415,0.178889381283813,-0.399999999999998,0.399999999999999,0.25,-0.0880576577699917,-0.399999999999999,0.25,0,0,0,0,0,0,0,0,0,0,0,0,0,0,0,0,0,0,0,0,0,2.0675095907263,0,0,0,1.4119043793556,1.60179542084743,0,2.06985091323044,2.67355385710874,2.24155898506105,2.50184578527813,0,0.334309153470201,0,0,2.16478270124513,2.59326718098882,2.28530414407493,2.47274573815902,0.435274342674416,0.253211283800762,0,0.588423061872074,0.422390223792853,0,0.317639720799783,0.169777624009384,0.00366785645447045,0,0.169244552442643,0.482305273846048,0.0628389234099681,0,0,0
269,-0.0595275256382881,0.0944885363693513,0.0548233906018314,0.0118442376862485,0.0014673917003489,0.0581036164569227,-0.130000000101312,-0.115000000101316,0.0497630504719086,0.918815579917876,7.34737822068848e-06,-8.04602347891547e-06,0.394704329118147,-0.0312184778677543,-0.0403770197121425,0.0519964028152844,-0.0749999999999982,-0.0749999999999991,-0.0139313260068367,0.0390808261941918,-0.041198912351666,-0.0167232960436044,-5.669698347013e-14,1.48808428760045e-15,-0.00499409389235329,-0.0128724080808497,-0.000953462679447185,-0.225664497990545,-0.0108112282094189,-0.0240640965143429,0.00108767670173185,-0.399999999999999,0.400000000000001,0.150000000000001,-0.4,0.399999999999999,0.25,0.03796652153716,-0.208625347888945,0.232100387188703,0,0,0,0,0,0.839827049297897,0,0,0,0,0,0,0,0,0,0,0,0,0,0,0,0,0,0,0,2.59177413493483,0,0,1.52521227146601,2.45483968017652,1.91538815142765,2.06466380021488,0,0,0,0,2.01926733102637,2.39252697401383,2.16694544773435,2.24484885730584,0.383432841739751,0.168676400602647,0,1.23185669292349,0.399405933194422,0,0.241594332657198,0.094012956305155,0,0.84960862124315,0.253298729577543,0.75897208525571,0.0602578450624554,0,0.595899197940522,0.196584270363654
270,-0.0600000001013104,0.0956884913723663,0.0550854540838076,0.0103688637603451,0.00293330131598493,0.0583011847782984,-0.13000000010131,-0.115000000101315,0.0500140638529008,0.918992174726335,-1.3408465596812e-06,9.26682089310078e-07,0.394292991922888,-0.0312619302824106,-0.0404933907652828,0.0519974203614824,-1.45997227713748e-14,0.0750000000000002,0.0398686741599848,-0.0750000000000001,0.075000000000001,0.0360327491148224,-4.84232963429594e-14,-4.75653712386334e-14,0.029920876983952,-0.00116302335670214,4.8416356106458e-05,-3.85283418779851e-08,4.96079838032779e-06,7.26082579930129e-05,1.71913742279147e-05,-0.400000000000001,0.4,0.150000000000001,-0.4,0.400000000000001,0.15,-0.250775269409286,-0.4,0.150000000000001,0,0,0,0,0,1.16243584589045,0,0,0,0,0,0,0,0,0,0,0,0,0,0,0,0,0,0,0,0,0,0,1.53208506917362,2.56611950731188,1.97543458935668,2.12276998712882,0,0,0,0,1.95467410148034,2.34125667079447,2.11697745418079,2.17895331809403,0.355855946486074,0.190336880316288,0,1.21430870437852,0.324194339936033,0,0.237861370229894,0.0488778302134387,0,0.88307112392506,0.133061361345992,0.774093427748783,0,1.17309703346611,0.515997684301908,0.132523225817082
271,-0.0600000001013093,0.097608470373283,0.0560500739808012,0.0099999998986841,0.00485328031703829,0.0593061512729905,-0.130000000077149,-0.115000000101315,0.0509744808687002,0.918992174751789,5.00208398521126e-08,-3.20418257247234e-08,0.394292991868109,-0.0312619647543913,-0.0404935607516317,0.05199742489052,-1.53552705152621e-14,0.0749999999999998,0.0500000000000009,-4.95923882855982e-15,0.0750000000000012,0.0500000000000003,1.38335981635937e-13,-4.75263444558439e-14,0.050000000000001,-0.000128026766824422,3.07533604360272e-05,-7.12222499970778e-11,1.52748660053719e-06,6.22262905501797e-06,1.70236022657799e-07,-0.400000000000001,0.4,0.150000000000001,-0.4,0.400000000000001,0.15,-0.266874198881967,-0.4,0.150000000000001,0,0,0,0,0,1.16238381063912,0,0,0,0,0,0,0,0,0,0,0,0,0,0,0,0,0,0,0,0,0,0,1.62869039182715,2.69693642503479,2.08976510691186,2.23586170995007,0,0,0,0,1.90716024844851,2.33810465370872,2.09153839542977,2.15372650672746,0.364559268118582,0.177900946603523,0,1.21487517495421,0.339238181719138,0,0.251871032447822,0,0,0.918689894506185,0.153477532245037,0.802429928283175,0,1.2280418229056,0.560408213093657,0.141229959139503
272,-0.0600000001013101,0.0995284493743335,0.0569668264131236,0.00999999989868461,0.00500000010132405,0.0600000000136301,-0.130000000077943,-0.115000000101316,0.0519893055926092,0.918992174751834,-2.21145311440886e-10,1.49522643314138e-11,0.394292991868008,-0.0312619636971953,-0.0404935544136964,0.0519974248756104,-1.50825378058274e-14,0.0749999999999988,0.0417166599325847,-4.55657021779346e-15,4.31441888468232e-16,1.52932184450544e-14,-1.11413137915949e-13,-4.81194387926214e-14,0.050000000000001,9.15696986569992e-06,-1.76770194797993e-06,-1.32935653828081e-13,-9.25561714578408e-08,-4.75020308085305e-07,1.0563635420201e-09,-0.400000000000001,0.399999999999999,0.150000000000001,-0.4,0.4,0.15,-0.243933805733186,-0.4,0.150000000000001,0,0,0,0,0,1.00391217635525,0,0,0,0,0,0,0,0,0,0,0,0,0,0,0,0,0,0,0,4.23508498301431,0,0,1.72830393622101,2.79342001508446,2.19066004363443,2.33106390767103,0,0,0,0,1.91831627384722,2.34256253766957,2.10014697421351,2.16073183730327,0.35974477345649,0.165463965635744,0,1.19143094009986,0.340442396657443,0,0.251906836603198,0,0,0.92176096698235,0.164514560516192,0.807025523240114,0,0,0.576708010833786,0.152956315528006
273,-0.0600000001013064,0.101118567150971,0.0580009430528539,0.00999999989868621,0.00500000010132115,0.0595356900136279,-0.130000000101311,-0.115000000101316,0.0525249955926092,0.918992174751835,-8.14769195356837e-11,5.91045019976465e-11,0.394292991868008,-0.0312619636903894,-0.0404935544414428,0.0519974248750073,-1.18798224242414e-14,0.0750000000000012,0.050000000000001,-5.02076259945048e-15,-1.56349189889267e-15,-0.0461999999999843,-4.8674095989267e-14,-4.83630266001224e-14,0.00380000000000001,-2.59876820269698e-07,3.88757180325951e-08,-1.21322727718927e-15,2.19025186788206e-09,1.42643218050233e-08,9.05369658135643e-13,-0.399999999999999,0.400000000000001,0.150000000000001,-0.4,0.399999999999999,0.25,0.1125619713622,-0.114013047141334,0.204168216238875,0,0,0,0,0,1.00392600517066,0,0,0,0,0,0,0,0,0,0,0,0,0,0,0,0,0,0,0,2.670661381804,0,0,1.96618407729688,2.90517378473251,2.37115453559067,2.50020332643873,0,0,0,0,1.95114883240582,2.32291692937214,2.0927614472155,2.18130431456245,0.363754701719664,0.127044726520024,0,1.15033177631711,0.372057120081696,0,0.273000884449166,0,0.0395471956312105,0.880767898883619,0.285512657062288,0.807193097347086,0.0572103904654238,0,0.660269566118588,0.276409987845766
274,-0.0600000001013062,0.102888354825693,0.0589742768193318,0.00999999989868627,0.00500000010132105,0.0591505979417771,-0.130000000101311,-0.115000000101316,0.0525645263415786,0.918992174751835,4.86061605654556e-12,-3.2493352689039e-12,0.394292991868008,-0.0312619636927376,-0.0404935544517819,0.0519974248749997,-1.18648780687286e-14,0.0750000000000011,0.0473466434306355,-5.03432950783585e-15,-1.58352714474552e-15,0.00742267941791524,-4.8671992385172e-14,-4.83639692628602e-14,0.000171218802895924,-2.95376774846607e-09,1.18587491485169e-09,-9.71849552329518e-16,5.36528082174891e-11,1.10525856754532e-10,-8.95034532687266e-14,-0.399999999999999,0.400000000000001,0.150000000000001,-0.4,0.399999999999999,0.25,0.129055630693759,-0.0872989474949446,0.207282115847091,0,0,0,0,0,1.00391437393971,0,0,0,0,0,0,0,0,0,0,0,0,0,0,0,0,0,0,0,2.67812861830038,0,0,2.07133257922346,3.00954949580104,2.47555027353081,2.60533180149369,0,0,0,0,1.95594692003555,2.32666564198994,2.09733381249755,2.18527874952794,0.363130654341776,0.12988919069476,0,1.14923486069771,0.366057371007206,0,0.269711264263749,0,0.031785397954739,0.88143707964387,0.288138561164897,0.805791671420494,0.0551652571900461,0,0.656162215521629,0.271629935427786
275,-0.0600000001013054,0.104677087588402,0.0599436556504764,0.009999999898686,0.00500000010132152,0.0593528680305306,-0.130000000101311,-0.115000000101317,0.0525592634003358,0.918992174751835,-1.08133605643177e-13,6.80553105316659e-14,0.394292991868009,-0.0312619636926223,-0.0404935544511662,0.0519974248749997,-1.18953815659835e-14,0.0750000000000011,0.0495800725372697,-5.03984123077186e-15,-1.52786073185158e-15,0.0127775550788583,-4.8665941618582e-14,-4.83579637449915e-14,-0.00069319087877136,6.47002514778881e-10,-1.37386708223832e-10,-9.56793379531861e-16,-7.02478591270619e-12,-3.26995375633835e-11,-3.18597963781203e-15,-0.399999999999999,0.400000000000001,0.150000000000001,-0.4,0.399999999999999,0.25,0.126887229592313,-0.0878682739993519,0.205667671844535,0,0,0,0,0,1.00391450781431,0,0,0,0,0,0,0,0,0,0,0,0,0,0,0,0,0,0,0,2.69307113654208,0,0,2.17546926107442,3.11988661779763,2.56805464894964,2.72730122992241,0,0,0,0,1.95294332238281,2.32659781550315,2.09743584928075,2.18210528860521,0.361160506139359,0.126781813195401,0,1.1351099942829,0.358925490579901,0,0.264230703346165,0,0.0386980403254623,0.889516981804408,0.297575348446143,0.81188303677244,0.0674414904632703,0,0.661153102420862,0.271506519413116
276,-0.0600000001013076,0.106477378252312,0.0596839662411969,0.00999999989868636,0.00500000010132088,0.0594684230740203,-0.13000000010131,-0.115000000101316,0.0525377288588276,0.918992174751835,-5.44549092835814e-15,3.60873549139908e-15,0.394292991868011,-0.0312619636926239,-0.0404935544511812,0.051997424875001,-1.21899481785408e-14,0.0750000000000007,-0.0348378459931798,-4.75467979850459e-15,-1.11489696430806e-15,-0.00115240094957692,-4.82097145070082e-14,-4.72939705124888e-14,-0.00145644699149207,-2.97629245817412e-11,5.30106004509346e-12,-6.53265124840281e-16,2.86191184690033e-13,1.57465413227516e-12,-5.11756255817936e-16,-0.399999999999999,0.4,0.25,-0.4,0.399999999999999,0.187586463911865,-0.341872580724384,-0.4,0.192946717061785,0,0,0,0,0,1.00393615051227,0,0,0,0,0,0,0,0,0,2.47988593567137,0,0,0,0,0,0,0,0,0,0,0,0,2.19271842506413,3.07325422937748,2.49552500471932,2.7704476497223,0,0,0,0,2.05422427757922,2.41351726336521,2.19281468542875,2.27492685551569,0.410547511079197,0.322293900673014,0,0,0.270227027219384,0,0.247642345866193,0,0.068506529992303,0.962837045651536,0.292133008040996,0.811974774918583,0,1.20804252484617,0.519999007512978,0.130020855640861
277,-0.0600000001012999,0.108397357190757,0.0587013134042613,0.00999999989868485,0.00500000010132353,0.0599860654715279,-0.130000000010303,-0.115000000064251,0.0520889820029684,0.918992174751837,1.258489064669e-16,1.73661997314938e-15,0.39429299186801,-0.0312619636926223,-0.0404935544511765,0.0519974248750016,-1.73920173644016e-14,0.0750000000000016,-0.05,-8.20668663007842e-16,-1.13367452780526e-15,0.0500000000000003,7.39365115815747e-14,5.15225310431965e-14,-0.0432094734620672,3.73316675990063e-13,-3.69408156492897e-15,-2.06887698315675e-16,3.853884138591e-15,-8.19812174018178e-15,3.70441217254248e-16,-0.4,0.400000000000001,0.15,-0.4,0.400000000000001,0.15,-0.20571409935395,-0.399999999999999,0.170324294254908,0,0,0,0,0,1.00393601665193,0,0,0,0,0,0,0,0,0,0,0,0,0,0,0,0,0,0,0,0,0,0,2.22371896083181,3.27550708406317,2.64984309642343,2.84938294847155,0,0,0,0,1.9840489274166,2.37904286247505,2.14946160189172,2.21363018799993,0.362929389030123,0.185934076562826,0,1.18228046955339,0.301277862809765,0,0.232252216057739,0,0.0297086129864211,0.979950111513608,0.237762145273047,0.84872770906899,0,1.29300006392451,0.601189435030642,0.161749317674048
278,-0.0600000001013097,0.110317336191812,0.0582420034042613,0.00999999989868651,0.00500000010132055,0.0599925895551882,-0.130000000077039,-0.115000000101316,0.051765482533727,0.918992174751834,7.29278292474521e-16,1.52330008851737e-15,0.394292991868011,-0.031261963692624,-0.040493554451183,0.0519974248749994,2.37386894111727e-14,0.0750000000000009,0.00379999999999975,4.05591727241683e-15,-2.5355207273797e-15,-0.000802143198924082,-1.21333634640848e-13,-4.71726651680309e-14,0.0105905265379325,1.2025935285148e-14,-6.91896789930567e-15,-1.23110411228288e-15,3.1840631589016e-15,-7.56832016161278e-15,-4.64845341632901e-15,-0.399999999999998,0.400000000000001,0.167523242346663,-0.4,0.399999999999998,0.25,-0.213103485190656,-0.4,0.226815610962546,0,0,0,0,0,1.00393401810917,0,0,0,0,0,0,0,0,0,2.42399970014401,0,0,0,0.0278484682803812,0,0,0,0,0,2.67189526096981,0,0,2.56585704441872,3.38654141608349,2.85727951687776,3.09511894362445,0,0,0,0,1.9963080553203,2.35020954201762,2.14052210597063,2.20599549136728,0.389891079039193,0.230576944056207,0,0,0.274400604274825,0,0.229411571270714,0,0.269519331203369,0.933355921646634,0.403670767372005,0.826653324028362,0.144760744332822,0,0.61018542073435,0.237466090514887
279,-0.0600000001013082,0.112237315192861,0.0578536934042613,0.0099999998986864,0.00500000010132077,0.0595122366912096,-0.130000000081424,-0.115000000101316,0.0515129830644857,0.918992174751834,1.03217228203319e-16,1.74631881882415e-15,0.394292991868012,-0.0312619636926241,-0.0404935544511827,0.0519974248749996,2.31685437417095e-14,0.0750000000000006,-0.0424000000000002,3.97258423415072e-15,-2.10791640438848e-15,-0.0470021431989241,-1.06837923279927e-13,-4.74564081627577e-14,-0.0356094734620669,-1.36247955279749e-16,1.95126845874422e-17,-9.77593349048017e-16,2.4507032308745e-15,-6.80119805188376e-15,-4.12435140174422e-15,-0.399999999999999,0.4,0.230494644477233,-0.4,0.399999999999999,0.25,-0.190276612769912,-0.4,0.248340248507187,0,0,0,0,0,1.00388882450892,0,0,0,0,0,0,0,0,0,2.31144682150559,0,0,0,0,0,0,0,0,0,2.75889299865135,0,0,2.68237880808667,3.50724714819296,2.96176823320945,3.22785772307017,0,0,0,0,1.99581906034666,2.36859245191561,2.13695221681977,2.22745929544249,0.428982305849295,0.277091969107589,0,0,0.275687453181982,0,0.23722434791007,0,0.255803090660902,0.958977055806693,0.414508856136212,0.842477984995855,0.0666519813989823,0,0.590161719039049,0.205273240675649
280,-0.0600000001013074,0.114157294171378,0.0568263434055385,0.00999999989868612,0.00500000010132122,0.0591128846404733,-0.130000000083581,-0.115000000101316,0.0505241572763465,0.918992174751834,5.60836498925611e-16,1.02251527151368e-15,0.394292991868013,-0.0312619636926233,-0.0404935544511817,0.0519974248749994,1.30713317881823e-14,0.0750000000000008,-0.05,-6.36492839978067e-15,-3.45344055817291e-15,0.00679793772068533,-1.22084090135475e-13,-3.23615257278131e-16,-0.05,-6.35615381522657e-17,-6.49457782437131e-17,-9.66579059326549e-16,4.60012029648944e-15,-5.09319077597702e-15,-4.30868572031354e-15,-0.399999999999999,0.4,0.228142634401972,-0.4,0.399999999999999,0.25,-0.177386368982944,-0.4,0.25,0,0,0,0,0,1.00390553493511,0,0,0,0,0,0,0,0,0,2.39301893075435,0,0,0,0,0,0,0,0,0,2.71387284560314,0,0,2.78065925726196,3.60555185554207,3.07474205060669,3.31146906219734,0,0,0,0,2.02757178460737,2.38440332420963,2.15931634111528,2.25265876770171,0.390103098245447,0.226993969832344,0,0,0.276497561887142,0,0.233651226642679,0,0.236650348498021,0.932216376074962,0.39491164754556,0.820177771767463,0.0945000003477874,0,0.610089872036284,0.222903535008167
281,-0.0600000001013071,0.116077273172427,0.0557778334055384,0.009999999898686,0.00500000010132144,0.0594432749322005,-0.130000000079532,-0.115000000101316,0.0494756472763465,0.918992174751835,6.95426255354599e-16,1.07260871045438e-15,0.394292991868013,-0.0312619636926233,-0.0404935544511817,0.0519974248749995,2.32710757340603e-14,0.0750000000000007,-0.05,4.16411815527183e-15,-1.85885746072982e-15,0.0261443593439678,1.45507637765585e-14,2.22693264923885e-14,-0.05,-6.60814761256791e-17,-6.16000682895871e-17,-9.31985763982397e-16,4.57485754583551e-15,-4.85495472407808e-15,-4.25969992529808e-15,-0.399999999999999,0.4,0.228765432700772,-0.4,0.399999999999999,0.25,-0.154888297624742,-0.4,0.25,0,0,0,0,0,1.00393361578998,0,0,0,0,0,0,0,0,0,2.37448890132281,0,0,0,0,0,0,0,0,0,2.72573936922206,0,0,2.88590398190415,3.70775413785555,3.18209620358448,3.41156191617522,0,0,0,0,2.05960213485862,2.40897464496501,2.19014887403828,2.27842790578535,0.379355015483811,0.215738116230478,0,0,0.267309692089947,0,0.229432145392311,0,0.249766982684691,0.943864901333164,0.409621410636747,0.826288598183603,0.09822916456394,0,0.62756750886894,0.228798003316486
282,-0.0600000001013067,0.117997252173477,0.0547293234055385,0.00999999989868591,0.00500000010132162,0.0595018521190802,-0.13000000007686,-0.115000000101316,0.0484271372763465,0.918992174751834,6.42753796410948e-16,1.12685008146707e-15,0.394292991868014,-0.0312619636926234,-0.0404935544511816,0.0519974248749995,2.29685128808421e-14,0.0750000000000005,-0.05,4.08304854685464e-15,-1.77123777915236e-15,-0.0200556406560321,1.84980767014167e-14,2.19748618542871e-14,-0.05,-8.32151542786366e-17,-6.47125520819191e-17,-8.16262945784424e-16,3.62602924777512e-15,-6.01544110441706e-15,-4.23427315990296e-15,-0.399999999999999,0.4,0.229082385672492,-0.4,0.399999999999999,0.25,-0.151240195027378,-0.4,0.25,0,0,0,0,0,1.00389974956404,0,0,0,0,0,0,0,0,0,2.35424984070199,0,0,0,0,0,0,0,0,0,2.75768591043341,0,0,2.98796302597217,3.81222993458902,3.28847352087431,3.51171943968688,0,0,0,0,2.0670756325698,2.41983970167631,2.20132706524507,2.28558826900105,0.37083871246172,0.205406559318768,0,0,0.261825869478638,0,0.225654680179257,0,0.245969854649681,0.947382567194824,0.410752330151899,0.826708238742412,0.0839964186882321,0,0.634685087612066,0.227904277564289
283,-0.0600000001013069,0.119917231174527,0.0536808134055385,0.00999999989868605,0.00500000010132135,0.0594183278808432,-0.13000000007608,-0.115000000101316,0.0473786272763466,0.918992174751834,7.20767924576928e-16,1.12583455343784e-15,0.394292991868014,-0.0312619636926234,-0.0404935544511816,0.0519974248749995,2.29448009781199e-14,0.0750000000000005,-0.05,4.05948688576552e-15,-1.74902813846087e-15,0.0115452125662465,5.49769468309517e-14,2.19773556671561e-14,-0.05,-8.53302427054413e-17,-5.90291631301761e-17,-8.1771438528406e-16,3.34614311530774e-15,-5.74109227886988e-15,-4.21053976244658e-15,-0.399999999999999,0.4,0.22956765779703,-0.4,0.399999999999999,0.25,-0.157303903689834,-0.4,0.25,0,0,0,0,0,1.00392120263856,0,0,0,0,0,0,0,0,0,2.33874048473855,0,0,0,0,0,0,0,0,0,2.76587281789833,0,0,3.09312259278184,3.91359861511385,3.39283085939848,3.61389034849722,0,0,0,0,2.07141018436959,2.42310921079729,2.20647807406146,2.28804132110542,0.367280472629573,0.202339254563546,0,0,0.257985823690104,0,0.222834688431787,0,0.247311260212175,0.951037511347541,0.417507867007864,0.829948819587713,0.070582039626991,0,0.639873081642087,0.232754480056405
284,-0.0600000001013064,0.121837210175577,0.0526323034055388,0.00999999989868605,0.00500000010132136,0.0595242762437003,-0.130000000077318,-0.115000000101316,0.0463301172763466,0.918992174751835,9.61644139622369e-16,1.01470878830751e-15,0.394292991868014,-0.0312619636926235,-0.0404935544511814,0.0519974248749997,2.29951245069356e-14,0.0750000000000007,-0.05,4.05042616393158e-15,-1.68838988524051e-15,-0.000888209171869793,-5.74204412409739e-16,2.21463291674191e-14,-0.05,-7.65281758250455e-17,-3.37112383819512e-17,-8.52836253566543e-16,3.19360304409468e-15,-4.40837404679187e-15,-3.75267715207673e-15,-0.399999999999999,0.4,0.23182168307257,-0.4,0.399999999999999,0.25,-0.136295355888771,-0.4,0.25,0,0,0,0,0,1.00391562929419,0,0,0,0,0,0,0,0,0,2.34227123820965,0,0.0246866094069915,0,0,0,0,0,0,0,2.76696574375362,0,0,3.18660659489858,3.99083171331945,3.48233479663706,3.69510351158098,0,0,0,0,2.095861696459,2.44044993764642,2.23108971982061,2.3052219142848,0.358027302796181,0.204317197489821,0,0,0.256972139840678,0,0.229331662703984,0,0.240186777416876,0.95328291658407,0.422074454888837,0.826106627596621,0.068227295807673,0,0.649658336865783,0.241595653584524
285,-0.0600000001013061,0.123757189176627,0.0515837934055388,0.00999999989868605,0.00500000010132137,0.0595947942709859,-0.130000000074583,-0.115000000101316,0.0452943779985604,0.918992174751835,9.78175069387548e-16,1.01730146708636e-15,0.394292991868014,-0.0312619636926236,-0.0404935544511814,0.0519974248749997,2.295747266582e-14,0.0750000000000007,-0.05,4.02361987342784e-15,-1.68426501583019e-15,0.00789609040250361,4.03656052872771e-14,2.21154405804214e-14,-0.0499999999999999,-7.99252313850729e-17,-2.74135345083999e-17,-8.50241288867982e-16,2.87625061131779e-15,-4.41841141798089e-15,-3.5921305111134e-15,-0.399999999999999,0.4,0.239668402927026,-0.4,0.399999999999999,0.25,-0.129132470100114,-0.4,0.25,0,0,0,0,0,1.00392524857011,0,0,0,0,0,0,0,0,0,2.32155822448803,0,0.0824733877270088,0,0,0,0,0,0,0,2.7822906663399,0,0,3.28861824560921,4.09002623710297,3.5869111480964,3.79173333461578,0,0,0,0,2.10189407238344,2.45097416099667,2.24168069570648,2.31118753767363,0.353240010492922,0.200421656763947,0,0,0.253151562232147,0,0.2287632456399,0,0.238795324500801,0.959476048692651,0.427793336614145,0.828379917093681,0.0625391720265477,0,0.657761262960986,0.242750646034073
286,-0.0600000001013066,0.125677168177677,0.0505352834055388,0.0099999998986862,0.00500000010132109,0.059486814245564,-0.130000000074297,-0.115000000101316,0.0442707514765036,0.918992174751834,9.81746670534963e-16,8.77581555072284e-16,0.394292991868015,-0.0312619636926236,-0.0404935544511815,0.0519974248749998,2.29336366340759e-14,0.0750000000000006,-0.05,3.9978203451564e-15,-1.70520919116279e-15,-0.018561803475257,1.43623977737835e-14,2.20788425997393e-14,-0.05,-7.39912089559588e-17,-2.72138084665151e-17,-8.52495117981641e-16,2.59043252098816e-15,-4.59507053557049e-15,-3.65567313358779e-15,-0.399999999999999,0.4,0.242039678234614,-0.4,0.399999999999999,0.25,-0.127379106768936,-0.4,0.25,0,0,0,0,0,1.00390031845666,0,0,0,0,0,0,0,0,0,2.29036017761853,0,0.133051798639615,0,0,0,0,0,0,0,2.78819890505681,0,0,3.38824650800734,4.18102847093207,3.68442690460275,3.88484807433666,0,0,0,0,2.11402399202946,2.45628395764636,2.25251720581571,2.31779074386011,0.347244729677525,0.19984445608949,0,0,0.247682632882245,0,0.22517664176266,0,0.229960173262585,0.955527299415567,0.426458338511678,0.823997310842337,0.0461376297522788,0,0.653877863402567,0.243417612668072
287,-0.0600000001013065,0.127597147178727,0.0494867734055389,0.00999999989868624,0.00500000010132102,0.0594154376110044,-0.130000000076297,-0.115000000101316,0.0432580626764913,0.918992174751834,9.86175261147166e-16,8.23579931059612e-16,0.394292991868015,-0.0312619636926237,-0.0404935544511814,0.0519974248749998,2.2877078892376e-14,0.0750000000000006,-0.05,3.98720298540194e-15,-1.66390457691593e-15,0.0112749562208301,-5.3513267351264e-14,2.20562604603164e-14,-0.05,-7.1296660072174e-17,-2.88361543448326e-17,-8.30280355946011e-16,2.4577706204868e-15,-4.52675727426891e-15,-3.63931446014192e-15,-0.399999999999999,0.4,0.243109595317025,-0.4,0.399999999999999,0.25,-0.120362962398687,-0.4,0.25,0,0,0,0,0,1.00392087759079,0,0,0,0,0,0,0,0,0,2.26228093399476,0,0.187072925881026,0,0,0,0,0,0,0,2.79381077028444,0,0,3.48738265953597,4.27344481321259,3.78178717859464,3.97904029415394,0,0,0,0,2.12585196460518,2.46513752095751,2.26490234364479,2.32608714191791,0.342582755631856,0.199748371834129,0,0,0.242676069262269,0,0.22324567022427,0,0.228556875062666,0.957632989865787,0.429510369572154,0.82360134050516,0.0350913428789371,0,0.655366985729248,0.244469303210268
288,-0.0600000001013067,0.129517126179777,0.0484382634055389,0.00999999989868641,0.00500000010132071,0.0595252509963193,-0.130000000077084,-0.115000000101316,0.0422560431201002,0.918992174751834,1.02806924719586e-15,5.6142146168767e-16,0.394292991868015,-0.0312619636926238,-0.0404935544511814,0.0519974248749997,2.28226791287107e-14,0.0750000000000006,-0.05,3.94905620140658e-15,-1.6275556925902e-15,-0.000236062595285514,-3.03438256369428e-14,2.20446530204094e-14,-0.0499999999999999,-6.68956365903946e-17,-2.3354483118679e-17,-8.24927586489211e-16,2.00926517046706e-15,-4.20692726463245e-15,-3.76832677448384e-15,-0.399999999999999,0.4,0.244757908161298,-0.4,0.399999999999999,0.25,-0.147982377266945,-0.4,0.25,0,0,0,0,0,1.00391623498401,0,0,0,0,0,0,0,0,0,2.29991245950823,0,0.233710548796676,0,0,0,0,0,0,0,2.72786042738525,0,0,3.58965230857939,4.36660679125834,3.88720026238901,4.06905883744872,0,0,0,0,2.13635994768466,2.47208979151528,2.26828928667901,2.34016045252093,0.327668609543846,0.179958993679757,0,0,0.257254615579146,0,0.235277007258907,0,0.177055706368052,0.938674835410667,0.417986524125687,0.808393141525064,0,0,0.670782689575402,0.262509685940107
289,-0.0600000001713671,0.130000000139304,0.0473897534047621,0.00999999994177573,0.00500000003129657,0.0595795739707356,-0.13000000015914,-0.115000000144748,0.0412929702417646,0.918992174701462,4.54167515093394e-12,-2.14827231844163e-12,0.394292991877811,-0.0312619638027826,-0.0404935545559026,0.0519974248748842,-6.48711879777642e-11,-2.52033761224075e-11,-0.0500000000007129,-4.82457212938739e-11,6.63654263800272e-13,0.00563898097945716,1.04791313009989e-11,-7.10432588340511e-11,-0.0463256596517223,4.07910404720841e-13,-1.60501801729655e-12,9.01714909814495e-12,-5.38990176340235e-10,-1.54567102836991e-10,8.63117235396817e-13,-0.400000038562075,0.399999985001403,0.249999999576021,-0.4000000286858,0.400000000394663,0.250000001774934,-0.138468954157479,-0.400000042235808,0.250000000758206,0,0,0,0,0,1.00392300702015,0,0,0,0,0,0,0,0,0,2.2724927873304,0,0.314330840779705,0,0,0,0,0,0,0,2.74565219514331,0,0,3.62166649534798,4.401631734547,3.92412423454164,4.09917399535335,0,0,0,0,2.1338853433088,2.48210106387443,2.27351096330615,2.34247544387708,0.328804850449222,0.174133482154483,0,0,0.263244641256717,0,0.240591834349586,0,0.177177489908044,0.939976816388231,0.416541072177227,0.808242435437356,0,0,0.678708015784026,0.260567885587539
290,-0.0600000001013072,0.130000000101314,0.04634124340518,0.00999999989868657,0.0050000001013204,0.0595132604980192,-0.130000000073188,-0.115000000101316,0.0403637518377824,0.918992174751834,9.25050724250543e-16,1.77124750977928e-16,0.394292991868016,-0.0312619636926237,-0.0404935544511815,0.0519974248749995,-1.7882362624722e-14,1.63785412622782e-14,-0.05,-1.65405463814813e-15,-3.24562321447325e-15,-0.0121812233837121,6.74893817702426e-15,-2.60336929114325e-14,-0.0465948347520111,-5.06997227928524e-17,-5.65954650611665e-17,-7.2840049633395e-16,2.68394876203195e-15,-4.74433486993282e-15,-4.42675500682186e-15,-0.399999999999999,0.4,0.25,-0.4,0.399999999999999,0.25,-0.123609179808359,-0.4,0.25,0,0,0,0,0,1.00390633458277,0,0,0,0,0,0,0,0,0,2.30623522994019,0,0.182379095187176,0,0.0317563127333041,0,3.21298332546365,0,0,0,2.77178399031545,0,0,3.62634361081515,4.40945402692086,3.93258870196313,4.10320893577289,0,0,0,0,2.12623930537599,2.47938300059531,2.26750770197808,2.33811460399322,0.331091763629791,0.169513925764209,0,0,0.274961892892369,0,0.246855181938367,0,0.164090722986615,0,0.404445455480145,0.802276886907482,0,0,0.677435051028005,0.261984464699131
291,-0.060000000091387,0.130000000101314,0.04529273340518,0.00999999989868659,0.00500000010132037,0.0588128484771124,-0.130000000101311,-0.115000000101316,0.0400754334105072,0.918992174751834,8.09003626601911e-16,8.89299421824419e-17,0.394292991868016,-0.0312619636926237,-0.0404935544511815,0.0519974248749996,2.2257546649512e-14,1.17639520368885e-13,-0.05,4.00596026189387e-15,-1.4946367940242e-15,-0.0499999999999999,-4.82091117046888e-14,2.19506997147279e-14,0.0200072025358668,-5.22668791157189e-17,-5.87426395124503e-17,-7.15588114564081e-16,2.69024667335456e-15,-4.64682869627425e-15,-4.4243342040576e-15,-0.399999999999999,0.4,0.25,-0.4,0.399999999999999,0.25,-0.124805995229215,-0.4,0.233981404051601,0,0,0,0,0,1.00388440298776,0,0,0,0,0,0,0,0,0,2.31106666724405,0,0.181859554076249,0,0.035267068927491,0,3.21803666137641,0,0,0,2.77513590447212,0,0,3.6262892173224,4.40842482196938,3.92976480138057,4.10494923791122,0,0,0,0,2.12591538704673,2.47804261489568,2.27742329075858,2.32653471118383,0.338570161972299,0.178286266860706,0,0,0.281996649677208,0,0.251293527898383,0,0.142373639555629,0,0.389042208264032,0.793689322953096,0,0,0.661803294393307,0.252636781627916
292,-0.060000000092342,0.130000000101315,0.04424422340518,0.00999999989868696,0.00500000010131977,0.0577643384771124,-0.130000000101311,-0.115000000101316,0.0406656390207744,0.918992174751834,4.47563767082695e-16,9.26315251231262e-17,0.394292991868016,-0.0312619636926239,-0.0404935544511826,0.0519974248749994,-1.43763843481382e-14,1.17654516929022e-13,-0.0499999999999999,3.96179384808248e-15,-2.25837487998998e-15,-0.05,-4.81943015864887e-14,2.18048056732458e-14,0.0389188005010499,-3.20777789085627e-17,-5.24871593334339e-17,-9.82092721871124e-16,2.30371353716223e-15,-8.31481724786667e-15,-4.79493897750624e-15,-0.399999999999999,0.4,0.25,-0.4,0.399999999999999,0.25,-0.138429708869709,-0.4,0.211447687308676,0,0,0,0,0,1.00388345977972,0,0,0,0,0,0,0,0,0,2.31536888013774,0,0.165185847995749,0,0.0447734164415534,0,3.19647849206569,0,0,0,2.75272777153293,0,0,3.63078538888183,4.40709507536629,3.92388614948926,4.11399431475886,0,0,0,0,2.12199644731353,2.46485440382963,2.26436282653632,2.32248802460684,0.357858768716303,0.200969264557108,0,0,0.292913497476474,0,0.257469314762902,0,0.132512609692491,0,0.378114791147464,0.788866988849224,0,0,0.638075207846406,0.245957990226892
293,-0.0600000000944016,0.130000000101315,0.0431957134051801,0.00999999989868708,0.00500000010131956,0.0567158284771124,-0.130000000101311,-0.115000000101316,0.0414562832493574,0.918992174751834,3.03459330732753e-16,3.62670580103265e-16,0.394292991868016,-0.0312619636926241,-0.0404935544511825,0.0519974248749997,-2.87079815119796e-14,1.17684602967573e-13,-0.0499999999999999,3.85559362351957e-15,-2.27784733581134e-15,-0.05,-4.8185552900394e-14,2.17159695878223e-14,0.0401395187659069,-5.43370749918247e-17,-1.72596123135914e-17,-1.00255892503208e-15,1.06523281335403e-15,-8.20381897358317e-15,-4.0657917809002e-15,-0.399999999999999,0.4,0.25,-0.4,0.399999999999999,0.25,-0.151023784923958,-0.4,0.219021995323528,0,0,0,0,0,1.00388428170811,0,0,0,0,0,0,0,0,0,2.29172382753222,0,0,0,0,0,3.20789960423989,0,0,0,2.73859521471066,0,0,3.62659449134244,4.39638977634756,3.91113331876279,4.1118509489272,0,0,0,0,2.1294084520032,2.46627060026333,2.2688014206244,2.32687763164213,0.366410047542766,0.219281794973965,0,0,0.28768736185969,0.110306655427785,0.255017892687813,0,0.122421472393226,0,0.370498670891606,0.783701756791625,0,0,0.615529917978596,0.228709672923417
294,-0.0600000000952295,0.130000000101313,0.04214720340518,0.00999999989868659,0.0050000001013261,0.0556673184771126,-0.130000000101311,-0.115000000101316,0.0424030843743131,0.918992174751835,2.53996067605721e-16,3.63214599808165e-16,0.394292991868016,-0.0312619636926241,-0.040493554451181,0.0519974248749999,-1.95442293672159e-14,1.17550058139339e-13,-0.0499999999999999,3.89836398799539e-15,-1.35221772111215e-15,-0.0499999999999999,-4.82135750765122e-14,2.178123348498e-14,0.05,-7.61539384569746e-17,-4.75682184211427e-17,-6.38965592681955e-16,1.42648287442446e-15,-4.46121276705866e-15,-3.49926666205158e-15,-0.399999999999999,0.4,0.25,-0.4,0.399999999999999,0.25,-0.130717465126003,-0.4,0.220753709037504,0,0,0,0,0,1.00388686557716,0,0,0,0,0,0,0,0,0,2.30956163875315,0,0,0,0,0,3.08520801766181,0,0,0,2.60562004422601,0,0,3.64787017717547,4.4908287339203,3.9677325915344,4.17096631956137,0,0,0,0,2.02462997625849,2.45936637419836,2.21129872159684,2.27269762886,0.393180413552853,0.196155251100093,0,0,0.327136849816256,0.0353377970236991,0.274370364393227,0,0.0423042687165241,0,0.291583200986292,0.756531829834676,0,0,0.589484424948697,0.155094723456161
295,-0.0600000002002322,0.130000000150992,0.0410986934076381,0.00999999990048795,0.00499999952640537,0.0546188084800819,-0.130000000167715,-0.115000000114392,0.0433931281752854,0.918992174680655,4.01566920179987e-12,-5.00952076119504e-12,0.394292991905845,-0.031261963805135,-0.0404935544876732,0.0519974248730063,-9.64035169435801e-11,2.54693466798368e-11,-0.0499999999969465,-7.92654422492811e-11,5.28443763447746e-11,-0.0500000000018505,-7.45488232131903e-11,2.64677513457833e-11,0.0490093305357836,-1.02459788186535e-12,-2.27299378245066e-12,9.25296773734668e-12,-8.88307250631452e-10,4.19938036894831e-10,9.90780233945967e-13,-0.400000057319648,0.400000015075042,0.25000000181583,-0.400000047133238,0.400000031422552,0.249999998899572,-0.400000044297829,-0.399999984274446,0.180339380592272,0,0,0,0,0,1.00389858937499,0,0,0,0,0,0,0,0,0,2.03835450377041,0,0,0,0.391532929713624,0,0,0,0,0,1.6500228876361,0,0,3.7227486951871,4.51102115726519,4.02563637611375,4.20813347633855,0,0,0,0,1.94398616796466,2.32290834337177,2.10871473171516,2.15817977962127,0.369391948710975,0.157681978938635,0,0,0.299223031466604,0,0.18367468228308,0,0.140966387290056,0.670949014010895,0.185051573743287,0.649397857087997,0,0,0.405912186927122,0.151099903308992
296,-0.0600000001415928,0.130000000129494,0.0400770949088274,0.00999999987609622,0.0049999997029148,0.0541594984856502,-0.130000000115635,-0.115000000128078,0.043909004775119,0.918992174728769,1.04190535377142e-12,-1.42276318347814e-12,0.394292991860909,-0.0312619636905131,-0.0404935544872596,0.0519974248741094,7.67951923744218e-12,1.54651843252923e-11,-0.0500000000008748,1.14920281605544e-12,1.51516449596148e-11,0.0038000008140042,6.99156285934006e-12,6.49720814146478e-12,0.0028093323716782,-2.89485715762879e-13,-1.0785010937727e-14,1.4366326004173e-12,1.20951606495831e-11,1.4292940598945e-10,-8.8764662479942e-13,-0.399999995420138,0.379305787541263,0.249999999479752,-0.399999999319253,0.400000009007495,0.249999999697466,-0.380885509435316,-0.399999996152924,0.240818806931493,0,0,0,0,0,1.0039077862958,0,0,0,0,0,0,0,0,0,1.74381166964382,0,0,0,0,0,0,0,0,0,0,0,0,3.76063583184787,4.48424634919084,4.05228698292258,4.19259519811613,0,0,0,0,1.95435356301308,2.26654215415786,2.10321235632752,2.11768336084345,0.307369734407691,0.109836355809262,0,0,0.228565213850923,0,0.04342804681812,0.0746509067340776,0.0913031358256579,0.502266297411856,0.0745263679561316,0.519043065281383,0,0.307458743644906,0.241968600886588,0.245212021197595
297,-0.0600000000901672,0.130000000038635,0.0400272862884481,0.00999999989039838,0.00499999896499887,0.0547717484977166,-0.130000000098755,-0.115000000121524,0.0442561176711778,0.918992174745937,-1.81322277464192e-13,-4.97216058068134e-13,0.394292991859518,-0.031261963694748,-0.0404935544435386,0.0519974248749969,-4.77639945530275e-12,1.46201653325227e-11,0.00313540460757077,5.20908089502586e-13,1.33886961333662e-11,0.0499999999999972,1.90783855691852e-12,1.00424074463752e-11,0.0317572179204466,-1.16390304734255e-13,6.69866106030831e-14,8.65763534326078e-13,5.5056571849807e-12,1.34482801771391e-10,1.20272192509971e-14,-0.19456980616564,-0.294355395746668,0.250000000253651,-0.399999999689828,0.400000007959906,0.221956120253401,-0.2695341681697,-0.39999999402895,0.203785381797884,0,0,0,0,0,1.00442055814711,0,0,0,0,0,0,0,0,0,0,0,0,0,0.125615727892464,0,0,0,0,0,0,0,0,3.88674161704466,4.59413555641306,4.1832468152088,4.29763035824893,0,0,0,0,1.85769159288212,2.24432755691128,2.04719248023903,2.05482666955436,0.330641158719771,0.0690928353042059,0,0.463858041632441,0.225251257900407,0,0,0,0.0943957413273528,0.478252647054482,0.0836908091064383,0.488957579275396,0,0.278453297304679,0.216609089028744,0.136774903827144
298,-0.0600000000244371,0.128300025019599,0.040627573566158,0.0099999999890802,0.00500000012211628,0.0558249337964263,-0.130000000102469,-0.115000000107741,0.0451848891532419,0.918992174787879,2.75562921650256e-13,1.8170186251667e-12,0.394292991829055,-0.0312619636919672,-0.0404935545102848,0.0519974248749924,6.02102097428665e-12,-0.0750000000293425,0.0499999999997657,1.68747374547543e-12,-3.76247453693193e-11,0.049999999999749,-6.60487761278106e-12,-3.34803320947482e-11,0.0500000000002573,1.06154079218198e-12,-2.00022815964213e-13,-4.54915464941606e-12,-7.51932942976006e-11,-4.09127780680338e-10,-2.93632377829144e-13,-0.237120205890136,0.399999982552236,0.221709917984722,-0.313356317109408,0.399999977628325,0.230710365607989,-0.144479132178607,-0.40000001988199,0.200584099731213,0,0,0,0,0,0.819362355687453,0,0,0,0,0,0,0,0,0,0,0,0,0,0,0,0,0,0,0,0,0,0,3.81890634492391,4.38122093685079,4.0517147541753,4.1484125275994,0,0,0,0,2.12046364514506,2.5143297285125,2.32152342986509,2.31326994379247,0.293605479158648,0.0991729671687793,0,0.392916816984021,0.181326996942167,0,0.143632715859813,0,0.11863485070509,0.549191950002695,0.203512593713614,0.483732646324795,0,0.333760053167986,0.347283680230024,0.0896559742867747
299,-0.0599999999793981,0.126381965501707,0.04165383580201,0.00999999980706047,0.00500000035555328,0.0568609674196508,-0.130000000059471,-0.115000000055314,0.0462142681093814,0.918992174727972,-9.50359984908979e-12,9.93513404123853e-12,0.39429299191177,-0.0312619636465167,-0.0404935542300648,0.0519974248749968,1.09558378637088e-11,-0.0749999999594328,0.0499999999975792,-2.68301090222764e-11,5.79708946960727e-11,0.0499999999978361,9.47949592478531e-12,4.13374829019035e-11,0.0500000000020072,-1.28954289299233e-12,2.30235824379047e-13,-1.25195126883539e-12,9.68996340414896e-11,4.40061792210578e-10,-6.23722019368879e-14,-0.399999993505965,0.400000024122139,0.208686395059772,-0.400000015955556,0.400000034468984,0.23213808168998,0.369104473300214,0.231099642457281,0.212761301064507,0,0,0,0,0,1.0352560524799,0,0,0,0,0,0,0,0.563325798587797,0,1.47014205577017,0,0.12431504129048,0,0,0,0,0,0,0,0,0,0,3.58944351150446,4.19560896152787,3.841204265289,3.94384820774334,0,0,0,0,2.15332454765136,2.52203791606935,2.3253955428172,2.34996692090351,0.282418445014761,0,0,0,0.191686685240492,0,0.222776318248734,0,0,0.676047339654816,0.243542868002409,0.553108867184868,0,0.493466556007956,0.47999052553099,0.080080523857213
300,-0.060000000388395,0.127581920734297,0.0421895258032857,0.0100000002587247,0.0049999998702055,0.0573966574274831,-0.129057365361354,-0.115000001313132,0.0467760551439078,0.918992174577949,-8.83433559128998e-12,-5.97486910859886e-11,0.394292991970606,-0.0312619645830597,-0.0404935551370723,0.0519974248759102,-5.13197777194054e-10,0.0749999996762785,0.00380000023962511,-5.47773673801175e-10,-3.85233354854126e-10,0.003800000446699,0.0749999993428018,-5.2139938110338e-10,0.00639671962385793,7.02910773217911e-12,-1.25758388479364e-11,-1.85602674760292e-11,-6.1248684126094e-09,-3.95659716130408e-09,1.2461612844558e-12,-0.400000305135919,0.399999807507934,0.149999999214489,-0.40000032569859,0.399999770933337,0.250000003244148,-0.0314006234517059,-0.295745285471399,0.244656339316611,0,0,0,0,0,1.151930207555,0,0,0,0,0,0,0,0,0,1.48646539229527,0,0.269579813814316,0,0,0,0,0,0,0,2.12311215078059,0,0,3.49373845257183,4.12111512297241,3.77139005599613,3.84346351954811,0,0,0,0,1.86377245899939,2.18126273144119,2.01466565566289,2.03036953477769,0.224794075931928,0.229944424341575,0,0,0.0221948767195845,0,0.216856778356993,0,0,0.699066783454074,0.215021732562578,0.616490796260156,0,0,0.497400851602026,0.176913223177659
301,-0.0600000000963892,0.129501899432727,0.0423584310476865,0.00999999990131081,0.00500000009944116,0.0577112887164979,-0.129730280418653,-0.115000000231321,0.0466589605446577,0.918992174740402,4.91902569464094e-13,-2.30836804891254e-13,0.39429299188174,-0.0312619636957494,-0.0404935544642123,0.0519974248751557,-4.6887915605293e-12,0.0749999999955651,0.0130443025745506,-1.60581914907878e-12,1.87397181709687e-12,0.027544406748978,-0.0749999999621776,-5.10440814746029e-11,-0.0179842745512846,-5.14191197869587e-14,-7.6934525869797e-14,2.01961930822637e-12,-1.46610749067624e-11,-1.52715370792298e-11,-3.37060786766334e-13,-0.400000002770109,0.399999997362856,0.250000000150604,-0.400000000953026,0.40000000111623,0.25000000070469,0.400000022488932,0.378073884247465,0.249999997518301,0,0,0,0,0,1.15050460275828,0,0,0,0,0,0,0,0,0,1.60114495255617,0,0.260111548400234,0,0.0329179428934845,0,0,0,0,0,0,0,0,3.60025282436138,4.2018661450122,3.84212188673631,3.95999708263727,0,0,0,0,1.89600178748886,2.21089669245284,2.01320876117264,2.09368971876905,0.289364967179645,0.12782824948217,0,0,0,0,0.181690172939592,0,0.0423734262435936,0.718124251072857,0.242685119055207,0.634295776305238,0,0.606580284751043,0.498206808801604,0.180222241303873
302,-0.0600000001282951,0.130000000117786,0.0421550070826382,0.00999999994204452,0.0050000000732028,0.0586508227920035,-0.128530368849956,-0.114999999948677,0.0461424830372963,0.918992174733822,-9.91761727158312e-13,-2.22762862101056e-12,0.394292991873583,-0.0312619637132851,-0.0404935544567821,0.0519974248750571,-3.75201255106464e-12,-1.12121916081332e-12,-0.0331556990156809,4.34967427537442e-13,7.0646136415161e-12,0.0499999999998169,0.0750000000037465,-7.80456658755585e-12,-0.0335854700861934,-1.62887972313762e-13,1.05782387762781e-13,2.63701837215468e-12,8.49936968041248e-12,3.18459285760723e-11,7.34494494299912e-14,-0.400000002217003,0.399999999280491,0.171046460815048,-0.399999999746489,0.400000004199012,0.24999999989112,0.0654460711788241,-0.191415644823701,0.250000000561502,0,0,0,0,0,1.15015137598101,0,0,0,0,0,0,0,0.867434665850465,0,1.37412710580777,0,0.311863671456389,0,0,0,0,0,0,0,0,0,0,3.62037350603848,4.22802492666423,3.88680378514738,3.96159464755532,0,0,0,0,1.86925135147925,2.18814725960048,2.01369179428167,2.04370681679808,0.21044924110224,0,0,0,0.0127516836242106,0,0.221053667809811,0,0,0.708414573770919,0.236632301287306,0.616004978324831,0,0.627515135572311,0.52911910545954,0.186238537516699
303,-0.0600000001015557,0.130000000101466,0.0411858115087958,0.00999999989892469,0.00500000010106855,0.0597073127529288,-0.126880601614483,-0.115000000025882,0.0458872485014846,0.918992174751683,-5.81276604301369e-13,-7.19300903915077e-13,0.394292991868152,-0.0312619636930515,-0.0404935544514524,0.0519974248760973,-1.66240723983342e-13,2.07186366673962e-14,-0.0500000000000361,-2.5398278626219e-13,-2.7370547022772e-14,0.0500000000133238,0.0749999999997992,-1.84577365491371e-13,0.00785481507415477,-6.06049925630533e-16,-9.73351424594249e-14,-2.87200416224831e-14,-2.62957520075366e-12,2.68643535252373e-13,1.57246614821696e-12,-0.400000000089314,0.400000000042689,0.199685383977108,-0.400000000151812,0.399999999984521,0.203194408847292,0.0722862879675348,-0.180453627912592,0.23753320874033,0,0,0,0,0,1.14853608374414,0,0,0,0,0,0,0,0.851833668158477,0,1.39959559292263,0,0.302021451551266,0,0,0,0,0,0,0,0,0,0,3.61624905717169,4.22967675701232,3.88908108474341,3.9568447294406,0,0,0,0,1.82408216952122,2.14455224861031,1.98200533604906,1.98662908208247,0.201420219336809,0,0,0,0,0,0.205242613579944,0,0.0274400636614857,0.729372164606056,0.253166466035811,0.632795108837086,0,0.64583730995066,0.559459077482065,0.196269666329525
304,-0.0600000003182862,0.130000000237434,0.040145711259002,0.0100000000723916,0.00499999999068362,0.0600000038946716,-0.126065125133329,-0.115000000209158,0.0460532112120954,0.918992174637076,-1.1158206452316e-12,-2.89985744624737e-11,0.394292991923578,-0.031261964145627,-0.0404935548722114,0.0519974248748602,-2.92832772358863e-10,-2.75494299912224e-10,-0.0499999999973537,-2.86992321069176e-10,-2.57885183668024e-10,2.32591004712506e-10,0.00688817387661914,-3.25099583795503e-10,0.00873704461948894,6.02672217984922e-12,-8.21388107004961e-12,6.94241948406957e-12,-3.17239970513004e-09,-2.98667990864693e-09,4.06286185658422e-11,-0.400000174132647,0.399999836121078,0.227326214056804,-0.400000170640073,0.399999846654216,0.250000138299309,0.125862907931933,-0.244237836498145,0.228151083664087,0,0,0,0,0,1.14704083562243,0,0,0,0,0,0,0,0.843938891183718,0,1.43587152088215,0,0.312330259671325,0,0,0,0,0,0,0,0,0,0,3.62985845240196,4.23901200159433,3.89823565021142,3.97063480378487,0,0,0,0,1.79012862270047,2.11381018544893,1.94942187205116,1.95451693609824,0.204830439975215,0,0,0,0,0,0.209868599656972,0,0.0374871894103335,0.729564739616237,0.260743593601734,0.636487396855872,0,0.64317247401293,0.561529891730988,0.199503136765508
305,-0.0600000000282855,0.130000000056522,0.0399999999913729,0.0099999998929293,0.00500000010330605,0.0599999979739525,-0.124811599947129,-0.114999999883954,0.0462392731652834,0.918992174795083,4.45387478912339e-12,-1.87845268286244e-12,0.394292991816675,-0.0312619636942211,-0.0404935544589165,0.0519974248719211,-7.28530970839328e-12,-1.23768241726647e-10,3.1013232094812e-13,1.42565849825059e-11,-8.49130496921776e-11,-1.95486886749554e-10,0.0749999999408433,-2.21111863703457e-11,0.00986351842394364,3.12996110844131e-12,2.08602318144352e-12,1.31329062355646e-11,1.73504957163245e-10,-1.1750227360791e-09,-2.86784284345902e-11,-0.40000000434797,0.399999926350988,0.150000000196103,-0.399999991525874,0.39999994951104,0.249999883750094,0.0222601661770694,-0.242784174522575,0.200910896007268,0,0,0,0,0,1.14663378303116,0,0,0,0,0,0,0,0.698763270223481,0,1.40509631286763,0,0.412655822831627,0,0,0,0,0,0,0,2.25934584803854,0,0,3.60824781131247,4.23262548871917,3.88937508661686,3.95149821341479,0,0,0,0,1.76440335416086,2.08389933833545,1.92460338538507,1.92369930711125,0.201645025651271,0,0,0,0,0,0.186453949150816,0,0.0335612257721272,0.694623074346373,0.201268050647319,0.602983886633777,0,0,0.497401163474818,0.1476555211399
306,-0.0600000003838007,0.130000000289998,0.0399999999914739,0.00999999984208334,0.00500000013869988,0.0595356878101951,-0.125694028748767,-0.115000000880936,0.0460109596741384,0.918992174608392,1.27565182535704e-11,-7.14180668879288e-12,0.394292991992442,-0.0312619637609374,-0.0404935547312248,0.0519974248749707,-8.00303213589099e-11,-9.0703135405506e-11,3.73605186272818e-13,-5.24293509236212e-11,-3.39451823450465e-11,-0.0462002192920651,-0.0749999998396512,-3.15842185921375e-10,-0.032483134142519,1.07761025064084e-12,-1.3719106343477e-12,1.84095299951462e-11,-5.53794462250289e-10,-7.06449520562914e-10,2.05520654001407e-13,-0.400000047586136,0.399999946016242,0.157477322547654,-0.400000031169468,0.399999979816746,0.25000000048317,0.400000095342748,-0.307856047872674,0.201898803863365,0,0,0,0,0,1.14574465693664,0,0,0,0,0,0,0,0,0,1.33509717309668,0,0.366278683743873,0,0,0,0,0,0,0,2.13318240118438,0,0,3.59780388749498,4.22541974313518,3.87677383250587,3.94644979812428,0,0,0,0,1.7728651503653,2.06754369878592,1.91160973279776,1.92879911635345,0.2245618536241,0.215108597402004,0,0,0.0155737027379288,0,0.203251657778402,0,0.000356646329050771,0.707403404957875,0.220369768844941,0.627866848328814,0,0,0.501288424021559,0.225831527160601
307,-0.0600000000242654,0.130000000072672,0.0402933358369374,0.00999999983605891,0.00500000013989968,0.0591523765286769,-0.127362391720698,-0.115000000098253,0.045756174319793,0.918992174800651,1.29099612414904e-11,-2.0291016568663e-12,0.394292991795821,-0.0312619636834293,-0.0404935544933757,0.0519974248725722,-2.31221373469742e-11,-1.38092028266352e-10,0.0291876464412742,-1.12700053005231e-11,-1.14660254072705e-10,0.00759998804199332,-0.0750000001918964,1.03268098591442e-10,0.00680814230486256,4.5886365839189e-12,-1.61176781991434e-12,8.4342242886798e-12,-1.08906025760486e-10,-1.42045197094489e-09,2.45999283994211e-11,-0.400000013750342,0.39999991783622,0.150000004418098,-0.400000006701444,0.399999931818298,0.25000008025131,0.399999885899477,-0.314072662966935,0.162750695766137,0,0,0,0,0,1.14748669151578,0,0,0,0,0,0,0,0,0,1.31721601748562,0,0.380639454249498,0,0,0,0,0,0,0,2.12445790617977,0,0,3.59031387907207,4.22288112037542,3.87553416242765,3.93766083701984,0,0,0,0,1.81891059964745,2.11046720358528,1.95886485041723,1.97051295281551,0.223017245090857,0.221567709249343,0,0,0.0260369985164327,0,0.199230024061432,0,0,0.701033195233124,0.208533129853422,0.622406138298017,0,0,0.488776790117002,0.221268881564832
308,-0.0600000000629825,0.130000000095098,0.0407682908113848,0.00999999990346085,0.00500000009903361,0.05937726746287,-0.129022113129196,-0.115000000103398,0.0459037355160256,0.918992174757111,5.3319980664455e-12,5.12330948721718e-12,0.394292991862164,-0.0312619637199002,-0.0404935544501202,0.0519974248742954,-6.31775972037945e-11,-1.59405410172758e-11,0.0183619790908153,-6.32644506009955e-11,-1.3296970751269e-11,0.0148529172324213,-0.0750000000699266,-4.18036366561607e-12,0.00794230626309652,4.99543808994729e-13,-2.63981283703414e-12,9.22774358895581e-13,-6.98487711051277e-10,-1.63926220949169e-10,1.58299069017299e-11,-0.400000037570147,0.399999990547478,0.149999998957942,-0.400000037612028,0.399999992095663,0.250000058235167,0.399999958422161,-0.327428405197002,0.157455163749946,0,0,0,0,0,1.14953134374577,0,0,0,0,0,0,0,0,0,1.29357899029533,0,0.395268366085228,0,0,0,0,0,0,0,2.10594607342351,0,0,3.58534867164196,4.21577454522756,3.87125902049493,3.92986419637459,0,0,0,0,1.8665643864471,2.15135995270393,2.00440798517023,2.01351635398081,0.215758824743424,0.217916962748657,0,0,0.0207861675836609,0,0.192690861446855,0,0,0.694937149033046,0.204775271131689,0.616699479257595,0,0,0.482677979758021,0.224882290185657
309,-0.0600000000378942,0.130000000076986,0.0412282968447417,0.00999999990811283,0.0050000001002714,0.0595031386076282,-0.13000000009422,-0.114999999949421,0.0460815562239386,0.918992174771949,7.78584882110713e-12,8.66255830195253e-12,0.394292991847609,-0.0312619637301545,-0.0404935544222115,0.0519974248747804,-1.10391975064112e-10,-1.58460227540398e-11,0.0275924715691001,-1.13849817589255e-10,-1.92124944573333e-11,-0.0021806226075293,-1.58537965641147e-10,4.15607793595153e-11,0.00983032380802577,6.69767174233653e-13,-3.70841846705427e-12,-9.39549072511435e-13,-1.26380470545439e-09,-1.96495162567787e-10,8.01563303751762e-12,-0.400000065634257,0.399999990529197,0.149999997754611,-0.400000067696634,0.399999988574417,0.250000027751031,0.399999905793109,-0.2713192677627,0.150433123429331,0,0,0,0,0,1.15225129311422,0,0,0,0,0,0,0,0,0,1.28034098241569,0,0.398878890656635,0,0,0,0,0,0,0,2.08775650979757,0,0,3.57710606837891,4.19857826546346,3.86020211173557,3.9154822221068,0,0,0,0,1.90931820995414,2.18772156013186,2.04416292585701,2.05287684422899,0.206498547805286,0.21993148416175,0,0,0.0234936113304054,0,0.190782743091685,0,0,0.689653277862611,0.20152310988454,0.606561832786423,0,0,0.478973520118737,0.227022124124793
310,-0.0600000001010452,0.130000000113502,0.0416914257579224,0.00999999990369003,0.00500000009939392,0.0594330823223749,-0.130000000023045,-0.115000000034814,0.0462943718463518,0.918992174739466,-4.32584036268764e-13,1.08336899647028e-12,0.394292991884737,-0.0312619637098711,-0.0404935544585461,0.0519974248742908,-7.79084824083699e-12,3.54147329884769e-11,0.0187645594691654,-1.48689853034027e-11,2.27979660042152e-11,-0.00481185634308727,8.57330230204475e-12,-2.43765578525459e-12,0.0114431747840422,-9.17884221635554e-13,-1.1177254076286e-12,-4.1934412919529e-12,-1.69568866023832e-10,3.27345267701307e-10,1.29225499654058e-11,-0.400000004636992,0.400000021010998,0.149999998768458,-0.400000008839071,0.400000013556292,0.250000049170522,0.400000005136827,-0.251718192077151,0.15000000027305,0,0,0,0,0,1.15329105987029,0,0,0,0,0,0,0,0,0,1.20967190055107,0,0.419199997832076,0,0,0,0,0,0,0,2.02613487787216,0,0,3.56714556887921,4.18205945400262,3.84873652220423,3.9004685006776,0,0,0,0,1.92160512877667,2.19092106251306,2.05281868469471,2.05970750659502,0.196970877098084,0.225608647923045,0,0,0.0199914320697106,0,0.186798845668094,0,0,0.67918120318673,0.19221556044832,0.593667494542905,0,0,0.469089939100577,0.219625531931834
311,-0.0600000000569086,0.130000000090026,0.0421814489069341,0.00999999994022798,0.00500000008323437,0.0594162538384472,-0.129999999942432,-0.114999999738848,0.0465204128122625,0.918992174749964,-1.25455749727749e-12,3.52660773514911e-12,0.394292991860146,-0.0312619637062031,-0.0404935544145576,0.051997424874663,2.86509482798904e-12,4.17139194460519e-11,0.03018067477352,-8.94246045676166e-13,3.49439183282574e-11,0.00308951104114294,-2.690132397362e-11,7.11747912217743e-11,0.011162326048114,-1.06942947522508e-12,-3.05498751072191e-13,-2.34136057512073e-12,-1.30500851174887e-11,4.29257134713175e-10,6.05010456048287e-12,-0.399999998314483,0.400000024757325,0.149999998989377,-0.400000000533101,0.400000020778065,0.250000022875369,0.399999983941275,-0.261586410041195,0.150000000986489,0,0,0,0,0,1.15748011181103,0,0,0,0,0,0,0,0.782832111189131,0,1.17734831696624,0,0.43944821961175,0,0,0,0,0,0,0,2.01635920638122,0,0,3.56220088693633,4.17605540428829,3.84428860615489,3.89396768506973,0,0,0,0,1.91348313228944,2.17849406646382,2.0432858031892,2.04869139556405,0.193310227939624,0,0,0,0.0176158313863182,0,0.185422467331363,0,0,0.672334983446862,0.18516973045564,0.588422993041242,0,0,0.457750214849462,0.222657505455941
312,-0.0600000000603344,0.130000000084565,0.0423207524085609,0.00999999985829934,0.00500000011906477,0.0594207558824685,-0.130000000103148,-0.115000000165752,0.046590489502353,0.918992174775953,-4.66263296543737e-13,2.02348721161113e-12,0.394292991870023,-0.0312619637201994,-0.0404935544661582,0.0519974248741196,-4.56392548776184e-12,3.69649506407533e-11,-0.0160193243554691,-2.10548154666635e-11,3.95004472586111e-12,-0.00261081478656347,-6.27168053450802e-12,-4.14441889437396e-12,-0.00407845270973357,-6.59384283725601e-13,-1.26424541186039e-12,-1.06088092922204e-11,-2.52023100737463e-10,2.32909726591737e-10,1.28169562512349e-11,-0.400000002698999,0.40000002193836,0.15000000019533,-0.400000012514222,0.400000002347769,0.250000047537101,0.399999996344931,-0.278682655604341,0.155808906539431,0,0,0,0,0,1.16430448123494,0,0,0,0,0,0,0,0.79462946483546,0,0,0,0.457396229725314,0,0,0,0,0,0,0,2.01590078566459,0,0,3.56207802973406,4.17738616004536,3.83593609594323,3.9035280938362,0,0,0,0,1.89228790971791,2.15953678519179,2.02147916836483,2.03034552654488,0.193626950134989,0,0,0.342078992920482,0.0135779003287027,0,0.187546824963578,0,0,0.66824507931399,0.178346890207823,0.587274391728107,0,0,0.446838185729735,0.225932373745856
313,-0.0599999999935277,0.130000000015449,0.0425410559243564,0.00999999968765454,0.00500000018127334,0.059371383652575,-0.130000000342299,-0.115000000594139,0.046910508651775,0.918992174886328,-8.9914628250016e-13,5.66120368851757e-12,0.39429299185052,-0.0312619637906634,-0.0404935545354931,0.0519974248734858,-1.16303462093734e-11,7.5287493762717e-11,0.0377806758588306,-6.75632208794848e-11,-4.20109352212048e-11,-0.00232775718032507,-3.15604607933092e-11,-5.31515405096989e-11,0.0358805722508992,-9.53128534008773e-13,-2.6797166753021e-12,-3.74429420979577e-11,-8.30237958978082e-10,1.99950653757212e-10,1.19595609583772e-11,-0.400000006911533,0.400000044756691,0.149999997247344,-0.400000040168875,0.399999975021221,0.250000044187838,0.399999981269845,-0.311375034701054,0.14999999889288,0,0,0,0,0,1.16991532675131,0,0,0,0,0,0,0,0.789707878891786,0,0,0,0.45034326972583,0,0,0,0,0,0,0,1.99974594972093,0,0,3.56863615767906,4.18455000121514,3.85255463405978,3.90063152483441,0,0,0,0,1.86509659643761,2.13719432301807,2.00129286599839,2.00099805345731,0.196295876133863,0,0,0.341492912135151,0.0135293407722807,0,0.187504174025658,0,0,0.663357341533397,0.173882322994875,0.586312689252825,0,0,0.434214633755279,0.226946876504764
314,-0.0599999993778504,0.129999999563322,0.0433461109616883,0.00999999923939648,0.00500000032720924,0.0593750926664493,-0.130000000959271,-0.115000000445574,0.0473741693728395,0.918992175421475,-1.03911589966413e-11,3.00115011646221e-11,0.394292991596654,-0.0312619639922477,-0.0404935544236562,0.0519974248685688,3.9295438340962e-11,3.76396522494523e-10,0.0427002299671911,-2.01602394779853e-10,-1.39100382252042e-10,0.00267358311489897,-5.72254192020385e-10,5.08623433257739e-10,0.0106118437184239,-3.76950295223816e-12,-9.82676368074564e-12,-1.64056132595686e-10,-2.62248078044896e-09,1.38282656195674e-09,7.41361719902648e-11,-0.399999976643013,0.400000223765958,0.14999999118473,-0.400000119872755,0.399999917287017,0.250000252523858,0.399999659764826,-0.317377827517004,0.150000015657606,0,0,0,0,0,1.17231350611263,0,0,0,0,0,0,0,0.799609385060567,0,0,0,0.466787185218453,0,0,0,0,0,0,0,2.01209914688419,0,0,3.56534491182132,4.18892448293311,3.85449124837838,3.89977814637605,0,0,0,0,1.85230139730543,2.12848663986252,1.99058264240333,1.99020539476463,0.193727239878756,0,0,0.339999638542788,0.012267766528843,0,0.188807749308961,0,0,0.663016046453102,0.166585209763011,0.585883184622524,0,0,0.438301140529857,0.227450505016797
315,-0.0600000001036534,0.130000000102908,0.0441213695511853,0.00999999989849605,0.00500000009987831,0.0593790149517166,-0.130000000078009,-0.115000000100198,0.0478000209279671,0.918992174750329,1.1437325910698e-11,1.53295773638568e-11,0.394292991869722,-0.0312619636928627,-0.0404935544532485,0.0519974248584003,-1.01694231817833e-13,-5.2921609713743e-13,0.0348648062093885,3.00853635381974e-13,2.99178205316931e-13,-0.00225665461224969,5.23820233309944e-12,-6.57910238893286e-12,0.0318670356666755,-5.03220373599569e-15,4.22447776716597e-14,2.64241188949083e-13,3.95957901364704e-12,-1.53992672463891e-12,1.0901217102299e-12,-0.400000000060321,0.399999999666212,0.150000000086959,-0.399999999819723,0.400000000178278,0.239678068620082,0.400000003079267,-0.377554652333219,0.150000000119483,0,0,0,0,0,1.18465477088463,0,0,0,0,0,0,0,0.559368976976343,0,0,0,0.304950161927281,0,0,0,2.17595717022151,0,0,0,1.93276068195905,0,0.705977972347286,3.61368375837959,4.29251751547728,3.93430247948068,3.97189879437618,0,0,0,0,1.72642343134306,2.11554469106542,1.92967611381137,1.91229200859712,0.207189629336376,0,0,0.356329980856543,0.0262886078027091,0,0.162054081796551,0,0,0,0.0620508829068653,0.552501175487754,0,0,0.349541811701328,0
316,-0.059999999477615,0.129999999638018,0.0447670253430813,0.00999999987405218,0.00499999912342151,0.0588695708328501,-0.130000000070741,-0.115000000299406,0.0486824315756277,0.918992175083664,-1.94029073406657e-11,3.05345875014049e-11,0.394292991584271,-0.0312619636455456,-0.0404935538437775,0.0519974248706464,-1.49113297738043e-10,5.99003885819956e-10,0.0297264598353064,4.4901375829789e-11,2.55618551298118e-10,-0.048456654508806,2.22668090599295e-10,1.61222011741224e-10,0.0500000000128898,-7.19462664774622e-12,5.71632485437366e-13,-7.99156039431908e-11,2.80999270658426e-10,4.24791760373029e-09,7.62779180005406e-12,-0.367391417261521,0.0974137526890698,0.149999993861704,-0.399999973304009,0.400000151997736,0.250000027736038,-0.0815339364717724,-0.399999904145931,0.150000007664978,0,0,0,0,0,1.20302191021055,0,0,0,0,0,0,0,0.488238293122782,0,0,0,0,0,0.324814784552255,0,0,0,0,0,0,0,1.04958331522649,3.63643097123293,4.23874569399372,3.93765013572174,3.93752652950491,0,0,0,0,1.57242014078003,1.80878409881263,1.71150072040651,1.66970351918616,0.138691649480505,0,0,0.265481629922271,0,0,0,0,0.0789474487180976,0.41839855487875,0.00662086246351063,0.463085163961629,0.0324989585366754,0.348776879827983,0.0578001412485663,0
317,-0.060000000045367,0.128300025029673,0.0456811581050479,0.00999999989868831,0.00500000010131675,0.0584411290197226,-0.130000000101311,-0.115000000101316,0.0492181216114039,0.918992174751832,2.43895440292057e-16,7.08759674541016e-17,0.394292991868026,-0.031261963692624,-0.0404935544511807,0.0519974248749999,6.78645532653654e-15,-0.075,0.0499999999999999,-9.24892077248845e-16,-2.9487336903739e-15,0.00534334562223188,-6.40751550676857e-14,2.08792106320987e-14,0.0037999998020182,-6.63913472556307e-17,-6.61339868665476e-17,-1.14063940483708e-16,8.84909078161272e-16,-1.10210131931641e-15,-4.96720626936428e-15,-0.192066407049201,-0.349137623615214,0.15,-0.4,0.354837495834588,0.25,-0.0573439130808727,-0.4,0.15,0,0,0,0,0,0.993554152147714,0,0,0,0,0,0,0,0.360742615631845,0,0,0,0,0,0.361232809498735,0,0,0,0,0,0,0,0.920011457472301,3.6944790190665,4.27494081882339,3.99314988861855,3.97626994927134,0,0,0,0,1.45956536658757,1.77203812200617,1.65495916196888,1.57664432662486,0.103705705657914,0,0,0.223226227912204,0.00355540709511185,0,0,0,0.0941198344637958,0.373814920128483,0,0.429227261655328,0.0128069339522083,0.274372871758516,0.0176053089538003,0
318,-0.0599999993109136,0.126380045522054,0.0467041550106732,0.00999999975286694,0.00500000685845418,0.0590811593636276,-0.130000000406793,-0.115000000240338,0.0488298111767322,0.918992174664594,-8.88431922636941e-12,5.23012250052982e-11,0.39429299218703,-0.0312619632546438,-0.0404935528592587,0.0519974248720616,-2.70607925416834e-11,-0.0749999995662112,0.0499999999854736,1.20765955060594e-10,-3.4344781481606e-11,0.0500000000011635,1.93489448871596e-10,4.81736038370535e-10,-0.0424000001385987,-1.19026432283199e-11,2.84196321987991e-12,-2.30820663770157e-11,1.36969262903445e-09,4.72239850857023e-09,7.63443203610251e-12,-0.0352148570569267,-0.399999742057936,0.149999991361908,-0.39999992819438,-0.0111540037852123,0.169799175989147,0.161059350347029,-0.399999713560737,0.150000035313216,0,0,0,0,0.038438126128284,0.199719285295542,0.0936659330514441,0.144491461990798,0,0,0,0,0,0.598429833827803,0,0,0,0,0,0.11284020729709,0,0,0,0,0,0,0.00845637882476225,0.634535235357257,3.68273887382317,4.11513192487131,3.90307550630295,3.89479529239153,0,0,0,0,1.50775334885164,1.8381400090311,1.71361892583634,1.6322744320464,0.0488331467238003,0,0,0.177312704987209,0,0,0,0,0.0758845517757091,0.28862525549932,0.0471720354366863,0.317337771838344,0,0.109160810397482,0,0
319,-0.0600000000157093,0.124460066959625,0.0477239215072945,0.00999999989868887,0.00500000004223228,0.0599846830542022,-0.130000000048635,-0.115000000101316,0.0483426743885479,0.91899217475183,1.82362253375436e-16,-6.33474131150807e-16,0.394292991868026,-0.0312619636926243,-0.0404935544511817,0.0519974248750002,2.01153516530258e-14,-0.0750000000000001,0.05,5.3820277443763e-15,-3.14086763524284e-15,0.0404003794307068,1.22123656627515e-13,-4.43421745684108e-14,-0.0064932554155652,-1.89744818584003e-17,-5.09595130360549e-17,-2.74052197268546e-16,-8.21177062794663e-16,-4.71460382448986e-15,-4.56763159009092e-15,0.0196038749364729,-0.4,0.15,0.126579228258618,-0.4,0.15,0.4,-0.24396165473725,0.15,0,0,0,0,0.315131618012303,0,0,0,0,0,0,0,0,0.319942353910347,0,0,0,0.0629342172086267,0,0,0,0,0,0,0,0,0.163657884860435,0,3.78174821279557,3.92564534879712,3.84263416417702,3.86475939741567,0,0,0,0,1.64298795802304,2.06717982957432,1.85979184671289,1.85037594088448,0.206695473892382,0,0.187532727447421,0.107913059326321,0.0439211376659953,0,0.0389785806254745,0,0.193850785646683,0.11328109992306,0.0882000243722877,0.130720163229238,0.00776128129460201,0,0,0
320,-0.0589537864804968,0.122540087958574,0.0487467633945811,0.0112648520362889,0.00330002504098303,0.0595862375427029,-0.128300050043634,-0.114501372742168,0.0487534992802365,0.918992174751832,-8.2189492046029e-16,-2.34989365555307e-16,0.394292991868024,-0.0312619636926244,-0.0404935544511817,0.0519974248750004,0.075,-0.0750000000000002,0.05,0.0750000000000001,-0.0750000000000005,-0.043604971430789,0.075,0.0496146626017311,0.0473067445844348,-1.12887444828259e-16,-1.01284926262302e-16,-1.05827702852538e-16,6.02638392301513e-16,-3.94249470239856e-15,-3.67182634778244e-15,-0.4,0.4,0.15,-0.4,0.4,0.199738448725384,0.272373126176965,-0.4,0.15,0,0,0,0,0,0.989981255048789,0,0,0,0,0,0,0,0.744275387387858,0,0,0,0.315900431099559,0,0,0,0,0,0,0,0,0,0,3.10764062730769,3.79170324006305,3.42065315781219,3.47869070955854,0,0,0,0,1.7082611919879,2.03171216511514,1.86814111068153,1.87183224642151,0.1897600076362,0,0,0.378388240749614,0.0630783838558053,0,0.208813588446894,0,0,0.660376665602877,0.0713055222414412,0.56552296645601,0,0.978266808315962,0.412557949733755,0.162646452306087
321,-0.0599999999903804,0.123740042960825,0.0493069525729348,0.010064942027291,0.00449998004323226,0.0592548281140867,-0.128481239889485,-0.115000000087738,0.0494599318720949,0.91899217475183,1.3008183198778e-16,-5.26090117608706e-16,0.394292991868026,-0.0312619636926243,-0.0404935544511815,0.0519974248750002,-1.10987877503345e-06,0.075,0.00623772918942043,-0.075,0.0749999999999996,0.0101950285692108,-0.0750000000000004,-1.93803697267254e-14,0.0234557694769381,-1.73433651029692e-17,-5.06866722853788e-17,-2.72583229707508e-16,-6.86551008091376e-16,-3.8732009623807e-15,-4.53821458704354e-15,-0.00109129042548686,-0.4,0.15,0.211707405592374,-0.4,0.15,0.4,-0.285804405255046,0.15,0,0,0,0,0.321590990185622,0,0,0,0,0,0,0,0,0.189046962639203,0.592977592149862,0,0.0538785979803779,0,0.128236146669191,0,0,0,0,0,0,0,0.200847598581047,0,3.73814598794971,3.8832308544683,3.7987491873709,3.82262765504711,0,0,0,0,1.57814804946387,1.99728781465146,1.79723910825007,1.77819675586526,0.128356863116348,0,0,0.0989439589996944,0,0,0,0,0.191182590472572,0.0734934574641184,0.0818625162780109,0.0924523430213576,0.00946220262079575,0,0,0
322,-0.0595702815296627,0.122540087958573,0.0499630816983444,0.0111860901929051,0.00330002504098303,0.059528811647423,-0.127281329880485,-0.115000000006709,0.049997939188607,0.918992174751833,-8.60134659853256e-16,-1.77378469075121e-16,0.394292991868024,-0.0312619636926242,-0.0404935544511814,0.0519974248750004,0.0427591546277792,-0.0750000000000001,0.0500000000000001,0.0750000000000001,-0.0750000000000004,0.0171684576189763,0.075,4.48048232019885e-14,0.0303106875837382,-1.10209822766357e-16,-9.89663997931083e-17,-1.08657571706414e-16,1.54180459267436e-15,-2.64171080105599e-15,-3.65808515324655e-15,-0.4,0.4,0.15,-0.4,0.4,0.15,0.265799960586465,-0.346811784182554,0.15,0,0,0,0,0,0.99031086157554,0,0,0,0,0,0,0,0.733617565891351,0,0,0,0.317170883409394,0,0,0,0,0,0,0,0,0,0,3.11808582842521,3.82125468395319,3.43783226123882,3.50150825113958,0,0,0,0,1.66890244275148,2.0123987521577,1.83797532937033,1.84332586553885,0.204108754768511,0,0,0.391891433745327,0.0800128695125155,0,0.217102159006105,0,0,0.673141650563981,0.0715971127912554,0.580911287294332,0,0.99443007104783,0.4210759151214,0.160430655281764
323,-0.0600000001013123,0.123740042960825,0.0504995256319566,0.0100025084656884,0.00449998004323227,0.0600000000136285,-0.126625429169267,-0.115000000050936,0.0507025306489951,0.91899217475183,1.35563625078607e-16,-5.19558661180828e-16,0.394292991868027,-0.0312619636926243,-0.0404935544511815,0.0519974248750002,-1.35476849952751e-14,0.075,0.00387501826987618,-0.025098391424339,0.0749999999999996,1.51008109376356e-14,-0.00898997898321356,-3.01230557529762e-14,0.0400995143213838,-1.55209029372411e-17,-4.88118490662606e-17,-2.62485472993166e-16,-5.74081974938543e-16,-3.66417519859858e-15,-4.52651201320856e-15,0.00394747733836473,-0.4,0.15,0.182662334535475,-0.4,0.15,0.4,-0.244469658615048,0.15,0,0,0,0,0.363970057980534,0,0,0,0,0,0,0,0,0.176648259715887,0,0,0.0645958011273898,0,0.119080869704732,0,0,0,0,0,0,0,0.190451799943652,0,3.73902060018337,3.85968793756723,3.7867594336057,3.8119491041449,0,0,0,0,1.52045313599261,1.92891502162955,1.73948157678275,1.7098865808394,0.11598057375006,0,0.186824850617027,0.0879015399294943,0,0,0,0,0.200349257363016,0.0741620153176089,0.0919517214234484,0.076801710173532,0.0132201861978856,0,0,0
324,-0.0591227090010727,0.122540087958574,0.0511131259608144,0.0113088368730235,0.003300025040983,0.0600000000063079,-0.124969435036566,-0.114603640414864,0.05144360584377,0.918992174751832,-7.30658392396359e-16,2.36729401594377e-17,0.394292991868025,-0.0312619636926242,-0.0404935544511819,0.0519974248750004,0.0750000000000002,-0.0750000000000001,0.05,0.0750000000000001,-0.0750000000000006,-2.10518974999679e-14,0.075,0.0394387697582744,0.0340383111718531,-9.36668780001475e-17,-1.00264917817915e-16,-1.80040425625306e-16,8.02183059901981e-16,-3.69861829320888e-15,-3.68388242323874e-15,-0.4,0.4,0.15,-0.4,0.4,0.15,0.225941787072393,-0.4,0.15,0,0,0,0,0,0.989130482856142,0,0,0,0,0,0,0,0.744089320484304,0,0,0,0.33682977844,0,0,0,0,0,0,0,0,0,0,3.11093874073641,3.79333458151632,3.42562497437587,3.47864834787686,0,0,0,0,1.58574029571138,1.9041932961799,1.74746821409307,1.74246537779822,0.180836296396519,0,0,0.361306847925489,0.0786535711344762,0,0.197490596761882,0,0,0.676704575577954,0.100009742177085,0.58209238710649,0,1.08146192620602,0.43237971535327,0.237882208908436
325,-0.0600000001013124,0.123740042960826,0.0516488159608144,0.0101089268640254,0.0044999800432323,0.0600000000136279,-0.12478643109973,-0.115000000075463,0.0521004371161573,0.91899217475183,1.77880390871184e-16,-2.90647773880401e-16,0.394292991868027,-0.0312619636926243,-0.0404935544511813,0.0519974248750001,-7.0236045819403e-12,0.0750000000000001,0.0037999999999999,-0.075,0.0749999999999997,1.50341435503303e-14,-0.0560443843942901,-7.72232434200138e-15,0.0316567240027164,-4.07885669247824e-17,-3.17375594981642e-17,-2.39904556090898e-16,-9.7656833324642e-16,-2.01077129194543e-15,-4.75967130612405e-15,-0.0429197175125167,-0.4,0.15,0.236376330882717,-0.4,0.15,0.4,-0.244833030836655,0.15,0,0,0,0,0.404735159788449,0,0,0,0,0,0,0,0,0,0,0,0.110146267335485,0,0.165342145709422,0,0,0,0,0,0,0,0,0,3.71742691027838,3.7897381416643,3.7430526856142,3.76411236632848,0,0,0,0,1.51220345414857,1.8593856243042,1.69045104890937,1.68113802954339,0.103524120989659,0.0591806478136656,0.219786585751487,0.0676991130675529,0,0,0,0,0.192719401755871,0.0439519011691563,0.219140463323002,0.0251016876536894,0.0883842423291415,0,0,0.0805085346478876
326,-0.0588160098548556,0.122540087958574,0.0522610659608144,0.0113424185683034,0.00330002504098282,0.0600000000054756,-0.123434876165884,-0.11448835823998,0.0526355443248605,0.918992174751832,-8.21504849603311e-16,3.64723469544545e-17,0.394292991868025,-0.0312619636926243,-0.0404935544511818,0.0519974248750004,0.0750000000000001,-0.0750000000000002,0.05,0.0750000000000001,-0.0750000000000006,-5.26633574882722e-16,0.075,0.0509096353713162,0.0219027666543535,-9.72676106046084e-17,-9.64646085478473e-17,-1.33408818872635e-16,4.77398755413763e-16,-4.77448895354602e-15,-3.7128540224255e-15,-0.4,0.4,0.15,-0.4,0.4,0.15,0.260663357828939,-0.4,0.15,0,0,0,0,0,0.988269770443002,0,0,0,0,0,0,0,0.786169078618177,0,0,0,0,0,0,0,0,0,0,0,0,0,0,3.09699833779544,3.77691748202202,3.40866565963606,3.4652501601814,0,0,0,0,1.54524994675278,1.84953915605871,1.69879880685398,1.69599029595751,0.170079922438269,0,0,0.371912944676127,0.0735808872176962,0.11640588839104,0.194993004150472,0,0,0.671960944321454,0.0924905440633731,0.57709420909832,0,1.06230981788534,0.414108815546106,0.248548825991979
327,-0.0599977539737908,0.123740042960826,0.0527967559608144,0.0101425085593033,0.00449998004323214,0.0600000000136277,-0.123619030139094,-0.115000000072603,0.0534461993477558,0.918992174751829,5.59588024976996e-16,-5.26725808095423e-16,0.394292991868027,-0.0312619636926239,-0.0404935544511821,0.0519974248749999,-0.0224726657767315,0.0750000000000001,0.00379999999999987,-0.075,0.0749999999999997,1.50351767149523e-14,-0.075,-6.59892677630414e-14,0.05,-6.011716018742e-17,-4.68702428253278e-17,-2.28649422017467e-16,8.2000080362698e-16,-2.50587020127808e-15,-5.11554937880939e-15,-0.00942770696504744,-0.4,0.15,0.0102536287347252,-0.4,0.188668237349903,-0.106459323582787,-0.4,0.15,0,0,0,0,0,0.0412127418226817,0,0,0,0,0,0,0,0.59268675982344,0,0,0,0,0,0,0,0,0,0,0,0,0,0.774893393913787,3.51049105663495,3.80385207894736,3.6286434184744,3.68569971710791,0,0,0,0,1.37370442399568,1.62577063438095,1.52155934287544,1.47791571550119,0.0982707594749688,0,0,0.171338486980131,0,0,0,0.0494919868317996,0.134322628855963,0.200404029736474,0.0796411548383627,0.255085503754074,0.0362124666766243,0.0482575662386492,0,0
328,-0.0600000000004722,0.122540087966655,0.0534090059576944,0.00999999999938485,0.00330002505176042,0.0599222657962635,-0.125420204399416,-0.115000000101316,0.0541462097133505,0.91899217475183,5.5451897099555e-16,-3.01998183725344e-16,0.394292991868027,-0.0312619636926242,-0.0404935544511819,0.0519974248749998,-3.89263485664382e-15,-0.075,0.05,-4.53219520824708e-16,-0.0750000000000003,-0.00773474799644697,-0.075,-4.37887309107579e-14,0.0201502851338272,-1.08975042354501e-17,-3.23928022752973e-17,-1.87537208357911e-16,-3.52454082872621e-16,-2.96207283398131e-15,-5.82456406603059e-15,-0.159784017401832,-0.048556665425158,0.15,-0.217764208301603,0.4,0.18346747794251,-0.203560911342179,-0.4,0.15,0,0,0,0,0,0.415909842441285,0,0,0,0,0,0,0,0.884413721817732,0,0,0,0.297128234743583,0,0.0892942076524021,0,0,0,0,0,0,0,0.211930772294839,3.42631191806008,3.79551463401982,3.58531862893098,3.63650792314892,0,0,0,0,1.33990609387305,1.65288330302635,1.48959764881963,1.50319174807977,0.224155220539942,0,0.0101305463848675,0.244768800891974,0,0,0,0,0.131743852823972,0.360411176355313,0.128094405400004,0.364060623779281,0,0.234075816462847,0,0
329,-0.0600000000033688,0.120620108974245,0.0540733950376071,0.00999999992241672,0.00389702631006183,0.0599043827331864,-0.127054321329744,-0.115000000098211,0.0540849054188761,0.918992668365046,-7.79791233841706e-07,1.89566186642e-06,0.394291841501788,-0.0312782962696527,-0.0405128118301877,0.05199743808444,-1.84710698853488e-12,-0.075000000002371,0.0166058786056159,-1.79124436440602e-12,0.0749999999956969,0.00268859867226287,-0.0750000000056506,3.68004317260684e-12,-0.0260497145582017,-0.000119657316269554,0.000415678051289514,5.75390048736891e-08,3.25866938621157e-05,1.74041394994514e-05,5.3888860130488e-05,-0.275424133887375,0.399999998590245,0.149999999998736,-0.389189070382174,0.399999997441375,0.158790292871679,0.399999996640145,-0.363041633847495,0.149999999978839,0,0,0,0,0,0.707972841684275,0,0,0,0,0,0,0,1.17755919233522,0,0,0,0,0,0,0,0,0,0,0,0,0,0,3.0727724605794,3.50681346671342,3.25463908059083,3.32494684670198,0,0,0,0,1.52688455636924,1.7013621369855,1.59745740698265,1.63078928637209,0.157883271747667,0,0.00238697657311032,0.303906387231486,0,0.154803552113321,0.0607041931493589,0.0917637190478049,0.0594296136873878,0.475937763264683,0.136686974384118,0.440017933860515,0,0.395953826494382,0.0611264814373314,0.574790978583771
330,-0.060000000086343,0.120693644996407,0.0541045385004963,0.00999999978594812,0.00500000129651966,0.059994520616719,-0.128643177663158,-0.114999999993189,0.0541046011314925,0.918992668345054,2.15453525398026e-08,-5.87161924172796e-08,0.394291841584762,-0.0312784491104104,-0.0405129680659169,0.0519974251178391,1.96009955335145e-12,0.075000000014062,-0.013341793961129,1.54664712731411e-11,5.26043677420599e-11,0.00630743365367146,-0.0749999999394054,-1.46686816190884e-11,0.0277502854792572,-0.000141988655958205,0.000131340773781111,1.16542725683991e-10,6.49405152788662e-06,7.06743008146974e-06,2.36967529491387e-07,-0.399999998822158,0.400000008361565,0.14999999773621,-0.399999990802866,0.400000031278331,0.216359101195193,0.400000036029166,-0.377199421308984,0.150000001738864,0,0,0,0,0,1.28788111408956,0,0,0,0,0,0,0,0,0,0,0,0.883314458460234,0,0,0,0,0,0,0,0,0,0,2.98462498082158,3.47053606569342,3.1792107721454,3.2759502743696,0,0,0,0,1.32304428679946,1.45596573507681,1.3660755184774,1.41293450339886,0.0800916346272042,0.304053505417436,0,0.351517818206109,0,0,0.141092375106912,0.118832274961645,0,0.527795384620121,0.0459907194431734,0.512376940330607,0,0.503630197735057,0.239300008574952,0.266362049997818
331,-0.0600000001334439,0.122613623999339,0.054195625197466,0.0099999999379077,0.00499999641343655,0.0599999994778518,-0.127443267749791,-0.113637046109826,0.0541952968375874,0.918992668298965,2.80778481761958e-10,-3.36075213527536e-10,0.394291841586008,-0.0312784442337742,-0.0405129634102214,0.0519974248761733,-1.47212862299429e-12,0.074999999991609,0.0222723927285805,-6.49235121609539e-13,-9.44518836128176e-11,2.27702235516201e-11,0.0749999999387706,0.0749999999891358,-0.0184497144745962,7.96815516915251e-06,-7.94098924097262e-06,-2.81362724263893e-11,-4.14944793453703e-07,-4.182513841694e-07,-1.09431672805256e-09,-0.277906646076568,0.399999995010539,0.150000000643172,-0.400000000385328,0.399999943838157,0.150000013536713,0.399999963593397,-0.40000000646012,0.149999998132973,0,0,0,0,0,1.2906356335864,0,0,0,0,0,0,0,0,0,0,0,0,0,0,0,0,0,0,0,0,0,0,2.98283598417124,3.49249041783137,3.20254364885982,3.27278275314279,0,0,0,0,1.32855999263575,1.42422710722506,1.36851149169972,1.38427560816109,0.00368870699075913,0.299172222096563,0,0.340601489969693,0,0.283868007755728,0.129409389977399,0.133046811598355,0,0.519874710538389,0.00758255484271172,0.473832491007523,0,0.829392194493431,0.214440014905265,0.272823132924106
332,-0.0600000000984026,0.124533602977524,0.0547751003974828,0.00999999989868868,0.00500000010131762,0.0600000000136277,-0.125800309344305,-0.11200203983854,0.0543669925484636,0.918992668327603,-5.57054016701452e-11,1.28391354893078e-10,0.394291841590346,-0.0312784442252415,-0.0405129633372843,0.0519974248750162,9.53514588210107e-15,0.0749999999999999,0.0356084469978818,-3.44471496649586e-15,-4.3062776624028e-15,2.93515585227643e-14,0.075,0.075,0.0353502855095163,-1.68947386191009e-07,1.87377857121516e-07,2.28492566967321e-16,1.04747311385803e-08,9.55902670896156e-09,-3.65801877559436e-11,-0.4,0.4,0.15,-0.4,0.4,0.247946777207558,0.344759189720489,-0.252403672965142,0.15,0,0,0,0,0,1.25808670434424,0,0,0,0,0,0,0,0,0,0,0,1.02588293400355,0,0.553617538992772,0,0,0,0,0,0,0,0,3.19836843121246,3.64287801694098,3.37696354956716,3.46428289858628,0,0,0,0,1.11630239259041,1.2393523558946,1.18922819320328,1.16642655528172,0.0181143856883348,0.311720316722325,0.0145892236333925,0.306458004664636,0,0,0.120240009507611,0,0.0710059181757772,0.660869408627147,0.165164869968245,0.598408078987919,0,0.535714855073048,0.356435876918396,0.202356681703201
333,-0.0600000001013119,0.126453581979375,0.0550229593381814,0.00999999989868864,0.00500000010131716,0.0600000000111167,-0.124227404641185,-0.111813385554457,0.0546096882606806,0.918992668327603,2.50743971421582e-12,-6.36282338457096e-12,0.394291841590346,-0.0312784442353929,-0.0405129633480653,0.0519974248750003,-1.26966289952828e-14,0.0749999999999998,-0.0105915529283875,-2.31913212849547e-15,3.66736527814303e-16,-1.98661835968634e-14,0.0749999999999997,-0.0554821607878768,-0.0108497142888305,-5.68862407336907e-09,4.632859791703e-09,-1.36210531542941e-16,2.04579972461341e-10,2.59863998104525e-10,-4.49392273013709e-13,-0.4,0.4,0.15,-0.4,0.4,0.221595589310591,0.4,-0.277608918303519,0.15,0,0,0,0,0,1.27995336700409,0,0,0,0,0,0,0,0,0,0,0,1.01007215619022,0,0,0,0,0,0,0,0,0,0,3.24380150613744,3.72912942765554,3.42957368888652,3.54335724490645,0,0,0,0,1.03869956854716,1.1194098535016,1.0955569856765,1.06255243637226,0,0.305538328278586,0.00685761590035997,0.3439328720159,0,0,0.0726878757007927,0.112620499964403,0.0665342641746943,0.613949964760513,0.136534897126846,0.571761772445201,0,0.466105916419909,0.245143086539022,0.369519379143629
334,-0.0600000000929027,0.128373560981069,0.0550296567204422,0.00999999989868909,0.00500000010131458,0.0600000000136278,-0.123018392730789,-0.112029368558711,0.0545827767380356,0.918992668327603,-3.29720168437349e-14,1.0728235792244e-13,0.394291841590346,-0.0312784442348713,-0.0405129633475477,0.0519974248750002,3.43569802881499e-14,0.0749999999999999,0.0111525705371304,-4.88432274339574e-15,-1.56095159036913e-15,1.29563718978328e-14,0.0460459612334138,0.0334392532920857,0.00806399348546314,6.2613160862527e-10,-6.03050548230541e-10,-2.08136588561776e-16,-3.07460497943828e-11,-3.2050889442437e-11,-7.08039806549291e-15,-0.4,0.4,0.15,-0.4,0.4,0.229133111090179,0.4,-0.375714055116134,0.15,0,0,0,0,0,1.25384370774415,0,0,0,0,0,0,0,0,0,0,0,1.07063158627889,0,0,0,0,0,0,0,0,0,0,3.38653788890351,3.86112512195746,3.56242194023535,3.68524107062561,0,0,0,0,1.01090782351109,1.12307440495074,1.05267196698081,1.08131026148103,0.0689606287322179,0.348498222978595,0.0465380543149592,0.382207057240977,0.0321881811369902,0,0.176958014504596,0.164226111909125,0.0461029803834265,0.63557105528537,0.124543286769359,0.601467622738127,0,0.537972162596578,0.339611454024092,0.37079447091426
335,-0.0600000001013115,0.13000000010131,0.0552061702555933,0.00999999989868897,0.00500000010131661,0.0600000000136279,-0.121471544622575,-0.110851254141162,0.0542797466059656,0.918992668327603,-3.49179783770207e-15,6.35727469619494e-15,0.394291841590346,-0.0312784442348807,-0.0405129633475556,0.0519974248750003,-2.03492856832967e-14,6.45309786429318e-11,0.00652193614991892,-8.45703815863077e-15,2.3530392485681e-15,2.41575311763474e-14,0.0749999999999996,0.0749999999999998,-0.0381360066915777,-2.34712002167238e-11,2.42224261388862e-11,-1.56545480258172e-16,1.29213834495297e-12,1.25551993001034e-12,-4.35374755965014e-15,-0.4,0.4,0.15,-0.4,0.4,0.220563479086,0.4,-0.4,0.15,0,0,0,0,0,1.27330709024967,0,0,0,0,0,0,0,0,0,0,0,0,0,0,0,0,0,0,0,0,0,0,3.45435842604367,3.94644443855307,3.63662056430886,3.76418230028788,0,0,0,0,0.92452463208617,1.03373980809227,0.96690089979246,0.991363540385983,0.0487096429080792,0.332726629413696,0.0384833676455466,0.392426091209713,0.0507506512587964,0.333830074675435,0.166745688130553,0.199356781432259,0.0554408032931689,0.608281563716282,0.124872805058426,0.577724752395615,0,0.509218382907213,0.293132953488629,0.409851025959453
336,-0.0600000001494899,0.130000000136534,0.0556053037403311,0.00999999965240479,0.00500000602913227,0.0600000015807504,-0.119843738608301,-0.109216351404131,0.0540577164826899,0.918992668367205,1.17429233233768e-11,-1.42433177449591e-11,0.394291841579481,-0.0312784441059213,-0.0405129633776365,0.0519974248766158,1.17846535834275e-11,5.07023162411115e-11,0.0332577334474904,5.3551296413528e-11,1.89862317285321e-10,3.41068457344264e-10,0.0750000002197549,0.0749999999465361,0.0156639930519614,-2.71726563838383e-12,-1.03757053895275e-12,4.48442184651674e-11,7.86964696259011e-10,1.34844963864943e-09,5.47660039132061e-11,-0.35738707798221,0.400000030079907,0.190769372416787,-0.399999968154325,0.40000011289872,0.250000202800791,0.400000130664815,0.397021496542063,0.250000003703694,0,0,0,0,0,1.24573528249854,0,0,0,0,0,0,0,0.708960232589238,0,0,0,0.940478549264512,0,0.501185325595954,0,0,0,0,0,0,0,0,3.6217398170031,4.11795031111891,3.77417143727917,3.96551869084285,0,0,0,0,0.767963378364882,1.02333676665516,0.830391636251019,0.960908508769017,0.123244795255549,0,0.0797268407883892,0.432185395169658,0.11495833569848,0,0.310429687474061,0,0.0323166208611968,0.627228450420764,0.14637855100749,0.616356561588624,0,0.585537934651249,0.425898006928465,0.240854743909595
337,-0.0600000001013102,0.130000000101315,0.0558061484102455,0.00999999989868738,0.00500000010131528,0.0600000000136275,-0.118093342099844,-0.110416306596374,0.0539066863302056,0.918992668327604,-1.37288773367768e-15,5.01177405070587e-16,0.394291841590345,-0.0312784442348805,-0.0405129633475555,0.051997424875,-1.44679928780448e-14,1.17144643203873e-13,-0.0129422665608994,-5.41231415734857e-15,-3.58718578768473e-15,-3.4938555861369e-15,0.075,-0.075,-0.0305360069744688,4.92195819360242e-14,-4.84117232481755e-14,-1.23948133311227e-16,5.00083225105407e-16,-5.24663679548909e-15,-5.02763539328121e-15,-0.180595644471766,0.4,0.154336186678341,-0.4,0.4,0.15,0.0862576760407266,-0.172393973939622,0.15,0,0,0,0,0,1.24474968134368,0,0,0,0,0,0,0,0,0,0,0,0,0,0,0,0,0,0,0,0,0,0,3.47269738615298,4.11299743861723,3.69398155560518,3.89171326916504,0,0,0,0,0.86495913017676,1.10790305101893,0.934591816121467,1.03827036507422,0.166569024595975,0.177600517954624,0,0.509047704561507,0.179889397453659,0.451524261338349,0.277975912635081,0.0292463393019984,0,0.927471675006019,0,0.576885544457569,0,0.941810859570967,0.257409950709554,0.345252801664492
338,-0.0600000001013112,0.130000000101316,0.0554810430495839,0.00999999989868904,0.00500000010131643,0.0600000000109905,-0.116264387052568,-0.109597431604414,0.0538366561918041,0.918992668327603,-5.88834979088585e-16,2.4892617771634e-16,0.394291841590345,-0.0312784442348812,-0.0405129633475563,0.0519974248750002,-1.60737310952801e-14,1.19204109724459e-13,-0.0195353043164845,-6.55755830226382e-15,3.3698753691756e-16,-3.13952329969525e-14,0.0749999999999995,0.0749999999999999,0.0232639931337805,-2.75826813590083e-17,4.49547235953161e-17,-2.02679331643432e-16,-1.84138028012415e-15,-4.29963071050114e-15,-4.74160267466806e-15,-0.391117991705009,0.4,0.15,-0.4,0.4,0.193869147083129,0.4,-0.4,0.15,0,0,0,0,0,1.26707962815407,0,0,0,0,0,0,0,0,0,0,0,0,0,0,0,0,0,0,0,0,0,0,3.45160093017172,3.94883331688789,3.64540669007034,3.75502755698926,0,0,0,0,0.723698367294737,0.835539170484251,0.759422760371875,0.799814777407113,0.0490293489266035,0.305266107049475,0.00866959222901397,0.373225663593839,0.0566664104577884,0.328848480667258,0.189544272704437,0.200186533527829,0.0219193264129147,0.554474029901517,0.110162813892492,0.534541051786764,0,0.504508754815506,0.291037494367916,0.418104321618524
339,-0.0600000000740049,0.130000000101316,0.0556310269645598,0.00999999989868881,0.00500000010131437,0.0600000000136269,-0.114749847856789,-0.108064731319652,0.0544087410024962,0.918992668327604,-5.5275312386229e-16,-5.12645538543088e-16,0.394291841590345,-0.0312784442348811,-0.0405129633475557,0.0519974248749996,2.4782729917438e-14,1.19606130196252e-13,0.0342646958134493,-5.79696203781806e-15,2.27156947492638e-16,1.30033318714311e-14,0.0749999999999996,0.0749999999999999,0.033891351145373,2.93803122081509e-17,-3.23616087740783e-17,-2.25229148404654e-16,-1.1415800296833e-16,-3.76887897799808e-15,-6.15887632858257e-15,-0.33517406037942,0.4,0.162579279608424,-0.4,0.4,0.25,0.4,0.4,0.237557081496846,0,0,0,0,0,1.24986349527476,0,0,0,0,0,0,0,0.740611492272848,0,0,0,0.839346589951958,0,0.381526566912579,0,0,0,0,0,0,0,0,3.62101120070543,4.11746205913361,3.78296261920313,3.95551064063591,0,0,0,0,0.570506527897904,0.806589576636418,0.623841330233405,0.753254774300918,0.128517104201235,0,0.0454996697359341,0.397472904284607,0.138495544477252,0,0.336004776830119,0,0.00430425968920473,0.546425508025195,0.119560519664099,0.553883630160718,0.000201678325749361,0.575263267632938,0.422598549710324,0.251238873808625
340,-0.0600000001013105,0.130000000101316,0.0558520108803603,0.00999999989868808,0.00500000010131506,0.0600000000131745,-0.113022545998193,-0.109264686328001,0.0546222580248129,0.918992668327604,-1.15212420881293e-15,-4.33005645133794e-17,0.394291841590345,-0.0312784442348806,-0.0405129633475555,0.0519974248750003,-1.74849607013246e-14,1.16855381900882e-13,-0.0119353042331929,-7.90273330712228e-15,-2.19244353977691e-15,-3.72725584215765e-15,0.075,-0.075,-0.0123086489134072,1.83366899649254e-17,-9.7897371033545e-17,-8.45388571438865e-17,2.22410056455633e-15,-1.09543770017149e-15,-4.08142336399394e-15,-0.282812834698867,0.4,0.181992019412974,-0.4,0.4,0.155170266982551,-0.00649551701159022,-0.0938200819443716,0.15,0,0,0,0,0,1.25622051265041,0,0,0,0,0,0,0,0,0,0,0,1.4209807639551,0,0,0,0,0,0,0,0,0,0,3.54715758251025,4.13213663077378,3.74000084789739,3.93929336538664,0,0,0,0,0.578243022546037,0.844144877283859,0.674180321609714,0.748207578220182,0.194270034848603,0.168520663222511,0.0200658137638336,0.474659887743086,0.155071584475928,0,0.274840450336122,0.00305243513334043,0,0.596909460846107,0.0381331828703424,0.586986996840582,0,0.954050712202793,0.292907819442631,0.115379544230836
341,-0.0600000001046769,0.130000000101218,0.0551560254042026,0.00999999978214951,0.00500000038897145,0.0600000033527379,-0.111273075691987,-0.110870583594769,0.0539996299848264,0.918992668350395,-2.83566860681766e-12,-4.10970289768628e-13,0.39429184159871,-0.0312784441598149,-0.0405129633353806,0.051997424883518,-1.09777821323315e-12,-5.08672271504934e-12,-0.04999999999969,1.50921260156762e-11,-4.54688763064104e-11,9.68467839553385e-11,0.0750000000015709,-0.0749999999993854,-0.0497668638819578,5.28502107851034e-13,-3.44454403329847e-13,-6.98576213716186e-12,1.04843515246938e-10,-1.47788805560106e-10,1.02304643903497e-11,-0.287797322687208,0.399999996905645,0.250000000184287,-0.399999991023432,0.399999972965693,0.153607732983581,0.0805271651640686,-0.0335684134627217,0.149999999276618,0,0,0,0,0,1.2375585032638,0,0,0,0,0,0,0,0,0,0,0,1.36241589078743,0,0,0,0,0,0,0,0,0,0,3.58967804705561,4.17400737127524,3.80087076915426,3.96281464917659,0,0,0,0,0.560308230441479,0.853409765251865,0.664297131952899,0.749420863740433,0.173225350059066,0.105610851325795,0,0.415867674660198,0.128937073684517,0,0.264541140389197,0,0,0.58426177042208,0.0275174774752611,0.572766054085342,0,0.974087062482214,0.313591847271711,0.107485847659011
342,-0.060000000101311,0.130000000101316,0.054139724504389,0.00999999989868915,0.00500000010131829,0.0600000000136275,-0.10946974516551,-0.112433659368197,0.052999008336725,0.918992668327604,7.93378838041899e-17,3.89860938421987e-16,0.394291841590345,-0.0312784442348813,-0.040512963347556,0.0519974248750004,-1.34377464344632e-14,1.17392726380687e-13,-0.05,-4.858363841341e-15,-4.72068732513605e-15,1.50067884956625e-14,0.0749999999999997,-0.075,-0.05,5.95795294450419e-17,-1.62979832305885e-17,-2.26119528737537e-16,-9.64208041605654e-16,-1.1191250220114e-15,-4.43447235259799e-15,-0.4,0.4,0.165148914855551,-0.4,0.4,0.25,0.4,-0.0120704911540594,0.15,0,0,0,0,0,1.28189365739651,0,0,0,0,0,0,0,0,0,0,0,1.06781319802155,0,0,0,0,0,0,0,0,0,0,3.60330186856331,4.09373499846915,3.7857556279236,3.91128123910887,0,0,0,0,0.563365888490153,0.785145864454556,0.659638651245618,0.688873101699091,0.112993533654876,0.232020620322634,0,0.31190217095885,0.067263842815688,0,0.189312374485373,0.118515235445472,0.0536526886470788,0.639157379762858,0.143705395543975,0.601746428545349,0.0123108051680015,0.574482982772726,0.394518639298501,0.1972492826631
343,-0.0600000001013099,0.130000000101315,0.0536407613982698,0.00999999989868884,0.00500000010131521,0.0600000000136253,-0.107704804714554,-0.113195867435325,0.0525396983380714,0.918992668327605,-2.68160095581776e-16,6.17494883370835e-16,0.394291841590344,-0.0312784442348816,-0.040512963347556,0.0519974248749998,-1.31521318589737e-14,1.181534610012e-13,-0.000145582698416268,-4.50783071010338e-15,-8.1779316090291e-16,1.45683172765954e-14,0.0749999999999994,-0.00158786737598799,0.00380000013397586,-4.92892870814818e-17,2.32824364502742e-17,-3.14414095751738e-16,-1.33956136334365e-15,-3.31745144692826e-15,-6.25584065341817e-15,-0.36300656063961,0.4,0.15,-0.4,0.4,0.15,0.4,-0.107684176347654,0.15,0,0,0,0,0,1.28115021937596,0,0,0,0,0,0,0,0,0,0,0,1.17296205783408,0,0,0,0,0,0,0,0,0,0,3.54895501940665,4.10297656808417,3.79489886984257,3.85703271764826,0,0,0,0,0.630015667376484,0.869018170271349,0.718894825395769,0.780139012252064,0.124998107250883,0.203273462636522,0,0.332984593105719,0.113108977139952,0,0.254241424973476,0,0,0.932066810935545,0.025500971353461,0.524023773513726,0,0.56915051491914,0.348665349915828,0.381032466312699
344,-0.060000000101309,0.130000000101315,0.0541785397442595,0.00999999989868856,0.00500000010131476,0.0600000000136249,-0.10608809124075,-0.114212158250254,0.0521513883403668,0.918992668327605,-6.98441237569145e-17,6.41923567269e-16,0.394291841590344,-0.0312784442348813,-0.0405129633475556,0.0519974248749997,-1.24115289714376e-14,1.17499849754577e-13,0.0499999999999999,-3.64265250950377e-15,-1.24530360461111e-15,1.47164577426738e-14,0.075,-0.075,-0.0423999999042546,-3.87649565305242e-17,3.40803969565757e-17,-2.58748632458748e-16,1.5039177667145e-15,-1.20523570155629e-15,-6.57248242863501e-15,-0.396297056225968,0.4,0.15,-0.4,0.4,0.15,0.230593263433553,-0.0587578666775217,0.199785145860142,0,0,0,0,0,1.27347951878721,0,0,0,0,0,0,0,0,0,0,0,1.24478203422231,0,0,0,0,0,0,0,0,0,0.539771879859153,3.60337359401589,4.17255414859411,3.85972152549063,3.91620621711936,0,0,0,0,0.676199910635325,0.989453889586834,0.790201142373889,0.87545265784827,0.1570675718561,0.158886633481889,0,0.325623380879326,0.158658406838482,0,0.28549879602379,0,0,0.961072350114989,0.0301933468656374,0.532578472846265,0,0.593917513568275,0.394634145471761,0
345,-0.0600000000454564,0.130000000073866,0.0550235858435102,0.00999999983649816,0.00500000121603064,0.0599999963881125,-0.104168133212802,-0.114956596456866,0.0511332249916515,0.918992668351815,1.44167299147863e-12,7.02743424021182e-12,0.394291841590177,-0.0312784442039511,-0.0405129633177401,0.0519974248707686,-2.15371413703238e-12,-3.19815050725581e-12,0.0345817013600418,-1.26062256216723e-12,-1.50535370466278e-11,-1.03943291483963e-10,0.0749999999814655,0.0137046162282565,-0.0499999999983474,-1.08135621238593e-14,7.05878752821698e-13,-4.04878252881341e-12,-3.47161474515226e-11,-9.75862790587425e-11,-1.2950449603209e-11,-0.363129599232052,0.399999998029371,0.157975883288003,-0.400000000746287,0.399999991051045,0.201670000584928,0.399999988979548,0.0674761761259249,0.180759691327152,0,0,0,0,0,1.27709978516874,0,0,0,0,0,0,0,0,0,0,0,1.08730756020269,0,0,0,0,0,0,0,0,0,0,3.73223625298144,4.29794577908827,3.9474080623033,4.08277396976641,0,0,0,0,0.564755715771613,0.88164412697034,0.694339593970054,0.752060248771917,0.219809632365238,0.0614152111828929,0,0.368031545579716,0.144446783549667,0,0.237758416478826,0,0.00417777943816385,0.582071255774368,0.0954350086700398,0.586613105698453,0,0.543044016908923,0.358485747039786,0.355477285882611
346,-0.0600000001013091,0.130000000101315,0.0552509098701375,0.00999999989868825,0.00500000010131537,0.0600000000136279,-0.102502411122991,-0.115000000073849,0.050642216286568,0.918992668327605,-2.40882923514252e-16,-1.41051518199192e-16,0.394291841590344,-0.031278444234881,-0.0405129633475552,0.051997424875,-1.35588497202666e-14,1.17351160597464e-13,-0.0116182986396675,-4.70303983317783e-15,-3.37843391247685e-16,1.50349641376173e-14,0.0749999999999997,-4.95190740736386e-14,0.000645900369996115,1.98409713228463e-17,-5.83082035044116e-17,-2.18635878669359e-16,8.72919418405559e-16,-8.64455463957172e-16,-5.53636182721497e-15,-0.387907401604519,0.4,0.208343140181633,-0.4,0.4,0.238691957783783,0.4,0.4,0.195752562735757,0,0,0,0,0,1.2889047445703,0,0,0,0,0,0,0,0.197234046239592,0,0,0,0.625020416589099,0,0.215434752724218,0,0,0,0,0,2.15165143911079,0,0.781831016748456,3.89692990176833,4.46861635194159,4.11062080495367,4.25492544875625,0,0,0,0,0.41970469107505,0.81870127588491,0.566511555355344,0.671894411604616,0.321031798516816,0,0,0.364151934063051,0.234066934212336,0,0.328878532307221,0,0,0.551664135937135,0.0588682868528636,0.580646285077557,0,0,0.421578491417661,0
347,-0.0600000000590328,0.130000000101315,0.0550400838321334,0.00999999989868848,0.00500000010131524,0.0595356900239101,-0.100819471248975,-0.115000000101316,0.0501908243009198,0.918992668327605,-1.67808544608326e-16,-9.4092346709254e-17,0.394291841590344,-0.0312784442348808,-0.0405129633475549,0.0519974248749999,1.85663935574409e-14,1.44044276569185e-14,-0.00947502154620527,-2.45837279453091e-15,1.49139776664513e-15,-0.0461999989768845,0.075,-3.96315074675745e-14,-0.0455540989382811,1.903492883643e-17,-4.61297183303732e-17,-2.15975380419307e-16,1.07012618288208e-15,-4.55455336761262e-16,-5.70465697061723e-15,-0.388298363016745,0.4,0.21010424459749,-0.4,0.4,0.25,0.4,0.4,0.25,0,0,0,0,0,1.2939036593637,0,0,0,0,0,0,0,0.183086882870432,0,0,0,0.626400392335202,0,0.199613102093558,0,0,0,0,0,2.15062589095418,0,0.773440942762906,3.94853194001166,4.51818234705411,4.15941688036928,4.30729740669648,0,0,0,0,0.373161486754527,0.787367595589302,0.521505512920719,0.639023569423111,0.331559494862171,0,0,0.370325517333365,0.239710824648998,0,0.339818454257242,0,0,0.550598044860403,0.0515253119267564,0.583367987945029,0,0,0.419982544816758,0
348,-0.0600000000581871,0.130000000101315,0.0548513804709292,0.00999999989868852,0.00500000010131581,0.0587418296019306,-0.0991517636628817,-0.115000000101316,0.0491512061032964,0.918992668327605,-3.70527896709763e-16,2.1006593813943e-16,0.394291841590344,-0.0312784442348809,-0.040512963347555,0.0519974248750002,1.03865272068544e-14,-2.20837775409406e-14,-0.00939571112631722,1.26857518892468e-15,-2.74231219359359e-15,-0.0332507892695557,0.0749999999999999,-5.26388990842082e-14,-0.05,-8.46649182743566e-19,-4.74134970399653e-17,-2.72324061087462e-16,5.41681868804507e-16,3.13381313130144e-16,-5.13476200981495e-15,-0.386716625434525,0.4,0.196002357460063,-0.4,0.4,0.25,0.4,0.227776136975527,0.161143338090614,0,0,0,0,0,1.29395633858174,0,0,0,0,0,0,0,0,0,0,0,0,0,0,0,0,0,0,0,0,0,0,3.8926171871377,4.46428966843161,4.10235017050112,4.2545566850682,0,0,0,0,0.394416560556916,0.77853366604546,0.530966070811771,0.641984155790604,0.309866203054196,0.0441565421908736,0,0.373476212919455,0.201080415309011,0.314685065964236,0.305374690945596,0,0,0.566228123642793,0.0620951906059745,0.590870895407034,0,0.586379356692025,0.393832276260034,0.371683073165247
349,-0.0600000000983148,0.130000000101315,0.054524659528743,0.00999999989868856,0.00500000010131475,0.0586175038165394,-0.0972390775658144,-0.113700840191376,0.0486918961032962,0.918992668327605,-3.74579908379726e-16,1.72832692161318e-16,0.394291841590344,-0.0312784442348809,-0.0405129633475551,0.0519974248750001,-1.2735065220312e-14,-2.12703195825121e-14,-0.0232073250228242,3.96040248083137e-15,-2.40477835473054e-16,0.0205492107304443,0.0749999999999999,0.075,0.00379999999999979,1.58309290450809e-18,-4.46064851684025e-17,-2.74089728058353e-16,6.01622001781339e-16,1.57241397060592e-16,-5.10533110796043e-15,-0.376238399496116,0.4,0.208466342551562,-0.4,0.4,0.243044108240325,0.4,0.0702293950413646,0.15,0,0,0,0,0,1.29340514298038,0,0,0,0,0,0,0,0,0,0,0,0,0,0,0,0,0,0,0,0,0,0,3.89600762370382,4.46644407820635,4.10066627911043,4.26178542279974,0,0,0,0,0.315088000480643,0.689571053380389,0.466091958086806,0.538567095774226,0.315763887509724,0.0521842168808527,0,0.379553480236944,0.196886855044889,0.31647657215015,0.30238525838445,0,0,0.577553607225618,0.0808963482330818,0.600770328426854,0,0.587391699248265,0.394886982463899,0.372921958202909
350,-0.0600000000960944,0.130000000101315,0.0540618729688399,0.00999999989868857,0.00500000010131485,0.0594819843453055,-0.0954343224947678,-0.112180789154598,0.0493041461032963,0.918992668327605,-3.56008310584298e-16,2.32060225478524e-16,0.394291841590344,-0.0312784442348809,-0.0405129633475551,0.0519974248750002,1.16823649924584e-14,-2.1281675594423e-14,-0.0230720075548247,3.96552541784298e-15,-2.13146315263213e-16,0.05,0.0749999999999999,0.075,0.0500000000000001,2.37564360103e-18,-4.52383381100311e-17,-2.65738654301591e-16,7.20989165069025e-16,1.53796660271937e-16,-5.04997682078477e-15,-0.37215033181702,0.4,0.221198265389846,-0.4,0.4,0.175549804782855,0.4,0.0445776510314905,0.15,0,0,0,0,0,1.28815299844363,0,0,0.847457208394786,0,0,0,0,0,0,0,0,0,0,0,0,0,0,0,0,0,0,0,3.88598076506089,4.44297644116165,4.08565173025927,4.24330547596327,0,0,0,0,0,0.558260672388923,0.370578494971742,0.42039529362307,0.31326850559786,0.0703741155450313,0.00243453498126698,0.381208086161624,0.184840895642181,0.341281673926824,0.290732111857456,0,0.040170992140897,0.594257951631371,0.109593184310483,0.612281821565282,0,0.589745427893373,0.397890761186672,0.411348378312858
351,-0.0600000001013095,0.130000000101315,0.0537140284652155,0.00999999989868821,0.00500000010131484,0.0600000000090737,-0.0936567907246485,-0.110260810153547,0.0503326059221252,0.918992668327605,-1.81347526358043e-16,1.54734630077692e-16,0.394291841590345,-0.0312784442348809,-0.0405129633475553,0.0519974248750001,-1.30597156118205e-14,-2.12689354360802e-14,-0.0117689580551134,4.06198921949741e-15,-2.56421935162452e-16,1.1529626051642e-14,0.075,0.075,0.05,2.06728098476424e-17,-3.77015567670307e-17,-2.74430797668732e-16,1.73740264870532e-15,-1.97134676493506e-16,-5.21017672738002e-15,-0.4,0.4,0.212451275302449,-0.4,0.4,0.241295849289674,0.193989059629388,0.4,0.15,0,0,0,0,0,1.27894835885111,0,0,0,0,0,0,0,0,0,0,0,0,0,0,0,0,0,0,0,0,0,0,3.85717328899908,4.37968382316501,4.04721946760111,4.18963764456298,0,0,0,0,0.422410858529654,0.414539131427079,0.276232452189592,0.326922262967487,0.282250915102065,0.0753429229664255,0.00541559645715508,0.352178241611335,0.171967248207873,0.3507723854904,0.286319862320218,0,0.0625434400112097,0.598359781743473,0.137244522472956,0.600328637843765,0,0.604397585056786,0.418148788336019,0.215178508399822
352,-0.0600000000946808,0.130000000101315,0.0535266086826401,0.00999999989868818,0.00500000010131499,0.0600000000104383,-0.0917368327204487,-0.109938255908434,0.0513523963236459,0.918992668327605,-2.08925629339113e-16,1.39477660733599e-16,0.394291841590345,-0.0312784442348808,-0.0405129633475552,0.0519974248750001,5.59382935003216e-15,-2.12618939866083e-14,-0.00699688058974425,4.07493980464536e-15,-2.25474876701421e-16,2.78747409036739e-14,0.075,-0.0421587815807895,0.05,2.00683861250314e-17,-3.88089826988117e-17,-2.66145522917555e-16,1.91697994347348e-15,1.30061936276888e-17,-5.15704278465193e-15,-0.4,0.4,0.205872797808662,-0.4,0.4,0.239672298958501,0.202255675894619,0.4,0.15,0,0,0,0,0,1.28609606560524,0,0,0,0,0,0,0,0,0,0,0,0,0,0,0,0,0,0,0,0,0,0,3.87044036514321,4.39582672206675,4.05980106299946,4.2064660242105,0,0,0,0,0.281311312714322,0.35728607932898,0.211830038786244,0.267734050610656,0.293919593612444,0.077291694113024,0.0107502841007982,0.36046100362467,0.18348774765311,0.34539151852982,0.295167319529483,0,0.0814197215666746,0.596523169473835,0.135133480866525,0.603659435255228,0,0.604906900568139,0.419550516295209,0.217194284961513
353,-0.0600000000964579,0.130000000101315,0.0534099435232929,0.00999999989868823,0.00500000010131488,0.0600000000106582,-0.0898168747162491,-0.109342989968573,0.0523632031272911,0.918992668327605,-1.85071019039479e-16,1.86526729563018e-16,0.394291841590345,-0.0312784442348809,-0.0405129633475553,0.0519974248750001,-1.09667392603106e-14,-2.12760338950359e-14,-0.00468121367952661,4.05047566862122e-15,-2.40874888674976e-16,2.26508704701613e-14,0.075,0.075,0.05,2.00991408334343e-17,-3.76665392330991e-17,-2.68926178511896e-16,1.62991788626018e-15,-1.85370483209328e-16,-5.20137258185932e-15,-0.4,0.4,0.205780710124471,-0.4,0.4,0.241493629009105,0.197046523357962,0.4,0.15,0,0,0,0,0,1.27682170028559,0,0,1.05803461577947,0,0,0,0,0,0,0,0,0,0,0,0,0,0,0,0,0,0,0,3.86199066658628,4.38165996655482,4.04977405078335,4.19387658235775,0,0,0,0,0,0.29567531942623,0.156649510768334,0.206965054701178,0.282694690502357,0.0765539832717786,0.00935356393604168,0.349895109838095,0.169854334995561,0.344057782736245,0.288379258138803,0,0.0821582144407027,0.610563054978008,0.151497289218331,0.610716881735407,0,0.616402190774859,0.430522983421092,0.224689967822699
354,-0.0600000001013095,0.130000000101315,0.0533367333898953,0.00999999989868828,0.00500000010131488,0.0600000000106673,-0.0880420397834736,-0.107423010967523,0.0533728332355929,0.918992668327605,-2.15224524851316e-16,2.35044390005827e-16,0.394291841590345,-0.0312784442348809,-0.0405129633475553,0.0519974248750001,-1.30551732720631e-14,-2.1281665110356e-14,-0.00264995594889257,4.09274087621496e-15,-3.40962343343305e-16,1.42984348339524e-14,0.075,0.075,0.05,2.07747112323761e-17,-4.16864179387599e-17,-2.62490074404924e-16,1.93522086929246e-15,-1.50732259275725e-16,-5.11528130287149e-15,-0.4,0.4,0.202513460210894,-0.4,0.4,0.240012160400564,0.370967895940516,0.4,0.15,0,0,0,0,0,1.29663810668369,0,0,0.687344024777496,0,0,0,0,0,0,0,0,0,0,0,0,0,0,0,0,0,0,0,3.86658213600423,4.37860187956583,4.04873397005684,4.19645004551322,0,0,0,0,0,0,0,0.0698510119386837,0.283349134588557,0.0818554562841675,0.0166778415199749,0.34852674935275,0.158422429675027,0.34029356156469,0.284928852333594,0,0.107003464312644,0.62403295726409,0.165678142381873,0.617411070405465,0,0.618991623429945,0.433929153195491,0.21919202084417
355,-0.0600000001013084,0.130000000101315,0.05327361380218,0.00999999989868846,0.00500000010131574,0.0600000000111502,-0.0861232168617483,-0.105503031966474,0.0544057722523377,0.918992668327605,-5.05649128399172e-16,3.27547065396355e-17,0.394291841590344,-0.0312784442348807,-0.0405129633475547,0.0519974248750002,-1.35676352248347e-14,-2.14257193632781e-14,-0.00365696776356242,4.08061163509743e-15,2.07377279137993e-16,7.80938966635172e-16,0.075,0.0750000000000005,0.05,1.17165843145159e-17,-9.97289173581195e-17,-3.36528807365327e-17,3.13531542457939e-15,1.86267923441944e-15,-4.33922276057006e-15,-0.32964334215537,0.4,0.229266873175832,-0.4,0.4,0.15,0.26196260782198,0.4,0.15,0,0,0,0,0,1.26774360648032,0,0,0.701090821879716,0,0,0,0,0,0,0,0,0,0,0,0,0,0,0,0,0,0,0,3.76837354585708,4.35259746599114,3.98152540626674,4.13944560558148,0,0,0,0,0,0,0,0,0.299859848663118,0.103335600558403,0,0.404235988254183,0.144612990865949,0.348016681169766,0.322838179323207,0,0.0366274911459626,0.698137335337314,0.114635875578368,0.669105424632329,0,1.22946987711918,0.438514593934238,0.18392723498131
356,-0.0600000001013085,0.130000000101315,0.052962054725705,0.00999999989868837,0.00500000010131562,0.0600000000136289,-0.0842032588575483,-0.103583052965424,0.0554450826170328,0.918992668327605,-5.48548723196976e-16,6.72502293288994e-18,0.394291841590344,-0.031278444234881,-0.040512963347555,0.0519974248750003,-1.35675459353482e-14,-2.14604811656522e-14,-0.0273803231072321,4.06984301294101e-15,1.5065631733408e-16,1.51505832007864e-14,0.075,0.0750000000000003,0.05,1.82539444734711e-17,-1.05556348220776e-16,-5.504434663518e-17,2.98398129732878e-15,1.23516101961793e-15,-4.30766479992617e-15,-0.331851921281382,0.4,0.243627621433223,-0.4,0.4,0.15,0.293362393264867,0.4,0.15,0,0,0,0,0,1.27445909608957,0,0,0.492664723080322,0,0,0,0,0,0,0,0,0,0,0,0,0,0,0,0,0,0,0,3.78689798647951,4.38457609178868,3.99957776074142,4.17189631752678,0,0,0,0,0,0,0,0,0.317575809142567,0.0920681212782415,0.000264371413222307,0.409379559007586,0.157058243657252,0.346439213113225,0.355197699056875,0,0.0306390788591341,0.723418996726615,0.116164597501243,0.691761214680644,0,1.28654182392058,0.471097925144894,0.182275426742174
357,-0.0600000001013088,0.130000000101315,0.0523781119147341,0.00999999989868887,0.00500000010131505,0.0600000000136278,-0.0822833008533488,-0.101663073964374,0.0564680265284614,0.918992668327605,-1.17601271676789e-16,2.78885891659102e-16,0.394291841590344,-0.0312784442348812,-0.040512963347555,0.0519974248750001,-1.31678383190587e-14,-2.12256481337723e-14,-0.0309958802043722,4.02307635658904e-15,-1.54608191375189e-16,1.50350108202207e-14,0.0749999999999997,0.0750000000000004,0.05,6.14333282642554e-18,-3.62416404748276e-17,-2.20032983948335e-16,1.2599218330904e-15,1.131060379759e-15,-5.27334828162e-15,-0.4,0.4,0.218383345123377,-0.4,0.4,0.242433823290844,0.4,0.4,0.15,0,0,0,0,0,1.30965039954291,0,0,0.379974178029312,0,0,0,0,0,0,0,0,1.10397538946513,0,0,0,0,0,0,0,0,0,0,3.91456874803765,4.44105480617732,4.09336186980203,4.26226168441293,0,0,0,0,0,0,0,0,0.31461766882489,0.0564142874212528,0.0242670203899221,0.34676493585622,0.18810649688999,0,0.355506034221113,0,0.105759408476724,0.678263109055514,0.188366133442924,0.665913699180884,0,0.706803274158069,0.519605147274114,0.236703678517349
358,-0.060000000101309,0.130000000101315,0.0517299182200288,0.00999999989868833,0.00500000010131475,0.0600000000114163,-0.0803633428491488,-0.0998049260337586,0.0570694802443696,0.918992668327605,-6.32330822214085e-17,2.65190718591529e-16,0.394291841590344,-0.0312784442348811,-0.0405129633475552,0.0519974248750001,-1.30723813978954e-14,-2.12353412918667e-14,-0.033809421559379,4.06693503850059e-15,-3.39493386070501e-16,-2.05728968862945e-14,0.0749999999999996,0.0750000000000004,0.0103436533241795,1.410931640613e-17,-4.54516306299492e-17,-2.81676367468488e-16,1.39104864775492e-15,1.2478368681676e-16,-5.17280199014816e-15,-0.4,0.4,0.22402872048467,-0.4,0.4,0.242891414045006,0.4,0.4,0.175821263251415,0,0,0,0,0,1.31546971204644,0,0,0.361816709243178,0.0739795390342361,0.0460312740414128,0,0,0,0,0,0,1.14655674819669,0,0,0,0,0,0,0,0,0,0,3.93813946591065,4.47684824851869,4.12099928425876,4.29398843017058,0,0,0,0,0,0,0,0,0.33687315317609,0.039890508876806,0.0279170199836543,0.348846642069241,0.22184730416738,0,0.405460412727386,0,0.0990770838726473,0.699726257884839,0.195184127129119,0.690537774638691,0,0.759126263378984,0.57272751987285,0.257368538380396
359,-0.0600000001013077,0.130000000101315,0.0510856941877361,0.00999999989868842,0.00500000007317335,0.0600000000113442,-0.0784433848449489,-0.0979776930089503,0.057172674794414,0.918992668327606,3.47069748425103e-17,3.47184447837513e-16,0.394291841590343,-0.0312784442348814,-0.0405129633475551,0.051997424875,-1.32191271371222e-14,-2.12560930391208e-14,-0.0306288843558998,3.96126649020624e-15,-2.25371255130685e-16,-2.63999325063346e-14,0.0749999999999996,0.0750000000000003,2.73830317205271e-05,6.91436089091596e-18,-4.76131293326757e-17,-2.3489491639231e-16,4.57276307313405e-16,5.74243925954662e-16,-5.38481627214708e-15,-0.4,0.4,0.22197730925738,-0.4,0.4,0.243154916416972,0.4,0.4,0.195838912136492,0,0,0,0,0,1.32056541320938,0,0,0.383185587755456,0.196290295415904,0.115569623109275,0,0,0,0,0,0,1.25645551168729,0,0,0,0,0,0,0,2.90520782707513,0,0,3.92640379763477,4.4859361960029,4.11814832162194,4.29419167201573,0,0,0,0,0,0,0,0,0.355842338468739,0.0241012196630585,0.0273023749035785,0.352641183228218,0.262225546129048,0,0.47575065742282,0,0.100417556047363,0.741695597681779,0.202832166906719,0.727515376500543,0,0,0.651280449425959,0.291180001815946
360,-0.0600000000494524,0.130000000005655,0.0508650441090039,0.00999999989868837,0.00500000007609544,0.0595356900291796,-0.0765234268379398,-0.0962755212984338,0.0567089124567627,0.918992668327606,4.46213066536924e-17,2.96186412666486e-16,0.394291841590343,-0.0312784442348814,-0.040512963347555,0.0519974248749999,3.43155831157804e-14,-1.78305080496651e-14,0.00836888762278563,2.94254194714799e-15,1.40395064192408e-15,-0.0461999982252942,0.0749999999999996,0.0750000000000003,-0.0461726167976978,3.79777952056264e-18,-5.1064146917471e-17,-1.96820035319707e-16,3.21075522603715e-17,6.5027311896066e-16,-5.3912736999851e-15,-0.4,0.4,0.191821822373549,-0.4,0.4,0.25,0.4,0.4,0.25,0,0,0,0,0,1.35298328462978,0,0,0.447889511457838,0.14131424530411,0.131685665706464,0,0,0,0,0,0,1.50537868754735,0,0,0,0,0,0,0,3.17557963492644,0,0,4.15269322783893,4.71960687892689,4.33609710804914,4.53620299871668,0,0,0,0,0,0,0,0,0.418705230571645,0.016487596787186,0.0630729015840241,0.372119925774807,0.305006706046805,0,0.57095854099115,0,0.0910116540746702,0.737619186702569,0.162620504731859,0.757347982677568,0,0,0.670506144138984,0.307746361961128
361,-0.0600000000750278,0.130000000101315,0.0510142072038712,0.0099999998986879,0.0050000000760975,0.0586639229552024,-0.0746034688275033,-0.0945815755798295,0.0556680572235379,0.918992668327605,4.75072509767322e-17,3.18332937804365e-16,0.394291841590344,-0.031278444234881,-0.0405129633475549,0.0519974248749999,-2.36580261970138e-14,1.22056598827903e-13,0.00655648388264141,5.40715552052001e-15,6.04496858226635e-16,-0.0410026956851289,0.0749999999999996,0.0750000000000004,-0.05,7.40564888789776e-18,-4.73700665873859e-17,-2.6027902790204e-16,1.43409235857084e-15,8.05679714251633e-16,-5.230912904532e-15,-0.4,0.4,0.19189807272487,-0.4,0.4,0.25,0.4,0.4,0.25,0,0,0,0,0,1.35299816309385,0,0,0.454030736483168,0.142981569844404,0.157008014135219,0,0,0,0,0,0,1.55372292645466,0,0,0,0,0,0,0,3.32364147084301,0,0,4.15819387410702,4.73031196340656,4.34147052143881,4.54703531607477,0,0,0,0,0,0,0,0,0.424787638785607,0.0100211990130287,0.0659190054537193,0.368889832344916,0.309249368423614,0,0.589315761051738,0,0.108539883542677,0.76651406085349,0.183476906408225,0.780131833759949,0,0,0.706873662006242,0.319342812119562
362,-0.060000000073343,0.130000000101315,0.0511720755609145,0.0099999998986879,0.00500000007609751,0.0580616490668899,-0.0726835108233035,-0.0928816769793396,0.054619547223538,0.918992668327605,9.88814784791859e-17,3.82218373295015e-16,0.394291841590344,-0.0312784442348811,-0.040512963347555,0.0519974248749999,7.49449683910024e-15,1.17475792389984e-13,0.00921704899612168,4.01494391014771e-15,-4.53357738606019e-15,-0.0193330414174605,0.0749999999999997,0.0750000000000003,-0.05,8.37009122413326e-18,-4.78523296119815e-17,-2.2496523350898e-16,1.05877054882246e-15,7.13235833604521e-16,-5.25323874780067e-15,-0.4,0.4,0.187471430801071,-0.4,0.4,0.25,0.4,0.4,0.25,0,0,0,0,0,1.35299814845134,0,0,0.456497168549422,0.136864166127855,0.158643513695586,0.00798296277673061,0,0,0,0,0,1.61638302222114,0,0,0,0,0,0,0,3.48716545807606,0,0,4.15765367293321,4.73993723780559,4.34388636547627,4.55370454526254,0,0,0,0,0,0,0,0,0.423249698078651,0,0.0625102965265149,0.359898465345418,0.294296727185459,0,0.594568553616173,0,0.140918738150312,0.810675847568549,0.213015853019913,0.814235542517119,0,0,0.745074110109569,0.32810286695563
363,-0.0600000000705183,0.130000000101315,0.051344782368381,0.00999999989868822,0.00500000007608724,0.0575960321301185,-0.0707635528191041,-0.0911723425305763,0.053571037223538,0.918992668327606,1.71586187586346e-16,4.36570495260693e-16,0.394291841590343,-0.0312784442348814,-0.0405129633475551,0.0519974248749999,2.27010920746988e-14,1.17449592479597e-13,0.00805941989603041,3.90357971390008e-15,-4.59941945488126e-15,-0.0271893706136994,0.0749999999999995,0.0750000000000003,-0.05,5.71972348652413e-18,-4.94497392991184e-17,-2.40139793853234e-16,-2.71616151010953e-16,2.33230978533633e-16,-5.40910079238835e-15,-0.4,0.4,0.188787840594931,-0.4,0.4,0.25,0.4,0.4,0.247611055354677,0,0,0,0,0,1.35299814826366,0,0,0.450652037633195,0.121141620735702,0.17282040551065,0.0255811725759246,0,0,0,0,0,1.66903505881935,0,0,0,0,0,0,0,3.69644762843741,0,0,4.1583513935148,4.75675841271064,4.35193435160072,4.56317545462473,0,0,0,0,0,0,0,0,0.424965480532941,0,0.0556274995071335,0.34943340448865,0.294652698873539,0,0.616145710406176,0,0.168463696371696,0.852994334408044,0.237695417702738,0.8490393981171,0,0,0.798213628601781,0.345433698754869
364,-0.0600000000625452,0.130000000101315,0.0515468730059727,0.00999999989868828,0.00500000007605813,0.056985395029902,-0.0688435948149045,-0.0895019516849504,0.052522527223538,0.918992668327606,2.21259984014511e-16,5.9956458018091e-17,0.394291841590343,-0.0312784442348814,-0.0405129633475553,0.0519974248749997,2.30214061542732e-14,1.17255480305995e-13,0.0121292944901723,3.87601695400281e-15,-4.75769696797278e-15,-0.0338410808567314,0.0749999999999995,0.0750000000000001,-0.0500000000000001,3.31065457820401e-17,-6.37079213807344e-17,-2.24396186445769e-16,-4.60311364027988e-16,-1.74878398716437e-15,-6.07634679588381e-15,-0.4,0.4,0.213491824654115,-0.4,0.4,0.25,0.4,0.4,0.25,0,0,0,0,0,1.35299809150847,0,0,0.362797070608795,0.022429838862119,0.262241713752178,0,0,0,0,0,0,0.713655045468236,0,0,0,0,0,0,0,4.02990256781057,0,0,4.22770858104202,4.86144882666675,4.4251445111777,4.66401289653108,0,0,0,0,0,0,0,0,0.499688133734766,0,0.0886262153836296,0.391468437188818,0.383464776101527,0,0.686059096317502,0,0.234937669905118,0.876614984126594,0.271180208865161,0.902052370574549,0,0,0.868613089799034,0.400201979805328
365,-0.0600000000637623,0.130000000101315,0.0518381721614536,0.00999999989868859,0.00500000007593808,0.0561987792701014,-0.0673198467754258,-0.0883766516498851,0.0518865997761986,0.918560381604818,2.03192324456634e-06,1.96315927471845e-07,0.395297891168448,-0.0309408037418769,-0.0402048521120992,0.0519971171303746,-2.62346682660856e-14,1.17493542208973e-13,0.0169763856180625,3.82002279626419e-15,-4.59916957878089e-15,-0.0447658712071403,0.0749999999999994,0.0304068497400933,-0.00300547766767639,-0.0046366464061641,0.0294943828422871,0.407583272853699,0.051110958106765,0.0409587221862617,-0.00302976939311175,-0.4,0.4,0.180807762112402,-0.4,0.4,0.25,0.4,0.4,0.228739823942328,0,0,0,0,0,1.35318911809378,0,0,0.407757332889855,0.133405043492281,0.131167615159903,0.0691285722276794,0,0,0,1.16572866955566,0,1.37498935163659,0,0,0,0,0,0,0,0,0,0,4.20494571673034,4.82988653883201,4.40490158541088,4.62993067015146,0,0,0,0,0,0,0,0,0.448279090705739,0,0.0580131151271102,0,0.306133696907818,0,0.670853874516568,0,0.232163401030699,0.942634536028758,0.304491010293644,0.925378357219612,0,1.147950904647,0.917331769683101,0.375708572650475
366,-0.0600000001013099,0.130000000101316,0.0517133900781911,0.0103705956213878,0.00500000019286097,0.055885742073477,-0.0658878334946673,-0.0879440208184059,0.0518786057771896,0.917486762555485,8.70490875545371e-06,-6.11341659001323e-07,0.397783513464768,-0.0297284143502773,-0.0396177259166959,0.0519977903379969,-1.34096049976698e-14,1.17249975443738e-13,-0.0292236080330511,0.0252029328126722,2.27387000739597e-08,0.00750329807159071,0.0618450574258976,-0.00629508563855281,-0.00115704132167973,0.039321262250981,-0.0382467187478131,0.257201379569012,0.0427008995653354,-0.00787527770193417,0.00158171772242207,-0.4,0.4,0.236350927439536,-0.4,0.4,0.25,0.4,0.4,0.210294251489355,0,0,0,0,0,1.32896720352092,0,0,0.326095438835822,0.0932714005483108,0.20074321759711,0.0204909032166143,0,0,0,0,0,0,0,0,0,0,0,0,0,4.26352777818704,0,0,4.30414816703249,5.00457536621134,4.52092301782628,4.78780051541755,0,0,0,0,0,0,0,0,0.561261389294661,0,0.0817333178918312,0.402426890448623,0.45330272285208,0.182598744465192,0.77069432126541,0,0.304981674170905,0.909941281981158,0.271857627616264,0.960210608689509,0,0,0.960818630989843,0.422990864292748
367,-0.0600000001013101,0.130000000101316,0.0515396954109391,0.0103458359654704,0.00500000012720512,0.0558670718896221,-0.064412586861396,-0.0892169125896644,0.0517457490834919,0.915001920985197,2.75657669761902e-06,-1.00498470322573e-06,0.403466699097158,-0.0292784719295386,-0.0400558131150574,0.0519969926194834,-1.34012463338438e-14,1.17330223305869e-13,0.0116499193660909,-0.0263908560957456,-4.84294952015938e-09,0.000228870813629669,0.0749999999999999,-0.075,-0.0116941544207962,0.000851444130151708,0.000275964031185002,0.883363391428227,0.00669726824433705,-0.0293583909514828,0.000243780743835708,-0.4,0.4,0.166445808653714,-0.4,0.4,0.25,0.4,0.375503246312259,0.15,0,0,0,0,0,1.38192433750825,0,0,0.157396424807294,0.212635221239546,0.311329993009228,0,0,0,0,0,0,0,0,0,0,0,0,0,0,0,0,0,4.27360451751114,4.96132391932001,4.48286232055485,4.7520661162763,0,0,0,0,0,0,0,0,0.526236054699945,0,0.081210881978976,0.398405941534404,0.41231322935104,0.784712526164756,0.761771679899017,0,0.3202437774462,0.964174275191979,0.297521493243251,0.986896559394928,0,1.22243031207367,0.978082291163292,0.450668973007668
368,-0.0600000001013104,0.130000000101316,0.0516605347174586,0.0100152233265872,0.00500000022219451,0.0559400863362437,-0.0631350599285752,-0.0904100470148235,0.0517171340372781,0.910913999211322,3.4767811050776e-05,-3.55310759994965e-05,0.412613722617879,-0.0289092550515882,-0.0406410851154521,0.0520015012709792,-1.34197432623801e-14,1.17234678361053e-13,0.000489811909081329,0.0147031240885679,-8.46904004770276e-08,0.00121143317186001,0.0648138088386057,-0.048927841421355,0.000433574377111818,0.0092919369547478,0.000624568639657558,0.700108145439891,0.0368751970885296,-0.0276684607404582,0.000822400205779532,-0.4,0.4,0.199453749616996,-0.4,0.4,0.25,0.4,0.4,0.189106850647504,0,0,0,0,0,1.35115611039786,0,0,0.253618494729204,0.14979078703427,0.227577998466066,0.0499976402828877,0,0,0,1.44060076399203,0,0,0,0,0,0,0,0,0,4.35006376504884,0,0,4.53284450284249,5.26338660156691,4.75447642128469,5.04175468312471,0,0,0,0,0,0,0,0,0.600236248312,0,0.0933352942302106,0,0.486260082761006,0.203056330461736,0.828274810595193,0,0.356665127843116,0.919887014861875,0.272977217261421,1.00357492544357,0,0,1.0079167336264,0.466384016287374
369,-0.0600000000978422,0.130000000101316,0.0512060226008971,0.00999999989868827,0.00500000007391618,0.0555866387931306,-0.0613654285008437,-0.0918988783590184,0.0513960099941114,0.90887604153927,5.75028824642489e-06,5.24318346845649e-06,0.417083791331396,-0.0284159724764556,-0.0411043359738456,0.0519974512335277,2.69514972828601e-14,1.32452180668354e-13,-0.0457099709085177,-4.90058844711766e-15,-5.70624812018911e-16,-0.037657492588263,0.0749999999999999,-0.0749999999999999,-0.0354426592138732,0.00144078687220547,-0.00224137145322926,0.111966525405781,0.01398510262366,-0.00691379770383465,5.05921760284354e-05,-0.4,0.4,0.243218482363257,-0.4,0.4,0.25,0.4,0.4,0.193112049676968,0,0,0,0,0,1.37675980689167,0,0,0.155025887725712,0.156939238102905,0.318177276870435,0.0232033775578135,0,0,0,1.52934513610545,0,0,0,0,0,2.93144993288117,0,3.21914783033759,0,4.46590539021946,0,0,4.64621602869499,5.37166735119687,4.8784059580429,5.13947742184896,0,0,0,0,0,0,0,0,0.578374357158278,0,0.061477167564147,0,0.529964763133249,0.248394726709864,0.873477898213109,0,0.287535316954039,0,0.169341706695358,0,0,0,0.981342437344319,0.474451258127056
370,-0.0588035619862792,0.130000000042296,0.0501660925375505,0.00999999991976816,0.00500000009153389,0.0547780594268584,-0.0595695313554039,-0.0934247294064073,0.0512810456203174,0.908771929825537,1.26695738387872e-06,3.12770215234328e-06,0.417310589881012,-0.0283696639036223,-0.0411343268107802,0.0519972125880434,0.0750000000000001,-8.31674714971025e-14,-0.05,2.05553106779004e-09,2.29332325284542e-09,-0.041931127943464,0.0749999999999999,-0.0749999999999999,0.0202331008387602,-0.00362974845125905,0.00431693615337097,0.00256824226341844,0.000388762276181319,0.000188336302434511,6.20352824924299e-05,-0.4,0.4,0.25,-0.4,0.4,0.25,0.4,0.4,0.180298125742389,0,0,0,0,0,1.38804704722713,0,0,0.168159789641754,0.171884519455637,0.239125311654491,0.100918997712257,0,0,0,1.54899569062616,0,0,0,0,0,2.7907425986537,0,3.39920622124428,0,4.48412333916866,0,0,4.74619993065491,5.45432065285141,4.96403663946667,5.23648394403965,0,0,0,0,0,0,0,0,0.593954299801534,0,0.0873975480452878,0,0.540042997190071,0.28602861025837,0.910355409650352,0,0.299077389016617,0,0.161887013303195,0,0,0,0.984844874908261,0.497693642311785
371,-0.0591779832856832,0.13000000005899,0.0491175824907172,0.0099999999174319,0.00500000008974284,0.0538899951391846,-0.0577439426181606,-0.0949947435647874,0.0520963357903234,0.908769749971028,7.46508983649552e-07,1.32236253780928e-06,0.417315336939409,-0.0283695008733467,-0.041134834444174,0.0519972562671709,-0.0749999999999998,9.19835381809927e-14,-0.05,1.72918420575412e-09,1.89989427641327e-09,-0.0471464498213611,0.0749999999999994,-0.0749999999999998,0.05,-0.00468000360645322,0.00451216220999393,0.00129407482988178,0.000289831454827855,0.000230512937130113,5.98582847160593e-05,-0.4,0.4,0.25,-0.4,0.4,0.25,0.4,0.4,0.18808737839669,0,0,0,0,0,1.50799215989945,0,0,0.165177509734639,0.174861282505667,0.182382666361474,0.157656125980512,0,0,0,1.38825828380502,0,0,0,0,0,2.63062778802539,0,3.35967757528564,0,4.48348470432111,0,0,4.8165078121854,5.53900580335952,5.03688877111381,5.31862484443112,0,0,0,0,0,0,0,0,0.636562561133831,0,0.113279482223922,0,0.578719240572117,0.3417683092471,0.970885183090146,0,0.289836191546236,0,0.047522865033726,0,0,0,0.969540359288382,0.518332475783108
372,-0.0586806378289577,0.130000000101317,0.0480690724661634,0.00999999991596572,0.0050000000885092,0.0528969959388873,-0.0559078092923609,-0.0965726812743901,0.0531387550825276,0.908767676592245,6.70694467721677e-07,1.2014411284623e-06,0.417319852056149,-0.028369241175548,-0.0411352893440992,0.0519972592002099,0.0750000000000004,5.34601705684603e-14,-0.05,1.58211490382365e-09,1.75048824614337e-09,-0.05,0.0749999999999997,-0.0749999999999999,0.05,-0.00460860934426667,0.00446469083524767,0.00136278794389938,0.000284652672981535,0.000225979746084133,5.49153072791539e-05,-0.4,0.4,0.221234788990361,-0.4,0.4,0.25,0.4,0.4,0.166317487928258,0,0,0,0,0,1.51667711491853,0,0,0.153902926908014,0.18609848451008,0.215271669465178,0.124729742041846,0,0,0,0,0,0,0,0,0,0,0,3.1839915499081,0,4.64442399537998,0,0,4.90371054989989,5.62690539135495,5.13513688600048,5.39547905525435,0,0,0,0,0,0,0,0,0.643486019599467,0,0.118583672668614,0.646671244300533,0.607947874170111,0.386761216252026,1.0148703846769,0,0.282454530532944,0.6875082189289,0,0,0,0,0.966959765263629,0.550631825628287
373,-0.0598805481602196,0.130000000101316,0.0470205624059188,0.00999999993003447,0.00500000010091089,0.0520371216620713,-0.0541538027645018,-0.0980729309856144,0.054145320946383,0.908751955339333,6.29089678054793e-07,4.82521557146897e-06,0.417354085443165,-0.0283648179739348,-0.0411366252374209,0.0519971736712603,-0.0749999999999999,1.173291584551e-13,-0.05,2.41737164896e-09,2.89260186592935e-09,-0.0339082407446518,0.0749999999999996,-0.0749999999999998,0.05,-0.00574479593128272,0.00304104167118408,0.00698574850772005,0.000487654942603486,0.000180384668818576,6.64939022797387e-05,-0.4,0.4,0.25,-0.4,0.4,0.25,0.4,0.4,0.205353851605682,0,0,0,0,0,1.52325581501194,0,0,0.143416977368459,0.19651296983827,0.156093618088806,0.18383632344456,0,0,0,1.29499685230868,0,0,0,0,0,2.36783228972459,0,3.47956857392455,0,4.51939859234117,0,0,4.99255977338954,5.68902540127624,5.19317136180861,5.48841381285717,0,0,0,0,0,0,0,0,0.705171125172549,0,0.192265852836216,0,0.633063910232063,0.448083965940861,1.06783743340752,0,0.288605951201942,0,0,0,0,0,0.932125117609206,0.544423709661889
374,-0.0599452626072689,0.130000000101316,0.0459720522762274,0.00999999993362763,0.0050000000997767,0.0515352510060301,-0.0523914892937495,-0.0995862165244346,0.0551761418890896,0.908742018723688,5.18538833459153e-07,4.54748336866159e-06,0.417375720921356,-0.0283630621475532,-0.0411383467468337,0.0519971906794997,0.00629079454013519,1.17325824008152e-13,-0.05,2.24805544804563e-09,2.82248743050345e-09,-0.0168308773796285,0.0749999999999998,-0.0749999999999998,0.05,-0.00621202514699751,0.00332791807260723,0.00704669644715865,0.000469834512720748,0.000188020769341925,6.93349514329876e-05,-0.4,0.4,0.25,-0.4,0.4,0.25,0.4,0.4,0.211680435962736,0,0,0,0,0,1.52739631495703,0,0,0.124326102418588,0.215384613870354,0.146397033244231,0.193313677555116,0,0,0,1.29365922386832,0,0,0,0,0,2.2782459469791,0,3.60822148603476,0,4.59811705813523,0,0,5.07238701814954,5.74901545090945,5.26267131914858,5.5587311499104,0,0,0,0,0,0,0,0,0.73612327335124,0,0.233864489319689,0,0.656868699570354,0.498029537482168,1.1100969632733,0,0.283819870119689,0,0,0,0,0,0.908378786719361,0.547984473447752
375,-0.0600000001013112,0.130000000101316,0.0449235422678039,0.0100000009136627,0.00500000011274108,0.0514465741703077,-0.0506912937340346,-0.100992780878257,0.0561938649451827,0.908391096569583,-2.76890257186441e-07,5.97129357463883e-06,0.418138935715208,-0.0282970298490158,-0.041191212718385,0.051997375077201,-2.2294485766531e-14,1.31228353118691e-13,-0.05,-9.26093723698428e-06,1.33170381829059e-08,-9.53132723589282e-05,0.0749999999999996,-0.0681957466348238,0.05,-0.00238243127535997,0.00217019905828736,0.181449284382688,0.00724645739505961,-0.00536570070213284,0.000130149534965244,-0.4,0.4,0.25,-0.4,0.4,0.25,0.4,0.4,0.216689575796916,0,0,0,0,0,1.52983483117132,0,0,0.112486752988635,0.22902725104167,0.139705565863034,0.201808432958568,0,0,0,0,0,0,0,0,0,2.18727074079376,0,3.63586203772998,0,4.60894630115554,0,0,5.13329183435723,5.80201240846131,5.31946505812144,5.61583918469711,0,0,0,0,0,0,0,0,0.768871219514534,0,0.270895511327426,0.38620754231749,0.680340431774985,0.542509709860104,1.14970804978521,0,0.283776218308711,0,0,0,0,0,0.889148842508774,0.555389885329656
376,-0.0600000001013112,0.130000000101316,0.0438750329424325,0.00999999995400686,0.00500000012930304,0.0514455335541685,-0.049057449665434,-0.102071096317939,0.0570165096674875,0.90630134338555,-3.45940357016202e-06,7.75055347321062e-06,0.422649464182292,-0.0279113964856523,-0.0415038252546893,0.0519976173629064,-1.345218185522e-14,1.17273019351811e-13,-0.05,-5.81535507265446e-09,1.07533725351608e-08,-0.000111650524752369,0.0749999999999996,-0.0461468416338982,0.0254768248229241,-0.0018250071158091,0.00286392136675254,0.785837260680558,0.0307436408120809,-0.0243698804563579,9.550802234611e-05,-0.4,0.4,0.25,-0.4,0.4,0.25,0.4,0.4,0.220503365536559,0,0,0,0,0,0,0,0,0.124255102841613,0.224079363435715,0.174492308062823,0.173842153895941,0,0,0,0,0,0,0,0,0,2.1079791905872,0,3.66730615005716,0,4.59725767869735,0,0,5.20662802111823,5.87200659310652,5.39067949935384,5.68795511487092,0,0.494498821522979,0,0,0,0,0,0,0.804212541508276,0,0.307567242775773,0.392953779039513,0.699595483647973,0.573596425502643,1.18704211363235,0,0.291319708651758,0,0,0,0,0,0.876337412453342,0.557348161806296
377,-0.0600000001013112,0.130000000101316,0.0428265229399041,0.0117117353470024,0.00500000007519793,0.0509902042528821,-0.0472684599493624,-0.102002119117997,0.0572965464663912,0.902993617157007,-5.22828707330939e-06,8.68338205095264e-06,0.429671413322487,-0.0268496801718274,-0.0412894376156076,0.0519976185143107,-1.32958915119462e-14,1.17330866498075e-13,-0.05,0.0750000000000002,-4.26009129243831e-15,-0.0457415301687462,0.0749999999999999,0.041797771414676,0.0104611232927356,-0.0195792563676574,0.0106276723071287,0.763942212740992,0.0650517489709612,0.0431801476594998,0.000394936895021538,-0.4,0.4,0.244804487287863,-0.4,0.4,0.25,0.4,0.4,0.25,0,0,0,0,0,0,0,0,0.238625984944605,0.145501145627815,0.125922850378543,0.244043830992059,0,0,0,0,0,0,0,0,0,0,0,3.35421443148109,0,4.64664570010772,0,0,5.20970352983116,5.82775547815042,5.38919448054805,5.64826452743353,0,0.629657216754082,0,0,0,0,0,0,0.714600541921863,0,0.26930380947226,0.6619736815029,0.597427329850399,0.550090382170107,1.12596558561526,0,0.265437691083957,0.578510045155231,0,0,0,0,0.857008534039058,0.546223405366507
378,-0.0600000000911482,0.130000000094981,0.0417780129508604,0.0137576505594981,0.00500000029429062,0.0501165945102738,-0.0455303085365568,-0.101123298364782,0.0574448269707832,0.900364809944374,-2.24307199841755e-05,1.75557351591586e-05,0.435153306549198,-0.0255634285622128,-0.0403954219771969,0.0519999893276804,-3.43647500660015e-11,-5.22604512416808e-12,-0.0500000000004364,0.0749999999695024,-8.15084484165164e-08,-0.0381304274608211,0.0749999999922011,0.0239653636887854,0.00238251388771259,-0.0218760778864343,-0.0171714573227467,0.578140713823734,0.0624670070856668,0.0312395962841503,0.00132248532278808,-0.400000020425164,0.399999996822562,0.246359629081274,-0.400000018133875,0.400000005331429,0.250000000615838,0.39999999536261,0.399999996644224,0.249999999681338,0,0,0,0,0,2.1265215008597,0,0,0.215095129126665,0.156088208034322,0.125615810535498,0.245567522727516,0,0,0,0,0,0,0,0,0,0,0,3.40508391233776,0,4.71462158703738,0,0,5.20914898538845,5.83766832301587,5.39323580245429,5.65358150595003,0,0,0,0,0,0,0,0,0.731279089045701,0,0.281550767813126,0.673898391591087,0.597603847107137,0.558281239961427,1.13105820689345,0,0.273556209274221,0.565320833706324,0,0,0,0,0.83887952992461,0.550285571179446
379,-0.0600000001018576,0.130000000103265,0.0407295046217055,0.0144486448414309,0.00500000055299997,0.0499438149472148,-0.043970901809231,-0.101489260456482,0.0574480402326898,0.897724214133624,-3.13093276211435e-06,1.00003750936918e-05,0.44057532484044,-0.0246338908103654,-0.0406086116832956,0.0519974796165522,-2.40266483290106e-11,6.12650650139209e-12,-0.0499999997497449,0.00282734597412478,1.18076848671983e-08,0.000129119201966054,0.0750000000105615,-0.037917856467286,0.000224080266917688,-0.00105606058900935,-0.00121169573257642,0.855021916982929,0.0355930287034436,-0.0274715610969312,0.000153534792502403,-0.40000001428123,0.400000003577034,0.250000148815593,-0.400000010183134,0.400000012638422,0.250000001319326,0.400000006279746,0.400000002854805,0.246903804210956,0,0,0,0,0,2.32052073468802,0,0,0.116960026933258,0.233779502462523,0.173958210301754,0.176781315319277,0,0,0,0,0,0,0,0,0,1.95465483091066,0,3.70624473149489,0,4.64425092758636,0,0,5.28947125727003,5.94215150095402,5.46807994697033,5.76354281125372,0,0,0,0,0,0,0,0,0.814919411267588,0,0.342668494450754,0.37121596063211,0.672582199938675,0.603760501576254,1.19900245274927,0,0.3118765271924,0,0,0,0,0,0.847497873977338,0.57296782745873
380,-0.0600000000978972,0.130000000098202,0.0400000018286478,0.0148711686828404,0.00500000042200998,0.0499417455918482,-0.0423292716166125,-0.102102761186635,0.0574507440612004,0.894710451841123,-7.09825988557285e-07,1.26736525202073e-05,0.446664105097941,-0.0237027100147961,-0.0410535109310809,0.0519975054301756,-2.09582964678354e-11,-7.11185997341753e-12,2.22963253693145e-10,0.0321224781430674,4.51435549022915e-09,-0.000304615804710225,0.0749999999997877,-0.0245655995221364,5.57758287441501e-05,0.000626548513750897,0.000989177809336481,0.594907926656821,0.0541068055485886,-0.0184136232256855,4.54068832366489e-05,-0.400000012456874,0.399999995697613,0.250000132605412,-0.400000010429276,0.400000001652196,0.250000001191471,0.399999999873521,0.399999995177895,0.25000001059661,0,0,0,0,0,2.25027230297791,0,0,0.11633514429196,0.23855300738038,0.0690134214442629,0.285874726179156,2.76872665758369,0,0,1.22343557230865,0,0,0,0,0,0,0,3.79606284798548,0,4.69837726237788,0,0,5.36841577256915,5.9736736942108,5.53288042816124,5.80920903861871,0,0,0,0,0,0,0,0,0,0,0.336746555245047,0,0.569629345023288,0.556565237422613,1.12427636771897,0,0.319936382681989,0.570204389176055,0,0,0,0,0.813502688235312,0.539753956194666
381,-0.060000000101311,0.130000000101316,0.0399999999882975,0.0163706868352103,0.00500000012048987,0.0496254595942553,-0.0405742017684958,-0.102012729579107,0.057476235691359,0.891852265400393,-6.62101299193616e-06,1.58128007115824e-05,0.452344288355312,-0.022553283599723,-0.0408580679714556,0.051997550048906,-1.34777529993842e-14,1.17347218157347e-13,-3.21222175169781e-14,0.075,-4.99329490098395e-08,-0.0243978324923179,0.0749999999999997,0.0124376178255059,0.000320371713670376,-0.000386454061152259,0.00252199703641271,0.623310427316577,0.0583344287291656,0.018388118319477,0.000234322178810023,-0.4,0.4,0.25,-0.4,0.4,0.25,0.4,0.4,0.25,0,0,0,0,0,2.13600826005826,0,0,0.15629112206591,0.211060446110745,0.0807527774963267,0.286598785158466,2.87867948890804,0,0,1.22445360071379,0,0,0,0,0,0,0,3.89733311250958,0,4.66104094322266,0,0,5.38202354352693,5.96250087133078,5.53314025394018,5.81138416091752,0,0,0,0.0496065658372565,0,0,0,0,0,0,0.346976026062022,0,0.551184086682713,0.580725909647361,1.13057972168364,0,0.317310826148668,0.576775638110487,0,0,0,0,0.814457945268951,0.551059604099545
382,-0.060000000101311,0.130000000101316,0.0399999999882975,0.0180416424242786,0.00500000012469481,0.0491166549911492,-0.0388596351850424,-0.101804009736182,0.0574870165992584,0.889179236321099,-6.23589190230164e-06,1.61917459527482e-05,0.457576526776768,-0.0214220183572073,-0.0405392081905305,0.0519975251871726,-1.35182862160666e-14,1.17281681403881e-13,-3.2122335092456e-14,0.075,-3.78797924697982e-08,-0.026791389646214,0.0749999999999998,0.00985398632611465,0.000228324965398887,0.000499566918361353,0.00226525329550315,0.627685123201746,0.057694710196749,0.0155603025672947,0.000193833463896513,-0.4,0.4,0.25,-0.4,0.4,0.25,0.4,0.4,0.25,0,0,0,0,0,0,0,0,0.134396838420177,0.231857956591481,0.0746914649494053,0.291563327224803,2.69889398185401,0,0,1.17637525590923,0,0,0,0,0,0,0,3.76608385131264,0,4.6385804852643,0,0,5.43568150507937,5.96662290111897,5.56152612424165,5.84077828195669,0,0.759109675974329,0,0.0856870880865692,0,0,0,0,0,0,0.349655884182223,0,0.522971699202911,0.578110703126931,1.11117935813038,0,0.317418997100796,0.586432459311965,0,0,0,0,0.822440047041157,0.545874502161144
383,-0.0600000001013111,0.130000000101316,0.0399999999882974,0.0200737831894345,0.00500000009860383,0.0484477142663841,-0.0371120505854316,-0.101396398923826,0.0575045204551329,0.886507347634226,-7.34147100728013e-06,1.72625968452486e-05,0.462731979402596,-0.0202329276950928,-0.040040961268043,0.0519974862606676,-3.07284766014467e-15,3.4471692267874e-15,-3.34518687315801e-14,0.0750000000000001,-1.20647971415284e-07,-0.0348969722775938,0.075,0.0197884805834612,0.000167740121320465,0.00317580992100309,-0.000165978685479231,0.566765557108473,0.0618817837880898,0.0251729818220417,0.000299740172892199,-0.4,0.4,0.15,-0.4,0.4,0.150891693880015,0.4,0.4,0.25,0,0,0,0,0,0,0,0,0.123061453058011,0.246288258845879,0.0271016169675607,0.342248094353513,0,0,0,0,0,0,0,0,0,0,0,0,0,0,0,0,5.14633840174364,5.93075234719129,5.43462467846291,5.64246607047202,0,1.1740731192861,0,0.35348043720317,0,0,0,0,0.737211372549517,0,0.212158472024727,0.606997489706655,0.595889708817432,0.583076955162284,1.17694633322324,0,0.287827332215556,0.509157100712342,0,1.83650576974551,0,1.35684559791684,0.844628400479395,0.658722865920911
384,-0.0600000001013112,0.130000000101316,0.0405406924486821,0.021716354221658,0.00500000013885096,0.0484808047077219,-0.0354246601587515,-0.101278963301689,0.0575101188710359,0.884470469987619,-2.29920815639079e-06,9.73489912672254e-06,0.466613594805896,-0.0189866379669685,-0.0398439944276131,0.0519980365508472,-1.34761308142369e-14,-2.1278992503496e-14,0.0500000000000001,0.0750000000000001,-2.53170160222807e-08,0.0149771059590831,0.075,0.00383288235232407,6.63747233274065e-05,-0.000845403583850829,0.00474868961713893,0.421852960136498,0.0669046194847573,0.00702223676414903,-6.37822559542285e-05,-0.4,0.4,0.15,-0.4,0.4,0.15,0.4,0.4,0.25,0,0,0,0,0,0,0,0,0.0897235151032846,0.273634998298072,0.0243045109505802,0.339054000066579,0,0,0,0,0,0,0,0,0,0,0,0,0,0,0,0,5.19558480671562,5.97608610543708,5.47663188127455,5.69503903087815,0,1.26993367310859,0,0.404988051234972,0,0,0,0,0.740619931866315,0,0.224243077152706,0.599412144266568,0.588763880336887,0.583536790641649,1.17399162945776,0,0.311293106194678,0.519718712916353,0,1.85883946585862,0,1.36264028255808,0.851491114323398,0.670586222899935
385,-0.0600000001013112,0.130000000101316,0.0415439089905584,0.0233662820387233,0.00500000013849215,0.0487790430348424,-0.0337181717226003,-0.101214053372796,0.0575169707135786,0.88286072258912,-1.59552242576292e-06,9.11810773795842e-06,0.469652279122729,-0.0176171534338421,-0.0397253938788623,0.0519980645645413,-3.14138779217123e-15,-2.26524557906163e-14,0.0500000000000001,0.0750000000000001,-2.89662770704055e-08,0.0135428876241999,0.075,0.00269538904551756,0.000144356255937991,-0.00244840926795152,0.00537087605614094,0.330364868325663,0.0718628274741745,0.00485969911706053,-7.55790523093695e-05,-0.4,0.4,0.15,-0.4,0.4,0.15,0.4,0.4,0.25,0,0,0,0,0,0,0,0,0.0773058844161698,0.285323269247766,0.023813982960374,0.338815165491717,0,0,0,0,0,0,0,0,0,0,0,0,0,0,0,0,5.23267572086726,6.00695937602036,5.50563788539032,5.73399721149731,0,1.3439728025547,0,0.449533257706606,0,0,0,0,0.739466276534438,0,0.233876858833105,0.587779012249002,0.577221568302144,0.587983758871632,1.17039854773384,0,0.328626157766574,0.534595703288926,0,1.88002919424988,0,1.37351340903801,0.857163024230278,0.682731834342013
386,-0.0600000001013112,0.130000000101316,0.0425447068516771,0.0250039964452266,0.00500000014114235,0.0489663721270831,-0.0320130457708118,-0.10118713480515,0.057523600304465,0.88166355901324,-1.28998233618174e-06,9.59921930551122e-06,0.471895878586766,-0.0161546322650468,-0.0396642311663552,0.0519980117347404,-1.34317417690552e-14,-2.12712681351416e-14,0.0500000000000001,0.0750000000000001,-2.49591452076541e-08,0.00707452271255188,0.0750000000000001,0.000798263015191451,0.000147807983064033,-0.00263050291487476,0.00551567932916192,0.245182703053975,0.0763957725746107,0.00198651519408281,-8.24747330215691e-05,-0.4,0.4,0.15,-0.4,0.4,0.15,0.4,0.4,0.25,0,0,0,0,0,0,0,0,0.068346275215401,0.293381355742616,0.0233540353244917,0.338373594521875,0,0,0,0,0,0,0,0,0,0,0,0,0,0,0,0,5.2647533892498,6.03758485282857,5.52827301788919,5.77406522418918,0,1.4379095665007,0,0.508192382113986,0,0,0,0,0.739809494802801,0,0.245983753559797,0.583974360485505,0.56342923541071,0.601481718772885,1.17110101012504,0,0.356736614450725,0.562510039263441,0,1.9274446670033,0,1.40376705607574,0.871890081069391,0.712233330064987
387,-0.060000000101311,0.130000000101316,0.0435314628877227,0.0265995446138773,0.00500000014619583,0.0490508866844324,-0.0303087722498287,-0.101212220008903,0.0575301113091223,0.880852197240877,-1.00902139337542e-06,9.62911347672732e-06,0.473408674584285,-0.0146055484553965,-0.0396723128310077,0.0519979962332165,-1.33703429981945e-14,-2.11805610952495e-14,0.0486821934495032,0.0750000000000001,-1.40125650365843e-08,0.00286103123005653,0.0750000000000001,-0.00163019468362973,0.000153328077288343,-0.00298973088935727,0.00593579189710034,0.171283506720051,0.0803533574509809,-0.00134303450280879,-0.00010013473705144,-0.4,0.4,0.15,-0.4,0.4,0.15,0.4,0.4,0.25,0,0,0,0,0,0,0,0,0.060053352762123,0.300604376313577,0.0228130565549602,0.337844674059516,0,0,0,0,0,0,0,0,0,0,0,0,0,0,0,0,5.32140327865392,6.08192688273949,5.57097481799929,5.83235534339412,0,1.50309518714136,0.0568941217822356,0.549031353491585,0,0,0,0,0.731135112814891,0,0.256811257458761,0.566028633863141,0.531713481789813,0.600603706112602,1.15642098509691,0,0.381114922170866,0.588451475391593,0,1.95779284755754,0,1.41883757082478,0.875625074693018,0.724905787277548
388,-0.0600000001013113,0.130000000101316,0.0444967726964282,0.0281531085442935,0.00500000016589382,0.049063807998257,-0.0286020780805253,-0.10128177038593,0.0575368406966273,0.880299162948641,-8.49000080249793e-07,9.67539442526512e-06,0.474436252017929,-0.012994606571718,-0.0397368880434407,0.051997984954317,-1.32711401593298e-14,-2.15614572828104e-14,0.0478529333883822,0.0750000000000001,-1.96815499558521e-09,0.000616240849043156,0.0749999999999999,-0.00332457658997216,0.000154445768040861,-0.00213127893919961,0.00510392091137263,0.141638901014638,0.0820970666096309,-0.00352571649402717,-4.46473328249758e-05,-0.4,0.4,0.15,-0.4,0.4,0.196839862632996,0.4,0.4,0.25,0,0,0,0,0,0,0,0,0.0814006324422314,0.355212495397855,0.0561154672125834,0.226182983202926,0,0,0,1.83235850691572,0,0,0,0,0,0,0,3.27945504935978,0,5.06566180813285,0,0,5.79332358480027,6.23195665817359,5.85093945394115,6.17434078903271,0,1.2899321961271,0,0.476466393672809,0,0,0,0,0.582853591373239,0,0.332150062951844,0,0.410990577091581,0.579004223759035,1.0136857235317,0,0.403952537320062,0.671661978945748,0,0,0,0,0.884631598600192,0.650806666976526
389,-0.0600000001013115,0.130000000101317,0.0449895211375998,0.0301768425842196,0.00500000012164161,0.0488455312145595,-0.0268557054243602,-0.101050166031018,0.0575522587089879,0.879245428151436,-3.85741435986304e-06,1.63999520215998e-05,0.476386267709061,-0.011429295083967,-0.0394970457409755,0.0519975534027991,6.56195148308873e-15,1.10554868068974e-14,0.00165292173399031,0.0750000000000002,-1.14960808636294e-07,-0.015376408804868,0.0749999999999999,0.0131787733577591,2.25930749938993e-05,0.00527739331968437,-0.000681625051804321,0.279159553018235,0.0766069834161765,0.0152205180629171,0.000272152055492118,-0.4,0.4,0.186126191909396,0.4,0.4,0.25,0.4,0.4,0.25,0,0,0,0,0,0,0,0,0.0785494842168121,0.347495210452754,0.0834063182621115,0.220590907942769,0,0,0,1.88518421427323,0,0,0,0,0,0,0,3.20862471138679,0,4.72647704153294,0,0,5.97046803545267,6.34954678341946,6.01166601881382,6.30834880005831,0,0.689536724643355,0.0721398690611724,0.524806700513133,0,0,0,0,0.509629051335636,0,0.298558738414505,0,0.375846702063381,0.540625154542046,0.954153441061553,0,0.3568026287629,0.605200128116428,0,0,0,0,0.843138422836937,0.598867502335438
390,-0.0599999999679079,0.130000000012791,0.044558269720341,0.032219727186784,0.00500000227358146,0.0485093506051638,-0.0251327748307387,-0.100781880721939,0.0575604989920869,0.877977209605717,-3.94858189219833e-06,1.68458673655041e-05,0.478719598438113,-0.00995311388711677,-0.0391995298748628,0.0519975045419778,1.1377422869953e-10,6.0626852476845e-11,-0.0445470625849357,0.0750000001155649,-1.14320025035824e-07,-0.0184116784223719,0.0750000001178607,0.013223712023393,7.65356406548754e-05,0.00504233895170007,-0.00151045481804351,0.320739928686322,0.0740039490781258,0.0157312215528432,0.000322638571816023,-0.399999932342567,0.400000036062974,0.210009592357119,-0.39999993128588,0.400000036372391,0.243202227512617,0.40000007007914,0.400000036416917,0.25000000329899,0,0,0,0,0,0,0,0,0,1.01783929042707,0,0,0,0,0,2.27265957133173,0,0,0,0,0,0,0,0,0,0,0,0,5.62739251990506,5.91271851949844,5.64923596420189,5.89087507520161,0,1.24927174380253,0.159010926345864,0.571790381457728,0,0,0,0,0.330427502147339,0.0466656082835511,0.17450555768796,0,0.342860226482292,0.404584905603749,0.642337612805119,0,0.318896270384891,0.60044577688336,0.272886845890179,0.646455201378068,0,0.958365074203559,0.740718901007338,0.548975167916065
391,-0.0600000000964783,0.130000000096478,0.0438634316577279,0.0338139711701835,0.00500000037121051,0.0485076463239657,-0.0234553894587327,-0.100795735540398,0.0575649700283122,0.877214462448816,-1.15632896909458e-06,1.07080623226451e-05,0.480115856014873,-0.00842446180827804,-0.0391951831820887,0.0519979108850461,6.23753396311441e-11,6.41089163523339e-11,-0.0250343075623901,0.0750000000685054,-1.07342617025796e-08,0.000798054913226277,0.0750000000832903,-0.00251818820321676,9.5956483731193e-05,-0.00162345691159865,0.00518460281332097,0.133342673894829,0.0819405360088152,-0.00261949015077169,-7.50518578931689e-05,-0.399999962908754,0.40000003811779,0.149999998732927,-0.399999959267148,0.40000004463181,0.150000000965364,0.40000004952387,0.400000038301477,0.23068843719807,0,0,0,0,0,0,0,0,0,0.99823802128121,0,0,0,0,0,0,0,0,0,0,0,0,0,0,0,0,0,0,5.46438437443812,6.00257355680687,5.63311070717894,5.83384722406605,0,1.47464208700211,0.315521659607168,0.723524555544993,0,0,0,0,0.444507095954106,0,0.106548526025605,0.516170112202023,0.456245826415551,0.411337828326258,0.73430749448163,0,0.318644105200037,0.573537642959611,0.130585727183725,1.44683847545939,0,1.05139458150291,0.758344695639748,0.623432721524642
392,-0.0600000000911819,0.130000000094137,0.0439034307797248,0.0345556005885398,0.00500000005290497,0.048508856496028,-0.0218618372383824,-0.101230554105401,0.0575667456202731,0.874899126744011,-1.33077343757466e-06,5.48504716357918e-06,0.484322313333195,-0.00733524717973859,-0.039543671716758,0.051998005361223,6.41815952761918e-11,2.78294346611608e-11,0.0287654165290465,0.00631589337067629,4.22512709669597e-09,5.09156291379612e-05,0.0750000000871103,-0.0364529335801568,3.70261115235843e-05,0.000125778940965283,-0.000144727875909137,0.812460939832346,0.0358109801450937,-0.0294494033606399,1.20425369991452e-05,-0.399999961852247,0.400000016556226,0.150000000020306,-0.399999957926775,0.400000023673633,0.232654386013528,0.400000051795361,0.400000016427244,0.192949415974008,0,0,0,0,0,0,0,0,0,1.05214537072442,0,0,0,0,0,2.06271585141559,0,0,0,0,0,0,0,0,0,0,0,0,5.69860840655381,6.03103711435083,5.73823070139639,5.99141481950825,0,1.32365184690864,0.216399493345068,0.644360756953916,0,0,0,0,0.359298705940988,0.0481624273306828,0.174820883360195,0,0.377832057768663,0.39981885007804,0.636425752465349,0,0.374310428409851,0.616191038540004,0.299778932790966,0.690722534158889,0,0.967847461287362,0.761383801896121,0.599307439628777
393,-0.0599999999899414,0.130000000027046,0.0440144319017437,0.034844484373266,0.00500000168475882,0.0485085922244309,-0.0202261058723068,-0.101913748449316,0.0575687678518862,0.871208312052321,-5.97357597986224e-07,8.29763647051337e-06,0.490930696975982,-0.00649856906620331,-0.0400963961991468,0.0519977995761256,1.2218377743433e-10,1.42851547852388e-10,-0.0174343062555059,0.0193773373553603,8.19280631765225e-09,-4.08193025932378e-05,0.0749999999915731,-0.030826270459356,6.43475440589302e-05,-0.00018727694983495,0.00143279785382942,0.727779182057232,0.0462626154822322,-0.0257777954128614,7.08944325954493e-06,-0.399999927359491,0.400000084931514,0.149999997154516,-0.399999934493233,0.400000070399757,0.15000000078963,0.339851688246465,0.400000094851128,0.21459511779842,0,0,0,0,0,0,0,0,0,0.863488644576555,0.0636093396478198,0,0,0,0,0,0,0,0,0,0,0,0,0,0,0,0,0,5.53323418449641,6.09317700290552,5.70984977405936,5.91656141334257,0,1.49044283789982,0.333800785518346,0.744360311051084,0,0,0,0,0.418532426363337,0,0.0787074493688128,0.533789046002484,0.424104822505774,0.368467631059477,0.66180000488663,0,0.354577317243782,0.587770722223993,0.159166996246194,1.49723784531802,0,1.02644614085356,0.742259551764008,0.644336302475775
394,-0.0600000001208823,0.130000000112759,0.0442064353019348,0.0347011307303765,0.00499999981484915,0.0485099460994303,-0.0188589989136183,-0.10265191655764,0.0575698244541255,0.86706176988405,-2.80960236556646e-06,2.53732101769796e-06,0.498217938568932,-0.0060231130623583,-0.040697527756094,0.0519980062411477,6.17651091429326e-11,3.94046256907775e-11,0.0363656994370856,-0.0288632966775283,-2.79658874680706e-10,6.36086654161129e-05,0.0592490293420386,-0.0424894353866193,3.07727274939569e-05,0.000249956492878243,-0.000281540458597728,0.974664679371014,0.00728187749213765,-0.0348421578790992,1.02182591294555e-05,-0.399999963266788,0.400000023443774,0.150000000117418,-0.399999961516078,0.400000026795252,0.225760319007337,0.400000043165089,0.400000023549766,0.184275833171761,0,0,0,0,0,0,0,0,0,0.994941110871783,0.0681756511869423,0,0,0,0,2.09646300663717,0,0,0,0,0,0,0,0,0,0,0,0,5.75459929727623,6.11247391993043,5.80449461784208,6.06257859936458,0,1.31158421466193,0.211379474763681,0.649035241881541,0,0,0,0,0.347324876043115,0.0484203934001696,0.156374901685592,0,0.353177649885833,0.365602246890554,0.578596625388672,0,0.408103169464671,0.630604013561051,0.322190877754545,0.716516305271172,0,0.947785867051443,0.744412601457626,0.617329208901201
395,-0.060000000119229,0.130000000111978,0.0444694396286989,0.0338580221276239,0.0050000000560917,0.0485095949104992,-0.0173844125296435,-0.103736708338854,0.0575690773023468,0.860637091242789,-2.24018753719817e-07,2.96078146209095e-06,0.509236536914193,-0.00590998187717118,-0.0415986968367142,0.0519974679108543,6.27166356076209e-11,5.01599118858683e-11,-0.00983425800951026,-0.0571287671491835,6.43029547937738e-09,-1.95867542242703e-05,0.0749999999943821,-0.0626788484347445,-1.11852201629402e-05,0.00039845799297183,0.00134787970670757,1.53488246206182,0.00121060611200026,-0.0532701794530419,4.19789684100621e-06,-0.399999962695521,0.400000029853843,0.174897751638803,-0.39999996307286,0.400000028993589,0.221868165557198,0.350625209713367,0.400000033251804,0.15000000255496,0,0,0,0,0,0,0,0,0,1.03160374360617,0.0457375634901055,0,0,0,0,2.10850657975138,0,0,0,0,0,0,0,0,0,0,0,0,5.77063078874954,6.16079181363705,5.82934827869723,6.10207432368935,0,1.22797690127822,0.1666263016696,0.607445249113072,0,0,0,0,0.366000130318327,0.0384069585988993,0.15185758068149,0,0.371101145631721,0.361275882650984,0.583312444390136,0,0.41746090858036,0.624804008032156,0.311902110086752,0.730362806525764,0,0.947672932084243,0.743356973795395,0.626877882182596
396,-0.0600000000544491,0.130000000072178,0.044092859514661,0.0323976456247574,0.00500000030483797,0.048510003987682,-0.0157436408113417,-0.105102365704097,0.0575718752067205,0.851882893508201,-3.01027862267492e-06,3.73100421343216e-06,0.5237509236319,-0.00607159279318733,-0.0427672266902117,0.0519978284334696,6.87836913506767e-12,8.14091096588142e-12,-0.0277342632823455,-0.074999999992885,2.34742341702477e-08,-4.71145574746369e-05,0.074999999998196,-0.0696948435729973,6.58445123250823e-05,0.000396909633612897,0.00302273036057332,1.84919838588621,-0.0125801672395789,-0.0611293742815206,2.88052190151005e-05,-0.399999995922738,0.400000004853622,0.195142339168172,-0.399999995769526,0.400000005082987,0.149999998963501,-0.00864766248990488,0.400000005078119,0.15000000039379,0,0,0,0,0,0,0,0,0,0.867076180690425,0.415391648585399,0,0,0,0,2.08436583798291,0,0,0,0,0,0,0,0,0,0,0,0,5.78514735739367,6.18557854829548,5.84771152380312,6.12301438188604,0,1.12130300335124,0.17311326988662,0.565468822583231,0,0,0,0.0813893307871758,0.355066331742937,0.0511605773855148,0.140309991847127,0,0.374614591651517,0.363737708141308,0.55410280699076,0,0.430034481052616,0.621585470613498,0.316491657775102,0.735128293891011,0.0140443965294537,0.934162601369289,0.730284472918731,0.653460869411753
397,-0.0600000001724933,0.130000000143247,0.0435500302355083,0.0307307429789671,0.00499999928244046,0.0485128441097711,-0.0140766249976385,-0.106458346803645,0.0575677526259394,0.842276811792519,4.06803137633527e-06,-7.72919212019147e-07,0.539064839469611,-0.00632623346507021,-0.0439700830530879,0.0519974495839988,1.30235641838119e-11,3.73094599831609e-12,-0.026554563832183,-0.0749999999876283,2.84895093474788e-08,9.75058878928093e-06,0.0749999999956562,-0.0649148519946286,-0.000119097247075054,0.00188658609889134,0.0043037012848361,1.86332977112195,-0.0124682433069476,-0.0591913802134368,3.25773243349995e-05,-0.399999992268868,0.40000000223143,0.193486165455263,-0.399999992643842,0.400000000775213,0.173540422107591,-0.0459398897390815,0.400000002232386,0.209698147668299,0,0,0,0,0,0,0,0,0,1.0106790981614,0.334995251392031,0,0,0,0,2.15651991865868,0,0,0,0,0,0,0,0,0,0,0,0,5.7974890725462,6.21028881174368,5.86697378786075,6.14080409642912,0,0.955972654897648,0.0277484867914997,0.471638475499883,0,0,0,0.236786612806849,0.358956884365278,0.056295736373029,0.135679597582067,0,0.373869540247173,0.361357210441741,0.541603237405162,0,0.425516505329892,0.614725125950468,0.30309929002632,0.73714234125404,0,0.919786600019189,0.70902292984942,0.651192831381559
398,-0.0600000001013107,0.130000000101316,0.0429927913477539,0.0290396284707584,0.00500000008530499,0.048516588951867,-0.0123912271674621,-0.107719801128475,0.0575640591412752,0.832358298373202,4.15929531460548e-06,-9.26300024822941e-07,0.554258458342438,-0.00656658634546754,-0.0451360845887447,0.0519974912324606,2.18632144431524e-14,-2.14338617515227e-14,-0.029156315131693,-0.0749999999999998,3.08751394422654e-08,1.96702014163148e-05,0.075,-0.0601820349252735,-0.000146501394122462,0.00180459033828688,0.00493819735595916,1.87591639668556,-0.0116730693582701,-0.0573215528301552,4.75449460822602e-05,-0.4,0.4,0.192635241670715,-0.4,0.281317921299188,0.25,-0.0955763852571544,0.4,0.208447915690888,0,0,0,0,0,2.24380340246976,0,0,0,0,0.328972624411952,0,0,0,0,2.26398201843012,0,0,0,0,0,0,0,0,0,0,0,0,5.81667182371752,6.25297377321738,5.89870567911142,6.17093991782347,0,0,0,0.484898378969314,0.0806574134364556,0.32611602848676,0,0.336988381986554,0.365524990416347,0.0650963193220916,0.12728646021825,0,0.378984013598665,0.354647006741057,0.513108786416214,0,0.427846337725693,0.596049385704062,0.285877434567971,0.738018288861785,0,0.885600073123029,0.671699760765936,0.655205673265106
399,-0.0600000001013107,0.130000000101316,0.0424561572176426,0.0273281035388898,0.00500000020311389,0.0485614774414472,-0.0119575761573225,-0.108473887493166,0.0575610548563432,0.826260088250169,-2.85627938442091e-07,-8.60855928871509e-06,0.563309591807885,-0.00728697415898311,-0.045858496185559,0.0519973919647294,2.18845790629892e-14,-2.13838149015161e-14,-0.0245302279888706,-0.0749999999999997,1.27213076607721e-08,0.000817402213423053,-0.0266107248161418,-0.0203486356504415,-0.000333853142292762,0.00382146357936851,0.00264382063171943,0.638081220123713,-0.0602194643012939,-0.0194286143918117,1.34409050998789e-05,-0.4,0.4,0.188800419752234,-0.4,0.213392482203562,0.25,0.0667395652420046,0.4,0.15,0,0,0,0,0,2.16750394976073,0,0,0,0,0,0,0,0,0,2.42288504208497,0,0,0,0,0,0,0,0,0,3.00607902091422,0,0,5.79365257726148,6.22475571875188,5.87750091135732,6.14090738465605,0,0,0,0.435980465029969,0.149743960830619,0.348608185180313,0.128222181923576,0.370129964087357,0.32451197879998,0.065047709035806,0.0994920113311376,0,0.324782824526456,0.325247526946145,0.450340388541117,0.00258139515274388,0.418324237014541,0.600085661728087,0.283952598266944,0.734457300475685,0,0,0.634800975476923,0.644079586902521
400,-0.060000000101311,0.130000000101316,0.0416409597963175,0.0254727232854032,0.00500000014571543,0.0482391293466247,-0.013170578474482,-0.11018901346606,0.0571198052513081,0.824314342132805,9.23249564410323e-08,-8.01551743464439e-06,0.566153128415445,-0.00822245391544981,-0.0463205632835148,0.0519973607924911,2.18978875887748e-14,-2.13717916845551e-14,-0.05,-0.0749999999999997,5.30005893920368e-08,-0.0305712716211532,-0.075,-0.0749999999999997,-0.0450286762067613,-0.00183525672390215,0.00184326760604995,0.134244118174245,-0.0347972445256424,-0.0241765375233063,4.3402895265175e-05,-0.4,0.4,0.218897736609347,-0.4,0.241422107642604,0.25,0.117842476058294,0.4,0.15,0,0,0,0,0,2.20082482557551,0,0,0,0.955170083680872,0,0,0,0,0,2.55635188028162,0,0,0,0,0,0,0,2.62552800865429,0,3.09070535429408,0,0,5.83594817838722,6.25374311955581,5.90958737545773,6.1801039224853,0,0,0,0.409352737686131,0.0622071817032561,0,0.119177725976447,0.26584031681147,0.338857448876072,0.0834024411532107,0.11864511973534,0,0.330763247179843,0.332788107275902,0.453957162804701,0,0.421827816190908,0.595707999355623,0.287542698641617,0,0,0,0.622854741710977,0.635972538262018
401,-0.0600000000790128,0.130000000101316,0.0405924496873392,0.0238715101848128,0.00500000003968214,0.0476208487458584,-0.012301743827064,-0.109635255772322,0.0567544054089863,0.82309520323735,6.89497688821866e-05,-3.55067097044158e-05,0.567924150057344,-0.0087021716136952,-0.0468283519178055,0.0520063295007476,1.86758438139478e-14,-2.1269365653415e-14,-0.05,-0.0486059696891257,-3.95576466373059e-10,0.00807734819310493,0.037835138144507,-0.0412454904941428,0.00279218969295105,-0.0519379487889267,0.0267561743363925,0.705507819835539,-0.00725774057439026,-0.0370675760916234,0.000512671410716744,-0.4,0.4,0.15,-0.171774391592088,0.205615619811997,0.236187333049358,-0.0653479256984791,0.4,0.15,0,0,0,0,0,0,0,0,0,0.834606464990472,0.388090220651047,0.319460188272712,0,0,0,0,0,0,0,0,0,0,0,0,0,0,0,0,5.73024872598995,6.33993436376152,5.92389064016722,6.14629244958425,0,0.606946835194157,0,0.468354648184304,0,0,0,0,0.437025787449371,0,0.0715460701930401,0.698694050133246,0.431751310749361,0.364301425785215,0.565298660597259,0,0.391441255623408,0.552743647227359,0.140337593455653,1.58431097532303,0,0.932119983135719,0.634090183859874,0.684196578199246
402,-0.0600000001013108,0.130000000101316,0.0401331394804462,0.0223182623523234,0.00500000010543505,0.0476838897814767,-0.0107883498728562,-0.110504760213418,0.0567686468388491,0.814668432036749,-1.71049438318868e-06,1.38921637820022e-06,0.579948323104475,-0.00882415332442337,-0.0476977020113027,0.0519981837267655,-1.31389178749303e-14,-2.12718835850857e-14,0.00379998715963245,-0.0750000000000001,3.225894957946e-08,-0.000201130875372345,0.075,-0.0478386287224071,-6.81496180502211e-05,0.00125309132594044,0.00879488382324358,1.92214155811327,-0.00847981148449575,-0.051160628260615,-7.20594661313105e-05,-0.4,0.4,0.15,-0.14139451774644,0.158031108429048,0.249258008825153,-0.143358996865667,0.4,0.15,0,0,0,0,0,0,0,0,0,0.698630197467984,0.390995966668027,0.306728880748846,0,0,0,0,0,0,0,0,0,0,0,0,0,0,0,0,5.77926578382876,6.3936662866753,5.97537787863096,6.1975541918731,0,0.597742872003431,0,0.45676309407787,0,0,0,0,0.437868602350164,0,0.0687014471707476,0.708746775582948,0.438249851599651,0.371731587140211,0.571946539611804,0,0.391155693830773,0.536162789683379,0.127754501659254,1.61212394873008,0,0.933645513639556,0.63099959410031,0.694182862619506
403,-0.0600000001013106,0.130000000101316,0.0407453890008632,0.0205563359764323,0.00500000006669426,0.0477372181810846,-0.00999999991960342,-0.111158656261098,0.0568724958218234,0.805774483629733,-5.82650590577785e-06,2.45304914413377e-06,0.592244380984724,-0.00917337662796039,-0.0485589862603782,0.0519980583719827,-1.2841911522548e-14,-2.1377565470586e-14,0.05,-0.0749999999999998,1.90056451579347e-08,0.00241943764434564,-5.77888327696531e-09,-0.0222510369067898,0.00736957600969266,-0.00511268466377685,0.00257408422094627,0.884921802403893,-0.0427603599956096,-0.0255098600864937,0.000240803262304969,-0.4,0.4,0.15,-0.4,0.151227139324158,0.25,0.4,0.4,0.15,0,0,0,0,0,2.13918421000172,0,0,0,1.02777833513097,0,0,0,0,0,2.65031770974068,0,0,0,0,0,0,0,2.66995929379457,0,3.04952941605521,0,0,5.9900796529347,6.38961154240029,6.05692133620904,6.32276985912594,0,0,0,0.313813088394231,0,0,0,0,0.338232961258476,0.0873146059270798,0.130586966697499,0,0.276779855893685,0.321921084123405,0.435990664217608,0,0.423767917048916,0.610504889789962,0.286920570252272,0,0,0,0.592324267772381,0.615101911898034
404,-0.0600000001013105,0.130000000101316,0.0412810792680241,0.0188567720491087,0.00500000012578847,0.0477194635349249,-0.00999999997001418,-0.111575822071451,0.0568765161512947,0.800736418179204,-4.31966666963106e-06,2.00621645056844e-06,0.599038789821283,-0.0100689201616414,-0.0490204893433847,0.0519972825325327,-1.28806043495325e-14,-2.13656761071477e-14,0.00379998893417429,-0.0749999999999998,1.7304770517603e-08,-0.00126900024508914,-8.4707675096069e-10,-0.0204220397834202,-8.61155512693223e-05,0.003207892462345,-0.000459066482426582,0.861714294300394,-0.0456580022881276,-0.0228398982131355,7.53773849145323e-05,-0.4,0.4,0.16644197684353,-0.4,0.169036455267847,0.25,0.4,0.4,0.249719872828803,0,0,0,0,0,2.16956998790025,0,0,0,0.952927849743509,0,0,0,0,0,2.62153978733519,0,0,0,0,0,0,0,2.67401615813795,0,3.06851470686798,0,0,6.00493295499384,6.3876441752057,6.05326891395993,6.33930821623961,0,0,0,0.291485967851335,0,0,0,0,0.318004864741423,0.0810147223337876,0.123841845801754,0,0.259605117566015,0.326552998798376,0.432973116272325,0,0.412605808565524,0.606738397447204,0.252925876979716,0,0,0,0.59116706219912,0.615315673102791
405,-0.0600000001013105,0.130000000101316,0.0408927682009256,0.0171452124285304,0.00500000012264088,0.0476999179055979,-0.010000000037467,-0.11197414407313,0.0568778881422623,0.795624410369278,-6.60515560031197e-06,2.90017996350517e-06,0.605812215816465,-0.0109676011987427,-0.0494738507480326,0.0519975271731095,-1.2922069344343e-14,-2.13759916376716e-14,-0.0424000932643661,-0.0749999999999998,1.8079131840746e-08,-0.00135408277349088,4.29449396717061e-07,-0.0193226074628121,-5.1471176587731e-06,0.00321530481749791,-0.000556803545399473,0.86323601066549,-0.0456336715441478,-0.0223410266714458,0.000120846838077678,-0.4,0.4,0.223149636241656,-0.4,0.184216031105209,0.25,0.334491378311148,0.4,0.25,0,0,0,0,0,2.19789282155834,0,0,0,1.07686977599076,0,0,0,0,0,2.62877673304064,0,0,0,0,0,0,0,2.67058993746429,0,3.08528885637987,0,0,6.03119510275091,6.39904522980342,6.06682802119936,6.36341231135498,0,0,0,0.275965837076553,0,0,0,0,0.326960356332384,0.0946554486883078,0.140444735605585,0,0.270385305662274,0.356070117616503,0.458355802343466,0,0.412061207375578,0.610739208823602,0.201330052419346,0,0,0,0.599952780359184,0.627687254098083
406,-0.0600000001013105,0.130000000101316,0.0399999999883567,0.0154279033193182,0.00500000012773198,0.0476776925868105,-0.00999999998575931,-0.112348647449143,0.0568787758039705,0.790490958322357,-6.76541437100332e-06,2.66544685819681e-06,0.612495749519359,-0.011858341749418,-0.0499153969107119,0.0519975307558782,-1.29753183127817e-14,-2.1386580033241e-14,-5.93700868501254e-10,-0.0749999999999998,1.83203990485379e-08,-0.0015332401135844,-1.18054268248343e-10,-0.0180959651477027,2.21219924324542e-05,0.00338476977346848,-0.000641928193299214,0.855026744507038,-0.0451140485353625,-0.021732147025435,0.000155641992787399,-0.4,0.4,0.191840201842465,-0.4,0.231586641110665,0.25,0.353471928851795,0.4,0.25,0,0,0,0,0,2.25738606335875,0,0,0,1.11278503029197,0,0,0,0,0,2.60963268111829,0,0,0,0,0,0,0,2.67203520291868,0,3.13364512365238,0,0,6.04279092428032,6.39402602148347,6.06961295945671,6.36720398630708,0,0,0,0.252544447788512,0,0,0,0,0.327656444714151,0.102478253501132,0.149799026654377,0,0.270977303360503,0.37809035048181,0.47533971649559,0,0.404569653442977,0.611539212623637,0.160478999733347,0,0,0,0.602181670468831,0.632860151224818
407,-0.0600000001013106,0.130000000101316,0.0399999999882974,0.0137099238071454,0.0050000001375553,0.0476516552120718,-0.0101036226064426,-0.112678519227273,0.0568796471624788,0.785700470237799,-7.55911690191858e-06,1.46826925030563e-06,0.61862918827369,-0.0127824647500752,-0.0503180488493372,0.0519975394744282,-1.30502809610034e-14,-2.13936448913045e-14,-3.21213125979848e-14,-0.0749999999999998,1.84335579124224e-08,-0.00168955942335205,-0.00775408894303027,-0.0153446730838667,1.4283622768903e-05,0.00382169110754011,6.36190182267533e-06,0.766769280225707,-0.0481330240934481,-0.0191809743020428,0.000174040479835879,-0.4,0.4,0.196367621036016,-0.4,0.276495229043996,0.25,0.4,0.4,0.25,0,0,0,0,0,2.31153147099624,0,0,0,1.16081444294626,0,0,0,0,0,2.5582609176162,0,0,0,0,0,0,0,2.66890070558351,0,3.17480582641541,0,0,6.04387415440202,6.38403340114248,6.06369849281047,6.36420906273403,0,0,0,0.222388085950467,0,0,0,0,0.329341363485419,0.104071177137617,0.157303436488352,0,0.273476924558313,0.4002744119356,0.496989661949683,0,0.395933868976703,0.609696342400817,0.0947192222687505,0,0,0,0.607065138264,0.6389038689844
408,-0.0600000001013106,0.130000000101316,0.0399999999882974,0.0119848670826351,0.00500000014806195,0.0476263666202903,-0.0101795327706977,-0.112991570609967,0.056880531453658,0.780753502482168,-7.03352780734572e-06,2.3337440959242e-06,0.624861253958337,-0.0136958055063398,-0.0507164583390867,0.0519975406729021,-1.31085891693865e-14,-2.14097874174486e-14,-3.21213692388721e-14,-0.0749999999999998,1.83413201756298e-08,-0.00175030836603961,-0.000553121278595274,-0.0156291832601078,1.40698830312886e-05,0.00400046417383486,-0.000434991865894717,0.840335355648231,-0.044718231488031,-0.0203836179956582,0.000178485232310927,-0.4,0.4,0.199629378849719,-0.4,0.313505256103191,0.25,0.4,0.4,0.25,0,0,0,0,0,2.35420569330714,0,0,0,1.15907980428564,0,0,0,0,0,2.52208171785705,0,0,0,0,0,0,0,2.69057315798401,0,3.214536497233,0,0,6.02141932722426,6.35970250155104,6.03943506652441,6.34168676225089,0,0,0,0.198360415132824,0,0,0,0,0.338375752458664,0.103336571835876,0.165561005531247,0,0.280553663616816,0.420582379922399,0.520883583290272,0,0.389422121699445,0.605604600272212,0.0308547373737231,0,0,0,0.610007126340924,0.644443314875409
409,-0.0600000001013107,0.130000000101316,0.0399999999882974,0.0102529629016145,0.00500000015439095,0.0475992857710816,-0.0101208182505498,-0.113305295638708,0.0568814338857094,0.775344412129762,-6.63808755158647e-06,2.65677519820013e-06,0.631560790340045,-0.0145412248555024,-0.0511346144570334,0.0519975438376631,1.35848858415023e-14,1.4940330224841e-14,-3.37802268850458e-14,-0.0749999999999999,1.80469469508088e-08,-0.00184154445228472,0.00648117107842494,-0.0155589308532845,1.6605029897112e-05,0.00417555069013216,-0.000577877822283928,0.910031657064829,-0.041226530855534,-0.0213763316809446,0.000186661593072516,-0.4,0.4,0.20337769778289,-0.4,0.341103797507184,0.25,0.4,0.4,0.25,0,0,0,0,0,2.38572806423823,0,0,0,1.16181233563644,0,0,0,0,0,2.48037068040759,0,0,0,0,0,0,0,2.71377288460072,0,3.24159001657803,0,0,5.99859842968437,6.33556490409712,6.01499318566864,6.31917014811285,0,0,0,0.162602416070973,0,0,0,0,0.346855329755017,0.101571446701669,0.173396915030736,0,0.285613051540326,0.438300471300544,0.541897028613944,0,0.384803678364239,0.601034740036192,0,0,0,0,0.611616677542863,0.649708487241754
410,-0.0600000001013109,0.130000000101316,0.0399999999882974,0.00999999990368649,0.00500000012663118,0.0475193904609325,-0.00999999996887619,-0.113354201498353,0.0568834444193185,0.772716991676243,-5.97369739847361e-06,7.30102241796509e-06,0.634772878133054,-0.0148531976068027,-0.0512379972489642,0.0519974273035021,-1.32244166631655e-14,-2.11586116864758e-14,-3.20973562650718e-14,-1.28635898489203e-08,5.72741126188119e-09,-0.00055553195514616,1.19000040288793e-08,0.000792797089027301,5.9172309403171e-05,-0.00540084103939752,-0.000573597568862853,-0.000395804619813762,-2.48878720078888e-05,0.000307922239491827,-0.000269287069991931,-0.4,0.4,0.15,-0.0856070159975647,0.4,0.20661116109456,0.4,0.4,0.25,0,0,0,0,0,1.86929098347138,0,0,0,1.13744279750655,0,0,0,0,0,0,0,0,0,0.0512418159261057,0,0,0,0,0,0,0,0,5.78475926429324,6.26821709988418,5.90473004412799,6.14824632004943,0,0,0,0.240820779304174,0,0,0,0,0.407659115509411,0,0.131975277792277,0.626638409455212,0.351281793963026,0.470655012861498,0.635254081672059,0,0.350613516015275,0.533377496596634,0,1.60473368850796,0,1.00496238354491,0.609903515117002,0.689295062896799
411,-0.060000000101311,0.130000000101316,0.0405406901216375,0.00999999991443869,0.00500000019352126,0.0475214804730264,-0.00999999992392412,-0.113352653105318,0.056884630065435,0.772715762805596,-5.25286990224144e-06,3.08293953348313e-06,0.634774374091369,-0.0148531877247841,-0.0512370960120014,0.0519980275528113,-1.57239059118186e-15,6.40770367558207e-14,0.0500000000000001,2.86717977915116e-11,3.13107800021613e-10,5.18374663264456e-05,1.40241346224924e-11,2.0413896419205e-05,2.61833168685974e-05,0.00019880155409155,-2.58281620660508e-05,0.000160754421118139,3.71290885175439e-06,2.26728507722212e-05,-8.75605618223422e-06,-0.4,0.4,0.15,-0.230525094159696,0.4,0.203893357111935,0.4,0.4,0.25,0,0,0,0,0,2.07838135095312,0,0,0,1.12405422846994,0,0,0,0,0,0,0,0,0,0.00597226748029522,0,0,0,0,0,0,0,0,5.80517746259388,6.30104799852988,5.93499547849947,6.17122998262429,0,0,0,0.225409000977396,0,0,0,0,0.528592237018338,0.0205318038024211,0.227854772321118,0.321269268499641,0.436250932996771,0.536585376286053,0.769565654018405,0,0.343076647039514,0.494725508569173,0,1.52953987279131,0,1.01077908105281,0.609707150829369,0.651807273241385
412,-0.060000000101311,0.130000000101316,0.0415606975577425,0.00999999991582038,0.00500000019826492,0.0475224657511439,-0.0099999999159393,-0.113352229907203,0.0568853700372572,0.772714908525983,-4.58352156246784e-06,2.49418533316679e-06,0.634775414018915,-0.014853132945081,-0.0512367361848107,0.0519979878008956,2.12841696683478e-14,-2.12541876260269e-14,0.0500000000000001,4.14150938098454e-11,1.63067536772038e-10,5.09699621664853e-05,-3.9755707015004e-11,1.4587336244295e-05,4.22721089180761e-05,6.53836362808771e-05,-2.11069188635354e-06,0.000125989771443248,1.90711302516146e-06,1.17836283970151e-05,2.21313954676418e-06,-0.4,0.4,0.15,-0.202489806757439,0.4,0.209118093863084,0.4,0.4,0.25,0,0,0,0,0,2.03966533578096,0,0,0,1.10943965537835,0,0,0,0,0,0,0,0,0,0,0,0,0,0,0,0,0,0,5.79429601351854,6.30117914389374,5.92710421120454,6.16837094620775,0,0,0,0.257908157964512,0,0,0,0,0.544014279591788,0.0100533334438075,0.239434530594768,0.314633082440829,0.448940925889669,0.560130592916463,0.805674374317782,0,0.351877884871631,0.495391518370701,0,1.55878003709309,0,1.04546877784336,0.629700085499526,0.672573223513344
413,-0.060000000101311,0.130000000101316,0.042579327933709,0.00999999991647759,0.00500000020063314,0.0475234122832294,-0.0099999999163973,-0.113352016102889,0.0568861933231805,0.772714138362509,-4.23836706512297e-06,2.17856859205146e-06,0.634776351544714,-0.014853105106695,-0.0512365722383377,0.0519979898339885,2.36609101791772e-14,1.02880125950505e-13,0.0500000000000001,2.40610571984743e-11,8.3364680340789e-11,4.57528048518866e-05,-1.49713704392539e-11,7.64296341392972e-06,4.15393578487051e-05,3.26712727688117e-05,-1.87026506680859e-06,0.000117600546875134,9.9372604541785e-07,5.34323907396522e-06,-2.13691839269701e-07,-0.4,0.4,0.15,-0.226646936317493,0.4,0.214985016875137,0.4,0.4,0.25,0,0,0,0,0,2.06378249561211,0,0,0,1.07823313882253,0,0,0,0,0,0,0,0,0,0.0369392509607905,0,0,0,0,0,0,0,0,5.81364745742664,6.28673591599022,5.92881572327999,6.17156765013687,0,0,0,0.259176940248481,0,0,0,0,0.479508137247068,0,0.207853712866179,0.269817147064645,0.368152569182734,0.528478994944695,0.741922783937459,0,0.33990672996266,0.507737641179346,0,1.56409336541937,0,1.03805391344028,0.606073543561317,0.660531531777291
414,-0.0600000001013111,0.130000000101316,0.0436166868244816,0.00999999991681813,0.00500000020185222,0.047524315773481,-0.00999999991662146,-0.113351902526463,0.0568870368109155,0.772713406305925,-4.06194164731081e-06,2.01541281475434e-06,0.634777242678863,-0.0148530903930452,-0.0512365023806299,0.051997989772586,-1.34104813087165e-14,-2.12857486428481e-14,0.0500000000000001,1.19614139224659e-11,4.31482888996605e-11,4.45665874902998e-05,-7.88196986626874e-12,4.12656216413516e-06,4.25377985233264e-05,1.69870538328408e-05,-1.03632057027187e-06,0.000113554676674667,5.31005399617909e-07,2.03079308219937e-06,1.49635369267733e-08,-0.4,0.4,0.15,-0.220377751027853,0.4,0.217215203887377,0.4,0.4,0.25,0,0,0,0,0,2.04959441861472,0,0,0,0.958756783705053,0,0,0,0,0,0,0,0,0,0,0,0,0,0,0,0,0,0,5.76832614591443,6.26183193579326,5.89213472498852,6.13802335671919,0,0,0,0.25297634269355,0,0,0,0,0.504287606659169,0,0.222879685574418,0.26583975144095,0.375935925442844,0.551216969309328,0.781038648291051,0,0.345941415895562,0.503971270009424,0,1.5948654204661,0,1.07075640896255,0.614066908348505,0.674279235293286
415,-0.0600000001013111,0.130000000101316,0.0446521264589196,0.0099999999169939,0.00500000020248363,0.0475251986975243,-0.00999999991673555,-0.11335184013086,0.0568878917703403,0.772712692585743,-3.97081946419409e-06,1.930600694311e-06,0.634778111489242,-0.014853082429984,-0.0512364807432751,0.0519979897719947,-1.34056470953583e-14,-2.13049673694474e-14,0.0500000000000001,6.22554741948929e-12,2.2368347276908e-11,4.38240553948322e-05,-4.02091690703571e-12,2.3190797428123e-06,4.2926029231228e-05,8.8025973209844e-06,-5.52483054317603e-07,0.000111555688159165,2.92387545524964e-07,3.26636088817998e-07,-7.59678962125199e-10,-0.4,0.4,0.15,-0.311806259521056,0.4,0.218772827821766,0.4,0.4,0.25,0,0,0,0,0,2.16032514432586,0,0,0,0.931873909903584,0,0,0,0,0,0,0,0,0,0,0,0,0,0,0,0,0,0,5.68832707678794,6.21034116598386,5.82076641341358,6.07790182935821,0,0,0,0.26778110895445,0,0,0,0,0.523929640654701,0,0.22902002954184,0.274164770716856,0.377683924820769,0.57226957146718,0.80416238229645,0,0.360455925047951,0.51929776328206,0,1.65029647215056,0,1.11231217514525,0.622817610680599,0.703704773678667
416,-0.0600000001013111,0.130000000101316,0.0456862831459083,0.00999999991708515,0.00500000020281089,0.0475260710226487,-0.00999999991679423,-0.113351804173858,0.0568887526375378,0.772711988044741,-3.92361307231692e-06,1.8865395550316e-06,0.634778969123466,-0.0148530779608955,-0.05123648405029,0.0519979897728052,-1.34677331089557e-14,-2.14148526440353e-14,0.0500000000000001,3.22481315652853e-12,1.16047490353214e-11,4.34503877107674e-05,-2.07515919770332e-12,1.3830659835001e-06,4.31361331479855e-05,4.56701165507385e-06,-2.90818918952136e-07,0.000110541701457355,1.68588771189275e-07,-5.56922712499897e-07,3.95082863778723e-11,-0.4,0.4,0.15,-0.4,0.4,0.228192026882112,0.4,0.4,0.25,0,0,0,0,0,2.31102543275982,0,0,0,0.920969601041957,0,0,0,0,0,0,0,2.32355584381761,0,0.371385922079367,0,0,0,0,0,0,0,0,5.68382582053082,6.16030043046357,5.78952226797999,6.0546039830144,0,0,0,0.22170040395024,0,0,0,0,0.458447983342887,0.00673345925257267,0.200341905422609,0.264839537172849,0.305682556493747,0,0.726084765418037,0,0.348175604810274,0.554828083515034,0,1.6382937829954,0,1.10071061946753,0.59567290806489,0.700447889363774
417,-0.0600000001013111,0.130000000101316,0.0467427731425397,0.00999999991654092,0.00500000020010979,0.0475268573172915,-0.00999999991653097,-0.113352127859772,0.0568869319304131,0.772711216510641,4.41994739033705e-07,-6.63818550370567e-07,0.634779908322452,-0.0148530560833613,-0.0512367977093782,0.0519974382039202,-1.34665150600898e-14,-2.13872285957999e-14,0.0500000000000001,-2.04043045814702e-10,1.43986905145092e-10,6.26946276730024e-05,5.64202231901433e-11,1.15860341783566e-05,-1.67814033875194e-05,-1.25380460490888e-05,1.92139832387524e-05,9.859973784041e-05,8.96807681637608e-07,7.15330963673203e-06,2.0136853230208e-05,-0.4,0.4,0.15,-0.4,0.4,0.225483177896047,0.386391684452059,0.4,0.25,0,0,0,0,0,2.33261334681043,0,0,0,0.887757893307642,0,0,0,0,0,0,0,2.40666543138907,0,0.408286949332088,0,0,0,0,0,0,0,0,5.48738191884495,6.0526542806587,5.62697684645165,5.91305935305201,0,0,0,0.255156964283965,0,0,0,0,0.532762134583367,0,0.222924034497977,0.304780575276739,0.420838479398276,0,0.864692058667783,0,0.388205732310895,0.578410267836139,0,1.75996475683481,0,1.24584581533488,0.694469915955896,0.827657976504788
418,-0.0600000001050323,0.130000000113086,0.0477937422773287,0.00999999988016772,0.00500000015999612,0.0475278025626003,-0.00999999976628725,-0.113351964224277,0.0568865442395591,0.772710584062756,8.95089759568585e-08,-5.00859768386403e-07,0.634780678192163,-0.014853053367753,-0.0512366839055979,0.0519975321585313,3.44976093974532e-11,3.69196007292701e-12,0.0499999999998786,7.36205993473398e-11,2.95391729882459e-11,4.02913635535537e-05,-1.01853401327247e-11,3.01185285002483e-06,-3.15078255532875e-05,1.82030931693692e-05,-3.71684640563017e-06,0.000101707965236329,-1.75627890594033e-08,1.6348590263173e-06,-4.61411515934773e-06,-0.399999979479798,0.400000002208196,0.149999999927798,-0.399999981294901,0.400000000190017,0.149999999351497,0.220239150716655,0.400000006203673,0.2500000000705,0,0,0,0,0,0,0,0,0,0.621810400733527,0,0,0,0,0,0,0,3.16458508630171,0,0.720557924783647,0,0,0,0,0,0,0,0,5.22926578367596,5.82675967991652,5.34139256417111,5.71463289942136,0,1.0548302656612,0,0.269797830429537,0,0,0,0,0.551594422530164,0.0740026412372147,0.241763825108312,0.383833238659066,0.331396505546011,0,0.836834418320218,0,0.469722466873956,0.761027818487912,0,2.07332365690186,0,1.38832680997541,0.72273630372717,0.929263055743096
419,-0.0600000001025848,0.130000000104235,0.04884964126841,0.0100000000092849,0.00500000004848242,0.0475286709692945,-0.0099999999494631,-0.113351951084468,0.0568856710814339,0.772709932699082,6.94741446818618e-07,-8.82753807361118e-07,0.634781471105135,-0.0148530513592066,-0.0512366992462287,0.0519974614325827,3.26482464850921e-11,3.68683586053974e-11,0.049999999997751,8.10856795126288e-12,7.7965612158781e-11,4.67065771664347e-05,3.56127122229708e-12,3.47980216167235e-06,-3.40668737534297e-05,7.99882951111377e-06,1.58003516208875e-06,9.92589616219291e-05,-2.15264805406295e-09,1.45281933455228e-06,2.823722358281e-06,-0.399999980568421,0.400000021934852,0.149999998662625,-0.39999998392218,0.400000023709416,0.149999999961941,-0.284509893705239,0.400000023867178,0.167128793928618,0,0,0,0,0.125527715931514,0.210062237163275,0.313484268792478,0.0221056842789617,0.439820783785543,0,0.00431842229760667,0,0,0,0,0,0,4.09686265194935,0,0.362422350467342,0,0,0,0,0,0,0,0,4.63002228088285,5.19806457773464,4.66990397249952,5.15818288611796,0,0,0,0,0,0,0,0,0.631525198882815,0.492562010047319,0.317150194560537,1.34050602648118,0,0,0.450094974705818,0,0.469671515708906,1.10975375413929,0,2.6344167177441,0,2.40760494125583,0.254453472123459,0.811814573642858
420,-0.0600000001013111,0.130000000101316,0.0495864876838518,0.00999999990803611,0.00500000019390512,0.047526908077802,-0.0104440077346116,-0.113265570242987,0.0567609744428528,0.772723393092504,-6.29891822057945e-06,1.0069769153637e-06,0.634765085574502,-0.0148559447099456,-0.0512363037025206,0.0519970113819254,-3.12183213902904e-15,-1.00710256951687e-14,0.0238155635400961,-5.05562269683713e-11,-4.10913939591171e-10,-3.84706439979094e-05,-0.0440199935715487,0.00864499535675409,-0.0124811436286142,0.000125128364069175,-2.68180729460795e-05,-0.00180949501005962,-0.000122508203747593,1.35736006595863e-05,-2.22422374162213e-06,-0.4,0.4,0.15,-0.4,0.4,0.15,0.176919271515549,0.4,0.25,0,0,0,0,0,0,0,0,0,0.742088855742566,0,0,0,0,0,0,0,0,0,0.173935547775034,0,0,0,0,0,0,0,0,5.526701415143,6.06837338969514,5.68768398115714,5.90739082368101,0,0.8603744850089,0,0.0229405671567044,0,0,0,0,0.427863441646021,0.00773325268884519,0.113000756680141,0.725126638870048,0.310585189397008,0.456084079339751,0.624354264155913,0,0.276551978366222,0.548056024371375,0,1.50927559356924,0,1.72836491624526,0.536045687044172,0.61963489009532
421,-0.0600000001598201,0.130000000149865,0.0504845509176809,0.00999999984356793,0.00500000061263398,0.0475285937098088,-0.0100487695884981,-0.113327207869769,0.0567554087995715,0.771359768568462,-1.68977792602433e-06,4.26055602231288e-06,0.636421479822598,-0.0146559727954072,-0.0513325435998415,0.0519979775510199,7.92313201649277e-12,4.98268309365455e-12,0.04999999999987,9.87447445873431e-10,2.97268395925347e-09,-1.44761357509327e-05,0.052241652043121,-0.00831579686117434,0.00100365049430386,-0.000464024191766891,0.000268350846359903,0.502109855875863,0.0234216361471158,-0.0111752390372394,-2.52225349490018e-05,-0.399999995281041,0.400000002975549,0.149999999922728,-0.399999997143425,0.400000000183561,0.203733022021856,0.177967308399255,0.400000002760705,0.249999999001025,0,0,0,0,0,0,0,0,0,0.966101294369171,0,0,0,0,0,0,0,0,0,0.127742184506023,0,0,0,0,0,0,0,0,5.75974974428475,6.25889496006523,5.89407742729966,6.12456727705031,0,0.772339970235723,0,0.001532394334187,0,0,0,0,0.386935266050976,0,0.11017065162582,0.678552825729109,0.340199709123923,0.420095271297121,0.585339241693979,0,0.343647278862467,0.529613575797487,0,1.46881593160522,0,0.951745428477249,0.595086240800109,0.653570909612557
422,-0.0600000001013108,0.130000000101316,0.0515022175635967,0.00999999992212579,0.00500000017872712,0.0475351755042726,-0.009999999995671,-0.113332964031133,0.0567862095859123,0.770802161618621,-3.6831392053544e-06,1.69413666455969e-06,0.637096724357783,-0.0145705743211205,-0.05137372940021,0.051998050546543,-1.32990315391592e-14,-2.15772394317142e-14,0.05,2.02841604405546e-09,-2.64611737284431e-09,0.000390093074933398,-3.01803229409198e-09,-0.000369755490726194,9.15483858600098e-07,0.00393300471504182,-0.000118906980176152,0.000423670973739671,-4.74425682591114e-06,-0.000210364321637768,0.000160275432426937,-0.4,0.4,0.206992014528497,-0.4,0.4,0.25,0.224776998286432,0.4,0.25,0,0,0,0,0,2.27881428020179,0,0,0,0.922515421787425,0,0,0,0,0,1.51931236345765,0,0,0,0.237803328537416,0,0,0,0,0,0,0,0,6.04400641844039,6.3152252046303,5.99102083538986,6.36821078768084,0,0,0,0.0274451826863768,0,0,0,0,0.415379855721914,0.226890831751304,0.310788056594311,0,0.216204080208604,0.417692470808435,0.492677406416709,0,0.52230200652668,0.802935675209558,0,0.867954158247205,0,0.945251094790199,0.639172873311431,0.629204452492137
423,-0.060000000101311,0.130000000101316,0.0520379075990135,0.00999999991724393,0.00500000020462031,0.0475359618356196,-0.00999999995546264,-0.113333333116656,0.0567868770488346,0.770801572492763,-3.41027897603648e-06,1.52296156837863e-06,0.637097437123258,-0.014570581986044,-0.0513739426312687,0.051997960284429,-1.32849564826292e-14,-2.12664764618801e-14,0.00380000182047802,9.90146572872009e-12,-2.26110549557857e-11,3.26204052677944e-05,3.00695537924447e-11,2.4537046338011e-06,3.77027533897464e-05,-7.7874311070655e-05,4.57601010514597e-06,7.42332691798943e-05,-5.59429367809685e-07,-2.29313711834639e-06,-5.60428163479889e-06,-0.4,0.4,0.15,-0.4,0.4,0.15,-0.0233670211401784,0.4,0.25,0,0,0,0,0,0,0,0,0,0.526119055307899,0,0,0,0,0,0,0,0,0,0.685891212418906,0,0,0,0,0,0,0,0,5.47225284054685,6.03761789468677,5.63625115916158,5.87361957607203,0,0.680598167413392,0,0,0,0,0,0,0.544463583660865,0.117129848381952,0.196117280660325,0.465476151382494,0.305641277788854,0.461956761526447,0.610871506661981,0,0.27635843168165,0.572527601326687,0,1.57247332843597,0,1.67193267244509,0.412693137699662,0.542197502581157
424,-0.0600000001013111,0.130000000101316,0.0526501576322542,0.00999999991713262,0.00500000016724779,0.047536811170626,-0.00999999995338157,-0.113333378980805,0.0567878105540318,0.770801053154692,-3.68767239336835e-06,1.72549180418174e-06,0.63709806544938,-0.0145705908322329,-0.0513740171304436,0.0519979915785112,-1.32969746175873e-14,-2.12968211260948e-14,0.0500000000000002,1.89474061958899e-12,-3.32441904354034e-11,4.13279551825924e-05,1.67802708820648e-12,-2.61736265511531e-06,4.28736370851835e-05,-8.79563705104428e-06,-4.30381421049193e-07,8.35917987512421e-05,-3.1830381317828e-07,-3.77715943203096e-06,-9.84589992263103e-07,-0.4,0.4,0.15,-0.4,0.4,0.15,-0.0172790224385486,0.4,0.25,0,0,0,0,0,0,0,0,0,0.533831791943373,0,0,0,0,0,0,0,0,0,0.719202334178775,0,0,0,0,0,0,0,0,5.49070924271038,6.04842400646332,5.64406446765027,5.89506878152343,0,0.630265555186804,0,0,0,0,0,0,0.551437373308775,0.140585002570574,0.21062047907483,0.481401896804518,0.285515863170215,0.448063881454865,0.588293679482134,0,0.294901245743116,0.597836974594999,0,1.65343511443896,0,1.69465981871173,0.401951479676219,0.53234410940763
425,-0.0600000001013111,0.130000000101316,0.0534713352550319,0.00999999991701683,0.00500000016439906,0.0475376564436394,-0.00999999995158836,-0.113333412550839,0.0567886840197887,0.770800518512417,-3.74923124493227e-06,1.7836997268641e-06,0.637098712291943,-0.0145705949881818,-0.051374076767213,0.0519979896913823,-1.3300877645494e-14,-2.13030178557358e-14,0.0322067286345874,-4.75368654299484e-12,-1.53578929980167e-11,4.27080356556406e-05,2.38030257847139e-12,-1.1022028277254e-06,4.37843602835433e-05,-6.03632523432653e-06,4.36868315183599e-07,8.44464299445595e-05,-1.37682870237374e-07,-2.45729242504019e-06,1.38911224086919e-07,-0.4,0.4,0.15,-0.4,0.4,0.15,-0.0161473819405458,0.4,0.25,0,0,0,0,0,0,0,0,0,0.534517432929263,0,0,0,0,0,0,0,0,0,0.717806224628514,0,0,0,0,0,0,0,0,5.48497337812402,6.0478664745553,5.64098824633228,5.89185160634704,0,0.583931382015861,0,0,0,0,0,0,0.55421580355993,0.14046321451139,0.209931879012234,0.484747139059086,0.286235841769667,0.446176213824939,0.58810498936453,0,0.293768712902968,0.59862838726268,0,1.65293819664193,0,1.6951992718538,0.400117612962145,0.530012524726791
426,-0.0600000001013111,0.130000000101316,0.0542040800276619,0.00999999991695446,0.00500000016264092,0.0475385108084089,-0.00999999995142817,-0.1133334275026,0.0567895555076922,0.770799978094874,-3.78163568459521e-06,1.81433221852156e-06,0.637099366120901,-0.0145705968216398,-0.0513741190982474,0.0519979897751338,-1.33180403380643e-14,-2.13194085345848e-14,0.0410236639518308,-2.16844216480732e-12,-8.01986284263745e-12,4.28155390090682e-05,1.42794503826156e-12,-4.63379186572378e-07,4.34945618694001e-05,-3.16230023923206e-06,2.13220399628894e-07,8.51197051700467e-05,-5.48491744810428e-08,-1.8462580780657e-06,-1.16414151960076e-08,-0.4,0.4,0.15,-0.4,0.4,0.15,-0.00519961146101266,0.4,0.25,0,0,0,0,0,0,0,0,0,0.550269462961079,0,0,0,0,0,0,0,0,0,0.704489135854252,0,0,0,0,0,0,0,0,5.47703133281161,6.04723710016136,5.63654459378986,5.88772383918312,0,0.561657023001777,0,0,0,0,0,0,0.55979333281291,0.135694642518907,0.210457989173741,0.485029986158076,0.285366014224773,0.443098009842818,0.592206401001518,0,0.293580050924493,0.600002453637136,0,1.65551875803894,0,1.69949275357986,0.400338255658297,0.526220297639103
427,-0.0600000001013111,0.130000000101316,0.0548771977776022,0.00999999991692215,0.00500000016222629,0.047539368839834,-0.00999999995172091,-0.113333433063262,0.0567904247830572,0.770799434573249,-3.79845952964641e-06,1.83025406492965e-06,0.637100023704355,-0.0145705974410922,-0.0513741525106599,0.0519979897734969,-1.33254611084406e-14,-2.13310357561021e-14,0.0263614222506993,-1.15164716660972e-12,-4.16286071030055e-12,4.29615378579504e-05,7.29371092105061e-13,-1.30323366635131e-07,4.34312092633963e-05,-1.6388094295721e-06,1.10117123062489e-07,8.54647054047299e-05,-1.19259710428794e-08,-1.53048252790826e-06,7.257486879837e-10,-0.4,0.4,0.15,-0.4,0.4,0.15,-0.0066921619737423,0.4,0.25,0,0,0,0,0,0,0,0,0,0.546919886414332,0,0,0,0,0,0,0,0,0,0.705955139456632,0,0,0,0,0,0,0,0,5.47728470813587,6.04752011359924,5.63689948761454,5.88790533412057,0,0.561607144559713,0,0,0,0,0,0,0.558223254732923,0.135300838260919,0.209428897963168,0.484095195030675,0.282794007083319,0.441118450944476,0.589517001604189,0,0.293243347589036,0.600108765325057,0,1.65308753310034,0,1.69907083621428,0.398807583390906,0.524932894557135
428,-0.0600000001013112,0.130000000101316,0.0554844270515381,0.00999999991690532,0.00500000016217972,0.0475402288270625,-0.00999999995210186,-0.113333433743173,0.0567912929574001,0.770798889449143,-3.80720112136268e-06,1.83852459167592e-06,0.637100683225505,-0.0145705974311338,-0.0513741812913806,0.051997989773248,-1.33321644969382e-14,-2.13391203726969e-14,0.0343217037354639,-5.99373392753292e-13,-2.16547156673131e-12,4.30300686176273e-05,3.81574393435753e-13,4.27118273119567e-08,4.33913608311229e-05,-8.51714828007078e-07,5.75834633559151e-08,8.56414128530171e-05,1.03989385251722e-08,-1.36622637903133e-06,-3.68439262316522e-11,-0.4,0.4,0.15,-0.4,0.4,0.15,-0.00616451881199987,0.4,0.25,0,0,0,0,0,0,0,0,0,0.547284443827852,0,0,0,0,0,0,0,0,0,0.70502811973988,0,0,0,0,0,0,0,0,5.4779603284574,6.0486402658718,5.63778019510934,5.88882039921986,0,0.561763676492388,0,0,0,0,0,0,0.557666864037459,0.134787518380617,0.209000793365135,0.483453589052942,0.280554219861833,0.438964781041314,0.587454046313549,0,0.293362606691254,0.600325148290178,0,1.65085011091185,0,1.69811594626706,0.397425779199975,0.523326594266528
429,-0.0600000001013111,0.130000000101316,0.0560631164438723,0.00999999991689655,0.00500000016139137,0.0475410898304318,-0.0099999999519066,-0.113333431889025,0.0567921605591161,0.770798343509662,-3.81174166743705e-06,1.84282242982118e-06,0.637101343732024,-0.0145705970940465,-0.0513742076663422,0.0519979897732399,-1.33435252374092e-14,-2.13486377198082e-14,0.0236008398175538,-3.17958481948762e-13,-1.12586296778396e-12,4.3066138469454e-05,1.99046633489375e-13,1.32553245023687e-07,4.33710922904014e-05,-4.42697933240149e-07,3.02437862043556e-08,8.57301618298571e-05,2.19877591132163e-08,-1.28089938204943e-06,9.35741594413603e-14,-0.4,0.4,0.15,-0.4,0.4,0.15,-0.00888724705402167,0.4,0.25,0,0,0,0,0,0,0,0,0,0.539811703762233,0,0,0,0,0,0,0,0,0,0.705189361786123,0,0,0,0,0,0,0,0,5.4824484094813,6.05193546147849,5.64201171402282,5.89237215693697,0,0.561890054953144,0,0,0,0,0,0,0.555135384681708,0.134402701645424,0.207714537971415,0.481823548355717,0.276904738775517,0.435160451329332,0.582454195702855,0,0.292788739956458,0.599008268628628,0,1.64525000717918,0,1.69176982405259,0.394089459031382,0.520234653331422
430,-0.0600000001013111,0.130000000101316,0.0566427404812839,0.00999999991689195,0.00500000015919522,0.0475419513617793,-0.00999999995373049,-0.113333428719502,0.0567930278633096,0.770797797170832,-3.81409991042917e-06,1.84505697122874e-06,0.637102004720563,-0.0145705965879112,-0.0513742327915118,0.0519979897732264,-1.3356781476565e-14,-2.13584380379362e-14,0.0343080279827789,-1.63201343237422e-13,-5.85284018040421e-13,4.30848355903917e-05,1.08886053823373e-13,1.79236958098166e-07,4.33605611259944e-05,-2.30693508387136e-07,1.6127115474057e-08,8.57729977724128e-05,2.80045183763486e-08,-1.2365334214112e-06,-6.02932069138057e-12,-0.4,0.4,0.15,-0.4,0.4,0.15,-0.0126610770004241,0.4,0.25,0,0,0,0,0,0,0,0,0,0.528431257189049,0,0,0,0,0,0,0,0,0,0.706781903921503,0,0,0,0,0,0,0,0,5.49326032223581,6.05823015415944,5.65076680412677,5.90072367226847,0,0.560303081110829,0,0,0,0,0,0,0.55206712365075,0.13632024371207,0.207994042874909,0.480393324487911,0.272652765116599,0.430858834107754,0.575871122635766,0,0.292838344498513,0.597721392221745,0,1.63879086845638,0,1.68176436505777,0.38998083284858,0.51570313573321
431,-0.0600000001013111,0.130000000101316,0.0571134417781267,0.00999999991688953,0.0050000001551178,0.047542813167517,-0.00999999995414765,-0.11333342486824,0.0567938950127742,0.770797250641035,-3.81532348349798e-06,1.84621938985565e-06,0.637102665938998,-0.0145705959931496,-0.0513742572677644,0.0519979897732118,-1.33624430189128e-14,-2.13589192742087e-14,0.0128692953645862,-8.74229385737639e-14,-3.03910947609034e-13,4.30945658038798e-05,5.97668637526769e-14,2.03398907351894e-07,4.33550903861084e-05,-1.20444160829363e-07,8.75519259114827e-09,8.57920235993918e-05,3.11253969910029e-08,-1.21348959422001e-06,-1.37378832138985e-12,-0.4,0.4,0.15,-0.4,0.4,0.15,-0.0195485577541183,0.4,0.25,0,0,0,0,0,0,0,0,0,0.513492063000912,0,0,0,0,0,0,0,0,0,0.71326148108923,0,0,0,0,0,0,0,0,5.49884181975261,6.06048392997134,5.65483736895515,5.90448838076879,0,0.564818827347609,0,0,0,0,0,0,0.548657111018477,0.139175144833814,0.207289070029953,0.480543185822337,0.268303942636586,0.427823787209646,0.568643555846284,0,0.29231394527921,0.597245476733878,0,1.63551159723979,0,1.6728896831152,0.385006233548238,0.512848662458791
432,-0.0600000001013111,0.130000000101316,0.0575640057849608,0.00999999991688821,0.00500000015144616,0.0475436751157618,-0.00999999995679753,-0.113333420662509,0.0567947620822261,0.770796704037226,-3.81596004876469e-06,1.84682664331611e-06,0.637103327245827,-0.0145705953534598,-0.0513742814055163,0.0519979897732148,-1.33727294723358e-14,-2.13636073921042e-14,0.0320909968115963,-4.36509323664862e-14,-1.61003270663947e-13,4.30996072331933e-05,2.59120146844976e-14,2.15990687311018e-07,4.33522527857085e-05,-6.34409620625822e-08,4.99041493405094e-09,8.57986193013072e-05,3.27472517910274e-08,-1.20145236862895e-06,-7.98268454628175e-12,-0.4,0.4,0.15,-0.4,0.4,0.15,-0.0242770059511673,0.4,0.25,0,0,0,0,0,0,0,0,0,0.509699141496332,0,0,0,0,0,0,0,0,0,0.719267972095758,0,0,0,0,0,0,0,0,5.51285597791127,6.06784096925343,5.66462409178109,5.91607285538361,0,0.627861853439711,0,0,0,0,0,0,0.542892115768243,0.141512151242379,0.207586362352212,0.47681790465841,0.260770214048609,0.426605575662138,0.561968346684359,0,0.295281444283042,0.599697093612996,0,1.63359684686747,0,1.67240158399323,0.383645575213206,0.514304485382956
433,-0.0600000001013111,0.130000000101316,0.0580139088242924,0.0099999999168875,0.00500000015096395,0.0475445371381567,-0.0099999999579104,-0.113333416271377,0.0567956291102307,0.770796157409562,-3.81629285807467e-06,1.84714714791862e-06,0.637103988580365,-0.0145705946894549,-0.0513743053649875,0.0519979897732082,-1.33827294752575e-14,-2.13749979113387e-14,0.0129947881648077,-2.98369655302633e-14,-8.28917073576207e-14,4.31022849652874e-05,2.03091507517676e-14,2.22483094712835e-07,4.33507482122099e-05,-3.30964390746586e-08,2.98841450181191e-09,8.57989071034307e-05,3.35948824658253e-08,-1.19514927171977e-06,-2.49035127175725e-12,-0.4,0.4,0.15,-0.4,0.4,0.15,-0.0291806691375668,0.4,0.25,0,0,0,0,0,0,0,0,0,0.502627423934979,0,0,0,0,0,0,0,0,0,0.728991260905232,0,0,0,0,0,0,0,0,5.53501945714591,6.07646356768011,5.67892598330599,5.93255704152004,0,0.733304666139846,0,0,0,0,0,0,0.536352207004112,0.129342195247564,0.21143080327409,0.471971401079897,0.250691112641305,0.428215663706609,0.555088688900223,0,0.298671599408615,0.601181455399412,0,1.6273546426335,0,1.67232716544158,0.379900406392015,0.515457220409938
434,-0.0600000001013111,0.130000000101316,0.0584113225996796,0.00999999991688708,0.00500000015538697,0.0475453991993947,-0.00999999995882071,-0.113333411781738,0.0567964961169237,0.770795610789575,-3.81646944303079e-06,1.84731985979283e-06,0.63710464990446,-0.0145705940129517,-0.0513743292285721,0.0519979897732081,-1.33889415482958e-14,-2.13838366239738e-14,0.0266781724524759,-1.52872858271203e-14,-4.65536450712913e-14,4.31037127825757e-05,1.12151282766696e-14,2.258965983907e-07,4.33499420140407e-05,-1.69127870278015e-08,1.95779943018783e-09,8.57958817384176e-05,3.4043574312289e-08,-1.19177648185836e-06,-1.90943616405052e-12,-0.4,0.4,0.15,-0.4,0.4,0.15,-0.0306709822973883,0.4,0.25,0,0,0,0,0,0,0,0,0,0.497056979348594,0,0,0,0,0,0,0,0,0,0.740683211870059,0,0,0,0,0,0,0,0,5.54699949063975,6.07708800005491,5.68388704725725,5.94020044343742,0,0.818850441684599,0,0,0,0,0,0,0.533158036035522,0.117617494596874,0.216699127789083,0.469872557539373,0.242733640026747,0.431262820897587,0.551421615452497,0,0.302121239298807,0.604397821268215,0,1.62515792330361,0,1.67524928363254,0.377258180477317,0.516685655685583
435,-0.0600000001013111,0.130000000101316,0.0587938971415819,0.00999999991688679,0.00500000016125021,0.0475462612813752,-0.00999999995838841,-0.1133334072411,0.0567973631121238,0.770795064191929,-3.81656214788095e-06,1.84741347764222e-06,0.63710531120037,-0.0145705933294086,-0.0513743530413378,0.0519979897732034,-1.34066119582789e-14,-2.14192524263737e-14,0.0116544005970345,-9.35804364706116e-15,-2.12393009631202e-14,4.31044774135204e-05,4.97468121958423e-15,2.27652568775995e-07,4.33495169263574e-05,-8.33722301706051e-09,1.38669473856159e-09,8.57910958328206e-05,3.42781943856744e-08,-1.18997288801359e-06,2.07326925862134e-12,-0.4,0.4,0.15,-0.4,-0.4,0.15,-0.0432621473653912,0.4,0.25,0,0,0,0,0,0,0,0,0,0.445028913699405,0,0,0,0,0,0,0,0,0,0.810662938494807,0,0,0,0,0,0,0,0,5.55150671103541,6.10235425840159,5.69379065635779,5.96007031307922,0,0.477309949068809,0,0.14508501440761,0,0,0,0,0.533173295608698,0.119394692454675,0.208247150942827,0.484726551940423,0.240911316459529,0.421729807697281,0.519976641438137,0,0.328765975083025,0.609185493810111,0,1.65801615899169,0,1.67650416527046,0.365369579735077,0.542249310431621
436,-0.060000000101311,0.130000000101316,0.059073508206643,0.0099999999168864,0.00500000020304964,0.0475471233735782,-0.00999999996494277,-0.113333402652468,0.0567982301052544,0.770794517626724,-3.81663738619193e-06,1.84748914373517e-06,0.637105972455877,-0.0145705926447175,-0.0513743768059376,0.0519979897732398,-1.33535581332903e-14,-2.14920204014505e-14,0.0162835601113873,-9.31483724808809e-15,-7.57404089542335e-15,4.31051143434898e-05,-2.87500683084376e-16,2.28979905545559e-07,4.33490996022197e-05,-3.7933318731748e-10,1.29312094060859e-09,8.57859344080327e-05,3.4468997657524e-08,-1.18856824605653e-06,-1.4599052087222e-11,-0.4,0.4,0.15,-0.4,-0.236691791534987,0.15,-0.205996448181871,0.4,0.25,0,0,0,0,0,0,0,0,0.0497749495002759,0.137429760144144,0,0,0,0,0,0,0,0,0,1.08325560823986,0,0,0,0,0,0,0,0,5.5261661024457,6.0421508756648,5.65150404246808,5.91681293564242,0,0.550794979332016,0,0.247442963013672,0,0,0,0,0.444517402255356,0.159159359240905,0.156387792697215,0.456505186442236,0.176318477084666,0.413275863934227,0.441211121749449,0,0.30844752771812,0.625251923085294,0,1.62839121255287,0,1.66620457010433,0.345064508173171,0.565336304509687
437,-0.0600000001013111,0.130000000101316,0.0592483328981145,0.0099999999168376,0.00500000020284474,0.0475479787570389,-0.0099999999952202,-0.113333423888031,0.0567988680649001,0.770793968397253,-3.47770268267638e-06,1.64192711778019e-06,0.637106636936073,-0.0145705913170101,-0.0513744219268133,0.0519979463549352,-2.16653274139412e-14,-9.05645183772309e-14,0.00127395687920282,-1.95973379458589e-11,1.27705770853335e-11,4.47363844317139e-05,7.23142865545526e-12,1.15739542675131e-06,3.79311608175245e-05,-2.42397517139434e-06,1.63346806652412e-06,8.43635288702658e-05,7.04002918695301e-08,-4.12329646603076e-07,1.7641038451212e-06,-0.4,0.4,0.15,-0.4,-0.201511302550792,0.15,-0.14703730382749,0.4,0.15,0,0,0,0,0,1.77140635967216,0,0,0.0953627777542522,0.104313430004909,0,0,0,0,0,0,0,0,0,0.593200634334118,0,0,0,0,0,0,0,0,5.47447419649567,5.858803207545,5.52296788000598,5.81030952403469,0,0,0,0.0897682893505907,0,0,0,0,0.35055345424632,0.23518111206285,0.161241852376196,0.424492713932972,0.105397299959708,0.949992011522735,0.446786311703588,0,0.269672357264462,0.718645167518697,0,1.6421379091434,0,1.81834174957175,0.399548423089498,0.595514303532581
438,-0.0600000001013109,0.130000000101316,0.0590583241683472,0.00999999990190195,0.00500000019415794,0.047549103831341,-0.0100397611503269,-0.113328078853184,0.0568009571173891,0.770906933269626,-6.83495210438745e-06,7.9280732207747e-07,0.636969943507087,-0.0145884632364231,-0.0513670564217834,0.0519979930902314,2.13645484585127e-14,-2.14444056125067e-14,-0.0201676237490597,-7.02846121255286e-11,-2.18452039745556e-10,6.03907106872936e-05,-0.00305933328586636,0.000485551076079681,9.23054912455157e-05,1.60303379579994e-05,1.30176470747503e-05,-0.0286203762750743,-0.00139615240187445,0.000642796170343377,1.34437574748882e-06,-0.4,0.4,0.15,-0.143455881620802,0.4,0.15,-0.138152999704216,0.4,0.15,0,0,0,0,0,0,0,0,0.173221158051199,0.0234123404785085,0,0,0,0,0,0,0,4.20087858974787,0,0.393181458487369,0,0,0,0,0,0,0,0,4.81127017514509,5.28038343218078,4.86626949897061,5.22538410835526,0,0.617319387148881,0,0.0527569060914264,0,0,0,0,0.393754337924106,0.331819199993839,0.144725013034935,0.58084852488301,0,0,0.490675817118748,0,0.255092882415795,0.976739530203038,0,2.12822792944792,0,2.31247421236564,0.394430755775912,1.39455755009836
439,-0.0600000001348846,0.130000000131832,0.0589833251986876,0.00999999995326938,0.00500000014460187,0.0475491124140708,-0.0104674442261443,-0.113246814064965,0.0566768568702483,0.770946108644021,-5.11955466856813e-06,-1.45288658646691e-06,0.636922527754863,-0.0145951185564508,-0.0513644157928037,0.0519973490215158,2.90151974694542e-11,7.73467009200701e-12,0.0125043705401955,-1.21170534675898e-10,-4.58103147456635e-11,1.51793340585447e-05,-0.0394446518547781,0.00756492977580931,-0.0116839310873906,4.46415265589236e-06,3.82067996801863e-06,-0.00260209380821619,-0.000158388248829142,6.33847732126163e-05,-3.49628821758074e-06,-0.399999982760317,0.400000004612087,0.150000000018696,-0.400000025117797,0.399999985359686,0.150000000645163,-0.40000026465027,0.400000024265556,0.150000000102518,0,0,0,0,0.218405081247345,0.117058517603278,0.313458252820497,0.0220053460569395,0.839220532286897,0,0.309485575762919,0,0,0,0,0,0,5.12590692294132,0,0.00179003931739069,0,0,0,0,0,9.09415785660413,0,0,4.85164766748702,5.10218648728822,4.6333028687499,5.32053128602535,0,0,0,0,0,0.0926359135445829,0,0.0562778717209281,0.470520310246224,0.891670986259459,0.44110306443,1.55141467860019,0,0,0.254902317556995,0,0.601950411619422,1.61544185189576,0.459769906593716,1.61673467768388,0,0,0.414456838958298,0.838196638261694
440,-0.0600000001013113,0.130000000101316,0.0587691025770087,0.00999999990916753,0.00500000019134608,0.0475475349399719,-0.0122658275740684,-0.112902304484138,0.0562428561068546,0.770972928014673,-6.66083383072988e-06,1.48137676982292e-06,0.636890063551095,-0.0145997233012483,-0.0513621560305844,0.0519970253528824,2.15520742889509e-14,-2.15889664906912e-14,-0.0336956349181489,9.42669894724342e-09,-3.37194180908819e-09,-1.26751466956867e-05,-0.075,0.0186418569415049,-0.0286983742451265,0.00136694350511031,7.40670355974274e-05,-0.00258911491824159,-0.000168585606719282,-8.28497761898029e-05,-2.02955079218161e-05,-0.4,0.4,0.15,-0.4,0.4,0.15,-0.357349006905786,0.4,0.15,0,0,0,0,0.218033994269167,0.117435301528113,0.313511453292623,0.0219578425045734,0.937915527135359,0,0.32291549409697,0,0,0,0,0,0,5.21980228785971,0,0.0465190178784784,0,0,0,0,0,9.09949975963371,0,0,4.86718488099248,5.09378205608051,4.63296223349704,5.32800470357595,0,0,0,0,0,0,0,0,0.454145283205363,0.904027207461882,0.43759624316462,1.55069193671194,0,0,0.25100324361325,0,0.587223874911373,1.60403942150528,0.462951435661357,1.59386150601626,0,0,0.410808790849024,0.840334979323807
441,-0.0600000001013113,0.130000000101316,0.0577955874559802,0.00999999990844335,0.00500000019142571,0.047546580725766,-0.0141376999169046,-0.112542382976998,0.0556092868925151,0.770992686190007,-6.46156281249834e-06,1.47599736838166e-06,0.636866144989249,-0.0146033104218585,-0.0513606188825136,0.0519969660982879,2.15546452054406e-14,-2.15980816033013e-14,-0.05,8.95321321083561e-09,-3.54220421311192e-09,4.06037995512692e-05,-0.075,0.0185684411829153,-0.0339095162185267,0.00162057212692541,-8.695555079931e-05,-0.00310240715126013,-0.000200805422294748,-9.36878742025746e-05,2.03666830443655e-05,-0.4,0.4,0.15,-0.4,0.4,0.15,-0.358175014115962,0.4,0.15,0,0,0,0,0.218033996399659,0.117435302432116,0.313430667045458,0.0220386317862581,0.948054520999376,0,0.30946690888065,0,0,0,0,0,0,5.32513844891726,0,0.0544287553599906,0,0,0,0,0,9.1374471050198,0,0,4.85286665428243,5.06889513572968,4.6177814872935,5.30398030271862,0,0,0,0,0,0,0,0,0.453719502229131,0.904088496560052,0.439662310260844,1.55216372404275,0,0,0.268554451829444,0,0.573679013629804,1.59694607272526,0.464954363853625,1.58399516414901,0,0,0.415522063774651,0.839989254896226
442,-0.0600000001013112,0.130000000101316,0.0567470774387944,0.00999999990763777,0.00500000019188381,0.0475457068270703,-0.0160110301759718,-0.112181863264279,0.0549141773201067,0.771019350456198,-6.08206850445238e-06,1.24887303151902e-06,0.636833863759568,-0.0146079010031491,-0.0513585623236577,0.0519969557482681,2.13930151420923e-14,-2.16818046566405e-14,-0.05,6.76824034127285e-09,-3.38015461602991e-09,1.57558503969939e-05,-0.075,0.0186090289964629,-0.0355564686156007,0.000788591289640497,4.09980245333919e-05,-0.00496009037400972,-0.000295147259637746,-6.87628041199646e-05,3.59731331096008e-05,-0.4,0.4,0.171422620481096,-0.4,0.4,0.15,-0.4,0.4,0.15,0,0,0,0,0.21803399815825,0.11743529961274,0.313468354125551,0.0220009436457127,1.07987017280737,0,0.274819558710275,0,0,0,0,0,0,0,0,0,0,0,0,0,0,0,0,0,4.90821038806061,5.02388489787435,4.6079270260176,5.32416825991736,0,0,0,0,0,0,0,0,0.511089479368918,0.993071754654533,0.536651024026823,0.967510209996626,0,2.00673697174233,0.33304048162162,0,0.530172367333586,1.59794321044848,0.524644257923644,1.54476587577124,0,2.61456519614286,0.379739159605616,0.755366764768642
443,-0.0600000001013112,0.130000000101316,0.0560427266055404,0.00999999990665429,0.00500000019190047,0.0475448468739244,-0.0178318187986106,-0.111824461838846,0.0548844951637064,0.77144266169538,-7.16801192195877e-06,4.28946329438559e-06,0.63632101334703,-0.014670618437974,-0.0513281402160353,0.0519973480968213,2.13690209842877e-14,-2.16794659083186e-14,-0.0205821367771659,2.52412472343885e-10,-2.71145129266525e-09,-2.14808384808808e-05,-0.075,0.0190964150848409,0.01936085793931,0.00243195550752759,0.000856291229542585,-0.172532655663207,-0.00810230143340046,0.00368603139757065,-6.82115179595257e-05,-0.4,0.4,0.15,-0.4,0.4,0.15,-0.4,0.4,0.15,0,0,0,0,0.218034006061647,0.117435294240409,0.313524772593476,0.0219445277083021,1.07583465726855,0,0.20429191620892,0,0,0,0,0,0,0,0,0,0,0,0,0,0,0,0,0,4.90357055903297,5.00294629174891,4.60731115538633,5.29920569539554,0,0,0,0,0,0,0,0,0.50377142903091,0.999576086000592,0.536239600008666,0.967107915022836,0,2.03006311391298,0.344160722463496,0,0.514541415067154,1.58757648701962,0.521070604871198,1.52789598210467,0,2.61942589827885,0.382143042436926,0.758586689596462
444,-0.0600000001013112,0.130000000101316,0.0555371562229346,0.00999999990692151,0.00500000019093926,0.0475439260911701,-0.0195820203629578,-0.1114439534948,0.0550641909356481,0.77341777930384,-6.57820670344421e-06,3.33745222107565e-06,0.633918924133437,-0.0149602891262724,-0.0511857522477084,0.0519972259305677,2.13569209329559e-14,-2.16746668041286e-14,-0.0299281649166698,-5.02140205399634e-10,-2.74617232717707e-09,-3.25383078509223e-05,-0.075,0.0206481002733299,0.00298156042683561,0.00121038935680861,0.000385253704917475,-0.44416552518826,-0.0206853546104273,0.00996791467079865,-3.31399107383048e-05,-0.4,0.4,0.15,-0.4,0.4,0.15,-0.4,0.4,0.15,0,0,0,0,0.218034007064346,0.117435293477567,0.31354152646435,0.0219277740775336,0.991209884734251,0,0.22299091253819,0,0,0,0,0,0,0,0,0,0,0,0,0,0,0,0,0,4.88394777117166,4.97955133156556,4.58747749894408,5.27602160379314,0,0,0,0,0,0,0,0,0.506942743630091,0.993557422143657,0.538058358701345,0.962441807072404,0,2.04966530329565,0.366931215760695,0,0.499719287945492,1.57625434801677,0.496953814192904,1.51732815678703,0,2.63812667350877,0.387518336234591,0.756280632297944
445,-0.0600000001013112,0.130000000101316,0.0549518775475649,0.0099999999095242,0.00500000019092278,0.0475430261399738,-0.0213141927578863,-0.111009632760483,0.055200430223636,0.777168822853785,-6.78131773508501e-06,4.63533345678979e-06,0.629314758113611,-0.0155103590281572,-0.0509098415126777,0.0519973646533592,2.13530693570184e-14,-2.16096507568114e-14,-0.0286063134861288,-1.08858980443036e-09,-2.02936383306177e-09,7.30748736331102e-06,-0.075,0.0238692000120125,0.005434977845787,0.0061455554841722,0.000242778367665564,-0.750250428657015,-0.0346807411416885,0.0173567169087053,-0.000224752388566999,-0.4,0.4,0.15,-0.4,0.4,0.15,-0.4,0.4,0.15,0,0,0,0,0.218034007225008,0.117435293779163,0.313481154281455,0.0219881467229384,0.906915671121333,0,0.218047091232275,0,0,0,0,0,0,0,0,0,0,0,0,0,0,0,0,0,4.85976332147669,4.95390606672041,4.56798013135425,5.24568925684284,0,0,0,0,0,0,0,0,0.510303999396302,0.983317597130138,0.538382724861208,0.955238871665233,0,2.07050123907346,0.392624446356596,0,0.483874075231167,1.56173179586913,0.470595726552805,1.50513894533426,0,2.65549088561522,0.39470864726143,0.754536543921264
446,-0.0600000001013112,0.130000000101316,0.0544545687708917,0.00999999991135473,0.00500000019397715,0.0475421242328631,-0.0229867461347754,-0.110529955893126,0.055222235162627,0.782386060350556,-6.81938705560325e-06,4.23920668873712e-06,0.622816862549575,-0.0162768581085553,-0.0505138758037809,0.051997309522328,2.13709746268625e-14,-2.16356591693219e-14,-0.0211617917619247,-1.99178250050433e-09,-4.46764391344181e-09,-7.25469404327665e-06,-0.0749999999999999,0.0248827196817178,0.000870676442302224,0.00336447859672206,-0.000352142048503639,-0.875893941993213,-0.0402151311717084,0.0206366727706997,-0.000126485515926559,-0.4,0.4,0.15,-0.4,0.4,0.15,-0.4,0.4,0.15,0,0,0,0,0.218034010418288,0.117435289983346,0.313503217938478,0.0219660824630511,0.91642746900986,0,0.224978454601993,0,0,0,0,0,0,0,0,0,0,0,0,0,0,0,0,0,4.84480190619534,4.93834092278301,4.55751578650194,5.2256270424764,0,0,0,0,0,0,0,0,0.513203848401864,0.978647279872837,0.538729454866627,0.953121673408076,0,2.07810547698762,0.405527078224074,0,0.475381663061975,1.55021503435081,0.446217859718095,1.49596099968065,0,2.65801152166443,0.396433321089579,0.75336868321844
447,-0.0600000001069852,0.130000000111373,0.0540202377311414,0.0099999998426754,0.00500000022768674,0.0475412366068723,-0.0246223200805231,-0.110032642680311,0.0552278409124544,0.787642829762129,-7.10752766060239e-06,4.47996626743026e-06,0.616155763179145,-0.0170512454361716,-0.0501005584152939,0.0519973354840313,-4.0192692436948e-11,-6.83347646891911e-12,-0.0222657944014111,-1.44832711701221e-09,-3.4762762644206e-09,-2.60508159974748e-05,-0.0749999999970948,0.0252174652284836,0.000373364429817007,0.00146795612926965,-0.000371707691711752,-0.862375175641736,-0.0392590691446098,0.0209400444936631,-5.89917099432489e-05,-0.40000002391094,0.399999995949496,0.150000000042456,-0.400000019785895,0.399999997796175,0.150000000651185,-0.156720326942379,0.399999988215874,0.149999999721032,0,0,0,0,0.218034012741837,0.1174352616158,0.313531682079336,0.0219375922999583,0.6222985525263,0,0.233317687210459,0,0,0,0,0,0,0,0,0,0,0,0,0,0,0,0,0,4.60955326515825,4.84691417494579,4.41821404566159,5.03825339444245,0,0,0,0,0,0,0,0,0.484419199590301,0.812710107183385,0.431911133704589,1.41013030993176,0,2.02956453747524,0.447588673215028,0,0.463063809472696,1.52424048266653,0.300024912441414,1.54219816508407,0,2.81656147698237,0.460783666565593,0.824989939000001
448,-0.0600000001275098,0.130000000124981,0.0541156122356688,0.00999999982218302,0.00500000022213301,0.0475403705822314,-0.025886182155481,-0.10962961822192,0.0552275025986399,0.791703195061344,-6.22406180546557e-06,3.25748906882317e-06,0.610929968196389,-0.0176508018489007,-0.0497702556164153,0.0519971387149885,-6.73767581855158e-11,-1.52539458803097e-11,0.0315342413637536,-6.97016838393202e-10,-1.89254390301702e-09,-1.72091852151209e-05,-0.0482244053912789,0.0153509175156541,-1.72001677275611e-05,0.00029143659764673,-0.000183285952453185,-0.504475938226103,-0.0228346935233972,0.0125170024436565,4.52292266653391e-06,-0.400000040048869,0.399999990969844,0.15000000027728,-0.400000034092231,0.399999993653511,0.150000001051554,-0.189661611276357,0.399999977367866,0.149999999377231,0,0,0,0,0.218034023742556,0.117435262033864,0.313518288428954,0.0219509972537806,0.559210346674882,0,0.139137244016336,0,0,0,0,0,0,0,0,0,0,0,0,0,0,0,0,0,4.64762015755058,4.95564967465645,4.48001010472877,5.12325972747827,0,0,0,0,0,0,0,0,0.669675699168247,0.864410930408875,0.547956484328289,0.986130145248827,0,1.92290848242562,0.457688985085541,0,0.520144983499946,1.52417705872781,0.18022258106382,1.60774364786666,0,2.67340788367046,0.346310895118348,0.708179304635744
449,-0.0600000003000119,0.130000000269422,0.0543493304348921,0.00999999991324006,0.00500000009831082,0.0475396250872303,-0.0265068971422091,-0.109426950365749,0.0552290423520309,0.793686215343714,-7.63960179596276e-06,5.94601537608399e-06,0.608351563483136,-0.0179444234485708,-0.0496058380013052,0.0519974771618324,7.89827065253419e-11,4.13175395975742e-11,-0.00796492876859851,2.35640455471645e-10,5.58847497638755e-10,-7.68320442962645e-05,-0.0143732003892527,0.00478839967848216,5.50058248868151e-05,-0.000427135735362794,0.000253353000554761,-0.150529081522262,-0.00678947398315424,0.00387090645297148,-1.3499731077625e-05,-0.399999953043803,0.400000024560407,0.150000001552522,-0.399999963455854,0.400000019033141,0.149999999244014,0.202559552885793,0.400000041964614,0.1500000016874,0,0,0,0,0.218033795492025,0.117435520628283,0.313608645258899,0.0218606708709465,0.0274606023667399,0.360572105621502,0.0776225006830254,0,0,0,0,0,0,3.68985946933172,0,0,0,0,0,0,0,0,0,0,4.92631310962295,5.29499509009659,4.80311018541772,5.41819801430183,0,0,0,0,0,0,0,0,0.703979460938226,0.708473646414084,0.533272770248831,0.879180337103478,0,0,0.446061722189825,0,0.533598258023462,1.36119738594828,0,1.49310049669503,0,2.36947984185078,0.314484099217707,0.582784506189473
450,-0.0600000001013111,0.130000000101316,0.0547307218007003,0.00999999994497236,0.0050000001987594,0.047538501936826,-0.0255963522765364,-0.109674048888874,0.0550752816372684,0.793453043131844,1.21850805954972e-06,7.41265447014353e-06,0.608655652292046,-0.0179084281149481,-0.0496255387984218,0.0519970140899169,-2.03537238733411e-14,-1.54681723723999e-14,0.0458350411719969,-1.54078212792879e-09,1.6129886887376e-09,-5.46522122431539e-05,0.0750000000000001,-0.0229074880519077,-0.0167698422946006,-0.000291167356912974,0.000105588895964465,0.0679453830253919,0.00315203475741162,-0.00163304039281969,3.65526011211819e-06,-0.4,0.4,0.15,0.4,0.4,0.15,0.4,0.4,0.25,0,0,0,0,0,0,0,0,0,0.721768108944602,0,0.0668708375386631,0,0,0,0,0,0,0,0,0,0,0,0,0,0,0,0,5.19381757225711,5.86443018026362,5.38938432745119,5.66886342506953,0,0.421463054499286,0,0,0,0,0,0,0.84389788060194,0,0.413104369716724,0.495714641519175,0.363635423298845,0.622291214182208,0.985039711239514,0,0.329953348918501,0.617739655750843,0,1.93206211052723,0,2.15275306413667,0.485660437530572,0.539140193383927
451,-0.0600000001013112,0.130000000101316,0.0551831128712477,0.00999999994012762,0.00500000021064452,0.0475405796117398,-0.0239458549553472,-0.110128521414481,0.055222676305989,0.79228260599259,-5.67401149080118e-07,3.77771675879758e-06,0.61017844045684,-0.0177344515741636,-0.0497219564091085,0.0519979711281336,-1.34711676873869e-14,-2.15210780502144e-14,-0.000364891359968606,-1.12026639480977e-09,3.52614995871241e-09,-1.88766266190445e-05,0.0750000000000001,-0.0234250826069576,0.0181701169770288,-0.000171497501283431,0.000289825370537499,0.353140305449867,0.0160122339202564,-0.00864810726102474,-4.60770065070856e-05,-0.4,0.4,0.15,0.4,0.4,0.15,0.4,0.4,0.25,0,0,0,0,0,0,0,0,0,0.778466807879289,0,0.0337034689717366,0,0,0,0,0,0,0,0,0,0,0,0,0,0,0,0,5.21876978504623,5.88109123918154,5.41135311564309,5.68850790858468,0,0.414986279376027,0,0,0,0,0,0,0.844313066989193,0,0.417113811408038,0.499831833035641,0.370052862540911,0.623876456181695,0.982752700832463,0,0.328850079554302,0.611463694589518,0,1.91327314082862,0,2.1360485868286,0.481684724094787,0.535612724327961
452,-0.0600000001013112,0.130000000101316,0.0555202309534015,0.00999999993755976,0.00500000020952058,0.0475413901644014,-0.0222763884127195,-0.110594713069803,0.055528133888603,0.789085023479619,-1.30799392610311e-06,3.96688684137016e-06,0.614308085384247,-0.0172618782847491,-0.0499833870559097,0.0519980171464688,-1.34566313948969e-14,-2.15298017702384e-14,0.0339053573423135,-1.18891394285768e-09,3.14669453574031e-09,6.27966458525613e-05,0.0750000000000001,-0.023705975977231,0.00974226216508541,0.00349385363817221,2.08577882361816e-05,0.690196464810981,0.0313464341935227,-0.0169220809838824,-0.000137356079216972,-0.4,0.4,0.15,0.351174848959489,0.4,0.15,0.4,0.4,0.25,0,0,0,0,0,0,0,0,0,0.843463301191797,0,0,0,0,0,0,0,0,0,0,0,0,0,0,0,0,0,0,5.2529085690341,5.90469813054848,5.44165936320157,5.71594733638102,0,0.405132657659654,0,0,0,0,0,0,0.840691815449841,0,0.418621895246381,0.504195705346697,0.373862481390083,0.622442507842414,0.973075936849069,0,0.327158725401576,0.604013389660929,0,1.88851160785196,0,2.10678384488766,0.473680165704315,0.530979337997608
453,-0.0600000001013112,0.130000000101316,0.0558848809516878,0.00999999993477278,0.00500000020512366,0.0475422661082095,-0.020566105351374,-0.111063390055675,0.0556015951560072,0.784120754890366,-5.27261563547779e-08,3.23121604727152e-06,0.620632390683054,-0.0165300077712607,-0.0503783222152117,0.0519979028037329,-1.34531966273983e-14,-2.15261353126602e-14,0.00271559664102491,-7.38401283991315e-11,5.23112977088693e-09,6.85417837014979e-05,0.0750000000000001,-0.023385279526218,0.00231100902453782,0.00532245412440617,0.000545726663829085,0.870652375499009,0.0398761301118335,-0.0207143471397965,-0.000207814781148928,-0.4,0.4,0.15,0.295407116168649,0.4,0.15,0.4,0.4,0.25,0,0,0,0,0,1.41219718861713,0,0,0,0.910420908416607,0,0,0,0,0,0,0,0,0,0.0225269692492316,0,0,0,0,0,0,0,0,5.28708340033171,5.92710114278996,5.47030272233653,5.74388182078515,0,0,0,0,0,0,0,0,0.827372034377972,0,0.413368821481568,0.504858403480862,0.367576366429497,0.61550992502801,0.951842295709588,0,0.326766888020078,0.602337926187529,0,1.86945266667248,0,2.07970820657883,0.465055889136163,0.52890799156652
454,-0.0600000001013111,0.130000000101316,0.0562070679495871,0.00999999993313838,0.0050000002045885,0.0475432123953622,-0.0188164335733309,-0.111516931490315,0.0556400466264252,0.778801002736643,-2.57336501654823e-08,3.16999904592461e-06,0.627295213015979,-0.015747492199773,-0.0507866214130365,0.0519978985760946,-1.74552743426158e-14,-3.05068938965399e-14,0.0293698356767398,3.36947732312937e-11,5.23745836396739e-09,7.3114223271608e-05,0.075,-0.0220993426975482,0.0024881112602792,0.00571380676860516,0.000637174621816184,0.866459462329249,0.0400021588175894,-0.0200740910501283,-0.000222352062281533,-0.4,0.4,0.15,0.1213984924441,0.232515934020811,0.15,0.4,0.4,0.25,0,0,0,0,0,1.47510869169348,0,0,0,0.962223993994414,0,0,0,0,0,0,0,0,0,0.177396614925561,0,0,0,0,0,0,0,0,5.33482078629882,5.96923089808149,5.51443102329589,5.78962066108442,0,0,0,0,0,0,0,0,0.803329242523291,0,0.39605619993355,0.504344209253861,0.357200842818119,0.596274071664384,0.908528729567106,0,0.33453941042295,0.600151888535803,0,1.84879340912746,0,2.03909343037364,0.453008522100062,0.534757282153784
455,-0.0600000001013111,0.130000000101316,0.0565861545122061,0.009999999931645,0.00500000020436189,0.0475441721261981,-0.0170610096373782,-0.111943948240728,0.0556813575841954,0.773460121641917,2.10434039758903e-09,3.10831273390508e-06,0.633869138804809,-0.0149638744152858,-0.0511817505499695,0.0519978927476832,2.12071050339848e-14,1.17185408301727e-13,0.00864245229875945,1.19058061353072e-10,4.99162104601778e-09,7.66351291445572e-05,0.075,-0.0207883217712574,0.00266403295179313,0.00605506428806329,0.000710827433357354,0.859838134426959,0.0399992827957325,-0.0194030041962989,-0.00023620676534576,-0.4,0.4,0.15,-0.0842589437162355,0.0247320866281272,0.15,0.4,0.4,0.25,0,0,0,0,0,1.54056945358335,0,0,0,1.0080985332955,0,0,0,0,0,0,0,0,0,0.307835478439976,0,0,0,0,0,0,0,0,5.37905645791375,6.01416998182719,5.5578995019765,5.83532693776444,0,0,0,0,0,0,0,0,0.783552682679746,0,0.378742095866751,0.507703050064114,0.35031831929665,0.576452081002588,0.865030389469205,0,0.345263032454573,0.596854145862483,0,1.83426639584078,0,1.99957697390943,0.439469415095019,0.542973017590411
456,-0.0600000001013111,0.130000000101316,0.0569374186872864,0.00999999993016362,0.00500000020411628,0.0475451453496301,-0.015300357785045,-0.112344310392612,0.0557255429071772,0.768100852747728,2.43478502994226e-08,3.05433043579527e-06,0.640353089145766,-0.014179598238423,-0.05156376141288,0.0519978876043738,2.09980692698155e-14,1.16934264797678e-13,0.026395201427723,2.18622080432757e-10,4.74934564799561e-09,8.00363246952302e-05,0.075,-0.0194696103068024,0.002839165882779,0.00636920998895701,0.000794323329315876,0.853411790783889,0.0399927495045688,-0.0187435553714,-0.000248970691562617,-0.4,0.4,0.15,-0.30105684204887,-0.194716325220615,0.15,0.4,0.4,0.25,0,0,0,0,0,1.60907090498334,0,0,0,1.04775664171853,0,0,0,0,0,0,0,0,0,0.449218669072856,0,0,0,0,0,0,0,0,5.42497688259606,6.06223345372193,5.6036401842435,5.88357015207449,0,0,0,0,0,0,0,0,0.764139629965456,0,0.361038028114967,0.511073191458355,0.343488125845126,0.554930241391838,0.820175332017596,0,0.357291246665899,0.593090666449923,0,1.81955657626641,0,1.95849120252351,0.425505600836694,0.551183459942769
457,-0.0600000001013111,0.130000000101316,0.057300882801148,0.00999999992870405,0.00500000020388815,0.0475461316195731,-0.0135345025680567,-0.112717978680967,0.055772645983689,0.762723500455015,4.01122748570009e-08,3.00854728539393e-06,0.646748954225234,-0.0133947399731467,-0.0519328550646932,0.0519978831206563,1.20355867215133e-14,1.31997508907056e-13,0.010033022781481,3.29560614144848e-10,4.50145897670222e-09,8.33369872092503e-05,0.075,-0.018143901808512,0.00301371573620625,0.00665899746508314,0.000886330665770896,0.847197944123809,0.0399837525265469,-0.0180966903188708,-0.000260739582885006,-0.4,0.4,0.15,-0.4,-0.300781346696299,0.15,0.313205665205301,0.4,0.25,0,0,0,0,0,1.63534281032087,0,0,0,0.952739975671443,0,0,0,0,0,0,0,0,0,0.567107396456424,0,0,0,0,0,0,0,0,5.47305065247529,6.09599653792181,5.64393631574253,5.92511087465458,0,0,0,0,0,0,0,0,0.737704053748012,0,0.346084128331915,0.51548490412671,0.33288516186711,0.541550957054334,0.775315615464575,0,0.361420779289388,0.59317759205449,0,1.79999390828199,0,1.91879015029094,0.410577849794891,0.556887608011807
458,-0.0600000001013111,0.130000000101316,0.0576202611568275,0.00999999992726233,0.00500000020366868,0.0475471306106165,-0.0117634582267559,-0.113064909747452,0.0558227144210423,0.757328203289648,4.98293671910607e-08,2.97025292731259e-06,0.653058714896608,-0.0126093526793998,-0.0522892372540686,0.0519978792599715,-2.77675875414487e-14,1.29756192536426e-14,0.0218457481919091,4.52384933731872e-10,4.24860054890955e-09,8.65662506814989e-05,0.075,-0.0168109697744627,0.00318791471266132,0.00692666088010318,0.000985843160361407,0.841213440182095,0.0399736666825767,-0.0174623837998671,-0.0002715993702637,-0.4,0.4,0.15,-0.4,-0.312025474974799,0.15,0.173176764257258,0.4,0.25,0,0,0,0,0,1.6253370370339,0,0,0,0.856105133596438,0,0,0,0,0,0,0,0,0,0.643220136496745,0,0,0,0,0,0,0,0,5.52175760518265,6.12090436067056,5.67976395092141,5.9628980149318,0,0,0,0,0,0,0,0,0.704921159420078,0,0.331521874134769,0.517091603157398,0.318373143079123,0.532176286044354,0.730884973741795,0,0.362781031894786,0.598342437729543,0,1.7790635908451,0,1.88375876854302,0.399623977651268,0.56343544380437
459,-0.0600000001013111,0.130000000101316,0.05792441317152,0.00999999993635485,0.00500000020051383,0.0475481453459303,-0.0100020804748435,-0.113384967957829,0.055875697028724,0.751916694000216,-4.17474396120543e-07,3.07991562477336e-06,0.6592824266036,-0.0118237162482349,-0.0526331361846293,0.0519979082612801,-7.86303070604593e-15,-2.09488817444207e-14,0.00863550481008885,3.58383647293891e-08,-1.01887289456003e-08,0.000141224150956912,0.0208165164636448,-0.0148799034414514,0.00315820895828052,0.00623318975442708,-0.000887868974192245,0.803418772125917,0.0384466908578794,-0.0170130298668687,-0.000253711272379411,-0.4,0.4,0.15,-0.4,0.4,0.15,0.064830962645009,0.4,0.25,0,0,0,0,0,0,0,0,0,0.608169863263753,0,0,0,0,0,0,0,0,0,0.783291026834456,0,0,0,0,0,0,0,0,5.53090050554446,6.08074849400268,5.66325368379926,5.94839531574788,0,0.901313853034127,0,0,0,0,0,0,0.649356912352093,0,0.312922112547992,0.505557262647607,0.278512518435904,0.537399729237106,0.691574436809482,0,0.344346959696939,0.623984286233921,0,1.7567009781584,0,1.87354867200595,0.39693954202222,0.568824576386053
460,-0.0600000001013111,0.130000000101316,0.0582298182805972,0.00999999991467449,0.0050000001988798,0.0475674370616476,-0.00999999991493676,-0.113398171910966,0.0559543243542892,0.750945574063383,-3.31297968195397e-06,1.97132305713197e-06,0.660388382252299,-0.0116599204325542,-0.0526967201458396,0.0519979743405583,-1.34668521099298e-14,-2.15555957325535e-14,0.0218389883740872,-1.32203345189531e-09,-1.07543052282294e-10,-5.22007741864416e-05,1.62393522507012e-09,-0.000115745266554157,-0.000113228970602908,0.000592542743977098,8.93947653100268e-05,-7.57293564489559e-05,4.84343661045899e-06,-2.41723701469081e-05,-0.000125015368073548,-0.4,0.4,0.15,-0.4,-0.347679081649718,0.15,0.2240746134291,0.4,0.25,0,0,0,0,0,1.59358519412896,0,0,0,0.805363508377153,0,0,0,0,0,0,0,0,0,0.620787418692644,0,0,0,0,0,0,0,0,5.56825810434082,6.13783043600177,5.71109627748821,5.99499226285438,0,0,0,0,0,0,0,0,0.645718737797765,0,0.297978350939287,0.507235551676032,0.281104661892365,0.510538475057291,0.659067350804365,0,0.35766541502779,0.607190607443399,0,1.7416112598137,0,1.82882109773125,0.381059717659731,0.570225539145794
461,-0.0600000001013111,0.130000000101316,0.0584693340866417,0.0099999999136225,0.00500000020073942,0.0475683217704313,-0.00999999991413945,-0.113397943015711,0.0559552450917198,0.750946593188909,-3.52891859132788e-06,2.19735764677381e-06,0.660387223373396,-0.011659915073343,-0.0526965306410587,0.0519979934555352,5.19970463109867e-15,-7.00177862266127e-15,0.00221073402038003,7.93249697347682e-11,3.46506276717212e-11,5.18735604582481e-05,-9.52318909878902e-11,6.210219877822e-06,4.9592065018885e-05,1.37060332978322e-05,-3.77398578494032e-06,-0.000153211458866456,-9.54674753413759e-09,5.77983461494729e-06,6.43286793946117e-06,-0.4,0.4,0.15,-0.4,-0.347737017079858,0.15,0.224188087951282,0.4,0.25,0,0,0,0,0,1.59357889272091,0,0,0,0.805536891091336,0,0,0,0,0,0,0,0,0,0.619811498342069,0,0,0,0,0,0,0,0,5.5674550736817,6.13736769311753,5.71036093956393,5.99446182723529,0,0,0,0,0,0,0,0,0.646770546054274,0,0.29871228582427,0.508561627002423,0.280799906270058,0.510499514418023,0.658758466164028,0,0.357815179763253,0.607614853299528,0,1.74182114586741,0,1.82942801027682,0.379853132567165,0.569602408357007
462,-0.0600000001013111,0.130000000101316,0.0586620801683383,0.00999999991378248,0.00500000020128227,0.047569221391149,-0.00999999991422864,-0.113397887241454,0.0559560994616742,0.750947600402326,-3.42627589143436e-06,2.09574451447e-06,0.660386078039207,-0.0116599144350637,-0.0526964419464121,0.0519979894146394,6.20690085591149e-15,-1.00148813593271e-14,0.0169899779306559,1.37274730423933e-12,2.13934145996968e-11,4.44618536534469e-05,1.38331360402378e-12,2.49023891985761e-06,4.30937059864838e-05,6.75908655261969e-06,-4.68697326226403e-07,-0.000153524114310366,-3.13159272485008e-08,3.94717899393875e-06,-1.93197470632069e-07,-0.4,0.4,0.15,-0.4,-0.346802049581534,0.15,0.222837486510259,0.4,0.25,0,0,0,0,0,1.59439910514749,0,0,0,0.803463131517085,0,0,0,0,0,0,0,0,0,0.622553204104354,0,0,0,0,0,0,0,0,5.56754013474894,6.13736793150469,5.71008647475857,5.99482159149505,0,0,0,0,0,0,0,0,0.647248145828,0,0.29934384084533,0.509647195391541,0.280003546754206,0.510191237001219,0.657838376212357,0,0.358539860214175,0.608819928010547,0,1.74165258978022,0,1.82964056575737,0.379176279373212,0.569387256370062
463,-0.0600000001013111,0.130000000101316,0.0588606886777779,0.00999999991385218,0.00500000020158058,0.0475701123594215,-0.00999999991426881,-0.113397847538519,0.0559569669940741,0.750948617443161,-3.38650193739626e-06,2.05443379682182e-06,0.66038492152583,-0.0116599160068447,-0.0526963729848567,0.0519979897984029,-1.71752618824582e-14,-2.0091243787342e-14,0.00294111731637217,2.61182886321374e-12,1.0376928174205e-11,4.43816372810328e-05,-1.49454593601627e-12,1.59421847608266e-06,4.34288333585045e-05,4.22474883523613e-06,-3.44657473979899e-07,-0.000154391142378869,-1.11699680778044e-07,3.07924837850722e-06,-5.92544648032364e-09,-0.4,0.4,0.15,-0.4,-0.346322196637188,0.15,0.221781428469707,0.4,0.25,0,0,0,0,0,1.59486197107594,0,0,0,0.801841651896113,0,0,0,0,0,0,0,0,0,0.623401378318791,0,0,0,0,0,0,0,0,5.56740620278134,6.13716737658613,5.70983857120775,5.99473500815971,0,0,0,0,0,0,0,0,0.647613898161068,0,0.299726616162534,0.510527662347802,0.279432672208859,0.50997117851372,0.657101063504134,0,0.358599786442718,0.609225591101875,0,1.74142693851663,0,1.82979868400104,0.37813060096293,0.568844348793905
464,-0.0600000001013111,0.130000000101316,0.059023587455392,0.00999999991388809,0.00500000020173287,0.0475709979683743,-0.00999999991428872,-0.113397820176346,0.0559578368856016,0.750949638757507,-3.36555186844346e-06,2.03276397655798e-06,0.660383760149115,-0.0116599186661622,-0.0526963159163031,0.0519979897719983,-1.93174412093889e-14,-2.05358141986118e-14,0.0132969811259415,1.27070000058071e-12,5.37224017403239e-12,4.42037010280071e-05,-7.10645196142261e-13,1.18279082910024e-06,4.35431384591559e-05,2.10769772030647e-06,-1.72581867308465e-07,-0.000154859423190332,-1.49993208661561e-07,2.67092378427251e-06,1.53759106394165e-09,-0.4,0.4,0.15,-0.4,-0.345353789554055,0.15,0.22023005682184,0.4,0.25,0,0,0,0,0,1.59571842470549,0,0,0,0.799459794030644,0,0,0,0,0,0,0,0,0,0.626188523847011,0,0,0,0,0,0,0,0,5.56759177444741,6.13717645739913,5.70929926190812,5.99546896993841,0,0,0,0,0,0,0,0,0.647836166157296,0,0.30015614600055,0.511358509917338,0.278687043720659,0.509679480591508,0.656195705862535,0,0.359131643286205,0.610201218219194,0,1.7411848100413,0,1.82991600192261,0.377529752022515,0.568654977877163
465,-0.0600000001013111,0.130000000101316,0.0591734910711521,0.00999999991390667,0.00500000020181108,0.0475718809976119,-0.00999999991429909,-0.113397798950315,0.0559587082993368,0.750950662281181,-3.35481788582556e-06,2.02164845893674e-06,0.660382596256367,-0.0116599218861667,-0.0526962648729482,0.0519979897734496,-2.05190887343524e-14,-2.11251370090816e-14,0.00175110980666458,6.58227431975203e-13,2.75643397495839e-12,4.41107169033972e-05,-3.67213853124545e-13,9.65407254944693e-07,4.35936499265169e-05,1.08571448721394e-06,-8.95078960268392e-08,-0.00015509158514567,-1.69725676286977e-07,2.45817353944075e-06,-1.48193558666056e-10,-0.4,0.4,0.15,-0.4,-0.344565662826872,0.15,0.218556502665535,0.4,0.25,0,0,0,0,0,1.59644860107453,0,0,0,0.796890383456309,0,0,0,0,0,0,0,0,0,0.628276617047007,0,0,0,0,0,0,0,0,5.56781613783995,6.13713646354186,5.70681173905607,5.99814086232574,0,0,0,0,0,0,0,0,0.647817124505968,0,0.300347845766581,0.511948945819332,0.278022442125248,0.509402241817151,0.655302913528912,0,0.35926411315499,0.610708898897147,0,1.74096203317183,0,1.82995033452077,0.376782395203064,0.568318509205559
466,-0.0600000001013111,0.130000000101316,0.0592103262395434,0.0099999999139163,0.00500000020185127,0.0475727626897804,-0.00999999991430447,-0.11339778088127,0.05595958047574,0.750951686901546,-3.3493072941895e-06,2.01593716674768e-06,0.660381431112835,-0.0116599253935669,-0.0526962169258096,0.0519979897734466,3.43195220189958e-14,1.38263894964183e-14,0.00193150505621983,3.36892049436239e-13,1.41622293605503e-12,4.40638194592187e-05,-1.96356873531457e-13,8.54183834151525e-07,4.36207207250094e-05,5.57879859834901e-07,-4.66093459135223e-08,-0.000155205311316234,-1.79844478931606e-07,2.3490573857815e-06,1.18349798230346e-11,-0.4,0.4,0.15,-0.4,-0.343803066143014,0.15,0.217245980784608,0.4,0.25,0,0,0,0,0,1.59713638586217,0,0,0,0.794878329715063,0,0,0,0,0,0,0,0,0,0.630196025638822,0,0,0,0,0,0,0,0,5.56780636593623,6.13696921711964,5.70603766163471,5.99873792142116,0,0,0,0,0,0,0,0,0.647586752629081,0,0.300288612116973,0.512073016568508,0.277672419693618,0.50932064146507,0.654863260810584,0,0.359375602686287,0.611081591027623,0,1.74107506457669,0,1.83015251092025,0.37668099415273,0.568407632034382
467,-0.0600000001013111,0.130000000101316,0.0592222696334195,0.00999999991392131,0.00500000020187193,0.047573643696314,-0.0099999999143073,-0.113397764435046,0.0559604530439325,0.75095271204539,-3.34647651562581e-06,2.01299868774812e-06,0.660380265370362,-0.0116599290483064,-0.0526961705703043,0.0519979897734638,3.15839946671594e-14,1.29283084976069e-14,-0.00072388869982189,1.80101392000455e-13,7.27864952651151e-13,4.40396280115679e-05,-9.81191384187681e-14,7.97018374484293e-07,4.36345110541767e-05,2.868691618875e-07,-2.45721702434035e-08,-0.000155257776990022,-1.85029439212225e-07,2.29294080515094e-06,7.38017916960303e-14,-0.4,0.4,0.15,-0.4,-0.343124079369945,0.15,0.216232298992808,0.4,0.25,0,0,0,0,0,1.59775634925816,0,0,0,0.793322006464311,0,0,0,0,0,0,0,0,0,0.63153217230223,0,0,0,0,0,0,0,0,5.56757437673037,6.13667657823841,5.70554567718211,5.99870527778667,0,0,0,0,0,0,0,0,0.647366000038915,0,0.30015544206734,0.512084467015447,0.277467812517062,0.509324481610397,0.654633335062638,0,0.359376731176595,0.611288041127475,0,1.74133179623652,0,1.83045693080822,0.376671386629088,0.568545770719651
468,-0.0600000001013111,0.130000000101316,0.0592224110474967,0.00999999991392396,0.00500000020188257,0.0475745243502286,-0.0099999999143088,-0.113397748822562,0.055961325812991,0.750953737417849,-3.34502198349796e-06,2.01148435623308e-06,0.660379099364258,-0.0116599327784947,-0.0526961250337025,0.0519979897734738,2.91612554428286e-14,1.20637017595405e-14,0.000730756879642364,9.5506755148566e-14,3.76104019361469e-13,4.40271892900052e-05,-5.66665694643301e-14,7.67611488920464e-07,4.3641576556105e-05,1.47814766720132e-07,-1.32531667802108e-08,-0.000155278727478199,-1.87681366472999e-07,2.2640318123605e-06,3.18271054432522e-13,-0.4,0.4,0.15,-0.4,-0.341921318964381,0.15,0.213683536951521,0.4,0.25,0,0,0,0,0,1.59882776178641,0,0,0,0.789408961553908,0,0,0,0,0,0,0,0,0,0.634881513756302,0,0,0,0,0,0,0,0,5.56825857910029,6.13672834167942,5.70592140768648,5.99906551309323,0,0,0,0,0,0,0,0,0.646348435853987,0,0.299660264021936,0.511691847487034,0.27688947927039,0.50908519091211,0.653757753757915,0,0.359200865028866,0.611428525628288,0,1.74082350420248,0,1.83013153929974,0.376626157411643,0.568625791919038
469,-0.0600000001013111,0.130000000101316,0.0592230965747183,0.00999999991392539,0.00500000020188806,0.0475754048225249,-0.00999999991430964,-0.113397733639236,0.0559621986848206,0.750954762867224,-3.34427386848125e-06,2.01070107702468e-06,0.660377933267031,-0.0116599365472184,-0.0526960799194788,0.0519979897734789,2.57221063116554e-14,1.07262818191216e-14,-0.000655274003068329,5.46980955363875e-14,1.9540799723008e-13,4.40207721278909e-05,-3.00259765732896e-14,7.52459386625952e-07,4.36451870045292e-05,7.64228814499719e-08,-7.44110657744396e-09,-0.00015528348651356,-1.89032938138029e-07,2.24909218322647e-06,1.51536375915685e-13,-0.4,0.4,0.15,-0.4,-0.341595927121383,0.15,0.213884180114875,0.4,0.25,0,0,0,0,0,1.59913745021082,0,0,0,0.789716931135794,0,0,0,0,0,0,0,0,0,0.634803081686858,0,0,0,0,0,0,0,0,5.56728987936087,6.13615714564738,5.70506100879052,5.99838601621773,0,0,0,0,0,0,0,0,0.646709994141077,0,0.29977876293724,0.511946998044386,0.277007113724015,0.50930394497601,0.654089240441568,0,0.359385451729908,0.611726881719638,0,1.74173333632295,0,1.83095884566055,0.376786997399267,0.568910633768678
470,-0.0600000001013111,0.130000000101316,0.0592208976457603,0.0099999999139262,0.00500000020189091,0.0475762852009525,-0.00999999991431013,-0.113397718677326,0.0559630716090771,0.750955788315592,-3.34388842412094e-06,2.01029312787246e-06,0.660376767167297,-0.0116599403355281,-0.0526960350240635,0.0519979897734815,2.43995981964583e-14,1.01234229921782e-14,0.00042995496243898,3.13096996435921e-14,9.99688487839e-14,4.40174464074933e-05,-2.2386773451989e-14,7.44624162370179e-07,4.36470234992453e-05,3.97770188391328e-08,-4.45697002857083e-09,-0.000155279928897869,-1.89716936132966e-07,2.24132336151903e-06,9.12671949664441e-14,-0.4,0.4,0.15,-0.4,-0.342764269565378,0.15,0.21916025001656,0.4,0.25,0,0,0,0,0,1.59814186732631,0,0,0,0.797816928885093,0,0,0,0,0,0,0,0,0,0.628809302059389,0,0,0,0,0,0,0,0,5.56326098888836,6.13445275746286,5.70192427896969,5.99578946738153,0,0,0,0,0,0,0,0,0.64967366223063,0,0.301100825435115,0.513457060484805,0.27837555703509,0.510367601258548,0.656645671584796,0,0.360411929851149,0.612526911235454,0,1.74533104797906,0,1.83397946343418,0.377445407785738,0.569678705674582
471,-0.0600000001013111,0.130000000101316,0.0592210482927386,0.00999999991392669,0.0050000002018924,0.0475771655305506,-0.00999999991431042,-0.113397703830181,0.055963944559914,0.750956813722936,-3.34368918217604e-06,2.01007788740747e-06,0.66037560111056,-0.0116599441336954,-0.0526959902429503,0.0519979897734825,2.69596248097686e-14,1.09840248711511e-14,-0.000410687054519574,2.19912837904785e-14,5.55457688066514e-14,4.40157073656963e-05,-1.38468056144575e-14,7.40545344713769e-07,4.36479492384619e-05,2.09686309119181e-08,-2.92474554921077e-09,-0.000155272101158239,-1.90058204882312e-07,2.23723589096059e-06,5.67076058283296e-14,-0.4,0.4,0.15,-0.4,-0.340134088044866,0.15,0.211616469469435,0.4,0.25,0,0,0,0,0,1.60045867146312,0,0,0,0.786235306740015,0,0,0,0,0,0,0,0,0,0.637979420238844,0,0,0,0,0,0,0,0,5.5669646680739,6.13562737547823,5.70459343479479,5.99799860875733,0,0,0,0,0,0,0,0,0.646093535914623,0,0.29942018541549,0.511825378557926,0.276580129749931,0.509304571103776,0.653590464266361,0,0.359414511036024,0.612174424001646,0,1.74220811655163,0,1.83150750137337,0.376929175193651,0.56929889672431
472,-0.0600000001013111,0.130000000101316,0.0592185139942303,0.00999999991392701,0.0050000002018932,0.0475780458344755,-0.00999999991431065,-0.113397689043211,0.0559648175240467,0.750957839068691,-3.34358541608919e-06,2.00996144753392e-06,0.660374435120207,-0.0116599479367265,-0.0526959455225499,0.0519979897734839,2.01450053629577e-14,8.06802158717382e-15,0.000154431610369632,1.39183782570718e-14,3.17977712035721e-14,4.40147825121288e-05,-6.66029395010701e-15,7.38395181860463e-07,4.36484086804223e-05,1.1293896681899e-08,-2.13839428720051e-09,-0.000155262082962799,-1.90223622175126e-07,2.23503799358343e-06,-2.54111075308438e-14,-0.4,0.4,0.15,-0.4,-0.341380170670058,0.15,0.217293384840035,0.4,0.25,0,0,0,0,0,1.59939823713864,0,0,0,0.794950701430044,0,0,0,0,0,0,0,0,0,0.631483950524252,0,0,0,0,0,0,0,0,5.56266908214363,6.13380980990593,5.70126224224165,5.99521664980792,0,0,0,0,0,0,0,0,0.649250730298725,0,0.300821884158334,0.513421738111805,0.278045169990946,0.510436380518661,0.656324982309937,0,0.360481357636809,0.612991787373235,0,1.74600288751891,0,1.83469800886446,0.377615219252376,0.570095853997137
473,-0.0600000001013111,0.130000000101316,0.059218036979498,0.00999999991392725,0.00500000020189365,0.0475789261245519,-0.0099999999143108,-0.1133976742881,0.0559656904946914,0.750958864342348,-3.3435308350118e-06,2.00989591910619e-06,0.660373269208192,-0.0116599517420579,-0.0526959008352496,0.0519979897734839,2.28530424086459e-14,9.16699124767917e-15,-0.000200359129894718,5.6296875866591e-15,1.66383594396921e-14,4.40142767256337e-05,-9.56064081034218e-15,7.37234099388688e-07,4.36486264915535e-05,6.35176862593115e-09,-1.73416041042074e-09,-0.000155250938019464,-1.90298626085757e-07,2.2338101973335e-06,-2.2436073442899e-14,-0.4,0.4,0.15,-0.4,-0.338338078045106,0.15,0.208541908127935,0.4,0.25,0,0,0,0,0,1.60207514269149,0,0,0,0.781514969924148,0,0,0,0,0,0,0,0,0,0.642117417284553,0,0,0,0,0,0,0,0,5.56705869146982,6.13523262838417,5.70445463615586,5.99783668369812,0,0,0,0,0,0,0,0,0.645062605680585,0,0.298857705120605,0.511495347452171,0.27594772425409,0.509174625119241,0.652750258018418,0,0.359305625161297,0.612549275367975,0,1.7422651599805,0,1.83173297713519,0.377001652169895,0.569622545159933
474,-0.0600000001013111,0.130000000101316,0.0592157751697039,0.00999999991392744,0.0050000002018939,0.047579806406993,-0.00999999991431095,-0.11339765955101,0.0559665634682925,0.750959889538413,-3.34350104945143e-06,2.00985602418678e-06,0.660372103380761,-0.011659955548374,-0.0526958561671276,0.0519979897734853,-6.8365608540081e-15,-7.82118769512307e-15,-2.66901941964603e-05,5.82927113689929e-15,1.33986841309941e-14,4.401398386361e-05,-8.41415513871991e-15,7.3658254716616e-07,4.36487261658931e-05,3.73462123734053e-09,-1.52783492142208e-09,-0.000155239221379965,-1.90327590547371e-07,2.23307965414072e-06,-9.69687355040549e-14,-0.4,0.4,0.15,-0.4,-0.338229212766363,0.15,0.209432553058115,0.4,0.25,0,0,0,0,0,1.60219382325343,0,0,0,0.782882263796132,0,0,0,0,0,0,0,0,0,0.641295674790923,0,0,0,0,0,0,0,0,5.56566510818174,6.13450810396982,5.70331306902135,5.99686014313022,0,0,0,0,0,0,0,0,0.64578337256883,0,0.299144979642221,0.511922996236241,0.276237284991145,0.50951171951336,0.653391337185293,0,0.359634298897873,0.612947216098779,0,1.7435663302299,0,1.83288113301336,0.377261504853681,0.570001038769011
475,-0.0600000001013111,0.130000000101316,0.0592144330572385,0.00999999991392761,0.00500000020189407,0.0475806866846629,-0.00999999991431108,-0.113397644822954,0.0559674364432129,0.750960914654331,-3.34348516124589e-06,2.00983054809234e-06,0.660370937640822,-0.0116599593549989,-0.0526958115103539,0.051997989773488,1.25486442917175e-15,1.76959733449748e-14,-0.000107118908768412,6.22947042583292e-15,4.10539146255204e-15,4.40138079234452e-05,-7.17319647945323e-15,7.36188318009731e-07,4.36487489414618e-05,2.59042298274084e-09,-1.41848706535107e-09,-0.000155227194574222,-1.90331827438559e-07,2.23260696024829e-06,-4.98622238663616e-14,-0.4,0.4,0.15,-0.4,-0.338023883342522,0.15,0.208514642424249,0.4,0.25,0,0,0,0,0,1.60238751812284,0,0,0,0.781472980728714,0,0,0,0,0,0,0,0,0,0.64250849973313,0,0,0,0,0,0,0,0,5.56588854168192,6.13450962310218,5.70345055892245,5.99694760586164,0,0,0,0,0,0,0,0,0.645349343058532,0,0.298909421185968,0.511732864875019,0.275883091667482,0.509318230545826,0.652949996336513,0,0.359555550880659,0.613021264973351,0,1.74336734981885,0,1.83258542795914,0.377171491765814,0.569964360240517
476,-0.0600000001013111,0.130000000101316,0.059214891422537,0.00999999991392777,0.00500000020189418,0.0475815669594425,-0.00999999991431118,-0.113397630101929,0.0559683094182982,0.750961939688409,-3.34347509159041e-06,2.00981109957863e-06,0.660369771990303,-0.0116599631615779,-0.0526957668617985,0.0519979897734878,7.07049714844311e-16,1.4767301993636e-14,0.000151661536391206,9.08276200717189e-15,4.26230282441968e-15,4.40136782756678e-05,-1.05292033399678e-14,7.35935870839503e-07,4.36487541963722e-05,1.81428513464174e-09,-1.36666934000091e-09,-0.000155215033178222,-1.90324725691106e-07,2.23226619323596e-06,2.16045942459332e-14,-0.4,0.4,0.15,-0.4,-0.330221369328757,0.15,0.192160739006526,0.4,0.25,0,0,0,0,0,1.60946815500146,0,0,0,0.756362337583417,0,0,0,0,0,0,0,0,0,0.662708377437683,0,0,0,0,0,0,0,0,5.56385387979555,6.13094053403719,5.70004591407509,5.99474849975765,0,0,0,0,0,0,0,0,0.640808116595858,0,0.296207064406122,0.51197431616662,0.269820747576948,0.506961169166336,0.645769321566686,0,0.359641775715303,0.616730901246917,0,1.74719884427151,0,1.83128173574071,0.374577332657245,0.570395880475516
477,-0.0600000001013111,0.130000000101316,0.0592027534375571,0.00999999991392791,0.00500000020189427,0.0475824472321754,-0.00999999991431118,-0.113397615386423,0.0559691823931339,0.750962964639912,-3.34346776423083e-06,2.00979446511033e-06,0.660368606430037,-0.0116599669679462,-0.0526957222197974,0.0519979897734777,-1.86691893324415e-14,-2.85142198587925e-14,-0.00135791216587531,4.34421774700653e-15,4.38014890681478e-15,4.40135781998264e-05,-1.06313476643837e-14,7.35745331045671e-07,4.36487479786771e-05,1.30993279482805e-09,-1.33950657651724e-09,-0.000155202797983731,-1.90312001990237e-07,2.23198587410036e-06,3.34478323328741e-13,-0.4,0.4,0.15,-0.4,-0.346759595996411,0.15,0.222552128556569,0.4,0.25,0,0,0,0,0,1.59272571731687,0,0,0,0.802996751491559,0,0,0,0,0,0,0,0,0,0.597558099582515,0,0,0,0,0,0,0,0,5.56368123302778,6.1429924941902,5.70725630915979,5.9994174180582,0,0,0,0,0,0,0,0,0.652500737034195,0,0.299814344454468,0.50119104951113,0.273722076583219,0.500157603296491,0.661720366322818,0,0.361482370539224,0.60842404825902,0,1.74880546373774,0,1.83829894946087,0.380955075331109,0.561825629381247
478,-0.0600000001013111,0.130000000101316,0.059266227438009,0.00999999991392804,0.00500000020189437,0.0475833275029621,-0.00999999991431123,-0.113397600672781,0.0559700553677508,0.750963989508824,-3.34346368270369e-06,2.00978118182149e-06,0.660367440960042,-0.0116599707740155,-0.0526956775824267,0.0519979897734814,-4.76310344549437e-15,-1.30037187663357e-14,0.00766022154252417,6.81989814113379e-15,4.80149906294828e-15,4.40135063784847e-05,-4.17002372537706e-15,7.35585423564054e-07,4.36487103249086e-05,1.35400036123496e-09,-1.32037537638782e-09,-0.000155190499198487,-1.90294446538884e-07,2.23174458843762e-06,-1.31063086422117e-13,-0.4,0.4,0.15,-0.4,0.4,0.15,0.183792139441669,0.4,0.25,0,0,0,0,0,0,0,0,0,0.7432314679273,0,0,0,0,0,0,0,0,0,0.598699082344698,0,0,0,0,0,0,0,0,5.522017879847,6.08153514571608,5.65665785464514,5.94689517091794,0,0.888321585559334,0,0,0,0,0,0,0.639096157664234,0,0.299725040966497,0.484362348593738,0.246890890019743,0.508906363247286,0.674253841644406,0,0.337316920522933,0.620559732403724,0,1.74683177958942,0,1.86329714261922,0.383088273829728,0.546498242803722
479,-0.0600000001013111,0.130000000101316,0.0593916587654799,0.00999999991392818,0.00500000020189443,0.0475842077723326,-0.00999999991431132,-0.113397585962606,0.0559709283416953,0.750965014294613,-3.34345969144186e-06,2.00976802268492e-06,0.660366275580929,-0.0116599745797205,-0.0526956329498332,0.0519979897734784,-1.35146106448271e-14,-2.15721644063999e-14,0.00489672866893323,5.21909029226024e-15,3.7692475200971e-15,4.40134297582778e-05,-8.24158328822254e-15,7.35455899822406e-07,4.36486857526351e-05,1.16928884763568e-09,-1.3156789393002e-09,-0.000155178199491532,-1.90276091965447e-07,2.23152442645012e-06,9.99162411079953e-14,-0.4,0.4,0.15,-0.4,0.4,0.15,0.330456538508771,0.4,0.25,0,0,0,0,0,0,0,0,0,0.893911074720609,0,0,0,0,0,0,0,0,0,0.463716153118925,0,0,0,0,0,0,0,0,5.45509983527076,6.05906934904311,5.61273956775608,5.90142961655778,0,0.871441177862091,0,0,0,0,0,0,0.700395247509765,0,0.325451650211699,0.494065575735931,0.267057091840571,0.51294825009278,0.72826655311669,0,0.337567939604523,0.60143739267202,0,1.74423159518814,0,1.87062630685547,0.374428406027251,0.525065042235012
480,-0.0600000001013111,0.130000000101316,0.059498755224372,0.00999999991392826,0.00500000020189451,0.0475850880402551,-0.00999999991431142,-0.113397571254792,0.0559718013150581,0.750966038997341,-3.34345642492233e-06,2.00975559799434e-06,0.660365110292626,-0.0116599783850478,-0.0526955883215145,0.0519979897734786,-1.34987042278835e-14,-2.15769082372774e-14,0.00580835906828318,4.09849812123172e-15,1.91432309511392e-15,4.40133623183145e-05,-4.7519856529663e-15,7.35328590790952e-07,4.36486516534314e-05,1.16099868440493e-09,-1.31112240826341e-09,-0.000155165883158391,-1.90256643438997e-07,2.23131043024853e-06,6.90944668278723e-15,-0.4,0.4,0.15,0.244899059121875,0.4,0.15,0.4,0.4,0.25,0,0,0,0,0,0,0,0,0,0.772928524802862,0,0,0,0,0,0,0,0,0,0,0,0,0,0,0,0,0,0,5.0451753766294,5.90738790017476,5.33052681470145,5.62203646210271,0,0.437353526009177,0,0,0,0,0,0,0.864142235517792,0,0.47098709586091,0.452157539769345,0.257083700699066,0.639185740050069,0.930501921858695,0,0.396227551241474,0.536992593946315,0,1.89570143602366,0,2.0944388120825,0.341918723499592,0.564426226807077
481,-0.0600000001013111,0.130000000101316,0.0593705872891662,0.0099999999139284,0.00500000020189458,0.0475859683068236,-0.00999999991431152,-0.113397556549431,0.055972674287759,0.750967063616923,-3.34345334471567e-06,2.00974337258216e-06,0.660363945095231,-0.0116599821899819,-0.0526955436974027,0.0519979897734786,-1.3498490310172e-14,-2.15765414010636e-14,-0.018503592829378,9.651018804527e-15,5.36814918435523e-15,4.40132951468142e-05,-8.79259533726738e-15,7.35208363494277e-07,4.36486183827555e-05,1.13732787477175e-09,-1.30931078213231e-09,-0.000155153564749334,-1.90236821819917e-07,2.23110217665932e-06,5.31278080316216e-15,-0.4,0.4,0.15,0.258552386688594,0.4,0.15,0.4,0.4,0.25,0,0,0,0,0,0,0,0,0,0.761226263878182,0,0,0,0,0,0,0,0,0,0,0,0,0,0,0,0,0,0,5.00786060166491,5.91125054911334,5.31798652053048,5.60112463024778,0,0.448020248849964,0,0,0,0,0,0,0.875025007115049,0,0.477858898223697,0.438039460409945,0.250620098363043,0.640397146385258,0.942068096847166,0,0.400798150325309,0.519945957160544,0,1.89997259858727,0,2.10140309153424,0.332526668018719,0.563336325581792
482,-0.0600000001013111,0.130000000101316,0.0593264885995081,0.00999999991392854,0.00500000020189464,0.0475868485720611,-0.00999999991431162,-0.113397541846455,0.055973547259786,0.750968088153342,-3.3434503718123e-06,2.00973125870623e-06,0.660362779988762,-0.0116599859945174,-0.0526954990774349,0.0519979897734787,-1.34982032602372e-14,-2.15767664872924e-14,0.0139315481586238,5.58406421875974e-15,4.93258532563781e-15,4.40132290218022e-05,-3.62586986365154e-15,7.35090017614464e-07,4.36485844391563e-05,1.12680572908402e-09,-1.30833988844364e-09,-0.000155141244638535,-1.90216806511217e-07,2.23089590123168e-06,-4.13360610420754e-15,-0.4,0.4,0.15,0.264194548567876,0.4,0.15,0.4,0.4,0.25,0,0,0,0,0,0,0,0,0,0.737974881722663,0,0,0,0,0,0,0,0,0,0,0,0,0,0,0,0,0,0,4.96025592856294,5.92127842580798,5.30088191171389,5.58065244265703,0,0.464135105441586,0,0,0,0,0,0,0.889223489085457,0,0.48762979380246,0.427029688470876,0.24119235295915,0.642813588771736,0.951735461351715,0,0.409936116050116,0.505013460609606,0,1.90736560219615,0,2.1087600041612,0.319176205247553,0.565119830869716
483,-0.0600000001013111,0.130000000101316,0.0593916087878403,0.00999999991392866,0.0050000002018947,0.0475877288360805,-0.00999999991431173,-0.113397527146453,0.0559744202311553,0.750969112606527,-3.34344708930326e-06,2.0097187836389e-06,0.660361614973304,-0.0116599897986543,-0.0526954544618131,0.0519979897734891,-1.16523654932052e-14,-4.188550148959e-14,-0.00731330505931563,6.13777237267669e-15,3.44658350628715e-15,4.4013161011274e-05,-8.2885148657077e-15,7.34972527894518e-07,4.36485575790494e-05,1.03420703751481e-09,-1.30912589981774e-09,-0.000155128930554464,-1.90197183224989e-07,2.23068853478696e-06,-4.68388376250466e-13,-0.4,0.4,0.15,0.256526045272548,0.4,0.15,0.4,0.4,0.25,0,0,0,0,0,0,0,0,0,0.706728427567636,0,0.0123335288340371,0,0,0,0,0,0,0,0,0,0,0,0,0,0,0,0,4.89255498677222,5.92502652288883,5.26808576616604,5.54949574349501,0,0.48022786290101,0,0,0,0,0,0,0.908608039457055,0,0.501205082276962,0.418285326384711,0.234360326254237,0.65297794346551,0.968050799127661,0,0.422647550564348,0.490765431539603,0,1.92919420622928,0,2.13069376874201,0.306840517708014,0.574420325454009
484,-0.0600000001013111,0.130000000101316,0.0594022655201596,0.0099999999139288,0.00500000020189477,0.0475886090986147,-0.00999999991431184,-0.113397512447617,0.0559752932018845,0.750970136976703,-3.34344473113198e-06,2.00970733386217e-06,0.6603604500486,-0.0116599936023901,-0.0526954098498918,0.0519979897734782,-1.28509758842678e-14,-2.18060207956604e-14,0.00830090722979906,4.53798670652405e-15,2.90490787410107e-15,4.40131025707998e-05,-9.39575964014199e-15,7.34853422677906e-07,4.36485126157075e-05,1.19734263349528e-09,-1.3051920193426e-09,-0.000155116598764621,-1.90176294849102e-07,2.23048547567864e-06,5.85989638722339e-13,-0.4,0.4,0.15,0.248495441441922,0.4,0.15,0.4,0.4,0.25,0,0,0,0,0,0,0,0,0,0.687028446767607,0,0.0338798317793339,0,0,0,0,0,0,0,0,0,0,0,0,0,0,0,0,4.85410467134191,5.92990283967242,5.25102295607284,5.5329845549415,0,0.487527822383094,0,0,0,0,0,0,0.916577091245914,0,0.506656134977758,0.410136106866515,0.226801997130304,0.655709821130865,0.974208538574694,0,0.43049942753901,0.483522667903422,0,1.94253884408173,0,2.14314114573065,0.300188662174441,0.579553009684887
485,-0.0600000001013111,0.130000000101316,0.0594129988061364,0.00999999991392895,0.00500000020189483,0.0475894893599833,-0.00999999991431195,-0.113397497751931,0.0559761661718523,0.750971161263581,-3.34344157518435e-06,2.00969503044982e-06,0.660359285214978,-0.0116599974057156,-0.052695365242303,0.0519979897734825,-8.95079636054803e-15,-3.26772305825528e-14,-0.00715032248355082,1.15843014307041e-14,1.76766154418486e-15,4.4013031751559e-05,-5.04204166677369e-15,7.34741590151538e-07,4.36484848917594e-05,1.07617735050619e-09,-1.30838036032265e-09,-0.000155104286861159,-1.90156460510116e-07,2.23028234915061e-06,-2.43253452999087e-13,-0.4,0.4,0.15,0.255765624956563,0.4,0.15,0.4,0.4,0.25,0,0,0,0,0,0,0,0,0,0.68569748168695,0,0.0407959202844064,0,0,0,0,0,0,0,0,0,0,0,0,0,0,0,0,4.8588516873404,5.93574782469685,5.25709964504033,5.53749986699692,0,0.483887914829026,0,0,0,0,0,0,0.911817196386388,0,0.503783395258454,0.402510021612401,0.220804804759819,0.649694966795777,0.970212814998385,0,0.428427847658466,0.479739330825315,0,1.93516497226315,0,2.13680455866052,0.298034145131481,0.574339388037039
486,-0.0600000001013111,0.130000000101316,0.0594126889149197,0.0099999999139291,0.0050000002018949,0.0475903696200082,-0.00999999991431206,-0.113397483058371,0.0559770391411758,0.750972185467347,-3.34343872015422e-06,2.00968303075804e-06,0.66035812047223,-0.0116600012086415,-0.0526953206387539,0.0519979897734829,-9.87906607174353e-15,-3.48085230499637e-14,0.00704834004921844,5.36461196942653e-15,2.00388789307998e-15,4.4012968483086e-05,-7.72010519562787e-15,7.34622910547254e-07,4.36484494002728e-05,1.10696104204244e-09,-1.30695464140278e-09,-0.000155091966618112,-1.90136248569157e-07,2.2300768408104e-06,-1.65734534054794e-14,-0.4,0.4,0.15,0.263321078506111,0.4,0.15,0.4,0.4,0.25,0,0,0,0,0,0,0,0,0,0.679562079046787,0,0.0554731239754257,0,0,0,0,0,0,0,0,0,0,0,0,0,0,0,0,4.8551866960914,5.94144257423853,5.25937077685385,5.53725849347608,0,0.485763370931618,0,0,0,0,0,0,0.914600096581962,0,0.504241983058981,0.397314958174022,0.217965934488242,0.645877153197889,0.971404766542333,0,0.428146668130676,0.472542723099801,0,1.92713651699401,0,2.12900635145538,0.293193910714905,0.569781626968699
487,-0.0600000001013111,0.130000000101316,0.0594647325446885,0.00999999991392923,0.00500000020189496,0.0475912498787382,-0.00999999991431218,-0.113397468367142,0.0559779121098152,0.750973209587961,-3.34343584742536e-06,2.00967101865425e-06,0.660356955820403,-0.0116600050111632,-0.0526952760392894,0.0519979897734837,-8.26805075142823e-15,-3.78535742630359e-14,-0.00179973668864158,1.00705320809729e-14,4.83141344440232e-15,4.40129034677565e-05,-8.83276049613817e-15,7.34507136806786e-07,4.36484154223067e-05,1.10388264724009e-09,-1.3069336585987e-09,-0.00015507964901633,-1.90116051262406e-07,2.22987293070302e-06,-3.73773963341406e-14,-0.4,0.4,0.15,0.259450918261103,0.4,0.15,0.4,0.4,0.25,0,0,0,0,0,0,0,0,0,0.649939261183289,0,0.0923382535656171,0,0,0,0,0,0,0,0,0,0,0,0,0,0,0,0,4.80374024834937,5.93862507458742,5.23165424712617,5.51071107581063,0,0.50148748192689,0,0,0,0,0,0,0.929177873944414,0,0.515616255460398,0.391091190263029,0.212532292148325,0.654110609255566,0.982532032805021,0,0.438380779565937,0.460628775488417,0,1.94103225748766,0,2.14149379072652,0.282069958735372,0.576875051999445
488,-0.0600000001013111,0.130000000101316,0.0595134825436242,0.00999999991392938,0.00500000020189503,0.0475921301361048,-0.0099999999143123,-0.113397453677729,0.0559787850777831,0.750974233625491,-3.34343330255078e-06,2.0096593586972e-06,0.660355791259418,-0.0116600088132793,-0.0526952314437137,0.051997989773484,-5.17305250038532e-15,-3.47011384993064e-14,0.00663257502364257,3.95037861092635e-15,4.46640390124165e-15,4.40128407047854e-05,-4.51699809123761e-15,7.34391273213466e-07,4.3648375949169e-05,1.1752351752396e-09,-1.30601159202021e-09,-0.000155067327566866,-1.90095471940916e-07,2.22967067430882e-06,1.49187755418902e-15,-0.4,0.4,0.15,0.256119130833037,0.4,0.15,0.4,0.4,0.25,0,0,0,0,0,0,0,0,0,0.623000957210973,0,0.109418490032034,0,0,0,0,0,0,0,0,0,0,0,0,0,0,0,0,4.77333203778447,5.93676724920398,5.21464657250676,5.4954527144817,0,0.508686330448551,0,0,0,0,0,0,0.93449571251718,0,0.521481725969001,0.386581922005582,0.207512277452246,0.65883302962696,0.986513022689116,0,0.44427331554002,0.45512641204547,0,1.94951091416369,0,2.14935239441469,0.27605689470172,0.58162449198839
489,-0.0600000001013111,0.130000000101316,0.0595451693813804,0.00999999991392953,0.00500000020189509,0.0475930103922438,-0.00999999991431242,-0.113397438991224,0.0559796580449935,0.750975257579796,-3.34343020557103e-06,2.00964712897434e-06,0.660354626789436,-0.0116600126149877,-0.0526951868524042,0.0519979897734831,-3.87210771493048e-15,-3.4485841983958e-14,-0.00341366007254142,5.49983892265461e-15,3.22596066059025e-15,4.40127718640055e-05,-5.90677809396153e-15,7.34277752944453e-07,4.36483463820423e-05,1.09022471518651e-09,-1.30778685180245e-09,-0.000155055017488866,-1.90075563439176e-07,2.22946690915696e-06,1.85161908443004e-14,-0.4,0.4,0.15,0.255424154695192,0.4,0.15,0.4,0.4,0.25,0,0,0,0,0,0,0,0,0,0.622162616977874,0,0.109830174195274,0,0,0,0,0,0,0,0,0,0,0,0,0,0,0,0,4.7725185631597,5.93678336949779,5.21378281930837,5.49551911334912,0,0.508961106553664,0,0,0,0,0,0,0.934244292559099,0,0.521253890710681,0.386253277308736,0.207095303045397,0.658663298997712,0.986225409977314,0,0.44413308392676,0.454843277152429,0,1.94960944606761,0,2.14929776614168,0.275685293306541,0.581542501796343
490,-0.0600000001013111,0.130000000101316,0.0595458138025542,0.00999999991392968,0.00500000020189516,0.0475938906470539,-0.00999999991431254,-0.11339742430693,0.0559805310115515,0.750976281451002,-3.34342732561496e-06,2.00963510995849e-06,0.660353462410316,-0.011660016416296,-0.0526951422651579,0.0519979897734831,-3.57358904593807e-15,-3.47222733944154e-14,0.00344381481548095,8.27537374429718e-15,5.74359215565778e-15,4.40127076339841e-05,-8.41821379347801e-15,7.34159697302507e-07,4.36483112550327e-05,1.10784563877012e-09,-1.30676126951884e-09,-0.000155042702164542,-1.90055397103496e-07,2.22926164702873e-06,-2.79388664598967e-14,-0.4,0.4,0.15,0.254634274971507,0.4,0.15,0.4,0.4,0.25,0,0,0,0,0,0,0,0,0,0.621907744637463,0,0.110303401352004,0,0,0,0,0,0,0,0,0,0,0,0,0,0,0,0,4.77225093490247,5.93679227343545,5.21353534897722,5.49550785936071,0,0.509169559517938,0,0,0,0,0,0,0.934238103640571,0,0.521190203230374,0.38625679077636,0.206813642376881,0.658502233171501,0.986028364352015,0,0.444427329617375,0.455205556630367,0,1.95003889811831,0,2.14951654867147,0.275762408840099,0.581739358949292
491,-0.0600000001013111,0.130000000101316,0.059552614883408,0.00999999991392983,0.00500000020189522,0.0475947709005789,-0.00999999991431266,-0.113397409625076,0.055981403977423,0.750977305239073,-3.34342437333056e-06,2.00962301808917e-06,0.660352298122102,-0.0116600202172012,-0.0526950976820397,0.0519979897734831,-2.56655657917948e-15,-3.55008958499748e-14,-0.00273282353833505,1.00708146282523e-14,5.00647523554757e-15,4.40126421373324e-05,-1.03301272633896e-14,7.34043676884478e-07,4.36482784124306e-05,1.0892783504141e-09,-1.30675484709921e-09,-0.000155030389598799,-1.90035303341239e-07,2.22905724174859e-06,1.37407642240146e-15,-0.4,0.4,0.15,0.253600822932594,0.4,0.15,0.4,0.4,0.25,0,0,0,0,0,0,0,0,0,0.621961482481361,0,0.110142293935584,0,0,0,0,0,0,0,0,0,0,0,0,0,0,0,0,4.77153399410797,5.93669237187579,5.21300610280734,5.49522026317642,0,0.509591622967095,0,0,0,0,0,0,0.93456774560794,0,0.521225556312881,0.386402257030531,0.206955232653623,0.658654750534051,0.986288687626966,0,0.444524165449209,0.455160580371763,0,1.9507692305589,0,2.15000892723039,0.275713555979823,0.581953359685409
492,-0.0600000001013111,0.130000000101316,0.0595493108683349,0.00999999991392997,0.00500000020189528,0.0475956511527989,-0.00999999991431278,-0.113397394945493,0.0559822769426252,0.750978328944037,-3.34342149713596e-06,2.00961100413598e-06,0.660351133924758,-0.0116600240177038,-0.0526950531029911,0.051997989773483,-1.64619074032845e-15,-3.59496714221222e-14,0.0023768735456039,1.22872293549604e-14,4.737578996143e-15,4.40125777346716e-05,-3.54992499446845e-15,7.33927113378243e-07,4.3648244069823e-05,1.09591517011065e-09,-1.30624762386861e-09,-0.000155018076173782,-1.90015107274387e-07,2.22885297729661e-06,1.76589332621614e-15,-0.4,0.4,0.15,0.252374673594468,0.4,0.15,0.4,0.4,0.25,0,0,0,0,0,0,0,0,0,0.622339943326745,0,0.1099315610953,0,0,0,0,0,0,0,0,0,0,0,0,0,0,0,0,4.77059860692429,5.93667474833392,5.21243406759191,5.49483928766631,0,0.510194181850434,0,0,0,0,0,0,0.935272263099695,0,0.521523977046004,0.386819431643054,0.207188748228935,0.658936870359904,0.986742354086257,0,0.445070348332453,0.455523775002913,0,1.95198738075111,0,2.15089285908095,0.275893091588577,0.58248324164657
493,-0.0600000001013111,0.130000000101316,0.0595537467170847,0.00999999991393012,0.00500000020189535,0.0475965314037073,-0.0099999999143129,-0.113397380268085,0.0559831499071497,0.750979352565908,-3.34341871120427e-06,2.00959908861935e-06,0.660349969818274,-0.0116600278178022,-0.0526950085279662,0.0519979897734829,-1.4471892492382e-15,-3.56367226529871e-14,-0.00191184507750143,6.81579794357453e-15,3.65316977474084e-15,4.40125135974377e-05,-5.62814651240037e-15,7.33811343085623e-07,4.36482085376933e-05,1.11537157628077e-09,-1.30595455253397e-09,-0.000155005762775912,-1.89994810343561e-07,2.22864964337236e-06,-1.49177286476012e-14,-0.4,0.4,0.15,0.251551524634747,0.4,0.15,0.4,0.4,0.25,0,0,0,0,0,0,0,0,0,0.622119121754667,0,0.110117654938862,0,0,0,0,0,0,0,0,0,0,0,0,0,0,0,0,4.7702197299979,5.93658779580952,5.21213377603461,5.49467374977281,0,0.510420175082425,0,0,0,0,0,0,0.935228217788992,0,0.521368702924467,0.386747164836938,0.207064293783947,0.658865060987709,0.986668789648212,0,0.44505638239272,0.455502501013149,0,1.95231411507936,0,2.15106138807237,0.275819629960573,0.582552740455544
494,-0.0600000001013111,0.130000000101316,0.0595511727209236,0.00999999991393027,0.00500000020189541,0.047597411653314,-0.00999999991431301,-0.113397365592937,0.0559840228709788,0.750980376104677,-3.3434159145794e-06,2.00958716675577e-06,0.660348805802658,-0.0116600316174949,-0.052694963956986,0.0519979897734829,-2.01810314774226e-15,-3.51672264177559e-14,0.00163670272238922,9.95934587986364e-15,4.6310020703477e-15,4.40124487726372e-05,-7.98533840207448e-15,7.33696249110141e-07,4.36481734396169e-05,1.12325079636975e-09,-1.3060751267038e-09,-0.000154993451297015,-1.89974535942169e-07,2.22844662029213e-06,-1.31177549114027e-14,-0.4,0.4,0.15,0.250982133433106,0.4,0.15,0.4,0.4,0.25,0,0,0,0,0,0,0,0,0,0.621400663327755,0,0.111026331425219,0,0,0,0,0,0,0,0,0,0,0,0,0,0,0,0,4.77050550435021,5.93649813983888,5.21225110459006,5.49475253959903,0,0.510263581315213,0,0,0,0,0,0,0.934463533100326,0,0.520887569105953,0.386327881318534,0.206398342381487,0.658382302537857,0.985910190912958,0,0.444965532759708,0.45573396610306,0,1.95200390333611,0,2.15076514641686,0.275804427165762,0.582460266191864
495,-0.0600000001013111,0.130000000101316,0.0595534561080732,0.00999999991393042,0.00500000020189548,0.0475982919016301,-0.00999999991431314,-0.11339735092018,0.0559848958341089,0.750981399560338,-3.34341303667995e-06,2.00957516077564e-06,0.660347641877917,-0.0116600354167829,-0.0526949193901018,0.0519979897734827,-8.71449047860922e-16,-3.49820307205018e-14,-0.00139321442170796,4.94206789729731e-15,3.94497443031234e-15,4.40123832420511e-05,-1.00382746543499e-14,7.3358090899013e-07,4.36481396364332e-05,1.11263704106628e-09,-1.30635107363597e-09,-0.00015498114219443,-1.8995437246128e-07,2.22824303732953e-06,2.28970367977024e-14,-0.4,0.4,0.15,0.249927086057808,0.4,0.15,0.4,0.4,0.25,0,0,0,0,0,0,0,0,0,0.62096679625782,0,0.111370962078606,0,0,0,0,0,0,0,0,0,0,0,0,0,0,0,0,4.77002502572724,5.93652201684184,5.21194146074059,5.4946055818285,0,0.510563252665172,0,0,0,0,0,0,0.934715227724229,0,0.52093079046285,0.386366882701572,0.206478283611477,0.658471171990892,0.986144637151403,0,0.445160509943566,0.455803638598359,0,1.95271062411259,0,2.15137399278978,0.275915039508414,0.582700891471457
496,-0.0600000001013111,0.130000000101316,0.0595509979538927,0.00999999991393057,0.00500000020189554,0.0475991721486356,-0.00999999991431325,-0.11339733624969,0.0559857687965541,0.750982422932919,-3.34341020495807e-06,2.00956320288744e-06,0.660346478044022,-0.0116600392156673,-0.0526948748272759,0.0519979897734824,1.3921666901801e-15,-3.42808050230924e-14,0.00113475913586813,1.00752423861347e-14,4.35512100883423e-15,4.40123183279011e-05,-1.1566021715646e-14,7.33464964358561e-07,4.36481046780378e-05,1.11989409541867e-09,-1.30609757815715e-09,-0.00015496883312164,-1.89934158231565e-07,2.22803930829837e-06,-1.52385891218233e-14,-0.4,0.4,0.15,0.249762080626491,0.4,0.15,0.4,0.4,0.25,0,0,0,0,0,0,0,0,0,0.619200268907232,0,0.112728891649749,0,0,0,0,0,0,0,0,0,0,0,0,0,0,0,0,4.76972410483337,5.93686559208393,5.21203369887747,5.49455599803983,0,0.510689567822403,0,0,0,0,0,0,0.935090269788697,0,0.521029506370736,0.386091604973965,0.206610762914299,0.65848234335088,0.986680454983236,0,0.445254863315201,0.455525337387364,0,1.95281246330672,0,2.15180165659826,0.2760444953276,0.582707700295442
497,-0.0600000001013111,0.130000000101316,0.0595552237660072,0.00999999991393072,0.00500000020189561,0.0476000523943324,-0.00999999991431337,-0.113397321581455,0.055986641758308,0.750983446222426,-3.34340739808209e-06,2.00955127257075e-06,0.660345314300967,-0.0116600430141475,-0.0526948302684994,0.0519979897734824,4.61270201578781e-16,-3.3970846548815e-14,-0.000702989182819338,4.63952936468113e-15,2.20349503047232e-15,4.40122534011242e-05,-4.92633974922897e-15,7.33349409147073e-07,4.36480694846358e-05,1.12836077830002e-09,-1.30601310149465e-09,-0.000154956524885511,-1.89913917611785e-07,2.22783594538321e-06,-2.46501217483199e-14,-0.4,0.4,0.15,0.25218098127617,0.4,0.15,0.4,0.4,0.25,0,0,0,0,0,0,0,0,0,0.61680951419762,0,0.113801145709493,0,0,0,0,0,0,0,0,0,0,0,0,0,0,0,0,4.76974816558595,5.93772019855273,5.21273516234797,5.49473320179071,0,0.510624928211611,0,0,0,0,0,0,0.936243602258961,0,0.521596010788087,0.385754620042854,0.20791845046254,0.659074777918279,0.98855068308404,0,0.444819390224058,0.45394956357875,0,1.95132258201686,0,2.15198050808213,0.276113393998524,0.582298157354166
498,-0.0600000001013111,0.130000000101316,0.0595610056450362,0.00999999991393087,0.00500000020189568,0.0476009326386964,-0.00999999991431351,-0.113397306915262,0.0559875147193514,0.750984469428888,-3.34340471556926e-06,2.00953948023163e-06,0.660344150648718,-0.0116600468122221,-0.0526947857136898,0.0519979897734799,-3.2593598608385e-14,-2.11640106070745e-14,0.00127130561174179,4.06256338729574e-15,5.76728195005092e-15,4.40121895002068e-05,-1.15798904563852e-14,7.33234307283979e-07,4.36480314500769e-05,1.16585467128876e-09,-1.30565152626881e-09,-0.000154944215773073,-1.89893490845314e-07,2.22763362341601e-06,1.46406899014294e-13,-0.4,0.4,0.15,0.25101207349724,0.4,0.15,0.4,0.4,0.25,0,0,0,0,0,0,0,0,0,0.609089150776055,0,0.118285148818726,0,0,0,0,0,0,0,0,0,0,0,0,0,0,0,0,4.76038983968601,5.9376196419071,5.20778266201981,5.49022681957329,0,0.512757010564292,0,0,0,0,0,0,0.94228613092292,0,0.525165320630649,0.38716827902141,0.210795704825758,0.662821157827279,0.994375954404901,0,0.447329123982083,0.452228281457224,0,1.9564004683662,0,2.15784940651514,0.275855806887967,0.584984861552321
499,-0.0600000001013111,0.130000000101316,0.0595729649409217,0.00999999991393102,0.00500000020189575,0.0476018128817511,-0.00999999991431363,-0.113397292251501,0.0559883876796953,0.750985492552266,-3.34340192361937e-06,2.00952758165742e-06,0.660342987087321,-0.0116600506098903,-0.0526947411629725,0.0519979897734813,-1.30941771894566e-14,-1.21867904540427e-14,-6.86761145547745e-05,7.68732128854601e-15,2.39870499286029e-15,4.40121222792917e-05,-1.11143665233837e-14,7.33119502888268e-07,4.36479975894894e-05,1.15148983810831e-09,-1.30621445699241e-09,-0.000154931911823432,-1.89873345893815e-07,2.22743048223731e-06,-4.43845363823865e-14,-0.4,0.4,0.15,0.244178333835839,0.4,0.15,0.4,0.4,0.25,0,0,0,0,0,0,0,0,0,0.602626822372312,0,0.121474049988401,0,0,0,0,0,0,0,0,0,0,0,0,0,0,0,0,4.74719001858466,5.93488004591172,5.19858953340915,5.48348053108723,0,0.514797125655971,0,0,0,0,0,0,0.951273620787021,0,0.531220636388912,0.393408699619845,0.216960663987376,0.670732597105524,1.00262009477839,0,0.451999694182276,0.453816859688952,0,1.97054400874305,0,2.17129379760047,0.277368863570327,0.591511615385044
500,-0.0600000001013111,0.130000000101316,0.0595689936657157,0.00999999991393116,0.00500000020189581,0.0476026931235901,-0.00999999991431377,-0.113397277590662,0.0559892606392911,0.750986515592515,-3.34339866657029e-06,2.00951517248407e-06,0.660341823616831,-0.0116600544071571,-0.0526946966165635,0.0519979897734802,-3.43348850326986e-14,-2.82883361248079e-14,-0.000327158991661276,8.70435675015219e-15,4.43635105892518e-15,4.40120544829336e-05,-5.69974493385161e-15,7.33004175817178e-07,4.36479682202833e-05,1.06222616486543e-09,-1.30720448822449e-09,-0.000154919613384637,-1.89853581239631e-07,2.22722514641401e-06,-2.62125445073503e-14,-0.4,0.4,0.15,0.22888756234309,0.4,0.15,0.4,0.4,0.25,0,0,0,0,0,0,0,0,0,0.589372696096506,0,0.127927379206984,0,0,0,0,0,0,0,0,0,0,0,0,0,0,0,0,4.75337188978781,5.94244895693615,5.20422361903357,5.49159722769038,0,0.494704714605063,0,0,0,0,0,0,0.959864030086205,0,0.532288455569648,0.402669382079176,0.224701971694766,0.67118651247267,1.00885623903993,0,0.453140423074672,0.460575251332939,0,1.98470988178008,0,2.17898560519155,0.282607826347393,0.592038494578833
501,-0.0600000001013111,0.130000000101316,0.0595498292730787,0.00999999991393132,0.00500000020189588,0.047603573364036,-0.0099999999143139,-0.113397262931667,0.0559901335982764,0.750987538549794,-3.34339597380694e-06,2.00950336255153e-06,0.660340660237064,-0.0116600582040248,-0.0526946520740878,0.0519979897734787,-1.34916916373454e-14,-2.15710691302863e-14,-0.00158300106169056,1.23177781541396e-14,3.99775996196909e-15,4.40119921006972e-05,-7.94272174762528e-15,7.32885074649933e-07,4.36479301373484e-05,1.13321316108186e-09,-1.30499293829552e-09,-0.000154907305595083,-1.89833253491433e-07,2.22702021367677e-06,6.78574736390545e-14,-0.4,0.4,0.15,0.206547075136493,0.4,0.15,0.4,0.4,0.25,0,0,0,0,0,0,0,0,0,0.565445092967208,0,0.13914632631301,0,0,0,0,0,0,0,0,0,0,0,0,0,0,0,0,4.76069752706987,5.95284130739345,5.2122122902086,5.50132654425472,0,0.467201246478478,0,0,0,0,0,0,0.971081014501426,0,0.532375439341533,0.413383457360232,0.23314368836814,0.669373420596365,1.01597870994116,0,0.4534369408206,0.467482326301306,0,1.99938625757074,0,2.18440080554312,0.287242537944543,0.590434941440106
502,-0.0600000001013111,0.130000000101316,0.0595317760901998,0.00999999991393146,0.00500000020189594,0.047604453603208,-0.00999999991431402,-0.113397248275104,0.0559910065565494,0.750988561424004,-3.34339309918929e-06,2.00949136536057e-06,0.660339496948136,-0.0116600620004874,-0.0526946075357166,0.0519979897734788,-1.34911402281592e-14,-2.15707138828621e-14,-0.000229086797524217,6.05084854322374e-15,3.40166070338936e-15,4.40119260844062e-05,-9.91585663078027e-15,7.32770845740181e-07,4.36478967159592e-05,1.11295176381638e-09,-1.30562464887602e-09,-0.000154895003919786,-1.89813102337404e-07,2.22681734680892e-06,1.23009877945403e-14,-0.4,0.4,0.15,0.1989282226767,0.4,0.15,0.4,0.4,0.25,0,0,0,0,0,0,0,0,0,0.554200309862928,0,0.144791693729539,0,0,0,0,0,0,0,0,0,0,0,0,0,0,0,0,4.76006516715101,5.95502910869504,5.21287653320113,5.50221774264492,0,0.459575074800175,0,0,0,0,0,0,0.974860711187594,0,0.532828694531016,0.416029418364095,0.234826378021034,0.669030543302933,1.01828916257622,0,0.454175585887659,0.469234610457604,0,2.00486792317295,0,2.1868861973604,0.288031540994327,0.590377463779796
503,-0.0600000001013111,0.130000000101316,0.0595251813854383,0.00999999991393162,0.00500000020189601,0.0476053338410776,-0.00999999991431414,-0.113397233620853,0.0559918795141373,0.750989584215177,-3.34339024041426e-06,2.00947938175448e-06,0.66033833375001,-0.0116600657965469,-0.0526945630014183,0.0519979897734788,-1.34910781033707e-14,-2.15706210204905e-14,-0.000429382201600975,8.47296810289513e-15,2.71870353606047e-15,4.40118611212656e-05,-3.22048346452689e-15,7.32654981731773e-07,4.3647862311572e-05,1.11397582915532e-09,-1.30545937386649e-09,-0.000154882702184145,-1.89792936624646e-07,2.22661359862305e-06,3.20395063680803e-14,-0.4,0.4,0.15,0.197727070305142,0.4,0.15,0.4,0.4,0.25,0,0,0,0,0,0,0,0,0,0.553640199061076,0,0.14498923115885,0,0,0,0,0,0,0,0,0,0,0,0,0,0,0,0,4.75961648209915,5.95510987190372,5.2127134120159,5.50201294198697,0,0.459392781248648,0,0,0,0,0,0,0.975239485463242,0,0.532859377785318,0.416232800115412,0.234921624362968,0.669057690498532,1.01854982226156,0,0.454395336074228,0.469502284166282,0,2.00578177642309,0,2.18749145821802,0.288191111435285,0.590593645765992
504,-0.0600000001013111,0.130000000101316,0.0595231415829031,0.00999999991393176,0.00500000020189607,0.0476062140776461,-0.00999999991431426,-0.113397218968915,0.0559927524710378,0.750990606923319,-3.34338738326481e-06,2.00946740049032e-06,0.660337170642681,-0.011660069592203,-0.0526945184711928,0.0519979897734788,-1.34909297256768e-14,-2.15705802539611e-14,0.000222144315492852,1.08144757987492e-14,1.93840056306983e-15,4.40117960310228e-05,-5.1280894073467e-15,7.32539321554336e-07,4.36478278890496e-05,1.11376565557692e-09,-1.30537488575914e-09,-0.000154870401535996,-1.89772774268715e-07,2.2264099749583e-06,-3.29186395662549e-14,-0.4,0.4,0.15,0.197002986171663,0.4,0.15,0.4,0.4,0.25,0,0,0,0,0,0,0,0,0,0.553370215097888,0,0.145285746239839,0,0,0,0,0,0,0,0,0,0,0,0,0,0,0,0,4.75935091415927,5.95504934187512,5.21254481295125,5.50185544308314,0,0.459541220110686,0,0,0,0,0,0,0.975170749619936,0,0.532744702255268,0.416162700313475,0.234728599895219,0.668954606608898,1.01842806563039,0,0.454489929720864,0.469646755640898,0,2.00611903457523,0,2.18767597181813,0.288212655250773,0.590699834046367
505,-0.0600000001013111,0.130000000101316,0.0595230413030928,0.00999999991393192,0.00500000020189614,0.0476070943129142,-0.00999999991431437,-0.113397204319291,0.0559936254272511,0.750991629548438,-3.34338452733018e-06,2.00945542108632e-06,0.660336007626141,-0.0116600733874559,-0.0526944739450395,0.0519979897734788,-1.34909128310201e-14,-2.157062309634e-14,-0.00022991201487447,4.42355711457014e-15,5.42868648068871e-15,4.40117310870537e-05,-6.98262590956836e-15,7.3242368894937e-07,4.36477935893862e-05,1.11371666697188e-09,-1.30534849869088e-09,-0.000154858101805419,-1.89752615602987e-07,2.22620638661933e-06,2.84451514090264e-14,-0.4,0.4,0.15,0.196117745120376,0.4,0.15,0.4,0.4,0.25,0,0,0,0,0,0,0,0,0,0.553507678660918,0,0.14519653140375,0,0,0,0,0,0,0,0,0,0,0,0,0,0,0,0,4.75874254895804,5.95498859421887,5.21214476184873,5.50158638132818,0,0.459884481314986,0,0,0,0,0,0,0.975522919181051,0,0.532863234817864,0.416319383527568,0.234827463811009,0.669101975295956,1.01870121069308,0,0.45473889728576,0.469804808290335,0,2.00689051778516,0,2.18824472372261,0.288312888566795,0.590977637770835
506,-0.0600000001013111,0.130000000101316,0.0595228921920922,0.00999999991393206,0.0050000002018962,0.0476079745468821,-0.0099999999143145,-0.11339718967198,0.0559944983827773,0.750992652090539,-3.34338167208115e-06,2.00944344296313e-06,0.660334844700384,-0.0116600771823055,-0.0526944294229574,0.0519979897734788,-1.34904707281346e-14,-2.15706931528257e-14,0.000212787417664164,6.63648812901777e-15,4.53783643445755e-15,4.40116660742922e-05,-8.78829906620036e-15,7.3230805421783e-07,4.36477592363303e-05,1.11348926504396e-09,-1.30519837602788e-09,-0.00015484580308925,-1.89732451880203e-07,2.2260028398305e-06,2.34774045963443e-14,-0.4,0.4,0.15,0.200459157236081,0.4,0.15,0.4,0.4,0.25,0,0,0,0,0,0,0,0,0,0.550985020967068,0,0.148992497796873,0,0,0,0,0,0,0,0,0,0,0,0,0,0,0,0,4.76879961579996,5.95555037935384,5.21759849794141,5.50675149721238,0,0.453534593238658,0,0,0,0,0,0,0.96682719805681,0,0.529302411154918,0.412063860843082,0.228416549515807,0.663872073898494,1.01025622727971,0,0.452493423859232,0.47119058057566,0,1.99947569609024,0,2.18072009921886,0.287543269248503,0.587063086602692
507,-0.0600000001013111,0.130000000101316,0.0595024017189407,0.00999999991393222,0.00500000020189627,0.04760885477955,-0.00999999991431461,-0.11339717502698,0.0559953713376164,0.750993674549629,-3.34337881723896e-06,2.00943146580538e-06,0.660333681865402,-0.011660080976752,-0.0526943849049461,0.0519979897734789,-1.34917774471533e-14,-2.15730078961707e-14,-0.00224952317982645,8.78326267173187e-15,3.60979281336018e-15,4.40116010525046e-05,-1.05368478017698e-14,7.32192476600104e-07,4.3647724852849e-05,1.11342520681454e-09,-1.30514376774079e-09,-0.000154833505378976,-1.89712294352198e-07,2.22579930915151e-06,-8.62470316467517e-15,-0.4,0.4,0.15,0.218650760234445,0.4,0.15,0.4,0.4,0.25,0,0,0,0,0,0,0,0,0,0.534311301618198,0,0.157017616361461,0,0,0,0,0,0,0,0,0,0,0,0,0,0,0,0,4.79335195061472,5.96594134467592,5.23608854761026,5.52320474768038,0,0.439749708094596,0,0,0,0,0,0,0.954525415366353,0,0.524926804462774,0.398775682452108,0.21769473098295,0.651808571806244,1.00038780052699,0,0.449894050492696,0.469666882929561,0,1.98544350607769,0,2.16728965422328,0.288585931460352,0.576775817836217
508,-0.0600000001013111,0.130000000101316,0.059506918874839,0.00999999991393238,0.00500000020189633,0.0476097350109185,-0.00999999991431471,-0.113397160384292,0.0559962442917689,0.750994696925717,-3.34337596284445e-06,2.00941948971638e-06,0.660332519121188,-0.0116600847707952,-0.0526943403910052,0.0519979897734788,-1.34932351305863e-14,-2.15762796616563e-14,0.00267660811318952,1.08751495529604e-14,2.64210721216461e-15,4.40115360969662e-05,-3.57632158350702e-15,7.32076917346307e-07,4.36476905424852e-05,1.11328949544946e-09,-1.30500033957997e-09,-0.000154821208622803,-1.89692134137024e-07,2.22559580666322e-06,2.30924126958639e-14,-0.4,0.4,0.15,0.258913038593652,0.4,0.15,0.4,0.4,0.25,0,0,0,0,0,0,0,0,0,0.53431135464308,0,0.150790773168993,0,0,0,0,0,0,0,0,0,0,0,0,0,0,0,0,4.82613195402104,5.97828062943129,5.26149836909566,5.54291421435666,0,0.417721139576398,0,0,0,0,0,0,0.93057104029883,0,0.513010454488203,0.372745089217418,0.195921064156077,0.629885866464995,0.982016991233746,0,0.439630132946699,0.46220528262976,0,1.95101010387708,0,2.14197651757374,0.285381257568697,0.556505544923213
509,-0.0600000001013111,0.130000000101316,0.0594981814639395,0.00999999991393253,0.00500000020189639,0.0476106152409872,-0.00999999991431481,-0.113397145743916,0.0559971172452345,0.750995719218809,-3.34337310866065e-06,2.00940751445724e-06,0.660331356467736,-0.0116600885644354,-0.0526942958811341,0.0519979897734788,-1.34891791815229e-14,-2.15789578824248e-14,-0.00351936931599777,4.24070348685269e-15,5.97864110128043e-15,4.40114711001103e-05,-5.23773464255399e-15,7.31961346844562e-07,4.36476561872909e-05,1.11313426841773e-09,-1.30491926433081e-09,-0.000154808912834318,-1.89671981023106e-07,2.22539232691252e-06,5.34853169683133e-15,-0.4,0.4,0.15,0.285984557119962,0.4,0.15,0.4,0.4,0.25,0,0,0,0,0,0,0,0,0,0.534310843668641,0,0.13944724006639,0,0,0,0,0,0,0,0,0,0,0,0,0,0,0,0,4.82880490645813,5.98339261003312,5.274051221528,5.53814629496325,0,0.414994113932785,0,0,0,0,0,0,0.917959427324293,0,0.497768370157368,0.351810762149183,0.181945251244076,0.612115288277184,0.971524355723379,0,0.416765563867449,0.433456405442917,0,1.88694308084832,0,2.09047935701709,0.263590894537567,0.531112481987508
510,-0.0600000001521622,0.13000000013506,0.0596003583891496,0.00999999988843482,0.00500000023542964,0.047611495469708,-0.0099999999357348,-0.113397131117288,0.0559979902014847,0.750996741433749,-3.34336515718711e-06,2.00939373998356e-06,0.660330193903575,-0.0116600923052151,-0.0526942513877133,0.0519979897736448,-2.31408816395985e-11,1.42577146117013e-11,0.0136512089182643,-2.43196599416581e-11,1.15125658986019e-11,4.40114063466493e-05,-3.04074156965766e-11,7.31858173274306e-07,4.36476225873594e-05,1.11273977451745e-09,-1.30552019077688e-09,-0.000154796619811728,-1.89949843219349e-07,2.22533596110964e-06,2.97254542051144e-13,-0.400000013751363,0.40000000849082,0.183319750783579,-0.400000014464009,0.400000006842731,0.25000000013324,0.399999981924028,0.400000007350714,0.250000000443051,0,0,0,0,0,2.14077308734874,0,0,0,0.543054116649418,0,0.112420591217889,0,0,0,0,0,2.19191985099796,2.85279796224619,0,0,0,0,3.36454500402627,0,4.17284955263133,0,0,5.04676094451976,5.95895542894321,5.32212387874994,5.68359249471302,0,0,0,0,0,0,0,0,0.739987999066447,0,0.526413861889287,0.224265644996445,0.105536573681917,0,0,0,0.527985193544571,0.467124819644465,0,0,0,0,0.348395748330117,0.567750829442362
511,-0.0600000001017353,0.130000000083299,0.059409071178492,0.00999999991362511,0.00500000009499157,0.0476095711264005,-0.00999999991088421,-0.113397137329222,0.0559960981885858,0.750997652034212,-1.57370961710674e-06,3.56130714715394e-06,0.660329158269588,-0.011659991081966,-0.052694233381519,0.0519968883268426,5.56308280126454e-13,6.19381560928794e-13,-0.032548929532317,-1.31326307667014e-10,2.10433178282011e-11,-1.92605958867344e-06,-8.50118483899856e-11,1.34568627934899e-06,-9.71650589876323e-07,2.30520018416123e-06,4.45421125982611e-05,-0.000124626760143158,8.9582563500216e-07,1.96047956398309e-06,3.77631179104652e-05,-0.399999999659592,0.400000000371221,0.22977383181852,-0.399999999728064,0.400000000208265,0.249999999986172,0.399999999900865,0.400000000282324,0.250000000007573,0,0,0,0,0,2.14049594241987,0,0,0,0.543303498317482,0.000228745871922436,0.109946374910181,0,0,0,0,0,2.19824882267157,2.83549997288952,0,0,0,0,3.30135241796386,0,4.1543458575164,0,0,5.05387491093214,5.9606241560716,5.3286673588177,5.68583170818602,0,0,0,0,0,0,0,0,0.728017406364542,0,0.517677395478613,0.212130742515137,0.0962109036416684,0,0,0,0.520761788755064,0.461188545002315,0,0,0,0,0.345268706128842,0.559834527433608
512,-0.060000000101311,0.130000000088088,0.0584447303446965,0.00999999991353068,0.00500000006418156,0.0476088857888156,-0.00999999991381245,-0.113397115686097,0.0559954192575419,0.750998466530752,-1.51447701533778e-06,3.60905714971735e-06,0.660328231933154,-0.0116599894874277,-0.0526941942869902,0.0519969416304723,-8.79222082295247e-15,1.21895527854826e-13,-0.05,7.34376316429162e-12,1.54248458131035e-12,-4.04794587965829e-05,6.90477917574055e-12,7.33760557202947e-07,-4.01727236391962e-05,3.41551891385785e-08,5.21580087500273e-07,-0.000122823280665566,-6.119881173259e-08,1.96178523857958e-06,-3.67818692924311e-06,-0.4,0.4,0.25,-0.4,0.4,0.25,0.4,0.4,0.25,0,0,0,0,0,0,0,0,0,0.548760569008017,0.0484048420722738,0.0597976984301051,0,0,0,0,0,2.15237662408538,0,0,0,0,0,0,0,0,0,0,5.06582434392675,5.93171131773891,5.30257672951165,5.694958932154,0,0.736315181984505,0,0,0,0,0,0,0.629752306151657,0,0.474910419598968,0.122655605152484,0.0751981890320141,0,0.817815322372083,0,0.554942828001547,0.533732554264858,0,0.945304822074107,0,1.133367869364,0.486275462965415,0.647481117280485
513,-0.060000000101311,0.130000000101316,0.0579854203549712,0.00999999998823542,0.00500000015190971,0.0476109328865265,-0.00999999991424731,-0.113397229370368,0.0559962967661072,0.750999256987017,-1.66232320249659e-06,7.27406079105524e-07,0.660327332947105,-0.0116600586523543,-0.0526942586733855,0.0519978149347078,2.46381070470143e-15,1.08366307933697e-13,0.00380000194975325,-4.01169851168468e-11,7.77479950524392e-11,7.7077061734438e-06,2.17641783275226e-10,9.02456436674853e-06,-2.29501990577818e-05,-6.80660329766581e-05,-3.33050645995913e-05,-0.000143849549130718,4.58667044204898e-08,8.45758578340559e-06,-3.64414361910148e-05,-0.4,0.4,0.193891978610346,-0.4,0.4,0.25,0.4,0.4,0.25,0,0,0,0,0,0,0,0,0,0.556324815948362,0.047256877985125,0.0586791396095406,0,0,0,0,0,2.15837661264738,0,0,0,0,0,0,0,0,0,0,5.04468553168737,5.90926229572157,5.28560079401194,5.668347033397,0,0.732137344117271,0,0,0,0,0,0,0.610306776500616,0,0.462754194786244,0.103504478650293,0.056780022707011,0,0.798311807749819,0,0.543136954531343,0.516515434532479,0,0.925418639471637,0,1.11342246693598,0.46979136255576,0.633241305117959
514,-0.060000000101311,0.130000000101316,0.0583224956665974,0.0100002103237632,0.00500000015213892,0.0476117646409898,-0.00999999991378243,-0.113397172710803,0.0559963680222613,0.751000521662367,-1.46524257275073e-06,7.90853945939251e-07,0.660325894612259,-0.0116599755414697,-0.0526941753329293,0.0519977553203129,-1.45947846950765e-14,1.28399620845532e-13,0.0297776410184773,9.98410006038494e-06,1.13663588785756e-11,4.87892844015058e-05,-1.91144750198566e-11,3.70508805817815e-06,1.17606064291068e-05,-2.18207986786362e-06,1.19719402904635e-07,-0.00018877780505361,3.65589906622735e-06,4.46491300395801e-06,4.57481265534633e-06,-0.4,0.4,0.167228885678897,-0.4,0.4,0.25,0.4,0.4,0.25,0,0,0,0,0,0,0,0,0,0.56969820592627,0.0382896287382991,0.0597784938982283,0,0,0,0,0,2.16571015604317,0,0,0,0,0,0,0,0,0,0,5.00500759966172,5.87659757558713,5.2591911913549,5.62241398389394,0,0.747107206072142,0,0.00924454485379152,0,0,0,0,0.608690284475319,0,0.463581438439038,0.0925969172811709,0.072748012276089,0,0.80962627525916,0,0.524648768201824,0.47584177754208,0,0.890542239702316,0,1.0914769913469,0.455993142861708,0.624190344487779
515,-0.060000000101311,0.130000000101316,0.0589107331812507,0.0100019841085036,0.00500000015156465,0.0476126355442367,-0.00999999991186513,-0.113397064037991,0.0559965819317718,0.751004461104719,-7.89933453527641e-07,1.96249250025008e-06,0.660321414185513,-0.011659334134577,-0.0526940173523972,0.0519977707640281,-9.73278063333785e-15,1.34826577099395e-13,0.029049748600291,8.24647834293749e-05,-3.66264860082454e-11,4.35077657545994e-05,9.13949087527036e-12,1.29869674431835e-05,1.08361743244283e-05,-5.83361525252992e-05,-6.28800729628401e-06,-0.000557480829968485,2.77505010238989e-05,1.2276428131768e-05,-1.07555576743336e-06,-0.4,0.4,0.165785270197664,-0.4,0.4,0.25,0.4,0.4,0.25,0,0,0,0,0,0,0,0,0,0.582896073685371,0.0407959758157544,0.0523147763420258,0,0,0,0,0,2.20801176410758,0,0,0,0,0,0,0,0,0,0,4.9423111767217,5.82982326222457,5.21417815103504,5.55795628791122,0,0.785407230624707,0,0.0547582398147961,0,0,0,0,0.610401025908207,0,0.466751883734774,0.0813641499738652,0.0962475794625575,0,0.832594084016158,0,0.507562095156405,0.434003757697623,0,0.858520600263322,0,1.08071232826755,0.448887452872088,0.625233524106212
516,-0.060000000101311,0.130000000101316,0.0594990107988201,0.0100055313280125,0.00500000015039886,0.0476136416104706,-0.00999999990997403,-0.113396723769254,0.0559966623669814,0.751011916709749,-1.78583996779811e-07,2.72019257618367e-06,0.660312934591493,-0.0116580544766902,-0.0526936072800995,0.0519977439964951,-1.3486076499794e-15,6.06045671193423e-15,0.0297743914797311,0.000172545962912356,-2.74468204024142e-11,5.18605822440807e-05,2.86604629552736e-12,2.93620045644773e-05,1.05882677177945e-05,-8.18233276236959e-05,-8.92549374571118e-06,-0.00110044315639773,6.06791883114408e-05,2.83036162622604e-05,1.07581390477158e-06,-0.4,0.4,0.152074823703177,-0.4,0.4,0.25,0.4,0.4,0.25,0,0,0,0,0,0,0,0,0,0.590938756492211,0.041891465395153,0.0534088251111926,0,0,0,0,0,2.23607698523188,0,0,0,0,0,0,0,0,0,0,4.88287875150273,5.78535199076987,5.16504255652941,5.50318818574318,0,0.824000705255092,0,0.095059820669768,0,0,0,0,0.628942459704161,0,0.482633472937443,0.096485760003796,0.0997701643669332,0,0.832126616470646,0,0.507656077600593,0.41683609847896,0,0.853864582492948,0,1.05704755132331,0.420120737119808,0.615410596466869
517,-0.060000000101311,0.130000000101316,0.0600000000001655,0.0100108469222262,0.00500000014997152,0.0476148308545124,-0.00999999990874359,-0.113395964723247,0.0559967469714528,0.751023671050582,2.94012757692035e-08,3.05514244893067e-06,0.660299565462736,-0.0116560600121497,-0.0526927583080559,0.0519977373251132,-1.47348422617471e-14,-1.14166341706546e-14,1.50023708067164e-12,0.0002659790911388,-1.17506085858136e-11,6.02639748316103e-05,4.85356357428434e-13,4.31588064265268e-05,5.9155812704735e-06,-2.76372422657432e-05,-2.80476669984251e-06,-0.00178634071478229,9.94025810908057e-05,4.61007289047821e-05,1.92366443515116e-07,-0.4,0.4,0.193943417856237,-0.4,0.4,0.25,0.4,0.4,0.25,0,0,0,0,0,0,0,0,0,0.609853560006096,0.0313177282879025,0.0428250251177634,0,0,0,0,0,2.25080538951925,0,0,0,0,0,0,0,0,0,0,4.82710850253048,5.7346849142299,5.11565629014125,5.44613712661913,0,0.849094964617542,0,0.130178644926545,0,0,0,0,0.629858727034655,0,0.486665912395212,0.0982572834228622,0.10144398687661,0,0.829499477078607,0,0.501247032737497,0.400007259809297,0,0.840893796046575,0,1.04053359199551,0.403194061183613,0.610171823391346
518,-0.060000000101311,0.130000000101316,0.0600000000077679,0.0100183188035944,0.00500000015044107,0.0476161522613086,-0.00999999990772022,-0.11339472915189,0.0559967978239855,0.751041517566286,2.24602710091929e-07,3.03707891415759e-06,0.660279266313902,-0.0116530771949974,-0.0526913833068728,0.0519977323611395,-1.54947288111413e-15,-5.31261175825132e-14,2.55740284462645e-14,0.000378257022128444,1.77027315935839e-11,6.5423990545092e-05,1.0325631296135e-12,6.42432900327591e-05,4.32952992322897e-06,-1.03054978049987e-05,-2.76188622577215e-06,-0.00274997134229295,0.000151425756492744,6.99451112422637e-05,1.88215097870637e-07,-0.4,0.4,0.193266262680516,-0.4,0.4,0.25,0.4,0.4,0.25,0,0,0,0,0,0,0,0,0,0.622950848078753,0.024643201505955,0.0361468442754182,0,0,0,0,0,2.26932528579485,0,0,0,0,0,0,0,0,0,0,4.78142332389281,5.68613665411475,5.06921930384883,5.39834067415874,0,0.868490325483971,0,0.162779275783688,0,0,0,0,0.626506724975487,0,0.489230726310467,0.101607406015037,0.100188614657,0,0.823142021736243,0,0.500137020408204,0.397000286423173,0,0.835467212445445,0,1.03210162575792,0.395581389811707,0.610339146035934
519,-0.060000000101311,0.130000000101316,0.0600000000079141,0.0100266808788362,0.00500000015078793,0.0476174923784938,-0.00999999990738492,-0.113393327437805,0.0559968365180851,0.751062049332062,3.29594593486503e-07,2.94859643919868e-06,0.66025591151517,-0.0116496627633684,-0.052689828059337,0.0519977271812087,-1.26376888731808e-14,-1.01889009285049e-14,1.07604070180217e-14,0.000420730566518799,1.08681878377778e-11,6.65380748290179e-05,-1.21352719122956e-12,7.04195286905005e-05,3.16763884551158e-06,-2.08054026606321e-06,-9.88277040696975e-07,-0.00313563145547347,0.000172089645796573,7.76487025236827e-05,1.81576952513083e-07,-0.4,0.4,0.193145299100627,-0.4,0.4,0.25,0.4,0.4,0.25,0,0,0,0,0,0,0,0,0,0.625148010730825,0.0235073252321958,0.0350267747706804,0,0,0,0,0,2.27338386855942,0,0,0,0,0,0,0,0,0,0,4.77281630329999,5.67797228732926,5.06073974807781,5.39004884255145,0,0.873755126473872,0,0.169598752655088,0,0,0,0,0.626623643753807,0,0.490154782914897,0.102001654866122,0.099872528759107,0,0.82264239814245,0,0.500785725758742,0.396874038003433,0,0.835402504984873,0,1.03142106971161,0.394744874004858,0.610710806470792
520,-0.060000000101311,0.130000000101316,0.0600000000079477,0.0100352350717164,0.00500000015089157,0.0476188256131266,-0.00999999990732969,-0.113391909477249,0.0559968867402902,0.75108317263459,3.550410014666e-07,2.92376343196118e-06,0.660231882317119,-0.0116461524525658,-0.0526882557822749,0.0519977262934937,-1.25663840655004e-14,-1.20301937472179e-14,4.84561518851687e-15,0.000428569934796255,2.81431305229771e-12,6.65293401280278e-05,-8.87689220049219e-14,7.08297921135684e-05,2.7362654057054e-06,3.88968973272614e-07,-1.68785445652087e-07,-0.00320758154379045,0.000175960954122529,7.85086155791405e-05,2.32376048855473e-08,-0.4,0.4,0.19310457596378,-0.4,0.4,0.25,0.4,0.4,0.25,0,0,0,0,0,0,0,0,0,0.625218564155308,0.0233932166391,0.0349995979801834,0,0,0,0,0,2.27428841704441,0,0,0,0,0,0,0,0,0,0,4.77309015318669,5.67822978143167,5.06088875328957,5.39043118132878,0,0.874435606113257,0,0.170107510445202,0,0,0,0,0.626775602900487,0,0.490344122793563,0.102049438135156,0.0998361975397574,0,0.822702957912488,0,0.501146253997086,0.397206536293985,0,0.835718326194811,0,1.03164569411711,0.394993299215186,0.61085924353828
521,-0.060000000101311,0.130000000101316,0.0600000000079648,0.0100440024585878,0.00500000015097395,0.0476201608994772,-0.00999999990725841,-0.113390456737752,0.05599693805506,0.751104950568543,3.71659957832888e-07,2.90591661263111e-06,0.660207106808014,-0.0116425366424766,-0.0526866433032101,0.0519977260729068,-1.25695045887547e-14,-1.21370722663355e-14,2.97711440923725e-14,0.00043957959960124,2.48054334703875e-12,6.66415637816468e-05,1.9509014319401e-13,7.27542664017235e-05,2.7005492174858e-06,1.28702359720358e-07,-2.22646496640089e-07,-0.00331032027413553,0.000181412520583561,8.06829781186702e-05,8.40618874272094e-09,-0.4,0.4,0.193066547566843,-0.4,0.4,0.25,0.4,0.4,0.25,0,0,0,0,0,0,0,0,0,0.625287805791333,0.0232052412543467,0.0350483032158177,0,0,0,0,0,2.27519832843715,0,0,0,0,0,0,0,0,0,0,4.77336433043074,5.6784777006664,5.06103399844867,5.39080803264848,0,0.875124384225009,0,0.170621591934681,0,0,0,0,0.626941768320569,0,0.490549189617572,0.102112985606102,0.0998165728421802,0,0.822776790078354,0,0.501511987601825,0.397543919318451,0,0.836036000947582,0,1.0318710223557,0.395247506433474,0.61101030804566
522,-0.060000000101311,0.130000000101316,0.0600000000079821,0.0100530090982317,0.00500000015105999,0.0476214990595383,-0.00999999990718253,-0.113388961406195,0.0559969898160611,0.751127468768484,3.86430568879529e-07,2.88840422965511e-06,0.660181487407622,-0.0116388018875866,-0.0526849824713177,0.0519977260903035,-1.2576293966269e-14,-1.21765884348093e-14,6.17565154058381e-15,0.000451736861833419,2.45841397816422e-12,6.67800424194337e-05,3.09220139897222e-13,7.48869607685362e-05,2.6862713685402e-06,3.10802194746791e-07,-2.23670229154329e-07,-0.00342446586184595,0.000187460517589669,8.31165509741668e-05,9.14163689010476e-10,-0.4,0.4,0.194324871905762,-0.4,0.4,0.25,0.4,0.4,0.25,0,0,0,0,0,0,0,0,0,0.625394887649732,0.0230414416695306,0.0349970662302595,0,0,0,0,0,2.27695107577824,0,0,0,0,0,0,0,0,0,0,4.77418000536251,5.68012884827595,5.06030843822162,5.39400041541684,0,0.878552171391382,0,0.171956962386825,0,0,0,0,0.62942366377166,0,0.492726716001823,0.105604414923156,0.095055855716432,0,0.818310486179841,0,0.50690168860734,0.404027069929254,0,0.843034017991798,0,1.03192084039485,0.393478510722814,0.610976210224151
523,-0.060000000101311,0.130000000101316,0.0600000000080129,0.0100620161934093,0.00500000015105961,0.0476228341926698,-0.00999999990718803,-0.113387473147902,0.0559970347062847,0.75114998196268,4.01884576396509e-07,2.87696835073848e-06,0.660155871940577,-0.0116350672061944,-0.0526833298883072,0.051997724168873,-3.23006825880496e-14,1.27276043484519e-13,2.49560690227354e-14,0.000450699819803202,8.41098083382655e-13,6.67921626258641e-05,-8.66169954882796e-13,7.46532258688435e-05,2.54451600980766e-06,-8.63565119559259e-07,-8.83854021413045e-08,-0.00341357712414182,0.00018690608483285,8.27992409917247e-05,6.64517227134346e-08,-0.4,0.4,0.194527036460653,-0.4,0.4,0.25,0.4,0.4,0.25,0,0,0,0,0,0,0,0,0,0.625528818281234,0.0231239400802073,0.034646802211852,0,0,0,0,0,2.27283388724897,0,0,0,0,0,0,0,0,0,0,4.7756124289319,5.68524672382518,5.06356984363507,5.39728930912201,0,0.880568425542152,0,0.173490877872261,0,0,0,0,0.632486037293117,0,0.494326422533023,0.104510348532819,0.0955434477703255,0,0.821023182403331,0,0.508557240992531,0.402454876255399,0,0.844220901623431,0,1.03275804673236,0.393487975494808,0.610884722707296
524,-0.060000000101311,0.130000000101316,0.0600000000079475,0.0100707416526478,0.00500000015097089,0.0476241615125658,-0.00999999990730277,-0.113386039127292,0.0559970916815897,0.751171633291806,3.76281261686131e-07,2.90244928073766e-06,0.660131235439688,-0.0116314708989526,-0.0526817404875408,0.0519977254643682,-1.22177288640567e-15,-3.02113642429284e-14,-3.37766297411601e-14,0.000435706170367243,-2.79638953682715e-12,6.65338253373771e-05,2.56934018941829e-13,7.15812115948312e-05,2.49157625900017e-06,1.18266838734433e-06,2.99900862452231e-07,-0.00327387525071879,0.000179508963455072,7.95275637050721e-05,-5.18490207493779e-08,-0.4,0.4,0.194455489434535,-0.4,0.4,0.25,0.4,0.4,0.25,0,0,0,0,0,0,0,0,0,0.625626067120654,0.0230274000377233,0.0345501018428032,0,0,0,0,0,2.27408548897372,0,0,0,0,0,0,0,0,0,0,4.77590930797554,5.68541409895966,5.06371153962091,5.3976118673143,0,0.881168457128485,0,0.173949886276338,0,0,0,0,0.632580224091407,0,0.494484002571457,0.104570636450449,0.0954844771029195,0,0.821002978808443,0,0.508824327707211,0.402735488324333,0,0.844429463291034,0,1.03285221801023,0.393649328977497,0.610931469751453
525,-0.060000000101311,0.130000000101316,0.060000000007964,0.0100799003893163,0.00500000015110554,0.0476255041027637,-0.00999999990714318,-0.113384512354934,0.0559971376178051,0.751194616543042,4.04175516377263e-07,2.87044335510955e-06,0.66010508159564,-0.0116276609911964,-0.052680043879234,0.0519977249156377,-3.38772239014728e-15,-2.70807109161034e-14,2.64048191201436e-14,0.000460369479402426,4.28298487715844e-12,6.6900672648555e-05,2.94234399040423e-13,7.67254672260982e-05,2.58452594995018e-06,-4.59718515265994e-07,-4.55052769422659e-07,-0.00350553869319717,0.000191751994194757,8.50609725400691e-05,2.57457105556049e-08,-0.4,0.4,0.194106042578491,-0.4,0.4,0.25,0.4,0.4,0.25,0,0,0,0,0,0,0,0,0,0.625808769512276,0.0212000068339616,0.0360099849065442,0,0,0,0,0,2.27800795270832,0,0,0,0,0,0,0,0,0,0,4.77652330038739,5.68499984570098,5.06411415411479,5.39740899197358,0,0.880117635286901,0,0.173626234505757,0,0,0,0,0.631760666379761,0,0.494001876350256,0.103970667117372,0.0949315881902636,0,0.820291238979976,0,0.507789587135565,0.401935949843969,0,0.843118028694349,0,1.03164860129291,0.392896870914906,0.609712239324075
526,-0.060000000101311,0.130000000101316,0.0600000000079658,0.0100934059709501,0.00500000015240999,0.0476269146539384,-0.00999999990587164,-0.113382117783674,0.0559971762254013,0.751231493760114,5.45078544445019e-07,2.57923393999764e-06,0.660063113248909,-0.0116216485833235,-0.0526773515633687,0.0519977294908809,-8.19724572640981e-15,-2.0034353728484e-14,3.40845054812293e-14,0.000729827311932046,2.2175233186902e-11,6.81571959975173e-05,7.54162239894748e-12,0.000125543130232832,2.79629403234332e-06,5.23975970463506e-06,-2.61319015031527e-06,-0.0061296450493674,0.000328943556499071,0.000141037014204072,-1.32058604911006e-07,-0.4,0.4,0.192499081533443,-0.4,0.4,0.25,0.4,0.4,0.25,0,0,0,0,0,0,0,0,0,0.626177363369453,0.0171839144532023,0.0392689102984232,0,0,0,0,0,2.29355642979375,0,0,0,0,0,0,0,0,0,0,4.77903618581763,5.68653232137517,5.06834125312463,5.39722725406817,0,0.87120842418685,0,0.171272742895645,0,0,0,0,0.626062077209341,0,0.488989907595977,0.096006485785588,0.0906775868086619,0,0.817490642634752,0,0.501652905921666,0.394717523700619,0,0.83548253994018,0,1.02691110536267,0.389388624720879,0.603790896162783
527,-0.060000000101311,0.130000000101316,0.0600000000079599,0.010164202001516,0.00500000015285303,0.0476285375701506,-0.0099999999039871,-0.113369688066822,0.0559972430271635,0.751457711560704,4.94386271154694e-07,2.12725338402005e-06,0.659805561617136,-0.0115863710873916,-0.0526629536712538,0.0519977362091894,2.17745155992586e-14,-2.84357083722376e-14,-3.12188769006944e-14,0.006230187172559,1.3378190695347e-11,7.88234146455742e-05,3.04640317901866e-12,0.00110498167681958,4.4768453067408e-06,-5.4814048630321e-06,-3.64591628308864e-06,-0.061567996157307,0.00315078537749962,0.00127877041669089,-4.83629155809525e-08,-0.4,0.4,0.19112326713592,-0.4,0.4,0.25,0.4,0.4,0.25,0,0,0,0,0,0,0,0,0,0.626580112027121,0.00612559436792837,0.049120884405446,0,0,0,0,0,2.30246484725655,0,0,0,0,0,0,0,0,0,0,4.78491763047827,5.68764849938229,5.07509444456841,5.39747168529215,0,0.863428519071287,0,0.15987050965121,0,0,0,0,0.620484144297701,0,0.485088000703522,0.0873633518847085,0.0877142702235558,0,0.816015190924495,0,0.492549592534236,0.384103020941708,0,0.823125864418351,0,1.01865691104324,0.38445393927857,0.593982690224758
528,-0.060000000101311,0.130000000101316,0.0600000000078729,0.0104072659451474,0.00500000015168315,0.0476305560574449,-0.0099999999042942,-0.113326456732859,0.0559974689979374,0.752256723159793,2.34834001778703e-07,2.2505671554182e-06,0.658894454220999,-0.0114627938607185,-0.0526128976584936,0.0519977654872937,2.49280188962996e-14,-6.7202271527709e-16,-1.25805374221261e-14,0.0180412848359382,-2.13669484011829e-11,0.000102921017055112,-5.92889865676892e-12,0.00324281131111235,9.52521002451795e-06,-2.08182887723963e-05,-1.43532384289492e-06,-0.18092139272708,0.00921449280400626,0.00374265847496549,-4.03621616380058e-10,-0.4,0.4,0.180356248172746,-0.4,0.4,0.25,0.4,0.4,0.25,0,0,0,0,0,0,0,0,0,0.628398987967426,0,0.0681752800919152,0,0,0,0,0,2.33807194399124,0,0,0,0,0,0,0,0,0,0,4.79892369402069,5.69042078544923,5.07468109822288,5.41466338124704,0,0.851330913703573,0,0.168412682954423,0,0,0,0,0.616366688176294,0,0.488299414613968,0.0909310055517361,0.0565050727013326,0,0.788102887205029,0,0.513023938862592,0.4169767840819,0,0.847253344302818,0,1.0189895433333,0.382550851232735,0.589601015488192
529,-0.060000000101311,0.130000000101316,0.0600000000081375,0.0109494822880888,0.00500000015056435,0.0476340785628461,-0.00999999990487105,-0.113227911111983,0.055997774726963,0.754042903924436,-1.57984479022072e-08,2.39838653455917e-06,0.656849614928397,-0.01118641667811,-0.0524998970431721,0.0519977915883566,2.33222540511168e-14,-1.70423902449691e-14,9.42183161837908e-15,0.036155958465987,-1.08513404239502e-11,0.000206740235802628,-3.21581302664181e-11,0.00666672291676551,1.39291462065758e-05,-1.45433455854367e-05,-5.91166096661859e-06,-0.36288602657669,0.0184661919421414,0.0075913932735224,6.01193163902883e-07,-0.4,0.4,0.177823797196578,-0.4,0.4,0.25,0.4,0.4,0.25,0,0,0,0,0,0,0,0,0,0.64156512355199,0,0.0679601701438209,0,0,0,0,0,2.37185342645384,0,0,0,0,0,0,0,0,0,0,4.79298860686228,5.65918381684139,5.06585093998849,5.38632148371518,0,0.850108305636461,0,0.155183444013298,0,0,0,0,0.638016150482838,0,0.511234073734646,0.114713046933452,0.0616502772618696,0,0.784818921135071,0,0.48697338564438,0.384217712357846,0,0.813621869289563,0,0.960421141962363,0.331154076113085,0.539874578272687
530,-0.0600000001013109,0.130000000101316,0.0600000000080787,0.0120373043413978,0.0050000001472334,0.0477168865402035,-0.00999999990335753,-0.113031498565236,0.0559978000954476,0.75698713546399,-2.16283660900771e-08,2.57087010231289e-06,0.653454433354079,-0.0107288994994717,-0.0522821255254701,0.0519976915308682,2.50121047401825e-14,-2.40203243574917e-15,-1.75789568631607e-14,0.0731428126418994,-1.49214883896055e-10,0.0084817336047504,9.8096669290198e-12,0.0132277518485605,1.34059942930886e-05,-0.000102480026382426,-1.86217136038335e-05,-0.530018469124441,0.026986246607193,0.0143844728377076,2.5084680832115e-06,-0.4,0.4,0.175107627039953,0.0605582888177559,0.4,0.25,0.4,0.4,0.25,0,0,0,0,0,1.53603967900608,0,0,0,0.622682054688713,0,0.0500714103083701,0,0,0,0,0,2.465490473014,0,0,0,0,0,0,0,3.19167852693305,0,0,4.76779910373191,5.5334661086267,4.99684369780696,5.30442151455165,0,0,0,0.215542949536659,0,0,0,0,0.637939237829427,0.0499691600132489,0.544474077659864,0.143434320182812,0.0757205928706674,0,0.764438868524792,0,0.464885265750396,0.366808173657955,0,0.752563830964718,0,0,0.299094399308562,0.482636383729325
531,-0.0600000001013109,0.130000000101316,0.0595356899857229,0.0116253920917432,0.00500000018293232,0.0476576390028818,-0.00999999994347415,-0.113088412282548,0.0559959018072987,0.756820042717232,8.64886637394127e-07,2.57397024717017e-07,0.653647975157588,-0.0107566577611539,-0.0523410274961775,0.0519970157048319,2.3188043907316e-14,-1.98219276479421e-14,-0.0462000062190457,-0.075,-2.90065496939597e-10,-0.00913978616449879,-4.30145934076319e-11,-0.0141942210540341,-9.97782509634042e-05,0.000518229615254457,0.000195367913043433,0.340461150311868,-0.017447141823698,-0.0149148554360691,-1.90688290667404e-05,-0.4,0.4,0.222541265853108,0.185938943066797,0.4,0.25,0.4,0.4,0.25,0,0,0,0,0,0,0,0,0,0.635540663469101,0,0.0355251082021598,0,0,0,0,0,2.42105116753704,0,0,0,0,0,0,0,3.22084775562139,0,0,4.67686115391644,5.44452305546646,4.91612126463529,5.20526294474761,0,0.452438260557603,0,0.232391281425319,0,0,0,0,0.620535529128554,0.182345308623484,0.526365949906781,0.143795938307283,0.0806806372671668,0,0.746473286155505,0,0.440124000911886,0.335832708051247,0,0.723346504216209,0,0,0.272717540995649,0.476835544624303
532,-0.0600000001013109,0.130000000101316,0.0585561587258374,0.0128974015099631,0.00500000012714429,0.0472312265003677,-0.00999999991166013,-0.112910979236332,0.05599578720964,0.756704922385059,-2.98619743685518e-06,1.05649373403969e-05,0.653781251466036,-0.0107749031152653,-0.0521637906389249,0.0519969501272009,9.290828367823e-15,-2.01331359388488e-14,-0.05,0.075,-3.7804439682198e-08,-0.0323497808166857,8.26582147922769e-09,0.0131159584062517,-0.000253620312197303,0.0044698561776178,-0.000777522776619231,-0.147194472550215,0.00757391653170655,0.0139798625862592,8.67275193441224e-06,-0.4,0.4,0.240756389861053,-0.00301632403367132,0.4,0.25,0.4,0.4,0.25,0,0,0,0,0,0,0,0,0,0.564121038247901,0.0296703408005607,0.062353338478352,0,0,0,0,0,2.43910621572172,0,0,0,0,0,0,0,3.13052775768254,0,0,4.55596796335986,5.2476956341211,4.77139535609597,5.03226824138497,0,0.500096588044766,0,0.308059319974769,0,0,0,0,0.608693142993863,0.293510022228651,0.542821315678126,0.177340813037003,0.150539157018425,0,0.779679216277659,0,0.38536704368575,0.304785018868614,0,0.64902688151557,0,0,0.277983081638328,0.46924287020768
533,-0.0600000000841299,0.130000000101316,0.0575758223399664,0.0147162066257046,0.00500000012155133,0.0464901166019966,-0.0099999999106777,-0.112622898971328,0.0559951979183964,0.757690418305766,-3.47831782853825e-06,1.1027393984126e-05,0.65263887849216,-0.0106212880839222,-0.0518689854331144,0.0519969788141583,3.12507535401201e-15,-2.7585570852487e-14,-0.0480434194848346,0.075,-2.177367307201e-08,-0.0405318438910219,3.67588068575841e-09,0.0148811567870189,-5.92595069319049e-05,0.00196102324855518,-0.000623273604581231,-0.154288380833504,0.0078788756136269,0.0153295339479947,7.17953522821916e-05,-0.4,0.4,0.25,0.0632809514011456,0.4,0.222469221001145,0.4,0.4,0.15,0,0,0,0,0,0,0,0,0,0.55912928356808,0.184750298168052,0,0,0,0,0,0,0,0,0,0,0,0,0,0,0,0,0,4.34062757662273,4.98161571569121,4.53030097650778,4.79194231580616,0,0.493719327941799,0.0234521849401361,0.278561786118706,0,0,0,0,0.557728507645094,0.402350830809155,0.541387744145617,0.202894169221657,0.0697075574294857,1.26074011577687,0.723244536751538,0,0.334364074409852,0.358100727270643,0,0.649407398872797,0,0.814923593004754,0.22491419541362,0.436352521785377
534,-0.0600000001013109,0.130000000101316,0.0569501218790983,0.0162287943231494,0.00500000014717803,0.0462889556015416,-0.00999999990877336,-0.112351185122211,0.0559966366362862,0.75934886216059,-3.88293580517256e-06,6.37012518718088e-06,0.650708548951544,-0.0103622180412746,-0.051587020337594,0.0519977771666569,-1.35490543220687e-14,-2.16047279265334e-14,-0.0146933842493411,0.075,-4.60306970981755e-09,0.00641142980993678,2.30026785809731e-09,0.0141056619953283,-3.13192616616897e-05,0.00149159967940023,-0.000131459105854081,-0.383284736822384,0.0195581324232513,0.015072423683416,2.28873941842315e-06,-0.373262736293334,0.4,0.209235076501309,0.0604818254565422,0.4,0.15,0.4,0.4,0.15,0,0,0,0,0,0,0,0,0,0.551386151227811,0.176152827955974,0,0,0,0,0,0,0,0,0,0,0,0,0,0,0,0,0,4.27481326584665,4.84353092038766,4.43761412610916,4.68073006012515,0,0.562945766204918,0.129949959789817,0.357492100043002,0,0,0,0,0.53817967586918,0.475531219960989,0.54247243201909,0.224060278822657,0.0648757517035884,1.20660094336502,0.684668351318119,0.00943858069702037,0.294743785222168,0.341735560571487,0.00562516698592406,0.595862949814502,0,0.742352301032946,0.182812315278181,0.381241251688863
535,-0.060000000094676,0.130000000101316,0.0564356264413283,0.0176019173131937,0.00500000015300957,0.0462440612040484,-0.00999999991113877,-0.112046699302904,0.0559974116430694,0.762688547788468,-3.24455467583356e-06,9.77025764952036e-06,0.646791020396921,-0.00983789433694351,-0.0512652808092319,0.0519974937684661,7.87144094919712e-15,-2.16066863097855e-14,-0.0366466442946065,0.0633056657719899,1.04165429681681e-09,-0.000980565174989563,-3.86394809991699e-10,0.0157064700811017,4.31375788275716e-05,-6.8035599593403e-05,7.82845863819211e-05,-0.621347740165856,0.031644199158657,0.0165872235714068,-4.55431466549768e-06,-0.308847653088227,0.4,0.227603695809322,0.0750435782051965,0.4,0.162086289585247,0.4,0.4,0.15,0,0,0,0,0,0,0,0,0,0.507739997329863,0.126529585468408,0,0,0,0,0,0,0,0,0,0,0,0,0,0,0,0,0,4.21959457578044,4.65123273433517,4.32422748331279,4.54659982680283,0.0641282769704385,0.600256317449063,0.233252874192905,0.431131720226596,0,0,0,0,0.484460965030681,0.596735221047755,0.525741456158252,0.244382817836796,0.0806523939775265,1.14531010854675,0.623520085646502,0.0616294094799081,0.245852677416273,0.327587636463771,0.0660779517857153,0.507362362094329,0,0.646421428648285,0.163856581273964,0.32460895373744
536,-0.0600000000789252,0.130000000101316,0.0557150209072349,0.0190519284013471,0.00500000014994174,0.0462368680835091,-0.00999999991146958,-0.111678531584737,0.0559983056132435,0.76736491732222,-3.13287299704681e-06,8.40379548993867e-06,0.641236145216113,-0.00909783995305931,-0.0508800717777934,0.0519975792985516,2.10325616201048e-14,-2.16111602736729e-14,-0.0354200384339442,0.075,-3.44195980805585e-09,-6.3766998801878e-05,7.02812296286075e-10,0.0205998262947364,3.76265549158873e-05,0.000359350896206211,-0.000786201470646776,-0.811734562097617,0.0413714523158084,0.0212382401700856,1.11354254046539e-05,-0.269851482450277,0.4,0.25,0.035064163880549,0.4,0.170515344743746,0.142660671472574,0.4,0.179339247350016,0,0,0,0,0,0,0,0,0.248590370996532,0,0,0,0,0,0,0,0,0,0,0,0,0,0,0,0,0,0,0,4.12018339124555,4.63370020721409,4.25296381700707,4.50091978145256,0.172748089225903,0.755229785387301,0.360590108464903,0.567387766148303,0,0,0,0,0.522055291849344,0.297581625689149,0.516144268043673,0.30349264949482,0.0998602286357503,1.13464662407696,0.585374735589482,0.109159662656295,0.305950024914228,0.345040572354814,0.0721770221378353,0.578813575131207,0,0.642133116275691,0.141407489683644,0.384480588292681
537,-0.0600000000939178,0.130000000101316,0.0549877183604503,0.0204892900461107,0.00500000015607543,0.0462366010317235,-0.00999999991367169,-0.111290608331264,0.0559992468844144,0.772098080972728,-3.05110186114082e-06,8.55752937034384e-06,0.635529337535164,-0.00834166085191546,-0.0504839633969814,0.0519976312425318,-2.69746018641997e-14,-2.16034238347906e-14,-0.0373008124387252,0.0674094030420858,-1.49492698341932e-09,-3.32113102895048e-06,4.11810563049746e-10,0.0183834005723353,3.48340007666595e-05,0.000181813940432389,-9.35840944243127e-05,-0.695991706316181,0.0355169275958448,0.0186170105736773,2.683582788072e-07,-0.4,0.4,0.25,-0.172480478045727,0.4,0.210878553710296,-0.182348665661013,0.4,0.184119582253364,0,0,0,0,0,0,0,0,0.810999212621032,0,0,0,0,0,0,0,0,0,0,0,0,0,0,0,0,0,0,0,3.91712261519653,4.63134462562745,4.14205262485879,4.40641461596518,0.179373275905832,0.942612597090831,0.458815786733676,0.663170086262987,0,0,0,0,0.533213205386116,0.277916284782355,0.451161333774142,0.359968156394328,0.0699773192064994,1.13544653833491,0.516807090578739,0.148104376688729,0.339259330870038,0.361472816341018,0.0058357488864548,0.6948963983246,0,0.678490679619629,0.0714815056910507,0.483032618618999
538,-0.060000000249619,0.130000000145791,0.0542210612484727,0.0207699610348725,0.00500000013352611,0.0462450308188765,-0.0100095090407892,-0.111205842101497,0.0560000140515125,0.773125947574571,-4.94358080081719e-06,-8.64946528980513e-07,0.634278565921168,-0.00818632052587902,-0.0503989031844356,0.0519980101020486,-1.41591198807458e-11,-6.6552138010511e-11,-0.0393546301244729,-0.0180123724124075,-5.70757114189642e-10,0.00150064225530751,-0.00167722103815518,-0.00415091380632379,6.45227540671029e-05,-0.000623170526919606,0.000176660198956628,0.11826605238145,-0.00775865573865964,-0.00420126564143776,-1.40548996930351e-05,-0.400000008410968,0.399999960438911,0.250000001885791,-0.137879005525692,0.399999945021522,0.223388163550386,-0.26621234492304,0.399999943121069,0.180787781165306,0,0,0,0,0,0,0,0,0.911951123521306,0,0,0,0,0,0,0,0,0,0,0,0,0,0,0,0,0,0,0,3.79260337011795,4.61978966692241,4.05711402694989,4.35527901009046,0.118620111006002,0.970589925342997,0.42806999169356,0.661140044655442,0,0,0,0,0.53467284400639,0.251105509410952,0.430776371617078,0.355001981800265,0.027098835132714,1.17106254329228,0.506168652290739,0.142305232882025,0.399384279590507,0.403906072953508,0.0136483307862434,0.78964202175777,0,0.76113787150447,0.0890406114599043,0.576945272839534
539,-0.0600000001013108,0.130000000101316,0.053493396954144,0.0200115402603358,0.00500000020684011,0.0463398602823177,-0.0104757154773618,-0.111267167089161,0.0560010314643948,0.773071935416422,-7.39072502022994e-06,-2.20522336927001e-06,0.634344396607847,-0.00866029742737359,-0.0504598385844401,0.0519979631993977,1.51572505335881e-14,-2.62645854229581e-14,-0.0334413797690894,-0.0592241814397937,1.59026935841774e-09,0.00766462054595211,-0.0413548070652123,-0.00304230869226127,5.89801306424527e-05,-2.67121829243374e-05,5.86351850278493e-05,-0.0428614323951427,-0.0391356137858115,-0.00309706917274853,9.43621985136238e-06,-0.4,0.4,0.25,-0.334001819027355,0.4,0.216925826013817,-0.4,0.4,0.165308479197607,0,0,0,0,0,0,0,0,1.15506682309943,0,0,0,0,0,0,0,0,4.77114887169463,0,0,0,0,0,0,0,0,0,0,3.51909649499301,4.5170663746143,3.81957991056671,4.2165829590406,0,0.90537663624624,0.22855526269064,0.547755836818589,0,0,0,0,0.521541733753297,0.281891721617623,0.405090987204541,0.398342468166378,0,0,0.452844933175924,0.145298073910265,0.520816324755036,0.581965054269609,0.06469142364637,1.02043291776761,0,0.951736806495075,0.130102407228419,0.767388523511496
540,-0.0600000001013106,0.130000000101316,0.053365259976006,0.0184819451558646,0.00500000019932407,0.0464084798778739,-0.0122993154618436,-0.1111793380824,0.055874113947659,0.774432516831006,-7.84730853002325e-06,-4.6414543535191e-06,0.632682647723807,-0.00982677124593729,-0.0504591707099274,0.0519972924253695,-1.34908487144228e-14,-2.16190898419575e-14,0.0203586584389107,-0.075,1.59640246898817e-09,0.00166253316076854,-0.075,0.00606770983744482,-0.00446475073973368,-0.0111773839423236,-0.00175583731637989,-0.267041731269334,-0.0745447040017647,0.00320850735330519,0.000380772199489746,-0.4,0.4,0.166848218312891,-0.4,0.4,0.15,-0.4,0.4,0.15,0,0,0,0,0,0.856544191150211,0.0336913006840585,0,1.22132039542731,0,0,0,0,0,0,0,0,4.21080335538948,0,1.27138160264047,0,0,0,0,0,0,0,0,3.19509790411294,4.49293242781009,3.56591148457484,4.12211884734818,0,0,0,0,0,0,0,0,0.796297913981369,0.563751562174799,0.5788205038387,0.78122897231747,0,0,0.281723035638961,0,0.732677189367393,0.881450681232912,0.034434483846614,1.50504294375261,0,1.84162764025989,0,0.826626617805089
541,-0.060000000101311,0.130000000101316,0.0542274532371274,0.0167819831000554,0.00500000020605969,0.0463330906473629,-0.0142740866830586,-0.111090213584067,0.0558171607348659,0.77587269721361,-8.64543295711018e-06,-4.31360860851364e-06,0.630915715252285,-0.0114531379557276,-0.05039682730419,0.0519970096619633,-1.35493343557412e-14,-2.16106736539543e-14,0.05,-0.075,8.63753130496174e-09,-0.00359383337661704,-0.075,0.00471158516513027,-0.00313366247494874,-0.00666807133721275,-0.00650774869423414,-0.229045715948526,-0.0858907579100561,0.00302482905445694,0.000536305116572064,-0.166847579602878,0.4,0.15,0.281733854700309,0.4,0.216157770028019,0.12492779092232,0.4,0.25,0,0,0,0,0,0,0,0,0.401319414650095,0,0,0,0,0,0,0,0,1.61985644017854,0,0,0,0,0,0,0,1.49322240986474,0,0,4.32913775112913,4.57873128340078,4.33983814652955,4.56803088800036,0.425419344710437,0.750542142335422,0.503786017310591,0.672175469735268,0,0,0,0,0.432998258222687,0.352267220901542,0.425406609783698,0.359858869340531,0.144333177522166,0,0.362188952639117,0.187524814383661,0.295432955796251,0.32381813673376,0.171510195155602,0.447740897374409,0,0,0.108292538011021,0.275406842417537
542,-0.0599814159912597,0.130000000101316,0.0547631434069857,0.0178724475784288,0.00500000020389526,0.0459949810781838,-0.0146104066933971,-0.11078755785266,0.0558195595966793,0.775973984528073,-3.8685971848231e-06,1.59788172898344e-05,0.630791138985769,-0.0118358754530241,-0.0500853972019281,0.051997231965916,0.00184916732911871,-2.1286572870113e-14,0.0037999631867567,0.075,-2.31716769302089e-08,-0.0272230416483066,0.033977098642254,0.0130820502145592,0.000305553542563224,0.0028852315845413,0.00129864521012858,0.0923385416144309,0.0267182686024148,0.0136122136684199,7.2329847791837e-05,-0.166855992242972,0.4,0.181615176328036,0.130316122795945,0.4,0.233626015248678,-0.118012838748985,0.4,0.25,0,0,0,0,0,0,0,0,0.624140835063366,0,0,0,0,0,0,0,0,1.53370530611493,0,0,0,0,0,0,0,1.39232537006249,0,0,4.37307728016573,4.54348365988402,4.3380735914398,4.57848734860995,0.521759303820669,0.77486682775362,0.559754687057764,0.736871444516525,0,0,0,0,0.429383783074327,0.370755364912621,0.449548186893398,0.35059096109355,0.155279231544478,0,0.376106220762871,0.180028545926151,0.294771458136727,0.333263495103336,0.211393728374001,0.416641224866062,0,0,0.137951762243473,0.246078809698663
543,-0.0599999979875296,0.129999999068859,0.054494384982881,0.0195814349453375,0.00500000138807548,0.0454711363556194,-0.0141875108127185,-0.110496733388007,0.0558196591971135,0.776900143853755,-1.80192408212747e-06,1.32469671597957e-05,0.629650115881324,-0.0112636247080444,-0.0497945789866198,0.0519973068459271,9.01022476542789e-11,1.85057348437469e-10,-0.0305043322387903,0.0749999999944835,-1.61877970840606e-08,-0.0250660975720808,0.0135669953348712,0.0185995534818557,3.35528325136893e-05,0.00131414592207822,-0.000888520824305479,-0.287228641951167,0.0281754704374125,0.0183437375961519,8.33688545688991e-05,-0.399999946395122,0.400000110121887,0.149999998811563,-0.40000000327588,0.400000039838454,0.150000000383089,-0.400000041984652,0.400000077058033,0.150000003948944,0,0,0,0,0,0.89483873229245,0,0,1.10407455206059,0,0,0,0,0,0,0,0,0,0,1.16753928897991,0,0,0,0,0,0,0,0,3.07758852244086,4.52173067133282,3.50418891132749,4.09513028244618,0,0,0,0,0,0,0,0,0.938163001670977,0.616265567107577,0.646363853160392,0.908064715618164,0,1.19708178106774,0.25896576810167,0,0.815786724190159,0.907485048109693,0.0830445453472547,1.64022722695259,0,1.74320421711216,0,1.53059861164358
544,-0.0600000001013106,0.130000000101316,0.0544249888621119,0.0190745813001589,0.00500000018052638,0.045539773059332,-0.0157532014188287,-0.110208171211249,0.0560671967709758,0.778930724674387,-7.94411244832985e-06,-1.59281866754147e-07,0.627136415303026,-0.0116501705765376,-0.0496954498437166,0.0519978672221906,-1.34992595805334e-14,-2.16181625604913e-14,0.0232957284907054,-0.075,1.04438224957813e-08,0.0143089713221779,-0.075,0.00652300211194064,0.0133236047983963,0.0133769651346012,0.00190628127273132,-0.456716834230335,-0.055857993264589,0.000638152245973874,-0.000452503712110751,-0.4,0.4,0.161625550977088,-0.4,0.4,0.15,-0.4,0.4,0.15,0,0,0,0,0,0.85681290091727,0.00658011833007591,0,1.21451170068547,0,0,0,0,0,0,0,0,3.92048390525824,0,1.29454130547781,0,0,0,0,0,0,0,0,3.19558737167729,4.4244687054802,3.52782180276912,4.09223427438837,0,0,0,0,0,0,0,0,0.77932161701695,0.57951248770753,0.567811749291195,0.791022355433285,0,0,0.219559465893124,0,0.736954963638928,0.894673732396378,0.108808077586932,1.48735151966554,0,1.71908969339046,0,0.781571338173578
545,-0.060000000101311,0.130000000101316,0.0553220359927562,0.0173758801073428,0.00500000020469378,0.0454538353916754,-0.0177138573485589,-0.110069102058052,0.056035662883377,0.781545101535776,-9.3344067672285e-06,-2.41480877984072e-06,0.623875387929676,-0.0130257709552117,-0.049611506626634,0.051996959560651,-1.35494604483828e-14,-2.16095200948706e-14,0.05,-0.075,8.76800896929098e-09,-0.00941199461121946,-0.075,0.00699541473939218,-0.00320623569819291,-0.00937188508793946,-0.00461322598964769,-0.384938200185932,-0.0773530941700745,0.00425720185762305,0.000420903486563627,-0.12414274502761,0.4,0.15,0.307417060812927,0.4,0.236716209470385,0.0415258744609907,0.4,0.25,0,0,0,0,0,0,0,0,0.539316278672654,0,0,0,0,0,0,0,0,1.34496802670869,0,0,0,0,0,0,0,1.1939758209517,0,0,4.31152487944025,4.4563215594279,4.27283289861014,4.49501354025801,0.557339069828436,0.802397194773289,0.604553660042967,0.755182604558758,0,0,0,0,0.394865973851651,0.387714915703922,0.400296764100593,0.38228412545498,0.169437059258947,0,0.31227065940717,0.227755224021692,0.268533629996361,0.327885368588102,0.20306440708427,0.393354591500193,0.0431047154036562,0,0.115038302390846,0.238825690066904
546,-0.0599684563850641,0.130000000101316,0.0558577266670417,0.0185401775243072,0.00500000019472002,0.0450437899951916,-0.0184124075173862,-0.109599839393426,0.0560358571575689,0.782832436890928,-7.3631456210952e-06,1.5942377808781e-05,0.622259306108835,-0.0135356077500033,-0.0491519447998214,0.0519972917498644,0.00313868017133752,-2.16230826800327e-14,0.00380003945606711,0.075,-3.95382570290262e-08,-0.0302822596123245,0.000708561974191478,0.0238038996898269,-8.63848524650427e-05,0.00431718820077235,0.00113461781911071,-0.216793049433398,0.0117067477648423,0.0235729273900552,9.90772577527742e-05,-0.4,0.4,0.15,-0.4,0.4,0.15,-0.4,0.4,0.15,0,0,0,0,0,0.894834840587558,0,0,1.18740636218283,0,0,0,0,0,0,0,0,0,0,1.13156283880127,0,0,0,0,0,0,0,0,3.04165839025913,4.42429004110248,3.44764612708297,4.01830230427864,0,0,0,0,0,0,0,0,0.896288202987825,0.619343648143063,0.613471444840289,0.902160406290599,0,1.11294704856892,0.216761909127096,0,0.797779546939571,0.90907238033759,0.101054843794957,1.6057970834822,0,1.65750424565985,0,1.47514168255755
547,-0.060000000101311,0.130000000101316,0.0562499835999897,0.017943914550774,0.00500000018656165,0.04510162352352,-0.0200760812294916,-0.109266380794679,0.0562362867431089,0.785371412200727,-8.20615359511533e-06,3.42362529715298e-07,0.619051774708561,-0.0141276044584201,-0.0489944676437095,0.0519979106721459,-1.3549541860659e-14,-2.16088676937719e-14,0.0352683147427131,-0.075,1.41771211518042e-08,0.0140959398959843,-0.075,0.00913727571999688,0.00752628795587049,0.0173178852913734,0.00282515240143203,-0.538786361316698,-0.0640910017501266,0.0039443737850863,-0.000519729227206149,-0.107874503136405,0.4,0.151298523347177,0.316494693769946,0.4,0.228567738864123,-0.0131637252491732,0.4,0.25,0,0,0,0,0,0,0,0,0.638048650880149,0,0,0,0,0,0,0,0,0,0,0,0,0,0,0,0,1.04722952267482,0,0,4.29497584586678,4.38545374387017,4.22484625111704,4.45558333861992,0.649356642794309,0.849003576129622,0.679378993574364,0.818981225349567,0,0,0,0,0.368025046578654,0.397688774824094,0.383040149342793,0.382673672059954,0.184686869111754,0.354352744804198,0.292051600982533,0.246988012933418,0.262280579766871,0.336641418777113,0.229643164190401,0.369278834353584,0.0789424022999718,0,0.138654615830141,0.233593175227048
548,-0.0600000000110519,0.130000000101316,0.0564910400118548,0.0190717133485954,0.00500000019616343,0.044948974526534,-0.0208233943094911,-0.108734888277237,0.0562515007410424,0.787319669826923,-7.14966251139766e-06,1.4754633954357e-05,0.616572091426518,-0.0145721156806885,-0.0484871895891388,0.05199739433034,1.31005079658449e-14,-2.16201060622219e-14,-0.010931684461713,0.075,-3.89102529470208e-08,-0.0191055463007132,-0.00633605852074971,0.0284063049005325,9.36569867904972e-05,0.00322323200296717,0.000348709140622624,-0.340873205045564,0.0109249227076649,0.0274498805277762,0.000216429497966468,-0.4,0.4,0.15,-0.4,0.4,0.15,-0.4,0.4,0.15,0,0,0,0,0,0.894843589023937,0,0,1.23582779223808,0,0,0,0,0,0,0,0,0,0,1.07049682731154,0,0,0,0,0,0,0,0,3.03640301165141,4.36855171850946,3.41800209957548,3.98695263058539,0,0,0,0,0,0,0,0,0.855408039596348,0.604079833260748,0.582432522337256,0.877055350519839,0,1.05149627850146,0.184842011620228,0,0.777766372503332,0.897075959369751,0.109646204142485,1.5651961277306,0,1.6032945342264,0,1.43555641558043
549,-0.0600000001013106,0.130000000101316,0.0567609236685372,0.0185850778660562,0.0050000002066778,0.0450160298312758,-0.0225399230610392,-0.108302344399642,0.0564256231274333,0.790521335817503,-9.39626418256615e-06,1.29888675692928e-06,0.612461885893548,-0.0152139388982115,-0.0482346195900269,0.0519979775627808,-1.35500257237131e-14,-2.16253424824092e-14,0.0376770068823543,-0.075,5.0742280425549e-09,0.0119126606260315,-0.0749999999999999,0.0117633894375231,0.00493629882427881,0.0174240422174849,0.00212866329387097,-0.605439372896103,-0.0687972710747812,0.00683431690985205,-0.00038680020480262,-0.4,0.4,0.15,-0.4,0.4,0.15,-0.4,0.4,0.15,0,0,0,0,0,0.856811014249826,0.0107987545201179,0,1.25203037870309,0,0,0,0,0,0,0,0,0,0,0,0,0,0,0,0,0,0,0,3.02882840223263,4.3480092543031,3.43703087217998,3.93980678435575,0,0,0,0,0,0,0,0,0.744437515062996,0.513101995271643,0.476040259838168,0.781499250496472,0,0.953433715888705,0.131948769866245,0.234591564257843,0.715389916945888,0.839473704504717,0.0114565462128379,1.48679086691273,0,1.59092008764886,0,1.45430475155463
550,-0.060000000101311,0.130000000101316,0.0571004250804936,0.0168993048666521,0.00500000020610273,0.0452553264003454,-0.0245980560336604,-0.108092154900009,0.0564903405572097,0.793507730661474,-9.54092910879004e-06,7.9423097234727e-08,0.608587829939689,-0.0167879936147319,-0.0480708234201447,0.0519981037875416,-1.354959292824e-14,-2.1608255489009e-14,-0.00352089084871895,-0.075,4.62705781611736e-09,0.00791777795687106,-0.075,0.0102716769312635,0.00326243525267795,0.00744571902398873,0.00110015726786378,-0.435179393361076,-0.0881827708229916,0.00797112763328966,-0.00036006200207902,-0.0947150500894194,0.4,0.192395541933126,0.322840815790855,0.4,0.236806374241124,-0.134173083402562,0.4,0.25,0,0,0,0,0,0,0,0,0.952329087049922,0,0,0,0,0,0,0,0,0,0,0,0,0,0,0,0,0,0,0,4.2041470768072,4.26747371571471,4.1254926115281,4.34612818099381,0.639601250040828,0.819909778149722,0.660116798867058,0.799394229323491,0,0,0,0,0.310384974064183,0.381899616913354,0.32224432380536,0.370040267172177,0.180677342197991,0.315732933794104,0.234450213673148,0.261960062318947,0.238260889984195,0.330061627554242,0.228492812712248,0.339829704826189,0.108553258118003,0.263894944434992,0.140698702580036,0.231749499972959
551,-0.0600000000252264,0.130000000101316,0.0569181817888431,0.0178936825629551,0.00500000017045521,0.045605910434511,-0.0260264395072442,-0.107315225136319,0.0565060857002933,0.796468074850044,-5.99419089659916e-06,6.3145187246806e-06,0.604708533385134,-0.017764429538104,-0.0473384004023293,0.0519980157095902,1.80722265230817e-14,-2.16078615903978e-14,-0.0146478028442582,0.075,-2.09824135301445e-08,0.0280742083883273,-0.0677027448700002,0.0570588883489507,-0.000288349753413804,0.00649127206156965,-0.0018717651186548,-0.854152408679743,-0.0245960666935461,0.0525740329724269,9.9407308315741e-08,-0.0957112459102216,0.4,0.21105789967273,0.17710492235586,0.4,0.236270818449386,-0.261879053193547,0.4,0.221106156819663,0,0,0,0,0,0,0,0,0.980653629822645,0,0,0,0,0,0,0,0,0,0,0,0,0,0,0,0,0,0,0,4.16636504379441,4.15946230938748,4.05151239490264,4.27431495827925,0.691197623840472,0.823655976403306,0.694175251060209,0.820678349183568,0,0,0,0,0.278179751455048,0.398998093644307,0.323506181851943,0.353671663247412,0.172606491298136,0.316423901974284,0.233103799308988,0.255926593963432,0.206423533953865,0.351499884595324,0.260837095189412,0.314001645072004,0.117765595509181,0.268925692925302,0.170434712646458,0.216256575788024
552,-0.0600000000253753,0.130000000101316,0.0566304761084144,0.0195642582440659,0.00500000017317132,0.0459845632549285,-0.0275736932649885,-0.106057481457728,0.0565075826799828,0.80386435494438,-5.35438605729855e-06,4.984481785811e-06,0.594841724875622,-0.0180727534987233,-0.0462292706531352,0.0519979125410887,-1.93606414613151e-14,-2.16108798210254e-14,-0.0141253769241894,0.075,-2.56025614019091e-08,0.0105820067061494,-0.075,0.0697703062109858,7.28018230813804e-05,-0.00135920947777241,0.00031496527448517,-1.50501412863982,-0.00545281599168108,0.0604495382106911,-6.24304803131845e-05,-0.4,0.4,0.220166295336746,-0.4,0.4,0.25,-0.4,0.4,0.221329397969428,0,0,0,0,0,0.89486685101148,0,0,1.65668206382328,0,0,0,0,0,0,0,0,3.61402093523059,0,0.574711574420726,0,0,0,4.11784385736282,0,2.80644264123731,0,3.28683486713321,3.29396713589464,4.12891296194582,3.45767887839353,3.96520121944693,0,0,0,0,0,0,0,0.181811580047036,0.564726365272325,0.51712919335763,0.429952922362116,0.651902636267839,0,0,0.130752259903714,0,0.629574110457052,0.808062044084157,0.251305070399014,0,0,0,0,0
553,-0.0600000001013108,0.130000000101316,0.0558972400980042,0.0196689231293413,0.00500000020922479,0.0459893701691117,-0.0296165057213589,-0.105076488733386,0.0564621617150205,0.810530796823824,-9.38671799787206e-06,6.05524022682645e-07,0.585726121007979,-0.0189027605893719,-0.0454312689195533,0.0519969213062273,-1.35478743712233e-14,-2.16179636567295e-14,-0.05,-0.0442666656803251,-1.36968440344079e-08,-0.000634171922892183,-0.075,0.028744062387755,-0.00273739103079154,-0.00994591259972456,-0.00503367611681131,-0.687417575820367,-0.0701927627403739,0.0223212624304181,0.000279279286122181,-0.4,0.4,0.25,-0.4,0.4,0.220194543919273,-0.4,0.4,0.15,0,0,0,0,0,0.864598600386737,0,0,1.58313499455225,0,0,0,0,0,0,0,0,3.16476848539049,0,0,0,0,0,0,0,2.74077302907091,0,2.71727235030205,3.21476607087795,4.04514105974852,3.37818868680068,3.88171844382579,0,0,0,0,0,0.0186493033189989,0.121032622799172,0.227349174352168,0.476285007871221,0.490241920287189,0.325107410038231,0.641419518120179,0,0,0.0491438111735451,0.59019500804658,0.610777867942656,0.814676793711678,0.163512215214232,1.16835551790884,0,0,0,0
554,-0.0600000001013108,0.130000000101316,0.0548705321352004,0.0182151926375562,0.00500000020351053,0.0459214777453376,-0.0317047619093455,-0.104743647084166,0.0564143790923146,0.813316923308896,-8.20654639172475e-06,-2.80295979588824e-06,0.581851322130097,-0.020510310451161,-0.0451725600771714,0.0519969170504979,-1.35364874755409e-14,-2.16151108043472e-14,-0.05,-0.075,1.69389783740461e-09,-0.00461789243305003,-0.075,0.0128618978716122,-0.00282430822571729,-0.00921437145581531,-0.00586486136659338,-0.409952392597162,-0.0860038844584119,0.00862847653248262,0.000374822083520648,-0.4,0.4,0.25,-0.4,0.4,0.219357302648887,-0.4,0.4,0.15,0,0,0,0,0,0.845082483720609,0,0,0,0,0,0,0,0,0,0,0,3.20029883883445,0,0,0,0,0,3.87301745255807,0,2.76006975740113,0,2.64610716579278,3.1792094056952,4.03181944712308,3.37130636748435,3.83972248533393,0,0,0,0,0.663553505169275,0.169766064796492,0.202615421521465,0.351397378512311,0.454410884561209,0.430744299318522,0.298845523394622,0.586309660485108,0,0,0.0659489931124085,0.503678144320427,0.57143042148244,0.747667616668987,0.0491550264926991,0,0,0,0,0
555,-0.060000000101311,0.130000000101316,0.053822022139899,0.0166958725784796,0.00500000024595546,0.0459131842750746,-0.0325915166605871,-0.1050218529702,0.056399029681581,0.811588133498312,-6.55051131670712e-08,-4.34030972961483e-08,0.584260363233031,-0.0217646370858681,-0.0453861375573721,0.0519969899284714,-1.35495587235512e-14,-2.16087270439325e-14,-0.05,-0.075,3.26598982558472e-09,-4.58416145039659e-05,-0.00760455665777798,-0.0321893180363907,-0.000406105246336516,0.00262832096639661,0.00500477093853801,0.74308176571639,-0.0465633170103552,-0.0260131308694637,6.15464567453937e-05,-0.0891955905401195,0.4,0.25,0.31562064231804,0.4,0.242660215969668,0.173012449789742,0.4,0.169660484706009,0,0,0,0,0,0,0,0,0.87908540756432,0,0,0,0,0,0,0,0,0,0,0.600538372087764,0,0,0,0,0,0,0,0,4.05518589086903,4.14943203247613,3.99517788214657,4.20944004119859,0.607782955021304,0.768887809596067,0.617161958424906,0.759508806192465,0,0.330737592418928,0.177477034800223,0.366678525915317,0.283095993963408,0.277742123103343,0.304546686481205,0.256291430585547,0.117739336068981,0.266542216678778,0.240876460417213,0,0.252557985298261,0.296420226628357,0.221538358175946,0.327439853750672,0.0872013274038347,0.285220320203792,0.157868132111955,0.214553515495672
556,-0.0600000000258895,0.130000000101316,0.0533627128093202,0.0177339694591489,0.00500000010131612,0.0463373024377951,-0.0339347357074065,-0.104414889270254,0.056141912168403,0.81113976193159,-7.36160498655542e-06,3.96338471013258e-06,0.584882708108826,-0.0221937263501574,-0.0450921284353714,0.0519972581314488,3.33409970631385e-14,-2.1608744220815e-14,0.00380012629240595,0.075,-4.26372435482596e-15,0.0430673774732888,-0.075,0.075,-0.0234751184359598,-0.000736394627144061,0.000341801133322216,-0.182457989432852,-0.00777132973544416,0.0523390500410293,4.6182331237098e-05,-0.0837890341020335,0.4,0.180872321984707,0.169621188705082,0.4,0.211391057059354,0.27288524789169,0.4,0.197846017957036,0,0,0,0,0,0,0,0,0,0,0,0,0,0,0,0,0,0,0,0,0,0,0,0,0,0,0,0,3.99848780528502,3.98693973896348,3.90734636521184,4.07808117903665,0.614117857609781,0.726097132994629,0.619315337587076,0.720899653017334,0.443209934241458,0.532840504135099,0.397411878545233,0.578638559831324,0.203645890887885,0.289009096269336,0.279380480585882,0.213274506571339,0.112912724499951,0.289135273061292,0.248580870907238,0.153467126654005,0.152675932612724,0.267046908233463,0.197484735840402,0.222238105005785,0.0619427662247904,0.267173085025419,0.166685126161759,0.162430725088451
557,-0.0600000000222628,0.130000000101316,0.0531708052778169,0.0194118492336366,0.00500000009658559,0.0473049339916741,-0.033648557523715,-0.103819894104964,0.0558202481842496,0.811535845243544,-5.07483130501139e-06,6.57130259003939e-06,0.584333015170719,-0.0222191165766585,-0.044377680601237,0.0519974240031212,1.68637425410496e-14,-2.16242723700122e-14,-0.0228576160725801,0.075,-3.18763085373749e-15,0.05,0.075,-0.0119773912425699,-0.0116722861305664,0.00144177134009478,-0.000222794726496013,0.0489231084883524,0.00547704984983451,0.0155102595690645,6.9271985843399e-05,-0.4,0.4,0.22637962102505,-0.4,0.4,0.15,0.033746569543476,0.4,0.15,0,0,0,0,0,0.89489775402702,0,0,0,0,0,0,0,0,0,0,0,0,0,0,0,0,0,0,0,0,0,0,3.07948937554275,4.06917455250971,3.37382601901919,3.77483790903327,0,0,0,0,0.445862010342393,0.427135508977181,0.34832306273418,0.524674456585394,0.536075819861043,0.36078492268889,0.345346829289625,0.551513913260309,0,0.894106981158051,0.18507061151172,0.466187647635069,0.550878034582934,0.63342349944067,0,1.09903719196316,0,0.748031983616259,0,1.29662054953481
558,-0.0600000001013108,0.130000000101316,0.0530219140153923,0.0187234574503295,0.00500000017468633,0.0478957502089893,-0.034959318590668,-0.103444808663405,0.0559794079425,0.813638369936992,-4.98231139498619e-06,2.13622345210663e-06,0.581401930334771,-0.0226758001321121,-0.0442361308691256,0.0519985081754985,-1.35444532592639e-14,-2.16164234821057e-14,0.00781512676149426,-0.075,-3.40299571608649e-09,0.0211823873846094,-0.075,0.0161017354332902,0.00907546603922688,0.0303693495841171,0.0104531214227377,-0.683388199005867,-0.058415031150598,0.00518176004926913,-0.00034988035975284,-0.4,0.4,0.195870802908365,-0.4,0.4,0.15,0.220112546403051,0.4,0.15,0,0,0,0,0,0.856818251139662,0,0,0,0,0,0,0,0,0,0,0,3.09306059598396,0,0,0,0,0,0,0,0,0,0,3.02416323407956,4.05290375651837,3.35517385210419,3.72189313849375,0,0,0,0,0.527213021247782,0.494113529107631,0.444638575551876,0.576687974803537,0.439140762878527,0.261667267626487,0.253290887450654,0.447517143054362,0,0,0.172008910110785,0.240362184322839,0.49750172340507,0.584739198916888,0,1.05280293948095,0,0.785671086711245,0,1.32901412241207
559,-0.060000000101311,0.130000000101316,0.0537047261487175,0.0170803004918789,0.00500000020145438,0.0480576306737003,-0.0368969324343184,-0.10316322278839,0.0559518778424817,0.816787834314999,-6.44582948670846e-06,-5.49180858910243e-06,0.576969137766874,-0.024058015765804,-0.0440616546959062,0.0519971810934483,-1.35496437037542e-14,-2.16075952426641e-14,0.05,-0.075,1.57151966380251e-09,0.00147902530704092,-0.075,0.0130041798587167,-0.00199623076793401,-0.00930283222971197,-0.00329270598492004,-0.4656139604638,-0.0789699391085464,0.00870402857180832,0.000185462219705289,-0.0800254421837388,0.4,0.15,0.325166294570171,0.4,0.225169123135829,0.263599981713417,0.4,0.170203658990164,0,0,0,0,0,0,0,0,0,0,0,0,0,0,0,0,0,0,0,0,0,0,0,0,0,0,0,0,3.91616446196135,3.94086928222442,3.85691198314656,4.0001217610392,0.612425435622973,0.743647304218822,0.626274276123043,0.729798463718753,0.628290422337301,0.673851551824168,0.569466134766658,0.73267583939481,0.184270603716948,0.25320187530881,0.227696973173191,0.209775505852566,0.101655688463298,0.239842772924972,0.190765275988359,0.150733185399911,0.139718226432725,0.230760121292962,0.159572001088252,0.210906346637435,0.0571033111790762,0.217401018909124,0.12264030390342,0.15186402618478
560,-0.0600000009092104,0.130000000549896,0.05424041650144,0.0181032645265382,0.00499999922757741,0.0482533727144027,-0.0373835238379945,-0.102703165411257,0.0559273581122681,0.816515936561729,-5.2833631839358e-06,5.052280016133e-06,0.577353882131598,-0.0246628974393546,-0.0435660012423652,0.051997282462082,4.96543888959758e-11,-1.82286430134325e-10,0.00380000974035532,0.0750000000760466,-1.44219338533467e-10,0.0195660757761773,0.0271957344667005,0.0337307306205966,-0.000705412769939228,-0.000415436786145784,0.00078229407902935,0.340291814358351,0.00797661788039408,0.0375993098806573,-9.94041632938505e-06,-0.399999970487725,0.39999989161835,0.149999986145564,-0.399999954780719,0.399999914244604,0.149999997264189,0.0725787427102249,0.399999914144149,0.158128506948919,0,0,0,0,0,0.894874072138418,0,0,0,0,0,0,0,0,0,0,0,0,0,0,0,0,0,0,0,0,0,4.44230017863385,3.1084385363087,4.02177375572809,3.38911404622919,3.74109824580761,0,0,0,0,0.619653783084921,0.537664882858303,0.482314482183068,0.675004183760159,0.455505316947428,0.294040990320327,0.256550675189642,0.492995632078111,0,0.416283448155804,0.14871209179149,0.529469613087298,0.478362044328699,0.532709140541082,0,0.961744823535192,0,0.65495159837656,0,0
561,-0.060000000101311,0.130000000101316,0.0538521063325739,0.0177948393816845,0.00500000020384855,0.048221782975185,-0.0385648670253992,-0.102189751168116,0.0560140253954707,0.818822274372029,-9.29832934341436e-06,4.44072656594785e-06,0.574078370558278,-0.025098646949174,-0.0432582136796182,0.0519976259941685,-3.05042408578514e-14,-1.38295777223041e-14,-0.042400081543915,-0.075,2.3364105191781e-08,-0.00920589635221049,-0.075,0.0196797341334147,0.00273509795628905,0.00775201420342402,0.00328901458723872,-0.633985258104922,-0.0566973719837006,0.011479938838772,-0.000178972248974378,-0.0826221499323087,0.4,0.225082300329171,0.323925397985473,0.4,0.2267702355688,0.268269855898615,0.4,0.164466198117829,0,0,0,0,0,0,0,0,0,0,0,0,0,0,0,0,0,0,0,0,0,0,0,0,0,0,0,0,3.87559169074063,3.88013975964892,3.8041440947083,3.95158735568124,0.655449466153219,0.767287857844269,0.657325009471158,0.765412314526329,0.766536098076427,0.822017213508619,0.724224736285723,0.864328575299323,0.135182044460258,0.216811619932712,0.19451620415595,0.15747746023702,0.0722560608429043,0.215682712699621,0.172353431589083,0.115585341953442,0.122536580488677,0.223895501678004,0.160836874850722,0.18559520731596,0.0596105968713242,0.222766594444914,0.138674102283855,0.143703089032383
562,-0.0599999998034072,0.12999999999635,0.0531646466933328,0.018930638851946,0.00499999982500268,0.0483176783506924,-0.0389043956096991,-0.102292288727058,0.0557292023115654,0.820138103882213,-4.29863929701572e-06,-6.89535252673383e-06,0.572197014107453,-0.0257179067205987,-0.0431988680867243,0.0519974285970536,6.60672079824381e-12,5.89659576007562e-12,-0.0264257523559226,0.0750000000234012,2.83045335345594e-11,0.0155778733957788,0.0527602875461566,-0.0148288907902096,-0.0297500419017859,0.000833128973365782,-3.18916239581234e-05,-0.00643866550841232,-0.00236915078370342,-0.000281184196608546,-4.22794223323244e-06,-0.399999996090377,0.400000003519127,0.173595699121162,-0.399999986085711,0.400000016833143,0.152199026047725,0.0180522664791484,0.400000012314533,0.1900170605218,0,0,0,0,0,0.894870926296604,0,0,0,0,0,0,0,0,0,0,0,0,0,0,0,0,0,0,0,0,0,4.2790451685182,3.12828455316477,4.01745630289688,3.40756999945395,3.7381708566077,0,0,0,0,0.680705431159947,0.593723935071524,0.549474571304518,0.724954794926964,0.412731500927903,0.242761717968228,0.210632568415985,0.444860650480141,0,0.37273246678343,0.123524961598016,0.439208024404158,0.447440974868604,0.481086355268368,0,0.900263643415389,0,0.611057104083564,0,0
563,-0.060000000101311,0.130000000101316,0.0522604276764844,0.018024587237996,0.00500000010618416,0.0482529879305973,-0.0396977192560893,-0.101571931004615,0.0558164554961525,0.821112363851362,-3.00401091422823e-05,3.22551977596872e-05,0.570798098269418,-0.0257801745389701,-0.042732639697024,0.052005248200089,-2.57177275245018e-14,-1.8732993934158e-14,-0.05,-0.0115281475908255,-4.87079043344447e-08,0.00631209776742304,-0.075,0.0141287061851337,0.00482450960313185,0.0324811745668305,-0.0543742952817314,-0.890581361656421,-0.0458817887625469,0.0120162023481407,-0.000238827422833287,0.0694076374876754,0.4,0.15,0.312846293951423,0.209874479264708,0.15,0.197365597950095,0.162703639064362,0.165561683911092,0,0,0,0,0,0,0,0,0,0,0,0,0,0,0,0,0,0,0,0,0,0,0,0,0,0,0,0,3.75732403286723,3.8985563854813,3.78343601845678,3.87244439989175,0.608518574710969,0.819222202470004,0.69352820447474,0.734212572706234,0.87648713525106,0.951464988497233,0.852700378524635,0.975251745223658,0.0856240579401186,0.127201843569044,0.151109622352165,0.115498278249755,0.00780724639304091,0.218292857847461,0.184290831443876,0.0959359650330201,0.0718693427766411,0.112408591531635,0.0256629519446184,0.286847135215872,0,0.368754449625271,0.0588441610363286,0.255307822201398
564,-0.0600000001460478,0.130000000112105,0.0518011173756389,0.0190762787750871,0.00500000005350013,0.0489104554418393,-0.0402428091946129,-0.102359698672575,0.055557345183751,0.822760786567197,2.4598573574321e-07,-5.90678770104662e-07,0.568419519850186,-0.0262655084274432,-0.0426540319827255,0.0519974660948619,-1.23462873500651e-11,-3.91131329143494e-12,0.00379997166676868,0.0749999999870092,-4.88230872463985e-12,0.0500000000005193,0.0200159325650116,-0.0750000000078945,-0.0305586249099454,-0.00145713734025614,0.021470599777549,-1.45443012604185e-06,0.00111480208354595,7.17217068324429e-05,6.33620139760035e-05,-0.400000007347414,0.39999999774825,0.149999999880626,-0.400000007724305,0.399999997100684,0.150000000308806,0.0880782237155839,0.399999995305701,0.164606746062522,0,0,0,0,0,0.910259107365894,0,0,0,0,0,0,0,0,0,0,0,0,0,1.86067801751755,0,0,0,0,0,0,0,0,3.01997048996412,4.04535044440907,3.43065869249415,3.63466224187904,0,0,0,0,0.928851962796366,0.871622271607357,0.82292351385878,0.977550720544937,0.399008159879215,0.110028051088878,0.149662211767542,0.359373999200547,0,0.377791152221111,0.156609246526562,0,0.390808156415364,0.327065231518205,0,1.44289184947385,0,0.594828332650437,0,1.15109747141605
565,-0.060000000101311,0.130000000101316,0.0524133668996913,0.0178763686201951,0.00500000010131612,0.049924447380709,-0.0418326475459707,-0.104279677688762,0.0546847598163499,0.822760787937013,-1.3090302841793e-07,-1.91507186659683e-07,0.568419517864399,-0.0262654544631069,-0.0426539734190702,0.051997425391644,-1.25347327274951e-15,8.12372110896204e-14,0.05,-0.075,-9.67960168348799e-16,0.05,-0.075,-0.075,-0.05,9.1028580636729e-05,-0.000591444201592117,-2.61263994527745e-09,-3.25282668815809e-05,-4.746454284693e-06,6.17737580639065e-08,-0.0014870429603686,0.4,0.15,0.338074306094183,0.233332565174623,0.15,0.116394047292243,0.143763067387586,0.215078740237167,0,0,0,0,0,0,0,0,0,0,0,0,0,0,0,0,0.164296626273449,0,0,0.309634886630857,0,0,0,0,0,0,0,0,3.8388033360149,3.92181515449759,3.85820590566563,3.90241258484685,0.499775095330902,0.629328604666394,0.518954713886947,0.610148986110349,1.24344060157999,1.38171790834174,1.26886891907828,1.35628959084345,0.0662035931368379,0.0515315304515226,0.105122074619725,0.0126130489686356,0,0.18351256837949,0.191383338646254,0,0.0944229267859003,0.117575165643742,0.0876217080930656,0.375258899605639,0.0971396391780692,0.249556203571709,0.173882972119595,0.172812870630184
566,-0.0600000000018753,0.129495947740355,0.0534698568996913,0.0185540538950749,0.00500000010131611,0.0509384121077593,-0.0426111698474535,-0.105822005643029,0.0537246385226831,0.822760787939387,6.69015804685595e-09,1.15624360609901e-08,0.568419517861035,-0.0262654300235671,-0.042653973349377,0.0519974248790835,2.72711919934916e-14,-0.0501544637773054,0.05,0.075,7.30453323999864e-17,0.05,-0.00321117427689392,-0.075,-0.0460319695190808,-2.26264388502818e-06,-7.56641597821773e-06,-4.8822491014586e-12,-2.93655146192688e-07,1.25796150636017e-07,-5.34015634209375e-09,0.0341471612012333,0.4,0.15,0.226012527290908,0.325098651107423,0.15,0.0147644628589203,-0.0989320710770058,0.185484746124104,0,0,0,0,0,0,0,0,0,0,0,0,0,0,0,0.288985196787998,0,0,0,0,0,0,0,1.16126841813855,0,0,0,0,3.82704612747524,3.91505511903731,3.83905877871452,3.90304246779803,0.498374701239434,0.62811869180124,0.501779061413141,0.624714331627533,1.49656713272477,1.57734719710457,1.49141445550434,1.582499874325,0.0617792357400322,0.0561333620835508,0.095730649424323,0,0.0913727704530842,0.197236866142458,0.199883085875034,0.0970110850726977,0.127167674951127,0.150844583308571,0.124168230471435,0,0.165045744016368,0.291948087367478,0.228320666922146,0.2286731644617
567,-0.0596705604227275,0.130000000062206,0.0540055468996913,0.0201738816600386,0.00500000002433712,0.0514741021077593,-0.0424978076044176,-0.106083397939511,0.0527763143045246,0.82276078793939,-1.19998420504878e-10,-2.72333949520096e-10,0.56841951786103,-0.0262654314509773,-0.0426539734621609,0.051997424875015,0.0327800576266325,6.4116164254846e-15,0.00379999999999992,0.075,-3.32567429458802e-16,0.00379999999999997,0.0144590474717445,0.0482445476137508,-0.0487866787506369,-4.68507314604827e-08,1.51855633330251e-06,-9.12337470436226e-15,7.68380632206377e-08,2.01671904257375e-09,-8.38756241230749e-11,-0.4,0.4,0.15,-0.4,0.4,0.15,-0.127196155961842,-0.348280575984031,0.15,0,0,0,0,0,0.932142215467672,0,0,0,0,0,0,0,0,0,0,0,0,0,1.04565715687222,0,0,0,0,0,0,0,0,3.1155275557582,3.96354967894597,3.48365652596453,3.59542070873965,0,0,0,0,1.59595405446786,1.48381594863033,1.51199712863197,1.56777287446622,0.207872666822564,0.00232776485175756,0,0.347872155033754,0,0.504441447728272,0.0549778498455834,0,0.244901651209594,0.193450406833444,0,1.00765074447415,0,0.453064392441656,0,0.92862230629381
568,-0.0600000001013111,0.130000000101316,0.0546177968996913,0.0189739716510395,0.00500000010131614,0.0520863521077592,-0.0440987935844489,-0.107497396560851,0.0523412707295119,0.82276078793939,-5.96769836575834e-12,-6.7727094679708e-12,0.56841951786103,-0.0262654314188493,-0.0426539734561416,0.0519974248749999,-1.35474125432318e-14,1.17165899755559e-13,0.05,-0.075,7.26744520302648e-17,0.05,-0.075,-0.075,0.00501332124936293,6.78573489667026e-09,-6.86506994033091e-08,-1.61994618536915e-17,-3.640491333105e-09,-3.45202986268235e-10,-7.77364604251256e-13,-0.4,0.4,0.15,0.114660706116939,0.225845783075937,0.157546073113825,-0.231834910521154,-0.4,0.15,0,0,0,0,0,0,0,0,0,0,0,0,0,0,0,0,0,0,0,0,0,0,0,0,0,0,0,1.28808246716396,3.58033678942179,3.91175096413243,3.66756917717343,3.82451857638079,0.203210033269905,0.583857794538925,0.314929499894549,0.472138327914282,1.97248048894277,1.97646101649622,1.94123305724948,2.00770844818951,0.113380143193025,0.0805248322432831,0.0680969295836765,0.311307392073673,0,0.407542502619503,0.112937501383938,0.108493290198978,0.203218323453681,0.232518613894483,0,0.362320780592612,0.101383974950335,0.361878778544435,0.118256728555814,0
569,-0.0600000000684837,0.130000000101316,0.0551534868996913,0.0191270600582677,0.00500000010131614,0.0526220421077592,-0.045737954506352,-0.10907202357911,0.0529753605120004,0.82276078793939,5.49795944261298e-13,8.78546408586509e-13,0.56841951786103,-0.0262654314179318,-0.0426539734562589,0.051997424875,2.9986879695031e-14,1.17163461424115e-13,0.00379999999999999,0.075,7.1226582622695e-17,0.00379999999999999,-0.075,-0.075,0.05,-2.82422951380934e-10,9.03503864043426e-10,4.51824824929538e-18,5.48121557413117e-11,1.50527610445626e-11,3.70307693931602e-15,-0.4,0.4,0.221008917185552,-0.134816964733392,0.394463170554905,0.194313652246268,-0.217738977025832,-0.4,0.15,0,0,0,0,0,0,0,0,0,0,0,0,0,0,0,0.676676679138785,0,1.71916299162026,0,0.625607736380498,0,0,0,1.70807837625483,0,0,0,1.65700943350156,3.45443376771841,3.9061335588588,3.58592893632831,3.77463839024891,0,0.496262153051275,0.152567880907233,0.335628088276438,2.29335458736513,2.22159771299785,2.21327582886437,2.30167647149861,0.17534628602,0.105054015879132,0.109976472939343,0,0,0,0.133069228973187,0,0.257850396575901,0.281376908076849,0,0,0.054872698949226,0.436721942680946,0.08332180556906,0
570,-0.0600000000835139,0.130000000101316,0.0547651768996913,0.0208727738999036,0.00500000004188388,0.0522337321077592,-0.0456619325926017,-0.110644360704316,0.0535110505120004,0.82276078793939,-1.88165412959925e-14,-3.52625437987423e-14,0.56841951786103,-0.0262654314180419,-0.0426539734562638,0.051997424875,-2.4439461812157e-14,1.17168754692873e-13,-0.0424,0.075,-4.0689043239199e-15,-0.0424,0.075,-0.075,0.00379999999999992,2.67646451937222e-12,7.90806731776372e-11,2.56220235742402e-18,3.81730441285562e-12,-1.73424980561403e-13,-4.8513001839586e-15,-0.387638287130691,0.4,0.15,-0.4,0.4,0.184902981359281,-0.102950303299401,0.293836537756522,0.15,0,0,0,0,0,1.0082946831337,0,0,0,0,0,0,0,0,0,0,0,0,0,0,0,0,0,0,0,0,0,0,2.49729378663166,3.30132851306305,2.83067014180656,2.96795215788816,0,0,0,0,2.57456944916762,2.37914989729203,2.44176531580495,2.51195403065469,0.150373463499962,0.0449166180898292,0,0.184307772437695,0,0.550245117025069,0.0692872771858641,0.436198065811236,0.231846506798714,0.225912397761461,0,1.00272807703794,0,0.503150149122049,0,1.0063498068975
571,-0.060000000101311,0.130000000101316,0.0544578668996913,0.0196728638909045,0.0050000001013162,0.0519264221077592,-0.0468618426016009,-0.112487101872426,0.0537347493146026,0.82276078793939,-6.20536356680418e-18,3.0013207011345e-16,0.56841951786103,-0.0262654314180376,-0.0426539734562634,0.051997424875,-1.35508810675688e-14,1.17167632394356e-13,0.0113999999999999,-0.075,7.72308768982049e-17,0.0113999999999999,-0.075,-0.075,0.018496398268871,3.48039268583844e-13,-5.97220500571418e-12,1.17167441938133e-18,-3.09205020721601e-13,-1.68744987480105e-14,-4.86947718299787e-15,-0.4,0.4,0.169285981774917,-0.4,0.4,0.25,-0.23955343000154,-0.246039111669348,0.194477346817613,0,0,0,0,0,1.01041689432758,0,0,0,0,0,0,0,0,0,0.869486676636312,0,1.22775383079988,0,1.04256342719496,0,0,0,2.14518697372473,0,1.6086205711807,0,2.31826372428501,2.75643953518208,3.30763134880801,2.93037375629721,3.13369712769288,0,0,0,0,2.71271388314647,2.55274262340512,2.58856444391734,2.67689206263425,0.143437437222891,0.0606315137775494,0.0487480293699639,0,0,0,0.0792576962077871,0,0.273295388379391,0.271567977320983,0,0,0.0992338308307466,0,0.068392377930245,0
572,-0.0600000000316046,0.130000000101316,0.0542215568996913,0.0177529058867049,0.00500000010131623,0.0516901121077592,-0.0462029581712182,-0.112920565982048,0.05364036727998,0.82276078793939,3.70948164964809e-17,5.28288897055366e-17,0.56841951786103,-0.0262654314180376,-0.0426539734562633,0.051997424875,2.02675799390241e-14,1.17168019747134e-13,-0.0348000000000001,-0.075,8.15732654932509e-17,-0.0348000000000001,0.075,0.0311229741670476,-0.027703601731129,1.19681459051734e-14,2.11054528889662e-13,2.52612837532743e-18,1.15830386253433e-14,-7.65136787124838e-16,-4.86420691471192e-15,-0.4,0.4,0.15,-0.4,0.4,0.25,-0.245881026402483,0.20719469571516,0.211527204721224,0,0,0,0,0,1.01041688287505,0,0,0,0,0,0,0,0,0,0,0,1.30828880493794,0,1.16846861593807,0,0,0,0,0,0,0,1.95078136675848,2.65066012799731,3.32148913746971,2.91394506272114,3.05820420274587,0,0,0,0,2.66779780223654,2.52578973081201,2.55243249896194,2.64115503408661,0.156629178773772,0.0517262727454325,0.0520715276760934,0.156283923843111,0,0,0.125286915020956,0,0.251209629479472,0.232901015356903,0,0.979174506391729,0.0469735044557581,0.496973623798866,0.0170770043808957,0
573,-0.0600000001013111,0.130000000101316,0.054066247622262,0.0159691467530145,0.0050000001545565,0.0508646432295584,-0.0458306930404216,-0.114443795138695,0.0527256182346251,0.823242799129078,2.49174750923939e-06,-7.3175527770033e-06,0.5677212001268,-0.0265330569032901,-0.0430243820154449,0.0519973128677063,-1.35508658147112e-14,1.17167476124391e-13,0.0190000749537954,-0.075,3.96018533259863e-08,-0.0492469058657199,-0.0372124247963521,-0.075,-0.05,-0.00197426723462869,0.00159449739742933,-0.10599851740752,-0.0180444334208557,-0.0257603503084008,0.000147190679345546,-0.4,0.4,0.15,-0.4,0.4,0.25,-0.00645358141519574,-0.0613578706847992,0.15,0,0,0,0,0,1.01041661022523,0,0,0,0,0,0,0,0,0,0,0,0,0,0,0,0,0,0,0,0,0,0,2.54849128090557,3.31893256193034,2.86314194308275,3.00428189975316,0,0,0,0,2.71261811602669,2.49368343714452,2.58604504627215,2.62025650689905,0.106503810913223,0.025207732000882,0,0.292371705369705,0,0.554012649283236,0.0511145948429564,0.397311859613499,0.258556813810203,0.268973404458101,0,1.07566760094494,0.0322968466594296,0.542618552444494,0,0.57780191967356
574,-0.060000000101311,0.130000000101316,0.0548701287489078,0.0141465044499422,0.00500000014879172,0.0505633144874609,-0.0475432561773842,-0.115000000020174,0.0522663073637654,0.823726288348406,2.34183605462803e-06,-7.78164416046432e-06,0.567019464358337,-0.0269020654865927,-0.0435391796189006,0.0519974539709809,-1.35495602013222e-14,1.17172125430902e-13,0.05,-0.075,4.85278532973561e-08,0.0130556056458167,-0.075,-1.32573039362366e-14,0.0037998065679494,2.09048186191051e-05,-7.04666361231957e-05,-0.0722460529842791,-0.0192775880584466,-0.0261424358865409,5.21114512378293e-06,-0.4,0.4,0.196353263466826,-0.4,0.4,0.206272491215666,-0.0729082170363062,-0.4,0.151287857126284,0,0,0,0,0,1.01041698560777,0,0,0,0,0,0,0,0,0,0,0,2.10227288854465,0,1.10880733653654,0,0,0,2.51926225487116,0,0,0,2.15227489219467,2.65460711710956,3.31164609941441,2.85775259011094,3.10850062641304,0,0,0,0,2.84478691868228,2.69510682811025,2.70901890117784,2.83087484561469,0.243482666879252,0.179856969473452,0.135795011198658,0.287544625154046,0,0,0.0584189808252256,0,0.362841541218832,0.38460448651898,0,0,0,0.495428379685135,0,0
575,-0.0600000000836288,0.130000000101316,0.0554058205055183,0.0123240431459439,0.00500000015031334,0.0503763980242018,-0.0468044699601059,-0.113300025040228,0.0518779935090838,0.824063856944121,2.33882793525287e-06,-7.52759065776893e-06,0.566528757038044,-0.0272948679042934,-0.0440606227665422,0.0519973627948812,5.6595350909581e-15,1.17173441351238e-13,0.00380018680437274,-0.075,4.86913458963007e-08,-0.0275228276725496,0.075,0.075,-0.0424001927133844,-0.00121502127000288,0.000854281692125088,-0.0542571522537373,-0.0199950642859352,-0.0264038461627627,4.88127145002669e-06,-0.4,0.4,0.217433328654318,-0.4,0.4,0.25,-0.4,-0.4,0.244892431842382,0,0,0,0,0,1.01041383013398,0,0,0,0,0,0,0,0,0,0,0,2.26015733731077,0,0.733262592157248,0,0,0,0,0,0,0,2.22277778957521,2.6953085763451,3.34041082511986,2.88206287963199,3.15365652183297,0,0,0,0,2.68160899901752,2.57305049781773,2.56105497348826,2.69360452334698,0.246887652826606,0.179970977388427,0.152706151388462,0.27415247882657,0,0,0.054192197914733,0,0.380379230786016,0.403261574080134,0,0.695363641128406,0,0.502668186218686,0,0
576,-0.060000000101311,0.130000000101316,0.0550175141649963,0.0105000386007207,0.00500000015188716,0.049572704059078,-0.0462862314225279,-0.113388111228228,0.0508669193429653,0.824355171064256,2.45392956021091e-06,-7.26140833642729e-06,0.566104783716808,-0.0276894891398938,-0.0445890766580707,0.0519973189049433,-1.3549659096392e-14,1.17166870024773e-13,-0.0423998446162773,-0.075,4.95777282524312e-08,-0.05,-0.0226877077036917,-0.075,-0.05,-0.00202319057375024,0.00137377713928603,-0.052822457216747,-0.019543380228253,-0.0268312274326778,6.17425116267526e-06,0.257219759211193,-0.331478485741041,0.173051256922906,0.323600069595679,0.345941566719315,0.217796272854129,0.091557527462103,0.4,0.20963349136302,0,0,0,0,0,0,0,0,0,0,0,0,0.399676638007926,0,0,0,0,0,0,0,0,0,0,0,0,0,0,0,3.27200113341856,3.28603971616415,3.23060288562357,3.32743796395914,0.13739560959531,0.170605320245565,0.101122497742764,0.20687843209811,2.59167752177322,2.73517996307636,2.6374470392064,2.68941044564318,0,0.0434592019823267,0.0951746184404208,0,0.0581348530227603,0.11451812074963,0.140968727067584,0.0316842467048063,0.0937095054246674,0.0995631528708103,0.114550801046159,0.150896100141161,0.102775845768308,0.170622071638114,0.160344909673323,0.113053007733099
577,-0.0588092734699312,0.128442917459577,0.0543931480324682,0.0110719702448983,0.00500000006898173,0.0490426932470273,-0.0463104488128693,-0.112288196725256,0.0501951547211123,0.824425996350004,7.50811898240122e-07,-1.91207685178523e-06,0.566001635188142,-0.0278031712930209,-0.044747475202368,0.0519974242856067,0.075,-0.075,-0.0201480271992053,0.075,-1.03357671812823e-15,-0.0041635175682854,0.0200522687871088,0.075,-0.0173397633684496,0.000352692932966061,-0.000134688476541278,-2.31837809830076e-08,-1.57728413877651e-05,-3.13038834455864e-05,1.49541731886358e-07,-0.4,0.4,0.239669833724033,-0.4,0.4,0.25,-0.303776934048246,-0.148208135786036,0.25,0,0,0,0,0,1.00852868938168,0,0,0,0,0,0,0,0,0,0,0,1.54899853601731,0,1.06584973731578,0,0,0,2.5125157789225,0,1.87643577505212,0,2.57522525511522,2.68726815255406,3.25064897412988,2.81985649650475,3.11806063017918,0,0,0,0,2.5663950507511,2.45805805306682,2.41603557436811,2.6084175294498,0.352528081031159,0.28575389927778,0.249780013349494,0.388501966959446,0,0,0.0824658653047054,0,0.440162322068231,0.449472636985167,0,0,0,0,0,0
578,-0.059996597546539,0.129642872461827,0.0535685256516793,0.0100000008024387,0.00500000010131612,0.0484951128959811,-0.0447621618115749,-0.110368217724206,0.0499216263953866,0.824425996372632,-2.37666702159392e-08,5.78469416667821e-08,0.566001635160177,-0.0278030483508216,-0.0447472936442474,0.051997424869383,-0.0340427962758955,0.075,-0.05,-9.04208020058663e-06,7.3624395895948e-17,-0.05,0.075,0.075,-0.0100495204188685,0.00015939583398581,-0.000110596906730553,-4.22488035991079e-11,-5.49871935317211e-06,-7.90244562415276e-06,2.23086103934631e-09,0.288703087214075,-0.4,0.180078662858318,0.226958733356059,0.2288459744767,0.218138490703145,0.00704490681730196,0.280041095539066,0.212757991833815,0,0,0,0,0,0,0,0,0,0,0,0,0.107538421945389,0,0,0,0,0,0,0.173502499662886,0,0,0,0,0,0,0,0,3.22261420558517,3.23553486576509,3.184567063961,3.27358200738926,0.080435760217732,0.127032772826715,0.0662522825372936,0.141216250507154,2.39516787648981,2.50886326709354,2.43994243196514,2.46408871161821,0,0.0541891515370375,0.0736910086606639,0.0294609558355112,0.0278507110410682,0.0895108210574772,0.0925874145391043,0,0.0703371566162919,0.0991467393482309,0.0947709867183845,0.158564970031969,0.065355952740972,0.13446840886867,0.113667392596825,0.162262044433445
579,-0.0588097577164891,0.128442917459577,0.0530859771663432,0.0110898048088044,0.00500000007432269,0.0480358028959811,-0.0443404208610066,-0.108844060369797,0.0501253841025112,0.824425996372672,-1.07235961664505e-10,4.19202048297347e-10,0.566001635160126,-0.0278030520747869,-0.0447472993308194,0.0519974248749617,0.075,-0.075,0.00148771290188067,0.075,-1.3500976216399e-15,0.00379999999999953,-0.0322894576548879,0.075,0.0302239239096851,-9.35429942113097e-06,6.28470814596646e-06,-7.90006176460785e-14,3.29243396722079e-07,4.8931322529593e-07,8.24563940615372e-11,-0.4,0.4,0.242411077858759,-0.4,0.4,0.25,-0.0725890408478983,-0.303210568487624,0.191005390076172,0,0,0,0,0,1.00852868938209,0,0,0,0,0,0,0,0,0,0,0,1.22390607470551,0,1.82863916065581,0,0,0,2.64342700760208,0,1.78993737524063,0,2.3459363296621,2.64722263890334,3.18317254133853,2.7680967369575,3.06229844328437,0,0,0,0,2.36466270183563,2.16119807550691,2.19455409611264,2.3313066812299,0.29303227466372,0.289366003898802,0.185529668729728,0.396868609832794,0,0,0.021239520760562,0,0.419701668609402,0.474792469181879,0.0485015027876615,0,0,0,0,0
580,-0.0599967186082018,0.129642872461827,0.0526514214243808,0.0100000034752573,0.00500000010131612,0.0476474928959811,-0.0432144770186794,-0.106924081368747,0.0502655525807049,0.824425996372672,5.02908980403401e-11,-1.3103126757254e-10,0.566001635160126,-0.0278030521015265,-0.044747299360106,0.0519974248749999,-0.0328315669638296,0.075,-0.0447122870981194,-3.57838209289527e-05,7.37469366576304e-17,-0.0424000000000005,0.075,0.075,-0.0159760760903149,2.11976176765897e-07,-1.3585956587857e-07,-1.48831586749598e-16,-7.66949721469119e-09,-1.19023945693751e-08,1.04251257158108e-12,0.174519818647235,-0.335319596953966,0.201655697236077,0.138440613820161,0.194451621954838,0.25,-0.0687338217116878,0.169713210632123,0.17320608737089,0,0,0,0,0,0,0,0,0,0,0,0,0,0,0,0.338580537999541,0.0831447262979266,0,0,0.11799686074975,0,0,0,0,0,0,0,0,3.23670000461616,3.19020654874709,3.18403145174651,3.24287510161673,0.0909020401313093,0.0989320299782977,0.0666262681303087,0.134117119923383,2.18490253967007,2.28240633476055,2.22935379827804,2.23795507615258,0,0,0.00436743486838296,0,0,0.0683307412958606,0.0800424650583205,0,0.00920515494809884,0.0688514249839569,0.083768377575394,0.0641066124623337,0.0951498642437264,0.137462004897513,0.159443407765332,0.0731684613759081
581,-0.0587085248883636,0.128442917459577,0.0520958099556125,0.011233383479332,0.00500000007572264,0.0473401828959811,-0.0424264788219831,-0.105672445217483,0.0500621504219647,0.824425996372672,-2.54159362453537e-12,6.36063009358315e-12,0.566001635160126,-0.0278030520931046,-0.0447472993478751,0.051997424875,0.075,-0.075,-0.0110173345414948,0.075,-1.993769653545e-15,0.0113999999999994,0.004154049422522,0.0502871792302468,-0.00442191061110427,5.93445439783473e-09,-4.34462769846521e-09,3.06312411292433e-18,-1.97503842864575e-10,-2.66032775250745e-10,1.57572465157922e-14,-0.4,0.4,0.25,-0.4,0.4,0.25,-0.163088703771572,-0.143723003960195,0.239498958438329,0,0,0,0,0,1.00852868938205,0,0,0,0,0,0,0,0,0,0,0,1.13056501031665,0,1.85878652623782,0,0,0,2.58456191186228,0,1.76905634838334,0,2.34540181114394,2.62588742746312,3.13045881222854,2.73257223553723,3.02377400415443,0,0,0,0,2.14338459771755,1.91780118404859,1.96344835814649,2.09773742361965,0.268335764326135,0.297334545167758,0.167485430600878,0.398184878893015,0,0,0,0,0.394769900763293,0.475721834086612,0.0709176530847622,0,0,0,0,0
582,-0.0599084348973628,0.129642872461827,0.0514163479338656,0.0100334734714774,0.00500000010131612,0.0471038728961133,-0.0411862358741305,-0.103825335594252,0.0495147600453572,0.824399337175755,1.6330336810437e-05,-1.63491242671161e-05,0.566040464516593,-0.0277980487680303,-0.0447384900279382,0.0519956767890776,-0.075,0.075,-0.05,-0.075,7.35022972193594e-17,-0.0347999993355188,0.04866335854186,0.0437418784441679,-0.0314921975509956,0.144271893626584,-0.0248307896226795,0.297984553658279,0.0155999352837176,0.0267914913084502,-0.00570732532386103,0.288122949334396,-0.4,0.190734162976752,0.268692879222463,0.244909839860042,0.25,0.00736749480269661,0.178948792444553,0.172617503652357,0,0,0,0,0,0,0,0,0,0,0,0,0.010559848420914,0.108235283195894,0,0.438580024599247,0.0868978672017169,0,0,0.30218483328466,0,0,0,0,0,0,0,0,3.17535245284985,3.18568587980317,3.14534167234353,3.21569666030949,0.0738452115521838,0.131897944695749,0.0906524494568096,0.115090706791124,1.99375567280337,2.04230406650966,2.01215339227421,2.02390634703882,0,0,0.000487857056846136,0,0,0.0338805516537416,0,0,0,0.0869641728759624,0.0634455632400566,0.0972587021326761,0.0358255253492625,0.0970918518567927,0.073398796425094,0.242159139976208
583,-0.0588660499905315,0.128442917459831,0.0507058400412225,0.0113425319412481,0.00500000006678135,0.0477286745735178,-0.0419284636243143,-0.105370604165272,0.0494920063844659,0.824859817463664,-2.46277824113803e-06,7.04275509322518e-07,0.565369237253113,-0.0277491107235497,-0.0448463499249248,0.0519973023446921,0.075,-0.075,-0.0211948151860093,0.075,-2.77088473197611e-16,0.05,-0.075,-0.075,0.00398040240845478,0.000440214890532657,0.00211737701048035,5.7506809281351e-07,0.000104323549512467,-5.27071532298816e-06,0.0001311842209865,-0.4,0.4,0.25,-0.4,0.4,0.204422188293587,-0.105010935988872,0.051759630671716,0.247731420750161,0,0,0,0,0,1.00852868938213,0,0,0,0,0,0,0,0,0,0,0,1.12250370447923,0,1.7736902549897,0,0,0,2.501785249594,0,1.81061715608767,0,2.40899010548099,2.62486616394954,3.12243206089291,2.73148735914753,3.01581086569492,0,0,0,0,2.1068514210379,1.87863898754255,1.94193175877165,2.04355864980881,0.215584029854766,0.260913466755843,0.126148466495896,0.350349030114713,0,0,0,0,0.366182121273603,0.462678230964704,0.0592669612796136,0,0,0,0,0
584,-0.0599999194800992,0.129642872462081,0.0498665626286183,0.0101426219344178,0.00500000010131612,0.0482643645741661,-0.041270072096609,-0.104170649163022,0.0496101255601285,0.82485981691558,5.22420322233464e-08,-3.70393406107641e-08,0.565369238060744,-0.0277490224728608,-0.044846610084334,0.0519974243337473,-0.000806620964495892,0.075,-0.05,-0.075,7.37275987624881e-17,0.00380000003361717,0.075,0.075,0.00781235539288379,-0.00025219555281932,-0.000135697556193981,1.14235263357347e-09,-7.07030239627389e-06,1.26445669977746e-05,2.29570554947875e-06,0.154048487116538,-0.367107236252411,0.218260901982393,0.234221875202543,0.300756586122612,0.25,-0.0583417949314112,0.0487445308818245,0.15,0,0,0,0,0,0,0,0,0,0,0,0,0,0,0,0.345405901758047,0.0860586733286045,0,0,0.332776453122305,0,0,0,0.278100771722878,0,0,0,0,3.22567706224048,3.18458830666407,3.17156448009821,3.23870088880634,0.125421972817978,0.133631294826873,0.113092508633208,0.145960759011643,1.99646500098346,2.05576103916662,2.03019817904286,2.02202786110723,0,0.0160677046487134,0,0,0,0.0272519815973877,0,0,0.00306879511589978,0.0949583251467812,0.0933244626936937,0,0.0715174140056477,0.106142602095456,0.119197681832048,0.0584623342690551
585,-0.0587337113375273,0.128442917459831,0.0492081234505643,0.0111777440418752,0.00500000007044933,0.0485669832330916,-0.0412184425486705,-0.10495113900238,0.0496632575947451,0.824381021472162,-1.75002773556772e-07,2.25175038740852e-06,0.566067163196988,-0.0276233028492499,-0.0446824311920801,0.0519974435411609,0.075,-0.075,-0.0160138485625878,0.075,-3.69503492345178e-15,0.0263491229799238,-0.0371526905907284,-0.075,0.00348156304191482,0.00666623091990312,-0.00715956094718617,2.07843686209268e-07,-0.000359122162917951,-0.000336047821451225,2.84542740582375e-05,-0.4,0.4,0.15,-0.4,0.4,0.15,0.0190006843936283,0.4,0.181455337685099,0,0,0,0,0,1.008528689382,0,0,0,0,0,0,0,0,0,0,0,0,0,1.98371854946839,0,0,0,0,0,0,0,0,2.44439424503991,3.25889980676275,2.76517762426252,2.93811642754014,0,0,0,0,1.93172064535185,1.7961178094966,1.81970103080589,1.90813742404256,0.227778723960104,0.127495703834316,0.070301526286536,0.284972901507885,0,0.32728098523826,0.0555599928789694,0,0.313362405742112,0.310412865860178,0,1.19546271468479,0,0.510198147264124,0,1.05518014503353
586,-0.0599336213465265,0.12964287246208,0.0494285364793126,0.0100701267243141,0.00500000010166273,0.0494562415459749,-0.0427813996096651,-0.106661093451407,0.0497726868628664,0.824438416124203,6.26023808804514e-06,-6.5992707317782e-06,0.565983568908006,-0.0276840110239222,-0.0447657071500662,0.051998412813001,-0.075,0.075,0.0377861514374121,-0.075,-3.46787278070268e-09,0.0389793047972748,-0.075,-0.075,0.00744156376658643,-0.0704492501427027,0.0562725398538913,-0.0773861151137807,-0.0254463337762403,-0.0345589792822748,-0.00504979257886092,0.320773443492605,-0.4,0.15,0.299265741955205,0.259657287547308,0.15,0.149758686306059,0.4,0.15,0,0,0,0,0,0,0,0,0,0,0,0,0,0.0402970878857945,0.0111796435877086,0.166798924124697,0.077112778938367,0.112750089898,0.102796350470787,0.274404659325186,0,0,0,0.463485859052552,0,0,0,0,3.21489442795389,3.2127269833258,3.19695137415543,3.23067003712425,0.124917163926294,0.163221395770924,0.123559048787213,0.164579510910004,2.1797665212411,2.22915509474195,2.20790106408668,2.20102055189638,0,0,0,0,0,0,0,0,0.0283113773188944,0.0818477835006468,0.0709140930076977,0,0.0505470337435534,0.0850641386020914,0.0818816830013519,0.0963278285180711
587,-0.0587047689626439,0.128442917459773,0.0499335310857242,0.0112424486013599,0.00500000005412046,0.0498752486126611,-0.0434940670156656,-0.106697286071831,0.0499916755460356,0.824551727937191,-1.10844598718646e-06,2.84154082889808e-06,0.565818479049964,-0.0278498227093881,-0.044994781504966,0.0519974192864495,0.075,-0.075,0.0128380497128385,0.075,-3.68336806248393e-15,0.00310078729315684,0.0033415516417471,0.0706524755796967,0.0144224003673364,-0.00273313054433583,0.00180488364564897,-1.8667086224596e-08,0.000107190809632372,0.000161728110903293,-4.84883541166348e-05,-0.4,0.4,0.25,-0.4,0.4,0.25,-0.194977386644533,-0.198944984314564,0.220036173901592,0,0,0,0,0,1.00852868938202,0,0,0,0,0,0,0,0,0,0,0,1.15920839088592,0,1.7301883297516,0,0,0,2.47233986565424,0,1.82158645902776,0,2.40833112846493,2.64247087544473,3.16513860021633,2.79334816637462,3.01426130928643,0,0,0,0,2.2245736499022,2.01910038498472,2.07851935138873,2.16515468349818,0.170790181222646,0.181892193275745,0.0701573437425759,0.267593200428758,0,0,0.0109251930543678,0,0.323921501451418,0.391720305309472,0,0,0.0370028714856757,0,0.000300905473528502,0
588,-0.0599046789716431,0.129642872462023,0.049725982079981,0.0100425385916254,0.00500000010131611,0.0494729543584001,-0.0421522692740947,-0.104786002119622,0.0499408670531989,0.824551727958397,4.54632866408385e-08,-1.1513228325012e-07,0.565818479030296,-0.0278500049783841,-0.0449950493405494,0.0519974246913272,-0.075,0.075,-0.0333619502871614,-0.075,7.41940273973455e-17,-0.0430992127101037,0.075,0.075,-0.0193344653225637,-0.000178234257226722,0.000122701207607866,-3.29129764255071e-11,5.8657006670225e-06,8.50465475916762e-06,-3.01092302949183e-07,0.125102921551161,-0.0273050978833026,0.192046375991492,0.165685441620357,-0.0357699118313184,0.245877808582431,-0.130848991114254,0.134535401611023,0.214634037345032,0,0,0,0,0,0,0,0,0,0,0,0,0.047094599972749,0.186693394983742,0.0473257134531453,0.182691994605282,0.0915710963204235,0,0.0335774772804654,0.188292778149818,0,0,0,0.405475358453378,0,0,0,0,3.23214128934714,3.193626542483,3.18530384897326,3.24046398285688,0.109744943880764,0.118243135479271,0.083010704047693,0.144977375312342,2.05251516047544,2.14213995859681,2.0909252334799,2.10372988559234,0,0,0,0,0,0.0611121828640787,0,0,0.0098666389634436,0.0720738043019829,0.0791081231525703,0,0.0722728592573021,0.119547708242138,0.130996634392292,0.0608239331071479
589,-0.0587425733663442,0.128442917459773,0.0491671251610377,0.0113184192331726,0.00500000007170095,0.048929134862804,-0.0413228910996418,-0.104569455471347,0.0494381704263898,0.824551727958436,-4.09975758441067e-10,9.73805291480707e-10,0.565818479030261,-0.0278499975103178,-0.0449950382681933,0.0519974248727375,0.075,-0.075,-0.0225776630433788,0.075,-5.95990392389091e-16,-0.0114410277741879,0.00827146014456843,-0.0527068011666382,-0.0308774822735932,1.48356127022495e-05,-1.00698628554066e-05,-6.15460743941942e-14,-5.19812086466828e-07,-7.65463038206705e-07,-1.4146895622243e-10,-0.4,0.4,0.245613941969376,-0.4,0.4,0.18789775752464,-0.146061058354588,0.4,0.25,0,0,0,0,0,1.00852868932971,0,0,0,0,0,0,0,0,0,0,0,0,0,0,0,0,0,0,0,0,0,3.43197536002227,2.51967183271432,3.16007060352393,2.73261492713708,2.94712750910117,0,0,0,0,1.98459374744505,1.81828787874082,1.83838787106808,1.96449375511779,0.229527883153385,0.219238470388318,0.0919691789325642,0.344058217669393,0,0.254971246715439,0,0.456207743039111,0.322532701571729,0.382790106207527,0,0.663097810912712,0,0.418522882534647,0,0
590,-0.0599424834841439,0.129642872517282,0.0484347761848525,0.0101185091841043,0.00500000023658158,0.0487470321709069,-0.0427501522148519,-0.103419408664268,0.0493473053878166,0.824736095887678,-5.05186799602739e-06,4.14318045801962e-06,0.565549712651664,-0.0278461939145204,-0.0448576993329217,0.0519975914806859,-0.0749999999970491,0.0749999999919987,-0.0499999999994504,-0.074999999999096,3.25861745480851e-12,-0.00679248412727759,-0.0750000000017144,0.0651105299434263,0.0179137366749865,-0.00476591448866294,-0.00160301842261018,-0.172274228656324,0.000614713550970785,0.0354632659240932,-0.000491169140208334,0.131016356801836,-0.0502415383097389,0.211969537127992,0.156009120556342,-0.0826266447467194,0.247545593327862,0.0102965845564597,0.149195181659454,0.183896981961806,0,0,0,0,0,0,0,0,0,0,0,0,0.0976599292149295,0.150256008025062,0,0.167530366684616,0.0988274775626813,0,0,0.194752724697063,0,0,0,0.439024052375357,0,0,0,0,3.21384411489665,3.17440237004602,3.16352987750142,3.22471660744125,0.0971592585528737,0.109413645450067,0.0812336118937807,0.125339292109159,2.04100158517134,2.12859835825245,2.07975803946274,2.08984190396106,0,0,0.010720657145457,0,0,0.0676086056785781,0.014115516633095,0,0.0219464113775194,0.0895938670364495,0.0901167538164082,0,0.0762121230421892,0.13086544224576,0.136684033750896,0.0703935315370552
591,-0.0586898437751245,0.128442917459873,0.0478193423721915,0.011197218248477,0.00500000006454181,0.0488307932858399,-0.0434904325511043,-0.103254869694668,0.0494015306323523,0.825003079259728,-2.20234710113084e-07,2.40113479722301e-07,0.565160178433501,-0.0278501535238515,-0.0446330616952766,0.0519974237759824,0.075,-0.075,-0.0117347076226594,0.075,-3.01185340675433e-15,0.0150593307956324,0.000638970941543014,-0.0449685922785245,-0.0120735581429598,-0.00689719276328091,-0.000914547177249633,-1.01942831484246e-07,-4.70459167545347e-05,0.000361365667316394,-3.35406617683134e-06,-0.4,0.4,0.25,-0.4,0.4,0.25,-0.197827158238847,-0.0735748153817825,0.25,0,0,0,0,0,1.008528689382,0,0,0,0,0,0,0,0,0,0,0,1.18178616087325,0,1.66993468086045,0,0,0,2.45022025119307,0,1.79968929539875,0,2.360811712828,2.61853543557744,3.14254718043934,2.7496705508141,3.01141206520268,0,0,0,0,2.11979183980706,1.91585125665361,1.95387282046542,2.08177027599524,0.254852224882352,0.256211614744946,0.152477796809793,0.358586042817505,0,0,0.00543281907841844,0,0.361702884941085,0.419832921518582,0.0480815751494809,0,0,0,0,0
592,-0.0598897537841237,0.129642872462123,0.0471269676349837,0.0104843074778946,0.00500000010131612,0.0488141561521312,-0.0433838859594776,-0.102840267426766,0.0493361684086131,0.825140906158032,-3.78149259532821e-06,-1.40496286107326e-05,0.56495893847068,-0.027870233961632,-0.0445081870069632,0.0519975315134374,-0.075,0.075,-0.05,-0.061359004589053,-4.26291954808411e-15,-0.00522623327179264,-0.0224568733719059,-0.00258473060793043,0.000959222606698212,-0.0337849062356363,-0.00617124325052171,-0.155125338483814,-0.0114462731965524,-0.00192411253592108,0.000241193820970551,0.203234272854403,-0.108211688568819,0.203850095755071,0.201349107117824,-0.0231070688403045,0.204449600224763,0.0100201239771343,0.4,0.207160643203269,0,0,0,0,0,0,0,0,0,0,0,0,0.014105121698368,0,0,0.106085228923925,0.130530999050875,0.231661165972036,0.134806206767889,0.227385958256464,0,0,0,0.665143058867779,0,0,0,0,3.1734370431025,3.16095641608459,3.14008144735423,3.19431201183287,0.111730073376306,0.149836461798196,0.105857462644283,0.155709072530219,2.08396263418302,2.1484504466205,2.11084665249492,2.1215664283086,0,0.0351582441455086,0.0165832666786171,0,0,0,0,0,0.0312864896657939,0.0940815775426006,0.0822053548610164,0,0.0683205682356885,0.119808868339083,0.112540678645604,0.0755887579291676
593,-0.0587978294816035,0.128700315167128,0.0466676576348246,0.0113145131361788,0.00500000003705288,0.0488264424651657,-0.0437344815548217,-0.102651722613951,0.0492929995641457,0.825383875705678,-5.62008431691388e-06,4.24471693939065e-06,0.564603911292146,-0.027914197590939,-0.0444304019557088,0.0519973482670761,0.075,-0.075,0.0037999999910655,0.075,-4.69264899326473e-17,0.0039637822616592,-0.0134086140109559,0.0149840867671437,-0.00318425288411234,-0.000296139296251235,9.71977645694154e-05,-0.0421401029769525,9.38729829801268e-05,0.0101818326086969,-2.65407857240023e-06,-0.4,0.4,0.15,-0.4,0.4,0.15,0.0326149063109435,0.4,0.187166578057846,0,0,0,0,0,1.00852868938201,0,0,0,0,0,0,0,0,0,0,0,0,0,1.52125416509956,0,0,0,0,0,0,0,0,2.37084010632098,3.24422911565438,2.72394597511839,2.89112324685696,0,0,0,0,2.03584160120733,1.97198617343491,1.95190540890032,2.05592236574192,0.296276157254534,0.163184346920712,0.146378931818849,0.313081572356396,0,0.628337595048463,0.107161586077587,0,0.3100754325991,0.296160206835384,0,1.19439670295017,0,0.519612736083558,0,0.996094017484122
594,-0.0599931208208211,0.129900270021631,0.0472799076394113,0.0102249085283968,0.00500000030709619,0.0493804692304139,-0.0452570684384309,-0.104284352049567,0.0497736339714506,0.825484356300037,2.45516573985133e-06,-8.93036749393959e-06,0.564456992307551,-0.0279979925254178,-0.0445229068770978,0.0519955153048675,-0.0688122456655455,0.0749999999938976,0.0500000000063163,-0.0749999999931618,2.95336706541369e-11,0.0378423293844355,-0.0749999998375204,-0.0750000000700634,0.0499999999963723,0.0583876712318964,-0.0512704192002733,-0.06027921579465,-0.0214554092470235,-0.0285224429828849,0.00105957000983471,0.210239077934827,-0.0371069586927448,0.150000003756101,0.235493935896081,-0.0704047139565134,0.150000000408863,0.0654296353279992,0.399999958337869,0.188643710359719,0,0,0,0,0,0,0,0,0,0,0,0,0,0,0,0,0.137583070021343,0,0,0.233110162916427,0,0,0,0,0,0,0,0,3.15080417847292,3.22780467242732,3.17875455069209,3.19985430020813,0.0557937033409229,0.184075458475722,0.110080781977183,0.144363476487883,2.25068421690287,2.2893001767364,2.26139178508928,2.27859260855,0.0326244622640616,0.0519555016775563,0.0432879981981054,0.0412919657435146,0,0.0790077134025606,0.0504870204450113,0,0.0668778341197222,0.0950116621816604,0.0581396780000314,0.243699121091603,0.0463238730888112,0.20799852828441,0.0657901976713,0.169647756417316
595,-0.0593041906180308,0.128762090181415,0.0483363976345182,0.0108176628224652,0.00500000007473621,0.0503962931895381,-0.0455566652256803,-0.10419357461184,0.0505328027016249,0.825571957912731,5.29815939724888e-07,-1.34222462675362e-06,0.564328860484907,-0.0281219412703782,-0.0446920004623097,0.0519974126734982,0.0722585908992386,-0.075,0.05,0.075,-8.35709213880545e-16,0.05,0.0444431842042968,0.075,0.0260366892159996,0.003868744660516,-0.00251843259047415,-1.54779469035288e-08,-0.000137160151915828,-0.00021034013224133,2.92777893479592e-05,0.0693901742141768,0.0653260426988838,0.15,0.0748026558650327,-0.0678820764259975,0.15,0.10606039493435,0.4,0.183065910647578,0,0,0,0,0,0,0,0,0,0,0,0,0.114404458107532,0,0,0.144256846410346,0.0266160412330745,0,0,0,0,0,0,0.677075352870625,0,0,0,0,3.08859228645806,3.11193706828915,3.0865289864691,3.11400036827811,0.140125908409723,0.212228441869259,0.149813735962924,0.202540614316058,2.32431638159955,2.27214167016446,2.28250378356931,2.3139542681947,0,0.0627647705445685,0.0421318858166803,0,0,0.105477656115372,0.0841289841509571,0.0727922881035823,0.0528175356493555,0.105420001152507,0.0837465676290002,0,0.0937740851880138,0.14813288672331,0.125743665963277,0.21426145211247
596,-0.0578349183188728,0.12764218363376,0.0488720876345182,0.0123492328735991,0.00500000001151395,0.050991373165449,-0.0442807651600867,-0.102714894189022,0.0506315904039021,0.825363021849622,-1.56785509664583e-05,1.53226441231742e-05,0.564634401608329,-0.028069398224982,-0.0446055691030831,0.0519986806059358,0.0746566487274176,-0.0371797559855724,0.00379999999999992,0.075,-1.72077931125261e-15,0.0097094477166597,0.0243949820253429,0.00230069889867147,0.000143980859951105,0.0170012518598213,-0.0287597859485346,0.252660358573713,0.020497604104695,0.0341106710846275,0.0025953447239658,-0.4,0.4,0.15,-0.4,0.4,0.162741121657587,-0.0955321466191148,0.4,0.21274653726874,0,0,0,0,0,1.00852868938202,0,0,0,0,0,0,0,0,0,0,0,0,0,1.74980307790035,0,0,0,0,0,0,0,0,2.37516336021177,3.17830179254436,2.71248143136345,2.84098372139269,0,0,0,0,2.06630838028479,1.94823648932454,1.96239429996198,2.05215056964734,0.222463174750379,0.102676160340823,0.0420165639816554,0.25142897241767,0,0.348581949244465,0.098484468667491,0,0.254208685273418,0.234751861794496,0,1.04180041445508,0,0.480657650698139,0,0.990588536121846
597,-0.0590375751380527,0.129129072099496,0.0494843376345182,0.0111493229120041,0.00500000010131634,0.0517044942647339,-0.0455828295029481,-0.104405666394678,0.0503665763174194,0.824936338431081,6.76292910581866e-07,-2.43100072189948e-06,0.565257613799915,-0.0279150156411979,-0.044369829400873,0.0519974398106836,-0.075,0.075,0.05,-0.075,1.1084832558494e-16,0.05,-0.075,-0.075,-0.0265121090586244,0.00284041655978262,-0.00300732306758181,1.60927641488836e-07,-0.000169019886099807,-0.000162711198920772,6.40008537528064e-06,-0.4,0.4,0.15,-0.4,0.4,0.246381717613731,-0.0811676886826941,0.4,0.25,0,0,0,0,0,1.0104168830826,0,0,0,0,0,0,0,0,0,0.501590741604487,0,1.44651011370423,0,1.21109363684317,0,0,0,0,0,0,0,2.01842239078264,2.56422662137815,3.27485771940745,2.86346736075768,2.97561698002792,0,0,0,0,2.23985792375637,2.10651351838614,2.14509927111099,2.20127217103153,0.14842838388765,0.0419788504717361,0,0,0,0,0.119533941621202,0,0.225090734080175,0.214533123233862,0,0.960679320875762,0,0.49941979474384,0,0
598,-0.060000000101311,0.130000000101316,0.0502945647975676,0.00999999989868896,0.00500000010131612,0.0520055939239492,-0.0463510201300249,-0.106308163680504,0.0494616518772961,0.825073285294691,2.37418845355159e-06,-7.10150709685079e-06,0.565057702497633,-0.0281543998452358,-0.0446809018041079,0.0519975256471754,-1.35497042462902e-14,1.17166821753536e-13,0.0311171335750671,-4.87614318378604e-15,-4.26334416443635e-15,-0.0127027423934318,-0.00218314697282462,-0.075,-0.05,0.000395937441054951,-0.000423183472837893,-0.00522707132667495,-0.0048553495862885,-0.00646987606311914,-1.42058785626948e-05,0.121814254784546,0.0670059626419619,0.15,0.153651320764454,-0.053554612072053,0.15,0.116995450515443,0.4,0.24228979630023,0,0,0,0,0,0,0,0,0,0,0,0,0.14459990335902,0,0,0.138980813421894,0,0,0,0,0,0,0,0.65528262992278,0,0,0,0,3.17833614677303,3.22625043788913,3.1860479492878,3.21853863537436,0.0689122869890514,0.171695103689277,0.0856777023105879,0.170189171080201,2.4339179024914,2.38396567348206,2.39038324664956,2.4275003293239,0,0.0435770952839061,0.0322470413163453,0,0.0252541671049153,0.0916028698429705,0.0733852248508461,0.0621115495884327,0.0523816150108687,0.0863153982084039,0.0649727676264544,0,0.083507221930981,0.134341172767469,0.106110951160955,0.203675570812218
599,-0.0593792382871169,0.129348012104313,0.0504525974776358,0.0107773886218755,0.00489481258125169,0.0515698773702188,-0.0452797051134044,-0.105142866264862,0.0485746164389478,0.825074918214449,1.72398396611369e-07,-4.90873609126388e-07,0.565055318239755,-0.0281601954108216,-0.0446886994410793,0.0519974254881368,0.0617673452559826,-0.0648744281507828,-0.0150828659913959,0.075,-0.0104664200018235,-0.0307785341853552,0.075,0.075,-0.0387597451092861,-0.000215672726623505,0.000180283393830836,-1.19213909512982e-09,7.06726068340696e-06,8.06574140995127e-06,-1.05811766351827e-06,-0.4,0.4,0.232112005952308,-0.4,0.4,0.25,-0.393119674958761,-0.13494381055801,0.25,0,0,0,0,0,0.986416200956855,0,0,0,0,0,0,0,0,0,0.981662137445696,0,1.41813298967342,0,1.1611238470705,0,0,0,2.31566362455937,0,1.74404717142143,0,2.49512533419045,2.72148519081698,3.26752436266741,2.89337110499162,3.09563844849277,0,0,0,0,2.259749237491,2.12207415987458,2.13325221136624,2.24857118599934,0.169949841807994,0.124300111532066,0.0929457061852021,0,0,0,0.0961034109186732,0,0.291125665590986,0.314654358246838,0,0,0.0726329851443617,0,0.0648072724533489,0
