# https://github.com/mikedh/trimesh

o rubber_duck.stl
v -0.03934398 0.02178934 -0.02194785
v -0.03831201 0.02267424 -0.02218593
v -0.03904873 0.02303745 -0.02354796
v -0.04016129 0.02213091 -0.02341977
v -0.03955317 0.02341600 -0.02497201
v -0.03669277 0.02362588 -0.02235310
v -0.03733860 0.02405901 -0.02365029
v -0.03781647 0.02447769 -0.02502047
v -0.04084205 0.02136052 -0.02327357
v -0.03996666 0.02100856 -0.02168675
v -0.04125683 0.02074743 -0.02311718
v -0.04070088 0.02250532 -0.02493630
v -0.04141973 0.02175137 -0.02489827
v -0.04186985 0.02115983 -0.02484290
v -0.03865658 0.02077865 -0.02028230
v -0.03811835 0.02155550 -0.02064774
v -0.03677482 0.02075397 -0.01920467
v -0.04033923 0.02037432 -0.02142915
v -0.03898550 0.02012822 -0.01994276
v -0.03706409 0.02009685 -0.01882196
v -0.03724322 0.02238821 -0.02100778
v -0.03633707 0.02152292 -0.01963994
v -0.03567587 0.02231581 -0.02010860
v -0.03582854 0.02322636 -0.02124565
v -0.03307498 0.01543523 -0.04617311
v -0.03613539 0.01494676 -0.04528523
v -0.03557533 0.01666281 -0.04462280
v -0.03253776 0.01721565 -0.04560903
v -0.03510952 0.01798374 -0.04406743
v -0.03880674 0.01467970 -0.04422282
v -0.03818393 0.01635208 -0.04349818
v -0.03766711 0.01763845 -0.04289290
v -0.02972716 0.01604621 -0.04695632
v -0.02920125 0.01789714 -0.04643623
v -0.02619362 0.01668467 -0.04775378
v -0.03209074 0.01858670 -0.04513432
v -0.02876394 0.01932320 -0.04604238
v -0.02569583 0.01859637 -0.04720072
v -0.03028124 0.01384560 -0.04743610
v -0.03364247 0.01331868 -0.04674514
v -0.03080307 0.01137053 -0.04778942
v -0.02671674 0.01440906 -0.04814698
v -0.02720631 0.01184210 -0.04830137
v -0.03672819 0.01290464 -0.04595906
v -0.03418032 0.01093925 -0.04724368
v -0.03729220 0.01060553 -0.04654861
v -0.03946617 0.01268613 -0.04496259
v -0.03497050 0.00565896 -0.04780078
v -0.03812958 0.00549043 -0.04721545
v -0.03776590 0.00811846 -0.04695824
v -0.03462862 0.00837021 -0.04758728
v -0.04101873 0.00540938 -0.04636198
v -0.04061729 0.00799461 -0.04607058
v -0.04009281 0.01043616 -0.04561326
v -0.03155557 0.00588154 -0.04820001
v -0.03123221 0.00869948 -0.04804127
v -0.02789885 0.00613594 -0.04843638
v -0.02760341 0.00906679 -0.04838489
v -0.03176006 0.00296551 -0.04827923
v -0.03518913 0.00285290 -0.04790901
v -0.03183259 0.00000048 -0.04829879
v -0.02808345 0.00310143 -0.04846158
v -0.02814806 0.00001515 -0.04846730
v -0.03836356 0.00276842 -0.04734776
v -0.03526761 -0.00000057 -0.04793681
v -0.03844812 -0.00000057 -0.04738269
v -0.04127628 0.00272835 -0.04651489
v -0.01889928 0.01769833 -0.04816382
v -0.02257599 0.01723645 -0.04802850
v -0.02215152 0.01919301 -0.04753853
v -0.01858296 0.01968555 -0.04774366
v -0.02179900 0.02070026 -0.04717772
v -0.02528230 0.02006931 -0.04675088
v -0.01518846 0.01806229 -0.04822499
v -0.01500479 0.02006737 -0.04782507
v -0.01146850 0.01831900 -0.04822754
v -0.01832018 0.02121360 -0.04740788
v -0.01485196 0.02160622 -0.04748786
v -0.01143167 0.02033240 -0.04781869
v -0.01537994 0.01566033 -0.04843561
v -0.01923036 0.01532444 -0.04841724
v -0.01555623 0.01292490 -0.04841906
v -0.01150566 0.01590110 -0.04843883
v -0.01153781 0.01313882 -0.04841906
v -0.02302121 0.01490536 -0.04837378
v -0.01953743 0.01263068 -0.04841906
v -0.02343594 0.01226920 -0.04841906
v -0.01996009 0.00656925 -0.04841906
v -0.02401442 0.00637113 -0.04841906
v -0.02376897 0.00940376 -0.04841906
v -0.01978169 0.00969008 -0.04841906
v -0.01579364 0.00673330 -0.04841906
v -0.01569431 0.00992557 -0.04841906
v -0.01157287 0.00685441 -0.04841906
v -0.01155961 0.01009839 -0.04841906
v -0.01585367 0.00341240 -0.04841906
v -0.02006957 0.00332826 -0.04841906
v -0.01587386 0.00002720 -0.04841906
v -0.01157939 0.00347473 -0.04841906
v -0.01158096 0.00002720 -0.04841906
v -0.02416639 0.00322703 -0.04841906
v -0.02010708 0.00002720 -0.04841906
v -0.02421901 0.00002720 -0.04841906
v -0.00410056 0.01848786 -0.04809460
v -0.00776440 0.01845918 -0.04818659
v -0.00436145 0.02049992 -0.04763633
v -0.00787822 0.02047461 -0.04776240
v -0.00457713 0.02203916 -0.04729063
v -0.01140048 0.02187507 -0.04747232
v -0.00089839 0.02041430 -0.04742024
v -0.00050141 0.01841011 -0.04794369
v 0.00249397 0.02022368 -0.04709314
v -0.00122724 0.02194777 -0.04706489
v 0.00206681 0.02174967 -0.04670948
v -0.00382510 0.01606567 -0.04840191
v -0.00008354 0.01599766 -0.04836119
v -0.00356571 0.01328980 -0.04841906
v 0.00300864 0.01823097 -0.04772504
v 0.00354906 0.01583492 -0.04830572
v 0.00030799 0.01323313 -0.04841906
v -0.00764326 0.01603485 -0.04842775
v -0.00752764 0.01325941 -0.04841906
v -0.00319324 0.00694273 -0.04841906
v -0.00735559 0.00692373 -0.04841906
v -0.00335304 0.01022285 -0.04841906
v -0.00743037 0.01019673 -0.04841906
v 0.00062593 0.01017902 -0.04841906
v 0.00086272 0.00691288 -0.04841906
v 0.00446007 0.01006753 -0.04841906
v 0.00405346 0.01309255 -0.04841906
v -0.00309245 0.00352049 -0.04841906
v 0.00101084 0.00350538 -0.04841906
v -0.00305680 0.00002720 -0.04841906
v 0.00476085 0.00683566 -0.04841906
v 0.00494775 0.00346591 -0.04841906
v 0.00106273 0.00002720 -0.04841906
v -0.00730742 0.00351052 -0.04841906
v -0.00728999 0.00002720 -0.04841906
v 0.00961911 0.01768216 -0.04699320
v 0.00640516 0.01795550 -0.04743884
v 0.00893075 0.01964948 -0.04606261
v 0.00579860 0.01993458 -0.04666512
v 0.00835688 0.02115966 -0.04548647
v 0.00529402 0.02145155 -0.04619462
v 0.01180564 0.01947032 -0.04503313
v 0.01258142 0.01750314 -0.04577929
v 0.01433852 0.01950417 -0.04388999
v 0.01115786 0.02098027 -0.04455116
v 0.01359943 0.02101964 -0.04335485
v 0.01033803 0.01532434 -0.04778413
v 0.01338996 0.01515026 -0.04650091
v 0.01100361 0.01263924 -0.04806806
v 0.01522306 0.01752856 -0.04452191
v 0.01614387 0.01516649 -0.04516003
v 0.01413601 0.01248085 -0.04688408
v 0.00704033 0.01558155 -0.04822288
v 0.00763072 0.01287119 -0.04841906
v 0.01191697 0.00657814 -0.04821547
v 0.00844969 0.00671256 -0.04841906
v 0.01153191 0.00970242 -0.04815912
v 0.00810295 0.00989064 -0.04841906
v 0.01472435 0.00957157 -0.04716721
v 0.01515043 0.00648203 -0.04734483
v 0.01765761 0.00957779 -0.04609257
v 0.01699178 0.01249167 -0.04571377
v 0.01215278 0.00332890 -0.04824423
v 0.01540970 0.00327234 -0.04743388
v 0.01223338 0.00001721 -0.04825148
v 0.01813779 0.00648461 -0.04632562
v 0.01842875 0.00327190 -0.04644210
v 0.01549764 0.00000262 -0.04745603
v 0.00866360 0.00340280 -0.04841906
v 0.00873735 0.00002720 -0.04841906
v 0.00501273 0.00002720 -0.04841906
v 0.00739808 0.01751648 -0.00768184
v 0.00704704 0.01883526 -0.00855964
v 0.00402562 0.01778630 -0.00733321
v 0.00380178 0.01903458 -0.00821777
v 0.00053134 0.01786924 -0.00722404
v 0.00672975 0.01993007 -0.00918940
v 0.00359787 0.02009160 -0.00886403
v 0.00043105 0.01912717 -0.00813705
v 0.00421235 0.01651724 -0.00619533
v 0.00769450 0.01612587 -0.00652635
v 0.00430499 0.01539791 -0.00478913
v 0.00065044 0.01659144 -0.00607228
v 0.00078463 0.01546600 -0.00467918
v 0.01056772 0.01719761 -0.00831728
v 0.01107557 0.01550696 -0.00711795
v 0.01340957 0.01703888 -0.00931364
v 0.00777691 0.01488316 -0.00505631
v 0.01121422 0.01395977 -0.00552785
v 0.01415835 0.01503572 -0.00812970
v 0.01005805 0.01866990 -0.00920328
v 0.00962994 0.01983235 -0.00982442
v 0.01272604 0.01867921 -0.01018932
v 0.01217937 0.01992244 -0.01080353
v 0.01515415 0.00574907 -0.00077686
v 0.01591629 0.00292665 -0.00063340
v 0.01660037 0.00599299 -0.00300314
v 0.01738634 0.00303026 -0.00275599
v 0.01829264 0.00626912 -0.00523205
v 0.01617178 -0.00000057 -0.00057317
v 0.01764569 -0.00000057 -0.00265808
v 0.01930944 -0.00000057 -0.00477197
v 0.01527986 0.00881952 -0.00335293
v 0.01388964 0.00836191 -0.00096628
v 0.01332008 0.01122332 -0.00358263
v 0.01700959 0.00931232 -0.00572166
v 0.01494026 0.01244813 -0.00636613
v 0.01406740 0.00561213 0.00137519
v 0.01288658 0.00814403 0.00131292
v 0.01346982 0.00560347 0.00340686
v 0.01210286 0.01060577 -0.00112039
v 0.01125343 0.01034657 0.00124782
v 0.01238349 0.00815654 0.00346116
v 0.01478479 0.00286067 0.00142238
v 0.01502763 -0.00000057 0.00144220
v 0.01412980 0.00285124 0.00336515
v 0.01435321 -0.00000057 0.00334744
v -0.03430052 0.01507845 -0.01155299
v -0.03333490 0.01694195 -0.01369764
v -0.03670178 0.01664895 -0.01371804
v -0.03781598 0.01485976 -0.01134188
v -0.03968462 0.01647686 -0.01420096
v -0.03253297 0.01838817 -0.01545650
v -0.03579333 0.01802007 -0.01558835
v -0.03862457 0.01780046 -0.01611681
v -0.03530464 0.01288973 -0.00926227
v -0.03901473 0.01271746 -0.00862120
v -0.03616271 0.01047952 -0.00716013
v -0.04099502 0.01474311 -0.01167751
v -0.04242430 0.01265533 -0.00862390
v -0.03993934 0.01033363 -0.00609732
v -0.03156861 0.01304855 -0.00984906
v -0.03065052 0.01531682 -0.01187303
v -0.02792790 0.01317559 -0.01013133
v -0.03241036 0.01057684 -0.00798093
v -0.02879210 0.01064172 -0.00840429
v -0.02976963 0.01727028 -0.01381082
v -0.02702956 0.01551881 -0.01197610
v -0.02619166 0.01754835 -0.01372867
v -0.02903947 0.01879759 -0.01542039
v -0.02027807 0.01571104 -0.01073009
v -0.01949470 0.01776761 -0.01218028
v -0.02278666 0.01769056 -0.01312225
v -0.02360121 0.01562838 -0.01153630
v -0.01887812 0.01938044 -0.01336467
v -0.02213687 0.01931168 -0.01443183
v -0.02550878 0.01914115 -0.01517912
v -0.02116133 0.01333087 -0.00916492
v -0.02450380 0.01325251 -0.00985887
v -0.02212829 0.01075316 -0.00767959
v -0.02541770 0.01069032 -0.00827480
v -0.01776552 0.01346221 -0.00818277
v -0.01697275 0.01583233 -0.00973387
v -0.01423324 0.01384344 -0.00723285
v -0.01876500 0.01086079 -0.00670581
v -0.01479645 0.01109960 -0.00528600
v -0.01625587 0.01785018 -0.01109145
v -0.01361080 0.01609409 -0.00877089
v -0.01301023 0.01800895 -0.01004448
v -0.01568690 0.01941868 -0.01216382
v -0.00656001 0.01716816 -0.00758585
v -0.00633962 0.01866861 -0.00863969
v -0.00969786 0.01831462 -0.00922806
v -0.01011779 0.01659819 -0.00806435
v -0.00611224 0.01991745 -0.00943524
v -0.00932461 0.01968857 -0.01010576
v -0.01251761 0.01949764 -0.01101546
v -0.00667264 0.01559405 -0.00629234
v -0.01048134 0.01467148 -0.00663556
v -0.00649327 0.01419145 -0.00478291
v -0.01035149 0.01293557 -0.00498319
v -0.00296997 0.01625887 -0.00610459
v -0.00300375 0.01762752 -0.00730701
v -0.00279801 0.01504938 -0.00467935
v -0.00295637 0.01897232 -0.00827686
v -0.00288481 0.02011027 -0.00900444
v 0.00035333 0.02019299 -0.00881385
v -0.03698964 0.00534075 -0.00449344
v -0.03669015 0.00795155 -0.00558129
v -0.04023113 0.00781984 -0.00431151
v -0.04022628 0.00523056 -0.00316130
v -0.04320306 0.00742412 -0.00259360
v -0.04395072 0.01004219 -0.00480082
v -0.03716385 0.00268206 -0.00386433
v -0.04026097 0.00262025 -0.00254425
v -0.03721962 -0.00000057 -0.00366446
v -0.04289658 0.00497093 -0.00146145
v -0.04280216 0.00249169 -0.00088655
v -0.04028822 -0.00000057 -0.00236901
v -0.03380281 0.00270133 -0.00480269
v -0.03352590 0.00538021 -0.00544805
v -0.03046990 0.00270224 -0.00531528
v -0.03389459 -0.00000057 -0.00458434
v -0.03060550 -0.00000057 -0.00508829
v -0.03306227 0.00801305 -0.00651069
v -0.03009872 0.00538816 -0.00596467
v -0.02952758 0.00804028 -0.00700487
v -0.02408586 0.00541289 -0.00556062
v -0.02316277 0.00810401 -0.00646890
v -0.02626619 0.00806918 -0.00696896
v -0.02697183 0.00540382 -0.00598286
v -0.02471866 0.00270929 -0.00498247
v -0.02745717 0.00270899 -0.00535800
v -0.02496248 -0.00000057 -0.00477594
v -0.02764476 -0.00000057 -0.00513588
v -0.02220841 0.00269081 -0.00424030
v -0.02138147 0.00540107 -0.00475596
v -0.01988048 0.00264128 -0.00318310
v -0.02250876 -0.00000057 -0.00405725
v -0.02023368 -0.00000057 -0.00302862
v -0.02010199 0.00814907 -0.00557066
v -0.01887322 0.00531286 -0.00361599
v -0.01726429 0.00804392 -0.00429673
v -0.01465566 0.00490612 -0.00055731
v -0.01286241 0.00724020 -0.00083228
v -0.01483011 0.00762809 -0.00266964
v -0.01657572 0.00509277 -0.00218790
v -0.01056889 0.00937729 -0.00106873
v -0.01241449 0.00993435 -0.00306934
v -0.01584138 0.00247663 -0.00034774
v -0.01768889 0.00254837 -0.00186247
v -0.01628235 -0.00000057 -0.00025932
v -0.01808737 -0.00000057 -0.00173884
v -0.01454565 0.00249060 0.00129176
v -0.01327975 0.00491825 0.00119013
v -0.01400944 0.00265482 0.00298669
v -0.01503118 -0.00000057 0.00133854
v -0.01454638 -0.00000057 0.00298336
v -0.01142414 0.00721885 0.00107245
v -0.01263777 0.00523517 0.00300423
v -0.01067054 0.00766548 0.00304348
v -0.00916949 0.00932888 0.00097746
v -0.00492869 0.02607414 -0.04550396
v -0.00177709 0.02600557 -0.04529465
v -0.00175222 0.02520937 -0.04585076
v -0.00491754 0.02528890 -0.04606304
v -0.00488119 0.02461652 -0.04647768
v 0.00128367 0.02585938 -0.04493011
v 0.00134270 0.02504045 -0.04548554
v -0.00169457 0.02452753 -0.04626040
v -0.00814948 0.02604668 -0.04560795
v -0.00813882 0.02526486 -0.04616980
v -0.01140165 0.02512304 -0.04621846
v -0.01141778 0.02590480 -0.04565653
v -0.00811335 0.02459558 -0.04658907
v -0.00812476 0.02685883 -0.04490720
v -0.00488533 0.02688894 -0.04480129
v -0.00804412 0.02761910 -0.04407123
v -0.01141693 0.02671673 -0.04495915
v -0.01138590 0.02747657 -0.04413186
v -0.00172950 0.02683031 -0.04458980
v -0.00475813 0.02764999 -0.04395591
v -0.00156975 0.02759776 -0.04373393
v 0.00131192 0.02670624 -0.04422105
v -0.04134724 0.02311117 -0.02775635
v -0.04147092 0.02330882 -0.02912940
v -0.04210263 0.02238154 -0.02786662
v -0.04222734 0.02258363 -0.02928762
v -0.04258730 0.02181871 -0.02795724
v -0.04147287 0.02341376 -0.03052413
v -0.04222058 0.02268552 -0.03071805
v -0.04271284 0.02202409 -0.02942932
v -0.04183668 0.02209792 -0.02641640
v -0.04109337 0.02283771 -0.02637024
v -0.04230982 0.02152377 -0.02644233
v -0.04017067 0.02401786 -0.02767251
v -0.03992505 0.02374806 -0.02633626
v -0.03842248 0.02511191 -0.02766120
v -0.03817682 0.02483385 -0.02634688
v -0.04029630 0.02420969 -0.02901258
v -0.04030822 0.02430778 -0.03038829
v -0.03855624 0.02529626 -0.02899510
v -0.00378118 0.03150577 -0.03337016
v -0.00018850 0.03133564 -0.03310798
v -0.00014692 0.03062691 -0.03572730
v -0.00372058 0.03075803 -0.03601241
v -0.00023914 0.02990576 -0.03806362
v 0.00323031 0.03105298 -0.03278047
v 0.00323382 0.03041090 -0.03534027
v 0.00308443 0.02974736 -0.03763567
v -0.00748563 0.03154224 -0.03361908
v -0.00741461 0.03077360 -0.03624385
v -0.01123972 0.03142394 -0.03390683
v -0.00376564 0.03000299 -0.03836143
v -0.00741725 0.03000145 -0.03857471
v -0.01115643 0.03064293 -0.03646985
v -0.00759632 0.03216498 -0.03087291
v -0.00390710 0.03210425 -0.03060104
v -0.00771268 0.03249943 -0.02817787
v -0.01133712 0.03206589 -0.03123264
v -0.01141969 0.03242820 -0.02861990
v -0.00031887 0.03189494 -0.03036160
v -0.00405798 0.03241150 -0.02787144
v -0.00049300 0.03216781 -0.02764406
v 0.00294484 0.03177172 -0.02743917
v -0.01802352 0.02522552 -0.04565827
v -0.01471194 0.02563007 -0.04569963
v -0.01469158 0.02484927 -0.04625647
v -0.01800433 0.02444478 -0.04620724
v -0.01467713 0.02418013 -0.04667343
v -0.01138175 0.02445376 -0.04663938
v -0.02134407 0.02469414 -0.04545345
v -0.02133557 0.02391082 -0.04599420
v -0.02466517 0.02403893 -0.04500620
v -0.01799890 0.02377503 -0.04661724
v -0.02134647 0.02323879 -0.04639680
v -0.02468102 0.02324864 -0.04554075
v -0.02137790 0.02550263 -0.04477901
v -0.01805526 0.02603266 -0.04497559
v -0.02144298 0.02625020 -0.04397532
v -0.02468718 0.02485525 -0.04433852
v -0.01473102 0.02643935 -0.04500879
v -0.01809835 0.02678160 -0.04416449
v -0.01474165 0.02719389 -0.04418981
v -0.00422903 0.02882889 -0.04176013
v -0.00451777 0.02827400 -0.04296867
v -0.00769949 0.02880551 -0.04192093
v -0.00788702 0.02824524 -0.04310371
v -0.01122249 0.02866222 -0.04202124
v -0.01131148 0.02810201 -0.04318023
v -0.00752756 0.02936816 -0.04043917
v -0.00395673 0.02938258 -0.04025086
v -0.01114777 0.02922634 -0.04057186
v -0.01111614 0.02986353 -0.03874907
v -0.00087744 0.02877028 -0.04149096
v -0.00051020 0.02930919 -0.03996104
v 0.00228897 0.02866761 -0.04106553
v 0.00273708 0.02918760 -0.03952380
v -0.00125818 0.02822212 -0.04272479
v 0.00183728 0.02812339 -0.04232174
v 0.00147920 0.02749094 -0.04335329
v 0.01647744 0.02707417 -0.02255402
v 0.01600914 0.02652363 -0.02058411
v 0.01676144 0.02593748 -0.02055925
v 0.01726206 0.02648925 -0.02257484
v 0.01779136 0.02600050 -0.02258607
v 0.01537377 0.02585267 -0.01865629
v 0.01609190 0.02526343 -0.01858581
v 0.01725998 0.02544453 -0.02052191
v 0.01677828 0.02748707 -0.02457128
v 0.01759108 0.02689993 -0.02463028
v 0.01691126 0.02774507 -0.02664115
v 0.01814790 0.02641046 -0.02468552
v 0.01774588 0.02715072 -0.02672327
v 0.01560382 0.02815002 -0.02452822
v 0.01532745 0.02773128 -0.02252854
v 0.01396204 0.02886697 -0.02452083
v 0.01572201 0.02841144 -0.02659765
v 0.01489025 0.02717309 -0.02058682
v 0.01370203 0.02843655 -0.02250334
v 0.01329194 0.02785600 -0.02055768
v 0.01428953 0.02649337 -0.01869125
v -0.01869883 0.03066572 -0.03465132
v -0.01855907 0.02986928 -0.03696054
v -0.02238040 0.03003800 -0.03490052
v -0.02220655 0.02926308 -0.03704575
v -0.02580924 0.02853517 -0.03690455
v -0.01841872 0.02909187 -0.03903803
v -0.02201535 0.02851038 -0.03899301
v -0.02557082 0.02783331 -0.03871524
v -0.02250631 0.03070831 -0.03269200
v -0.01880869 0.03134605 -0.03226206
v -0.02255366 0.03114714 -0.03055484
v -0.02601434 0.02925270 -0.03492935
v -0.02615638 0.02987408 -0.03290559
v -0.02620559 0.03028748 -0.03094925
v -0.01498137 0.03112972 -0.03428550
v -0.01508010 0.03179575 -0.03173564
v -0.01885930 0.03177511 -0.02994445
v -0.01514160 0.03219445 -0.02925411
v -0.01487347 0.03033536 -0.03673866
v -0.01478447 0.02955163 -0.03893011
v 0.00565025 0.02292980 -0.01077304
v 0.00279238 0.02302936 -0.01050768
v 0.00297618 0.02241585 -0.01014531
v 0.00590119 0.02231577 -0.01042704
v 0.00317353 0.02193481 -0.00991583
v -0.00018047 0.02314181 -0.01051045
v -0.00004775 0.02252585 -0.01014454
v 0.00010199 0.02204729 -0.00991028
v 0.00824618 0.02292774 -0.01133107
v 0.00859445 0.02231974 -0.01101984
v 0.01046678 0.02312254 -0.01221651
v 0.00614490 0.02182486 -0.01020693
v 0.00888242 0.02181643 -0.01081297
v 0.01092316 0.02252184 -0.01195384
v 0.00788616 0.02360748 -0.01180035
v 0.00547758 0.02365553 -0.01131634
v 0.00553018 0.02448769 -0.01213945
v 0.00987763 0.02375865 -0.01257825
v 0.00930999 0.02428540 -0.01294491
v 0.00271000 0.02377647 -0.01107927
v 0.00281691 0.02465826 -0.01193642
v -0.00010629 0.02481779 -0.01193744
v 0.01667469 0.02775670 -0.03090666
v 0.01549364 0.02842708 -0.03091654
v 0.01568470 0.02849764 -0.02874861
v 0.01687601 0.02783095 -0.02876890
v 0.01390024 0.02908750 -0.03106368
v 0.01405909 0.02918792 -0.02883411
v 0.01407879 0.02912487 -0.02662584
v 0.01772380 0.02722282 -0.02885150
v 0.01752527 0.02712606 -0.03098175
v 0.01831886 0.02670822 -0.02895298
v 0.01832519 0.02665336 -0.02681094
v 0.01715072 0.02687028 -0.03308081
v 0.01630950 0.02753432 -0.03300660
v 0.01660058 0.02646535 -0.03511546
v 0.01812721 0.02658486 -0.03108951
v 0.01774855 0.02629314 -0.03319837
v 0.01515054 0.02821825 -0.03303684
v 0.01578257 0.02717581 -0.03502085
v 0.01465713 0.02788959 -0.03504493
v 0.01359953 0.02885507 -0.03323263
v -0.04292158 0.02106358 -0.03415227
v -0.04344011 0.02048890 -0.03419049
v -0.04325130 0.02124776 -0.03258454
v -0.04381979 0.02067313 -0.03256041
v -0.04344532 0.02130025 -0.03100859
v -0.04429350 0.01960190 -0.03421859
v -0.04475079 0.01977871 -0.03247514
v -0.04406176 0.02072363 -0.03091006
v -0.04258464 0.02148805 -0.03407478
v -0.04288244 0.02166418 -0.03253819
v -0.04227606 0.02192444 -0.03392886
v -0.04304782 0.02171154 -0.03100126
v -0.04255033 0.02208394 -0.03241199
v -0.04216058 0.02119310 -0.03557842
v -0.04246443 0.02076021 -0.03568216
v -0.04161637 0.02078926 -0.03701653
v -0.04187747 0.02164742 -0.03541550
v -0.04135779 0.02125947 -0.03683645
v -0.04293124 0.02018566 -0.03577355
v -0.04370322 0.01930635 -0.03589941
v -0.04188811 0.02035017 -0.03714459
v -0.04230166 0.01977812 -0.03728279
v -0.03085803 0.02221111 -0.01865320
v -0.03110269 0.02144662 -0.01823907
v -0.02774693 0.02191760 -0.01790271
v -0.02754501 0.02266983 -0.01825504
v -0.02433448 0.02230744 -0.01736502
v -0.03133715 0.02081330 -0.01792237
v -0.02795859 0.02130471 -0.01765025
v -0.02452130 0.02171398 -0.01716771
v -0.03065491 0.02305372 -0.01921353
v -0.02741940 0.02352896 -0.01877969
v -0.03062640 0.02392101 -0.01998489
v -0.02415525 0.02304533 -0.01765869
v -0.02404238 0.02391202 -0.01813433
v -0.02405464 0.02489185 -0.01887754
v -0.03344341 0.02259349 -0.01958351
v -0.03385285 0.02178513 -0.01904496
v -0.03327630 0.02336440 -0.02029103
v -0.03497383 0.02295834 -0.02052725
v -0.03418441 0.02101769 -0.01859833
v -0.03444349 0.02036794 -0.01823071
v 0.01353575 0.02429942 -0.01500372
v 0.01219871 0.02361360 -0.01346409
v 0.01275448 0.02301619 -0.01325915
v 0.01417119 0.02370386 -0.01485405
v 0.01457254 0.02319049 -0.01470518
v 0.01125240 0.02200854 -0.01176332
v 0.01457171 0.02507852 -0.01676532
v 0.01525608 0.02448591 -0.01665685
v 0.01569027 0.02397858 -0.01653683
v 0.01655816 0.02476355 -0.01850238
v 0.01352261 0.02570999 -0.01683005
v 0.01256543 0.02492372 -0.01512476
v 0.01199422 0.02633392 -0.01681888
v 0.01272494 0.02714766 -0.01866809
v 0.01139391 0.02423533 -0.01369694
v 0.01112893 0.02551241 -0.01514907
v 0.01015820 0.02478079 -0.01379771
v -0.00604348 0.02318132 -0.01124585
v -0.00896027 0.02316789 -0.01197662
v -0.00896798 0.02249028 -0.01164024
v -0.00600687 0.02252818 -0.01089376
v -0.00896073 0.02196358 -0.01142212
v -0.01188501 0.02317200 -0.01294820
v -0.01193407 0.02247285 -0.01263227
v -0.01197198 0.02192684 -0.01242840
v -0.00312132 0.02318254 -0.01075682
v -0.00303778 0.02255166 -0.01039461
v -0.00595284 0.02202222 -0.01066558
v -0.00293604 0.02206327 -0.01016092
v -0.00313195 0.02396837 -0.01132162
v -0.00602644 0.02399641 -0.01179577
v -0.00301499 0.02492159 -0.01216310
v -0.00022403 0.02390313 -0.01108307
v -0.00892016 0.02401152 -0.01250638
v -0.00591953 0.02498823 -0.01261746
v -0.00883020 0.02503628 -0.01330464
v -0.01182576 0.02403794 -0.01345431
v 0.01935951 0.01836998 -0.04142138
v 0.01747496 0.01785411 -0.04312029
v 0.01644460 0.01985266 -0.04244007
v 0.01816425 0.02040137 -0.04072047
v 0.01558408 0.02138402 -0.04186369
v 0.02089912 0.01896836 -0.03945826
v 0.01953780 0.02103595 -0.03877250
v 0.02211617 0.01954143 -0.03726397
v 0.01716675 0.02195474 -0.04012563
v 0.01840238 0.02261313 -0.03818860
v 0.02060558 0.02164201 -0.03663743
v 0.02231719 0.01647554 -0.04014779
v 0.02060423 0.01592969 -0.04212881
v 0.02362283 0.01362266 -0.04074303
v 0.02368967 0.01699980 -0.03788795
v 0.02513805 0.01407818 -0.03841711
v 0.01854754 0.01546056 -0.04380740
v 0.02175010 0.01314962 -0.04274320
v 0.01953478 0.01274422 -0.04440449
v 0.02329614 0.00684518 -0.04342581
v 0.02086681 0.00662242 -0.04506829
v 0.02264880 0.01009889 -0.04316503
v 0.02030908 0.00977729 -0.04481461
v 0.02538447 0.00710594 -0.04139018
v 0.02464685 0.01047489 -0.04114589
v 0.02709044 0.00735777 -0.03895339
v 0.02627327 0.01083759 -0.03875924
v 0.02583088 0.00358955 -0.04150971
v 0.02368792 0.00345614 -0.04355706
v 0.02381990 -0.00000057 -0.04359030
v 0.02758467 0.00371847 -0.03903863
v 0.02775105 -0.00000057 -0.03905403
v 0.02120435 0.00334225 -0.04519606
v 0.02131808 -0.00000057 -0.04522848
v 0.01852694 -0.00000057 -0.04647120
v 0.02364350 0.02027860 -0.03233195
v 0.02303306 0.01998135 -0.03487159
v 0.02140797 0.02210519 -0.03435656
v 0.02194107 0.02241576 -0.03196634
v 0.02005234 0.02371821 -0.03390941
v 0.01934594 0.02324051 -0.03610055
v 0.02394120 0.02042361 -0.02969590
v 0.02220104 0.02256401 -0.02950326
v 0.02391990 0.02040686 -0.02701430
v 0.02052010 0.02403646 -0.03164045
v 0.02074771 0.02418553 -0.02931891
v 0.02218401 0.02254021 -0.02700377
v 0.02574978 0.01781674 -0.02984742
v 0.02541446 0.01767947 -0.03267010
v 0.02740837 0.01479578 -0.02990838
v 0.02572241 0.01780687 -0.02697247
v 0.02472492 0.01740413 -0.03537282
v 0.02704102 0.01467288 -0.03291359
v 0.02628085 0.01443097 -0.03577856
v 0.02921984 0.00768911 -0.03297567
v 0.02837275 0.00755371 -0.03610743
v 0.02831026 0.01131335 -0.03299525
v 0.02749812 0.01111928 -0.03600711
v 0.02869853 0.01141316 -0.02982935
v 0.02962019 0.00775928 -0.02968146
v 0.02865179 0.01141207 -0.02661515
v 0.02737267 0.01479151 -0.02684914
v 0.02976745 0.00388839 -0.03291544
v 0.03017326 0.00392456 -0.02953583
v 0.02995076 -0.00000057 -0.03287517
v 0.02956227 0.00775956 -0.02634818
v 0.03010656 0.00392501 -0.02612586
v 0.03035764 -0.00000057 -0.02946357
v 0.02890073 0.00381889 -0.03612846
v 0.02907804 -0.00000057 -0.03611915
v 0.02292757 0.01988599 -0.02170945
v 0.02357329 0.02021880 -0.02433796
v 0.02132640 0.02197278 -0.02203969
v 0.02188613 0.02233464 -0.02450434
v 0.01998975 0.02355399 -0.02229342
v 0.02047642 0.02393708 -0.02461912
v 0.02052382 0.02148008 -0.01964454
v 0.02200890 0.01943502 -0.01917127
v 0.01949742 0.02088204 -0.01735359
v 0.01928738 0.02303058 -0.02002026
v 0.01838304 0.02239102 -0.01782694
v 0.02458958 0.01734525 -0.02131760
v 0.02355516 0.01694693 -0.01863547
v 0.02610878 0.01440218 -0.02087908
v 0.02084349 0.01889247 -0.01676597
v 0.02225608 0.01647257 -0.01611539
v 0.02497512 0.01406736 -0.01807214
v 0.02532383 0.01764080 -0.02411290
v 0.02692372 0.01465193 -0.02382206
v 0.02811277 0.00755153 -0.01997951
v 0.02903453 0.00768529 -0.02309918
v 0.02728152 0.01110837 -0.02040883
v 0.02815890 0.01130346 -0.02345838
v 0.02608132 0.01084783 -0.01751632
v 0.02687278 0.00737334 -0.01703420
v 0.02462001 0.01054288 -0.01483066
v 0.02356999 0.01367262 -0.01545318
v 0.02860753 0.00381932 -0.01966379
v 0.02734845 0.00372888 -0.01669197
v 0.02877079 -0.00000057 -0.01953433
v 0.02539035 0.00716581 -0.01430827
v 0.02586519 0.00362384 -0.01394648
v 0.02750734 -0.00000057 -0.01655582
v 0.02955578 0.00388731 -0.02282180
v 0.02972781 -0.00000057 -0.02270357
v 0.03028718 -0.00000057 -0.02602587
v 0.01779465 0.01770602 -0.01251722
v 0.01945752 0.01828490 -0.01453608
v 0.01676835 0.01954513 -0.01324950
v 0.01826617 0.02020412 -0.01520157
v 0.01593924 0.02093694 -0.01382955
v 0.01729045 0.02165950 -0.01574075
v 0.01494223 0.01900390 -0.01155841
v 0.01579861 0.01724952 -0.01074501
v 0.01425901 0.02032427 -0.01216120
v 0.01891093 0.01545932 -0.01168319
v 0.01674561 0.01508739 -0.00972122
v 0.02003806 0.01284421 -0.01085435
v 0.01781316 0.01254149 -0.00871321
v 0.02072788 0.01594887 -0.01380627
v 0.02194065 0.01324308 -0.01307413
v 0.02196913 0.00671918 -0.00956843
v 0.02374125 0.00694399 -0.01184677
v 0.02109697 0.00989985 -0.01013768
v 0.02295923 0.01021456 -0.01240164
v 0.01903119 0.00963577 -0.00794714
v 0.02011758 0.00650271 -0.00739200
v 0.02253602 0.00339515 -0.00918194
v 0.02079021 0.00327479 -0.00701686
v 0.02274314 -0.00000057 -0.00903438
v 0.01905697 0.00315261 -0.00489921
v 0.02102308 -0.00000057 -0.00687426
v 0.02424436 0.00351205 -0.01146748
v 0.02442618 -0.00000057 -0.01132173
v 0.02602873 -0.00000057 -0.01380573
v -0.01934314 0.00988483 0.01473791
v -0.01622121 0.01404301 0.01581622
v -0.01506507 0.01356773 0.01361852
v -0.01809584 0.00951798 0.01260865
v -0.01383723 0.01271010 0.01145062
v -0.01245761 0.01725977 0.01711651
v -0.01144145 0.01676605 0.01482708
v -0.01042887 0.01581061 0.01249883
v -0.02148611 0.00509903 0.01399786
v -0.02018961 0.00490061 0.01191150
v -0.02231285 -0.00000057 0.01371241
v -0.01671312 0.00887906 0.01056877
v -0.01871328 0.00456100 0.00995683
v -0.02100225 -0.00000057 0.01164111
v -0.02043344 0.00998960 0.01697204
v -0.02258513 0.00515972 0.01622983
v -0.02134515 0.00984225 0.01932658
v -0.02341087 -0.00000057 0.01594513
v -0.02346906 0.00508611 0.01862130
v -0.01728130 0.01415864 0.01805997
v -0.01345426 0.01733645 0.01938176
v -0.01822099 0.01393731 0.02036601
v -0.01440834 0.01704075 0.02163752
v 0.01396845 0.00596698 0.00695417
v 0.01450613 0.00302529 0.00675999
v 0.01349111 0.00574439 0.00527203
v 0.01408929 0.00291726 0.00514874
v 0.01467972 -0.00000057 0.00669197
v 0.01428846 -0.00000057 0.00510199
v 0.01249321 0.00839013 0.00545497
v 0.01304978 0.00874030 0.00726464
v 0.01109489 0.01076378 0.00568058
v 0.01088103 0.01041086 0.00351661
v 0.01473903 0.00620333 0.00843672
v 0.01388726 0.00910256 0.00886049
v 0.01564004 0.00638554 0.00970317
v 0.01173323 0.01126108 0.00768154
v 0.01263422 0.01175852 0.00946124
v 0.01483969 0.00937241 0.01021282
v 0.01522317 0.00314192 0.00818579
v 0.01537334 -0.00000057 0.00810352
v 0.01608329 0.00323372 0.00941299
v 0.01621564 -0.00000057 0.00932277
v 0.00791995 0.01521097 0.00872923
v 0.01000188 0.01344514 0.00819497
v 0.00717448 0.01433738 0.00616157
v 0.00929548 0.01277465 0.00593195
v 0.00675369 0.01365453 0.00358737
v 0.00897268 0.01226686 0.00356177
v 0.00481139 0.01536661 0.00632195
v 0.00555163 0.01647705 0.00920857
v 0.00293718 0.01711522 0.00945554
v 0.00431931 0.01450385 0.00358406
v 0.00228572 0.01577699 0.00636557
v 0.00887631 0.01605487 0.01115439
v 0.00647727 0.01761024 0.01214333
v 0.00995141 0.01659407 0.01321273
v 0.00370628 0.01852710 0.01275133
v 0.00761213 0.01832292 0.01467209
v 0.01094626 0.01409012 0.01024311
v 0.01198302 0.01452139 0.01196865
v 0.01363609 0.01211185 0.01096147
v -0.00281235 0.01618401 0.00886533
v 0.00011684 0.01699731 0.00929271
v -0.00032301 0.01548317 0.00624494
v -0.00297322 0.01455593 0.00600806
v -0.00081464 0.01430743 0.00345350
v 0.00176478 0.01474482 0.00354254
v -0.00575336 0.01473603 0.00831864
v -0.00562333 0.01306605 0.00570291
v -0.00865381 0.01267521 0.00772788
v -0.00338342 0.01328623 0.00333802
v -0.00590601 0.01177580 0.00321714
v -0.00823174 0.01108432 0.00537746
v -0.00619105 0.01646622 0.01098181
v -0.00285404 0.01785644 0.01180968
v -0.00683132 0.01793709 0.01360987
v -0.00944292 0.01434882 0.01011705
v 0.00052045 0.01857628 0.01251982
v -0.00311403 0.01922916 0.01470117
v 0.00065358 0.01982647 0.01569011
v -0.00809817 0.01824098 0.02837905
v -0.00423721 0.01842545 0.02951952
v -0.00690440 0.01894122 0.02653327
v -0.00259985 0.01890108 0.02794264
v -0.00577481 0.01951373 0.02454234
v -0.00093747 0.01813800 0.03057085
v 0.00097965 0.01837621 0.02928893
v -0.00119778 0.01934845 0.02611900
v -0.01119817 0.01818856 0.02517229
v -0.01212115 0.01735560 0.02722979
v -0.01529679 0.01641732 0.02389850
v -0.01021897 0.01882203 0.02303908
v -0.00913890 0.01740269 0.03015785
v -0.01289367 0.01638652 0.02921603
v -0.00995141 0.01645130 0.03190111
v -0.01604483 0.01556092 0.02613393
v -0.01657771 0.01456630 0.02831303
v -0.01342146 0.01534471 0.03113556
v -0.00556578 0.01778226 0.03107229
v -0.00242666 0.01769264 0.03189311
v -0.00660944 0.01697316 0.03263652
v -0.00359449 0.01703544 0.03327660
v -0.00495378 0.01268757 -0.00117327
v -0.00193419 0.01372431 -0.00115939
v -0.00243088 0.01418205 -0.00304095
v -0.00583765 0.01320551 -0.00308129
v 0.00112000 0.01424236 -0.00114029
v 0.00093014 0.01466515 -0.00304220
v -0.00788235 0.01121582 -0.00116273
v -0.00929126 0.01179155 -0.00314866
v -0.00670648 0.01118481 0.00094390
v -0.00408965 0.01268896 0.00095537
v -0.00834690 0.00987070 0.00311194
v -0.00137357 0.01374362 0.00099542
v 0.00138721 0.01425110 0.00104761
v 0.00706847 0.01350610 -0.00114185
v 0.00977389 0.01232125 -0.00115791
v 0.00748594 0.01400805 -0.00323481
v 0.01061630 0.01291786 -0.00346954
v 0.00424649 0.01459882 -0.00309958
v 0.00415237 0.01415804 -0.00113521
v 0.00677138 0.01338285 0.00114255
v 0.00413814 0.01411369 0.00109550
v 0.00917909 0.01210999 0.00119218
v -0.04577381 0.01498765 -0.01501031
v -0.04363574 0.01481087 -0.01299774
v -0.04209773 0.01651128 -0.01547531
v -0.04398054 0.01670228 -0.01732036
v -0.04083073 0.01783650 -0.01734278
v -0.04744487 0.01519807 -0.01742298
v -0.04537246 0.01699991 -0.01951537
v -0.04857925 0.01546646 -0.02003479
v -0.04249143 0.01805936 -0.01906341
v -0.04368630 0.01840015 -0.02107583
v -0.04631290 0.01735424 -0.02183960
v -0.04968108 0.01308636 -0.01482599
v -0.04763785 0.01303603 -0.01219046
v -0.05157167 0.01093415 -0.01152406
v -0.05108667 0.01318054 -0.01777601
v -0.05379798 0.01030690 -0.01470137
v -0.04525880 0.01282694 -0.00996838
v -0.04927085 0.01105351 -0.00891193
v -0.04679419 0.01081568 -0.00664895
v -0.05104072 0.00761825 -0.00157797
v -0.04903776 0.00747252 -0.00018633
v -0.04806921 0.00903329 -0.00330122
v -0.05037103 0.00924619 -0.00522587
v -0.04736758 0.00681796 0.00103773
v -0.04616554 0.00819910 -0.00163508
v -0.05303312 0.00734781 -0.00305790
v -0.05260723 0.00901085 -0.00731681
v -0.05473458 0.00660255 -0.00421377
v -0.05451765 0.00815573 -0.00894225
v -0.05309468 0.00597638 0.00039898
v -0.05138227 0.00617387 0.00158606
v -0.05307310 0.00476511 0.00295483
v -0.05454337 0.00542163 -0.00053379
v -0.05412867 0.00466358 0.00169453
v -0.04965376 0.00612617 0.00243456
v -0.05152148 0.00485720 0.00405096
v -0.04820516 0.00568463 0.00314434
v -0.04879722 0.00489747 0.00435660
v -0.00052233 0.01477121 0.03632570
v 0.00009083 0.01558684 0.03521528
v -0.00206948 0.01600118 0.03505005
v -0.00276710 0.01501514 0.03638512
v -0.00454757 0.01616170 0.03474222
v 0.00095848 0.01623484 0.03410099
v -0.00110548 0.01676329 0.03375619
v -0.00074771 0.01381966 0.03734469
v -0.00309955 0.01380535 0.03771089
v -0.00253042 0.01253423 0.03874283
v -0.00526847 0.01503446 0.03626822
v -0.00573979 0.01361676 0.03783290
v 0.00116274 0.01361963 0.03700971
v 0.00143837 0.01433620 0.03620289
v 0.00276803 0.01322500 0.03676211
v -0.00030035 0.01279548 0.03812430
v 0.00255709 0.01278898 0.03722754
v 0.00198202 0.01498722 0.03528194
v 0.00315984 0.01375860 0.03607473
v 0.00365273 0.01427090 0.03529397
v 0.00269833 0.01552820 0.03433674
v -0.04918264 0.01617053 -0.02518906
v -0.04910721 0.01581714 -0.02264481
v -0.04684129 0.01771535 -0.02407232
v -0.04702627 0.01804200 -0.02622603
v -0.04499706 0.01916019 -0.02516463
v -0.04449497 0.01879005 -0.02317719
v -0.04895946 0.01644704 -0.02760361
v -0.04693649 0.01829297 -0.02831322
v -0.04852270 0.01660446 -0.02991874
v -0.04523312 0.01947735 -0.02706316
v -0.04524372 0.01970831 -0.02889775
v -0.04664059 0.01842703 -0.03034641
v -0.05103626 0.01423790 -0.02685991
v -0.05142179 0.01393235 -0.02405778
v -0.05289050 0.01173291 -0.02617309
v -0.05046326 0.01441137 -0.02946009
v -0.05220971 0.01190701 -0.02902014
v -0.05155275 0.01352122 -0.02094154
v -0.05341667 0.01141854 -0.02304414
v -0.05374962 0.01097002 -0.01944783
v -0.05576500 0.00588598 -0.02192951
v -0.05621999 0.00556741 -0.01827087
v -0.05526954 0.00830600 -0.01864900
v -0.05484032 0.00872020 -0.02236012
v -0.05651745 0.00509360 -0.01414403
v -0.05558598 0.00761598 -0.01438952
v -0.05515104 0.00609464 -0.02524576
v -0.05424580 0.00899945 -0.02563415
v -0.05439566 0.00620524 -0.02836197
v -0.05350954 0.00915063 -0.02864860
v -0.05565508 0.00307559 -0.02501059
v -0.05626301 0.00296451 -0.02167611
v -0.05580680 -0.00000057 -0.02493130
v -0.05490100 0.00313383 -0.02817679
v -0.05505846 -0.00000057 -0.02810955
v -0.05670840 0.00279250 -0.01803930
v -0.05640534 -0.00000057 -0.02159371
v -0.05683709 -0.00000057 -0.01796016
v -0.05697491 0.00255145 -0.01396612
v -0.00424314 0.02016433 0.01993307
v -0.00024430 0.02032564 0.02124755
v 0.00028195 0.02035422 0.01856746
v -0.00360801 0.01995812 0.01739986
v 0.00321894 0.01995684 0.02230650
v 0.00367875 0.02016850 0.01962248
v 0.00470616 0.01979353 0.01649072
v -0.00838958 0.01922129 0.01852240
v -0.00756912 0.01882912 0.01612030
v -0.00492656 0.01996882 0.02232809
v -0.00927782 0.01919260 0.02082555
v -0.00057507 0.01990684 0.02382603
v 0.00321617 0.01935799 0.02492450
v -0.04725282 0.01645750 -0.03431871
v -0.04795741 0.01660058 -0.03216473
v -0.04620719 0.01840296 -0.03233810
v -0.04563498 0.01824045 -0.03426569
v -0.04506942 0.01981984 -0.03069341
v -0.04639816 0.01619735 -0.03635783
v -0.04492259 0.01795921 -0.03610659
v -0.04538265 0.01584224 -0.03825922
v -0.04298563 0.01890905 -0.03749328
v -0.04793875 0.01407390 -0.03661590
v -0.04893528 0.01430596 -0.03436454
v -0.04935318 0.01164200 -0.03684353
v -0.04675949 0.01375350 -0.03869804
v -0.04803105 0.01136723 -0.03909634
v -0.04976985 0.01442625 -0.03197045
v -0.05047061 0.01183875 -0.03439008
v -0.05141293 0.01193469 -0.03177071
v -0.05247467 0.00618182 -0.03435659
v -0.05351642 0.00622959 -0.03142051
v -0.05265508 0.00918059 -0.03158095
v -0.05164709 0.00910881 -0.03438224
v -0.05123170 0.00607604 -0.03710541
v -0.05045026 0.00895477 -0.03700351
v -0.04974890 0.00592636 -0.03960221
v -0.04902925 0.00873793 -0.03939579
v -0.05169921 0.00306965 -0.03715887
v -0.05296324 0.00312347 -0.03432872
v -0.05185448 -0.00000057 -0.03717348
v -0.05018482 0.00299327 -0.03972141
v -0.05033185 -0.00000057 -0.03975920
v -0.05401711 0.00314733 -0.03130876
v -0.05312280 -0.00000057 -0.03431424
v -0.05417729 -0.00000057 -0.03126507
v 0.02732073 0.00626032 0.02926907
v 0.02716273 0.00709385 0.02862590
v 0.02607182 0.00665213 0.02875335
v 0.02578587 0.00755404 0.02809233
v 0.02482489 0.00692147 0.02832477
v 0.02680865 0.00801691 0.02776567
v 0.02532757 0.00854002 0.02725596
v 0.02446413 0.00788682 0.02765727
v 0.02624375 0.00576165 0.02927145
v 0.02737400 0.00544659 0.02974300
v 0.02635999 0.00480996 0.02967901
v 0.02506399 0.00597799 0.02887089
v 0.02523504 0.00497965 0.02931288
v 0.02847251 0.00571673 0.02979604
v 0.02835267 0.00502797 0.03018460
v 0.02941293 0.00496042 0.03028047
v 0.02740189 0.00457318 0.03010423
v 0.02826954 0.00429079 0.03046858
v 0.02911697 0.00442627 0.03058114
v 0.02850782 0.00646846 0.02919757
v 0.02828939 0.00735543 0.02831883
v 0.02963443 0.00558816 0.02974973
v 0.02977666 0.00640333 0.02889337
v -0.04275704 0.01501210 -0.04157662
v -0.04419554 0.01541428 -0.04000002
v -0.04182817 0.01668910 -0.04091099
v -0.04307187 0.01711930 -0.03943791
v -0.04106238 0.01797672 -0.04036082
v -0.04406866 0.01757892 -0.03783820
v -0.04214642 0.01842696 -0.03897585
v -0.04023353 0.01639710 -0.04226266
v -0.04098736 0.01473436 -0.04298542
v -0.03961034 0.01767500 -0.04166194
v -0.04178417 0.01274811 -0.04372753
v -0.04373632 0.01300425 -0.04226459
v -0.04253628 0.01049968 -0.04438629
v -0.04537672 0.01336816 -0.04058452
v -0.04465333 0.01072404 -0.04288178
v -0.04647468 0.01103723 -0.04111377
v -0.04594634 0.00557557 -0.04363943
v -0.04798757 0.00574688 -0.04178219
v -0.04734873 0.00847776 -0.04151013
v -0.04539542 0.00823000 -0.04333503
v -0.04362385 0.00545042 -0.04516800
v -0.04315603 0.00805037 -0.04485901
v -0.04392020 0.00275003 -0.04533555
v -0.04628989 0.00281423 -0.04381002
v -0.04402550 -0.00000057 -0.04538397
v -0.04136908 -0.00000057 -0.04655671
v -0.04837991 0.00290172 -0.04193855
v -0.04640981 -0.00000057 -0.04386186
v -0.04851445 -0.00000057 -0.04198780
v -0.01386557 0.00692832 0.00669619
v -0.01146131 0.01002339 0.00716830
v -0.01075687 0.00868153 0.00507973
v -0.01291951 0.00596294 0.00483480
v -0.01555634 0.00353775 0.00636788
v -0.01444045 0.00303382 0.00466777
v -0.01622335 -0.00000057 0.00623966
v -0.01504050 -0.00000057 0.00460373
v -0.01707473 0.00407676 0.00811993
v -0.01521657 0.00795810 0.00860273
v -0.01780472 -0.00000057 0.00793119
v -0.01949442 -0.00000057 0.00971834
v -0.01256203 0.01144745 0.00929623
v 0.02371865 0.01224944 0.02172386
v 0.02369954 0.01209062 0.02124276
v 0.02196693 0.01307974 0.02146988
v 0.02192322 0.01289559 0.02097465
v 0.02011309 0.01362874 0.02095279
v 0.02365154 0.01179252 0.02084894
v 0.02189959 0.01255665 0.02056878
v 0.02011682 0.01324425 0.02051227
v 0.02211654 0.01302670 0.02209815
v 0.02379817 0.01220401 0.02233629
v 0.02245784 0.01265405 0.02290310
v 0.02017251 0.01384642 0.02147466
v 0.02036788 0.01380499 0.02210726
v 0.02077200 0.01341211 0.02287990
v 0.02534657 0.01136971 0.02224401
v 0.02530310 0.01137580 0.02279826
v 0.02679214 0.01044139 0.02305405
v 0.02406472 0.01186894 0.02314098
v 0.02545509 0.01111772 0.02353357
v 0.02661167 0.01052750 0.02352560
v 0.02536652 0.01121671 0.02177969
v 0.02529313 0.01095236 0.02138117
v 0.02684860 0.01027673 0.02260796
v 0.02674489 0.01003668 0.02219397
v 0.01072804 0.00305392 0.03785740
v 0.01092493 0.00152924 0.03793296
v 0.01158588 0.00297519 0.03691437
v 0.01172401 0.00147812 0.03704122
v 0.01240527 0.00286126 0.03593371
v 0.01099477 -0.00000057 0.03795262
v 0.01177862 -0.00000057 0.03707515
v 0.01250088 0.00140751 0.03610013
v 0.01138996 0.00450900 0.03666961
v 0.01041673 0.00456833 0.03770934
v 0.01108410 0.00600780 0.03638636
v 0.01227804 0.00440638 0.03561134
v 0.00990945 0.00313254 0.03869809
v 0.00938962 0.00472036 0.03864219
v 0.00925810 0.00317832 0.03937629
v 0.01004585 0.00601695 0.03747619
v 0.00884591 0.00622228 0.03845445
v 0.00854084 0.00482995 0.03939780
v 0.01019351 0.00156173 0.03872229
v 0.01027659 -0.00000057 0.03872647
v 0.00961962 0.00157644 0.03935614
v 0.00971144 -0.00000057 0.03934639
v -0.02112071 0.00649875 0.03348463
v -0.01894465 0.00929561 0.03374175
v -0.01958381 0.01005150 0.03187243
v -0.02199353 0.00700822 0.03148923
v -0.02253649 0.00759887 0.02927956
v -0.01637317 0.01157196 0.03412839
v -0.01669889 0.01254142 0.03237915
v -0.01995004 0.01087669 0.02977471
v -0.02266034 0.00333965 0.03332270
v -0.02365656 0.00359605 0.03124610
v -0.02327105 -0.00000057 0.03326553
v -0.02430687 0.00390353 0.02895449
v -0.02430141 -0.00000057 0.03115953
v -0.02135326 0.00314809 0.03518277
v -0.01996986 0.00608679 0.03524538
v -0.01977037 0.00303515 0.03682469
v -0.02193266 -0.00000057 0.03515352
v -0.02032190 -0.00000057 0.03682443
v -0.01813726 0.00860556 0.03531618
v -0.01852494 0.00584470 0.03677930
v -0.01600422 0.01058587 0.03554570
v -0.01571971 0.00974521 0.03645942
v -0.02252269 0.00889788 0.02436100
v -0.01960788 0.01264854 0.02515369
v -0.02205669 0.00945276 0.02181706
v -0.01901592 0.01340169 0.02275063
v -0.02412025 0.00488164 0.02118621
v -0.02450166 0.00458837 0.02382786
v -0.02490772 -0.00000057 0.02094646
v -0.02428095 -0.00000057 0.01835218
v -0.02269775 0.00825434 0.02687598
v -0.02457622 0.00424832 0.02644951
v -0.02525718 -0.00000057 0.02362615
v -0.02529529 -0.00000057 0.02628941
v -0.01993866 0.01177462 0.02751509
v -0.01682065 0.01352822 0.03040503
v 0.02621730 0.00783073 0.01796721
v 0.02713987 0.00663410 0.01782027
v 0.02598293 0.00719292 0.01759162
v 0.02359199 0.00915847 0.01774989
v 0.02498128 0.00843444 0.01780639
v 0.02470030 0.00787969 0.01742861
v 0.02796011 0.00532862 0.01771076
v 0.02686692 0.00582072 0.01742908
v 0.02567687 0.00643404 0.01717429
v 0.02531170 0.00882395 0.01817526
v 0.02400351 0.00945896 0.01808279
v 0.02456151 0.00952577 0.01847150
v 0.02251711 0.01019047 0.01812145
v 0.02319113 0.01018013 0.01843020
v 0.02636971 0.00826798 0.01837863
v 0.02723879 0.00733669 0.01822666
v 0.02710653 0.00785369 0.01868339
v 0.02567798 0.00890822 0.01861861
v 0.02641290 0.00842016 0.01878774
v 0.02811223 0.00619513 0.01812242
v 0.02798468 0.00696174 0.01858180
v 0.02884109 0.00586793 0.01850607
v 0.02889389 0.00495034 0.01803950
v -0.01480953 0.00595828 0.03921778
v -0.01598507 0.00304049 0.03946200
v -0.01398818 0.00306689 0.04048273
v -0.01274866 0.00605613 0.04017772
v -0.01205880 0.00304786 0.04132173
v -0.01649285 -0.00000057 0.03952723
v -0.01447965 -0.00000057 0.04057725
v -0.01253742 -0.00000057 0.04143853
v -0.01331402 0.00862951 0.03874602
v -0.01099599 0.00888892 0.03964083
v -0.01196731 0.01093430 0.03795897
v -0.01076039 0.00601957 0.04098692
v -0.00877959 0.00883782 0.04044955
v -0.00937125 0.01136745 0.03876303
v -0.01535031 0.00830520 0.03776592
v -0.01676989 0.00584483 0.03809420
v -0.01699477 0.00820191 0.03664212
v -0.01417213 0.01034391 0.03713751
v -0.01794672 0.00301460 0.03824687
v -0.01847444 -0.00000057 0.03827930
v 0.00326867 0.00575776 0.04303497
v 0.00495166 0.00542422 0.04280752
v 0.00507196 0.00599535 0.04212508
v 0.00321089 0.00650347 0.04237352
v 0.00503226 0.00650213 0.04148797
v 0.00637025 0.00477404 0.04261291
v 0.00662698 0.00515712 0.04191457
v 0.00672087 0.00548305 0.04126841
v 0.00150521 0.00574104 0.04326963
v 0.00122892 0.00659197 0.04265705
v -0.00015739 0.00530775 0.04352490
v 0.00299494 0.00719527 0.04175000
v 0.00080389 0.00742416 0.04205472
v -0.00068877 0.00617136 0.04297281
v 0.00173282 0.00492428 0.04380436
v 0.00324102 0.00496780 0.04364266
v 0.00319376 0.00411692 0.04413232
v 0.00036389 0.00454776 0.04397174
v 0.00081969 0.00398849 0.04423761
v 0.00471036 0.00477575 0.04342137
v 0.00595230 0.00431486 0.04323119
v 0.00454676 0.00404132 0.04389938
v 0.00550071 0.00390254 0.04363917
v 0.00857460 0.01486322 0.03088200
v 0.00976911 0.01378419 0.03117337
v 0.00884359 0.01505629 0.03015820
v 0.01028178 0.01373903 0.03057816
v 0.00931423 0.01508107 0.02943394
v 0.01067329 0.01296886 0.03115656
v 0.01085326 0.01298470 0.03090313
v 0.01105629 0.01299537 0.03057805
v 0.01089876 0.01358714 0.02995642
v 0.01132072 0.01297276 0.03025161
v 0.01135337 0.01296383 0.03021995
v 0.01105940 0.01299561 0.03057349
v 0.00716456 0.01584214 0.03075757
v 0.00700051 0.01634604 0.02982037
v 0.00569498 0.01657148 0.03089746
v 0.00722471 0.01660655 0.02887667
v 0.00500218 0.01731619 0.02983207
v 0.00726087 0.01537574 0.03148032
v 0.00835495 0.01460640 0.03154210
v 0.00720906 0.01499025 0.03208465
v 0.00617340 0.01593579 0.03162134
v 0.00646238 0.01546790 0.03204821
v 0.00933195 0.01375132 0.03172665
v 0.01005098 0.01288687 0.03207215
v 0.01015125 0.01292425 0.03189890
v 0.01042506 0.01295132 0.03152953
v 0.00899560 0.01360036 0.03226822
v 0.00957478 0.01303653 0.03237464
v -0.01083361 0.01420517 0.03529095
v -0.00799900 0.01479564 0.03586209
v -0.01046050 0.01541174 0.03364023
v -0.00739208 0.01599984 0.03424781
v -0.01361028 0.01429355 0.03299290
v -0.01364724 0.01316955 0.03467892
v -0.01123819 0.01275278 0.03676889
v -0.01371948 0.01190918 0.03608449
v -0.00851549 0.01329394 0.03743531
v -0.00576557 0.01164174 0.03963109
v -0.05159513 0.00240525 0.00644335
v -0.04970222 0.00255348 0.00660103
v -0.04987575 0.00373862 0.00581842
v -0.05158416 0.00361241 0.00560150
v -0.04992913 0.00490970 0.00446747
v -0.04804239 0.00285820 0.00592780
v -0.04837495 0.00406631 0.00523259
v -0.05345400 0.00240450 0.00532312
v -0.05324955 0.00358253 0.00451061
v -0.05501369 0.00260513 0.00310611
v -0.05462928 0.00379543 0.00246419
v -0.05351644 0.00120687 0.00564910
v -0.05157925 0.00120149 0.00678219
v -0.05351216 -0.00000057 0.00569047
v -0.05515731 0.00132479 0.00337733
v -0.05516892 -0.00000057 0.00342026
v -0.04961712 0.00129483 0.00692892
v -0.04790142 0.00147307 0.00624162
v -0.05156460 -0.00000057 0.00682586
v -0.04959668 -0.00000057 0.00697920
v -0.04787883 -0.00000057 0.00630320
v -0.05652809 0.00369233 -0.00464396
v -0.05586476 0.00532380 -0.00463320
v -0.05665886 0.00441922 -0.00942321
v -0.05584211 0.00650927 -0.00947042
v -0.05704616 0.00223329 -0.00932251
v -0.05682905 0.00188887 -0.00457383
v -0.05713245 -0.00000057 -0.00925880
v -0.05708512 -0.00000057 -0.01389406
v -0.05600904 0.00306102 -0.00034188
v -0.05623048 0.00156908 -0.00018543
v -0.05688894 -0.00000057 -0.00451853
v -0.05626448 -0.00000057 -0.00013746
v -0.05548075 0.00439752 -0.00061937
v -0.04587270 0.00389357 0.00270447
v -0.04568198 0.00200225 0.00306571
v -0.04449534 0.00227219 0.00106470
v -0.04466134 0.00448317 0.00059636
v -0.04566415 -0.00000057 0.00316424
v -0.04448647 -0.00000057 0.00118696
v -0.04280796 -0.00000057 -0.00073840
v -0.04637356 0.00556189 0.00201490
v -0.04512383 0.00657060 -0.00031974
v -0.04733242 0.00470060 0.00391521
v -0.04688280 0.00332840 0.00455528
v -0.04670352 0.00172237 0.00487262
v -0.04668146 -0.00000057 0.00495060
v 0.00659458 0.02641129 -0.01481304
v 0.00729105 0.02741406 -0.01654397
v 0.00438648 0.02785845 -0.01642362
v 0.00375868 0.02676425 -0.01467243
v 0.00129340 0.02823116 -0.01641027
v 0.00794133 0.02836557 -0.01843735
v 0.00498086 0.02889345 -0.01834514
v 0.00181364 0.02934346 -0.01834527
v 0.00595507 0.02542106 -0.01332494
v 0.00320098 0.02567585 -0.01315541
v 0.00074097 0.02705638 -0.01465880
v 0.00024489 0.02589373 -0.01314860
v 0.00830969 0.02514937 -0.01360637
v 0.00909499 0.02600114 -0.01500854
v 0.00780909 0.02435076 -0.01252601
v 0.00987200 0.02690391 -0.01669962
v 0.01056578 0.02777769 -0.01856423
v 0.00881191 0.02987886 -0.02248333
v 0.00906835 0.03035145 -0.02466199
v 0.00603399 0.03102734 -0.02479024
v 0.00578169 0.03053440 -0.02251804
v 0.00275300 0.03159788 -0.02494340
v 0.00922966 0.03057523 -0.02696182
v 0.00621812 0.03122659 -0.02720018
v 0.00844226 0.02920203 -0.02041280
v 0.00543829 0.02980427 -0.02037314
v 0.00251769 0.03109186 -0.02260223
v 0.00221315 0.03031871 -0.02040606
v 0.01110138 0.02854246 -0.02048699
v 0.01149110 0.02916599 -0.02248335
v 0.01174729 0.02961605 -0.02456880
v 0.01188228 0.02986039 -0.02675880
v 0.00780559 0.02839257 -0.03972981
v 0.00520388 0.02855881 -0.04043597
v 0.00571021 0.02905743 -0.03889324
v 0.00836688 0.02886911 -0.03819128
v 0.00612723 0.02956542 -0.03703196
v 0.01003241 0.02811760 -0.03907463
v 0.01066480 0.02857306 -0.03753985
v 0.01184346 0.02766984 -0.03861777
v 0.00884760 0.02932429 -0.03636178
v 0.01120382 0.02898836 -0.03573437
v 0.01256165 0.02811975 -0.03706086
v 0.00937403 0.02760772 -0.04034185
v 0.00726290 0.02785153 -0.04100872
v 0.00895604 0.02698986 -0.04134385
v 0.01102130 0.02719385 -0.03990932
v 0.01029460 0.02680708 -0.04078668
v 0.00471415 0.02801165 -0.04170920
v 0.00688774 0.02719299 -0.04205916
v 0.00434691 0.02735801 -0.04276200
v -0.03293430 0.02776472 -0.02786750
v -0.03310434 0.02793469 -0.02929972
v -0.03595220 0.02640359 -0.02776850
v -0.03610348 0.02657854 -0.02913485
v -0.03316312 0.02791093 -0.03081929
v -0.03614533 0.02660800 -0.03056971
v -0.03858094 0.02537129 -0.03038025
v -0.03569384 0.02610002 -0.02643451
v -0.03266110 0.02742041 -0.02647971
v -0.03533069 0.02568468 -0.02509672
v -0.02954324 0.02906708 -0.02783125
v -0.02926367 0.02866888 -0.02636304
v -0.02595346 0.03018250 -0.02753283
v -0.03229281 0.02692114 -0.02509343
v -0.02889983 0.02807124 -0.02490331
v -0.02568657 0.02971931 -0.02596504
v -0.02972514 0.02924282 -0.02935757
v -0.02979597 0.02917309 -0.03099160
v -0.02613221 0.03038109 -0.02917628
v -0.01871313 0.03151305 -0.02593010
v -0.01882133 0.03181777 -0.02785017
v -0.02233942 0.03098277 -0.02684531
v -0.02249186 0.03122763 -0.02862372
v -0.02211483 0.03044557 -0.02516628
v -0.01855305 0.03090000 -0.02413511
v -0.02183660 0.02964902 -0.02353332
v -0.02534876 0.02901914 -0.02441904
v -0.01508660 0.03181852 -0.02494864
v -0.01500581 0.03113500 -0.02303985
v -0.01147182 0.03194434 -0.02406234
v -0.01835942 0.03001765 -0.02241605
v -0.01491331 0.03018183 -0.02123713
v -0.01147770 0.03120292 -0.02204887
v -0.01513781 0.03218685 -0.02700592
v -0.01145854 0.03237022 -0.02624124
v -0.00433676 0.03179141 -0.02301145
v -0.00419346 0.03228561 -0.02534771
v -0.00788081 0.03193566 -0.02343264
v -0.00780072 0.03240321 -0.02570644
v -0.00797332 0.03115614 -0.02133049
v -0.00451109 0.03099376 -0.02084424
v -0.00809860 0.03012397 -0.01937401
v -0.01149434 0.03019834 -0.02016648
v -0.00086286 0.03151051 -0.02275067
v -0.00110945 0.03071491 -0.02054959
v -0.00473965 0.02995751 -0.01882767
v -0.00143105 0.02969774 -0.01849544
v -0.00066585 0.03201724 -0.02511129
v -0.01795568 0.02766148 -0.01914298
v -0.01815059 0.02890503 -0.02072380
v -0.02122027 0.02746811 -0.02033914
v -0.02152323 0.02862612 -0.02189310
v -0.02457149 0.02706736 -0.02132718
v -0.02495727 0.02810959 -0.02284099
v -0.02097328 0.02626621 -0.01896492
v -0.01780378 0.02638637 -0.01775821
v -0.02082779 0.02511167 -0.01786396
v -0.02425081 0.02596921 -0.01997392
v -0.01475740 0.02770547 -0.01789573
v -0.01471528 0.02638683 -0.01650327
v -0.01160512 0.02765804 -0.01675441
v -0.01772402 0.02517901 -0.01665413
v -0.01471124 0.02515090 -0.01539380
v -0.01168069 0.02632475 -0.01534956
v -0.01482696 0.02900456 -0.01949805
v -0.01153991 0.02898297 -0.01838086
v -0.00537825 0.02745510 -0.01524462
v -0.00504567 0.02874752 -0.01694334
v -0.00847853 0.02757717 -0.01587603
v -0.00827705 0.02889852 -0.01753719
v -0.00867295 0.02625729 -0.01444652
v -0.00568650 0.02617157 -0.01378487
v -0.01175733 0.02508431 -0.01422872
v -0.00271574 0.02605468 -0.01335532
v -0.00230488 0.02728409 -0.01484420
v -0.00185309 0.02852629 -0.01657560
v -0.03135512 0.02555331 -0.02228313
v -0.03430832 0.02460687 -0.02240148
v -0.03367165 0.02401953 -0.02124460
v -0.03090561 0.02475954 -0.02103214
v -0.02802964 0.02640128 -0.02195010
v -0.02766346 0.02543821 -0.02063579
v -0.02743668 0.02446256 -0.01954912
v -0.02846513 0.02729717 -0.02340247
v -0.03183750 0.02628631 -0.02366573
v -0.03486509 0.02517444 -0.02371894
v -0.01783412 0.02326052 -0.01545354
v -0.02093024 0.02322169 -0.01667237
v -0.01795573 0.02253911 -0.01518038
v -0.02108263 0.02249297 -0.01640179
v -0.01807622 0.02196942 -0.01500755
v -0.02123877 0.02191292 -0.01622809
v -0.01483100 0.02322342 -0.01415966
v -0.01491810 0.02251076 -0.01386809
v -0.01499888 0.02195142 -0.01368227
v -0.01475593 0.02409994 -0.01464041
v -0.01774551 0.02413878 -0.01591535
v -0.02082937 0.02409571 -0.01712976
v -0.03160352 0.02005459 -0.04461969
v -0.03459543 0.01940339 -0.04347944
v -0.03444749 0.01984270 -0.04327594
v -0.03147637 0.02049881 -0.04442433
v -0.03430587 0.02032873 -0.04301884
v -0.03710008 0.01902633 -0.04226297
v -0.03693062 0.01946290 -0.04205804
v -0.03675773 0.01995127 -0.04180628
v -0.02829755 0.02084508 -0.04560879
v -0.02819085 0.02129515 -0.04542365
v -0.02485067 0.02164000 -0.04637181
v -0.03136890 0.02098146 -0.04416666
v -0.02811672 0.02177422 -0.04516726
v -0.02476447 0.02209563 -0.04619434
v -0.02847564 0.02024683 -0.04579194
v -0.03179382 0.01947512 -0.04483045
v -0.02501193 0.02102459 -0.04653300
v -0.03479950 0.01884050 -0.04371480
v -0.03732570 0.01847403 -0.04251121
v -0.01805225 0.02283850 -0.04706376
v -0.02143609 0.02230451 -0.04683383
v -0.02137083 0.02276418 -0.04665682
v -0.01800842 0.02330089 -0.04688296
v -0.02471927 0.02257174 -0.04593814
v -0.01469763 0.02324187 -0.04713052
v -0.01467575 0.02370587 -0.04694464
v -0.01137069 0.02351454 -0.04710301
v -0.01137131 0.02397923 -0.04691373
v -0.01475297 0.02260352 -0.04729145
v -0.01814972 0.02220401 -0.04721896
v -0.01138029 0.02287479 -0.04726871
v -0.02156967 0.02167734 -0.04698741
v -0.00480089 0.02367529 -0.04693180
v -0.00806989 0.02365642 -0.04705014
v -0.00484898 0.02414030 -0.04674702
v -0.00809360 0.02412106 -0.04686208
v -0.00164381 0.02404586 -0.04652584
v -0.00156938 0.02357895 -0.04670786
v 0.00151555 0.02384667 -0.04615584
v 0.00143725 0.02433952 -0.04589242
v -0.00471694 0.02303655 -0.04709276
v -0.00144071 0.02294140 -0.04686728
v 0.00161898 0.02337522 -0.04633821
v 0.00178894 0.02273845 -0.04650195
v -0.00803254 0.02301675 -0.04721452
v -0.00797188 0.02201715 -0.04741651
v 0.00774024 0.02277692 -0.04501820
v 0.00475853 0.02307187 -0.04578272
v 0.00756918 0.02326605 -0.04482169
v 0.00462273 0.02355166 -0.04559433
v 0.00740410 0.02379814 -0.04455489
v 0.00450496 0.02406342 -0.04532893
v 0.01024634 0.02309509 -0.04381827
v 0.01045510 0.02259839 -0.04402146
v 0.01254566 0.02314401 -0.04256444
v 0.01003016 0.02364260 -0.04355529
v 0.01227865 0.02369569 -0.04231510
v 0.00798142 0.02213878 -0.04521595
v 0.01073330 0.02195821 -0.04424054
v 0.01279408 0.02264429 -0.04276933
v 0.01311497 0.02200126 -0.04300705
v 0.00496481 0.02243488 -0.04596062
v 0.00640789 0.02111902 -0.00986203
v 0.00629589 0.02146850 -0.01004134
v 0.00338307 0.02124360 -0.00955664
v 0.00329655 0.02158516 -0.00974293
v 0.00025647 0.02135504 -0.00953910
v 0.00019661 0.02169817 -0.00973266
v 0.00347091 0.02078684 -0.00928700
v 0.00653461 0.02064876 -0.00960079
v 0.00030192 0.02089446 -0.00925701
v 0.00920011 0.02108806 -0.01048441
v 0.00936678 0.02059349 -0.01022922
v 0.01162892 0.02125746 -0.01145291
v 0.01184116 0.02073428 -0.01120307
v 0.00906148 0.02145079 -0.01065673
v 0.01146016 0.02163465 -0.01161800
v -0.03170808 0.01992589 -0.01726630
v -0.03150972 0.02036418 -0.01765428
v -0.03463539 0.01991269 -0.01792926
v -0.03485865 0.01948256 -0.01751061
v -0.03727989 0.01963944 -0.01851103
v -0.03201994 0.01932502 -0.01658988
v -0.03521179 0.01890814 -0.01679142
v -0.03753602 0.01921524 -0.01808265
v -0.03794631 0.01865775 -0.01734764
v -0.02857356 0.01978735 -0.01645970
v -0.02829163 0.02041691 -0.01707816
v -0.02507550 0.02017414 -0.01611757
v -0.02811340 0.02086359 -0.01742521
v -0.02481662 0.02082730 -0.01667468
v -0.02465695 0.02128059 -0.01698116
v -0.01827873 0.02109219 -0.01459073
v -0.01816148 0.02154632 -0.01484672
v -0.02135089 0.02148487 -0.01606127
v -0.02149036 0.02102872 -0.01578430
v -0.01849520 0.02042943 -0.01413243
v -0.02172856 0.02036436 -0.01528016
v -0.01533787 0.02044076 -0.01285929
v -0.01514762 0.02108871 -0.01327765
v -0.01221901 0.02046975 -0.01164567
v -0.01505501 0.02153483 -0.01351871
v -0.01206291 0.02108930 -0.01202877
v -0.01199774 0.02152033 -0.01225846
v -0.00591997 0.02126699 -0.01027736
v -0.00591763 0.02164865 -0.01048735
v -0.00899046 0.02116498 -0.01102778
v -0.00895595 0.02157269 -0.01124714
v -0.00597859 0.02073675 -0.00995390
v -0.00910108 0.02058781 -0.01067649
v -0.00284110 0.02134659 -0.00978023
v -0.00284609 0.02085837 -0.00948002
v -0.00287078 0.02170490 -0.00998167
v 0.01608645 0.02361141 -0.03948392
v 0.01464817 0.02302264 -0.04123862
v 0.01435858 0.02351806 -0.04104057
v 0.01575664 0.02409744 -0.03929934
v 0.01404508 0.02405632 -0.04081930
v 0.01717801 0.02428858 -0.03755986
v 0.01681141 0.02476240 -0.03739342
v 0.01799195 0.02493212 -0.03552103
v 0.01540237 0.02461043 -0.03911382
v 0.01642343 0.02524397 -0.03724455
v 0.01759445 0.02539314 -0.03537547
v 0.01766207 0.02363475 -0.03780465
v 0.01651532 0.02296096 -0.03973640
v 0.01852525 0.02427590 -0.03574557
v 0.01502097 0.02237599 -0.04148810
v 0.01899604 0.02574246 -0.03127772
v 0.01859733 0.02542002 -0.03342206
v 0.01817732 0.02586990 -0.03329817
v 0.01856237 0.02618285 -0.03117762
v 0.01718119 0.02584289 -0.03525743
v 0.01918998 0.02588964 -0.02910280
v 0.01875199 0.02632215 -0.02902989
v 0.01918100 0.02585174 -0.02691207
v 0.01874853 0.02627796 -0.02687109
v 0.01979961 0.02523575 -0.02919228
v 0.01959352 0.02508618 -0.03142145
v 0.01978767 0.02520190 -0.02694226
v 0.02073365 0.02415565 -0.02697004
v 0.01916889 0.02476297 -0.03361186
v 0.01856762 0.02521424 -0.02254573
v 0.01897099 0.02561895 -0.02472032
v 0.01817543 0.02563195 -0.02258277
v 0.01855438 0.02604048 -0.02471729
v 0.01761759 0.02507466 -0.02048179
v 0.01797852 0.02466058 -0.02040644
v 0.01688676 0.02439089 -0.01842859
v 0.01912128 0.02457804 -0.02245568
v 0.01848703 0.02403498 -0.02026341
v 0.01721135 0.02398093 -0.01832062
v 0.01766556 0.02336914 -0.01813468
v 0.01955819 0.02497483 -0.02468935
v 0.01508478 0.02241509 -0.01443984
v 0.01627375 0.02319825 -0.01630646
v 0.01484059 0.02281280 -0.01458652
v 0.01598884 0.02360290 -0.01643744
v 0.01335879 0.02212268 -0.01295398
v 0.01356349 0.02173399 -0.01279669
v 0.01312118 0.02250019 -0.01308737
v 0.01541452 0.02184170 -0.01420692
v 0.01383150 0.02118441 -0.01255320
v 0.01666697 0.02260400 -0.01609163
v -0.04096871 0.01950598 -0.02084046
v -0.03953288 0.01925228 -0.01925395
v -0.03923271 0.01967475 -0.01966044
v -0.04062087 0.01992905 -0.02120157
v -0.04196301 0.01988866 -0.02265813
v -0.04157140 0.02031279 -0.02295845
v -0.04263528 0.02031265 -0.02452293
v -0.04221133 0.02073642 -0.02475512
v -0.04260890 0.01930709 -0.02207700
v -0.04153986 0.01893833 -0.02018226
v -0.04333280 0.01972002 -0.02403429
v -0.04002066 0.01869485 -0.01854186
v -0.04338681 0.02099704 -0.02788129
v -0.04310500 0.02069026 -0.02625078
v -0.04266768 0.02111036 -0.02641563
v -0.04295170 0.02141237 -0.02798209
v -0.04349537 0.02120852 -0.02945403
v -0.04307466 0.02162018 -0.02949660
v -0.04269700 0.02211935 -0.03090033
v -0.04415753 0.02062570 -0.02926622
v -0.04408363 0.02040720 -0.02759494
v -0.04381654 0.02009602 -0.02586229
v -0.03896627 0.02183811 -0.03871553
v -0.03803337 0.02274732 -0.03851910
v -0.03780629 0.02152921 -0.03986119
v -0.03703050 0.02241422 -0.03960313
v -0.03615566 0.02148961 -0.04099399
v -0.03655649 0.02365760 -0.03861711
v -0.03576156 0.02327352 -0.03964915
v -0.03559219 0.02234670 -0.04063776
v -0.03951753 0.02099822 -0.03905610
v -0.03827678 0.02069075 -0.04023956
v -0.03983064 0.02029920 -0.03940473
v -0.03652179 0.02065898 -0.04141755
v -0.03855455 0.01998433 -0.04061148
v -0.04037591 0.02145253 -0.03783453
v -0.03977172 0.02227912 -0.03752476
v -0.04098374 0.02192483 -0.03654223
v -0.04072028 0.02076716 -0.03815629
v -0.03875438 0.02318342 -0.03736054
v -0.03717060 0.02410194 -0.03747541
v -0.04034206 0.02272986 -0.03625768
v -0.03928058 0.02361904 -0.03610662
v -0.03764715 0.02453688 -0.03621289
v -0.04026543 0.01937341 -0.03980216
v -0.03894428 0.01905826 -0.04104519
v -0.04057233 0.01881646 -0.04001927
v -0.03920546 0.01850675 -0.04128594
v -0.04155988 0.01928098 -0.03869146
v -0.04120092 0.01984597 -0.03850994
v -0.04004907 0.01981263 -0.03962537
v -0.04095817 0.02028650 -0.03835649
v -0.03875218 0.01949548 -0.04085020
v -0.03293998 0.02728374 -0.03416879
v -0.03310257 0.02767406 -0.03246915
v -0.02974235 0.02883486 -0.03278295
v -0.02958894 0.02831589 -0.03463402
v -0.03269263 0.02679963 -0.03583773
v -0.02936045 0.02770394 -0.03644721
v -0.03237780 0.02628140 -0.03739547
v -0.02908159 0.02708676 -0.03812492
v -0.03563816 0.02585249 -0.03524012
v -0.03590325 0.02621241 -0.03368791
v -0.03802947 0.02489274 -0.03481839
v -0.03528961 0.02542789 -0.03670032
v -0.03607545 0.02647510 -0.03210925
v -0.03831454 0.02515807 -0.03334562
v -0.03849937 0.02532141 -0.03184833
v -0.01821964 0.02792535 -0.04210782
v -0.01815160 0.02738775 -0.04323026
v -0.02154525 0.02685073 -0.04304684
v -0.02167872 0.02737824 -0.04194160
v -0.02490662 0.02621644 -0.04261985
v -0.02476251 0.02561021 -0.04354173
v -0.01830713 0.02846864 -0.04073210
v -0.02183741 0.02790679 -0.04060764
v -0.02510143 0.02674300 -0.04153404
v -0.02532886 0.02725894 -0.04024546
v -0.01473172 0.02836109 -0.04210895
v -0.01474244 0.02891750 -0.04069484
v -0.01473667 0.02781052 -0.04324857
v 0.00696674 0.02545711 -0.04359802
v 0.00938712 0.02533658 -0.04265535
v 0.00718086 0.02456517 -0.04414628
v 0.00972966 0.02443519 -0.04315688
v 0.01141944 0.02538659 -0.04151736
v 0.01190198 0.02449457 -0.04194406
v 0.00435281 0.02479632 -0.04491994
v 0.00423194 0.02565396 -0.04436042
v 0.00420808 0.02653999 -0.04364343
v 0.00682902 0.02636395 -0.04291229
v 0.00904483 0.02621048 -0.04208301
v 0.01083486 0.02621766 -0.04110106
v 0.01418647 0.02617285 -0.03862540
v 0.01319786 0.02698523 -0.03850660
v 0.01401515 0.02745958 -0.03687623
v 0.01509609 0.02669316 -0.03690157
v 0.01315423 0.02852201 -0.03525900
v 0.01587526 0.02592110 -0.03705247
v 0.01490014 0.02534174 -0.03885849
v 0.01299007 0.02570133 -0.04016902
v 0.01360060 0.02483149 -0.04050014
v 0.01217848 0.02652359 -0.03991190
v -0.04113639 0.02329408 -0.03344196
v -0.04184259 0.02253485 -0.03368539
v -0.04209207 0.02266860 -0.03219660
v -0.04136156 0.02340910 -0.03197532
v -0.04000965 0.02417689 -0.03329618
v -0.04021269 0.02429639 -0.03183147
v -0.03969898 0.02395065 -0.03473653
v -0.04079675 0.02306792 -0.03488308
v -0.04147289 0.02228627 -0.03514656
v -0.03110796 0.02249308 -0.04325003
v -0.02797836 0.02326291 -0.04423754
v -0.02803635 0.02245948 -0.04477033
v -0.03123759 0.02167623 -0.04376897
v -0.03387831 0.02185643 -0.04214623
v -0.03412073 0.02103177 -0.04262269
v -0.03356483 0.02270732 -0.04164815
v -0.03100552 0.02334196 -0.04262864
v -0.03102714 0.02412838 -0.04188363
v -0.03497957 0.02302326 -0.04042478
v -0.02797135 0.02409648 -0.04357358
v -0.02804393 0.02487216 -0.04278312
v 0.00929544 0.03022134 -0.03184993
v 0.00914855 0.02980131 -0.03420995
v 0.00641314 0.03067890 -0.03233553
v 0.00634904 0.03014070 -0.03480309
v 0.00635700 0.03107566 -0.02975826
v 0.00931392 0.03050559 -0.02939584
v 0.00311896 0.03154833 -0.03009915
v 0.01181266 0.02968823 -0.03140040
v 0.01190839 0.02986678 -0.02906882
v 0.01158212 0.02937776 -0.03365507
v -0.03163196 0.02529103 -0.03995470
v -0.03437337 0.02450072 -0.03915987
v -0.03201279 0.02578871 -0.03876151
v -0.03486702 0.02497118 -0.03800294
v -0.02877703 0.02655210 -0.03956955
v -0.02848025 0.02604285 -0.04080892
v -0.03126968 0.02475782 -0.04099386
v -0.02822473 0.02550191 -0.04187083
v -0.03381162 0.02403487 -0.04018301
v -0.03345203 0.02347122 -0.04102742
v 0.03119437 0.00309088 0.02920436
v 0.03134753 0.00155686 0.02945757
v 0.03117841 0.00151032 0.02898751
v 0.03104666 0.00299539 0.02872643
v 0.03085272 0.00145238 0.02851093
v 0.03138873 -0.00000057 0.02952515
v 0.03121389 -0.00000057 0.02905874
v 0.03088482 -0.00000057 0.02858573
v 0.03089963 0.00457810 0.02871515
v 0.03079328 0.00442885 0.02822808
v 0.03044385 0.00597888 0.02792851
v 0.03073186 0.00288347 0.02824354
v 0.03049766 0.00427085 0.02774056
v 0.03039297 0.00578488 0.02744513
v 0.03081551 0.00470796 0.02919981
v 0.03118117 0.00314911 0.02967259
v 0.03061090 0.00468186 0.02969775
v 0.03026438 0.00618280 0.02840076
v 0.03136519 0.00157747 0.02991487
v 0.03103102 0.00311774 0.03013071
v 0.03123649 0.00155759 0.03035324
v 0.03141180 -0.00000057 0.02997840
v 0.02899151 0.00841241 0.02546917
v 0.02980751 0.00725363 0.02678299
v 0.02982038 0.00703766 0.02633016
v 0.02905350 0.00819723 0.02504467
v 0.02959090 0.00682705 0.02585598
v 0.03012553 0.00559266 0.02695904
v 0.02799674 0.00946531 0.02417764
v 0.02807024 0.00927358 0.02375012
v 0.02886706 0.00797711 0.02458901
v 0.02792729 0.00904596 0.02331579
v 0.02865144 0.00865892 0.02580870
v 0.02770424 0.00964458 0.02455985
v 0.02795276 0.00901428 0.02594252
v 0.02708255 0.00993952 0.02473495
v 0.02952392 0.00750238 0.02717970
v 0.02884547 0.00787183 0.02734144
v 0.03038659 0.00270983 0.03094711
v 0.03055915 0.00138154 0.03110250
v 0.03096654 0.00148270 0.03076652
v 0.03076788 0.00294446 0.03057834
v 0.03059885 -0.00000057 0.03114944
v 0.03101249 -0.00000057 0.03081925
v 0.03128556 -0.00000057 0.03041194
v 0.03002774 0.00393045 0.03066863
v 0.03035582 0.00436323 0.03022470
v 0.02960413 0.00356196 0.03091754
v 0.02988193 0.00249439 0.03116858
v 0.02905350 0.00335174 0.03095217
v 0.02882877 0.00403239 0.03068357
v 0.03001814 0.00128289 0.03130910
v 0.02924647 0.00235761 0.03119757
v 0.02934732 0.00121551 0.03133414
v 0.03005084 -0.00000057 0.03135171
v 0.02895799 0.00267833 0.01753922
v 0.02917981 0.00134067 0.01748895
v 0.02810499 0.00148246 0.01718344
v 0.02789266 0.00295441 0.01722877
v 0.02700476 0.00166242 0.01685228
v 0.02924638 -0.00000057 0.01747023
v 0.02816401 -0.00000057 0.01716958
v 0.02706331 -0.00000057 0.01684100
v 0.02855878 0.00400884 0.01761514
v 0.02749174 0.00440419 0.01730939
v 0.02678414 0.00330368 0.01690139
v 0.02635650 0.00490146 0.01700365
v 0.02948764 0.00370931 0.01795142
v 0.02990148 0.00247111 0.01787147
v 0.03020833 0.00349949 0.01834884
v 0.02960567 0.00467845 0.01843536
v 0.03014338 0.00123480 0.01781288
v 0.03064458 0.00232842 0.01826427
v 0.03090992 0.00116261 0.01819934
v 0.03022135 -0.00000057 0.01778894
v 0.02539401 0.01019510 0.02540139
v 0.02464493 0.01115882 0.02419876
v 0.02384591 0.01084236 0.02506696
v 0.02307665 0.01187937 0.02392837
v 0.02229733 0.01144987 0.02485206
v 0.02145768 0.01257548 0.02382195
v 0.02463856 0.00968268 0.02621182
v 0.02616716 0.00909923 0.02664060
v 0.02316334 0.01019004 0.02588886
v 0.02392814 0.00895077 0.02685105
v 0.02681496 0.00955604 0.02575001
v 0.02764801 0.00844986 0.02708945
v 0.02602150 0.01047823 0.02454110
v 0.02639650 0.01053782 0.02391969
v 0.02757928 0.00243901 0.03064108
v 0.02748375 0.00356055 0.03040927
v 0.02658447 0.00253854 0.03025283
v 0.02647892 0.00372444 0.03000848
v 0.02552045 0.00262113 0.02992995
v 0.02539160 0.00384973 0.02966803
v 0.02666062 0.00128571 0.03040506
v 0.02764815 0.00123887 0.03078264
v 0.02669135 -0.00000057 0.03045813
v 0.02560835 0.00132673 0.03009222
v 0.02564206 -0.00000057 0.03014843
v 0.02847276 0.00235892 0.03098887
v 0.02855052 0.00120815 0.03112550
v 0.02767593 -0.00000057 0.03083086
v 0.02857674 -0.00000057 0.03116906
v 0.02834433 0.00339379 0.03075330
v 0.01590329 0.00727383 0.02936857
v 0.01584718 0.00884395 0.02848347
v 0.01555564 0.00895180 0.02871806
v 0.01559590 0.00737359 0.02962841
v 0.01515534 0.00913659 0.02907610
v 0.01545689 0.01040106 0.02773833
v 0.01499563 0.00985951 0.02868101
v 0.01507358 0.00967033 0.02873823
v 0.01507692 0.00951411 0.02886343
v 0.01475911 0.01071590 0.02827341
v 0.01507816 0.00944422 0.02891975
v 0.01517275 0.01051947 0.02794709
v 0.01576591 0.00575271 0.03026094
v 0.01543939 0.00584433 0.03054447
v 0.01557571 0.00434258 0.03102794
v 0.01519801 0.00755147 0.03001620
v 0.01503808 0.00601421 0.03095951
v 0.01523198 0.00442349 0.03133252
v 0.01603420 0.00571613 0.03007486
v 0.01614455 0.00722859 0.02920233
v 0.01626082 0.00571137 0.02995227
v 0.01586771 0.00431418 0.03082435
v 0.01611791 0.00431672 0.03068804
v 0.01606284 0.00878964 0.02833798
v 0.01565314 0.01033736 0.02761305
v 0.01634407 0.00721425 0.02909540
v 0.01623554 0.00876545 0.02824714
v 0.01580313 0.01030502 0.02753719
v 0.01054823 0.01628656 0.02364807
v 0.01081669 0.01631532 0.02216835
v 0.01019859 0.01656883 0.02360277
v 0.01047360 0.01661798 0.02206465
v 0.00963970 0.01703032 0.02354318
v 0.01155430 0.01603960 0.02054999
v 0.01122619 0.01634045 0.02040124
v 0.01070886 0.01683291 0.02017317
v 0.01037546 0.01620505 0.02493121
v 0.01072364 0.01595610 0.02491368
v 0.01097849 0.01553871 0.02596557
v 0.00981509 0.01661142 0.02497154
v 0.01043136 0.01588391 0.02609749
v 0.01075357 0.01613483 0.02367953
v 0.01092648 0.01582310 0.02490837
v 0.01087958 0.01606498 0.02369765
v 0.01131767 0.01532675 0.02588977
v 0.01151546 0.01521371 0.02584997
v 0.01105083 0.01576456 0.02490464
v 0.01102061 0.01615136 0.02223356
v 0.01114712 0.01607220 0.02227183
v 0.01175145 0.01587513 0.02064053
v 0.01429816 0.01451100 0.01723048
v 0.01587545 0.01314748 0.01574303
v 0.01562634 0.01330210 0.01556673
v 0.01402191 0.01472584 0.01705208
v 0.01522676 0.01355381 0.01528018
v 0.01730367 0.01131072 0.01451292
v 0.01707600 0.01140965 0.01434116
v 0.01670653 0.01156985 0.01405746
v 0.01278628 0.01545660 0.01886841
v 0.01248208 0.01572418 0.01869700
v 0.01358334 0.01507666 0.01676734
v 0.01200209 0.01616186 0.01842851
v 0.01296996 0.01530859 0.01897056
v 0.01446496 0.01439017 0.01733472
v 0.01308840 0.01522963 0.01903125
v 0.01187591 0.01579185 0.02069407
v 0.01602527 0.01305829 0.01584412
v 0.01457521 0.01432136 0.01739701
v 0.01612701 0.01300288 0.01590499
v 0.01743973 0.01125139 0.01460982
v 0.01909541 0.00618364 0.01309416
v 0.01951087 0.00315761 0.01280333
v 0.01929726 0.00317202 0.01262712
v 0.01888224 0.00621659 0.01292064
v 0.01894530 0.00319491 0.01233158
v 0.01964070 -0.00000057 0.01272342
v 0.01942587 -0.00000057 0.01254570
v 0.01907180 -0.00000057 0.01224771
v 0.01836833 0.00894539 0.01364699
v 0.01815157 0.00900514 0.01347555
v 0.01853167 0.00626924 0.01262996
v 0.01779679 0.00910128 0.01318964
v 0.01849715 0.00890791 0.01374293
v 0.01922156 0.00616200 0.01319105
v 0.01858808 0.00887859 0.01380225
v 0.01753442 0.01121001 0.01466884
v 0.01963697 0.00314779 0.01290183
v 0.01976744 -0.00000057 0.01282289
v 0.01931106 0.00614327 0.01325183
v 0.01972641 0.00313867 0.01296426
v 0.01985716 -0.00000057 0.01288617
v 0.01346877 0.01323501 0.02690643
v 0.01230506 0.01440130 0.02650090
v 0.01316368 0.01338962 0.02706169
v 0.01198198 0.01458186 0.02662143
v 0.01268325 0.01364062 0.02731475
v 0.01146417 0.01487517 0.02682252
v 0.01430135 0.01201711 0.02744928
v 0.01459173 0.01188318 0.02726576
v 0.01385832 0.01223572 0.02774236
v 0.01365601 0.01315087 0.02681817
v 0.01477952 0.01180984 0.02715878
v 0.01378286 0.01311124 0.02676615
v 0.01491475 0.01177303 0.02709523
v 0.01249665 0.01430423 0.02643425
v 0.01261993 0.01426140 0.02639477
v 0.01163842 0.01516525 0.02582597
v 0.01543327 0.00199802 0.03183712
v 0.01547338 0.00310543 0.03153690
v 0.01511954 0.00317055 0.03185883
v 0.01507457 0.00204355 0.03217212
v 0.01471439 0.00329791 0.03231900
v 0.01482654 0.00457847 0.03177183
v 0.01542972 0.00097710 0.03197782
v 0.01506959 0.00100050 0.03232111
v 0.01507710 -0.00000057 0.03235453
v 0.01467214 0.00213376 0.03264862
v 0.01467037 0.00104719 0.03280827
v 0.01467960 -0.00000057 0.03284563
v 0.01575067 0.00097036 0.03174447
v 0.01575001 0.00198439 0.03160979
v 0.01603230 0.00097364 0.03158711
v 0.01543710 -0.00000057 0.03200829
v 0.01575891 -0.00000057 0.03177292
v 0.01604186 -0.00000057 0.03161434
v 0.01578100 0.00308463 0.03131955
v 0.01602654 0.00198990 0.03145638
v 0.01604744 0.00309024 0.03117305
v 0.02261513 0.00720020 0.02793336
v 0.02221850 0.00830173 0.02724092
v 0.02161407 0.00724889 0.02792352
v 0.02123851 0.00842054 0.02721391
v 0.02065672 0.00726333 0.02800623
v 0.02159139 0.00952721 0.02651113
v 0.02059636 0.00972076 0.02651893
v 0.02031634 0.00850470 0.02727718
v 0.02181474 0.00613832 0.02859223
v 0.02285588 0.00614769 0.02855857
v 0.02193223 0.00502136 0.02916451
v 0.02080703 0.00609099 0.02871603
v 0.02367903 0.00709761 0.02805929
v 0.02393683 0.00610046 0.02864235
v 0.02301535 0.00506929 0.02908668
v 0.02411821 0.00506074 0.02912578
v 0.02328436 0.00812993 0.02738109
v 0.02269236 0.00927519 0.02661229
v 0.01676786 0.01512234 0.02213405
v 0.01670398 0.01484278 0.02146177
v 0.01527680 0.01526734 0.02175568
v 0.01529579 0.01558350 0.02258045
v 0.01411097 0.01557777 0.02200280
v 0.01680696 0.01435572 0.02085909
v 0.01549916 0.01471436 0.02101119
v 0.01469763 0.01480140 0.02079887
v 0.01560605 0.01554876 0.02335716
v 0.01705554 0.01508889 0.02283719
v 0.01624227 0.01507522 0.02407100
v 0.01405982 0.01590601 0.02298704
v 0.01437049 0.01585674 0.02384660
v 0.01505519 0.01535657 0.02456540
v 0.01841646 0.01453530 0.02173075
v 0.01866185 0.01450001 0.02238708
v 0.01762014 0.01464349 0.02356071
v 0.01914475 0.01408219 0.02313140
v 0.01834471 0.01428719 0.02115465
v 0.01838273 0.01385481 0.02065091
v 0.02061318 0.01092926 0.01792570
v 0.02200281 0.00958115 0.01724525
v 0.02072401 0.01043539 0.01716404
v 0.01917507 0.01183598 0.01807583
v 0.01958255 0.01118502 0.01704921
v 0.02324035 0.00797425 0.01667778
v 0.02208673 0.00875631 0.01642155
v 0.02103812 0.00944980 0.01615034
v 0.01927917 0.01196606 0.01863382
v 0.01763492 0.01295160 0.01906971
v 0.01827258 0.01258610 0.01922701
v 0.01791671 0.01262284 0.01816969
v 0.01622364 0.01380048 0.01942816
v 0.01655475 0.01356403 0.01982916
v 0.02092445 0.01103592 0.01831142
v 0.02211072 0.01001341 0.01780336
v 0.01998464 0.01169723 0.01879248
v 0.02164084 0.01089578 0.01852659
v 0.02335092 0.00870251 0.01732329
v 0.02445254 0.00717602 0.01692627
v 0.02468368 0.00419313 0.01609698
v 0.02498489 0.00212207 0.01600252
v 0.02406415 0.00235869 0.01552729
v 0.02371274 0.00464994 0.01565465
v 0.02320214 0.00257115 0.01504738
v 0.02506939 -0.00000057 0.01598456
v 0.02416659 -0.00000057 0.01550199
v 0.02332021 -0.00000057 0.01501336
v 0.02411807 0.00616105 0.01630855
v 0.02306829 0.00680515 0.01593558
v 0.02280863 0.00505921 0.01520870
v 0.02210039 0.00737998 0.01555658
v 0.02522304 0.00550679 0.01666730
v 0.02571098 0.00373048 0.01651836
v 0.02596491 0.00188280 0.01645141
v 0.02603337 -0.00000057 0.01643845
v 0.01958077 0.01239738 0.02503340
v 0.01851482 0.01368717 0.02429425
v 0.01841694 0.01272865 0.02530250
v 0.01723915 0.01407495 0.02470713
v 0.01738552 0.01295911 0.02560580
v 0.01612613 0.01433215 0.02512727
v 0.01959593 0.01121703 0.02589412
v 0.02065922 0.01095158 0.02577383
v 0.01863556 0.01141309 0.02607457
v 0.01967842 0.00986974 0.02660717
v 0.02087492 0.01196966 0.02486206
v 0.02184263 0.01061113 0.02575746
v 0.01992903 0.01318271 0.02397155
v 0.02329801 0.00263519 0.02976739
v 0.02316810 0.00389005 0.02948782
v 0.02217329 0.00258428 0.02986716
v 0.02205824 0.00383052 0.02958485
v 0.02096717 0.00373485 0.02976451
v 0.02087470 0.00493304 0.02932823
v 0.02225791 0.00130109 0.03002540
v 0.02338888 0.00132991 0.02993079
v 0.02229260 -0.00000057 0.03007350
v 0.02106205 0.00250648 0.03004728
v 0.02113689 0.00125798 0.03019900
v 0.02116931 -0.00000057 0.03024210
v 0.02441935 0.00265041 0.02977822
v 0.02451174 0.00133996 0.02994360
v 0.02342457 -0.00000057 0.02998346
v 0.02454709 -0.00000057 0.02999933
v 0.02428361 0.00390070 0.02950502
v 0.01885590 0.00725318 0.02834840
v 0.01859759 0.00862592 0.02757707
v 0.01809260 0.00723818 0.02854698
v 0.01787368 0.00866664 0.02775607
v 0.01728850 0.00869654 0.02791600
v 0.01801639 0.01007972 0.02691494
v 0.01733054 0.01014850 0.02708600
v 0.01891447 0.00594808 0.02912204
v 0.01811314 0.00587205 0.02934378
v 0.01889648 0.00469717 0.02979098
v 0.01747416 0.00722293 0.02872327
v 0.01746413 0.00580599 0.02953775
v 0.01806115 0.00457719 0.03003152
v 0.01982635 0.00602431 0.02890270
v 0.01972397 0.00726316 0.02815801
v 0.01984855 0.00482038 0.02954680
v 0.01942392 0.00857255 0.02740784
v 0.01880873 0.00998810 0.02674725
v 0.01242090 0.01613489 0.02345555
v 0.01262700 0.01591744 0.02226570
v 0.01214932 0.01596782 0.02230117
v 0.01191022 0.01611749 0.02356442
v 0.01179900 0.01597841 0.02230546
v 0.01334678 0.01539711 0.02092101
v 0.01288154 0.01552391 0.02088239
v 0.01252940 0.01559790 0.02082894
v 0.01267357 0.01599864 0.02445688
v 0.01213457 0.01593307 0.02462619
v 0.01279267 0.01537469 0.02544048
v 0.01154794 0.01606948 0.02362595
v 0.01175009 0.01584350 0.02473732
v 0.01237935 0.01527291 0.02558640
v 0.01340593 0.01598994 0.02420510
v 0.01311948 0.01607710 0.02327090
v 0.01335801 0.01545606 0.02523306
v 0.01410297 0.01546677 0.02494706
v 0.01325430 0.01579094 0.02216951
v 0.01393277 0.01518695 0.02091421
v 0.01623692 0.01355963 0.01799259
v 0.01789684 0.01216109 0.01665765
v 0.01731472 0.01245030 0.01644129
v 0.01568929 0.01381910 0.01783435
v 0.01688117 0.01264877 0.01625149
v 0.01939191 0.01037908 0.01556364
v 0.01878776 0.01066532 0.01529300
v 0.01832519 0.01086624 0.01506739
v 0.01463516 0.01462474 0.01945517
v 0.01413654 0.01482565 0.01935408
v 0.01528851 0.01399217 0.01768464
v 0.01376524 0.01495551 0.01924958
v 0.01527729 0.01432060 0.01951826
v 0.01695835 0.01317914 0.01812315
v 0.01864647 0.01174979 0.01687035
v 0.02014094 0.00998231 0.01585690
v 0.02124975 0.00562280 0.01437576
v 0.02167510 0.00286531 0.01415690
v 0.02105494 0.00295973 0.01378300
v 0.02062969 0.00580250 0.01402442
v 0.02056027 0.00302752 0.01348105
v 0.02180645 -0.00000057 0.01410479
v 0.02118730 -0.00000057 0.01372271
v 0.02069211 -0.00000057 0.01341400
v 0.02049912 0.00816352 0.01482384
v 0.01988335 0.00841020 0.01450757
v 0.02013899 0.00593106 0.01374024
v 0.01940256 0.00858549 0.01424966
v 0.02124107 0.00782644 0.01517977
v 0.02198185 0.00537927 0.01477645
v 0.02239831 0.00273790 0.01458448
v 0.02252546 -0.00000057 0.01454132
v 0.01572849 0.01313237 0.02611962
v 0.01444721 0.01445452 0.02574748
v 0.01510759 0.01313098 0.02632093
v 0.01385486 0.01440247 0.02596128
v 0.01462823 0.01310811 0.02647900
v 0.01340960 0.01433012 0.02612002
v 0.01633733 0.01167480 0.02665173
v 0.01698912 0.01162799 0.02646894
v 0.01582266 0.01169986 0.02680414
v 0.01678028 0.01019834 0.02723622
v 0.01648859 0.01308438 0.02587971
v 0.01776091 0.01154541 0.02627137
v 0.01519990 0.01444488 0.02547177
v 0.01897636 0.00230752 0.03052949
v 0.01892510 0.00348705 0.03024832
v 0.01806248 0.00336256 0.03049525
v 0.01809363 0.00220809 0.03077500
v 0.01736441 0.00325609 0.03070735
v 0.01738526 0.00447422 0.03023919
v 0.01902628 0.00114838 0.03066986
v 0.01813112 0.00109373 0.03091083
v 0.01905091 -0.00000057 0.03070485
v 0.01737880 0.00212318 0.03098578
v 0.01740566 0.00104710 0.03111799
v 0.01815144 -0.00000057 0.03094276
v 0.02004394 0.00120510 0.03042321
v 0.01998111 0.00241060 0.03027749
v 0.02007281 -0.00000057 0.03046191
v 0.01990806 0.00361575 0.02999520
v -0.00746976 0.00528941 0.04222091
v -0.00563161 0.00739444 0.04179547
v -0.00704814 0.00823061 0.04117141
v -0.00901784 0.00572977 0.04165821
v -0.00331769 0.00873458 0.04137171
v -0.00449794 0.00982650 0.04072175
v -0.00868996 0.00275241 0.04253718
v -0.01029971 0.00293746 0.04199169
v -0.00914557 -0.00000057 0.04266799
v -0.01076868 -0.00000057 0.04212010
v -0.00720863 0.00250943 0.04300272
v -0.00606491 0.00480119 0.04270424
v -0.00583480 0.00222523 0.04343295
v -0.00764018 -0.00000057 0.04312820
v -0.00622464 -0.00000057 0.04354676
v -0.00435994 0.00665648 0.04231076
v -0.00480116 0.00426582 0.04315912
v -0.00325958 0.00593597 0.04279302
v -0.00224464 0.00785707 0.04190027
v 0.00794068 0.00268903 0.04238462
v 0.00824908 0.00138282 0.04232190
v 0.00834524 0.00281891 0.04161926
v 0.00867238 0.00143925 0.04154122
v 0.00856182 0.00292888 0.04095979
v 0.00833034 -0.00000057 0.04229790
v 0.00875411 -0.00000057 0.04151407
v 0.00890364 0.00148761 0.04087804
v 0.00769075 0.00407825 0.04174482
v 0.00734049 0.00384088 0.04247679
v 0.00786581 0.00427633 0.04109113
v 0.00728079 0.00253647 0.04314766
v 0.00677833 0.00355183 0.04316279
v 0.00628500 0.00238614 0.04381735
v 0.00591459 0.00330950 0.04374715
v 0.00755206 0.00131858 0.04311732
v 0.00762989 -0.00000057 0.04309833
v 0.00649960 0.00124678 0.04382470
v 0.00656794 -0.00000057 0.04381266
v 0.00203864 0.00842504 0.04081958
v 0.00453664 0.00738262 0.04060630
v 0.00444232 0.00779859 0.04019144
v 0.00163467 0.00903675 0.04036852
v 0.00449972 0.00831644 0.03971196
v 0.00658278 0.00604436 0.04042534
v 0.00668583 0.00632762 0.04001999
v -0.00067021 0.00897690 0.04106058
v -0.00147454 0.00990397 0.04049970
v 0.00158667 0.00964224 0.03986171
v -0.00163991 0.01076626 0.03987576
v 0.00013006 0.00818472 0.04155074
v 0.00254813 0.00782350 0.04125607
v -0.00134594 0.00705049 0.04240232
v 0.00479355 0.00695751 0.04101010
v 0.00665030 0.00577082 0.04080674
v 0.00321921 0.00218525 0.04460583
v 0.00149971 0.00217146 0.04472947
v 0.00325432 0.00111029 0.04467197
v 0.00140354 0.00110369 0.04482181
v 0.00327404 -0.00000057 0.04468005
v -0.00011069 0.00229625 0.04467506
v -0.00037130 0.00117692 0.04479579
v 0.00137985 -0.00000057 0.04484353
v 0.00487272 0.00226293 0.04430259
v 0.00501001 0.00116767 0.04434125
v 0.00505969 -0.00000057 0.04433816
v 0.00465959 0.00321227 0.04417419
v 0.00319276 0.00318843 0.04443967
v 0.00169349 0.00316627 0.04453927
v 0.00034047 0.00329925 0.04446533
v 0.00182462 0.00408493 0.04423598
v -0.00258888 0.00311904 0.04408270
v -0.00153781 0.00439157 0.04381412
v -0.00235700 0.00515215 0.04331795
v -0.00367639 0.00368399 0.04363647
v -0.00326345 0.00161669 0.04427605
v -0.00454753 0.00191654 0.04387240
v -0.00350660 -0.00000057 0.04435391
v -0.00487105 -0.00000057 0.04396969
v -0.00189916 0.00135904 0.04459885
v -0.00143694 0.00263429 0.04444419
v -0.00205851 -0.00000057 0.04465633
v -0.00045396 -0.00000057 0.04483389
v -0.00068764 0.00374081 0.04421009
v 0.00873660 0.00309810 0.04017455
v 0.00912458 0.00155725 0.04010535
v 0.00890193 0.00315857 0.03983182
v 0.00929312 0.00157423 0.03978143
v 0.00921542 -0.00000057 0.04008016
v 0.00938667 -0.00000057 0.03976211
v 0.00793605 0.00460500 0.04028131
v 0.00810260 0.00476199 0.03990573
v 0.00721599 0.00671499 0.03939695
v 0.00790235 0.00444751 0.04063987
v 0.00865775 0.00302174 0.04051438
v 0.00902456 0.00152766 0.04043517
v 0.00911081 -0.00000057 0.04040712
v 0.02380151 0.00989209 0.01932989
v 0.02511982 0.00918637 0.01940859
v 0.02410523 0.00984821 0.01888306
v 0.02533659 0.00917660 0.01898690
v 0.02633325 0.00840631 0.01948478
v 0.02643387 0.00845553 0.01908178
v 0.02268568 0.01051161 0.01885802
v 0.02237676 0.01055236 0.01929577
v 0.02112840 0.01119448 0.01894858
v 0.02350903 0.00975828 0.01973201
v 0.02215398 0.01040133 0.01967296
v 0.02312187 0.00953909 0.02000309
v 0.02087014 0.01119264 0.01934040
v 0.02075644 0.01099630 0.01965503
v 0.02190695 0.01015748 0.01991914
v 0.02480194 0.00905076 0.01980876
v 0.02601308 0.00826237 0.01987975
v 0.02429899 0.00884893 0.02008740
v 0.02541488 0.00807955 0.02016227
v 0.02844664 0.00654888 0.01950343
v 0.02933953 0.00549618 0.01947507
v 0.02926754 0.00564438 0.01897905
v 0.02839394 0.00671527 0.01902959
v 0.03010735 0.00440236 0.01942651
v 0.03003289 0.00450554 0.01891847
v 0.02744337 0.00752304 0.01951155
v 0.02745119 0.00764371 0.01907992
v 0.02812288 0.00641414 0.01993674
v 0.02712281 0.00737672 0.01992157
v 0.02738193 0.00629609 0.02025401
v 0.02644607 0.00722351 0.02021782
v 0.02900499 0.00539501 0.01992777
v 0.02976086 0.00433967 0.01989714
v 0.02821186 0.00531257 0.02027078
v 0.02892524 0.00428824 0.02026806
v 0.03120641 0.00220458 0.01928641
v 0.03150290 0.00110247 0.01922963
v 0.03139362 0.00112185 0.01869234
v 0.03110870 0.00224591 0.01875634
v 0.03160752 -0.00000057 0.01920492
v 0.03149286 -0.00000057 0.01866476
v 0.03099987 -0.00000057 0.01817179
v 0.03073543 0.00330485 0.01935783
v 0.03065086 0.00337326 0.01883796
v 0.03085028 0.00218540 0.01979316
v 0.03038224 0.00326848 0.01984742
v 0.02995291 0.00216936 0.02021534
v 0.02951147 0.00323837 0.02024580
v 0.03114617 0.00109440 0.01974895
v 0.03125108 -0.00000057 0.01972936
v 0.03023187 0.00108759 0.02018800
v 0.03033075 -0.00000057 0.02017510
v 0.01786455 0.01244744 0.01972216
v 0.01786518 0.01268393 0.01956267
v 0.01672485 0.01297747 0.01996589
v 0.01638581 0.01345500 0.02003767
v 0.01615639 0.01331340 0.02012613
v 0.01556273 0.01398935 0.02041056
v 0.01807825 0.01206454 0.01978681
v 0.01716864 0.01248439 0.01988444
v 0.01763591 0.01204710 0.01977964
v 0.01674768 0.01273171 0.01992421
v 0.01726045 0.01232269 0.01979851
v 0.01930619 0.01183841 0.01949810
v 0.01933603 0.01155961 0.01970167
v 0.01839434 0.01165272 0.01976696
v 0.01945755 0.01120875 0.01979180
v 0.01948380 0.01192451 0.01919155
v 0.02957065 0.00267048 0.02722166
v 0.02933779 0.00395892 0.02672026
v 0.03001398 0.00411471 0.02725461
v 0.03024383 0.00277594 0.02776052
v 0.02898564 0.00519087 0.02596145
v 0.02965533 0.00539411 0.02647868
v 0.02969873 0.00134437 0.02749720
v 0.03036536 0.00139758 0.02803401
v 0.02973658 -0.00000057 0.02757851
v 0.03039904 -0.00000057 0.02811265
v 0.02883528 0.00129119 0.02684091
v 0.02870043 0.00256476 0.02657120
v 0.02775741 0.00123647 0.02600562
v 0.02887747 -0.00000057 0.02692233
v 0.02780174 -0.00000057 0.02608309
v 0.02846466 0.00380195 0.02608766
v 0.02762125 0.00245643 0.02575345
v 0.02739012 0.00364225 0.02530684
v 0.02811971 0.00498457 0.02536477
v 0.02321296 0.01100139 0.02019589
v 0.02166234 0.01168934 0.01990416
v 0.02181025 0.01214535 0.02020868
v 0.02348530 0.01142015 0.02049821
v 0.02009720 0.01228209 0.01980026
v 0.02011090 0.01278527 0.02012379
v 0.02467304 0.01022517 0.02070824
v 0.02505662 0.01061228 0.02102425
v 0.02596649 0.00936760 0.02147401
v 0.02644481 0.00972436 0.02181865
v 0.02415846 0.00981977 0.02043237
v 0.02284666 0.01056415 0.01994724
v 0.02352899 0.00942479 0.02019594
v 0.02532811 0.00899421 0.02115208
v 0.02454780 0.00863199 0.02084484
v 0.02146295 0.01121628 0.01966517
v 0.02007763 0.01176504 0.01955460
v 0.02239851 0.01013635 0.01975759
v 0.02121924 0.01075383 0.01950160
v 0.02005405 0.01126441 0.01939973
v 0.02785258 0.00742899 0.02372053
v 0.02701727 0.00843562 0.02252605
v 0.02757045 0.00875902 0.02291322
v 0.02846188 0.00771583 0.02415605
v 0.02849963 0.00634748 0.02491360
v 0.02914740 0.00659434 0.02539520
v 0.02765734 0.00609443 0.02437701
v 0.02705380 0.00713222 0.02325715
v 0.02663029 0.00584315 0.02375122
v 0.02706085 0.00477685 0.02464600
v 0.02628530 0.00809858 0.02213791
v 0.02608015 0.00684113 0.02274064
v 0.02539208 0.00777076 0.02173246
v 0.01731596 0.01313438 0.01997771
v 0.01766852 0.01251781 0.01969659
v 0.01695587 0.01271906 0.01983578
v 0.01642848 0.01334015 0.02009968
v 0.01807321 0.01195251 0.01953199
v 0.01749491 0.01218233 0.01968230
v 0.01701986 0.01376663 0.02036480
v 0.01591299 0.01403861 0.02047535
v 0.01846663 0.01333727 0.02021172
v 0.01859364 0.01277273 0.01985132
v 0.01876096 0.01219935 0.01958396
v 0.01896581 0.01165525 0.01942384
v 0.01905147 0.01104793 0.01954783
v 0.01949972 0.01076118 0.01943513
v 0.01967610 0.01063958 0.01965580
v 0.01986865 0.01039477 0.01954066
v 0.02037411 0.01020870 0.01977924
v 0.02004831 0.01041798 0.01937779
v 0.02016158 0.01010155 0.01946382
v 0.02030525 0.01001804 0.01965630
v 0.01870088 0.01132948 0.01967286
v 0.01955498 0.01090649 0.01975800
v 0.02052425 0.01044444 0.01986456
v 0.02067768 0.01071155 0.01984543
v 0.01852568 0.01147406 0.01949449
v 0.01804538 0.01173694 0.01963781
v 0.01920542 0.01117860 0.01938521
v 0.02002838 0.01081050 0.01934862
v 0.02140817 0.00941586 0.01957304
v 0.02109618 0.00916939 0.01958207
v 0.02058384 0.00968945 0.01947648
v 0.02069997 0.00996708 0.01941879
v 0.02104506 0.00903504 0.01966149
v 0.02061101 0.00954192 0.01958591
v 0.02033960 0.00988802 0.01956338
v 0.02093834 0.01032966 0.01942332
v 0.02188065 0.00974588 0.01963220
v 0.02212647 0.00877170 0.01985547
v 0.02280067 0.00906898 0.01999823
v 0.02280489 0.00804007 0.02028316
v 0.02364373 0.00830875 0.02054431
v 0.02165935 0.00855231 0.01978391
v 0.02222032 0.00784152 0.02009413
v 0.02155227 0.00843021 0.01979982
v 0.02189541 0.00915109 0.01996854
v 0.02253414 0.00932684 0.02005683
v 0.02152525 0.00991977 0.01996383
v 0.02112007 0.00971493 0.01987897
v 0.02135526 0.00904138 0.01981354
v 0.02080254 0.00956970 0.01973655
v 0.02195820 0.00842474 0.01991944
v 0.02268163 0.00850999 0.02006144
v 0.02257005 0.00771718 0.02006320
v 0.02207904 0.00772870 0.02000991
v 0.02352706 0.00866003 0.02014453
v 0.02345117 0.00778587 0.02016541
v 0.02448017 0.00791369 0.02022796
v 0.02389596 0.00633955 0.02154670
v 0.02317303 0.00616234 0.02101770
v 0.02339353 0.00722643 0.02087321
v 0.02272607 0.00704032 0.02052479
v 0.02302128 0.00605639 0.02063296
v 0.02257176 0.00693181 0.02030075
v 0.02435518 0.00747498 0.02129332
v 0.02494626 0.00657136 0.02214575
v 0.02431579 0.00538814 0.02222477
v 0.02542823 0.00560159 0.02300205
v 0.02465661 0.00438096 0.02282851
v 0.02581230 0.00456933 0.02376259
v 0.02355764 0.00522123 0.02151472
v 0.02341843 0.00511927 0.02096720
v 0.02387635 0.00423064 0.02195766
v 0.02375403 0.00413730 0.02126402
v 0.02511186 0.00223723 0.02358703
v 0.02632124 0.00234317 0.02471271
v 0.02522590 0.00112421 0.02376327
v 0.02644756 0.00117865 0.02493176
v 0.02526398 -0.00000057 0.02381843
v 0.02648942 -0.00000057 0.02499985
v 0.02441262 0.00107964 0.02264411
v 0.02430461 0.00215088 0.02251459
v 0.02432792 0.00105140 0.02171827
v 0.02444889 -0.00000057 0.02268470
v 0.02436763 -0.00000057 0.02174450
v 0.02492204 0.00332674 0.02327902
v 0.02412558 0.00320420 0.02228836
v 0.02421095 0.00209637 0.02163349
v 0.02401894 0.00312734 0.02148411
v 0.02610973 0.00347830 0.02432789
v 0.02668552 0.00210464 0.02074084
v 0.02514241 0.00208595 0.02108185
v 0.02529196 0.00104598 0.02112969
v 0.02688029 0.00105547 0.02075841
v 0.02534368 -0.00000057 0.02114369
v 0.02842683 0.00213745 0.02049163
v 0.02866841 0.00107198 0.02048451
v 0.02694855 -0.00000057 0.02076204
v 0.02875374 -0.00000057 0.02047925
v 0.02804333 0.00318875 0.02049195
v 0.02637424 0.00314006 0.02070260
v 0.02753229 0.00421881 0.02047690
v 0.02490063 0.00311277 0.02099440
v 0.02595647 0.00415486 0.02063694
v 0.02457222 0.00411987 0.02086155
v 0.02484452 0.00608663 0.02041650
v 0.02618307 0.00617973 0.02037976
v 0.02536964 0.00708219 0.02030810
v 0.02417649 0.00697298 0.02028818
v 0.02368453 0.00603834 0.02046674
v 0.02314955 0.00691611 0.02025381
v 0.02416280 0.00510065 0.02067750
v 0.02544220 0.00514216 0.02053718
v 0.02690807 0.00522054 0.02043775
v 0.00302554 0.01075605 0.03860490
v 0.00110473 0.01176194 0.03851662
v 0.00214507 0.01022514 0.03925800
v -0.00052330 0.01136415 0.03919634
v 0.00469797 0.00904722 0.03911432
v 0.00502004 0.00981481 0.03847236
v 0.00683411 0.00907349 0.03811503
v 0.00689361 0.00807057 0.03872125
v 0.00394372 0.01120561 0.03794992
v 0.00544894 0.01044311 0.03785985
v 0.00479429 0.01160244 0.03729429
v 0.00597058 0.01092368 0.03725770
v 0.00676709 0.01041479 0.03720451
v 0.00247363 0.01202398 0.03789176
v 0.00141964 0.01284605 0.03760510
v 0.00352598 0.01227894 0.03728463
v 0.00306572 0.01691256 0.03215817
v 0.00432181 0.01690175 0.03139910
v 0.00309823 0.01767462 0.03046072
v 0.00140182 0.01760758 0.03145261
v 0.00392222 0.01836194 0.02791957
v 0.00194736 0.01668350 0.03307037
v 0.00002610 0.01730128 0.03255407
v 0.00349199 0.01591465 0.03345717
v 0.00433923 0.01613132 0.03268081
v 0.00481488 0.01507005 0.03372966
v 0.00421498 0.01472150 0.03448917
v 0.00521628 0.01616301 0.03204518
v 0.00542286 0.01531222 0.03304146
v 0.00600937 0.01544370 0.03245049
v 0.01168677 0.00709400 0.03505312
v 0.01211570 0.00625151 0.03503753
v 0.01201107 0.00698514 0.03471391
v 0.01228374 0.00691034 0.03444504
v 0.00963705 0.01259789 0.03280749
v 0.00961878 0.01262796 0.03279544
v 0.00961155 0.01258194 0.03284912
v 0.00964980 0.01260576 0.03278807
v 0.01006601 0.01286833 0.03207572
v 0.01005999 0.01286443 0.03208748
v 0.01007929 0.01287679 0.03205177
v 0.00983694 0.01272475 0.03245434
v 0.00924910 0.00854930 0.03677567
v 0.00821360 0.00866734 0.03752895
v 0.00849023 0.00753537 0.03803469
v 0.00967027 0.00734425 0.03714539
v 0.01016087 0.00823982 0.03606306
v 0.01061615 0.00739984 0.03614410
v 0.01032167 0.00804043 0.03602966
v 0.00984008 0.00864225 0.03612668
v 0.01071992 0.00773261 0.03579678
v 0.01039133 0.00794977 0.03601449
v 0.01093646 0.00759150 0.03565193
v 0.01151831 0.00714448 0.03522341
v 0.00946493 0.00903805 0.03618762
v 0.00874149 0.00963117 0.03642585
v 0.00932838 0.00934916 0.03608086
v 0.00915029 0.00974824 0.03594303
v 0.00887502 0.01023691 0.03576010
v 0.00886777 0.01037647 0.03564186
v 0.00886260 0.01048727 0.03554746
v 0.00859003 0.01084676 0.03547768
v 0.00900297 0.01001215 0.03584300
v 0.00806913 0.01061097 0.03615396
v 0.00882665 0.01103950 0.03506910
v 0.00790702 0.00962588 0.03708325
v 0.00741222 0.01046735 0.03676629
v 0.00682486 0.00987152 0.03758362
v 0.00758748 0.01370122 0.03337462
v 0.00788424 0.01401351 0.03276769
v 0.00692880 0.01472910 0.03266656
v 0.00651708 0.01450359 0.03326104
v 0.00813979 0.01431383 0.03216262
v 0.00724866 0.01337277 0.03400068
v 0.00607088 0.01422505 0.03390305
v 0.00687556 0.01303282 0.03464591
v 0.00560935 0.01389286 0.03458400
v 0.00859963 0.01290090 0.03341726
v 0.00909145 0.01203059 0.03385527
v 0.00918261 0.01221995 0.03359200
v 0.00924806 0.01235629 0.03340260
v 0.00924988 0.01235740 0.03339994
v 0.00833685 0.01250634 0.03404602
v 0.00800774 0.01213192 0.03469959
v 0.00902510 0.01188766 0.03405750
v 0.00878540 0.01138837 0.03475266
v 0.00883946 0.01150164 0.03459454
v 0.00878561 0.01138624 0.03475458
v 0.00878535 0.01329123 0.03282821
v 0.00947265 0.01249617 0.03306019
v 0.00601853 0.01233323 0.03597954
v 0.00647596 0.01268604 0.03531032
v 0.00515162 0.01350641 0.03529537
v 0.00468690 0.01308689 0.03599935
v 0.00547193 0.01197517 0.03663917
v 0.00420437 0.01265549 0.03665813
v 0.00657087 0.01124812 0.03664675
v 0.00715371 0.01150979 0.03601814
v 0.00762301 0.01180207 0.03536302
v 0.00879757 0.01127206 0.03485696
v 0.01372351 0.00681795 0.03249442
v 0.01395445 0.00665954 0.03223893
v 0.01374920 0.00681947 0.03245551
v 0.01397989 0.00698067 0.03202522
v 0.01321400 0.00677784 0.03324370
v 0.01377366 0.00517680 0.03312999
v 0.01269738 0.00673689 0.03398565
v 0.01241054 0.00685858 0.03430343
v 0.01307205 0.00562310 0.03399720
v 0.01283113 0.00674354 0.03379741
v 0.01274592 0.00674006 0.03391866
v 0.01454543 0.00628558 0.03154001
v 0.01460523 0.00745120 0.03086809
v 0.01458248 0.00740405 0.03092313
v 0.01455018 0.00738219 0.03097846
v 0.01431855 0.00721498 0.03138045
v 0.01466151 0.00756889 0.03073141
v 0.01476608 0.00778700 0.03047948
v 0.01471445 0.00768066 0.03059877
v 0.01434947 0.00482908 0.03237959
v 0.01508506 0.00917356 0.02914300
v 0.01507906 0.00892475 0.02931789
v 0.01506252 0.00843586 0.02964992
v 0.01460219 0.01079581 0.02840167
v 0.01473414 0.01049420 0.02849931
v 0.00755949 0.01851885 0.02329840
v 0.00791294 0.01871190 0.02128963
v 0.00575857 0.01930957 0.02295053
v 0.00616036 0.01955204 0.02056422
v 0.00881341 0.01841792 0.01926603
v 0.00719865 0.01922984 0.01828816
v 0.00588666 0.01867357 0.02522868
v 0.00771398 0.01793325 0.02513636
v 0.00668481 0.01767449 0.02706717
v 0.00880660 0.01771971 0.02346883
v 0.00897569 0.01721667 0.02504528
v 0.00839903 0.01701443 0.02661922
v 0.00960971 0.01639670 0.02630569
v 0.00912264 0.01785512 0.02169552
v 0.00992951 0.01711327 0.02191089
v 0.00994404 0.01757217 0.01984456
v 0.01207971 0.01615133 0.01568179
v 0.01385977 0.01431079 0.01420001
v 0.01296657 0.01455072 0.01326387
v 0.01105310 0.01655355 0.01467993
v 0.01542427 0.01204626 0.01299608
v 0.01457703 0.01217682 0.01212403
v 0.01029996 0.01754239 0.01738359
v 0.00898001 0.01817180 0.01634073
v 0.01129101 0.01682017 0.01803512
v 0.01292952 0.01560543 0.01634409
v 0.01462554 0.01393427 0.01484836
v 0.01614503 0.01181300 0.01362484
v 0.01730603 0.00642134 0.01155687
v 0.01771755 0.00326020 0.01124495
v 0.01692934 0.00326726 0.01042848
v 0.01650865 0.00644569 0.01073696
v 0.01783901 -0.00000057 0.01115376
v 0.01705299 -0.00000057 0.01033587
v 0.01655731 0.00938324 0.01212781
v 0.01574113 0.00944535 0.01129193
v 0.01725395 0.00924793 0.01275039
v 0.01799332 0.00635001 0.01218162
v 0.01840413 0.00323019 0.01187508
v 0.01852740 -0.00000057 0.01178737
v 0.01109738 0.01443600 0.02818840
v 0.00963726 0.01582173 0.02756270
v 0.01013881 0.01483300 0.02877246
v 0.00829315 0.01634276 0.02813436
v 0.01164886 0.01329982 0.02932352
v 0.01244811 0.01293812 0.02871790
v 0.01253012 0.01258419 0.02908782
v 0.01240063 0.01265972 0.02916285
v 0.01201857 0.01276752 0.02954110
v 0.01177250 0.01284568 0.02980526
v 0.01197000 0.01401398 0.02769641
v 0.01321259 0.01256307 0.02817805
v 0.01307784 0.01223609 0.02873012
v 0.01278798 0.01242072 0.02892001
v 0.01357582 0.01194096 0.02843751
v 0.01364305 0.01186958 0.02843467
v 0.01350439 0.01198411 0.02847853
v 0.01365910 0.01185204 0.02843357
v 0.01454168 0.01090682 0.02834823
v 0.01068843 0.01531049 0.02713084
v 0.01370995 0.00246851 0.03409003
v 0.01370722 0.00378398 0.03372807
v 0.01310846 0.00267708 0.03498003
v 0.01304970 0.00412451 0.03462282
v 0.01316568 0.00131653 0.03516275
v 0.01373668 0.00121778 0.03427263
v 0.01319391 -0.00000057 0.03521049
v 0.01254078 -0.00000057 0.03614433
v 0.01422422 0.00228140 0.03330039
v 0.01423216 0.00112381 0.03347330
v 0.01375606 -0.00000057 0.03431910
v 0.01424526 -0.00000057 0.03351564
v 0.01425286 0.00350542 0.03295111
v 0.01674154 0.00720675 0.02893707
v 0.01659703 0.00873328 0.02810921
v 0.01639817 0.00874797 0.02817656
v 0.01652620 0.00720720 0.02901345
v 0.01613161 0.01025868 0.02741644
v 0.01594852 0.01028072 0.02747669
v 0.01669351 0.00573035 0.02977354
v 0.01646233 0.00571517 0.02985911
v 0.01658131 0.00435530 0.03049217
v 0.01633628 0.00432864 0.03058528
v 0.01700918 0.00575969 0.02967371
v 0.01704067 0.00721222 0.02884681
v 0.01691148 0.00440204 0.03038478
v 0.01687837 0.00871744 0.02802804
v 0.01639476 0.01023315 0.02734131
v 0.01111924 0.01602008 0.02369365
v 0.01138354 0.01599788 0.02230565
v 0.01125804 0.01602389 0.02229472
v 0.01099119 0.01602834 0.02370286
v 0.01211158 0.01569116 0.02076155
v 0.01198597 0.01573455 0.02073177
v 0.01116352 0.01573902 0.02489191
v 0.01129641 0.01574478 0.02486393
v 0.01175313 0.01514705 0.02579764
v 0.01148131 0.01578017 0.02481448
v 0.01129454 0.01603540 0.02366854
v 0.01189275 0.01515899 0.02575495
v 0.01209043 0.01520098 0.02568788
v 0.01155380 0.01598558 0.02230811
v 0.01228273 0.01564963 0.02079130
v 0.01481564 0.01419848 0.01750585
v 0.01637136 0.01288305 0.01602668
v 0.01623182 0.01294958 0.01596067
v 0.01468182 0.01426262 0.01744950
v 0.01778265 0.01110194 0.01480149
v 0.01763793 0.01116489 0.01472706
v 0.01332567 0.01511294 0.01912289
v 0.01319688 0.01516920 0.01907830
v 0.01350504 0.01504649 0.01917624
v 0.01500758 0.01411348 0.01757969
v 0.01657726 0.01278790 0.01611845
v 0.01800095 0.01100709 0.01490925
v 0.01956456 0.00608110 0.01340666
v 0.01998124 0.00310656 0.01312683
v 0.01983001 0.00312635 0.01303219
v 0.01941431 0.00611904 0.01331698
v 0.02011245 -0.00000057 0.01305192
v 0.01996101 -0.00000057 0.01295531
v 0.01869119 0.00884330 0.01386388
v 0.01883937 0.00879042 0.01394652
v 0.01906553 0.00870836 0.01406888
v 0.01979503 0.00602118 0.01354104
v 0.02021351 0.00307505 0.01326939
v 0.02034499 -0.00000057 0.01319762
v 0.01406455 0.01308468 0.02666500
v 0.01288597 0.01424969 0.02630511
v 0.01390681 0.01309019 0.02671951
v 0.01273812 0.01424354 0.02635577
v 0.01504750 0.01174869 0.02704209
v 0.01521693 0.01173175 0.02698524
v 0.01429279 0.01309167 0.02658927
v 0.01546227 0.01171716 0.02691061
v 0.01309822 0.01427887 0.02623056
v 0.01652735 0.00202478 0.03124402
v 0.01653328 0.00313282 0.03096645
v 0.01627780 0.00310436 0.03106374
v 0.01626464 0.00200178 0.03134304
v 0.01627454 0.00098032 0.03147179
v 0.01654145 0.00099303 0.03137247
v 0.01655351 -0.00000057 0.03139943
v 0.01628526 -0.00000057 0.03149849
v 0.01689714 0.00101441 0.03126321
v 0.01687772 0.00206367 0.03113351
v 0.01691103 -0.00000057 0.03129112
v 0.01742221 -0.00000057 0.03114756
v 0.01687508 0.00318145 0.03085604
v -0.03934398 -0.02179049 -0.02194785
v -0.04016129 -0.02213206 -0.02341977
v -0.03904873 -0.02303860 -0.02354796
v -0.03831201 -0.02267539 -0.02218593
v -0.03733860 -0.02406016 -0.02365029
v -0.04070088 -0.02250647 -0.02493630
v -0.03955317 -0.02341715 -0.02497201
v -0.03781647 -0.02447883 -0.02502047
v -0.03811835 -0.02155664 -0.02064774
v -0.03724322 -0.02238936 -0.02100778
v -0.03633707 -0.02152406 -0.01963994
v -0.03669277 -0.02362703 -0.02235310
v -0.03582854 -0.02322751 -0.02124565
v -0.03567587 -0.02231695 -0.02010860
v -0.03865658 -0.02077980 -0.02028230
v -0.03996666 -0.02100971 -0.02168675
v -0.04033923 -0.02037547 -0.02142915
v -0.03677482 -0.02075512 -0.01920467
v -0.03706409 -0.02009800 -0.01882196
v -0.04084205 -0.02136167 -0.02327357
v -0.04141973 -0.02175252 -0.02489827
v -0.04125683 -0.02074858 -0.02311718
v -0.04186985 -0.02116098 -0.02484290
v -0.03307498 -0.01543637 -0.04617311
v -0.03253777 -0.01721680 -0.04560902
v -0.03557533 -0.01666395 -0.04462280
v -0.03613539 -0.01494790 -0.04528523
v -0.03818393 -0.01635323 -0.04349818
v -0.03209074 -0.01858785 -0.04513432
v -0.03510952 -0.01798488 -0.04406743
v -0.03766712 -0.01763960 -0.04289290
v -0.03364247 -0.01331982 -0.04674514
v -0.03672819 -0.01290579 -0.04595906
v -0.03418032 -0.01094040 -0.04724368
v -0.03880674 -0.01468084 -0.04422282
v -0.03946617 -0.01268727 -0.04496259
v -0.03729220 -0.01060667 -0.04654861
v -0.03028125 -0.01384200 -0.04743610
v -0.02972716 -0.01604458 -0.04695632
v -0.02671674 -0.01437872 -0.04814698
v -0.03080307 -0.01136826 -0.04778942
v -0.02720631 -0.01181048 -0.04830137
v -0.02920125 -0.01789801 -0.04643623
v -0.02619362 -0.01666693 -0.04775378
v -0.02569582 -0.01859123 -0.04720072
v -0.02876393 -0.01932435 -0.04604238
v -0.03497050 -0.00566010 -0.04780078
v -0.03462862 -0.00837136 -0.04758728
v -0.03776590 -0.00811960 -0.04695824
v -0.03812958 -0.00549157 -0.04721545
v -0.04061729 -0.00799576 -0.04607058
v -0.04009281 -0.01043731 -0.04561325
v -0.03518913 -0.00285404 -0.04790901
v -0.03836356 -0.00276957 -0.04734776
v -0.04101873 -0.00541052 -0.04636198
v -0.04127628 -0.00272950 -0.04651489
v -0.03176006 -0.00296448 -0.04827923
v -0.03155557 -0.00588033 -0.04820001
v -0.02808345 -0.00307103 -0.04846158
v -0.03123221 -0.00869802 -0.04804127
v -0.02789885 -0.00610527 -0.04843638
v -0.02760341 -0.00903570 -0.04838489
v -0.01889928 -0.01767948 -0.04816382
v -0.01858296 -0.01968243 -0.04774366
v -0.02215151 -0.01918955 -0.04753853
v -0.02257599 -0.01721701 -0.04802850
v -0.01832018 -0.02121475 -0.04740788
v -0.02179900 -0.02070134 -0.04717772
v -0.02528230 -0.02007002 -0.04675088
v -0.01923036 -0.01528312 -0.04841724
v -0.02302121 -0.01486367 -0.04837378
v -0.01953742 -0.01257628 -0.04841906
v -0.02343594 -0.01221480 -0.04841906
v -0.01537994 -0.01561925 -0.04843561
v -0.01518846 -0.01804383 -0.04822499
v -0.01150566 -0.01586021 -0.04843883
v -0.01555622 -0.01287049 -0.04841906
v -0.01153781 -0.01308442 -0.04841906
v -0.01500479 -0.02006447 -0.04782507
v -0.01146850 -0.01830082 -0.04822754
v -0.01143166 -0.02032966 -0.04781869
v -0.01485196 -0.02160736 -0.04748786
v -0.01996008 -0.00651484 -0.04841906
v -0.01978168 -0.00963568 -0.04841906
v -0.02376897 -0.00934936 -0.04841906
v -0.02401442 -0.00631673 -0.04841906
v -0.02006957 -0.00327386 -0.04841906
v -0.02416639 -0.00317263 -0.04841906
v -0.01585367 -0.00335800 -0.04841906
v -0.01579364 -0.00667889 -0.04841906
v -0.01157939 -0.00342033 -0.04841906
v -0.01569431 -0.00987116 -0.04841906
v -0.01157287 -0.00680001 -0.04841906
v -0.01155961 -0.01004399 -0.04841906
v -0.00410056 -0.01847012 -0.04809460
v -0.00436145 -0.02049755 -0.04763633
v -0.00776440 -0.01844123 -0.04818659
v -0.00787821 -0.02047204 -0.04776240
v -0.00457713 -0.02204030 -0.04729063
v -0.00797187 -0.02201830 -0.04741651
v -0.01140048 -0.02187621 -0.04747232
v -0.00764326 -0.01599408 -0.04842775
v -0.00382509 -0.01602499 -0.04840191
v -0.00752764 -0.01320501 -0.04841906
v -0.00050141 -0.01839256 -0.04794369
v -0.00008353 -0.01595701 -0.04836119
v 0.00300864 -0.01821362 -0.04772504
v -0.00356571 -0.01323539 -0.04841906
v 0.00030799 -0.01317873 -0.04841906
v 0.00354906 -0.01579424 -0.04830572
v -0.00089839 -0.02041216 -0.04742024
v -0.00122724 -0.02194891 -0.04706488
v 0.00249397 -0.02022183 -0.04709314
v 0.00206681 -0.02175082 -0.04670948
v -0.00319324 -0.00688832 -0.04841906
v -0.00335304 -0.01016844 -0.04841906
v -0.00735559 -0.00686932 -0.04841906
v -0.00743037 -0.01014232 -0.04841906
v -0.00730742 -0.00345611 -0.04841906
v -0.00309245 -0.00346609 -0.04841906
v 0.00086272 -0.00685848 -0.04841906
v 0.00101084 -0.00345097 -0.04841906
v 0.00476085 -0.00678126 -0.04841906
v 0.00494775 -0.00341150 -0.04841906
v 0.00062593 -0.01012462 -0.04841906
v 0.00446007 -0.01001312 -0.04841906
v 0.00405346 -0.01303814 -0.04841906
v 0.00961911 -0.01766560 -0.04699320
v 0.00893075 -0.01964686 -0.04606261
v 0.00640516 -0.01793837 -0.04743884
v 0.00579860 -0.01993196 -0.04666512
v 0.00835688 -0.02116081 -0.04548647
v 0.00529403 -0.02145269 -0.04619462
v 0.00704033 -0.01554077 -0.04822288
v 0.01033803 -0.01529185 -0.04778413
v 0.00763072 -0.01281678 -0.04841906
v 0.01258142 -0.01750034 -0.04577929
v 0.01338996 -0.01514252 -0.04650092
v 0.01522306 -0.01752970 -0.04452191
v 0.01100361 -0.01260384 -0.04806806
v 0.01413601 -0.01247460 -0.04688408
v 0.01614387 -0.01516763 -0.04516003
v 0.01180564 -0.01947139 -0.04503313
v 0.01115786 -0.02098141 -0.04455116
v 0.01433852 -0.01950531 -0.04388999
v 0.01359943 -0.02102078 -0.04335485
v 0.01191696 -0.00654349 -0.04821547
v 0.01153191 -0.00966746 -0.04815912
v 0.00844969 -0.00665816 -0.04841906
v 0.00810295 -0.00983623 -0.04841906
v 0.00866360 -0.00334840 -0.04841906
v 0.01215278 -0.00329443 -0.04824423
v 0.01515043 -0.00647651 -0.04734483
v 0.01540970 -0.00326703 -0.04743388
v 0.01813779 -0.00648575 -0.04632562
v 0.01842875 -0.00327304 -0.04644210
v 0.01472435 -0.00956573 -0.04716721
v 0.01765761 -0.00957893 -0.04609257
v 0.01699178 -0.01249281 -0.04571377
v 0.00739808 -0.01751762 -0.00768184
v 0.00402562 -0.01778744 -0.00733321
v 0.00704704 -0.01883640 -0.00855964
v 0.00380178 -0.01903572 -0.00821777
v 0.00672975 -0.01993121 -0.00918940
v 0.00053134 -0.01787039 -0.00722404
v 0.00043105 -0.01912832 -0.00813705
v 0.00359787 -0.02009274 -0.00886403
v 0.01005805 -0.01867105 -0.00920328
v 0.01056772 -0.01719875 -0.00831728
v 0.01272604 -0.01868035 -0.01018932
v 0.00962994 -0.01983350 -0.00982442
v 0.01217937 -0.01992358 -0.01080353
v 0.00769450 -0.01612702 -0.00652635
v 0.01107557 -0.01550810 -0.00711795
v 0.00777691 -0.01488430 -0.00505631
v 0.01340957 -0.01704002 -0.00931364
v 0.01415835 -0.01503686 -0.00812970
v 0.01121422 -0.01396091 -0.00552785
v 0.00421236 -0.01651838 -0.00619533
v 0.00065045 -0.01659258 -0.00607228
v 0.00430499 -0.01539905 -0.00478913
v 0.00078463 -0.01546714 -0.00467918
v 0.01515415 -0.00575021 -0.00077686
v 0.01660037 -0.00599413 -0.00300314
v 0.01591629 -0.00292779 -0.00063340
v 0.01738634 -0.00303140 -0.00275599
v 0.01829264 -0.00627026 -0.00523206
v 0.01905697 -0.00315375 -0.00489921
v 0.01478479 -0.00286181 0.00142238
v 0.01406740 -0.00561327 0.00137519
v 0.01412980 -0.00285238 0.00336515
v 0.01388964 -0.00836306 -0.00096628
v 0.01288658 -0.00814517 0.00131292
v 0.01210286 -0.01060691 -0.00112039
v 0.01346982 -0.00560461 0.00340686
v 0.01238349 -0.00815768 0.00346116
v 0.01125343 -0.01034772 0.00124782
v 0.01527986 -0.00882066 -0.00335293
v 0.01700959 -0.00931346 -0.00572167
v 0.01332008 -0.01122446 -0.00358263
v 0.01494026 -0.01244927 -0.00636613
v -0.03430051 -0.01507959 -0.01155299
v -0.03781598 -0.01486090 -0.01134188
v -0.03670178 -0.01665010 -0.01371804
v -0.03333490 -0.01694310 -0.01369764
v -0.03579333 -0.01802122 -0.01558835
v -0.04099502 -0.01474425 -0.01167751
v -0.03968462 -0.01647801 -0.01420096
v -0.03862457 -0.01780161 -0.01611681
v -0.03065052 -0.01531797 -0.01187303
v -0.02976963 -0.01727143 -0.01381082
v -0.02702956 -0.01551996 -0.01197610
v -0.03253297 -0.01838931 -0.01545650
v -0.02903946 -0.01879873 -0.01542039
v -0.02619166 -0.01754950 -0.01372867
v -0.03156861 -0.01304970 -0.00984906
v -0.03530464 -0.01289087 -0.00926227
v -0.03241036 -0.01057799 -0.00798093
v -0.02792790 -0.01317673 -0.01013133
v -0.02879210 -0.01064287 -0.00840429
v -0.03901473 -0.01271860 -0.00862120
v -0.03616271 -0.01048067 -0.00716013
v -0.03993934 -0.01033477 -0.00609732
v -0.04242430 -0.01265647 -0.00862390
v -0.02027807 -0.01571219 -0.01073009
v -0.02360121 -0.01562953 -0.01153630
v -0.02278666 -0.01769171 -0.01312225
v -0.01949470 -0.01776875 -0.01218028
v -0.02213687 -0.01931282 -0.01443183
v -0.02550878 -0.01914229 -0.01517912
v -0.01697274 -0.01583347 -0.00973387
v -0.01625587 -0.01785132 -0.01109145
v -0.01361080 -0.01609523 -0.00877089
v -0.01887812 -0.01938158 -0.01336467
v -0.01568690 -0.01941982 -0.01216382
v -0.01301023 -0.01801009 -0.01004448
v -0.01776552 -0.01346335 -0.00818277
v -0.02116133 -0.01333201 -0.00916492
v -0.01876500 -0.01086194 -0.00670581
v -0.01423323 -0.01384458 -0.00723285
v -0.01479645 -0.01110074 -0.00528600
v -0.02450380 -0.01325365 -0.00985887
v -0.02212829 -0.01075430 -0.00767959
v -0.02541770 -0.01069146 -0.00827480
v -0.00656001 -0.01716930 -0.00758585
v -0.01011779 -0.01659933 -0.00806435
v -0.00969786 -0.01831576 -0.00922806
v -0.00633962 -0.01866975 -0.00863969
v -0.00932461 -0.01968971 -0.01010576
v -0.01251761 -0.01949878 -0.01101546
v -0.00300375 -0.01762866 -0.00730701
v -0.00295637 -0.01897346 -0.00827686
v -0.00611223 -0.01991860 -0.00943524
v 0.00035334 -0.02019413 -0.00881385
v -0.00296997 -0.01626002 -0.00610459
v -0.00667264 -0.01559519 -0.00629234
v -0.00279801 -0.01505053 -0.00467935
v -0.01048133 -0.01467262 -0.00663556
v -0.00649327 -0.01419259 -0.00478291
v -0.01035149 -0.01293672 -0.00498319
v -0.03698965 -0.00534190 -0.00449344
v -0.04022628 -0.00523170 -0.00316130
v -0.04023113 -0.00782098 -0.00431151
v -0.03669015 -0.00795270 -0.00558129
v -0.04289658 -0.00497207 -0.00146145
v -0.04320306 -0.00742527 -0.00259360
v -0.04395072 -0.01004334 -0.00480082
v -0.03352590 -0.00538136 -0.00544805
v -0.03306227 -0.00801420 -0.00651069
v -0.03009872 -0.00538930 -0.00596467
v -0.02952758 -0.00804143 -0.00700487
v -0.03380281 -0.00270247 -0.00480269
v -0.03716385 -0.00268321 -0.00386433
v -0.03046990 -0.00270338 -0.00531528
v -0.04026097 -0.00262139 -0.00254425
v -0.04280216 -0.00249283 -0.00088655
v -0.02408586 -0.00541404 -0.00556062
v -0.02697183 -0.00540497 -0.00598286
v -0.02626619 -0.00807032 -0.00696896
v -0.02316277 -0.00810515 -0.00646890
v -0.02138147 -0.00540222 -0.00475596
v -0.02010199 -0.00815022 -0.00557066
v -0.01887322 -0.00531400 -0.00361599
v -0.01726428 -0.00804506 -0.00429673
v -0.02220841 -0.00269196 -0.00424030
v -0.02471866 -0.00271043 -0.00498247
v -0.01988048 -0.00264242 -0.00318310
v -0.02745717 -0.00271014 -0.00535800
v -0.01465566 -0.00490727 -0.00055731
v -0.01657572 -0.00509391 -0.00218790
v -0.01483011 -0.00762923 -0.00266964
v -0.01286241 -0.00724134 -0.00083228
v -0.01241449 -0.00993549 -0.00306934
v -0.01327975 -0.00491939 0.00119013
v -0.01142414 -0.00721999 0.00107245
v -0.01263777 -0.00523632 0.00300423
v -0.01056889 -0.00937843 -0.00106873
v -0.00916949 -0.00933002 0.00097746
v -0.01067054 -0.00766662 0.00304348
v -0.01454565 -0.00249174 0.00129176
v -0.01584138 -0.00247777 -0.00034774
v -0.01400944 -0.00265596 0.00298669
v -0.01768889 -0.00254951 -0.00186247
v -0.00492869 -0.02607528 -0.04550396
v -0.00491754 -0.02529005 -0.04606304
v -0.00175222 -0.02521052 -0.04585076
v -0.00177709 -0.02600672 -0.04529465
v 0.00128367 -0.02586052 -0.04493011
v -0.00488119 -0.02461767 -0.04647768
v -0.00169456 -0.02452867 -0.04626041
v 0.00134270 -0.02504159 -0.04548554
v -0.00488533 -0.02689008 -0.04480129
v -0.00172949 -0.02683146 -0.04458980
v -0.00475813 -0.02765113 -0.04395591
v 0.00131192 -0.02670738 -0.04422105
v -0.00156975 -0.02759891 -0.04373393
v -0.00812475 -0.02685998 -0.04490720
v -0.00814947 -0.02604783 -0.04560795
v -0.01141693 -0.02671788 -0.04495915
v -0.00804412 -0.02762024 -0.04407123
v -0.01138590 -0.02747771 -0.04413186
v -0.00813882 -0.02526600 -0.04616980
v -0.00811335 -0.02459672 -0.04658907
v -0.01141777 -0.02590594 -0.04565653
v -0.01140165 -0.02512418 -0.04621846
v -0.04134724 -0.02311232 -0.02775635
v -0.04210263 -0.02238269 -0.02786662
v -0.04147092 -0.02330996 -0.02912940
v -0.04222734 -0.02258477 -0.02928762
v -0.04147287 -0.02341491 -0.03052413
v -0.04258730 -0.02181986 -0.02795724
v -0.04271284 -0.02202523 -0.02942932
v -0.04222057 -0.02268666 -0.03071805
v -0.04029630 -0.02421084 -0.02901258
v -0.04017067 -0.02401901 -0.02767251
v -0.03855624 -0.02529741 -0.02899510
v -0.04030822 -0.02430893 -0.03038829
v -0.04109337 -0.02283886 -0.02637024
v -0.03992505 -0.02374920 -0.02633626
v -0.03842247 -0.02511306 -0.02766120
v -0.03817682 -0.02483500 -0.02634688
v -0.04183668 -0.02209907 -0.02641640
v -0.04230982 -0.02152492 -0.02644233
v -0.00378118 -0.03150691 -0.03337016
v -0.00372058 -0.03075918 -0.03601241
v -0.00014692 -0.03062805 -0.03572730
v -0.00018850 -0.03133678 -0.03310798
v 0.00323382 -0.03041205 -0.03534027
v -0.00376564 -0.03000413 -0.03836143
v -0.00023914 -0.02990690 -0.03806362
v 0.00308443 -0.02974850 -0.03763567
v -0.00390710 -0.03210539 -0.03060104
v -0.00031887 -0.03189608 -0.03036160
v -0.00049300 -0.03216895 -0.02764406
v 0.00323031 -0.03105412 -0.03278047
v 0.00311896 -0.03154947 -0.03009915
v 0.00294484 -0.03177286 -0.02743917
v -0.00759631 -0.03216612 -0.03087291
v -0.00748562 -0.03154338 -0.03361908
v -0.01133711 -0.03206703 -0.03123264
v -0.00405797 -0.03241264 -0.02787144
v -0.00771268 -0.03250057 -0.02817787
v -0.01141969 -0.03242934 -0.02861990
v -0.00741460 -0.03077474 -0.03624385
v -0.01123972 -0.03142508 -0.03390683
v -0.01115642 -0.03064407 -0.03646985
v -0.00741725 -0.03000259 -0.03857471
v -0.01802351 -0.02522666 -0.04565827
v -0.01800433 -0.02444592 -0.04620724
v -0.01469158 -0.02485041 -0.04625647
v -0.01471193 -0.02563122 -0.04569963
v -0.01799889 -0.02377618 -0.04661724
v -0.01467713 -0.02418127 -0.04667343
v -0.01138175 -0.02445490 -0.04663938
v -0.01805526 -0.02603380 -0.04497559
v -0.01473101 -0.02644049 -0.04500879
v -0.01809835 -0.02678275 -0.04416449
v -0.01474165 -0.02719504 -0.04418981
v -0.02137790 -0.02550378 -0.04477901
v -0.02134407 -0.02469528 -0.04545345
v -0.02468718 -0.02485639 -0.04433852
v -0.02144298 -0.02625135 -0.04397532
v -0.02133557 -0.02391196 -0.04599420
v -0.02466517 -0.02404008 -0.04500620
v -0.02468101 -0.02324978 -0.04554075
v -0.02134647 -0.02323994 -0.04639680
v -0.00422903 -0.02883003 -0.04176013
v -0.00769949 -0.02880665 -0.04192093
v -0.00451776 -0.02827514 -0.04296867
v -0.00788702 -0.02824638 -0.04310371
v -0.01122249 -0.02866336 -0.04202124
v -0.01131148 -0.02810315 -0.04318023
v -0.00125817 -0.02822326 -0.04272479
v -0.00087744 -0.02877142 -0.04149096
v 0.00183728 -0.02812454 -0.04232174
v 0.00147920 -0.02749208 -0.04335329
v -0.00395672 -0.02938372 -0.04025086
v -0.00051020 -0.02931033 -0.03996104
v 0.00228897 -0.02866876 -0.04106553
v 0.00273709 -0.02918875 -0.03952380
v -0.00752755 -0.02936931 -0.04043917
v -0.01114777 -0.02922748 -0.04057186
v -0.01111613 -0.02986467 -0.03874907
v 0.01647744 -0.02707531 -0.02255402
v 0.01726206 -0.02649039 -0.02257484
v 0.01676144 -0.02593862 -0.02055925
v 0.01600915 -0.02652477 -0.02058411
v 0.01537377 -0.02585381 -0.01865629
v 0.01779136 -0.02600164 -0.02258607
v 0.01725999 -0.02544567 -0.02052191
v 0.01609190 -0.02526457 -0.01858581
v 0.01532746 -0.02773242 -0.02252854
v 0.01489025 -0.02717423 -0.02058682
v 0.01370204 -0.02843769 -0.02250334
v 0.01428953 -0.02649451 -0.01869125
v 0.01329194 -0.02785714 -0.02055768
v 0.01560382 -0.02815116 -0.02452822
v 0.01677828 -0.02748820 -0.02457128
v 0.01572201 -0.02841258 -0.02659765
v 0.01396205 -0.02886811 -0.02452083
v 0.01759108 -0.02690107 -0.02463028
v 0.01691126 -0.02774621 -0.02664115
v 0.01774588 -0.02715186 -0.02672327
v 0.01814790 -0.02641160 -0.02468552
v -0.01869883 -0.03066686 -0.03465132
v -0.02238040 -0.03003915 -0.03490052
v -0.01855907 -0.02987042 -0.03696054
v -0.02220654 -0.02926422 -0.03704575
v -0.02201535 -0.02851153 -0.03899301
v -0.02601434 -0.02925385 -0.03492935
v -0.02580923 -0.02853631 -0.03690455
v -0.02557082 -0.02783445 -0.03871524
v -0.01487347 -0.03033650 -0.03673866
v -0.01498136 -0.03113087 -0.03428550
v -0.01841872 -0.02909301 -0.03903803
v -0.01478447 -0.02955277 -0.03893011
v -0.01880869 -0.03134719 -0.03226206
v -0.01508010 -0.03179689 -0.03173564
v -0.01885929 -0.03177625 -0.02994445
v -0.01514160 -0.03219559 -0.02925411
v -0.02250630 -0.03070946 -0.03269200
v -0.02615638 -0.02987522 -0.03290559
v -0.02255366 -0.03114828 -0.03055484
v -0.02620559 -0.03028863 -0.03094925
v 0.00565026 -0.02293095 -0.01077304
v 0.00590119 -0.02231692 -0.01042703
v 0.00297618 -0.02241699 -0.01014531
v 0.00279238 -0.02303051 -0.01050768
v -0.00004774 -0.02252699 -0.01014454
v 0.00614490 -0.02182600 -0.01020693
v 0.00317353 -0.02193596 -0.00991583
v 0.00010199 -0.02204843 -0.00991028
v 0.00547758 -0.02365667 -0.01131634
v 0.00271001 -0.02377761 -0.01107927
v 0.00281691 -0.02465941 -0.01193642
v -0.00018046 -0.02314295 -0.01051045
v -0.00022403 -0.02390428 -0.01108307
v -0.00010628 -0.02481893 -0.01193744
v 0.00788616 -0.02360863 -0.01180035
v 0.00824618 -0.02292888 -0.01133107
v 0.00987763 -0.02375979 -0.01257825
v 0.00553018 -0.02448884 -0.01213945
v 0.00780909 -0.02435190 -0.01252601
v 0.00930999 -0.02428655 -0.01294491
v 0.00859445 -0.02232088 -0.01101984
v 0.01046678 -0.02312369 -0.01221651
v 0.01092316 -0.02252298 -0.01195384
v 0.00888242 -0.02181758 -0.01081297
v 0.01667470 -0.02775784 -0.03090666
v 0.01687601 -0.02783209 -0.02876890
v 0.01568471 -0.02849878 -0.02874861
v 0.01549364 -0.02842822 -0.03091654
v 0.01405910 -0.02918906 -0.02883411
v 0.01407879 -0.02912601 -0.02662584
v 0.01630949 -0.02753546 -0.03300660
v 0.01515054 -0.02821939 -0.03303684
v 0.01578257 -0.02717695 -0.03502085
v 0.01390025 -0.02908864 -0.03106368
v 0.01359953 -0.02885621 -0.03323263
v 0.01465714 -0.02789073 -0.03504493
v 0.01715072 -0.02687142 -0.03308081
v 0.01752527 -0.02712719 -0.03098175
v 0.01812721 -0.02658600 -0.03108951
v 0.01660058 -0.02646649 -0.03511546
v 0.01774855 -0.02629428 -0.03319837
v 0.01772381 -0.02722396 -0.02885150
v 0.01831887 -0.02670936 -0.02895298
v 0.01832519 -0.02665450 -0.02681094
v -0.04292158 -0.02106472 -0.03415227
v -0.04325130 -0.02124891 -0.03258454
v -0.04344011 -0.02049004 -0.03419049
v -0.04381979 -0.02067427 -0.03256041
v -0.04429350 -0.01960304 -0.03421859
v -0.04344532 -0.02130140 -0.03100859
v -0.04406176 -0.02072478 -0.03091006
v -0.04475079 -0.01977986 -0.03247514
v -0.04246443 -0.02076136 -0.03568216
v -0.04293124 -0.02018681 -0.03577355
v -0.04188811 -0.02035132 -0.03714459
v -0.04370322 -0.01930750 -0.03589941
v -0.04230166 -0.01977927 -0.03728279
v -0.04216058 -0.02119425 -0.03557842
v -0.04258464 -0.02148920 -0.03407478
v -0.04187747 -0.02164857 -0.03541550
v -0.04161637 -0.02079041 -0.03701653
v -0.04135779 -0.02126062 -0.03683645
v -0.04288244 -0.02166533 -0.03253819
v -0.04304782 -0.02171269 -0.03100126
v -0.04227606 -0.02192559 -0.03392886
v -0.04255033 -0.02208509 -0.03241199
v -0.03085803 -0.02221225 -0.01865320
v -0.02754500 -0.02267097 -0.01825504
v -0.02774693 -0.02191874 -0.01790271
v -0.03110269 -0.02144776 -0.01823907
v -0.02795859 -0.02130586 -0.01765025
v -0.02415524 -0.02304648 -0.01765869
v -0.02433448 -0.02230859 -0.01736502
v -0.02452130 -0.02171513 -0.01716771
v -0.03385285 -0.02178627 -0.01904496
v -0.03418441 -0.02101883 -0.01859833
v -0.03133715 -0.02081444 -0.01792237
v -0.03444349 -0.02036908 -0.01823071
v -0.03344341 -0.02259463 -0.01958351
v -0.03065491 -0.02305486 -0.01921353
v -0.03327630 -0.02336555 -0.02029103
v -0.03497383 -0.02295949 -0.02052725
v -0.02741939 -0.02353010 -0.01877969
v -0.03062640 -0.02392215 -0.01998489
v -0.02743668 -0.02446371 -0.01954912
v -0.02405464 -0.02489300 -0.01887754
v 0.01353575 -0.02430056 -0.01500372
v 0.01417119 -0.02370500 -0.01485405
v 0.01275448 -0.02301734 -0.01325915
v 0.01219871 -0.02361474 -0.01346409
v 0.01457254 -0.02319163 -0.01470518
v 0.01312118 -0.02250133 -0.01308737
v 0.01125240 -0.02200969 -0.01176332
v 0.01256543 -0.02492486 -0.01512476
v 0.01139391 -0.02423648 -0.01369694
v 0.01112893 -0.02551355 -0.01514907
v 0.01015820 -0.02478193 -0.01379771
v 0.01352261 -0.02571113 -0.01683005
v 0.01457171 -0.02507966 -0.01676532
v 0.01199423 -0.02633506 -0.01681888
v 0.01272495 -0.02714881 -0.01866809
v 0.01525608 -0.02448705 -0.01665685
v 0.01569027 -0.02397971 -0.01653683
v 0.01655816 -0.02476469 -0.01850238
v -0.00604348 -0.02318246 -0.01124585
v -0.00600687 -0.02252932 -0.01089376
v -0.00896798 -0.02249142 -0.01164024
v -0.00896027 -0.02316903 -0.01197662
v -0.01193407 -0.02247399 -0.01263227
v -0.00595284 -0.02202336 -0.01066558
v -0.00896073 -0.02196473 -0.01142212
v -0.01197198 -0.02192798 -0.01242840
v -0.00602644 -0.02399755 -0.01179577
v -0.00892016 -0.02401266 -0.01250638
v -0.00591952 -0.02498937 -0.01261746
v -0.01188500 -0.02317315 -0.01294820
v -0.01182576 -0.02403909 -0.01345431
v -0.00883020 -0.02503742 -0.01330464
v -0.00313195 -0.02396951 -0.01132162
v -0.00312131 -0.02318369 -0.01075682
v -0.00301499 -0.02492273 -0.01216310
v -0.00303778 -0.02255281 -0.01039461
v -0.00293603 -0.02206441 -0.01016092
v 0.01935951 -0.01837112 -0.04142138
v 0.01816425 -0.02040251 -0.04072047
v 0.01644460 -0.01985380 -0.04244007
v 0.01747496 -0.01785525 -0.04312029
v 0.01716675 -0.02195588 -0.04012563
v 0.01558408 -0.02138516 -0.04186369
v 0.02060423 -0.01593083 -0.04212881
v 0.01854754 -0.01546170 -0.04380740
v 0.01953478 -0.01274536 -0.04440449
v 0.02231719 -0.01647669 -0.04014779
v 0.02089912 -0.01896950 -0.03945826
v 0.02368967 -0.01700094 -0.03788795
v 0.02175010 -0.01315076 -0.04274320
v 0.02362283 -0.01362380 -0.04074303
v 0.02513805 -0.01407932 -0.03841711
v 0.01953780 -0.02103709 -0.03877250
v 0.02211617 -0.01954257 -0.03726397
v 0.02060558 -0.02164315 -0.03663743
v 0.01840238 -0.02261427 -0.03818860
v 0.02329614 -0.00684632 -0.04342581
v 0.02264880 -0.01010003 -0.04316503
v 0.02086681 -0.00662356 -0.04506829
v 0.02030908 -0.00977843 -0.04481461
v 0.02120435 -0.00334339 -0.04519606
v 0.02368792 -0.00345727 -0.04355706
v 0.02583088 -0.00359069 -0.04150971
v 0.02538447 -0.00710708 -0.04139018
v 0.02758467 -0.00371961 -0.03903863
v 0.02598128 -0.00000057 -0.04153828
v 0.02464685 -0.01047603 -0.04114589
v 0.02709044 -0.00735891 -0.03895339
v 0.02627327 -0.01083872 -0.03875924
v 0.02364350 -0.02027974 -0.03233195
v 0.02194107 -0.02241691 -0.03196634
v 0.02140797 -0.02210633 -0.03435656
v 0.02303306 -0.01998249 -0.03487159
v 0.02052010 -0.02403760 -0.03164045
v 0.02005234 -0.02371935 -0.03390941
v 0.01934594 -0.02324165 -0.03610055
v 0.02541446 -0.01768061 -0.03267010
v 0.02472492 -0.01740527 -0.03537282
v 0.02704102 -0.01467402 -0.03291359
v 0.02628085 -0.01443211 -0.03577856
v 0.02574978 -0.01781788 -0.02984742
v 0.02394120 -0.02042476 -0.02969591
v 0.02572241 -0.01780801 -0.02697247
v 0.02740837 -0.01479692 -0.02990838
v 0.02220104 -0.02256515 -0.02950326
v 0.02391990 -0.02040800 -0.02701430
v 0.02218401 -0.02254135 -0.02700377
v 0.02074771 -0.02418667 -0.02931891
v 0.02921984 -0.00769024 -0.03297567
v 0.02831026 -0.01131449 -0.03299525
v 0.02837275 -0.00755485 -0.03610743
v 0.02749812 -0.01112042 -0.03600711
v 0.02890073 -0.00382003 -0.03612846
v 0.02976745 -0.00388953 -0.03291544
v 0.02962019 -0.00776042 -0.02968146
v 0.03017326 -0.00392570 -0.02953583
v 0.02956227 -0.00776070 -0.02634818
v 0.03010656 -0.00392615 -0.02612586
v 0.02869853 -0.01141429 -0.02982935
v 0.02865179 -0.01141321 -0.02661515
v 0.02737267 -0.01479265 -0.02684914
v 0.02292757 -0.01988713 -0.02170945
v 0.02132640 -0.02197391 -0.02203969
v 0.02357329 -0.02021994 -0.02433796
v 0.02188613 -0.02233578 -0.02450434
v 0.01998975 -0.02355514 -0.02229342
v 0.02047642 -0.02393822 -0.02461912
v 0.02532383 -0.01764194 -0.02411290
v 0.02458958 -0.01734639 -0.02131760
v 0.02692372 -0.01465307 -0.02382206
v 0.02200891 -0.01943616 -0.01917127
v 0.02355516 -0.01694807 -0.01863547
v 0.02084349 -0.01889361 -0.01676597
v 0.02610878 -0.01440331 -0.02087908
v 0.02497512 -0.01406850 -0.01807214
v 0.02225608 -0.01647370 -0.01611539
v 0.02052382 -0.02148122 -0.01964454
v 0.01928738 -0.02303172 -0.02002026
v 0.01949742 -0.02088318 -0.01735359
v 0.01838304 -0.02239216 -0.01782693
v 0.02811277 -0.00755267 -0.01997951
v 0.02728152 -0.01110951 -0.02040883
v 0.02903453 -0.00768643 -0.02309918
v 0.02815890 -0.01130460 -0.02345838
v 0.02955578 -0.00388845 -0.02282180
v 0.02860753 -0.00382046 -0.01966379
v 0.02687278 -0.00737448 -0.01703420
v 0.02734845 -0.00373002 -0.01669197
v 0.02539035 -0.00716695 -0.01430827
v 0.02586519 -0.00362498 -0.01394648
v 0.02608132 -0.01084897 -0.01751632
v 0.02462001 -0.01054402 -0.01483066
v 0.02356999 -0.01367376 -0.01545318
v 0.01779465 -0.01770716 -0.01251722
v 0.01676835 -0.01954627 -0.01324950
v 0.01945752 -0.01828604 -0.01453608
v 0.01826617 -0.02020526 -0.01520157
v 0.01593924 -0.02093808 -0.01382955
v 0.01729045 -0.02166064 -0.01574075
v 0.02072788 -0.01595002 -0.01380627
v 0.01891093 -0.01546046 -0.01168319
v 0.02194065 -0.01324422 -0.01307413
v 0.01579861 -0.01725066 -0.01074501
v 0.01674561 -0.01508853 -0.00972122
v 0.02003806 -0.01284535 -0.01085435
v 0.01781316 -0.01254263 -0.00871321
v 0.01494223 -0.01900503 -0.01155841
v 0.01425901 -0.02032541 -0.01216120
v 0.02196913 -0.00672032 -0.00956843
v 0.02109697 -0.00990099 -0.01013768
v 0.02374125 -0.00694512 -0.01184677
v 0.02295923 -0.01021570 -0.01240164
v 0.02424436 -0.00351319 -0.01146748
v 0.02253602 -0.00339629 -0.00918194
v 0.02011758 -0.00650385 -0.00739202
v 0.02079021 -0.00327593 -0.00701686
v 0.01903119 -0.00963691 -0.00794714
v -0.01934314 -0.00988598 0.01473791
v -0.01809584 -0.00951912 0.01260865
v -0.01506507 -0.01356887 0.01361852
v -0.01622121 -0.01404415 0.01581622
v -0.01144145 -0.01676719 0.01482708
v -0.01671312 -0.00888020 0.01056877
v -0.01383723 -0.01271124 0.01145062
v -0.01042887 -0.01581176 0.01249883
v -0.01728130 -0.01415979 0.01805997
v -0.02043344 -0.00999074 0.01697204
v -0.01822099 -0.01393845 0.02036601
v -0.01245760 -0.01726091 0.01711651
v -0.01345426 -0.01733759 0.01938176
v -0.01440834 -0.01704189 0.02163752
v -0.02148611 -0.00510018 0.01399786
v -0.02258513 -0.00516086 0.01622983
v -0.02134515 -0.00984339 0.01932658
v -0.02346906 -0.00508725 0.01862130
v -0.02018961 -0.00490175 0.01191150
v -0.01871328 -0.00456214 0.00995683
v 0.01396845 -0.00596812 0.00695417
v 0.01349111 -0.00574553 0.00527203
v 0.01450613 -0.00302643 0.00675999
v 0.01408929 -0.00291840 0.00514874
v 0.01522317 -0.00314306 0.00818579
v 0.01473903 -0.00620447 0.00843672
v 0.01608329 -0.00323486 0.00941299
v 0.01304978 -0.00874144 0.00726464
v 0.01388726 -0.00910370 0.00886049
v 0.01173323 -0.01126222 0.00768154
v 0.01564004 -0.00638668 0.00970317
v 0.01483969 -0.00937355 0.01021282
v 0.01263422 -0.01175966 0.00946124
v 0.01249321 -0.00839127 0.00545497
v 0.01109490 -0.01076492 0.00568058
v 0.01088103 -0.01041200 0.00351661
v 0.00791995 -0.01521211 0.00872923
v 0.00717448 -0.01433852 0.00616158
v 0.01000188 -0.01344628 0.00819498
v 0.00929548 -0.01277579 0.00593195
v 0.00675370 -0.01365567 0.00358737
v 0.00897268 -0.01226800 0.00356177
v 0.01094626 -0.01409126 0.01024311
v 0.00887631 -0.01605601 0.01115440
v 0.01198302 -0.01452253 0.01196865
v 0.01363609 -0.01211299 0.01096147
v 0.00555163 -0.01647819 0.00920857
v 0.00293718 -0.01711636 0.00945554
v 0.00370628 -0.01852824 0.01275133
v 0.00995141 -0.01659521 0.01321274
v 0.00647727 -0.01761139 0.01214333
v 0.00761213 -0.01832406 0.01467209
v 0.00481139 -0.01536775 0.00632195
v 0.00228572 -0.01577814 0.00636557
v 0.00431931 -0.01450499 0.00358406
v -0.00281235 -0.01618515 0.00886533
v -0.00297322 -0.01455707 0.00600806
v -0.00032301 -0.01548431 0.00624495
v 0.00011684 -0.01699845 0.00929271
v -0.00338342 -0.01328737 0.00333802
v -0.00081464 -0.01430857 0.00345350
v 0.00176478 -0.01474596 0.00354254
v -0.00285404 -0.01785759 0.01180968
v 0.00052046 -0.01857742 0.01251982
v -0.00311403 -0.01923031 0.01470117
v 0.00065358 -0.01982761 0.01569011
v -0.00619105 -0.01646736 0.01098181
v -0.00575336 -0.01473717 0.00831865
v -0.00944292 -0.01434996 0.01011705
v -0.00683132 -0.01793823 0.01360987
v -0.00562333 -0.01306719 0.00570291
v -0.00865381 -0.01267635 0.00772788
v -0.00823174 -0.01108546 0.00537746
v -0.00590601 -0.01177694 0.00321714
v -0.00809816 -0.01824212 0.02837905
v -0.00690440 -0.01894236 0.02653327
v -0.00423720 -0.01842660 0.02951952
v -0.00259985 -0.01890223 0.02794264
v -0.00093747 -0.01813914 0.03057085
v -0.00577480 -0.01951487 0.02454234
v -0.00119778 -0.01934959 0.02611900
v 0.00097965 -0.01837735 0.02928893
v -0.00556578 -0.01778340 0.03107229
v -0.00913890 -0.01740384 0.03015785
v -0.00660944 -0.01697431 0.03263652
v -0.00242665 -0.01769379 0.03189311
v -0.00359449 -0.01703659 0.03327660
v -0.01212115 -0.01735674 0.02722979
v -0.01289367 -0.01638766 0.02921604
v -0.01604483 -0.01556206 0.02613393
v -0.00995141 -0.01645244 0.03190111
v -0.01342146 -0.01534585 0.03113556
v -0.01657770 -0.01456745 0.02831303
v -0.01119816 -0.01818971 0.02517229
v -0.01021897 -0.01882317 0.02303908
v -0.01529679 -0.01641847 0.02389850
v -0.00495378 -0.01268871 -0.00117327
v -0.00583765 -0.01320665 -0.00308129
v -0.00243088 -0.01418319 -0.00304095
v -0.00193419 -0.01372545 -0.00115939
v 0.00093014 -0.01466629 -0.00304220
v -0.00408965 -0.01269010 0.00095537
v -0.00137357 -0.01374476 0.00099542
v 0.00112000 -0.01424350 -0.00114029
v 0.00138721 -0.01425224 0.00104761
v -0.00670648 -0.01118596 0.00094390
v -0.00788235 -0.01121696 -0.00116273
v -0.00834690 -0.00987184 0.00311194
v -0.00929126 -0.01179269 -0.00314866
v 0.00706847 -0.01350724 -0.00114185
v 0.00748594 -0.01400919 -0.00323481
v 0.00977389 -0.01232239 -0.00115791
v 0.01061630 -0.01291900 -0.00346954
v 0.00917909 -0.01211113 0.00119218
v 0.00677138 -0.01338399 0.00114255
v 0.00415237 -0.01415918 -0.00113521
v 0.00413814 -0.01411483 0.00109550
v 0.00424649 -0.01459996 -0.00309958
v -0.04577381 -0.01498880 -0.01501032
v -0.04398054 -0.01670342 -0.01732036
v -0.04209773 -0.01651243 -0.01547531
v -0.04363574 -0.01481201 -0.01299774
v -0.04249143 -0.01806050 -0.01906341
v -0.04083073 -0.01783765 -0.01734278
v -0.04763785 -0.01303718 -0.01219046
v -0.04525879 -0.01282808 -0.00996838
v -0.04927085 -0.01105466 -0.00891193
v -0.04679418 -0.01081683 -0.00664895
v -0.04968108 -0.01308750 -0.01482599
v -0.04744487 -0.01519922 -0.01742298
v -0.05108667 -0.01318169 -0.01777601
v -0.05157166 -0.01093530 -0.01152406
v -0.05379798 -0.01030805 -0.01470137
v -0.04537246 -0.01700106 -0.01951537
v -0.04857925 -0.01546760 -0.02003479
v -0.04631290 -0.01735539 -0.02183960
v -0.04368630 -0.01840130 -0.02107583
v -0.05104072 -0.00761940 -0.00157797
v -0.05037103 -0.00924734 -0.00522587
v -0.04806921 -0.00903443 -0.00330122
v -0.04903776 -0.00747367 -0.00018633
v -0.04616554 -0.00820025 -0.00163508
v -0.05138227 -0.00617501 0.00158606
v -0.04965376 -0.00612731 0.00243456
v -0.05152148 -0.00485835 0.00405096
v -0.04736758 -0.00681911 0.00103773
v -0.04992913 -0.00491085 0.00446747
v -0.04879722 -0.00489861 0.00435660
v -0.05309468 -0.00597753 0.00039898
v -0.05303312 -0.00734895 -0.00305790
v -0.05454337 -0.00542277 -0.00053379
v -0.05307310 -0.00476625 0.00295483
v -0.05412867 -0.00466472 0.00169453
v -0.05260723 -0.00901200 -0.00731681
v -0.05473458 -0.00660369 -0.00421377
v -0.05451764 -0.00815687 -0.00894225
v -0.00052232 -0.01477235 0.03632570
v -0.00276710 -0.01501628 0.03638512
v -0.00206948 -0.01600233 0.03505005
v 0.00009083 -0.01558798 0.03521528
v -0.00110548 -0.01676444 0.03375619
v -0.00526847 -0.01503560 0.03626822
v -0.00454757 -0.01616284 0.03474222
v 0.00143837 -0.01433734 0.03620289
v 0.00198202 -0.01498836 0.03528194
v 0.00315984 -0.01375974 0.03607473
v 0.00095848 -0.01623598 0.03410099
v 0.00269834 -0.01552934 0.03433674
v 0.00365273 -0.01427204 0.03529397
v 0.00116274 -0.01362077 0.03700971
v -0.00074771 -0.01382080 0.03734469
v -0.00030035 -0.01279663 0.03812430
v 0.00276803 -0.01322614 0.03676211
v 0.00141964 -0.01284719 0.03760510
v 0.00255710 -0.01279012 0.03722754
v -0.00309954 -0.01380650 0.03771089
v -0.00253042 -0.01253537 0.03874283
v -0.00573979 -0.01361790 0.03783290
v -0.04918265 -0.01617168 -0.02518906
v -0.04702627 -0.01804315 -0.02622603
v -0.04684129 -0.01771650 -0.02407232
v -0.04910721 -0.01581829 -0.02264481
v -0.04523312 -0.01947850 -0.02706316
v -0.04499706 -0.01916134 -0.02516463
v -0.04449497 -0.01879120 -0.02317719
v -0.05142179 -0.01393349 -0.02405778
v -0.05155275 -0.01352236 -0.02094154
v -0.05341667 -0.01141969 -0.02304414
v -0.05374962 -0.01097117 -0.01944783
v -0.05103626 -0.01423904 -0.02685991
v -0.04895946 -0.01644819 -0.02760361
v -0.05046326 -0.01441251 -0.02946009
v -0.05289050 -0.01173406 -0.02617309
v -0.05220971 -0.01190815 -0.02902014
v -0.04693649 -0.01829411 -0.02831322
v -0.04852270 -0.01660560 -0.02991874
v -0.04664059 -0.01842818 -0.03034641
v -0.04524372 -0.01970946 -0.02889775
v -0.05576500 -0.00588712 -0.02192951
v -0.05484032 -0.00872135 -0.02236012
v -0.05526954 -0.00830715 -0.01864900
v -0.05621999 -0.00556856 -0.01827087
v -0.05558598 -0.00761713 -0.01438952
v -0.05626301 -0.00296566 -0.02167611
v -0.05670840 -0.00279364 -0.01803930
v -0.05651745 -0.00509475 -0.01414403
v -0.05697491 -0.00255260 -0.01396612
v -0.05565508 -0.00307674 -0.02501059
v -0.05515104 -0.00609579 -0.02524576
v -0.05490100 -0.00313498 -0.02817679
v -0.05424580 -0.00900060 -0.02563415
v -0.05439566 -0.00620638 -0.02836197
v -0.05350954 -0.00915177 -0.02864860
v -0.00424314 -0.02016548 0.01993307
v -0.00360801 -0.01995927 0.01739986
v 0.00028196 -0.02035536 0.01856746
v -0.00024430 -0.02032678 0.02124755
v 0.00367875 -0.02016964 0.01962248
v 0.00470616 -0.01979468 0.01649072
v -0.00492656 -0.01996996 0.02232809
v -0.00057507 -0.01990798 0.02382603
v 0.00321895 -0.01995798 0.02230650
v 0.00321617 -0.01935913 0.02492450
v -0.00838958 -0.01922244 0.01852240
v -0.00927782 -0.01919374 0.02082555
v -0.00756912 -0.01883026 0.01612030
v -0.04725282 -0.01645865 -0.03431871
v -0.04563498 -0.01824160 -0.03426569
v -0.04620719 -0.01840411 -0.03233810
v -0.04795741 -0.01660172 -0.03216473
v -0.04506942 -0.01982099 -0.03069341
v -0.04893528 -0.01430710 -0.03436454
v -0.04976985 -0.01442739 -0.03197045
v -0.05047061 -0.01183990 -0.03439008
v -0.05141293 -0.01193583 -0.03177071
v -0.04793875 -0.01407505 -0.03661590
v -0.04639816 -0.01619850 -0.03635783
v -0.04675949 -0.01375465 -0.03869804
v -0.04935318 -0.01164315 -0.03684353
v -0.04803105 -0.01136837 -0.03909634
v -0.04492259 -0.01796036 -0.03610659
v -0.04538265 -0.01584338 -0.03825922
v -0.04406866 -0.01758007 -0.03783820
v -0.04298563 -0.01891020 -0.03749328
v -0.05247467 -0.00618297 -0.03435659
v -0.05164709 -0.00910996 -0.03438224
v -0.05265508 -0.00918174 -0.03158095
v -0.05351642 -0.00623074 -0.03142051
v -0.05296324 -0.00312461 -0.03432872
v -0.05401711 -0.00314847 -0.03130876
v -0.05169921 -0.00307080 -0.03715887
v -0.05123170 -0.00607719 -0.03710541
v -0.05018482 -0.00299442 -0.03972141
v -0.05045026 -0.00895592 -0.03700351
v -0.04974890 -0.00592750 -0.03960221
v -0.04902925 -0.00873907 -0.03939579
v 0.02732073 -0.00626145 0.02926907
v 0.02607182 -0.00665327 0.02875335
v 0.02716273 -0.00709499 0.02862590
v 0.02578587 -0.00755518 0.02809233
v 0.02680865 -0.00801805 0.02776567
v 0.02482489 -0.00692261 0.02832477
v 0.02446413 -0.00788796 0.02765727
v 0.02532757 -0.00854115 0.02725596
v 0.02850782 -0.00646960 0.02919757
v 0.02847251 -0.00571786 0.02979604
v 0.02963443 -0.00558930 0.02974973
v 0.02828939 -0.00735657 0.02831883
v 0.02977666 -0.00640447 0.02889337
v 0.02737400 -0.00544773 0.02974300
v 0.02835267 -0.00502911 0.03018460
v 0.02740189 -0.00457432 0.03010423
v 0.02941293 -0.00496156 0.03028047
v 0.02911697 -0.00442740 0.03058114
v 0.02826954 -0.00429193 0.03046858
v 0.02624375 -0.00576279 0.02927145
v 0.02506399 -0.00597913 0.02887089
v 0.02635999 -0.00481110 0.02967901
v 0.02523504 -0.00498079 0.02931288
v -0.04275704 -0.01501325 -0.04157662
v -0.04182817 -0.01669024 -0.04091099
v -0.04419554 -0.01541542 -0.04000002
v -0.04307187 -0.01712044 -0.03943791
v -0.04106238 -0.01797787 -0.04036082
v -0.04214642 -0.01842811 -0.03897585
v -0.04537672 -0.01336931 -0.04058452
v -0.04373632 -0.01300539 -0.04226459
v -0.04647468 -0.01103838 -0.04111377
v -0.04178417 -0.01274926 -0.04372753
v -0.04098736 -0.01473551 -0.04298542
v -0.04465333 -0.01072518 -0.04288178
v -0.04253628 -0.01050082 -0.04438629
v -0.04023353 -0.01639825 -0.04226266
v -0.03961034 -0.01767615 -0.04166194
v -0.04594634 -0.00557672 -0.04363943
v -0.04539542 -0.00823114 -0.04333503
v -0.04734873 -0.00847891 -0.04151013
v -0.04798757 -0.00574802 -0.04178219
v -0.04628989 -0.00281538 -0.04381002
v -0.04837991 -0.00290287 -0.04193855
v -0.04392020 -0.00275118 -0.04533555
v -0.04362385 -0.00545156 -0.04516800
v -0.04315603 -0.00805152 -0.04485901
v -0.01386557 -0.00692946 0.00669619
v -0.01291951 -0.00596408 0.00483480
v -0.01075687 -0.00868267 0.00507973
v -0.01146130 -0.01002453 0.00716830
v -0.01521657 -0.00795924 0.00860273
v -0.01256203 -0.01144859 0.00929623
v -0.01707473 -0.00407790 0.00811993
v -0.01555634 -0.00353889 0.00636788
v -0.01444045 -0.00303496 0.00466777
v 0.02371865 -0.01225058 0.02172386
v 0.02196693 -0.01308088 0.02146988
v 0.02369954 -0.01209176 0.02124276
v 0.02192322 -0.01289673 0.02097465
v 0.02189959 -0.01255779 0.02056879
v 0.02017251 -0.01384756 0.02147466
v 0.02011309 -0.01362988 0.02095279
v 0.02011682 -0.01324539 0.02051227
v 0.02536652 -0.01121784 0.02177969
v 0.02534657 -0.01137085 0.02224401
v 0.02684860 -0.01027787 0.02260796
v 0.02365154 -0.01179366 0.02084894
v 0.02529313 -0.01095350 0.02138117
v 0.02674489 -0.01003781 0.02219397
v 0.02379817 -0.01220515 0.02233629
v 0.02530310 -0.01137694 0.02279826
v 0.02406472 -0.01187008 0.02314098
v 0.02679214 -0.01044253 0.02305405
v 0.02661167 -0.01052864 0.02352560
v 0.02545509 -0.01111886 0.02353358
v 0.02211654 -0.01302783 0.02209815
v 0.02036788 -0.01380612 0.02210726
v 0.02245784 -0.01265519 0.02290310
v 0.02077200 -0.01341325 0.02287990
v 0.01072804 -0.00305506 0.03785740
v 0.01158588 -0.00297633 0.03691437
v 0.01092493 -0.00153038 0.03793296
v 0.01172401 -0.00147926 0.03704122
v 0.01240527 -0.00286240 0.03593371
v 0.01250088 -0.00140864 0.03610013
v 0.01019351 -0.00156287 0.03872229
v 0.00990945 -0.00313368 0.03869809
v 0.00961962 -0.00157758 0.03935614
v 0.01041673 -0.00456947 0.03770934
v 0.00938962 -0.00472150 0.03864219
v 0.01004585 -0.00601809 0.03747619
v 0.00925810 -0.00317946 0.03937629
v 0.00854084 -0.00483109 0.03939779
v 0.00884591 -0.00622342 0.03845445
v 0.01138996 -0.00451014 0.03666961
v 0.01227804 -0.00440752 0.03561134
v 0.01108410 -0.00600894 0.03638636
v -0.02112071 -0.00649989 0.03348464
v -0.02199353 -0.00700937 0.03148923
v -0.01958381 -0.01005264 0.03187243
v -0.01894465 -0.00929675 0.03374175
v -0.01669889 -0.01254257 0.03237915
v -0.02253649 -0.00760001 0.02927956
v -0.01995003 -0.01087783 0.02977471
v -0.01996986 -0.00608793 0.03524539
v -0.01813726 -0.00860671 0.03531618
v -0.01852494 -0.00584585 0.03677930
v -0.01637317 -0.01157310 0.03412839
v -0.01699477 -0.00820305 0.03664212
v -0.01571971 -0.00974635 0.03645942
v -0.02135326 -0.00314923 0.03518277
v -0.02266034 -0.00334079 0.03332270
v -0.01977037 -0.00303629 0.03682469
v -0.02365656 -0.00359719 0.03124610
v -0.02430687 -0.00390467 0.02895449
v -0.02252269 -0.00889902 0.02436100
v -0.02205670 -0.00945391 0.02181706
v -0.01960788 -0.01264968 0.02515369
v -0.01901592 -0.01340283 0.02275063
v -0.01993865 -0.01177576 0.02751509
v -0.02269775 -0.00825548 0.02687598
v -0.01682065 -0.01352936 0.03040503
v -0.02450166 -0.00458951 0.02382786
v -0.02457622 -0.00424946 0.02644951
v -0.02412025 -0.00488279 0.02118621
v 0.02621730 -0.00783186 0.01796720
v 0.02498128 -0.00843558 0.01780638
v 0.02598293 -0.00719405 0.01759162
v 0.02713987 -0.00663524 0.01782025
v 0.02686692 -0.00582186 0.01742908
v 0.02470030 -0.00788082 0.01742860
v 0.02567687 -0.00643518 0.01717429
v 0.02723879 -0.00733783 0.01822666
v 0.02811223 -0.00619627 0.01812242
v 0.02798468 -0.00696288 0.01858180
v 0.02796011 -0.00532976 0.01771076
v 0.02889389 -0.00495148 0.01803950
v 0.02884109 -0.00586907 0.01850607
v 0.02636971 -0.00826912 0.01837863
v 0.02531170 -0.00882508 0.01817525
v 0.02567798 -0.00890936 0.01861861
v 0.02710654 -0.00785483 0.01868339
v 0.02641290 -0.00842130 0.01878774
v 0.02400351 -0.00946010 0.01808279
v 0.02359199 -0.00915960 0.01774989
v 0.02456151 -0.00952691 0.01847150
v 0.02319113 -0.01018127 0.01843020
v 0.02251711 -0.01019161 0.01812145
v -0.01480953 -0.00595942 0.03921778
v -0.01274865 -0.00605727 0.04017772
v -0.01398818 -0.00306804 0.04048273
v -0.01598507 -0.00304163 0.03946200
v -0.01076039 -0.00602071 0.04098692
v -0.01205880 -0.00304901 0.04132173
v -0.01676989 -0.00584598 0.03809420
v -0.01794672 -0.00301574 0.03824687
v -0.01535031 -0.00830634 0.03776592
v -0.01331401 -0.00863065 0.03874602
v -0.01417213 -0.01034506 0.03713751
v -0.01099599 -0.00889006 0.03964083
v -0.01196731 -0.01093545 0.03795897
v -0.00937125 -0.01136859 0.03876303
v -0.00877959 -0.00883896 0.04044955
v 0.00326867 -0.00575890 0.04303497
v 0.00321089 -0.00650461 0.04237352
v 0.00507196 -0.00599650 0.04212508
v 0.00495166 -0.00542536 0.04280752
v 0.00637025 -0.00477518 0.04261291
v 0.00299494 -0.00719641 0.04175000
v 0.00503226 -0.00650327 0.04148797
v 0.00672087 -0.00548419 0.04126841
v 0.00471036 -0.00477690 0.04342137
v 0.00324102 -0.00496894 0.04364266
v 0.00454676 -0.00404246 0.04389938
v 0.00595230 -0.00431600 0.04323119
v 0.00550071 -0.00390368 0.04363917
v 0.00173282 -0.00492542 0.04380435
v 0.00150521 -0.00574219 0.04326963
v 0.00036389 -0.00454890 0.04397174
v 0.00319376 -0.00411806 0.04413232
v 0.00182461 -0.00408608 0.04423598
v 0.00081969 -0.00398963 0.04423761
v 0.00122892 -0.00659311 0.04265705
v -0.00015739 -0.00530889 0.04352490
v -0.00068877 -0.00617250 0.04297281
v 0.00080389 -0.00742530 0.04205472
v 0.00857460 -0.01486436 0.03088200
v 0.00884359 -0.01505743 0.03015820
v 0.00976911 -0.01378533 0.03117337
v 0.01028178 -0.01374017 0.03057816
v 0.01067329 -0.01297000 0.03115656
v 0.01085326 -0.01298584 0.03090313
v 0.00931423 -0.01508221 0.02943394
v 0.01089876 -0.01358828 0.02995642
v 0.01105629 -0.01299651 0.03057805
v 0.01135337 -0.01296498 0.03021995
v 0.01132072 -0.01297390 0.03025161
v 0.01105940 -0.01299675 0.03057349
v 0.00933195 -0.01375246 0.03172665
v 0.00813979 -0.01431497 0.03216262
v 0.00835495 -0.01460754 0.03154211
v 0.00899560 -0.01360149 0.03226822
v 0.01015125 -0.01292540 0.03189890
v 0.01005098 -0.01288801 0.03207215
v 0.01042506 -0.01295246 0.03152953
v 0.00957478 -0.01303767 0.03237464
v 0.00726087 -0.01537688 0.03148032
v 0.00716456 -0.01584328 0.03075757
v 0.00617340 -0.01593693 0.03162134
v 0.00720906 -0.01499139 0.03208465
v 0.00646238 -0.01546904 0.03204821
v 0.00700051 -0.01634718 0.02982037
v 0.00722471 -0.01660769 0.02887667
v 0.00569498 -0.01657262 0.03089746
v 0.00500218 -0.01731733 0.02983207
v -0.01083360 -0.01420632 0.03529095
v -0.01046050 -0.01541288 0.03364023
v -0.00799900 -0.01479679 0.03586209
v -0.00739208 -0.01600098 0.03424781
v -0.00851548 -0.01329508 0.03743531
v -0.01123819 -0.01275392 0.03676889
v -0.00576557 -0.01164289 0.03963109
v -0.01364724 -0.01317069 0.03467892
v -0.01371948 -0.01191032 0.03608449
v -0.01600422 -0.01058701 0.03554570
v -0.01361028 -0.01429470 0.03299290
v -0.05159513 -0.00240640 0.00644335
v -0.05158416 -0.00361355 0.00560150
v -0.04987575 -0.00373977 0.00581842
v -0.04970222 -0.00255463 0.00660103
v -0.04804239 -0.00285934 0.00592780
v -0.04837495 -0.00406746 0.00523259
v -0.04961712 -0.00129598 0.00692892
v -0.05157925 -0.00120263 0.00678219
v -0.04790142 -0.00147421 0.00624162
v -0.05351644 -0.00120801 0.00564910
v -0.05345400 -0.00240565 0.00532312
v -0.05515731 -0.00132594 0.00337733
v -0.05324955 -0.00358368 0.00451061
v -0.05501368 -0.00260628 0.00310611
v -0.05462928 -0.00379657 0.00246419
v -0.05652809 -0.00369348 -0.00464396
v -0.05665886 -0.00442036 -0.00942321
v -0.05586476 -0.00532495 -0.00463320
v -0.05584211 -0.00651042 -0.00947042
v -0.05548075 -0.00439867 -0.00061937
v -0.05600904 -0.00306217 -0.00034188
v -0.05682905 -0.00189002 -0.00457383
v -0.05623048 -0.00157023 -0.00018543
v -0.05704616 -0.00223444 -0.00932251
v -0.04587270 -0.00389472 0.00270446
v -0.04466134 -0.00448432 0.00059636
v -0.04449534 -0.00227333 0.00106470
v -0.04568198 -0.00200339 0.00306571
v -0.04688280 -0.00332955 0.00455528
v -0.04670352 -0.00172352 0.00487262
v -0.04733242 -0.00470174 0.00391521
v -0.04637356 -0.00556304 0.00201490
v -0.04820514 -0.00568577 0.00314434
v -0.04512383 -0.00657175 -0.00031974
v 0.00659458 -0.02641244 -0.01481304
v 0.00375868 -0.02676539 -0.01467243
v 0.00438648 -0.02785959 -0.01642362
v 0.00729106 -0.02741520 -0.01654397
v 0.00498086 -0.02889459 -0.01834514
v 0.00074097 -0.02705753 -0.01465880
v 0.00129340 -0.02823230 -0.01641027
v 0.00181364 -0.02934460 -0.01834527
v 0.00909499 -0.02600228 -0.01500854
v 0.00987201 -0.02690506 -0.01669962
v 0.00794134 -0.02836671 -0.01843735
v 0.01056579 -0.02777883 -0.01856423
v 0.00830970 -0.02515051 -0.01360637
v 0.00595507 -0.02542220 -0.01332494
v 0.00320098 -0.02567700 -0.01315541
v 0.00024489 -0.02589488 -0.01314860
v 0.00881191 -0.02988000 -0.02248333
v 0.00578169 -0.03053554 -0.02251804
v 0.00603400 -0.03102848 -0.02479024
v 0.00906835 -0.03035259 -0.02466200
v 0.00922967 -0.03057637 -0.02696182
v 0.00251769 -0.03109300 -0.02260223
v 0.00275300 -0.03159901 -0.02494340
v 0.01149111 -0.02916714 -0.02248335
v 0.01174730 -0.02961720 -0.02456880
v 0.01188229 -0.02986153 -0.02675880
v 0.01110138 -0.02854360 -0.02048699
v 0.00844226 -0.02920317 -0.02041280
v 0.00543829 -0.02980541 -0.02037314
v 0.00221315 -0.03031985 -0.02040606
v 0.00780560 -0.02839372 -0.03972981
v 0.00836689 -0.02887025 -0.03819128
v 0.00571021 -0.02905858 -0.03889324
v 0.00520388 -0.02855995 -0.04043597
v 0.00884760 -0.02932544 -0.03636178
v 0.00612724 -0.02956656 -0.03703196
v 0.00726291 -0.02785268 -0.04100872
v 0.00471415 -0.02801279 -0.04170920
v 0.00688774 -0.02719413 -0.04205916
v 0.00434691 -0.02735916 -0.04276200
v 0.00937403 -0.02760886 -0.04034185
v 0.01003241 -0.02811875 -0.03907463
v 0.01102130 -0.02719499 -0.03990932
v 0.00895605 -0.02699100 -0.04134385
v 0.01029461 -0.02680822 -0.04078668
v 0.01066480 -0.02857421 -0.03753985
v 0.01184346 -0.02767098 -0.03861777
v 0.01256166 -0.02812089 -0.03706086
v 0.01120382 -0.02898950 -0.03573437
v -0.03293430 -0.02776586 -0.02786750
v -0.03595220 -0.02640474 -0.02776850
v -0.03310434 -0.02793583 -0.02929972
v -0.03610348 -0.02657968 -0.02913485
v -0.03614533 -0.02660914 -0.03056971
v -0.03858093 -0.02537243 -0.03038025
v -0.02972514 -0.02924396 -0.02935757
v -0.02954324 -0.02906822 -0.02783125
v -0.02613221 -0.03038223 -0.02917628
v -0.03316312 -0.02791207 -0.03081929
v -0.02979597 -0.02917423 -0.03099160
v -0.03266110 -0.02742155 -0.02647971
v -0.02926367 -0.02867003 -0.02636304
v -0.03229281 -0.02692228 -0.02509343
v -0.02595346 -0.03018364 -0.02753283
v -0.02568657 -0.02972046 -0.02596504
v -0.02889983 -0.02807238 -0.02490331
v -0.03569383 -0.02610116 -0.02643451
v -0.03533069 -0.02568582 -0.02509672
v -0.01871313 -0.03151419 -0.02593010
v -0.02233942 -0.03098391 -0.02684531
v -0.01882133 -0.03181891 -0.02785017
v -0.02249186 -0.03122877 -0.02862372
v -0.01513781 -0.03218799 -0.02700592
v -0.01508659 -0.03181966 -0.02494864
v -0.01145854 -0.03237136 -0.02624124
v -0.01855305 -0.03090115 -0.02413511
v -0.01500581 -0.03113614 -0.02303985
v -0.01835942 -0.03001879 -0.02241605
v -0.01147182 -0.03194548 -0.02406234
v -0.01147770 -0.03120406 -0.02204887
v -0.01491331 -0.03018297 -0.02123713
v -0.02211483 -0.03044671 -0.02516628
v -0.02183660 -0.02965016 -0.02353332
v -0.02534876 -0.02902029 -0.02441904
v -0.00433676 -0.03179255 -0.02301145
v -0.00788081 -0.03193680 -0.02343264
v -0.00419346 -0.03228675 -0.02534771
v -0.00780072 -0.03240435 -0.02570644
v -0.00066585 -0.03201838 -0.02511129
v -0.00086286 -0.03151165 -0.02275067
v -0.00451108 -0.03099490 -0.02084424
v -0.00110945 -0.03071606 -0.02054959
v -0.00143105 -0.02969888 -0.01849544
v -0.00797331 -0.03115728 -0.02133049
v -0.00473965 -0.02995865 -0.01882767
v -0.00809860 -0.03012512 -0.01937401
v -0.01149434 -0.03019949 -0.02016648
v -0.01795568 -0.02766263 -0.01914298
v -0.02122027 -0.02746925 -0.02033914
v -0.01815059 -0.02890617 -0.02072380
v -0.02152322 -0.02862727 -0.02189310
v -0.02457149 -0.02706851 -0.02132718
v -0.02495727 -0.02811073 -0.02284099
v -0.01482695 -0.02900570 -0.01949805
v -0.01475740 -0.02770662 -0.01789573
v -0.01153991 -0.02898412 -0.01838086
v -0.01780378 -0.02638751 -0.01775821
v -0.01471527 -0.02638797 -0.01650327
v -0.01772402 -0.02518016 -0.01665413
v -0.01160512 -0.02765919 -0.01675441
v -0.01168069 -0.02632589 -0.01534956
v -0.01471124 -0.02515204 -0.01539380
v -0.02097327 -0.02626736 -0.01896492
v -0.02425081 -0.02597036 -0.01997392
v -0.02082779 -0.02511281 -0.01786396
v -0.00537825 -0.02745624 -0.01524462
v -0.00847853 -0.02757831 -0.01587603
v -0.00504567 -0.02874866 -0.01694334
v -0.00827704 -0.02889966 -0.01753719
v -0.00230488 -0.02728523 -0.01484420
v -0.00185309 -0.02852743 -0.01657560
v -0.00271574 -0.02605582 -0.01335532
v -0.00568650 -0.02617271 -0.01378487
v -0.00867295 -0.02625844 -0.01444652
v -0.01175733 -0.02508545 -0.01422872
v -0.03135512 -0.02555445 -0.02228313
v -0.03090561 -0.02476068 -0.02103214
v -0.03367165 -0.02402067 -0.02124460
v -0.03430832 -0.02460802 -0.02240148
v -0.03183749 -0.02628745 -0.02366573
v -0.03486509 -0.02517559 -0.02371894
v -0.02846513 -0.02729831 -0.02340247
v -0.02802964 -0.02640243 -0.02195010
v -0.02766346 -0.02543935 -0.02063579
v -0.01783411 -0.02326166 -0.01545354
v -0.01795573 -0.02254025 -0.01518038
v -0.02093024 -0.02322284 -0.01667237
v -0.02108263 -0.02249412 -0.01640179
v -0.01807622 -0.02197056 -0.01500755
v -0.02123877 -0.02191406 -0.01622809
v -0.01774551 -0.02413992 -0.01591535
v -0.02082937 -0.02409686 -0.01712976
v -0.02404238 -0.02391316 -0.01813433
v -0.01475593 -0.02410108 -0.01464041
v -0.01483099 -0.02322456 -0.01415966
v -0.01491809 -0.02251191 -0.01386809
v -0.01499888 -0.02195256 -0.01368227
v -0.03160352 -0.02005574 -0.04461969
v -0.03147637 -0.02049995 -0.04442433
v -0.03444749 -0.01984385 -0.04327594
v -0.03459543 -0.01940454 -0.04347945
v -0.03693062 -0.01946405 -0.04205804
v -0.03136890 -0.02098260 -0.04416666
v -0.03430587 -0.02032987 -0.04301884
v -0.03675773 -0.01995242 -0.04180628
v -0.03179382 -0.01947626 -0.04483045
v -0.03479950 -0.01884165 -0.04371480
v -0.03710007 -0.01902748 -0.04226297
v -0.03732570 -0.01847518 -0.04251121
v -0.02847564 -0.02024798 -0.04579194
v -0.02829754 -0.02084623 -0.04560879
v -0.02501193 -0.02102573 -0.04653300
v -0.02819084 -0.02129629 -0.04542366
v -0.02485067 -0.02164115 -0.04637181
v -0.02476447 -0.02209677 -0.04619434
v -0.02811672 -0.02177536 -0.04516726
v -0.01805225 -0.02283964 -0.04706376
v -0.01800842 -0.02330203 -0.04688296
v -0.02137083 -0.02276532 -0.04665682
v -0.02143608 -0.02230565 -0.04683383
v -0.02471927 -0.02257288 -0.04593814
v -0.01814972 -0.02220516 -0.04721896
v -0.02156967 -0.02167848 -0.04698741
v -0.01475297 -0.02260467 -0.04729145
v -0.01469763 -0.02324301 -0.04713052
v -0.01138028 -0.02287593 -0.04726871
v -0.01467575 -0.02370701 -0.04694464
v -0.01137069 -0.02351568 -0.04710301
v -0.01137130 -0.02398037 -0.04691373
v -0.00480089 -0.02367643 -0.04693180
v -0.00484897 -0.02414145 -0.04674702
v -0.00806988 -0.02365756 -0.04705014
v -0.00809359 -0.02412220 -0.04686208
v -0.00803254 -0.02301789 -0.04721452
v -0.00471694 -0.02303770 -0.04709276
v -0.00156938 -0.02358010 -0.04670786
v -0.00144071 -0.02294254 -0.04686728
v 0.00161899 -0.02337636 -0.04633821
v 0.00178895 -0.02273959 -0.04650195
v -0.00164381 -0.02404700 -0.04652584
v 0.00151555 -0.02384781 -0.04615584
v 0.00143725 -0.02434066 -0.04589242
v 0.00774024 -0.02277806 -0.04501820
v 0.00756918 -0.02326720 -0.04482169
v 0.00475853 -0.02307301 -0.04578272
v 0.00462273 -0.02355280 -0.04559433
v 0.00740410 -0.02379929 -0.04455489
v 0.00450497 -0.02406456 -0.04532893
v 0.00496482 -0.02243603 -0.04596063
v 0.00798142 -0.02213992 -0.04521595
v 0.01045510 -0.02259954 -0.04402146
v 0.01073330 -0.02195935 -0.04424055
v 0.01279408 -0.02264544 -0.04276934
v 0.01311497 -0.02200240 -0.04300705
v 0.01024634 -0.02309624 -0.04381827
v 0.01003016 -0.02364374 -0.04355529
v 0.01254566 -0.02314516 -0.04256444
v 0.01227865 -0.02369683 -0.04231510
v 0.00640790 -0.02112017 -0.00986203
v 0.00338307 -0.02124475 -0.00955664
v 0.00629589 -0.02146964 -0.01004134
v 0.00329656 -0.02158631 -0.00974293
v 0.00025647 -0.02135619 -0.00953910
v 0.00019661 -0.02169931 -0.00973266
v 0.00906148 -0.02145193 -0.01065673
v 0.00920011 -0.02108920 -0.01048441
v 0.01146016 -0.02163579 -0.01161800
v 0.00653461 -0.02064991 -0.00960079
v 0.00936678 -0.02059464 -0.01022922
v 0.01162892 -0.02125860 -0.01145291
v 0.01184116 -0.02073543 -0.01120307
v 0.00347091 -0.02078799 -0.00928700
v 0.00030193 -0.02089561 -0.00925701
v -0.03170808 -0.01992703 -0.01726630
v -0.03485865 -0.01948370 -0.01751061
v -0.03463539 -0.01991384 -0.01792926
v -0.03150972 -0.02036533 -0.01765428
v -0.03753602 -0.01921639 -0.01808265
v -0.03727989 -0.01964059 -0.01851103
v -0.02829163 -0.02041805 -0.01707816
v -0.02811340 -0.02086473 -0.01742521
v -0.02481662 -0.02082844 -0.01667468
v -0.02465695 -0.02128173 -0.01698116
v -0.02857356 -0.01978849 -0.01645970
v -0.03201993 -0.01932616 -0.01658988
v -0.02507550 -0.02017528 -0.01611757
v -0.03521179 -0.01890929 -0.01679142
v -0.03794631 -0.01865890 -0.01734764
v -0.01827873 -0.02109333 -0.01459073
v -0.02149036 -0.02102986 -0.01578430
v -0.02135088 -0.02148601 -0.01606127
v -0.01816148 -0.02154746 -0.01484672
v -0.01505501 -0.02153598 -0.01351871
v -0.01514762 -0.02108986 -0.01327765
v -0.01199774 -0.02152147 -0.01225846
v -0.01533787 -0.02044190 -0.01285929
v -0.01849520 -0.02043058 -0.01413243
v -0.01206290 -0.02109045 -0.01202877
v -0.01221901 -0.02047089 -0.01164567
v -0.02172856 -0.02036550 -0.01528016
v -0.00591997 -0.02126813 -0.01027736
v -0.00899046 -0.02116612 -0.01102778
v -0.00591763 -0.02164979 -0.01048735
v -0.00895595 -0.02157384 -0.01124714
v -0.00287078 -0.02170604 -0.00998167
v -0.00284110 -0.02134773 -0.00978023
v -0.00597859 -0.02073789 -0.00995390
v -0.00284608 -0.02085951 -0.00948002
v -0.00288481 -0.02011141 -0.00900444
v -0.00910108 -0.02058895 -0.01067649
v 0.01608645 -0.02361255 -0.03948392
v 0.01575664 -0.02409858 -0.03929934
v 0.01435857 -0.02351920 -0.04104057
v 0.01464817 -0.02302378 -0.04123862
v 0.01540237 -0.02461157 -0.03911382
v 0.01404508 -0.02405745 -0.04081930
v 0.01651532 -0.02296211 -0.03973640
v 0.01502097 -0.02237713 -0.04148810
v 0.01766207 -0.02363589 -0.03780465
v 0.01717801 -0.02428972 -0.03755986
v 0.01852525 -0.02427704 -0.03574557
v 0.01681141 -0.02476353 -0.03739342
v 0.01799195 -0.02493326 -0.03552103
v 0.01759446 -0.02539428 -0.03537547
v 0.01642344 -0.02524511 -0.03724455
v 0.01899604 -0.02574360 -0.03127772
v 0.01856237 -0.02618399 -0.03117762
v 0.01817732 -0.02587104 -0.03329817
v 0.01859733 -0.02542116 -0.03342206
v 0.01718119 -0.02584403 -0.03525743
v 0.01959353 -0.02508732 -0.03142145
v 0.01916889 -0.02476411 -0.03361186
v 0.01979962 -0.02523689 -0.02919228
v 0.01918998 -0.02589078 -0.02910280
v 0.01978767 -0.02520303 -0.02694226
v 0.02073365 -0.02415679 -0.02697004
v 0.01875199 -0.02632329 -0.02902989
v 0.01918100 -0.02585288 -0.02691207
v 0.01874854 -0.02627910 -0.02687109
v 0.01856762 -0.02521538 -0.02254573
v 0.01817543 -0.02563309 -0.02258277
v 0.01897100 -0.02562009 -0.02472032
v 0.01855439 -0.02604162 -0.02471729
v 0.01955820 -0.02497597 -0.02468935
v 0.01912128 -0.02457918 -0.02245568
v 0.01797852 -0.02466172 -0.02040644
v 0.01848703 -0.02403612 -0.02026341
v 0.01721135 -0.02398206 -0.01832062
v 0.01766556 -0.02337028 -0.01813468
v 0.01761759 -0.02507580 -0.02048179
v 0.01688676 -0.02439203 -0.01842859
v 0.01508478 -0.02241623 -0.01443984
v 0.01484059 -0.02281394 -0.01458652
v 0.01627375 -0.02319939 -0.01630646
v 0.01598884 -0.02360404 -0.01643744
v 0.01666697 -0.02260514 -0.01609163
v 0.01541452 -0.02184284 -0.01420692
v 0.01356349 -0.02173512 -0.01279669
v 0.01383150 -0.02118555 -0.01255320
v 0.01335879 -0.02212382 -0.01295398
v -0.04096871 -0.01950712 -0.02084046
v -0.04062087 -0.01993020 -0.02120157
v -0.03923271 -0.01967589 -0.01966044
v -0.03953288 -0.01925343 -0.01925395
v -0.03898550 -0.02012937 -0.01994276
v -0.04153986 -0.01893948 -0.02018226
v -0.04002066 -0.01869600 -0.01854186
v -0.04260890 -0.01930824 -0.02207700
v -0.04196301 -0.01988981 -0.02265813
v -0.04333280 -0.01972117 -0.02403429
v -0.04157140 -0.02031394 -0.02295845
v -0.04263528 -0.02031379 -0.02452293
v -0.04221133 -0.02073757 -0.02475512
v -0.04338681 -0.02099819 -0.02788129
v -0.04295170 -0.02141352 -0.02798209
v -0.04266768 -0.02111151 -0.02641563
v -0.04310500 -0.02069141 -0.02625078
v -0.04408363 -0.02040835 -0.02759494
v -0.04381654 -0.02009716 -0.02586229
v -0.04415753 -0.02062684 -0.02926622
v -0.04349537 -0.02120967 -0.02945403
v -0.04307466 -0.02162133 -0.02949660
v -0.04269700 -0.02212050 -0.03090033
v -0.03896627 -0.02183925 -0.03871553
v -0.03780629 -0.02153036 -0.03986119
v -0.03803337 -0.02274846 -0.03851910
v -0.03703050 -0.02241536 -0.03960313
v -0.03655649 -0.02365875 -0.03861711
v -0.03615566 -0.02149075 -0.04099399
v -0.03559219 -0.02234784 -0.04063776
v -0.03576156 -0.02327467 -0.03964915
v -0.03875438 -0.02318457 -0.03736054
v -0.03977172 -0.02228026 -0.03752476
v -0.04034206 -0.02273100 -0.03625768
v -0.03717060 -0.02410309 -0.03747541
v -0.03764715 -0.02453803 -0.03621289
v -0.04037591 -0.02145367 -0.03783453
v -0.03951753 -0.02099936 -0.03905610
v -0.04072028 -0.02076830 -0.03815629
v -0.04098374 -0.02192598 -0.03654223
v -0.03827678 -0.02069190 -0.04023956
v -0.03652179 -0.02066013 -0.04141755
v -0.03983064 -0.02030035 -0.03940473
v -0.03855455 -0.01998548 -0.04061148
v -0.04026543 -0.01937456 -0.03980216
v -0.04057233 -0.01881761 -0.04001927
v -0.03894428 -0.01905941 -0.04104519
v -0.03920546 -0.01850790 -0.04128594
v -0.03875218 -0.01949663 -0.04085020
v -0.04004906 -0.01981377 -0.03962537
v -0.04120091 -0.01984712 -0.03850994
v -0.04095817 -0.02028765 -0.03835649
v -0.04155988 -0.01928213 -0.03869146
v -0.03293997 -0.02728488 -0.03416879
v -0.02958894 -0.02831703 -0.03463402
v -0.02974235 -0.02883600 -0.03278295
v -0.03310256 -0.02767521 -0.03246915
v -0.03590325 -0.02621356 -0.03368791
v -0.03607545 -0.02647625 -0.03210925
v -0.03831454 -0.02515922 -0.03334562
v -0.03849936 -0.02532256 -0.03184833
v -0.03563815 -0.02585363 -0.03524012
v -0.03269262 -0.02680078 -0.03583773
v -0.03528960 -0.02542903 -0.03670032
v -0.03802947 -0.02489389 -0.03481839
v -0.02936045 -0.02770508 -0.03644721
v -0.03237780 -0.02628255 -0.03739547
v -0.02908158 -0.02708790 -0.03812492
v -0.01821963 -0.02792649 -0.04210782
v -0.02167872 -0.02737938 -0.04194160
v -0.02154525 -0.02685187 -0.04304684
v -0.01815159 -0.02738889 -0.04323026
v -0.02510143 -0.02674414 -0.04153404
v -0.02490662 -0.02621759 -0.04261985
v -0.02476251 -0.02561136 -0.04354173
v -0.01473667 -0.02781166 -0.04324857
v -0.01473172 -0.02836224 -0.04210895
v -0.01830713 -0.02846979 -0.04073210
v -0.01474243 -0.02891864 -0.04069484
v -0.02183741 -0.02790793 -0.04060764
v -0.02532885 -0.02726008 -0.04024546
v 0.00696675 -0.02545825 -0.04359802
v 0.00718086 -0.02456631 -0.04414628
v 0.00938713 -0.02533772 -0.04265535
v 0.00972966 -0.02443634 -0.04315688
v 0.01141945 -0.02538773 -0.04151736
v 0.01190198 -0.02449572 -0.04194406
v 0.00904483 -0.02621162 -0.04208301
v 0.00682903 -0.02636509 -0.04291229
v 0.01083486 -0.02621880 -0.04110106
v 0.00420808 -0.02654113 -0.04364343
v 0.00423194 -0.02565511 -0.04436042
v 0.00435281 -0.02479746 -0.04491994
v 0.01418647 -0.02617398 -0.03862540
v 0.01509610 -0.02669430 -0.03690157
v 0.01401516 -0.02746072 -0.03687623
v 0.01319786 -0.02698638 -0.03850660
v 0.01315423 -0.02852315 -0.03525900
v 0.01299008 -0.02570248 -0.04016902
v 0.01217848 -0.02652473 -0.03991190
v 0.01490015 -0.02534288 -0.03885849
v 0.01360060 -0.02483263 -0.04050014
v 0.01587526 -0.02592224 -0.03705247
v -0.04113639 -0.02329522 -0.03344196
v -0.04136156 -0.02341024 -0.03197532
v -0.04209207 -0.02266975 -0.03219660
v -0.04184259 -0.02253600 -0.03368539
v -0.04079675 -0.02306906 -0.03488308
v -0.04147289 -0.02228742 -0.03514656
v -0.03969898 -0.02395180 -0.03473653
v -0.04000965 -0.02417804 -0.03329618
v -0.03928058 -0.02362018 -0.03610662
v -0.04021269 -0.02429754 -0.03183147
v -0.03110796 -0.02249422 -0.04325003
v -0.03123759 -0.02167737 -0.04376897
v -0.02803635 -0.02246062 -0.04477033
v -0.02797836 -0.02326406 -0.04423754
v -0.03100552 -0.02334310 -0.04262864
v -0.02797135 -0.02409763 -0.04357358
v -0.02804393 -0.02487330 -0.04278312
v -0.03356483 -0.02270847 -0.04164815
v -0.03387831 -0.02185758 -0.04214623
v -0.03102714 -0.02412952 -0.04188363
v -0.03345203 -0.02347236 -0.04102742
v -0.03497957 -0.02302440 -0.04042478
v -0.03412073 -0.02103292 -0.04262269
v 0.00929544 -0.03022248 -0.03184993
v 0.00641314 -0.03068004 -0.03233553
v 0.00914856 -0.02980246 -0.03420995
v 0.00634904 -0.03014184 -0.03480309
v 0.01158213 -0.02937890 -0.03365507
v 0.01181266 -0.02968938 -0.03140040
v 0.00931392 -0.03050673 -0.02939584
v 0.01190839 -0.02986792 -0.02906882
v 0.00635700 -0.03107680 -0.02975826
v 0.00621812 -0.03122774 -0.02720018
v -0.03163195 -0.02529217 -0.03995470
v -0.03201278 -0.02578986 -0.03876151
v -0.03437337 -0.02450187 -0.03915987
v -0.03486702 -0.02497233 -0.03800294
v -0.03381162 -0.02403602 -0.04018301
v -0.03126967 -0.02475897 -0.04099386
v -0.02848024 -0.02604400 -0.04080892
v -0.02822472 -0.02550306 -0.04187083
v -0.02877702 -0.02655324 -0.03956955
v 0.03119436 -0.00309202 0.02920436
v 0.03104666 -0.00299653 0.02872643
v 0.03117841 -0.00151145 0.02898751
v 0.03134753 -0.00155800 0.02945757
v 0.03073186 -0.00288460 0.02824354
v 0.03085272 -0.00145351 0.02851093
v 0.03118117 -0.00315025 0.02967259
v 0.03136519 -0.00157861 0.02991487
v 0.03103102 -0.00311888 0.03013071
v 0.03123649 -0.00155873 0.03035324
v 0.03081551 -0.00470910 0.02919982
v 0.03089963 -0.00457924 0.02871515
v 0.03026438 -0.00618394 0.02840077
v 0.03061090 -0.00468300 0.02969776
v 0.03079328 -0.00442999 0.02822808
v 0.03044385 -0.00598002 0.02792853
v 0.03039297 -0.00578601 0.02744513
v 0.03049766 -0.00427198 0.02774056
v 0.02899151 -0.00841355 0.02546917
v 0.02905350 -0.00819836 0.02504467
v 0.02982038 -0.00703880 0.02633018
v 0.02980751 -0.00725476 0.02678299
v 0.02886706 -0.00797825 0.02458901
v 0.02959090 -0.00682819 0.02585598
v 0.03012553 -0.00559380 0.02695904
v 0.02952392 -0.00750352 0.02717970
v 0.02865144 -0.00866006 0.02580870
v 0.02884547 -0.00787297 0.02734144
v 0.02799674 -0.00946645 0.02417766
v 0.02770424 -0.00964572 0.02455985
v 0.02795276 -0.00901542 0.02594252
v 0.02708255 -0.00994065 0.02473495
v 0.02807024 -0.00927472 0.02375012
v 0.02792729 -0.00904710 0.02331579
v 0.03038659 -0.00271097 0.03094711
v 0.03076788 -0.00294560 0.03057834
v 0.03096654 -0.00148384 0.03076652
v 0.03055915 -0.00138268 0.03110250
v 0.02988193 -0.00249553 0.03116858
v 0.03001814 -0.00128403 0.03130910
v 0.02924647 -0.00235874 0.03119757
v 0.02934732 -0.00121665 0.03133414
v 0.02960413 -0.00356310 0.03091754
v 0.03002774 -0.00393159 0.03066863
v 0.02905350 -0.00335288 0.03095217
v 0.02882877 -0.00403353 0.03068357
v 0.03035582 -0.00436436 0.03022470
v 0.02895797 -0.00267947 0.01753922
v 0.02789266 -0.00295554 0.01722877
v 0.02810499 -0.00148360 0.01718344
v 0.02917981 -0.00134181 0.01748895
v 0.02678414 -0.00330482 0.01690139
v 0.02700476 -0.00166356 0.01685228
v 0.02990148 -0.00247225 0.01787147
v 0.03014338 -0.00123594 0.01781288
v 0.03064458 -0.00232956 0.01826427
v 0.03090992 -0.00116375 0.01819934
v 0.02948763 -0.00371045 0.01795142
v 0.02855878 -0.00400998 0.01761514
v 0.03020833 -0.00350063 0.01834884
v 0.02960567 -0.00467959 0.01843536
v 0.02749173 -0.00440533 0.01730939
v 0.02635650 -0.00490260 0.01700364
v 0.02539401 -0.01019624 0.02540139
v 0.02384591 -0.01084350 0.02506696
v 0.02464493 -0.01115996 0.02419876
v 0.02307665 -0.01188051 0.02392837
v 0.02229733 -0.01145101 0.02485206
v 0.02145768 -0.01257662 0.02382195
v 0.02602150 -0.01047937 0.02454110
v 0.02681496 -0.00955718 0.02575001
v 0.02639650 -0.01053895 0.02391970
v 0.02616716 -0.00910037 0.02664060
v 0.02764801 -0.00845100 0.02708945
v 0.02463856 -0.00968382 0.02621182
v 0.02316334 -0.01019118 0.02588886
v 0.02392814 -0.00895190 0.02685105
v 0.02757928 -0.00244015 0.03064108
v 0.02658447 -0.00253967 0.03025283
v 0.02748375 -0.00356168 0.03040927
v 0.02647892 -0.00372558 0.03000848
v 0.02552045 -0.00262227 0.02992995
v 0.02539160 -0.00385087 0.02966803
v 0.02834433 -0.00339493 0.03075330
v 0.02847276 -0.00236006 0.03098887
v 0.02764815 -0.00124001 0.03078264
v 0.02855052 -0.00120929 0.03112550
v 0.02666062 -0.00128685 0.03040506
v 0.02560835 -0.00132787 0.03009222
v 0.01590329 -0.00727498 0.02936857
v 0.01559590 -0.00737473 0.02962841
v 0.01555564 -0.00895294 0.02871806
v 0.01584718 -0.00884509 0.02848347
v 0.01545689 -0.01040220 0.02773833
v 0.01519801 -0.00755261 0.03001620
v 0.01515534 -0.00913773 0.02907610
v 0.01507358 -0.00967147 0.02873823
v 0.01499563 -0.00986065 0.02868101
v 0.01507692 -0.00951525 0.02886343
v 0.01494143 -0.00999034 0.02864276
v 0.01475911 -0.01071704 0.02827341
v 0.01507816 -0.00944535 0.02891975
v 0.01517275 -0.01052060 0.02794709
v 0.01614456 -0.00722973 0.02920233
v 0.01606284 -0.00879078 0.02833798
v 0.01634407 -0.00721539 0.02909540
v 0.01565314 -0.01033850 0.02761305
v 0.01580313 -0.01030616 0.02753719
v 0.01603420 -0.00571728 0.03007486
v 0.01576591 -0.00575385 0.03026094
v 0.01586771 -0.00431532 0.03082435
v 0.01626082 -0.00571251 0.02995227
v 0.01611791 -0.00431786 0.03068804
v 0.01543939 -0.00584547 0.03054447
v 0.01557571 -0.00434372 0.03102794
v 0.01523198 -0.00442463 0.03133252
v 0.01503808 -0.00601535 0.03095951
v 0.01054823 -0.01628770 0.02364807
v 0.01019859 -0.01656997 0.02360277
v 0.01081669 -0.01631646 0.02216834
v 0.01047360 -0.01661912 0.02206465
v 0.01122619 -0.01634159 0.02040124
v 0.00963970 -0.01703146 0.02354318
v 0.00992951 -0.01711441 0.02191089
v 0.01070886 -0.01683405 0.02017317
v 0.01102061 -0.01615251 0.02223356
v 0.01075357 -0.01613597 0.02367953
v 0.01114712 -0.01607333 0.02227183
v 0.01155430 -0.01604074 0.02054998
v 0.01175145 -0.01587627 0.02064053
v 0.01072364 -0.01595724 0.02491368
v 0.01092648 -0.01582424 0.02490837
v 0.01131767 -0.01532789 0.02588977
v 0.01087958 -0.01606613 0.02369765
v 0.01105083 -0.01576570 0.02490464
v 0.01151546 -0.01521485 0.02584997
v 0.01037546 -0.01620619 0.02493121
v 0.00981509 -0.01661256 0.02497153
v 0.01097849 -0.01553985 0.02596557
v 0.01043136 -0.01588505 0.02609747
v 0.01429815 -0.01451214 0.01723048
v 0.01402191 -0.01472698 0.01705208
v 0.01562634 -0.01330324 0.01556673
v 0.01587545 -0.01314862 0.01574303
v 0.01707600 -0.01141079 0.01434116
v 0.01358334 -0.01507780 0.01676734
v 0.01522676 -0.01355495 0.01528018
v 0.01670653 -0.01157099 0.01405746
v 0.01446496 -0.01439130 0.01733472
v 0.01602527 -0.01305943 0.01584411
v 0.01457521 -0.01432250 0.01739701
v 0.01730367 -0.01131186 0.01451292
v 0.01743973 -0.01125253 0.01460982
v 0.01612701 -0.01300402 0.01590498
v 0.01296996 -0.01530973 0.01897056
v 0.01278628 -0.01545774 0.01886841
v 0.01308840 -0.01523077 0.01903125
v 0.01187591 -0.01579300 0.02069407
v 0.01248208 -0.01572532 0.01869698
v 0.01200209 -0.01616300 0.01842851
v 0.01909541 -0.00618478 0.01309417
v 0.01888224 -0.00621773 0.01292064
v 0.01929726 -0.00317316 0.01262712
v 0.01951087 -0.00315875 0.01280333
v 0.01853167 -0.00627039 0.01262996
v 0.01894530 -0.00319605 0.01233158
v 0.01922156 -0.00616314 0.01319105
v 0.01963697 -0.00314893 0.01290183
v 0.01972641 -0.00313981 0.01296426
v 0.01931106 -0.00614441 0.01325183
v 0.01849715 -0.00890905 0.01374293
v 0.01836833 -0.00894653 0.01364699
v 0.01858808 -0.00887973 0.01380225
v 0.01753442 -0.01121115 0.01466884
v 0.01815157 -0.00900628 0.01347555
v 0.01779679 -0.00910242 0.01318964
v 0.01346877 -0.01323615 0.02690643
v 0.01316368 -0.01339076 0.02706169
v 0.01230506 -0.01440244 0.02650090
v 0.01198198 -0.01458300 0.02662143
v 0.01268325 -0.01364176 0.02731475
v 0.01146417 -0.01487631 0.02682252
v 0.01249665 -0.01430537 0.02643425
v 0.01365601 -0.01315201 0.02681817
v 0.01261993 -0.01426254 0.02639477
v 0.01163842 -0.01516639 0.02582597
v 0.01459173 -0.01188432 0.02726576
v 0.01477952 -0.01181098 0.02715878
v 0.01378286 -0.01311238 0.02676613
v 0.01491475 -0.01177417 0.02709523
v 0.01430135 -0.01201825 0.02744928
v 0.01385832 -0.01223686 0.02774236
v 0.01543327 -0.00199916 0.03183712
v 0.01507457 -0.00204469 0.03217212
v 0.01511954 -0.00317169 0.03185883
v 0.01547338 -0.00310657 0.03153690
v 0.01467214 -0.00213490 0.03264862
v 0.01471439 -0.00329906 0.03231900
v 0.01482654 -0.00457961 0.03177183
v 0.01575001 -0.00198553 0.03160979
v 0.01578100 -0.00308577 0.03131955
v 0.01602654 -0.00199104 0.03145638
v 0.01604744 -0.00309138 0.03117305
v 0.01575067 -0.00097150 0.03174447
v 0.01542972 -0.00097824 0.03197782
v 0.01603230 -0.00097478 0.03158711
v 0.01506959 -0.00100164 0.03232111
v 0.02261513 -0.00720134 0.02793336
v 0.02161407 -0.00725003 0.02792352
v 0.02221850 -0.00830287 0.02724092
v 0.02123851 -0.00842168 0.02721391
v 0.02159139 -0.00952835 0.02651113
v 0.02065672 -0.00726447 0.02800623
v 0.02031634 -0.00850584 0.02727718
v 0.02059636 -0.00972190 0.02651893
v 0.02328436 -0.00813107 0.02738109
v 0.02367903 -0.00709875 0.02805929
v 0.02269236 -0.00927633 0.02661229
v 0.02285588 -0.00614883 0.02855857
v 0.02393683 -0.00610160 0.02864235
v 0.02301535 -0.00507043 0.02908668
v 0.02411821 -0.00506188 0.02912578
v 0.02181474 -0.00613946 0.02859223
v 0.02080703 -0.00609213 0.02871603
v 0.02193223 -0.00502250 0.02916451
v 0.01676786 -0.01512348 0.02213407
v 0.01529579 -0.01558464 0.02258046
v 0.01527680 -0.01526848 0.02175568
v 0.01670398 -0.01484392 0.02146177
v 0.01549916 -0.01471550 0.02101119
v 0.01405982 -0.01590715 0.02298704
v 0.01411097 -0.01557891 0.02200280
v 0.01469763 -0.01480254 0.02079887
v 0.01841646 -0.01453644 0.02173075
v 0.01834471 -0.01428833 0.02115465
v 0.01680696 -0.01435686 0.02085910
v 0.01838273 -0.01385595 0.02065093
v 0.01705554 -0.01509004 0.02283719
v 0.01866185 -0.01450115 0.02238708
v 0.01762014 -0.01464463 0.02356071
v 0.01914475 -0.01408333 0.02313140
v 0.01560605 -0.01554990 0.02335716
v 0.01437049 -0.01585788 0.02384661
v 0.01624227 -0.01507636 0.02407100
v 0.01505519 -0.01535771 0.02456540
v 0.02061318 -0.01093040 0.01792570
v 0.01917507 -0.01183712 0.01807583
v 0.02072401 -0.01043653 0.01716404
v 0.02200281 -0.00958229 0.01724524
v 0.02208673 -0.00875745 0.01642155
v 0.01791671 -0.01262398 0.01816969
v 0.01958255 -0.01118616 0.01704921
v 0.02103812 -0.00945094 0.01615034
v 0.02211072 -0.01001455 0.01780335
v 0.02335092 -0.00870364 0.01732329
v 0.02324035 -0.00797539 0.01667778
v 0.02445254 -0.00717716 0.01692626
v 0.02092445 -0.01103706 0.01831142
v 0.01927917 -0.01196720 0.01863382
v 0.01998464 -0.01169837 0.01879248
v 0.02164084 -0.01089692 0.01852659
v 0.01763492 -0.01295274 0.01906971
v 0.01827258 -0.01258724 0.01922701
v 0.01655475 -0.01356517 0.01982916
v 0.01622364 -0.01380162 0.01942816
v 0.02468368 -0.00419427 0.01609698
v 0.02371274 -0.00465108 0.01565465
v 0.02406415 -0.00235983 0.01552729
v 0.02498489 -0.00212321 0.01600252
v 0.02280863 -0.00506035 0.01520870
v 0.02320214 -0.00257228 0.01504738
v 0.02571098 -0.00373162 0.01651836
v 0.02596491 -0.00188394 0.01645141
v 0.02522304 -0.00550792 0.01666730
v 0.02411807 -0.00616219 0.01630855
v 0.02306829 -0.00680629 0.01593558
v 0.02210039 -0.00738112 0.01555658
v 0.01958077 -0.01239852 0.02503340
v 0.01841694 -0.01272980 0.02530250
v 0.01851482 -0.01368831 0.02429425
v 0.01723915 -0.01407609 0.02470713
v 0.01738553 -0.01296025 0.02560580
v 0.01612613 -0.01433329 0.02512727
v 0.01992903 -0.01318385 0.02397155
v 0.02087492 -0.01197080 0.02486206
v 0.02065922 -0.01095272 0.02577383
v 0.02184263 -0.01061227 0.02575746
v 0.01959593 -0.01121817 0.02589412
v 0.01863556 -0.01141423 0.02607457
v 0.01967843 -0.00987088 0.02660717
v 0.02329801 -0.00263633 0.02976739
v 0.02217329 -0.00258542 0.02986716
v 0.02316810 -0.00389119 0.02948782
v 0.02205824 -0.00383166 0.02958485
v 0.02106205 -0.00250762 0.03004728
v 0.02096717 -0.00373599 0.02976451
v 0.02087470 -0.00493418 0.02932823
v 0.02428361 -0.00390183 0.02950502
v 0.02441935 -0.00265155 0.02977822
v 0.02338888 -0.00133105 0.02993079
v 0.02451174 -0.00134110 0.02994360
v 0.02225791 -0.00130223 0.03002540
v 0.01885590 -0.00725432 0.02834840
v 0.01809260 -0.00723932 0.02854697
v 0.01859759 -0.00862706 0.02757707
v 0.01787368 -0.00866778 0.02775607
v 0.01801639 -0.01008085 0.02691494
v 0.01747416 -0.00722407 0.02872327
v 0.01728850 -0.00869768 0.02791600
v 0.01733054 -0.01014964 0.02708600
v 0.01942392 -0.00857369 0.02740784
v 0.01972397 -0.00726430 0.02815801
v 0.01880873 -0.00998923 0.02674725
v 0.01982635 -0.00602545 0.02890270
v 0.01891447 -0.00594922 0.02912202
v 0.01984855 -0.00482152 0.02954680
v 0.01811314 -0.00587319 0.02934377
v 0.01889648 -0.00469831 0.02979098
v 0.01806115 -0.00457833 0.03003152
v 0.01746413 -0.00580713 0.02953774
v 0.01242090 -0.01613603 0.02345555
v 0.01191022 -0.01611863 0.02356442
v 0.01214932 -0.01596895 0.02230117
v 0.01262700 -0.01591858 0.02226571
v 0.01288154 -0.01552505 0.02088239
v 0.01154794 -0.01607062 0.02362595
v 0.01179900 -0.01597955 0.02230546
v 0.01252940 -0.01559904 0.02082894
v 0.01311948 -0.01607824 0.02327091
v 0.01325430 -0.01579208 0.02216952
v 0.01334678 -0.01539825 0.02092101
v 0.01393277 -0.01518809 0.02091421
v 0.01340593 -0.01599108 0.02420510
v 0.01267357 -0.01599978 0.02445688
v 0.01335801 -0.01545720 0.02523306
v 0.01410297 -0.01546791 0.02494706
v 0.01213457 -0.01593421 0.02462619
v 0.01279267 -0.01537583 0.02544048
v 0.01237935 -0.01527405 0.02558640
v 0.01623692 -0.01356077 0.01799259
v 0.01568929 -0.01382024 0.01783435
v 0.01731472 -0.01245144 0.01644129
v 0.01789684 -0.01216223 0.01665765
v 0.01878776 -0.01066646 0.01529300
v 0.01528851 -0.01399331 0.01768464
v 0.01688117 -0.01264991 0.01625149
v 0.01832519 -0.01086738 0.01506739
v 0.01695835 -0.01318027 0.01812315
v 0.01864647 -0.01175093 0.01687035
v 0.01939191 -0.01038022 0.01556364
v 0.02014094 -0.00998345 0.01585690
v 0.01527729 -0.01432174 0.01951826
v 0.01463516 -0.01462588 0.01945517
v 0.01413654 -0.01482679 0.01935408
v 0.01376524 -0.01495665 0.01924956
v 0.02124975 -0.00562394 0.01437576
v 0.02062968 -0.00580364 0.01402442
v 0.02105494 -0.00296087 0.01378300
v 0.02167510 -0.00286645 0.01415690
v 0.02013899 -0.00593220 0.01374024
v 0.02056027 -0.00302866 0.01348105
v 0.02198185 -0.00538041 0.01477645
v 0.02239831 -0.00273904 0.01458448
v 0.02124107 -0.00782758 0.01517977
v 0.02049912 -0.00816466 0.01482384
v 0.01988335 -0.00841134 0.01450757
v 0.01940256 -0.00858663 0.01424966
v 0.01572849 -0.01313351 0.02611962
v 0.01510759 -0.01313212 0.02632093
v 0.01444722 -0.01445566 0.02574748
v 0.01385486 -0.01440361 0.02596128
v 0.01462823 -0.01310925 0.02647900
v 0.01340960 -0.01433126 0.02612002
v 0.01519990 -0.01444602 0.02547177
v 0.01648859 -0.01308552 0.02587971
v 0.01698912 -0.01162912 0.02646894
v 0.01776091 -0.01154655 0.02627137
v 0.01633733 -0.01167594 0.02665173
v 0.01582266 -0.01170100 0.02680414
v 0.01678028 -0.01019948 0.02723622
v 0.01897636 -0.00230866 0.03052949
v 0.01809363 -0.00220923 0.03077500
v 0.01806248 -0.00336370 0.03049525
v 0.01892510 -0.00348819 0.03024832
v 0.01737880 -0.00212432 0.03098578
v 0.01736441 -0.00325723 0.03070735
v 0.01738526 -0.00447536 0.03023919
v 0.01998111 -0.00241174 0.03027749
v 0.01990806 -0.00361689 0.02999520
v 0.02004394 -0.00120624 0.03042321
v 0.01902628 -0.00114952 0.03066986
v 0.02113689 -0.00125912 0.03019900
v 0.01813112 -0.00109487 0.03091083
v 0.01740566 -0.00104824 0.03111799
v -0.00746976 -0.00529055 0.04222091
v -0.00901784 -0.00573091 0.04165821
v -0.00704814 -0.00823175 0.04117141
v -0.00563161 -0.00739558 0.04179547
v -0.00449794 -0.00982764 0.04072175
v -0.00606491 -0.00480233 0.04270424
v -0.00435994 -0.00665763 0.04231076
v -0.00480116 -0.00426696 0.04315912
v -0.00331769 -0.00873572 0.04137171
v -0.00224464 -0.00785821 0.04190027
v -0.00325958 -0.00593712 0.04279302
v -0.00720863 -0.00251057 0.04300272
v -0.00868996 -0.00275355 0.04253718
v -0.00583480 -0.00222637 0.04343295
v -0.01029971 -0.00293861 0.04199169
v 0.00794068 -0.00269017 0.04238462
v 0.00834524 -0.00282005 0.04161926
v 0.00824908 -0.00138396 0.04232190
v 0.00867238 -0.00144039 0.04154122
v 0.00856182 -0.00293002 0.04095979
v 0.00890364 -0.00148875 0.04087804
v 0.00755206 -0.00131972 0.04311731
v 0.00728079 -0.00253761 0.04314766
v 0.00649960 -0.00124792 0.04382470
v 0.00734049 -0.00384202 0.04247679
v 0.00677833 -0.00355297 0.04316279
v 0.00628500 -0.00238728 0.04381735
v 0.00591459 -0.00331064 0.04374715
v 0.00769075 -0.00407939 0.04174482
v 0.00786581 -0.00427747 0.04109113
v 0.00662698 -0.00515826 0.04191457
v 0.00203864 -0.00842618 0.04081958
v 0.00163467 -0.00903789 0.04036852
v 0.00444232 -0.00779973 0.04019144
v 0.00453664 -0.00738376 0.04060630
v 0.00668583 -0.00632876 0.04001999
v 0.00158667 -0.00964338 0.03986171
v 0.00449972 -0.00831758 0.03971196
v 0.00254813 -0.00782464 0.04125607
v 0.00479355 -0.00695865 0.04101010
v 0.00658278 -0.00604551 0.04042534
v 0.00665030 -0.00577196 0.04080674
v 0.00013006 -0.00818586 0.04155074
v -0.00067021 -0.00897805 0.04106058
v -0.00134594 -0.00705163 0.04240232
v -0.00147454 -0.00990511 0.04049970
v -0.00163991 -0.01076741 0.03987576
v 0.00321920 -0.00218639 0.04460583
v 0.00325432 -0.00111143 0.04467196
v 0.00149971 -0.00217261 0.04472947
v 0.00140354 -0.00110483 0.04482181
v -0.00011069 -0.00229739 0.04467506
v -0.00037130 -0.00117807 0.04479579
v 0.00169349 -0.00316741 0.04453927
v 0.00319275 -0.00318957 0.04443965
v 0.00034047 -0.00330039 0.04446533
v 0.00465959 -0.00321341 0.04417419
v 0.00487272 -0.00226408 0.04430259
v 0.00501001 -0.00116881 0.04434125
v -0.00258888 -0.00312018 0.04408270
v -0.00367639 -0.00368513 0.04363647
v -0.00235700 -0.00515329 0.04331795
v -0.00153781 -0.00439271 0.04381412
v -0.00143694 -0.00263543 0.04444419
v -0.00068764 -0.00374195 0.04421009
v -0.00189916 -0.00136018 0.04459885
v -0.00326345 -0.00161783 0.04427605
v -0.00454753 -0.00191768 0.04387240
v 0.00873661 -0.00309924 0.04017455
v 0.00890193 -0.00315971 0.03983182
v 0.00912458 -0.00155839 0.04010535
v 0.00929312 -0.00157537 0.03978143
v 0.00865775 -0.00302288 0.04051438
v 0.00902456 -0.00152880 0.04043517
v 0.00790235 -0.00444865 0.04063987
v 0.00793605 -0.00460614 0.04028131
v 0.00810260 -0.00476313 0.03990572
v 0.00721599 -0.00671613 0.03939695
v 0.02380151 -0.00989323 0.01932991
v 0.02410523 -0.00984935 0.01888306
v 0.02511982 -0.00918751 0.01940859
v 0.02533659 -0.00917774 0.01898690
v 0.02633325 -0.00840745 0.01948478
v 0.02643387 -0.00845667 0.01908178
v 0.02480194 -0.00905190 0.01980876
v 0.02350903 -0.00975942 0.01973201
v 0.02429900 -0.00885007 0.02008740
v 0.02601308 -0.00826351 0.01987975
v 0.02541488 -0.00808069 0.02016227
v 0.02237676 -0.01055350 0.01929577
v 0.02215398 -0.01040247 0.01967296
v 0.02087014 -0.01119378 0.01934040
v 0.02312187 -0.00954023 0.02000309
v 0.02190695 -0.01015862 0.01991915
v 0.02075644 -0.01099744 0.01965503
v 0.02268568 -0.01051275 0.01885802
v 0.02112840 -0.01119562 0.01894858
v 0.02844665 -0.00655002 0.01950343
v 0.02839394 -0.00671641 0.01902959
v 0.02926755 -0.00564552 0.01897905
v 0.02933953 -0.00549732 0.01947507
v 0.03003289 -0.00450667 0.01891847
v 0.02900499 -0.00539615 0.01992777
v 0.02812288 -0.00641528 0.01993674
v 0.02821186 -0.00531371 0.02027078
v 0.03010735 -0.00440350 0.01942651
v 0.02976086 -0.00434081 0.01989714
v 0.02892524 -0.00428938 0.02026806
v 0.02744337 -0.00752418 0.01951155
v 0.02712281 -0.00737786 0.01992157
v 0.02738193 -0.00629723 0.02025401
v 0.02644607 -0.00722465 0.02021782
v 0.02745119 -0.00764484 0.01907992
v 0.03120641 -0.00220572 0.01928641
v 0.03110870 -0.00224705 0.01875634
v 0.03139362 -0.00112299 0.01869234
v 0.03150290 -0.00110360 0.01922963
v 0.03114617 -0.00109554 0.01974895
v 0.03085028 -0.00218654 0.01979316
v 0.03023187 -0.00108873 0.02018800
v 0.03073543 -0.00330599 0.01935783
v 0.03038224 -0.00326962 0.01984742
v 0.02995291 -0.00217050 0.02021534
v 0.02951147 -0.00323951 0.02024580
v 0.03065086 -0.00337440 0.01883796
v 0.01786455 -0.01244858 0.01972215
v 0.01672485 -0.01297861 0.01996589
v 0.01786518 -0.01268507 0.01956267
v 0.01638581 -0.01345614 0.02003767
v 0.01615639 -0.01331454 0.02012613
v 0.01556273 -0.01399049 0.02041056
v 0.01930619 -0.01183955 0.01949809
v 0.01948380 -0.01192565 0.01919155
v 0.01807825 -0.01206568 0.01978681
v 0.01933603 -0.01156075 0.01970167
v 0.01839434 -0.01165386 0.01976696
v 0.01945755 -0.01120989 0.01979180
v 0.01716864 -0.01248553 0.01988444
v 0.01674768 -0.01273285 0.01992421
v 0.01763591 -0.01204824 0.01977964
v 0.01726045 -0.01232383 0.01979851
v 0.02957065 -0.00267162 0.02722166
v 0.03024382 -0.00277708 0.02776052
v 0.03001398 -0.00411585 0.02725461
v 0.02933779 -0.00396006 0.02672026
v 0.02965533 -0.00539525 0.02647868
v 0.02870043 -0.00256590 0.02657120
v 0.02846466 -0.00380309 0.02608766
v 0.02762125 -0.00245757 0.02575345
v 0.02898564 -0.00519201 0.02596145
v 0.02811971 -0.00498571 0.02536477
v 0.02739011 -0.00364339 0.02530684
v 0.02883528 -0.00129233 0.02684091
v 0.02969873 -0.00134551 0.02749720
v 0.02775741 -0.00123761 0.02600562
v 0.03036536 -0.00139872 0.02803401
v 0.02321296 -0.01100253 0.02019589
v 0.02348530 -0.01142129 0.02049821
v 0.02181025 -0.01214649 0.02020868
v 0.02166234 -0.01169048 0.01990416
v 0.02009720 -0.01228324 0.01980026
v 0.02011090 -0.01278641 0.02012379
v 0.02284666 -0.01056529 0.01994724
v 0.02146295 -0.01121742 0.01966517
v 0.02239851 -0.01013749 0.01975761
v 0.02007763 -0.01176618 0.01955460
v 0.02005405 -0.01126555 0.01939973
v 0.02415846 -0.00982090 0.02043237
v 0.02467304 -0.01022631 0.02070824
v 0.02532811 -0.00899535 0.02115208
v 0.02352899 -0.00942593 0.02019594
v 0.02454780 -0.00863313 0.02084484
v 0.02505662 -0.01061342 0.02102425
v 0.02596649 -0.00936874 0.02147401
v 0.02644481 -0.00972550 0.02181865
v 0.02785258 -0.00743013 0.02372053
v 0.02846188 -0.00771697 0.02415605
v 0.02757045 -0.00876016 0.02291322
v 0.02701727 -0.00843676 0.02252605
v 0.02705380 -0.00713335 0.02325715
v 0.02628530 -0.00809972 0.02213791
v 0.02608015 -0.00684227 0.02274064
v 0.02539208 -0.00777189 0.02173246
v 0.02765734 -0.00609557 0.02437701
v 0.02849963 -0.00634862 0.02491360
v 0.02663029 -0.00584429 0.02375122
v 0.02706085 -0.00477799 0.02464600
v 0.02914740 -0.00659548 0.02539520
v 0.01731597 -0.01313552 0.01997771
v 0.01642848 -0.01334129 0.02009968
v 0.01695587 -0.01272020 0.01983578
v 0.01766852 -0.01251895 0.01969659
v 0.01749491 -0.01218347 0.01968230
v 0.01876096 -0.01220049 0.01958396
v 0.01859364 -0.01277387 0.01985133
v 0.01807321 -0.01195365 0.01953199
v 0.01896581 -0.01165639 0.01942384
v 0.01846663 -0.01333841 0.02021172
v 0.01701986 -0.01376777 0.02036480
v 0.01591299 -0.01403975 0.02047535
v 0.01905147 -0.01104907 0.01954783
v 0.01967610 -0.01064072 0.01965580
v 0.01949972 -0.01076232 0.01943513
v 0.01986865 -0.01039591 0.01954066
v 0.02004831 -0.01041912 0.01937779
v 0.02037411 -0.01020984 0.01977924
v 0.02030525 -0.01001918 0.01965630
v 0.02016158 -0.01010269 0.01946382
v 0.01920542 -0.01117974 0.01938521
v 0.01852568 -0.01147520 0.01949449
v 0.02002838 -0.01081164 0.01934862
v 0.01870088 -0.01133062 0.01967286
v 0.01804538 -0.01173808 0.01963781
v 0.01955498 -0.01090763 0.01975802
v 0.02052425 -0.01044558 0.01986456
v 0.02067768 -0.01071269 0.01984543
v 0.02140817 -0.00941700 0.01957304
v 0.02069997 -0.00996822 0.01941879
v 0.02058384 -0.00969059 0.01947648
v 0.02109618 -0.00917053 0.01958207
v 0.02061101 -0.00954306 0.01958591
v 0.02033960 -0.00988916 0.01956338
v 0.02165935 -0.00855345 0.01978391
v 0.02212647 -0.00877284 0.01985547
v 0.02222032 -0.00784266 0.02009413
v 0.02104506 -0.00903618 0.01966149
v 0.02155227 -0.00843134 0.01979982
v 0.02188065 -0.00974702 0.01963220
v 0.02280067 -0.00907012 0.01999823
v 0.02280489 -0.00804120 0.02028316
v 0.02364373 -0.00830988 0.02054430
v 0.02093834 -0.01033080 0.01942332
v 0.02121924 -0.01075497 0.01950160
v 0.02189541 -0.00915223 0.01996854
v 0.02112007 -0.00971607 0.01987897
v 0.02152525 -0.00992091 0.01996383
v 0.02253414 -0.00932798 0.02005683
v 0.02268163 -0.00851113 0.02006144
v 0.02352706 -0.00866117 0.02014453
v 0.02345117 -0.00778701 0.02016541
v 0.02448018 -0.00791483 0.02022796
v 0.02195820 -0.00842588 0.01991944
v 0.02135526 -0.00904252 0.01981354
v 0.02257006 -0.00771832 0.02006320
v 0.02207904 -0.00772984 0.02000991
v 0.02080254 -0.00957084 0.01973655
v 0.02389596 -0.00634069 0.02154670
v 0.02339353 -0.00722757 0.02087321
v 0.02317303 -0.00616348 0.02101770
v 0.02272607 -0.00704146 0.02052479
v 0.02302128 -0.00605753 0.02063296
v 0.02257176 -0.00693295 0.02030075
v 0.02355764 -0.00522237 0.02151472
v 0.02431579 -0.00538928 0.02222477
v 0.02387635 -0.00423178 0.02195766
v 0.02341843 -0.00512041 0.02096720
v 0.02375403 -0.00413844 0.02126402
v 0.02494626 -0.00657250 0.02214575
v 0.02542823 -0.00560272 0.02300205
v 0.02465661 -0.00438210 0.02282851
v 0.02581230 -0.00457047 0.02376259
v 0.02435518 -0.00747612 0.02129332
v 0.02511186 -0.00223837 0.02358703
v 0.02522590 -0.00112535 0.02376327
v 0.02632124 -0.00234431 0.02471271
v 0.02644756 -0.00117979 0.02493176
v 0.02610973 -0.00347944 0.02432789
v 0.02492204 -0.00332787 0.02327902
v 0.02430461 -0.00215202 0.02251459
v 0.02412558 -0.00320534 0.02228836
v 0.02421096 -0.00209751 0.02163349
v 0.02401894 -0.00312847 0.02148411
v 0.02441262 -0.00108078 0.02264411
v 0.02432792 -0.00105254 0.02171827
v 0.02668552 -0.00210578 0.02074084
v 0.02688030 -0.00105661 0.02075841
v 0.02529197 -0.00104712 0.02112969
v 0.02514242 -0.00208709 0.02108185
v 0.02637424 -0.00314120 0.02070260
v 0.02490063 -0.00311391 0.02099440
v 0.02595647 -0.00415600 0.02063694
v 0.02457222 -0.00412101 0.02086155
v 0.02804333 -0.00318989 0.02049195
v 0.02842683 -0.00213858 0.02049163
v 0.02753229 -0.00421995 0.02047690
v 0.02866842 -0.00107312 0.02048451
v 0.02484453 -0.00608777 0.02041650
v 0.02417649 -0.00697412 0.02028818
v 0.02536964 -0.00708333 0.02030810
v 0.02618307 -0.00618087 0.02037976
v 0.02544220 -0.00514329 0.02053718
v 0.02690808 -0.00522168 0.02043775
v 0.02416280 -0.00510179 0.02067750
v 0.02368453 -0.00603947 0.02046674
v 0.02314955 -0.00691725 0.02025381
v 0.00302554 -0.01075719 0.03860490
v 0.00214507 -0.01022628 0.03925800
v 0.00110473 -0.01176309 0.03851664
v -0.00052330 -0.01136529 0.03919635
v 0.00247363 -0.01202512 0.03789176
v 0.00394372 -0.01120675 0.03794992
v 0.00352598 -0.01228008 0.03728463
v 0.00502004 -0.00981595 0.03847236
v 0.00544894 -0.01044425 0.03785985
v 0.00683411 -0.00907463 0.03811503
v 0.00479429 -0.01160358 0.03729429
v 0.00682486 -0.00987266 0.03758362
v 0.00676709 -0.01041593 0.03720451
v 0.00469797 -0.00904836 0.03911432
v 0.00689361 -0.00807171 0.03872125
v 0.00306572 -0.01691370 0.03215817
v 0.00140182 -0.01760872 0.03145261
v 0.00309823 -0.01767576 0.03046072
v 0.00432181 -0.01690289 0.03139910
v 0.00392222 -0.01836309 0.02791957
v 0.00433924 -0.01613247 0.03268081
v 0.00521628 -0.01616415 0.03204518
v 0.00542286 -0.01531336 0.03304146
v 0.00600937 -0.01544484 0.03245049
v 0.00349199 -0.01591579 0.03345717
v 0.00194736 -0.01668464 0.03307037
v 0.00481488 -0.01507119 0.03372966
v 0.00421499 -0.01472264 0.03448917
v 0.00002610 -0.01730243 0.03255407
v 0.01201107 -0.00698628 0.03471391
v 0.01211570 -0.00625265 0.03503753
v 0.01168677 -0.00709514 0.03505312
v 0.01228374 -0.00691148 0.03444504
v 0.01005999 -0.01286557 0.03208748
v 0.01006601 -0.01286947 0.03207572
v 0.01007929 -0.01287793 0.03205177
v 0.00961155 -0.01258308 0.03284912
v 0.00961878 -0.01262910 0.03279544
v 0.00963705 -0.01259903 0.03280749
v 0.00964980 -0.01260690 0.03278807
v 0.00983694 -0.01272589 0.03245434
v 0.00924910 -0.00855044 0.03677567
v 0.00967027 -0.00734539 0.03714539
v 0.00849023 -0.00753651 0.03803469
v 0.00821360 -0.00866848 0.03752895
v 0.00874149 -0.00963231 0.03642585
v 0.00790702 -0.00962702 0.03708325
v 0.00806913 -0.01061211 0.03615396
v 0.00741222 -0.01046849 0.03676629
v 0.00946493 -0.00903919 0.03618762
v 0.00984008 -0.00864339 0.03612668
v 0.00915029 -0.00974938 0.03594303
v 0.00932838 -0.00935030 0.03608086
v 0.00886777 -0.01037760 0.03564186
v 0.00887502 -0.01023805 0.03576010
v 0.00859003 -0.01084789 0.03547768
v 0.00900297 -0.01001328 0.03584301
v 0.00886260 -0.01048841 0.03554746
v 0.00882665 -0.01104064 0.03506910
v 0.01016087 -0.00824096 0.03606306
v 0.01032167 -0.00804157 0.03602966
v 0.01061615 -0.00740098 0.03614410
v 0.01039133 -0.00795091 0.03601449
v 0.01071992 -0.00773375 0.03579678
v 0.01093646 -0.00759264 0.03565193
v 0.01151831 -0.00714562 0.03522341
v 0.00758748 -0.01370236 0.03337463
v 0.00651708 -0.01450473 0.03326104
v 0.00692880 -0.01473024 0.03266658
v 0.00788424 -0.01401465 0.03276770
v 0.00878535 -0.01329237 0.03282821
v 0.00947264 -0.01249731 0.03306019
v 0.00924988 -0.01235854 0.03339994
v 0.00859963 -0.01290204 0.03341726
v 0.00724866 -0.01337391 0.03400068
v 0.00833685 -0.01250747 0.03404602
v 0.00800774 -0.01213306 0.03469959
v 0.00924806 -0.01235742 0.03340260
v 0.00918261 -0.01222109 0.03359200
v 0.00902510 -0.01188880 0.03405750
v 0.00909145 -0.01203173 0.03385527
v 0.00878540 -0.01138951 0.03475266
v 0.00878561 -0.01138738 0.03475458
v 0.00883946 -0.01150278 0.03459454
v 0.00607088 -0.01422619 0.03390305
v 0.00687556 -0.01303396 0.03464591
v 0.00560935 -0.01389400 0.03458400
v 0.00601853 -0.01233437 0.03597954
v 0.00468690 -0.01308803 0.03599935
v 0.00515162 -0.01350755 0.03529537
v 0.00647596 -0.01268718 0.03531032
v 0.00715371 -0.01151093 0.03601814
v 0.00762301 -0.01180320 0.03536302
v 0.00879757 -0.01127320 0.03485696
v 0.00657087 -0.01124926 0.03664675
v 0.00547193 -0.01197631 0.03663917
v 0.00597058 -0.01092482 0.03725770
v 0.00420437 -0.01265663 0.03665813
v 0.01507906 -0.00892589 0.02931789
v 0.01508506 -0.00917470 0.02914300
v 0.01476608 -0.00778814 0.03047948
v 0.01506252 -0.00843700 0.02964992
v 0.01473414 -0.01049534 0.02849931
v 0.01460219 -0.01079694 0.02840167
v 0.01431855 -0.00721613 0.03138045
v 0.01454543 -0.00628673 0.03154001
v 0.01397989 -0.00698181 0.03202522
v 0.01458248 -0.00740519 0.03092313
v 0.01460523 -0.00745234 0.03086809
v 0.01455018 -0.00738333 0.03097846
v 0.01466151 -0.00757003 0.03073141
v 0.01395445 -0.00666068 0.03223893
v 0.01434947 -0.00483022 0.03237959
v 0.01471445 -0.00768180 0.03059877
v 0.01372351 -0.00681909 0.03249442
v 0.01374920 -0.00682061 0.03245551
v 0.01377366 -0.00517794 0.03312999
v 0.01321400 -0.00677898 0.03324370
v 0.01241054 -0.00685972 0.03430343
v 0.01274592 -0.00674120 0.03391866
v 0.01307205 -0.00562424 0.03399720
v 0.01269738 -0.00673803 0.03398565
v 0.01283113 -0.00674468 0.03379741
v 0.00755949 -0.01851999 0.02329839
v 0.00575857 -0.01931071 0.02295053
v 0.00791294 -0.01871305 0.02128962
v 0.00616036 -0.01955319 0.02056422
v 0.00719865 -0.01923098 0.01828816
v 0.00912264 -0.01785626 0.02169552
v 0.00880660 -0.01772086 0.02346883
v 0.00881341 -0.01841906 0.01926603
v 0.00994404 -0.01757331 0.01984456
v 0.00771398 -0.01793439 0.02513635
v 0.00897569 -0.01721781 0.02504528
v 0.00839903 -0.01701557 0.02661921
v 0.00960971 -0.01639784 0.02630568
v 0.00588666 -0.01867471 0.02522868
v 0.00668481 -0.01767563 0.02706717
v 0.01207971 -0.01615248 0.01568178
v 0.01105310 -0.01655469 0.01467993
v 0.01296657 -0.01455186 0.01326387
v 0.01385977 -0.01431193 0.01420001
v 0.01457703 -0.01217796 0.01212403
v 0.01292952 -0.01560657 0.01634409
v 0.01462554 -0.01393541 0.01484836
v 0.01542427 -0.01204740 0.01299608
v 0.01614503 -0.01181414 0.01362484
v 0.01129101 -0.01682131 0.01803512
v 0.01029996 -0.01754353 0.01738359
v 0.00898001 -0.01817294 0.01634073
v 0.01730603 -0.00642248 0.01155687
v 0.01650865 -0.00644684 0.01073696
v 0.01692934 -0.00326840 0.01042848
v 0.01771755 -0.00326134 0.01124495
v 0.01799332 -0.00635115 0.01218162
v 0.01840413 -0.00323133 0.01187508
v 0.01725395 -0.00924907 0.01275039
v 0.01655731 -0.00938437 0.01212781
v 0.01574113 -0.00944649 0.01129193
v 0.01109738 -0.01443714 0.02818841
v 0.01013881 -0.01483414 0.02877246
v 0.00963726 -0.01582287 0.02756270
v 0.00829315 -0.01634390 0.02813436
v 0.01068843 -0.01531163 0.02713084
v 0.01197000 -0.01401512 0.02769641
v 0.01244811 -0.01293926 0.02871790
v 0.01321259 -0.01256421 0.02817805
v 0.01278797 -0.01242186 0.02892001
v 0.01364305 -0.01187072 0.02843467
v 0.01357582 -0.01194210 0.02843751
v 0.01350439 -0.01198525 0.02847853
v 0.01307784 -0.01223723 0.02873012
v 0.01454168 -0.01090796 0.02834823
v 0.01365909 -0.01185318 0.02843357
v 0.01164886 -0.01330096 0.02932352
v 0.01253012 -0.01258533 0.02908782
v 0.01240063 -0.01266086 0.02916285
v 0.01201857 -0.01276866 0.02954110
v 0.01177250 -0.01284682 0.02980525
v 0.01370995 -0.00246965 0.03409003
v 0.01310846 -0.00267822 0.03498003
v 0.01370722 -0.00378512 0.03372807
v 0.01304970 -0.00412565 0.03462282
v 0.01425286 -0.00350656 0.03295111
v 0.01422422 -0.00228254 0.03330039
v 0.01373668 -0.00121892 0.03427263
v 0.01423216 -0.00112495 0.03347330
v 0.01467037 -0.00104833 0.03280827
v 0.01316568 -0.00131767 0.03516275
v 0.01674154 -0.00720790 0.02893707
v 0.01652620 -0.00720834 0.02901345
v 0.01639817 -0.00874911 0.02817656
v 0.01659703 -0.00873442 0.02810921
v 0.01613161 -0.01025982 0.02741643
v 0.01623554 -0.00876659 0.02824714
v 0.01594852 -0.01028186 0.02747669
v 0.01704067 -0.00721336 0.02884681
v 0.01687837 -0.00871858 0.02802804
v 0.01639476 -0.01023429 0.02734131
v 0.01700918 -0.00576084 0.02967371
v 0.01669351 -0.00573149 0.02977354
v 0.01691148 -0.00440318 0.03038478
v 0.01646233 -0.00571631 0.02985911
v 0.01658131 -0.00435644 0.03049217
v 0.01633628 -0.00432978 0.03058528
v 0.01111924 -0.01602123 0.02369365
v 0.01099119 -0.01602948 0.02370286
v 0.01125804 -0.01602503 0.02229472
v 0.01138354 -0.01599902 0.02230565
v 0.01198597 -0.01573569 0.02073177
v 0.01129454 -0.01603654 0.02366854
v 0.01155380 -0.01598672 0.02230811
v 0.01211158 -0.01569230 0.02076155
v 0.01228273 -0.01565077 0.02079130
v 0.01148131 -0.01578132 0.02481448
v 0.01129641 -0.01574593 0.02486393
v 0.01189275 -0.01516013 0.02575495
v 0.01175009 -0.01584464 0.02473732
v 0.01209043 -0.01520211 0.02568788
v 0.01116352 -0.01574016 0.02489191
v 0.01175313 -0.01514819 0.02579764
v 0.01481565 -0.01419961 0.01750585
v 0.01468182 -0.01426376 0.01744950
v 0.01623182 -0.01295072 0.01596067
v 0.01637136 -0.01288419 0.01602666
v 0.01763793 -0.01116602 0.01472706
v 0.01500759 -0.01411462 0.01757969
v 0.01657727 -0.01278904 0.01611844
v 0.01778265 -0.01110308 0.01480149
v 0.01800095 -0.01100823 0.01490925
v 0.01350504 -0.01504763 0.01917624
v 0.01332568 -0.01511407 0.01912289
v 0.01319688 -0.01517034 0.01907829
v 0.01956456 -0.00608224 0.01340666
v 0.01941431 -0.00612018 0.01331698
v 0.01983001 -0.00312749 0.01303219
v 0.01998124 -0.00310770 0.01312683
v 0.01979503 -0.00602232 0.01354104
v 0.02021351 -0.00307619 0.01326939
v 0.01906553 -0.00870950 0.01406888
v 0.01883938 -0.00879156 0.01394652
v 0.01869119 -0.00884444 0.01386388
v 0.01406455 -0.01308582 0.02666499
v 0.01390681 -0.01309133 0.02671951
v 0.01288597 -0.01425083 0.02630510
v 0.01273812 -0.01424468 0.02635577
v 0.01309822 -0.01428001 0.02623056
v 0.01429279 -0.01309280 0.02658927
v 0.01521693 -0.01173289 0.02698524
v 0.01546227 -0.01171830 0.02691061
v 0.01504750 -0.01174983 0.02704209
v 0.01652735 -0.00202592 0.03124402
v 0.01626464 -0.00200292 0.03134304
v 0.01627780 -0.00310550 0.03106374
v 0.01653328 -0.00313396 0.03096645
v 0.01687508 -0.00318259 0.03085604
v 0.01687772 -0.00206481 0.03113351
v 0.01689714 -0.00101555 0.03126321
v 0.01654145 -0.00099417 0.03137247
v 0.01627454 -0.00098146 0.03147179
v 0.01397041 0.00709153 0.03270237
v 0.01287629 0.00696320 0.03411330
v 0.01482025 0.00766833 0.03126065
v 0.01370766 0.00803147 0.03280915
v 0.01266376 0.01281970 0.02945289
v 0.01379117 0.01209499 0.02873995
v 0.01147530 0.01315148 0.03060901
v 0.01119759 0.01300675 0.03037050
v 0.01211751 0.01260110 0.03090023
v 0.01318701 0.01242894 0.02975583
v 0.01058352 0.00811175 0.03604110
v 0.01169439 0.00733402 0.03528186
v 0.01263610 0.00784331 0.03415779
v 0.01155893 0.00803788 0.03529239
v 0.01494143 0.00998920 0.02864276
v 0.01470737 0.01103860 0.02863305
v 0.01525314 0.00982856 0.02907280
v 0.01389783 0.01196497 0.02916809
v 0.01468870 0.01109379 0.02917105
v 0.01511726 0.01004378 0.02945717
v 0.00917605 0.01041962 0.03583298
v 0.00970252 0.00920412 0.03622402
v 0.01076571 0.00845553 0.03584376
v 0.01010493 0.00942576 0.03598496
v 0.00959849 0.01040868 0.03567008
v 0.01526929 0.00864291 0.02999974
v 0.01512015 0.00932849 0.03021011
v 0.01459516 0.00854549 0.03143156
v 0.01037599 0.01302911 0.03204540
v 0.00953683 0.01248879 0.03353990
v 0.01106190 0.01241944 0.03229521
v 0.00912884 0.01156673 0.03487035
v 0.00969876 0.01118278 0.03500688
v 0.01019679 0.01193099 0.03373327
v 0.01245531 0.01028050 0.03261161
v 0.01342586 0.01062776 0.03124293
v 0.01148641 0.00994087 0.03398517
v 0.01070126 0.00966365 0.03517414
v 0.01421593 0.01092785 0.03006852
v 0.01397041 -0.00709267 0.03270237
v 0.01287629 -0.00696434 0.03411330
v 0.01370766 -0.00803261 0.03280915
v 0.01482025 -0.00766947 0.03126065
v 0.01266376 -0.01282084 0.02945289
v 0.01379117 -0.01209613 0.02873995
v 0.01318701 -0.01243008 0.02975583
v 0.01211751 -0.01260224 0.03090023
v 0.01147530 -0.01315262 0.03060901
v 0.01119759 -0.01300789 0.03037050
v 0.01058352 -0.00811289 0.03604110
v 0.01169439 -0.00733516 0.03528186
v 0.01155893 -0.00803902 0.03529239
v 0.01263610 -0.00784445 0.03415779
v 0.01470737 -0.01103974 0.02863305
v 0.01525314 -0.00982970 0.02907280
v 0.01511726 -0.01004492 0.02945717
v 0.01468870 -0.01109493 0.02917105
v 0.01389783 -0.01196611 0.02916809
v 0.00917605 -0.01042076 0.03583298
v 0.00970251 -0.00920525 0.03622402
v 0.00959849 -0.01040982 0.03567008
v 0.01010493 -0.00942690 0.03598496
v 0.01076571 -0.00845667 0.03584376
v 0.01526929 -0.00864405 0.02999974
v 0.01459516 -0.00854662 0.03143156
v 0.01512015 -0.00932962 0.03021011
v 0.01037599 -0.01303025 0.03204540
v 0.01106190 -0.01242058 0.03229521
v 0.00953683 -0.01248993 0.03353990
v 0.00912884 -0.01156787 0.03487035
v 0.01019679 -0.01193213 0.03373327
v 0.00969876 -0.01118392 0.03500688
v 0.01245531 -0.01028164 0.03261161
v 0.01342586 -0.01062890 0.03124293
v 0.01148640 -0.00994201 0.03398518
v 0.01070125 -0.00966479 0.03517416
v 0.01421593 -0.01092899 0.03006852
v -0.02498804 -0.00000057 0.02883450
v 0.02937473 -0.00000057 0.03137519
v 0.00898600 -0.00000057 0.04084958
vn -0.53186642 0.66615557 0.52283350
vn -0.44840070 0.73773097 0.50466804
vn -0.49794522 0.75732561 0.42250264
vn -0.59192862 0.68163706 0.43010630
vn -0.52800962 0.76886495 0.36062796
vn -0.36303122 0.78630051 0.49993984
vn -0.40555070 0.80753504 0.42827070
vn -0.43789840 0.81941217 0.36987659
vn -0.66143540 0.60932034 0.43730074
vn -0.58924275 0.60184185 0.53905414
vn -0.66723918 0.60375487 0.43620171
vn -0.62168529 0.69459537 0.36200093
vn -0.69565420 0.61929266 0.36406296
vn -0.70618342 0.60785510 0.36306633
vn -0.46933672 0.59803184 0.64967758
vn -0.43095743 0.64799165 0.62799882
vn -0.31818402 0.58568178 0.74547688
vn -0.58737339 0.60656292 0.53579280
vn -0.46524555 0.61238093 0.63916834
vn -0.31308470 0.60540830 0.73175048
vn -0.37529803 0.71023376 0.59558324
vn -0.30698987 0.62351790 0.71901506
vn -0.28579607 0.68026146 0.67495552
vn -0.31365793 0.75432037 0.57673172
vn -0.29304166 0.34543084 -0.89151787
vn -0.34106428 0.40626417 -0.84771728
vn -0.37086035 0.45077372 -0.81195176
vn -0.32380925 0.38905526 -0.86242888
vn -0.39515847 0.46774234 -0.79061172
vn -0.39637561 0.45566546 -0.79702908
vn -0.41245327 0.49997330 -0.76151757
vn -0.42957556 0.51528155 -0.74158598
vn -0.26304367 0.29745874 -0.91778337
vn -0.28428773 0.33881922 -0.89687347
vn -0.18125570 0.25934702 -0.94862295
vn -0.34727996 0.40423762 -0.84616108
vn -0.29357303 0.33985311 -0.89348460
vn -0.19686613 0.32319205 -0.92562985
vn -0.22203593 0.21835814 -0.95027352
vn -0.25201232 0.28240908 -0.92559975
vn -0.16703831 0.14663486 -0.97498534
vn -0.14836019 0.14471098 -0.97828829
vn -0.10185334 0.06817460 -0.99246064
vn -0.30891880 0.34115500 -0.88779639
vn -0.20859879 0.20604522 -0.95605016
vn -0.27866448 0.25472804 -0.92599122
vn -0.38159077 0.38892150 -0.83852761
vn -0.15457445 0.07461889 -0.98515926
vn -0.23704021 0.09806742 -0.96653749
vn -0.25426121 0.16702160 -0.95260434
vn -0.17575375 0.13103135 -0.97567485
vn -0.34984782 0.12268463 -0.92873838
vn -0.35931640 0.20180145 -0.91113550
vn -0.36965815 0.29744016 -0.88027394
vn -0.09444762 0.05085136 -0.99423025
vn -0.12207478 0.09144079 -0.98829972
vn -0.03572108 0.01962876 -0.99916901
vn -0.06185487 0.03714814 -0.99739360
vn -0.08048815 0.02153746 -0.99652285
vn -0.14310646 0.03240582 -0.98917663
vn -0.07653422 -0.00000841 -0.99706696
vn -0.02214563 0.00805497 -0.99972231
vn -0.01823489 0.00000473 -0.99983373
vn -0.22704469 0.04387806 -0.97289538
vn -0.13964209 -0.00000116 -0.99020204
vn -0.22387394 0.00000004 -0.97461811
vn -0.34320579 0.05683401 -0.93753916
vn -0.04720713 0.16548013 -0.98508264
vn -0.08386068 0.21036495 -0.97401949
vn -0.11551409 0.26188597 -0.95816086
vn -0.06701559 0.22137207 -0.97288402
vn -0.13050304 0.23924381 -0.96214934
vn -0.20775531 0.30334992 -0.92995514
vn -0.02216768 0.14513241 -0.98916388
vn -0.02975084 0.20803318 -0.97766921
vn -0.00369321 0.14476545 -0.98945911
vn -0.07149415 0.21235918 -0.97457281
vn -0.02898361 0.20638995 -0.97804046
vn -0.00374329 0.20955681 -0.97778931
vn -0.00827179 0.04351269 -0.99901863
vn -0.01842839 0.05982794 -0.99803858
vn -0.00064805 -0.00230461 -0.99999713
vn -0.00152167 0.04090536 -0.99916187
vn 0.00002337 -0.00349515 -0.99999389
vn -0.04908798 0.09192614 -0.99455515
vn -0.00224042 0.00236453 -0.99999469
vn -0.02323082 0.01686606 -0.99958785
vn 0.00000000 0.00000000 -1.00000000
vn -0.00001526 0.00199785 -0.99999800
vn -0.00869811 0.00434926 -0.99995271
vn 0.00000000 0.00000000 -1.00000000
vn 0.00000000 0.00000000 -1.00000000
vn 0.00000000 0.00000000 -1.00000000
vn 0.00000000 0.00000000 -1.00000000
vn 0.00000000 0.00000000 -1.00000000
vn 0.00000000 0.00000000 -1.00000000
vn 0.00000000 0.00000000 -1.00000000
vn 0.00000000 0.00000000 -1.00000000
vn 0.00000000 0.00000000 -1.00000000
vn 0.00000000 0.00000000 -1.00000000
vn 0.00448436 0.00076983 -0.99998965
vn 0.00000000 0.00000000 -1.00000000
vn 0.00579074 0.00000050 -0.99998323
vn 0.03497067 0.17904764 -0.98321869
vn 0.01689573 0.15496369 -0.98777568
vn 0.04902738 0.22589059 -0.97291817
vn 0.02049751 0.21372883 -0.97667796
vn 0.05331872 0.21369902 -0.97544341
vn -0.00195510 0.20902300 -0.97790877
vn 0.08556364 0.25370561 -0.96348966
vn 0.05995074 0.22300557 -0.97297196
vn 0.12853145 0.30229754 -0.94450827
vn 0.09514234 0.22888643 -0.96879252
vn 0.14762821 0.26110919 -0.95395383
vn 0.01350659 0.07175416 -0.99733089
vn 0.02308992 0.10600094 -0.99409791
vn 0.00177987 0.00486522 -0.99998658
vn 0.08920053 0.28808045 -0.95344267
vn 0.03693586 0.15457128 -0.98729097
vn 0.00293203 0.01327973 -0.99990752
vn 0.00797297 0.05031528 -0.99870156
vn 0.00150415 -0.00096072 -0.99999841
vn 0.00000000 0.00000000 -1.00000000
vn 0.00000000 0.00000000 -1.00000000
vn 0.00000000 0.00000000 -1.00000000
vn 0.00000000 0.00000000 -1.00000000
vn 0.00000000 0.00000000 -1.00000000
vn 0.00000000 0.00000000 -1.00000000
vn 0.00000000 0.00000000 -1.00000000
vn 0.00543341 0.02555761 -0.99965859
vn 0.00000000 0.00000000 -1.00000000
vn 0.00000000 0.00000000 -1.00000000
vn 0.00000000 0.00000000 -1.00000000
vn 0.00000000 0.00000000 -1.00000000
vn 0.00000000 0.00000000 -1.00000000
vn 0.00000000 0.00000000 -1.00000000
vn 0.00000000 0.00000000 -1.00000000
vn 0.00000000 0.00000000 -1.00000000
vn 0.25510099 0.42265372 -0.86964781
vn 0.13127935 0.36784269 -0.92057454
vn 0.25569821 0.44805435 -0.85665963
vn 0.17901825 0.37511605 -0.90952758
vn 0.27511456 0.39117924 -0.87823162
vn 0.20757364 0.32009165 -0.92436709
vn 0.35631754 0.44574787 -0.82118612
vn 0.37474397 0.41835353 -0.82737372
vn 0.41113533 0.46346239 -0.78496519
vn 0.35899964 0.42632266 -0.83028203
vn 0.42280575 0.47832782 -0.76969981
vn 0.26030383 0.26359693 -0.92884798
vn 0.39215114 0.30590585 -0.86754775
vn 0.23746975 0.11792600 -0.96421034
vn 0.41674007 0.41767132 -0.80738986
vn 0.41438238 0.34127604 -0.84369302
vn 0.36258549 0.19684357 -0.91092501
vn 0.08876109 0.21073652 -0.97350480
vn 0.06091289 0.05251894 -0.99676044
vn 0.16680784 0.03416506 -0.98539733
vn 0.03242155 0.00534900 -0.99945997
vn 0.19769236 0.06105671 -0.97836078
vn 0.04332395 0.01022643 -0.99900874
vn 0.31961863 0.12651278 -0.93906254
vn 0.29233935 0.07283781 -0.95353676
vn 0.37865170 0.16483064 -0.91074352
vn 0.39286158 0.25264481 -0.88421173
vn 0.15040155 0.01522421 -0.98850776
vn 0.27832488 0.03234315 -0.95994228
vn 0.14565612 0.00001201 -0.98933528
vn 0.36801394 0.09666869 -0.92478155
vn 0.36173093 0.04328028 -0.93127737
vn 0.27444494 -0.00001193 -0.96160282
vn 0.02660722 0.00236582 -0.99964317
vn 0.02485228 0.00000203 -0.99969113
vn 0.00000000 0.00000000 -1.00000000
vn 0.17308505 0.61518641 0.76914709
vn 0.16314445 0.55280461 0.81718477
vn 0.08339393 0.62899287 0.77292523
vn 0.07777269 0.55840895 0.82591213
vn -0.01195370 0.62787772 0.77822020
vn 0.15697020 0.52453944 0.83679073
vn 0.07212450 0.52924978 0.84539501
vn -0.01333695 0.56039320 0.82811931
vn 0.08996570 0.72723893 0.68046287
vn 0.19476805 0.70246072 0.68455412
vn 0.09958277 0.84155245 0.53091690
vn -0.01837526 0.72221119 0.69142848
vn -0.03574302 0.83875315 0.54333746
vn 0.26038537 0.58872718 0.76524491
vn 0.28843940 0.65611794 0.69736071
vn 0.34968694 0.56380231 0.74822858
vn 0.22956183 0.80274149 0.55037030
vn 0.35276968 0.72190769 0.59531743
vn 0.40324386 0.57694076 0.71030539
vn 0.24896162 0.54588153 0.80001966
vn 0.24467864 0.52325289 0.81629576
vn 0.33923787 0.54369109 0.76767028
vn 0.33921995 0.52975314 0.77736184
vn 0.80462076 0.32956813 0.49393348
vn 0.83495613 0.16759924 0.52417435
vn 0.75177993 0.32880098 0.57159151
vn 0.78870606 0.17052532 0.59064699
vn 0.72126637 0.31290215 0.61795393
vn 0.84440691 -0.00000000 0.53570231
vn 0.80120080 -0.00000000 0.59839559
vn 0.78053078 -0.00000000 0.62511735
vn 0.68032367 0.48338914 0.55090348
vn 0.74089540 0.49692583 0.45181714
vn 0.55216652 0.65131074 0.52048674
vn 0.64344435 0.44664443 0.62168170
vn 0.50386897 0.58580774 0.63477976
vn 0.87560100 0.32380496 0.35843164
vn 0.81679428 0.49530328 0.29584077
vn 0.94270215 0.31213865 0.11782238
vn 0.62746161 0.67462879 0.38880320
vn 0.70864020 0.67373205 0.20955712
vn 0.87767124 0.47710570 0.04542413
vn 0.90237524 0.16170357 0.39946323
vn 0.91001115 0.00000000 0.41458376
vn 0.97356948 0.15511732 0.16763376
vn 0.98245537 0.00000000 0.18649782
vn 0.00438255 0.73781657 0.67498704
vn -0.05796744 0.77348446 0.63115891
vn -0.09878475 0.81757751 0.56728175
vn -0.04259144 0.79670547 0.60286513
vn -0.17793539 0.84918006 0.49722451
vn -0.10267991 0.78793977 0.60713075
vn -0.13506109 0.82623433 0.54689608
vn -0.19718702 0.85131298 0.48619285
vn 0.08628170 0.67472037 0.73301289
vn 0.04030078 0.74694932 0.66365847
vn 0.17440130 0.56441600 0.80685734
vn -0.13964836 0.84555105 0.51530743
vn -0.06746203 0.82961952 0.55423851
vn 0.17296361 0.64361241 0.74555124
vn 0.06205457 0.62415622 0.77883133
vn -0.00189427 0.68725293 0.72641574
vn -0.02099514 0.59909278 0.80040430
vn 0.12316746 0.52798073 0.84027741
vn 0.02255249 0.51755471 0.85535286
vn -0.05930983 0.72675581 0.68433058
vn -0.06931690 0.65330223 0.75391734
vn -0.11561446 0.68705244 0.71735085
vn -0.10440147 0.74229848 0.66188616
vn -0.22925118 0.60825621 0.75991334
vn -0.24712556 0.62764787 0.73823242
vn -0.19294520 0.65486819 0.73069816
vn -0.16207228 0.62791267 0.76122156
vn -0.26670309 0.63260857 0.72710100
vn -0.22048011 0.66348802 0.71496306
vn -0.15338468 0.69916470 0.69831359
vn -0.21789410 0.57284823 0.79016901
vn -0.13172982 0.58332866 0.80148296
vn -0.21185253 0.51350336 0.83152438
vn -0.10460855 0.51402104 0.85137502
vn -0.26656517 0.57618517 0.77262776
vn -0.26088806 0.59728199 0.75841390
vn -0.26917070 0.59814679 0.75482948
vn -0.28818529 0.52542665 0.80054736
vn -0.32745164 0.57761560 0.74775373
vn -0.27084800 0.60636017 0.74764210
vn -0.25627592 0.59399766 0.76255454
vn -0.26101028 0.58980671 0.76420002
vn -0.28537020 0.60656491 0.74205314
vn -0.17326988 0.60950398 0.77361647
vn -0.17087129 0.56848100 0.80475608
vn -0.22468925 0.57719648 0.78508532
vn -0.22471387 0.59833458 0.76908999
vn -0.17539173 0.54919449 0.81708210
vn -0.23203611 0.56471209 0.79199716
vn -0.27182950 0.58410698 0.76480570
vn -0.19380343 0.66946871 0.71711357
vn -0.24259587 0.63472214 0.73367230
vn -0.23721349 0.73980532 0.62961722
vn -0.29284959 0.66928513 0.68285909
vn -0.11503044 0.70197671 0.70284898
vn -0.10230773 0.62068992 0.77735265
vn -0.14936486 0.80044912 0.58049233
vn -0.10081468 0.56269247 0.82049594
vn -0.10431107 0.53903340 0.83580033
vn -0.01674767 0.53418430 0.84520213
vn 0.29994634 0.27772938 0.91263278
vn 0.24825991 0.42176556 0.87205552
vn 0.31599422 0.48027816 0.81821791
vn 0.41984113 0.29655127 0.85778247
vn 0.43175151 0.55697230 0.70948749
vn 0.10641527 0.78510126 0.61015719
vn 0.32593050 0.13400556 0.93584818
vn 0.46243800 0.13095126 0.87692808
vn 0.33084772 0.00000009 0.94368416
vn 0.58951190 0.31221014 0.74498359
vn 0.64724835 0.12403756 0.75211985
vn 0.47027920 -0.00000000 0.88251769
vn 0.20932834 0.14165156 0.96753113
vn 0.19659697 0.27765732 0.94034889
vn 0.08399075 0.15214969 0.98478222
vn 0.21182934 0.00000003 0.97730667
vn 0.08657622 -0.00000000 0.99624523
vn 0.16873519 0.40621190 0.89806477
vn 0.07421036 0.28934003 0.95434541
vn 0.05438842 0.41076322 0.91011839
vn -0.20504742 0.31626379 0.92624660
vn -0.20731253 0.42796562 0.87969707
vn -0.08291668 0.41857545 0.90438898
vn -0.06761405 0.30203706 0.95089534
vn -0.20517897 0.17357376 0.96321012
vn -0.05905849 0.16236180 0.98496230
vn -0.20498626 0.00000005 0.97876485
vn -0.05615193 0.00000012 0.99842224
vn -0.33846308 0.18912562 0.92177776
vn -0.32284986 0.33986138 0.88332452
vn -0.44773096 0.20864861 0.86948418
vn -0.34445302 0.00000014 0.93880356
vn -0.46122976 0.00000006 0.88728074
vn -0.30674258 0.44928960 0.83907559
vn -0.41724675 0.37065740 0.82976999
vn -0.37956531 0.48623790 0.78708505
vn -0.62811318 0.45468767 0.63145305
vn -0.56967469 0.58687252 0.57537066
vn -0.46299856 0.52902359 0.71117253
vn -0.51066772 0.40543173 0.75818441
vn -0.51351049 0.69284433 0.50623483
vn -0.41018124 0.63185760 0.65765289
vn -0.68218497 0.26501463 0.68146233
vn -0.55171991 0.23205136 0.80109756
vn -0.70936183 -0.00000000 0.70484451
vn -0.57156969 0.00000000 0.82055353
vn -0.84397899 0.31021318 0.43756971
vn -0.76599000 0.52096672 0.37663376
vn -0.93968370 0.34105588 -0.02598892
vn -0.88464600 0.00000000 0.46626328
vn -0.99999105 -0.00000000 -0.00423154
vn -0.68768954 0.65780468 0.30720694
vn -0.82833331 0.55530569 -0.07415875
vn -0.72279120 0.68019731 -0.12208403
vn -0.61700387 0.75272227 0.22959835
vn 0.04293169 0.61595307 -0.78661216
vn 0.09312933 0.60868687 -0.78792590
vn 0.09761183 0.54579080 -0.83221652
vn 0.04633028 0.55373801 -0.83140106
vn 0.04915038 0.51018334 -0.85866012
vn 0.15660228 0.59767336 -0.78629656
vn 0.16216018 0.53693293 -0.82789317
vn 0.10132776 0.50344124 -0.85806737
vn 0.00268864 0.61896697 -0.78541241
vn 0.00561598 0.55778050 -0.82996950
vn -0.02404115 0.55776280 -0.82965214
vn -0.02801303 0.61796370 -0.78570741
vn 0.00805551 0.51505011 -0.85712221
vn -0.00077635 0.69781409 -0.71627850
vn 0.03908025 0.69655824 -0.71643517
vn -0.00445750 0.79263061 -0.60968586
vn -0.03315006 0.69558117 -0.71768232
vn -0.03973615 0.78971341 -0.61218768
vn 0.08785871 0.68975944 -0.71868822
vn 0.03479975 0.79292179 -0.60832887
vn 0.07983530 0.78779765 -0.61073823
vn 0.14768246 0.67664457 -0.72134737
vn -0.65198037 0.72764336 0.21320585
vn -0.65701241 0.74547861 0.11223342
vn -0.72747254 0.65359372 0.20880363
vn -0.73304369 0.67235450 0.10289010
vn -0.74667591 0.63285353 0.20486947
vn -0.65430436 0.75622369 0.00339671
vn -0.73087199 0.68241596 -0.01160109
vn -0.75686356 0.64685647 0.09345732
vn -0.71434369 0.63363756 0.29701268
vn -0.63944948 0.70885346 0.29770982
vn -0.72868900 0.61785034 0.29542055
vn -0.56328174 0.79774050 0.21522958
vn -0.54866533 0.78097073 0.29841427
vn -0.48198751 0.84898399 0.21659693
vn -0.46311541 0.83231044 0.30460376
vn -0.57026036 0.81310505 0.11689011
vn -0.56863194 0.82252992 0.01011203
vn -0.49144092 0.86351012 0.11329645
vn 0.04456451 0.96972647 -0.24009286
vn 0.08174721 0.97049145 -0.22685620
vn 0.07483765 0.95771196 -0.27782572
vn 0.04017592 0.95654360 -0.28880831
vn 0.06816413 0.95078010 -0.30227613
vn 0.12050799 0.97071693 -0.20781353
vn 0.10901425 0.95897517 -0.26169165
vn 0.09897611 0.95159907 -0.29096898
vn 0.00807082 0.96792297 -0.25111748
vn 0.00413784 0.95457049 -0.29795647
vn -0.02850628 0.96412446 -0.26391556
vn 0.03530033 0.94988016 -0.31061482
vn -0.00064832 0.94804767 -0.31812763
vn -0.03434822 0.95049884 -0.30882382
vn 0.01010890 0.98507446 -0.17183167
vn 0.04932602 0.98627612 -0.15756385
vn 0.00674779 0.99913049 -0.04114272
vn -0.02598165 0.98212057 -0.18645143
vn -0.03234199 0.99788669 -0.05635727
vn 0.08839725 0.98605171 -0.14102464
vn 0.04942171 0.99835884 -0.02893306
vn 0.09312561 0.99553761 -0.01524724
vn 0.13599500 0.99070088 0.00413761
vn -0.11419953 0.60475310 -0.78818282
vn -0.06264244 0.61343132 -0.78725977
vn -0.05789054 0.55314279 -0.83107264
vn -0.10928650 0.54436686 -0.83169777
vn -0.05488450 0.51141611 -0.85757872
vn -0.02128144 0.51599572 -0.85632676
vn -0.18200940 0.59164258 -0.78538630
vn -0.17741125 0.53301654 -0.82729597
vn -0.26445397 0.57520311 -0.77408364
vn -0.10603447 0.50317245 -0.85765621
vn -0.17384131 0.49415089 -0.85181811
vn -0.26036698 0.52225965 -0.81206767
vn -0.18754555 0.66917018 -0.71905350
vn -0.12077767 0.68329063 -0.72008796
vn -0.19194947 0.76473035 -0.61509584
vn -0.26676793 0.64755549 -0.71379742
vn -0.06939384 0.69137316 -0.71915760
vn -0.12930821 0.77937759 -0.61306603
vn -0.07855076 0.78620880 -0.61294821
vn 0.02992704 0.92169537 -0.38675834
vn 0.03141372 0.87506184 -0.48299064
vn -0.00701877 0.92033031 -0.39107909
vn -0.00683483 0.87397393 -0.48592474
vn -0.04736216 0.91700672 -0.39604987
vn -0.04524323 0.87078459 -0.48957864
vn -0.00491384 0.94112380 -0.33802641
vn 0.03122638 0.94270498 -0.33216295
vn -0.04594650 0.93756080 -0.34477335
vn -0.04102191 0.94411765 -0.32704598
vn 0.06534124 0.92057754 -0.38505520
vn 0.06408825 0.94285337 -0.32698657
vn 0.10176435 0.91625333 -0.38745820
vn 0.09528815 0.94186942 -0.32218343
vn 0.07147888 0.87204293 -0.48418168
vn 0.11652792 0.86295780 -0.49165545
vn 0.13353872 0.77512698 -0.61753184
vn 0.52915556 0.79603340 0.29381152
vn 0.51258789 0.76783782 0.38428992
vn 0.59608270 0.70229145 0.38919422
vn 0.61427484 0.73121962 0.29662145
vn 0.65510896 0.69400346 0.29864938
vn 0.48896921 0.73969766 0.46233807
vn 0.56976671 0.67478778 0.46907073
vn 0.63563342 0.66479786 0.39244613
vn 0.53714316 0.82129135 0.19224396
vn 0.62216608 0.75854665 0.19369136
vn 0.53786715 0.83894681 0.08286848
vn 0.66348096 0.72236523 0.19488841
vn 0.62114930 0.77952782 0.08068410
vn 0.44206007 0.87659919 0.19014930
vn 0.43335187 0.85346841 0.28947856
vn 0.35284098 0.91687241 0.18667678
vn 0.44424029 0.89202205 0.08335007
vn 0.41805547 0.82584203 0.37843701
vn 0.34431633 0.89432442 0.28570982
vn 0.33002797 0.86656906 0.37435225
vn 0.39737570 0.79746207 0.45403392
vn -0.11481132 0.94591018 -0.30343416
vn -0.12330847 0.93088472 -0.34387303
vn -0.16990165 0.93176522 -0.32085356
vn -0.17244909 0.91721654 -0.35913107
vn -0.22625075 0.90319788 -0.36475224
vn -0.13251882 0.92639332 -0.35246870
vn -0.17696388 0.91394314 -0.36522832
vn -0.22756861 0.89839269 -0.37563692
vn -0.17101820 0.95353530 -0.24803871
vn -0.11267208 0.96666540 -0.22991958
vn -0.18288217 0.97593654 -0.11875179
vn -0.22977850 0.91691686 -0.32629021
vn -0.24020670 0.93761313 -0.25136101
vn -0.25538372 0.95878108 -0.12457123
vn -0.06861961 0.95675243 -0.28269441
vn -0.06528995 0.97609862 -0.20728897
vn -0.12287683 0.98733047 -0.10039832
vn -0.07375300 0.99424966 -0.07764094
vn -0.07643189 0.94267382 -0.32484493
vn -0.08485831 0.93687306 -0.33921666
vn 0.13263000 0.57049182 0.81052351
vn 0.05589398 0.56508008 0.82314055
vn 0.05703524 0.48389165 0.87326734
vn 0.14110026 0.49492935 0.85740052
vn 0.06097636 0.45486150 0.88847223
vn -0.02282508 0.55360944 0.83246358
vn -0.02772224 0.46906179 0.88273015
vn -0.02691778 0.44001504 0.89758687
vn 0.21224213 0.58315871 0.78414233
vn 0.23118082 0.51139967 0.82766286
vn 0.29260741 0.60764369 0.73834277
vn 0.14818058 0.46643686 0.87205457
vn 0.24188759 0.48164054 0.84232582
vn 0.32900577 0.53938181 0.77512739
vn 0.19251267 0.65937929 0.72674468
vn 0.12584342 0.65292896 0.74689169
vn 0.12681895 0.72437659 0.67763966
vn 0.25029141 0.67649137 0.69261363
vn 0.22085096 0.71894647 0.65904540
vn 0.05917427 0.65005003 0.75758390
vn 0.06873211 0.72203626 0.68843266
vn 0.00554702 0.71341941 0.70071533
vn 0.53756848 0.83280466 -0.13212315
vn 0.44337110 0.88891572 -0.11511258
vn 0.44237057 0.89659010 -0.02084415
vn 0.53537286 0.84420151 -0.02645207
vn 0.34409336 0.93254913 -0.10932461
vn 0.34998025 0.93648249 -0.02267981
vn 0.35483584 0.93158612 0.07898624
vn 0.61691569 0.78628598 -0.03419631
vn 0.61337991 0.77583432 -0.14780460
vn 0.65595875 0.75368525 -0.04094718
vn 0.66230633 0.74506362 0.07893365
vn 0.61245219 0.74829774 -0.25485842
vn 0.54598279 0.80500666 -0.23209279
vn 0.61242754 0.70427172 -0.35907360
vn 0.64955392 0.74375661 -0.15781575
vn 0.64293291 0.71634449 -0.27108641
vn 0.45053750 0.86845121 -0.20690204
vn 0.55160222 0.76531481 -0.33170505
vn 0.46227624 0.83326156 -0.30327522
vn 0.34313078 0.91994457 -0.18963980
vn -0.71595394 0.63893704 -0.28137061
vn -0.69384410 0.65933052 -0.28959219
vn -0.71805820 0.67503909 -0.16945398
vn -0.69621616 0.69454144 -0.18137047
vn -0.70303500 0.70949593 -0.04855212
vn -0.67817473 0.67117337 -0.29934151
vn -0.68546424 0.70199581 -0.19323729
vn -0.68038540 0.73045316 -0.05927804
vn -0.73487340 0.62114718 -0.27228160
vn -0.74221125 0.65124631 -0.15811610
vn -0.74242221 0.61902775 -0.25615210
vn -0.73851714 0.67307640 -0.03950431
vn -0.75382112 0.64082967 -0.14522762
vn -0.71599625 0.58734252 -0.37733026
vn -0.69683285 0.60423984 -0.38641712
vn -0.67737169 0.55852529 -0.47876622
vn -0.71877362 0.59276452 -0.36331075
vn -0.67476908 0.56934655 -0.46960750
vn -0.67392891 0.62678824 -0.39109631
vn -0.65551263 0.64342208 -0.39536214
vn -0.66145626 0.57321276 -0.48363493
vn -0.63668610 0.59861773 -0.48609426
vn -0.17821154 0.54293239 0.82064918
vn -0.16119916 0.49862002 0.85170001
vn -0.17091177 0.44075743 0.88120489
vn -0.18822138 0.49550309 0.84796781
vn -0.23755675 0.39260340 0.88849837
vn -0.15116487 0.51849427 0.84161326
vn -0.15848864 0.45797908 0.87472082
vn -0.22550028 0.40733143 0.88500324
vn -0.19709792 0.61549906 0.76309456
vn -0.20735508 0.57543566 0.79112431
vn -0.21824370 0.68940810 0.69071424
vn -0.24673792 0.45291786 0.85672972
vn -0.25025441 0.53760347 0.80520509
vn -0.25061321 0.62814253 0.73663423
vn -0.22286286 0.64854855 0.72781655
vn -0.21447391 0.58569414 0.78164142
vn -0.24084063 0.71212890 0.65944539
vn -0.26807269 0.72317603 0.63651666
vn -0.20533432 0.54900619 0.81020369
vn -0.19824131 0.57061285 0.79693247
vn 0.42337238 0.67604172 0.60309487
vn 0.36805279 0.63964423 0.67482768
vn 0.41938586 0.57611623 0.70157365
vn 0.48762896 0.61309173 0.62155976
vn 0.51784416 0.57667034 0.63189299
vn 0.34579040 0.50682155 0.78965873
vn 0.46037429 0.71021356 0.53259010
vn 0.53552864 0.64619114 0.54373347
vn 0.57120586 0.60902164 0.55028765
vn 0.60791715 0.63768730 0.47306622
vn 0.37361692 0.76861248 0.51927377
vn 0.34525938 0.73640812 0.58180670
vn 0.29075196 0.80998825 0.50929592
vn 0.31153064 0.83784791 0.44828511
vn 0.30488605 0.70265205 0.64290325
vn 0.26814181 0.77952050 0.56608105
vn 0.24332552 0.74527415 0.62077301
vn -0.17739661 0.50657286 0.84375019
vn -0.24536428 0.47922014 0.84270067
vn -0.26068219 0.39927642 0.87898984
vn -0.19036598 0.42227909 0.88625119
vn -0.26504277 0.37893164 0.88665841
vn -0.30548166 0.45366396 0.83717977
vn -0.32203061 0.37995402 0.86713968
vn -0.32602678 0.36691946 0.87125005
vn -0.10271085 0.53258059 0.84012404
vn -0.11215627 0.44668900 0.88763163
vn -0.19394121 0.39696699 0.89710870
vn -0.11395457 0.41864314 0.90097296
vn -0.08850365 0.62195106 0.77803855
vn -0.15626599 0.59791472 0.78617996
vn -0.06557991 0.69573201 0.71530151
vn -0.01182254 0.63986433 0.76839694
vn -0.22132755 0.56953148 0.79161102
vn -0.13252755 0.67346936 0.72723825
vn -0.19152693 0.64931270 0.73600982
vn -0.28004875 0.54180452 0.79247748
vn 0.54727941 0.50854723 -0.66472924
vn 0.46439510 0.45863950 -0.75761930
vn 0.46752320 0.50899476 -0.72273535
vn 0.53692559 0.55878858 -0.63203341
vn 0.47896474 0.53346453 -0.69714301
vn 0.61903233 0.54760380 -0.56296452
vn 0.59634324 0.59714596 -0.53646197
vn 0.68561794 0.57622975 -0.44484527
vn 0.53918789 0.58248948 -0.60826181
vn 0.59074069 0.61953232 -0.51691890
vn 0.65340459 0.62536899 -0.42658653
vn 0.65196323 0.47383656 -0.59196526
vn 0.56418192 0.43225717 -0.70345753
vn 0.69216498 0.37032071 -0.61949189
vn 0.72982187 0.50159904 -0.46449805
vn 0.78178208 0.39516878 -0.48234678
vn 0.47028362 0.38509427 -0.79406279
vn 0.58500579 0.33556112 -0.73835423
vn 0.47775002 0.29495250 -0.82750102
vn 0.61560840 0.14181549 -0.77518686
vn 0.48228837 0.11918650 -0.86786664
vn 0.60528381 0.23048613 -0.76191053
vn 0.48227456 0.19800003 -0.85335059
vn 0.74390280 0.16147258 -0.64848688
vn 0.72513947 0.25840037 -0.63828050
vn 0.84994177 0.17576639 -0.49669424
vn 0.82450483 0.27835162 -0.49265826
vn 0.75314187 0.07622526 -0.65342714
vn 0.62047858 0.06598829 -0.78144218
vn 0.62202184 -0.00000003 -0.78299989
vn 0.86319236 0.08437867 -0.49777424
vn 0.86734534 0.00000000 -0.49770680
vn 0.48104611 0.05460063 -0.87499338
vn 0.48046718 -0.00000001 -0.87701270
vn 0.35979688 -0.00000544 -0.93303066
vn 0.77734565 0.60039153 -0.18778645
vn 0.74025169 0.59271393 -0.31736042
vn 0.70271027 0.64204376 -0.30655846
vn 0.73793226 0.64990138 -0.18189057
vn 0.68696698 0.66258540 -0.29842412
vn 0.64143746 0.64650983 -0.41301697
vn 0.79641622 0.60212146 -0.05631120
vn 0.75696657 0.65125097 -0.05360774
vn 0.79701518 0.59903941 0.07693238
vn 0.72076342 0.67015391 -0.17718306
vn 0.73959861 0.67111107 -0.05102776
vn 0.75855488 0.64704306 0.07700500
vn 0.84808290 0.52664349 -0.05832702
vn 0.82933238 0.52423156 -0.19336256
vn 0.90612895 0.41892070 -0.05861551
vn 0.84730346 0.52532383 0.07817747
vn 0.79040593 0.51704538 -0.32851564
vn 0.88797418 0.41533982 -0.19747072
vn 0.84797682 0.40851536 -0.33771367
vn 0.96300663 0.18752777 -0.19352407
vn 0.92216803 0.18319463 -0.34065503
vn 0.93502904 0.29495840 -0.19677459
vn 0.89434494 0.28928924 -0.34126069
vn 0.95265868 0.29884398 -0.05597953
vn 0.98005692 0.19161653 -0.05264549
vn 0.94926873 0.30265069 0.08538997
vn 0.90386681 0.42007977 0.08098015
vn 0.97749022 0.09055231 -0.19056009
vn 0.99439075 0.09330654 -0.04980882
vn 0.98197088 0.00000000 -0.18903223
vn 0.97648597 0.19611561 0.08951988
vn 0.99100160 0.09655989 0.09269318
vn 0.99882853 -0.00000000 -0.04838980
vn 0.93695070 0.08831033 -0.33811932
vn 0.94169483 -0.00000000 -0.33646818
vn 0.75060506 0.58100309 0.31468627
vn 0.78042305 0.59130376 0.20322334
vn 0.71585914 0.62567616 0.30995972
vn 0.74366596 0.63774928 0.20059113
vn 0.70159093 0.64283783 0.30745681
vn 0.72798151 0.65593059 0.19949432
vn 0.67836471 0.61204362 0.40647746
vn 0.71057814 0.56942732 0.41331735
vn 0.63346420 0.59688626 0.49239202
vn 0.66599042 0.62808230 0.40245421
vn 0.62396669 0.61164682 0.48636791
vn 0.79629339 0.51249418 0.32135113
vn 0.75339212 0.50434208 0.42194713
vn 0.84807074 0.41536912 0.32900535
vn 0.66201427 0.55678000 0.50173014
vn 0.70101842 0.49611974 0.51228740
vn 0.80269663 0.41261369 0.43061360
vn 0.82858525 0.51995666 0.20758505
vn 0.88282434 0.41845890 0.21333854
vn 0.91876885 0.20274412 0.33876042
vn 0.95391372 0.19960284 0.22406990
vn 0.89108562 0.30590924 0.33524013
vn 0.92684229 0.30467657 0.21939818
vn 0.84564617 0.30857885 0.43550161
vn 0.87563469 0.20769819 0.43603365
vn 0.79166304 0.31492250 0.52353934
vn 0.74754161 0.41161224 0.52130309
vn 0.93470186 0.10211351 0.34044862
vn 0.89433584 0.10627643 0.43459030
vn 0.94003850 0.00000000 0.34106834
vn 0.82652040 0.21689713 0.51944169
vn 0.85066181 0.11361636 0.51328920
vn 0.90107646 -0.00000000 0.43366025
vn 0.96875681 0.09936290 0.22723834
vn 0.97350652 0.00000000 0.22865927
vn 0.99554946 0.00000000 0.09424054
vn 0.53264122 0.53246789 0.65785354
vn 0.60381301 0.54245778 0.58407996
vn 0.51290817 0.55975382 0.65084628
vn 0.57986553 0.57879673 0.57336752
vn 0.51023994 0.56934415 0.64459479
vn 0.57391679 0.59188843 0.56593958
vn 0.43188939 0.54768211 0.71660021
vn 0.45167814 0.54194554 0.70871848
vn 0.43045663 0.54679920 0.71813490
vn 0.56956733 0.49101913 0.65916103
vn 0.49095241 0.50917343 0.70690038
vn 0.62256866 0.43439640 0.65092859
vn 0.55724647 0.48409306 0.67463344
vn 0.63939386 0.48859271 0.59367723
vn 0.68478767 0.41422325 0.59957063
vn 0.73475127 0.25811978 0.62730754
vn 0.77657377 0.23297630 0.58536759
vn 0.68408611 0.34622835 0.64199075
vn 0.73295723 0.32746895 0.59626989
vn 0.65408659 0.38573409 0.65067653
vn 0.71823574 0.28687825 0.63390717
vn 0.77677460 0.14091847 0.61381040
vn 0.76106101 0.15735352 0.62930597
vn 0.79276272 0.00000000 0.60953037
vn 0.76573890 0.16833904 0.62073014
vn 0.77793232 -0.00000000 0.62834807
vn 0.80892223 0.12546142 0.57437292
vn 0.82192025 -0.00000000 0.56960259
vn 0.86013356 -0.00000000 0.51006888
vn -0.72879994 0.52101448 -0.44429108
vn -0.60532751 0.69544843 -0.38720807
vn -0.55554013 0.66427786 -0.50011008
vn -0.67247687 0.50389748 -0.54209058
vn -0.50769191 0.62489877 -0.59308553
vn -0.44967152 0.84474024 -0.29018865
vn -0.41738744 0.80265552 -0.42606554
vn -0.38959105 0.74743609 -0.53810604
vn -0.82718936 0.29740543 -0.47676805
vn -0.77104682 0.29178572 -0.56599285
vn -0.87225018 0.00000005 -0.48905995
vn -0.61539231 0.48091409 -0.62451097
vn -0.71191294 0.28244699 -0.64296474
vn -0.81752253 -0.00000000 -0.57589662
vn -0.77921469 0.53010708 -0.33438145
vn -0.87703631 0.29976015 -0.37543463
vn -0.81955816 0.53051881 -0.21650455
vn -0.92032515 -0.00000000 -0.39115422
vn -0.91577905 0.29951919 -0.26765087
vn -0.64927357 0.71190904 -0.26763662
vn -0.47722868 0.86351676 -0.16306928
vn -0.68778055 0.71215077 -0.14070964
vn -0.50904971 0.86000161 -0.03557560
vn 0.88204673 0.26297325 -0.39094583
vn 0.92421898 0.12911692 -0.35937182
vn 0.94231769 0.28882107 -0.16917375
vn 0.98192415 0.14363025 -0.12326926
vn 0.93884556 0.00000000 -0.34433852
vn 0.99455467 -0.00000000 -0.10421618
vn 0.86915780 0.43943319 -0.22685498
vn 0.81113179 0.40492787 -0.42201734
vn 0.75609804 0.59034892 -0.28249588
vn 0.76431244 0.64355261 -0.04082309
vn 0.80941195 0.24469199 -0.53383342
vn 0.74752525 0.38611355 -0.54048342
vn 0.75630835 0.23579636 -0.61024402
vn 0.70887885 0.55180113 -0.43932480
vn 0.65933425 0.53817665 -0.52501833
vn 0.70776132 0.38349618 -0.59329975
vn 0.84756982 0.11699997 -0.51762575
vn 0.86140743 -0.00000000 -0.50791459
vn 0.78594739 0.10938622 -0.60854035
vn 0.79663905 0.00000000 -0.60445531
vn 0.43461551 0.79289468 -0.42711519
vn 0.58096730 0.68595976 -0.43810524
vn 0.44550426 0.82454391 -0.34878833
vn 0.60917553 0.72294426 -0.32597051
vn 0.43243632 0.87926781 -0.19971718
vn 0.60623083 0.78482473 -0.12858585
vn 0.24937224 0.89675505 -0.36557334
vn 0.27281703 0.86750427 -0.41594135
vn 0.08544305 0.90650307 -0.41346303
vn 0.20491867 0.94669408 -0.24855312
vn 0.03020704 0.92454235 -0.37988022
vn 0.42687687 0.78990196 -0.44026246
vn 0.28681713 0.87044485 -0.40007712
vn 0.45395638 0.80479677 -0.38239477
vn 0.13047913 0.91542511 -0.38075197
vn 0.34009188 0.88808217 -0.30926942
vn 0.55035454 0.67922469 -0.48555505
vn 0.55168400 0.69367739 -0.46309441
vn 0.63759429 0.54641311 -0.54305271
vn -0.23819948 0.84588505 -0.47722059
vn -0.09177552 0.89644286 -0.43355214
vn -0.17407794 0.90312650 -0.39250399
vn -0.33359410 0.84769640 -0.41246308
vn -0.24556114 0.93394676 -0.25969825
vn -0.02861854 0.96273111 -0.26894198
vn -0.35370010 0.77012003 -0.53085910
vn -0.45193326 0.77814094 -0.43618003
vn -0.44633052 0.68321006 -0.57793865
vn -0.41352648 0.88017738 -0.23298847
vn -0.53926790 0.81855266 -0.19789311
vn -0.54153419 0.70556411 -0.45707769
vn -0.28358095 0.79659509 -0.53387086
vn -0.16271356 0.87245456 -0.46081161
vn -0.25940022 0.85344186 -0.45204925
vn -0.39196778 0.69917569 -0.59792526
vn -0.02590361 0.91533539 -0.40185835
vn -0.12909873 0.92512946 -0.35702800
vn 0.00102327 0.96099498 -0.27656393
vn -0.20598490 0.94028834 0.27097613
vn -0.06654501 0.95691673 0.28263429
vn -0.15520962 0.96308900 0.21993077
vn -0.01331713 0.96887823 0.24717935
vn -0.12616453 0.97624043 0.17617357
vn 0.04223990 0.94976672 0.31009508
vn 0.10004334 0.95693420 0.27252206
vn 0.01998071 0.96987701 0.24277430
vn -0.33606013 0.92706064 0.16619917
vn -0.37289942 0.89646002 0.23938556
vn -0.53778592 0.83958783 0.07667194
vn -0.30315962 0.94957063 0.08006160
vn -0.25426623 0.90941968 0.32909653
vn -0.40593414 0.86106206 0.30625088
vn -0.29232555 0.87329957 0.38973533
vn -0.56009630 0.81017313 0.17294981
vn -0.57504014 0.77550011 0.26063079
vn -0.43184084 0.82133468 0.37272354
vn -0.12279150 0.93092151 0.34395841
vn -0.00942667 0.92768098 0.37325478
vn -0.16595145 0.89678972 0.41015646
vn -0.04881004 0.89382519 0.44575118
vn -0.37383038 0.88344206 0.28245525
vn -0.24703559 0.95251121 0.17803317
vn -0.20019943 0.89620656 0.39589645
vn -0.30058414 0.82339540 0.48132026
vn -0.07407666 0.99021076 0.11830170
vn -0.05878179 0.93886372 0.33923386
vn -0.45633521 0.79251175 0.40457793
vn -0.36710047 0.73090886 0.57533424
vn -0.53917104 0.83147550 0.13395181
vn -0.42696930 0.90369648 0.03209198
vn -0.63371330 0.75661142 -0.16107952
vn -0.27039613 0.96146951 -0.04962172
vn -0.06672726 0.99370580 -0.08997924
vn 0.31056329 0.93078497 0.19284654
vn 0.47674521 0.82884451 0.29279820
vn 0.26482782 0.88952569 0.37230399
vn 0.41339091 0.79496708 0.44399921
vn 0.11005511 0.93684041 0.33199085
vn 0.13215101 0.98309119 0.12675894
vn 0.37702703 0.92617510 -0.00709285
vn 0.16452284 0.98324282 -0.07852252
vn 0.55381024 0.82635242 0.10215619
vn -0.35023704 0.86048917 0.36998974
vn -0.25716010 0.86524732 0.43036701
vn -0.26689084 0.86177548 0.43140735
vn -0.34307842 0.86022211 0.37724676
vn -0.27188336 0.86025936 0.43131574
vn -0.43199397 0.84528060 0.31445495
vn -0.40943080 0.85099914 0.32888735
vn -0.51297118 0.82108523 0.25035896
vn -0.33838740 0.85867697 0.38492575
vn -0.39739403 0.85171093 0.34156475
vn -0.47244793 0.83670758 0.27697178
vn -0.46362545 0.83614551 0.29310772
vn -0.35116539 0.86439128 0.35987579
vn -0.48190887 0.83436569 0.26757753
vn -0.58207581 0.78533743 0.21079106
vn -0.70920708 0.69029040 0.14326367
vn -0.23581652 0.87012148 0.43275765
vn -0.33553356 0.87622258 0.34590637
vn -0.18155561 0.88243488 0.43398875
vn -0.28708730 0.88779393 0.35972603
vn -0.09852022 0.89876459 0.42721889
vn -0.12901850 0.89767020 0.42135784
vn -0.30839693 0.88785201 0.34148228
vn 0.21108862 0.82930336 0.51739495
vn 0.18431933 0.81891278 0.54351472
vn -0.45247232 0.83902915 0.30215707
vn -0.47311488 0.83801784 0.27182423
vn -0.66256280 0.71128605 0.23469702
vn -0.68745341 0.70404707 0.17811665
vn -0.44100986 0.82360692 0.35662577
vn -0.27781923 0.86940867 0.40858909
vn -0.46501105 0.76658199 0.44285074
vn -0.63094881 0.71439825 0.30255369
vn -0.59495856 0.71657887 0.36405910
vn -0.08371155 0.87731971 0.47254894
vn -0.28155721 0.80372061 0.52417431
vn 0.18499193 0.81401600 0.55059598
vn 0.14149113 0.78628617 0.60144353
vn 0.14474832 0.73397017 0.66357796
vn 0.15733736 0.77550858 0.61141753
vn 0.04420320 0.82036251 0.57013282
vn 0.03458803 0.76551295 0.64249015
vn -0.07491533 0.84820041 0.52435080
vn 0.17693074 0.80804874 0.56191881
vn 0.06486006 0.86265076 0.50162420
vn 0.14745087 0.67910905 0.71907520
vn 0.03519496 0.68948815 0.72344136
vn 0.08684101 0.61430412 0.78427616
vn -0.09067393 0.78602513 0.61150857
vn -0.09526668 0.70678028 0.70098922
vn 0.22905471 0.66558193 0.71030602
vn 0.23822041 0.70316593 0.66993188
vn 0.28675396 0.65238171 0.70154848
vn 0.17766135 0.61055322 0.77179091
vn 0.27773613 0.62620613 0.72851117
vn 0.25403901 0.72906303 0.63555588
vn 0.30355723 0.67964767 0.66778144
vn 0.32366682 0.69760293 0.63921040
vn 0.27437466 0.74839397 0.60384188
vn -0.66094596 0.74698071 0.07190445
vn -0.59334788 0.78708161 0.16864411
vn -0.53837202 0.81628073 0.20938322
vn -0.60358908 0.78860084 0.11742628
vn -0.51133698 0.82542229 0.23919144
vn -0.45218389 0.84089797 0.29735555
vn -0.70648015 0.70691567 -0.03400041
vn -0.65578126 0.75490423 0.00839876
vn -0.72935308 0.67047870 -0.13602354
vn -0.57637275 0.80274570 0.15295027
vn -0.63413308 0.77201688 0.04318769
vn -0.68704428 0.71922115 -0.10339773
vn -0.77513998 0.62652772 -0.08136968
vn -0.74053160 0.67183667 0.01576228
vn -0.85692327 0.49871689 -0.13024584
vn -0.78816468 0.59110970 -0.17142275
vn -0.85839284 0.46944490 -0.20684104
vn -0.67891174 0.72491712 0.11650761
vn -0.84009343 0.54062717 -0.04433175
vn -0.79866636 0.59999930 0.04618323
vn -0.96548638 0.22625978 -0.12900603
vn -0.96687921 0.24611740 -0.06760785
vn -0.90863840 0.41704173 -0.02127114
vn -0.92182329 0.37559140 -0.09577538
vn -0.96467162 0.26309142 -0.01384097
vn -0.88802882 0.45836959 0.03608506
vn -0.95857914 0.21053243 -0.19183883
vn -0.92282000 0.34604097 -0.16928938
vn -0.94820566 0.20193720 -0.24520887
vn -0.91575069 0.32745940 -0.23274669
vn -0.97489196 0.09548332 -0.20116808
vn -0.98446857 0.10015526 -0.14418929
vn -0.97923475 0.00000007 -0.20272964
vn -0.96397637 0.09341287 -0.24904538
vn -0.96846228 0.00000007 -0.24916023
vn -0.99066503 0.10576436 -0.08600406
vn -0.98911810 0.00000006 -0.14712370
vn -0.99598860 0.00000002 -0.08948017
vn -0.99349875 0.10904937 -0.03268757
vn -0.13190185 0.99091867 -0.02611707
vn 0.00568707 0.99622142 0.08666331
vn 0.00420260 0.99641685 -0.08447371
vn -0.12388621 0.97303795 -0.19454912
vn 0.13197833 0.97833585 0.15950139
vn 0.14627065 0.98919029 0.01036626
vn 0.18946514 0.95973431 -0.20739581
vn -0.27661859 0.94835106 -0.15528175
vn -0.26472814 0.91165132 -0.31434199
vn -0.12860290 0.98674016 0.09902101
vn -0.28266074 0.95874728 -0.03010904
vn 0.01335982 0.97892211 0.20379650
vn 0.13566870 0.95732417 0.25519490
vn -0.71833861 0.61475488 -0.32567786
vn -0.73260198 0.64000584 -0.23170426
vn -0.69581947 0.68677793 -0.21016979
vn -0.68514738 0.65889023 -0.31054264
vn -0.67212319 0.73643466 -0.07690520
vn -0.68825017 0.59218560 -0.41907985
vn -0.65934169 0.63325771 -0.40528165
vn -0.64427783 0.56970512 -0.51023736
vn -0.61697457 0.61671477 -0.48888165
vn -0.73268828 0.52378650 -0.43452915
vn -0.76681805 0.54272127 -0.34270059
vn -0.78722488 0.42169254 -0.44994710
vn -0.68282337 0.50391267 -0.52898417
vn -0.73014181 0.40638749 -0.54931061
vn -0.78518342 0.56415753 -0.25536890
vn -0.82586511 0.43454597 -0.35932801
vn -0.84871536 0.44945007 -0.27870571
vn -0.90782517 0.19700361 -0.37019324
vn -0.93333557 0.19844883 -0.29917014
vn -0.90180262 0.31681469 -0.29390556
vn -0.87638282 0.30984144 -0.36871593
vn -0.86586929 0.19604272 -0.46025821
vn -0.83493308 0.30410377 -0.45870213
vn -0.79919866 0.19256570 -0.56938559
vn -0.77152623 0.29576365 -0.56326826
vn -0.88347780 0.09532829 -0.45867144
vn -0.92493564 0.09434808 -0.36822886
vn -0.88928883 0.00000006 -0.45734601
vn -0.81532648 0.09477636 -0.57119188
vn -0.82079484 0.00000008 -0.57122310
vn -0.94961072 0.09347923 -0.29916735
vn -0.93035447 -0.00000000 -0.36666137
vn -0.95451964 0.00000002 -0.29814805
vn -0.14042903 0.54532193 0.82637986
vn -0.05212196 0.64097204 0.76579250
vn -0.17490768 0.51368251 0.83996285
vn -0.10522868 0.59501870 0.79679337
vn -0.14538581 0.50319251 0.85185695
vn 0.03480275 0.71274645 0.70055783
vn -0.02190697 0.65785535 0.75282563
vn -0.09568170 0.56201240 0.82157597
vn -0.23253921 0.41288876 0.88059547
vn -0.22480393 0.42777956 0.87548149
vn -0.27431707 0.30458952 0.91212684
vn -0.17498698 0.42265053 0.88923905
vn -0.19096881 0.32363759 0.92670903
vn -0.03318119 0.56790846 0.82242263
vn -0.15436221 0.44350559 0.88287887
vn 0.16672829 0.52643253 0.83370886
vn -0.28861970 0.30829358 0.90645118
vn -0.24541147 0.32017165 0.91502094
vn -0.02330692 0.41245638 0.91067915
vn 0.07619027 0.66979958 0.73862275
vn 0.15928022 0.74766504 0.64469124
vn 0.33304135 0.60876266 0.72006353
vn 0.48149664 0.67960803 0.55343827
vn -0.52122259 0.51713729 -0.67889324
vn -0.58658448 0.54470065 -0.59934952
vn -0.50970734 0.56032506 -0.65286619
vn -0.56630868 0.58446871 -0.58111170
vn -0.51260299 0.57059043 -0.64161104
vn -0.61899281 0.60874908 -0.49625846
vn -0.56685396 0.59257132 -0.57230744
vn -0.45240783 0.53336749 -0.71473511
vn -0.45500049 0.48883234 -0.74432352
vn -0.46180552 0.54640053 -0.69870031
vn -0.46073156 0.42509712 -0.77911416
vn -0.53909847 0.45385695 -0.70949750
vn -0.46939655 0.33275620 -0.81788764
vn -0.61758310 0.48011774 -0.62295912
vn -0.56578879 0.36055492 -0.74154109
vn -0.65560202 0.38489711 -0.64964621
vn -0.59784075 0.16724359 -0.78397450
vn -0.70748467 0.18287178 -0.68265903
vn -0.68700549 0.28072561 -0.67023622
vn -0.58672158 0.25966150 -0.76702913
vn -0.47611298 0.14666263 -0.86706776
vn -0.47540781 0.23322083 -0.84828973
vn -0.47484838 0.07024476 -0.87725976
vn -0.60311240 0.08188251 -0.79344230
vn -0.47410266 0.00000006 -0.88046957
vn -0.34083245 0.00000005 -0.94012406
vn -0.71901105 0.09031013 -0.68910608
vn -0.60467151 0.00000007 -0.79647496
vn -0.72286281 0.00000008 -0.69099158
vn -0.62450580 0.46900647 -0.62452017
vn -0.53088924 0.58974777 -0.60856731
vn -0.62524457 0.62483661 -0.46759859
vn -0.72604924 0.50757891 -0.46391394
vn -0.72063664 0.28376908 -0.63258038
vn -0.83471710 0.31241265 -0.45348176
vn -0.76986147 -0.00000000 -0.63821103
vn -0.89252667 0.00000000 -0.45099462
vn -0.68192161 0.27600117 -0.67735240
vn -0.58821816 0.46321111 -0.66289883
vn -0.72845213 -0.00000000 -0.68509670
vn -0.75865763 -0.00000000 -0.65148953
vn -0.49032486 0.59266138 -0.63901018
vn 0.47299966 0.86809862 -0.15058589
vn 0.47344801 0.76086959 -0.44376170
vn 0.40968972 0.89054339 -0.19770380
vn 0.37329151 0.78688574 -0.49139015
vn 0.28604860 0.80364251 -0.52185718
vn 0.44724679 0.59742175 -0.66562569
vn 0.33667563 0.64878821 -0.68243929
vn 0.23618895 0.68166186 -0.69249685
vn 0.41331367 0.90434914 0.10641631
vn 0.43587378 0.89227293 0.11774151
vn 0.37365162 0.86393282 0.33764558
vn 0.35165724 0.90523502 -0.23850942
vn 0.39537126 0.91432003 0.08775220
vn 0.38899390 0.85269133 0.34871370
vn 0.54008367 0.83426040 -0.11099196
vn 0.46895330 0.87475155 0.12203497
vn 0.62050548 0.78108637 -0.06983576
vn 0.37680510 0.87134839 0.31427680
vn 0.39834491 0.87116697 0.28703560
vn 0.51249356 0.84745291 0.13846990
vn 0.58400663 0.71193340 -0.38998345
vn 0.57721790 0.50623838 -0.64073567
vn 0.70788072 0.61799579 -0.34203229
vn 0.71297112 0.35294160 -0.60589141
vn 0.72492783 0.16990941 0.66754058
vn 0.73810634 0.08456712 0.66936345
vn 0.75164865 0.16077750 0.63966781
vn 0.75798331 0.08351128 0.64690585
vn 0.78727419 0.15363701 0.59715578
vn 0.73953545 -0.00000000 0.67311762
vn 0.75975773 -0.00000004 0.65020626
vn 0.79387597 0.08040026 0.60274102
vn 0.73780807 0.23476419 0.63287046
vn 0.69509975 0.25020083 0.67397023
vn 0.71384490 0.30499075 0.63040153
vn 0.77512709 0.22036175 0.59213064
vn 0.71003531 0.19251099 0.67733993
vn 0.66191092 0.28455825 0.69346992
vn 0.73186117 0.22615079 0.64283361
vn 0.66266679 0.31988355 0.67716116
vn 0.59336252 0.36068854 0.71960037
vn 0.65285229 0.34984680 0.67185646
vn 0.73415179 0.08916205 0.67310569
vn 0.73619985 -0.00000000 0.67676419
vn 0.76195561 0.09887117 0.64003760
vn 0.76383701 -0.00000000 0.64540919
vn -0.74793718 0.42808991 0.50727606
vn -0.65937045 0.55266057 0.50970277
vn -0.69281682 0.59319053 0.41003640
vn -0.79748031 0.46243444 0.38753006
vn -0.83489691 0.48710567 0.25627177
vn -0.56175422 0.64346355 0.51998737
vn -0.57557570 0.69406217 0.43242377
vn -0.71741621 0.62676564 0.30410330
vn -0.82401017 0.25138706 0.50775170
vn -0.88952865 0.26966802 0.36880609
vn -0.86167567 -0.00000000 0.50745940
vn -0.93442020 0.28368847 0.21535958
vn -0.93289614 -0.00000000 0.36014551
vn -0.74312712 0.22879364 0.62882076
vn -0.68539052 0.38931748 0.61536309
vn -0.65204756 0.20572470 0.72973374
vn -0.77274575 0.00000000 0.63471569
vn -0.67412451 -0.00000000 0.73861773
vn -0.61661465 0.50419315 0.60462852
vn -0.60804573 0.35350820 0.71085325
vn -0.54052426 0.58021872 0.60924523
vn -0.52086328 0.52506824 0.67305630
vn -0.85663633 0.51575806 0.01295459
vn -0.72722973 0.68054184 0.08944116
vn -0.84540185 0.52469221 -0.09996896
vn -0.71412299 0.69972514 -0.02032429
vn -0.94142762 0.29764502 -0.15849759
vn -0.95424795 0.29530527 -0.04696429
vn -0.98325570 0.00000011 -0.18223126
vn -0.95769720 0.00000006 -0.28777781
vn -0.85413571 0.50358839 0.12981110
vn -0.95353058 0.29167039 0.07555013
vn -0.99741602 0.00000000 -0.07184201
vn -0.99861704 -0.00000000 0.05257376
vn -0.72848091 0.65656464 0.19554651
vn -0.58117556 0.73643290 0.34626803
vn 0.37999955 0.46024925 -0.80235339
vn 0.38427578 0.35894844 -0.85058106
vn 0.32961436 0.36640838 -0.87011452
vn 0.29853575 0.53378733 -0.79116843
vn 0.30642661 0.46020227 -0.83325663
vn 0.33774362 0.43700411 -0.83364060
vn 0.38464017 0.27599942 -0.88083838
vn 0.34253011 0.27368750 -0.89875930
vn 0.35997265 0.32063744 -0.87613431
vn 0.40069234 0.61170377 -0.68210274
vn 0.31679548 0.60618142 -0.72950991
vn 0.43966989 0.79934800 -0.40955240
vn 0.29790938 0.66524059 -0.68462030
vn 0.37703079 0.81181149 -0.44588103
vn 0.51328704 0.65726777 -0.55184735
vn 0.50245173 0.52117624 -0.68986781
vn 0.61539098 0.71214815 -0.33784457
vn 0.52301515 0.79161303 -0.31591767
vn 0.58466628 0.77818833 -0.22932133
vn 0.49895209 0.41134418 -0.76278620
vn 0.64562453 0.60906156 -0.46066581
vn 0.65936856 0.50787869 -0.55433955
vn 0.48972634 0.32728537 -0.80811657
vn -0.44900755 0.32195176 0.83351022
vn -0.48514305 0.17952389 0.85580803
vn -0.42038874 0.17610333 0.89009040
vn -0.38183054 0.31978858 0.86714515
vn -0.36637474 0.17487488 0.91388639
vn -0.49985719 0.00000000 0.86610784
vn -0.43512703 0.00000010 0.90036907
vn -0.38296347 0.00000015 0.92376349
vn -0.40621700 0.43962778 0.80107126
vn -0.33240220 0.43854251 0.83497859
vn -0.37131420 0.55162414 0.74688458
vn -0.32418890 0.31695191 0.89131534
vn -0.25819016 0.43323528 0.86350740
vn -0.28039882 0.55999197 0.77960599
vn -0.48512602 0.44516685 0.75264814
vn -0.52571924 0.33147961 0.78341595
vn -0.55677351 0.46470112 0.68851734
vn -0.45664720 0.54041952 0.70669659
vn -0.56235372 0.18865570 0.80508840
vn -0.57922323 -0.00000000 0.81516897
vn 0.16338591 0.63764043 0.75280789
vn 0.30259752 0.65801141 0.68953297
vn 0.36615348 0.71754734 0.59250101
vn 0.21298715 0.67686854 0.70461724
vn 0.42010943 0.73965867 0.52575005
vn 0.50056063 0.59593478 0.62793375
vn 0.57298473 0.66289970 0.48192581
vn 0.61328206 0.68820207 0.38763774
vn 0.04537297 0.57782540 0.81489822
vn 0.07832022 0.60739960 0.79052620
vn -0.06204619 0.49544713 0.86641930
vn 0.25337363 0.69936934 0.66834447
vn 0.10735866 0.61870894 0.77825020
vn -0.04516504 0.52071367 0.85253586
vn 0.02356141 0.51431370 0.85727841
vn 0.13090095 0.55057183 0.82446080
vn 0.12157338 0.40050213 0.90819489
vn -0.06047844 0.44160272 0.89517004
vn -0.04196166 0.37499758 0.92607561
vn 0.25860369 0.55041165 0.79383320
vn 0.40307104 0.50198173 0.76521114
vn 0.23040625 0.41135865 0.88187132
vn 0.31572465 0.41479738 0.85338214
vn 0.52214888 0.74086014 0.42247699
vn 0.56258858 0.69264952 0.45136540
vn 0.52374377 0.76409492 0.37663167
vn 0.58198182 0.69340358 0.42483955
vn 0.52522210 0.76444021 0.37386216
vn 0.17393164 0.96897574 0.17559558
vn 0.17046041 0.97238046 0.15943491
vn 0.18426693 0.96874206 0.16608586
vn 0.59708850 0.68569000 0.41631064
vn 0.29665832 0.95430875 0.03589789
vn 0.29859476 0.95384195 0.03204217
vn 0.17589055 0.96933015 0.17164376
vn 0.47062471 0.79119155 0.39054874
vn 0.45516959 0.82250694 0.34103222
vn 0.39497507 0.83202358 0.38952722
vn 0.43553956 0.82914692 0.35045781
vn 0.35125522 0.87894108 0.32261795
vn 0.46996249 0.74838045 0.46804055
vn 0.50672718 0.71691260 0.47881508
vn 0.45913105 0.71943162 0.52116870
vn 0.42441542 0.77354834 0.47063204
vn 0.43697912 0.73308196 0.52119103
vn 0.53762121 0.68433217 0.49259812
vn 0.57084939 0.63220702 0.52387523
vn 0.15128959 0.94832370 0.27891508
vn 0.15853148 0.97274562 0.16921503
vn 0.51872105 0.66828978 0.53321406
vn 0.54195931 0.63961701 0.54513318
vn -0.33416493 0.75892997 0.55889095
vn -0.21807465 0.78250807 0.58320200
vn -0.31739759 0.82636466 0.46516688
vn -0.19553239 0.85014309 0.48890062
vn -0.44527641 0.77534468 0.44784992
vn -0.44914338 0.71503819 0.53571505
vn -0.34913825 0.66539505 0.65981202
vn -0.44796220 0.63491099 0.62945842
vn -0.24267395 0.68695057 0.68498779
vn -0.09388009 0.57626829 0.81185059
vn -0.29522013 0.39238197 0.87113803
vn 0.09437643 0.39785359 0.91258184
vn 0.01279984 0.64852119 0.76108898
vn -0.29156185 0.64715845 0.70439877
vn -0.04981765 0.80895358 0.58575789
vn 0.47622158 0.38348680 0.79129696
vn 0.31211139 0.63715924 0.70470887
vn -0.62563135 0.37164875 0.68590278
vn -0.54177586 0.61868852 0.56894942
vn -0.83590938 0.33136574 0.43755257
vn -0.71755141 0.57162704 0.39794788
vn -0.66157507 0.12415625 0.73952934
vn -0.29349664 0.14098329 0.94550697
vn -0.66779663 -0.00000000 0.74434378
vn -0.88652179 0.10698005 0.45014929
vn -0.89347633 0.00000007 0.44911029
vn 0.13922014 0.14875935 0.97902421
vn 0.55638801 0.14039069 0.81897670
vn -0.29515561 -0.00000000 0.95544920
vn 0.14982957 0.00000013 0.98871184
vn 0.57240002 0.00000003 0.81997452
vn -0.95547873 0.27262826 0.11284607
vn -0.85394367 0.49541370 0.15920261
vn -0.96149539 0.27194244 0.03967262
vn -0.87026924 0.48518914 0.08498788
vn -0.99397338 0.10730865 0.02240052
vn -0.99012280 0.10099467 0.09724667
vn -0.99979921 0.00000009 0.02003839
vn -0.99935608 0.00000008 -0.03588079
vn -0.92975474 0.28545630 0.23253134
vn -0.97075088 0.09718298 0.21954089
vn -0.99541255 0.00000009 0.09567577
vn -0.97595567 0.00000009 0.21796911
vn -0.81533564 0.51992092 0.25477446
vn 0.78086179 0.31936946 0.53689666
vn 0.85252780 0.10963567 0.51105417
vn 0.79985841 0.11164011 0.58971435
vn 0.73492413 0.30903332 0.60364304
vn 0.86404807 0.00000002 0.50340931
vn 0.81084309 -0.00000000 0.58526360
vn 0.65746797 -0.00000000 0.75348249
vn 0.56757951 0.60292604 0.56065470
vn 0.53490568 0.58692854 0.60777529
vn 0.50633926 0.62164400 0.59764479
vn 0.71496731 0.35050783 0.60495124
vn 0.79820174 0.12188999 0.58992950
vn 0.81215186 0.00000008 0.58344610
vn 0.15386462 0.80873455 0.56769191
vn 0.17326298 0.83823561 0.51705030
vn 0.12650752 0.83902757 0.52917728
vn 0.10516560 0.80776894 0.58004271
vn 0.07619879 0.83677052 0.54222582
vn 0.19246215 0.86803305 0.45768651
vn 0.14635314 0.87161168 0.46783954
vn 0.09794670 0.87278344 0.47817938
vn 0.13757718 0.77422873 0.61777212
vn 0.08490215 0.77255680 0.62924368
vn 0.05205979 0.80245868 0.59443238
vn 0.02770012 0.76501330 0.64341850
vn 0.19004434 0.76636790 0.61364761
vn 0.20479112 0.80151263 0.56181679
vn 0.18500369 0.72161629 0.66711585
vn 0.22389011 0.83122222 0.50886426
vn 0.24331126 0.85929916 0.44989397
vn 0.22220024 0.93261821 0.28434190
vn 0.23014035 0.95771989 0.17265003
vn 0.18235219 0.96984773 0.16168819
vn 0.17596354 0.94246567 0.28424511
vn 0.13691367 0.97912599 0.15022298
vn 0.23082506 0.97187336 0.04671154
vn 0.18297311 0.98277157 0.02609361
vn 0.20906265 0.90061445 0.38103337
vn 0.16301397 0.90734651 0.38749032
vn 0.12903114 0.95035857 0.28314228
vn 0.11569455 0.91206852 0.39337741
vn 0.26050282 0.88939719 0.37564733
vn 0.27413537 0.91872167 0.28425391
vn 0.28243766 0.94212232 0.18065022
vn 0.28349201 0.95669928 0.06602092
vn 0.19987891 0.89181155 -0.40585783
vn 0.14374537 0.90787752 -0.39382189
vn 0.13174419 0.93888428 -0.31802482
vn 0.18307229 0.92980695 -0.31928605
vn 0.13366272 0.95193042 -0.27561342
vn 0.27624884 0.86012315 -0.42880619
vn 0.25828379 0.90691323 -0.33286314
vn 0.37240593 0.80412086 -0.46336105
vn 0.18018695 0.94811601 -0.26193261
vn 0.24860545 0.93351002 -0.25836866
vn 0.36384188 0.85763784 -0.36342321
vn 0.29527212 0.79236563 -0.53382683
vn 0.22575818 0.82577606 -0.51684343
vn 0.31581134 0.71198586 -0.62716770
vn 0.36896624 0.74223695 -0.55941776
vn 0.35870485 0.69567517 -0.62238806
vn 0.16643929 0.84786320 -0.50341430
vn 0.25201134 0.73507945 -0.62940327
vn 0.19160129 0.75641862 -0.62539573
vn -0.37193897 0.90174963 0.22024761
vn -0.37959208 0.92197302 0.07665251
vn -0.41843017 0.88171419 0.21793644
vn -0.42947460 0.89774151 0.09803954
vn -0.37508443 0.92435143 -0.06990070
vn -0.42740802 0.90350988 -0.03150036
vn -0.48965100 0.87191830 0.00061313
vn -0.39669120 0.86008616 0.32076143
vn -0.35119893 0.87148606 0.34230302
vn -0.36824168 0.84115614 0.39604849
vn -0.32759238 0.91803622 0.22336679
vn -0.31446527 0.87728605 0.36260280
vn -0.27815600 0.93318270 0.22759457
vn -0.32480503 0.84211631 0.43051344
vn -0.29601325 0.83587389 0.46226723
vn -0.28063298 0.88212298 0.37829113
vn -0.33126567 0.94174053 0.05820504
vn -0.32079959 0.94134213 -0.10470253
vn -0.26921589 0.96177348 0.05014551
vn -0.17521871 0.95260242 0.24869066
vn -0.14582179 0.98658229 0.07342604
vn -0.22587817 0.94484399 0.23716848
vn -0.20335912 0.97740827 0.05760337
vn -0.24573761 0.88716261 0.39058357
vn -0.20548783 0.89362991 0.39899918
vn -0.25962495 0.82557817 0.50101454
vn -0.27740777 0.82880734 0.48592522
vn -0.12485883 0.95743078 0.26026252
vn -0.15793699 0.90077528 0.40454889
vn -0.07305773 0.96001260 0.27025614
vn -0.23116550 0.82920918 0.50889552
vn -0.18900431 0.83793552 0.51199749
vn -0.10217561 0.90737808 0.40770721
vn -0.09526065 0.99118084 0.09211919
vn -0.04894451 0.99277698 0.10953678
vn 0.03049824 0.95951266 0.28000947
vn 0.04228031 0.99032167 0.13219444
vn -0.02054225 0.96092751 0.27603684
vn -0.00363505 0.99254502 0.12182432
vn -0.04336036 0.91244388 0.40689808
vn 0.01118451 0.91522895 0.40277895
vn -0.06982975 0.85922381 0.50681186
vn -0.13235501 0.84888919 0.51173166
vn 0.08006094 0.95606710 0.28200345
vn 0.06482353 0.91512359 0.39792803
vn -0.01422636 0.86715043 0.49784309
vn 0.04520414 0.87162660 0.48808161
vn 0.09051834 0.98581720 0.14131836
vn -0.26720396 0.71917335 0.64139827
vn -0.25091993 0.77163227 0.58448510
vn -0.27274731 0.72406080 0.63351785
vn -0.26764949 0.77232214 0.57609223
vn -0.26153491 0.74226155 0.61696619
vn -0.27021800 0.78375558 0.55920428
vn -0.27826707 0.67272861 0.68556813
vn -0.28323453 0.66499279 0.69105918
vn -0.28829581 0.60383450 0.74314831
vn -0.25400771 0.69557622 0.67205193
vn -0.24022100 0.72631041 0.64402411
vn -0.26404204 0.67141137 0.69245113
vn -0.19033808 0.74185991 0.64297379
vn -0.30313346 0.59616238 0.74343831
vn -0.29073222 0.60380419 0.74222320
vn -0.21907468 0.68852048 0.69133627
vn -0.21598197 0.77996983 0.58736603
vn -0.16171746 0.79377782 0.58631411
vn -0.07351168 0.77898173 0.62272265
vn -0.04286517 0.82208661 0.56774659
vn -0.12874772 0.76093560 0.63592534
vn -0.09860927 0.80886505 0.57966675
vn -0.15971316 0.71118638 0.68462080
vn -0.10464500 0.73345261 0.67163732
vn -0.24963922 0.62323350 0.74112095
vn -0.03531654 0.75193273 0.65829318
vn -0.00687923 0.79305244 0.60911452
vn 0.02060839 0.83141934 0.55526316
vn -0.26710293 0.78911039 0.55313725
vn -0.29957646 0.80033057 0.51935048
vn -0.26758019 0.76506805 0.58572324
vn -0.24154770 0.75165379 0.61373552
vn -0.25428524 0.76719144 0.58886018
vn -0.23528503 0.72586133 0.64634842
vn -0.22221536 0.65975309 0.71787617
vn -0.27520320 0.80105165 0.53158202
vn -0.29580141 0.81709547 0.49482979
vn -0.33518811 0.82453191 0.45584653
vn -0.34451142 0.42509468 0.83702234
vn -0.31268529 0.43012494 0.84688869
vn -0.35552068 0.36207475 0.86168842
vn -0.31487593 0.36955588 0.87423200
vn -0.35387863 0.36687999 0.86033074
vn -0.30781131 0.38131676 0.87169360
vn -0.34292668 0.43420325 0.83298789
vn -0.35816824 0.36644373 0.85874007
vn -0.35993680 0.36220277 0.85979919
vn -0.31892269 0.52066660 0.79195619
vn -0.32548989 0.51112920 0.79548932
vn -0.30237326 0.51592137 0.80149582
vn -0.37512369 0.44084013 -0.81543988
vn -0.41901184 0.48346931 -0.76856132
vn -0.42247010 0.50485136 -0.75275767
vn -0.38191841 0.48001441 -0.78976231
vn -0.42499720 0.52184332 -0.73963297
vn -0.44949421 0.51332518 -0.73106239
vn -0.45054749 0.52238899 -0.72395905
vn -0.44946633 0.53444371 -0.71578624
vn -0.31438326 0.39188415 -0.86463286
vn -0.32532035 0.45408803 -0.82944001
vn -0.23364573 0.34645279 -0.90850434
vn -0.38670829 0.50605430 -0.77095119
vn -0.33234863 0.49316629 -0.80394738
vn -0.24761613 0.43429021 -0.86607059
vn -0.30154100 0.34736267 -0.88792579
vn -0.36429999 0.41345985 -0.83446778
vn -0.21944272 0.28738716 -0.93233766
vn -0.41090597 0.47085587 -0.78067344
vn -0.44303603 0.51240262 -0.73563757
vn -0.08432658 0.31008631 -0.94696120
vn -0.15035268 0.31958607 -0.93555268
vn -0.16517582 0.42777554 -0.88866475
vn -0.09807596 0.43000902 -0.89748167
vn -0.25627737 0.48861267 -0.83401413
vn -0.03687733 0.31130851 -0.94959311
vn -0.04819621 0.43578056 -0.89876161
vn -0.00792438 0.31522312 -0.94898450
vn -0.01617134 0.44015506 -0.89777615
vn -0.02925438 0.22177437 -0.97465907
vn -0.07405256 0.22387939 -0.97179948
vn -0.00236193 0.22533404 -0.97427870
vn -0.13759953 0.24195571 -0.96048103
vn 0.05358874 0.31317265 -0.94818307
vn 0.01683954 0.31404288 -0.94925945
vn 0.05160188 0.43504965 -0.89892661
vn 0.01181179 0.43877548 -0.89851909
vn 0.10252101 0.43274744 -0.89566684
vn 0.10175732 0.31874578 -0.94236223
vn 0.16490937 0.43651771 -0.88445305
vn 0.16504872 0.49846140 -0.85105532
vn 0.05411106 0.22655082 -0.97249510
vn 0.09904211 0.23769443 -0.96627740
vn 0.16192968 0.33665587 -0.92759992
vn 0.15590558 0.26486330 -0.95159912
vn 0.02015949 0.22487591 -0.97417884
vn 0.02095941 0.20952294 -0.97757907
vn 0.29908622 0.41259120 -0.86041614
vn 0.22923364 0.36992366 -0.90033795
vn 0.29954888 0.47128735 -0.82955331
vn 0.23226626 0.45014598 -0.86221864
vn 0.29878629 0.50742967 -0.80823380
vn 0.23264295 0.49975596 -0.83433881
vn 0.36822878 0.49748983 -0.78543709
vn 0.37031161 0.45926943 -0.80742858
vn 0.43599295 0.52734633 -0.72925715
vn 0.36648501 0.52060162 -0.77114376
vn 0.43584349 0.53866091 -0.72103043
vn 0.29271922 0.36867123 -0.88226809
vn 0.36575804 0.42963335 -0.82561265
vn 0.43966887 0.50516225 -0.74263206
vn 0.43652177 0.48839434 -0.75559229
vn 0.22167343 0.31115646 -0.92414422
vn 0.15131768 0.50056438 0.85237214
vn 0.15057024 0.47930560 0.86463561
vn 0.06577896 0.50393595 0.86123266
vn 0.06377377 0.47571707 0.87728341
vn -0.02193220 0.50464529 0.86304815
vn -0.02428378 0.46830461 0.88323332
vn 0.06819482 0.52238727 0.84997707
vn 0.15297692 0.51681212 0.84232018
vn -0.01977645 0.52693390 0.84967615
vn 0.24313440 0.50013902 0.83111168
vn 0.24250265 0.51448335 0.82249580
vn 0.34622009 0.50947463 0.78776091
vn 0.34143617 0.52103263 0.78226999
vn 0.24420274 0.48587830 0.83921826
vn 0.34923175 0.50271062 0.79077128
vn -0.14621170 0.73263884 0.66472736
vn -0.14992781 0.62318498 0.76756897
vn -0.19205032 0.67017730 0.71692333
vn -0.17873179 0.77309859 0.60858320
vn -0.28631144 0.70310044 0.65090363
vn -0.13110788 0.78018194 0.61165911
vn -0.15991416 0.81795298 0.55261233
vn -0.24483821 0.80042186 0.54715545
vn -0.21551278 0.84240542 0.49386978
vn -0.13323461 0.73419823 0.66573381
vn -0.14895948 0.68413695 0.71398019
vn -0.17909368 0.68908158 0.70220512
vn -0.15449759 0.56858705 0.80798469
vn -0.19810962 0.63686359 0.74508881
vn -0.21368155 0.51895245 0.82766452
vn -0.30842638 0.56602297 0.76452022
vn -0.33657166 0.46089121 0.82115700
vn -0.29022765 0.48620299 0.82424181
vn -0.26470617 0.59924775 0.75553476
vn -0.28481611 0.61873737 0.73215016
vn -0.24227281 0.65147745 0.71894437
vn -0.30018690 0.59123688 0.74854978
vn -0.32008600 0.53896950 0.77913852
vn -0.28307634 0.56839952 0.77252170
vn -0.34442548 0.44343732 0.82748682
vn -0.29768270 0.51950474 0.80093685
vn -0.31509796 0.43485894 0.84357038
vn -0.18522282 0.50099928 0.84539472
vn -0.19027092 0.44199259 0.87660683
vn -0.24850898 0.50669249 0.82553377
vn -0.25868726 0.43461084 0.86266698
vn -0.18048309 0.53665201 0.82427573
vn -0.23964082 0.55006191 0.80000261
vn -0.10838837 0.50140380 0.85839745
vn -0.10647426 0.52936681 0.84168522
vn -0.11145809 0.45466152 0.88366283
vn 0.55241675 0.59447491 -0.58432466
vn 0.50010692 0.55106397 -0.66799819
vn 0.50264386 0.56065241 -0.65804105
vn 0.55729611 0.59624279 -0.57785428
vn 0.50623712 0.56220090 -0.65395269
vn 0.59627791 0.63127663 -0.49592587
vn 0.59907834 0.63428190 -0.48866308
vn 0.63561823 0.66212150 -0.39696924
vn 0.56532344 0.59335661 -0.57300729
vn 0.60692232 0.63248170 -0.48126104
vn 0.62967136 0.67228628 -0.38928798
vn 0.59499528 0.62535103 -0.50489277
vn 0.54783420 0.58892974 -0.59417122
vn 0.64090527 0.65246073 -0.40439515
vn 0.49238981 0.54180472 -0.68117540
vn 0.69665628 0.69690305 -0.17028258
vn 0.67019060 0.68427462 -0.28742441
vn 0.65201955 0.70449328 -0.28028507
vn 0.66828349 0.72538743 -0.16495531
vn 0.63105950 0.67624539 -0.38007378
vn 0.71296417 0.69958170 -0.04761861
vn 0.67992917 0.73190428 -0.04486027
vn 0.71722508 0.69250191 0.07764846
vn 0.68599415 0.72341053 0.07803355
vn 0.73290721 0.67853544 -0.04936271
vn 0.71464609 0.67750576 -0.17397387
vn 0.73570913 0.67282137 0.07773985
vn 0.74174062 0.66617101 0.07769837
vn 0.68283088 0.66923073 -0.29303964
vn 0.68933260 0.65793626 0.30321683
vn 0.70905901 0.67717528 0.19664427
vn 0.67033439 0.67842177 0.30065880
vn 0.68332749 0.70347961 0.19539699
vn 0.64772217 0.65205913 0.39404933
vn 0.66057273 0.63740310 0.39668748
vn 0.61805673 0.62626020 0.47518843
vn 0.69924322 0.64632256 0.30549315
vn 0.66601329 0.62984375 0.39965379
vn 0.62604381 0.61566061 0.47857200
vn 0.62700511 0.61166126 0.48242626
vn 0.72359157 0.66110782 0.19837261
vn 0.52606484 0.56091217 0.63924434
vn 0.58426505 0.58995105 0.55730791
vn 0.52618898 0.56498996 0.63554033
vn 0.58061325 0.59737511 0.55320090
vn 0.44855373 0.53171449 0.71838656
vn 0.44589004 0.53209346 0.71976289
vn 0.44254997 0.54135026 0.71490518
vn 0.51872111 0.56456571 0.64202335
vn 0.43786004 0.53977813 0.71897020
vn 0.58043855 0.58966168 0.56159611
vn -0.40318705 0.80484984 0.43549619
vn -0.32746223 0.80800794 0.48978736
vn -0.40655870 0.71023301 0.57469913
vn -0.50864425 0.70492931 0.49432347
vn -0.46699719 0.79708664 0.38284006
vn -0.58252088 0.69808438 0.41635036
vn -0.51752782 0.78703541 0.33576810
vn -0.62722899 0.69339835 0.35465833
vn -0.40707421 0.84084934 0.35673937
vn -0.34868377 0.84821661 0.39868310
vn -0.45999649 0.82991476 0.31566551
vn -0.28430145 0.85033635 0.44283268
vn -0.62234725 0.75863776 0.19275021
vn -0.56717615 0.77478994 0.27930586
vn -0.66163885 0.69118867 0.29067552
vn -0.69621175 0.68932330 0.20030622
vn -0.67108795 0.73713268 0.07922359
vn -0.72353115 0.68493218 0.08585207
vn -0.75829869 0.65134479 -0.02707532
vn -0.64047713 0.76510081 0.06640632
vn -0.58159776 0.79382155 0.17773970
vn -0.51698306 0.81497878 0.26179784
vn -0.50064808 0.61319484 -0.61101848
vn -0.47398466 0.65767767 -0.58549007
vn -0.46786346 0.58439590 -0.66301222
vn -0.45755536 0.61730154 -0.63998586
vn -0.44999146 0.56636098 -0.69046574
vn -0.43742686 0.70836586 -0.55396349
vn -0.43721540 0.65778955 -0.61331525
vn -0.44593419 0.59293056 -0.67050433
vn -0.52430773 0.57166474 -0.63111079
vn -0.47588516 0.55859246 -0.67934364
vn -0.53738251 0.54575657 -0.64293841
vn -0.44976901 0.54793545 -0.70531878
vn -0.48188148 0.54043226 -0.68972691
vn -0.58646880 0.59095666 -0.55391748
vn -0.54188802 0.64803586 -0.53516997
vn -0.64554234 0.61529245 -0.45242711
vn -0.60884290 0.55443001 -0.56737790
vn -0.48945232 0.70831621 -0.50864975
vn -0.43548038 0.76307661 -0.47756773
vn -0.58510597 0.68818958 -0.42900596
vn -0.50841251 0.76072812 -0.40349652
vn -0.43636607 0.81295065 -0.38561107
vn -0.54030085 0.53907680 -0.64612011
vn -0.48476824 0.52855327 -0.69687244
vn -0.52720483 0.55629824 -0.64232962
vn -0.47575335 0.53752476 -0.69622258
vn -0.58504243 0.57511432 -0.57181193
vn -0.60524479 0.55232126 -0.57325384
vn -0.54444171 0.53337696 -0.64737334
vn -0.61536617 0.54172669 -0.57258770
vn -0.48610366 0.52915054 -0.69548755
vn -0.34211577 0.89853506 -0.27493917
vn -0.36090357 0.91243044 -0.19292307
vn -0.30426217 0.92417521 -0.23092143
vn -0.29099657 0.90537827 -0.30921059
vn -0.32784975 0.88386640 -0.33360865
vn -0.28066885 0.89152112 -0.35554900
vn -0.32367618 0.86692004 -0.37905589
vn -0.27753013 0.88258024 -0.37951173
vn -0.37712143 0.87379537 -0.30701967
vn -0.39244996 0.88990481 -0.23249186
vn -0.44513077 0.84735215 -0.28957371
vn -0.37285259 0.84692738 -0.37907119
vn -0.41209138 0.89956735 -0.14477316
vn -0.46000004 0.86531231 -0.19908432
vn -0.47701617 0.87255678 -0.10535766
vn -0.13837783 0.90434350 -0.40375043
vn -0.13609081 0.86028326 -0.49131660
vn -0.19196110 0.84643933 -0.49668037
vn -0.18813467 0.89142461 -0.41227116
vn -0.25630919 0.82056712 -0.51085732
vn -0.26473255 0.73855355 -0.62004462
vn -0.13719025 0.92245991 -0.36089686
vn -0.18288038 0.91020867 -0.37158438
vn -0.24397547 0.86952195 -0.42942700
vn -0.23348198 0.89237156 -0.38621130
vn -0.09074047 0.91217210 -0.39963512
vn -0.09017199 0.93149610 -0.35239755
vn -0.08677486 0.86710691 -0.49050559
vn 0.28824968 0.57829754 -0.76320644
vn 0.35430978 0.57937780 -0.73402039
vn 0.29607368 0.53241743 -0.79301454
vn 0.36376569 0.53924744 -0.75953059
vn 0.41774393 0.59265064 -0.68866191
vn 0.43322339 0.55381790 -0.71105783
vn 0.23003964 0.53209012 -0.81483855
vn 0.22356714 0.58642212 -0.77854147
vn 0.21168553 0.66008856 -0.72074429
vn 0.27391778 0.64463205 -0.71373565
vn 0.33713219 0.63696725 -0.69326374
vn 0.38939450 0.64639185 -0.65616271
vn 0.52490538 0.66117603 -0.53602295
vn 0.46522356 0.72863452 -0.50265174
vn 0.47152645 0.78424715 -0.40326074
vn 0.54619175 0.71389952 -0.43820319
vn 0.35054492 0.89586109 -0.27304061
vn 0.59755534 0.65267546 -0.46577071
vn 0.56096970 0.60878528 -0.56097546
vn 0.47845248 0.61820457 -0.62362355
vn 0.50259907 0.57574084 -0.64491601
vn 0.43595820 0.67745833 -0.59244465
vn -0.63413934 0.74439623 -0.20914479
vn -0.71080210 0.66344458 -0.23367000
vn -0.72374031 0.67869287 -0.12480366
vn -0.64630506 0.75593149 -0.10419864
vn -0.54438661 0.81623065 -0.19341855
vn -0.55874954 0.82399037 -0.09401494
vn -0.52786338 0.79658582 -0.29463755
vn -0.61553499 0.72188317 -0.31622994
vn -0.68725868 0.64089067 -0.34195708
vn -0.39225751 0.55464037 -0.73383112
vn -0.33948979 0.56186592 -0.75435626
vn -0.33645336 0.51904317 -0.78574380
vn -0.39039942 0.52409131 -0.75691254
vn -0.42993415 0.55565968 -0.71161713
vn -0.42824821 0.53465729 -0.72852251
vn -0.42545773 0.58878434 -0.68725448
vn -0.38914703 0.60212676 -0.69714271
vn -0.37946653 0.66951746 -0.63855424
vn -0.43716387 0.62322871 -0.64843946
vn -0.33896995 0.62295559 -0.70500051
vn -0.33158503 0.70337527 -0.62874048
vn 0.20546192 0.96722954 -0.14917241
vn 0.18968951 0.95874805 -0.21170750
vn 0.16123313 0.97033162 -0.18016778
vn 0.14574241 0.96031622 -0.23780647
vn 0.17583451 0.97967617 -0.09652370
vn 0.22125764 0.97294839 -0.06645662
vn 0.12936051 0.98401586 -0.12238731
vn 0.26172071 0.95736335 -0.12230162
vn 0.27494666 0.96065110 -0.03941837
vn 0.25070939 0.94881326 -0.19208903
vn -0.34728362 0.80117031 -0.48736046
vn -0.39473808 0.75810006 -0.51910128
vn -0.33155997 0.84189880 -0.42576330
vn -0.38087791 0.80785040 -0.44978856
vn -0.28380200 0.86928526 -0.40472158
vn -0.29837886 0.83794189 -0.45697204
vn -0.36475676 0.74255187 -0.56175548
vn -0.31653207 0.78276481 -0.53580472
vn -0.40610610 0.70168293 -0.58542199
vn -0.41544988 0.64066899 -0.64571251
vn 0.98302056 0.11832406 -0.14024977
vn 0.98164619 0.04649300 -0.18495716
vn 0.89370313 0.00282992 -0.44864988
vn 0.90821128 0.01622104 -0.41819750
vn 0.77123003 -0.03254429 -0.63572408
vn 0.98024747 -0.00000000 -0.19777489
vn 0.88800886 0.00000001 -0.45982635
vn 0.76557069 0.00000005 -0.64335178
vn 0.97146979 0.22580354 -0.07252039
vn 0.92599097 0.05262943 -0.37385941
vn 0.93057235 0.36545612 -0.02183848
vn 0.78483188 -0.06628815 -0.61615323
vn 0.80315727 -0.09393348 -0.58831530
vn 0.93622311 0.11814564 -0.33095000
vn 0.89329986 0.38312912 0.23500516
vn 0.96205686 0.21278301 0.17079225
vn 0.73667687 0.46561326 0.49041969
vn 0.79110500 0.54498150 0.27775537
vn 0.98765848 0.08805133 0.12952869
vn 0.85366638 0.26681478 0.44728468
vn 0.89693435 0.11207273 0.42772476
vn 0.99275439 -0.00000000 0.12016127
vn 0.78036024 0.62532866 -0.00140075
vn 0.86417664 0.50313402 0.00740930
vn 0.92793839 0.21634949 -0.30351810
vn 0.89020886 0.34607600 -0.29624244
vn 0.83896987 -0.08307668 -0.53779906
vn 0.82342672 -0.10992879 -0.55667234
vn 0.70247130 0.71103560 -0.03102324
vn 0.81725951 0.48567950 -0.31016499
vn 0.83990715 0.01546291 -0.54250979
vn 0.80590783 0.16956930 -0.56723789
vn 0.58030438 0.77956751 0.23562965
vn 0.54791631 0.81624087 0.18313535
vn 0.39797023 0.82973541 0.39135513
vn 0.41565228 0.85066562 0.32187137
vn 0.65668721 0.70312522 0.27272118
vn 0.39490196 0.79482368 0.46076865
vn 0.45858370 0.23969164 0.85571543
vn 0.48734733 0.10143845 0.86729627
vn 0.72876998 0.11341382 0.67530114
vn 0.69019379 0.26936124 0.67162270
vn 0.49254752 0.00000000 0.87028555
vn 0.73606374 -0.00000000 0.67691223
vn 0.90539283 -0.00000000 0.42457488
vn 0.36042352 0.39776694 0.84372765
vn 0.56826911 0.45372274 0.68644438
vn 0.10134221 0.31799925 0.94265913
vn 0.16679834 0.19603855 0.96630596
vn -0.14398131 0.25552939 0.95601993
vn -0.16892725 0.32046064 0.93207755
vn 0.19029803 0.08475676 0.97806081
vn -0.12065879 0.15740945 0.98013454
vn -0.10934214 0.06871331 0.99162633
vn 0.19463759 -0.00000000 0.98087523
vn 0.33172547 0.12357601 -0.93524712
vn 0.30445944 0.05960181 -0.95065876
vn 0.28787201 0.04711071 -0.95650943
vn 0.30827545 0.10663014 -0.94530221
vn 0.33110926 0.04574788 -0.94248278
vn 0.29228234 -0.00000000 -0.95633207
vn 0.27848861 0.00000000 -0.96043953
vn 0.32552662 0.00000000 -0.94553287
vn 0.36307191 0.19697486 -0.91070286
vn 0.33058668 0.18312336 -0.92583923
vn 0.34296845 0.11238320 -0.93259994
vn 0.35551889 0.20414922 -0.91210164
vn 0.46151234 0.24722087 -0.85199073
vn 0.42550400 0.16515991 -0.88975758
vn 0.63895738 0.33265840 -0.69359344
vn 0.65655061 0.42080351 -0.62599178
vn 0.39505619 0.08448599 -0.91476375
vn 0.61625715 0.23349078 -0.75213641
vn 0.59675302 0.12400461 -0.79278540
vn 0.38168765 0.00000000 -0.92429137
vn 0.21808059 0.80592957 0.55038021
vn 0.30395291 0.84067216 0.44819968
vn 0.20222092 0.76810883 0.60754879
vn 0.30195459 0.81540682 0.49389790
vn 0.23434686 0.72437010 0.64835909
vn 0.33321075 0.78361364 0.52432839
vn 0.08534529 0.71341750 0.69552258
vn 0.12513093 0.76404017 0.63291775
vn 0.10404064 0.66101443 0.74312548
vn -0.01700162 0.60770358 0.79398193
vn 0.27702228 0.82895450 0.48589412
vn 0.21573792 0.79745986 0.56348463
vn 0.33664301 0.85355786 0.39763107
vn 0.42881036 0.86302064 0.26705251
vn -0.34866632 0.12697174 0.92860647
vn -0.32848129 0.20861073 0.92118489
vn -0.31408622 0.13113424 0.94029445
vn -0.30064542 0.20904413 0.93054440
vn -0.20629519 0.14613849 0.96751529
vn -0.20075718 0.22794420 0.95275285
vn -0.31908781 0.06323049 0.94561349
vn -0.35360715 0.05876030 0.93354658
vn -0.32002353 -0.00000000 0.94740959
vn -0.20977210 0.07182492 0.97510863
vn -0.21135850 -0.00000000 0.97740861
vn -0.30268829 0.13369406 0.94366609
vn -0.30279261 0.05926035 0.95121230
vn -0.35336031 -0.00000000 0.93548730
vn -0.30085874 0.00000000 0.95366872
vn -0.28891295 0.22184871 0.93129612
vn 0.61810595 0.37990963 0.68819598
vn 0.61500564 0.43245708 0.65935494
vn 0.67952678 0.41564900 0.60454882
vn 0.69794981 0.34424186 0.62798376
vn 0.72175595 0.40958334 0.55795147
vn 0.60486865 0.49956190 0.62013855
vn 0.92315181 0.38426879 0.01132442
vn 0.94700708 0.29579657 0.12522767
vn 0.98593100 0.11670805 0.11966323
vn 0.67716150 0.51261927 0.52789562
vn 0.98706984 0.11134657 0.11530425
vn 0.65210910 0.50205947 0.56805810
vn 0.61931789 0.33229354 0.71135529
vn 0.70869049 0.28525213 0.64528211
vn 0.62276757 0.27962090 0.73073436
vn 0.75017250 0.31869330 0.57937535
vn 0.76829793 0.25238070 0.58823658
vn 0.71643125 0.23540722 0.65674173
vn 0.50442512 0.38139734 0.77465565
vn 0.50869736 0.41992164 0.75159352
vn 0.40787624 0.41392223 0.81382146
vn 0.50893757 0.32336302 0.79775868
vn 0.41511020 0.35224750 0.83881179
vn 0.51656258 0.45401972 0.72596776
vn 0.52175371 0.49231799 0.69670372
vn 0.41376799 0.44631777 0.79347118
vn 0.42610065 0.46638035 0.77519521
vn 0.43669845 0.48101460 0.76021012
vn 0.59636621 0.79268168 0.12650339
vn 0.61339005 0.77751286 0.13865931
vn 0.61577420 0.77595997 0.13677815
vn 0.63387036 0.75834737 0.15204487
vn 0.61867091 0.77035986 0.15424652
vn 0.60882597 0.77741817 0.15796179
vn 0.63014265 0.75761303 0.17012565
vn 0.64036249 0.74885640 0.17073364
vn 0.58326315 0.79633782 0.16015673
vn 0.56425124 0.81046755 0.15736231
vn 0.55713597 0.79531726 0.23889320
vn 0.58544884 0.79069620 0.17902282
vn 0.55994292 0.79108526 0.24626821
vn 0.53013175 0.83890158 0.12330635
vn 0.49240136 0.84951150 0.18939672
vn 0.39642046 0.90927455 0.12676988
vn 0.53825566 0.80336349 0.25473113
vn 0.46877618 0.81842388 0.33231197
vn 0.34518823 0.90071337 0.26374326
vn 0.55618161 0.82321967 0.11389204
vn 0.45442230 0.88780367 0.07283556
vn 0.56154360 0.81828989 0.12276168
vn 0.60032318 0.79975735 -0.00051906
vn 0.61288544 0.75915239 -0.21922383
vn 0.62418245 0.75007418 -0.21859778
vn 0.61644036 0.78738643 0.00488806
vn 0.63245893 0.73906509 -0.23190190
vn 0.62301242 0.61484322 -0.48355282
vn 0.63111770 0.60857684 -0.48096223
vn 0.63550371 0.59932155 -0.48677377
vn 0.59659288 0.79251792 0.12646057
vn 0.61624406 0.77559104 0.13675455
vn 0.62839012 0.77786202 -0.00751887
vn 0.62901161 0.76645729 0.12995241
vn 0.55912636 0.82428714 0.08904171
vn 0.57162230 0.81988771 -0.03212624
vn 0.50935056 0.85984135 0.03514055
vn 0.49080991 0.86860067 0.06810666
vn 0.59182441 0.76927907 -0.24073549
vn 0.53538986 0.84101206 -0.07782291
vn 0.56508339 0.77813037 -0.27421504
vn 0.60524717 0.61922437 -0.50023699
vn 0.62625822 0.23493424 -0.74337510
vn 0.62717214 0.10276328 -0.77207177
vn 0.64033205 0.10289470 -0.76117511
vn 0.63828463 0.23453195 -0.73320359
vn 0.64446345 0.10262998 -0.75771627
vn 0.62736103 0.00000000 -0.77872854
vn 0.64066307 0.00000000 -0.76782214
vn 0.64483680 0.00000000 -0.76432028
vn 0.62616536 0.40778740 -0.66454976
vn 0.63578385 0.40526409 -0.65691698
vn 0.64213840 0.23328099 -0.73023165
vn 0.63922040 0.40104663 -0.65616986
vn 0.60367101 0.40844224 -0.68465776
vn 0.59839926 0.23395110 -0.76628011
vn 0.57780003 0.40629308 -0.70786514
vn 0.58276925 0.62040909 -0.52485479
vn 0.59683510 0.10187022 -0.79587079
vn 0.59682731 -0.00000000 -0.80236972
vn 0.56843016 0.23132230 -0.78954237
vn 0.56505026 0.10028165 -0.81893943
vn 0.56515557 -0.00000000 -0.82498435
vn 0.56028689 0.66318605 0.49624879
vn 0.53946707 0.74650866 0.38948696
vn 0.58260357 0.67724833 0.44934150
vn 0.55845809 0.75087698 0.35257386
vn 0.58807995 0.68787096 0.42543567
vn 0.56160652 0.75364869 0.34148465
vn 0.61748255 0.59517633 0.51427662
vn 0.58549432 0.57949804 0.56690249
vn 0.62797384 0.60528076 0.48916670
vn 0.50009481 0.63099505 0.59308552
vn 0.51773755 0.55137496 0.65416625
vn 0.41459807 0.57948044 0.70164867
vn 0.43526201 0.51463851 0.73871116
vn 0.47689646 0.72850014 0.49178990
vn 0.37578655 0.68083136 0.62869160
vn 0.33812941 0.81456834 0.47132465
vn 0.63625239 0.14156924 0.75838054
vn 0.62894478 0.21596598 0.74685149
vn 0.72346598 0.18487549 0.66514512
vn 0.73012974 0.12487598 0.67180098
vn 0.79332227 0.16034569 0.58730660
vn 0.78247152 0.20188275 0.58905150
vn 0.64186430 0.06607388 0.76396627
vn 0.73515214 0.06145360 0.67511094
vn 0.73688237 -0.00000000 0.67602099
vn 0.80244670 0.11291108 0.58594401
vn 0.80809447 0.05672493 0.58631529
vn 0.80938419 0.00000000 0.58727952
vn 0.53859462 0.07032781 0.83962482
vn 0.53099879 0.15677681 0.83274325
vn 0.45701516 0.07288149 0.88646795
vn 0.64369193 -0.00000000 0.76528472
vn 0.54064638 -0.00000000 0.84124996
vn 0.45952350 0.00000000 0.88816561
vn 0.51957699 0.24523105 0.81847510
vn 0.44738356 0.16605197 0.87879161
vn 0.43155046 0.26384634 0.86264090
vn -0.01409803 0.52236250 0.85260698
vn 0.01291113 0.53302829 0.84599890
vn 0.05045538 0.52807653 0.84769655
vn 0.07590230 0.52241701 0.84930519
vn 0.11010632 0.52791333 0.84213070
vn 0.08291540 0.53117694 0.84319398
vn 0.13797907 0.49966357 0.85515969
vn 0.13531417 0.51218785 0.84814721
vn 0.05229333 0.49117946 0.86948729
vn -0.01140547 0.47595345 0.87939651
vn 0.07427263 0.40130244 0.91292931
vn 0.10850587 0.49580317 0.86162967
vn -0.08101548 0.51199964 0.85515663
vn -0.08863843 0.45038664 0.88842282
vn 0.00790420 0.38280086 0.92379707
vn -0.08167298 0.35541631 0.93113306
vn -0.04619747 0.54543490 0.83687906
vn 0.02903608 0.56811090 0.82243961
vn 0.25090241 0.93874236 -0.23624302
vn 0.17596527 0.84813005 -0.49971156
vn 0.16412760 0.87945578 -0.44678815
vn 0.21277915 0.95602608 -0.20183947
vn 0.17663875 0.91685156 -0.35802509
vn 0.12356935 0.72215044 -0.68060955
vn 0.17822886 0.74093247 -0.64749792
vn 0.36391368 0.86812202 -0.33753666
vn 0.30592383 0.94548247 0.11168486
vn 0.34448628 0.93492464 0.08511826
vn 0.38617996 0.82642225 0.40974540
vn 0.17195715 0.97459468 -0.14351288
vn 0.24277166 0.95506806 0.17002034
vn 0.33554891 0.81220604 0.47720885
vn 0.29596048 0.92182174 -0.25030398
vn 0.37326946 0.92438062 0.07867889
vn 0.40380311 0.83426051 0.37543635
vn 0.40333025 0.84210570 0.35802612
vn 0.21627827 0.82343236 -0.52457874
vn 0.16162541 0.70499644 -0.69054851
vn 0.42413257 0.77212713 -0.47321376
vn 0.46265098 0.65758973 -0.59458373
vn 0.51298308 0.72478557 -0.45992852
vn 0.48390938 0.82302492 -0.29742510
vn 0.53193183 0.75726137 -0.37895085
vn 0.47512802 0.48712417 -0.73277787
vn 0.52122262 0.55111453 -0.65161320
vn 0.54422110 0.59031901 -0.59610977
vn 0.42871884 0.85957809 -0.27807492
vn 0.49358116 0.86568737 -0.08344470
vn 0.49698527 0.85689466 0.13688382
vn 0.50328138 0.83794816 -0.21107046
vn 0.50745694 0.85910495 -0.06652916
vn 0.57390699 0.72263421 0.38526687
vn 0.34708127 0.77760437 -0.52427668
vn 0.34818634 0.65979397 -0.66591155
vn 0.41107651 0.89054481 -0.19479743
vn 0.36320171 0.84537763 -0.39169016
vn 0.39242381 0.55004754 -0.73719146
vn 0.41457679 0.40276127 -0.81603275
vn 0.45082509 0.16152912 -0.87787532
vn 0.44792773 0.06387764 -0.89178495
vn 0.48422843 0.07479349 -0.87173893
vn 0.48756221 0.18641120 -0.85295601
vn 0.50419756 0.08377664 -0.85951515
vn 0.44762212 -0.00000000 -0.89422281
vn 0.48448877 -0.00000000 -0.87479748
vn 0.50432010 -0.00000004 -0.86351678
vn 0.45992051 0.30060955 -0.83552799
vn 0.50028549 0.34437383 -0.79443130
vn 0.50896384 0.20545986 -0.83590792
vn 0.52421843 0.37552691 -0.76431314
vn 0.40892377 0.25008869 -0.87763147
vn 0.40167006 0.13481995 -0.90580613
vn 0.39661593 0.05320752 -0.91644136
vn 0.39449761 -0.00000000 -0.91889697
vn 0.32667748 0.63482248 0.70020157
vn 0.39626940 0.71990179 0.56983504
vn 0.34591700 0.59095051 0.72877906
vn 0.39842559 0.68945514 0.60490384
vn 0.33423831 0.54373103 0.76983200
vn 0.36651743 0.65149774 0.66424067
vn 0.24560829 0.51804223 0.81933438
vn 0.20718655 0.56332683 0.79983537
vn 0.26257754 0.47687277 0.83883574
vn 0.18463897 0.47489104 0.86045741
vn 0.28716605 0.67972487 0.67491463
vn 0.15729613 0.61225258 0.77485786
vn 0.37269336 0.75080279 0.54533919
vn 0.03239895 0.17344498 0.98431049
vn 0.02423480 0.27247073 0.96185881
vn 0.11133292 0.17968754 0.97740338
vn 0.09756505 0.28542817 0.95342111
vn 0.15112468 0.29217224 0.94434989
vn 0.12744166 0.40984027 0.90321071
vn 0.11514589 0.08430774 0.98976443
vn 0.03365685 0.08361363 0.99592971
vn 0.11414167 -0.00000000 0.99346448
vn 0.16668123 0.18225306 0.96902074
vn 0.17304741 0.08357023 0.98136161
vn 0.17359506 -0.00000000 0.98481712
vn -0.07291607 0.16265898 0.98398440
vn -0.07395163 0.07967428 0.99407402
vn 0.03239012 0.00000000 0.99947530
vn -0.07555576 0.00000000 0.99714158
vn -0.07538537 0.25311691 0.96449410
vn 0.19259027 0.51144536 0.83745605
vn 0.21935608 0.49330769 0.84174250
vn 0.21874843 0.49860692 0.83877307
vn 0.24517370 0.48737315 0.83806758
vn 0.25315985 0.48221583 0.83867633
vn 0.24603689 0.45061702 0.85814343
vn 0.26483729 0.44811105 0.85384875
vn 0.17927851 0.48384138 0.85659602
vn 0.20052064 0.47405515 0.85735826
vn 0.18923391 0.40614308 0.89400130
vn 0.22751817 0.48771859 0.84283216
vn 0.20941588 0.46605174 0.85961664
vn 0.20731073 0.40079094 0.89240623
vn 0.14890204 0.49223285 0.85763337
vn 0.15742379 0.52168293 0.83848952
vn 0.16292129 0.41003155 0.89740224
vn 0.18359706 0.50222903 0.84501959
vn 0.21904267 0.45814077 0.86146813
vn 0.01608979 0.99972420 -0.01710666
vn 0.11406298 0.96713961 -0.22722371
vn 0.05214265 0.98075846 -0.18813290
vn -0.07998018 0.99626645 0.03250138
vn 0.02448156 0.98815136 -0.15151748
vn 0.29128909 0.92979724 -0.22500613
vn 0.24582740 0.94754433 -0.20427589
vn 0.22429659 0.95810497 -0.17811765
vn 0.05470454 0.94218505 0.33059756
vn -0.04797161 0.92181367 0.38465346
vn 0.09897821 0.73423283 0.67164386
vn -0.12011806 0.99057490 0.06582570
vn -0.09205315 0.90864587 0.40729461
vn 0.06319044 0.72375386 0.68715888
vn 0.16334104 0.95432594 0.25016337
vn 0.11455551 0.99027323 -0.07896815
vn 0.17509044 0.76119739 0.62443724
vn 0.25848598 0.78948341 0.55668747
vn 0.16091285 0.94642935 -0.27996168
vn 0.34045250 0.90288976 -0.26245413
vn 0.47626841 0.85639550 -0.19938694
vn 0.52213116 0.77972511 -0.34555434
vn 0.51498537 0.78373572 -0.34720079
vn 0.45895227 0.86435193 -0.20556886
vn 0.51134341 0.78534413 -0.34894486
vn 0.54797702 0.61735537 -0.56444090
vn 0.54608762 0.61982468 -0.56356514
vn 0.54465762 0.61899108 -0.56586051
vn 0.41380206 0.89658580 -0.15780289
vn 0.37930649 0.91089878 -0.16244998
vn 0.45016298 0.86924940 -0.20434964
vn 0.36242585 0.91921078 -0.15394492
vn 0.45172219 0.88095942 -0.14091690
vn 0.49369658 0.84749741 -0.19496623
vn 0.52954985 0.77217809 -0.35116657
vn 0.54877782 0.60917682 -0.57249149
vn 0.52618894 0.22269281 -0.82069063
vn 0.52128994 0.09320543 -0.84827445
vn 0.52618335 0.09540759 -0.84500205
vn 0.53043160 0.22555038 -0.81717155
vn 0.52809351 0.09650802 -0.84368445
vn 0.52154117 0.00000000 -0.85322612
vn 0.52672515 0.00000000 -0.85003566
vn 0.52877745 -0.00000000 -0.84876052
vn 0.53936100 0.40003462 -0.74098719
vn 0.54187931 0.40264044 -0.73773131
vn 0.53192354 0.22630019 -0.81599361
vn 0.54241181 0.40222200 -0.73756823
vn 0.53438088 0.39226597 -0.74870855
vn 0.51942353 0.21662654 -0.82660277
vn 0.51407523 0.08954703 -0.85305802
vn 0.51409245 -0.00000003 -0.85773478
vn 0.28313357 0.47221320 0.83477547
vn 0.26210063 0.57440431 0.77547595
vn 0.26607320 0.45901762 0.84764844
vn 0.21965059 0.55189299 0.80446737
vn 0.25726537 0.45704075 0.85142720
vn 0.19839668 0.54687665 0.81336627
vn 0.27432282 0.42619406 0.86203574
vn 0.27055178 0.43034050 0.86116711
vn 0.27497245 0.42631320 0.86176981
vn 0.27229264 0.44673364 0.85222401
vn 0.30551228 0.49959180 0.81059872
vn 0.26564987 0.44511601 0.85516190
vn 0.31270912 0.60894502 0.72897117
vn 0.23290232 0.18176807 0.95536217
vn 0.21327429 0.29345300 0.93187950
vn 0.23084730 0.29189034 0.92817539
vn 0.25138382 0.18064387 0.95088063
vn 0.23749172 0.29048012 0.92694066
vn 0.21439186 0.39643614 0.89267828
vn 0.24243216 0.08107777 0.96677456
vn 0.26174448 0.07945436 0.96186113
vn 0.24391203 -0.00000000 0.96979736
vn 0.25836996 0.17955969 0.94921192
vn 0.26903213 0.07793668 0.95997270
vn 0.26344616 -0.00000000 0.96467410
vn 0.21331562 0.08262078 0.97348357
vn 0.20518556 0.18244967 0.96156695
vn 0.21431628 0.00000000 0.97676432
vn 0.18711842 0.29393286 0.93733141
vn -0.23192131 0.30028315 0.92522567
vn -0.14684795 0.40052760 0.90444089
vn -0.18821492 0.41133530 0.89183990
vn -0.27224911 0.30767381 0.91171116
vn -0.02098245 0.49707448 0.86745415
vn -0.03253023 0.49750198 0.86685268
vn -0.28462784 0.17017878 0.94341199
vn -0.32043611 0.17241163 0.93144776
vn -0.30577810 0.00000007 0.95210281
vn -0.33978599 0.00000016 0.94050278
vn -0.26526889 0.17068217 0.94894679
vn -0.21036983 0.30076302 0.93020758
vn -0.26880898 0.17512796 0.94713881
vn -0.28713659 0.00000000 0.95788965
vn -0.28961469 0.00000000 0.95714332
vn -0.13032113 0.40475722 0.90509005
vn -0.21455793 0.30968677 0.92631474
vn -0.13548237 0.41851934 0.89804571
vn -0.01765053 0.50774813 0.86132473
vn 0.77941950 0.25197034 0.57359933
vn 0.81526116 0.10029766 0.57034167
vn 0.86430913 0.28824044 0.41217373
vn 0.90641122 0.11685383 0.40591117
vn 0.90127620 0.30992424 0.30273452
vn 0.82273043 0.00000000 0.56843173
vn 0.91548195 0.00000000 0.40235904
vn 0.94481211 0.12545775 0.30263912
vn 0.75617964 0.49404936 0.42907759
vn 0.67939800 0.44027710 0.58700463
vn 0.79121006 0.52255505 0.31768359
vn 0.63039238 0.20369683 0.74907480
vn 0.54956338 0.36745929 0.75030245
vn 0.42698414 0.15662955 0.89059067
vn 0.37744577 0.30078926 0.87581991
vn 0.65852864 0.07689115 0.74861724
vn 0.66376766 -0.00000202 0.74793883
vn 0.44669738 0.05194927 0.89317564
vn 0.45076675 -0.00000088 0.89264177
vn 0.26871900 0.68837313 0.67374515
vn 0.41750887 0.71345220 0.56273644
vn 0.39200928 0.64708035 0.65392335
vn 0.25820023 0.64953913 0.71514443
vn 0.35374671 0.56946821 0.74200352
vn 0.58290321 0.65132598 0.48579657
vn 0.51451796 0.56099027 0.64850689
vn 0.12433798 0.59930856 0.79080296
vn 0.11619434 0.58752024 0.80082385
vn 0.25161397 0.59637223 0.76225361
vn 0.12931938 0.57976294 0.80445723
vn 0.11896517 0.61462277 0.77979878
vn 0.26866025 0.70582577 0.65546293
vn -0.02486615 0.52113857 0.85310976
vn 0.43308069 0.74651986 0.50512297
vn 0.61767501 0.69538268 0.36731527
vn 0.12138287 0.11574708 0.98583407
vn 0.02178382 0.13378094 0.99077148
vn 0.13012474 0.03753850 0.99078677
vn 0.03153560 0.05226855 0.99813501
vn 0.13496793 -0.00000287 0.99084997
vn -0.07305011 0.17756320 0.98139441
vn -0.06874053 0.08135434 0.99431193
vn 0.03703388 0.00000002 0.99931401
vn 0.24562069 0.12408919 0.96139084
vn 0.25669405 0.03675823 0.96579346
vn 0.26051524 -0.00000000 0.96546974
vn 0.22951692 0.25762176 0.93859097
vn 0.11742255 0.23968438 0.96372369
vn 0.01775144 0.24553145 0.96922608
vn -0.06399807 0.28473865 0.95646649
vn 0.01483222 0.38731195 0.92182941
vn -0.20624168 0.28286556 0.93672378
vn -0.14962083 0.39679022 0.90563300
vn -0.15084155 0.42227882 0.89382740
vn -0.22432782 0.30969838 0.92399348
vn -0.23468901 0.15289506 0.95997092
vn -0.27018574 0.17272388 0.94718854
vn -0.24281812 -0.00000000 0.97007183
vn -0.28658013 -0.00000000 0.95805628
vn -0.16425430 0.11933308 0.97917319
vn -0.15460246 0.23407452 0.95984749
vn -0.16403883 -0.00000000 0.98645388
vn -0.06367421 0.00000011 0.99797074
vn -0.12326094 0.34519069 0.93040321
vn 0.87181915 0.31400083 0.37594528
vn 0.91444785 0.12929633 0.38349393
vn 0.79792081 0.27123736 0.53828680
vn 0.83385011 0.11458777 0.53996634
vn 0.92014287 -0.00000000 0.39158282
vn 0.83647208 -0.00000000 0.54800954
vn 0.75052090 0.51031094 0.41988227
vn 0.68615684 0.43395614 0.58384147
vn 0.48975738 0.46595318 0.73690254
vn 0.79278151 0.53637996 0.28947197
vn 0.90570148 0.32472622 0.27250269
vn 0.94960447 0.13098293 0.28477153
vn 0.95758801 -0.00000000 0.28814094
vn 0.40333623 0.83770704 0.36819398
vn 0.44702780 0.79942680 0.40135139
vn 0.44758111 0.89423578 0.00367752
vn 0.50827666 0.86002457 0.04486168
vn 0.51740906 0.74078826 0.42839307
vn 0.58829119 0.80651405 0.05872445
vn 0.41248763 0.91092551 -0.00828699
vn 0.38136057 0.84932303 0.36498562
vn 0.41161085 0.90935059 0.06048157
vn 0.31128479 0.67304856 0.67090045
vn 0.29413422 0.68490987 0.66662098
vn 0.14089833 0.37886905 0.91466163
vn 0.36972727 0.81804717 0.44056847
vn 0.25263826 0.64046465 0.72524406
vn 0.12564924 0.37944485 0.91664272
vn 0.33302529 0.62618579 0.70497200
vn 0.36758188 0.56040150 0.74218173
vn 0.15041537 0.34791410 0.92538154
vn 0.16522799 0.30692917 0.93728021
vn 0.68501379 0.62026541 0.38213469
vn 0.75799810 0.56191954 0.33118774
vn 0.78871706 0.58900142 -0.17607589
vn 0.74043109 0.66739088 -0.07969457
vn 0.81996615 0.49550913 0.28657671
vn 0.81997931 0.50972387 -0.26041411
vn 0.60195388 0.67846916 0.42110703
vn 0.67026625 0.74203509 0.01127320
vn 0.46908378 0.44402953 0.76341220
vn 0.41707859 0.49731711 0.76073723
vn 0.21805182 0.23344814 0.94760507
vn 0.19025187 0.26739144 0.94461952
vn 0.51900691 0.39157710 0.75980208
vn 0.56309026 0.33316714 0.75625989
vn 0.24579366 0.19901769 0.94867140
vn 0.27087665 0.16020918 0.94918853
vn 0.92840973 0.30194945 0.21652229
vn 0.96732735 0.16355136 0.19372336
vn 0.87604941 0.16574251 -0.45284307
vn 0.86199510 0.30496721 -0.40491907
vn 0.98308394 -0.00000039 0.18315559
vn 0.88139831 -0.00000016 -0.47237381
vn 0.58808572 0.00000000 -0.80879861
vn 0.87684674 0.41181326 0.24809199
vn 0.84281317 0.41877545 -0.33807261
vn 0.63205397 0.18727100 0.75195569
vn 0.60103066 0.26598898 0.75366571
vn 0.30699633 0.07823440 0.94848966
vn 0.29149151 0.11924015 0.94911247
vn 0.65398104 0.09742983 0.75021079
vn 0.66321350 -0.00000012 0.74843026
vn 0.31722942 0.03780410 0.94759503
vn 0.32148564 -0.00000000 0.94691445
vn 0.30842880 0.39633805 0.86474726
vn 0.47248292 0.61847967 0.62788756
vn 0.25701276 0.00204892 0.96640584
vn 0.46720739 0.25681107 0.84602916
vn 0.59657114 0.80163103 0.03860785
vn 0.64686559 0.76258253 0.00572631
vn 0.13535480 0.12610390 0.98273948
vn -0.03099633 -0.27198046 0.96180344
vn -0.44364835 -0.69286368 0.56843299
vn -0.89383774 -0.43207866 0.11984206
vn -0.69283282 -0.72073218 -0.02297392
vn 0.37009227 0.67634496 0.63685886
vn 0.21186427 0.43963557 0.87283108
vn -0.17781902 -0.32015863 0.93052611
vn -0.01354009 0.06428024 0.99784003
vn 0.44746702 0.85135784 0.27379387
vn 0.61924665 -0.14255978 -0.77214655
vn 0.61863980 -0.22953081 -0.75139896
vn 0.68497728 -0.18703301 -0.70414826
vn 0.67538266 -0.11912621 -0.72778239
vn 0.61560627 -0.32321799 -0.71872043
vn 0.69535210 -0.25507886 -0.67187813
vn 0.61856212 -0.06557190 -0.78299504
vn 0.66813782 -0.05548377 -0.74196590
vn 0.61794892 0.00000000 -0.78621825
vn 0.66509650 0.00000003 -0.74675742
vn 0.60963652 -0.06617020 -0.78991444
vn 0.60540857 -0.14514811 -0.78256788
vn 0.62300573 -0.05968556 -0.77993685
vn 0.61073939 0.00000000 -0.79183167
vn 0.62499622 0.00000000 -0.78062778
vn 0.59660248 -0.23790636 -0.76646334
vn 0.61608314 -0.13244859 -0.77646567
vn 0.60224585 -0.22150882 -0.76696400
vn 0.58170012 -0.34287646 -0.73760470
vn 0.37704010 0.28579853 -0.88099941
vn 0.28402711 0.40181941 -0.87055716
vn 0.30731837 0.52436729 -0.79409972
vn 0.41163973 0.43365837 -0.80155670
vn 0.17926127 0.47308203 -0.86258842
vn 0.20475456 0.57922384 -0.78903442
vn 0.47503081 0.11756855 -0.87207990
vn 0.52888128 0.29134183 -0.79712266
vn 0.56049248 -0.09289805 -0.82293264
vn 0.64069283 0.09001367 -0.76250261
vn 0.42293807 -0.01862777 -0.90596710
vn 0.34087969 0.15009644 -0.92804746
vn 0.36902274 -0.12339922 -0.92119208
vn 0.49212841 -0.21300216 -0.84406144
vn 0.43372776 -0.28633838 -0.85433633
vn 0.25751785 0.27445771 -0.92647586
vn 0.15123779 0.35233142 -0.92357441
vn 0.29473169 0.02369940 -0.95528612
vn 0.21359049 0.13455370 -0.96761274
vn 0.10201250 0.19499183 -0.97548533
vn 0.61035647 -0.36394408 -0.70356924
vn 0.60298978 -0.27198681 -0.74995100
vn 0.70202732 -0.10721202 -0.70403354
vn 0.71234201 -0.23287119 -0.66207241
vn 0.61120149 -0.38044593 -0.69404152
vn 0.70466322 -0.28276163 -0.65076540
vn 0.56253086 -0.41711600 -0.71384401
vn 0.54710689 -0.42439227 -0.72150208
vn 0.54619258 -0.41160256 -0.72955946
vn 0.57872314 -0.32805102 -0.74663382
vn 0.53062589 -0.36250329 -0.76617722
vn 0.51336353 -0.43735877 -0.73835980
vn 0.48005146 -0.40239946 -0.77950322
vn 0.00907661 0.46523211 -0.88514219
vn -0.06906120 0.29202493 -0.95391404
vn -0.25537371 0.08256196 -0.96331085
vn -0.06794199 0.37186983 -0.92579518
vn -0.22068138 -0.04243404 -0.97442243
vn -0.49249470 -0.41040297 -0.76747532
vn 0.06983078 0.59391074 -0.80149466
vn 0.06834706 0.57336983 -0.81644089
vn 0.12407511 0.60258250 -0.78835252
vn 0.08925899 0.49454685 -0.86455552
vn 0.04812342 0.36236981 -0.93079120
vn -0.03122947 0.15562847 -0.98732188
vn -0.56444557 -0.81112716 -0.15321204
vn -0.47218857 -0.61962638 -0.62697776
vn -0.53816099 -0.62131540 0.56951727
vn -0.66547083 -0.74624069 -0.01653517
vn -0.36561892 -0.27609907 0.88887126
vn -0.25277397 -0.27547013 -0.92748128
vn -0.59235014 -0.62566724 -0.50760398
vn -0.61619682 -0.47172422 0.63069624
vn -0.47844375 -0.72168969 0.50025550
vn -0.27784208 -0.33501554 0.90031570
vn -0.15372425 -0.04408731 0.98712976
vn 0.06728825 0.31463206 0.94682573
vn -0.42971831 -0.53792373 -0.72524495
vn -0.57842558 -0.79014393 -0.20272250
vn -0.21006697 -0.18723446 -0.95959112
vn 0.00126396 0.00448332 -0.99998915
vn 0.15767882 -0.14168962 -0.97727245
vn -0.08678139 -0.30116590 -0.94961471
vn -0.32841416 -0.40450119 -0.85353554
vn 0.02317590 -0.12687426 -0.99164802
vn -0.68151800 -0.73037952 -0.04559575
vn -0.74019494 -0.67055931 0.04961514
vn -0.73568738 -0.65888187 0.15696739
vn 0.14296431 0.00331861 -0.98972228
vn 0.23768364 -0.07460146 -0.96847360
vn 0.26977539 -0.19288981 -0.94340594
vn 0.31743967 -0.18296060 -0.93046089
vn 0.37699254 -0.25760113 -0.88967313
vn 0.39189034 -0.30452697 -0.86815050
vn 0.16014087 -0.21575956 -0.96322516
vn 0.42829789 -0.09629541 -0.89849213
vn -0.49532551 -0.86592591 -0.06946199
vn -0.18232570 -0.07762330 0.98016935
vn -0.04724269 0.07830366 0.99580955
vn -0.07315612 0.04228708 0.99642360
vn -0.23189506 -0.15906025 0.95964812
vn -0.33265752 -0.17290674 0.92706107
vn -0.42965413 -0.31105142 0.84772894
vn -0.22792672 -0.00843955 0.97364171
vn -0.13642861 -0.00151239 0.99064875
vn -0.10334799 0.14941734 0.98335835
vn 0.83338681 0.48087553 0.27244292
vn -0.02746115 0.09612685 0.99499021
vn -0.08521437 0.07291521 0.99369104
vn -0.00412031 0.11059198 0.99385735
vn 0.56999324 -0.27967450 -0.77258649
vn 0.78038290 0.00878885 -0.62524018
vn 0.48132172 -0.29495392 -0.82542812
vn 0.65854487 -0.03576489 -0.75169111
vn 0.81434420 0.45788876 0.35662504
vn 0.81394013 0.48117303 0.32553646
vn 0.45740403 -0.38596124 -0.80113387
vn 0.51344816 -0.39669567 -0.76092282
vn 0.64088906 -0.23260073 -0.73154502
vn 0.56462626 -0.35742098 -0.74394047
vn 0.69160826 -0.16219573 -0.70382566
vn 0.60788449 -0.27360270 -0.74539788
vn 0.84779390 0.03868951 -0.52891268
vn 0.83117019 0.40875941 0.37692420
vn 0.88543009 0.05995852 -0.46088884
vn 0.85352550 0.33987453 0.39494243
vn 0.74088100 -0.04760218 -0.66994730
vn 0.65336265 -0.10275898 -0.75003856
vn 0.75018930 -0.01901021 -0.66094979
vn 0.66159609 -0.04543775 -0.74848249
vn 0.75310087 0.00000000 -0.65790507
vn 0.66402479 -0.00000000 -0.74771056
vn 0.93136478 0.03136393 -0.36273400
vn 0.92272963 0.05660926 -0.38126818
vn 0.89228015 0.08659184 0.44310042
vn 0.93438843 -0.00000000 -0.35625589
vn 0.89422226 0.00000071 0.44762323
vn 0.72288867 -0.09260390 -0.68473096
vn 0.90810312 0.06906059 -0.41301254
vn 0.88484536 0.17393182 0.43219951
vn 0.87166640 0.25913239 0.41599050
vn 0.63682774 -0.17720454 -0.75036589
vn 0.17517875 0.06739713 0.98222708
vn 0.35882746 0.12623891 0.92482787
vn 0.37332627 0.06173745 0.92564355
vn 0.18675066 0.03192221 0.98188857
vn 0.37761177 0.00000178 0.92596401
vn 0.15911960 0.04279050 0.98633155
vn 0.16857941 0.01920974 0.98550087
vn 0.19049078 0.00000089 0.98168898
vn 0.17194062 0.00000061 0.98510732
vn 0.14356972 0.06821413 0.98728647
vn 0.15485905 0.10343754 0.98250667
vn 0.12152562 0.09425944 0.98810257
vn 0.33173193 0.19046396 0.92394665
vn 0.12418598 0.13783092 0.98263955
vn 0.28784199 0.25145470 0.92407658
vn 0.03032812 0.15749607 0.98705380
vn 0.06052874 0.12263066 0.99060486
vn 0.02680062 0.12015132 0.99239377
vn -0.02728837 0.12907454 0.99125935
vn 0.13444390 0.29739758 0.94524045
vn 0.02438072 0.25473102 0.96670455
vn 0.22201294 0.29322225 0.92990912
vn 0.08195998 0.15980008 0.98374107
vn 0.09311452 0.11454069 0.98904505
vn 0.27908345 0.54167925 0.79290353
vn 0.22375542 0.56314012 0.79549149
vn 0.26050108 0.55012125 0.79341401
vn 0.18620227 0.56704800 0.80236231
vn 0.33175508 0.52892410 0.78113882
vn 0.33437049 0.52243190 0.78438593
vn 0.41073059 0.49758871 0.76400645
vn 0.41867382 0.48501265 0.76777273
vn 0.30458388 0.55901371 0.77118890
vn 0.35081345 0.53840036 0.76619513
vn 0.33586909 0.58887882 0.73512835
vn 0.38189193 0.56524543 0.73120186
vn 0.41471262 0.55545988 0.72074806
vn 0.26922311 0.58325254 0.76637810
vn 0.24087007 0.61772535 0.74859669
vn 0.30076155 0.60964840 0.73339711
vn 0.24390378 0.85176939 0.46368078
vn 0.30667263 0.85296837 0.42237052
vn 0.21218255 0.91306710 0.34826289
vn 0.14158927 0.91551800 0.37653588
vn 0.22386986 0.92680335 0.30152584
vn 0.20427995 0.83546593 0.51016310
vn 0.09653092 0.89587712 0.43368879
vn 0.29846339 0.76499809 0.57069916
vn 0.32863195 0.77760788 0.53602894
vn 0.36529052 0.71516228 0.59590750
vn 0.34469641 0.70771629 0.61670255
vn 0.37030365 0.78348096 0.49903186
vn 0.38748857 0.72271774 0.57230384
vn 0.41336799 0.72967686 0.54470046
vn 0.68152376 -0.15748232 0.71465004
vn 0.74943568 0.29907555 0.59067756
vn 0.68343142 -0.14292644 0.71588653
vn 0.67339911 -0.20705035 0.70969274
vn 0.07818578 0.91037902 0.40632133
vn 0.54891655 0.61195876 0.56938309
vn 0.04956629 0.91445770 0.40163453
vn 0.05868216 0.92287067 0.38061283
vn 0.10018185 0.92394298 0.36917877
vn 0.06297723 0.92550835 0.37345437
vn 0.06983061 0.93958650 0.33511325
vn 0.07072890 0.92210380 0.38042344
vn 0.59728694 0.45233066 0.66230301
vn 0.50996283 0.47120186 0.71965737
vn 0.54238181 0.42486815 0.72478206
vn 0.63098170 0.38765630 0.67200051
vn 0.36586966 0.14241045 0.91970574
vn 0.68365806 0.37845111 0.62400834
vn 0.36499809 0.13848154 0.92065154
vn 0.33798083 0.14094250 0.93053972
vn 0.54795005 -0.01617942 0.83635457
vn 0.49942140 0.11505362 0.85868558
vn 0.54763843 -0.06073024 0.83450823
vn 0.63291784 -0.06874154 0.77116121
vn 0.31693383 0.31960700 0.89297498
vn 0.56112163 0.51402801 0.64878172
vn 0.18411214 0.39132953 0.90164512
vn 0.14658042 0.39589297 0.90652244
vn 0.16784849 0.53938738 0.82515946
vn 0.04364544 0.64828846 0.76014284
vn 0.04083993 0.64945624 0.75930145
vn 0.54903642 0.57733421 0.60435438
vn 0.13616825 0.41473217 0.89969741
vn 0.51707456 0.57069055 0.63792335
vn 0.01025399 0.67036955 0.74195655
vn 0.49291347 0.51444146 0.70170243
vn 0.46570178 0.56177324 0.68376361
vn 0.41356922 0.52638707 0.74288435
vn 0.46616042 0.66313372 0.58561773
vn 0.47544888 0.67843212 0.56006984
vn 0.44504787 0.70426396 0.55312265
vn 0.42786320 0.69351869 0.57962480
vn 0.48914926 0.69694450 0.52440573
vn 0.45877805 0.65425494 0.60122639
vn 0.41227604 0.68614120 0.59936526
vn 0.45093888 0.65358839 0.60784565
vn 0.39694770 0.68265988 0.61352099
vn 0.50525685 0.62675967 0.59320134
vn 0.00301792 0.81481507 0.57971312
vn -0.00557926 0.81251621 0.58291190
vn 0.06252660 0.84720921 0.52756704
vn 0.04539744 0.91268146 0.40614237
vn 0.50543843 0.61705296 0.60313982
vn 0.50482252 0.61646539 0.60425544
vn -0.00012022 0.81432374 0.58041092
vn 0.06218427 0.73276199 0.67763780
vn 0.00174100 0.81220064 0.58337560
vn 0.01146222 0.66914241 0.74304580
vn 0.50798613 0.64698719 0.56864547
vn 0.05079260 0.91297067 0.40485142
vn 0.40759942 0.64190113 0.64948106
vn 0.43471115 0.65272688 0.62046259
vn 0.37760101 0.67741016 0.63129466
vn 0.35378014 0.66343151 0.65931650
vn 0.37368915 0.62039849 0.68953762
vn 0.32816649 0.63918424 0.69552157
vn 0.42182700 0.59635779 0.68294903
vn 0.46291885 0.61247197 0.64076847
vn 0.49475947 0.61943581 0.60951813
vn 0.01328280 0.67176707 0.74064335
vn 0.79851954 -0.29373183 0.52544092
vn 0.79929765 0.25925639 0.54213411
vn 0.85952748 -0.21597189 0.46321556
vn 0.89209891 -0.23952736 0.38312685
vn 0.79641770 -0.27857988 0.53676074
vn 0.81466643 0.20993113 0.54059924
vn 0.75498785 -0.19416062 0.62633458
vn 0.68562883 -0.21672913 0.69493999
vn 0.79962929 0.23938899 0.55071400
vn 0.80355154 -0.23683775 0.54608865
vn 0.79243516 -0.25013419 0.55630874
vn 0.79613489 0.24529789 0.55317103
vn 0.95329263 -0.16262861 0.25452918
vn 0.92004295 -0.17111652 0.35247709
vn 0.87443824 -0.27082369 0.40250751
vn 0.88613453 -0.23287753 0.40066651
vn 0.95602902 -0.17300587 0.23680685
vn 0.95502110 -0.16753218 0.24467871
vn 0.95201289 -0.16919125 0.25504074
vn 0.81385522 0.19321925 0.54800183
vn 0.99226252 0.07390861 0.09976272
vn 0.99346618 0.04019551 0.10681418
vn 0.97797638 -0.00227008 0.20870326
vn 0.90139452 0.42901283 -0.05861664
vn 0.92539123 0.37827809 -0.02359587
vn 0.43505836 0.87837585 0.19793963
vn 0.46040646 0.87863555 0.12659171
vn 0.28001194 0.94075591 0.19123712
vn 0.30388119 0.94965411 0.07624496
vn 0.49966173 0.86499204 0.04611864
vn 0.36264567 0.93012858 -0.05786999
vn 0.30027953 0.91242759 0.27804333
vn 0.43387310 0.85861408 0.27301280
vn 0.37138040 0.85584054 0.36001884
vn 0.56105881 0.80769750 0.18121190
vn 0.53768150 0.81214258 0.22654587
vn 0.45764049 0.82057613 0.34237406
vn 0.52936843 0.79773314 0.28877483
vn 0.58551928 0.79539532 0.15656773
vn 0.63957538 0.75120212 0.16321370
vn 0.60135138 0.78848918 0.12907882
vn 0.57016879 0.80353961 -0.17097263
vn 0.60285054 0.72269918 -0.33804900
vn 0.57405151 0.71028516 -0.40738171
vn 0.51013969 0.81227922 -0.28277192
vn 0.63449625 0.57615257 -0.51523075
vn 0.63330443 0.56143603 -0.53264912
vn 0.53548612 0.84340824 -0.04378530
vn 0.43871303 0.88196291 -0.17225651
vn 0.60699281 0.79155894 0.07066955
vn 0.61678094 0.78450567 -0.06428163
vn 0.62712885 0.73091955 -0.26919512
vn 0.63686764 0.58999430 -0.49629259
vn 0.68459092 0.23304359 -0.69067065
vn 0.69583779 0.10378637 -0.71066037
vn 0.73908797 0.10546135 -0.66530209
vn 0.71972732 0.23312404 -0.65394630
vn 0.69935254 -0.00000000 -0.71477690
vn 0.74580381 0.00000000 -0.66616565
vn 0.66480509 0.39240634 -0.63565042
vn 0.68549229 0.38749572 -0.61639873
vn 0.64775303 0.39768817 -0.64981547
vn 0.65544990 0.23316123 -0.71834620
vn 0.66029074 0.10300499 -0.74391270
vn 0.66155345 -0.00000000 -0.74989802
vn 0.56368015 0.71729053 0.40958392
vn 0.50218289 0.77335297 0.38695935
vn 0.54006328 0.74167302 0.39780999
vn 0.46323499 0.79783875 0.38583245
vn 0.61314822 0.66876834 0.42047374
vn 0.62489180 0.64695728 0.43698572
vn 0.48015644 0.87309079 -0.08463018
vn 0.42417178 0.90517110 0.02726863
vn 0.32033521 0.94648914 0.03928958
vn 0.30776133 0.95113477 0.02501239
vn 0.58280711 0.70030623 0.41219784
vn 0.63262670 0.61999999 0.46409424
vn 0.50609582 0.86144911 -0.04210046
vn 0.49215243 0.86813387 -0.06426179
vn 0.63638020 0.77134069 0.00733361
vn 0.72772261 0.67537561 -0.11953071
vn 0.50468177 0.86288791 -0.02684695
vn 0.72813320 0.67496513 -0.11934872
vn 0.80641966 0.59106579 0.01812631
vn 0.54595014 0.75921222 0.35430954
vn 0.83958009 0.12065615 0.52966723
vn 0.82864472 0.17404131 0.53203154
vn 0.82165997 0.13821224 0.55296679
vn 0.81216218 0.19490610 0.54991290
vn 0.82932562 0.07243154 0.55405115
vn 0.84681534 0.06341929 0.52809257
vn 0.83221150 -0.00000000 0.55445831
vn 0.79659734 -0.00000011 0.60451028
vn 0.83874990 0.11030516 0.53322732
vn 0.84410848 0.05693091 0.53314139
vn 0.84941776 0.00000000 0.52772102
vn 0.84633397 -0.00000000 0.53265261
vn 0.82856070 0.15660274 0.53755256
vn 0.26979334 0.47390321 0.83822867
vn 0.28955588 0.47391237 0.83160355
vn 0.35130378 0.47146921 0.80888964
vn 0.33685179 0.46247926 0.82014865
vn 0.30417075 0.45201088 0.83855013
vn 0.36232640 0.46561156 0.80741901
vn 0.25700516 0.45077936 0.85483701
vn 0.32927269 0.43476869 0.83818595
vn 0.26417855 0.38505414 0.88427541
vn 0.33817474 0.37040932 0.86512125
vn 0.21963593 0.45976797 0.86044957
vn 0.23649523 0.48102540 0.84420647
vn 0.22481067 0.39260549 0.89180777
vn 0.26040741 0.47684989 0.83952496
vn 0.27810952 0.44627646 0.85058358
vn 0.00739530 0.99350776 0.11352371
vn 0.14384357 0.98803753 -0.05559555
vn 0.30694935 0.95162514 0.01384543
vn 0.20343506 0.97067559 0.12807453
vn 0.29662638 0.95141895 -0.08255167
vn 0.39780987 0.91746372 -0.00276171
vn 0.15540764 0.92612212 0.34372414
vn -0.00640112 0.91918658 0.39377030
vn 0.19968893 0.78228380 0.59004778
vn -0.07661627 0.90936585 0.40888103
vn -0.09292928 0.99154674 0.09054950
vn 0.10303838 0.74804801 0.65559688
vn 0.06671771 0.73092130 0.67919275
vn 0.05016491 0.99269295 -0.10974604
vn 0.23837785 0.96102437 -0.14002912
vn 0.46716847 0.86829149 -0.16680384
vn 0.52118609 0.78673426 -0.33077827
vn 0.54013643 0.78403129 -0.30585547
vn 0.49868221 0.85776044 -0.12475207
vn 0.55119090 0.61996972 -0.55841395
vn 0.56409945 0.62066958 -0.54457422
vn 0.39678524 0.91358152 -0.08905218
vn 0.45252619 0.89135999 -0.02640879
vn 0.36772165 0.92084196 -0.12973389
vn 0.45245238 0.87106467 -0.19113658
vn 0.51296676 0.78677094 -0.34330248
vn 0.54589504 0.61939015 -0.56422908
vn 0.53743617 0.22793391 -0.81191656
vn 0.53359586 0.09812585 -0.84002784
vn 0.54542838 0.09912738 -0.83227498
vn 0.54919690 0.22946005 -0.80357380
vn 0.53423815 -0.00000000 -0.84533401
vn 0.54585626 -0.00000000 -0.83787884
vn 0.55958470 0.40462772 -0.72328512
vn 0.54792852 0.40310401 -0.73299488
vn 0.54337882 0.40241778 -0.73674920
vn 0.53295462 0.22701421 -0.81512203
vn 0.52912383 0.09734453 -0.84294247
vn 0.52979833 -0.00000000 -0.84812365
vn 0.28090538 0.48399504 0.82875869
vn 0.22020396 0.57831866 0.78553023
vn 0.33537654 0.52502533 0.78222182
vn 0.28103795 0.62232054 0.73057157
vn 0.35987135 0.47580823 0.80255787
vn 0.30359854 0.44481999 0.84259308
vn 0.26016993 0.46485090 0.84630092
vn 0.27975164 0.43042761 0.85817894
vn 0.19926233 0.55738896 0.80598515
vn 0.30645390 0.17616364 0.93544234
vn 0.28633560 0.28451954 0.91491013
vn 0.35821759 0.27524237 0.89214449
vn 0.37653070 0.17154733 0.91038242
vn 0.38659313 0.07429994 0.91925256
vn 0.31688327 0.07567861 0.94544050
vn 0.31836479 -0.00000000 0.94796828
vn 0.38845164 0.00000000 0.92146911
vn 0.27886627 0.07675112 0.95725799
vn 0.26830627 0.17848088 0.94665533
vn 0.28037111 -0.00000000 0.95989168
vn 0.27073932 0.00000000 0.96265270
vn 0.24753407 0.28891298 0.92480061
vn -0.53186556 -0.66615572 0.52283418
vn -0.59192862 -0.68163706 0.43010630
vn -0.49794486 -0.75732617 0.42250205
vn -0.44840076 -0.73773034 0.50466890
vn -0.40555131 -0.80753606 0.42826819
vn -0.62168496 -0.69459599 0.36200030
vn -0.52800941 -0.76886583 0.36062639
vn -0.43789653 -0.81941321 0.36987650
vn -0.43095595 -0.64799233 0.62799914
vn -0.37529874 -0.71023162 0.59558534
vn -0.30698837 -0.62351945 0.71901435
vn -0.36303122 -0.78630051 0.49993984
vn -0.31365728 -0.75431963 0.57673304
vn -0.28579576 -0.68025916 0.67495796
vn -0.46933540 -0.59803358 0.64967693
vn -0.58924275 -0.60184185 0.53905414
vn -0.58737339 -0.60656292 0.53579280
vn -0.31818252 -0.58568398 0.74547580
vn -0.31308423 -0.60540852 0.73175050
vn -0.66143540 -0.60932034 0.43730074
vn -0.69565420 -0.61929266 0.36406296
vn -0.66723918 -0.60375487 0.43620171
vn -0.70618342 -0.60785510 0.36306633
vn -0.29288592 -0.34538370 -0.89158731
vn -0.32373976 -0.38900263 -0.86247871
vn -0.37085932 -0.45077336 -0.81195243
vn -0.34106379 -0.40626452 -0.84771731
vn -0.41245345 -0.49997145 -0.76151868
vn -0.34727256 -0.40423173 -0.84616693
vn -0.39515813 -0.46774042 -0.79061302
vn -0.42957492 -0.51528200 -0.74158603
vn -0.25186470 -0.28241373 -0.92563851
vn -0.30891906 -0.34115539 -0.88779615
vn -0.20852029 -0.20605229 -0.95606576
vn -0.39637539 -0.45566475 -0.79702960
vn -0.38159084 -0.38892046 -0.83852806
vn -0.27866569 -0.25472736 -0.92599104
vn -0.22123150 -0.21823440 -0.95048954
vn -0.26220614 -0.29694752 -0.91818849
vn -0.14750862 -0.14396413 -0.97852723
vn -0.16650676 -0.14667501 -0.97507022
vn -0.10130150 -0.06804376 -0.99252610
vn -0.28378064 -0.33835865 -0.89720788
vn -0.18049304 -0.25770838 -0.94921476
vn -0.19655467 -0.32161966 -0.92624352
vn -0.29341431 -0.33971140 -0.89359062
vn -0.15455413 -0.07462247 -0.98516217
vn -0.17571434 -0.13103507 -0.97568144
vn -0.25426152 -0.16702196 -0.95260419
vn -0.23704011 -0.09806743 -0.96653751
vn -0.35931582 -0.20180259 -0.91113548
vn -0.36965785 -0.29744070 -0.88027388
vn -0.14309814 -0.03240887 -0.98917773
vn -0.22704465 -0.04387818 -0.97289538
vn -0.34984780 -0.12268449 -0.92873841
vn -0.34320580 -0.05683413 -0.93753915
vn -0.08041462 -0.02156213 -0.99652826
vn -0.09427700 -0.05088280 -0.99424483
vn -0.02207298 -0.00803817 -0.99972405
vn -0.12176052 -0.09147770 -0.98833507
vn -0.03554823 -0.01959458 -0.99917585
vn -0.06153284 -0.03708600 -0.99741583
vn -0.04707445 -0.16413068 -0.98531473
vn -0.06691443 -0.22025430 -0.97314465
vn -0.11540935 -0.26050155 -0.95855079
vn -0.08366313 -0.20862924 -0.97440973
vn -0.07146723 -0.21206023 -0.97463988
vn -0.13047383 -0.23886803 -0.96224667
vn -0.20771615 -0.30270833 -0.93017292
vn -0.01835336 -0.05929109 -0.99807200
vn -0.04887304 -0.09109038 -0.99464263
vn -0.00223426 -0.00235912 -0.99999472
vn -0.02312418 -0.01677947 -0.99959178
vn -0.00823148 -0.04310616 -0.99903659
vn -0.02207678 -0.14397217 -0.98933545
vn -0.00150206 -0.04051469 -0.99917781
vn -0.00064683 0.00229086 -0.99999717
vn 0.00002295 0.00347772 -0.99999395
vn -0.02967339 -0.20702714 -0.97788509
vn -0.00363371 -0.14362385 -0.98962568
vn -0.00369229 -0.20857066 -0.97800033
vn -0.02896197 -0.20612025 -0.97809797
vn 0.00000000 0.00000000 -1.00000000
vn 0.00000000 0.00000000 -1.00000000
vn -0.00865496 -0.00433614 -0.99995314
vn 0.00000614 -0.00199086 -0.99999802
vn 0.00000000 0.00000000 -1.00000000
vn 0.00449316 -0.00076691 -0.99998961
vn 0.00000000 0.00000000 -1.00000000
vn 0.00000000 0.00000000 -1.00000000
vn 0.00000000 0.00000000 -1.00000000
vn 0.00000000 0.00000000 -1.00000000
vn 0.00000000 0.00000000 -1.00000000
vn 0.00000000 0.00000000 -1.00000000
vn 0.03496139 -0.17763029 -0.98347607
vn 0.04902848 -0.22483613 -0.97316233
vn 0.01691133 -0.15374503 -0.98796582
vn 0.02052076 -0.21273280 -0.97689490
vn 0.05331976 -0.21345321 -0.97549717
vn 0.02096735 -0.20927403 -0.97763222
vn -0.00194169 -0.20876469 -0.97796397
vn 0.00796198 -0.04985288 -0.99872484
vn 0.01347555 -0.07112515 -0.99737637
vn 0.00150029 0.00095426 -0.99999842
vn 0.05990084 -0.22123223 -0.97337978
vn 0.02301650 -0.10509237 -0.99419607
vn 0.08912494 -0.28582108 -0.95412948
vn 0.00177465 -0.00484645 -0.99998668
vn 0.00292221 -0.01322080 -0.99990833
vn 0.03680288 -0.15326251 -0.98749995
vn 0.08554360 -0.25252031 -0.96380277
vn 0.09513746 -0.22863748 -0.96885178
vn 0.12851978 -0.30089404 -0.94495790
vn 0.14761778 -0.26085049 -0.95402621
vn 0.00000000 0.00000000 -1.00000000
vn 0.00000000 0.00000000 -1.00000000
vn 0.00000000 0.00000000 -1.00000000
vn 0.00000000 0.00000000 -1.00000000
vn 0.00000000 0.00000000 -1.00000000
vn 0.00000000 0.00000000 -1.00000000
vn 0.00000000 0.00000000 -1.00000000
vn 0.00000000 0.00000000 -1.00000000
vn 0.00000000 0.00000000 -1.00000000
vn 0.00000000 0.00000000 -1.00000000
vn 0.00000000 0.00000000 -1.00000000
vn 0.00000000 0.00000000 -1.00000000
vn 0.00541322 -0.02543975 -0.99966170
vn 0.25443893 -0.42012643 -0.87106522
vn 0.25564803 -0.44628157 -0.85759946
vn 0.13118727 -0.36511360 -0.92167346
vn 0.17902379 -0.37345403 -0.91021018
vn 0.27514124 -0.39072040 -0.87842750
vn 0.20759205 -0.31971213 -0.92449429
vn 0.08848896 -0.20896663 -0.97391101
vn 0.25912621 -0.26214536 -0.92958777
vn 0.06069710 -0.05221883 -0.99678937
vn 0.37371745 -0.41737965 -0.82832934
vn 0.39085242 -0.30553220 -0.86826520
vn 0.41644394 -0.41752906 -0.80761620
vn 0.23660944 -0.11763553 -0.96445728
vn 0.36167965 -0.19681451 -0.91129133
vn 0.41400275 -0.34125917 -0.84388619
vn 0.35591921 -0.44506786 -0.82172752
vn 0.35891368 -0.42621028 -0.83037688
vn 0.41106562 -0.46336171 -0.78506113
vn 0.42280440 -0.47832575 -0.76970184
vn 0.16651481 -0.03409380 -0.98544936
vn 0.19717959 -0.06092492 -0.97847246
vn 0.03238198 -0.00533528 -0.99946133
vn 0.04324963 -0.01020064 -0.99901222
vn 0.02658939 -0.00235900 -0.99964366
vn 0.15026893 -0.01518719 -0.98852850
vn 0.29200898 -0.07286162 -0.95363617
vn 0.27817599 -0.03237060 -0.95998451
vn 0.36793173 -0.09668149 -0.92481292
vn 0.36169521 -0.04329294 -0.93129066
vn 0.31904394 -0.12651425 -0.93925775
vn 0.37850392 -0.16484007 -0.91080323
vn 0.39262027 -0.25264508 -0.88431883
vn 0.17308442 -0.61518741 0.76914643
vn 0.08339437 -0.62899289 0.77292518
vn 0.16314355 -0.55280452 0.81718501
vn 0.07777350 -0.55840904 0.82591200
vn 0.15696986 -0.52453704 0.83679230
vn -0.01195373 -0.62787615 0.77822147
vn -0.01333735 -0.56039475 0.82811825
vn 0.07212487 -0.52924729 0.84539654
vn 0.24896222 -0.54588040 0.80002025
vn 0.26038615 -0.58872648 0.76524518
vn 0.33923920 -0.54369077 0.76766993
vn 0.24467841 -0.52325259 0.81629603
vn 0.33922157 -0.52975113 0.77736250
vn 0.19476819 -0.70246044 0.68455437
vn 0.28843991 -0.65611773 0.69736070
vn 0.22956222 -0.80274052 0.55037156
vn 0.34968710 -0.56380257 0.74822831
vn 0.40324386 -0.57694076 0.71030539
vn 0.35276968 -0.72190769 0.59531743
vn 0.08996533 -0.72723914 0.68046269
vn -0.01837433 -0.72221054 0.69142919
vn 0.09958235 -0.84155219 0.53091739
vn -0.03574239 -0.83875306 0.54333764
vn 0.80462102 -0.32956768 0.49393336
vn 0.75178054 -0.32880109 0.57159064
vn 0.83495613 -0.16759924 0.52417435
vn 0.78870616 -0.17052560 0.59064677
vn 0.72126698 -0.31290267 0.61795297
vn 0.76573875 -0.16833998 0.62073007
vn 0.90237524 -0.16170357 0.39946323
vn 0.87560100 -0.32380473 0.35843185
vn 0.97356948 -0.15511732 0.16763376
vn 0.74089513 -0.49692614 0.45181723
vn 0.81679444 -0.49530273 0.29584124
vn 0.62746158 -0.67462923 0.38880248
vn 0.94270215 -0.31213865 0.11782238
vn 0.87767138 -0.47710541 0.04542448
vn 0.70863985 -0.67373240 0.20955720
vn 0.68032467 -0.48338901 0.55090235
vn 0.64344464 -0.44664395 0.62168173
vn 0.55216646 -0.65131101 0.52048648
vn 0.50386937 -0.58580738 0.63477978
vn 0.00438178 -0.73781574 0.67498795
vn -0.04259144 -0.79670469 0.60286616
vn -0.09878474 -0.81757668 0.56728295
vn -0.05796741 -0.77348461 0.63115873
vn -0.13506035 -0.82623450 0.54689602
vn -0.13964874 -0.84555041 0.51530839
vn -0.17793574 -0.84917931 0.49722568
vn -0.19718702 -0.85131298 0.48619285
vn -0.00189454 -0.68725255 0.72641610
vn -0.05930992 -0.72675708 0.68432922
vn -0.06931690 -0.65330146 0.75391801
vn -0.10267863 -0.78794091 0.60712949
vn -0.10440163 -0.74229947 0.66188503
vn -0.11561449 -0.68705370 0.71734964
vn 0.06205421 -0.62415656 0.77883109
vn 0.08628101 -0.67472102 0.73301237
vn 0.12316713 -0.52798105 0.84027726
vn -0.02099434 -0.59909245 0.80040457
vn 0.02255350 -0.51755509 0.85535260
vn 0.04030041 -0.74694959 0.66365819
vn 0.17440064 -0.56441682 0.80685691
vn 0.17296351 -0.64361256 0.74555114
vn -0.06746177 -0.82961995 0.55423790
vn -0.22925004 -0.60825632 0.75991360
vn -0.16207237 -0.62791189 0.76122218
vn -0.19294435 -0.65486953 0.73069718
vn -0.24712445 -0.62764863 0.73823214
vn -0.22047963 -0.66348890 0.71496239
vn -0.15338468 -0.69916576 0.69831252
vn -0.26088740 -0.59728201 0.75841411
vn -0.27084818 -0.60635984 0.74764230
vn -0.25627619 -0.59399719 0.76255482
vn -0.26670386 -0.63260699 0.72710209
vn -0.28536992 -0.60656468 0.74205343
vn -0.26101028 -0.58980671 0.76420002
vn -0.26656428 -0.57618582 0.77262759
vn -0.21789441 -0.57284762 0.79016937
vn -0.28818489 -0.52542699 0.80054728
vn -0.26917089 -0.59814714 0.75482914
vn -0.32745179 -0.57761552 0.74775373
vn -0.13172988 -0.58332781 0.80148356
vn -0.21185325 -0.51350349 0.83152412
vn -0.10460803 -0.51402112 0.85137503
vn -0.17327021 -0.60950417 0.77361625
vn -0.22471397 -0.59833426 0.76909021
vn -0.22468925 -0.57719648 0.78508532
vn -0.17087158 -0.56848013 0.80475663
vn -0.23203642 -0.56471196 0.79199716
vn -0.27182950 -0.58410698 0.76480570
vn -0.10230798 -0.62069091 0.77735184
vn -0.10081493 -0.56269253 0.82049587
vn -0.17539143 -0.54919496 0.81708185
vn -0.01674783 -0.53418316 0.84520285
vn -0.11503010 -0.70197777 0.70284799
vn -0.19380447 -0.66946850 0.71711349
vn -0.14936418 -0.80044812 0.58049388
vn -0.24259588 -0.63472306 0.73367151
vn -0.23721417 -0.73980518 0.62961713
vn -0.29284906 -0.66928565 0.68285880
vn 0.29994622 -0.27772950 0.91263278
vn 0.41984129 -0.29655114 0.85778244
vn 0.31599465 -0.48027789 0.81821790
vn 0.24825919 -0.42176546 0.87205577
vn 0.58951244 -0.31220939 0.74498348
vn 0.43175224 -0.55697190 0.70948736
vn 0.10641554 -0.78510158 0.61015674
vn 0.19659705 -0.27765698 0.94034898
vn 0.16873536 -0.40621173 0.89806481
vn 0.07421018 -0.28933950 0.95434559
vn 0.05438873 -0.41076294 0.91011849
vn 0.20932834 -0.14165132 0.96753116
vn 0.32593054 -0.13400603 0.93584810
vn 0.08399064 -0.15214950 0.98478226
vn 0.46243786 -0.13095118 0.87692817
vn 0.64724845 -0.12403744 0.75211978
vn -0.20504750 -0.31626414 0.92624647
vn -0.06761407 -0.30203730 0.95089527
vn -0.08291603 -0.41857583 0.90438886
vn -0.20731299 -0.42796611 0.87969673
vn -0.32284945 -0.33986153 0.88332461
vn -0.30674211 -0.44928965 0.83907573
vn -0.41724592 -0.37065752 0.82977036
vn -0.37956481 -0.48623782 0.78708535
vn -0.33846300 -0.18912553 0.92177781
vn -0.20517908 -0.17357322 0.96321020
vn -0.44773061 -0.20864843 0.86948441
vn -0.05905852 -0.16236185 0.98496229
vn -0.62811290 -0.45468790 0.63145316
vn -0.51066834 -0.40543196 0.75818387
vn -0.46299907 -0.52902391 0.71117196
vn -0.56967426 -0.58687292 0.57537068
vn -0.41018137 -0.63185719 0.65765320
vn -0.76599017 -0.52096663 0.37663355
vn -0.68768939 -0.65780506 0.30720644
vn -0.82833309 -0.55530600 -0.07415890
vn -0.51351049 -0.69284433 0.50623483
vn -0.61700451 -0.75272179 0.22959825
vn -0.72279082 -0.68019773 -0.12208390
vn -0.84397896 -0.31021289 0.43756997
vn -0.68218522 -0.26501420 0.68146225
vn -0.93968389 -0.34105536 -0.02598909
vn -0.55171991 -0.23205136 0.80109756
vn 0.04293205 -0.61595515 -0.78661051
vn 0.04633012 -0.55374005 -0.83139971
vn 0.09761190 -0.54579315 -0.83221497
vn 0.09312918 -0.60868663 -0.78792610
vn 0.15660242 -0.59767324 -0.78629663
vn 0.04914907 -0.51018390 -0.85865986
vn 0.10132933 -0.50343625 -0.85807011
vn 0.16216101 -0.53693287 -0.82789305
vn 0.03907975 -0.69655848 -0.71643496
vn 0.08785884 -0.68975946 -0.71868819
vn 0.03479845 -0.79292186 -0.60832885
vn 0.14768328 -0.67664465 -0.72134712
vn 0.07983559 -0.78779956 -0.61073573
vn -0.00077532 -0.69781644 -0.71627622
vn 0.00268850 -0.61896482 -0.78541411
vn -0.03315063 -0.69558101 -0.71768245
vn -0.00445715 -0.79263236 -0.60968359
vn -0.03973568 -0.78971562 -0.61218487
vn 0.00561478 -0.55777815 -0.82997109
vn 0.00805461 -0.51505015 -0.85712220
vn -0.02801328 -0.61796150 -0.78570913
vn -0.02404080 -0.55776270 -0.82965222
vn -0.65198098 -0.72764338 0.21320393
vn -0.72747265 -0.65359432 0.20880136
vn -0.65701400 -0.74547732 0.11223266
vn -0.73304464 -0.67235397 0.10288683
vn -0.65430857 -0.75622005 0.00339570
vn -0.74667614 -0.63285396 0.20486730
vn -0.75685898 -0.64686187 0.09345697
vn -0.73087004 -0.68241808 -0.01159934
vn -0.57026197 -0.81310403 0.11688935
vn -0.56328016 -0.79774097 0.21523200
vn -0.49143940 -0.86351140 0.11329335
vn -0.56863069 -0.82253079 0.01011185
vn -0.63944804 -0.70885452 0.29771039
vn -0.54866465 -0.78097122 0.29841424
vn -0.48198774 -0.84898360 0.21659792
vn -0.46311495 -0.83231039 0.30460457
vn -0.71434369 -0.63363756 0.29701268
vn -0.72868900 -0.61785034 0.29542055
vn 0.04456486 -0.96972679 -0.24009151
vn 0.04017600 -0.95654355 -0.28880846
vn 0.07483761 -0.95771194 -0.27782578
vn 0.08174675 -0.97049158 -0.22685583
vn 0.10901431 -0.95897513 -0.26169177
vn 0.03530002 -0.94987971 -0.31061623
vn 0.06816392 -0.95078017 -0.30227595
vn 0.09897538 -0.95159948 -0.29096788
vn 0.04932604 -0.98627611 -0.15756389
vn 0.08839725 -0.98605171 -0.14102464
vn 0.09312606 -0.99553758 -0.01524681
vn 0.12050831 -0.97071719 -0.20781212
vn 0.12936051 -0.98401586 -0.12238731
vn 0.13599381 -0.99070104 0.00413903
vn 0.01010895 -0.98507446 -0.17183165
vn 0.00807045 -0.96792306 -0.25111713
vn -0.02598158 -0.98212057 -0.18645143
vn 0.04942183 -0.99835883 -0.02893308
vn 0.00674776 -0.99913049 -0.04114271
vn -0.03234200 -0.99788669 -0.05635731
vn 0.00413702 -0.95457038 -0.29795684
vn -0.02850551 -0.96412457 -0.26391522
vn -0.03434773 -0.95049874 -0.30882417
vn -0.00064801 -0.94804830 -0.31812577
vn -0.11419933 -0.60475271 -0.78818314
vn -0.10928661 -0.54436932 -0.83169615
vn -0.05789079 -0.55314074 -0.83107399
vn -0.06264229 -0.61343161 -0.78725956
vn -0.10603366 -0.50317193 -0.85765662
vn -0.05488415 -0.51141628 -0.85757864
vn -0.02128149 -0.51599556 -0.85632685
vn -0.12077728 -0.68328836 -0.72009018
vn -0.06939388 -0.69137226 -0.71915846
vn -0.12930827 -0.77937816 -0.61306529
vn -0.07855073 -0.78620936 -0.61294749
vn -0.18754561 -0.66916821 -0.71905532
vn -0.18200901 -0.59164075 -0.78538777
vn -0.26676692 -0.64755534 -0.71379794
vn -0.19194947 -0.76473227 -0.61509346
vn -0.17741126 -0.53301893 -0.82729443
vn -0.26445330 -0.57520220 -0.77408455
vn -0.26036678 -0.52225774 -0.81206896
vn -0.17384156 -0.49414978 -0.85181871
vn 0.02992755 -0.92169518 -0.38675877
vn -0.00701921 -0.92032934 -0.39108136
vn 0.03141316 -0.87506209 -0.48299022
vn -0.00683483 -0.87397393 -0.48592475
vn -0.04736146 -0.91700690 -0.39604953
vn -0.04524265 -0.87078440 -0.48957904
vn 0.07147880 -0.87204419 -0.48417942
vn 0.06533977 -0.92057785 -0.38505471
vn 0.11652687 -0.86295688 -0.49165731
vn 0.13353849 -0.77512522 -0.61753410
vn 0.03122725 -0.94270505 -0.33216268
vn 0.06408669 -0.94285356 -0.32698634
vn 0.10176450 -0.91625321 -0.38745845
vn 0.09528799 -0.94186985 -0.32218223
vn -0.00491375 -0.94112363 -0.33802687
vn -0.04594733 -0.93756066 -0.34477362
vn -0.04102229 -0.94411779 -0.32704550
vn 0.52915783 -0.79603272 0.29380928
vn 0.61427453 -0.73122015 0.29662080
vn 0.59608141 -0.70229286 0.38919364
vn 0.51258941 -0.76783649 0.38429055
vn 0.48896910 -0.73969753 0.46233839
vn 0.65510882 -0.69400395 0.29864854
vn 0.63563468 -0.66479671 0.39244602
vn 0.56976612 -0.67478791 0.46907125
vn 0.43335334 -0.85346782 0.28947809
vn 0.41805384 -0.82584230 0.37843821
vn 0.34431810 -0.89432344 0.28571074
vn 0.39737809 -0.79746114 0.45403346
vn 0.33002920 -0.86656875 0.37435188
vn 0.44206370 -0.87659764 0.19014801
vn 0.53714251 -0.82129175 0.19224408
vn 0.44424125 -0.89202147 0.08335111
vn 0.35284350 -0.91687160 0.18667603
vn 0.62216347 -0.75854862 0.19369206
vn 0.53786661 -0.83894702 0.08286977
vn 0.62114896 -0.77952799 0.08068503
vn 0.66347675 -0.72236891 0.19488913
vn -0.11481086 -0.94591015 -0.30343442
vn -0.16990123 -0.93176486 -0.32085483
vn -0.12330772 -0.93088482 -0.34387302
vn -0.17244962 -0.91721641 -0.35913115
vn -0.17696405 -0.91394299 -0.36522861
vn -0.22977920 -0.91691663 -0.32629038
vn -0.22625054 -0.90319710 -0.36475429
vn -0.22756968 -0.89839252 -0.37563668
vn -0.07643206 -0.94267336 -0.32484624
vn -0.06861952 -0.95675245 -0.28269437
vn -0.13251803 -0.92639393 -0.35246738
vn -0.08485831 -0.93687300 -0.33921683
vn -0.11267187 -0.96666562 -0.22991874
vn -0.06528977 -0.97609892 -0.20728761
vn -0.12287670 -0.98733048 -0.10039840
vn -0.07375304 -0.99424965 -0.07764099
vn -0.17101737 -0.95353581 -0.24803733
vn -0.24020806 -0.93761269 -0.25136137
vn -0.18288119 -0.97593695 -0.11874988
vn -0.25538416 -0.95878104 -0.12457064
vn 0.13262879 -0.57049787 0.81051946
vn 0.14110154 -0.49492342 0.85740373
vn 0.05703361 -0.48389216 0.87326716
vn 0.05589337 -0.56507973 0.82314083
vn -0.02772201 -0.46906160 0.88273026
vn 0.14818294 -0.46642803 0.87205889
vn 0.06097453 -0.45486437 0.88847088
vn -0.02691840 -0.44001531 0.89758672
vn 0.12584192 -0.65292988 0.74689115
vn 0.05917399 -0.65005042 0.75758358
vn 0.06873133 -0.72203430 0.68843481
vn -0.02282411 -0.55360730 0.83246503
vn -0.01182154 -0.63986416 0.76839711
vn 0.00554651 -0.71341971 0.70071503
vn 0.19251431 -0.65937852 0.72674494
vn 0.21224436 -0.58315740 0.78414270
vn 0.25029092 -0.67649168 0.69261350
vn 0.12681981 -0.72437619 0.67763992
vn 0.18500221 -0.72161895 0.66711339
vn 0.22085406 -0.71894605 0.65904481
vn 0.23118037 -0.51140210 0.82766148
vn 0.29260768 -0.60764262 0.73834355
vn 0.32900489 -0.53938323 0.77512678
vn 0.24188760 -0.48163895 0.84232672
vn 0.53757075 -0.83280286 -0.13212525
vn 0.53537213 -0.84420204 -0.02644997
vn 0.44237175 -0.89658953 -0.02084342
vn 0.44337071 -0.88891572 -0.11511409
vn 0.34998026 -0.93648249 -0.02267965
vn 0.35483670 -0.93158582 0.07898586
vn 0.54598141 -0.80500732 -0.23209375
vn 0.45053938 -0.86845036 -0.20690152
vn 0.55160433 -0.76531426 -0.33170279
vn 0.34409508 -0.93254850 -0.10932465
vn 0.34313139 -0.91994420 -0.18964053
vn 0.46227701 -0.83326153 -0.30327411
vn 0.61245064 -0.74829890 -0.25485872
vn 0.61338164 -0.77583275 -0.14780564
vn 0.64955125 -0.74375895 -0.15781574
vn 0.61242782 -0.70427194 -0.35907270
vn 0.64293291 -0.71634449 -0.27108641
vn 0.61691462 -0.78628682 -0.03419632
vn 0.65596163 -0.75368262 -0.04094931
vn 0.66230195 -0.74506735 0.07893525
vn -0.71595706 -0.63893311 -0.28137158
vn -0.71806104 -0.67503589 -0.16945471
vn -0.69384481 -0.65933024 -0.28959112
vn -0.69621698 -0.69454008 -0.18137254
vn -0.67817349 -0.67117471 -0.29934131
vn -0.70303553 -0.70949534 -0.04855303
vn -0.68038542 -0.73045314 -0.05927810
vn -0.68546223 -0.70199730 -0.19323902
vn -0.69683358 -0.60424006 -0.38641546
vn -0.67392961 -0.62678855 -0.39109460
vn -0.66145612 -0.57321211 -0.48363590
vn -0.65551328 -0.64342245 -0.39536045
vn -0.63668529 -0.59861807 -0.48609490
vn -0.71599698 -0.58734212 -0.37732951
vn -0.73487642 -0.62114318 -0.27228256
vn -0.71877362 -0.59276452 -0.36331075
vn -0.67737076 -0.55852577 -0.47876698
vn -0.67476788 -0.56934662 -0.46960914
vn -0.74221125 -0.65124631 -0.15811610
vn -0.73851714 -0.67307640 -0.03950431
vn -0.74242221 -0.61902775 -0.25615210
vn -0.75382112 -0.64082967 -0.14522762
vn -0.17821142 -0.54293245 0.82064916
vn -0.18822191 -0.49550403 0.84796714
vn -0.17091214 -0.44076102 0.88120302
vn -0.16119957 -0.49862031 0.85169976
vn -0.15848882 -0.45797744 0.87472165
vn -0.24673875 -0.45292016 0.85672827
vn -0.23755686 -0.39260466 0.88849779
vn -0.22550015 -0.40732749 0.88500508
vn -0.21447391 -0.58569414 0.78164142
vn -0.20533378 -0.54900638 0.81020370
vn -0.15116509 -0.51849838 0.84161068
vn -0.19824035 -0.57061730 0.79692952
vn -0.22286275 -0.64854608 0.72781878
vn -0.19709713 -0.61549885 0.76309494
vn -0.24084041 -0.71212885 0.65944553
vn -0.26807326 -0.72317405 0.63651867
vn -0.20735565 -0.57543326 0.79112591
vn -0.21824270 -0.68940823 0.69071443
vn -0.22221672 -0.65975186 0.71787688
vn -0.25061287 -0.62814068 0.73663591
vn 0.42337238 -0.67604223 0.60309429
vn 0.48763038 -0.61309196 0.62155841
vn 0.41938626 -0.57611607 0.70157355
vn 0.36805284 -0.63964491 0.67482702
vn 0.51784485 -0.57667067 0.63189213
vn 0.44255259 -0.54134698 0.71490605
vn 0.34579171 -0.50681911 0.78965972
vn 0.34526026 -0.73640801 0.58180632
vn 0.30488699 -0.70265227 0.64290257
vn 0.26814179 -0.77952023 0.56608144
vn 0.24332468 -0.74527537 0.62077187
vn 0.37361812 -0.76861137 0.51927455
vn 0.46037429 -0.71021356 0.53259010
vn 0.29075315 -0.80998690 0.50929739
vn 0.31153233 -0.83784767 0.44828438
vn 0.53553142 -0.64618811 0.54373434
vn 0.57120450 -0.60902297 0.55028760
vn 0.60791713 -0.63768633 0.47306755
vn -0.17739692 -0.50657297 0.84375006
vn -0.19036625 -0.42227926 0.88625104
vn -0.26068217 -0.39927920 0.87898858
vn -0.24536410 -0.47922005 0.84270078
vn -0.32203069 -0.37995349 0.86713989
vn -0.19394079 -0.39696680 0.89710887
vn -0.26504271 -0.37893438 0.88665726
vn -0.32602677 -0.36691981 0.87124990
vn -0.15626609 -0.59791511 0.78617965
vn -0.22132675 -0.56953147 0.79161125
vn -0.13252739 -0.67346946 0.72723819
vn -0.30548157 -0.45366259 0.83718055
vn -0.28004904 -0.54180491 0.79247712
vn -0.19152623 -0.64931166 0.73601092
vn -0.08850496 -0.62195277 0.77803703
vn -0.10271104 -0.53258286 0.84012257
vn -0.06558033 -0.69573227 0.71530121
vn -0.11215627 -0.44668555 0.88763336
vn -0.11395373 -0.41864055 0.90097427
vn 0.54727911 -0.50854739 -0.66472936
vn 0.53692559 -0.55878858 -0.63203341
vn 0.46752320 -0.50899476 -0.72273535
vn 0.46439510 -0.45863950 -0.75761930
vn 0.53918874 -0.58248796 -0.60826251
vn 0.47896474 -0.53346453 -0.69714301
vn 0.56418155 -0.43225686 -0.70345802
vn 0.47028362 -0.38509427 -0.79406279
vn 0.47775002 -0.29495250 -0.82750102
vn 0.65196315 -0.47383679 -0.59196516
vn 0.61903212 -0.54760435 -0.56296422
vn 0.72982210 -0.50159927 -0.46449744
vn 0.58500579 -0.33556112 -0.73835423
vn 0.69216520 -0.37032014 -0.61949199
vn 0.78178233 -0.39516829 -0.48234677
vn 0.59634324 -0.59714596 -0.53646197
vn 0.68561794 -0.57622975 -0.44484527
vn 0.65340459 -0.62536899 -0.42658653
vn 0.59074125 -0.61953207 -0.51691856
vn 0.61560841 -0.14181542 -0.77518687
vn 0.60528381 -0.23048613 -0.76191053
vn 0.48228837 -0.11918650 -0.86786664
vn 0.48227456 -0.19800003 -0.85335059
vn 0.48104617 -0.05460063 -0.87499334
vn 0.62047857 -0.06598810 -0.78144220
vn 0.75314183 -0.07622527 -0.65342719
vn 0.74390280 -0.16147258 -0.64848688
vn 0.86319236 -0.08437867 -0.49777424
vn 0.75583642 0.00000000 -0.65476049
vn 0.72513967 -0.25840055 -0.63828020
vn 0.84994177 -0.17576662 -0.49669416
vn 0.82450488 -0.27835138 -0.49265831
vn 0.77734607 -0.60039056 -0.18778780
vn 0.73793168 -0.64990195 -0.18189088
vn 0.70271016 -0.64204344 -0.30655938
vn 0.74025169 -0.59271393 -0.31736042
vn 0.72076399 -0.67015324 -0.17718325
vn 0.68696656 -0.66258567 -0.29842449
vn 0.64143746 -0.64650983 -0.41301697
vn 0.82933238 -0.52423156 -0.19336256
vn 0.79040593 -0.51704538 -0.32851564
vn 0.88797418 -0.41533982 -0.19747072
vn 0.84797682 -0.40851536 -0.33771367
vn 0.84808324 -0.52664291 -0.05832725
vn 0.79641627 -0.60212139 -0.05631124
vn 0.84730357 -0.52532362 0.07817770
vn 0.90612910 -0.41892038 -0.05861538
vn 0.75696585 -0.65125192 -0.05360640
vn 0.79701498 -0.59903957 0.07693321
vn 0.75855488 -0.64704306 0.07700500
vn 0.73960036 -0.67110914 -0.05102780
vn 0.96300667 -0.18752767 -0.19352396
vn 0.93502921 -0.29495813 -0.19677417
vn 0.92216806 -0.18319468 -0.34065492
vn 0.89434485 -0.28928915 -0.34126102
vn 0.93695071 -0.08831038 -0.33811928
vn 0.97749020 -0.09055243 -0.19056014
vn 0.98005684 -0.19161684 -0.05264580
vn 0.99439075 -0.09330654 -0.04980882
vn 0.97648597 -0.19611561 0.08951988
vn 0.99100160 -0.09655989 0.09269318
vn 0.95265878 -0.29884367 -0.05597959
vn 0.94926872 -0.30265082 0.08538960
vn 0.90386688 -0.42007964 0.08098002
vn 0.75060477 -0.58100417 0.31468499
vn 0.71586004 -0.62567489 0.30996021
vn 0.78042282 -0.59130397 0.20322362
vn 0.74366629 -0.63774873 0.20059165
vn 0.70159109 -0.64283753 0.30745708
vn 0.72798276 -0.65592930 0.19949399
vn 0.82858525 -0.51995666 0.20758505
vn 0.79629388 -0.51249347 0.32135105
vn 0.88282428 -0.41845879 0.21333903
vn 0.71057811 -0.56942742 0.41331725
vn 0.75339244 -0.50434093 0.42194793
vn 0.66201422 -0.55677906 0.50173126
vn 0.84807084 -0.41536886 0.32900541
vn 0.80269661 -0.41261407 0.43061327
vn 0.70101878 -0.49611975 0.51228690
vn 0.67836467 -0.61204462 0.40647603
vn 0.66599075 -0.62808197 0.40245417
vn 0.63346426 -0.59688571 0.49239261
vn 0.62396612 -0.61164728 0.48636806
vn 0.91876885 -0.20274412 0.33876042
vn 0.89108556 -0.30590958 0.33523999
vn 0.95391372 -0.19960284 0.22406990
vn 0.92684221 -0.30467671 0.21939831
vn 0.96875681 -0.09936290 0.22723834
vn 0.93470186 -0.10211351 0.34044862
vn 0.87563469 -0.20769819 0.43603365
vn 0.89433584 -0.10627643 0.43459030
vn 0.82652026 -0.21689707 0.51944192
vn 0.85066177 -0.11361643 0.51328926
vn 0.84564617 -0.30857885 0.43550161
vn 0.79166304 -0.31492250 0.52353934
vn 0.74754169 -0.41161254 0.52130272
vn 0.53264055 -0.53246827 0.65785378
vn 0.51290781 -0.55975348 0.65084686
vn 0.60381311 -0.54245820 0.58407947
vn 0.57986553 -0.57879673 0.57336752
vn 0.51023994 -0.56934415 0.64459479
vn 0.57391657 -0.59188808 0.56594017
vn 0.63939406 -0.48859320 0.59367662
vn 0.56956699 -0.49101885 0.65916154
vn 0.68478777 -0.41422275 0.59957086
vn 0.45167766 -0.54194655 0.70871802
vn 0.49095241 -0.50917343 0.70690038
vn 0.62256866 -0.43439640 0.65092859
vn 0.55724637 -0.48409279 0.67463372
vn 0.43188975 -0.54768140 0.71660054
vn 0.43045761 -0.54679801 0.71813521
vn 0.73475051 -0.25811935 0.62730861
vn 0.68408623 -0.34622824 0.64199069
vn 0.77657383 -0.23297607 0.58536760
vn 0.73295725 -0.32746867 0.59627002
vn 0.80892225 -0.12546160 0.57437285
vn 0.77677422 -0.14091899 0.61381077
vn 0.71823546 -0.28687775 0.63390771
vn 0.76106091 -0.15735515 0.62930569
vn 0.65408615 -0.38573321 0.65067749
vn -0.72879979 -0.52101462 -0.44429116
vn -0.67247636 -0.50389721 -0.54209146
vn -0.55554019 -0.66427784 -0.50011003
vn -0.60532639 -0.69544892 -0.38720893
vn -0.41738797 -0.80265612 -0.42606389
vn -0.61539231 -0.48091409 -0.62451097
vn -0.50769215 -0.62489836 -0.59308576
vn -0.38959093 -0.74743637 -0.53810573
vn -0.64927326 -0.71190943 -0.26763632
vn -0.77921539 -0.53010670 -0.33438042
vn -0.68778122 -0.71215026 -0.14070891
vn -0.44967123 -0.84474040 -0.29018865
vn -0.47722794 -0.86351703 -0.16307003
vn -0.50904906 -0.86000195 -0.03557673
vn -0.82718932 -0.29740559 -0.47676802
vn -0.87703658 -0.29975995 -0.37543415
vn -0.81955735 -0.53051925 -0.21650653
vn -0.91577894 -0.29951875 -0.26765173
vn -0.77104657 -0.29178544 -0.56599333
vn -0.71191294 -0.28244699 -0.64296474
vn 0.88204673 -0.26297325 -0.39094583
vn 0.94231769 -0.28882107 -0.16917375
vn 0.92421898 -0.12911692 -0.35937182
vn 0.98192415 -0.14363025 -0.12326926
vn 0.84756982 -0.11699997 -0.51762575
vn 0.80941195 -0.24469199 -0.53383342
vn 0.78594739 -0.10938622 -0.60854035
vn 0.81113219 -0.40492748 -0.42201694
vn 0.74752525 -0.38611355 -0.54048342
vn 0.70887889 -0.55180220 -0.43932341
vn 0.75630791 -0.23579608 -0.61024466
vn 0.70776117 -0.38349634 -0.59329983
vn 0.65933395 -0.53817683 -0.52501852
vn 0.86915819 -0.43943224 -0.22685534
vn 0.75609825 -0.59034866 -0.28249585
vn 0.76431246 -0.64355258 -0.04082342
vn 0.43461592 -0.79289441 -0.42711527
vn 0.44550475 -0.82454398 -0.34878755
vn 0.58096697 -0.68595974 -0.43810571
vn 0.60917495 -0.72294539 -0.32596908
vn 0.43243677 -0.87926755 -0.19971731
vn 0.60623106 -0.78482445 -0.12858646
vn 0.55035405 -0.67922484 -0.48555539
vn 0.42687769 -0.78990151 -0.44026247
vn 0.55168353 -0.69367774 -0.46309446
vn 0.63759429 -0.54641311 -0.54305271
vn 0.27281708 -0.86750405 -0.41594179
vn 0.08544341 -0.90650336 -0.41346231
vn 0.13047835 -0.91542504 -0.38075240
vn 0.45395639 -0.80479667 -0.38239496
vn 0.28681711 -0.87044489 -0.40007704
vn 0.34009299 -0.88808189 -0.30926900
vn 0.24937383 -0.89675479 -0.36557290
vn 0.03020655 -0.92454227 -0.37988044
vn 0.20491866 -0.94669392 -0.24855375
vn -0.23819975 -0.84588430 -0.47722177
vn -0.33359394 -0.84769665 -0.41246269
vn -0.17407922 -0.90312611 -0.39250432
vn -0.09177558 -0.89644274 -0.43355237
vn -0.41352648 -0.88017738 -0.23298847
vn -0.24556100 -0.93394689 -0.25969789
vn -0.02861918 -0.96273087 -0.26894276
vn -0.16271329 -0.87245421 -0.46081237
vn -0.02590209 -0.91533543 -0.40185835
vn -0.12909847 -0.92512948 -0.35702805
vn 0.00102350 -0.96099488 -0.27656426
vn -0.28358115 -0.79659435 -0.53387187
vn -0.35370009 -0.77011996 -0.53085921
vn -0.39196717 -0.69917516 -0.59792627
vn -0.25940091 -0.85344175 -0.45204906
vn -0.45193323 -0.77814125 -0.43617950
vn -0.44633038 -0.68321018 -0.57793861
vn -0.54153451 -0.70556403 -0.45707743
vn -0.53926764 -0.81855309 -0.19789202
vn -0.20598424 -0.94028875 0.27097518
vn -0.15521024 -0.96308903 0.21993020
vn -0.06654610 -0.95691646 0.28263495
vn -0.01331594 -0.96887851 0.24717829
vn 0.04224178 -0.94976704 0.31009385
vn -0.12616450 -0.97624052 0.17617312
vn 0.01998136 -0.96987735 0.24277290
vn 0.10004299 -0.95693393 0.27252312
vn -0.12279197 -0.93092184 0.34395735
vn -0.25426606 -0.90942009 0.32909555
vn -0.16595173 -0.89678939 0.41015705
vn -0.00942619 -0.92768157 0.37325335
vn -0.04881137 -0.89382493 0.44575155
vn -0.37289955 -0.89645988 0.23938588
vn -0.40593446 -0.86106184 0.30625109
vn -0.56009682 -0.81017262 0.17295051
vn -0.29232680 -0.87329844 0.38973693
vn -0.43184055 -0.82133508 0.37272299
vn -0.57504021 -0.77550001 0.26063095
vn -0.33605900 -0.92706101 0.16619937
vn -0.30315908 -0.94957088 0.08006067
vn -0.53778593 -0.83958782 0.07667198
vn -0.37382999 -0.88344244 0.28245460
vn -0.30058450 -0.82339506 0.48132062
vn -0.20019886 -0.89620591 0.39589820
vn -0.24703559 -0.95251121 0.17803317
vn -0.05878179 -0.93886372 0.33923386
vn -0.42696845 -0.90369687 0.03209212
vn -0.27039613 -0.96146951 -0.04962172
vn -0.07407666 -0.99021076 0.11830170
vn -0.06672726 -0.99370580 -0.08997924
vn -0.53917090 -0.83147560 0.13395173
vn -0.45633589 -0.79251187 0.40457693
vn -0.63371377 -0.75661118 -0.16107882
vn -0.36709989 -0.73090835 0.57533525
vn 0.31056329 -0.93078497 0.19284654
vn 0.26482782 -0.88952569 0.37230399
vn 0.47674495 -0.82884481 0.29279776
vn 0.41339091 -0.79496708 0.44399921
vn 0.55380941 -0.82635295 0.10215644
vn 0.37702701 -0.92617510 -0.00709331
vn 0.13215101 -0.98309119 0.12675894
vn 0.16452284 -0.98324282 -0.07852252
vn 0.11005511 -0.93684041 0.33199085
vn -0.35023679 -0.86048920 0.36998990
vn -0.34307829 -0.86022232 0.37724641
vn -0.26689203 -0.86177512 0.43140733
vn -0.25715980 -0.86524670 0.43036842
vn -0.33838835 -0.85867600 0.38492706
vn -0.27188481 -0.86025941 0.43131472
vn -0.35116479 -0.86439154 0.35987576
vn -0.23581508 -0.87012176 0.43275787
vn -0.33553299 -0.87622289 0.34590615
vn -0.18155487 -0.88243502 0.43398878
vn -0.46362550 -0.83614536 0.29310806
vn -0.43199393 -0.84528061 0.31445499
vn -0.58207531 -0.78533787 0.21079081
vn -0.48190928 -0.83436550 0.26757739
vn -0.70920672 -0.69029055 0.14326473
vn -0.40943028 -0.85099898 0.32888841
vn -0.51297190 -0.82108483 0.25035878
vn -0.47244838 -0.83670716 0.27697231
vn -0.39739366 -0.85171065 0.34156587
vn -0.28708782 -0.88779389 0.35972571
vn -0.30839662 -0.88785178 0.34148316
vn -0.12901835 -0.89767035 0.42135757
vn -0.09852097 -0.89876435 0.42721922
vn 0.18431838 -0.81891348 0.54351398
vn -0.27781862 -0.86940841 0.40859006
vn -0.08371154 -0.87731957 0.47254921
vn -0.28155765 -0.80372090 0.52417364
vn 0.21108750 -0.82930324 0.51739560
vn -0.04981591 -0.80895478 0.58575638
vn 0.14149371 -0.78628812 0.60144037
vn -0.44101080 -0.82360616 0.35662636
vn -0.45247398 -0.83902841 0.30215662
vn -0.63094839 -0.71439883 0.30255319
vn -0.46501211 -0.76658223 0.44284921
vn -0.59495876 -0.71657821 0.36406008
vn -0.47311711 -0.83801686 0.27182336
vn -0.66256198 -0.71128678 0.23469713
vn -0.68745276 -0.70404775 0.17811643
vn 0.14474926 -0.73396941 0.66357859
vn 0.03458769 -0.76551303 0.64249007
vn 0.04420280 -0.82036124 0.57013468
vn 0.15733922 -0.77550792 0.61141789
vn 0.06486167 -0.86265008 0.50162516
vn -0.09067342 -0.78602561 0.61150803
vn -0.07491670 -0.84819905 0.52435280
vn 0.23822075 -0.70316590 0.66993178
vn 0.25403853 -0.72906274 0.63555641
vn 0.30355723 -0.67964767 0.66778144
vn 0.17693205 -0.80804776 0.56191980
vn 0.27437450 -0.74839396 0.60384196
vn 0.32366629 -0.69760210 0.63921158
vn 0.22905519 -0.66558236 0.71030546
vn 0.14745075 -0.67911001 0.71907432
vn 0.17765866 -0.61055721 0.77178837
vn 0.28675459 -0.65238258 0.70154741
vn 0.24087183 -0.61772879 0.74859329
vn 0.27773699 -0.62620638 0.72851063
vn 0.03519566 -0.68948787 0.72344159
vn 0.08684055 -0.61430446 0.78427594
vn -0.09526699 -0.70678041 0.70098905
vn -0.66094697 -0.74697985 0.07190414
vn -0.60358863 -0.78860143 0.11742465
vn -0.53837152 -0.81628098 0.20938353
vn -0.59334853 -0.78708069 0.16864609
vn -0.57637259 -0.80274579 0.15295042
vn -0.51133577 -0.82542326 0.23919066
vn -0.45218389 -0.84089797 0.29735555
vn -0.74053207 -0.67183614 0.01576252
vn -0.67891140 -0.72491752 0.11650705
vn -0.84009288 -0.54062802 -0.04433157
vn -0.79866607 -0.59999971 0.04618298
vn -0.77514064 -0.62652679 -0.08137056
vn -0.70648012 -0.70691558 -0.03400297
vn -0.78816490 -0.59110929 -0.17142319
vn -0.85692274 -0.49871763 -0.13024643
vn -0.85839262 -0.46944514 -0.20684141
vn -0.65578205 -0.75490356 0.00839812
vn -0.72935340 -0.67047819 -0.13602433
vn -0.68704555 -0.71922009 -0.10339664
vn -0.63413254 -0.77201733 0.04318755
vn -0.96548645 -0.22625949 -0.12900604
vn -0.92182343 -0.37559109 -0.09577528
vn -0.90863846 -0.41704159 -0.02127131
vn -0.96687923 -0.24611728 -0.06760802
vn -0.88802859 -0.45836998 0.03608574
vn -0.98446857 -0.10015537 -0.14418926
vn -0.99066507 -0.10576401 -0.08600405
vn -0.96467165 -0.26309130 -0.01384092
vn -0.99349874 -0.10904941 -0.03268760
vn -0.97489198 -0.09548333 -0.20116802
vn -0.95857912 -0.21053248 -0.19183885
vn -0.96397631 -0.09341302 -0.24904555
vn -0.92281992 -0.34604094 -0.16928988
vn -0.94820563 -0.20193717 -0.24520903
vn -0.91575072 -0.32745924 -0.23274679
vn -0.13190126 -0.99091880 -0.02611491
vn -0.12388550 -0.97303801 -0.19454927
vn 0.00420349 -0.99641689 -0.08447317
vn 0.00568763 -0.99622138 0.08666376
vn 0.14626966 -0.98919044 0.01036663
vn 0.18946554 -0.95973430 -0.20739547
vn -0.12860320 -0.98673993 0.09902287
vn 0.01335976 -0.97892211 0.20379653
vn 0.13197802 -0.97833582 0.15950182
vn 0.13566861 -0.95732447 0.25519382
vn -0.27662020 -0.94835059 -0.15528177
vn -0.28266164 -0.95874706 -0.03010769
vn -0.26472912 -0.91165046 -0.31434365
vn -0.71833964 -0.61475428 -0.32567673
vn -0.68514644 -0.65889107 -0.31054293
vn -0.69582015 -0.68677732 -0.21016953
vn -0.73260321 -0.64000470 -0.23170353
vn -0.67212262 -0.73643526 -0.07690437
vn -0.76681847 -0.54272132 -0.34269957
vn -0.78518333 -0.56415779 -0.25536861
vn -0.82586500 -0.43454670 -0.35932737
vn -0.84871533 -0.44945051 -0.27870510
vn -0.73268876 -0.52378622 -0.43452869
vn -0.68824957 -0.59218570 -0.41908070
vn -0.68282328 -0.50391255 -0.52898442
vn -0.78722451 -0.42169276 -0.44994753
vn -0.73014201 -0.40638697 -0.54931072
vn -0.65934165 -0.63325781 -0.40528155
vn -0.64427690 -0.56970519 -0.51023845
vn -0.61899335 -0.60874754 -0.49625967
vn -0.61697457 -0.61671477 -0.48888165
vn -0.90782523 -0.19700344 -0.37019319
vn -0.87638282 -0.30984163 -0.36871576
vn -0.90180256 -0.31681525 -0.29390515
vn -0.93333570 -0.19844870 -0.29916983
vn -0.92493572 -0.09434779 -0.36822875
vn -0.94961073 -0.09347907 -0.29916739
vn -0.88347786 -0.09532821 -0.45867135
vn -0.86586915 -0.19604281 -0.46025844
vn -0.81532644 -0.09477646 -0.57119193
vn -0.83493283 -0.30410377 -0.45870259
vn -0.79919843 -0.19256585 -0.56938586
vn -0.77152622 -0.29576341 -0.56326840
vn -0.14042878 -0.54532088 0.82638060
vn -0.17490674 -0.51368220 0.83996323
vn -0.05212205 -0.64097050 0.76579378
vn -0.10522887 -0.59502003 0.79679235
vn 0.03480173 -0.71274677 0.70055755
vn -0.14538581 -0.50319251 0.85185695
vn -0.09568066 -0.56201466 0.82157455
vn -0.02190858 -0.65785549 0.75282546
vn 0.07618814 -0.66979745 0.73862490
vn -0.03318278 -0.56790860 0.82242248
vn 0.33303799 -0.60876246 0.72006525
vn 0.15928022 -0.74766504 0.64469124
vn 0.48149445 -0.67960887 0.55343915
vn -0.22480242 -0.42778225 0.87548057
vn -0.15436075 -0.44350737 0.88287823
vn -0.28861961 -0.30829286 0.90645145
vn 0.16672813 -0.52643169 0.83370942
vn -0.02330732 -0.41245551 0.91067954
vn -0.24541082 -0.32017178 0.91502107
vn -0.23253811 -0.41288958 0.88059538
vn -0.17498698 -0.42265053 0.88923905
vn -0.27431707 -0.30458952 0.91212684
vn -0.19096921 -0.32363718 0.92670909
vn -0.52122311 -0.51713809 -0.67889223
vn -0.50970847 -0.56032497 -0.65286538
vn -0.58658432 -0.54470192 -0.59934852
vn -0.56630928 -0.58446683 -0.58111301
vn -0.51260401 -0.57058892 -0.64161157
vn -0.56685453 -0.59257018 -0.57230807
vn -0.61758278 -0.48011800 -0.62295924
vn -0.53909876 -0.45385572 -0.70949807
vn -0.65560200 -0.38489726 -0.64964615
vn -0.46073172 -0.42509621 -0.77911456
vn -0.45499971 -0.48883228 -0.74432404
vn -0.56578833 -0.36055492 -0.74154144
vn -0.46939610 -0.33275635 -0.81788783
vn -0.45240826 -0.53336761 -0.71473475
vn -0.46180662 -0.54640008 -0.69869993
vn -0.59784063 -0.16724392 -0.78397452
vn -0.58672136 -0.25966155 -0.76702929
vn -0.68700569 -0.28072555 -0.67023603
vn -0.70748494 -0.18287164 -0.68265879
vn -0.60311245 -0.08188250 -0.79344227
vn -0.71901104 -0.09031028 -0.68910607
vn -0.47484834 -0.07024484 -0.87725978
vn -0.47611288 -0.14666261 -0.86706782
vn -0.47540809 -0.23322095 -0.84828953
vn -0.62450561 -0.46900692 -0.62452002
vn -0.72604950 -0.50757934 -0.46391306
vn -0.62524475 -0.62483701 -0.46759781
vn -0.53088922 -0.58974793 -0.60856718
vn -0.58821790 -0.46321123 -0.66289898
vn -0.49032467 -0.59266099 -0.63901070
vn -0.68192161 -0.27600117 -0.67735240
vn -0.72063664 -0.28376908 -0.63258038
vn -0.83471730 -0.31241244 -0.45348152
vn 0.47299956 -0.86809875 -0.15058545
vn 0.40968995 -0.89054482 -0.19769692
vn 0.47344833 -0.76086947 -0.44376156
vn 0.37329150 -0.78688290 -0.49139470
vn 0.33667635 -0.64878843 -0.68243872
vn 0.35165916 -0.90523572 -0.23850393
vn 0.28604659 -0.80364236 -0.52185852
vn 0.23618816 -0.68166239 -0.69249660
vn 0.58400771 -0.71193184 -0.38998468
vn 0.54008457 -0.83425881 -0.11099954
vn 0.70788011 -0.61799379 -0.34203718
vn 0.44724532 -0.59742244 -0.66562606
vn 0.57721966 -0.50624220 -0.64073106
vn 0.71297076 -0.35293876 -0.60589349
vn 0.43587263 -0.89227357 0.11774093
vn 0.46895339 -0.87475166 0.12203383
vn 0.37680480 -0.87134856 0.31427667
vn 0.62050546 -0.78108637 -0.06983589
vn 0.51249174 -0.84745316 0.13847510
vn 0.39834533 -0.87116660 0.28703616
vn 0.41331246 -0.90434946 0.10641835
vn 0.39537269 -0.91431915 0.08775496
vn 0.37365132 -0.86393447 0.33764170
vn 0.38899446 -0.85269323 0.34870844
vn 0.72492783 -0.16990941 0.66754058
vn 0.75164865 -0.16077750 0.63966781
vn 0.73810634 -0.08456712 0.66936345
vn 0.75798345 -0.08351126 0.64690568
vn 0.78727427 -0.15363673 0.59715575
vn 0.79387603 -0.08039986 0.60274100
vn 0.73415179 -0.08916205 0.67310569
vn 0.71003531 -0.19251099 0.67733993
vn 0.76195561 -0.09887117 0.64003760
vn 0.69509975 -0.25020083 0.67397023
vn 0.66190905 -0.28455848 0.69347161
vn 0.66266679 -0.31988355 0.67716116
vn 0.73186063 -0.22615176 0.64283388
vn 0.65285047 -0.34984675 0.67185826
vn 0.59336197 -0.36068758 0.71960131
vn 0.73780807 -0.23476419 0.63287046
vn 0.77512709 -0.22036175 0.59213064
vn 0.71384490 -0.30499075 0.63040153
vn -0.74793722 -0.42808972 0.50727616
vn -0.79748045 -0.46243499 0.38752911
vn -0.69281724 -0.59319098 0.41003504
vn -0.65937067 -0.55266102 0.50970198
vn -0.57557610 -0.69406206 0.43242342
vn -0.83489676 -0.48710634 0.25627100
vn -0.71741625 -0.62676627 0.30410190
vn -0.68539044 -0.38931694 0.61536352
vn -0.61661420 -0.50419410 0.60462817
vn -0.60804515 -0.35350809 0.71085380
vn -0.56175374 -0.64346293 0.51998864
vn -0.55677242 -0.46470127 0.68851812
vn -0.52086406 -0.52506753 0.67305625
vn -0.74312736 -0.22879277 0.62882079
vn -0.82401039 -0.25138646 0.50775164
vn -0.65204755 -0.20572397 0.72973395
vn -0.88952879 -0.26966776 0.36880595
vn -0.93442020 -0.28368847 0.21535958
vn -0.85663654 -0.51575764 0.01295715
vn -0.84540160 -0.52469261 -0.09996901
vn -0.72722971 -0.68054165 0.08944281
vn -0.71412275 -0.69972539 -0.02032436
vn -0.72848099 -0.65656422 0.19554764
vn -0.85413525 -0.50358911 0.12981131
vn -0.58117652 -0.73643282 0.34626659
vn -0.95424805 -0.29530503 -0.04696382
vn -0.95353058 -0.29167039 0.07555013
vn -0.94142777 -0.29764466 -0.15849733
vn 0.37999847 -0.46024851 -0.80235433
vn 0.30642539 -0.46020268 -0.83325685
vn 0.32960998 -0.36640522 -0.87011751
vn 0.38427586 -0.35894853 -0.85058099
vn 0.34252799 -0.27368382 -0.89876123
vn 0.33774354 -0.43700424 -0.83364057
vn 0.35997458 -0.32063824 -0.87613322
vn 0.50245487 -0.52117916 -0.68986331
vn 0.49895721 -0.41134392 -0.76278298
vn 0.64562498 -0.60906282 -0.46066351
vn 0.38464076 -0.27599635 -0.88083909
vn 0.48972683 -0.32728453 -0.80811662
vn 0.65936546 -0.50787853 -0.55434339
vn 0.51328604 -0.65726887 -0.55184696
vn 0.40069277 -0.61170431 -0.68210200
vn 0.52301472 -0.79161276 -0.31591905
vn 0.61539439 -0.71214894 -0.33783668
vn 0.58466365 -0.77819022 -0.22932161
vn 0.31679262 -0.60618107 -0.72951144
vn 0.29853409 -0.53378513 -0.79117055
vn 0.43967003 -0.79934787 -0.40955249
vn 0.37703079 -0.81181149 -0.44588103
vn 0.29791313 -0.66524253 -0.68461678
vn -0.44900633 -0.32195232 0.83351066
vn -0.38183050 -0.31978934 0.86714488
vn -0.42038881 -0.17610396 0.89009025
vn -0.48514322 -0.17952360 0.85580800
vn -0.32418945 -0.31695232 0.89131500
vn -0.36637487 -0.17487542 0.91388623
vn -0.52571876 -0.33147994 0.78341613
vn -0.56235376 -0.18865525 0.80508847
vn -0.48512544 -0.44516674 0.75264858
vn -0.40621670 -0.43962646 0.80107214
vn -0.45664778 -0.54041932 0.70669637
vn -0.33240262 -0.43854184 0.83497877
vn -0.37131376 -0.55162440 0.74688461
vn -0.28039873 -0.55999230 0.77960578
vn -0.25819047 -0.43323501 0.86350745
vn 0.16338517 -0.63763964 0.75280872
vn 0.21298675 -0.67686935 0.70461658
vn 0.36615311 -0.71754840 0.59249995
vn 0.30259807 -0.65801003 0.68953405
vn 0.50056113 -0.59593390 0.62793418
vn 0.25337363 -0.69936934 0.66834447
vn 0.42010924 -0.73966087 0.52574712
vn 0.61328275 -0.68820187 0.38763701
vn 0.25860415 -0.55041206 0.79383276
vn 0.13089695 -0.55057170 0.82446151
vn 0.23040341 -0.41135485 0.88187383
vn 0.40307203 -0.50198143 0.76521081
vn 0.31572530 -0.41479609 0.85338253
vn 0.02356386 -0.51431273 0.85727893
vn 0.04537421 -0.57782331 0.81489963
vn -0.06047697 -0.44160214 0.89517042
vn 0.12157352 -0.40049395 0.90819848
vn 0.01483287 -0.38731566 0.92182784
vn -0.04196167 -0.37499934 0.92607490
vn 0.07831937 -0.60740115 0.79052509
vn -0.06204714 -0.49544709 0.86641926
vn -0.04516504 -0.52071367 0.85253586
vn 0.10735866 -0.61870894 0.77825020
vn 0.52214949 -0.74086072 0.42247521
vn 0.52374377 -0.76409492 0.37663167
vn 0.56258839 -0.69264986 0.45136513
vn 0.58198182 -0.69340358 0.42483955
vn 0.17393164 -0.96897574 0.17559558
vn 0.17046395 -0.97237964 0.15943615
vn 0.52522210 -0.76444021 0.37386216
vn 0.59708730 -0.68569106 0.41631061
vn 0.18987650 -0.96716279 0.16894690
vn 0.29854883 -0.95385452 0.03209604
vn 0.29655383 -0.95433866 0.03596602
vn 0.17601547 -0.96912954 0.17264555
vn 0.53761968 -0.68433130 0.49260101
vn 0.48915182 -0.69694273 0.52440569
vn 0.50672794 -0.71691199 0.47881521
vn 0.51872018 -0.66829033 0.53321423
vn 0.15129047 -0.94831703 0.27893726
vn 0.57084578 -0.63220468 0.52388199
vn 0.15853668 -0.97274551 0.16921078
vn 0.54195797 -0.63961832 0.54513298
vn 0.46996173 -0.74838115 0.46804021
vn 0.47062471 -0.79119155 0.39054874
vn 0.42441542 -0.77354834 0.47063204
vn 0.45913302 -0.71943404 0.52116363
vn 0.43697846 -0.73308430 0.52118830
vn 0.45516959 -0.82250694 0.34103222
vn 0.43553999 -0.82914663 0.35045796
vn 0.39497507 -0.83202358 0.38952722
vn 0.35125566 -0.87894031 0.32261958
vn -0.33416482 -0.75892966 0.55889144
vn -0.31739707 -0.82636556 0.46516562
vn -0.21807415 -0.78250820 0.58320200
vn -0.19553247 -0.85014295 0.48890082
vn -0.24267418 -0.68694971 0.68498857
vn -0.34913778 -0.66539533 0.65981199
vn -0.09388021 -0.57626882 0.81185020
vn -0.44914360 -0.71503685 0.53571664
vn -0.44796230 -0.63491199 0.62945734
vn -0.54052390 -0.58021926 0.60924505
vn -0.44527581 -0.77534524 0.44784955
vn -0.29522064 -0.39238228 0.87113772
vn -0.29156238 -0.64715842 0.70439858
vn 0.01279914 -0.64852134 0.76108886
vn 0.09437741 -0.39785389 0.91258161
vn 0.47622210 -0.38348513 0.79129746
vn 0.31211205 -0.63715975 0.70470811
vn 0.13922030 -0.14875941 0.97902418
vn -0.29349703 -0.14098207 0.94550703
vn 0.55638818 -0.14039032 0.81897665
vn -0.66157509 -0.12415525 0.73952950
vn -0.62563137 -0.37164874 0.68590276
vn -0.88652177 -0.10698267 0.45014871
vn -0.54177603 -0.61868892 0.56894882
vn -0.83590880 -0.33136783 0.43755209
vn -0.71755194 -0.57162628 0.39794799
vn -0.95547871 -0.27262838 0.11284588
vn -0.96149553 -0.27194195 0.03967257
vn -0.85394275 -0.49541530 0.15920258
vn -0.87026800 -0.48519125 0.08498859
vn -0.81533435 -0.51992264 0.25477510
vn -0.92975453 -0.28545617 0.23253232
vn -0.99012281 -0.10099458 0.09724667
vn -0.97075071 -0.09718334 0.21954145
vn -0.99397335 -0.10730891 0.02240048
vn 0.78086175 -0.31936918 0.53689688
vn 0.73492416 -0.30903284 0.60364326
vn 0.79985820 -0.11164006 0.58971464
vn 0.85252800 -0.10963617 0.51105373
vn 0.71496732 -0.35050887 0.60495063
vn 0.79820159 -0.12189020 0.58992966
vn 0.50633980 -0.62164356 0.59764478
vn 0.56757972 -0.60292491 0.56065570
vn 0.18499331 -0.81401440 0.55059789
vn 0.53490604 -0.58692832 0.60777518
vn 0.15386455 -0.80873438 0.56769217
vn 0.10516614 -0.80776976 0.58004147
vn 0.12650688 -0.83902794 0.52917683
vn 0.17326227 -0.83823614 0.51704966
vn 0.14635287 -0.87161175 0.46783950
vn 0.05205993 -0.80245981 0.59443084
vn 0.07619936 -0.83677124 0.54222463
vn 0.09794709 -0.87278318 0.47817977
vn 0.20479155 -0.80151172 0.56181792
vn 0.22389041 -0.83122184 0.50886475
vn 0.19246154 -0.86803366 0.45768562
vn 0.24331062 -0.85930007 0.44989258
vn 0.19004435 -0.76636795 0.61364754
vn 0.13757792 -0.77422897 0.61777166
vn 0.08490351 -0.77255780 0.62924227
vn 0.02769824 -0.76501241 0.64341963
vn 0.22219899 -0.93261845 0.28434209
vn 0.17596301 -0.94246581 0.28424499
vn 0.18235110 -0.96984765 0.16168986
vn 0.23013927 -0.95772023 0.17264956
vn 0.23082608 -0.97187309 0.04671203
vn 0.12903169 -0.95035895 0.28314077
vn 0.13691347 -0.97912601 0.15022301
vn 0.27413451 -0.91872133 0.28425587
vn 0.28243704 -0.94212285 0.18064844
vn 0.28349182 -0.95669946 0.06601916
vn 0.26050151 -0.88939724 0.37564812
vn 0.20906265 -0.90061463 0.38103293
vn 0.16301388 -0.90734657 0.38749023
vn 0.11569547 -0.91206851 0.39337716
vn 0.19987981 -0.89181161 -0.40585725
vn 0.18307157 -0.92980749 -0.31928489
vn 0.13174400 -0.93888450 -0.31802425
vn 0.14374462 -0.90787678 -0.39382386
vn 0.18018619 -0.94811590 -0.26193352
vn 0.13366266 -0.95193069 -0.27561252
vn 0.22575776 -0.82577461 -0.51684594
vn 0.16644027 -0.84786393 -0.50341274
vn 0.25201139 -0.73507810 -0.62940484
vn 0.19160176 -0.75641845 -0.62539579
vn 0.29527386 -0.79236410 -0.53382814
vn 0.27624999 -0.86012200 -0.42880775
vn 0.36896754 -0.74223590 -0.55941829
vn 0.31581248 -0.71198437 -0.62716882
vn 0.35870667 -0.69567458 -0.62238766
vn 0.25828531 -0.90691304 -0.33286250
vn 0.37240580 -0.80412005 -0.46336257
vn 0.36384229 -0.85763810 -0.36342218
vn 0.24860758 -0.93350973 -0.25836767
vn -0.37193834 -0.90174976 0.22024815
vn -0.41842824 -0.88171476 0.21793780
vn -0.37959164 -0.92197324 0.07665207
vn -0.42947431 -0.89774208 0.09803561
vn -0.42740861 -0.90350971 -0.03149742
vn -0.48964851 -0.87191970 0.00061125
vn -0.33126615 -0.94174034 0.05820546
vn -0.32759291 -0.91803661 0.22336441
vn -0.26921554 -0.96177346 0.05014785
vn -0.37508418 -0.92435167 -0.06989886
vn -0.32080006 -0.94134196 -0.10470264
vn -0.35119996 -0.87148581 0.34230260
vn -0.31446603 -0.87728604 0.36260214
vn -0.32480479 -0.84211606 0.43051411
vn -0.27815582 -0.93318339 0.22759196
vn -0.28063269 -0.88212392 0.37828916
vn -0.29601383 -0.83587243 0.46226950
vn -0.39668907 -0.86008598 0.32076453
vn -0.36824258 -0.84115740 0.39604498
vn -0.17521867 -0.95260292 0.24868876
vn -0.22587759 -0.94484423 0.23716806
vn -0.14582183 -0.98658231 0.07342578
vn -0.20335902 -0.97740829 0.05760330
vn -0.09526066 -0.99118082 0.09211940
vn -0.12485806 -0.95743101 0.26026203
vn -0.04894456 -0.99277697 0.10953682
vn -0.20548771 -0.89363006 0.39899889
vn -0.15793640 -0.90077533 0.40454902
vn -0.23116501 -0.82920846 0.50889691
vn -0.07305780 -0.96001260 0.27025611
vn -0.10217565 -0.90737877 0.40770567
vn -0.18900493 -0.83793539 0.51199747
vn -0.24573702 -0.88716293 0.39058321
vn -0.25962506 -0.82557832 0.50101425
vn -0.27740742 -0.82880658 0.48592671
vn 0.03049821 -0.95951268 0.28000943
vn -0.02054227 -0.96092750 0.27603688
vn 0.04228031 -0.99032166 0.13219451
vn -0.00363506 -0.99254502 0.12182433
vn 0.09051935 -0.98581715 0.14131803
vn 0.08006109 -0.95606744 0.28200226
vn 0.01118458 -0.91522912 0.40277855
vn 0.06482326 -0.91512380 0.39792759
vn 0.04520359 -0.87162589 0.48808292
vn -0.04335984 -0.91244474 0.40689620
vn -0.01422563 -0.86715020 0.49784351
vn -0.06982853 -0.85922384 0.50681196
vn -0.13235584 -0.84889012 0.51172990
vn -0.26720400 -0.71917381 0.64139774
vn -0.27274676 -0.72406113 0.63351771
vn -0.25091946 -0.77163308 0.58448423
vn -0.26764899 -0.77232263 0.57609180
vn -0.26153495 -0.74226233 0.61696524
vn -0.27021783 -0.78375583 0.55920401
vn -0.21598250 -0.77997087 0.58736446
vn -0.24022160 -0.72630999 0.64402437
vn -0.16171743 -0.79377783 0.58631410
vn -0.28323449 -0.66499238 0.69105960
vn -0.26404190 -0.67141045 0.69245208
vn -0.30313284 -0.59616270 0.74343831
vn -0.19033747 -0.74185873 0.64297533
vn -0.21907544 -0.68851966 0.69133685
vn -0.29073182 -0.60380456 0.74222305
vn -0.27826671 -0.67272851 0.68556837
vn -0.25400756 -0.69557664 0.67205156
vn -0.28829571 -0.60383527 0.74314773
vn -0.07351122 -0.77898193 0.62272245
vn -0.12874720 -0.76093653 0.63592433
vn -0.04286523 -0.82208662 0.56774656
vn -0.09860779 -0.80886427 0.57966810
vn -0.00688052 -0.79305260 0.60911430
vn 0.02060799 -0.83141961 0.55526277
vn -0.03531737 -0.75193255 0.65829334
vn -0.10464435 -0.73345217 0.67163790
vn -0.15971313 -0.71118625 0.68462094
vn -0.24963964 -0.62323471 0.74111980
vn -0.26710305 -0.78911076 0.55313666
vn -0.24154767 -0.75165379 0.61373553
vn -0.26757858 -0.76506898 0.58572276
vn -0.29957425 -0.80033054 0.51935180
vn -0.29580011 -0.81709596 0.49482975
vn -0.33518761 -0.82453330 0.45584440
vn -0.27520436 -0.80105211 0.53158074
vn -0.25428595 -0.76719145 0.58885986
vn -0.23528595 -0.72586107 0.64634838
vn -0.34451037 -0.42509516 0.83702253
vn -0.35551966 -0.36207667 0.86168803
vn -0.31268507 -0.43012505 0.84688871
vn -0.31487604 -0.36955359 0.87423293
vn -0.35387843 -0.36687983 0.86033089
vn -0.30781161 -0.38131145 0.87169581
vn -0.32548928 -0.51112636 0.79549140
vn -0.30237366 -0.51592284 0.80149473
vn -0.25025458 -0.53760275 0.80520552
vn -0.31892347 -0.52066532 0.79195672
vn -0.34292719 -0.43420392 0.83298733
vn -0.35816806 -0.36644610 0.85873913
vn -0.35993646 -0.36220671 0.85979768
vn -0.37512298 -0.44084157 -0.81543943
vn -0.38191817 -0.48001843 -0.78975997
vn -0.42246803 -0.50486157 -0.75275199
vn -0.41901166 -0.48346967 -0.76856119
vn -0.45054940 -0.52238562 -0.72396029
vn -0.38670825 -0.50605426 -0.77095124
vn -0.42499625 -0.52184477 -0.73963249
vn -0.44946586 -0.53444398 -0.71578634
vn -0.36429900 -0.41345814 -0.83446906
vn -0.41090743 -0.47084953 -0.78067650
vn -0.44949462 -0.51332449 -0.73106262
vn -0.44303397 -0.51240665 -0.73563600
vn -0.30152986 -0.34735517 -0.88793250
vn -0.31438308 -0.39188251 -0.86463367
vn -0.21944358 -0.28733283 -0.93235420
vn -0.32532018 -0.45408806 -0.82944006
vn -0.23364532 -0.34645418 -0.90850392
vn -0.24761571 -0.43429377 -0.86606892
vn -0.33234877 -0.49316994 -0.80394509
vn -0.08432685 -0.31008808 -0.94696059
vn -0.09807566 -0.43000581 -0.89748324
vn -0.16517585 -0.42777041 -0.88866721
vn -0.15035221 -0.31958567 -0.93555289
vn -0.25627782 -0.48861374 -0.83401337
vn -0.07405289 -0.22388117 -0.97179905
vn -0.13760009 -0.24195100 -0.96048213
vn -0.02925429 -0.22177540 -0.97465884
vn -0.03687729 -0.31131015 -0.94959257
vn -0.00236182 -0.22533420 -0.97427867
vn -0.04819587 -0.43578040 -0.89876170
vn -0.00792448 -0.31522320 -0.94898448
vn -0.01617118 -0.44015500 -0.89777618
vn 0.05358857 -0.31317053 -0.94818378
vn 0.05160188 -0.43504612 -0.89892832
vn 0.01683937 -0.31404254 -0.94925956
vn 0.01181121 -0.43877548 -0.89851910
vn 0.02015920 -0.22487690 -0.97417862
vn 0.05411101 -0.22655174 -0.97249489
vn 0.10175741 -0.31874773 -0.94236156
vn 0.09904284 -0.23768846 -0.96627880
vn 0.16193014 -0.33665724 -0.92759934
vn 0.15590399 -0.26486355 -0.95159931
vn 0.10252177 -0.43274289 -0.89566895
vn 0.16490922 -0.43651915 -0.88445236
vn 0.16504934 -0.49846107 -0.85105539
vn 0.29908734 -0.41258869 -0.86041695
vn 0.29954920 -0.47128412 -0.82955503
vn 0.22923237 -0.36993288 -0.90033448
vn 0.23226579 -0.45014432 -0.86221963
vn 0.29878560 -0.50743144 -0.80823295
vn 0.23264288 -0.49975560 -0.83433904
vn 0.22167387 -0.31116123 -0.92414251
vn 0.29271920 -0.36867229 -0.88226765
vn 0.37030955 -0.45927183 -0.80742815
vn 0.36575783 -0.42963158 -0.82561366
vn 0.43967133 -0.50516077 -0.74263162
vn 0.43652569 -0.48838830 -0.75559393
vn 0.36822769 -0.49749289 -0.78543567
vn 0.36648517 -0.52060271 -0.77114294
vn 0.43599085 -0.52735489 -0.72925222
vn 0.43584425 -0.53866230 -0.72102893
vn 0.15131838 -0.50056985 0.85236880
vn 0.06577909 -0.50393555 0.86123288
vn 0.15056933 -0.47931210 0.86463217
vn 0.06377498 -0.47571758 0.87728304
vn -0.02193344 -0.50465006 0.86304533
vn -0.02428485 -0.46830969 0.88323059
vn 0.24420421 -0.48587400 0.83922033
vn 0.24313420 -0.50014279 0.83110947
vn 0.34923434 -0.50270640 0.79077282
vn 0.15297751 -0.51680858 0.84232225
vn 0.24250159 -0.51448665 0.82249405
vn 0.34621952 -0.50947859 0.78775860
vn 0.34143655 -0.52103411 0.78226884
vn 0.06819478 -0.52238442 0.84997882
vn -0.01977662 -0.52693126 0.84967778
vn -0.14621155 -0.73263438 0.66473231
vn -0.17873045 -0.77309764 0.60858480
vn -0.19204968 -0.67017619 0.71692454
vn -0.14992739 -0.62318458 0.76756938
vn -0.24483788 -0.80042245 0.54715475
vn -0.28631186 -0.70309976 0.65090418
vn -0.14895892 -0.68413665 0.71398059
vn -0.15449739 -0.56858332 0.80798735
vn -0.19810962 -0.63686359 0.74508881
vn -0.21368151 -0.51894842 0.82766705
vn -0.13323477 -0.73419797 0.66573406
vn -0.13110712 -0.78018184 0.61165939
vn -0.17909368 -0.68908158 0.70220512
vn -0.15991196 -0.81795490 0.55261013
vn -0.21551278 -0.84240542 0.49386978
vn -0.30842601 -0.56602564 0.76451840
vn -0.26470582 -0.59924995 0.75553314
vn -0.29022784 -0.48620210 0.82424227
vn -0.33657224 -0.46089131 0.82115670
vn -0.34442502 -0.44344086 0.82748511
vn -0.32008705 -0.53896659 0.77914010
vn -0.31509798 -0.43486058 0.84356952
vn -0.30018745 -0.59123440 0.74855152
vn -0.28481577 -0.61873842 0.73214940
vn -0.29768233 -0.51950448 0.80093716
vn -0.28307658 -0.56839796 0.77252276
vn -0.24227339 -0.65147726 0.71894435
vn -0.18522282 -0.50099928 0.84539472
vn -0.24850890 -0.50668839 0.82553631
vn -0.19027048 -0.44199255 0.87660694
vn -0.25868721 -0.43460645 0.86266921
vn -0.11145841 -0.45466262 0.88366222
vn -0.10838895 -0.50140325 0.85839770
vn -0.18048281 -0.53665347 0.82427484
vn -0.10647453 -0.52936653 0.84168536
vn -0.10431103 -0.53903375 0.83580011
vn -0.23964087 -0.55006195 0.80000256
vn 0.55241446 -0.59447777 -0.58432393
vn 0.55729547 -0.59624309 -0.57785460
vn 0.50264198 -0.56065634 -0.65803913
vn 0.50010566 -0.55106701 -0.66799661
vn 0.56532499 -0.59335346 -0.57300901
vn 0.50623842 -0.56219902 -0.65395331
vn 0.54783358 -0.58893060 -0.59417095
vn 0.49238948 -0.54180431 -0.68117596
vn 0.59499542 -0.62535143 -0.50489211
vn 0.59627509 -0.63128006 -0.49592489
vn 0.64090527 -0.65246073 -0.40439515
vn 0.59908053 -0.63427855 -0.48866475
vn 0.63562052 -0.66211840 -0.39697075
vn 0.62967211 -0.67228563 -0.38928790
vn 0.60692629 -0.63247713 -0.48126205
vn 0.69665346 -0.69690589 -0.17028254
vn 0.66828349 -0.72538743 -0.16495531
vn 0.65201948 -0.70449365 -0.28028431
vn 0.67019056 -0.68427466 -0.28742442
vn 0.63105640 -0.67624914 -0.38007225
vn 0.71464527 -0.67750642 -0.17397468
vn 0.68283086 -0.66923033 -0.29304058
vn 0.73290580 -0.67853711 -0.04936062
vn 0.71296214 -0.69958386 -0.04761733
vn 0.73570919 -0.67282136 0.07773929
vn 0.74174022 -0.66617145 0.07769841
vn 0.67993311 -0.73190052 -0.04486195
vn 0.71723142 -0.69249562 0.07764606
vn 0.68599449 -0.72341030 0.07803267
vn 0.68933215 -0.65793603 0.30321833
vn 0.67033427 -0.67842176 0.30065909
vn 0.70905969 -0.67717457 0.19664425
vn 0.68332299 -0.70348356 0.19539850
vn 0.72359280 -0.66110662 0.19837211
vn 0.69924206 -0.64632360 0.30549361
vn 0.66057274 -0.63740269 0.39668813
vn 0.66601224 -0.62984423 0.39965477
vn 0.62604509 -0.61565921 0.47857214
vn 0.62700213 -0.61166523 0.48242510
vn 0.64772600 -0.65205492 0.39405002
vn 0.61805967 -0.62625634 0.47518968
vn 0.52606463 -0.56091179 0.63924484
vn 0.52618898 -0.56498996 0.63554033
vn 0.58426516 -0.58995147 0.55730735
vn 0.58061044 -0.59737918 0.55319946
vn 0.58043801 -0.58966188 0.56159645
vn 0.51872050 -0.56456594 0.64202363
vn 0.44589052 -0.53209259 0.71976323
vn 0.43785899 -0.53978141 0.71896839
vn 0.44855627 -0.53170983 0.71838843
vn -0.40318686 -0.80484953 0.43549694
vn -0.50864697 -0.70492490 0.49432696
vn -0.40655938 -0.71023299 0.57469868
vn -0.32745990 -0.80801139 0.48978322
vn -0.46524764 -0.61237704 0.63917055
vn -0.34868295 -0.84821718 0.39868261
vn -0.28430237 -0.85033607 0.44283263
vn -0.40707309 -0.84084969 0.35673981
vn -0.46699718 -0.79708666 0.38284003
vn -0.45999436 -0.82991694 0.31566291
vn -0.58252197 -0.69808393 0.41634960
vn -0.51753031 -0.78703392 0.33576776
vn -0.62723245 -0.69339455 0.35465962
vn -0.62234824 -0.75863720 0.19274921
vn -0.69621138 -0.68932391 0.20030541
vn -0.66163885 -0.69118867 0.29067552
vn -0.56717855 -0.77478739 0.27930807
vn -0.58159779 -0.79382156 0.17773951
vn -0.51698306 -0.81497840 0.26179900
vn -0.64047826 -0.76509986 0.06640636
vn -0.67109045 -0.73713032 0.07922435
vn -0.72352751 -0.68493589 0.08585318
vn -0.75829364 -0.65135080 -0.02707179
vn -0.50064919 -0.61319459 -0.61101783
vn -0.46786292 -0.58439783 -0.66301091
vn -0.47398469 -0.65767649 -0.58549137
vn -0.45755497 -0.61730146 -0.63998622
vn -0.43742848 -0.70836441 -0.55396406
vn -0.44999031 -0.56636349 -0.69046442
vn -0.44593489 -0.59292987 -0.67050447
vn -0.43721600 -0.65778729 -0.61331725
vn -0.48945377 -0.70831502 -0.50865002
vn -0.54188869 -0.64803454 -0.53517089
vn -0.58510433 -0.68819143 -0.42900522
vn -0.43547990 -0.76307696 -0.47756760
vn -0.43636528 -0.81295142 -0.38561033
vn -0.58646741 -0.59095646 -0.55391916
vn -0.52430777 -0.57166727 -0.63110847
vn -0.60883969 -0.55443404 -0.56737742
vn -0.64553997 -0.61529427 -0.45242802
vn -0.47588568 -0.55859300 -0.67934282
vn -0.44976777 -0.54793699 -0.70531837
vn -0.53738576 -0.54575182 -0.64293973
vn -0.48188301 -0.54043154 -0.68972641
vn -0.54029744 -0.53908468 -0.64611639
vn -0.52720483 -0.55629824 -0.64232962
vn -0.48476768 -0.52855351 -0.69687265
vn -0.47575357 -0.53752506 -0.69622220
vn -0.48610418 -0.52915106 -0.69548679
vn -0.54444114 -0.53337826 -0.64737275
vn -0.60524362 -0.55232092 -0.57325541
vn -0.61536653 -0.54172448 -0.57258940
vn -0.58504061 -0.57511725 -0.57181084
vn -0.34211508 -0.89853513 -0.27493978
vn -0.29099726 -0.90537830 -0.30920986
vn -0.30426185 -0.92417522 -0.23092182
vn -0.36090207 -0.91243086 -0.19292388
vn -0.39244802 -0.88990477 -0.23249527
vn -0.41209144 -0.89956780 -0.14477022
vn -0.46000042 -0.86531240 -0.19908304
vn -0.47701602 -0.87255737 -0.10535349
vn -0.37711918 -0.87379545 -0.30702222
vn -0.32785083 -0.88386701 -0.33360596
vn -0.37285257 -0.84692889 -0.37906783
vn -0.44513001 -0.84735210 -0.28957500
vn -0.28066799 -0.89152103 -0.35554990
vn -0.32367579 -0.86692036 -0.37905549
vn -0.27752870 -0.88258046 -0.37951225
vn -0.13837838 -0.90434181 -0.40375403
vn -0.18813448 -0.89142462 -0.41227123
vn -0.19196024 -0.84644121 -0.49667750
vn -0.13609088 -0.86028534 -0.49131294
vn -0.24397519 -0.86952377 -0.42942347
vn -0.25630913 -0.82056865 -0.51085488
vn -0.26473220 -0.73855226 -0.62004630
vn -0.08677502 -0.86710698 -0.49050544
vn -0.09074003 -0.91217187 -0.39963574
vn -0.13719066 -0.92245995 -0.36089660
vn -0.09017072 -0.93149731 -0.35239467
vn -0.18288087 -0.91020791 -0.37158599
vn -0.23348208 -0.89237162 -0.38621111
vn 0.28825010 -0.57829664 -0.76320696
vn 0.29607268 -0.53241890 -0.79301392
vn 0.35430904 -0.57937954 -0.73401938
vn 0.36376585 -0.53924619 -0.75953140
vn 0.41774213 -0.59265275 -0.68866119
vn 0.43322489 -0.55381531 -0.71105893
vn 0.33713179 -0.63696755 -0.69326366
vn 0.27391862 -0.64463224 -0.71373515
vn 0.38939455 -0.64639238 -0.65616216
vn 0.21168508 -0.66008859 -0.72074439
vn 0.22356742 -0.58642209 -0.77854142
vn 0.23003966 -0.53208909 -0.81483922
vn 0.52490716 -0.66117701 -0.53601999
vn 0.54619294 -0.71389708 -0.43820569
vn 0.47152696 -0.78424661 -0.40326120
vn 0.46522520 -0.72863371 -0.50265140
vn 0.35054414 -0.89586155 -0.27304009
vn 0.47845278 -0.61820463 -0.62362326
vn 0.43595386 -0.67746115 -0.59244462
vn 0.56096949 -0.60878637 -0.56097450
vn 0.50260309 -0.57573468 -0.64491837
vn 0.59755432 -0.65267675 -0.46577021
vn -0.63413887 -0.74439665 -0.20914476
vn -0.64630632 -0.75593036 -0.10419899
vn -0.72373766 -0.67869627 -0.12480055
vn -0.71079985 -0.66344705 -0.23366984
vn -0.61553389 -0.72188386 -0.31623049
vn -0.68725652 -0.64089308 -0.34195692
vn -0.52786504 -0.79658374 -0.29464017
vn -0.54438855 -0.81622940 -0.19341837
vn -0.50841449 -0.76072707 -0.40349601
vn -0.55874955 -0.82399036 -0.09401505
vn -0.39225710 -0.55464017 -0.73383149
vn -0.39039866 -0.52409137 -0.75691289
vn -0.33645338 -0.51904120 -0.78574510
vn -0.33949027 -0.56186347 -0.75435787
vn -0.38914663 -0.60212706 -0.69714268
vn -0.33897098 -0.62295729 -0.70499850
vn -0.33158626 -0.70337549 -0.62873959
vn -0.42545765 -0.58878620 -0.68725293
vn -0.42993437 -0.55565976 -0.71161694
vn -0.37946625 -0.66951668 -0.63855523
vn -0.41544955 -0.64066917 -0.64571255
vn -0.43716353 -0.62322679 -0.64844153
vn -0.42824844 -0.53465505 -0.72852402
vn 0.20546094 -0.96722996 -0.14917106
vn 0.16123244 -0.97033184 -0.18016723
vn 0.18969005 -0.95874822 -0.21170624
vn 0.14574147 -0.96031651 -0.23780587
vn 0.25071076 -0.94881271 -0.19208998
vn 0.26172070 -0.95736338 -0.12230140
vn 0.22125748 -0.97294841 -0.06645690
vn 0.27494641 -0.96065120 -0.03941748
vn 0.17583421 -0.97967608 -0.09652519
vn 0.18297250 -0.98277169 0.02609361
vn -0.34728227 -0.80117123 -0.48735991
vn -0.33155765 -0.84189821 -0.42576629
vn -0.39473696 -0.75810053 -0.51910146
vn -0.38087839 -0.80785190 -0.44978547
vn -0.40610491 -0.70168194 -0.58542399
vn -0.36475682 -0.74255258 -0.56175451
vn -0.29837873 -0.83794353 -0.45696911
vn -0.31653193 -0.78276404 -0.53580592
vn -0.28380187 -0.86928627 -0.40471950
vn 0.98302028 -0.11832396 -0.14025179
vn 0.90821509 -0.01622211 -0.41818919
vn 0.89370337 -0.00283129 -0.44864939
vn 0.98164588 -0.04649465 -0.18495843
vn 0.78482909 0.06628840 -0.61615676
vn 0.77122984 0.03254422 -0.63572432
vn 0.96205873 -0.21278190 0.17078308
vn 0.98765848 -0.08805133 0.12952869
vn 0.85366598 -0.26681483 0.44728542
vn 0.89693435 -0.11207273 0.42772476
vn 0.89330066 -0.38312762 0.23500457
vn 0.97147010 -0.22580224 -0.07252035
vn 0.79110295 -0.54498289 0.27775848
vn 0.73667286 -0.46561252 0.49042643
vn 0.92599111 -0.05263057 -0.37385890
vn 0.93057176 -0.36545782 -0.02183558
vn 0.93622294 -0.11814674 -0.33095007
vn 0.80315634 0.09393486 -0.58831635
vn 0.78036227 -0.62532612 -0.00140505
vn 0.89020933 -0.34607271 -0.29624488
vn 0.92793940 -0.21635503 -0.30351106
vn 0.86417884 -0.50313031 0.00740469
vn 0.83990771 -0.01546437 -0.54250888
vn 0.83897352 0.08307146 -0.53779416
vn 0.82342687 0.10992660 -0.55667255
vn 0.65668966 -0.70312426 0.27271775
vn 0.58030436 -0.77956742 0.23562998
vn 0.39490196 -0.79482368 0.46076865
vn 0.70247038 -0.71103672 -0.03101855
vn 0.54791110 -0.81624347 0.18313936
vn 0.39796975 -0.82973589 0.39135461
vn 0.41565041 -0.85066604 0.32187267
vn 0.81725950 -0.48568135 -0.31016212
vn 0.80590774 -0.16956937 -0.56723800
vn 0.45858370 -0.23969164 0.85571543
vn 0.69019378 -0.26936186 0.67162247
vn 0.72876998 -0.11341382 0.67530114
vn 0.48734733 -0.10143845 0.86729627
vn 0.16679735 -0.19603834 0.96630617
vn 0.19029787 -0.08475693 0.97806083
vn -0.12065927 -0.15740811 0.98013470
vn -0.10934212 -0.06871376 0.99162630
vn 0.10134204 -0.31800032 0.94265879
vn 0.36042415 -0.39776884 0.84372649
vn -0.14398125 -0.25552899 0.95602005
vn -0.16892559 -0.32046370 0.93207680
vn 0.56826703 -0.45372052 0.68644757
vn 0.33172455 -0.12357641 -0.93524740
vn 0.30827697 -0.10662992 -0.94530174
vn 0.28787267 -0.04711169 -0.95650918
vn 0.30445897 -0.05960324 -0.95065882
vn 0.34296974 -0.11238215 -0.93259960
vn 0.33110935 -0.04574798 -0.94248274
vn 0.42550141 -0.16516126 -0.88975857
vn 0.39505619 -0.08448599 -0.91476375
vn 0.61625715 -0.23349078 -0.75213641
vn 0.59675302 -0.12400461 -0.79278540
vn 0.46150983 -0.24721888 -0.85199267
vn 0.36307276 -0.19697318 -0.91070288
vn 0.63895588 -0.33265971 -0.69359418
vn 0.65655195 -0.42080068 -0.62599228
vn 0.33058887 -0.18312241 -0.92583864
vn 0.35551978 -0.20414946 -0.91210125
vn 0.21808059 -0.80592957 0.55038021
vn 0.20222092 -0.76810883 0.60754879
vn 0.30395197 -0.84067197 0.44820068
vn 0.30195459 -0.81540682 0.49389790
vn 0.23434686 -0.72437010 0.64835909
vn 0.33321075 -0.78361364 0.52432839
vn 0.33664717 -0.85355701 0.39762937
vn 0.27702407 -0.82895531 0.48589171
vn 0.42881118 -0.86301838 0.26705850
vn 0.12512932 -0.76403929 0.63291912
vn 0.21573792 -0.79745986 0.56348463
vn 0.08534427 -0.71341574 0.69552451
vn 0.10404101 -0.66101379 0.74312599
vn -0.01700040 -0.60770331 0.79398217
vn -0.34866686 -0.12697235 0.92860618
vn -0.31408599 -0.13113406 0.94029456
vn -0.32848185 -0.20860982 0.92118490
vn -0.30064474 -0.20904358 0.93054474
vn -0.20629478 -0.14613842 0.96751539
vn -0.20075795 -0.22794441 0.95275264
vn -0.28891370 -0.22184899 0.93129582
vn -0.30268765 -0.13369405 0.94366630
vn -0.35360715 -0.05876030 0.93354658
vn -0.30279250 -0.05926049 0.95121233
vn -0.31908790 -0.06323075 0.94561344
vn -0.20977198 -0.07182504 0.97510865
vn 0.61810037 -0.37991222 0.68819956
vn 0.69794690 -0.34424277 0.62798650
vn 0.67952600 -0.41565008 0.60454894
vn 0.61500538 -0.43245830 0.65935438
vn 0.60486434 -0.49956274 0.62014208
vn 0.75079295 -0.31905783 0.57837016
vn 0.72175551 -0.40958878 0.55794804
vn 0.94700708 -0.29579657 0.12522767
vn 0.92315181 -0.38426879 0.01132442
vn 0.98580659 -0.11635840 0.12102102
vn 0.92319397 -0.38431998 -0.00332427
vn 0.67715978 -0.51261973 0.52789739
vn 0.98687627 -0.11209377 0.11623346
vn 0.65210693 -0.50205916 0.56806086
vn 0.50870364 -0.41992041 0.75158995
vn 0.51656294 -0.45402034 0.72596712
vn 0.41377639 -0.44631648 0.79346751
vn 0.52175371 -0.49231799 0.69670372
vn 0.43669845 -0.48101460 0.76021012
vn 0.50442726 -0.38139608 0.77465487
vn 0.61931369 -0.33229435 0.71135857
vn 0.50893732 -0.32336261 0.79775900
vn 0.40788378 -0.41391984 0.81381889
vn 0.41511069 -0.35224674 0.83881187
vn 0.70869049 -0.28525213 0.64528211
vn 0.62276757 -0.27962090 0.73073436
vn 0.71643125 -0.23540722 0.65674173
vn 0.76832021 -0.25216286 0.58830090
vn 0.59636526 -0.79268226 0.12650421
vn 0.61577415 -0.77595998 0.13677828
vn 0.61337991 -0.77752154 0.13865550
vn 0.63387138 -0.75834645 0.15204519
vn 0.63014399 -0.75761179 0.17012620
vn 0.61867339 -0.77035766 0.15424755
vn 0.63957603 -0.75120170 0.16321305
vn 0.64036249 -0.74885640 0.17073364
vn 0.55620757 -0.82320082 0.11390150
vn 0.53011171 -0.83891426 0.12330630
vn 0.45444145 -0.88779310 0.07284486
vn 0.60882531 -0.77741905 0.15795996
vn 0.56152594 -0.81830384 0.12274948
vn 0.56425124 -0.81046755 0.15736231
vn 0.49240026 -0.84951166 0.18939887
vn 0.53825566 -0.80336349 0.25473113
vn 0.39642304 -0.90927395 0.12676620
vn 0.34518917 -0.90071260 0.26374466
vn 0.46877618 -0.81842388 0.33231197
vn 0.58326178 -0.79633851 0.16015828
vn 0.58544900 -0.79069592 0.17902355
vn 0.55713283 -0.79531849 0.23889642
vn 0.55994163 -0.79108640 0.24626749
vn 0.60033013 -0.79975213 -0.00050869
vn 0.61644438 -0.78738325 0.00489313
vn 0.62418245 -0.75007445 -0.21859687
vn 0.61288184 -0.75915487 -0.21922529
vn 0.63111770 -0.60857684 -0.48096223
vn 0.62839011 -0.77786203 -0.00751864
vn 0.63245893 -0.73906509 -0.23190190
vn 0.63550371 -0.59932155 -0.48677377
vn 0.57160852 -0.81989656 -0.03214534
vn 0.59182054 -0.76927992 -0.24074229
vn 0.53537094 -0.84102194 -0.07784633
vn 0.62301235 -0.61484289 -0.48355334
vn 0.60524729 -0.61922377 -0.50023759
vn 0.56509057 -0.77812730 -0.27420897
vn 0.55912706 -0.82428696 0.08903894
vn 0.59659118 -0.79251947 0.12645890
vn 0.50935153 -0.85984081 0.03513972
vn 0.49081191 -0.86859935 0.06810903
vn 0.61624380 -0.77559144 0.13675340
vn 0.62901259 -0.76645629 0.12995351
vn 0.62625022 -0.23493427 -0.74338184
vn 0.63829632 -0.23453125 -0.73319363
vn 0.64033234 -0.10289533 -0.76117478
vn 0.62717182 -0.10276386 -0.77207195
vn 0.64213909 -0.23328198 -0.73023072
vn 0.64446352 -0.10262985 -0.75771623
vn 0.59838112 -0.23394998 -0.76629462
vn 0.59683510 -0.10187022 -0.79587079
vn 0.56505026 -0.10028165 -0.81893943
vn 0.56843016 -0.23132230 -0.78954237
vn 0.60367078 -0.40844156 -0.68465837
vn 0.62616570 -0.40778692 -0.66454973
vn 0.57780025 -0.40629365 -0.70786463
vn 0.58278839 -0.62041017 -0.52483227
vn 0.63578394 -0.40526435 -0.65691673
vn 0.63922025 -0.40104685 -0.65616987
vn 0.56028689 -0.66318605 0.49624879
vn 0.58260357 -0.67724833 0.44934150
vn 0.53946707 -0.74650866 0.38948696
vn 0.55845809 -0.75087698 0.35257386
vn 0.58807995 -0.68787096 0.42543567
vn 0.56160603 -0.75364915 0.34148445
vn 0.47689646 -0.72850014 0.49178990
vn 0.50012994 -0.63100945 0.59304057
vn 0.37578763 -0.68083068 0.62869169
vn 0.33812941 -0.81456834 0.47132465
vn 0.58549407 -0.57949714 0.56690365
vn 0.51773805 -0.55137820 0.65416312
vn 0.41459365 -0.57947878 0.70165265
vn 0.43526113 -0.51463924 0.73871118
vn 0.61748297 -0.59517583 0.51427669
vn 0.62797384 -0.60528076 0.48916670
vn 0.63625239 -0.14156924 0.75838054
vn 0.73012987 -0.12487572 0.67180089
vn 0.72346681 -0.18487530 0.66514426
vn 0.62894478 -0.21596598 0.74685149
vn 0.80244659 -0.11291074 0.58594423
vn 0.79332250 -0.16034583 0.58730624
vn 0.78247176 -0.20188273 0.58905119
vn 0.53099879 -0.15677681 0.83274325
vn 0.51957699 -0.24523105 0.81847510
vn 0.44738356 -0.16605197 0.87879161
vn 0.43155046 -0.26384634 0.86264090
vn 0.53859462 -0.07032781 0.83962482
vn 0.64186430 -0.06607388 0.76396627
vn 0.45701516 -0.07288149 0.88646795
vn 0.73515214 -0.06145360 0.67511094
vn -0.01409803 -0.52236250 0.85260698
vn 0.05045538 -0.52807653 0.84769655
vn 0.01291113 -0.53302829 0.84599890
vn 0.07590230 -0.52241701 0.84930519
vn 0.08291540 -0.53117694 0.84319398
vn 0.11010632 -0.52791333 0.84213070
vn 0.13531434 -0.51218764 0.84814731
vn 0.13797973 -0.49966361 0.85515956
vn -0.04619632 -0.54543605 0.83687838
vn -0.08101548 -0.51199964 0.85515663
vn 0.02903787 -0.56811083 0.82243960
vn -0.01140547 -0.47595345 0.87939651
vn -0.08863843 -0.45038664 0.88842282
vn 0.00790420 -0.38280086 0.92379707
vn -0.08167271 -0.35541559 0.93113336
vn 0.05229333 -0.49117946 0.86948729
vn 0.10850587 -0.49580317 0.86162967
vn 0.07427263 -0.40130244 0.91292931
vn 0.25090011 -0.93874306 -0.23624266
vn 0.21278030 -0.95602612 -0.20183806
vn 0.16412896 -0.87945667 -0.44678592
vn 0.17596603 -0.84813077 -0.49971007
vn 0.17822993 -0.74093204 -0.64749811
vn 0.17195668 -0.97459465 -0.14351367
vn 0.17663760 -0.91685192 -0.35802474
vn 0.36391368 -0.86812202 -0.33753666
vn 0.29596086 -0.92182131 -0.25030510
vn 0.21627668 -0.82342781 -0.52458654
vn 0.12357164 -0.72215017 -0.68060942
vn 0.16162504 -0.70499797 -0.69054704
vn 0.34448473 -0.93492545 0.08511565
vn 0.37327222 -0.92437949 0.07867914
vn 0.40380463 -0.83425855 0.37543906
vn 0.40333134 -0.84210587 0.35802448
vn 0.30592258 -0.94548293 0.11168436
vn 0.24277196 -0.95506761 0.17002248
vn 0.38617914 -0.82642176 0.40974717
vn 0.33554961 -0.81220538 0.47720947
vn 0.42413158 -0.77212769 -0.47321373
vn 0.48390938 -0.82302492 -0.29742510
vn 0.51298200 -0.72478591 -0.45992918
vn 0.46265111 -0.65758816 -0.59458537
vn 0.52122167 -0.55111336 -0.65161495
vn 0.50327829 -0.83794925 -0.21107346
vn 0.53193183 -0.75726137 -0.37895085
vn 0.54422110 -0.59031901 -0.59610977
vn 0.34819040 -0.65979635 -0.66590707
vn 0.39242676 -0.55004866 -0.73718906
vn 0.47512767 -0.48712542 -0.73277727
vn 0.41457625 -0.40276080 -0.81603325
vn 0.34708080 -0.77760512 -0.52427588
vn 0.42871884 -0.85957809 -0.27807492
vn 0.41107651 -0.89054481 -0.19479743
vn 0.36320171 -0.84537763 -0.39169016
vn 0.49358116 -0.86568737 -0.08344470
vn 0.49698527 -0.85689466 0.13688382
vn 0.57390699 -0.72263421 0.38526687
vn 0.50745626 -0.85910510 -0.06653245
vn 0.45082537 -0.16152945 -0.87787512
vn 0.48756209 -0.18641105 -0.85295611
vn 0.48422816 -0.07479363 -0.87173907
vn 0.44792773 -0.06387764 -0.89178495
vn 0.50896389 -0.20545974 -0.83590792
vn 0.50419753 -0.08377622 -0.85951521
vn 0.40166858 -0.13481868 -0.90580697
vn 0.39661593 -0.05320752 -0.91644136
vn 0.40892166 -0.25008762 -0.87763276
vn 0.45991986 -0.30060770 -0.83552902
vn 0.50028549 -0.34437383 -0.79443130
vn 0.52421843 -0.37552691 -0.76431314
vn 0.32667934 -0.63482242 0.70020076
vn 0.34591821 -0.59095096 0.72877812
vn 0.39626990 -0.71990264 0.56983362
vn 0.39842529 -0.68945623 0.60490279
vn 0.33423620 -0.54373085 0.76983305
vn 0.36651711 -0.65149800 0.66424059
vn 0.37269336 -0.75080279 0.54533919
vn 0.28716605 -0.67972487 0.67491463
vn 0.20718655 -0.56332683 0.79983537
vn 0.15729613 -0.61225258 0.77485786
vn 0.24560896 -0.51804220 0.81933419
vn 0.26257670 -0.47687080 0.83883712
vn 0.18463683 -0.47489096 0.86045791
vn 0.03239917 -0.17344524 0.98431044
vn 0.11133292 -0.17968754 0.97740338
vn 0.02423566 -0.27247060 0.96185883
vn 0.09756505 -0.28542817 0.95342111
vn 0.16668123 -0.18225306 0.96902074
vn 0.15112468 -0.29217224 0.94434989
vn 0.12744166 -0.40984027 0.90321071
vn -0.07538519 -0.25311634 0.96449427
vn -0.07291631 -0.16265953 0.98398429
vn 0.03365685 -0.08361363 0.99592971
vn -0.07395163 -0.07967428 0.99407402
vn 0.11514589 -0.08430774 0.98976443
vn 0.19258420 -0.51144239 0.83745926
vn 0.21875128 -0.49860426 0.83877391
vn 0.21935533 -0.49330814 0.84174243
vn 0.24517429 -0.48737161 0.83806830
vn 0.24603891 -0.45061774 0.85814248
vn 0.22752419 -0.48771692 0.84283151
vn 0.25316066 -0.48221497 0.83867658
vn 0.26484051 -0.44811214 0.85384719
vn 0.18359641 -0.50222940 0.84501952
vn 0.15742379 -0.52168293 0.83848952
vn 0.21903928 -0.45814059 0.86146909
vn 0.14889506 -0.49223141 0.85763541
vn 0.17927442 -0.48384216 0.85659643
vn 0.16291888 -0.41003371 0.89740169
vn 0.20052504 -0.47405734 0.85735602
vn 0.18923381 -0.40614757 0.89399928
vn 0.20731001 -0.40079372 0.89240515
vn 0.20942797 -0.46605209 0.85961350
vn 0.01608843 -0.99972418 -0.01710950
vn -0.07997928 -0.99626657 0.03249974
vn 0.05215048 -0.98075833 -0.18813140
vn 0.11405533 -0.96714035 -0.22722440
vn 0.24582679 -0.94754499 -0.20427353
vn -0.12011806 -0.99057490 0.06582570
vn 0.02449324 -0.98815136 -0.15151558
vn 0.22429698 -0.95810531 -0.17811537
vn 0.11455568 -0.99027328 -0.07896724
vn 0.16091143 -0.94642983 -0.27996088
vn 0.29128919 -0.92979745 -0.22500515
vn 0.34045225 -0.90288996 -0.26245376
vn 0.16334033 -0.95432604 0.25016344
vn 0.05470454 -0.94218505 0.33059756
vn 0.17509012 -0.76119755 0.62443714
vn 0.25848572 -0.78948335 0.55668768
vn -0.04797161 -0.92181367 0.38465346
vn 0.09897821 -0.73423283 0.67164386
vn 0.06318018 -0.72375086 0.68716298
vn 0.47627237 -0.85639421 -0.19938303
vn 0.45895227 -0.86435193 -0.20556886
vn 0.51498537 -0.78373572 -0.34720079
vn 0.52213151 -0.77972571 -0.34555247
vn 0.54608762 -0.61982468 -0.56356514
vn 0.45016847 -0.86924822 -0.20434257
vn 0.51135249 -0.78534310 -0.34893387
vn 0.54465762 -0.61899108 -0.56586051
vn 0.49369722 -0.84749711 -0.19496589
vn 0.52954943 -0.77217846 -0.35116637
vn 0.54797702 -0.61735537 -0.56444090
vn 0.54877782 -0.60917682 -0.57249149
vn 0.45172253 -0.88095920 -0.14091713
vn 0.41380206 -0.89658580 -0.15780289
vn 0.37930979 -0.91089802 -0.16244658
vn 0.36242461 -0.91921088 -0.15394727
vn 0.52618616 -0.22269295 -0.82069238
vn 0.53043227 -0.22555028 -0.81717114
vn 0.52618312 -0.09540804 -0.84500215
vn 0.52128994 -0.09320543 -0.84827445
vn 0.53192729 -0.22630015 -0.81599118
vn 0.52809378 -0.09650850 -0.84368422
vn 0.51942353 -0.21662654 -0.82660277
vn 0.51407560 -0.08954710 -0.85305779
vn 0.53438088 -0.39226597 -0.74870855
vn 0.53936068 -0.40003405 -0.74098773
vn 0.54187953 -0.40264010 -0.73773134
vn 0.54241181 -0.40222200 -0.73756823
vn 0.28313418 -0.47221271 0.83477553
vn 0.26607308 -0.45901702 0.84764880
vn 0.26210053 -0.57440409 0.77547615
vn 0.21964920 -0.55189252 0.80446807
vn 0.25726026 -0.45703820 0.85143012
vn 0.19839664 -0.54687562 0.81336697
vn 0.31271047 -0.60894545 0.72897023
vn 0.30551073 -0.49959061 0.81060003
vn 0.27055223 -0.43034005 0.86116719
vn 0.26564755 -0.44511375 0.85516380
vn 0.27432557 -0.42619500 0.86203440
vn 0.27497245 -0.42631320 0.86176981
vn 0.27229264 -0.44673364 0.85222401
vn 0.23290232 -0.18176807 0.95536217
vn 0.25138382 -0.18064387 0.95088063
vn 0.23084730 -0.29189034 0.92817539
vn 0.21327429 -0.29345300 0.93187950
vn 0.25836996 -0.17955969 0.94921192
vn 0.23749172 -0.29048012 0.92694066
vn 0.21439312 -0.39643662 0.89267777
vn 0.20518556 -0.18244967 0.96156695
vn 0.18711842 -0.29393286 0.93733141
vn 0.21331562 -0.08262078 0.97348357
vn 0.24243216 -0.08107777 0.96677456
vn 0.17304741 -0.08357023 0.98136161
vn 0.26174448 -0.07945436 0.96186113
vn 0.26903213 -0.07793668 0.95997270
vn -0.23192131 -0.30028315 0.92522567
vn -0.27224894 -0.30767400 0.91171115
vn -0.18821492 -0.41133493 0.89184008
vn -0.14684874 -0.40052800 0.90444058
vn -0.03253020 -0.49750067 0.86685343
vn -0.21037019 -0.30076277 0.93020758
vn -0.13032185 -0.40475798 0.90508961
vn -0.21455834 -0.30968610 0.92631487
vn -0.02098282 -0.49707493 0.86745388
vn -0.01765026 -0.50774793 0.86132485
vn -0.13548111 -0.41851893 0.89804609
vn -0.26526889 -0.17068217 0.94894679
vn -0.28462744 -0.17017868 0.94341212
vn -0.26880898 -0.17512796 0.94713881
vn -0.32043569 -0.17241194 0.93144785
vn 0.77941932 -0.25196949 0.57359995
vn 0.86430913 -0.28824044 0.41217373
vn 0.81525978 -0.10029808 0.57034356
vn 0.90641122 -0.11685383 0.40591117
vn 0.90127620 -0.30992424 0.30273452
vn 0.94481211 -0.12545775 0.30263912
vn 0.65852883 -0.07689117 0.74861707
vn 0.63039339 -0.20369476 0.74907451
vn 0.44669969 -0.05194863 0.89317452
vn 0.67939800 -0.44027710 0.58700463
vn 0.54956338 -0.36745929 0.75030245
vn 0.42698444 -0.15662944 0.89059054
vn 0.37744594 -0.30078954 0.87581974
vn 0.75617964 -0.49404936 0.42907759
vn 0.79121006 -0.52255505 0.31768359
vn 0.57298628 -0.66289850 0.48192561
vn 0.26871950 -0.68837293 0.67374516
vn 0.25820102 -0.64953962 0.71514371
vn 0.39200928 -0.64708035 0.65392335
vn 0.41750846 -0.71345251 0.56273635
vn 0.51452082 -0.56099241 0.64850277
vn 0.25161458 -0.59637144 0.76225403
vn 0.35374671 -0.56946821 0.74200352
vn 0.26866025 -0.70582577 0.65546293
vn 0.43307955 -0.74651968 0.50512421
vn 0.58290308 -0.65132543 0.48579747
vn 0.61767474 -0.69537957 0.36732162
vn 0.11896583 -0.61462063 0.77980036
vn 0.12433856 -0.59930917 0.79080240
vn -0.02486551 -0.52113871 0.85310969
vn 0.11619395 -0.58751925 0.80082464
vn 0.12931901 -0.57976116 0.80445857
vn 0.12138236 -0.11574898 0.98583391
vn 0.13012475 -0.03754026 0.99078670
vn 0.02178484 -0.13378066 0.99077150
vn 0.03153732 -0.05226891 0.99813494
vn -0.07305019 -0.17756354 0.98139434
vn -0.06874059 -0.08135478 0.99431189
vn 0.01775566 -0.24553244 0.96922575
vn 0.11742232 -0.23968722 0.96372301
vn -0.06399828 -0.28473896 0.95646639
vn 0.22951184 -0.25762395 0.93859161
vn 0.24561950 -0.12408908 0.96139116
vn 0.25669236 -0.03675864 0.96579389
vn -0.20624168 -0.28286556 0.93672378
vn -0.22432779 -0.30969796 0.92399362
vn -0.15084042 -0.42227807 0.89382795
vn -0.14962083 -0.39679022 0.90563300
vn -0.15460256 -0.23407470 0.95984743
vn -0.12326094 -0.34519069 0.93040321
vn -0.16425456 -0.11933300 0.97917316
vn -0.23468901 -0.15289506 0.95997092
vn -0.27018574 -0.17272388 0.94718854
vn 0.87181990 -0.31399827 0.37594567
vn 0.79792550 -0.27124027 0.53827838
vn 0.91444792 -0.12929592 0.38349390
vn 0.83385011 -0.11458777 0.53996634
vn 0.90569901 -0.32472344 0.27251421
vn 0.94960447 -0.13098293 0.28477153
vn 0.79278053 -0.53638078 0.28947313
vn 0.75052174 -0.51031375 0.41987737
vn 0.68615935 -0.43395837 0.58383686
vn 0.48975789 -0.46595206 0.73690290
vn 0.40333460 -0.83770505 0.36820030
vn 0.44758185 -0.89423542 0.00367403
vn 0.44702932 -0.79942620 0.40135090
vn 0.50827666 -0.86002457 0.04486168
vn 0.51741016 -0.74078786 0.42839242
vn 0.58829171 -0.80651352 0.05872651
vn 0.33302727 -0.62618445 0.70497225
vn 0.31127994 -0.67304448 0.67090679
vn 0.15041676 -0.34791585 0.92538066
vn 0.36758188 -0.56040150 0.74218173
vn 0.16522828 -0.30692911 0.93728018
vn 0.38135985 -0.84932332 0.36498571
vn 0.29413795 -0.68491404 0.66661504
vn 0.36972705 -0.81804725 0.44056849
vn 0.14089917 -0.37886874 0.91466163
vn 0.12564807 -0.37944335 0.91664350
vn 0.25263741 -0.64046563 0.72524348
vn 0.41248696 -0.91092580 -0.00828797
vn 0.41161085 -0.90935059 0.06048157
vn 0.68501254 -0.62026736 0.38213377
vn 0.74042783 -0.66739368 -0.07970132
vn 0.78871908 -0.58899883 -0.17607552
vn 0.75799936 -0.56191474 0.33119298
vn 0.81997972 -0.50972244 -0.26041562
vn 0.51900697 -0.39157578 0.75980272
vn 0.46908056 -0.44402791 0.76341512
vn 0.24579392 -0.19901770 0.94867134
vn 0.81996648 -0.49551090 0.28657272
vn 0.56309026 -0.33316714 0.75625989
vn 0.27087665 -0.16020918 0.94918853
vn 0.60195430 -0.67847275 0.42110064
vn 0.41707859 -0.49731711 0.76073723
vn 0.21805191 -0.23344842 0.94760498
vn 0.19025187 -0.26739144 0.94461952
vn 0.67026764 -0.74203376 0.01127752
vn 0.92840984 -0.30194913 0.21652228
vn 0.86199510 -0.30496721 -0.40491907
vn 0.87604999 -0.16574265 -0.45284190
vn 0.96732751 -0.16354959 0.19372407
vn 0.65398166 -0.09742996 0.75021023
vn 0.63205397 -0.18727100 0.75195569
vn 0.31722977 -0.03780400 0.94759492
vn 0.87684674 -0.41181326 0.24809199
vn 0.60103066 -0.26598898 0.75366571
vn 0.30699644 -0.07823466 0.94848960
vn 0.29149145 -0.11924007 0.94911250
vn 0.84281272 -0.41877621 -0.33807278
vn 0.30843149 -0.39633907 0.86474583
vn 0.25701336 -0.00204858 0.96640568
vn 0.47248258 -0.61847082 0.62789654
vn 0.46720739 -0.25681107 0.84602916
vn 0.59657114 -0.80163103 0.03860785
vn 0.64686559 -0.76258253 0.00572631
vn 0.37009235 -0.67634794 0.63685565
vn 0.44746631 -0.85135634 0.27379969
vn 0.13536033 -0.12611827 0.98273687
vn 0.21186604 -0.43964456 0.87282612
vn -0.17781902 0.32015863 0.93052611
vn -0.01353313 -0.06431206 0.99783807
vn -0.03098985 0.27197403 0.96180547
vn -0.89383774 0.43207866 0.11984206
vn -0.44364835 0.69286368 0.56843299
vn -0.69283282 0.72073218 -0.02297392
vn 0.61924910 0.14255980 -0.77214458
vn 0.67538063 0.11912674 -0.72778418
vn 0.68497713 0.18703456 -0.70414800
vn 0.61863980 0.22953081 -0.75139896
vn 0.69535210 0.25507886 -0.67187813
vn 0.60540857 0.14514811 -0.78256788
vn 0.59660133 0.23790638 -0.76646423
vn 0.61608262 0.13244713 -0.77646633
vn 0.61560627 0.32321799 -0.71872043
vn 0.58169952 0.34287746 -0.73760472
vn 0.60224552 0.22150865 -0.76696431
vn 0.60963652 0.06617020 -0.78991444
vn 0.61856265 0.06557096 -0.78299470
vn 0.62300573 0.05968556 -0.77993685
vn 0.66813702 0.05548267 -0.74196671
vn 0.37704022 -0.28579824 -0.88099946
vn 0.41163915 -0.43365932 -0.80155649
vn 0.30732060 -0.52437252 -0.79409540
vn 0.28402777 -0.40181871 -0.87055726
vn 0.17925996 -0.47308370 -0.86258778
vn 0.20475446 -0.57922679 -0.78903228
vn 0.34087263 -0.15008773 -0.92805147
vn 0.25751951 -0.27445448 -0.92647636
vn 0.29473171 -0.02369831 -0.95528614
vn 0.15123741 -0.35232842 -0.92357562
vn 0.10201250 -0.19499183 -0.97548533
vn 0.42293801 0.01862962 -0.90596709
vn 0.47503059 -0.11756865 -0.87208002
vn 0.49212868 0.21300133 -0.84406149
vn 0.36901985 0.12339494 -0.92119381
vn 0.43373068 0.28633656 -0.85433545
vn 0.52888128 -0.29134183 -0.79712266
vn 0.56049248 0.09289805 -0.82293264
vn 0.64069346 -0.09001540 -0.76250188
vn 0.61035775 0.36394328 -0.70356855
vn 0.71234201 0.23287119 -0.66207241
vn 0.70202731 0.10721184 -0.70403357
vn 0.60298994 0.27198593 -0.74995118
vn 0.54710713 0.42439222 -0.72150193
vn 0.53062665 0.36250220 -0.76617721
vn 0.51336305 0.43735888 -0.73836006
vn 0.48005168 0.40239962 -0.77950300
vn 0.56253120 0.41711638 -0.71384352
vn 0.61120149 0.38044593 -0.69404152
vn 0.54619283 0.41160340 -0.72955879
vn 0.57872353 0.32805235 -0.74663293
vn 0.70466322 0.28276163 -0.65076540
vn 0.00907857 -0.46523246 -0.88514199
vn -0.06794196 -0.37186981 -0.92579519
vn -0.25537345 -0.08256229 -0.96331089
vn -0.06905853 -0.29202753 -0.95391344
vn -0.49249470 0.41040297 -0.76747532
vn 0.04812268 -0.36237490 -0.93078926
vn 0.08925937 -0.49454796 -0.86455484
vn -0.22068138 0.04243404 -0.97442243
vn -0.03122947 -0.15562847 -0.98732188
vn 0.12407618 -0.60258623 -0.78834950
vn 0.06983392 -0.59391599 -0.80149050
vn 0.06834899 -0.57337139 -0.81643963
vn -0.56444738 0.81112357 -0.15322437
vn -0.53816157 0.62133494 0.56949540
vn -0.47218857 0.61962638 -0.62697776
vn -0.66547083 0.74624069 -0.01653517
vn -0.25277397 0.27547013 -0.92748128
vn -0.36561892 0.27609907 0.88887126
vn -0.61619682 0.47172422 0.63069624
vn -0.59235014 0.62566724 -0.50760398
vn -0.21006697 0.18723446 -0.95959112
vn -0.42971831 0.53792373 -0.72524495
vn 0.00126396 -0.00448332 -0.99998915
vn -0.47844544 0.72168871 0.50025529
vn -0.57842558 0.79014393 -0.20272250
vn -0.27784298 0.33501143 0.90031696
vn -0.15372064 0.04409259 0.98713009
vn 0.06729007 -0.31463250 0.94682545
vn 0.15767882 0.14168962 -0.97727245
vn 0.02317590 0.12687426 -0.99164802
vn -0.32841416 0.40450119 -0.85353554
vn -0.08678139 0.30116590 -0.94961471
vn -0.74019494 0.67055931 0.04961514
vn -0.73568738 0.65888187 0.15696739
vn 0.16014477 0.21575457 -0.96322563
vn 0.26977487 0.19288948 -0.94340615
vn 0.42829652 0.09629592 -0.89849273
vn -0.68151854 0.73037901 -0.04559596
vn -0.49531110 0.86593404 -0.06946334
vn 0.23769288 0.07459246 -0.96847202
vn 0.31743781 0.18295265 -0.93046309
vn 0.37698812 0.25760325 -0.88967439
vn 0.39189130 0.30452648 -0.86815023
vn 0.14296431 -0.00331861 -0.98972228
vn 0.21359523 -0.13455328 -0.96761175
vn -0.18232570 0.07762330 0.98016935
vn -0.23189506 0.15906025 0.95964812
vn -0.07316275 -0.04227862 0.99642347
vn -0.04724245 -0.07829965 0.99580988
vn -0.13642889 0.00151310 0.99064871
vn -0.02746130 -0.09612669 0.99499022
vn -0.08521456 -0.07291518 0.99369103
vn -0.00411978 -0.11059228 0.99385732
vn -0.22792656 0.00844028 0.97364174
vn -0.33265731 0.17290577 0.92706133
vn -0.10334753 -0.14941674 0.98335849
vn 0.83338668 -0.48087630 0.27244194
vn -0.42965413 0.31105142 0.84772894
vn 0.56999324 0.27967450 -0.77258649
vn 0.48132095 0.29495763 -0.82542725
vn 0.78038290 -0.00878885 -0.62524018
vn 0.65854474 0.03576566 -0.75169119
vn 0.81434559 -0.45788760 0.35662333
vn 0.81394009 -0.48117292 0.32553671
vn 0.84779390 -0.03868951 -0.52891268
vn 0.64088844 0.23260088 -0.73154551
vn 0.88543002 -0.05995809 -0.46088904
vn 0.83117022 -0.40876021 0.37692327
vn 0.85352591 -0.33987327 0.39494264
vn 0.51344730 0.39669600 -0.76092322
vn 0.56462663 0.35742048 -0.74394043
vn 0.69160786 0.16219598 -0.70382600
vn 0.60788492 0.27360306 -0.74539741
vn 0.45740427 0.38596312 -0.80113283
vn 0.74088101 0.04760237 -0.66994726
vn 0.75018930 0.01901021 -0.66094979
vn 0.65336316 0.10275815 -0.75003823
vn 0.66159609 0.04543775 -0.74848249
vn 0.63682897 0.17720470 -0.75036481
vn 0.72288896 0.09260345 -0.68473072
vn 0.92273122 -0.05660869 -0.38126440
vn 0.90810308 -0.06906241 -0.41301232
vn 0.88484290 -0.17393120 0.43220480
vn 0.87166576 -0.25913618 0.41598947
vn 0.93136478 -0.03136393 -0.36273400
vn 0.89227927 -0.08658987 0.44310258
vn 0.17517934 -0.06739792 0.98222692
vn 0.18675046 -0.03192216 0.98188861
vn 0.37332459 -0.06173630 0.92564430
vn 0.35882685 -0.12623958 0.92482802
vn 0.15485927 -0.10343783 0.98250660
vn 0.33173137 -0.19046594 0.92394644
vn 0.12418563 -0.13783124 0.98263955
vn 0.28784188 -0.25145456 0.92407665
vn 0.14356980 -0.06821395 0.98728647
vn 0.15911954 -0.04279113 0.98633153
vn 0.12152577 -0.09425917 0.98810257
vn 0.16857986 -0.01920971 0.98550080
vn 0.03032776 -0.15749515 0.98705395
vn -0.02728861 -0.12907421 0.99125939
vn 0.02680060 -0.12015130 0.99239377
vn 0.06052849 -0.12263057 0.99060489
vn 0.08196038 -0.15980010 0.98374104
vn 0.09311460 -0.11454068 0.98904505
vn 0.22201280 -0.29322291 0.92990894
vn 0.13444570 -0.29739830 0.94523997
vn 0.02438118 -0.25473054 0.96670467
vn 0.27908626 -0.54167810 0.79290333
vn 0.26050290 -0.55011796 0.79341570
vn 0.22375712 -0.56314079 0.79549054
vn 0.18619979 -0.56704673 0.80236379
vn 0.26922770 -0.58325381 0.76637552
vn 0.30458388 -0.55901371 0.77118890
vn 0.30076209 -0.60964817 0.73339708
vn 0.33437049 -0.52243190 0.78438593
vn 0.35081345 -0.53840036 0.76619513
vn 0.41073059 -0.49758871 0.76400645
vn 0.33586909 -0.58887882 0.73512835
vn 0.41356922 -0.52638707 0.74288435
vn 0.41471262 -0.55545988 0.72074806
vn 0.33175508 -0.52892410 0.78113882
vn 0.41867382 -0.48501265 0.76777273
vn 0.24390206 -0.85177016 0.46368025
vn 0.14159065 -0.91551827 0.37653470
vn 0.21218232 -0.91306670 0.34826406
vn 0.30667284 -0.85296933 0.42236843
vn 0.22386998 -0.92680321 0.30152617
vn 0.32863228 -0.77760781 0.53602884
vn 0.37030712 -0.78348086 0.49902943
vn 0.38749103 -0.72271630 0.57230399
vn 0.41336580 -0.72967817 0.54470036
vn 0.29846130 -0.76499809 0.57070025
vn 0.20428119 -0.83546571 0.51016296
vn 0.36529177 -0.71516130 0.59590790
vn 0.34469728 -0.70771595 0.61670245
vn 0.09653350 -0.89587742 0.43368759
vn 0.68343142 0.14292644 0.71588653
vn 0.74943568 -0.29907555 0.59067756
vn 0.68152376 0.15748232 0.71465004
vn 0.67339911 0.20705035 0.70969274
vn 0.06297723 -0.92550835 0.37345437
vn 0.10018185 -0.92394298 0.36917877
vn 0.06983581 -0.93957513 0.33514404
vn 0.04954746 -0.91445926 0.40163331
vn 0.54891490 -0.61195786 0.56938565
vn 0.07818578 -0.91037902 0.40632133
vn 0.05868216 -0.92287067 0.38061283
vn 0.07072890 -0.92210380 0.38042344
vn 0.59728694 -0.45233066 0.66230301
vn 0.63098170 -0.38765630 0.67200051
vn 0.54238181 -0.42486815 0.72478206
vn 0.50996283 -0.47120186 0.71965737
vn 0.56112153 -0.51402856 0.64878137
vn 0.49291347 -0.51444146 0.70170243
vn 0.51707649 -0.57069177 0.63792069
vn 0.46570178 -0.56177324 0.68376361
vn 0.31693178 -0.31960642 0.89297592
vn 0.33797790 -0.14093990 0.93054118
vn 0.16294707 -0.40828627 0.89819295
vn 0.18411081 -0.39132910 0.90164558
vn 0.04362950 -0.64828292 0.76014849
vn 0.16777826 -0.53941999 0.82515243
vn 0.54903151 -0.57733580 0.60435732
vn 0.14195221 -0.41307186 0.89956723
vn 0.04081337 -0.64943826 0.75931826
vn 0.01024469 -0.67036913 0.74195706
vn 0.36586743 -0.14240843 0.91970695
vn 0.36499809 -0.13848105 0.92065161
vn 0.68365806 -0.37845111 0.62400834
vn 0.49942140 -0.11505362 0.85868558
vn 0.54334735 0.01972912 0.83927613
vn 0.54368858 0.07569886 0.83586626
vn 0.63291784 0.06874154 0.77116121
vn 0.46615973 -0.66313046 0.58562197
vn 0.42785818 -0.69351797 0.57962937
vn 0.44504597 -0.70426577 0.55312188
vn 0.47545410 -0.67843143 0.56006624
vn 0.50798870 -0.64698807 0.56864218
vn 0.05081563 -0.91296490 0.40486154
vn 0.04500871 -0.91212976 0.40742301
vn 0.50525743 -0.62675694 0.59320373
vn 0.45877764 -0.65425338 0.60122841
vn 0.50556597 -0.61671898 0.60337447
vn 0.50511434 -0.61642403 0.60405374
vn 0.06196905 -0.84664895 0.52853135
vn -0.00557696 -0.81252231 0.58290342
vn -0.00069319 -0.81415576 0.58064612
vn 0.00301541 -0.81481483 0.57971347
vn 0.06218427 -0.73276199 0.67763780
vn 0.01146075 -0.66914182 0.74304635
vn 0.00154505 -0.81245933 0.58301582
vn 0.41227604 -0.68614120 0.59936526
vn 0.45093921 -0.65358759 0.60784627
vn 0.39694841 -0.68265960 0.61352085
vn 0.40759942 -0.64190113 0.64948106
vn 0.35378014 -0.66343151 0.65931650
vn 0.37760123 -0.67740970 0.63129502
vn 0.43471253 -0.65272628 0.62046226
vn 0.46292083 -0.61247280 0.64076623
vn 0.49476064 -0.61943491 0.60951809
vn 0.01327963 -0.67176580 0.74064456
vn 0.42182700 -0.59635779 0.68294903
vn 0.37368915 -0.62039849 0.68953762
vn 0.38189193 -0.56524543 0.73120186
vn 0.32816649 -0.63918424 0.69552157
vn 0.99346618 -0.04019551 0.10681418
vn 0.99166056 -0.07818975 0.10244852
vn 0.95502110 0.16753218 0.24467871
vn 0.97797638 0.00227008 0.20870326
vn 0.92539036 -0.37828016 -0.02359676
vn 0.90139849 -0.42900808 -0.05859035
vn 0.88613052 0.23290450 0.40065971
vn 0.79613512 -0.24529793 0.55317068
vn 0.89210083 0.23951975 0.38312712
vn 0.92004272 0.17111447 0.35247870
vn 0.95329252 0.16262662 0.25453086
vn 0.87443850 0.27082197 0.40250811
vn 0.95347969 0.16925252 0.24945955
vn 0.79929701 -0.25925659 0.54213496
vn 0.81385500 -0.19321924 0.54800216
vn 0.95392414 0.15496498 0.25693303
vn 0.79851954 0.29373183 0.52544092
vn 0.85952748 0.21597189 0.46321556
vn 0.81466643 -0.20993113 0.54059924
vn 0.79689869 0.30097942 0.52379754
vn 0.68562883 0.21672913 0.69493999
vn 0.79243516 0.25013419 0.55630874
vn 0.79962929 -0.23938899 0.55071400
vn 0.75498785 0.19416062 0.62633458
vn 0.79688392 0.24671714 0.55145868
vn 0.43505696 -0.87837633 0.19794055
vn 0.28001202 -0.94075545 0.19123924
vn 0.46040825 -0.87863449 0.12659257
vn 0.30388039 -0.94965444 0.07624405
vn 0.36264658 -0.93012818 -0.05787077
vn 0.58552017 -0.79539486 0.15656677
vn 0.56105828 -0.80769785 0.18121201
vn 0.49966270 -0.86499153 0.04611768
vn 0.60135138 -0.78848918 0.12907882
vn 0.43387244 -0.85861419 0.27301349
vn 0.53768188 -0.81214168 0.22654818
vn 0.45764089 -0.82057630 0.34237313
vn 0.52936932 -0.79773298 0.28877365
vn 0.30028069 -0.91242748 0.27804244
vn 0.37138236 -0.85584016 0.36001773
vn 0.57016880 -0.80353957 -0.17097279
vn 0.51013714 -0.81228002 -0.28277426
vn 0.57405149 -0.71028464 -0.40738264
vn 0.60285136 -0.72269842 -0.33804915
vn 0.63330443 -0.56143603 -0.53264912
vn 0.61678304 -0.78450421 -0.06427924
vn 0.62712885 -0.73091955 -0.26919512
vn 0.63449652 -0.57615224 -0.51523078
vn 0.63686758 -0.58999399 -0.49629304
vn 0.60699274 -0.79155889 0.07067064
vn 0.53548549 -0.84340866 -0.04378494
vn 0.43871306 -0.88196285 -0.17225671
vn 0.68459147 -0.23304360 -0.69067011
vn 0.71972747 -0.23312446 -0.65394599
vn 0.73908798 -0.10546129 -0.66530209
vn 0.69583779 -0.10378637 -0.71066037
vn 0.65544876 -0.23316108 -0.71834730
vn 0.66029068 -0.10300487 -0.74391277
vn 0.64775163 -0.39768856 -0.64981662
vn 0.66480499 -0.39240587 -0.63565082
vn 0.68549313 -0.38749610 -0.61639755
vn 0.56368026 -0.71729044 0.40958393
vn 0.54006229 -0.74167320 0.39781099
vn 0.50218245 -0.77335384 0.38695817
vn 0.46323515 -0.79783903 0.38583168
vn 0.54595033 -0.75921354 0.35430642
vn 0.58280830 -0.70030604 0.41219648
vn 0.62489372 -0.64695505 0.43698627
vn 0.63262616 -0.61999962 0.46409547
vn 0.49215513 -0.86813260 -0.06425819
vn 0.72784030 -0.67519577 -0.11982977
vn 0.63638020 -0.77134069 0.00733361
vn 0.50468171 -0.86288795 -0.02684690
vn 0.50610456 -0.86144564 -0.04206636
vn 0.80642371 -0.59106013 0.01813051
vn 0.72818242 -0.67490922 -0.11936460
vn 0.61314892 -0.66876748 0.42047409
vn 0.48016119 -0.87308762 -0.08463592
vn 0.42417178 -0.90517110 0.02726863
vn 0.32033178 -0.94649056 0.03928310
vn 0.30777045 -0.95113190 0.02500905
vn 0.83958009 -0.12065615 0.52966723
vn 0.82165991 -0.13821213 0.55296690
vn 0.82864472 -0.17404131 0.53203154
vn 0.81216218 -0.19490610 0.54991290
vn 0.82856028 -0.15660274 0.53755321
vn 0.83874990 -0.11030516 0.53322732
vn 0.84681534 -0.06341929 0.52809257
vn 0.84410848 -0.05693091 0.53314139
vn 0.80809447 -0.05672493 0.58631529
vn 0.82932546 -0.07243170 0.55405138
vn 0.26979077 -0.47390428 0.83822889
vn 0.33684226 -0.46248006 0.82015211
vn 0.35130388 -0.47147097 0.80888856
vn 0.28955540 -0.47391397 0.83160280
vn 0.30417286 -0.45201007 0.83854980
vn 0.42610065 -0.46638035 0.77519521
vn 0.36234710 -0.46561588 0.80740723
vn 0.23650327 -0.48102478 0.84420458
vn 0.26040741 -0.47684989 0.83952496
vn 0.27809706 -0.44627452 0.85058866
vn 0.21964242 -0.45976786 0.86044798
vn 0.25699863 -0.45077908 0.85483913
vn 0.22481037 -0.39260492 0.89180809
vn 0.32927269 -0.43476869 0.83818595
vn 0.26417855 -0.38505414 0.88427541
vn 0.33817474 -0.37040932 0.86512125
vn 0.00737682 -0.99350847 0.11351870
vn 0.20344262 -0.97067414 0.12807350
vn 0.30691236 -0.95163724 0.01383383
vn 0.14384479 -0.98803727 -0.05559710
vn 0.39783895 -0.91745117 -0.00274204
vn -0.09289853 -0.99154991 0.09054629
vn 0.05016491 -0.99269295 -0.10974604
vn 0.29662690 -0.95141877 -0.08255185
vn 0.23837758 -0.96102422 -0.14003062
vn -0.07659992 -0.90936827 0.40887871
vn -0.00643607 -0.91918164 0.39378127
vn 0.10305330 -0.74805032 0.65559190
vn -0.09203924 -0.90864803 0.40729294
vn 0.06672710 -0.73091962 0.67919364
vn 0.15537939 -0.92612267 0.34373542
vn 0.19968845 -0.78228245 0.59004973
vn 0.46716291 -0.86829330 -0.16680996
vn 0.49869053 -0.85775727 -0.12474064
vn 0.54013258 -0.78403492 -0.30585297
vn 0.52116816 -0.78673400 -0.33080714
vn 0.56410272 -0.62066527 -0.54457575
vn 0.45244230 -0.87106768 -0.19114669
vn 0.51297304 -0.78676939 -0.34329666
vn 0.55117748 -0.61996979 -0.55842712
vn 0.54589573 -0.61939016 -0.56422839
vn 0.36770652 -0.92084620 -0.12974665
vn 0.39679016 -0.91357986 -0.08904725
vn 0.45253965 -0.89135346 -0.02639819
vn 0.53743640 -0.22793354 -0.81191651
vn 0.54919661 -0.22945946 -0.80357416
vn 0.54542838 -0.09912738 -0.83227498
vn 0.53359586 -0.09812585 -0.84002784
vn 0.53295462 -0.22701421 -0.81512203
vn 0.52912383 -0.09734453 -0.84294247
vn 0.54338706 -0.40241820 -0.73674289
vn 0.54792426 -0.40310381 -0.73299817
vn 0.55957153 -0.40462704 -0.72329569
vn 0.28091898 -0.48400528 0.82874810
vn 0.33534810 -0.52500929 0.78224478
vn 0.22021204 -0.57832679 0.78552198
vn 0.28105594 -0.62232521 0.73056067
vn 0.19924791 -0.55737818 0.80599617
vn 0.26015814 -0.46484292 0.84630893
vn 0.30359886 -0.44482093 0.84259247
vn 0.27975076 -0.43042608 0.85818000
vn 0.35987173 -0.47581031 0.80255647
vn 0.30645390 -0.17616364 0.93544234
vn 0.37653070 -0.17154733 0.91038242
vn 0.35821759 -0.27524237 0.89214449
vn 0.28633560 -0.28451954 0.91491013
vn 0.24753407 -0.28891298 0.92480061
vn 0.26830627 -0.17848088 0.94665533
vn 0.27886627 -0.07675112 0.95725799
vn 0.31688327 -0.07567861 0.94544050
vn 0.38659313 -0.07429994 0.91925256
vn 0.81432620 -0.35644444 0.45806135
vn 0.69432473 -0.32681406 0.64117528
vn 0.90718559 -0.32775898 0.26379606
vn 0.74862060 0.28420169 0.59899632
vn 0.26936087 0.94911750 -0.16315847
vn 0.54130320 0.77193452 -0.33332858
vn 0.13021123 0.99055374 0.04299204
vn 0.27260140 0.95299245 0.13226441
vn 0.57354508 0.67472281 0.46453760
vn 0.61012570 0.72292914 0.32422228
vn 0.34406093 -0.10219590 0.93336921
vn 0.55644885 -0.26327389 0.78806823
vn 0.72057701 0.28798704 0.63073944
vn 0.67979278 0.25429017 0.68790863
vn 0.92319397 0.38431998 -0.00332427
vn 0.81049972 0.47569375 -0.34176844
vn 0.97519737 0.11814397 -0.18716863
vn 0.70115554 0.68424692 0.20046712
vn 0.81284391 0.54467083 0.20644241
vn 0.88192335 0.38769172 0.26815357
vn -0.10165022 0.48089120 0.87086789
vn 0.08211559 0.15290267 0.98482374
vn 0.59604236 0.26530187 0.75785778
vn 0.50301986 0.37308671 0.77960075
vn 0.43768237 0.50656941 0.74284694
vn 0.97987408 -0.19660565 0.03454000
vn 0.86737717 0.27997809 0.41142327
vn 0.79413350 0.26585141 0.54651168
vn 0.02765084 0.97212279 0.23283623
vn -0.06294596 0.90064239 0.42997801
vn 0.56310587 0.63803633 0.52518704
vn -0.14018250 0.76101454 0.63340804
vn 0.46375163 0.60490015 0.64732545
vn 0.53728364 0.62278071 0.56874465
vn 0.66323858 0.46881019 0.58337946
vn 0.66029118 0.48329525 0.57484020
vn 0.67626741 0.46038992 0.57506827
vn 0.66776004 0.44996522 0.59298216
vn 0.69115211 0.50863810 0.51341605
vn 0.81469002 0.35626476 0.45755392
vn 0.69266403 0.32566725 0.64355060
vn 0.74862080 -0.28420220 0.59899583
vn 0.90718573 0.32775850 0.26379618
vn 0.26936161 -0.94911719 -0.16315909
vn 0.54130405 -0.77193281 -0.33333116
vn 0.61012570 -0.72292914 0.32422228
vn 0.57354508 -0.67472281 0.46453760
vn 0.13020608 -0.99055417 0.04299785
vn 0.27260140 -0.95299245 0.13226441
vn 0.34390545 0.10200786 0.93344707
vn 0.55650958 0.26330249 0.78801579
vn 0.67979314 -0.25428967 0.68790846
vn 0.72057695 -0.28798715 0.63073946
vn 0.81049905 -0.47569391 -0.34176980
vn 0.97525968 -0.11763787 -0.18716275
vn 0.88192332 -0.38769068 0.26815519
vn 0.81284391 -0.54467083 0.20644241
vn 0.70115554 -0.68424692 0.20046712
vn -0.10168788 -0.48024620 0.87121935
vn 0.08198971 -0.15307290 0.98480779
vn 0.43768017 -0.50656828 0.74284901
vn 0.50301316 -0.37308367 0.77960652
vn 0.59604026 -0.26530075 0.75785983
vn 0.97988602 0.19655673 0.03447946
vn 0.79413375 -0.26585142 0.54651131
vn 0.86737706 -0.27997713 0.41142417
vn 0.02765754 -0.97212135 0.23284144
vn 0.56310587 -0.63803633 0.52518704
vn -0.06294721 -0.90064151 0.42997967
vn -0.14018250 -0.76101454 0.63340804
vn 0.53728370 -0.62278061 0.56874471
vn 0.46375131 -0.60490072 0.64732514
vn 0.66323877 -0.46880998 0.58337942
vn 0.66029173 -0.48329443 0.57484027
vn 0.67626789 -0.46039018 0.57506749
vn 0.66775968 -0.44996520 0.59298257
vn 0.69115240 -0.50863732 0.51341644
vn -0.98001262 -0.00000000 0.19893535
vn -0.10646683 -0.00000000 0.99431625
vn 0.95394409 -0.00000000 0.29998446
f 1//1 2//2 3//3
f 4//4 3//3 5//5
f 2//2 6//6 7//7
f 3//3 7//7 8//8
f 1//1 4//4 9//9
f 10//10 9//9 11//11
f 4//4 12//12 13//13
f 9//9 13//13 14//14
f 1//1 10//10 15//15
f 16//16 15//15 17//17
f 10//10 18//18 15//15
f 15//15 19//19 20//20
f 1//1 16//16 2//2
f 2//2 21//21 6//6
f 16//16 22//22 21//21
f 21//21 23//23 24//24
f 25//25 26//26 27//27
f 28//28 27//27 29//29
f 26//26 30//30 31//31
f 27//27 31//31 32//32
f 25//25 28//28 33//33
f 33//33 34//34 35//35
f 28//28 36//36 34//34
f 34//34 37//37 38//38
f 25//25 33//33 39//39
f 40//40 39//39 41//41
f 33//33 35//35 42//42
f 39//39 42//42 43//43
f 25//25 40//40 26//26
f 26//26 44//44 30//30
f 40//40 45//45 44//44
f 44//44 46//46 47//47
f 48//48 49//49 50//50
f 51//51 50//50 46//46
f 49//49 52//52 53//53
f 50//50 53//53 54//54
f 48//48 51//51 55//55
f 55//55 56//56 57//57
f 51//51 45//45 56//56
f 56//56 41//41 58//58
f 48//48 55//55 59//59
f 60//60 59//59 61//61
f 55//55 57//57 62//62
f 59//59 62//62 63//63
f 48//48 60//60 49//49
f 49//49 64//64 52//52
f 60//60 65//65 64//64
f 64//64 66//66 67//67
f 68//68 69//69 70//70
f 71//71 70//70 72//72
f 69//69 35//35 38//38
f 70//70 38//38 73//73
f 68//68 71//71 74//74
f 74//74 75//75 76//76
f 71//71 77//77 75//75
f 75//75 78//78 79//79
f 68//68 74//74 80//80
f 81//81 80//80 82//82
f 74//74 76//76 83//83
f 80//80 83//83 84//84
f 68//68 81//81 69//69
f 69//69 85//85 35//35
f 81//81 86//86 85//85
f 85//85 87//87 42//42
f 88//88 89//89 90//90
f 91//91 90//90 87//87
f 89//89 57//57 58//58
f 90//90 58//58 43//43
f 88//88 91//91 92//92
f 92//92 93//93 94//94
f 91//91 86//86 93//93
f 82//82 84//84 95//95
f 88//88 92//92 96//96
f 97//97 96//96 98//98
f 92//92 94//94 99//99
f 96//96 99//99 100//100
f 88//88 97//97 89//89
f 89//89 101//101 57//57
f 97//97 102//102 101//101
f 101//101 103//103 62//62
f 104//104 105//105 106//106
f 106//106 107//107 108//108
f 105//105 76//76 79//79
f 107//107 79//79 109//109
f 104//104 106//106 110//110
f 111//111 110//110 112//112
f 106//106 108//108 113//113
f 110//110 113//113 114//114
f 104//104 111//111 115//115
f 115//115 116//116 117//117
f 111//111 118//118 116//116
f 116//116 119//119 120//120
f 104//104 115//115 121//121
f 105//105 121//121 76//76
f 115//115 117//117 122//122
f 121//121 122//122 83//83
f 123//123 124//124 125//125
f 125//125 126//126 117//117
f 124//124 94//94 95//95
f 126//126 95//95 84//84
f 123//123 125//125 127//127
f 128//128 127//127 129//129
f 125//125 117//117 120//120
f 127//127 120//120 130//130
f 123//123 128//128 131//131
f 131//131 132//132 133//133
f 128//128 134//134 132//132
f 132//132 135//135 136//136
f 123//123 131//131 137//137
f 124//124 137//137 94//94
f 131//131 133//133 138//138
f 137//137 138//138 99//99
f 139//139 140//140 141//141
f 141//141 142//142 143//143
f 140//140 118//118 142//142
f 142//142 112//112 144//144
f 139//139 141//141 145//145
f 146//146 145//145 147//147
f 141//141 143//143 148//148
f 145//145 148//148 149//149
f 139//139 146//146 150//150
f 150//150 151//151 152//152
f 146//146 153//153 151//151
f 151//151 154//154 155//155
f 139//139 150//150 156//156
f 140//140 156//156 119//119
f 150//150 152//152 157//157
f 156//156 157//157 130//130
f 158//158 159//159 160//160
f 160//160 161//161 152//152
f 159//159 134//134 161//161
f 161//161 129//129 157//157
f 158//158 160//160 162//162
f 163//163 162//162 164//164
f 160//160 152//152 155//155
f 162//162 155//155 165//165
f 158//158 163//163 166//166
f 166//166 167//167 168//168
f 163//163 169//169 167//167
f 167//167 170//170 171//171
f 158//158 166//166 172//172
f 159//159 172//172 135//135
f 166//166 168//168 173//173
f 172//172 173//173 174//174
f 175//175 176//176 177//177
f 177//177 178//178 179//179
f 176//176 180//180 178//178
f 178//178 181//181 182//182
f 175//175 177//177 183//183
f 184//184 183//183 185//185
f 177//177 179//179 186//186
f 183//183 186//186 187//187
f 175//175 184//184 188//188
f 188//188 189//189 190//190
f 184//184 191//191 189//189
f 189//189 192//192 193//193
f 175//175 188//188 194//194
f 176//176 194//194 195//195
f 188//188 190//190 196//196
f 194//194 196//196 197//197
f 198//198 199//199 200//200
f 200//200 201//201 202//202
f 199//199 203//203 201//201
f 201//201 204//204 205//205
f 198//198 200//200 206//206
f 207//207 206//206 208//208
f 200//200 202//202 209//209
f 208//208 206//206 210//210
f 198//198 207//207 211//211
f 211//211 212//212 213//213
f 207//207 214//214 212//212
f 212//212 215//215 216//216
f 198//198 211//211 217//217
f 199//199 217//217 218//218
f 211//211 213//213 219//219
f 217//217 219//219 220//220
f 221//221 222//222 223//223
f 224//224 223//223 225//225
f 222//222 226//226 227//227
f 223//223 227//227 228//228
f 221//221 224//224 229//229
f 229//229 230//230 231//231
f 224//224 232//232 230//230
f 230//230 233//233 234//234
f 221//221 229//229 235//235
f 236//236 235//235 237//237
f 229//229 231//231 238//238
f 235//235 238//238 239//239
f 221//221 236//236 222//222
f 222//222 240//240 226//226
f 236//236 241//241 240//240
f 240//240 242//242 243//243
f 244//244 245//245 246//246
f 247//247 246//246 242//242
f 245//245 248//248 249//249
f 246//246 249//249 250//250
f 244//244 247//247 251//251
f 251//251 252//252 253//253
f 247//247 241//241 252//252
f 252//252 237//237 254//254
f 244//244 251//251 255//255
f 256//256 255//255 257//257
f 251//251 253//253 258//258
f 255//255 258//258 259//259
f 244//244 256//256 245//245
f 245//245 260//260 248//248
f 256//256 261//261 260//260
f 260//260 262//262 263//263
f 264//264 265//265 266//266
f 267//267 266//266 262//262
f 265//265 268//268 269//269
f 266//266 269//269 270//270
f 264//264 267//267 271//271
f 271//271 272//272 273//273
f 267//267 261//261 272//272
f 272//272 257//257 274//274
f 264//264 271//271 275//275
f 276//276 275//275 186//186
f 271//271 273//273 277//277
f 275//275 277//277 186//186
f 264//264 276//276 265//265
f 265//265 278//278 268//268
f 276//276 179//179 278//278
f 279//279 278//278 280//280
f 281//281 282//282 283//283
f 284//284 283//283 285//285
f 282//282 231//231 234//234
f 283//283 234//234 286//286
f 281//281 284//284 287//287
f 287//287 288//288 289//289
f 284//284 290//290 288//288
f 288//288 291//291 292//292
f 281//281 287//287 293//293
f 294//294 293//293 295//295
f 287//287 289//289 296//296
f 293//293 296//296 297//297
f 281//281 294//294 282//282
f 282//282 298//298 231//231
f 294//294 299//299 298//298
f 298//298 300//300 238//238
f 301//301 302//302 303//303
f 304//304 303//303 300//300
f 302//302 253//253 254//254
f 303//303 254//254 239//239
f 301//301 304//304 305//305
f 305//305 306//306 307//307
f 304//304 299//299 306//306
f 306//306 295//295 308//308
f 301//301 305//305 309//309
f 310//310 309//309 311//311
f 305//305 307//307 312//312
f 309//309 312//312 313//313
f 301//301 310//310 302//302
f 302//302 314//314 253//253
f 310//310 315//315 314//314
f 314//314 316//316 258//258
f 317//317 318//318 319//319
f 320//320 319//319 316//316
f 318//318 321//321 322//322
f 319//319 322//322 259//259
f 317//317 320//320 323//323
f 323//323 324//324 325//325
f 320//320 315//315 324//324
f 324//324 311//311 326//326
f 317//317 323//323 327//327
f 328//328 327//327 329//329
f 323//323 325//325 330//330
f 327//327 330//330 331//331
f 317//317 328//328 318//318
f 318//318 332//332 321//321
f 328//328 333//333 332//332
f 332//332 334//334 335//335
f 336//336 337//337 338//338
f 339//339 338//338 340//340
f 337//337 341//341 338//338
f 338//338 342//342 343//343
f 336//336 339//339 344//344
f 345//345 346//346 347//347
f 339//339 340//340 348//348
f 345//345 348//348 346//346
f 336//336 344//344 349//349
f 350//350 349//349 351//351
f 344//344 347//347 352//352
f 349//349 352//352 353//353
f 336//336 350//350 337//337
f 337//337 354//354 341//341
f 350//350 355//355 354//354
f 354//354 356//356 357//357
f 358//358 359//359 360//360
f 360//360 361//361 362//362
f 359//359 363//363 361//361
f 361//361 364//364 365//365
f 358//358 360//360 366//366
f 367//367 366//366 13//13
f 360//360 362//362 368//368
f 368//368 14//14 13//13
f 358//358 367//367 369//369
f 369//369 370//370 371//371
f 367//367 12//12 370//370
f 370//370 5//5 372//372
f 358//358 369//369 373//373
f 359//359 373//373 374//374
f 369//369 371//371 375//375
f 373//373 375//375 374//374
f 376//376 377//377 378//378
f 379//379 378//378 380//380
f 377//377 381//381 382//382
f 378//378 382//382 383//383
f 376//376 379//379 384//384
f 384//384 385//385 386//386
f 379//379 387//387 385//385
f 385//385 388//388 389//389
f 376//376 384//384 390//390
f 391//391 390//390 392//392
f 384//384 386//386 393//393
f 390//390 393//393 394//394
f 376//376 391//391 377//377
f 377//377 395//395 381//381
f 391//391 396//396 397//397
f 395//395 397//397 398//398
f 399//399 400//400 401//401
f 402//402 401//401 403//403
f 400//400 347//347 346//346
f 401//401 346//346 404//404
f 399//399 402//402 405//405
f 405//405 406//406 407//407
f 402//402 408//408 406//406
f 406//406 409//409 410//410
f 399//399 405//405 411//411
f 412//412 411//411 413//413
f 405//405 407//407 414//414
f 411//411 414//414 413//413
f 399//399 412//412 400//400
f 400//400 415//415 347//347
f 412//412 416//416 415//415
f 415//415 417//417 352//352
f 418//418 419//419 420//420
f 420//420 421//421 422//422
f 419//419 355//355 421//421
f 421//421 351//351 423//423
f 418//418 420//420 424//424
f 425//425 424//424 388//388
f 420//420 422//422 426//426
f 424//424 426//426 427//427
f 418//418 425//425 428//428
f 428//428 429//429 430//430
f 425//425 387//387 429//429
f 429//429 380//380 431//431
f 418//418 428//428 432//432
f 419//419 432//432 356//356
f 428//428 430//430 433//433
f 432//432 433//433 434//434
f 435//435 436//436 437//437
f 438//438 437//437 439//439
f 436//436 440//440 437//437
f 437//437 441//441 442//442
f 435//435 438//438 443//443
f 443//443 444//444 445//445
f 438//438 439//439 444//444
f 444//444 446//446 447//447
f 435//435 443//443 448//448
f 449//449 448//448 450//450
f 443//443 445//445 451//451
f 448//448 451//451 450//450
f 435//435 449//449 436//436
f 436//436 452//452 440//440
f 449//449 453//453 452//452
f 452//452 454//454 455//455
f 456//456 457//457 458//458
f 458//458 459//459 460//460
f 457//457 461//461 462//462
f 459//459 462//462 463//463
f 456//456 458//458 464//464
f 465//465 464//464 466//466
f 458//458 467//467 468//468
f 464//464 468//468 469//469
f 456//456 465//465 470//470
f 470//470 471//471 386//386
f 465//465 472//472 471//471
f 471//471 473//473 393//393
f 456//456 470//470 474//474
f 457//457 474//474 475//475
f 470//470 386//386 389//389
f 474//474 389//389 427//427
f 476//476 477//477 478//478
f 479//479 478//478 480//480
f 477//477 481//481 482//482
f 478//478 482//482 483//483
f 476//476 479//479 484//484
f 484//484 485//485 486//486
f 479//479 487//487 485//485
f 485//485 488//488 489//489
f 476//476 484//484 490//490
f 491//491 490//490 492//492
f 484//484 486//486 493//493
f 490//490 493//493 494//494
f 476//476 491//491 477//477
f 477//477 495//495 481//481
f 491//491 492//492 496//496
f 495//495 496//496 497//497
f 498//498 499//499 500//500
f 501//501 500//500 451//451
f 499//499 502//502 503//503
f 500//500 503//503 504//504
f 498//498 501//501 505//505
f 506//506 505//505 507//507
f 501//501 445//445 447//447
f 505//505 447//447 508//508
f 498//498 506//506 509//509
f 510//510 509//509 511//511
f 506//506 512//512 509//509
f 509//509 513//513 511//511
f 498//498 510//510 499//499
f 499//499 514//514 502//502
f 510//510 515//515 514//514
f 514//514 516//516 517//517
f 518//518 519//519 520//520
f 520//520 521//521 522//522
f 519//519 523//523 521//521
f 521//521 524//524 525//525
f 518//518 520//520 526//526
f 526//526 527//527 528//528
f 520//520 522//522 529//529
f 527//527 529//529 530//530
f 518//518 526//526 531//531
f 532//532 531//531 533//533
f 526//526 528//528 534//534
f 531//531 534//534 535//535
f 518//518 532//532 519//519
f 519//519 536//536 537//537
f 532//532 538//538 536//536
f 536//536 539//539 537//537
f 540//540 541//541 542//542
f 543//543 542//542 544//544
f 541//541 545//545 546//546
f 542//542 546//546 547//547
f 540//540 543//543 548//548
f 548//548 549//549 550//550
f 543//543 551//551 549//549
f 549//549 552//552 553//553
f 540//540 548//548 554//554
f 555//555 554//554 23//23
f 548//548 550//550 556//556
f 554//554 556//556 557//557
f 540//540 555//555 541//541
f 541//541 558//558 545//545
f 555//555 22//22 558//558
f 558//558 17//17 559//559
f 560//560 561//561 562//562
f 563//563 562//562 564//564
f 561//561 486//486 489//489
f 562//562 489//489 565//565
f 560//560 563//563 566//566
f 566//566 567//567 441//441
f 563//563 564//564 568//568
f 567//567 568//568 569//569
f 560//560 566//566 570//570
f 571//571 570//570 572//572
f 566//566 440//440 455//455
f 570//570 455//455 573//573
f 560//560 571//571 561//561
f 561//561 574//574 486//486
f 571//571 575//575 574//574
f 574//574 576//576 493//493
f 577//577 578//578 579//579
f 580//580 579//579 581//581
f 578//578 582//582 583//583
f 579//579 583//583 584//584
f 577//577 580//580 585//585
f 585//585 586//586 481//481
f 580//580 587//587 586//586
f 586//586 588//588 482//482
f 577//577 585//585 589//589
f 590//590 589//589 591//591
f 585//585 481//481 592//592
f 589//589 592//592 591//591
f 577//577 590//590 578//578
f 578//578 593//593 582//582
f 590//590 594//594 593//593
f 593//593 595//595 596//596
f 597//597 598//598 599//599
f 600//600 599//599 601//601
f 598//598 153//153 599//599
f 599//599 147//147 601//601
f 597//597 600//600 602//602
f 602//602 603//603 604//604
f 600//600 605//605 603//603
f 603//603 606//606 607//607
f 597//597 602//602 608//608
f 609//609 608//608 610//610
f 602//602 604//604 611//611
f 608//608 611//611 612//612
f 597//597 609//609 598//598
f 598//598 613//613 154//154
f 609//609 614//614 615//615
f 613//613 615//615 165//165
f 616//616 617//617 618//618
f 618//618 619//619 614//614
f 617//617 169//169 619//619
f 619//619 164//164 615//615
f 616//616 618//618 620//620
f 620//620 621//621 622//622
f 618//618 614//614 621//621
f 621//621 610//610 623//623
f 616//616 620//620 624//624
f 625//625 624//624 626//626
f 620//620 622//622 627//627
f 624//624 627//627 628//628
f 616//616 625//625 629//629
f 617//617 629//629 170//170
f 625//625 626//626 630//630
f 629//629 630//630 631//631
f 632//632 633//633 634//634
f 635//635 634//634 636//636
f 633//633 604//604 607//607
f 634//634 607//607 637//637
f 632//632 635//635 638//638
f 638//638 639//639 640//640
f 635//635 641//641 639//639
f 639//639 642//642 643//643
f 632//632 638//638 644//644
f 645//645 644//644 646//646
f 638//638 640//640 647//647
f 644//644 647//647 646//646
f 632//632 645//645 633//633
f 633//633 648//648 604//604
f 645//645 649//649 648//648
f 648//648 650//650 611//611
f 651//651 652//652 653//653
f 653//653 654//654 650//650
f 652//652 622//622 623//623
f 654//654 623//623 612//612
f 651//651 653//653 655//655
f 656//656 655//655 657//657
f 653//653 649//649 646//646
f 655//655 646//646 658//658
f 651//651 656//656 659//659
f 659//659 660//660 661//661
f 656//656 662//662 660//660
f 660//660 663//663 664//664
f 651//651 659//659 665//665
f 652//652 665//665 622//622
f 659//659 661//661 666//666
f 665//665 666//666 628//628
f 667//667 668//668 669//669
f 669//669 670//670 671//671
f 668//668 640//640 670//670
f 670//670 643//643 672//672
f 667//667 669//669 673//673
f 674//674 673//673 675//675
f 669//669 671//671 676//676
f 673//673 676//676 677//677
f 667//667 674//674 678//678
f 678//678 679//679 680//680
f 674//674 681//681 679//679
f 679//679 682//682 683//683
f 667//667 678//678 684//684
f 668//668 684//684 647//647
f 678//678 680//680 685//685
f 684//684 685//685 658//658
f 686//686 687//687 688//688
f 688//688 689//689 680//680
f 687//687 662//662 689//689
f 689//689 657//657 685//685
f 686//686 688//688 690//690
f 691//691 690//690 692//692
f 688//688 680//680 683//683
f 690//690 683//683 693//693
f 686//686 691//691 694//694
f 694//694 695//695 696//696
f 691//691 697//697 695//695
f 695//695 698//698 699//699
f 686//686 694//694 700//700
f 687//687 700//700 663//663
f 694//694 696//696 701//701
f 700//700 701//701 702//702
f 703//703 704//704 705//705
f 705//705 706//706 707//707
f 704//704 681//681 706//706
f 706//706 675//675 708//708
f 703//703 705//705 709//709
f 710//710 709//709 190//190
f 705//705 707//707 711//711
f 709//709 711//711 196//196
f 703//703 710//710 712//712
f 712//712 713//713 714//714
f 710//710 190//190 193//193
f 713//713 193//193 715//715
f 703//703 712//712 716//716
f 704//704 716//716 682//682
f 712//712 714//714 717//717
f 716//716 717//717 693//693
f 718//718 719//719 720//720
f 720//720 721//721 714//714
f 719//719 697//697 721//721
f 721//721 692//692 717//717
f 718//718 720//720 722//722
f 723//723 722//722 202//202
f 720//720 714//714 722//722
f 722//722 715//715 209//209
f 718//718 723//723 724//724
f 724//724 725//725 726//726
f 723//723 202//202 725//725
f 725//725 727//727 728//728
f 718//718 724//724 729//729
f 719//719 729//729 698//698
f 724//724 726//726 730//730
f 729//729 730//730 731//731
f 732//732 733//733 734//734
f 735//735 734//734 736//736
f 733//733 737//737 738//738
f 734//734 738//738 739//739
f 732//732 735//735 740//740
f 740//740 741//741 742//742
f 735//735 743//743 741//741
f 741//741 744//744 745//745
f 732//732 740//740 746//746
f 746//746 747//747 748//748
f 740//740 742//742 747//747
f 747//747 749//749 750//750
f 732//732 746//746 751//751
f 733//733 751//751 752//752
f 746//746 748//748 753//753
f 751//751 753//753 754//754
f 755//755 756//756 757//757
f 757//757 758//758 213//213
f 756//756 759//759 758//758
f 758//758 760//760 219//219
f 755//755 757//757 761//761
f 762//762 761//761 763//763
f 757//757 213//213 216//216
f 761//761 216//216 764//764
f 755//755 762//762 765//765
f 765//765 766//766 767//767
f 762//762 768//768 766//766
f 766//766 769//769 770//770
f 755//755 765//765 771//771
f 756//756 771//771 772//772
f 765//765 767//767 773//773
f 771//771 773//773 774//774
f 775//775 776//776 777//777
f 777//777 778//778 779//779
f 776//776 768//768 778//778
f 778//778 763//763 780//780
f 775//775 777//777 781//781
f 782//782 781//781 783//783
f 777//777 779//779 781//781
f 781//781 784//784 785//785
f 775//775 782//782 786//786
f 786//786 787//787 788//788
f 787//787 782//782 789//789
f 787//787 789//789 790//790
f 775//775 786//786 791//791
f 776//776 791//791 769//769
f 786//786 788//788 792//792
f 791//791 792//792 793//793
f 794//794 795//795 796//796
f 797//797 796//796 798//798
f 795//795 783//783 785//785
f 796//796 785//785 799//799
f 794//794 797//797 800//800
f 800//800 801//801 802//802
f 797//797 803//803 801//801
f 801//801 804//804 805//805
f 794//794 800//800 806//806
f 807//807 806//806 808//808
f 800//800 802//802 809//809
f 806//806 809//809 739//739
f 794//794 807//807 795//795
f 795//795 810//810 783//783
f 807//807 811//811 810//810
f 810//810 812//812 789//789
f 813//813 814//814 815//815
f 815//815 816//816 817//817
f 814//814 818//818 816//816
f 816//816 819//819 820//820
f 813//813 815//815 821//821
f 822//822 821//821 823//823
f 815//815 817//817 824//824
f 821//821 824//824 754//754
f 813//813 822//822 825//825
f 825//825 826//826 827//827
f 822//822 828//828 826//826
f 826//826 829//829 830//830
f 813//813 825//825 831//831
f 814//814 831//831 832//832
f 825//825 827//827 833//833
f 831//831 833//833 834//834
f 835//835 836//836 837//837
f 838//838 837//837 277//277
f 836//836 839//839 840//840
f 837//837 840//840 187//187
f 835//835 838//838 841//841
f 841//841 842//842 321//321
f 838//838 273//273 842//842
f 842//842 274//274 322//322
f 835//835 841//841 843//843
f 844//844 843//843 804//804
f 841//841 321//321 335//335
f 843//843 335//335 845//845
f 835//835 844//844 836//836
f 836//836 846//846 839//839
f 844//844 803//803 846//846
f 846//846 798//798 847//847
f 848//848 849//849 850//850
f 850//850 851//851 191//191
f 849//849 214//214 851//851
f 851//851 208//208 192//192
f 848//848 850//850 852//852
f 853//853 852//852 839//839
f 850//850 191//191 185//185
f 852//852 185//185 840//840
f 848//848 853//853 854//854
f 854//854 855//855 784//784
f 853//853 839//839 847//847
f 855//855 847//847 799//799
f 848//848 854//854 856//856
f 849//849 856//856 215//215
f 854//854 779//779 780//780
f 856//856 780//780 764//764
f 857//857 858//858 859//859
f 860//860 859//859 861//861
f 858//858 232//232 859//859
f 859//859 225//225 861//861
f 857//857 860//860 862//862
f 862//862 863//863 864//864
f 860//860 865//865 863//863
f 863//863 866//866 867//867
f 857//857 862//862 868//868
f 869//869 868//868 870//870
f 862//862 864//864 871//871
f 868//868 871//871 872//872
f 857//857 869//869 858//858
f 858//858 873//873 232//232
f 869//869 874//874 873//873
f 873//873 875//875 233//233
f 876//876 877//877 878//878
f 879//879 878//878 875//875
f 877//877 880//880 881//881
f 878//878 881//881 286//286
f 876//876 879//879 882//882
f 882//882 883//883 884//884
f 879//879 874//874 883//883
f 883//883 870//870 885//885
f 876//876 882//882 886//886
f 887//887 886//886 888//888
f 882//882 884//884 889//889
f 886//886 889//889 890//890
f 876//876 887//887 877//877
f 877//877 891//891 880//880
f 887//887 892//892 891//891
f 893//893 891//891 894//894
f 895//895 896//896 897//897
f 898//898 897//897 899//899
f 896//896 900//900 901//901
f 897//897 901//901 834//834
f 895//895 898//898 902//902
f 902//902 903//903 904//904
f 898//898 905//905 903//903
f 903//903 906//906 904//904
f 895//895 902//902 907//907
f 908//908 907//907 909//909
f 902//902 910//910 907//907
f 909//909 907//907 911//911
f 895//895 908//908 896//896
f 896//896 912//912 900//900
f 908//908 913//913 912//912
f 912//912 914//914 915//915
f 916//916 917//917 918//918
f 919//919 918//918 920//920
f 917//917 864//864 867//867
f 918//918 867//867 921//921
f 916//916 919//919 922//922
f 922//922 923//923 924//924
f 919//919 925//925 923//923
f 923//923 926//926 927//927
f 916//916 922//922 928//928
f 929//929 928//928 930//930
f 922//922 924//924 931//931
f 928//928 931//931 932//932
f 916//916 929//929 917//917
f 917//917 933//933 864//864
f 929//929 934//934 933//933
f 933//933 935//935 871//871
f 936//936 937//937 938//938
f 939//939 938//938 935//935
f 937//937 940//940 941//941
f 938//938 941//941 872//872
f 936//936 939//939 942//942
f 942//942 943//943 944//944
f 939//939 934//934 943//943
f 943//943 930//930 945//945
f 936//936 942//942 946//946
f 947//947 946//946 948//948
f 942//942 944//944 949//949
f 946//946 949//949 950//950
f 936//936 947//947 937//937
f 937//937 951//951 940//940
f 947//947 952//952 951//951
f 951//951 953//953 954//954
f 955//955 956//956 957//957
f 958//958 957//957 812//812
f 956//956 959//959 960//960
f 957//957 960//960 961//961
f 955//955 958//958 962//962
f 962//962 963//963 737//737
f 958//958 811//811 963//963
f 963//963 808//808 738//738
f 955//955 962//962 964//964
f 964//964 965//965 817//817
f 962//962 737//737 965//965
f 965//965 752//752 824//824
f 955//955 964//964 956//956
f 956//956 966//966 959//959
f 964//964 817//817 966//966
f 966//966 820//820 967//967
f 968//968 969//969 970//970
f 971//971 970//970 524//524
f 969//969 924//924 927//927
f 970//970 927//927 972//972
f 968//968 971//971 973//973
f 973//973 974//974 975//975
f 971//971 523//523 974//974
f 974//974 537//537 976//976
f 968//968 973//973 977//977
f 978//978 977//977 979//979
f 973//973 975//975 980//980
f 980//980 981//981 977//977
f 968//968 978//978 969//969
f 969//969 982//982 924//924
f 978//978 983//983 982//982
f 982//982 984//984 931//931
f 985//985 986//986 987//987
f 988//988 987//987 984//984
f 986//986 944//944 945//945
f 987//987 945//945 932//932
f 985//985 988//988 989//989
f 989//989 990//990 991//991
f 988//988 983//983 990//990
f 990//990 979//979 992//992
f 985//985 989//989 993//993
f 994//994 993//993 995//995
f 989//989 991//991 996//996
f 993//993 996//996 997//997
f 985//985 994//994 986//986
f 986//986 998//998 944//944
f 994//994 999//999 998//998
f 998//998 1000//1000 949//949
f 1001//1001 1002//1002 1003//1003
f 1003//1003 1004//1004 1005//1005
f 1002//1002 1006//1006 1004//1004
f 1004//1004 1007//1007 1008//1008
f 1001//1001 1003//1003 1009//1009
f 1010//1010 1009//1009 1011//1011
f 1003//1003 1005//1005 1012//1012
f 1009//1009 1012//1012 1013//1013
f 1001//1001 1010//1010 1014//1014
f 1014//1014 1015//1015 1016//1016
f 1010//1010 1017//1017 1015//1015
f 1015//1015 1018//1018 1019//1019
f 1001//1001 1014//1014 1020//1020
f 1002//1002 1020//1020 1021//1021
f 1014//1014 1016//1016 1022//1022
f 1020//1020 1022//1022 1023//1023
f 1024//1024 1025//1025 1026//1026
f 1026//1026 1027//1027 1028//1028
f 1025//1025 975//975 1027//1027
f 1027//1027 1029//1029 1030//1030
f 1024//1024 1026//1026 1031//1031
f 1032//1032 1031//1031 30//30
f 1026//1026 1028//1028 1033//1033
f 1031//1031 1033//1033 31//31
f 1024//1024 1032//1032 1034//1034
f 1035//1035 1034//1034 1036//1036
f 1032//1032 30//30 47//47
f 1034//1034 47//47 54//54
f 1024//1024 1035//1035 1037//1037
f 1025//1025 1037//1037 980//980
f 1035//1035 1038//1038 1039//1039
f 1037//1037 1039//1039 981//981
f 1040//1040 1041//1041 1042//1042
f 1043//1043 1042//1042 1039//1039
f 1041//1041 991//991 992//992
f 1042//1042 992//992 981//981
f 1040//1040 1043//1043 1044//1044
f 1044//1044 1045//1045 52//52
f 1043//1043 1038//1038 1045//1045
f 1045//1045 1036//1036 53//53
f 1040//1040 1044//1044 1046//1046
f 1047//1047 1046//1046 1048//1048
f 1044//1044 52//52 67//67
f 1046//1046 67//67 1049//1049
f 1040//1040 1047//1047 1041//1041
f 1041//1041 1050//1050 991//991
f 1047//1047 1051//1051 1050//1050
f 1050//1050 1052//1052 996//996
f 1053//1053 1054//1054 1055//1055
f 1056//1056 1055//1055 334//334
f 1054//1054 802//802 805//805
f 1055//1055 805//805 845//845
f 1053//1053 1056//1056 1057//1057
f 1057//1057 1058//1058 1059//1059
f 1056//1056 333//333 1058//1058
f 1058//1058 329//329 1060//1060
f 1053//1053 1057//1057 1061//1061
f 1062//1062 1061//1061 744//744
f 1057//1057 1059//1059 1063//1063
f 1061//1061 1063//1063 1064//1064
f 1053//1053 1062//1062 1054//1054
f 1054//1054 1065//1065 802//802
f 1062//1062 743//743 1065//1065
f 1065//1065 736//736 809//809
f 1066//1066 1067//1067 1068//1068
f 1068//1068 1069//1069 1070//1070
f 1067//1067 1071//1071 1072//1072
f 1069//1069 1072//1072 1073//1073
f 1066//1066 1068//1068 1074//1074
f 1075//1075 1074//1074 1076//1076
f 1068//1068 1077//1077 1078//1078
f 1074//1074 1078//1078 1079//1079
f 1066//1066 1075//1075 1080//1080
f 1080//1080 1081//1081 1082//1082
f 1075//1075 1083//1083 1081//1081
f 1081//1081 1084//1084 1085//1085
f 1066//1066 1080//1080 1086//1086
f 1067//1067 1086//1086 1087//1087
f 1080//1080 1082//1082 1088//1088
f 1086//1086 1088//1088 1089//1089
f 1090//1090 1091//1091 1092//1092
f 1092//1092 1093//1093 1094//1094
f 1091//1091 1095//1095 1093//1093
f 1093//1093 1096//1096 1097//1097
f 1090//1090 1092//1092 1098//1098
f 1099//1099 1098//1098 1100//1100
f 1092//1092 1094//1094 1101//1101
f 1098//1098 1101//1101 1100//1100
f 1090//1090 1099//1099 1102//1102
f 1102//1102 1103//1103 1104//1104
f 1099//1099 1105//1105 1103//1103
f 1103//1103 1106//1106 1107//1107
f 1090//1090 1102//1102 1108//1108
f 1091//1091 1108//1108 1109//1109
f 1102//1102 1104//1104 1110//1110
f 1108//1108 1110//1110 1111//1111
f 1112//1112 1113//1113 1114//1114
f 1115//1115 1114//1114 1116//1116
f 1113//1113 1117//1117 1118//1118
f 1114//1114 1118//1118 1119//1119
f 1112//1112 1115//1115 1120//1120
f 1120//1120 1121//1121 1122//1122
f 1115//1115 1116//1116 1121//1121
f 1121//1121 1123//1123 1124//1124
f 1112//1112 1120//1120 1125//1125
f 1126//1126 1125//1125 1127//1127
f 1120//1120 1122//1122 1128//1128
f 1125//1125 1128//1128 1129//1129
f 1112//1112 1126//1126 1113//1113
f 1113//1113 1130//1130 1117//1117
f 1126//1126 1131//1131 1130//1130
f 1132//1132 1130//1130 1133//1133
f 1134//1134 1135//1135 1136//1136
f 1136//1136 1137//1137 748//748
f 1135//1135 828//828 1137//1137
f 1137//1137 823//823 753//753
f 1134//1134 1136//1136 1138//1138
f 1139//1139 1138//1138 1140//1140
f 1136//1136 748//748 750//750
f 1138//1138 750//750 1141//1141
f 1134//1134 1139//1139 1142//1142
f 1142//1142 1143//1143 1116//1116
f 1139//1139 1144//1144 1143//1143
f 1143//1143 1145//1145 1123//1123
f 1134//1134 1142//1142 1146//1146
f 1135//1135 1146//1146 829//829
f 1142//1142 1116//1116 1119//1119
f 1146//1146 1119//1119 1147//1147
f 1148//1148 1149//1149 1150//1150
f 1151//1151 1152//1152 1153//1153
f 1149//1149 1154//1154 1155//1155
f 1150//1150 1155//1155 1156//1156
f 1148//1148 1152//1152 1157//1157
f 1157//1157 1158//1158 1159//1159
f 1152//1152 1151//1151 1158//1158
f 1158//1158 1160//1160 1161//1161
f 1148//1148 1157//1157 1162//1162
f 1163//1163 1162//1162 1164//1164
f 1157//1157 1159//1159 1165//1165
f 1162//1162 1165//1165 1166//1166
f 1148//1148 1163//1163 1149//1149
f 1149//1149 1167//1167 1154//1154
f 1163//1163 1168//1168 1167//1167
f 1167//1167 1169//1169 1170//1170
f 1171//1171 1172//1172 1173//1173
f 1174//1174 1173//1173 1175//1175
f 1172//1172 1176//1176 1177//1177
f 1173//1173 1177//1177 1178//1178
f 1171//1171 1174//1174 1179//1179
f 1179//1179 1180//1180 1181//1181
f 1174//1174 1182//1182 1180//1180
f 1180//1180 1183//1183 1184//1184
f 1171//1171 1179//1179 1185//1185
f 1186//1186 1185//1185 1187//1187
f 1179//1179 1181//1181 1188//1188
f 1185//1185 1188//1188 1133//1133
f 1171//1171 1186//1186 1172//1172
f 1172//1172 1189//1189 1176//1176
f 1186//1186 1131//1131 1189//1189
f 1189//1189 1127//1127 1190//1190
f 1191//1191 1192//1192 1193//1193
f 1194//1194 1193//1193 1195//1195
f 1192//1192 1196//1196 1193//1193
f 1193//1193 1197//1197 1198//1198
f 1191//1191 1194//1194 1199//1199
f 1199//1199 1200//1200 1201//1201
f 1194//1194 1202//1202 1200//1200
f 1200//1200 1203//1203 1204//1204
f 1191//1191 1199//1199 1205//1205
f 1206//1206 1205//1205 1207//1207
f 1199//1199 1201//1201 1208//1208
f 1205//1205 1208//1208 1209//1209
f 1191//1191 1206//1206 1210//1210
f 1192//1192 1210//1210 1211//1211
f 1206//1206 1207//1207 1212//1212
f 1210//1210 1212//1212 1213//1213
f 1214//1214 1215//1215 1216//1216
f 1216//1216 1217//1217 1218//1218
f 1219//1219 1217//1217 1215//1215
f 1220//1220 1217//1217 1219//1219
f 1221//1221 1222//1222 1217//1217
f 1223//1223 1224//1224 1222//1222
f 1222//1222 1221//1221 1225//1225
f 1214//1214 1216//1216 1226//1226
f 1226//1226 1227//1227 1228//1228
f 1216//1216 1218//1218 1229//1229
f 1227//1227 1229//1229 1230//1230
f 1214//1214 1226//1226 1231//1231
f 1232//1232 1231//1231 1233//1233
f 1226//1226 1228//1228 1234//1234
f 1231//1231 1234//1234 1235//1235
f 1214//1214 1232//1232 1236//1236
f 1215//1215 1237//1237 1238//1238
f 1238//1238 1239//1239 1215//1215
f 1215//1215 1236//1236 1237//1237
f 1236//1236 1232//1232 1240//1240
f 1236//1236 1240//1240 1241//1241
f 1242//1242 1243//1243 1244//1244
f 1244//1244 1245//1245 827//827
f 1243//1243 905//905 1245//1245
f 1245//1245 899//899 833//833
f 1242//1242 1244//1244 1246//1246
f 1247//1247 1246//1246 1118//1118
f 1244//1244 827//827 830//830
f 1246//1246 830//830 1147//1147
f 1242//1242 1247//1247 1248//1248
f 1248//1248 1249//1249 1181//1181
f 1247//1247 1117//1117 1249//1249
f 1249//1249 1132//1132 1188//1188
f 1242//1242 1248//1248 1250//1250
f 1243//1243 1250//1250 906//906
f 1248//1248 1181//1181 1184//1184
f 1250//1250 1184//1184 1251//1251
f 1252//1252 1253//1253 1254//1254
f 1255//1255 1254//1254 1256//1256
f 1253//1253 1257//1257 1254//1254
f 1254//1254 1258//1258 1256//1256
f 1252//1252 1255//1255 1259//1259
f 1259//1259 1260//1260 1261//1261
f 1255//1255 892//892 1260//1260
f 1260//1260 888//888 1262//1262
f 1252//1252 1259//1259 1263//1263
f 1264//1264 1263//1263 1265//1265
f 1259//1259 1261//1261 1266//1266
f 1263//1263 1266//1266 1267//1267
f 1252//1252 1264//1264 1268//1268
f 1253//1253 1268//1268 1269//1269
f 1264//1264 1270//1270 1271//1271
f 1268//1268 1271//1271 1272//1272
f 1273//1273 1274//1274 1275//1275
f 1275//1275 1276//1276 940//940
f 1274//1274 884//884 885//885
f 1276//1276 885//885 941//941
f 1273//1273 1275//1275 1277//1277
f 1278//1278 1277//1277 1279//1279
f 1275//1275 940//940 954//954
f 1277//1277 954//954 1280//1280
f 1273//1273 1278//1278 1281//1281
f 1281//1281 1282//1282 1261//1261
f 1278//1278 1283//1283 1282//1282
f 1282//1282 1284//1284 1266//1266
f 1273//1273 1281//1281 1285//1285
f 884//884 1274//1274 889//889
f 1281//1281 1261//1261 1262//1262
f 1285//1285 1262//1262 890//890
f 1286//1286 1287//1287 1288//1288
f 1289//1289 1288//1288 291//291
f 1287//1287 1290//1290 1291//1291
f 1288//1288 1291//1291 1292//1292
f 1286//1286 1289//1289 1293//1293
f 1293//1293 1294//1294 880//880
f 1289//1289 290//290 1294//1294
f 1294//1294 285//285 881//881
f 1286//1286 1293//1293 1295//1295
f 1296//1296 1295//1295 1258//1258
f 1293//1293 880//880 893//893
f 1295//1295 893//893 894//894
f 1286//1286 1296//1296 1287//1287
f 1287//1287 1297//1297 1290//1290
f 1296//1296 1257//1257 1297//1297
f 1297//1297 1269//1269 1298//1298
f 1299//1299 1300//1300 1301//1301
f 1302//1302 1301//1301 1303//1303
f 1300//1300 1304//1304 1305//1305
f 1301//1301 1305//1305 1306//1306
f 1299//1299 1302//1302 1307//1307
f 1307//1307 1308//1308 492//492
f 1302//1302 1309//1309 1308//1308
f 1308//1308 1310//1310 496//496
f 1299//1299 1307//1307 1311//1311
f 1312//1312 1311//1311 576//576
f 1307//1307 492//492 1313//1313
f 1311//1311 1313//1313 494//494
f 1299//1299 1312//1312 1300//1300
f 1300//1300 1314//1314 1304//1304
f 1312//1312 575//575 1314//1314
f 1314//1314 572//572 1315//1315
f 1316//1316 1317//1317 1318//1318
f 1319//1319 1318//1318 1320//1320
f 1317//1317 1321//1321 1318//1318
f 1318//1318 1322//1322 398//398
f 1316//1316 1319//1319 1323//1323
f 1323//1323 1324//1324 1304//1304
f 1319//1319 1325//1325 1324//1324
f 1324//1324 1326//1326 1305//1305
f 1316//1316 1323//1323 1327//1327
f 1328//1328 1327//1327 454//454
f 1323//1323 1304//1304 1315//1315
f 1327//1327 1315//1315 573//573
f 1316//1316 1328//1328 1317//1317
f 1317//1317 1329//1329 1330//1330
f 1328//1328 453//453 1329//1329
f 1329//1329 450//450 504//504
f 1331//1331 1332//1332 1333//1333
f 1334//1334 1333//1333 1335//1335
f 1332//1332 430//430 431//431
f 1333//1333 431//431 383//383
f 1331//1331 1334//1334 1336//1336
f 1336//1336 1337//1337 1338//1338
f 1334//1334 1339//1339 1337//1337
f 1337//1337 1340//1340 1341//1341
f 1331//1331 1336//1336 1342//1342
f 1343//1343 1342//1342 1344//1344
f 1336//1336 1338//1338 1345//1345
f 1342//1342 1345//1345 1346//1346
f 1331//1331 1343//1343 1332//1332
f 1347//1347 433//433 430//430
f 1343//1343 1348//1348 1347//1347
f 1347//1347 1349//1349 433//433
f 1350//1350 1351//1351 1352//1352
f 1352//1352 1353//1353 375//375
f 1351//1351 1354//1354 1355//1355
f 1353//1353 1355//1355 1356//1356
f 1350//1350 1352//1352 1357//1357
f 1358//1358 1357//1357 1359//1359
f 1352//1352 371//371 372//372
f 1357//1357 372//372 8//8
f 1350//1350 1358//1358 1360//1360
f 1360//1360 1361//1361 1362//1362
f 1358//1358 1363//1363 1361//1361
f 1361//1361 1364//1364 1365//1365
f 1350//1350 1360//1360 1366//1366
f 1351//1351 1366//1366 1367//1367
f 1360//1360 1362//1362 1368//1368
f 1366//1366 1368//1368 469//469
f 1369//1369 1370//1370 1371//1371
f 1371//1371 1372//1372 1362//1362
f 1370//1370 472//472 1372//1372
f 1372//1372 466//466 1368//1368
f 1369//1369 1371//1371 1373//1373
f 1374//1374 1373//1373 1375//1375
f 1371//1371 1362//1362 1365//1365
f 1373//1373 1365//1365 1376//1376
f 1369//1369 1374//1374 1377//1377
f 1377//1377 1378//1378 1379//1379
f 1374//1374 1380//1380 1378//1378
f 1378//1378 1381//1381 1382//1382
f 1369//1369 1377//1377 1383//1383
f 1370//1370 1383//1383 473//473
f 1377//1377 1379//1379 1384//1384
f 1383//1383 1384//1384 394//394
f 1385//1385 1386//1386 1387//1387
f 1387//1387 1388//1388 1379//1379
f 1386//1386 396//396 1388//1388
f 1388//1388 392//392 1384//1384
f 1385//1385 1387//1387 1389//1389
f 1390//1390 1389//1389 1391//1391
f 1387//1387 1379//1379 1382//1382
f 1389//1389 1382//1382 1392//1392
f 1385//1385 1390//1390 1393//1393
f 1393//1393 1394//1394 1326//1326
f 1390//1390 1395//1395 1396//1396
f 1394//1394 1396//1396 1306//1306
f 1385//1385 1393//1393 1397//1397
f 1386//1386 1397//1397 397//397
f 1393//1393 1325//1325 1397//1397
f 1397//1397 1320//1320 397//397
f 1398//1398 1399//1399 1400//1400
f 1400//1400 1401//1401 1402//1402
f 1399//1399 1380//1380 1401//1401
f 1401//1401 1375//1375 1403//1403
f 1398//1398 1400//1400 1404//1404
f 1405//1405 1404//1404 1406//1406
f 1400//1400 1402//1402 1407//1407
f 1404//1404 1407//1407 553//553
f 1398//1398 1405//1405 1408//1408
f 1408//1408 1409//1409 1410//1410
f 1405//1405 1411//1411 1409//1409
f 1409//1409 1412//1412 1413//1413
f 1398//1398 1408//1408 1414//1414
f 1399//1399 1414//1414 1381//1381
f 1408//1408 1410//1410 1415//1415
f 1414//1414 1415//1415 1392//1392
f 1416//1416 1417//1417 1418//1418
f 1418//1418 1419//1419 1410//1410
f 1417//1417 1395//1395 1419//1419
f 1419//1419 1391//1391 1415//1415
f 1416//1416 1418//1418 1420//1420
f 1421//1421 1420//1420 595//595
f 1418//1418 1410//1410 1413//1413
f 1420//1420 1413//1413 1422//1422
f 1416//1416 1421//1421 1423//1423
f 1424//1424 1423//1423 1310//1310
f 1421//1421 594//594 591//591
f 1423//1423 591//591 497//497
f 1416//1416 1424//1424 1417//1417
f 1417//1417 1425//1425 1395//1395
f 1424//1424 1309//1309 1425//1425
f 1425//1425 1303//1303 1396//1396
f 1426//1426 1427//1427 1428//1428
f 1429//1429 1428//1428 556//556
f 1427//1427 6//6 24//24
f 1428//1428 24//24 557//557
f 1426//1426 1429//1429 1430//1430
f 1430//1430 1431//1431 1402//1402
f 1429//1429 550//550 1431//1431
f 1431//1431 1432//1432 1407//1407
f 1426//1426 1430//1430 1433//1433
f 1434//1434 1433//1433 1364//1364
f 1430//1430 1402//1402 1403//1403
f 1433//1433 1403//1403 1376//1376
f 1426//1426 1434//1434 1427//1427
f 1427//1427 1435//1435 6//6
f 1434//1434 1363//1363 1435//1435
f 1435//1435 1359//1359 7//7
f 1436//1436 1437//1437 1438//1438
f 1438//1438 1439//1439 1440//1440
f 1437//1437 551//551 1439//1439
f 1439//1439 544//544 1441//1441
f 1436//1436 1438//1438 1442//1442
f 1442//1442 1443//1443 582//582
f 1438//1438 1440//1440 1444//1444
f 1443//1443 1444//1444 583//583
f 1436//1436 1442//1442 1445//1445
f 1446//1446 1445//1445 1412//1412
f 1442//1442 582//582 596//596
f 1445//1445 596//596 1422//1422
f 1436//1436 1446//1446 1437//1437
f 1437//1437 1447//1447 552//552
f 1446//1446 1411//1411 1447//1447
f 1447//1447 1406//1406 552//552
f 1448//1448 1449//1449 1450//1450
f 1451//1451 1450//1450 1452//1452
f 1449//1449 1453//1453 1454//1454
f 1450//1450 1454//1454 1455//1455
f 1448//1448 1451//1451 1456//1456
f 1456//1456 1457//1457 1458//1458
f 1451//1451 1459//1459 1457//1457
f 1457//1457 1460//1460 1461//1461
f 1448//1448 1456//1456 1462//1462
f 1463//1463 1462//1462 37//37
f 1456//1456 1458//1458 1464//1464
f 1462//1462 1464//1464 73//73
f 1448//1448 1463//1463 1449//1449
f 1449//1449 1465//1465 1453//1453
f 1463//1463 36//36 1465//1465
f 1465//1465 29//29 1466//1466
f 1467//1467 1468//1468 1469//1469
f 1470//1470 1469//1469 409//409
f 1468//1468 1458//1458 1461//1461
f 1469//1469 1461//1461 1471//1471
f 1467//1467 1470//1470 1472//1472
f 1472//1472 1473//1473 1474//1474
f 1470//1470 408//408 1473//1473
f 1473//1473 403//403 1475//1475
f 1467//1467 1472//1472 1476//1476
f 1477//1477 1476//1476 78//78
f 1472//1472 1474//1474 1478//1478
f 1476//1476 1478//1478 109//109
f 1467//1467 1477//1477 1468//1468
f 1468//1468 1479//1479 1458//1458
f 1477//1477 77//77 1479//1479
f 1479//1479 72//72 1464//1464
f 1480//1480 1481//1481 1482//1482
f 1482//1482 1483//1483 340//340
f 1481//1481 1474//1474 1475//1475
f 1483//1483 1475//1475 404//404
f 1480//1480 1482//1482 1484//1484
f 1485//1485 1484//1484 1486//1486
f 1482//1482 340//340 343//343
f 1484//1484 343//343 1487//1487
f 1480//1480 1485//1485 1488//1488
f 1488//1488 1489//1489 108//108
f 1485//1485 1490//1490 1489//1489
f 1489//1489 1491//1491 113//113
f 1480//1480 1488//1488 1492//1492
f 1481//1481 1492//1492 1474//1474
f 1488//1488 108//108 1493//1493
f 1492//1492 1493//1493 1478//1478
f 1494//1494 1495//1495 1496//1496
f 1496//1496 1497//1497 1498//1498
f 1495//1495 1490//1490 1497//1497
f 1497//1497 1486//1486 1499//1499
f 1494//1494 1496//1496 1500//1500
f 1501//1501 1500//1500 1502//1502
f 1496//1496 1498//1498 1503//1503
f 1500//1500 1503//1503 1504//1504
f 1494//1494 1501//1501 1505//1505
f 1505//1505 1506//1506 143//143
f 1501//1501 1507//1507 1506//1506
f 1506//1506 1508//1508 148//148
f 1494//1494 1505//1505 1509//1509
f 1495//1495 1509//1509 1491//1491
f 1505//1505 143//143 144//144
f 1509//1509 144//144 114//114
f 1510//1510 1511//1511 1512//1512
f 1512//1512 1513//1513 1514//1514
f 1511//1511 487//487 1513//1513
f 1513//1513 480//480 1515//1515
f 1510//1510 1512//1512 1516//1516
f 1517//1517 1516//1516 181//181
f 1512//1512 1514//1514 1518//1518
f 1516//1516 1518//1518 280//280
f 1510//1510 1517//1517 1519//1519
f 1519//1519 1520//1520 1521//1521
f 1517//1517 180//180 1520//1520
f 1520//1520 195//195 1522//1522
f 1510//1510 1519//1519 1523//1523
f 1511//1511 1523//1523 488//488
f 1519//1519 1521//1521 1524//1524
f 1523//1523 1524//1524 565//565
f 1525//1525 1526//1526 1527//1527
f 1528//1528 1527//1527 1529//1529
f 1526//1526 545//545 559//559
f 1527//1527 559//559 20//20
f 1525//1525 1528//1528 1530//1530
f 1530//1530 1531//1531 226//226
f 1528//1528 1532//1532 1531//1531
f 1531//1531 1533//1533 227//227
f 1525//1525 1530//1530 1534//1534
f 1535//1535 1534//1534 1536//1536
f 1530//1530 226//226 243//243
f 1534//1534 243//243 250//250
f 1525//1525 1535//1535 1526//1526
f 1526//1526 1537//1537 545//545
f 1535//1535 1538//1538 1537//1537
f 1537//1537 1539//1539 546//546
f 1540//1540 1541//1541 1542//1542
f 1543//1543 1542//1542 1539//1539
f 1541//1541 1440//1440 1441//1441
f 1542//1542 1441//1441 547//547
f 1540//1540 1543//1543 1544//1544
f 1544//1544 1545//1545 248//248
f 1543//1543 1538//1538 1545//1545
f 1545//1545 1536//1536 249//249
f 1540//1540 1544//1544 1546//1546
f 1547//1547 1546//1546 1548//1548
f 1544//1544 248//248 263//263
f 1546//1546 263//263 270//270
f 1540//1540 1547//1547 1549//1549
f 1541//1541 1549//1549 1444//1444
f 1547//1547 1550//1550 1551//1551
f 1549//1549 1551//1551 584//584
f 1552//1552 1553//1553 1554//1554
f 1554//1554 1555//1555 1550//1550
f 1553//1553 587//587 1555//1555
f 1555//1555 581//581 1551//1551
f 1552//1552 1554//1554 1556//1556
f 1556//1556 1557//1557 268//268
f 1554//1554 1550//1550 1557//1557
f 1557//1557 1548//1548 269//269
f 1552//1552 1556//1556 1558//1558
f 1558//1558 1559//1559 1514//1514
f 1556//1556 268//268 279//279
f 1559//1559 279//279 1518//1518
f 1552//1552 1558//1558 1560//1560
f 1553//1553 1560//1560 588//588
f 1558//1558 1514//1514 1515//1515
f 1560//1560 1515//1515 483//483
f 1561//1561 1562//1562 1563//1563
f 1564//1564 1563//1563 1565//1565
f 1562//1562 1507//1507 1502//1502
f 1563//1563 1502//1502 1504//1504
f 1561//1561 1564//1564 1566//1566
f 1566//1566 1567//1567 1568//1568
f 1564//1564 1569//1569 1567//1567
f 1567//1567 1570//1570 1571//1571
f 1561//1561 1566//1566 1572//1572
f 1573//1573 1572//1572 606//606
f 1566//1566 1568//1568 1574//1574
f 1572//1572 1574//1574 637//637
f 1561//1561 1573//1573 1562//1562
f 1562//1562 1575//1575 1508//1508
f 1573//1573 605//605 1575//1575
f 1575//1575 601//601 149//149
f 1576//1576 1577//1577 1578//1578
f 1579//1579 1578//1578 513//513
f 1577//1577 1568//1568 1571//1571
f 1578//1578 1571//1571 1580//1580
f 1576//1576 1579//1579 1581//1581
f 1581//1581 1582//1582 1583//1583
f 1579//1579 512//512 1582//1582
f 1582//1582 507//507 1584//1584
f 1576//1576 1581//1581 1585//1585
f 1586//1586 1585//1585 642//642
f 1581//1581 1583//1583 1587//1587
f 1585//1585 1587//1587 1588//1588
f 1576//1576 1586//1586 1577//1577
f 1577//1577 1589//1589 1568//1568
f 1586//1586 641//641 1589//1589
f 1589//1589 636//636 1574//1574
f 1590//1590 1591//1591 1592//1592
f 1592//1592 1593//1593 446//446
f 1591//1591 1583//1583 1584//1584
f 1593//1593 1584//1584 508//508
f 1590//1590 1592//1592 1594//1594
f 1595//1595 1594//1594 1596//1596
f 1592//1592 439//439 442//442
f 1594//1594 442//442 569//569
f 1590//1590 1595//1595 1597//1597
f 1597//1597 1598//1598 671//671
f 1595//1595 1599//1599 1598//1598
f 1598//1598 1600//1600 676//676
f 1590//1590 1597//1597 1601//1601
f 1591//1591 1601//1601 1587//1587
f 1597//1597 671//671 672//672
f 1601//1601 672//672 1588//1588
f 1602//1602 1603//1603 1604//1604
f 1604//1604 1605//1605 564//564
f 1603//1603 1599//1599 1605//1605
f 1605//1605 1596//1596 568//568
f 1602//1602 1604//1604 1606//1606
f 1607//1607 1606//1606 1524//1524
f 1604//1604 564//564 1608//1608
f 1606//1606 1608//1608 1524//1524
f 1602//1602 1607//1607 1609//1609
f 1609//1609 1610//1610 707//707
f 1607//1607 1521//1521 1610//1610
f 1610//1610 1522//1522 711//711
f 1602//1602 1609//1609 1611//1611
f 1603//1603 1611//1611 1600//1600
f 1609//1609 707//707 708//708
f 1611//1611 708//708 677//677
f 1612//1612 1613//1613 1614//1614
f 1615//1615 1614//1614 19//19
f 1613//1613 1532//1532 1614//1614
f 1614//1614 1529//1529 19//19
f 1612//1612 1615//1615 1616//1616
f 1616//1616 1617//1617 1618//1618
f 1615//1615 18//18 1617//1617
f 1617//1617 11//11 1619//1619
f 1612//1612 1616//1616 1620//1620
f 1621//1621 1620//1620 866//866
f 1616//1616 1618//1618 1622//1622
f 1620//1620 1622//1622 921//921
f 1612//1612 1621//1621 1613//1613
f 1613//1613 1623//1623 1533//1533
f 1621//1621 865//865 1623//1623
f 1623//1623 861//861 228//228
f 1624//1624 1625//1625 1626//1626
f 1627//1627 1626//1626 368//368
f 1625//1625 1618//1618 1619//1619
f 1626//1626 1619//1619 14//14
f 1624//1624 1627//1627 1628//1628
f 1628//1628 1629//1629 522//522
f 1627//1627 362//362 365//365
f 1629//1629 365//365 1630//1630
f 1624//1624 1628//1628 1631//1631
f 1632//1632 1631//1631 926//926
f 1628//1628 522//522 525//525
f 1631//1631 525//525 972//972
f 1624//1624 1632//1632 1625//1625
f 1625//1625 1633//1633 1618//1618
f 1632//1632 925//925 1633//1633
f 1633//1633 920//920 1622//1622
f 1634//1634 1635//1635 1636//1636
f 1636//1636 1637//1637 1638//1638
f 1635//1635 1639//1639 1637//1637
f 1637//1637 1640//1640 1641//1641
f 1634//1634 1636//1636 1642//1642
f 1642//1642 1643//1643 1644//1644
f 1636//1636 1638//1638 1645//1645
f 1643//1643 1645//1645 1646//1646
f 1634//1634 1642//1642 1647//1647
f 1648//1648 1647//1647 1649//1649
f 1642//1642 1644//1644 1650//1650
f 1647//1647 1650//1650 535//535
f 1634//1634 1648//1648 1651//1651
f 1635//1635 1651//1651 1652//1652
f 1648//1648 1653//1653 1651//1651
f 1651//1651 1654//1654 1655//1655
f 1656//1656 1657//1657 1658//1658
f 1658//1658 1659//1659 1028//1028
f 1657//1657 1453//1453 1466//1466
f 1659//1659 1466//1466 32//32
f 1656//1656 1658//1658 1660//1660
f 1661//1661 1660//1660 539//539
f 1658//1658 1028//1028 1030//1030
f 1660//1660 1030//1030 976//976
f 1656//1656 1661//1661 1662//1662
f 1662//1662 1663//1663 1644//1644
f 1661//1661 538//538 1663//1663
f 1663//1663 533//533 1650//1650
f 1656//1656 1662//1662 1664//1664
f 1657//1657 1664//1664 1453//1453
f 1662//1662 1644//1644 1646//1646
f 1664//1664 1646//1646 1454//1454
f 1665//1665 1666//1666 1667//1667
f 1668//1668 1667//1667 468//468
f 1666//1666 1354//1354 1367//1367
f 1667//1667 1367//1367 468//468
f 1665//1665 1668//1668 1669//1669
f 1669//1669 1670//1670 1671//1671
f 1668//1668 467//467 1670//1670
f 1670//1670 460//460 1672//1672
f 1665//1665 1669//1669 1673//1673
f 1674//1674 1673//1673 1675//1675
f 1669//1669 1671//1671 1676//1676
f 1673//1673 1676//1676 1655//1655
f 1665//1665 1674//1674 1666//1666
f 1666//1666 1677//1677 1354//1354
f 1674//1674 1678//1678 1677//1677
f 1677//1677 1679//1679 1355//1355
f 1680//1680 1681//1681 1682//1682
f 1683//1683 1682//1682 1684//1684
f 1681//1681 416//416 413//413
f 1682//1682 413//413 1685//1685
f 1680//1680 1683//1683 1686//1686
f 1686//1686 1687//1687 461//461
f 1683//1683 1688//1688 1687//1687
f 1687//1687 1689//1689 462//462
f 1680//1680 1686//1686 1690//1690
f 1690//1690 1691//1691 422//422
f 1686//1686 461//461 1691//1691
f 1691//1691 475//475 426//426
f 1680//1680 1690//1690 1692//1692
f 1681//1681 1692//1692 417//417
f 1690//1690 422//422 423//423
f 1692//1692 423//423 353//353
f 1693//1693 1694//1694 1695//1695
f 1695//1695 1696//1696 1498//1498
f 1694//1694 1697//1697 1696//1696
f 1696//1696 1698//1698 1503//1503
f 1693//1693 1695//1695 1699//1699
f 1700//1700 1699//1699 342//342
f 1695//1695 1498//1498 1499//1499
f 1699//1699 1499//1499 1487//1487
f 1693//1693 1700//1700 1701//1701
f 1702//1702 1701//1701 1349//1349
f 1700//1700 341//341 357//357
f 1701//1701 357//357 434//434
f 1693//1693 1702//1702 1703//1703
f 1694//1694 1703//1703 1704//1704
f 1702//1702 1348//1348 1703//1703
f 1703//1703 1344//1344 1346//1346
f 1705//1705 1706//1706 1707//1707
f 1708//1708 1707//1707 516//516
f 1706//1706 1338//1338 1341//1341
f 1707//1707 1341//1341 1709//1709
f 1705//1705 1708//1708 1710//1710
f 1711//1711 1710//1710 1570//1570
f 1708//1708 515//515 511//511
f 1710//1710 511//511 1580//1580
f 1705//1705 1711//1711 1712//1712
f 1712//1712 1713//1713 1698//1698
f 1711//1711 1569//1569 1713//1713
f 1713//1713 1565//1565 1698//1698
f 1705//1705 1712//1712 1706//1706
f 1706//1706 1714//1714 1338//1338
f 1697//1697 1704//1704 1714//1714
f 1714//1714 1704//1704 1345//1345
f 1715//1715 1716//1716 1717//1717
f 1718//1718 1717//1717 364//364
f 1716//1716 528//528 530//530
f 1717//1717 530//530 1630//1630
f 1715//1715 1718//1718 1719//1719
f 1719//1719 1720//1720 1679//1679
f 1718//1718 363//363 1720//1720
f 1720//1720 374//374 1356//1356
f 1715//1715 1719//1719 1721//1721
f 1722//1722 1721//1721 1654//1654
f 1719//1719 1678//1678 1721//1721
f 1721//1721 1675//1675 1654//1654
f 1715//1715 1722//1722 1716//1716
f 1716//1716 1723//1723 528//528
f 1722//1722 1653//1653 1723//1723
f 1723//1723 1649//1649 534//534
f 1724//1724 1725//1725 1726//1726
f 1727//1727 1726//1726 1460//1460
f 1725//1725 407//407 410//410
f 1726//1726 410//410 1471//1471
f 1724//1724 1727//1727 1728//1728
f 1728//1728 1729//1729 1638//1638
f 1727//1727 1459//1459 1729//1729
f 1729//1729 1452//1452 1645//1645
f 1724//1724 1728//1728 1730//1730
f 1731//1731 1730//1730 1732//1732
f 1728//1728 1638//1638 1641//1641
f 1730//1730 1641//1641 1733//1733
f 1724//1724 1731//1731 1725//1725
f 1725//1725 1734//1734 407//407
f 1731//1731 1732//1732 1735//1735
f 1734//1734 1735//1735 1685//1685
f 1736//1736 1737//1737 1738//1738
f 1738//1738 1739//1739 381//381
f 1737//1737 1339//1339 1739//1739
f 1739//1739 1335//1335 382//382
f 1736//1736 1738//1738 1740//1740
f 1741//1741 1740//1740 1322//1322
f 1738//1738 381//381 1742//1742
f 1740//1740 1742//1742 398//398
f 1736//1736 1741//1741 1743//1743
f 1743//1743 1744//1744 502//502
f 1741//1741 1321//1321 1744//1744
f 1744//1744 1330//1330 503//503
f 1736//1736 1743//1743 1745//1745
f 1737//1737 1745//1745 1340//1340
f 1743//1743 502//502 517//517
f 1745//1745 517//517 1709//1709
f 1746//1746 1747//1747 1748//1748
f 1748//1748 1749//1749 1671//1671
f 1747//1747 1639//1639 1749//1749
f 1749//1749 1652//1652 1676//1676
f 1746//1746 1748//1748 1750//1750
f 1751//1751 1750//1750 1689//1689
f 1748//1748 1671//1671 1672//1672
f 1750//1750 1672//1672 463//463
f 1746//1746 1751//1751 1752//1752
f 1752//1752 1753//1753 1732//1732
f 1751//1751 1688//1688 1753//1753
f 1753//1753 1684//1684 1735//1735
f 1746//1746 1752//1752 1754//1754
f 1747//1747 1754//1754 1640//1640
f 1752//1752 1732//1732 1755//1755
f 1754//1754 1755//1755 1733//1733
f 1756//1756 1757//1757 1758//1758
f 1759//1759 1758//1758 1760//1760
f 1757//1757 1761//1761 1762//1762
f 1758//1758 1762//1762 1763//1763
f 1756//1756 1759//1759 1764//1764
f 1764//1764 1765//1765 1766//1766
f 1759//1759 1767//1767 1765//1765
f 1765//1765 1768//1768 1769//1769
f 1756//1756 1764//1764 1770//1770
f 1771//1771 1770//1770 1772//1772
f 1764//1764 1766//1766 1773//1773
f 1770//1770 1773//1773 1023//1023
f 1756//1756 1771//1771 1757//1757
f 1757//1757 1774//1774 1761//1761
f 1771//1771 1775//1775 1774//1774
f 1774//1774 1776//1776 1777//1777
f 1778//1778 1779//1779 1780//1780
f 1781//1781 1780//1780 1782//1782
f 1779//1779 1766//1766 1769//1769
f 1780//1780 1769//1769 1783//1783
f 1778//1778 1781//1781 1784//1784
f 1784//1784 1785//1785 1082//1082
f 1781//1781 1786//1786 1785//1785
f 1785//1785 1787//1787 1088//1088
f 1778//1778 1784//1784 1788//1788
f 1788//1788 1789//1789 1790//1790
f 1784//1784 1082//1082 1085//1085
f 1789//1789 1085//1085 1791//1791
f 1778//1778 1788//1788 1792//1792
f 1779//1779 1792//1792 1766//1766
f 1788//1788 1790//1790 1793//1793
f 1792//1792 1793//1793 1023//1023
f 1794//1794 1795//1795 1796//1796
f 1797//1797 1796//1796 1776//1776
f 1795//1795 1798//1798 1799//1799
f 1796//1796 1799//1799 1800//1800
f 1794//1794 1797//1797 1801//1801
f 1801//1801 1802//1802 1016//1016
f 1797//1797 1775//1775 1802//1802
f 1802//1802 1772//1772 1022//1022
f 1794//1794 1801//1801 1803//1803
f 1804//1804 1803//1803 1805//1805
f 1801//1801 1016//1016 1019//1019
f 1803//1803 1019//1019 1806//1806
f 1794//1794 1804//1804 1795//1795
f 1795//1795 1807//1807 1798//1798
f 1804//1804 1808//1808 1807//1807
f 1807//1807 1809//1809 1810//1810
f 1811//1811 1812//1812 1813//1813
f 1814//1814 1813//1813 1815//1815
f 1812//1812 1816//1816 1817//1817
f 1813//1813 1817//1817 1818//1818
f 1811//1811 1814//1814 1819//1819
f 1819//1819 1820//1820 1154//1154
f 1814//1814 1821//1821 1820//1820
f 1820//1820 1822//1822 1155//1155
f 1811//1811 1819//1819 1823//1823
f 1824//1824 1823//1823 1825//1825
f 1819//1819 1154//1154 1170//1170
f 1823//1823 1170//1170 1826//1826
f 1811//1811 1824//1824 1812//1812
f 1812//1812 1827//1827 1816//1816
f 1824//1824 1828//1828 1827//1827
f 1827//1827 1829//1829 1830//1830
f 1831//1831 1832//1832 1833//1833
f 1833//1833 1834//1834 1835//1835
f 1832//1832 1083//1083 1834//1834
f 1834//1834 1076//1076 1836//1836
f 1831//1831 1833//1833 1837//1837
f 1838//1838 1837//1837 1007//1007
f 1833//1833 1835//1835 1839//1839
f 1837//1837 1839//1839 1840//1840
f 1831//1831 1838//1838 1841//1841
f 1841//1841 1842//1842 1790//1790
f 1838//1838 1006//1006 1842//1842
f 1842//1842 1021//1021 1793//1793
f 1831//1831 1841//1841 1843//1843
f 1832//1832 1843//1843 1084//1084
f 1841//1841 1790//1790 1791//1791
f 1843//1843 1791//1791 1844//1844
f 1845//1845 1846//1846 1847//1847
f 1847//1847 1848//1848 1849//1849
f 1846//1846 1017//1017 1848//1848
f 1848//1848 1011//1011 1850//1850
f 1845//1845 1847//1847 1851//1851
f 1852//1852 1851//1851 1853//1853
f 1847//1847 1849//1849 1854//1854
f 1851//1851 1854//1854 1855//1855
f 1845//1845 1852//1852 1856//1856
f 1856//1856 1857//1857 1808//1808
f 1852//1852 1858//1858 1857//1857
f 1857//1857 1859//1859 1809//1809
f 1845//1845 1856//1856 1860//1860
f 1846//1846 1860//1860 1018//1018
f 1856//1856 1808//1808 1805//1805
f 1860//1860 1805//1805 1806//1806
f 1861//1861 1862//1862 1863//1863
f 1864//1864 1863//1863 1865//1865
f 1862//1862 1866//1866 1863//1863
f 1863//1863 1867//1867 1868//1868
f 1868//1868 1869//1869 1863//1863
f 1863//1863 1870//1870 1867//1867
f 1871//1871 1865//1865 1863//1863
f 1863//1863 1872//1872 1870//1870
f 1861//1861 1864//1864 1873//1873
f 1873//1873 1874//1874 1875//1875
f 1864//1864 1876//1876 1874//1874
f 1874//1874 1877//1877 1878//1878
f 1861//1861 1873//1873 1879//1879
f 1880//1880 1879//1879 1881//1881
f 1873//1873 1875//1875 1882//1882
f 1879//1879 1882//1882 1883//1883
f 1861//1861 1880//1880 1862//1862
f 1862//1862 1884//1884 1885//1885
f 1880//1880 1886//1886 1884//1884
f 1884//1884 1887//1887 1888//1888
f 1889//1889 1890//1890 1891//1891
f 1891//1891 1892//1892 1893//1893
f 1890//1890 1894//1894 1895//1895
f 1892//1892 1895//1895 1896//1896
f 1889//1889 1891//1891 1897//1897
f 1898//1898 1897//1897 1899//1899
f 1891//1891 1893//1893 1900//1900
f 1897//1897 1900//1900 1901//1901
f 1889//1889 1898//1898 1902//1902
f 1902//1902 1903//1903 1904//1904
f 1898//1898 1905//1905 1903//1903
f 1903//1903 1906//1906 1907//1907
f 1889//1889 1902//1902 1908//1908
f 1890//1890 1908//1908 1894//1894
f 1902//1902 1904//1904 1909//1909
f 1908//1908 1909//1909 1910//1910
f 1911//1911 1912//1912 1913//1913
f 1914//1914 1913//1913 1915//1915
f 1912//1912 1916//1916 1917//1917
f 1913//1913 1917//1917 1918//1918
f 1911//1911 1914//1914 1919//1919
f 1919//1919 1920//1920 1894//1894
f 1914//1914 1921//1921 1920//1920
f 1920//1920 1922//1922 1895//1895
f 1911//1911 1919//1919 1923//1923
f 1924//1924 1923//1923 1925//1925
f 1919//1919 1894//1894 1910//1910
f 1923//1923 1910//1910 1926//1926
f 1911//1911 1924//1924 1912//1912
f 1912//1912 1927//1927 1916//1916
f 1924//1924 1928//1928 1927//1927
f 1927//1927 1929//1929 1930//1930
f 1931//1931 1932//1932 1933//1933
f 1934//1934 1933//1933 1935//1935
f 1932//1932 1936//1936 1937//1937
f 1933//1933 1937//1937 1938//1938
f 1931//1931 1934//1934 1939//1939
f 1939//1939 1940//1940 1916//1916
f 1934//1934 1941//1941 1940//1940
f 1940//1940 1942//1942 1917//1917
f 1931//1931 1939//1939 1943//1943
f 1944//1944 1943//1943 1945//1945
f 1939//1939 1916//1916 1930//1930
f 1943//1943 1930//1930 1946//1946
f 1931//1931 1944//1944 1932//1932
f 1947//1947 1948//1948 1936//1936
f 1949//1949 1950//1950 1947//1947
f 1950//1950 1951//1951 1948//1948
f 1952//1952 1953//1953 1954//1954
f 1954//1954 1955//1955 1956//1956
f 1953//1953 1905//1905 1955//1955
f 1955//1955 1899//1899 1957//1957
f 1952//1952 1954//1954 1958//1958
f 1959//1959 1958//1958 1872//1872
f 1954//1954 1956//1956 1960//1960
f 1958//1958 1960//1960 1870//1870
f 1952//1952 1959//1959 1961//1961
f 1961//1961 1962//1962 1963//1963
f 1959//1959 1866//1866 1962//1962
f 1962//1962 1885//1885 1964//1964
f 1952//1952 1961//1961 1965//1965
f 1953//1953 1965//1965 1906//1906
f 1961//1961 1963//1963 1966//1966
f 1965//1965 1966//1966 1967//1967
f 1968//1968 1969//1969 1970//1970
f 1971//1971 1970//1970 1972//1972
f 1969//1969 1875//1875 1878//1878
f 1970//1970 1878//1878 1973//1973
f 1968//1968 1971//1971 1974//1974
f 1974//1974 1975//1975 1976//1976
f 1971//1971 1977//1977 1975//1975
f 1975//1975 1978//1978 1979//1979
f 1968//1968 1974//1974 1980//1980
f 1981//1981 1980//1980 1982//1982
f 1974//1974 1983//1983 1984//1984
f 1980//1980 1984//1984 1985//1985
f 1968//1968 1981//1981 1969//1969
f 1986//1986 1882//1882 1875//1875
f 1981//1981 1987//1987 1986//1986
f 1988//1988 1883//1883 1882//1882
f 1989//1989 1990//1990 1991//1991
f 1991//1991 1992//1992 1993//1993
f 1990//1990 1994//1994 1992//1992
f 1992//1992 1995//1995 1996//1996
f 1989//1989 1991//1991 1997//1997
f 1998//1998 1997//1997 1999//1999
f 1991//1991 1993//1993 2000//2000
f 1997//1997 2000//2000 1999//1999
f 1989//1989 1998//1998 2001//2001
f 2001//2001 2002//2002 1005//1005
f 1998//1998 2003//2003 2002//2002
f 2002//2002 2004//2004 1012//1012
f 1989//1989 2001//2001 2005//2005
f 1990//1990 2005//2005 2006//2006
f 2001//2001 1005//1005 1008//1008
f 2005//2005 1008//1008 1840//1840
f 2007//2007 2008//2008 2009//2009
f 2010//2010 2009//2009 2011//2011
f 2008//2008 2012//2012 2013//2013
f 2009//2009 2013//2013 2014//2014
f 2007//2007 2010//2010 2015//2015
f 2016//2016 2015//2015 2017//2017
f 2010//2010 2018//2018 2019//2019
f 2015//2015 2019//2019 2020//2020
f 2007//2007 2016//2016 2021//2021
f 2021//2021 2022//2022 1077//1077
f 2016//2016 2023//2023 2022//2022
f 2022//2022 2024//2024 1078//1078
f 2007//2007 2021//2021 2008//2008
f 2008//2008 2025//2025 2012//2012
f 2021//2021 1077//1077 2025//2025
f 2025//2025 1070//1070 2026//2026
f 2027//2027 2028//2028 2029//2029
f 2030//2030 2029//2029 2031//2031
f 2028//2028 2032//2032 2033//2033
f 2029//2029 2033//2033 2034//2034
f 2027//2027 2030//2030 2035//2035
f 2035//2035 2036//2036 2037//2037
f 2030//2030 2038//2038 2036//2036
f 2036//2036 2039//2039 2040//2040
f 2027//2027 2035//2035 2041//2041
f 1151//1151 2042//2042 1160//1160
f 2035//2035 2037//2037 2043//2043
f 1160//1160 2041//2041 2044//2044
f 2027//2027 2042//2042 2028//2028
f 2028//2028 2045//2045 2032//2032
f 2042//2042 1151//1151 2045//2045
f 2045//2045 1153//1153 2046//2046
f 2047//2047 2048//2048 2049//2049
f 2050//2050 2049//2049 2051//2051
f 2048//2048 2052//2052 2053//2053
f 2049//2049 2053//2053 2054//2054
f 2047//2047 2050//2050 2055//2055
f 2055//2055 2056//2056 2032//2032
f 2050//2050 2057//2057 2056//2056
f 2056//2056 2058//2058 2033//2033
f 2047//2047 2055//2055 2059//2059
f 2060//2060 2059//2059 1822//1822
f 2055//2055 2032//2032 2046//2046
f 2059//2059 2046//2046 1156//1156
f 2047//2047 2060//2060 2048//2048
f 2048//2048 2061//2061 2052//2052
f 2060//2060 1821//1821 2061//2061
f 2061//2061 1815//1815 2062//2062
f 2063//2063 2064//2064 2065//2065
f 2065//2065 2066//2066 2067//2067
f 2064//2064 2023//2023 2066//2066
f 2066//2066 2017//2017 2068//2068
f 2063//2063 2065//2065 2069//2069
f 2070//2070 2069//2069 1995//1995
f 2065//2065 2067//2067 2071//2071
f 2069//2069 2071//2071 2072//2072
f 2063//2063 2070//2070 2073//2073
f 2073//2073 2074//2074 1835//1835
f 2070//2070 1994//1994 2074//2074
f 2074//2074 2006//2006 1839//1839
f 2063//2063 2073//2073 2075//2075
f 2064//2064 2075//2075 2024//2024
f 2073//2073 1835//1835 1836//1836
f 2075//2075 1836//1836 1079//1079
f 2076//2076 2077//2077 2078//2078
f 2078//2078 2079//2079 2080//2080
f 2077//2077 2003//2003 2079//2079
f 2079//2079 1999//1999 2081//2081
f 2076//2076 2078//2078 2082//2082
f 2083//2083 2082//2082 2084//2084
f 2078//2078 2085//2085 2082//2082
f 2082//2082 2086//2086 2087//2087
f 2076//2076 2083//2083 2088//2088
f 2088//2088 2089//2089 1849//1849
f 2083//2083 2090//2090 2089//2089
f 2089//2089 2091//2091 1854//1854
f 2076//2076 2088//2088 2092//2092
f 2077//2077 2092//2092 2004//2004
f 2088//2088 1849//1849 1850//1850
f 2092//2092 1850//1850 1013//1013
f 2093//2093 2094//2094 2095//2095
f 2095//2095 2096//2096 2097//2097
f 2094//2094 2098//2098 2096//2096
f 2096//2096 2099//2099 2097//2097
f 2093//2093 2095//2095 2100//2100
f 2100//2100 2101//2101 2102//2102
f 2095//2095 2103//2103 2101//2101
f 2101//2101 2104//2104 2105//2105
f 2093//2093 2100//2100 2106//2106
f 2107//2107 2106//2106 2000//2000
f 2100//2100 2102//2102 2108//2108
f 2106//2106 2108//2108 2081//2081
f 2093//2093 2107//2107 2109//2109
f 2094//2094 2109//2109 2110//2110
f 2107//2107 1993//1993 1996//1996
f 2109//2109 1996//1996 2072//2072
f 2111//2111 2112//2112 2113//2113
f 2114//2114 2113//2113 2115//2115
f 2112//2112 2116//2116 2117//2117
f 2113//2113 2117//2117 2118//2118
f 2111//2111 2114//2114 2119//2119
f 2119//2119 2120//2120 2121//2121
f 2114//2114 2122//2122 2120//2120
f 2120//2120 2123//2123 2124//2124
f 2111//2111 2119//2119 2125//2125
f 2126//2126 2125//2125 2018//2018
f 2119//2119 2127//2127 2125//2125
f 2125//2125 2128//2128 2019//2019
f 2111//2111 2126//2126 2112//2112
f 2112//2112 2129//2129 2116//2116
f 2126//2126 2018//2018 2129//2129
f 2129//2129 2011//2011 2130//2130
f 2131//2131 2132//2132 2133//2133
f 2134//2134 2133//2133 2135//2135
f 2132//2132 2136//2136 2137//2137
f 2133//2133 2137//2137 2138//2138
f 2131//2131 2134//2134 2139//2139
f 2139//2139 2140//2140 2116//2116
f 2134//2134 2141//2141 2140//2140
f 2140//2140 2142//2142 2117//2117
f 2131//2131 2139//2139 2143//2143
f 2144//2144 2143//2143 2039//2039
f 2139//2139 2116//2116 2130//2130
f 2143//2143 2130//2130 2014//2014
f 2131//2131 2144//2144 2132//2132
f 2132//2132 2145//2145 2136//2136
f 2144//2144 2038//2038 2145//2145
f 2145//2145 2031//2031 2146//2146
f 2147//2147 2148//2148 2149//2149
f 2150//2150 2149//2149 2151//2151
f 2148//2148 2152//2152 2153//2153
f 2149//2149 2153//2153 2154//2154
f 2147//2147 2150//2150 2155//2155
f 2155//2155 2156//2156 2136//2136
f 2150//2150 2157//2157 2156//2156
f 2156//2156 2158//2158 2137//2137
f 2147//2147 2155//2155 2159//2159
f 2160//2160 2159//2159 2058//2058
f 2155//2155 2136//2136 2146//2146
f 2159//2159 2146//2146 2034//2034
f 2147//2147 2160//2160 2148//2148
f 2148//2148 2161//2161 2152//2152
f 2160//2160 2057//2057 2161//2161
f 2161//2161 2051//2051 2162//2162
f 2163//2163 2164//2164 2165//2165
f 2165//2165 2166//2166 2167//2167
f 2164//2164 2127//2127 2166//2166
f 2166//2166 2121//2121 2168//2168
f 2163//2163 2165//2165 2169//2169
f 2170//2170 2169//2169 2099//2099
f 2165//2165 2167//2167 2171//2171
f 2169//2169 2171//2171 2172//2172
f 2163//2163 2170//2170 2173//2173
f 2173//2173 2174//2174 2067//2067
f 2170//2170 2098//2098 2174//2174
f 2174//2174 2110//2110 2071//2071
f 2163//2163 2173//2173 2175//2175
f 2164//2164 2175//2175 2128//2128
f 2173//2173 2067//2067 2068//2068
f 2175//2175 2068//2068 2020//2020
f 2176//2176 2177//2177 2178//2178
f 2179//2179 2178//2178 2180//2180
f 2177//2177 2102//2102 2105//2105
f 2178//2178 2105//2105 2181//2181
f 2176//2176 2179//2179 2182//2182
f 2182//2182 2183//2183 2184//2184
f 2179//2179 2185//2185 2183//2183
f 2183//2183 2186//2186 2187//2187
f 2176//2176 2182//2182 2188//2188
f 2189//2189 2188//2188 2086//2086
f 2182//2182 2184//2184 2190//2190
f 2188//2188 2190//2190 2087//2087
f 2176//2176 2189//2189 2177//2177
f 2177//2177 2191//2191 2102//2102
f 2189//2189 2085//2085 2191//2191
f 2191//2191 2080//2080 2108//2108
f 2192//2192 2193//2193 2194//2194
f 2195//2195 2194//2194 1183//1183
f 2193//2193 2196//2196 2197//2197
f 2194//2194 2197//2197 1251//1251
f 2192//2192 2195//2195 2198//2198
f 2198//2198 2199//2199 2200//2200
f 2195//2195 1182//1182 2199//2199
f 2199//2199 1175//1175 2201//2201
f 2192//2192 2198//2198 2202//2202
f 2203//2203 2202//2202 2204//2204
f 2198//2198 2200//2200 2205//2205
f 2202//2202 2205//2205 2206//2206
f 2192//2192 2203//2203 2193//2193
f 2193//2193 2207//2207 2196//2196
f 2203//2203 2208//2208 2207//2207
f 2207//2207 2209//2209 2210//2210
f 2211//2211 2212//2212 2213//2213
f 2213//2213 2214//2214 2215//2215
f 2212//2212 2216//2216 2214//2214
f 2214//2214 2217//2217 2218//2218
f 2211//2211 2213//2213 2219//2219
f 2220//2220 2219//2219 1197//1197
f 2213//2213 2215//2215 2221//2221
f 2219//2219 2221//2221 1197//1197
f 2211//2211 2220//2220 2222//2222
f 2222//2222 2223//2223 2224//2224
f 2220//2220 1196//1196 2223//2223
f 2223//2223 1211//1211 2225//2225
f 2211//2211 2222//2222 2226//2226
f 2212//2212 2226//2226 2227//2227
f 2222//2222 2224//2224 2228//2228
f 2226//2226 2228//2228 2229//2229
f 2230//2230 2231//2231 2232//2232
f 2233//2233 2232//2232 2234//2234
f 2231//2231 2235//2235 2236//2236
f 2232//2232 2236//2236 2234//2234
f 2230//2230 2233//2233 2237//2237
f 2237//2237 2238//2238 2196//2196
f 2233//2233 2239//2239 2238//2238
f 2238//2238 2240//2240 2197//2197
f 2230//2230 2237//2237 2241//2241
f 2242//2242 2241//2241 1203//1203
f 2237//2237 2196//2196 2210//2210
f 2241//2241 2210//2210 2243//2243
f 2230//2230 2242//2242 2231//2231
f 2231//2231 2244//2244 2235//2235
f 2242//2242 1202//1202 2244//2244
f 2244//2244 1195//1195 2245//2245
f 2246//2246 2247//2247 2248//2248
f 2248//2248 2249//2249 2250//2250
f 2247//2247 2251//2251 2249//2249
f 2249//2249 2252//2252 2253//2253
f 2246//2246 2248//2248 2254//2254
f 2254//2254 2255//2255 2224//2224
f 2248//2248 2250//2250 2255//2255
f 2255//2255 2256//2256 2228//2228
f 2246//2246 2254//2254 2257//2257
f 2258//2258 2257//2257 1212//1212
f 2254//2254 2224//2224 2225//2225
f 2257//2257 2225//2225 1213//1213
f 2246//2246 2258//2258 2259//2259
f 2247//2247 2259//2259 2260//2260
f 2258//2258 1207//1207 2261//2261
f 2259//2259 2261//2261 1209//1209
f 2262//2262 2263//2263 2264//2264
f 2265//2265 2264//2264 2209//2209
f 2263//2263 1201//1201 1204//1204
f 2264//2264 1204//1204 2243//2243
f 2262//2262 2265//2265 2266//2266
f 2266//2266 2267//2267 2268//2268
f 2265//2265 2208//2208 2267//2267
f 2267//2267 2204//2204 2269//2269
f 2262//2262 2266//2266 2270//2270
f 2271//2271 2270//2270 2252//2252
f 2266//2266 2268//2268 2272//2272
f 2270//2270 2272//2272 2273//2273
f 2262//2262 2271//2271 2263//2263
f 2263//2263 2274//2274 1201//1201
f 2271//2271 2251//2251 2274//2274
f 2274//2274 2260//2260 1208//1208
f 2275//2275 2276//2276 2277//2277
f 2277//2277 2278//2278 1104//1104
f 2276//2276 2279//2279 2278//2278
f 2278//2278 2280//2280 1110//1110
f 2281//2281 2275//2275 2282//2282
f 2281//2281 2282//2282 2235//2235
f 2277//2277 1104//1104 1107//1107
f 2282//2282 1107//1107 2283//2283
f 2275//2275 2281//2281 2284//2284
f 2285//2285 2284//2284 2221//2221
f 2281//2281 2235//2235 2245//2245
f 2284//2284 2245//2245 1198//1198
f 2275//2275 2285//2285 2276//2276
f 2276//2276 2286//2286 2279//2279
f 2285//2285 2215//2215 2286//2286
f 2286//2286 2218//2218 2287//2287
f 2288//2288 2289//2289 2290//2290
f 2290//2290 2291//2291 1159//1159
f 2289//2289 2292//2292 2291//2291
f 2291//2291 2293//2293 1165//1165
f 2288//2288 2290//2290 2294//2294
f 2295//2295 2294//2294 2296//2296
f 2290//2290 1159//1159 1161//1161
f 2294//2294 1161//1161 2044//2044
f 2288//2288 2295//2295 2297//2297
f 2297//2297 2298//2298 2299//2299
f 2295//2295 2300//2300 2298//2298
f 2298//2298 2301//2301 2302//2302
f 2288//2288 2297//2297 2303//2303
f 2289//2289 2303//2303 2304//2304
f 2297//2297 2299//2299 2305//2305
f 2303//2303 2305//2305 2306//2306
f 2307//2307 2308//2308 2309//2309
f 2310//2310 2309//2309 1169//1169
f 2308//2308 2311//2311 2312//2312
f 2309//2309 2312//2312 1826//1826
f 2307//2307 2310//2310 2313//2313
f 2313//2313 2314//2314 2292//2292
f 2310//2310 1168//1168 2314//2314
f 2314//2314 1164//1164 2293//2293
f 2307//2307 2313//2313 2315//2315
f 2315//2315 2316//2316 2317//2317
f 2313//2313 2292//2292 2316//2316
f 2316//2316 2304//2304 2318//2318
f 2307//2307 2315//2315 2319//2319
f 2308//2308 2319//2319 2320//2320
f 2315//2315 2317//2317 2321//2321
f 2319//2319 2321//2321 2322//2322
f 2323//2323 2324//2324 2325//2325
f 2326//2326 2325//2325 1829//1829
f 2324//2324 2327//2327 2328//2328
f 2325//2325 2328//2328 2329//2329
f 2323//2323 2326//2326 2330//2330
f 2330//2330 2331//2331 2311//2311
f 2326//2326 1828//1828 2331//2331
f 2331//2331 1825//1825 2312//2312
f 2323//2323 2330//2330 2332//2332
f 2332//2332 2333//2333 2334//2334
f 2330//2330 2311//2311 2333//2333
f 2333//2333 2320//2320 2335//2335
f 2323//2323 2332//2332 2336//2336
f 2324//2324 2336//2336 2337//2337
f 2332//2332 2334//2334 2338//2338
f 2336//2336 2338//2338 2339//2339
f 2340//2340 2341//2341 2342//2342
f 2342//2342 2343//2343 2344//2344
f 2341//2341 2037//2037 2040//2040
f 2343//2343 2040//2040 2345//2345
f 2346//2346 2340//2340 2347//2347
f 2346//2346 2347//2347 2348//2348
f 2347//2347 2342//2342 2349//2349
f 2347//2347 2349//2349 2350//2350
f 2340//2340 2346//2346 2351//2351
f 2351//2351 2352//2352 2300//2300
f 2346//2346 2353//2353 2352//2352
f 2352//2352 2354//2354 2301//2301
f 2340//2340 2351//2351 2341//2341
f 2341//2341 2355//2355 2037//2037
f 2351//2351 2300//2300 2355//2355
f 2355//2355 2296//2296 2043//2043
f 2356//2356 2357//2357 2358//2358
f 2359//2359 2358//2358 1768//1768
f 2357//2357 2360//2360 2361//2361
f 2358//2358 2361//2361 1783//1783
f 2356//2356 2359//2359 2362//2362
f 2362//2362 2363//2363 2364//2364
f 2359//2359 1767//1767 2363//2363
f 2363//2363 1760//1760 2365//2365
f 2356//2356 2362//2362 2366//2366
f 2367//2367 2366//2366 2368//2368
f 2362//2362 2364//2364 2369//2369
f 2366//2366 2369//2369 2370//2370
f 2356//2356 2367//2367 2357//2357
f 2357//2357 2371//2371 2360//2360
f 2367//2367 2372//2372 2371//2371
f 2371//2371 2373//2373 2374//2374
f 2375//2375 2376//2376 2377//2377
f 2378//2378 2377//2377 1072//1072
f 2376//2376 2379//2379 2377//2377
f 2377//2377 2380//2380 1072//1072
f 2375//2375 2378//2378 2381//2381
f 2381//2381 2382//2382 2383//2383
f 2378//2378 1071//1071 2382//2382
f 2382//2382 1087//1087 2384//2384
f 2375//2375 2381//2381 2385//2385
f 2386//2386 2385//2385 2387//2387
f 2381//2381 2383//2383 2388//2388
f 2385//2385 2388//2388 2389//2389
f 2375//2375 2386//2386 2376//2376
f 2376//2376 2390//2390 2391//2391
f 2386//2386 2392//2392 2390//2390
f 2390//2390 2393//2393 2394//2394
f 2395//2395 2396//2396 2397//2397
f 2398//2398 2397//2397 1787//1787
f 2396//2396 2383//2383 2384//2384
f 2397//2397 2384//2384 1089//1089
f 2395//2395 2398//2398 2399//2399
f 2399//2399 2400//2400 2360//2360
f 2398//2398 1786//1786 2400//2400
f 2400//2400 1782//1782 2361//2361
f 2395//2395 2399//2399 2401//2401
f 2402//2402 2401//2401 2403//2403
f 2399//2399 2360//2360 2374//2374
f 2401//2401 2374//2374 2404//2404
f 2395//2395 2402//2402 2396//2396
f 2396//2396 2405//2405 2383//2383
f 2402//2402 2406//2406 2405//2405
f 2405//2405 2407//2407 2388//2388
f 2408//2408 2409//2409 2410//2410
f 2411//2411 2410//2410 2349//2349
f 2409//2409 2412//2412 2413//2413
f 2410//2410 2413//2413 2350//2350
f 2408//2408 2411//2411 2414//2414
f 2414//2414 2415//2415 2012//2012
f 2411//2411 2344//2344 2415//2415
f 2415//2415 2345//2345 2013//2013
f 2408//2408 2414//2414 2416//2416
f 2417//2417 2416//2416 2380//2380
f 2414//2414 2012//2012 2026//2026
f 2416//2416 2026//2026 1073//1073
f 2417//2417 2418//2418 2409//2409
f 2409//2409 2418//2418 2412//2412
f 2417//2417 2379//2379 2418//2418
f 2418//2418 2391//2391 2419//2419
f 2420//2420 2421//2421 2422//2422
f 2422//2422 2423//2423 2424//2424
f 2421//2421 2425//2425 2423//2423
f 2423//2423 2426//2426 2427//2427
f 2428//2428 2420//2420 2429//2429
f 2428//2428 2429//2429 2354//2354
f 2422//2422 2424//2424 2430//2430
f 2429//2429 2430//2430 2431//2431
f 2420//2420 2428//2428 2432//2432
f 2432//2432 2433//2433 2412//2412
f 2428//2428 2353//2353 2433//2433
f 2433//2433 2348//2348 2413//2413
f 2420//2420 2432//2432 2434//2434
f 2421//2421 2434//2434 2435//2435
f 2432//2432 2412//2412 2419//2419
f 2434//2434 2419//2419 2394//2394
f 2436//2436 2437//2437 2438//2438
f 2439//2439 2438//2438 2426//2426
f 2437//2437 2440//2440 2441//2441
f 2438//2438 2441//2441 2442//2442
f 2436//2436 2439//2439 2443//2443
f 2444//2444 2443//2443 2393//2393
f 2439//2439 2425//2425 2443//2443
f 2443//2443 2435//2435 2393//2393
f 2436//2436 2444//2444 2445//2445
f 2445//2445 2446//2446 2447//2447
f 2444//2444 2392//2392 2446//2446
f 2446//2446 2387//2387 2448//2448
f 2436//2436 2445//2445 2449//2449
f 2437//2437 2449//2449 2440//2440
f 2445//2445 2447//2447 2450//2450
f 2449//2449 2450//2450 2451//2451
f 2452//2452 2453//2453 2454//2454
f 2455//2455 2454//2454 2430//2430
f 2453//2453 2299//2299 2302//2302
f 2454//2454 2302//2302 2431//2431
f 2452//2452 2455//2455 2456//2456
f 2456//2456 2457//2457 2440//2440
f 2455//2455 2424//2424 2457//2457
f 2441//2441 2457//2457 2442//2442
f 2452//2452 2456//2456 2458//2458
f 2459//2459 2458//2458 2460//2460
f 2456//2456 2440//2440 2451//2451
f 2458//2458 2451//2451 2461//2461
f 2452//2452 2459//2459 2453//2453
f 2453//2453 2462//2462 2299//2299
f 2459//2459 2463//2463 2462//2462
f 2462//2462 2464//2464 2305//2305
f 2465//2465 2466//2466 2467//2467
f 2467//2467 2468//2468 2447//2447
f 2466//2466 2469//2469 2468//2468
f 2468//2468 2470//2470 2450//2450
f 2465//2465 2467//2467 2471//2471
f 2472//2472 2471//2471 2407//2407
f 2467//2467 2447//2447 2448//2448
f 2471//2471 2448//2448 2389//2389
f 2465//2465 2472//2472 2473//2473
f 2473//2473 2474//2474 2475//2475
f 2472//2472 2406//2406 2474//2474
f 2474//2474 2403//2403 2476//2476
f 2465//2465 2473//2473 2477//2477
f 2466//2466 2477//2477 2478//2478
f 2473//2473 2475//2475 2479//2479
f 2477//2477 2479//2479 2480//2480
f 2481//2481 2482//2482 2483//2483
f 2483//2483 2484//2484 2485//2485
f 2482//2482 2372//2372 2484//2484
f 2484//2484 2368//2368 2486//2486
f 2481//2481 2483//2483 2487//2487
f 2488//2488 2487//2487 2489//2489
f 2483//2483 2485//2485 2490//2490
f 2487//2487 2490//2490 2491//2491
f 2481//2481 2488//2488 2492//2492
f 2492//2492 2493//2493 2475//2475
f 2488//2488 2494//2494 2493//2493
f 2493//2493 2495//2495 2479//2479
f 2481//2481 2492//2492 2496//2496
f 2482//2482 2496//2496 2373//2373
f 2492//2492 2475//2475 2476//2476
f 2496//2496 2476//2476 2404//2404
f 2497//2497 2498//2498 2499//2499
f 2500//2500 2499//2499 2501//2501
f 2498//2498 2494//2494 2489//2489
f 2499//2499 2489//2489 2491//2491
f 2497//2497 2500//2500 2502//2502
f 2502//2502 2503//2503 2334//2334
f 2500//2500 2504//2504 2503//2503
f 2503//2503 2505//2505 2338//2338
f 2497//2497 2502//2502 2506//2506
f 2507//2507 2506//2506 2508//2508
f 2502//2502 2334//2334 2335//2335
f 2506//2506 2335//2335 2322//2322
f 2497//2497 2507//2507 2498//2498
f 2498//2498 2509//2509 2494//2494
f 2507//2507 2510//2510 2509//2509
f 2509//2509 2511//2511 2495//2495
f 2512//2512 2513//2513 2514//2514
f 2515//2515 2514//2514 2464//2464
f 2513//2513 2317//2317 2318//2318
f 2514//2514 2318//2318 2306//2306
f 2512//2512 2515//2515 2516//2516
f 2516//2516 2517//2517 2469//2469
f 2515//2515 2463//2463 2517//2517
f 2517//2517 2460//2460 2470//2470
f 2512//2512 2516//2516 2518//2518
f 2519//2519 2518//2518 2511//2511
f 2516//2516 2469//2469 2478//2478
f 2518//2518 2478//2478 2480//2480
f 2512//2512 2519//2519 2513//2513
f 2513//2513 2520//2520 2317//2317
f 2519//2519 2510//2510 2520//2520
f 2520//2520 2508//2508 2321//2321
f 2521//2521 2522//2522 2523//2523
f 2523//2523 2524//2524 2239//2239
f 2522//2522 910//910 2524//2524
f 2524//2524 904//904 2240//2240
f 2521//2521 2523//2523 2525//2525
f 2526//2526 2525//2525 2527//2527
f 2523//2523 2239//2239 2234//2234
f 2525//2525 2234//2234 2528//2528
f 2521//2521 2526//2526 2529//2529
f 2529//2529 2530//2530 2531//2531
f 2526//2526 2527//2527 2530//2530
f 2532//2532 2530//2530 2533//2533
f 2521//2521 2529//2529 2534//2534
f 2522//2522 2534//2534 2535//2535
f 2529//2529 2531//2531 2536//2536
f 2534//2534 2536//2536 911//911
f 2537//2537 2538//2538 2539//2539
f 2540//2540 2539//2539 819//819
f 2538//2538 1228//1228 1230//1230
f 2539//2539 1230//1230 2541//2541
f 2537//2537 2540//2540 2542//2542
f 2542//2542 2543//2543 900//900
f 2540//2540 818//818 2543//2543
f 2543//2543 832//832 901//901
f 2537//2537 2542//2542 2544//2544
f 2545//2545 2544//2544 2546//2546
f 2542//2542 900//900 915//915
f 2544//2544 915//915 2547//2547
f 2537//2537 2545//2545 2538//2538
f 2538//2538 2548//2548 1228//1228
f 2545//2545 2549//2549 2548//2548
f 2548//2548 2550//2550 1234//1234
f 2551//2551 2552//2552 2553//2553
f 2553//2553 2552//2552 2554//2554
f 2555//2555 2556//2556 2557//2557
f 2558//2558 2556//2556 2555//2555
f 2559//2559 1237//1237 2560//2560
f 2561//2561 1237//1237 2559//2559
f 2562//2562 1241//1241 2556//2556
f 1237//1237 1241//1241 2562//2562
f 2563//2563 2564//2564 2565//2565
f 2566//2566 2565//2565 1106//1106
f 2564//2564 2527//2527 2528//2528
f 2565//2565 2528//2528 2283//2283
f 2563//2563 2566//2566 2567//2567
f 2568//2568 2569//2569 2567//2567
f 2567//2567 2570//2570 2563//2563
f 2568//2568 2571//2571 2572//2572
f 2572//2572 2569//2569 2568//2568
f 2568//2568 2573//2573 2571//2571
f 2566//2566 1105//1105 2568//2568
f 2568//2568 1100//1100 2573//2573
f 2574//2574 2573//2573 2552//2552
f 2552//2552 2551//2551 2574//2574
f 2563//2563 2575//2575 2576//2576
f 2563//2563 2570//2570 2575//2575
f 2577//2577 2578//2578 2576//2576
f 2576//2576 2579//2579 2580//2580
f 2581//2581 2582//2582 2580//2580
f 2576//2576 2578//2578 2583//2583
f 2576//2576 2582//2582 2584//2584
f 2585//2585 2582//2582 2581//2581
f 2563//2563 2576//2576 2564//2564
f 2564//2564 2586//2586 2527//2527
f 2576//2576 2584//2584 2586//2586
f 2586//2586 2587//2587 2588//2588
f 2589//2589 2590//2590 2591//2591
f 2592//2592 2591//2591 2550//2550
f 2590//2590 2593//2593 1233//1233
f 2591//2591 1233//1233 1235//1235
f 2589//2589 2592//2592 2594//2594
f 2594//2594 2595//2595 2596//2596
f 2592//2592 2549//2549 2595//2595
f 2595//2595 2546//2546 2597//2597
f 2589//2589 2594//2594 2598//2598
f 2598//2598 2599//2599 2600//2600
f 2601//2601 2602//2602 2598//2598
f 2598//2598 2603//2603 2599//2599
f 2594//2594 2596//2596 2604//2604
f 2603//2603 2604//2604 2605//2605
f 2606//2606 2607//2607 2604//2604
f 2604//2604 2608//2608 2606//2606
f 2589//2589 2598//2598 2609//2609
f 2590//2590 2609//2609 1240//1240
f 2610//2610 2557//2557 2556//2556
f 2556//2556 2598//2598 2610//2610
f 2598//2598 2556//2556 2609//2609
f 2609//2609 2556//2556 1241//1241
f 2611//2611 2612//2612 2613//2613
f 2614//2614 2613//2613 914//914
f 2612//2612 2596//2596 2597//2597
f 2613//2613 2597//2597 2547//2547
f 2611//2611 2614//2614 2615//2615
f 2615//2615 2616//2616 2531//2531
f 2614//2614 913//913 2616//2616
f 2616//2616 909//909 2536//2536
f 2611//2611 2615//2615 2617//2617
f 2618//2618 2617//2617 2587//2587
f 2615//2615 2531//2531 2532//2532
f 2617//2617 2532//2532 2533//2533
f 2611//2611 2618//2618 2612//2612
f 2612//2612 2619//2619 2596//2596
f 2618//2618 2584//2584 2619//2619
f 2620//2620 2619//2619 2582//2582
f 2604//2604 2619//2619 2608//2608
f 2621//2621 2622//2622 2623//2623
f 2622//2622 2624//2624 2623//2623
f 2622//2622 2625//2625 2626//2626
f 2625//2625 2622//2622 2621//2621
f 2552//2552 2627//2627 2628//2628
f 2552//2552 2629//2629 2627//2627
f 2629//2629 2625//2625 2630//2630
f 2631//2631 2629//2629 2630//2630
f 2622//2622 2632//2632 2624//2624
f 2632//2632 2633//2633 2634//2634
f 2635//2635 2636//2636 2632//2632
f 2632//2632 2637//2637 2633//2633
f 2637//2637 2632//2632 1877//1877
f 2638//2638 2639//2639 1876//1876
f 2622//2622 2626//2626 2640//2640
f 2632//2632 2640//2640 1973//1973
f 1865//1865 2641//2641 2642//2642
f 2643//2643 2638//2638 1876//1876
f 2643//2643 1876//1876 1865//1865
f 2641//2641 1865//1865 1871//1871
f 1870//1870 2644//2644 2645//2645
f 2646//2646 2647//2647 2648//2648
f 2648//2648 2649//2649 959//959
f 2647//2647 2650//2650 2651//2651
f 2649//2649 2651//2651 960//960
f 2646//2646 2648//2648 2652//2652
f 2653//2653 2652//2652 2654//2654
f 2648//2648 959//959 967//967
f 2652//2652 967//967 2541//2541
f 2646//2646 2653//2653 2655//2655
f 2655//2655 2656//2656 1893//1893
f 2653//2653 2657//2657 2656//2656
f 2656//2656 2658//2658 1900//1900
f 2646//2646 2655//2655 2659//2659
f 2647//2647 2659//2659 2650//2650
f 2655//2655 1893//1893 2660//2660
f 2659//2659 2660//2660 2661//2661
f 2662//2662 2663//2663 2664//2664
f 2665//2665 2664//2664 792//792
f 2663//2663 2666//2666 2667//2667
f 2664//2664 2667//2667 793//793
f 2662//2662 2665//2665 2668//2668
f 2668//2668 2669//2669 2650//2650
f 2665//2665 788//788 2669//2669
f 2669//2669 790//790 2651//2651
f 2662//2662 2668//2668 2670//2670
f 2671//2671 2670//2670 1922//1922
f 2668//2668 2650//2650 2661//2661
f 2670//2670 2661//2661 1896//1896
f 2662//2662 2671//2671 2663//2663
f 2663//2663 2672//2672 2666//2666
f 2671//2671 1921//1921 2672//2672
f 2672//2672 1915//1915 2673//2673
f 2674//2674 2675//2675 2676//2676
f 2677//2677 2676//2676 767//767
f 2675//2675 2678//2678 2679//2679
f 2676//2676 2679//2679 773//773
f 2674//2674 2677//2677 2680//2680
f 2680//2680 2681//2681 2666//2666
f 2677//2677 767//767 770//770
f 2681//2681 770//770 2667//2667
f 2674//2674 2680//2680 2682//2682
f 2683//2683 2682//2682 1942//1942
f 2680//2680 2666//2666 2673//2673
f 2682//2682 2673//2673 1918//1918
f 2674//2674 2683//2683 2675//2675
f 2684//2684 2685//2685 2678//2678
f 2683//2683 1941//1941 2684//2684
f 2684//2684 1935//1935 2685//2685
f 2686//2686 2687//2687 2688//2688
f 2688//2688 2689//2689 1218//1218
f 2687//2687 2657//2657 2689//2689
f 2689//2689 2654//2654 1229//1229
f 2686//2686 2688//2688 2690//2690
f 2691//2691 2690//2690 2692//2692
f 2693//2693 2692//2692 2690//2690
f 2690//2690 2694//2694 2693//2693
f 2688//2688 1218//1218 1222//1222
f 2690//2690 1224//1224 2695//2695
f 2690//2690 1222//1222 1224//1224
f 2686//2686 2691//2691 2696//2696
f 2696//2696 2697//2697 1956//1956
f 2698//2698 2697//2697 2699//2699
f 2700//2700 2701//2701 2697//2697
f 2697//2697 2698//2698 2702//2702
f 2702//2702 2700//2700 2697//2697
f 2701//2701 2703//2703 2697//2697
f 1870//1870 1960//1960 2704//2704
f 2704//2704 2644//2644 1870//1870
f 2686//2686 2696//2696 2705//2705
f 2687//2687 2705//2705 2658//2658
f 2696//2696 1956//1956 1957//1957
f 2705//2705 1957//1957 1901//1901
f 2706//2706 2707//2707 2708//2708
f 2708//2708 2709//2709 1094//1094
f 2707//2707 2626//2626 2629//2629
f 2709//2709 2629//2629 1101//1101
f 2706//2706 2708//2708 2710//2710
f 2711//2711 2710//2710 2712//2712
f 2708//2708 1094//1094 1097//1097
f 2710//2710 1097//1097 2713//2713
f 2706//2706 2711//2711 2714//2714
f 2714//2714 2715//2715 1977//1977
f 2711//2711 2716//2716 2715//2715
f 2715//2715 2717//2717 1978//1978
f 2706//2706 2714//2714 2718//2718
f 2707//2707 2718//2718 2626//2626
f 2714//2714 1977//1977 2718//2718
f 2718//2718 1972//1972 2640//2640
f 2719//2719 2720//2720 2721//2721
f 2722//2722 2721//2721 1887//1887
f 2720//2720 2723//2723 2721//2721
f 2721//2721 2724//2724 1887//1887
f 2719//2719 2722//2722 2725//2725
f 2725//2725 2726//2726 2727//2727
f 2722//2722 1886//1886 2726//2726
f 2726//2726 1881//1881 2728//2728
f 2719//2719 2725//2725 2729//2729
f 2730//2730 2729//2729 2104//2104
f 2725//2725 2727//2727 2731//2731
f 2729//2729 2731//2731 2181//2181
f 2719//2719 2730//2730 2720//2720
f 2720//2720 2732//2732 2733//2733
f 2730//2730 2103//2103 2732//2732
f 2732//2732 2097//2097 2172//2172
f 2734//2734 2735//2735 2736//2736
f 2737//2737 2736//2736 1909//1909
f 2735//2735 2738//2738 2739//2739
f 2736//2736 2739//2739 1926//1926
f 2734//2734 2737//2737 2740//2740
f 2741//2741 2740//2740 2742//2742
f 2737//2737 1904//1904 1907//1907
f 2740//2740 1907//1907 1967//1967
f 2734//2734 2741//2741 2743//2743
f 2744//2744 2743//2743 2123//2123
f 2741//2741 2745//2745 2743//2743
f 2743//2743 2746//2746 2123//2123
f 2734//2734 2744//2744 2735//2735
f 2735//2735 2747//2747 2738//2738
f 2744//2744 2122//2122 2747//2747
f 2747//2747 2115//2115 2748//2748
f 2749//2749 2750//2750 2751//2751
f 2752//2752 2751//2751 1929//1929
f 2750//2750 2753//2753 2754//2754
f 2751//2751 2754//2754 1946//1946
f 2749//2749 2752//2752 2755//2755
f 2755//2755 2756//2756 2738//2738
f 2752//2752 1928//1928 2756//2756
f 2756//2756 1925//1925 2739//2739
f 2749//2749 2755//2755 2757//2757
f 2758//2758 2757//2757 2142//2142
f 2755//2755 2738//2738 2748//2748
f 2757//2757 2748//2748 2118//2118
f 2749//2749 2758//2758 2750//2750
f 2759//2759 2760//2760 2753//2753
f 2758//2758 2141//2141 2759//2759
f 2759//2759 2135//2135 2760//2760
f 2761//2761 2762//2762 2763//2763
f 2764//2764 2763//2763 1950//1950
f 2762//2762 2765//2765 2766//2766
f 2763//2763 2766//2766 1951//1951
f 2764//2764 2767//2767 2768//2768
f 2768//2768 2767//2767 2753//2753
f 2764//2764 1949//1949 2767//2767
f 2767//2767 1945//1945 2754//2754
f 2761//2761 2768//2768 2769//2769
f 2770//2770 2769//2769 2158//2158
f 2768//2768 2753//2753 2760//2760
f 2769//2769 2760//2760 2138//2138
f 2761//2761 2770//2770 2762//2762
f 2762//2762 2771//2771 2765//2765
f 2770//2770 2157//2157 2771//2771
f 2771//2771 2151//2151 2772//2772
f 2773//2773 2774//2774 2775//2775
f 2775//2775 2776//2776 1963//1963
f 2774//2774 2745//2745 2776//2776
f 2776//2776 2742//2742 1966//1966
f 2773//2773 2775//2775 2777//2777
f 2778//2778 2777//2777 2724//2724
f 2775//2775 1963//1963 1964//1964
f 2777//2777 1964//1964 1888//1888
f 2773//2773 2778//2778 2779//2779
f 2779//2779 2780//2780 2167//2167
f 2723//2723 2733//2733 2780//2780
f 2780//2780 2733//2733 2171//2171
f 2773//2773 2779//2779 2781//2781
f 2774//2774 2781//2781 2746//2746
f 2779//2779 2167//2167 2168//2168
f 2781//2781 2168//2168 2124//2124
f 2782//2782 2783//2783 2784//2784
f 2785//2785 2784//2784 1988//1988
f 2783//2783 2727//2727 2728//2728
f 2784//2784 2728//2728 1883//1883
f 2785//2785 2786//2786 2787//2787
f 2787//2787 2786//2786 2788//2788
f 2785//2785 1987//1987 2786//2786
f 1982//1982 1985//1985 2789//2789
f 2782//2782 2787//2787 2790//2790
f 2791//2791 2790//2790 2186//2186
f 2787//2787 2788//2788 2792//2792
f 2790//2790 2792//2792 2793//2793
f 2791//2791 2794//2794 2783//2783
f 2783//2783 2794//2794 2727//2727
f 2791//2791 2185//2185 2794//2794
f 2794//2794 2180//2180 2731//2731
f 2795//2795 2796//2796 2797//2797
f 2798//2798 2797//2797 2799//2799
f 2796//2796 2800//2800 2801//2801
f 2797//2797 2801//2801 2802//2802
f 2795//2795 2798//2798 2803//2803
f 2803//2803 2804//2804 2805//2805
f 2798//2798 2806//2806 2804//2804
f 2804//2804 2807//2807 2808//2808
f 2795//2795 2803//2803 2809//2809
f 2810//2810 2809//2809 2811//2811
f 2803//2803 2805//2805 2812//2812
f 2809//2809 2812//2812 2813//2813
f 2795//2795 2810//2810 2814//2814
f 2796//2796 2814//2814 2815//2815
f 2810//2810 2811//2811 2816//2816
f 2814//2814 2816//2816 2817//2817
f 2818//2818 2819//2819 2820//2820
f 2821//2821 2820//2820 2822//2822
f 2819//2819 2823//2823 2824//2824
f 2820//2820 2824//2824 2825//2825
f 2818//2818 2821//2821 2826//2826
f 2826//2826 2827//2827 2828//2828
f 2821//2821 2829//2829 2827//2827
f 2827//2827 2830//2830 2831//2831
f 2818//2818 2826//2826 2832//2832
f 2833//2833 2832//2832 2834//2834
f 2826//2826 2828//2828 2835//2835
f 2832//2832 2835//2835 2836//2836
f 2818//2818 2833//2833 2819//2819
f 2819//2819 2837//2837 2823//2823
f 2833//2833 2838//2838 2837//2837
f 2837//2837 2839//2839 2840//2840
f 2841//2841 2842//2842 2843//2843
f 2844//2844 2843//2843 2845//2845
f 2842//2842 2828//2828 2831//2831
f 2843//2843 2831//2831 2846//2846
f 2841//2841 2844//2844 2847//2847
f 2847//2847 2848//2848 65//65
f 2844//2844 2849//2849 2848//2848
f 2848//2848 2850//2850 66//66
f 2841//2841 2847//2847 2851//2851
f 2852//2852 2851//2851 2853//2853
f 2847//2847 65//65 61//61
f 2851//2851 61//61 63//63
f 2841//2841 2852//2852 2842//2842
f 2842//2842 2854//2854 2828//2828
f 2852//2852 2855//2855 2854//2854
f 2854//2854 2856//2856 2835//2835
f 2857//2857 2858//2858 2859//2859
f 2860//2860 2859//2859 2839//2839
f 2858//2858 2861//2861 2862//2862
f 2859//2859 2862//2862 2863//2863
f 2857//2857 2860//2860 2864//2864
f 2864//2864 2865//2865 2866//2866
f 2860//2860 2838//2838 2865//2865
f 2865//2865 2834//2834 2867//2867
f 2857//2857 2864//2864 2868//2868
f 2869//2869 2868//2868 2870//2870
f 2864//2864 2866//2866 2871//2871
f 2868//2868 2871//2871 2872//2872
f 2857//2857 2869//2869 2858//2858
f 2858//2858 2873//2873 2861//2861
f 2869//2869 2874//2874 2873//2873
f 2873//2873 2875//2875 2876//2876
f 2877//2877 2878//2878 2879//2879
f 2880//2880 2879//2879 2856//2856
f 2878//2878 2866//2866 2867//2867
f 2879//2879 2867//2867 2836//2836
f 2877//2877 2880//2880 2881//2881
f 2881//2881 2882//2882 102//102
f 2880//2880 2855//2855 2882//2882
f 2882//2882 2853//2853 103//103
f 2877//2877 2881//2881 2883//2883
f 2884//2884 2883//2883 2885//2885
f 2881//2881 102//102 98//98
f 2883//2883 98//98 100//100
f 2877//2877 2884//2884 2878//2878
f 2878//2878 2886//2886 2866//2866
f 2884//2884 2887//2887 2886//2886
f 2888//2888 2872//2872 2871//2871
f 2889//2889 2890//2890 2891//2891
f 2891//2891 2892//2892 2875//2875
f 2890//2890 2893//2893 2892//2892
f 2892//2892 2894//2894 2895//2895
f 2889//2889 2891//2891 2896//2896
f 2897//2897 2896//2896 2898//2898
f 2891//2891 2874//2874 2896//2896
f 2896//2896 2870//2870 2898//2898
f 2889//2889 2897//2897 2899//2899
f 2899//2899 2900//2900 2901//2901
f 2897//2897 2902//2902 2900//2900
f 2900//2900 2903//2903 2904//2904
f 2889//2889 2899//2899 2905//2905
f 2890//2890 2905//2905 2906//2906
f 2899//2899 2901//2901 2907//2907
f 2905//2905 2907//2907 2908//2908
f 2909//2909 2910//2910 2911//2911
f 2911//2911 2912//2912 2888//2888
f 2910//2910 2902//2902 2912//2912
f 2912//2912 2898//2898 2872//2872
f 2909//2909 2911//2911 2913//2913
f 2914//2914 2913//2913 138//138
f 2911//2911 2887//2887 2913//2913
f 2913//2913 2885//2885 138//138
f 2909//2909 2914//2914 2915//2915
f 2915//2915 2916//2916 2917//2917
f 2914//2914 133//133 2916//2916
f 2916//2916 136//136 2918//2918
f 2909//2909 2915//2915 2919//2919
f 2910//2910 2919//2919 2903//2903
f 2915//2915 2917//2917 2920//2920
f 2919//2919 2920//2920 2921//2921
f 2922//2922 2923//2923 2924//2924
f 2924//2924 2925//2925 2901//2901
f 2923//2923 2926//2926 2925//2925
f 2925//2925 2927//2927 2907//2907
f 2922//2922 2924//2924 2928//2928
f 2929//2929 2928//2928 2930//2930
f 2924//2924 2901//2901 2904//2904
f 2928//2928 2904//2904 2921//2921
f 2922//2922 2929//2929 2931//2931
f 2931//2931 2932//2932 2933//2933
f 2929//2929 2934//2934 2932//2932
f 2932//2932 2935//2935 2936//2936
f 2922//2922 2931//2931 2937//2937
f 2923//2923 2937//2937 2938//2938
f 2931//2931 2933//2933 2939//2939
f 2937//2937 2939//2939 2940//2940
f 2941//2941 2942//2942 2943//2943
f 2943//2943 2944//2944 2917//2917
f 2942//2942 2934//2934 2944//2944
f 2944//2944 2930//2930 2920//2920
f 2941//2941 2943//2943 2945//2945
f 2946//2946 2945//2945 173//173
f 2943//2943 2917//2917 2918//2918
f 2945//2945 2918//2918 174//174
f 2941//2941 2946//2946 2947//2947
f 2947//2947 2948//2948 2949//2949
f 2946//2946 168//168 2948//2948
f 2948//2948 171//171 2950//2950
f 2941//2941 2947//2947 2951//2951
f 2942//2942 2951//2951 2935//2935
f 2947//2947 2949//2949 2952//2952
f 2951//2951 2952//2952 2953//2953
f 2954//2954 2955//2955 2956//2956
f 2956//2956 2957//2957 2958//2958
f 2955//2955 2959//2959 2957//2957
f 2957//2957 2960//2960 2961//2961
f 2954//2954 2956//2956 2962//2962
f 2963//2963 2962//2962 2964//2964
f 2956//2956 2958//2958 2965//2965
f 2962//2962 2965//2965 2966//2966
f 2954//2954 2963//2963 2967//2967
f 2967//2967 2968//2968 2969//2969
f 2963//2963 2970//2970 2968//2968
f 2968//2968 2971//2971 2972//2972
f 2954//2954 2967//2967 2973//2973
f 2955//2955 2973//2973 2974//2974
f 2967//2967 2969//2969 2975//2975
f 2973//2973 2975//2975 2976//2976
f 2977//2977 2978//2978 2979//2979
f 2979//2979 2980//2980 203//203
f 2978//2978 2981//2981 2980//2980
f 2980//2980 2982//2982 205//205
f 2977//2977 2979//2979 2983//2983
f 2984//2984 2983//2983 2985//2985
f 2979//2979 203//203 218//218
f 2983//2983 218//218 220//220
f 2977//2977 2984//2984 2986//2986
f 2986//2986 2987//2987 2988//2988
f 2984//2984 2989//2989 2987//2987
f 2987//2987 2990//2990 2991//2991
f 2977//2977 2986//2986 2992//2992
f 2978//2978 2992//2992 2993//2993
f 2986//2986 2988//2988 2994//2994
f 2993//2993 2992//2992 2995//2995
f 2996//2996 2997//2997 2998//2998
f 2999//2999 2998//2998 3000//3000
f 2997//2997 3001//3001 3002//3002
f 2998//2998 3002//3002 3003//3003
f 2996//2996 2999//2999 3004//3004
f 3004//3004 3005//3005 3006//3006
f 2999//2999 3007//3007 3005//3005
f 3005//3005 3008//3008 3009//3009
f 2996//2996 3004//3004 3010//3010
f 3011//3011 3010//3010 3012//3012
f 3004//3004 3006//3006 3013//3013
f 3010//3010 3013//3013 3014//3014
f 2996//2996 3011//3011 2997//2997
f 2997//2997 3015//3015 3001//3001
f 3011//3011 3016//3016 3015//3015
f 3015//3015 3017//3017 3018//3018
f 3019//3019 3020//3020 3021//3021
f 3022//3022 3021//3021 3023//3023
f 3020//3020 3006//3006 3009//3009
f 3021//3021 3009//3009 3024//3024
f 3019//3019 3022//3022 3025//3025
f 3025//3025 3026//3026 3027//3027
f 3022//3022 3028//3028 3026//3026
f 3026//3026 3029//3029 3030//3030
f 3019//3019 3025//3025 3031//3031
f 3032//3032 3031//3031 3033//3033
f 3025//3025 3027//3027 3034//3034
f 3031//3031 3034//3034 3035//3035
f 3019//3019 3032//3032 3020//3020
f 3020//3020 3036//3036 3006//3006
f 3032//3032 3037//3037 3036//3036
f 3036//3036 3038//3038 3013//3013
f 3039//3039 3040//3040 3041//3041
f 3042//3042 3041//3041 3043//3043
f 3040//3040 3027//3027 3030//3030
f 3041//3041 3030//3030 3044//3044
f 3039//3039 3042//3042 3045//3045
f 3045//3045 3046//3046 2959//2959
f 3042//3042 3047//3047 3046//3046
f 2960//2960 3046//3046 3048//3048
f 3039//3039 3045//3045 3049//3049
f 3050//3050 3049//3049 3051//3051
f 3045//3045 2959//2959 2974//2974
f 3049//3049 2974//2974 3051//3051
f 3039//3039 3050//3050 3040//3040
f 3040//3040 3052//3052 3027//3027
f 3050//3050 3053//3053 3052//3052
f 3052//3052 3054//3054 3034//3034
f 3055//3055 3056//3056 3057//3057
f 3058//3058 3057//3057 3017//3017
f 3056//3056 3059//3059 3060//3060
f 3057//3057 3060//3060 3061//3061
f 3055//3055 3058//3058 3062//3062
f 3062//3062 3063//3063 3064//3064
f 3058//3058 3016//3016 3063//3063
f 3063//3063 3012//3012 3065//3065
f 3055//3055 3062//3062 3066//3066
f 3067//3067 3066//3066 296//296
f 3062//3062 3064//3064 3068//3068
f 3066//3066 3068//3068 297//297
f 3055//3055 3067//3067 3056//3056
f 3056//3056 3069//3069 3059//3059
f 3067//3067 289//289 3069//3069
f 3069//3069 292//292 3070//3070
f 3071//3071 3072//3072 3073//3073
f 3074//3074 3073//3073 3038//3038
f 3072//3072 3064//3064 3065//3065
f 3073//3073 3065//3065 3014//3014
f 3071//3071 3074//3074 3075//3075
f 3075//3075 3076//3076 3077//3077
f 3074//3074 3037//3037 3076//3076
f 3076//3076 3033//3033 3078//3078
f 3071//3071 3075//3075 3079//3079
f 3080//3080 3079//3079 312//312
f 3075//3075 3077//3077 3081//3081
f 3079//3079 3081//3081 313//313
f 3071//3071 3080//3080 3072//3072
f 3072//3072 3082//3082 3064//3064
f 3080//3080 307//307 3082//3082
f 3082//3082 308//308 3068//3068
f 3083//3083 3084//3084 3085//3085
f 3086//3086 3085//3085 3087//3087
f 3084//3084 3077//3077 3078//3078
f 3085//3085 3078//3078 3035//3035
f 3083//3083 3086//3086 3088//3088
f 3088//3088 3089//3089 3090//3090
f 3086//3086 3091//3091 3089//3089
f 3089//3089 3092//3092 3093//3093
f 3083//3083 3088//3088 3094//3094
f 3095//3095 3094//3094 330//330
f 3088//3088 3090//3090 3096//3096
f 3094//3094 3096//3096 331//331
f 3083//3083 3095//3095 3084//3084
f 3084//3084 3097//3097 3077//3077
f 3095//3095 325//325 3097//3097
f 3097//3097 326//326 3081//3081
f 3098//3098 3099//3099 3100//3100
f 3101//3101 3100//3100 3102//3102
f 3099//3099 3103//3103 3100//3100
f 3100//3100 3104//3104 3105//3105
f 3098//3098 3101//3101 3106//3106
f 3106//3106 3107//3107 3108//3108
f 3101//3101 3102//3102 3107//3107
f 3107//3107 3109//3109 3110//3110
f 3098//3098 3106//3106 3111//3111
f 3112//3112 3111//3111 3113//3113
f 3106//3106 3108//3108 3114//3114
f 3111//3111 3114//3114 3115//3115
f 3098//3098 3112//3112 3099//3099
f 3099//3099 3116//3116 3117//3117
f 3118//3118 3119//3119 3116//3116
f 3116//3116 3119//3119 3117//3117
f 3120//3120 3121//3121 3122//3122
f 3122//3122 3123//3123 3124//3124
f 3121//3121 3125//3125 3123//3123
f 3123//3123 3126//3126 3127//3127
f 3120//3120 3122//3122 3128//3128
f 3129//3129 3128//3128 3130//3130
f 3122//3122 3124//3124 3131//3131
f 3128//3128 3131//3131 3130//3130
f 3120//3120 3129//3129 3132//3132
f 3132//3132 3133//3133 2800//2800
f 3129//3129 3134//3134 3133//3133
f 3133//3133 3135//3135 2801//2801
f 3120//3120 3132//3132 3136//3136
f 3121//3121 3136//3136 3137//3137
f 3132//3132 2800//2800 2815//2815
f 2815//2815 2817//2817 3137//3137
f 3138//3138 3139//3139 3140//3140
f 3141//3141 3140//3140 3142//3142
f 3139//3139 3143//3143 3144//3144
f 3140//3140 3144//3144 3145//3145
f 3138//3138 3141//3141 3146//3146
f 3146//3146 3147//3147 3148//3148
f 3141//3141 3149//3149 3147//3147
f 3147//3147 3150//3150 3151//3151
f 3138//3138 3146//3146 3152//3152
f 3153//3153 3152//3152 3154//3154
f 3146//3146 3155//3155 3156//3156
f 3152//3152 3156//3156 3157//3157
f 3138//3138 3153//3153 3139//3139
f 3139//3139 3158//3158 3143//3143
f 3153//3153 3159//3159 3158//3158
f 3158//3158 3160//3160 3161//3161
f 3162//3162 3163//3163 3164//3164
f 3165//3165 3164//3164 3119//3119
f 3163//3163 3166//3166 3167//3167
f 3164//3164 3167//3167 3168//3168
f 3162//3162 3165//3165 3169//3169
f 3169//3169 3170//3170 3171//3171
f 3165//3165 3118//3118 3170//3170
f 3170//3170 3113//3113 3172//3172
f 3162//3162 3169//3169 3173//3173
f 3174//3174 3173//3173 3175//3175
f 3169//3169 3171//3171 3176//3176
f 3173//3173 3176//3176 3175//3175
f 3162//3162 3174//3174 3163//3163
f 3163//3163 3177//3177 3166//3166
f 3174//3174 3178//3178 3177//3177
f 3177//3177 3179//3179 3180//3180
f 3181//3181 3182//3182 3183//3183
f 3183//3183 3184//3184 3108//3108
f 3182//3182 3185//3185 3184//3184
f 3184//3184 3186//3186 3114//3114
f 3181//3181 3183//3183 3187//3187
f 3188//3188 3187//3187 3189//3189
f 3183//3183 3108//3108 3110//3110
f 3187//3187 3110//3110 3190//3190
f 3181//3181 3188//3188 3191//3191
f 3191//3191 3192//3192 3143//3143
f 3188//3188 3193//3193 3192//3192
f 3192//3192 3194//3194 3144//3144
f 3181//3181 3191//3191 3195//3195
f 3182//3182 3195//3195 3196//3196
f 3191//3191 3143//3143 3161//3161
f 3195//3195 3161//3161 3197//3197
f 3198//3198 3199//3199 3200//3200
f 3201//3201 3200//3200 3202//3202
f 3199//3199 3203//3203 3200//3200
f 3200//3200 3204//3204 3205//3205
f 3198//3198 3201//3201 3206//3206
f 3206//3206 3207//3207 3208//3208
f 3201//3201 3202//3202 3207//3207
f 3207//3207 3209//3209 3210//3210
f 3198//3198 3206//3206 3211//3211
f 3212//3212 3211//3211 3213//3213
f 3206//3206 3208//3208 3214//3214
f 3211//3211 3214//3214 3213//3213
f 3198//3198 3212//3212 3199//3199
f 3199//3199 3215//3215 3203//3203
f 3212//3212 3216//3216 3215//3215
f 3215//3215 3217//3217 3218//3218
f 3219//3219 3220//3220 3221//3221
f 3221//3221 3222//3222 3223//3223
f 3220//3220 3224//3224 3225//3225
f 3222//3222 3225//3225 3226//3226
f 3219//3219 3221//3221 3227//3227
f 3228//3228 3227//3227 3160//3160
f 3221//3221 3229//3229 3230//3230
f 3227//3227 3230//3230 3197//3197
f 3219//3219 3228//3228 3231//3231
f 3231//3231 3232//3232 3233//3233
f 3228//3228 3159//3159 3232//3232
f 3232//3232 3154//3154 3234//3234
f 3219//3219 3231//3231 3235//3235
f 3220//3220 3235//3235 3236//3236
f 3231//3231 3233//3233 3237//3237
f 3235//3235 3237//3237 3238//3238
f 3239//3239 3240//3240 3241//3241
f 3242//3242 3241//3241 3243//3243
f 3240//3240 3244//3244 3245//3245
f 3241//3241 3245//3245 3246//3246
f 3239//3239 3242//3242 3247//3247
f 3247//3247 3248//3248 3249//3249
f 3242//3242 3250//3250 3248//3248
f 3248//3248 3251//3251 3252//3252
f 3239//3239 3247//3247 3253//3253
f 3254//3254 3253//3253 3255//3255
f 3247//3247 3256//3256 3253//3253
f 3253//3253 3257//3257 3258//3258
f 3239//3239 3254//3254 3240//3240
f 3240//3240 3259//3259 3244//3244
f 3254//3254 3260//3260 3259//3259
f 3259//3259 3261//3261 3262//3262
f 3263//3263 3264//3264 3265//3265
f 3266//3266 3265//3265 3267//3267
f 3264//3264 3216//3216 3213//3213
f 3265//3265 3213//3213 3268//3268
f 3263//3263 3266//3266 3269//3269
f 3269//3269 3270//3270 3271//3271
f 3266//3266 3272//3272 3270//3270
f 3270//3270 3273//3273 3274//3274
f 3263//3263 3269//3269 3275//3275
f 3276//3276 3275//3275 3277//3277
f 3269//3269 3271//3271 3278//3278
f 3275//3275 3278//3278 3279//3279
f 3263//3263 3276//3276 3280//3280
f 3264//3264 3280//3280 3217//3217
f 3276//3276 3277//3277 3281//3281
f 3280//3280 3281//3281 3282//3282
f 3283//3283 3284//3284 3285//3285
f 3285//3285 3286//3286 3287//3287
f 3284//3284 3288//3288 3286//3286
f 3286//3286 3289//3289 3290//3290
f 3283//3283 3285//3285 3291//3291
f 3291//3291 3292//3292 3293//3293
f 3285//3285 3287//3287 3294//3294
f 3292//3292 3294//3294 3295//3295
f 3283//3283 3291//3291 3296//3296
f 3297//3297 3296//3296 3298//3298
f 3291//3291 3293//3293 3299//3299
f 3296//3296 3299//3299 3300//3300
f 3283//3283 3297//3297 3284//3284
f 3284//3284 3301//3301 3302//3302
f 3297//3297 3303//3303 3301//3301
f 3301//3301 3304//3304 3302//3302
f 3305//3305 3306//3306 3307//3307
f 3308//3308 3307//3307 3309//3309
f 3306//3306 3310//3310 3311//3311
f 3307//3307 3311//3311 3312//3312
f 3305//3305 3308//3308 3313//3313
f 3313//3313 3314//3314 2805//2805
f 3308//3308 3315//3315 3314//3314
f 3314//3314 3316//3316 2812//2812
f 3305//3305 3313//3313 3317//3317
f 3318//3318 3317//3317 3319//3319
f 3313//3313 2805//2805 2808//2808
f 3317//3317 2808//2808 3320//3320
f 3305//3305 3318//3318 3306//3306
f 3306//3306 3321//3321 3310//3310
f 3318//3318 3322//3322 3321//3321
f 3321//3321 3323//3323 3324//3324
f 3325//3325 3326//3326 3327//3327
f 3328//3328 3327//3327 3261//3261
f 3326//3326 3329//3329 3327//3327
f 3327//3327 3330//3330 3331//3331
f 3325//3325 3328//3328 3332//3332
f 3332//3332 3333//3333 3334//3334
f 3328//3328 3260//3260 3333//3333
f 3333//3333 3255//3255 3335//3335
f 3325//3325 3332//3332 3336//3336
f 3337//3337 3336//3336 3209//3209
f 3332//3332 3334//3334 3338//3338
f 3336//3336 3338//3338 3339//3339
f 3325//3325 3337//3337 3326//3326
f 3326//3326 3340//3340 3341//3341
f 3337//3337 3202//3202 3205//3205
f 3340//3340 3205//3205 3342//3342
f 3343//3343 3344//3344 3345//3345
f 3346//3346 3345//3345 3347//3347
f 3344//3344 3348//3348 3349//3349
f 3345//3345 3349//3349 3350//3350
f 3343//3343 3346//3346 3351//3351
f 3351//3351 3352//3352 3353//3353
f 3346//3346 3354//3354 3352//3352
f 3352//3352 3355//3355 3356//3356
f 3343//3343 3351//3351 3357//3357
f 3358//3358 3357//3357 3251//3251
f 3351//3351 3353//3353 3359//3359
f 3357//3357 3359//3359 3251//3251
f 3343//3343 3358//3358 3344//3344
f 3344//3344 3360//3360 3348//3348
f 3358//3358 3250//3250 3360//3360
f 3360//3360 3243//3243 3361//3361
f 3362//3362 3363//3363 3364//3364
f 3365//3365 3364//3364 2933//2933
f 3363//3363 3366//3366 3367//3367
f 3364//3364 3367//3367 2939//2939
f 3362//3362 3365//3365 3368//3368
f 3368//3368 3369//3369 3370//3370
f 3365//3365 2933//2933 2936//2936
f 3369//3369 2936//2936 2953//2953
f 3362//3362 3368//3368 3371//3371
f 3372//3372 3371//3371 3373//3373
f 3368//3368 3374//3374 3375//3375
f 3371//3371 3375//3375 3376//3376
f 3362//3362 3372//3372 3363//3363
f 3363//3363 3377//3377 3366//3366
f 3372//3372 3378//3378 3377//3377
f 3377//3377 3379//3379 3380//3380
f 3381//3381 3382//3382 3383//3383
f 3383//3383 3384//3384 2949//2949
f 3382//3382 3374//3374 3384//3384
f 3384//3384 3370//3370 2952//2952
f 3381//3381 3383//3383 3385//3385
f 3386//3386 3385//3385 630//630
f 3383//3383 2949//2949 2950//2950
f 3385//3385 2950//2950 631//631
f 3381//3381 3386//3386 3387//3387
f 3388//3388 3387//3387 3389//3389
f 3386//3386 626//626 3387//3387
f 3387//3387 3390//3390 628//628
f 3381//3381 3388//3388 3382//3382
f 3382//3382 3391//3391 3374//3374
f 3388//3388 3392//3392 3391//3391
f 3391//3391 3393//3393 3375//3375
f 3394//3394 3395//3395 3396//3396
f 3397//3397 3396//3396 3379//3379
f 3395//3395 3398//3398 3399//3399
f 3396//3396 3399//3399 3400//3400
f 3394//3394 3397//3397 3401//3401
f 3401//3401 3402//3402 3403//3403
f 3397//3397 3378//3378 3402//3402
f 3402//3402 3373//3373 3404//3404
f 3394//3394 3401//3401 3405//3405
f 3406//3406 3405//3405 3407//3407
f 3401//3401 3403//3403 3408//3408
f 3405//3405 3408//3408 3407//3407
f 3394//3394 3406//3406 3395//3395
f 3395//3395 3409//3409 3398//3398
f 3406//3406 3410//3410 3409//3409
f 3409//3409 3411//3411 3412//3412
f 3413//3413 3414//3414 3415//3415
f 3415//3415 3416//3416 3393//3393
f 3414//3414 3403//3403 3404//3404
f 3416//3416 3404//3404 3376//3376
f 3413//3413 3415//3415 3417//3417
f 3418//3418 3417//3417 666//666
f 3415//3415 3392//3392 3417//3417
f 3417//3417 3389//3389 628//628
f 3413//3413 3418//3418 3419//3419
f 3419//3419 3420//3420 3421//3421
f 3418//3418 661//661 3420//3420
f 3420//3420 664//664 3422//3422
f 3413//3413 3419//3419 3423//3423
f 3414//3414 3423//3423 3408//3408
f 3419//3419 3421//3421 3424//3424
f 3423//3423 3424//3424 3425//3425
f 3426//3426 3427//3427 3428//3428
f 3428//3428 3429//3429 3410//3410
f 3427//3427 3430//3430 3429//3429
f 3429//3429 3431//3431 3411//3411
f 3426//3426 3428//3428 3432//3432
f 3433//3433 3432//3432 3434//3434
f 3428//3428 3410//3410 3407//3407
f 3432//3432 3407//3407 3425//3425
f 3426//3426 3433//3433 3435//3435
f 3435//3435 3436//3436 3437//3437
f 3433//3433 3438//3438 3436//3436
f 3436//3436 3439//3439 3440//3440
f 3426//3426 3435//3435 3441//3441
f 3427//3427 3441//3441 3442//3442
f 3435//3435 3437//3437 3443//3443
f 3441//3441 3443//3443 3444//3444
f 3445//3445 3446//3446 3447//3447
f 3447//3447 3448//3448 3421//3421
f 3446//3446 3438//3438 3448//3448
f 3448//3448 3434//3434 3424//3424
f 3445//3445 3447//3447 3449//3449
f 3450//3450 3449//3449 701//701
f 3447//3447 3421//3421 3422//3422
f 3449//3449 3422//3422 702//702
f 3445//3445 3450//3450 3451//3451
f 3451//3451 3452//3452 3453//3453
f 3450//3450 696//696 3452//3452
f 3452//3452 699//699 3454//3454
f 3445//3445 3451//3451 3455//3455
f 3446//3446 3455//3455 3439//3439
f 3451//3451 3453//3453 3456//3456
f 3455//3455 3456//3456 3457//3457
f 3458//3458 3459//3459 3460//3460
f 3460//3460 3461//3461 3437//3437
f 3459//3459 3462//3462 3461//3461
f 3461//3461 3463//3463 3443//3443
f 3458//3458 3460//3460 3464//3464
f 3465//3465 3464//3464 3466//3466
f 3460//3460 3437//3437 3440//3440
f 3464//3464 3440//3440 3457//3457
f 3458//3458 3465//3465 3467//3467
f 3467//3467 3468//3468 2971//2971
f 3465//3465 3469//3469 3468//3468
f 3468//3468 3470//3470 2971//2971
f 3458//3458 3467//3467 3471//3471
f 3459//3459 3471//3471 3472//3472
f 3467//3467 2970//2970 3471//3471
f 3471//3471 2964//2964 3472//3472
f 3473//3473 3474//3474 3475//3475
f 3475//3475 3476//3476 3453//3453
f 3474//3474 3469//3469 3476//3476
f 3476//3476 3466//3466 3456//3456
f 3473//3473 3475//3475 3477//3477
f 3478//3478 3477//3477 730//730
f 3475//3475 3453//3453 3454//3454
f 3477//3477 3454//3454 731//731
f 3473//3473 3478//3478 3479//3479
f 3479//3479 3480//3480 2981//2981
f 3478//3478 726//726 3480//3480
f 3480//3480 728//728 2982//2982
f 3473//3473 3479//3479 3481//3481
f 3474//3474 3481//3481 3469//3469
f 3479//3479 2981//2981 3481//3481
f 3481//3481 2993//2993 3470//3470
f 3482//3482 3483//3483 3484//3484
f 3485//3485 3484//3484 3486//3486
f 3483//3483 3487//3487 3488//3488
f 3484//3484 3488//3488 3489//3489
f 3482//3482 3485//3485 3490//3490
f 3491//3491 3490//3490 3492//3492
f 3485//3485 3493//3493 3494//3494
f 3490//3490 3494//3494 3495//3495
f 3482//3482 3491//3491 3496//3496
f 3496//3496 3497//3497 742//742
f 3491//3491 3498//3498 3497//3497
f 3497//3497 3499//3499 749//749
f 3482//3482 3496//3496 3483//3483
f 3483//3483 3500//3500 3487//3487
f 3496//3496 742//742 3500//3500
f 3500//3500 745//745 3501//3501
f 3502//3502 3503//3503 3504//3504
f 3504//3504 3505//3505 759//759
f 3503//3503 2989//2989 3505//3505
f 3505//3505 2985//2985 760//760
f 3502//3502 3504//3504 3506//3506
f 3507//3507 3506//3506 3508//3508
f 3504//3504 759//759 772//772
f 3506//3506 772//772 774//774
f 3502//3502 3507//3507 3509//3509
f 3509//3509 3510//3510 3511//3511
f 3507//3507 3512//3512 3510//3510
f 3510//3510 3513//3513 3514//3514
f 3502//3502 3509//3509 3515//3515
f 3503//3503 3515//3515 2990//2990
f 3509//3509 3511//3511 3516//3516
f 3515//3515 3516//3516 3517//3517
f 3518//3518 3519//3519 3520//3520
f 3520//3520 3521//3521 3511//3511
f 3519//3519 3522//3522 3521//3521
f 3521//3521 3523//3523 3516//3516
f 3518//3518 3520//3520 3524//3524
f 3525//3525 3524//3524 3526//3526
f 3520//3520 3511//3511 3514//3514
f 3524//3524 3514//3514 3527//3527
f 3518//3518 3525//3525 3528//3528
f 3529//3529 3528//3528 3530//3530
f 3525//3525 3531//3531 3532//3532
f 3532//3532 3533//3533 3530//3530
f 3518//3518 3528//3528 3534//3534
f 3519//3519 3534//3534 3522//3522
f 3528//3528 3529//3529 3534//3534
f 3534//3534 3535//3535 3536//3536
f 3537//3537 3538//3538 3539//3539
f 3540//3540 3539//3539 3535//3535
f 3538//3538 3541//3541 3542//3542
f 3539//3539 3542//3542 3543//3543
f 3537//3537 3540//3540 3544//3544
f 3544//3544 3545//3545 3546//3546
f 3540//3540 3529//3529 3545//3545
f 3545//3545 3530//3530 3547//3547
f 3537//3537 3544//3544 3548//3548
f 3549//3549 3548//3548 3550//3550
f 3544//3544 3546//3546 3551//3551
f 3548//3548 3551//3551 3489//3489
f 3537//3537 3549//3549 3538//3538
f 3538//3538 3552//3552 3541//3541
f 3549//3549 3553//3553 3552//3552
f 3552//3552 3554//3554 3555//3555
f 3556//3556 3557//3557 3558//3558
f 3558//3558 3559//3559 3560//3560
f 3557//3557 3561//3561 3559//3559
f 3559//3559 3562//3562 3563//3563
f 3556//3556 3558//3558 3564//3564
f 3565//3565 3564//3564 3566//3566
f 3558//3558 3560//3560 3567//3567
f 3564//3564 3567//3567 3568//3568
f 3556//3556 3565//3565 3569//3569
f 3569//3569 3570//3570 3571//3571
f 3565//3565 3572//3572 3570//3570
f 3570//3570 3573//3573 3574//3574
f 3556//3556 3569//3569 3575//3575
f 3557//3557 3575//3575 3576//3576
f 3569//3569 3571//3571 3577//3577
f 3575//3575 3577//3577 3495//3495
f 3578//3578 3579//3579 3580//3580
f 3581//3581 3580//3580 3582//3582
f 3579//3579 3053//3053 3051//3051
f 3580//3580 3051//3051 2976//2976
f 3578//3578 3581//3581 3583//3583
f 3583//3583 3584//3584 3541//3541
f 3581//3581 3585//3585 3584//3584
f 3584//3584 3586//3586 3542//3542
f 3578//3578 3583//3583 3587//3587
f 3588//3588 3587//3587 3092//3092
f 3583//3583 3541//3541 3555//3555
f 3587//3587 3555//3555 3589//3589
f 3578//3578 3588//3588 3579//3579
f 3579//3579 3590//3590 3053//3053
f 3588//3588 3091//3091 3590//3590
f 3590//3590 3087//3087 3054//3054
f 3591//3591 3592//3592 3593//3593
f 3593//3593 3594//3594 2988//2988
f 3592//3592 2969//2969 3594//3594
f 3594//3594 2972//2972 2994//2994
f 3591//3591 3593//3593 3595//3595
f 3596//3596 3595//3595 3523//3523
f 3593//3593 2988//2988 2991//2991
f 3595//3595 2991//2991 3517//3517
f 3591//3591 3596//3596 3597//3597
f 3597//3597 3598//3598 3586//3586
f 3596//3596 3522//3522 3536//3536
f 3598//3598 3536//3536 3543//3543
f 3591//3591 3597//3597 3599//3599
f 3592//3592 3599//3599 2975//2975
f 3597//3597 3585//3585 3599//3599
f 3599//3599 3582//3582 2975//2975
f 3600//3600 3601//3601 3602//3602
f 3603//3603 3602//3602 3001//3001
f 3601//3601 3604//3604 3605//3605
f 3602//3602 3605//3605 3002//3002
f 3600//3600 3603//3603 3606//3606
f 3606//3606 3607//3607 3608//3608
f 3603//3603 3001//3001 3607//3607
f 3607//3607 3018//3018 3609//3609
f 3600//3600 3606//3606 3610//3610
f 3611//3611 3610//3610 3612//3612
f 3606//3606 3608//3608 3613//3613
f 3610//3610 3613//3613 3614//3614
f 3600//3600 3611//3611 3601//3601
f 3601//3601 3615//3615 3604//3604
f 3611//3611 3616//3616 3615//3615
f 3615//3615 3617//3617 3618//3618
f 3619//3619 3620//3620 3621//3621
f 3622//3622 3621//3621 3623//3623
f 3620//3620 3608//3608 3609//3609
f 3621//3621 3609//3609 3061//3061
f 3619//3619 3622//3622 3624//3624
f 3624//3624 3625//3625 3626//3626
f 3622//3622 3627//3627 3625//3625
f 3628//3628 3625//3625 3629//3629
f 3619//3619 3624//3624 3630//3630
f 3631//3631 3630//3630 3632//3632
f 3624//3624 3626//3626 3633//3633
f 3630//3630 3633//3633 3634//3634
f 3619//3619 3631//3631 3620//3620
f 3620//3620 3635//3635 3608//3608
f 3631//3631 3636//3636 3635//3635
f 3635//3635 3637//3637 3613//3613
f 3638//3638 3639//3639 3640//3640
f 3641//3641 3640//3640 3642//3642
f 3639//3639 3643//3643 3644//3644
f 3640//3640 3644//3644 3568//3568
f 3638//3638 3641//3641 3645//3645
f 3645//3645 3646//3646 3647//3647
f 3641//3641 3648//3648 3646//3646
f 3646//3646 3649//3649 3650//3650
f 3638//3638 3645//3645 3651//3651
f 3652//3652 3651//3651 3653//3653
f 3645//3645 3647//3647 3654//3654
f 3655//3655 3651//3651 3656//3656
f 3638//3638 3652//3652 3639//3639
f 3639//3639 3657//3657 3643//3643
f 3652//3652 3653//3653 3658//3658
f 3657//3657 3658//3658 3659//3659
f 3660//3660 3661//3661 3662//3662
f 3663//3663 3662//3662 3617//3617
f 3661//3661 3664//3664 3665//3665
f 3662//3662 3665//3665 3666//3666
f 3660//3660 3663//3663 3667//3667
f 3667//3667 3668//3668 3669//3669
f 3663//3663 3616//3616 3668//3668
f 3668//3668 3612//3612 3670//3670
f 3660//3660 3667//3667 3671//3671
f 3672//3672 3671//3671 3673//3673
f 3667//3667 3669//3669 3674//3674
f 3671//3671 3674//3674 3675//3675
f 3660//3660 3672//3672 3661//3661
f 3661//3661 3676//3676 3664//3664
f 3672//3672 3677//3677 3676//3676
f 3676//3676 3678//3678 3679//3679
f 3680//3680 3681//3681 3682//3682
f 3683//3683 3682//3682 3684//3684
f 3681//3681 3669//3669 3670//3670
f 3682//3682 3670//3670 3614//3614
f 3680//3680 3683//3683 3685//3685
f 3685//3685 3686//3686 952//952
f 3683//3683 3687//3687 3686//3686
f 3686//3686 3688//3688 953//953
f 3680//3680 3685//3685 3689//3689
f 3690//3690 3689//3689 3691//3691
f 3685//3685 952//952 948//948
f 3689//3689 948//948 950//950
f 3680//3680 3690//3690 3681//3681
f 3681//3681 3692//3692 3669//3669
f 3690//3690 3693//3693 3692//3692
f 3692//3692 3694//3694 3674//3674
f 3695//3695 3696//3696 3697//3697
f 3698//3698 3697//3697 3699//3699
f 3696//3696 3546//3546 3547//3547
f 3697//3697 3547//3547 3700//3700
f 3695//3695 3698//3698 3701//3701
f 3701//3701 3702//3702 3561//3561
f 3698//3698 3703//3703 3702//3702
f 3702//3702 3704//3704 3562//3562
f 3695//3695 3701//3701 3705//3705
f 3705//3705 3706//3706 3493//3493
f 3701//3701 3561//3561 3706//3706
f 3706//3706 3576//3576 3494//3494
f 3695//3695 3705//3705 3696//3696
f 3696//3696 3707//3707 3546//3546
f 3705//3705 3493//3493 3707//3707
f 3707//3707 3486//3486 3551//3551
f 3708//3708 3709//3709 3710//3710
f 3711//3711 3710//3710 3678//3678
f 3709//3709 3287//3287 3290//3290
f 3710//3710 3290//3290 3712//3712
f 3708//3708 3711//3711 3713//3713
f 3713//3713 3714//3714 3715//3715
f 3711//3711 3677//3677 3714//3714
f 3714//3714 3673//3673 3716//3716
f 3708//3708 3713//3713 3717//3717
f 3718//3718 3717//3717 3719//3719
f 3713//3713 3715//3715 3720//3720
f 3720//3720 3721//3721 3717//3717
f 3708//3708 3718//3718 3709//3709
f 3709//3709 3722//3722 3287//3287
f 3718//3718 3723//3723 3722//3722
f 3722//3722 3724//3724 3725//3725
f 3726//3726 3727//3727 3728//3728
f 3729//3729 3728//3728 3694//3694
f 3727//3727 3715//3715 3716//3716
f 3728//3728 3716//3716 3675//3675
f 3726//3726 3729//3729 3730//3730
f 3730//3730 3731//3731 999//999
f 3729//3729 3693//3693 3731//3731
f 3731//3731 3691//3691 1000//1000
f 3726//3726 3730//3730 3732//3732
f 3733//3733 3732//3732 3734//3734
f 3730//3730 999//999 995//995
f 3732//3732 995//995 997//997
f 3726//3726 3733//3733 3727//3727
f 3727//3727 3735//3735 3715//3715
f 3733//3733 3736//3736 3735//3735
f 3735//3735 3737//3737 3720//3720
f 3738//3738 3739//3739 3740//3740
f 3740//3740 3741//3741 3742//3742
f 3739//3739 3743//3743 3741//3741
f 3741//3741 3744//3744 3745//3745
f 3738//3738 3740//3740 3746//3746
f 3747//3747 3746//3746 3748//3748
f 3740//3740 3742//3742 3749//3749
f 3746//3746 3749//3749 3750//3750
f 3738//3738 3747//3747 3751//3751
f 3751//3751 3752//3752 3753//3753
f 3747//3747 3754//3754 3752//3752
f 3752//3752 3755//3755 3756//3756
f 3738//3738 3751//3751 3757//3757
f 3739//3739 3757//3757 3758//3758
f 3751//3751 3753//3753 3759//3759
f 3757//3757 3759//3759 3760//3760
f 3761//3761 3762//3762 3763//3763
f 3763//3763 3764//3764 3723//3723
f 3762//3762 3765//3765 3764//3764
f 3764//3764 3766//3766 3724//3724
f 3761//3761 3763//3763 3767//3767
f 3768//3768 3767//3767 3769//3769
f 3763//3763 3723//3723 3719//3719
f 3767//3767 3719//3719 3721//3721
f 3761//3761 3768//3768 3770//3770
f 3771//3771 3770//3770 2830//2830
f 3768//3768 3772//3772 3773//3773
f 3770//3770 3773//3773 2846//2846
f 3761//3761 3771//3771 3774//3774
f 3762//3762 3774//3774 3775//3775
f 3771//3771 2829//2829 3774//3774
f 3774//3774 2822//2822 3775//3775
f 3776//3776 3777//3777 3778//3778
f 3779//3779 3778//3778 3737//3737
f 3777//3777 3772//3772 3769//3769
f 3778//3778 3769//3769 3721//3721
f 3776//3776 3779//3779 3780//3780
f 3780//3780 3781//3781 1051//1051
f 3779//3779 3736//3736 3781//3781
f 3781//3781 3734//3734 1052//1052
f 3776//3776 3780//3780 3782//3782
f 3783//3783 3782//3782 2850//2850
f 3780//3780 1051//1051 1048//1048
f 3782//3782 1048//1048 1049//1049
f 3776//3776 3783//3783 3777//3777
f 3777//3777 3784//3784 3772//3772
f 3783//3783 2849//2849 3784//3784
f 3784//3784 2845//2845 3773//3773
f 3785//3785 3786//3786 3787//3787
f 3788//3788 3787//3787 3554//3554
f 3786//3786 3090//3090 3093//3093
f 3787//3787 3093//3093 3589//3589
f 3785//3785 3788//3788 3789//3789
f 3789//3789 3790//3790 3487//3487
f 3788//3788 3553//3553 3790//3790
f 3790//3790 3550//3550 3488//3488
f 3785//3785 3789//3789 3791//3791
f 3792//3792 3791//3791 1063//1063
f 3789//3789 3487//3487 3501//3501
f 3791//3791 3501//3501 1064//1064
f 3785//3785 3792//3792 3786//3786
f 3786//3786 3793//3793 3090//3090
f 3792//3792 1059//1059 3793//3793
f 3793//3793 1060//1060 3096//3096
f 3794//3794 3795//3795 3796//3796
f 3796//3796 3797//3797 3798//3798
f 3795//3795 3799//3799 3800//3800
f 3797//3797 3800//3800 3801//3801
f 3794//3794 3796//3796 3802//3802
f 3803//3803 3802//3802 3804//3804
f 3796//3796 3805//3805 3806//3806
f 3802//3802 3806//3806 3807//3807
f 3794//3794 3803//3803 3808//3808
f 3808//3808 3809//3809 3810//3810
f 3803//3803 3811//3811 3809//3809
f 3809//3809 3812//3812 3813//3813
f 3794//3794 3808//3808 3814//3814
f 3795//3795 3814//3814 3815//3815
f 3808//3808 3810//3810 3816//3816
f 3814//3814 3816//3816 3817//3817
f 3818//3818 3819//3819 3820//3820
f 3820//3820 3821//3821 1095//1095
f 3819//3819 3822//3822 3821//3821
f 3821//3821 3823//3823 1096//1096
f 3818//3818 3820//3820 3824//3824
f 3825//3825 3824//3824 3826//3826
f 3820//3820 1095//1095 1109//1109
f 3824//3824 1109//1109 1111//1111
f 3818//3818 3825//3825 3827//3827
f 3827//3827 3828//3828 3829//3829
f 3825//3825 3830//3830 3828//3828
f 3828//3828 3831//3831 3832//3832
f 3818//3818 3827//3827 3833//3833
f 3819//3819 3833//3833 3834//3834
f 3827//3827 3829//3829 3835//3835
f 3833//3833 3835//3835 3834//3834
f 3836//3836 3837//3837 3838//3838
f 3839//3839 3838//3838 3840//3840
f 3837//3837 3841//3841 3838//3838
f 3838//3838 3842//3842 3840//3840
f 3836//3836 3839//3839 3843//3843
f 3843//3843 3844//3844 3845//3845
f 3839//3839 3846//3846 3844//3844
f 3847//3847 3844//3844 3848//3848
f 3836//3836 3843//3843 3849//3849
f 3850//3850 3849//3849 1128//1128
f 3843//3843 3845//3845 3851//3851
f 3849//3849 3851//3851 1129//1129
f 3836//3836 3850//3850 3837//3837
f 3837//3837 3852//3852 3841//3841
f 3850//3850 1122//1122 3852//3852
f 3852//3852 1124//1124 3853//3853
f 3854//3854 3855//3855 3856//3856
f 3856//3856 3857//3857 3571//3571
f 3855//3855 3498//3498 3857//3857
f 3857//3857 3492//3492 3577//3577
f 3854//3854 3856//3856 3858//3858
f 3859//3859 3858//3858 3842//3842
f 3856//3856 3571//3571 3574//3574
f 3858//3858 3574//3574 3860//3860
f 3854//3854 3859//3859 3861//3861
f 3861//3861 3862//3862 1144//1144
f 3859//3859 3841//3841 3862//3862
f 3862//3862 3853//3853 1145//1145
f 3854//3854 3861//3861 3863//3863
f 3855//3855 3863//3863 3499//3499
f 3861//3861 1144//1144 1140//1140
f 3863//3863 1140//1140 1141//1141
f 3864//3864 3865//3865 3866//3866
f 3867//3867 3866//3866 3868//3868
f 3866//3866 3865//3865 3869//3869
f 3866//3866 3869//3869 3870//3870
f 3864//3864 3867//3867 3871//3871
f 3871//3871 3872//3872 3873//3873
f 3867//3867 3874//3874 3872//3872
f 3872//3872 3875//3875 3876//3876
f 3864//3864 3871//3871 3877//3877
f 3878//3878 3877//3877 3879//3879
f 3871//3871 3873//3873 3880//3880
f 3877//3877 3880//3880 3881//3881
f 3864//3864 3878//3878 3865//3865
f 3865//3865 3882//3882 3883//3883
f 3878//3878 3884//3884 3882//3882
f 3882//3882 3885//3885 3886//3886
f 3887//3887 3888//3888 3889//3889
f 3890//3890 3889//3889 1177//1177
f 3888//3888 3891//3891 3892//3892
f 3889//3889 3892//3892 1178//1178
f 3887//3887 3890//3890 3893//3893
f 3893//3893 3894//3894 3845//3845
f 3890//3890 1176//1176 3894//3894
f 3894//3894 1190//1190 3851//3851
f 3887//3887 3893//3893 3895//3895
f 3896//3896 3895//3895 3897//3897
f 3893//3893 3845//3845 3847//3847
f 3895//3895 3847//3847 3848//3848
f 3887//3887 3896//3896 3888//3888
f 3888//3888 3898//3898 3891//3891
f 3896//3896 3899//3899 3898//3898
f 3898//3898 3900//3900 3901//3901
f 3902//3902 3903//3903 3904//3904
f 3905//3905 3904//3904 3906//3906
f 3903//3903 3907//3907 3908//3908
f 3904//3904 3908//3908 3909//3909
f 3902//3902 3905//3905 3910//3910
f 3911//3911 3910//3910 3912//3912
f 3905//3905 3906//3906 3913//3913
f 3910//3910 3913//3913 3914//3914
f 3902//3902 3911//3911 3915//3915
f 3916//3916 3915//3915 3917//3917
f 3911//3911 3918//3918 3915//3915
f 3915//3915 3919//3919 3920//3920
f 3902//3902 3916//3916 3903//3903
f 3903//3903 3921//3921 3907//3907
f 3916//3916 3922//3922 3921//3921
f 3921//3921 3923//3923 3924//3924
f 3925//3925 3926//3926 3927//3927
f 3927//3927 3928//3928 3929//3929
f 3929//3929 3928//3928 3930//3930
f 3926//3926 3931//3931 3928//3928
f 3928//3928 3932//3932 3933//3933
f 3932//3932 3934//3934 3935//3935
f 3936//3936 3933//3933 3932//3932
f 3925//3925 3927//3927 3937//3937
f 3938//3938 3939//3939 3940//3940
f 3927//3927 3941//3941 3942//3942
f 3927//3927 3943//3943 3941//3941
f 3927//3927 3942//3942 3937//3937
f 3937//3937 3942//3942 3944//3944
f 3925//3925 3939//3939 3945//3945
f 3946//3946 3945//3945 3947//3947
f 3939//3939 3938//3938 3948//3948
f 3945//3945 3948//3948 3949//3949
f 3925//3925 3946//3946 3926//3926
f 3926//3926 3950//3950 3951//3951
f 3946//3946 3952//3952 3950//3950
f 3950//3950 3953//3953 3951//3951
f 3954//3954 3955//3955 3956//3956
f 3956//3956 3957//3957 3643//3643
f 3955//3955 3572//3572 3957//3957
f 3957//3957 3566//3566 3644//3644
f 3954//3954 3956//3956 3958//3958
f 3959//3959 3958//3958 3900//3900
f 3956//3956 3643//3643 3659//3659
f 3958//3958 3659//3659 3960//3960
f 3954//3954 3959//3959 3961//3961
f 3961//3961 3962//3962 3846//3846
f 3959//3959 3899//3899 3962//3962
f 3962//3962 3897//3897 3963//3963
f 3954//3954 3961//3961 3964//3964
f 3955//3955 3964//3964 3573//3573
f 3961//3961 3846//3846 3840//3840
f 3964//3964 3840//3840 3860//3860
f 3965//3965 3966//3966 3967//3967
f 3968//3968 3967//3967 3969//3969
f 3966//3966 3626//3626 3628//3628
f 3967//3967 3628//3628 3970//3970
f 3965//3965 3968//3968 3971//3971
f 3972//3972 3971//3971 1271//1271
f 3968//3968 3969//3969 3973//3973
f 3971//3971 3973//3973 1272//1272
f 3965//3965 3972//3972 3974//3974
f 3975//3975 3974//3974 3976//3976
f 3972//3972 1270//1270 1265//1265
f 3974//3974 1265//1265 1267//1267
f 3965//3965 3975//3975 3966//3966
f 3966//3966 3977//3977 3626//3626
f 3975//3975 3978//3978 3977//3977
f 3977//3977 3979//3979 3633//3633
f 3980//3980 3981//3981 3982//3982
f 3982//3982 3983//3983 3637//3637
f 3981//3981 3687//3687 3983//3983
f 3983//3983 3684//3684 3637//3637
f 3980//3980 3982//3982 3984//3984
f 3985//3985 3984//3984 3979//3979
f 3984//3984 3982//3982 3632//3632
f 3984//3984 3632//3632 3634//3634
f 3980//3980 3985//3985 3986//3986
f 3986//3986 3987//3987 1283//1283
f 3985//3985 3978//3978 3987//3987
f 3987//3987 3976//3976 1284//1284
f 3980//3980 3986//3986 3988//3988
f 3981//3981 3988//3988 3688//3688
f 3986//3986 1283//1283 1279//1279
f 3988//3988 1279//1279 1280//1280
f 3989//3989 3990//3990 3991//3991
f 3992//3992 3991//3991 1291//1291
f 3990//3990 3059//3059 3070//3070
f 3991//3991 3070//3070 1292//1292
f 3989//3989 3992//3992 3993//3993
f 3993//3993 3994//3994 3969//3969
f 3992//3992 1290//1290 3994//3994
f 3994//3994 1298//1298 3973//3973
f 3989//3989 3993//3993 3995//3995
f 3996//3996 3995//3995 3997//3997
f 3993//3993 3969//3969 3970//3970
f 3995//3995 3970//3970 3629//3629
f 3989//3989 3996//3996 3990//3990
f 3990//3990 3998//3998 3059//3059
f 3996//3996 3627//3627 3998//3998
f 3998//3998 3623//3623 3060//3060
f 3999//3999 4000//4000 4001//4001
f 4002//4002 4001//4001 4003//4003
f 4000//4000 4004//4004 4005//4005
f 4001//4001 4005//4005 4006//4006
f 3999//3999 4002//4002 4007//4007
f 4007//4007 4008//4008 3334//3334
f 4002//4002 4009//4009 4008//4008
f 4008//4008 4010//4010 3338//3338
f 3999//3999 4007//4007 4011//4011
f 4012//4012 4011//4011 3257//3257
f 4007//4007 3334//3334 3335//3335
f 4011//4011 3335//3335 3258//3258
f 3999//3999 4012//4012 4000//4000
f 4000//4000 4013//4013 4004//4004
f 4012//4012 3256//3256 4013//4013
f 4013//4013 3249//3249 4014//4014
f 4015//4015 4016//4016 4017//4017
f 4018//4018 4017//4017 4019//4019
f 4016//4016 4020//4020 4021//4021
f 4017//4017 4021//4021 3151//3151
f 4015//4015 4018//4018 4022//4022
f 4022//4022 4023//4023 3208//3208
f 4018//4018 4019//4019 4024//4024
f 4023//4023 4024//4024 3268//3268
f 4015//4015 4022//4022 4025//4025
f 4026//4026 4025//4025 4010//4010
f 4022//4022 3208//3208 3210//3210
f 4025//4025 3210//3210 3339//3339
f 4015//4015 4026//4026 4016//4016
f 4016//4016 4027//4027 4020//4020
f 4026//4026 4009//4009 4027//4027
f 4027//4027 4003//4003 4028//4028
f 4029//4029 4030//4030 4031//4031
f 4032//4032 4031//4031 3194//3194
f 4030//4030 4033//4033 4034//4034
f 4031//4031 4034//4034 3145//3145
f 4029//4029 4032//4032 4035//4035
f 4035//4035 4036//4036 4037//4037
f 3193//3193 3189//3189 4036//4036
f 4036//4036 3189//3189 4038//4038
f 4029//4029 4035//4035 4039//4039
f 4040//4040 4039//4039 4041//4041
f 4035//4035 4037//4037 4042//4042
f 4039//4039 4042//4042 4043//4043
f 4029//4029 4040//4040 4030//4030
f 4030//4030 4044//4044 4033//4033
f 4040//4040 4045//4045 4044//4044
f 4044//4044 4046//4046 4047//4047
f 4048//4048 4049//4049 4050//4050
f 4050//4050 4051//4051 4052//4052
f 4049//4049 3134//3134 3130//3130
f 4051//4051 3130//3130 4053//4053
f 4048//4048 4050//4050 4054//4054
f 4055//4055 4054//4054 4056//4056
f 4050//4050 4057//4057 4058//4058
f 4054//4054 4058//4058 3238//3238
f 4048//4048 4055//4055 4059//4059
f 4059//4059 4060//4060 4061//4061
f 4055//4055 4062//4062 4060//4060
f 4060//4060 4063//4063 4064//4064
f 4048//4048 4059//4059 4065//4065
f 4049//4049 4065//4065 3135//3135
f 4059//4059 4061//4061 4066//4066
f 4065//4065 4066//4066 2802//2802
f 4067//4067 4068//4068 4069//4069
f 4069//4069 4070//4070 3233//3233
f 4068//4068 4062//4062 4070//4070
f 4070//4070 4056//4056 3237//3237
f 4067//4067 4069//4069 4071//4071
f 4072//4072 4071//4071 4073//4073
f 4069//4069 3233//3233 3234//3234
f 4071//4071 3234//3234 3157//3157
f 4067//4067 4072//4072 4074//4074
f 4074//4074 4075//4075 4076//4076
f 4072//4072 4077//4077 4075//4075
f 4075//4075 4078//4078 4079//4079
f 4067//4067 4074//4074 4080//4080
f 4068//4068 4080//4080 4063//4063
f 4074//4074 4076//4076 4081//4081
f 4080//4080 4081//4081 4082//4082
f 4083//4083 4084//4084 4085//4085
f 4085//4085 4086//4086 3155//3155
f 4084//4084 4077//4077 4086//4086
f 4086//4086 4073//4073 3156//3156
f 4083//4083 4085//4085 4087//4087
f 4088//4088 4087//4087 4020//4020
f 4085//4085 3155//3155 3148//3148
f 4087//4087 3148//3148 4021//4021
f 4083//4083 4088//4088 4089//4089
f 4089//4089 4090//4090 4091//4091
f 4088//4088 4020//4020 4028//4028
f 4090//4090 4028//4028 4006//4006
f 4083//4083 4089//4089 4092//4092
f 4084//4084 4092//4092 4078//4078
f 4089//4089 4093//4093 4094//4094
f 4092//4092 4094//4094 4095//4095
f 4096//4096 4097//4097 4098//4098
f 4098//4098 4099//4099 4076//4076
f 4097//4097 4100//4100 4099//4099
f 4099//4099 4101//4101 4081//4081
f 4096//4096 4098//4098 4102//4102
f 4103//4103 4102//4102 4104//4104
f 4098//4098 4076//4076 4079//4079
f 4102//4102 4079//4079 4095//4095
f 4096//4096 4103//4103 4105//4105
f 4105//4105 4106//4106 4107//4107
f 4103//4103 4108//4108 4106//4106
f 4106//4106 4109//4109 4110//4110
f 4096//4096 4105//4105 4111//4111
f 4097//4097 4111//4111 4112//4112
f 4105//4105 4107//4107 4113//4113
f 4111//4111 4113//4113 3324//3324
f 4114//4114 4115//4115 4116//4116
f 4116//4116 4117//4117 4093//4093
f 4115//4115 4108//4108 4117//4117
f 4117//4117 4104//4104 4094//4094
f 4114//4114 4116//4116 4118//4118
f 4118//4118 4119//4119 4004//4004
f 4116//4116 4093//4093 4119//4119
f 4119//4119 4091//4091 4005//4005
f 4114//4114 4118//4118 4120//4120
f 4121//4121 4120//4120 3359//3359
f 4118//4118 4004//4004 4014//4014
f 4120//4120 4014//4014 3252//3252
f 4114//4114 4121//4121 4122//4122
f 4115//4115 4122//4122 4109//4109
f 4121//4121 3353//3353 3356//3356
f 4122//4122 3356//3356 4123//4123
f 4124//4124 4125//4125 4126//4126
f 4127//4127 4126//4126 2807//2807
f 4125//4125 3322//3322 3319//3319
f 4126//4126 3319//3319 3320//3320
f 4124//4124 4127//4127 4128//4128
f 4128//4128 4129//4129 4061//4061
f 4127//4127 2806//2806 4129//4129
f 4129//4129 2799//2799 4066//4066
f 4124//4124 4128//4128 4130//4130
f 4131//4131 4130//4130 4101//4101
f 4128//4128 4061//4061 4064//4064
f 4130//4130 4064//4064 4082//4082
f 4124//4124 4131//4131 4125//4125
f 4125//4125 4132//4132 3322//3322
f 4131//4131 4100//4100 4132//4132
f 4132//4132 4112//4112 3323//3323
f 4133//4133 4134//4134 4135//4135
f 4135//4135 4136//4136 3310//3310
f 4134//4134 4137//4137 4136//4136
f 4136//4136 4138//4138 3311//3311
f 4133//4133 4135//4135 4139//4139
f 4139//4139 4140//4140 4107//4107
f 4135//4135 3310//3310 4141//4141
f 4140//4140 4141//4141 4113//4113
f 4133//4133 4139//4139 4142//4142
f 4143//4143 4142//4142 3355//3355
f 4139//4139 4107//4107 4110//4110
f 4142//4142 4110//4110 4123//4123
f 4133//4133 4143//4143 4134//4134
f 4134//4134 4144//4144 4145//4145
f 4143//4143 3354//3354 4144//4144
f 4144//4144 3347//3347 4145//4145
f 4146//4146 4147//4147 4148//4148
f 4149//4149 4148//4148 4150//4150
f 4147//4147 4151//4151 4152//4152
f 4148//4148 4152//4152 4153//4153
f 4146//4146 4149//4149 4154//4154
f 4154//4154 4155//4155 2823//2823
f 4149//4149 4156//4156 4155//4155
f 4155//4155 4157//4157 2824//2824
f 4146//4146 4154//4154 4158//4158
f 4159//4159 4158//4158 4160//4160
f 4154//4154 2823//2823 2840//2840
f 4158//4158 2840//2840 2863//2863
f 4146//4146 4159//4159 4147//4147
f 4147//4147 4161//4161 4151//4151
f 4159//4159 4162//4162 4161//4161
f 4161//4161 4163//4163 4164//4164
f 4165//4165 4166//4166 4167//4167
f 4168//4168 4167//4167 4163//4163
f 4166//4166 3166//3166 3180//3180
f 4167//4167 3180//3180 4169//4169
f 4165//4165 4168//4168 4170//4170
f 4170//4170 4171//4171 2861//2861
f 4168//4168 4162//4162 4171//4171
f 4171//4171 4160//4160 2862//2862
f 4165//4165 4170//4170 4172//4172
f 4173//4173 4172//4172 4174//4174
f 4170//4170 2861//2861 2876//2876
f 4172//4172 2876//2876 2895//2895
f 4165//4165 4173//4173 4166//4166
f 4166//4166 4175//4175 3166//3166
f 4173//4173 4176//4176 4175//4175
f 4175//4175 4177//4177 3167//3167
f 4178//4178 4179//4179 4180//4180
f 4180//4180 4181//4181 4177//4177
f 4179//4179 3103//3103 4181//4181
f 4181//4181 3117//3117 3168//3168
f 4178//4178 4180//4180 4182//4182
f 4183//4183 4182//4182 2894//2894
f 4180//4180 4176//4176 4182//4182
f 4182//4182 4174//4174 2894//2894
f 4178//4178 4183//4183 4184//4184
f 4184//4184 4185//4185 4186//4186
f 4183//4183 2893//2893 4185//4185
f 4185//4185 2906//2906 4187//4187
f 4178//4178 4184//4184 4188//4188
f 4179//4179 4188//4188 3104//3104
f 4184//4184 4186//4186 4189//4189
f 4188//4188 4189//4189 4190//4190
f 4191//4191 4192//4192 4193//4193
f 4193//4193 4194//4194 4186//4186
f 4192//4192 4195//4195 4194//4194
f 4194//4194 4196//4196 4189//4189
f 4191//4191 4193//4193 4197//4197
f 4198//4198 4197//4197 2927//2927
f 4193//4193 4186//4186 4187//4187
f 4197//4197 4187//4187 2908//2908
f 4191//4191 4198//4198 4199//4199
f 4199//4199 4200//4200 4201//4201
f 4198//4198 2926//2926 4200//4200
f 4200//4200 2938//2938 4202//4202
f 4191//4191 4199//4199 4203//4203
f 4192//4192 4203//4203 4204//4204
f 4199//4199 4201//4201 4205//4205
f 4203//4203 4205//4205 4206//4206
f 4207//4207 4208//4208 4209//4209
f 4209//4209 4210//4210 3244//3244
f 4208//4208 4211//4211 4210//4210
f 4210//4210 4212//4212 3245//3245
f 4207//4207 4209//4209 4213//4213
f 4214//4214 4213//4213 4215//4215
f 4209//4209 3244//3244 3262//3262
f 4213//4213 3262//3262 3331//3331
f 4207//4207 4214//4214 4216//4216
f 4216//4216 4217//4217 2958//2958
f 4214//4214 4218//4218 4217//4217
f 4217//4217 4219//4219 2965//2965
f 4207//4207 4216//4216 4220//4220
f 4208//4208 4220//4220 4221//4221
f 4216//4216 2958//2958 2961//2961
f 4220//4220 2961//2961 3048//3048
f 4222//4222 4223//4223 4224//4224
f 4225//4225 4224//4224 3316//3316
f 4223//4223 4226//4226 4227//4227
f 4224//4224 4227//4227 2813//2813
f 4222//4222 4225//4225 4228//4228
f 4228//4228 4229//4229 4230//4230
f 4225//4225 3315//3315 4229//4229
f 4229//4229 3309//3309 4231//4231
f 4222//4222 4228//4228 4232//4232
f 4233//4233 4232//4232 3008//3008
f 4228//4228 4230//4230 4234//4234
f 4232//4232 4234//4234 3024//3024
f 4222//4222 4233//4233 4223//4223
f 4223//4223 4235//4235 4226//4226
f 4233//4233 3007//3007 4235//4235
f 4235//4235 3000//3000 4236//4236
f 4237//4237 4238//4238 4239//4239
f 4240//4240 4239//4239 4138//4138
f 4238//4238 4230//4230 4231//4231
f 4239//4239 4231//4231 3312//3312
f 4237//4237 4240//4240 4241//4241
f 4242//4242 4241//4241 4243//4243
f 4240//4240 4137//4137 4145//4145
f 4241//4241 4145//4145 3350//3350
f 4237//4237 4242//4242 4244//4244
f 4245//4245 4244//4244 3029//3029
f 4242//4242 4246//4246 4247//4247
f 4244//4244 4247//4247 3044//3044
f 4237//4237 4245//4245 4238//4238
f 4238//4238 4248//4248 4230//4230
f 4245//4245 3028//3028 4248//4248
f 4248//4248 3023//3023 4234//4234
f 4249//4249 4250//4250 4251//4251
f 4251//4251 4252//4252 3348//3348
f 4250//4250 4246//4246 4252//4252
f 4252//4252 4243//4243 3349//3349
f 4249//4249 4251//4251 4253//4253
f 4254//4254 4253//4253 4212//4212
f 4251//4251 3348//3348 3361//3361
f 4253//4253 3361//3361 3246//3246
f 4249//4249 4254//4254 4255//4255
f 4255//4255 4256//4256 4257//4257
f 4254//4254 4211//4211 4256//4256
f 4256//4256 4221//4221 4257//4257
f 4249//4249 4255//4255 4250//4250
f 4250//4250 4258//4258 4246//4246
f 4255//4255 3047//3047 4258//4258
f 4258//4258 3043//3043 4247//4247
f 4259//4259 4260//4260 4261//4261
f 4262//4262 4261//4261 4205//4205
f 4260//4260 4263//4263 4264//4264
f 4261//4261 4264//4264 4206//4206
f 4259//4259 4262//4262 4265//4265
f 4265//4265 4266//4266 3366//3366
f 4262//4262 4201//4201 4202//4202
f 4266//4266 4202//4202 2940//2940
f 4259//4259 4265//4265 4267//4267
f 4268//4268 4267//4267 4269//4269
f 4265//4265 3366//3366 3380//3380
f 4267//4267 3380//3380 3400//3400
f 4259//4259 4268//4268 4260//4260
f 4260//4260 4270//4270 4263//4263
f 4268//4268 4271//4271 4270//4270
f 4270//4270 4272//4272 4273//4273
f 4274//4274 4275//4275 4276//4276
f 4277//4277 4276//4276 4272//4272
f 4275//4275 3277//3277 3279//3279
f 4276//4276 3279//3279 4278//4278
f 4274//4274 4277//4277 4279//4279
f 4279//4279 4280//4280 3398//3398
f 4277//4277 4271//4271 4280//4280
f 4280//4280 4269//4269 3399//3399
f 4274//4274 4279//4279 4281//4281
f 4282//4282 4281//4281 4283//4283
f 4279//4279 3398//3398 3412//3412
f 4281//4281 3412//3412 4284//4284
f 4274//4274 4282//4282 4275//4275
f 4275//4275 4285//4285 3277//3277
f 4282//4282 4286//4286 4285//4285
f 4285//4285 4287//4287 3281//3281
f 4288//4288 4289//4289 4290//4290
f 4290//4290 4291//4291 4287//4287
f 4289//4289 3203//3203 3218//3218
f 4291//4291 3218//3218 3282//3282
f 4288//4288 4290//4290 4292//4292
f 4293//4293 4292//4292 3431//3431
f 4290//4290 4286//4286 4283//4283
f 4292//4292 4283//4283 4284//4284
f 4288//4288 4293//4293 4294//4294
f 4294//4294 4295//4295 4296//4296
f 4293//4293 3430//3430 4295//4295
f 4295//4295 3442//3442 4297//4297
f 4288//4288 4294//4294 4298//4298
f 4289//4289 4298//4298 3204//3204
f 4294//4294 4296//4296 4299//4299
f 4298//4298 4299//4299 3342//3342
f 4300//4300 4301//4301 4302//4302
f 4302//4302 4303//4303 4296//4296
f 4301//4301 3329//3329 4303//4303
f 4303//4303 3341//3341 4299//4299
f 4300//4300 4302//4302 4304//4304
f 4305//4305 4304//4304 3463//3463
f 4302//4302 4296//4296 4297//4297
f 4304//4304 4297//4297 3444//3444
f 4300//4300 4305//4305 4306//4306
f 4306//4306 4307//4307 4218//4218
f 4305//4305 3462//3462 4307//4307
f 4307//4307 3472//3472 4219//4219
f 4300//4300 4306//4306 4308//4308
f 4301//4301 4308//4308 3330//3330
f 4306//4306 4218//4218 4215//4215
f 4308//4308 4215//4215 3330//3330
f 4309//4309 4310//4310 4311//4311
f 4312//4312 4311//4311 4226//4226
f 4310//4310 2811//2811 4313//4313
f 4311//4311 4313//4313 4227//4227
f 4309//4309 4312//4312 4314//4314
f 4314//4314 4315//4315 3604//3604
f 4312//4312 4226//4226 4236//4236
f 4315//4315 4236//4236 3003//3003
f 4309//4309 4314//4314 4316//4316
f 4317//4317 4316//4316 4318//4318
f 4314//4314 3604//3604 3618//3618
f 4316//4316 3618//3618 3666//3666
f 4309//4309 4317//4317 4310//4310
f 4310//4310 4319//4319 2811//2811
f 4317//4317 4320//4320 4319//4319
f 4319//4319 4321//4321 2816//2816
f 4322//4322 4323//4323 4324//4324
f 4325//4325 4324//4324 4321//4321
f 4323//4323 3125//3125 3137//3137
f 4324//4324 3137//3137 2817//2817
f 4322//4322 4325//4325 4326//4326
f 4326//4326 4327//4327 3664//3664
f 4325//4325 4320//4320 4327//4327
f 4327//4327 4318//4318 3665//3665
f 4322//4322 4326//4326 4328//4328
f 4329//4329 4328//4328 3289//3289
f 4326//4326 3664//3664 3679//3679
f 4328//4328 3679//3679 3712//3712
f 4322//4322 4329//4329 4323//4323
f 4323//4323 4330//4330 3126//3126
f 4329//4329 3288//3288 4330//4330
f 4330//4330 3302//3302 4331//4331
f 4332//4332 4333//4333 4334//4334
f 4334//4334 4335//4335 4336//4336
f 4333//4333 4337//4337 4335//4335
f 4335//4335 4338//4338 4339//4339
f 4332//4332 4334//4334 4340//4340
f 4341//4341 4340//4340 4342//4342
f 4334//4334 4336//4336 4343//4343
f 4340//4340 4343//4343 4344//4344
f 4332//4332 4341//4341 4345//4345
f 4346//4346 4345//4345 4347//4347
f 4341//4341 4342//4342 4348//4348
f 4345//4345 4348//4348 3300//3300
f 4332//4332 4346//4346 4333//4333
f 4333//4333 4349//4349 4350//4350
f 4346//4346 4351//4351 4349//4349
f 4349//4349 4352//4352 4350//4350
f 4353//4353 4354//4354 4355//4355
f 4355//4355 4356//4356 4157//4157
f 4354//4354 3765//3765 4356//4356
f 4356//4356 3775//3775 2825//2825
f 4353//4353 4355//4355 4357//4357
f 4358//4358 4357//4357 4352//4352
f 4355//4355 4156//4156 4357//4357
f 4357//4357 4150//4150 4352//4352
f 4353//4353 4358//4358 4359//4359
f 4359//4359 4360//4360 3293//3293
f 4358//4358 4351//4351 4360//4360
f 4360//4360 4347//4347 3299//3299
f 4353//4353 4359//4359 4361//4361
f 4354//4354 4361//4361 3766//3766
f 4359//4359 3293//3293 3295//3295
f 4361//4361 3295//3295 3725//3725
f 4362//4362 4363//4363 4364//4364
f 4365//4365 4364//4364 4058//4058
f 4363//4363 3224//3224 3236//3236
f 4364//4364 3236//3236 4058//4058
f 4362//4362 4365//4365 4366//4366
f 4366//4366 4367//4367 4368//4368
f 4365//4365 4057//4057 4367//4367
f 4367//4367 4052//4052 4369//4369
f 4362//4362 4366//4366 4370//4370
f 4371//4371 4370//4370 4372//4372
f 4366//4366 4368//4368 4373//4373
f 4370//4370 4373//4373 4344//4344
f 4362//4362 4371//4371 4363//4363
f 4363//4363 4374//4374 3224//3224
f 4371//4371 4375//4375 4374//4374
f 4374//4374 4376//4376 3225//3225
f 4377//4377 4378//4378 4379//4379
f 4380//4380 4379//4379 3176//3176
f 4378//4378 4381//4381 4382//4382
f 4379//4379 4382//4382 4383//4383
f 4377//4377 4380//4380 4384//4384
f 4385//4385 4384//4384 3186//3186
f 4380//4380 3171//3171 3172//3172
f 4384//4384 3172//3172 3115//3115
f 4377//4377 4385//4385 4386//4386
f 4386//4386 4387//4387 3229//3229
f 4385//4385 3185//3185 4387//4387
f 4387//4387 3196//3196 3230//3230
f 4377//4377 4386//4386 4378//4378
f 4378//4378 4388//4388 4381//4381
f 4386//4386 3229//3229 4388//4388
f 4388//4388 3223//3223 4389//4389
f 4390//4390 4391//4391 4392//4392
f 4392//4392 4393//4393 4394//4394
f 4391//4391 4195//4195 4393//4393
f 4393//4393 4204//4204 4395//4395
f 4390//4390 4392//4392 4396//4396
f 4397//4397 4396//4396 4037//4037
f 4392//4392 4394//4394 4398//4398
f 4396//4396 4398//4398 4043//4043
f 4390//4390 4397//4397 4399//4399
f 4400//4400 4399//4399 3109//3109
f 4397//4397 4037//4037 4038//4038
f 4399//4399 4038//4038 3190//3190
f 4390//4390 4400//4400 4401//4401
f 4391//4391 4401//4401 4196//4196
f 4400//4400 3102//3102 3105//3105
f 4401//4401 3105//3105 4190//4190
f 4402//4402 4403//4403 4404//4404
f 4405//4405 4404//4404 4046//4046
f 4403//4403 3271//3271 3274//3274
f 4404//4404 3274//3274 4406//4406
f 4402//4402 4405//4405 4407//4407
f 4408//4408 4398//4398 4394//4394
f 4405//4405 4045//4045 4408//4408
f 4408//4408 4041//4041 4398//4398
f 4402//4402 4407//4407 4409//4409
f 4409//4409 4410//4410 4263//4263
f 4407//4407 4394//4394 4395//4395
f 4410//4410 4395//4395 4264//4264
f 4402//4402 4409//4409 4411//4411
f 4403//4403 4411//4411 3278//3278
f 4409//4409 4263//4263 4273//4273
f 4411//4411 4273//4273 4278//4278
f 4412//4412 4413//4413 4414//4414
f 4415//4415 4414//4414 3304//3304
f 4413//4413 3124//3124 3127//3127
f 4414//4414 3127//3127 4331//4331
f 4412//4412 4415//4415 4416//4416
f 4416//4416 4417//4417 4342//4342
f 4415//4415 3303//3303 4417//4417
f 4417//4417 3298//3298 4348//4348
f 4412//4412 4416//4416 4418//4418
f 4419//4419 4418//4418 4368//4368
f 4416//4416 4342//4342 4420//4420
f 4418//4418 4420//4420 4373//4373
f 4412//4412 4419//4419 4413//4413
f 4413//4413 4421//4421 3124//3124
f 4419//4419 4368//4368 4369//4369
f 4421//4421 4369//4369 4053//4053
f 4422//4422 4423//4423 4424//4424
f 4425//4425 4424//4424 3179//3179
f 4423//4423 4151//4151 4164//4164
f 4424//4424 4164//4164 4169//4169
f 4422//4422 4425//4425 4426//4426
f 4426//4426 4427//4427 4428//4428
f 4425//4425 3178//3178 4427//4427
f 4427//4427 3175//3175 4383//4383
f 4422//4422 4426//4426 4429//4429
f 4430//4430 4429//4429 4338//4338
f 4426//4426 4431//4431 4429//4429
f 4429//4429 4432//4432 4433//4433
f 4422//4422 4430//4430 4423//4423
f 4423//4423 4434//4434 4151//4151
f 4430//4430 4337//4337 4434//4434
f 4434//4434 4350//4350 4152//4152
f 4435//4435 4436//4436 4437//4437
f 4437//4437 4438//4438 4033//4033
f 4436//4436 3149//3149 4438//4438
f 4438//4438 3142//3142 4034//4034
f 4435//4435 4437//4437 4439//4439
f 4440//4440 4439//4439 3273//3273
f 4437//4437 4033//4033 4047//4047
f 4439//4439 4047//4047 4406//4406
f 4435//4435 4440//4440 4441//4441
f 4441//4441 4442//4442 4019//4019
f 4440//4440 3272//3272 4442//4442
f 4442//4442 3267//3267 4024//4024
f 4435//4435 4441//4441 4443//4443
f 4436//4436 4443//4443 3150//3150
f 4441//4441 4019//4019 4444//4444
f 4443//4443 4444//4444 3151//3151
f 4445//4445 4446//4446 4447//4447
f 4447//4447 4448//4448 4336//4336
f 4446//4446 4375//4375 4448//4448
f 4448//4448 4372//4372 4343//4343
f 4445//4445 4447//4447 4449//4449
f 4450//4450 4449//4449 4432//4432
f 4447//4447 4336//4336 4339//4339
f 4449//4449 4339//4339 4433//4433
f 4445//4445 4450//4450 4451//4451
f 4451//4451 4452//4452 4381//4381
f 4450//4450 4431//4431 4452//4452
f 4452//4452 4428//4428 4382//4382
f 4445//4445 4451//4451 4453//4453
f 4446//4446 4453//4453 4376//4376
f 4451//4451 4381//4381 4389//4389
f 4453//4453 4389//4389 3226//3226
f 4454//4454 4455//4455 4456//4456
f 4457//4457 4456//4456 1762//1762
f 4455//4455 4458//4458 4459//4459
f 4456//4456 4459//4459 1763//1763
f 4454//4454 4457//4457 4460//4460
f 4460//4460 4461//4461 4462//4462
f 4457//4457 1761//1761 4461//4461
f 4461//4461 1777//1777 4463//4463
f 4454//4454 4460//4460 4464//4464
f 4465//4465 4464//4464 4466//4466
f 4460//4460 4462//4462 4467//4467
f 4464//4464 4467//4467 3750//3750
f 4454//4454 4465//4465 4455//4455
f 4455//4455 4468//4468 4458//4458
f 4465//4465 4469//4469 4468//4468
f 4468//4468 4470//4470 4471//4471
f 4472//4472 4473//4473 4474//4474
f 4475//4475 4474//4474 4470//4470
f 4473//4473 4476//4476 4477//4477
f 4474//4474 4477//4477 4478//4478
f 4472//4472 4475//4475 4479//4479
f 4480//4480 4479//4479 4481//4481
f 4475//4475 4469//4469 4479//4479
f 4479//4479 4466//4466 3750//3750
f 4472//4472 4480//4480 4482//4482
f 4482//4482 4483//4483 3812//3812
f 4480//4480 4484//4484 4483//4483
f 4483//4483 4485//4485 3812//3812
f 4472//4472 4482//4482 4473//4473
f 4473//4473 4486//4486 4476//4476
f 4482//4482 3811//3811 4486//4486
f 4486//4486 3804//3804 4487//4487
f 4488//4488 4489//4489 4490//4490
f 4491//4491 4490//4490 1799//1799
f 4489//4489 4462//4462 4463//4463
f 4490//4490 4463//4463 1800//1800
f 4488//4488 4491//4491 4492//4492
f 4492//4492 4493//4493 4494//4494
f 4491//4491 1798//1798 4493//4493
f 4493//4493 1810//1810 4495//4495
f 4488//4488 4492//4492 4496//4496
f 4497//4497 4496//4496 3755//3755
f 4492//4492 4494//4494 4498//4498
f 4496//4496 4498//4498 4499//4499
f 4488//4488 4497//4497 4489//4489
f 4489//4489 4500//4500 4462//4462
f 4497//4497 3754//3754 4500//4500
f 4500//4500 3748//3748 4467//4467
f 4501//4501 4502//4502 4503//4503
f 4504//4504 4503//4503 1817//1817
f 4502//4502 4505//4505 4506//4506
f 4503//4503 4506//4506 1818//1818
f 4501//4501 4504//4504 4507//4507
f 4507//4507 4508//4508 4509//4509
f 4504//4504 1816//1816 4508//4508
f 4508//4508 1830//1830 4510//4510
f 4501//4501 4507//4507 4511//4511
f 4512//4512 4511//4511 3875//3875
f 4507//4507 4509//4509 4513//4513
f 4511//4511 4513//4513 4514//4514
f 4501//4501 4512//4512 4502//4502
f 4502//4502 4515//4515 4505//4505
f 4512//4512 3874//3874 4515//4515
f 4515//4515 3868//3868 4516//4516
f 4517//4517 4518//4518 4519//4519
f 4519//4519 4520//4520 3810//3810
f 4518//4518 4521//4521 4520//4520
f 4520//4520 4522//4522 3816//3816
f 4517//4517 4519//4519 4523//4523
f 4524//4524 4523//4523 4485//4485
f 4519//4519 3810//3810 3813//3813
f 4523//4523 3813//3813 4525//4525
f 4517//4517 4524//4524 4526//4526
f 4526//4526 4527//4527 3742//3742
f 4524//4524 4484//4484 4527//4527
f 4527//4527 4481//4481 3749//3749
f 4517//4517 4526//4526 4528//4528
f 4518//4518 4528//4528 4529//4529
f 4526//4526 3742//3742 3745//3745
f 4528//4528 3745//3745 4530//4530
f 4531//4531 4532//4532 4533//4533
f 4533//4533 4534//4534 3753//3753
f 4532//4532 4535//4535 4534//4534
f 4534//4534 4536//4536 3759//3759
f 4531//4531 4533//4533 4537//4537
f 4538//4538 4537//4537 4498//4498
f 4533//4533 3753//3753 3756//3756
f 4537//4537 3756//3756 4499//4499
f 4531//4531 4538//4538 4539//4539
f 4539//4539 4540//4540 1858//1858
f 4538//4538 4494//4494 4540//4540
f 4540//4540 4495//4495 1859//1859
f 4531//4531 4539//4539 4541//4541
f 4532//4532 4541//4541 4542//4542
f 4539//4539 1858//1858 1853//1853
f 4541//4541 1853//1853 1855//1855
f 4543//4543 4544//4544 4545//4545
f 4546//4546 4545//4545 4547//4547
f 4544//4544 4548//4548 4549//4549
f 4545//4545 4550//4550 4551//4551
f 4545//4545 4552//4552 4550//4550
f 4553//4553 4554//4554 4551//4551
f 4545//4545 4549//4549 4555//4555
f 4545//4545 4554//4554 4556//4556
f 4543//4543 4546//4546 4557//4557
f 4557//4557 4558//4558 4559//4559
f 4546//4546 4547//4547 4560//4560
f 4558//4558 4560//4560 4561//4561
f 4543//4543 4557//4557 4562//4562
f 4563//4563 4562//4562 4564//4564
f 4557//4557 4559//4559 4565//4565
f 4562//4562 4565//4565 4566//4566
f 4543//4543 4563//4563 4544//4544
f 4544//4544 4567//4567 4548//4548
f 4563//4563 4568//4568 4567//4567
f 4567//4567 4569//4569 4570//4570
f 4571//4571 4572//4572 4573//4573
f 4573//4573 4574//4574 4575//4575
f 4572//4572 4576//4576 4574//4574
f 4574//4574 4577//4577 4578//4578
f 4571//4571 4573//4573 4579//4579
f 4580//4580 4579//4579 4581//4581
f 4573//4573 4582//4582 4579//4579
f 4579//4579 4583//4583 4581//4581
f 4571//4571 4580//4580 4584//4584
f 4584//4584 4585//4585 4586//4586
f 4580//4580 4587//4587 4585//4585
f 4585//4585 4588//4588 4589//4589
f 4571//4571 4584//4584 4590//4590
f 4572//4572 4590//4590 4591//4591
f 4584//4584 4586//4586 4592//4592
f 4590//4590 4592//4592 4593//4593
f 4594//4594 4595//4595 4596//4596
f 4597//4597 4596//4596 4598//4598
f 4595//4595 4599//4599 4600//4600
f 4596//4596 4600//4600 4601//4601
f 4594//4594 4597//4597 4602//4602
f 4602//4602 4603//4603 4604//4604
f 4597//4597 4605//4605 4603//4603
f 4603//4603 4606//4606 4607//4607
f 4594//4594 4602//4602 4608//4608
f 4609//4609 4608//4608 4583//4583
f 4602//4602 4604//4604 4610//4610
f 4608//4608 4610//4610 4611//4611
f 4594//4594 4609//4609 4595//4595
f 4595//4595 4612//4612 4599//4599
f 4609//4609 4582//4582 4612//4612
f 4612//4612 4575//4575 4613//4613
f 4614//4614 4615//4615 4616//4616
f 4617//4617 4616//4616 1937//1937
f 4615//4615 4618//4618 4619//4619
f 4616//4616 4619//4619 1938//1938
f 4614//4614 4617//4617 4620//4620
f 4621//4621 4622//4622 4623//4623
f 1936//1936 1948//1948 4621//4621
f 1948//1948 1951//1951 4622//4622
f 4614//4614 4620//4620 4624//4624
f 4625//4625 4624//4624 4606//4606
f 4620//4620 4623//4623 4626//4626
f 4624//4624 4626//4626 4627//4627
f 4614//4614 4625//4625 4615//4615
f 4615//4615 4628//4628 4618//4618
f 4625//4625 4605//4605 4628//4628
f 4628//4628 4598//4598 4629//4629
f 4630//4630 4631//4631 4632//4632
f 4632//4632 4633//4633 4586//4586
f 4631//4631 4634//4634 4633//4633
f 4633//4633 4635//4635 4592//4592
f 4630//4630 4632//4632 4636//4636
f 4637//4637 4636//4636 4638//4638
f 4632//4632 4586//4586 4589//4589
f 4636//4636 4589//4589 4639//4639
f 4630//4630 4637//4637 4640//4640
f 4640//4640 4641//4641 4547//4547
f 4637//4637 4642//4642 4641//4641
f 4641//4641 4643//4643 4560//4560
f 4630//4630 4640//4640 4644//4644
f 4631//4631 4644//4644 4645//4645
f 4640//4640 4547//4547 4556//4556
f 4644//4644 4556//4556 4554//4554
f 4646//4646 4647//4647 4648//4648
f 4649//4649 4648//4648 4569//4569
f 4647//4647 4650//4650 4651//4651
f 4648//4648 4651//4651 4652//4652
f 4646//4646 4649//4649 4653//4653
f 4653//4653 4654//4654 4655//4655
f 4568//4568 4564//4564 4654//4654
f 4564//4564 4566//4566 4656//4656
f 4646//4646 4653//4653 4657//4657
f 4658//4658 4657//4657 1984//1984
f 4653//4653 4655//4655 4659//4659
f 4657//4657 4659//4659 1985//1985
f 4646//4646 4658//4658 4647//4647
f 4647//4647 4660//4660 4650//4650
f 4658//4658 1983//1983 1976//1976
f 4660//4660 1976//1976 1979//1979
f 4661//4661 4662//4662 4663//4663
f 4663//4663 4664//4664 4665//4665
f 4662//4662 4666//4666 4664//4664
f 4664//4664 4667//4667 4668//4668
f 4661//4661 4663//4663 4669//4669
f 4670//4670 4669//4669 3744//3744
f 4663//4663 4665//4665 4671//4671
f 4669//4669 4671//4671 4530//4530
f 4661//4661 4670//4670 4672//4672
f 4672//4672 4673//4673 4674//4674
f 4670//4670 3743//3743 4673//4673
f 4673//4673 3758//3758 4675//4675
f 4661//4661 4672//4672 4676//4676
f 4662//4662 4676//4676 4677//4677
f 4672//4672 4674//4674 4678//4678
f 4676//4676 4678//4678 4677//4677
f 4679//4679 4680//4680 4681//4681
f 4682//4682 4681//4681 4683//4683
f 4680//4680 4684//4684 4685//4685
f 4681//4681 4685//4685 4686//4686
f 4679//4679 4682//4682 4687//4687
f 4687//4687 4688//4688 3799//3799
f 4682//4682 4689//4689 4688//4688
f 4688//4688 4690//4690 3800//3800
f 4679//4679 4687//4687 4691//4691
f 4691//4691 4692//4692 4693//4693
f 4687//4687 3799//3799 4692//4692
f 4692//4692 3815//3815 4694//4694
f 4679//4679 4691//4691 4695//4695
f 4680//4680 4695//4695 4696//4696
f 4691//4691 4693//4693 4697//4697
f 4695//4695 4697//4697 4698//4698
f 4699//4699 4700//4700 4701//4701
f 4702//4702 4701//4701 4703//4703
f 4700//4700 4704//4704 4705//4705
f 4701//4701 4705//4705 4706//4706
f 4699//4699 4702//4702 4707//4707
f 4707//4707 4708//4708 3883//3883
f 4702//4702 4709//4709 4708//4708
f 4708//4708 4710//4710 3869//3869
f 4699//4699 4707//4707 4711//4711
f 4712//4712 4711//4711 4713//4713
f 4711//4711 4707//4707 3886//3886
f 4713//4713 4711//4711 4714//4714
f 4699//4699 4712//4712 4700//4700
f 4700//4700 4715//4715 4704//4704
f 4712//4712 4716//4716 4715//4715
f 4715//4715 4717//4717 4718//4718
f 4719//4719 4720//4720 4721//4721
f 4722//4722 4721//4721 2053//2053
f 4720//4720 4723//4723 4724//4724
f 4721//4721 4724//4724 2054//2054
f 4719//4719 4722//4722 4725//4725
f 4725//4725 4726//4726 4505//4505
f 4722//4722 2052//2052 4726//4726
f 4726//4726 2062//2062 4506//4506
f 4719//4719 4725//4725 4727//4727
f 4728//4728 4727//4727 4710//4710
f 4725//4725 4505//4505 4516//4516
f 4727//4727 4516//4516 3870//3870
f 4719//4719 4728//4728 4720//4720
f 4720//4720 4729//4729 4723//4723
f 4728//4728 4709//4709 4729//4729
f 4729//4729 4703//4703 4730//4730
f 4731//4731 4732//4732 4733//4733
f 4733//4733 4734//4734 4693//4693
f 4732//4732 4735//4735 4734//4734
f 4734//4734 4736//4736 4697//4697
f 4731//4731 4733//4733 4737//4737
f 4738//4738 4737//4737 4522//4522
f 4733//4733 4693//4693 4694//4694
f 4737//4737 4694//4694 3817//3817
f 4731//4731 4738//4738 4739//4739
f 4739//4739 4740//4740 4665//4665
f 4738//4738 4521//4521 4740//4740
f 4740//4740 4529//4529 4671//4671
f 4731//4731 4739//4739 4741//4741
f 4732//4732 4741//4741 4742//4742
f 4739//4739 4665//4665 4668//4668
f 4741//4741 4668//4668 4743//4743
f 4744//4744 4745//4745 4746//4746
f 4746//4746 4747//4747 4674//4674
f 4745//4745 4748//4748 4749//4749
f 4747//4747 4749//4749 4750//4750
f 4744//4744 4746//4746 4751//4751
f 4752//4752 4751//4751 4536//4536
f 4746//4746 4674//4674 4675//4675
f 4751//4751 4675//4675 3760//3760
f 4744//4744 4752//4752 4753//4753
f 4753//4753 4754//4754 2090//2090
f 4752//4752 4535//4535 4754//4754
f 4754//4754 4542//4542 2091//2091
f 4744//4744 4753//4753 4755//4755
f 4745//4745 4755//4755 4748//4748
f 4753//4753 2090//2090 2084//2084
f 4755//4755 2084//2084 2087//2087
f 4756//4756 4757//4757 4758//4758
f 4758//4758 4759//4759 4760//4760
f 4757//4757 4761//4761 4762//4762
f 4759//4759 4762//4762 4763//4763
f 4756//4756 4758//4758 4764//4764
f 4765//4765 4764//4764 4667//4667
f 4758//4758 4760//4760 4766//4766
f 4764//4764 4766//4766 4743//4743
f 4756//4756 4765//4765 4767//4767
f 4768//4768 4767//4767 4769//4769
f 4765//4765 4666//4666 4677//4677
f 4767//4767 4677//4677 4750//4750
f 4756//4756 4768//4768 4757//4757
f 4757//4757 4770//4770 4761//4761
f 4768//4768 4771//4771 4770//4770
f 4770//4770 4772//4772 4773//4773
f 4774//4774 4775//4775 4776//4776
f 4777//4777 4776//4776 4778//4778
f 4775//4775 4779//4779 4780//4780
f 4776//4776 4780//4780 4781//4781
f 4774//4774 4777//4777 4782//4782
f 4782//4782 4783//4783 4684//4684
f 4777//4777 4784//4784 4783//4783
f 4783//4783 4785//4785 4685//4685
f 4774//4774 4782//4782 4786//4786
f 4787//4787 4786//4786 4788//4788
f 4782//4782 4684//4684 4786//4786
f 4786//4786 4696//4696 4789//4789
f 4774//4774 4787//4787 4775//4775
f 4775//4775 4790//4790 4779//4779
f 4787//4787 4788//4788 4791//4791
f 4790//4790 4791//4791 4792//4792
f 4793//4793 4794//4794 4795//4795
f 4796//4796 4795//4795 4797//4797
f 4794//4794 4798//4798 4799//4799
f 4795//4795 4799//4799 4800//4800
f 4793//4793 4796//4796 4801//4801
f 4801//4801 4802//4802 4704//4704
f 4796//4796 4803//4803 4802//4802
f 4802//4802 4804//4804 4705//4705
f 4793//4793 4801//4801 4805//4805
f 4806//4806 4805//4805 4785//4785
f 4801//4801 4704//4704 4718//4718
f 4805//4805 4718//4718 4686//4686
f 4793//4793 4806//4806 4794//4794
f 4794//4794 4807//4807 4798//4798
f 4806//4806 4784//4784 4807//4807
f 4807//4807 4778//4778 4808//4808
f 4809//4809 4810//4810 4811//4811
f 4812//4812 4811//4811 2153//2153
f 4810//4810 4813//4813 4814//4814
f 4811//4811 4814//4814 2154//2154
f 4809//4809 4812//4812 4815//4815
f 4815//4815 4816//4816 4723//4723
f 4812//4812 2152//2152 4816//4816
f 4816//4816 2162//2162 4724//4724
f 4809//4809 4815//4815 4817//4817
f 4818//4818 4817//4817 4804//4804
f 4815//4815 4723//4723 4730//4730
f 4817//4817 4730//4730 4706//4706
f 4809//4809 4818//4818 4810//4810
f 4810//4810 4819//4819 4813//4813
f 4818//4818 4803//4803 4819//4819
f 4819//4819 4797//4797 4820//4820
f 4821//4821 4822//4822 4823//4823
f 4823//4823 4824//4824 4788//4788
f 4822//4822 4825//4825 4824//4824
f 4824//4824 4826//4826 4791//4791
f 4821//4821 4823//4823 4827//4827
f 4828//4828 4827//4827 4736//4736
f 4823//4823 4788//4788 4789//4789
f 4827//4827 4789//4789 4698//4698
f 4821//4821 4828//4828 4829//4829
f 4829//4829 4830//4830 4760//4760
f 4828//4828 4735//4735 4830//4830
f 4830//4830 4742//4742 4766//4766
f 4821//4821 4829//4829 4831//4831
f 4822//4822 4831//4831 4832//4832
f 4829//4829 4760//4760 4763//4763
f 4831//4831 4763//4763 4833//4833
f 4834//4834 4835//4835 4836//4836
f 4837//4837 4836//4836 4772//4772
f 4835//4835 4838//4838 4839//4839
f 4836//4836 4839//4839 4840//4840
f 4834//4834 4837//4837 4841//4841
f 4841//4841 4842//4842 4748//4748
f 4837//4837 4771//4771 4842//4842
f 4842//4842 4769//4769 4749//4749
f 4834//4834 4841//4841 4843//4843
f 4844//4844 4843//4843 2190//2190
f 4841//4841 4748//4748 4845//4845
f 4843//4843 4845//4845 2087//2087
f 4834//4834 4844//4844 4835//4835
f 4835//4835 4846//4846 4838//4838
f 4844//4844 2184//2184 4846//4846
f 4846//4846 2187//2187 4847//4847
f 4848//4848 4849//4849 4850//4850
f 4851//4851 4850//4850 4852//4852
f 4849//4849 3891//3891 3901//3901
f 4850//4850 3901//3901 3960//3960
f 4848//4848 4851//4851 4853//4853
f 4853//4853 4854//4854 4855//4855
f 4851//4851 4856//4856 4854//4854
f 4854//4854 4857//4857 4858//4858
f 4848//4848 4853//4853 4859//4859
f 4860//4860 4859//4859 2205//2205
f 4853//4853 4855//4855 4861//4861
f 4859//4859 4861//4861 2206//2206
f 4848//4848 4860//4860 4849//4849
f 4849//4849 4862//4862 3891//3891
f 4860//4860 2200//2200 4862//4862
f 4862//4862 2201//2201 3892//3892
f 4863//4863 4864//4864 4865//4865
f 4865//4865 4866//4866 2216//2216
f 4864//4864 4867//4867 4866//4866
f 4866//4866 4868//4868 2217//2217
f 4863//4863 4865//4865 4869//4869
f 4870//4870 4869//4869 4871//4871
f 4865//4865 2216//2216 2227//2227
f 4869//4869 2227//2227 2229//2229
f 4863//4863 4870//4870 4872//4872
f 4872//4872 4873//4873 3906//3906
f 4870//4870 4874//4874 4873//4873
f 4873//4873 4875//4875 3913//3913
f 4863//4863 4872//4872 4876//4876
f 4864//4864 4876//4876 4877//4877
f 4872//4872 3906//3906 4878//4878
f 4876//4876 4878//4878 4877//4877
f 4879//4879 4880//4880 4881//4881
f 4882//4882 4881//4881 4883//4883
f 4880//4880 4884//4884 4885//4885
f 4881//4881 4885//4885 4883//4883
f 4879//4879 4882//4882 4886//4886
f 4886//4886 4887//4887 3907//3907
f 4882//4882 4888//4888 4887//4887
f 4887//4887 4889//4889 3908//3908
f 4879//4879 4886//4886 4890//4890
f 4891//4891 4890//4890 4857//4857
f 4886//4886 3907//3907 3924//3924
f 4890//4890 3924//3924 4892//4892
f 4879//4879 4891//4891 4880//4880
f 4880//4880 4893//4893 4884//4884
f 4891//4891 4856//4856 4893//4893
f 4893//4893 4852//4852 4894//4894
f 4895//4895 4896//4896 4897//4897
f 4897//4897 4898//4898 4899//4899
f 4896//4896 2250//2250 4898//4898
f 4898//4898 2253//2253 4900//4900
f 4895//4895 4897//4897 4901//4901
f 4902//4902 4901//4901 3919//3919
f 4897//4897 4899//4899 4903//4903
f 4901//4901 4903//4903 3920//3920
f 4895//4895 4902//4902 4904//4904
f 4905//4905 4904//4904 4875//4875
f 4902//4902 3918//3918 3912//3912
f 4904//4904 3912//3912 3914//3914
f 4895//4895 4905//4905 4896//4896
f 4896//4896 4906//4906 2250//2250
f 4905//4905 4874//4874 4906//4906
f 4906//4906 4871//4871 2256//2256
f 4907//4907 4908//4908 4909//4909
f 4910//4910 4909//4909 3923//3923
f 4908//4908 4855//4855 4858//4858
f 4909//4909 4858//4858 4892//4892
f 4907//4907 4910//4910 4911//4911
f 4911//4911 4912//4912 4899//4899
f 4910//4910 3922//3922 4912//4912
f 4912//4912 3917//3917 4903//4903
f 4907//4907 4911//4911 4913//4913
f 4914//4914 4913//4913 2272//2272
f 4911//4911 4899//4899 4900//4900
f 4913//4913 4900//4900 2273//2273
f 4907//4907 4914//4914 4908//4908
f 4908//4908 4915//4915 4855//4855
f 4914//4914 2268//2268 4915//4915
f 4915//4915 2269//2269 4861//4861
f 4916//4916 4917//4917 4918//4918
f 4918//4918 4919//4919 2279//2279
f 4917//4917 3830//3830 4919//4919
f 4919//4919 3826//3826 2280//2280
f 4916//4916 4918//4918 4920//4920
f 4920//4920 4921//4921 4867//4867
f 4918//4918 2279//2279 4921//4921
f 4921//4921 2287//2287 4868//4868
f 4916//4916 4920//4920 4922//4922
f 4923//4923 4922//4922 4889//4889
f 4920//4920 4867//4867 4877//4877
f 4922//4922 4877//4877 3909//3909
f 4917//4917 4916//4916 4924//4924
f 4917//4917 4924//4924 3831//3831
f 4923//4923 4888//4888 4924//4924
f 4924//4924 4883//4883 4925//4925
f 4926//4926 4927//4927 4928//4928
f 4928//4928 4929//4929 4930//4930
f 4927//4927 3884//3884 4929//4929
f 4929//4929 3879//3879 4931//4931
f 4926//4926 4928//4928 4932//4932
f 4933//4933 4932//4932 4934//4934
f 4928//4928 4930//4930 4935//4935
f 4932//4932 4935//4935 4936//4936
f 4926//4926 4933//4933 4937//4937
f 4937//4937 4938//4938 4939//4939
f 4933//4933 4940//4940 4938//4938
f 4938//4938 4941//4941 4942//4942
f 4926//4926 4937//4937 4943//4943
f 4927//4927 4943//4943 3885//3885
f 4937//4937 4939//4939 4944//4944
f 4943//4943 4944//4944 4714//4714
f 4945//4945 4946//4946 4947//4947
f 4948//4948 4947//4947 4949//4949
f 4946//4946 3873//3873 3876//3876
f 4947//4947 3876//3876 4514//4514
f 4945//4945 4948//4948 4950//4950
f 4951//4951 4950//4950 4952//4952
f 4948//4948 4953//4953 4954//4954
f 4950//4950 4954//4954 4955//4955
f 4945//4945 4951//4951 4956//4956
f 4956//4956 4957//4957 4930//4930
f 4951//4951 4958//4958 4957//4957
f 4957//4957 4959//4959 4935//4935
f 4945//4945 4956//4956 4946//4946
f 4946//4946 4960//4960 3873//3873
f 4956//4956 4930//4930 4960//4960
f 4960//4960 4931//4931 3880//3880
f 4961//4961 4962//4962 4963//4963
f 4964//4964 4963//4963 2328//2328
f 4962//4962 4509//4509 4510//4510
f 4963//4963 4510//4510 2329//2329
f 4961//4961 4964//4964 4965//4965
f 4966//4966 4965//4965 4967//4967
f 4964//4964 2327//2327 2337//2337
f 4965//4965 2337//2337 2339//2339
f 4961//4961 4966//4966 4968//4968
f 4968//4968 4969//4969 4953//4953
f 4966//4966 4970//4970 4969//4969
f 4969//4969 4971//4971 4954//4954
f 4961//4961 4968//4968 4962//4962
f 4962//4962 4972//4972 4509//4509
f 4968//4968 4953//4953 4972//4972
f 4972//4972 4949//4949 4513//4513
f 4973//4973 4974//4974 4975//4975
f 4975//4975 4976//4976 4717//4717
f 4974//4974 4977//4977 4976//4976
f 4976//4976 4978//4978 4717//4717
f 4973//4973 4975//4975 4979//4979
f 4979//4979 4980//4980 4939//4939
f 4975//4975 4716//4716 4980//4980
f 4980//4980 4713//4713 4944//4944
f 4973//4973 4979//4979 4981//4981
f 4981//4981 4982//4982 4983//4983
f 4979//4979 4939//4939 4982//4982
f 4982//4982 4942//4942 4984//4984
f 4974//4974 4973//4973 4985//4985
f 4977//4977 4974//4974 4986//4986
f 4981//4981 4983//4983 4987//4987
f 4985//4985 4987//4987 4988//4988
f 4989//4989 4990//4990 4991//4991
f 4992//4992 4991//4991 4993//4993
f 4990//4990 4458//4458 4471//4471
f 4991//4991 4471//4471 4478//4478
f 4989//4989 4992//4992 4994//4994
f 4994//4994 4995//4995 4996//4996
f 4992//4992 4997//4997 4995//4995
f 4995//4995 4998//4998 4999//4999
f 4989//4989 4994//4994 5000//5000
f 5001//5001 5000//5000 2369//2369
f 4994//4994 4996//4996 5002//5002
f 5000//5000 5002//5002 2370//2370
f 4989//4989 5001//5001 4990//4990
f 4990//4990 5003//5003 4458//4458
f 5001//5001 2364//2364 5003//5003
f 5003//5003 2365//2365 4459//4459
f 5004//5004 5005//5005 5006//5006
f 5007//5007 5006//5006 5008//5008
f 5005//5005 3805//3805 3798//3798
f 5006//5006 3798//3798 5009//5009
f 5004//5004 5007//5007 5010//5010
f 5010//5010 5011//5011 5012//5012
f 5007//5007 5008//5008 5013//5013
f 5011//5011 5013//5013 5014//5014
f 5004//5004 5010//5010 5015//5015
f 5016//5016 5015//5015 5017//5017
f 5010//5010 5012//5012 5018//5018
f 5015//5015 5018//5018 5019//5019
f 5004//5004 5016//5016 5005//5005
f 5005//5005 5020//5020 3805//3805
f 5016//5016 5021//5021 5020//5020
f 5020//5020 5022//5022 3806//3806
f 5023//5023 5024//5024 5025//5025
f 5026//5026 5025//5025 5022//5022
f 5024//5024 4476//4476 4487//4487
f 5025//5025 4487//4487 3807//3807
f 5023//5023 5026//5026 5027//5027
f 5027//5027 5028//5028 5029//5029
f 5026//5026 5021//5021 5028//5028
f 5028//5028 5017//5017 5030//5030
f 5023//5023 5027//5027 5031//5031
f 5032//5032 5031//5031 4998//4998
f 5027//5027 5029//5029 5033//5033
f 5031//5031 5033//5033 5034//5034
f 5023//5023 5032//5032 5024//5024
f 5024//5024 5035//5035 4476//4476
f 5032//5032 4997//4997 5035//5035
f 5035//5035 4993//4993 4477//4477
f 5036//5036 5037//5037 5038//5038
f 5039//5039 5038//5038 5040//5040
f 5037//5037 4977//4977 4986//4986
f 5038//5038 4986//4986 4988//4988
f 5039//5039 5041//5041 5042//5042
f 5042//5042 5041//5041 5008//5008
f 5039//5039 5043//5043 5041//5041
f 5041//5041 5044//5044 5013//5013
f 5036//5036 5042//5042 5045//5045
f 5046//5046 5045//5045 4690//4690
f 5042//5042 5008//5008 5009//5009
f 5045//5045 5009//5009 3801//3801
f 5036//5036 5046//5046 5037//5037
f 5037//5037 5047//5047 4977//4977
f 5046//5046 4689//4689 5047//5047
f 5047//5047 4683//4683 4978//4978
f 5048//5048 5049//5049 5050//5050
f 5050//5050 5051//5051 5052//5052
f 5049//5049 5053//5053 5051//5051
f 5051//5051 5054//5054 5055//5055
f 5048//5048 5050//5050 5056//5056
f 5057//5057 5056//5056 5044//5044
f 5050//5050 5052//5052 5058//5058
f 5056//5056 5058//5058 5014//5014
f 5048//5048 5057//5057 5059//5059
f 5059//5059 5060//5060 4983//4983
f 5057//5057 5043//5043 5060//5060
f 5060//5060 5040//5040 4987//4987
f 5049//5049 5048//5048 5061//5061
f 5049//5049 5061//5061 5062//5062
f 5059//5059 4983//4983 4984//4984
f 5061//5061 4984//4984 5063//5063
f 5064//5064 5065//5065 5066//5066
f 5067//5067 5066//5066 5068//5068
f 5065//5065 5052//5052 5055//5055
f 5066//5066 5055//5055 5069//5069
f 5064//5064 5067//5067 5070//5070
f 5071//5071 5070//5070 5072//5072
f 5067//5067 5073//5073 5070//5070
f 5070//5070 5074//5074 5072//5072
f 5064//5064 5071//5071 5075//5075
f 5075//5075 5076//5076 5012//5012
f 5071//5071 5077//5077 5076//5076
f 5076//5076 5078//5078 5018//5018
f 5064//5064 5075//5075 5079//5079
f 5065//5065 5079//5079 5052//5052
f 5075//5075 5012//5012 5080//5080
f 5079//5079 5080//5080 5058//5058
f 5081//5081 5082//5082 5083//5083
f 5084//5084 5083//5083 4941//4941
f 5082//5082 5053//5053 5062//5062
f 5083//5083 5062//5062 5063//5063
f 5081//5081 5084//5084 5085//5085
f 5085//5085 5086//5086 5087//5087
f 5084//5084 4940//4940 5086//5086
f 5086//5086 4934//4934 5088//5088
f 5081//5081 5085//5085 5089//5089
f 5090//5090 5089//5089 5074//5074
f 5085//5085 5087//5087 5091//5091
f 5089//5089 5091//5091 5092//5092
f 5081//5081 5090//5090 5082//5082
f 5082//5082 5093//5093 5053//5053
f 5090//5090 5073//5073 5093//5093
f 5054//5054 5093//5093 5069//5069
f 5094//5094 5095//5095 5096//5096
f 5096//5096 5097//5097 5098//5098
f 5095//5095 5077//5077 5097//5097
f 5097//5097 5072//5072 5099//5099
f 5094//5094 5096//5096 5100//5100
f 5101//5101 5100//5100 5102//5102
f 5096//5096 5098//5098 5103//5103
f 5100//5100 5103//5103 5104//5104
f 5094//5094 5101//5101 5105//5105
f 5105//5105 5106//5106 5029//5029
f 5101//5101 5107//5107 5106//5106
f 5106//5106 5108//5108 5033//5033
f 5094//5094 5105//5105 5109//5109
f 5095//5095 5109//5109 5078//5078
f 5105//5105 5029//5029 5030//5030
f 5109//5109 5030//5030 5019//5019
f 5110//5110 5111//5111 5112//5112
f 5112//5112 5113//5113 4996//4996
f 5111//5111 2485//2485 5113//5113
f 5113//5113 2486//2486 5002//5002
f 5110//5110 5112//5112 5114//5114
f 5115//5115 5114//5114 5108//5108
f 5112//5112 4996//4996 4999//4999
f 5114//5114 4999//4999 5034//5034
f 5110//5110 5115//5115 5116//5116
f 5116//5116 5117//5117 5118//5118
f 5115//5115 5107//5107 5117//5117
f 5117//5117 5102//5102 5119//5119
f 5110//5110 5116//5116 5120//5120
f 5111//5111 5120//5120 2490//2490
f 5116//5116 5118//5118 5121//5121
f 5120//5120 5121//5121 2491//2491
f 5122//5122 5123//5123 5124//5124
f 5125//5125 5124//5124 5121//5121
f 5123//5123 2504//2504 2501//2501
f 5124//5124 2501//2501 2491//2491
f 5122//5122 5125//5125 5126//5126
f 5126//5126 5127//5127 5128//5128
f 5125//5125 5118//5118 5127//5127
f 5127//5127 5119//5119 5129//5129
f 5122//5122 5126//5126 5130//5130
f 5131//5131 5130//5130 4971//4971
f 5126//5126 5128//5128 5132//5132
f 5130//5130 5132//5132 4955//4955
f 5122//5122 5131//5131 5123//5123
f 5123//5123 5133//5133 2504//2504
f 5131//5131 4970//4970 5133//5133
f 5133//5133 4967//4967 2505//2505
f 5134//5134 5135//5135 5136//5136
f 5137//5137 5136//5136 4959//4959
f 5135//5135 5087//5087 5088//5088
f 5136//5136 5088//5088 4936//4936
f 5134//5134 5137//5137 5138//5138
f 5138//5138 5139//5139 5128//5128
f 5137//5137 4958//4958 5139//5139
f 5139//5139 4952//4952 5132//5132
f 5134//5134 5138//5138 5140//5140
f 5141//5141 5140//5140 5103//5103
f 5138//5138 5128//5128 5129//5129
f 5140//5140 5129//5129 5104//5104
f 5134//5134 5141//5141 5135//5135
f 5135//5135 5142//5142 5087//5087
f 5141//5141 5098//5098 5142//5142
f 5142//5142 5099//5099 5091//5091
f 5143//5143 5144//5144 5145//5145
f 5145//5145 5146//5146 3653//3653
f 5144//5144 4884//4884 5146//5146
f 5146//5146 4894//4894 3658//3658
f 5143//5143 5145//5145 5147//5147
f 5148//5148 5147//5147 5149//5149
f 5145//5145 3653//3653 3655//3655
f 5147//5147 3655//3655 3656//3656
f 5143//5143 5148//5148 5150//5150
f 5150//5150 5151//5151 5152//5152
f 5148//5148 5153//5153 5151//5151
f 5154//5154 5151//5151 5155//5155
f 5143//5143 5150//5150 5156//5156
f 5144//5144 5156//5156 4885//4885
f 5150//5150 5152//5152 5156//5156
f 5156//5156 5157//5157 4885//4885
f 5158//5158 5159//5159 5160//5160
f 5161//5161 5160//5160 3953//3953
f 5159//5159 3560//3560 3563//3563
f 5160//5160 3563//3563 5162//5162
f 5158//5158 5161//5161 5163//5163
f 5163//5163 5164//5164 5165//5165
f 5161//5161 3952//3952 5164//5164
f 5164//5164 3947//3947 5166//5166
f 5158//5158 5163//5163 5167//5167
f 5168//5168 5167//5167 3649//3649
f 5163//5163 5165//5165 5169//5169
f 5167//5167 5169//5169 5170//5170
f 5158//5158 5168//5168 5159//5159
f 5159//5159 5171//5171 3560//3560
f 5168//5168 3648//3648 5171//5171
f 5171//5171 3642//3642 3567//3567
f 5172//5172 5173//5173 5174//5174
f 5175//5175 5173//5173 5172//5172
f 5176//5176 3942//3942 5177//5177
f 5177//5177 3942//3942 5178//5178
f 5179//5179 5180//5180 5181//5181
f 5181//5181 5180//5180 5182//5182
f 5180//5180 3944//3944 5183//5183
f 5183//5183 3944//3944 3942//3942
f 5184//5184 5185//5185 5186//5186
f 5187//5187 5186//5186 5157//5157
f 5185//5185 3829//3829 3832//3832
f 5186//5186 3832//3832 4925//4925
f 5184//5184 5187//5187 5188//5188
f 5188//5188 5189//5189 5190//5190
f 5187//5187 5152//5152 5189//5189
f 5189//5189 5154//5154 5191//5191
f 5184//5184 5188//5188 5192//5192
f 5192//5192 5193//5193 5184//5184
f 5188//5188 5194//5194 5195//5195
f 5188//5188 5196//5196 5197//5197
f 5188//5188 5198//5198 5196//5196
f 5199//5199 5194//5194 5188//5188
f 5188//5188 5190//5190 5198//5198
f 5200//5200 5198//5198 5201//5201
f 5184//5184 5202//5202 5185//5185
f 5202//5202 5203//5203 5204//5204
f 5184//5184 5193//5193 5202//5202
f 5185//5185 5204//5204 3829//3829
f 5204//5204 5205//5205 5206//5206
f 5204//5204 5203//5203 5205//5205
f 5206//5206 5207//5207 5204//5204
f 5204//5204 5207//5207 3835//3835
f 5173//5173 5207//5207 5208//5208
f 5208//5208 5174//5174 5173//5173
f 5209//5209 5210//5210 5211//5211
f 5212//5212 5211//5211 3948//3948
f 5210//5210 5165//5165 5166//5166
f 5211//5211 5166//5166 3949//3949
f 5209//5209 5212//5212 5213//5213
f 5180//5180 5179//5179 5214//5214
f 5215//5215 5216//5216 5214//5214
f 5216//5216 5213//5213 5180//5180
f 5212//5212 3938//3938 3940//3940
f 5213//5213 3940//3940 3944//3944
f 5209//5209 5216//5216 5217//5217
f 5217//5217 5218//5218 5219//5219
f 5216//5216 5220//5220 5221//5221
f 5216//5216 5215//5215 5220//5220
f 5222//5222 5218//5218 5223//5223
f 5224//5224 5225//5225 5219//5219
f 5219//5219 5218//5218 5226//5226
f 5226//5226 5218//5218 5222//5222
f 5209//5209 5217//5217 5210//5210
f 5210//5210 5227//5227 5165//5165
f 5217//5217 5228//5228 5227//5227
f 5227//5227 5229//5229 5169//5169
f 5230//5230 5231//5231 5232//5232
f 5233//5233 5232//5232 5229//5229
f 5231//5231 3647//3647 3650//3650
f 5232//5232 3650//3650 5170//5170
f 5230//5230 5233//5233 5234//5234
f 5234//5234 5235//5235 5190//5190
f 5233//5233 5228//5228 5235//5235
f 5198//5198 5235//5235 5236//5236
f 5236//5236 5235//5235 5225//5225
f 5230//5230 5234//5234 5237//5237
f 5238//5238 5237//5237 5239//5239
f 5234//5234 5190//5190 5191//5191
f 5237//5237 5191//5191 5155//5155
f 5230//5230 5238//5238 5231//5231
f 5231//5231 5240//5240 3647//3647
f 5238//5238 5153//5153 5240//5240
f 5240//5240 5149//5149 3654//3654
f 5241//5241 5242//5242 4549//4549
f 4548//4548 5243//5243 5244//5244
f 4549//4549 4548//4548 5244//5244
f 4555//4555 4549//4549 5242//5242
f 5245//5245 5246//5246 4554//4554
f 5247//5247 5248//5248 5249//5249
f 5248//5248 5250//5250 5251//5251
f 5248//5248 5247//5247 5252//5252
f 5251//5251 5253//5253 5248//5248
f 5254//5254 5248//5248 5255//5255
f 5256//5256 4548//4548 5253//5253
f 5243//5243 4548//4548 5256//5256
f 4570//4570 5248//5248 5253//5253
f 5248//5248 4570//4570 4652//4652
f 5254//5254 5257//5257 5258//5258
f 5258//5258 5249//5249 5254//5254
f 5254//5254 5259//5259 5260//5260
f 5257//5257 5254//5254 5260//5260
f 5173//5173 5175//5175 5261//5261
f 5262//5262 5263//5263 5264//5264
f 5265//5265 5260//5260 5263//5263
f 5263//5263 5262//5262 5265//5265
f 5266//5266 5267//5267 5268//5268
f 5268//5268 5269//5269 5270//5270
f 5267//5267 3703//3703 5269//5269
f 5269//5269 3699//3699 5270//5270
f 5266//5266 5268//5268 5271//5271
f 5272//5272 5271//5271 4577//4577
f 5268//5268 5273//5273 5271//5271
f 5271//5271 5274//5274 4577//4577
f 5266//5266 5272//5272 5275//5275
f 5275//5275 5276//5276 5277//5277
f 5272//5272 4576//4576 5276//5276
f 5276//5276 4591//4591 5278//5278
f 5266//5266 5275//5275 5279//5279
f 5267//5267 5279//5279 3704//3704
f 5275//5275 5277//5277 5280//5280
f 5279//5279 5280//5280 5162//5162
f 5281//5281 5282//5282 5283//5283
f 5284//5284 5283//5283 5285//5285
f 5282//5282 3531//3531 3526//3526
f 5283//5283 3526//3526 3527//3527
f 5281//5281 5284//5284 5286//5286
f 5286//5286 5287//5287 4599//4599
f 5284//5284 5288//5288 5287//5287
f 5287//5287 5289//5289 4600//4600
f 5281//5281 5286//5286 5290//5290
f 5291//5291 5290//5290 5274//5274
f 5286//5286 4599//4599 4613//4613
f 5290//5290 4613//4613 4578//4578
f 5281//5281 5291//5291 5282//5282
f 5282//5282 5292//5292 3531//3531
f 5291//5291 5273//5273 5292//5292
f 5292//5292 5270//5270 3533//3533
f 5293//5293 5294//5294 5295//5295
f 5296//5296 5295//5295 2679//2679
f 5294//5294 3512//3512 5295//5295
f 5295//5295 3508//3508 2679//2679
f 5293//5293 5296//5296 5297//5297
f 5297//5297 5298//5298 4618//4618
f 2678//2678 2685//2685 5298//5298
f 5298//5298 2685//2685 4619//4619
f 5293//5293 5297//5297 5299//5299
f 5300//5300 5299//5299 5289//5289
f 5297//5297 4618//4618 4629//4629
f 5299//5299 4629//4629 4601//4601
f 5293//5293 5300//5300 5294//5294
f 5294//5294 5301//5301 3513//3513
f 5300//5300 5288//5288 5301//5301
f 5301//5301 5285//5285 3513//3513
f 5302//5302 5303//5303 5304//5304
f 5304//5304 5305//5305 5277//5277
f 5303//5303 3931//3931 5305//5305
f 5305//5305 3951//3951 5280//5280
f 5302//5302 5304//5304 5306//5306
f 5307//5307 5306//5306 4635//4635
f 5304//5304 5277//5277 5278//5278
f 5306//5306 5278//5278 4593//4593
f 5302//5302 5307//5307 5308//5308
f 5308//5308 5309//5309 5310//5310
f 5309//5309 5311//5311 5312//5312
f 5313//5313 5314//5314 5309//5309
f 5309//5309 5312//5312 5313//5313
f 5307//5307 4634//4634 5309//5309
f 5315//5315 5316//5316 5309//5309
f 5309//5309 4645//4645 5315//5315
f 4554//4554 5246//5246 5315//5315
f 5302//5302 5308//5308 5317//5317
f 5303//5303 5317//5317 3932//3932
f 5318//5318 5317//5317 5308//5308
f 5317//5317 5318//5318 5319//5319
f 5319//5319 5320//5320 5317//5317
f 5321//5321 3934//3934 5317//5317
f 3934//3934 3932//3932 5317//5317
f 5322//5322 5323//5323 5324//5324
f 5324//5324 5325//5325 5263//5263
f 5323//5323 3822//3822 5325//5325
f 5325//5325 3834//3834 5263//5263
f 5322//5322 5324//5324 5326//5326
f 5327//5327 5326//5326 4650//4650
f 5324//5324 5259//5259 5326//5326
f 5326//5326 5255//5255 4651//4651
f 5322//5322 5327//5327 5328//5328
f 5328//5328 5329//5329 2716//2716
f 5327//5327 4650//4650 5329//5329
f 5329//5329 5330//5330 2717//2717
f 5322//5322 5328//5328 5331//5331
f 5323//5323 5331//5331 3823//3823
f 5328//5328 2716//2716 2712//2712
f 5331//5331 2712//2712 2713//2713
f 5332//5332 5333//5333 5334//5334
f 5335//5335 5334//5334 5336//5336
f 5333//5333 4559//4559 5337//5337
f 5334//5334 5337//5337 5338//5338
f 5332//5332 5335//5335 5339//5339
f 5339//5339 5340//5340 4761//4761
f 5335//5335 5336//5336 5341//5341
f 5340//5340 5341//5341 4833//4833
f 5332//5332 5339//5339 5342//5342
f 5343//5343 5342//5342 5344//5344
f 5339//5339 4761//4761 4773//4773
f 5342//5342 4773//4773 4840//4840
f 5332//5332 5343//5343 5333//5333
f 5333//5333 5345//5345 4559//4559
f 5343//5343 5346//5346 5345//5345
f 5345//5345 5347//5347 4565//4565
f 5348//5348 5349//5349 5350//5350
f 5351//5351 5350//5350 5352//5352
f 5349//5349 4587//4587 4581//4581
f 5350//5350 4581//4581 4611//4611
f 5348//5348 5351//5351 5353//5353
f 5353//5353 5354//5354 4779//4779
f 5351//5351 5355//5355 5354//5354
f 5354//5354 5356//5356 4780//4780
f 5348//5348 5353//5353 5357//5357
f 5358//5358 5357//5357 5359//5359
f 5353//5353 4779//4779 5360//5360
f 5357//5357 5360//5360 5361//5361
f 5348//5348 5358//5358 5362//5362
f 5349//5349 5362//5362 4588//4588
f 5358//5358 5359//5359 5363//5363
f 5362//5362 5363//5363 4639//4639
f 5364//5364 5365//5365 5366//5366
f 5367//5367 5366//5366 5368//5368
f 5365//5365 4604//4604 4607//4607
f 5366//5366 4607//4607 4627//4627
f 5364//5364 5367//5367 5369//5369
f 5369//5369 5370//5370 4798//4798
f 5371//5371 5372//5372 5370//5370
f 5370//5370 5372//5372 4799//4799
f 5364//5364 5369//5369 5373//5373
f 5374//5374 5373//5373 5356//5356
f 5369//5369 4798//4798 4808//4808
f 5373//5373 4808//4808 4781//4781
f 5364//5364 5374//5374 5365//5365
f 5365//5365 5375//5375 4604//4604
f 5374//5374 5355//5355 5375//5375
f 5375//5375 5352//5352 4610//4610
f 5376//5376 5377//5377 5378//5378
f 5379//5379 5378//5378 2766//2766
f 5377//5377 4623//4623 4622//4622
f 5378//5378 4622//4622 1951//1951
f 5376//5376 5379//5379 5380//5380
f 5380//5380 5381//5381 4813//4813
f 5379//5379 2765//2765 5381//5381
f 5381//5381 2772//2772 4814//4814
f 5376//5376 5380//5380 5382//5382
f 5383//5383 5382//5382 5372//5372
f 5380//5380 4813//4813 4820//4820
f 5382//5382 4820//4820 4800//4800
f 5383//5383 5384//5384 5377//5377
f 5377//5377 5384//5384 4623//4623
f 5383//5383 5371//5371 5384//5384
f 5384//5384 5368//5368 4626//4626
f 5385//5385 5386//5386 5387//5387
f 5387//5387 5388//5388 5359//5359
f 5386//5386 4642//4642 5388//5388
f 5388//5388 4638//4638 5363//5363
f 5385//5385 5387//5387 5389//5389
f 5390//5390 5389//5389 4826//4826
f 5387//5387 5359//5359 5361//5361
f 5389//5389 5361//5361 4792//4792
f 5385//5385 5390//5390 5391//5391
f 5392//5392 5341//5341 5336//5336
f 5390//5390 4825//4825 5392//5392
f 5392//5392 4832//4832 5341//5341
f 5385//5385 5391//5391 5393//5393
f 5386//5386 5393//5393 4643//4643
f 5391//5391 5336//5336 5338//5338
f 5393//5393 5338//5338 4561//4561
f 5394//5394 5395//5395 5396//5396
f 5397//5397 5396//5396 5347//5347
f 5395//5395 4655//4655 4656//4656
f 5396//5396 4656//4656 4566//4566
f 5397//5397 5398//5398 5399//5399
f 5399//5399 5398//5398 4838//4838
f 5397//5397 5346//5346 5398//5398
f 5398//5398 5344//5344 4839//4839
f 5394//5394 5399//5399 5400//5400
f 5401//5401 5400//5400 2792//2792
f 5399//5399 4838//4838 4847//4847
f 5400//5400 4847//4847 2793//2793
f 5401//5401 5402//5402 5395//5395
f 5395//5395 5402//5402 4655//4655
f 5401//5401 2788//2788 5402//5402
f 2789//2789 1985//1985 4659//4659
f 5403//5403 2625//2625 2621//2621
f 5403//5403 5404//5404 2625//2625
f 5404//5404 2631//2631 2630//2630
f 2621//2621 2623//2623 5403//5403
f 5404//5404 2627//2627 2631//2631
f 5405//5405 5403//5403 2635//2635
f 2624//2624 2636//2636 5403//5403
f 5403//5403 2623//2623 2624//2624
f 5403//5403 5405//5405 5406//5406
f 5403//5403 5406//5406 5404//5404
f 2702//2702 2698//2698 2699//2699
f 2692//2692 5407//5407 2699//2699
f 2692//2692 2693//2693 5407//5407
f 2700//2700 2702//2702 5408//5408
f 5407//5407 2695//2695 1224//1224
f 1223//1223 5409//5409 1224//1224
f 5407//5407 2693//2693 2694//2694
f 1223//1223 5410//5410 5409//5409
f 5407//5407 5409//5409 5411//5411
f 5407//5407 5412//5412 5408//5408
f 2571//2571 2573//2573 5413//5413
f 5413//5413 2572//2572 2571//2571
f 2573//2573 2574//2574 5414//5414
f 5414//5414 2551//2551 2553//2553
f 2628//2628 5404//5404 2554//2554
f 5414//5414 2574//2574 2551//2551
f 2628//2628 2627//2627 5404//5404
f 5414//5414 5404//5404 5415//5415
f 5414//5414 5416//5416 5413//5413
f 1867//1867 5417//5417 5418//5418
f 2645//2645 2644//2644 5418//5418
f 2644//2644 2704//2704 5418//5418
f 1867//1867 5418//5418 5419//5419
f 2703//2703 2701//2701 5408//5408
f 2701//2701 2700//2700 5408//5408
f 2703//2703 5418//5418 2704//2704
f 5418//5418 5408//5408 5420//5420
f 5418//5418 5421//5421 5422//5422
f 2583//2583 2578//2578 5423//5423
f 5424//5424 2578//2578 2577//2577
f 5423//5423 2579//2579 2583//2583
f 2577//2577 2575//2575 5424//5424
f 5424//5424 2570//2570 2567//2567
f 5424//5424 2575//2575 2570//2570
f 2569//2569 2572//2572 5413//5413
f 5424//5424 5413//5413 5425//5425
f 5424//5424 5426//5426 5427//5427
f 2637//2637 2639//2639 2638//2638
f 2638//2638 5428//5428 2637//2637
f 2638//2638 2643//2643 5428//5428
f 5428//5428 5405//5405 2633//2633
f 5419//5419 5428//5428 1869//1869
f 2641//2641 1871//1871 5428//5428
f 5428//5428 2642//2642 2641//2641
f 5428//5428 2643//2643 2642//2642
f 5428//5428 5419//5419 5429//5429
f 5428//5428 5429//5429 5430//5430
f 5431//5431 1220//1220 1219//1219
f 5431//5431 5409//5409 1221//1221
f 1239//1239 1238//1238 5431//5431
f 5431//5431 1221//1221 1220//1220
f 5409//5409 5410//5410 1225//1225
f 2560//2560 2562//2562 5431//5431
f 5431//5431 2561//2561 2559//2559
f 2555//2555 2557//2557 2558//2558
f 2610//2610 5432//5432 2557//2557
f 2610//2610 2602//2602 5432//5432
f 2602//2602 2601//2601 5432//5432
f 5431//5431 1238//1238 2561//2561
f 5431//5431 5432//5432 5433//5433
f 5431//5431 5433//5433 5409//5409
f 5434//5434 2600//2600 2599//2599
f 2607//2607 2606//2606 5434//5434
f 2601//2601 2600//2600 5432//5432
f 5434//5434 2608//2608 2620//2620
f 2585//2585 2581//2581 5434//5434
f 5434//5434 2606//2606 2608//2608
f 2580//2580 5423//5423 2581//2581
f 2580//2580 2579//2579 5423//5423
f 5434//5434 5423//5423 5435//5435
f 5434//5434 5435//5435 5436//5436
f 5437//5437 5406//5406 5430//5430
f 5437//5437 5438//5438 5411//5411
f 5437//5437 5433//5433 5436//5436
f 5437//5437 5439//5439 5415//5415
f 5440//5440 5435//5435 5427//5427
f 5440//5440 5426//5426 5425//5425
f 5440//5440 5416//5416 5439//5439
f 5440//5440 5439//5439 5435//5435
f 5441//5441 5429//5429 5422//5422
f 5441//5441 5421//5421 5420//5420
f 5441//5441 5412//5412 5438//5438
f 5441//5441 5438//5438 5429//5429
f 5442//5442 5265//5265 5443//5443
f 5262//5262 5264//5264 5443//5443
f 5442//5442 5257//5257 5260//5260
f 5260//5260 5265//5265 5442//5442
f 5442//5442 5258//5258 5257//5257
f 5442//5442 5443//5443 5444//5444
f 5442//5442 5444//5444 5445//5445
f 5252//5252 5442//5442 5445//5445
f 5252//5252 5247//5247 5442//5442
f 5249//5249 5258//5258 5442//5442
f 5310//5310 5314//5314 5313//5313
f 5313//5313 5446//5446 5310//5310
f 5446//5446 5319//5319 5318//5318
f 5312//5312 5447//5447 5313//5313
f 5446//5446 5447//5447 5448//5448
f 5446//5446 5448//5448 5449//5449
f 5446//5446 3934//3934 5321//5321
f 5446//5446 5450//5450 3934//3934
f 5320//5320 5319//5319 5446//5446
f 5450//5450 5451//5451 3935//3935
f 5452//5452 5453//5453 5206//5206
f 5453//5453 5207//5207 5206//5206
f 5453//5453 5208//5208 5207//5207
f 5453//5453 5452//5452 5454//5454
f 5453//5453 5454//5454 5455//5455
f 5453//5453 5175//5175 5172//5172
f 5453//5453 5443//5443 5175//5175
f 5174//5174 5208//5208 5453//5453
f 5443//5443 5264//5264 5261//5261
f 5245//5245 4553//4553 5456//5456
f 5456//5456 5246//5246 5245//5245
f 5456//5456 5315//5315 5246//5246
f 5457//5457 5456//5456 4551//4551
f 5456//5456 5457//5457 5458//5458
f 5456//5456 5459//5459 5460//5460
f 5447//5447 5311//5311 5316//5316
f 5447//5447 5312//5312 5311//5311
f 5315//5315 5456//5456 5316//5316
f 5461//5461 5462//5462 5199//5199
f 5462//5462 5195//5195 5194//5194
f 5194//5194 5199//5199 5462//5462
f 5462//5462 5192//5192 5195//5195
f 5462//5462 5461//5461 5463//5463
f 5462//5462 5464//5464 5465//5465
f 5462//5462 5203//5203 5202//5202
f 5193//5193 5192//5192 5462//5462
f 5452//5452 5205//5205 5203//5203
f 5243//5243 5256//5256 5253//5253
f 5251//5251 5466//5466 5253//5253
f 5466//5466 5244//5244 5243//5243
f 5250//5250 5445//5445 5251//5251
f 5466//5466 5445//5445 5467//5467
f 5466//5466 5468//5468 5457//5457
f 4552//4552 5242//5242 5457//5457
f 4552//4552 4555//4555 5242//5242
f 5457//5457 4550//4550 4552//4552
f 5242//5242 5241//5241 5466//5466
f 5241//5241 5244//5244 5466//5466
f 5469//5469 3943//3943 3929//3929
f 3933//3933 3936//3936 3930//3930
f 5469//5469 3941//3941 3943//3943
f 5450//5450 5469//5469 3936//3936
f 5469//5469 5450//5450 5470//5470
f 5469//5469 5470//5470 5471//5471
f 5182//5182 5183//5183 5469//5469
f 5177//5177 5178//5178 5469//5469
f 5469//5469 5179//5179 5182//5182
f 5469//5469 5471//5471 5179//5179
f 5471//5471 5215//5215 5214//5214
f 5471//5471 5220//5220 5215//5215
f 5178//5178 3941//3941 5469//5469
f 5472//5472 5222//5222 5223//5223
f 5472//5472 5224//5224 5226//5226
f 5220//5220 5471//5471 5221//5221
f 5472//5472 5471//5471 5473//5473
f 5472//5472 5474//5474 5461//5461
f 5472//5472 5201//5201 5236//5236
f 5472//5472 5200//5200 5201//5201
f 5225//5225 5224//5224 5472//5472
f 5472//5472 5461//5461 5200//5200
f 5461//5461 5197//5197 5196//5196
f 5475//5475 5476//5476 5467//5467
f 5475//5475 5444//5444 5455//5455
f 5475//5475 5477//5477 5473//5473
f 5475//5475 5470//5470 5449//5449
f 5478//5478 5464//5464 5463//5463
f 5478//5478 5474//5474 5477//5477
f 5478//5478 5477//5477 5454//5454
f 5478//5478 5454//5454 5465//5465
f 5479//5479 5459//5459 5458//5458
f 5479//5479 5468//5468 5476//5476
f 5479//5479 5476//5476 5448//5448
f 5479//5479 5448//5448 5460//5460
f 4//4 1//1 3//3
f 12//12 4//4 5//5
f 3//3 2//2 7//7
f 5//5 3//3 8//8
f 10//10 1//1 9//9
f 18//18 10//10 11//11
f 9//9 4//4 13//13
f 11//11 9//9 14//14
f 16//16 1//1 15//15
f 22//22 16//16 17//17
f 18//18 19//19 15//15
f 17//17 15//15 20//20
f 16//16 21//21 2//2
f 21//21 24//24 6//6
f 22//22 23//23 21//21
f 23//23 557//557 24//24
f 28//28 25//25 27//27
f 36//36 28//28 29//29
f 27//27 26//26 31//31
f 29//29 27//27 32//32
f 28//28 34//34 33//33
f 34//34 38//38 35//35
f 36//36 37//37 34//34
f 37//37 73//73 38//38
f 40//40 25//25 39//39
f 45//45 40//40 41//41
f 39//39 33//33 42//42
f 41//41 39//39 43//43
f 40//40 44//44 26//26
f 44//44 47//47 30//30
f 45//45 46//46 44//44
f 46//46 54//54 47//47
f 51//51 48//48 50//50
f 45//45 51//51 46//46
f 50//50 49//49 53//53
f 46//46 50//50 54//54
f 51//51 56//56 55//55
f 56//56 58//58 57//57
f 45//45 41//41 56//56
f 41//41 43//43 58//58
f 60//60 48//48 59//59
f 65//65 60//60 61//61
f 59//59 55//55 62//62
f 61//61 59//59 63//63
f 60//60 64//64 49//49
f 64//64 67//67 52//52
f 65//65 66//66 64//64
f 66//66 1049//1049 67//67
f 71//71 68//68 70//70
f 77//77 71//71 72//72
f 70//70 69//69 38//38
f 72//72 70//70 73//73
f 71//71 75//75 74//74
f 75//75 79//79 76//76
f 77//77 78//78 75//75
f 78//78 109//109 79//79
f 81//81 68//68 80//80
f 86//86 81//81 82//82
f 80//80 74//74 83//83
f 82//82 80//80 84//84
f 81//81 85//85 69//69
f 85//85 42//42 35//35
f 86//86 87//87 85//85
f 87//87 43//43 42//42
f 91//91 88//88 90//90
f 86//86 91//91 87//87
f 90//90 89//89 58//58
f 87//87 90//90 43//43
f 91//91 93//93 92//92
f 93//93 95//95 94//94
f 86//86 82//82 93//93
f 93//93 82//82 95//95
f 97//97 88//88 96//96
f 102//102 97//97 98//98
f 96//96 92//92 99//99
f 98//98 96//96 100//100
f 97//97 101//101 89//89
f 101//101 62//62 57//57
f 102//102 103//103 101//101
f 103//103 63//63 62//62
f 105//105 107//107 106//106
f 107//107 1493//1493 108//108
f 107//107 105//105 79//79
f 1493//1493 107//107 109//109
f 111//111 104//104 110//110
f 118//118 111//111 112//112
f 110//110 106//106 113//113
f 112//112 110//110 114//114
f 111//111 116//116 115//115
f 116//116 120//120 117//117
f 118//118 119//119 116//116
f 119//119 130//130 120//120
f 105//105 104//104 121//121
f 121//121 83//83 76//76
f 121//121 115//115 122//122
f 122//122 84//84 83//83
f 124//124 126//126 125//125
f 126//126 122//122 117//117
f 126//126 124//124 95//95
f 122//122 126//126 84//84
f 128//128 123//123 127//127
f 134//134 128//128 129//129
f 127//127 125//125 120//120
f 129//129 127//127 130//130
f 128//128 132//132 131//131
f 132//132 136//136 133//133
f 134//134 135//135 132//132
f 135//135 174//174 136//136
f 124//124 123//123 137//137
f 137//137 99//99 94//94
f 137//137 131//131 138//138
f 138//138 100//100 99//99
f 140//140 142//142 141//141
f 142//142 144//144 143//143
f 118//118 112//112 142//142
f 112//112 114//114 144//144
f 146//146 139//139 145//145
f 153//153 146//146 147//147
f 145//145 141//141 148//148
f 147//147 145//145 149//149
f 146//146 151//151 150//150
f 151//151 155//155 152//152
f 153//153 154//154 151//151
f 154//154 165//165 155//155
f 140//140 139//139 156//156
f 118//118 140//140 119//119
f 156//156 150//150 157//157
f 119//119 156//156 130//130
f 159//159 161//161 160//160
f 161//161 157//157 152//152
f 134//134 129//129 161//161
f 129//129 130//130 157//157
f 163//163 158//158 162//162
f 169//169 163//163 164//164
f 162//162 160//160 155//155
f 164//164 162//162 165//165
f 163//163 167//167 166//166
f 167//167 171//171 168//168
f 169//169 170//170 167//167
f 170//170 631//631 171//171
f 159//159 158//158 172//172
f 134//134 159//159 135//135
f 172//172 166//166 173//173
f 135//135 172//172 174//174
f 176//176 178//178 177//177
f 178//178 182//182 179//179
f 180//180 181//181 178//178
f 181//181 280//280 182//182
f 184//184 175//175 183//183
f 191//191 184//184 185//185
f 183//183 177//177 186//186
f 185//185 183//183 187//187
f 184//184 189//189 188//188
f 189//189 193//193 190//190
f 191//191 192//192 189//189
f 192//192 210//210 193//193
f 176//176 175//175 194//194
f 180//180 176//176 195//195
f 194//194 188//188 196//196
f 195//195 194//194 197//197
f 199//199 201//201 200//200
f 201//201 727//727 202//202
f 203//203 204//204 201//201
f 727//727 201//201 205//205
f 207//207 198//198 206//206
f 214//214 207//207 208//208
f 206//206 200//200 209//209
f 3528//3528 3532//3532 3530//3530
f 207//207 212//212 211//211
f 212//212 216//216 213//213
f 214//214 215//215 212//212
f 215//215 764//764 216//216
f 199//199 198//198 217//217
f 203//203 199//199 218//218
f 217//217 211//211 219//219
f 218//218 217//217 220//220
f 224//224 221//221 223//223
f 232//232 224//224 225//225
f 223//223 222//222 227//227
f 225//225 223//223 228//228
f 224//224 230//230 229//229
f 230//230 234//234 231//231
f 232//232 233//233 230//230
f 233//233 286//286 234//234
f 236//236 221//221 235//235
f 241//241 236//236 237//237
f 235//235 229//229 238//238
f 237//237 235//235 239//239
f 236//236 240//240 222//222
f 240//240 243//243 226//226
f 241//241 242//242 240//240
f 242//242 250//250 243//243
f 247//247 244//244 246//246
f 241//241 247//247 242//242
f 246//246 245//245 249//249
f 242//242 246//246 250//250
f 247//247 252//252 251//251
f 252//252 254//254 253//253
f 241//241 237//237 252//252
f 237//237 239//239 254//254
f 256//256 244//244 255//255
f 261//261 256//256 257//257
f 255//255 251//251 258//258
f 257//257 255//255 259//259
f 256//256 260//260 245//245
f 260//260 263//263 248//248
f 261//261 262//262 260//260
f 262//262 270//270 263//263
f 267//267 264//264 266//266
f 261//261 267//267 262//262
f 266//266 265//265 269//269
f 262//262 266//266 270//270
f 267//267 272//272 271//271
f 272//272 274//274 273//273
f 261//261 257//257 272//272
f 257//257 259//259 274//274
f 276//276 264//264 275//275
f 179//179 276//276 186//186
f 275//275 271//271 277//277
f 277//277 187//187 186//186
f 276//276 278//278 265//265
f 278//278 279//279 268//268
f 179//179 182//182 278//278
f 5179//5179 5181//5181 5182//5182
f 284//284 281//281 283//283
f 290//290 284//284 285//285
f 283//283 282//282 234//234
f 285//285 283//283 286//286
f 284//284 288//288 287//287
f 288//288 292//292 289//289
f 290//290 291//291 288//288
f 291//291 1292//1292 292//292
f 294//294 281//281 293//293
f 299//299 294//294 295//295
f 293//293 287//287 296//296
f 295//295 293//293 297//297
f 294//294 298//298 282//282
f 298//298 238//238 231//231
f 299//299 300//300 298//298
f 300//300 239//239 238//238
f 304//304 301//301 303//303
f 299//299 304//304 300//300
f 303//303 302//302 254//254
f 300//300 303//303 239//239
f 304//304 306//306 305//305
f 306//306 308//308 307//307
f 299//299 295//295 306//306
f 295//295 297//297 308//308
f 310//310 301//301 309//309
f 315//315 310//310 311//311
f 309//309 305//305 312//312
f 311//311 309//309 313//313
f 310//310 314//314 302//302
f 314//314 258//258 253//253
f 315//315 316//316 314//314
f 316//316 259//259 258//258
f 320//320 317//317 319//319
f 315//315 320//320 316//316
f 319//319 318//318 322//322
f 316//316 319//319 259//259
f 320//320 324//324 323//323
f 324//324 326//326 325//325
f 315//315 311//311 324//324
f 311//311 313//313 326//326
f 328//328 317//317 327//327
f 333//333 328//328 329//329
f 327//327 323//323 330//330
f 329//329 327//327 331//331
f 328//328 332//332 318//318
f 332//332 335//335 321//321
f 333//333 334//334 332//332
f 334//334 845//845 335//335
f 339//339 336//336 338//338
f 338//338 343//343 340//340
f 341//341 342//342 338//338
f 342//342 1487//1487 343//343
f 339//339 345//345 344//344
f 344//344 345//345 347//347
f 345//345 339//339 348//348
f 348//348 404//404 346//346
f 350//350 336//336 349//349
f 355//355 350//350 351//351
f 349//349 344//344 352//352
f 351//351 349//349 353//353
f 350//350 354//354 337//337
f 354//354 357//357 341//341
f 355//355 356//356 354//354
f 356//356 434//434 357//357
f 359//359 361//361 360//360
f 361//361 365//365 362//362
f 363//363 364//364 361//361
f 364//364 1630//1630 365//365
f 367//367 358//358 366//366
f 12//12 367//367 13//13
f 366//366 360//360 368//368
f 366//366 368//368 13//13
f 367//367 370//370 369//369
f 370//370 372//372 371//371
f 12//12 5//5 370//370
f 5//5 8//8 372//372
f 359//359 358//358 373//373
f 363//363 359//359 374//374
f 373//373 369//369 375//375
f 375//375 1356//1356 374//374
f 379//379 376//376 378//378
f 387//387 379//379 380//380
f 378//378 377//377 382//382
f 380//380 378//378 383//383
f 379//379 385//385 384//384
f 385//385 389//389 386//386
f 387//387 388//388 385//385
f 388//388 427//427 389//389
f 391//391 376//376 390//390
f 396//396 391//391 392//392
f 390//390 384//384 393//393
f 392//392 390//390 394//394
f 391//391 395//395 377//377
f 395//395 1742//1742 381//381
f 395//395 391//391 397//397
f 1742//1742 395//395 398//398
f 402//402 399//399 401//401
f 408//408 402//402 403//403
f 401//401 400//400 346//346
f 403//403 401//401 404//404
f 402//402 406//406 405//405
f 406//406 410//410 407//407
f 408//408 409//409 406//406
f 409//409 1471//1471 410//410
f 412//412 399//399 411//411
f 416//416 412//412 413//413
f 411//411 405//405 414//414
f 414//414 1685//1685 413//413
f 412//412 415//415 400//400
f 415//415 352//352 347//347
f 416//416 417//417 415//415
f 417//417 353//353 352//352
f 419//419 421//421 420//420
f 421//421 423//423 422//422
f 355//355 351//351 421//421
f 351//351 353//353 423//423
f 425//425 418//418 424//424
f 387//387 425//425 388//388
f 424//424 420//420 426//426
f 388//388 424//424 427//427
f 425//425 429//429 428//428
f 429//429 431//431 430//430
f 387//387 380//380 429//429
f 380//380 383//383 431//431
f 419//419 418//418 432//432
f 355//355 419//419 356//356
f 432//432 428//428 433//433
f 356//356 432//432 434//434
f 438//438 435//435 437//437
f 437//437 442//442 439//439
f 440//440 441//441 437//437
f 441//441 569//569 442//442
f 438//438 444//444 443//443
f 444//444 447//447 445//445
f 439//439 446//446 444//444
f 446//446 508//508 447//447
f 449//449 435//435 448//448
f 453//453 449//449 450//450
f 448//448 443//443 451//451
f 451//451 504//504 450//450
f 449//449 452//452 436//436
f 452//452 455//455 440//440
f 453//453 454//454 452//452
f 454//454 573//573 455//455
f 457//457 459//459 458//458
f 467//467 458//458 460//460
f 459//459 457//457 462//462
f 460//460 459//459 463//463
f 465//465 456//456 464//464
f 472//472 465//465 466//466
f 464//464 458//458 468//468
f 466//466 464//464 469//469
f 465//465 471//471 470//470
f 471//471 393//393 386//386
f 472//472 473//473 471//471
f 473//473 394//394 393//393
f 457//457 456//456 474//474
f 461//461 457//457 475//475
f 474//474 470//470 389//389
f 475//475 474//474 427//427
f 479//479 476//476 478//478
f 487//487 479//479 480//480
f 478//478 477//477 482//482
f 480//480 478//478 483//483
f 479//479 485//485 484//484
f 485//485 489//489 486//486
f 487//487 488//488 485//485
f 488//488 565//565 489//489
f 491//491 476//476 490//490
f 490//490 1313//1313 492//492
f 490//490 484//484 493//493
f 1313//1313 490//490 494//494
f 491//491 495//495 477//477
f 495//495 592//592 481//481
f 495//495 491//491 496//496
f 592//592 495//495 497//497
f 501//501 498//498 500//500
f 445//445 501//501 451//451
f 500//500 499//499 503//503
f 451//451 500//500 504//504
f 506//506 498//498 505//505
f 512//512 506//506 507//507
f 505//505 501//501 447//447
f 507//507 505//505 508//508
f 510//510 498//498 509//509
f 515//515 510//510 511//511
f 512//512 513//513 509//509
f 513//513 1580//1580 511//511
f 510//510 514//514 499//499
f 514//514 517//517 502//502
f 515//515 516//516 514//514
f 516//516 1709//1709 517//517
f 519//519 521//521 520//520
f 521//521 525//525 522//522
f 523//523 524//524 521//521
f 524//524 972//972 525//525
f 520//520 527//527 526//526
f 527//527 530//530 528//528
f 527//527 520//520 529//529
f 529//529 1630//1630 530//530
f 532//532 518//518 531//531
f 538//538 532//532 533//533
f 531//531 526//526 534//534
f 533//533 531//531 535//535
f 532//532 536//536 519//519
f 523//523 519//519 537//537
f 538//538 539//539 536//536
f 539//539 976//976 537//537
f 543//543 540//540 542//542
f 551//551 543//543 544//544
f 542//542 541//541 546//546
f 544//544 542//542 547//547
f 543//543 549//549 548//548
f 549//549 1432//1432 550//550
f 551//551 552//552 549//549
f 1432//1432 549//549 553//553
f 555//555 540//540 554//554
f 22//22 555//555 23//23
f 554//554 548//548 556//556
f 23//23 554//554 557//557
f 555//555 558//558 541//541
f 558//558 559//559 545//545
f 22//22 17//17 558//558
f 17//17 20//20 559//559
f 563//563 560//560 562//562
f 562//562 1608//1608 564//564
f 562//562 561//561 489//489
f 1608//1608 562//562 565//565
f 563//563 567//567 566//566
f 440//440 566//566 441//441
f 567//567 563//563 568//568
f 441//441 567//567 569//569
f 571//571 560//560 570//570
f 575//575 571//571 572//572
f 570//570 566//566 455//455
f 572//572 570//570 573//573
f 571//571 574//574 561//561
f 574//574 493//493 486//486
f 575//575 576//576 574//574
f 576//576 494//494 493//493
f 580//580 577//577 579//579
f 587//587 580//580 581//581
f 579//579 578//578 583//583
f 581//581 579//579 584//584
f 580//580 586//586 585//585
f 586//586 482//482 481//481
f 587//587 588//588 586//586
f 588//588 483//483 482//482
f 590//590 577//577 589//589
f 594//594 590//590 591//591
f 589//589 585//585 592//592
f 592//592 497//497 591//591
f 590//590 593//593 578//578
f 593//593 596//596 582//582
f 594//594 595//595 593//593
f 595//595 1422//1422 596//596
f 600//600 597//597 599//599
f 605//605 600//600 601//601
f 153//153 147//147 599//599
f 147//147 149//149 601//601
f 600//600 603//603 602//602
f 603//603 607//607 604//604
f 605//605 606//606 603//603
f 606//606 637//637 607//607
f 609//609 597//597 608//608
f 614//614 609//609 610//610
f 608//608 602//602 611//611
f 610//610 608//608 612//612
f 609//609 613//613 598//598
f 153//153 598//598 154//154
f 613//613 609//609 615//615
f 154//154 613//613 165//165
f 617//617 619//619 618//618
f 619//619 615//615 614//614
f 169//169 164//164 619//619
f 164//164 165//165 615//615
f 618//618 621//621 620//620
f 621//621 623//623 622//622
f 614//614 610//610 621//621
f 610//610 612//612 623//623
f 625//625 616//616 624//624
f 624//624 3390//3390 626//626
f 624//624 620//620 627//627
f 3390//3390 624//624 628//628
f 617//617 616//616 629//629
f 169//169 617//617 170//170
f 629//629 625//625 630//630
f 170//170 629//629 631//631
f 635//635 632//632 634//634
f 641//641 635//635 636//636
f 634//634 633//633 607//607
f 636//636 634//634 637//637
f 635//635 639//639 638//638
f 639//639 643//643 640//640
f 641//641 642//642 639//639
f 642//642 1588//1588 643//643
f 645//645 632//632 644//644
f 649//649 645//645 646//646
f 644//644 638//638 647//647
f 647//647 658//658 646//646
f 645//645 648//648 633//633
f 648//648 611//611 604//604
f 649//649 650//650 648//648
f 650//650 612//612 611//611
f 652//652 654//654 653//653
f 649//649 653//653 650//650
f 654//654 652//652 623//623
f 650//650 654//654 612//612
f 656//656 651//651 655//655
f 662//662 656//656 657//657
f 655//655 653//653 646//646
f 657//657 655//655 658//658
f 656//656 660//660 659//659
f 660//660 664//664 661//661
f 662//662 663//663 660//660
f 663//663 702//702 664//664
f 652//652 651//651 665//665
f 665//665 627//627 622//622
f 665//665 659//659 666//666
f 627//627 665//665 628//628
f 668//668 670//670 669//669
f 670//670 672//672 671//671
f 640//640 643//643 670//670
f 643//643 1588//1588 672//672
f 674//674 667//667 673//673
f 681//681 674//674 675//675
f 673//673 669//669 676//676
f 675//675 673//673 677//677
f 674//674 679//679 678//678
f 679//679 683//683 680//680
f 681//681 682//682 679//679
f 682//682 693//693 683//683
f 668//668 667//667 684//684
f 640//640 668//668 647//647
f 684//684 678//678 685//685
f 647//647 684//684 658//658
f 687//687 689//689 688//688
f 689//689 685//685 680//680
f 662//662 657//657 689//689
f 657//657 658//658 685//685
f 691//691 686//686 690//690
f 697//697 691//691 692//692
f 690//690 688//688 683//683
f 692//692 690//690 693//693
f 691//691 695//695 694//694
f 695//695 699//699 696//696
f 697//697 698//698 695//695
f 698//698 731//731 699//699
f 687//687 686//686 700//700
f 662//662 687//687 663//663
f 700//700 694//694 701//701
f 663//663 700//700 702//702
f 704//704 706//706 705//705
f 706//706 708//708 707//707
f 681//681 675//675 706//706
f 675//675 677//677 708//708
f 710//710 703//703 709//709
f 709//709 196//196 190//190
f 709//709 705//705 711//711
f 711//711 197//197 196//196
f 710//710 713//713 712//712
f 713//713 715//715 714//714
f 713//713 710//710 193//193
f 193//193 210//210 715//715
f 704//704 703//703 716//716
f 681//681 704//704 682//682
f 716//716 712//712 717//717
f 682//682 716//716 693//693
f 719//719 721//721 720//720
f 721//721 717//717 714//714
f 697//697 692//692 721//721
f 692//692 693//693 717//717
f 723//723 718//718 722//722
f 722//722 209//209 202//202
f 714//714 715//715 722//722
f 715//715 210//210 209//209
f 723//723 725//725 724//724
f 725//725 728//728 726//726
f 202//202 727//727 725//725
f 727//727 205//205 728//728
f 719//719 718//718 729//729
f 697//697 719//719 698//698
f 729//729 724//724 730//730
f 698//698 729//729 731//731
f 735//735 732//732 734//734
f 743//743 735//735 736//736
f 734//734 733//733 738//738
f 736//736 734//734 739//739
f 735//735 741//741 740//740
f 741//741 745//745 742//742
f 743//743 744//744 741//741
f 744//744 1064//1064 745//745
f 740//740 747//747 746//746
f 747//747 750//750 748//748
f 742//742 749//749 747//747
f 749//749 1141//1141 750//750
f 733//733 732//732 751//751
f 737//737 733//733 752//752
f 751//751 746//746 753//753
f 752//752 751//751 754//754
f 756//756 758//758 757//757
f 758//758 219//219 213//213
f 759//759 760//760 758//758
f 760//760 220//220 219//219
f 762//762 755//755 761//761
f 768//768 762//762 763//763
f 761//761 757//757 216//216
f 763//763 761//761 764//764
f 762//762 766//766 765//765
f 766//766 770//770 767//767
f 768//768 769//769 766//766
f 769//769 793//793 770//770
f 756//756 755//755 771//771
f 759//759 756//756 772//772
f 771//771 765//765 773//773
f 772//772 771//771 774//774
f 776//776 778//778 777//777
f 778//778 780//780 779//779
f 768//768 763//763 778//778
f 763//763 764//764 780//780
f 782//782 775//775 781//781
f 781//781 785//785 783//783
f 779//779 784//784 781//781
f 784//784 799//799 785//785
f 782//782 787//787 786//786
f 787//787 790//790 788//788
f 3982//3982 3636//3636 3632//3632
f 789//789 961//961 790//790
f 776//776 775//775 791//791
f 768//768 776//776 769//769
f 791//791 786//786 792//792
f 769//769 791//791 793//793
f 797//797 794//794 796//796
f 803//803 797//797 798//798
f 796//796 795//795 785//785
f 798//798 796//796 799//799
f 797//797 801//801 800//800
f 801//801 805//805 802//802
f 803//803 804//804 801//801
f 804//804 845//845 805//805
f 807//807 794//794 806//806
f 811//811 807//807 808//808
f 806//806 800//800 809//809
f 808//808 806//806 739//739
f 807//807 810//810 795//795
f 810//810 789//789 783//783
f 811//811 812//812 810//810
f 812//812 961//961 789//789
f 814//814 816//816 815//815
f 816//816 820//820 817//817
f 818//818 819//819 816//816
f 819//819 2541//2541 820//820
f 822//822 813//813 821//821
f 828//828 822//822 823//823
f 821//821 815//815 824//824
f 823//823 821//821 754//754
f 822//822 826//826 825//825
f 826//826 830//830 827//827
f 828//828 829//829 826//826
f 829//829 1147//1147 830//830
f 814//814 813//813 831//831
f 818//818 814//814 832//832
f 831//831 825//825 833//833
f 832//832 831//831 834//834
f 838//838 835//835 837//837
f 273//273 838//838 277//277
f 837//837 836//836 840//840
f 277//277 837//837 187//187
f 838//838 842//842 841//841
f 842//842 322//322 321//321
f 273//273 274//274 842//842
f 274//274 259//259 322//322
f 844//844 835//835 843//843
f 803//803 844//844 804//804
f 843//843 841//841 335//335
f 804//804 843//843 845//845
f 844//844 846//846 836//836
f 846//846 847//847 839//839
f 803//803 798//798 846//846
f 798//798 799//799 847//847
f 849//849 851//851 850//850
f 851//851 192//192 191//191
f 214//214 208//208 851//851
f 208//208 210//210 192//192
f 853//853 848//848 852//852
f 852//852 840//840 839//839
f 852//852 850//850 185//185
f 185//185 187//187 840//840
f 853//853 855//855 854//854
f 779//779 854//854 784//784
f 855//855 853//853 847//847
f 784//784 855//855 799//799
f 849//849 848//848 856//856
f 214//214 849//849 215//215
f 856//856 854//854 780//780
f 215//215 856//856 764//764
f 860//860 857//857 859//859
f 865//865 860//860 861//861
f 232//232 225//225 859//859
f 225//225 228//228 861//861
f 860//860 863//863 862//862
f 863//863 867//867 864//864
f 865//865 866//866 863//863
f 866//866 921//921 867//867
f 869//869 857//857 868//868
f 874//874 869//869 870//870
f 868//868 862//862 871//871
f 870//870 868//868 872//872
f 869//869 873//873 858//858
f 873//873 233//233 232//232
f 874//874 875//875 873//873
f 875//875 286//286 233//233
f 879//879 876//876 878//878
f 874//874 879//879 875//875
f 878//878 877//877 881//881
f 875//875 878//878 286//286
f 879//879 883//883 882//882
f 883//883 885//885 884//884
f 874//874 870//870 883//883
f 870//870 872//872 885//885
f 887//887 876//876 886//886
f 892//892 887//887 888//888
f 886//886 882//882 889//889
f 888//888 886//886 890//890
f 887//887 891//891 877//877
f 891//891 893//893 880//880
f 892//892 1256//1256 891//891
f 1237//1237 2561//2561 1238//1238
f 898//898 895//895 897//897
f 905//905 898//898 899//899
f 897//897 896//896 901//901
f 899//899 897//897 834//834
f 898//898 903//903 902//902
f 910//910 902//902 904//904
f 905//905 906//906 903//903
f 906//906 1251//1251 904//904
f 908//908 895//895 907//907
f 913//913 908//908 909//909
f 910//910 2535//2535 907//907
f 1130//1130 1187//1187 1133//1133
f 908//908 912//912 896//896
f 912//912 915//915 900//900
f 913//913 914//914 912//912
f 914//914 2547//2547 915//915
f 919//919 916//916 918//918
f 925//925 919//919 920//920
f 918//918 917//917 867//867
f 920//920 918//918 921//921
f 919//919 923//923 922//922
f 923//923 927//927 924//924
f 925//925 926//926 923//923
f 926//926 972//972 927//927
f 929//929 916//916 928//928
f 934//934 929//929 930//930
f 928//928 922//922 931//931
f 930//930 928//928 932//932
f 929//929 933//933 917//917
f 933//933 871//871 864//864
f 934//934 935//935 933//933
f 935//935 872//872 871//871
f 939//939 936//936 938//938
f 934//934 939//939 935//935
f 938//938 937//937 941//941
f 935//935 938//938 872//872
f 939//939 943//943 942//942
f 943//943 945//945 944//944
f 934//934 930//930 943//943
f 930//930 932//932 945//945
f 947//947 936//936 946//946
f 952//952 947//947 948//948
f 946//946 942//942 949//949
f 948//948 946//946 950//950
f 947//947 951//951 937//937
f 951//951 954//954 940//940
f 952//952 953//953 951//951
f 953//953 1280//1280 954//954
f 958//958 955//955 957//957
f 811//811 958//958 812//812
f 957//957 956//956 960//960
f 812//812 957//957 961//961
f 958//958 963//963 962//962
f 963//963 738//738 737//737
f 811//811 808//808 963//963
f 808//808 739//739 738//738
f 962//962 965//965 964//964
f 965//965 824//824 817//817
f 737//737 752//752 965//965
f 752//752 754//754 824//824
f 964//964 966//966 956//956
f 966//966 967//967 959//959
f 817//817 820//820 966//966
f 820//820 2541//2541 967//967
f 971//971 968//968 970//970
f 523//523 971//971 524//524
f 970//970 969//969 927//927
f 524//524 970//970 972//972
f 971//971 974//974 973//973
f 974//974 1029//1029 975//975
f 523//523 537//537 974//974
f 1029//1029 974//974 976//976
f 978//978 968//968 977//977
f 983//983 978//978 979//979
f 977//977 973//973 980//980
f 981//981 979//979 977//977
f 978//978 982//982 969//969
f 982//982 931//931 924//924
f 983//983 984//984 982//982
f 984//984 932//932 931//931
f 988//988 985//985 987//987
f 983//983 988//988 984//984
f 987//987 986//986 945//945
f 984//984 987//987 932//932
f 988//988 990//990 989//989
f 990//990 992//992 991//991
f 983//983 979//979 990//990
f 979//979 981//981 992//992
f 994//994 985//985 993//993
f 999//999 994//994 995//995
f 993//993 989//989 996//996
f 995//995 993//993 997//997
f 994//994 998//998 986//986
f 998//998 949//949 944//944
f 999//999 1000//1000 998//998
f 1000//1000 950//950 949//949
f 1002//1002 1004//1004 1003//1003
f 1004//1004 1008//1008 1005//1005
f 1006//1006 1007//1007 1004//1004
f 1007//1007 1840//1840 1008//1008
f 1010//1010 1001//1001 1009//1009
f 1017//1017 1010//1010 1011//1011
f 1009//1009 1003//1003 1012//1012
f 1011//1011 1009//1009 1013//1013
f 1010//1010 1015//1015 1014//1014
f 1015//1015 1019//1019 1016//1016
f 1017//1017 1018//1018 1015//1015
f 1018//1018 1806//1806 1019//1019
f 1002//1002 1001//1001 1020//1020
f 1006//1006 1002//1002 1021//1021
f 1020//1020 1014//1014 1022//1022
f 1021//1021 1020//1020 1023//1023
f 1025//1025 1027//1027 1026//1026
f 1027//1027 1030//1030 1028//1028
f 975//975 1029//1029 1027//1027
f 1029//1029 976//976 1030//1030
f 1032//1032 1024//1024 1031//1031
f 1031//1031 31//31 30//30
f 1031//1031 1026//1026 1033//1033
f 1033//1033 32//32 31//31
f 1035//1035 1024//1024 1034//1034
f 1038//1038 1035//1035 1036//1036
f 1034//1034 1032//1032 47//47
f 1036//1036 1034//1034 54//54
f 1025//1025 1024//1024 1037//1037
f 975//975 1025//1025 980//980
f 1037//1037 1035//1035 1039//1039
f 980//980 1037//1037 981//981
f 1043//1043 1040//1040 1042//1042
f 1038//1038 1043//1043 1039//1039
f 1042//1042 1041//1041 992//992
f 1039//1039 1042//1042 981//981
f 1043//1043 1045//1045 1044//1044
f 1045//1045 53//53 52//52
f 1038//1038 1036//1036 1045//1045
f 1036//1036 54//54 53//53
f 1047//1047 1040//1040 1046//1046
f 1051//1051 1047//1047 1048//1048
f 1046//1046 1044//1044 67//67
f 1048//1048 1046//1046 1049//1049
f 1047//1047 1050//1050 1041//1041
f 1050//1050 996//996 991//991
f 1051//1051 1052//1052 1050//1050
f 1052//1052 997//997 996//996
f 1056//1056 1053//1053 1055//1055
f 333//333 1056//1056 334//334
f 1055//1055 1054//1054 805//805
f 334//334 1055//1055 845//845
f 1056//1056 1058//1058 1057//1057
f 1058//1058 1060//1060 1059//1059
f 333//333 329//329 1058//1058
f 329//329 331//331 1060//1060
f 1062//1062 1053//1053 1061//1061
f 743//743 1062//1062 744//744
f 1061//1061 1057//1057 1063//1063
f 744//744 1061//1061 1064//1064
f 1062//1062 1065//1065 1054//1054
f 1065//1065 809//809 802//802
f 743//743 736//736 1065//1065
f 736//736 739//739 809//809
f 1067//1067 1069//1069 1068//1068
f 1077//1077 1068//1068 1070//1070
f 1069//1069 1067//1067 1072//1072
f 1070//1070 1069//1069 1073//1073
f 1075//1075 1066//1066 1074//1074
f 1083//1083 1075//1075 1076//1076
f 1074//1074 1068//1068 1078//1078
f 1076//1076 1074//1074 1079//1079
f 1075//1075 1081//1081 1080//1080
f 1081//1081 1085//1085 1082//1082
f 1083//1083 1084//1084 1081//1081
f 1084//1084 1844//1844 1085//1085
f 1067//1067 1066//1066 1086//1086
f 1071//1071 1067//1067 1087//1087
f 1086//1086 1080//1080 1088//1088
f 1087//1087 1086//1086 1089//1089
f 1091//1091 1093//1093 1092//1092
f 1093//1093 1097//1097 1094//1094
f 1095//1095 1096//1096 1093//1093
f 1096//1096 2713//2713 1097//1097
f 1099//1099 1090//1090 1098//1098
f 1105//1105 1099//1099 1100//1100
f 1098//1098 1092//1092 1101//1101
f 1101//1101 2552//2552 1100//1100
f 1099//1099 1103//1103 1102//1102
f 1103//1103 1107//1107 1104//1104
f 1105//1105 1106//1106 1103//1103
f 1106//1106 2283//2283 1107//1107
f 1091//1091 1090//1090 1108//1108
f 1095//1095 1091//1091 1109//1109
f 1108//1108 1102//1102 1110//1110
f 1109//1109 1108//1108 1111//1111
f 1115//1115 1112//1112 1114//1114
f 1114//1114 1119//1119 1116//1116
f 1114//1114 1113//1113 1118//1118
f 1118//1118 1147//1147 1119//1119
f 1115//1115 1121//1121 1120//1120
f 1121//1121 1124//1124 1122//1122
f 1116//1116 1123//1123 1121//1121
f 1123//1123 5480//5480 1124//1124
f 1126//1126 1112//1112 1125//1125
f 1131//1131 1126//1126 1127//1127
f 1125//1125 1120//1120 1128//1128
f 1127//1127 1125//1125 1129//1129
f 1126//1126 1130//1130 1113//1113
f 1130//1130 1132//1132 1117//1117
f 1131//1131 1187//1187 1130//1130
f 3844//3844 3963//3963 3848//3848
f 1135//1135 1137//1137 1136//1136
f 1137//1137 753//753 748//748
f 828//828 823//823 1137//1137
f 823//823 754//754 753//753
f 1139//1139 1134//1134 1138//1138
f 1144//1144 1139//1139 1140//1140
f 1138//1138 1136//1136 750//750
f 1140//1140 1138//1138 1141//1141
f 1139//1139 1143//1143 1142//1142
f 1143//1143 1123//1123 1116//1116
f 1144//1144 1145//1145 1143//1143
f 1145//1145 5480//5480 1123//1123
f 1135//1135 1134//1134 1146//1146
f 828//828 1135//1135 829//829
f 1146//1146 1142//1142 1119//1119
f 829//829 1146//1146 1147//1147
f 1152//1152 1148//1148 1150//1150
f 1151//1151 1160//1160 1158//1158
f 1150//1150 1149//1149 1155//1155
f 1153//1153 1150//1150 1156//1156
f 1152//1152 1158//1158 1157//1157
f 1158//1158 1161//1161 1159//1159
f 3882//3882 3886//3886 3883//3883
f 4711//4711 3886//3886 4714//4714
f 1163//1163 1148//1148 1162//1162
f 1168//1168 1163//1163 1164//1164
f 1162//1162 1157//1157 1165//1165
f 1164//1164 1162//1162 1166//1166
f 1163//1163 1167//1167 1149//1149
f 1167//1167 1170//1170 1154//1154
f 1168//1168 1169//1169 1167//1167
f 1169//1169 1826//1826 1170//1170
f 1174//1174 1171//1171 1173//1173
f 1182//1182 1174//1174 1175//1175
f 1173//1173 1172//1172 1177//1177
f 1175//1175 1173//1173 1178//1178
f 1174//1174 1180//1180 1179//1179
f 1180//1180 1184//1184 1181//1181
f 1182//1182 1183//1183 1180//1180
f 1183//1183 1251//1251 1184//1184
f 1186//1186 1171//1171 1185//1185
f 1131//1131 1186//1186 1187//1187
f 1185//1185 1179//1179 1188//1188
f 1187//1187 1185//1185 1133//1133
f 1186//1186 1189//1189 1172//1172
f 1189//1189 1190//1190 1176//1176
f 1131//1131 1127//1127 1189//1189
f 1127//1127 1129//1129 1190//1190
f 1194//1194 1191//1191 1193//1193
f 1202//1202 1194//1194 1195//1195
f 1196//1196 1197//1197 1193//1193
f 1195//1195 1193//1193 1198//1198
f 1194//1194 1200//1200 1199//1199
f 1200//1200 1204//1204 1201//1201
f 1202//1202 1203//1203 1200//1200
f 1203//1203 2243//2243 1204//1204
f 1206//1206 1191//1191 1205//1205
f 1205//1205 2261//2261 1207//1207
f 1205//1205 1199//1199 1208//1208
f 2261//2261 1205//1205 1209//1209
f 1192//1192 1191//1191 1210//1210
f 1196//1196 1192//1192 1211//1211
f 1210//1210 1206//1206 1212//1212
f 1211//1211 1210//1210 1213//1213
f 1215//1215 1217//1217 1216//1216
f 1217//1217 1222//1222 1218//1218
f 1239//1239 1219//1219 1215//1215
f 1220//1220 1221//1221 1217//1217
f 5410//5410 1223//1223 1222//1222
f 5410//5410 1222//1222 1225//1225
f 1216//1216 1227//1227 1226//1226
f 1227//1227 1230//1230 1228//1228
f 1227//1227 1216//1216 1229//1229
f 1229//1229 2541//2541 1230//1230
f 1232//1232 1214//1214 1231//1231
f 2593//2593 1232//1232 1233//1233
f 1231//1231 1226//1226 1234//1234
f 1233//1233 1231//1231 1235//1235
f 1215//1215 1214//1214 1236//1236
f 3941//3941 5178//5178 3942//3942
f 3046//3046 4257//4257 3048//3048
f 1237//1237 1236//1236 1241//1241
f 1243//1243 1245//1245 1244//1244
f 1245//1245 833//833 827//827
f 905//905 899//899 1245//1245
f 899//899 834//834 833//833
f 1247//1247 1242//1242 1246//1246
f 1117//1117 1247//1247 1118//1118
f 1246//1246 1244//1244 830//830
f 1118//1118 1246//1246 1147//1147
f 1247//1247 1249//1249 1248//1248
f 1249//1249 1188//1188 1181//1181
f 1117//1117 1132//1132 1249//1249
f 1132//1132 1133//1133 1188//1188
f 1243//1243 1242//1242 1250//1250
f 905//905 1243//1243 906//906
f 1250//1250 1248//1248 1184//1184
f 906//906 1250//1250 1251//1251
f 1255//1255 1252//1252 1254//1254
f 892//892 1255//1255 1256//1256
f 1257//1257 1258//1258 1254//1254
f 1258//1258 894//894 1256//1256
f 1255//1255 1260//1260 1259//1259
f 1260//1260 1262//1262 1261//1261
f 892//892 888//888 1260//1260
f 888//888 890//890 1262//1262
f 1264//1264 1252//1252 1263//1263
f 1270//1270 1264//1264 1265//1265
f 1263//1263 1259//1259 1266//1266
f 1265//1265 1263//1263 1267//1267
f 1253//1253 1252//1252 1268//1268
f 1257//1257 1253//1253 1269//1269
f 1268//1268 1264//1264 1271//1271
f 1269//1269 1268//1268 1272//1272
f 1274//1274 1276//1276 1275//1275
f 1276//1276 941//941 940//940
f 1276//1276 1274//1274 885//885
f 885//885 872//872 941//941
f 1278//1278 1273//1273 1277//1277
f 1283//1283 1278//1278 1279//1279
f 1277//1277 1275//1275 954//954
f 1279//1279 1277//1277 1280//1280
f 1278//1278 1282//1282 1281//1281
f 1282//1282 1266//1266 1261//1261
f 1283//1283 1284//1284 1282//1282
f 1284//1284 1267//1267 1266//1266
f 1274//1274 1273//1273 1285//1285
f 4554//4554 4545//4545 4551//4551
f 1285//1285 1281//1281 1262//1262
f 889//889 1285//1285 890//890
f 1289//1289 1286//1286 1288//1288
f 290//290 1289//1289 291//291
f 1288//1288 1287//1287 1291//1291
f 291//291 1288//1288 1292//1292
f 1289//1289 1294//1294 1293//1293
f 1294//1294 881//881 880//880
f 290//290 285//285 1294//1294
f 285//285 286//286 881//881
f 1296//1296 1286//1286 1295//1295
f 1257//1257 1296//1296 1258//1258
f 1295//1295 1293//1293 893//893
f 1258//1258 1295//1295 894//894
f 1296//1296 1297//1297 1287//1287
f 1297//1297 1298//1298 1290//1290
f 1257//1257 1269//1269 1297//1297
f 1269//1269 1272//1272 1298//1298
f 1302//1302 1299//1299 1301//1301
f 1309//1309 1302//1302 1303//1303
f 1301//1301 1300//1300 1305//1305
f 1303//1303 1301//1301 1306//1306
f 1302//1302 1308//1308 1307//1307
f 1308//1308 496//496 492//492
f 1309//1309 1310//1310 1308//1308
f 1310//1310 497//497 496//496
f 1312//1312 1299//1299 1311//1311
f 575//575 1312//1312 576//576
f 1311//1311 1307//1307 1313//1313
f 576//576 1311//1311 494//494
f 1312//1312 1314//1314 1300//1300
f 1314//1314 1315//1315 1304//1304
f 575//575 572//572 1314//1314
f 572//572 573//573 1315//1315
f 1319//1319 1316//1316 1318//1318
f 1325//1325 1319//1319 1320//1320
f 1321//1321 1322//1322 1318//1318
f 1320//1320 1318//1318 398//398
f 1319//1319 1324//1324 1323//1323
f 1324//1324 1305//1305 1304//1304
f 1325//1325 1326//1326 1324//1324
f 1326//1326 1306//1306 1305//1305
f 1328//1328 1316//1316 1327//1327
f 453//453 1328//1328 454//454
f 1327//1327 1323//1323 1315//1315
f 454//454 1327//1327 573//573
f 1328//1328 1329//1329 1317//1317
f 1321//1321 1317//1317 1330//1330
f 453//453 450//450 1329//1329
f 1330//1330 1329//1329 504//504
f 1334//1334 1331//1331 1333//1333
f 1339//1339 1334//1334 1335//1335
f 1333//1333 1332//1332 431//431
f 1335//1335 1333//1333 383//383
f 1334//1334 1337//1337 1336//1336
f 1337//1337 1341//1341 1338//1338
f 1339//1339 1340//1340 1337//1337
f 1340//1340 1709//1709 1341//1341
f 1343//1343 1331//1331 1342//1342
f 1348//1348 1343//1343 1344//1344
f 1342//1342 1336//1336 1345//1345
f 1344//1344 1342//1342 1346//1346
f 1343//1343 1347//1347 1332//1332
f 1332//1332 1347//1347 430//430
f 1348//1348 1349//1349 1347//1347
f 1349//1349 434//434 433//433
f 1351//1351 1353//1353 1352//1352
f 371//371 1352//1352 375//375
f 1353//1353 1351//1351 1355//1355
f 375//375 1353//1353 1356//1356
f 1358//1358 1350//1350 1357//1357
f 1363//1363 1358//1358 1359//1359
f 1357//1357 1352//1352 372//372
f 1359//1359 1357//1357 8//8
f 1358//1358 1361//1361 1360//1360
f 1361//1361 1365//1365 1362//1362
f 1363//1363 1364//1364 1361//1361
f 1364//1364 1376//1376 1365//1365
f 1351//1351 1350//1350 1366//1366
f 1354//1354 1351//1351 1367//1367
f 1366//1366 1360//1360 1368//1368
f 1367//1367 1366//1366 469//469
f 1370//1370 1372//1372 1371//1371
f 1372//1372 1368//1368 1362//1362
f 472//472 466//466 1372//1372
f 466//466 469//469 1368//1368
f 1374//1374 1369//1369 1373//1373
f 1380//1380 1374//1374 1375//1375
f 1373//1373 1371//1371 1365//1365
f 1375//1375 1373//1373 1376//1376
f 1374//1374 1378//1378 1377//1377
f 1378//1378 1382//1382 1379//1379
f 1380//1380 1381//1381 1378//1378
f 1381//1381 1392//1392 1382//1382
f 1370//1370 1369//1369 1383//1383
f 472//472 1370//1370 473//473
f 1383//1383 1377//1377 1384//1384
f 473//473 1383//1383 394//394
f 1386//1386 1388//1388 1387//1387
f 1388//1388 1384//1384 1379//1379
f 396//396 392//392 1388//1388
f 392//392 394//394 1384//1384
f 1390//1390 1385//1385 1389//1389
f 1395//1395 1390//1390 1391//1391
f 1389//1389 1387//1387 1382//1382
f 1391//1391 1389//1389 1392//1392
f 1390//1390 1394//1394 1393//1393
f 1325//1325 1393//1393 1326//1326
f 1394//1394 1390//1390 1396//1396
f 1326//1326 1394//1394 1306//1306
f 1386//1386 1385//1385 1397//1397
f 396//396 1386//1386 397//397
f 1325//1325 1320//1320 1397//1397
f 1320//1320 398//398 397//397
f 1399//1399 1401//1401 1400//1400
f 1401//1401 1403//1403 1402//1402
f 1380//1380 1375//1375 1401//1401
f 1375//1375 1376//1376 1403//1403
f 1405//1405 1398//1398 1404//1404
f 1411//1411 1405//1405 1406//1406
f 1404//1404 1400//1400 1407//1407
f 1406//1406 1404//1404 553//553
f 1405//1405 1409//1409 1408//1408
f 1409//1409 1413//1413 1410//1410
f 1411//1411 1412//1412 1409//1409
f 1412//1412 1422//1422 1413//1413
f 1399//1399 1398//1398 1414//1414
f 1380//1380 1399//1399 1381//1381
f 1414//1414 1408//1408 1415//1415
f 1381//1381 1414//1414 1392//1392
f 1417//1417 1419//1419 1418//1418
f 1419//1419 1415//1415 1410//1410
f 1395//1395 1391//1391 1419//1419
f 1391//1391 1392//1392 1415//1415
f 1421//1421 1416//1416 1420//1420
f 594//594 1421//1421 595//595
f 1420//1420 1418//1418 1413//1413
f 595//595 1420//1420 1422//1422
f 1424//1424 1416//1416 1423//1423
f 1309//1309 1424//1424 1310//1310
f 1423//1423 1421//1421 591//591
f 1310//1310 1423//1423 497//497
f 1424//1424 1425//1425 1417//1417
f 1425//1425 1396//1396 1395//1395
f 1309//1309 1303//1303 1425//1425
f 1303//1303 1306//1306 1396//1396
f 1429//1429 1426//1426 1428//1428
f 550//550 1429//1429 556//556
f 1428//1428 1427//1427 24//24
f 556//556 1428//1428 557//557
f 1429//1429 1431//1431 1430//1430
f 1431//1431 1407//1407 1402//1402
f 550//550 1432//1432 1431//1431
f 1432//1432 553//553 1407//1407
f 1434//1434 1426//1426 1433//1433
f 1363//1363 1434//1434 1364//1364
f 1433//1433 1430//1430 1403//1403
f 1364//1364 1433//1433 1376//1376
f 1434//1434 1435//1435 1427//1427
f 1435//1435 7//7 6//6
f 1363//1363 1359//1359 1435//1435
f 1359//1359 8//8 7//7
f 1437//1437 1439//1439 1438//1438
f 1439//1439 1441//1441 1440//1440
f 551//551 544//544 1439//1439
f 544//544 547//547 1441//1441
f 1438//1438 1443//1443 1442//1442
f 1443//1443 583//583 582//582
f 1443//1443 1438//1438 1444//1444
f 1444//1444 584//584 583//583
f 1446//1446 1436//1436 1445//1445
f 1411//1411 1446//1446 1412//1412
f 1445//1445 1442//1442 596//596
f 1412//1412 1445//1445 1422//1422
f 1446//1446 1447//1447 1437//1437
f 551//551 1437//1437 552//552
f 1411//1411 1406//1406 1447//1447
f 1406//1406 553//553 552//552
f 1451//1451 1448//1448 1450//1450
f 1459//1459 1451//1451 1452//1452
f 1450//1450 1449//1449 1454//1454
f 1452//1452 1450//1450 1455//1455
f 1451//1451 1457//1457 1456//1456
f 1457//1457 1461//1461 1458//1458
f 1459//1459 1460//1460 1457//1457
f 1460//1460 1471//1471 1461//1461
f 1463//1463 1448//1448 1462//1462
f 36//36 1463//1463 37//37
f 1462//1462 1456//1456 1464//1464
f 37//37 1462//1462 73//73
f 1463//1463 1465//1465 1449//1449
f 1465//1465 1466//1466 1453//1453
f 36//36 29//29 1465//1465
f 29//29 32//32 1466//1466
f 1470//1470 1467//1467 1469//1469
f 408//408 1470//1470 409//409
f 1469//1469 1468//1468 1461//1461
f 409//409 1469//1469 1471//1471
f 1470//1470 1473//1473 1472//1472
f 1473//1473 1475//1475 1474//1474
f 408//408 403//403 1473//1473
f 403//403 404//404 1475//1475
f 1477//1477 1467//1467 1476//1476
f 77//77 1477//1477 78//78
f 1476//1476 1472//1472 1478//1478
f 78//78 1476//1476 109//109
f 1477//1477 1479//1479 1468//1468
f 1479//1479 1464//1464 1458//1458
f 77//77 72//72 1479//1479
f 72//72 73//73 1464//1464
f 1481//1481 1483//1483 1482//1482
f 1483//1483 348//348 340//340
f 1483//1483 1481//1481 1475//1475
f 348//348 1483//1483 404//404
f 1485//1485 1480//1480 1484//1484
f 1490//1490 1485//1485 1486//1486
f 1484//1484 1482//1482 343//343
f 1486//1486 1484//1484 1487//1487
f 1485//1485 1489//1489 1488//1488
f 1489//1489 113//113 108//108
f 1490//1490 1491//1491 1489//1489
f 1491//1491 114//114 113//113
f 1481//1481 1480//1480 1492//1492
f 1492//1492 1478//1478 1474//1474
f 1492//1492 1488//1488 1493//1493
f 1493//1493 109//109 1478//1478
f 1495//1495 1497//1497 1496//1496
f 1497//1497 1499//1499 1498//1498
f 1490//1490 1486//1486 1497//1497
f 1486//1486 1487//1487 1499//1499
f 1501//1501 1494//1494 1500//1500
f 1507//1507 1501//1501 1502//1502
f 1500//1500 1496//1496 1503//1503
f 1502//1502 1500//1500 1504//1504
f 1501//1501 1506//1506 1505//1505
f 1506//1506 148//148 143//143
f 1507//1507 1508//1508 1506//1506
f 1508//1508 149//149 148//148
f 1495//1495 1494//1494 1509//1509
f 1490//1490 1495//1495 1491//1491
f 1509//1509 1505//1505 144//144
f 1491//1491 1509//1509 114//114
f 1511//1511 1513//1513 1512//1512
f 1513//1513 1515//1515 1514//1514
f 487//487 480//480 1513//1513
f 480//480 483//483 1515//1515
f 1517//1517 1510//1510 1516//1516
f 180//180 1517//1517 181//181
f 1516//1516 1512//1512 1518//1518
f 181//181 1516//1516 280//280
f 1517//1517 1520//1520 1519//1519
f 1520//1520 1522//1522 1521//1521
f 180//180 195//195 1520//1520
f 195//195 197//197 1522//1522
f 1511//1511 1510//1510 1523//1523
f 487//487 1511//1511 488//488
f 1523//1523 1519//1519 1524//1524
f 488//488 1523//1523 565//565
f 1528//1528 1525//1525 1527//1527
f 1532//1532 1528//1528 1529//1529
f 1527//1527 1526//1526 559//559
f 1529//1529 1527//1527 20//20
f 1528//1528 1531//1531 1530//1530
f 1531//1531 227//227 226//226
f 1532//1532 1533//1533 1531//1531
f 1533//1533 228//228 227//227
f 1535//1535 1525//1525 1534//1534
f 1538//1538 1535//1535 1536//1536
f 1534//1534 1530//1530 243//243
f 1536//1536 1534//1534 250//250
f 1535//1535 1537//1537 1526//1526
f 1537//1537 546//546 545//545
f 1538//1538 1539//1539 1537//1537
f 1539//1539 547//547 546//546
f 1543//1543 1540//1540 1542//1542
f 1538//1538 1543//1543 1539//1539
f 1542//1542 1541//1541 1441//1441
f 1539//1539 1542//1542 547//547
f 1543//1543 1545//1545 1544//1544
f 1545//1545 249//249 248//248
f 1538//1538 1536//1536 1545//1545
f 1536//1536 250//250 249//249
f 1547//1547 1540//1540 1546//1546
f 1550//1550 1547//1547 1548//1548
f 1546//1546 1544//1544 263//263
f 1548//1548 1546//1546 270//270
f 1541//1541 1540//1540 1549//1549
f 1440//1440 1541//1541 1444//1444
f 1549//1549 1547//1547 1551//1551
f 1444//1444 1549//1549 584//584
f 1553//1553 1555//1555 1554//1554
f 1555//1555 1551//1551 1550//1550
f 587//587 581//581 1555//1555
f 581//581 584//584 1551//1551
f 1554//1554 1557//1557 1556//1556
f 1557//1557 269//269 268//268
f 1550//1550 1548//1548 1557//1557
f 1548//1548 270//270 269//269
f 1556//1556 1559//1559 1558//1558
f 1559//1559 1518//1518 1514//1514
f 1559//1559 1556//1556 279//279
f 279//279 280//280 1518//1518
f 1553//1553 1552//1552 1560//1560
f 587//587 1553//1553 588//588
f 1560//1560 1558//1558 1515//1515
f 588//588 1560//1560 483//483
f 1564//1564 1561//1561 1563//1563
f 1569//1569 1564//1564 1565//1565
f 1563//1563 1562//1562 1502//1502
f 1565//1565 1563//1563 1504//1504
f 1564//1564 1567//1567 1566//1566
f 1567//1567 1571//1571 1568//1568
f 1569//1569 1570//1570 1567//1567
f 1570//1570 1580//1580 1571//1571
f 1573//1573 1561//1561 1572//1572
f 605//605 1573//1573 606//606
f 1572//1572 1566//1566 1574//1574
f 606//606 1572//1572 637//637
f 1573//1573 1575//1575 1562//1562
f 1507//1507 1562//1562 1508//1508
f 605//605 601//601 1575//1575
f 1508//1508 1575//1575 149//149
f 1579//1579 1576//1576 1578//1578
f 512//512 1579//1579 513//513
f 1578//1578 1577//1577 1571//1571
f 513//513 1578//1578 1580//1580
f 1579//1579 1582//1582 1581//1581
f 1582//1582 1584//1584 1583//1583
f 512//512 507//507 1582//1582
f 507//507 508//508 1584//1584
f 1586//1586 1576//1576 1585//1585
f 641//641 1586//1586 642//642
f 1585//1585 1581//1581 1587//1587
f 642//642 1585//1585 1588//1588
f 1586//1586 1589//1589 1577//1577
f 1589//1589 1574//1574 1568//1568
f 641//641 636//636 1589//1589
f 636//636 637//637 1574//1574
f 1591//1591 1593//1593 1592//1592
f 439//439 1592//1592 446//446
f 1593//1593 1591//1591 1584//1584
f 446//446 1593//1593 508//508
f 1595//1595 1590//1590 1594//1594
f 1599//1599 1595//1595 1596//1596
f 1594//1594 1592//1592 442//442
f 1596//1596 1594//1594 569//569
f 1595//1595 1598//1598 1597//1597
f 1598//1598 676//676 671//671
f 1599//1599 1600//1600 1598//1598
f 1600//1600 677//677 676//676
f 1591//1591 1590//1590 1601//1601
f 1583//1583 1591//1591 1587//1587
f 1601//1601 1597//1597 672//672
f 1587//1587 1601//1601 1588//1588
f 1603//1603 1605//1605 1604//1604
f 1605//1605 568//568 564//564
f 1599//1599 1596//1596 1605//1605
f 1596//1596 569//569 568//568
f 1607//1607 1602//1602 1606//1606
f 1521//1521 1607//1607 1524//1524
f 1606//1606 1604//1604 1608//1608
f 1608//1608 565//565 1524//1524
f 1607//1607 1610//1610 1609//1609
f 1610//1610 711//711 707//707
f 1521//1521 1522//1522 1610//1610
f 1522//1522 197//197 711//711
f 1603//1603 1602//1602 1611//1611
f 1599//1599 1603//1603 1600//1600
f 1611//1611 1609//1609 708//708
f 1600//1600 1611//1611 677//677
f 1615//1615 1612//1612 1614//1614
f 18//18 1615//1615 19//19
f 1532//1532 1529//1529 1614//1614
f 1529//1529 20//20 19//19
f 1615//1615 1617//1617 1616//1616
f 1617//1617 1619//1619 1618//1618
f 18//18 11//11 1617//1617
f 11//11 14//14 1619//1619
f 1621//1621 1612//1612 1620//1620
f 865//865 1621//1621 866//866
f 1620//1620 1616//1616 1622//1622
f 866//866 1620//1620 921//921
f 1621//1621 1623//1623 1613//1613
f 1532//1532 1613//1613 1533//1533
f 865//865 861//861 1623//1623
f 1533//1533 1623//1623 228//228
f 1627//1627 1624//1624 1626//1626
f 362//362 1627//1627 368//368
f 1626//1626 1625//1625 1619//1619
f 368//368 1626//1626 14//14
f 1627//1627 1629//1629 1628//1628
f 1629//1629 529//529 522//522
f 1629//1629 1627//1627 365//365
f 529//529 1629//1629 1630//1630
f 1632//1632 1624//1624 1631//1631
f 925//925 1632//1632 926//926
f 1631//1631 1628//1628 525//525
f 926//926 1631//1631 972//972
f 1632//1632 1633//1633 1625//1625
f 1633//1633 1622//1622 1618//1618
f 925//925 920//920 1633//1633
f 920//920 921//921 1622//1622
f 1635//1635 1637//1637 1636//1636
f 1637//1637 1641//1641 1638//1638
f 1639//1639 1640//1640 1637//1637
f 1640//1640 1733//1733 1641//1641
f 1636//1636 1643//1643 1642//1642
f 1643//1643 1646//1646 1644//1644
f 1643//1643 1636//1636 1645//1645
f 1645//1645 1455//1455 1646//1646
f 1648//1648 1634//1634 1647//1647
f 1653//1653 1648//1648 1649//1649
f 1647//1647 1642//1642 1650//1650
f 1649//1649 1647//1647 535//535
f 1635//1635 1634//1634 1651//1651
f 1639//1639 1635//1635 1652//1652
f 1653//1653 1654//1654 1651//1651
f 1652//1652 1651//1651 1655//1655
f 1657//1657 1659//1659 1658//1658
f 1659//1659 1033//1033 1028//1028
f 1659//1659 1657//1657 1466//1466
f 1033//1033 1659//1659 32//32
f 1661//1661 1656//1656 1660//1660
f 538//538 1661//1661 539//539
f 1660//1660 1658//1658 1030//1030
f 539//539 1660//1660 976//976
f 1661//1661 1663//1663 1662//1662
f 1663//1663 1650//1650 1644//1644
f 538//538 533//533 1663//1663
f 533//533 535//535 1650//1650
f 1657//1657 1656//1656 1664//1664
f 1664//1664 1454//1454 1453//1453
f 1664//1664 1662//1662 1646//1646
f 1646//1646 1455//1455 1454//1454
f 1668//1668 1665//1665 1667//1667
f 467//467 1668//1668 468//468
f 1667//1667 1666//1666 1367//1367
f 1367//1367 469//469 468//468
f 1668//1668 1670//1670 1669//1669
f 1670//1670 1672//1672 1671//1671
f 467//467 460//460 1670//1670
f 460//460 463//463 1672//1672
f 1674//1674 1665//1665 1673//1673
f 1678//1678 1674//1674 1675//1675
f 1673//1673 1669//1669 1676//1676
f 1675//1675 1673//1673 1655//1655
f 1674//1674 1677//1677 1666//1666
f 1677//1677 1355//1355 1354//1354
f 1678//1678 1679//1679 1677//1677
f 1679//1679 1356//1356 1355//1355
f 1683//1683 1680//1680 1682//1682
f 1688//1688 1683//1683 1684//1684
f 1682//1682 1681//1681 413//413
f 1684//1684 1682//1682 1685//1685
f 1683//1683 1687//1687 1686//1686
f 1687//1687 462//462 461//461
f 1688//1688 1689//1689 1687//1687
f 1689//1689 463//463 462//462
f 1686//1686 1691//1691 1690//1690
f 1691//1691 426//426 422//422
f 461//461 475//475 1691//1691
f 475//475 427//427 426//426
f 1681//1681 1680//1680 1692//1692
f 416//416 1681//1681 417//417
f 1692//1692 1690//1690 423//423
f 417//417 1692//1692 353//353
f 1694//1694 1696//1696 1695//1695
f 1696//1696 1503//1503 1498//1498
f 1697//1697 1698//1698 1696//1696
f 1698//1698 1504//1504 1503//1503
f 1700//1700 1693//1693 1699//1699
f 341//341 1700//1700 342//342
f 1699//1699 1695//1695 1499//1499
f 342//342 1699//1699 1487//1487
f 1702//1702 1693//1693 1701//1701
f 1348//1348 1702//1702 1349//1349
f 1701//1701 1700//1700 357//357
f 1349//1349 1701//1701 434//434
f 1694//1694 1693//1693 1703//1703
f 1697//1697 1694//1694 1704//1704
f 1348//1348 1344//1344 1703//1703
f 1704//1704 1703//1703 1346//1346
f 1708//1708 1705//1705 1707//1707
f 515//515 1708//1708 516//516
f 1707//1707 1706//1706 1341//1341
f 516//516 1707//1707 1709//1709
f 1711//1711 1705//1705 1710//1710
f 1569//1569 1711//1711 1570//1570
f 1710//1710 1708//1708 511//511
f 1570//1570 1710//1710 1580//1580
f 1711//1711 1713//1713 1712//1712
f 1697//1697 1712//1712 1698//1698
f 1569//1569 1565//1565 1713//1713
f 1565//1565 1504//1504 1698//1698
f 1712//1712 1714//1714 1706//1706
f 1714//1714 1345//1345 1338//1338
f 1712//1712 1697//1697 1714//1714
f 1704//1704 1346//1346 1345//1345
f 1718//1718 1715//1715 1717//1717
f 363//363 1718//1718 364//364
f 1717//1717 1716//1716 530//530
f 364//364 1717//1717 1630//1630
f 1718//1718 1720//1720 1719//1719
f 1678//1678 1719//1719 1679//1679
f 363//363 374//374 1720//1720
f 1679//1679 1720//1720 1356//1356
f 1722//1722 1715//1715 1721//1721
f 1653//1653 1722//1722 1654//1654
f 1678//1678 1675//1675 1721//1721
f 1675//1675 1655//1655 1654//1654
f 1722//1722 1723//1723 1716//1716
f 1723//1723 534//534 528//528
f 1653//1653 1649//1649 1723//1723
f 1649//1649 535//535 534//534
f 1727//1727 1724//1724 1726//1726
f 1459//1459 1727//1727 1460//1460
f 1726//1726 1725//1725 410//410
f 1460//1460 1726//1726 1471//1471
f 1727//1727 1729//1729 1728//1728
f 1729//1729 1645//1645 1638//1638
f 1459//1459 1452//1452 1729//1729
f 1452//1452 1455//1455 1645//1645
f 1731//1731 1724//1724 1730//1730
f 1730//1730 1755//1755 1732//1732
f 1730//1730 1728//1728 1641//1641
f 1755//1755 1730//1730 1733//1733
f 1731//1731 1734//1734 1725//1725
f 1734//1734 414//414 407//407
f 1734//1734 1731//1731 1735//1735
f 414//414 1734//1734 1685//1685
f 1737//1737 1739//1739 1738//1738
f 1739//1739 382//382 381//381
f 1339//1339 1335//1335 1739//1739
f 1335//1335 383//383 382//382
f 1741//1741 1736//1736 1740//1740
f 1321//1321 1741//1741 1322//1322
f 1740//1740 1738//1738 1742//1742
f 1322//1322 1740//1740 398//398
f 1741//1741 1744//1744 1743//1743
f 1744//1744 503//503 502//502
f 1321//1321 1330//1330 1744//1744
f 1330//1330 504//504 503//503
f 1737//1737 1736//1736 1745//1745
f 1339//1339 1737//1737 1340//1340
f 1745//1745 1743//1743 517//517
f 1340//1340 1745//1745 1709//1709
f 1747//1747 1749//1749 1748//1748
f 1749//1749 1676//1676 1671//1671
f 1639//1639 1652//1652 1749//1749
f 1652//1652 1655//1655 1676//1676
f 1751//1751 1746//1746 1750//1750
f 1688//1688 1751//1751 1689//1689
f 1750//1750 1748//1748 1672//1672
f 1689//1689 1750//1750 463//463
f 1751//1751 1753//1753 1752//1752
f 1753//1753 1735//1735 1732//1732
f 1688//1688 1684//1684 1753//1753
f 1684//1684 1685//1685 1735//1735
f 1747//1747 1746//1746 1754//1754
f 1639//1639 1747//1747 1640//1640
f 1754//1754 1752//1752 1755//1755
f 1640//1640 1754//1754 1733//1733
f 1759//1759 1756//1756 1758//1758
f 1767//1767 1759//1759 1760//1760
f 1758//1758 1757//1757 1762//1762
f 1760//1760 1758//1758 1763//1763
f 1759//1759 1765//1765 1764//1764
f 1765//1765 1769//1769 1766//1766
f 1767//1767 1768//1768 1765//1765
f 1768//1768 1783//1783 1769//1769
f 1771//1771 1756//1756 1770//1770
f 1775//1775 1771//1771 1772//1772
f 1770//1770 1764//1764 1773//1773
f 1772//1772 1770//1770 1023//1023
f 1771//1771 1774//1774 1757//1757
f 1774//1774 1777//1777 1761//1761
f 1775//1775 1776//1776 1774//1774
f 1776//1776 1800//1800 1777//1777
f 1781//1781 1778//1778 1780//1780
f 1786//1786 1781//1781 1782//1782
f 1780//1780 1779//1779 1769//1769
f 1782//1782 1780//1780 1783//1783
f 1781//1781 1785//1785 1784//1784
f 1785//1785 1088//1088 1082//1082
f 1786//1786 1787//1787 1785//1785
f 1787//1787 1089//1089 1088//1088
f 1784//1784 1789//1789 1788//1788
f 1789//1789 1791//1791 1790//1790
f 1789//1789 1784//1784 1085//1085
f 1085//1085 1844//1844 1791//1791
f 1779//1779 1778//1778 1792//1792
f 1792//1792 1773//1773 1766//1766
f 1792//1792 1788//1788 1793//1793
f 1773//1773 1792//1792 1023//1023
f 1797//1797 1794//1794 1796//1796
f 1775//1775 1797//1797 1776//1776
f 1796//1796 1795//1795 1799//1799
f 1776//1776 1796//1796 1800//1800
f 1797//1797 1802//1802 1801//1801
f 1802//1802 1022//1022 1016//1016
f 1775//1775 1772//1772 1802//1802
f 1772//1772 1023//1023 1022//1022
f 1804//1804 1794//1794 1803//1803
f 1808//1808 1804//1804 1805//1805
f 1803//1803 1801//1801 1019//1019
f 1805//1805 1803//1803 1806//1806
f 1804//1804 1807//1807 1795//1795
f 1807//1807 1810//1810 1798//1798
f 1808//1808 1809//1809 1807//1807
f 1809//1809 5481//5481 1810//1810
f 1814//1814 1811//1811 1813//1813
f 1821//1821 1814//1814 1815//1815
f 1813//1813 1812//1812 1817//1817
f 1815//1815 1813//1813 1818//1818
f 1814//1814 1820//1820 1819//1819
f 1820//1820 1155//1155 1154//1154
f 1821//1821 1822//1822 1820//1820
f 1822//1822 1156//1156 1155//1155
f 1824//1824 1811//1811 1823//1823
f 1828//1828 1824//1824 1825//1825
f 1823//1823 1819//1819 1170//1170
f 1825//1825 1823//1823 1826//1826
f 1824//1824 1827//1827 1812//1812
f 1827//1827 1830//1830 1816//1816
f 1828//1828 1829//1829 1827//1827
f 1829//1829 2329//2329 1830//1830
f 1832//1832 1834//1834 1833//1833
f 1834//1834 1836//1836 1835//1835
f 1083//1083 1076//1076 1834//1834
f 1076//1076 1079//1079 1836//1836
f 1838//1838 1831//1831 1837//1837
f 1006//1006 1838//1838 1007//1007
f 1837//1837 1833//1833 1839//1839
f 1007//1007 1837//1837 1840//1840
f 1838//1838 1842//1842 1841//1841
f 1842//1842 1793//1793 1790//1790
f 1006//1006 1021//1021 1842//1842
f 1021//1021 1023//1023 1793//1793
f 1832//1832 1831//1831 1843//1843
f 1083//1083 1832//1832 1084//1084
f 1843//1843 1841//1841 1791//1791
f 1084//1084 1843//1843 1844//1844
f 1846//1846 1848//1848 1847//1847
f 1848//1848 1850//1850 1849//1849
f 1017//1017 1011//1011 1848//1848
f 1011//1011 1013//1013 1850//1850
f 1852//1852 1845//1845 1851//1851
f 1858//1858 1852//1852 1853//1853
f 1851//1851 1847//1847 1854//1854
f 1853//1853 1851//1851 1855//1855
f 1852//1852 1857//1857 1856//1856
f 1857//1857 1809//1809 1808//1808
f 1858//1858 1859//1859 1857//1857
f 1859//1859 5481//5481 1809//1809
f 1846//1846 1845//1845 1860//1860
f 1017//1017 1846//1846 1018//1018
f 1860//1860 1856//1856 1805//1805
f 1018//1018 1860//1860 1806//1806
f 1864//1864 1861//1861 1863//1863
f 1876//1876 1864//1864 1865//1865
f 1866//1866 1872//1872 1863//1863
f 3939//3939 3937//3937 3940//3940
f 1869//1869 1871//1871 1863//1863
f 1864//1864 1874//1874 1873//1873
f 1874//1874 1878//1878 1875//1875
f 1876//1876 1877//1877 1874//1874
f 1877//1877 1973//1973 1878//1878
f 1880//1880 1861//1861 1879//1879
f 1886//1886 1880//1880 1881//1881
f 1879//1879 1873//1873 1882//1882
f 1881//1881 1879//1879 1883//1883
f 1880//1880 1884//1884 1862//1862
f 1866//1866 1862//1862 1885//1885
f 1886//1886 1887//1887 1884//1884
f 1885//1885 1884//1884 1888//1888
f 1890//1890 1892//1892 1891//1891
f 1892//1892 2660//2660 1893//1893
f 1892//1892 1890//1890 1895//1895
f 2660//2660 1892//1892 1896//1896
f 1898//1898 1889//1889 1897//1897
f 1905//1905 1898//1898 1899//1899
f 1897//1897 1891//1891 1900//1900
f 1899//1899 1897//1897 1901//1901
f 1898//1898 1903//1903 1902//1902
f 1903//1903 1907//1907 1904//1904
f 1905//1905 1906//1906 1903//1903
f 1906//1906 1967//1967 1907//1907
f 1890//1890 1889//1889 1908//1908
f 1908//1908 1910//1910 1894//1894
f 1908//1908 1902//1902 1909//1909
f 1909//1909 1926//1926 1910//1910
f 1914//1914 1911//1911 1913//1913
f 1921//1921 1914//1914 1915//1915
f 1913//1913 1912//1912 1917//1917
f 1915//1915 1913//1913 1918//1918
f 1914//1914 1920//1920 1919//1919
f 1920//1920 1895//1895 1894//1894
f 1921//1921 1922//1922 1920//1920
f 1922//1922 1896//1896 1895//1895
f 1924//1924 1911//1911 1923//1923
f 1928//1928 1924//1924 1925//1925
f 1923//1923 1919//1919 1910//1910
f 1925//1925 1923//1923 1926//1926
f 1924//1924 1927//1927 1912//1912
f 1927//1927 1930//1930 1916//1916
f 1928//1928 1929//1929 1927//1927
f 1929//1929 1946//1946 1930//1930
f 1934//1934 1931//1931 1933//1933
f 1941//1941 1934//1934 1935//1935
f 1933//1933 1932//1932 1937//1937
f 1935//1935 1933//1933 1938//1938
f 1934//1934 1940//1940 1939//1939
f 1940//1940 1917//1917 1916//1916
f 1941//1941 1942//1942 1940//1940
f 1942//1942 1918//1918 1917//1917
f 1944//1944 1931//1931 1943//1943
f 1949//1949 1944//1944 1945//1945
f 1943//1943 1939//1939 1930//1930
f 1945//1945 1943//1943 1946//1946
f 1944//1944 1947//1947 1932//1932
f 1932//1932 1947//1947 1936//1936
f 1944//1944 1949//1949 1947//1947
f 1947//1947 1950//1950 1948//1948
f 1953//1953 1955//1955 1954//1954
f 1955//1955 1957//1957 1956//1956
f 1905//1905 1899//1899 1955//1955
f 1899//1899 1901//1901 1957//1957
f 1959//1959 1952//1952 1958//1958
f 1866//1866 1959//1959 1872//1872
f 1958//1958 1954//1954 1960//1960
f 1872//1872 1958//1958 1870//1870
f 1959//1959 1962//1962 1961//1961
f 1962//1962 1964//1964 1963//1963
f 1866//1866 1885//1885 1962//1962
f 1885//1885 1888//1888 1964//1964
f 1953//1953 1952//1952 1965//1965
f 1905//1905 1953//1953 1906//1906
f 1965//1965 1961//1961 1966//1966
f 1906//1906 1965//1965 1967//1967
f 1971//1971 1968//1968 1970//1970
f 1977//1977 1971//1971 1972//1972
f 1970//1970 1969//1969 1878//1878
f 1972//1972 1970//1970 1973//1973
f 1971//1971 1975//1975 1974//1974
f 1983//1983 1974//1974 1976//1976
f 1977//1977 1978//1978 1975//1975
f 1976//1976 1975//1975 1979//1979
f 1981//1981 1968//1968 1980//1980
f 1987//1987 1981//1981 1982//1982
f 1980//1980 1974//1974 1984//1984
f 1982//1982 1980//1980 1985//1985
f 1981//1981 1986//1986 1969//1969
f 1969//1969 1986//1986 1875//1875
f 1987//1987 1988//1988 1986//1986
f 1986//1986 1988//1988 1882//1882
f 1990//1990 1992//1992 1991//1991
f 1992//1992 1996//1996 1993//1993
f 1994//1994 1995//1995 1992//1992
f 1995//1995 2072//2072 1996//1996
f 1998//1998 1989//1989 1997//1997
f 2003//2003 1998//1998 1999//1999
f 1997//1997 1991//1991 2000//2000
f 2000//2000 2081//2081 1999//1999
f 1998//1998 2002//2002 2001//2001
f 2002//2002 1012//1012 1005//1005
f 2003//2003 2004//2004 2002//2002
f 2004//2004 1013//1013 1012//1012
f 1990//1990 1989//1989 2005//2005
f 1994//1994 1990//1990 2006//2006
f 2005//2005 2001//2001 1008//1008
f 2006//2006 2005//2005 1840//1840
f 2010//2010 2007//2007 2009//2009
f 2018//2018 2010//2010 2011//2011
f 2009//2009 2008//2008 2013//2013
f 2011//2011 2009//2009 2014//2014
f 2016//2016 2007//2007 2015//2015
f 2023//2023 2016//2016 2017//2017
f 2015//2015 2010//2010 2019//2019
f 2017//2017 2015//2015 2020//2020
f 2016//2016 2022//2022 2021//2021
f 2022//2022 1078//1078 1077//1077
f 2023//2023 2024//2024 2022//2022
f 2024//2024 1079//1079 1078//1078
f 2021//2021 2025//2025 2008//2008
f 2025//2025 2026//2026 2012//2012
f 1077//1077 1070//1070 2025//2025
f 1070//1070 1073//1073 2026//2026
f 2030//2030 2027//2027 2029//2029
f 2038//2038 2030//2030 2031//2031
f 2029//2029 2028//2028 2033//2033
f 2031//2031 2029//2029 2034//2034
f 2030//2030 2036//2036 2035//2035
f 2036//2036 2040//2040 2037//2037
f 2038//2038 2039//2039 2036//2036
f 2039//2039 2014//2014 2040//2040
f 2042//2042 2027//2027 2041//2041
f 3885//3885 4714//4714 3886//3886
f 2041//2041 2035//2035 2043//2043
f 2343//2343 2345//2345 2344//2344
f 2042//2042 2045//2045 2028//2028
f 2045//2045 2046//2046 2032//2032
f 1151//1151 1153//1153 2045//2045
f 1153//1153 1156//1156 2046//2046
f 2050//2050 2047//2047 2049//2049
f 2057//2057 2050//2050 2051//2051
f 2049//2049 2048//2048 2053//2053
f 2051//2051 2049//2049 2054//2054
f 2050//2050 2056//2056 2055//2055
f 2056//2056 2033//2033 2032//2032
f 2057//2057 2058//2058 2056//2056
f 2058//2058 2034//2034 2033//2033
f 2060//2060 2047//2047 2059//2059
f 1821//1821 2060//2060 1822//1822
f 2059//2059 2055//2055 2046//2046
f 1822//1822 2059//2059 1156//1156
f 2060//2060 2061//2061 2048//2048
f 2061//2061 2062//2062 2052//2052
f 1821//1821 1815//1815 2061//2061
f 1815//1815 1818//1818 2062//2062
f 2064//2064 2066//2066 2065//2065
f 2066//2066 2068//2068 2067//2067
f 2023//2023 2017//2017 2066//2066
f 2017//2017 2020//2020 2068//2068
f 2070//2070 2063//2063 2069//2069
f 1994//1994 2070//2070 1995//1995
f 2069//2069 2065//2065 2071//2071
f 1995//1995 2069//2069 2072//2072
f 2070//2070 2074//2074 2073//2073
f 2074//2074 1839//1839 1835//1835
f 1994//1994 2006//2006 2074//2074
f 2006//2006 1840//1840 1839//1839
f 2064//2064 2063//2063 2075//2075
f 2023//2023 2064//2064 2024//2024
f 2075//2075 2073//2073 1836//1836
f 2024//2024 2075//2075 1079//1079
f 2077//2077 2079//2079 2078//2078
f 2085//2085 2078//2078 2080//2080
f 2003//2003 1999//1999 2079//2079
f 2080//2080 2079//2079 2081//2081
f 2083//2083 2076//2076 2082//2082
f 2090//2090 2083//2083 2084//2084
f 2085//2085 2086//2086 2082//2082
f 2084//2084 2082//2082 2087//2087
f 2083//2083 2089//2089 2088//2088
f 2089//2089 1854//1854 1849//1849
f 2090//2090 2091//2091 2089//2089
f 2091//2091 1855//1855 1854//1854
f 2077//2077 2076//2076 2092//2092
f 2003//2003 2077//2077 2004//2004
f 2092//2092 2088//2088 1850//1850
f 2004//2004 2092//2092 1013//1013
f 2094//2094 2096//2096 2095//2095
f 2103//2103 2095//2095 2097//2097
f 2098//2098 2099//2099 2096//2096
f 2099//2099 2172//2172 2097//2097
f 2095//2095 2101//2101 2100//2100
f 2101//2101 2105//2105 2102//2102
f 2103//2103 2104//2104 2101//2101
f 2104//2104 2181//2181 2105//2105
f 2107//2107 2093//2093 2106//2106
f 1993//1993 2107//2107 2000//2000
f 2106//2106 2100//2100 2108//2108
f 2000//2000 2106//2106 2081//2081
f 2094//2094 2093//2093 2109//2109
f 2098//2098 2094//2094 2110//2110
f 2109//2109 2107//2107 1996//1996
f 2110//2110 2109//2109 2072//2072
f 2114//2114 2111//2111 2113//2113
f 2122//2122 2114//2114 2115//2115
f 2113//2113 2112//2112 2117//2117
f 2115//2115 2113//2113 2118//2118
f 2114//2114 2120//2120 2119//2119
f 2127//2127 2119//2119 2121//2121
f 2122//2122 2123//2123 2120//2120
f 2121//2121 2120//2120 2124//2124
f 2126//2126 2111//2111 2125//2125
f 2125//2125 2019//2019 2018//2018
f 2127//2127 2128//2128 2125//2125
f 2128//2128 2020//2020 2019//2019
f 2126//2126 2129//2129 2112//2112
f 2129//2129 2130//2130 2116//2116
f 2018//2018 2011//2011 2129//2129
f 2011//2011 2014//2014 2130//2130
f 2134//2134 2131//2131 2133//2133
f 2141//2141 2134//2134 2135//2135
f 2133//2133 2132//2132 2137//2137
f 2135//2135 2133//2133 2138//2138
f 2134//2134 2140//2140 2139//2139
f 2140//2140 2117//2117 2116//2116
f 2141//2141 2142//2142 2140//2140
f 2142//2142 2118//2118 2117//2117
f 2144//2144 2131//2131 2143//2143
f 2038//2038 2144//2144 2039//2039
f 2143//2143 2139//2139 2130//2130
f 2039//2039 2143//2143 2014//2014
f 2144//2144 2145//2145 2132//2132
f 2145//2145 2146//2146 2136//2136
f 2038//2038 2031//2031 2145//2145
f 2031//2031 2034//2034 2146//2146
f 2150//2150 2147//2147 2149//2149
f 2157//2157 2150//2150 2151//2151
f 2149//2149 2148//2148 2153//2153
f 2151//2151 2149//2149 2154//2154
f 2150//2150 2156//2156 2155//2155
f 2156//2156 2137//2137 2136//2136
f 2157//2157 2158//2158 2156//2156
f 2158//2158 2138//2138 2137//2137
f 2160//2160 2147//2147 2159//2159
f 2057//2057 2160//2160 2058//2058
f 2159//2159 2155//2155 2146//2146
f 2058//2058 2159//2159 2034//2034
f 2160//2160 2161//2161 2148//2148
f 2161//2161 2162//2162 2152//2152
f 2057//2057 2051//2051 2161//2161
f 2051//2051 2054//2054 2162//2162
f 2164//2164 2166//2166 2165//2165
f 2166//2166 2168//2168 2167//2167
f 2127//2127 2121//2121 2166//2166
f 2121//2121 2124//2124 2168//2168
f 2170//2170 2163//2163 2169//2169
f 2098//2098 2170//2170 2099//2099
f 2169//2169 2165//2165 2171//2171
f 2099//2099 2169//2169 2172//2172
f 2170//2170 2174//2174 2173//2173
f 2174//2174 2071//2071 2067//2067
f 2098//2098 2110//2110 2174//2174
f 2110//2110 2072//2072 2071//2071
f 2164//2164 2163//2163 2175//2175
f 2127//2127 2164//2164 2128//2128
f 2175//2175 2173//2173 2068//2068
f 2128//2128 2175//2175 2020//2020
f 2179//2179 2176//2176 2178//2178
f 2185//2185 2179//2179 2180//2180
f 2178//2178 2177//2177 2105//2105
f 2180//2180 2178//2178 2181//2181
f 2179//2179 2183//2183 2182//2182
f 2183//2183 2187//2187 2184//2184
f 2185//2185 2186//2186 2183//2183
f 2186//2186 2793//2793 2187//2187
f 2189//2189 2176//2176 2188//2188
f 2085//2085 2189//2189 2086//2086
f 2188//2188 2182//2182 2190//2190
f 2086//2086 2188//2188 2087//2087
f 2189//2189 2191//2191 2177//2177
f 2191//2191 2108//2108 2102//2102
f 2085//2085 2080//2080 2191//2191
f 2080//2080 2081//2081 2108//2108
f 2195//2195 2192//2192 2194//2194
f 1182//1182 2195//2195 1183//1183
f 2194//2194 2193//2193 2197//2197
f 1183//1183 2194//2194 1251//1251
f 2195//2195 2199//2199 2198//2198
f 2199//2199 2201//2201 2200//2200
f 1182//1182 1175//1175 2199//2199
f 1175//1175 1178//1178 2201//2201
f 2203//2203 2192//2192 2202//2202
f 2208//2208 2203//2203 2204//2204
f 2202//2202 2198//2198 2205//2205
f 2204//2204 2202//2202 2206//2206
f 2203//2203 2207//2207 2193//2193
f 2207//2207 2210//2210 2196//2196
f 2208//2208 2209//2209 2207//2207
f 2209//2209 2243//2243 2210//2210
f 2212//2212 2214//2214 2213//2213
f 2214//2214 2218//2218 2215//2215
f 2216//2216 2217//2217 2214//2214
f 2217//2217 5482//5482 2218//2218
f 2220//2220 2211//2211 2219//2219
f 1196//1196 2220//2220 1197//1197
f 2219//2219 2213//2213 2221//2221
f 2221//2221 1198//1198 1197//1197
f 2220//2220 2223//2223 2222//2222
f 2223//2223 2225//2225 2224//2224
f 1196//1196 1211//1211 2223//2223
f 1211//1211 1213//1213 2225//2225
f 2212//2212 2211//2211 2226//2226
f 2216//2216 2212//2212 2227//2227
f 2226//2226 2222//2222 2228//2228
f 2227//2227 2226//2226 2229//2229
f 2233//2233 2230//2230 2232//2232
f 2239//2239 2233//2233 2234//2234
f 2232//2232 2231//2231 2236//2236
f 2236//2236 2283//2283 2234//2234
f 2233//2233 2238//2238 2237//2237
f 2238//2238 2197//2197 2196//2196
f 2239//2239 2240//2240 2238//2238
f 2240//2240 1251//1251 2197//2197
f 2242//2242 2230//2230 2241//2241
f 1202//1202 2242//2242 1203//1203
f 2241//2241 2237//2237 2210//2210
f 1203//1203 2241//2241 2243//2243
f 2242//2242 2244//2244 2231//2231
f 2244//2244 2245//2245 2235//2235
f 1202//1202 1195//1195 2244//2244
f 1195//1195 1198//1198 2245//2245
f 2247//2247 2249//2249 2248//2248
f 2249//2249 2253//2253 2250//2250
f 2251//2251 2252//2252 2249//2249
f 2252//2252 2273//2273 2253//2253
f 2248//2248 2255//2255 2254//2254
f 2255//2255 2228//2228 2224//2224
f 2250//2250 2256//2256 2255//2255
f 2256//2256 2229//2229 2228//2228
f 2258//2258 2246//2246 2257//2257
f 1207//1207 2258//2258 1212//1212
f 2257//2257 2254//2254 2225//2225
f 1212//1212 2257//2257 1213//1213
f 2247//2247 2246//2246 2259//2259
f 2251//2251 2247//2247 2260//2260
f 2259//2259 2258//2258 2261//2261
f 2260//2260 2259//2259 1209//1209
f 2265//2265 2262//2262 2264//2264
f 2208//2208 2265//2265 2209//2209
f 2264//2264 2263//2263 1204//1204
f 2209//2209 2264//2264 2243//2243
f 2265//2265 2267//2267 2266//2266
f 2267//2267 2269//2269 2268//2268
f 2208//2208 2204//2204 2267//2267
f 2204//2204 2206//2206 2269//2269
f 2271//2271 2262//2262 2270//2270
f 2251//2251 2271//2271 2252//2252
f 2270//2270 2266//2266 2272//2272
f 2252//2252 2270//2270 2273//2273
f 2271//2271 2274//2274 2263//2263
f 2274//2274 1208//1208 1201//1201
f 2251//2251 2260//2260 2274//2274
f 2260//2260 1209//1209 1208//1208
f 2276//2276 2278//2278 2277//2277
f 2278//2278 1110//1110 1104//1104
f 2279//2279 2280//2280 2278//2278
f 2280//2280 1111//1111 1110//1110
f 3936//3936 5469//5469 3930//3930
f 2282//2282 2236//2236 2235//2235
f 2282//2282 2277//2277 1107//1107
f 2236//2236 2282//2282 2283//2283
f 2285//2285 2275//2275 2284//2284
f 2215//2215 2285//2285 2221//2221
f 2284//2284 2281//2281 2245//2245
f 2221//2221 2284//2284 1198//1198
f 2285//2285 2286//2286 2276//2276
f 2286//2286 2287//2287 2279//2279
f 2215//2215 2218//2218 2286//2286
f 2218//2218 5482//5482 2287//2287
f 2289//2289 2291//2291 2290//2290
f 2291//2291 1165//1165 1159//1159
f 2292//2292 2293//2293 2291//2291
f 2293//2293 1166//1166 1165//1165
f 2295//2295 2288//2288 2294//2294
f 2300//2300 2295//2295 2296//2296
f 2294//2294 2290//2290 1161//1161
f 2296//2296 2294//2294 2044//2044
f 2295//2295 2298//2298 2297//2297
f 2298//2298 2302//2302 2299//2299
f 2300//2300 2301//2301 2298//2298
f 2301//2301 2431//2431 2302//2302
f 2289//2289 2288//2288 2303//2303
f 2292//2292 2289//2289 2304//2304
f 2303//2303 2297//2297 2305//2305
f 2304//2304 2303//2303 2306//2306
f 2310//2310 2307//2307 2309//2309
f 1168//1168 2310//2310 1169//1169
f 2309//2309 2308//2308 2312//2312
f 1169//1169 2309//2309 1826//1826
f 2310//2310 2314//2314 2313//2313
f 2314//2314 2293//2293 2292//2292
f 1168//1168 1164//1164 2314//2314
f 1164//1164 1166//1166 2293//2293
f 2313//2313 2316//2316 2315//2315
f 2316//2316 2318//2318 2317//2317
f 2292//2292 2304//2304 2316//2316
f 2304//2304 2306//2306 2318//2318
f 2308//2308 2307//2307 2319//2319
f 2311//2311 2308//2308 2320//2320
f 2319//2319 2315//2315 2321//2321
f 2320//2320 2319//2319 2322//2322
f 2326//2326 2323//2323 2325//2325
f 1828//1828 2326//2326 1829//1829
f 2325//2325 2324//2324 2328//2328
f 1829//1829 2325//2325 2329//2329
f 2326//2326 2331//2331 2330//2330
f 2331//2331 2312//2312 2311//2311
f 1828//1828 1825//1825 2331//2331
f 1825//1825 1826//1826 2312//2312
f 2330//2330 2333//2333 2332//2332
f 2333//2333 2335//2335 2334//2334
f 2311//2311 2320//2320 2333//2333
f 2320//2320 2322//2322 2335//2335
f 2324//2324 2323//2323 2336//2336
f 2327//2327 2324//2324 2337//2337
f 2336//2336 2332//2332 2338//2338
f 2337//2337 2336//2336 2339//2339
f 2341//2341 2343//2343 2342//2342
f 4977//4977 4978//4978 4976//4976
f 2343//2343 2341//2341 2040//2040
f 2040//2040 2014//2014 2345//2345
f 5471//5471 5472//5472 5221//5221
f 2353//2353 2346//2346 2348//2348
f 4974//4974 4985//4985 4986//4986
f 2348//2348 2347//2347 2350//2350
f 2346//2346 2352//2352 2351//2351
f 2352//2352 2301//2301 2300//2300
f 2353//2353 2354//2354 2352//2352
f 2354//2354 2431//2431 2301//2301
f 2351//2351 2355//2355 2341//2341
f 5060//5060 4987//4987 4983//4983
f 2300//2300 2296//2296 2355//2355
f 2296//2296 2044//2044 2043//2043
f 2359//2359 2356//2356 2358//2358
f 1767//1767 2359//2359 1768//1768
f 2358//2358 2357//2357 2361//2361
f 1768//1768 2358//2358 1783//1783
f 2359//2359 2363//2363 2362//2362
f 2363//2363 2365//2365 2364//2364
f 1767//1767 1760//1760 2363//2363
f 1760//1760 1763//1763 2365//2365
f 2367//2367 2356//2356 2366//2366
f 2372//2372 2367//2367 2368//2368
f 2366//2366 2362//2362 2369//2369
f 2368//2368 2366//2366 2370//2370
f 2367//2367 2371//2371 2357//2357
f 2371//2371 2374//2374 2360//2360
f 2372//2372 2373//2373 2371//2371
f 2373//2373 2404//2404 2374//2374
f 2378//2378 2375//2375 2377//2377
f 1071//1071 2378//2378 1072//1072
f 2379//2379 2380//2380 2377//2377
f 2380//2380 1073//1073 1072//1072
f 2378//2378 2382//2382 2381//2381
f 2382//2382 2384//2384 2383//2383
f 1071//1071 1087//1087 2382//2382
f 1087//1087 1089//1089 2384//2384
f 2386//2386 2375//2375 2385//2385
f 2392//2392 2386//2386 2387//2387
f 2385//2385 2381//2381 2388//2388
f 2387//2387 2385//2385 2389//2389
f 2386//2386 2390//2390 2376//2376
f 2379//2379 2376//2376 2391//2391
f 2392//2392 2393//2393 2390//2390
f 2391//2391 2390//2390 2394//2394
f 2398//2398 2395//2395 2397//2397
f 1786//1786 2398//2398 1787//1787
f 2397//2397 2396//2396 2384//2384
f 1787//1787 2397//2397 1089//1089
f 2398//2398 2400//2400 2399//2399
f 2400//2400 2361//2361 2360//2360
f 1786//1786 1782//1782 2400//2400
f 1782//1782 1783//1783 2361//2361
f 2402//2402 2395//2395 2401//2401
f 2406//2406 2402//2402 2403//2403
f 2401//2401 2399//2399 2374//2374
f 2403//2403 2401//2401 2404//2404
f 2402//2402 2405//2405 2396//2396
f 2405//2405 2388//2388 2383//2383
f 2406//2406 2407//2407 2405//2405
f 2407//2407 2389//2389 2388//2388
f 2411//2411 2408//2408 2410//2410
f 2344//2344 2411//2411 2349//2349
f 2410//2410 2409//2409 2413//2413
f 2349//2349 2410//2410 2350//2350
f 2411//2411 2415//2415 2414//2414
f 2415//2415 2013//2013 2012//2012
f 2344//2344 2345//2345 2415//2415
f 2345//2345 2014//2014 2013//2013
f 2417//2417 2408//2408 2416//2416
f 2379//2379 2417//2417 2380//2380
f 2416//2416 2414//2414 2026//2026
f 2380//2380 2416//2416 1073//1073
f 2408//2408 2417//2417 2409//2409
f 2418//2418 2419//2419 2412//2412
f 2379//2379 2391//2391 2418//2418
f 2391//2391 2394//2394 2419//2419
f 5049//5049 5051//5051 5050//5050
f 2423//2423 2427//2427 2424//2424
f 5051//5051 5055//5055 5052//5052
f 5054//5054 5069//5069 5055//5055
f 5265//5265 5262//5262 5443//5443
f 2353//2353 2428//2428 2354//2354
f 2429//2429 2422//2422 2430//2430
f 2354//2354 2429//2429 2431//2431
f 2342//2342 2344//2344 2349//2349
f 2433//2433 2413//2413 2412//2412
f 5048//5048 5059//5059 5061//5061
f 5040//5040 4988//4988 4987//4987
f 2421//2421 2420//2420 2434//2434
f 2425//2425 2421//2421 2435//2435
f 2434//2434 2432//2432 2419//2419
f 2435//2435 2434//2434 2394//2394
f 2439//2439 2436//2436 2438//2438
f 2425//2425 2439//2439 2426//2426
f 2438//2438 2437//2437 2441//2441
f 2426//2426 2438//2438 2442//2442
f 2444//2444 2436//2436 2443//2443
f 2392//2392 2444//2444 2393//2393
f 2425//2425 2435//2435 2443//2443
f 2435//2435 2394//2394 2393//2393
f 2444//2444 2446//2446 2445//2445
f 2446//2446 2448//2448 2447//2447
f 2392//2392 2387//2387 2446//2446
f 2387//2387 2389//2389 2448//2448
f 2437//2437 2436//2436 2449//2449
f 2449//2449 2451//2451 2440//2440
f 2449//2449 2445//2445 2450//2450
f 2450//2450 2461//2461 2451//2451
f 2455//2455 2452//2452 2454//2454
f 2424//2424 2455//2455 2430//2430
f 2454//2454 2453//2453 2302//2302
f 2430//2430 2454//2454 2431//2431
f 2455//2455 2457//2457 2456//2456
f 2457//2457 2441//2441 2440//2440
f 2424//2424 2427//2427 2457//2457
f 5093//5093 5068//5068 5069//5069
f 2459//2459 2452//2452 2458//2458
f 2463//2463 2459//2459 2460//2460
f 2458//2458 2456//2456 2451//2451
f 2460//2460 2458//2458 2461//2461
f 2459//2459 2462//2462 2453//2453
f 2462//2462 2305//2305 2299//2299
f 2463//2463 2464//2464 2462//2462
f 2464//2464 2306//2306 2305//2305
f 2466//2466 2468//2468 2467//2467
f 2468//2468 2450//2450 2447//2447
f 2469//2469 2470//2470 2468//2468
f 2470//2470 2461//2461 2450//2450
f 2472//2472 2465//2465 2471//2471
f 2406//2406 2472//2472 2407//2407
f 2471//2471 2467//2467 2448//2448
f 2407//2407 2471//2471 2389//2389
f 2472//2472 2474//2474 2473//2473
f 2474//2474 2476//2476 2475//2475
f 2406//2406 2403//2403 2474//2474
f 2403//2403 2404//2404 2476//2476
f 2466//2466 2465//2465 2477//2477
f 2469//2469 2466//2466 2478//2478
f 2477//2477 2473//2473 2479//2479
f 2478//2478 2477//2477 2480//2480
f 2482//2482 2484//2484 2483//2483
f 2484//2484 2486//2486 2485//2485
f 2372//2372 2368//2368 2484//2484
f 2368//2368 2370//2370 2486//2486
f 2488//2488 2481//2481 2487//2487
f 2494//2494 2488//2488 2489//2489
f 2487//2487 2483//2483 2490//2490
f 2489//2489 2487//2487 2491//2491
f 2488//2488 2493//2493 2492//2492
f 2493//2493 2479//2479 2475//2475
f 2494//2494 2495//2495 2493//2493
f 2495//2495 2480//2480 2479//2479
f 2482//2482 2481//2481 2496//2496
f 2372//2372 2482//2482 2373//2373
f 2496//2496 2492//2492 2476//2476
f 2373//2373 2496//2496 2404//2404
f 2500//2500 2497//2497 2499//2499
f 2504//2504 2500//2500 2501//2501
f 2499//2499 2498//2498 2489//2489
f 2501//2501 2499//2499 2491//2491
f 2500//2500 2503//2503 2502//2502
f 2503//2503 2338//2338 2334//2334
f 2504//2504 2505//2505 2503//2503
f 2505//2505 2339//2339 2338//2338
f 2507//2507 2497//2497 2506//2506
f 2510//2510 2507//2507 2508//2508
f 2506//2506 2502//2502 2335//2335
f 2508//2508 2506//2506 2322//2322
f 2507//2507 2509//2509 2498//2498
f 2509//2509 2495//2495 2494//2494
f 2510//2510 2511//2511 2509//2509
f 2511//2511 2480//2480 2495//2495
f 2515//2515 2512//2512 2514//2514
f 2463//2463 2515//2515 2464//2464
f 2514//2514 2513//2513 2318//2318
f 2464//2464 2514//2514 2306//2306
f 2515//2515 2517//2517 2516//2516
f 2517//2517 2470//2470 2469//2469
f 2463//2463 2460//2460 2517//2517
f 2460//2460 2461//2461 2470//2470
f 2519//2519 2512//2512 2518//2518
f 2510//2510 2519//2519 2511//2511
f 2518//2518 2516//2516 2478//2478
f 2511//2511 2518//2518 2480//2480
f 2519//2519 2520//2520 2513//2513
f 2520//2520 2321//2321 2317//2317
f 2510//2510 2508//2508 2520//2520
f 2508//2508 2322//2322 2321//2321
f 2522//2522 2524//2524 2523//2523
f 2524//2524 2240//2240 2239//2239
f 910//910 904//904 2524//2524
f 904//904 1251//1251 2240//2240
f 2526//2526 2521//2521 2525//2525
f 2525//2525 2528//2528 2527//2527
f 2525//2525 2523//2523 2234//2234
f 2234//2234 2283//2283 2528//2528
f 2526//2526 2530//2530 2529//2529
f 2530//2530 2532//2532 2531//2531
f 2527//2527 2588//2588 2530//2530
f 2457//2457 2427//2427 2442//2442
f 2522//2522 2521//2521 2534//2534
f 910//910 2522//2522 2535//2535
f 2534//2534 2529//2529 2536//2536
f 2535//2535 2534//2534 911//911
f 2540//2540 2537//2537 2539//2539
f 818//818 2540//2540 819//819
f 2539//2539 2538//2538 1230//1230
f 819//819 2539//2539 2541//2541
f 2540//2540 2543//2543 2542//2542
f 2543//2543 901//901 900//900
f 818//818 832//832 2543//2543
f 832//832 834//834 901//901
f 2545//2545 2537//2537 2544//2544
f 2549//2549 2545//2545 2546//2546
f 2544//2544 2542//2542 915//915
f 2546//2546 2544//2544 2547//2547
f 2545//2545 2548//2548 2538//2538
f 2548//2548 1234//1234 1228//1228
f 2549//2549 2550//2550 2548//2548
f 2550//2550 1235//1235 1234//1234
f 2558//2558 2562//2562 2556//2556
f 2560//2560 1237//1237 2562//2562
f 2566//2566 2563//2563 2565//2565
f 1105//1105 2566//2566 1106//1106
f 2565//2565 2564//2564 2528//2528
f 1106//1106 2565//2565 2283//2283
f 2566//2566 2568//2568 2567//2567
f 1105//1105 1100//1100 2568//2568
f 1100//1100 2552//2552 2573//2573
f 2575//2575 2577//2577 2576//2576
f 2582//2582 2576//2576 2580//2580
f 2579//2579 2576//2576 2583//2583
f 2576//2576 2586//2586 2564//2564
f 2586//2586 2588//2588 2527//2527
f 2584//2584 2587//2587 2586//2586
f 2587//2587 2533//2533 2588//2588
f 2592//2592 2589//2589 2591//2591
f 2549//2549 2592//2592 2550//2550
f 2591//2591 2590//2590 1233//1233
f 2550//2550 2591//2591 1235//1235
f 2592//2592 2595//2595 2594//2594
f 2595//2595 2597//2597 2596//2596
f 2549//2549 2546//2546 2595//2595
f 2546//2546 2547//2547 2597//2597
f 2594//2594 2603//2603 2598//2598
f 2601//2601 2598//2598 2600//2600
f 2603//2603 2605//2605 2599//2599
f 2603//2603 2594//2594 2604//2604
f 2604//2604 2607//2607 2605//2605
f 2590//2590 2589//2589 2609//2609
f 2593//2593 2590//2590 1240//1240
f 2598//2598 2602//2602 2610//2610
f 1240//1240 2609//2609 1241//1241
f 2614//2614 2611//2611 2613//2613
f 913//913 2614//2614 914//914
f 2613//2613 2612//2612 2597//2597
f 914//914 2613//2613 2547//2547
f 2614//2614 2616//2616 2615//2615
f 2616//2616 2536//2536 2531//2531
f 913//913 909//909 2616//2616
f 909//909 911//911 2536//2536
f 2618//2618 2611//2611 2617//2617
f 2584//2584 2618//2618 2587//2587
f 2617//2617 2615//2615 2532//2532
f 2587//2587 2617//2617 2533//2533
f 2618//2618 2619//2619 2612//2612
f 2619//2619 2604//2604 2596//2596
f 2584//2584 2582//2582 2619//2619
f 2585//2585 2620//2620 2582//2582
f 2992//2992 2994//2994 2995//2995
f 2625//2625 2629//2629 2626//2626
f 2554//2554 2552//2552 2628//2628
f 2629//2629 2631//2631 2627//2627
f 2632//2632 2636//2636 2624//2624
f 2634//2634 2635//2635 2632//2632
f 2639//2639 2637//2637 1877//1877
f 3651//3651 3654//3654 3656//3656
f 2632//2632 2622//2622 2640//2640
f 1877//1877 2632//2632 1973//1973
f 2643//2643 1865//1865 2642//2642
f 5417//5417 1870//1870 2645//2645
f 2647//2647 2649//2649 2648//2648
f 2649//2649 960//960 959//959
f 2649//2649 2647//2647 2651//2651
f 2651//2651 961//961 960//960
f 2653//2653 2646//2646 2652//2652
f 2657//2657 2653//2653 2654//2654
f 2652//2652 2648//2648 967//967
f 2654//2654 2652//2652 2541//2541
f 2653//2653 2656//2656 2655//2655
f 2656//2656 1900//1900 1893//1893
f 2657//2657 2658//2658 2656//2656
f 2658//2658 1901//1901 1900//1900
f 2647//2647 2646//2646 2659//2659
f 2659//2659 2661//2661 2650//2650
f 2659//2659 2655//2655 2660//2660
f 2660//2660 1896//1896 2661//2661
f 2665//2665 2662//2662 2664//2664
f 788//788 2665//2665 792//792
f 2664//2664 2663//2663 2667//2667
f 792//792 2664//2664 793//793
f 2665//2665 2669//2669 2668//2668
f 2669//2669 2651//2651 2650//2650
f 788//788 790//790 2669//2669
f 790//790 961//961 2651//2651
f 2671//2671 2662//2662 2670//2670
f 1921//1921 2671//2671 1922//1922
f 2670//2670 2668//2668 2661//2661
f 1922//1922 2670//2670 1896//1896
f 2671//2671 2672//2672 2663//2663
f 2672//2672 2673//2673 2666//2666
f 1921//1921 1915//1915 2672//2672
f 1915//1915 1918//1918 2673//2673
f 2677//2677 2674//2674 2676//2676
f 2676//2676 773//773 767//767
f 2676//2676 2675//2675 2679//2679
f 2679//2679 774//774 773//773
f 2677//2677 2681//2681 2680//2680
f 2681//2681 2667//2667 2666//2666
f 2681//2681 2677//2677 770//770
f 770//770 793//793 2667//2667
f 2683//2683 2674//2674 2682//2682
f 1941//1941 2683//2683 1942//1942
f 2682//2682 2680//2680 2673//2673
f 1942//1942 2682//2682 1918//1918
f 2683//2683 2684//2684 2675//2675
f 2675//2675 2684//2684 2678//2678
f 1941//1941 1935//1935 2684//2684
f 1935//1935 1938//1938 2685//2685
f 2687//2687 2689//2689 2688//2688
f 2689//2689 1229//1229 1218//1218
f 2657//2657 2654//2654 2689//2689
f 2654//2654 2541//2541 1229//1229
f 2691//2691 2686//2686 2690//2690
f 2699//2699 2691//2691 2692//2692
f 2690//2690 2688//2688 1222//1222
f 2694//2694 2690//2690 2695//2695
f 2691//2691 2697//2697 2696//2696
f 2697//2697 1960//1960 1956//1956
f 2697//2697 2691//2691 2699//2699
f 2703//2703 2704//2704 2697//2697
f 1960//1960 2697//2697 2704//2704
f 2687//2687 2686//2686 2705//2705
f 2657//2657 2687//2687 2658//2658
f 2705//2705 2696//2696 1957//1957
f 2658//2658 2705//2705 1901//1901
f 2707//2707 2709//2709 2708//2708
f 2709//2709 1101//1101 1094//1094
f 2709//2709 2707//2707 2629//2629
f 2629//2629 2552//2552 1101//1101
f 2711//2711 2706//2706 2710//2710
f 2716//2716 2711//2711 2712//2712
f 2710//2710 2708//2708 1097//1097
f 2712//2712 2710//2710 2713//2713
f 2711//2711 2715//2715 2714//2714
f 2715//2715 1978//1978 1977//1977
f 2716//2716 2717//2717 2715//2715
f 2717//2717 1979//1979 1978//1978
f 2707//2707 2706//2706 2718//2718
f 2718//2718 2640//2640 2626//2626
f 1977//1977 1972//1972 2718//2718
f 1972//1972 1973//1973 2640//2640
f 2722//2722 2719//2719 2721//2721
f 1886//1886 2722//2722 1887//1887
f 2723//2723 2724//2724 2721//2721
f 2724//2724 1888//1888 1887//1887
f 2722//2722 2726//2726 2725//2725
f 2726//2726 2728//2728 2727//2727
f 1886//1886 1881//1881 2726//2726
f 1881//1881 1883//1883 2728//2728
f 2730//2730 2719//2719 2729//2729
f 2103//2103 2730//2730 2104//2104
f 2729//2729 2725//2725 2731//2731
f 2104//2104 2729//2729 2181//2181
f 2730//2730 2732//2732 2720//2720
f 2723//2723 2720//2720 2733//2733
f 2103//2103 2097//2097 2732//2732
f 2733//2733 2732//2732 2172//2172
f 2737//2737 2734//2734 2736//2736
f 1904//1904 2737//2737 1909//1909
f 2736//2736 2735//2735 2739//2739
f 1909//1909 2736//2736 1926//1926
f 2741//2741 2734//2734 2740//2740
f 2745//2745 2741//2741 2742//2742
f 2740//2740 2737//2737 1907//1907
f 2742//2742 2740//2740 1967//1967
f 2744//2744 2734//2734 2743//2743
f 2122//2122 2744//2744 2123//2123
f 2745//2745 2746//2746 2743//2743
f 2746//2746 2124//2124 2123//2123
f 2744//2744 2747//2747 2735//2735
f 2747//2747 2748//2748 2738//2738
f 2122//2122 2115//2115 2747//2747
f 2115//2115 2118//2118 2748//2748
f 2752//2752 2749//2749 2751//2751
f 1928//1928 2752//2752 1929//1929
f 2751//2751 2750//2750 2754//2754
f 1929//1929 2751//2751 1946//1946
f 2752//2752 2756//2756 2755//2755
f 2756//2756 2739//2739 2738//2738
f 1928//1928 1925//1925 2756//2756
f 1925//1925 1926//1926 2739//2739
f 2758//2758 2749//2749 2757//2757
f 2141//2141 2758//2758 2142//2142
f 2757//2757 2755//2755 2748//2748
f 2142//2142 2757//2757 2118//2118
f 2758//2758 2759//2759 2750//2750
f 2750//2750 2759//2759 2753//2753
f 2141//2141 2135//2135 2759//2759
f 2135//2135 2138//2138 2760//2760
f 2764//2764 2761//2761 2763//2763
f 1949//1949 2764//2764 1950//1950
f 2763//2763 2762//2762 2766//2766
f 1950//1950 2763//2763 1951//1951
f 2761//2761 2764//2764 2768//2768
f 2767//2767 2754//2754 2753//2753
f 1949//1949 1945//1945 2767//2767
f 1945//1945 1946//1946 2754//2754
f 2770//2770 2761//2761 2769//2769
f 2157//2157 2770//2770 2158//2158
f 2769//2769 2768//2768 2760//2760
f 2158//2158 2769//2769 2138//2138
f 2770//2770 2771//2771 2762//2762
f 2771//2771 2772//2772 2765//2765
f 2157//2157 2151//2151 2771//2771
f 2151//2151 2154//2154 2772//2772
f 2774//2774 2776//2776 2775//2775
f 2776//2776 1966//1966 1963//1963
f 2745//2745 2742//2742 2776//2776
f 2742//2742 1967//1967 1966//1966
f 2778//2778 2773//2773 2777//2777
f 2723//2723 2778//2778 2724//2724
f 2777//2777 2775//2775 1964//1964
f 2724//2724 2777//2777 1888//1888
f 2778//2778 2780//2780 2779//2779
f 2780//2780 2171//2171 2167//2167
f 2778//2778 2723//2723 2780//2780
f 2733//2733 2172//2172 2171//2171
f 2774//2774 2773//2773 2781//2781
f 2745//2745 2774//2774 2746//2746
f 2781//2781 2779//2779 2168//2168
f 2746//2746 2781//2781 2124//2124
f 2785//2785 2782//2782 2784//2784
f 1987//1987 2785//2785 1988//1988
f 2784//2784 2783//2783 2728//2728
f 1988//1988 2784//2784 1883//1883
f 2782//2782 2785//2785 2787//2787
f 2786//2786 2789//2789 2788//2788
f 1987//1987 1982//1982 2786//2786
f 2786//2786 1982//1982 2789//2789
f 2791//2791 2782//2782 2790//2790
f 2185//2185 2791//2791 2186//2186
f 2790//2790 2787//2787 2792//2792
f 2186//2186 2790//2790 2793//2793
f 2782//2782 2791//2791 2783//2783
f 2794//2794 2731//2731 2727//2727
f 2185//2185 2180//2180 2794//2794
f 2180//2180 2181//2181 2731//2731
f 2798//2798 2795//2795 2797//2797
f 2806//2806 2798//2798 2799//2799
f 2797//2797 2796//2796 2801//2801
f 2799//2799 2797//2797 2802//2802
f 2798//2798 2804//2804 2803//2803
f 2804//2804 2808//2808 2805//2805
f 2806//2806 2807//2807 2804//2804
f 2807//2807 3320//3320 2808//2808
f 2810//2810 2795//2795 2809//2809
f 2809//2809 4313//4313 2811//2811
f 2809//2809 2803//2803 2812//2812
f 4313//4313 2809//2809 2813//2813
f 2796//2796 2795//2795 2814//2814
f 2800//2800 2796//2796 2815//2815
f 2814//2814 2810//2810 2816//2816
f 2815//2815 2814//2814 2817//2817
f 2821//2821 2818//2818 2820//2820
f 2829//2829 2821//2821 2822//2822
f 2820//2820 2819//2819 2824//2824
f 2822//2822 2820//2820 2825//2825
f 2821//2821 2827//2827 2826//2826
f 2827//2827 2831//2831 2828//2828
f 2829//2829 2830//2830 2827//2827
f 2830//2830 2846//2846 2831//2831
f 2833//2833 2818//2818 2832//2832
f 2838//2838 2833//2833 2834//2834
f 2832//2832 2826//2826 2835//2835
f 2834//2834 2832//2832 2836//2836
f 2833//2833 2837//2837 2819//2819
f 2837//2837 2840//2840 2823//2823
f 2838//2838 2839//2839 2837//2837
f 2839//2839 2863//2863 2840//2840
f 2844//2844 2841//2841 2843//2843
f 2849//2849 2844//2844 2845//2845
f 2843//2843 2842//2842 2831//2831
f 2845//2845 2843//2843 2846//2846
f 2844//2844 2848//2848 2847//2847
f 2848//2848 66//66 65//65
f 2849//2849 2850//2850 2848//2848
f 2850//2850 1049//1049 66//66
f 2852//2852 2841//2841 2851//2851
f 2855//2855 2852//2852 2853//2853
f 2851//2851 2847//2847 61//61
f 2853//2853 2851//2851 63//63
f 2852//2852 2854//2854 2842//2842
f 2854//2854 2835//2835 2828//2828
f 2855//2855 2856//2856 2854//2854
f 2856//2856 2836//2836 2835//2835
f 2860//2860 2857//2857 2859//2859
f 2838//2838 2860//2860 2839//2839
f 2859//2859 2858//2858 2862//2862
f 2839//2839 2859//2859 2863//2863
f 2860//2860 2865//2865 2864//2864
f 2865//2865 2867//2867 2866//2866
f 2838//2838 2834//2834 2865//2865
f 2834//2834 2836//2836 2867//2867
f 2869//2869 2857//2857 2868//2868
f 2874//2874 2869//2869 2870//2870
f 2868//2868 2864//2864 2871//2871
f 2870//2870 2868//2868 2872//2872
f 2869//2869 2873//2873 2858//2858
f 2873//2873 2876//2876 2861//2861
f 2874//2874 2875//2875 2873//2873
f 2875//2875 2895//2895 2876//2876
f 2880//2880 2877//2877 2879//2879
f 2855//2855 2880//2880 2856//2856
f 2879//2879 2878//2878 2867//2867
f 2856//2856 2879//2879 2836//2836
f 2880//2880 2882//2882 2881//2881
f 2882//2882 103//103 102//102
f 2855//2855 2853//2853 2882//2882
f 2853//2853 63//63 103//103
f 2884//2884 2877//2877 2883//2883
f 2887//2887 2884//2884 2885//2885
f 2883//2883 2881//2881 98//98
f 2885//2885 2883//2883 100//100
f 2884//2884 2886//2886 2878//2878
f 2886//2886 2871//2871 2866//2866
f 2887//2887 2888//2888 2886//2886
f 2886//2886 2888//2888 2871//2871
f 2890//2890 2892//2892 2891//2891
f 2874//2874 2891//2891 2875//2875
f 2893//2893 2894//2894 2892//2892
f 2875//2875 2892//2892 2895//2895
f 2897//2897 2889//2889 2896//2896
f 2902//2902 2897//2897 2898//2898
f 2874//2874 2870//2870 2896//2896
f 2870//2870 2872//2872 2898//2898
f 2897//2897 2900//2900 2899//2899
f 2900//2900 2904//2904 2901//2901
f 2902//2902 2903//2903 2900//2900
f 2903//2903 2921//2921 2904//2904
f 2890//2890 2889//2889 2905//2905
f 2893//2893 2890//2890 2906//2906
f 2905//2905 2899//2899 2907//2907
f 2906//2906 2905//2905 2908//2908
f 2910//2910 2912//2912 2911//2911
f 2887//2887 2911//2911 2888//2888
f 2902//2902 2898//2898 2912//2912
f 2888//2888 2912//2912 2872//2872
f 2914//2914 2909//2909 2913//2913
f 133//133 2914//2914 138//138
f 2887//2887 2885//2885 2913//2913
f 2885//2885 100//100 138//138
f 2914//2914 2916//2916 2915//2915
f 2916//2916 2918//2918 2917//2917
f 133//133 136//136 2916//2916
f 136//136 174//174 2918//2918
f 2910//2910 2909//2909 2919//2919
f 2902//2902 2910//2910 2903//2903
f 2919//2919 2915//2915 2920//2920
f 2903//2903 2919//2919 2921//2921
f 2923//2923 2925//2925 2924//2924
f 2925//2925 2907//2907 2901//2901
f 2926//2926 2927//2927 2925//2925
f 2927//2927 2908//2908 2907//2907
f 2929//2929 2922//2922 2928//2928
f 2934//2934 2929//2929 2930//2930
f 2928//2928 2924//2924 2904//2904
f 2930//2930 2928//2928 2921//2921
f 2929//2929 2932//2932 2931//2931
f 2932//2932 2936//2936 2933//2933
f 2934//2934 2935//2935 2932//2932
f 2935//2935 2953//2953 2936//2936
f 2923//2923 2922//2922 2937//2937
f 2926//2926 2923//2923 2938//2938
f 2937//2937 2931//2931 2939//2939
f 2938//2938 2937//2937 2940//2940
f 2942//2942 2944//2944 2943//2943
f 2944//2944 2920//2920 2917//2917
f 2934//2934 2930//2930 2944//2944
f 2930//2930 2921//2921 2920//2920
f 2946//2946 2941//2941 2945//2945
f 168//168 2946//2946 173//173
f 2945//2945 2943//2943 2918//2918
f 173//173 2945//2945 174//174
f 2946//2946 2948//2948 2947//2947
f 2948//2948 2950//2950 2949//2949
f 168//168 171//171 2948//2948
f 171//171 631//631 2950//2950
f 2942//2942 2941//2941 2951//2951
f 2934//2934 2942//2942 2935//2935
f 2951//2951 2947//2947 2952//2952
f 2935//2935 2951//2951 2953//2953
f 2955//2955 2957//2957 2956//2956
f 2957//2957 2961//2961 2958//2958
f 2959//2959 2960//2960 2957//2957
f 2960//2960 3048//3048 2961//2961
f 2963//2963 2954//2954 2962//2962
f 2970//2970 2963//2963 2964//2964
f 2962//2962 2956//2956 2965//2965
f 2964//2964 2962//2962 2966//2966
f 2963//2963 2968//2968 2967//2967
f 2968//2968 2972//2972 2969//2969
f 2970//2970 2971//2971 2968//2968
f 2971//2971 2995//2995 2972//2972
f 2955//2955 2954//2954 2973//2973
f 2959//2959 2955//2955 2974//2974
f 2973//2973 2967//2967 2975//2975
f 2974//2974 2973//2973 2976//2976
f 2978//2978 2980//2980 2979//2979
f 2980//2980 204//204 203//203
f 2981//2981 2982//2982 2980//2980
f 204//204 2980//2980 205//205
f 2984//2984 2977//2977 2983//2983
f 2989//2989 2984//2984 2985//2985
f 2983//2983 2979//2979 218//218
f 2985//2985 2983//2983 220//220
f 2984//2984 2987//2987 2986//2986
f 2987//2987 2991//2991 2988//2988
f 2989//2989 2990//2990 2987//2987
f 2990//2990 3517//3517 2991//2991
f 2978//2978 2977//2977 2992//2992
f 2981//2981 2978//2978 2993//2993
f 2992//2992 2986//2986 2994//2994
f 206//206 209//209 210//210
f 2999//2999 2996//2996 2998//2998
f 3007//3007 2999//2999 3000//3000
f 2998//2998 2997//2997 3002//3002
f 3000//3000 2998//2998 3003//3003
f 2999//2999 3005//3005 3004//3004
f 3005//3005 3009//3009 3006//3006
f 3007//3007 3008//3008 3005//3005
f 3008//3008 3024//3024 3009//3009
f 3011//3011 2996//2996 3010//3010
f 3016//3016 3011//3011 3012//3012
f 3010//3010 3004//3004 3013//3013
f 3012//3012 3010//3010 3014//3014
f 3011//3011 3015//3015 2997//2997
f 3015//3015 3018//3018 3001//3001
f 3016//3016 3017//3017 3015//3015
f 3017//3017 3061//3061 3018//3018
f 3022//3022 3019//3019 3021//3021
f 3028//3028 3022//3022 3023//3023
f 3021//3021 3020//3020 3009//3009
f 3023//3023 3021//3021 3024//3024
f 3022//3022 3026//3026 3025//3025
f 3026//3026 3030//3030 3027//3027
f 3028//3028 3029//3029 3026//3026
f 3029//3029 3044//3044 3030//3030
f 3032//3032 3019//3019 3031//3031
f 3037//3037 3032//3032 3033//3033
f 3031//3031 3025//3025 3034//3034
f 3033//3033 3031//3031 3035//3035
f 3032//3032 3036//3036 3020//3020
f 3036//3036 3013//3013 3006//3006
f 3037//3037 3038//3038 3036//3036
f 3038//3038 3014//3014 3013//3013
f 3042//3042 3039//3039 3041//3041
f 3047//3047 3042//3042 3043//3043
f 3041//3041 3040//3040 3030//3030
f 3043//3043 3041//3041 3044//3044
f 3042//3042 3046//3046 3045//3045
f 3046//3046 2960//2960 2959//2959
f 3047//3047 4257//4257 3046//3046
f 278//278 182//182 280//280
f 3050//3050 3039//3039 3049//3049
f 3053//3053 3050//3050 3051//3051
f 3049//3049 3045//3045 2974//2974
f 2974//2974 2976//2976 3051//3051
f 3050//3050 3052//3052 3040//3040
f 3052//3052 3034//3034 3027//3027
f 3053//3053 3054//3054 3052//3052
f 3054//3054 3035//3035 3034//3034
f 3058//3058 3055//3055 3057//3057
f 3016//3016 3058//3058 3017//3017
f 3057//3057 3056//3056 3060//3060
f 3017//3017 3057//3057 3061//3061
f 3058//3058 3063//3063 3062//3062
f 3063//3063 3065//3065 3064//3064
f 3016//3016 3012//3012 3063//3063
f 3012//3012 3014//3014 3065//3065
f 3067//3067 3055//3055 3066//3066
f 289//289 3067//3067 296//296
f 3066//3066 3062//3062 3068//3068
f 296//296 3066//3066 297//297
f 3067//3067 3069//3069 3056//3056
f 3069//3069 3070//3070 3059//3059
f 289//289 292//292 3069//3069
f 292//292 1292//1292 3070//3070
f 3074//3074 3071//3071 3073//3073
f 3037//3037 3074//3074 3038//3038
f 3073//3073 3072//3072 3065//3065
f 3038//3038 3073//3073 3014//3014
f 3074//3074 3076//3076 3075//3075
f 3076//3076 3078//3078 3077//3077
f 3037//3037 3033//3033 3076//3076
f 3033//3033 3035//3035 3078//3078
f 3080//3080 3071//3071 3079//3079
f 307//307 3080//3080 312//312
f 3079//3079 3075//3075 3081//3081
f 312//312 3079//3079 313//313
f 3080//3080 3082//3082 3072//3072
f 3082//3082 3068//3068 3064//3064
f 307//307 308//308 3082//3082
f 308//308 297//297 3068//3068
f 3086//3086 3083//3083 3085//3085
f 3091//3091 3086//3086 3087//3087
f 3085//3085 3084//3084 3078//3078
f 3087//3087 3085//3085 3035//3035
f 3086//3086 3089//3089 3088//3088
f 3089//3089 3093//3093 3090//3090
f 3091//3091 3092//3092 3089//3089
f 3092//3092 3589//3589 3093//3093
f 3095//3095 3083//3083 3094//3094
f 325//325 3095//3095 330//330
f 3094//3094 3088//3088 3096//3096
f 330//330 3094//3094 331//331
f 3095//3095 3097//3097 3084//3084
f 3097//3097 3081//3081 3077//3077
f 325//325 326//326 3097//3097
f 326//326 313//313 3081//3081
f 3101//3101 3098//3098 3100//3100
f 3100//3100 3105//3105 3102//3102
f 3103//3103 3104//3104 3100//3100
f 3104//3104 4190//4190 3105//3105
f 3101//3101 3107//3107 3106//3106
f 3107//3107 3110//3110 3108//3108
f 3102//3102 3109//3109 3107//3107
f 3109//3109 3190//3190 3110//3110
f 3112//3112 3098//3098 3111//3111
f 3118//3118 3112//3112 3113//3113
f 3111//3111 3106//3106 3114//3114
f 3113//3113 3111//3111 3115//3115
f 3112//3112 3116//3116 3099//3099
f 3103//3103 3099//3099 3117//3117
f 3112//3112 3118//3118 3116//3116
f 3119//3119 3168//3168 3117//3117
f 3121//3121 3123//3123 3122//3122
f 3123//3123 3127//3127 3124//3124
f 3125//3125 3126//3126 3123//3123
f 3126//3126 4331//4331 3127//3127
f 3129//3129 3120//3120 3128//3128
f 3134//3134 3129//3129 3130//3130
f 3128//3128 3122//3122 3131//3131
f 3131//3131 4053//4053 3130//3130
f 3129//3129 3133//3133 3132//3132
f 3133//3133 2801//2801 2800//2800
f 3134//3134 3135//3135 3133//3133
f 3135//3135 2802//2802 2801//2801
f 3121//3121 3120//3120 3136//3136
f 3125//3125 3121//3121 3137//3137
f 3136//3136 3132//3132 2815//2815
f 3136//3136 2815//2815 3137//3137
f 3141//3141 3138//3138 3140//3140
f 3149//3149 3141//3141 3142//3142
f 3140//3140 3139//3139 3144//3144
f 3142//3142 3140//3140 3145//3145
f 3141//3141 3147//3147 3146//3146
f 3155//3155 3146//3146 3148//3148
f 3149//3149 3150//3150 3147//3147
f 3148//3148 3147//3147 3151//3151
f 3153//3153 3138//3138 3152//3152
f 3159//3159 3153//3153 3154//3154
f 3152//3152 3146//3146 3156//3156
f 3154//3154 3152//3152 3157//3157
f 3153//3153 3158//3158 3139//3139
f 3158//3158 3161//3161 3143//3143
f 3159//3159 3160//3160 3158//3158
f 3160//3160 3197//3197 3161//3161
f 3165//3165 3162//3162 3164//3164
f 3118//3118 3165//3165 3119//3119
f 3164//3164 3163//3163 3167//3167
f 3119//3119 3164//3164 3168//3168
f 3165//3165 3170//3170 3169//3169
f 3170//3170 3172//3172 3171//3171
f 3118//3118 3113//3113 3170//3170
f 3113//3113 3115//3115 3172//3172
f 3174//3174 3162//3162 3173//3173
f 3178//3178 3174//3174 3175//3175
f 3173//3173 3169//3169 3176//3176
f 3176//3176 4383//4383 3175//3175
f 3174//3174 3177//3177 3163//3163
f 3177//3177 3180//3180 3166//3166
f 3178//3178 3179//3179 3177//3177
f 3179//3179 4169//4169 3180//3180
f 3182//3182 3184//3184 3183//3183
f 3184//3184 3114//3114 3108//3108
f 3185//3185 3186//3186 3184//3184
f 3186//3186 3115//3115 3114//3114
f 3188//3188 3181//3181 3187//3187
f 3193//3193 3188//3188 3189//3189
f 3187//3187 3183//3183 3110//3110
f 3189//3189 3187//3187 3190//3190
f 3188//3188 3192//3192 3191//3191
f 3192//3192 3144//3144 3143//3143
f 3193//3193 3194//3194 3192//3192
f 3194//3194 3145//3145 3144//3144
f 3182//3182 3181//3181 3195//3195
f 3185//3185 3182//3182 3196//3196
f 3195//3195 3191//3191 3161//3161
f 3196//3196 3195//3195 3197//3197
f 3201//3201 3198//3198 3200//3200
f 3200//3200 3205//3205 3202//3202
f 3203//3203 3204//3204 3200//3200
f 3204//3204 3342//3342 3205//3205
f 3201//3201 3207//3207 3206//3206
f 3207//3207 3210//3210 3208//3208
f 3202//3202 3209//3209 3207//3207
f 3209//3209 3339//3339 3210//3210
f 3212//3212 3198//3198 3211//3211
f 3216//3216 3212//3212 3213//3213
f 3211//3211 3206//3206 3214//3214
f 3214//3214 3268//3268 3213//3213
f 3212//3212 3215//3215 3199//3199
f 3215//3215 3218//3218 3203//3203
f 3216//3216 3217//3217 3215//3215
f 3217//3217 3282//3282 3218//3218
f 3220//3220 3222//3222 3221//3221
f 3229//3229 3221//3221 3223//3223
f 3222//3222 3220//3220 3225//3225
f 3223//3223 3222//3222 3226//3226
f 3228//3228 3219//3219 3227//3227
f 3159//3159 3228//3228 3160//3160
f 3227//3227 3221//3221 3230//3230
f 3160//3160 3227//3227 3197//3197
f 3228//3228 3232//3232 3231//3231
f 3232//3232 3234//3234 3233//3233
f 3159//3159 3154//3154 3232//3232
f 3154//3154 3157//3157 3234//3234
f 3220//3220 3219//3219 3235//3235
f 3224//3224 3220//3220 3236//3236
f 3235//3235 3231//3231 3237//3237
f 3236//3236 3235//3235 3238//3238
f 3242//3242 3239//3239 3241//3241
f 3250//3250 3242//3242 3243//3243
f 3241//3241 3240//3240 3245//3245
f 3243//3243 3241//3241 3246//3246
f 3242//3242 3248//3248 3247//3247
f 3256//3256 3247//3247 3249//3249
f 3250//3250 3251//3251 3248//3248
f 3249//3249 3248//3248 3252//3252
f 3254//3254 3239//3239 3253//3253
f 3260//3260 3254//3254 3255//3255
f 3256//3256 3257//3257 3253//3253
f 3255//3255 3253//3253 3258//3258
f 3254//3254 3259//3259 3240//3240
f 3259//3259 3262//3262 3244//3244
f 3260//3260 3261//3261 3259//3259
f 3261//3261 3331//3331 3262//3262
f 3266//3266 3263//3263 3265//3265
f 3272//3272 3266//3266 3267//3267
f 3265//3265 3264//3264 3213//3213
f 3267//3267 3265//3265 3268//3268
f 3266//3266 3270//3270 3269//3269
f 3270//3270 3274//3274 3271//3271
f 3272//3272 3273//3273 3270//3270
f 3273//3273 4406//4406 3274//3274
f 3276//3276 3263//3263 3275//3275
f 3275//3275 3279//3279 3277//3277
f 3275//3275 3269//3269 3278//3278
f 3278//3278 4278//4278 3279//3279
f 3264//3264 3263//3263 3280//3280
f 3216//3216 3264//3264 3217//3217
f 3280//3280 3276//3276 3281//3281
f 3217//3217 3280//3280 3282//3282
f 3284//3284 3286//3286 3285//3285
f 3286//3286 3290//3290 3287//3287
f 3288//3288 3289//3289 3286//3286
f 3289//3289 3712//3712 3290//3290
f 3285//3285 3292//3292 3291//3291
f 3292//3292 3295//3295 3293//3293
f 3292//3292 3285//3285 3294//3294
f 3294//3294 3725//3725 3295//3295
f 3297//3297 3283//3283 3296//3296
f 3303//3303 3297//3297 3298//3298
f 3296//3296 3291//3291 3299//3299
f 3298//3298 3296//3296 3300//3300
f 3297//3297 3301//3301 3284//3284
f 3288//3288 3284//3284 3302//3302
f 3303//3303 3304//3304 3301//3301
f 3304//3304 4331//4331 3302//3302
f 3308//3308 3305//3305 3307//3307
f 3315//3315 3308//3308 3309//3309
f 3307//3307 3306//3306 3311//3311
f 3309//3309 3307//3307 3312//3312
f 3308//3308 3314//3314 3313//3313
f 3314//3314 2812//2812 2805//2805
f 3315//3315 3316//3316 3314//3314
f 3316//3316 2813//2813 2812//2812
f 3318//3318 3305//3305 3317//3317
f 3322//3322 3318//3318 3319//3319
f 3317//3317 3313//3313 2808//2808
f 3319//3319 3317//3317 3320//3320
f 3318//3318 3321//3321 3306//3306
f 3321//3321 4141//4141 3310//3310
f 3322//3322 3323//3323 3321//3321
f 4141//4141 3321//3321 3324//3324
f 3328//3328 3325//3325 3327//3327
f 3260//3260 3328//3328 3261//3261
f 3329//3329 3330//3330 3327//3327
f 3261//3261 3327//3327 3331//3331
f 3328//3328 3333//3333 3332//3332
f 3333//3333 3335//3335 3334//3334
f 3260//3260 3255//3255 3333//3333
f 3255//3255 3258//3258 3335//3335
f 3337//3337 3325//3325 3336//3336
f 3202//3202 3337//3337 3209//3209
f 3336//3336 3332//3332 3338//3338
f 3209//3209 3336//3336 3339//3339
f 3337//3337 3340//3340 3326//3326
f 3329//3329 3326//3326 3341//3341
f 3340//3340 3337//3337 3205//3205
f 3341//3341 3340//3340 3342//3342
f 3346//3346 3343//3343 3345//3345
f 3354//3354 3346//3346 3347//3347
f 3345//3345 3344//3344 3349//3349
f 3347//3347 3345//3345 3350//3350
f 3346//3346 3352//3352 3351//3351
f 3352//3352 3356//3356 3353//3353
f 3354//3354 3355//3355 3352//3352
f 3355//3355 4123//4123 3356//3356
f 3358//3358 3343//3343 3357//3357
f 3250//3250 3358//3358 3251//3251
f 3357//3357 3351//3351 3359//3359
f 3359//3359 3252//3252 3251//3251
f 3358//3358 3360//3360 3344//3344
f 3360//3360 3361//3361 3348//3348
f 3250//3250 3243//3243 3360//3360
f 3243//3243 3246//3246 3361//3361
f 3365//3365 3362//3362 3364//3364
f 3364//3364 2939//2939 2933//2933
f 3364//3364 3363//3363 3367//3367
f 3367//3367 2940//2940 2939//2939
f 3365//3365 3369//3369 3368//3368
f 3374//3374 3368//3368 3370//3370
f 3369//3369 3365//3365 2936//2936
f 3370//3370 3369//3369 2953//2953
f 3372//3372 3362//3362 3371//3371
f 3378//3378 3372//3372 3373//3373
f 3371//3371 3368//3368 3375//3375
f 3373//3373 3371//3371 3376//3376
f 3372//3372 3377//3377 3363//3363
f 3377//3377 3380//3380 3366//3366
f 3378//3378 3379//3379 3377//3377
f 3379//3379 3400//3400 3380//3380
f 3382//3382 3384//3384 3383//3383
f 3384//3384 2952//2952 2949//2949
f 3374//3374 3370//3370 3384//3384
f 3370//3370 2953//2953 2952//2952
f 3386//3386 3381//3381 3385//3385
f 626//626 3386//3386 630//630
f 3385//3385 3383//3383 2950//2950
f 630//630 3385//3385 631//631
f 3388//3388 3381//3381 3387//3387
f 3392//3392 3388//3388 3389//3389
f 626//626 3390//3390 3387//3387
f 3389//3389 3387//3387 628//628
f 3388//3388 3391//3391 3382//3382
f 3391//3391 3375//3375 3374//3374
f 3392//3392 3393//3393 3391//3391
f 3393//3393 3376//3376 3375//3375
f 3397//3397 3394//3394 3396//3396
f 3378//3378 3397//3397 3379//3379
f 3396//3396 3395//3395 3399//3399
f 3379//3379 3396//3396 3400//3400
f 3397//3397 3402//3402 3401//3401
f 3402//3402 3404//3404 3403//3403
f 3378//3378 3373//3373 3402//3402
f 3373//3373 3376//3376 3404//3404
f 3406//3406 3394//3394 3405//3405
f 3410//3410 3406//3406 3407//3407
f 3405//3405 3401//3401 3408//3408
f 3408//3408 3425//3425 3407//3407
f 3406//3406 3409//3409 3395//3395
f 3409//3409 3412//3412 3398//3398
f 3410//3410 3411//3411 3409//3409
f 3411//3411 4284//4284 3412//3412
f 3414//3414 3416//3416 3415//3415
f 3392//3392 3415//3415 3393//3393
f 3416//3416 3414//3414 3404//3404
f 3393//3393 3416//3416 3376//3376
f 3418//3418 3413//3413 3417//3417
f 661//661 3418//3418 666//666
f 3392//3392 3389//3389 3417//3417
f 666//666 3417//3417 628//628
f 3418//3418 3420//3420 3419//3419
f 3420//3420 3422//3422 3421//3421
f 661//661 664//664 3420//3420
f 664//664 702//702 3422//3422
f 3414//3414 3413//3413 3423//3423
f 3403//3403 3414//3414 3408//3408
f 3423//3423 3419//3419 3424//3424
f 3408//3408 3423//3423 3425//3425
f 3427//3427 3429//3429 3428//3428
f 3429//3429 3411//3411 3410//3410
f 3430//3430 3431//3431 3429//3429
f 3431//3431 4284//4284 3411//3411
f 3433//3433 3426//3426 3432//3432
f 3438//3438 3433//3433 3434//3434
f 3432//3432 3428//3428 3407//3407
f 3434//3434 3432//3432 3425//3425
f 3433//3433 3436//3436 3435//3435
f 3436//3436 3440//3440 3437//3437
f 3438//3438 3439//3439 3436//3436
f 3439//3439 3457//3457 3440//3440
f 3427//3427 3426//3426 3441//3441
f 3430//3430 3427//3427 3442//3442
f 3441//3441 3435//3435 3443//3443
f 3442//3442 3441//3441 3444//3444
f 3446//3446 3448//3448 3447//3447
f 3448//3448 3424//3424 3421//3421
f 3438//3438 3434//3434 3448//3448
f 3434//3434 3425//3425 3424//3424
f 3450//3450 3445//3445 3449//3449
f 696//696 3450//3450 701//701
f 3449//3449 3447//3447 3422//3422
f 701//701 3449//3449 702//702
f 3450//3450 3452//3452 3451//3451
f 3452//3452 3454//3454 3453//3453
f 696//696 699//699 3452//3452
f 699//699 731//731 3454//3454
f 3446//3446 3445//3445 3455//3455
f 3438//3438 3446//3446 3439//3439
f 3455//3455 3451//3451 3456//3456
f 3439//3439 3455//3455 3457//3457
f 3459//3459 3461//3461 3460//3460
f 3461//3461 3443//3443 3437//3437
f 3462//3462 3463//3463 3461//3461
f 3463//3463 3444//3444 3443//3443
f 3465//3465 3458//3458 3464//3464
f 3469//3469 3465//3465 3466//3466
f 3464//3464 3460//3460 3440//3440
f 3466//3466 3464//3464 3457//3457
f 3465//3465 3468//3468 3467//3467
f 2970//2970 3467//3467 2971//2971
f 3469//3469 3470//3470 3468//3468
f 3470//3470 2995//2995 2971//2971
f 3459//3459 3458//3458 3471//3471
f 3462//3462 3459//3459 3472//3472
f 2970//2970 2964//2964 3471//3471
f 2964//2964 2966//2966 3472//3472
f 3474//3474 3476//3476 3475//3475
f 3476//3476 3456//3456 3453//3453
f 3469//3469 3466//3466 3476//3476
f 3466//3466 3457//3457 3456//3456
f 3478//3478 3473//3473 3477//3477
f 726//726 3478//3478 730//730
f 3477//3477 3475//3475 3454//3454
f 730//730 3477//3477 731//731
f 3478//3478 3480//3480 3479//3479
f 3480//3480 2982//2982 2981//2981
f 726//726 728//728 3480//3480
f 728//728 205//205 2982//2982
f 3474//3474 3473//3473 3481//3481
f 3481//3481 3470//3470 3469//3469
f 2981//2981 2993//2993 3481//3481
f 2993//2993 2995//2995 3470//3470
f 3485//3485 3482//3482 3484//3484
f 3493//3493 3485//3485 3486//3486
f 3484//3484 3483//3483 3488//3488
f 3486//3486 3484//3484 3489//3489
f 3491//3491 3482//3482 3490//3490
f 3498//3498 3491//3491 3492//3492
f 3490//3490 3485//3485 3494//3494
f 3492//3492 3490//3490 3495//3495
f 3491//3491 3497//3497 3496//3496
f 3497//3497 749//749 742//742
f 3498//3498 3499//3499 3497//3497
f 3499//3499 1141//1141 749//749
f 3496//3496 3500//3500 3483//3483
f 3500//3500 3501//3501 3487//3487
f 742//742 745//745 3500//3500
f 745//745 1064//1064 3501//3501
f 3503//3503 3505//3505 3504//3504
f 3505//3505 760//760 759//759
f 2989//2989 2985//2985 3505//3505
f 2985//2985 220//220 760//760
f 3507//3507 3502//3502 3506//3506
f 3512//3512 3507//3507 3508//3508
f 3506//3506 3504//3504 772//772
f 3508//3508 3506//3506 774//774
f 3507//3507 3510//3510 3509//3509
f 3510//3510 3514//3514 3511//3511
f 3512//3512 3513//3513 3510//3510
f 3513//3513 3527//3527 3514//3514
f 3503//3503 3502//3502 3515//3515
f 2989//2989 3503//3503 2990//2990
f 3515//3515 3509//3509 3516//3516
f 2990//2990 3515//3515 3517//3517
f 3519//3519 3521//3521 3520//3520
f 3521//3521 3516//3516 3511//3511
f 3522//3522 3523//3523 3521//3521
f 3523//3523 3517//3517 3516//3516
f 3525//3525 3518//3518 3524//3524
f 3531//3531 3525//3525 3526//3526
f 3524//3524 3520//3520 3514//3514
f 3526//3526 3524//3524 3527//3527
f 3525//3525 3532//3532 3528//3528
f 782//782 783//783 789//789
f 3531//3531 3533//3533 3532//3532
f 3533//3533 3700//3700 3530//3530
f 3519//3519 3518//3518 3534//3534
f 3534//3534 3536//3536 3522//3522
f 3529//3529 3535//3535 3534//3534
f 3535//3535 3543//3543 3536//3536
f 3540//3540 3537//3537 3539//3539
f 3529//3529 3540//3540 3535//3535
f 3539//3539 3538//3538 3542//3542
f 3535//3535 3539//3539 3543//3543
f 3540//3540 3545//3545 3544//3544
f 3545//3545 3547//3547 3546//3546
f 3529//3529 3530//3530 3545//3545
f 3530//3530 3700//3700 3547//3547
f 3549//3549 3537//3537 3548//3548
f 3553//3553 3549//3549 3550//3550
f 3548//3548 3544//3544 3551//3551
f 3550//3550 3548//3548 3489//3489
f 3549//3549 3552//3552 3538//3538
f 3552//3552 3555//3555 3541//3541
f 3553//3553 3554//3554 3552//3552
f 3554//3554 3589//3589 3555//3555
f 3557//3557 3559//3559 3558//3558
f 3559//3559 3563//3563 3560//3560
f 3561//3561 3562//3562 3559//3559
f 3562//3562 5162//5162 3563//3563
f 3565//3565 3556//3556 3564//3564
f 3572//3572 3565//3565 3566//3566
f 3564//3564 3558//3558 3567//3567
f 3566//3566 3564//3564 3568//3568
f 3565//3565 3570//3570 3569//3569
f 3570//3570 3574//3574 3571//3571
f 3572//3572 3573//3573 3570//3570
f 3573//3573 3860//3860 3574//3574
f 3557//3557 3556//3556 3575//3575
f 3561//3561 3557//3557 3576//3576
f 3575//3575 3569//3569 3577//3577
f 3576//3576 3575//3575 3495//3495
f 3581//3581 3578//3578 3580//3580
f 3585//3585 3581//3581 3582//3582
f 3580//3580 3579//3579 3051//3051
f 3582//3582 3580//3580 2976//2976
f 3581//3581 3584//3584 3583//3583
f 3584//3584 3542//3542 3541//3541
f 3585//3585 3586//3586 3584//3584
f 3586//3586 3543//3543 3542//3542
f 3588//3588 3578//3578 3587//3587
f 3091//3091 3588//3588 3092//3092
f 3587//3587 3583//3583 3555//3555
f 3092//3092 3587//3587 3589//3589
f 3588//3588 3590//3590 3579//3579
f 3590//3590 3054//3054 3053//3053
f 3091//3091 3087//3087 3590//3590
f 3087//3087 3035//3035 3054//3054
f 3592//3592 3594//3594 3593//3593
f 3594//3594 2994//2994 2988//2988
f 2969//2969 2972//2972 3594//3594
f 2972//2972 2995//2995 2994//2994
f 3596//3596 3591//3591 3595//3595
f 3522//3522 3596//3596 3523//3523
f 3595//3595 3593//3593 2991//2991
f 3523//3523 3595//3595 3517//3517
f 3596//3596 3598//3598 3597//3597
f 3585//3585 3597//3597 3586//3586
f 3598//3598 3596//3596 3536//3536
f 3586//3586 3598//3598 3543//3543
f 3592//3592 3591//3591 3599//3599
f 2969//2969 3592//3592 2975//2975
f 3585//3585 3582//3582 3599//3599
f 3582//3582 2976//2976 2975//2975
f 3603//3603 3600//3600 3602//3602
f 3602//3602 3002//3002 3001//3001
f 3602//3602 3601//3601 3605//3605
f 3605//3605 3003//3003 3002//3002
f 3603//3603 3607//3607 3606//3606
f 3607//3607 3609//3609 3608//3608
f 3001//3001 3018//3018 3607//3607
f 3018//3018 3061//3061 3609//3609
f 3611//3611 3600//3600 3610//3610
f 3616//3616 3611//3611 3612//3612
f 3610//3610 3606//3606 3613//3613
f 3612//3612 3610//3610 3614//3614
f 3611//3611 3615//3615 3601//3601
f 3615//3615 3618//3618 3604//3604
f 3616//3616 3617//3617 3615//3615
f 3617//3617 3666//3666 3618//3618
f 3622//3622 3619//3619 3621//3621
f 3627//3627 3622//3622 3623//3623
f 3621//3621 3620//3620 3609//3609
f 3623//3623 3621//3621 3061//3061
f 3622//3622 3625//3625 3624//3624
f 3625//3625 3628//3628 3626//3626
f 3627//3627 3997//3997 3625//3625
f 891//891 1256//1256 894//894
f 3631//3631 3619//3619 3630//3630
f 3636//3636 3631//3631 3632//3632
f 3630//3630 3624//3624 3633//3633
f 3632//3632 3630//3630 3634//3634
f 3631//3631 3635//3635 3620//3620
f 3635//3635 3613//3613 3608//3608
f 3636//3636 3637//3637 3635//3635
f 3637//3637 3614//3614 3613//3613
f 3641//3641 3638//3638 3640//3640
f 3648//3648 3641//3641 3642//3642
f 3640//3640 3639//3639 3644//3644
f 3642//3642 3640//3640 3568//3568
f 3641//3641 3646//3646 3645//3645
f 3646//3646 3650//3650 3647//3647
f 3648//3648 3649//3649 3646//3646
f 3649//3649 5170//5170 3650//3650
f 3652//3652 3638//3638 3651//3651
f 3651//3651 3655//3655 3653//3653
f 3651//3651 3645//3645 3654//3654
f 907//907 2535//2535 911//911
f 3652//3652 3657//3657 3639//3639
f 3657//3657 3659//3659 3643//3643
f 3657//3657 3652//3652 3658//3658
f 3658//3658 3960//3960 3659//3659
f 3663//3663 3660//3660 3662//3662
f 3616//3616 3663//3663 3617//3617
f 3662//3662 3661//3661 3665//3665
f 3617//3617 3662//3662 3666//3666
f 3663//3663 3668//3668 3667//3667
f 3668//3668 3670//3670 3669//3669
f 3616//3616 3612//3612 3668//3668
f 3612//3612 3614//3614 3670//3670
f 3672//3672 3660//3660 3671//3671
f 3677//3677 3672//3672 3673//3673
f 3671//3671 3667//3667 3674//3674
f 3673//3673 3671//3671 3675//3675
f 3672//3672 3676//3676 3661//3661
f 3676//3676 3679//3679 3664//3664
f 3677//3677 3678//3678 3676//3676
f 3678//3678 3712//3712 3679//3679
f 3683//3683 3680//3680 3682//3682
f 3687//3687 3683//3683 3684//3684
f 3682//3682 3681//3681 3670//3670
f 3684//3684 3682//3682 3614//3614
f 3683//3683 3686//3686 3685//3685
f 3686//3686 953//953 952//952
f 3687//3687 3688//3688 3686//3686
f 3688//3688 1280//1280 953//953
f 3690//3690 3680//3680 3689//3689
f 3693//3693 3690//3690 3691//3691
f 3689//3689 3685//3685 948//948
f 3691//3691 3689//3689 950//950
f 3690//3690 3692//3692 3681//3681
f 3692//3692 3674//3674 3669//3669
f 3693//3693 3694//3694 3692//3692
f 3694//3694 3675//3675 3674//3674
f 3698//3698 3695//3695 3697//3697
f 3703//3703 3698//3698 3699//3699
f 3697//3697 3696//3696 3547//3547
f 3699//3699 3697//3697 3700//3700
f 3698//3698 3702//3702 3701//3701
f 3702//3702 3562//3562 3561//3561
f 3703//3703 3704//3704 3702//3702
f 3704//3704 5162//5162 3562//3562
f 3701//3701 3706//3706 3705//3705
f 3706//3706 3494//3494 3493//3493
f 3561//3561 3576//3576 3706//3706
f 3576//3576 3495//3495 3494//3494
f 3705//3705 3707//3707 3696//3696
f 3707//3707 3551//3551 3546//3546
f 3493//3493 3486//3486 3707//3707
f 3486//3486 3489//3489 3551//3551
f 3711//3711 3708//3708 3710//3710
f 3677//3677 3711//3711 3678//3678
f 3710//3710 3709//3709 3290//3290
f 3678//3678 3710//3710 3712//3712
f 3711//3711 3714//3714 3713//3713
f 3714//3714 3716//3716 3715//3715
f 3677//3677 3673//3673 3714//3714
f 3673//3673 3675//3675 3716//3716
f 3718//3718 3708//3708 3717//3717
f 3723//3723 3718//3718 3719//3719
f 3717//3717 3713//3713 3720//3720
f 3721//3721 3719//3719 3717//3717
f 3718//3718 3722//3722 3709//3709
f 3722//3722 3294//3294 3287//3287
f 3723//3723 3724//3724 3722//3722
f 3294//3294 3722//3722 3725//3725
f 3729//3729 3726//3726 3728//3728
f 3693//3693 3729//3729 3694//3694
f 3728//3728 3727//3727 3716//3716
f 3694//3694 3728//3728 3675//3675
f 3729//3729 3731//3731 3730//3730
f 3731//3731 1000//1000 999//999
f 3693//3693 3691//3691 3731//3731
f 3691//3691 950//950 1000//1000
f 3733//3733 3726//3726 3732//3732
f 3736//3736 3733//3733 3734//3734
f 3732//3732 3730//3730 995//995
f 3734//3734 3732//3732 997//997
f 3733//3733 3735//3735 3727//3727
f 3735//3735 3720//3720 3715//3715
f 3736//3736 3737//3737 3735//3735
f 3737//3737 3721//3721 3720//3720
f 3739//3739 3741//3741 3740//3740
f 3741//3741 3745//3745 3742//3742
f 3743//3743 3744//3744 3741//3741
f 3744//3744 4530//4530 3745//3745
f 3747//3747 3738//3738 3746//3746
f 3754//3754 3747//3747 3748//3748
f 3746//3746 3740//3740 3749//3749
f 3748//3748 3746//3746 3750//3750
f 3747//3747 3752//3752 3751//3751
f 3752//3752 3756//3756 3753//3753
f 3754//3754 3755//3755 3752//3752
f 3755//3755 4499//4499 3756//3756
f 3739//3739 3738//3738 3757//3757
f 3743//3743 3739//3739 3758//3758
f 3757//3757 3751//3751 3759//3759
f 3758//3758 3757//3757 3760//3760
f 3762//3762 3764//3764 3763//3763
f 3764//3764 3724//3724 3723//3723
f 3765//3765 3766//3766 3764//3764
f 3766//3766 3725//3725 3724//3724
f 3768//3768 3761//3761 3767//3767
f 3772//3772 3768//3768 3769//3769
f 3767//3767 3763//3763 3719//3719
f 3769//3769 3767//3767 3721//3721
f 3771//3771 3761//3761 3770//3770
f 2829//2829 3771//3771 2830//2830
f 3770//3770 3768//3768 3773//3773
f 2830//2830 3770//3770 2846//2846
f 3762//3762 3761//3761 3774//3774
f 3765//3765 3762//3762 3775//3775
f 2829//2829 2822//2822 3774//3774
f 2822//2822 2825//2825 3775//3775
f 3779//3779 3776//3776 3778//3778
f 3736//3736 3779//3779 3737//3737
f 3778//3778 3777//3777 3769//3769
f 3737//3737 3778//3778 3721//3721
f 3779//3779 3781//3781 3780//3780
f 3781//3781 1052//1052 1051//1051
f 3736//3736 3734//3734 3781//3781
f 3734//3734 997//997 1052//1052
f 3783//3783 3776//3776 3782//3782
f 2849//2849 3783//3783 2850//2850
f 3782//3782 3780//3780 1048//1048
f 2850//2850 3782//3782 1049//1049
f 3783//3783 3784//3784 3777//3777
f 3784//3784 3773//3773 3772//3772
f 2849//2849 2845//2845 3784//3784
f 2845//2845 2846//2846 3773//3773
f 3788//3788 3785//3785 3787//3787
f 3553//3553 3788//3788 3554//3554
f 3787//3787 3786//3786 3093//3093
f 3554//3554 3787//3787 3589//3589
f 3788//3788 3790//3790 3789//3789
f 3790//3790 3488//3488 3487//3487
f 3553//3553 3550//3550 3790//3790
f 3550//3550 3489//3489 3488//3488
f 3792//3792 3785//3785 3791//3791
f 1059//1059 3792//3792 1063//1063
f 3791//3791 3789//3789 3501//3501
f 1063//1063 3791//3791 1064//1064
f 3792//3792 3793//3793 3786//3786
f 3793//3793 3096//3096 3090//3090
f 1059//1059 1060//1060 3793//3793
f 1060//1060 331//331 3096//3096
f 3795//3795 3797//3797 3796//3796
f 3805//3805 3796//3796 3798//3798
f 3797//3797 3795//3795 3800//3800
f 3798//3798 3797//3797 3801//3801
f 3803//3803 3794//3794 3802//3802
f 3811//3811 3803//3803 3804//3804
f 3802//3802 3796//3796 3806//3806
f 3804//3804 3802//3802 3807//3807
f 3803//3803 3809//3809 3808//3808
f 3809//3809 3813//3813 3810//3810
f 3811//3811 3812//3812 3809//3809
f 3812//3812 4525//4525 3813//3813
f 3795//3795 3794//3794 3814//3814
f 3799//3799 3795//3795 3815//3815
f 3814//3814 3808//3808 3816//3816
f 3815//3815 3814//3814 3817//3817
f 3819//3819 3821//3821 3820//3820
f 3821//3821 1096//1096 1095//1095
f 3822//3822 3823//3823 3821//3821
f 3823//3823 2713//2713 1096//1096
f 3825//3825 3818//3818 3824//3824
f 3830//3830 3825//3825 3826//3826
f 3824//3824 3820//3820 1109//1109
f 3826//3826 3824//3824 1111//1111
f 3825//3825 3828//3828 3827//3827
f 3828//3828 3832//3832 3829//3829
f 3830//3830 3831//3831 3828//3828
f 3831//3831 4925//4925 3832//3832
f 3819//3819 3818//3818 3833//3833
f 3822//3822 3819//3819 3834//3834
f 3833//3833 3827//3827 3835//3835
f 3835//3835 5173//5173 3834//3834
f 3839//3839 3836//3836 3838//3838
f 3846//3846 3839//3839 3840//3840
f 3841//3841 3842//3842 3838//3838
f 3842//3842 3860//3860 3840//3840
f 3839//3839 3844//3844 3843//3843
f 3844//3844 3847//3847 3845//3845
f 3846//3846 3963//3963 3844//3844
f 3625//3625 3997//3997 3629//3629
f 3850//3850 3836//3836 3849//3849
f 1122//1122 3850//3850 1128//1128
f 3849//3849 3843//3843 3851//3851
f 1128//1128 3849//3849 1129//1129
f 3850//3850 3852//3852 3837//3837
f 3852//3852 3853//3853 3841//3841
f 1122//1122 1124//1124 3852//3852
f 1124//1124 5480//5480 3853//3853
f 3855//3855 3857//3857 3856//3856
f 3857//3857 3577//3577 3571//3571
f 3498//3498 3492//3492 3857//3857
f 3492//3492 3495//3495 3577//3577
f 3859//3859 3854//3854 3858//3858
f 3841//3841 3859//3859 3842//3842
f 3858//3858 3856//3856 3574//3574
f 3842//3842 3858//3858 3860//3860
f 3859//3859 3862//3862 3861//3861
f 3862//3862 1145//1145 1144//1144
f 3841//3841 3853//3853 3862//3862
f 3853//3853 5480//5480 1145//1145
f 3855//3855 3854//3854 3863//3863
f 3498//3498 3855//3855 3499//3499
f 3863//3863 3861//3861 1140//1140
f 3499//3499 3863//3863 1141//1141
f 3867//3867 3864//3864 3866//3866
f 3874//3874 3867//3867 3868//3868
f 1152//1152 1150//1150 1153//1153
f 3868//3868 3866//3866 3870//3870
f 3867//3867 3872//3872 3871//3871
f 3872//3872 3876//3876 3873//3873
f 3874//3874 3875//3875 3872//3872
f 3875//3875 4514//4514 3876//3876
f 3878//3878 3864//3864 3877//3877
f 3884//3884 3878//3878 3879//3879
f 3877//3877 3871//3871 3880//3880
f 3879//3879 3877//3877 3881//3881
f 3878//3878 3882//3882 3865//3865
f 4707//4707 3883//3883 3886//3886
f 3884//3884 3885//3885 3882//3882
f 1160//1160 2044//2044 1161//1161
f 3890//3890 3887//3887 3889//3889
f 1176//1176 3890//3890 1177//1177
f 3889//3889 3888//3888 3892//3892
f 1177//1177 3889//3889 1178//1178
f 3890//3890 3894//3894 3893//3893
f 3894//3894 3851//3851 3845//3845
f 1176//1176 1190//1190 3894//3894
f 1190//1190 1129//1129 3851//3851
f 3896//3896 3887//3887 3895//3895
f 3899//3899 3896//3896 3897//3897
f 3895//3895 3893//3893 3847//3847
f 3897//3897 3895//3895 3848//3848
f 3896//3896 3898//3898 3888//3888
f 3898//3898 3901//3901 3891//3891
f 3899//3899 3900//3900 3898//3898
f 3900//3900 3960//3960 3901//3901
f 3905//3905 3902//3902 3904//3904
f 3904//3904 4878//4878 3906//3906
f 3904//3904 3903//3903 3908//3908
f 4878//4878 3904//3904 3909//3909
f 3911//3911 3902//3902 3910//3910
f 3918//3918 3911//3911 3912//3912
f 3910//3910 3905//3905 3913//3913
f 3912//3912 3910//3910 3914//3914
f 3916//3916 3902//3902 3915//3915
f 3922//3922 3916//3916 3917//3917
f 3918//3918 3919//3919 3915//3915
f 3917//3917 3915//3915 3920//3920
f 3916//3916 3921//3921 3903//3903
f 3921//3921 3924//3924 3907//3907
f 3922//3922 3923//3923 3921//3921
f 3923//3923 4892//4892 3924//3924
f 3926//3926 3928//3928 3927//3927
f 3943//3943 3927//3927 3929//3929
f 3931//3931 3932//3932 3928//3928
f 3930//3930 3928//3928 3933//3933
f 5451//5451 3932//3932 3935//3935
f 5451//5451 3936//3936 3932//3932
f 3939//3939 3925//3925 3937//3937
f 1232//1232 2593//2593 1240//1240
f 5151//5151 5239//5239 5155//5155
f 3940//3940 3937//3937 3944//3944
f 3946//3946 3925//3925 3945//3945
f 3952//3952 3946//3946 3947//3947
f 3945//3945 3939//3939 3948//3948
f 3947//3947 3945//3945 3949//3949
f 3946//3946 3950//3950 3926//3926
f 3931//3931 3926//3926 3951//3951
f 3952//3952 3953//3953 3950//3950
f 3953//3953 5162//5162 3951//3951
f 3955//3955 3957//3957 3956//3956
f 3957//3957 3644//3644 3643//3643
f 3572//3572 3566//3566 3957//3957
f 3566//3566 3568//3568 3644//3644
f 3959//3959 3954//3954 3958//3958
f 3899//3899 3959//3959 3900//3900
f 3958//3958 3956//3956 3659//3659
f 3900//3900 3958//3958 3960//3960
f 3959//3959 3962//3962 3961//3961
f 3962//3962 3963//3963 3846//3846
f 3899//3899 3897//3897 3962//3962
f 3897//3897 3848//3848 3963//3963
f 3955//3955 3954//3954 3964//3964
f 3572//3572 3955//3955 3573//3573
f 3964//3964 3961//3961 3840//3840
f 3573//3573 3964//3964 3860//3860
f 3968//3968 3965//3965 3967//3967
f 3967//3967 3970//3970 3969//3969
f 3967//3967 3966//3966 3628//3628
f 3628//3628 3629//3629 3970//3970
f 3972//3972 3965//3965 3971//3971
f 1270//1270 3972//3972 1271//1271
f 3971//3971 3968//3968 3973//3973
f 1271//1271 3971//3971 1272//1272
f 3975//3975 3965//3965 3974//3974
f 3978//3978 3975//3975 3976//3976
f 3974//3974 3972//3972 1265//1265
f 3976//3976 3974//3974 1267//1267
f 3975//3975 3977//3977 3966//3966
f 3977//3977 3633//3633 3626//3626
f 3978//3978 3979//3979 3977//3977
f 3979//3979 3634//3634 3633//3633
f 3981//3981 3983//3983 3982//3982
f 3636//3636 3982//3982 3637//3637
f 3687//3687 3684//3684 3983//3983
f 3684//3684 3614//3614 3637//3637
f 3985//3985 3980//3980 3984//3984
f 3978//3978 3985//3985 3979//3979
f 1274//1274 1285//1285 889//889
f 3979//3979 3984//3984 3634//3634
f 3985//3985 3987//3987 3986//3986
f 3987//3987 1284//1284 1283//1283
f 3978//3978 3976//3976 3987//3987
f 3976//3976 1267//1267 1284//1284
f 3981//3981 3980//3980 3988//3988
f 3687//3687 3981//3981 3688//3688
f 3988//3988 3986//3986 1279//1279
f 3688//3688 3988//3988 1280//1280
f 3992//3992 3989//3989 3991//3991
f 1290//1290 3992//3992 1291//1291
f 3991//3991 3990//3990 3070//3070
f 1291//1291 3991//3991 1292//1292
f 3992//3992 3994//3994 3993//3993
f 3994//3994 3973//3973 3969//3969
f 1290//1290 1298//1298 3994//3994
f 1298//1298 1272//1272 3973//3973
f 3996//3996 3989//3989 3995//3995
f 3627//3627 3996//3996 3997//3997
f 3995//3995 3993//3993 3970//3970
f 3997//3997 3995//3995 3629//3629
f 3996//3996 3998//3998 3990//3990
f 3998//3998 3060//3060 3059//3059
f 3627//3627 3623//3623 3998//3998
f 3623//3623 3061//3061 3060//3060
f 4002//4002 3999//3999 4001//4001
f 4009//4009 4002//4002 4003//4003
f 4001//4001 4000//4000 4005//4005
f 4003//4003 4001//4001 4006//4006
f 4002//4002 4008//4008 4007//4007
f 4008//4008 3338//3338 3334//3334
f 4009//4009 4010//4010 4008//4008
f 4010//4010 3339//3339 3338//3338
f 4012//4012 3999//3999 4011//4011
f 3256//3256 4012//4012 3257//3257
f 4011//4011 4007//4007 3335//3335
f 3257//3257 4011//4011 3258//3258
f 4012//4012 4013//4013 4000//4000
f 4013//4013 4014//4014 4004//4004
f 3256//3256 3249//3249 4013//4013
f 3249//3249 3252//3252 4014//4014
f 4018//4018 4015//4015 4017//4017
f 4017//4017 4444//4444 4019//4019
f 4017//4017 4016//4016 4021//4021
f 4444//4444 4017//4017 3151//3151
f 4018//4018 4023//4023 4022//4022
f 4023//4023 3214//3214 3208//3208
f 4023//4023 4018//4018 4024//4024
f 3214//3214 4023//4023 3268//3268
f 4026//4026 4015//4015 4025//4025
f 4009//4009 4026//4026 4010//4010
f 4025//4025 4022//4022 3210//3210
f 4010//4010 4025//4025 3339//3339
f 4026//4026 4027//4027 4016//4016
f 4027//4027 4028//4028 4020//4020
f 4009//4009 4003//4003 4027//4027
f 4003//4003 4006//4006 4028//4028
f 4032//4032 4029//4029 4031//4031
f 3193//3193 4032//4032 3194//3194
f 4031//4031 4030//4030 4034//4034
f 3194//3194 4031//4031 3145//3145
f 4032//4032 4036//4036 4035//4035
f 4036//4036 4038//4038 4037//4037
f 4032//4032 3193//3193 4036//4036
f 3189//3189 3190//3190 4038//4038
f 4040//4040 4029//4029 4039//4039
f 4045//4045 4040//4040 4041//4041
f 4039//4039 4035//4035 4042//4042
f 4041//4041 4039//4039 4043//4043
f 4040//4040 4044//4044 4030//4030
f 4044//4044 4047//4047 4033//4033
f 4045//4045 4046//4046 4044//4044
f 4046//4046 4406//4406 4047//4047
f 4049//4049 4051//4051 4050//4050
f 4057//4057 4050//4050 4052//4052
f 4051//4051 4049//4049 3130//3130
f 4052//4052 4051//4051 4053//4053
f 4055//4055 4048//4048 4054//4054
f 4062//4062 4055//4055 4056//4056
f 4054//4054 4050//4050 4058//4058
f 4056//4056 4054//4054 3238//3238
f 4055//4055 4060//4060 4059//4059
f 4060//4060 4064//4064 4061//4061
f 4062//4062 4063//4063 4060//4060
f 4063//4063 4082//4082 4064//4064
f 4049//4049 4048//4048 4065//4065
f 3134//3134 4049//4049 3135//3135
f 4065//4065 4059//4059 4066//4066
f 3135//3135 4065//4065 2802//2802
f 4068//4068 4070//4070 4069//4069
f 4070//4070 3237//3237 3233//3233
f 4062//4062 4056//4056 4070//4070
f 4056//4056 3238//3238 3237//3237
f 4072//4072 4067//4067 4071//4071
f 4077//4077 4072//4072 4073//4073
f 4071//4071 4069//4069 3234//3234
f 4073//4073 4071//4071 3157//3157
f 4072//4072 4075//4075 4074//4074
f 4075//4075 4079//4079 4076//4076
f 4077//4077 4078//4078 4075//4075
f 4078//4078 4095//4095 4079//4079
f 4068//4068 4067//4067 4080//4080
f 4062//4062 4068//4068 4063//4063
f 4080//4080 4074//4074 4081//4081
f 4063//4063 4080//4080 4082//4082
f 4084//4084 4086//4086 4085//4085
f 4086//4086 3156//3156 3155//3155
f 4077//4077 4073//4073 4086//4086
f 4073//4073 3157//3157 3156//3156
f 4088//4088 4083//4083 4087//4087
f 4087//4087 4021//4021 4020//4020
f 4087//4087 4085//4085 3148//3148
f 3148//3148 3151//3151 4021//4021
f 4088//4088 4090//4090 4089//4089
f 4093//4093 4089//4089 4091//4091
f 4090//4090 4088//4088 4028//4028
f 4091//4091 4090//4090 4006//4006
f 4084//4084 4083//4083 4092//4092
f 4077//4077 4084//4084 4078//4078
f 4092//4092 4089//4089 4094//4094
f 4078//4078 4092//4092 4095//4095
f 4097//4097 4099//4099 4098//4098
f 4099//4099 4081//4081 4076//4076
f 4100//4100 4101//4101 4099//4099
f 4101//4101 4082//4082 4081//4081
f 4103//4103 4096//4096 4102//4102
f 4108//4108 4103//4103 4104//4104
f 4102//4102 4098//4098 4079//4079
f 4104//4104 4102//4102 4095//4095
f 4103//4103 4106//4106 4105//4105
f 4106//4106 4110//4110 4107//4107
f 4108//4108 4109//4109 4106//4106
f 4109//4109 4123//4123 4110//4110
f 4097//4097 4096//4096 4111//4111
f 4100//4100 4097//4097 4112//4112
f 4111//4111 4105//4105 4113//4113
f 4112//4112 4111//4111 3324//3324
f 4115//4115 4117//4117 4116//4116
f 4117//4117 4094//4094 4093//4093
f 4108//4108 4104//4104 4117//4117
f 4104//4104 4095//4095 4094//4094
f 4116//4116 4119//4119 4118//4118
f 4119//4119 4005//4005 4004//4004
f 4093//4093 4091//4091 4119//4119
f 4091//4091 4006//4006 4005//4005
f 4121//4121 4114//4114 4120//4120
f 3353//3353 4121//4121 3359//3359
f 4120//4120 4118//4118 4014//4014
f 3359//3359 4120//4120 3252//3252
f 4115//4115 4114//4114 4122//4122
f 4108//4108 4115//4115 4109//4109
f 4122//4122 4121//4121 3356//3356
f 4109//4109 4122//4122 4123//4123
f 4127//4127 4124//4124 4126//4126
f 2806//2806 4127//4127 2807//2807
f 4126//4126 4125//4125 3319//3319
f 2807//2807 4126//4126 3320//3320
f 4127//4127 4129//4129 4128//4128
f 4129//4129 4066//4066 4061//4061
f 2806//2806 2799//2799 4129//4129
f 2799//2799 2802//2802 4066//4066
f 4131//4131 4124//4124 4130//4130
f 4100//4100 4131//4131 4101//4101
f 4130//4130 4128//4128 4064//4064
f 4101//4101 4130//4130 4082//4082
f 4131//4131 4132//4132 4125//4125
f 4132//4132 3323//3323 3322//3322
f 4100//4100 4112//4112 4132//4132
f 4112//4112 3324//3324 3323//3323
f 4134//4134 4136//4136 4135//4135
f 4136//4136 3311//3311 3310//3310
f 4137//4137 4138//4138 4136//4136
f 4138//4138 3312//3312 3311//3311
f 4135//4135 4140//4140 4139//4139
f 4140//4140 4113//4113 4107//4107
f 4140//4140 4135//4135 4141//4141
f 4141//4141 3324//3324 4113//4113
f 4143//4143 4133//4133 4142//4142
f 3354//3354 4143//4143 3355//3355
f 4142//4142 4139//4139 4110//4110
f 3355//3355 4142//4142 4123//4123
f 4143//4143 4144//4144 4134//4134
f 4137//4137 4134//4134 4145//4145
f 3354//3354 3347//3347 4144//4144
f 3347//3347 3350//3350 4145//4145
f 4149//4149 4146//4146 4148//4148
f 4156//4156 4149//4149 4150//4150
f 4148//4148 4147//4147 4152//4152
f 4150//4150 4148//4148 4153//4153
f 4149//4149 4155//4155 4154//4154
f 4155//4155 2824//2824 2823//2823
f 4156//4156 4157//4157 4155//4155
f 4157//4157 2825//2825 2824//2824
f 4159//4159 4146//4146 4158//4158
f 4162//4162 4159//4159 4160//4160
f 4158//4158 4154//4154 2840//2840
f 4160//4160 4158//4158 2863//2863
f 4159//4159 4161//4161 4147//4147
f 4161//4161 4164//4164 4151//4151
f 4162//4162 4163//4163 4161//4161
f 4163//4163 4169//4169 4164//4164
f 4168//4168 4165//4165 4167//4167
f 4162//4162 4168//4168 4163//4163
f 4167//4167 4166//4166 3180//3180
f 4163//4163 4167//4167 4169//4169
f 4168//4168 4171//4171 4170//4170
f 4171//4171 2862//2862 2861//2861
f 4162//4162 4160//4160 4171//4171
f 4160//4160 2863//2863 2862//2862
f 4173//4173 4165//4165 4172//4172
f 4176//4176 4173//4173 4174//4174
f 4172//4172 4170//4170 2876//2876
f 4174//4174 4172//4172 2895//2895
f 4173//4173 4175//4175 4166//4166
f 4175//4175 3167//3167 3166//3166
f 4176//4176 4177//4177 4175//4175
f 4177//4177 3168//3168 3167//3167
f 4179//4179 4181//4181 4180//4180
f 4176//4176 4180//4180 4177//4177
f 3103//3103 3117//3117 4181//4181
f 4177//4177 4181//4181 3168//3168
f 4183//4183 4178//4178 4182//4182
f 2893//2893 4183//4183 2894//2894
f 4176//4176 4174//4174 4182//4182
f 4174//4174 2895//2895 2894//2894
f 4183//4183 4185//4185 4184//4184
f 4185//4185 4187//4187 4186//4186
f 2893//2893 2906//2906 4185//4185
f 2906//2906 2908//2908 4187//4187
f 4179//4179 4178//4178 4188//4188
f 3103//3103 4179//4179 3104//3104
f 4188//4188 4184//4184 4189//4189
f 3104//3104 4188//4188 4190//4190
f 4192//4192 4194//4194 4193//4193
f 4194//4194 4189//4189 4186//4186
f 4195//4195 4196//4196 4194//4194
f 4196//4196 4190//4190 4189//4189
f 4198//4198 4191//4191 4197//4197
f 2926//2926 4198//4198 2927//2927
f 4197//4197 4193//4193 4187//4187
f 2927//2927 4197//4197 2908//2908
f 4198//4198 4200//4200 4199//4199
f 4200//4200 4202//4202 4201//4201
f 2926//2926 2938//2938 4200//4200
f 2938//2938 2940//2940 4202//4202
f 4192//4192 4191//4191 4203//4203
f 4195//4195 4192//4192 4204//4204
f 4203//4203 4199//4199 4205//4205
f 4204//4204 4203//4203 4206//4206
f 4208//4208 4210//4210 4209//4209
f 4210//4210 3245//3245 3244//3244
f 4211//4211 4212//4212 4210//4210
f 4212//4212 3246//3246 3245//3245
f 4214//4214 4207//4207 4213//4213
f 4218//4218 4214//4214 4215//4215
f 4213//4213 4209//4209 3262//3262
f 4215//4215 4213//4213 3331//3331
f 4214//4214 4217//4217 4216//4216
f 4217//4217 2965//2965 2958//2958
f 4218//4218 4219//4219 4217//4217
f 4219//4219 2966//2966 2965//2965
f 4208//4208 4207//4207 4220//4220
f 4211//4211 4208//4208 4221//4221
f 4220//4220 4216//4216 2961//2961
f 4221//4221 4220//4220 3048//3048
f 4225//4225 4222//4222 4224//4224
f 3315//3315 4225//4225 3316//3316
f 4224//4224 4223//4223 4227//4227
f 3316//3316 4224//4224 2813//2813
f 4225//4225 4229//4229 4228//4228
f 4229//4229 4231//4231 4230//4230
f 3315//3315 3309//3309 4229//4229
f 3309//3309 3312//3312 4231//4231
f 4233//4233 4222//4222 4232//4232
f 3007//3007 4233//4233 3008//3008
f 4232//4232 4228//4228 4234//4234
f 3008//3008 4232//4232 3024//3024
f 4233//4233 4235//4235 4223//4223
f 4235//4235 4236//4236 4226//4226
f 3007//3007 3000//3000 4235//4235
f 3000//3000 3003//3003 4236//4236
f 4240//4240 4237//4237 4239//4239
f 4137//4137 4240//4240 4138//4138
f 4239//4239 4238//4238 4231//4231
f 4138//4138 4239//4239 3312//3312
f 4242//4242 4237//4237 4241//4241
f 4246//4246 4242//4242 4243//4243
f 4241//4241 4240//4240 4145//4145
f 4243//4243 4241//4241 3350//3350
f 4245//4245 4237//4237 4244//4244
f 3028//3028 4245//4245 3029//3029
f 4244//4244 4242//4242 4247//4247
f 3029//3029 4244//4244 3044//3044
f 4245//4245 4248//4248 4238//4238
f 4248//4248 4234//4234 4230//4230
f 3028//3028 3023//3023 4248//4248
f 3023//3023 3024//3024 4234//4234
f 4250//4250 4252//4252 4251//4251
f 4252//4252 3349//3349 3348//3348
f 4246//4246 4243//4243 4252//4252
f 4243//4243 3350//3350 3349//3349
f 4254//4254 4249//4249 4253//4253
f 4211//4211 4254//4254 4212//4212
f 4253//4253 4251//4251 3361//3361
f 4212//4212 4253//4253 3246//3246
f 4254//4254 4256//4256 4255//4255
f 3047//3047 4255//4255 4257//4257
f 4211//4211 4221//4221 4256//4256
f 4221//4221 3048//3048 4257//4257
f 4255//4255 4258//4258 4250//4250
f 4258//4258 4247//4247 4246//4246
f 3047//3047 3043//3043 4258//4258
f 3043//3043 3044//3044 4247//4247
f 4262//4262 4259//4259 4261//4261
f 4201//4201 4262//4262 4205//4205
f 4261//4261 4260//4260 4264//4264
f 4205//4205 4261//4261 4206//4206
f 4262//4262 4266//4266 4265//4265
f 4266//4266 3367//3367 3366//3366
f 4266//4266 4262//4262 4202//4202
f 3367//3367 4266//4266 2940//2940
f 4268//4268 4259//4259 4267//4267
f 4271//4271 4268//4268 4269//4269
f 4267//4267 4265//4265 3380//3380
f 4269//4269 4267//4267 3400//3400
f 4268//4268 4270//4270 4260//4260
f 4270//4270 4273//4273 4263//4263
f 4271//4271 4272//4272 4270//4270
f 4272//4272 4278//4278 4273//4273
f 4277//4277 4274//4274 4276//4276
f 4271//4271 4277//4277 4272//4272
f 4276//4276 4275//4275 3279//3279
f 4272//4272 4276//4276 4278//4278
f 4277//4277 4280//4280 4279//4279
f 4280//4280 3399//3399 3398//3398
f 4271//4271 4269//4269 4280//4280
f 4269//4269 3400//3400 3399//3399
f 4282//4282 4274//4274 4281//4281
f 4286//4286 4282//4282 4283//4283
f 4281//4281 4279//4279 3412//3412
f 4283//4283 4281//4281 4284//4284
f 4282//4282 4285//4285 4275//4275
f 4285//4285 3281//3281 3277//3277
f 4286//4286 4287//4287 4285//4285
f 4287//4287 3282//3282 3281//3281
f 4289//4289 4291//4291 4290//4290
f 4286//4286 4290//4290 4287//4287
f 4291//4291 4289//4289 3218//3218
f 4287//4287 4291//4291 3282//3282
f 4293//4293 4288//4288 4292//4292
f 3430//3430 4293//4293 3431//3431
f 4292//4292 4290//4290 4283//4283
f 3431//3431 4292//4292 4284//4284
f 4293//4293 4295//4295 4294//4294
f 4295//4295 4297//4297 4296//4296
f 3430//3430 3442//3442 4295//4295
f 3442//3442 3444//3444 4297//4297
f 4289//4289 4288//4288 4298//4298
f 3203//3203 4289//4289 3204//3204
f 4298//4298 4294//4294 4299//4299
f 3204//3204 4298//4298 3342//3342
f 4301//4301 4303//4303 4302//4302
f 4303//4303 4299//4299 4296//4296
f 3329//3329 3341//3341 4303//4303
f 3341//3341 3342//3342 4299//4299
f 4305//4305 4300//4300 4304//4304
f 3462//3462 4305//4305 3463//3463
f 4304//4304 4302//4302 4297//4297
f 3463//3463 4304//4304 3444//3444
f 4305//4305 4307//4307 4306//4306
f 4307//4307 4219//4219 4218//4218
f 3462//3462 3472//3472 4307//4307
f 3472//3472 2966//2966 4219//4219
f 4301//4301 4300//4300 4308//4308
f 3329//3329 4301//4301 3330//3330
f 4308//4308 4306//4306 4215//4215
f 4215//4215 3331//3331 3330//3330
f 4312//4312 4309//4309 4311//4311
f 4311//4311 4227//4227 4226//4226
f 4311//4311 4310//4310 4313//4313
f 4313//4313 2813//2813 4227//4227
f 4312//4312 4315//4315 4314//4314
f 4315//4315 3605//3605 3604//3604
f 4315//4315 4312//4312 4236//4236
f 3605//3605 4315//4315 3003//3003
f 4317//4317 4309//4309 4316//4316
f 4320//4320 4317//4317 4318//4318
f 4316//4316 4314//4314 3618//3618
f 4318//4318 4316//4316 3666//3666
f 4317//4317 4319//4319 4310//4310
f 4319//4319 2816//2816 2811//2811
f 4320//4320 4321//4321 4319//4319
f 4321//4321 2817//2817 2816//2816
f 4325//4325 4322//4322 4324//4324
f 4320//4320 4325//4325 4321//4321
f 4324//4324 4323//4323 3137//3137
f 4321//4321 4324//4324 2817//2817
f 4325//4325 4327//4327 4326//4326
f 4327//4327 3665//3665 3664//3664
f 4320//4320 4318//4318 4327//4327
f 4318//4318 3666//3666 3665//3665
f 4329//4329 4322//4322 4328//4328
f 3288//3288 4329//4329 3289//3289
f 4328//4328 4326//4326 3679//3679
f 3289//3289 4328//4328 3712//3712
f 4329//4329 4330//4330 4323//4323
f 3125//3125 4323//4323 3126//3126
f 3288//3288 3302//3302 4330//4330
f 3126//3126 4330//4330 4331//4331
f 4333//4333 4335//4335 4334//4334
f 4335//4335 4339//4339 4336//4336
f 4337//4337 4338//4338 4335//4335
f 4338//4338 4433//4433 4339//4339
f 4341//4341 4332//4332 4340//4340
f 4340//4340 4420//4420 4342//4342
f 4340//4340 4334//4334 4343//4343
f 4420//4420 4340//4340 4344//4344
f 4346//4346 4332//4332 4345//4345
f 4351//4351 4346//4346 4347//4347
f 4345//4345 4341//4341 4348//4348
f 4347//4347 4345//4345 3300//3300
f 4346//4346 4349//4349 4333//4333
f 4337//4337 4333//4333 4350//4350
f 4351//4351 4352//4352 4349//4349
f 4352//4352 4153//4153 4350//4350
f 4354//4354 4356//4356 4355//4355
f 4156//4156 4355//4355 4157//4157
f 3765//3765 3775//3775 4356//4356
f 4157//4157 4356//4356 2825//2825
f 4358//4358 4353//4353 4357//4357
f 4351//4351 4358//4358 4352//4352
f 4156//4156 4150//4150 4357//4357
f 4150//4150 4153//4153 4352//4352
f 4358//4358 4360//4360 4359//4359
f 4360//4360 3299//3299 3293//3293
f 4351//4351 4347//4347 4360//4360
f 4347//4347 3300//3300 3299//3299
f 4354//4354 4353//4353 4361//4361
f 3765//3765 4354//4354 3766//3766
f 4361//4361 4359//4359 3295//3295
f 3766//3766 4361//4361 3725//3725
f 4365//4365 4362//4362 4364//4364
f 4057//4057 4365//4365 4058//4058
f 4364//4364 4363//4363 3236//3236
f 3236//3236 3238//3238 4058//4058
f 4365//4365 4367//4367 4366//4366
f 4367//4367 4369//4369 4368//4368
f 4057//4057 4052//4052 4367//4367
f 4052//4052 4053//4053 4369//4369
f 4371//4371 4362//4362 4370//4370
f 4375//4375 4371//4371 4372//4372
f 4370//4370 4366//4366 4373//4373
f 4372//4372 4370//4370 4344//4344
f 4371//4371 4374//4374 4363//4363
f 4374//4374 3225//3225 3224//3224
f 4375//4375 4376//4376 4374//4374
f 4376//4376 3226//3226 3225//3225
f 4380//4380 4377//4377 4379//4379
f 3171//3171 4380//4380 3176//3176
f 4379//4379 4378//4378 4382//4382
f 3176//3176 4379//4379 4383//4383
f 4385//4385 4377//4377 4384//4384
f 3185//3185 4385//4385 3186//3186
f 4384//4384 4380//4380 3172//3172
f 3186//3186 4384//4384 3115//3115
f 4385//4385 4387//4387 4386//4386
f 4387//4387 3230//3230 3229//3229
f 3185//3185 3196//3196 4387//4387
f 3196//3196 3197//3197 3230//3230
f 4386//4386 4388//4388 4378//4378
f 4388//4388 4389//4389 4381//4381
f 3229//3229 3223//3223 4388//4388
f 3223//3223 3226//3226 4389//4389
f 4391//4391 4393//4393 4392//4392
f 4393//4393 4395//4395 4394//4394
f 4195//4195 4204//4204 4393//4393
f 4204//4204 4206//4206 4395//4395
f 4397//4397 4390//4390 4396//4396
f 4396//4396 4042//4042 4037//4037
f 4396//4396 4392//4392 4398//4398
f 4042//4042 4396//4396 4043//4043
f 4400//4400 4390//4390 4399//4399
f 3102//3102 4400//4400 3109//3109
f 4399//4399 4397//4397 4038//4038
f 3109//3109 4399//4399 3190//3190
f 4391//4391 4390//4390 4401//4401
f 4195//4195 4391//4391 4196//4196
f 4401//4401 4400//4400 3105//3105
f 4196//4196 4401//4401 4190//4190
f 4405//4405 4402//4402 4404//4404
f 4045//4045 4405//4405 4046//4046
f 4404//4404 4403//4403 3274//3274
f 4046//4046 4404//4404 4406//4406
f 4405//4405 4408//4408 4407//4407
f 4407//4407 4408//4408 4394//4394
f 4045//4045 4041//4041 4408//4408
f 4041//4041 4043//4043 4398//4398
f 4407//4407 4410//4410 4409//4409
f 4410//4410 4264//4264 4263//4263
f 4410//4410 4407//4407 4395//4395
f 4395//4395 4206//4206 4264//4264
f 4403//4403 4402//4402 4411//4411
f 3271//3271 4403//4403 3278//3278
f 4411//4411 4409//4409 4273//4273
f 3278//3278 4411//4411 4278//4278
f 4415//4415 4412//4412 4414//4414
f 3303//3303 4415//4415 3304//3304
f 4414//4414 4413//4413 3127//3127
f 3304//3304 4414//4414 4331//4331
f 4415//4415 4417//4417 4416//4416
f 4417//4417 4348//4348 4342//4342
f 3303//3303 3298//3298 4417//4417
f 3298//3298 3300//3300 4348//4348
f 4419//4419 4412//4412 4418//4418
f 4418//4418 4373//4373 4368//4368
f 4418//4418 4416//4416 4420//4420
f 4420//4420 4344//4344 4373//4373
f 4419//4419 4421//4421 4413//4413
f 4421//4421 3131//3131 3124//3124
f 4421//4421 4419//4419 4369//4369
f 3131//3131 4421//4421 4053//4053
f 4425//4425 4422//4422 4424//4424
f 3178//3178 4425//4425 3179//3179
f 4424//4424 4423//4423 4164//4164
f 3179//3179 4424//4424 4169//4169
f 4425//4425 4427//4427 4426//4426
f 4431//4431 4426//4426 4428//4428
f 3178//3178 3175//3175 4427//4427
f 4428//4428 4427//4427 4383//4383
f 4430//4430 4422//4422 4429//4429
f 4337//4337 4430//4430 4338//4338
f 4431//4431 4432//4432 4429//4429
f 4338//4338 4429//4429 4433//4433
f 4430//4430 4434//4434 4423//4423
f 4434//4434 4152//4152 4151//4151
f 4337//4337 4350//4350 4434//4434
f 4350//4350 4153//4153 4152//4152
f 4436//4436 4438//4438 4437//4437
f 4438//4438 4034//4034 4033//4033
f 3149//3149 3142//3142 4438//4438
f 3142//3142 3145//3145 4034//4034
f 4440//4440 4435//4435 4439//4439
f 3272//3272 4440//4440 3273//3273
f 4439//4439 4437//4437 4047//4047
f 3273//3273 4439//4439 4406//4406
f 4440//4440 4442//4442 4441//4441
f 4442//4442 4024//4024 4019//4019
f 3272//3272 3267//3267 4442//4442
f 3267//3267 3268//3268 4024//4024
f 4436//4436 4435//4435 4443//4443
f 3149//3149 4436//4436 3150//3150
f 4443//4443 4441//4441 4444//4444
f 3150//3150 4443//4443 3151//3151
f 4446//4446 4448//4448 4447//4447
f 4448//4448 4343//4343 4336//4336
f 4375//4375 4372//4372 4448//4448
f 4372//4372 4344//4344 4343//4343
f 4450//4450 4445//4445 4449//4449
f 4431//4431 4450//4450 4432//4432
f 4449//4449 4447//4447 4339//4339
f 4432//4432 4449//4449 4433//4433
f 4450//4450 4452//4452 4451//4451
f 4452//4452 4382//4382 4381//4381
f 4431//4431 4428//4428 4452//4452
f 4428//4428 4383//4383 4382//4382
f 4446//4446 4445//4445 4453//4453
f 4375//4375 4446//4446 4376//4376
f 4453//4453 4451//4451 4389//4389
f 4376//4376 4453//4453 3226//3226
f 4457//4457 4454//4454 4456//4456
f 1761//1761 4457//4457 1762//1762
f 4456//4456 4455//4455 4459//4459
f 1762//1762 4456//4456 1763//1763
f 4457//4457 4461//4461 4460//4460
f 4461//4461 4463//4463 4462//4462
f 1761//1761 1777//1777 4461//4461
f 1777//1777 1800//1800 4463//4463
f 4465//4465 4454//4454 4464//4464
f 4469//4469 4465//4465 4466//4466
f 4464//4464 4460//4460 4467//4467
f 4466//4466 4464//4464 3750//3750
f 4465//4465 4468//4468 4455//4455
f 4468//4468 4471//4471 4458//4458
f 4469//4469 4470//4470 4468//4468
f 4470//4470 4478//4478 4471//4471
f 4475//4475 4472//4472 4474//4474
f 4469//4469 4475//4475 4470//4470
f 4474//4474 4473//4473 4477//4477
f 4470//4470 4474//4474 4478//4478
f 4480//4480 4472//4472 4479//4479
f 4484//4484 4480//4480 4481//4481
f 4469//4469 4466//4466 4479//4479
f 4481//4481 4479//4479 3750//3750
f 4480//4480 4483//4483 4482//4482
f 3811//3811 4482//4482 3812//3812
f 4484//4484 4485//4485 4483//4483
f 4485//4485 4525//4525 3812//3812
f 4482//4482 4486//4486 4473//4473
f 4486//4486 4487//4487 4476//4476
f 3811//3811 3804//3804 4486//4486
f 3804//3804 3807//3807 4487//4487
f 4491//4491 4488//4488 4490//4490
f 1798//1798 4491//4491 1799//1799
f 4490//4490 4489//4489 4463//4463
f 1799//1799 4490//4490 1800//1800
f 4491//4491 4493//4493 4492//4492
f 4493//4493 4495//4495 4494//4494
f 1798//1798 1810//1810 4493//4493
f 1810//1810 5481//5481 4495//4495
f 4497//4497 4488//4488 4496//4496
f 3754//3754 4497//4497 3755//3755
f 4496//4496 4492//4492 4498//4498
f 3755//3755 4496//4496 4499//4499
f 4497//4497 4500//4500 4489//4489
f 4500//4500 4467//4467 4462//4462
f 3754//3754 3748//3748 4500//4500
f 3748//3748 3750//3750 4467//4467
f 4504//4504 4501//4501 4503//4503
f 1816//1816 4504//4504 1817//1817
f 4503//4503 4502//4502 4506//4506
f 1817//1817 4503//4503 1818//1818
f 4504//4504 4508//4508 4507//4507
f 4508//4508 4510//4510 4509//4509
f 1816//1816 1830//1830 4508//4508
f 1830//1830 2329//2329 4510//4510
f 4512//4512 4501//4501 4511//4511
f 3874//3874 4512//4512 3875//3875
f 4511//4511 4507//4507 4513//4513
f 3875//3875 4511//4511 4514//4514
f 4512//4512 4515//4515 4502//4502
f 4515//4515 4516//4516 4505//4505
f 3874//3874 3868//3868 4515//4515
f 3868//3868 3870//3870 4516//4516
f 4518//4518 4520//4520 4519//4519
f 4520//4520 3816//3816 3810//3810
f 4521//4521 4522//4522 4520//4520
f 4522//4522 3817//3817 3816//3816
f 4524//4524 4517//4517 4523//4523
f 4484//4484 4524//4524 4485//4485
f 4523//4523 4519//4519 3813//3813
f 4485//4485 4523//4523 4525//4525
f 4524//4524 4527//4527 4526//4526
f 4527//4527 3749//3749 3742//3742
f 4484//4484 4481//4481 4527//4527
f 4481//4481 3750//3750 3749//3749
f 4518//4518 4517//4517 4528//4528
f 4521//4521 4518//4518 4529//4529
f 4528//4528 4526//4526 3745//3745
f 4529//4529 4528//4528 4530//4530
f 4532//4532 4534//4534 4533//4533
f 4534//4534 3759//3759 3753//3753
f 4535//4535 4536//4536 4534//4534
f 4536//4536 3760//3760 3759//3759
f 4538//4538 4531//4531 4537//4537
f 4494//4494 4538//4538 4498//4498
f 4537//4537 4533//4533 3756//3756
f 4498//4498 4537//4537 4499//4499
f 4538//4538 4540//4540 4539//4539
f 4540//4540 1859//1859 1858//1858
f 4494//4494 4495//4495 4540//4540
f 4495//4495 5481//5481 1859//1859
f 4532//4532 4531//4531 4541//4541
f 4535//4535 4532//4532 4542//4542
f 4541//4541 4539//4539 1853//1853
f 4542//4542 4541//4541 1855//1855
f 4546//4546 4543//4543 4545//4545
f 4545//4545 4556//4556 4547//4547
f 4545//4545 4544//4544 4549//4549
f 1870//1870 5417//5417 1867//1867
f 4552//4552 4545//4545 4555//4555
f 4546//4546 4558//4558 4557//4557
f 4558//4558 5337//5337 4559//4559
f 4558//4558 4546//4546 4560//4560
f 5337//5337 4558//4558 4561//4561
f 4563//4563 4543//4543 4562//4562
f 4568//4568 4563//4563 4564//4564
f 4562//4562 4557//4557 4565//4565
f 4564//4564 4562//4562 4566//4566
f 4563//4563 4567//4567 4544//4544
f 4567//4567 4570//4570 4548//4548
f 4568//4568 4569//4569 4567//4567
f 4569//4569 4652//4652 4570//4570
f 4572//4572 4574//4574 4573//4573
f 4582//4582 4573//4573 4575//4575
f 4576//4576 4577//4577 4574//4574
f 4575//4575 4574//4574 4578//4578
f 4580//4580 4571//4571 4579//4579
f 4587//4587 4580//4580 4581//4581
f 4582//4582 4583//4583 4579//4579
f 4583//4583 4611//4611 4581//4581
f 4580//4580 4585//4585 4584//4584
f 4585//4585 4589//4589 4586//4586
f 4587//4587 4588//4588 4585//4585
f 4588//4588 4639//4639 4589//4589
f 4572//4572 4571//4571 4590//4590
f 4576//4576 4572//4572 4591//4591
f 4590//4590 4584//4584 4592//4592
f 4591//4591 4590//4590 4593//4593
f 4597//4597 4594//4594 4596//4596
f 4605//4605 4597//4597 4598//4598
f 4596//4596 4595//4595 4600//4600
f 4598//4598 4596//4596 4601//4601
f 4597//4597 4603//4603 4602//4602
f 4603//4603 4607//4607 4604//4604
f 4605//4605 4606//4606 4603//4603
f 4606//4606 4627//4627 4607//4607
f 4609//4609 4594//4594 4608//4608
f 4582//4582 4609//4609 4583//4583
f 4608//4608 4602//4602 4610//4610
f 4583//4583 4608//4608 4611//4611
f 4609//4609 4612//4612 4595//4595
f 4612//4612 4613//4613 4599//4599
f 4582//4582 4575//4575 4612//4612
f 4575//4575 4578//4578 4613//4613
f 4617//4617 4614//4614 4616//4616
f 1936//1936 4617//4617 1937//1937
f 4616//4616 4615//4615 4619//4619
f 1937//1937 4616//4616 1938//1938
f 4617//4617 4621//4621 4620//4620
f 4620//4620 4621//4621 4623//4623
f 4617//4617 1936//1936 4621//4621
f 4621//4621 1948//1948 4622//4622
f 4625//4625 4614//4614 4624//4624
f 4605//4605 4625//4625 4606//4606
f 4624//4624 4620//4620 4626//4626
f 4606//4606 4624//4624 4627//4627
f 4625//4625 4628//4628 4615//4615
f 4628//4628 4629//4629 4618//4618
f 4605//4605 4598//4598 4628//4628
f 4598//4598 4601//4601 4629//4629
f 4631//4631 4633//4633 4632//4632
f 4633//4633 4592//4592 4586//4586
f 4634//4634 4635//4635 4633//4633
f 4635//4635 4593//4593 4592//4592
f 4637//4637 4630//4630 4636//4636
f 4642//4642 4637//4637 4638//4638
f 4636//4636 4632//4632 4589//4589
f 4638//4638 4636//4636 4639//4639
f 4637//4637 4641//4641 4640//4640
f 4641//4641 4560//4560 4547//4547
f 4642//4642 4643//4643 4641//4641
f 4643//4643 4561//4561 4560//4560
f 4631//4631 4630//4630 4644//4644
f 4634//4634 4631//4631 4645//4645
f 4644//4644 4640//4640 4556//4556
f 4645//4645 4644//4644 4554//4554
f 4649//4649 4646//4646 4648//4648
f 4568//4568 4649//4649 4569//4569
f 4648//4648 4647//4647 4651//4651
f 4569//4569 4648//4648 4652//4652
f 4649//4649 4654//4654 4653//4653
f 4654//4654 4656//4656 4655//4655
f 4649//4649 4568//4568 4654//4654
f 4654//4654 4564//4564 4656//4656
f 4658//4658 4646//4646 4657//4657
f 1983//1983 4658//4658 1984//1984
f 4657//4657 4653//4653 4659//4659
f 1984//1984 4657//4657 1985//1985
f 4658//4658 4660//4660 4647//4647
f 4660//4660 5330//5330 4650//4650
f 4660//4660 4658//4658 1976//1976
f 5330//5330 4660//4660 1979//1979
f 4662//4662 4664//4664 4663//4663
f 4664//4664 4668//4668 4665//4665
f 4666//4666 4667//4667 4664//4664
f 4667//4667 4743//4743 4668//4668
f 4670//4670 4661//4661 4669//4669
f 3743//3743 4670//4670 3744//3744
f 4669//4669 4663//4663 4671//4671
f 3744//3744 4669//4669 4530//4530
f 4670//4670 4673//4673 4672//4672
f 4673//4673 4675//4675 4674//4674
f 3743//3743 3758//3758 4673//4673
f 3758//3758 3760//3760 4675//4675
f 4662//4662 4661//4661 4676//4676
f 4666//4666 4662//4662 4677//4677
f 4676//4676 4672//4672 4678//4678
f 4678//4678 4750//4750 4677//4677
f 4682//4682 4679//4679 4681//4681
f 4689//4689 4682//4682 4683//4683
f 4681//4681 4680//4680 4685//4685
f 4683//4683 4681//4681 4686//4686
f 4682//4682 4688//4688 4687//4687
f 4688//4688 3800//3800 3799//3799
f 4689//4689 4690//4690 4688//4688
f 4690//4690 3801//3801 3800//3800
f 4687//4687 4692//4692 4691//4691
f 4692//4692 4694//4694 4693//4693
f 3799//3799 3815//3815 4692//4692
f 3815//3815 3817//3817 4694//4694
f 4680//4680 4679//4679 4695//4695
f 4684//4684 4680//4680 4696//4696
f 4695//4695 4691//4691 4697//4697
f 4696//4696 4695//4695 4698//4698
f 4702//4702 4699//4699 4701//4701
f 4709//4709 4702//4702 4703//4703
f 4701//4701 4700//4700 4705//4705
f 4703//4703 4701//4701 4706//4706
f 4702//4702 4708//4708 4707//4707
f 4708//4708 3869//3869 3883//3883
f 4709//4709 4710//4710 4708//4708
f 4710//4710 3870//3870 3869//3869
f 4712//4712 4699//4699 4711//4711
f 4716//4716 4712//4712 4713//4713
f 2042//2042 2041//2041 1160//1160
f 2041//2041 2043//2043 2044//2044
f 4712//4712 4715//4715 4700//4700
f 4715//4715 4718//4718 4704//4704
f 4716//4716 4717//4717 4715//4715
f 4717//4717 4686//4686 4718//4718
f 4722//4722 4719//4719 4721//4721
f 2052//2052 4722//4722 2053//2053
f 4721//4721 4720//4720 4724//4724
f 2053//2053 4721//4721 2054//2054
f 4722//4722 4726//4726 4725//4725
f 4726//4726 4506//4506 4505//4505
f 2052//2052 2062//2062 4726//4726
f 2062//2062 1818//1818 4506//4506
f 4728//4728 4719//4719 4727//4727
f 4709//4709 4728//4728 4710//4710
f 4727//4727 4725//4725 4516//4516
f 4710//4710 4727//4727 3870//3870
f 4728//4728 4729//4729 4720//4720
f 4729//4729 4730//4730 4723//4723
f 4709//4709 4703//4703 4729//4729
f 4703//4703 4706//4706 4730//4730
f 4732//4732 4734//4734 4733//4733
f 4734//4734 4697//4697 4693//4693
f 4735//4735 4736//4736 4734//4734
f 4736//4736 4698//4698 4697//4697
f 4738//4738 4731//4731 4737//4737
f 4521//4521 4738//4738 4522//4522
f 4737//4737 4733//4733 4694//4694
f 4522//4522 4737//4737 3817//3817
f 4738//4738 4740//4740 4739//4739
f 4740//4740 4671//4671 4665//4665
f 4521//4521 4529//4529 4740//4740
f 4529//4529 4530//4530 4671//4671
f 4732//4732 4731//4731 4741//4741
f 4735//4735 4732//4732 4742//4742
f 4741//4741 4739//4739 4668//4668
f 4742//4742 4741//4741 4743//4743
f 4745//4745 4747//4747 4746//4746
f 4747//4747 4678//4678 4674//4674
f 4747//4747 4745//4745 4749//4749
f 4678//4678 4747//4747 4750//4750
f 4752//4752 4744//4744 4751//4751
f 4535//4535 4752//4752 4536//4536
f 4751//4751 4746//4746 4675//4675
f 4536//4536 4751//4751 3760//3760
f 4752//4752 4754//4754 4753//4753
f 4754//4754 2091//2091 2090//2090
f 4535//4535 4542//4542 4754//4754
f 4542//4542 1855//1855 2091//2091
f 4745//4745 4744//4744 4755//4755
f 4755//4755 4845//4845 4748//4748
f 4755//4755 4753//4753 2084//2084
f 4845//4845 4755//4755 2087//2087
f 4757//4757 4759//4759 4758//4758
f 4759//4759 4763//4763 4760//4760
f 4759//4759 4757//4757 4762//4762
f 4762//4762 4833//4833 4763//4763
f 4765//4765 4756//4756 4764//4764
f 4666//4666 4765//4765 4667//4667
f 4764//4764 4758//4758 4766//4766
f 4667//4667 4764//4764 4743//4743
f 4768//4768 4756//4756 4767//4767
f 4771//4771 4768//4768 4769//4769
f 4767//4767 4765//4765 4677//4677
f 4769//4769 4767//4767 4750//4750
f 4768//4768 4770//4770 4757//4757
f 4770//4770 4773//4773 4761//4761
f 4771//4771 4772//4772 4770//4770
f 4772//4772 4840//4840 4773//4773
f 4777//4777 4774//4774 4776//4776
f 4784//4784 4777//4777 4778//4778
f 4776//4776 4775//4775 4780//4780
f 4778//4778 4776//4776 4781//4781
f 4777//4777 4783//4783 4782//4782
f 4783//4783 4685//4685 4684//4684
f 4784//4784 4785//4785 4783//4783
f 4785//4785 4686//4686 4685//4685
f 4787//4787 4774//4774 4786//4786
f 4786//4786 4789//4789 4788//4788
f 4684//4684 4696//4696 4786//4786
f 4696//4696 4698//4698 4789//4789
f 4787//4787 4790//4790 4775//4775
f 4790//4790 5360//5360 4779//4779
f 4790//4790 4787//4787 4791//4791
f 5360//5360 4790//4790 4792//4792
f 4796//4796 4793//4793 4795//4795
f 4803//4803 4796//4796 4797//4797
f 4795//4795 4794//4794 4799//4799
f 4797//4797 4795//4795 4800//4800
f 4796//4796 4802//4802 4801//4801
f 4802//4802 4705//4705 4704//4704
f 4803//4803 4804//4804 4802//4802
f 4804//4804 4706//4706 4705//4705
f 4806//4806 4793//4793 4805//4805
f 4784//4784 4806//4806 4785//4785
f 4805//4805 4801//4801 4718//4718
f 4785//4785 4805//4805 4686//4686
f 4806//4806 4807//4807 4794//4794
f 4807//4807 4808//4808 4798//4798
f 4784//4784 4778//4778 4807//4807
f 4778//4778 4781//4781 4808//4808
f 4812//4812 4809//4809 4811//4811
f 2152//2152 4812//4812 2153//2153
f 4811//4811 4810//4810 4814//4814
f 2153//2153 4811//4811 2154//2154
f 4812//4812 4816//4816 4815//4815
f 4816//4816 4724//4724 4723//4723
f 2152//2152 2162//2162 4816//4816
f 2162//2162 2054//2054 4724//4724
f 4818//4818 4809//4809 4817//4817
f 4803//4803 4818//4818 4804//4804
f 4817//4817 4815//4815 4730//4730
f 4804//4804 4817//4817 4706//4706
f 4818//4818 4819//4819 4810//4810
f 4819//4819 4820//4820 4813//4813
f 4803//4803 4797//4797 4819//4819
f 4797//4797 4800//4800 4820//4820
f 4822//4822 4824//4824 4823//4823
f 4824//4824 4791//4791 4788//4788
f 4825//4825 4826//4826 4824//4824
f 4826//4826 4792//4792 4791//4791
f 4828//4828 4821//4821 4827//4827
f 4735//4735 4828//4828 4736//4736
f 4827//4827 4823//4823 4789//4789
f 4736//4736 4827//4827 4698//4698
f 4828//4828 4830//4830 4829//4829
f 4830//4830 4766//4766 4760//4760
f 4735//4735 4742//4742 4830//4830
f 4742//4742 4743//4743 4766//4766
f 4822//4822 4821//4821 4831//4831
f 4825//4825 4822//4822 4832//4832
f 4831//4831 4829//4829 4763//4763
f 4832//4832 4831//4831 4833//4833
f 4837//4837 4834//4834 4836//4836
f 4771//4771 4837//4837 4772//4772
f 4836//4836 4835//4835 4839//4839
f 4772//4772 4836//4836 4840//4840
f 4837//4837 4842//4842 4841//4841
f 4842//4842 4749//4749 4748//4748
f 4771//4771 4769//4769 4842//4842
f 4769//4769 4750//4750 4749//4749
f 4844//4844 4834//4834 4843//4843
f 2184//2184 4844//4844 2190//2190
f 4843//4843 4841//4841 4845//4845
f 2190//2190 4843//4843 2087//2087
f 4844//4844 4846//4846 4835//4835
f 4846//4846 4847//4847 4838//4838
f 2184//2184 2187//2187 4846//4846
f 2187//2187 2793//2793 4847//4847
f 4851//4851 4848//4848 4850//4850
f 4856//4856 4851//4851 4852//4852
f 4850//4850 4849//4849 3901//3901
f 4852//4852 4850//4850 3960//3960
f 4851//4851 4854//4854 4853//4853
f 4854//4854 4858//4858 4855//4855
f 4856//4856 4857//4857 4854//4854
f 4857//4857 4892//4892 4858//4858
f 4860//4860 4848//4848 4859//4859
f 2200//2200 4860//4860 2205//2205
f 4859//4859 4853//4853 4861//4861
f 2205//2205 4859//4859 2206//2206
f 4860//4860 4862//4862 4849//4849
f 4862//4862 3892//3892 3891//3891
f 2200//2200 2201//2201 4862//4862
f 2201//2201 1178//1178 3892//3892
f 4864//4864 4866//4866 4865//4865
f 4866//4866 2217//2217 2216//2216
f 4867//4867 4868//4868 4866//4866
f 4868//4868 5482//5482 2217//2217
f 4870//4870 4863//4863 4869//4869
f 4874//4874 4870//4870 4871//4871
f 4869//4869 4865//4865 2227//2227
f 4871//4871 4869//4869 2229//2229
f 4870//4870 4873//4873 4872//4872
f 4873//4873 3913//3913 3906//3906
f 4874//4874 4875//4875 4873//4873
f 4875//4875 3914//3914 3913//3913
f 4864//4864 4863//4863 4876//4876
f 4867//4867 4864//4864 4877//4877
f 4876//4876 4872//4872 4878//4878
f 4878//4878 3909//3909 4877//4877
f 4882//4882 4879//4879 4881//4881
f 4888//4888 4882//4882 4883//4883
f 4881//4881 4880//4880 4885//4885
f 4885//4885 4925//4925 4883//4883
f 4882//4882 4887//4887 4886//4886
f 4887//4887 3908//3908 3907//3907
f 4888//4888 4889//4889 4887//4887
f 4889//4889 3909//3909 3908//3908
f 4891//4891 4879//4879 4890//4890
f 4856//4856 4891//4891 4857//4857
f 4890//4890 4886//4886 3924//3924
f 4857//4857 4890//4890 4892//4892
f 4891//4891 4893//4893 4880//4880
f 4893//4893 4894//4894 4884//4884
f 4856//4856 4852//4852 4893//4893
f 4852//4852 3960//3960 4894//4894
f 4896//4896 4898//4898 4897//4897
f 4898//4898 4900//4900 4899//4899
f 2250//2250 2253//2253 4898//4898
f 2253//2253 2273//2273 4900//4900
f 4902//4902 4895//4895 4901//4901
f 3918//3918 4902//4902 3919//3919
f 4901//4901 4897//4897 4903//4903
f 3919//3919 4901//4901 3920//3920
f 4905//4905 4895//4895 4904//4904
f 4874//4874 4905//4905 4875//4875
f 4904//4904 4902//4902 3912//3912
f 4875//4875 4904//4904 3914//3914
f 4905//4905 4906//4906 4896//4896
f 4906//4906 2256//2256 2250//2250
f 4874//4874 4871//4871 4906//4906
f 4871//4871 2229//2229 2256//2256
f 4910//4910 4907//4907 4909//4909
f 3922//3922 4910//4910 3923//3923
f 4909//4909 4908//4908 4858//4858
f 3923//3923 4909//4909 4892//4892
f 4910//4910 4912//4912 4911//4911
f 4912//4912 4903//4903 4899//4899
f 3922//3922 3917//3917 4912//4912
f 3917//3917 3920//3920 4903//4903
f 4914//4914 4907//4907 4913//4913
f 2268//2268 4914//4914 2272//2272
f 4913//4913 4911//4911 4900//4900
f 2272//2272 4913//4913 2273//2273
f 4914//4914 4915//4915 4908//4908
f 4915//4915 4861//4861 4855//4855
f 2268//2268 2269//2269 4915//4915
f 2269//2269 2206//2206 4861//4861
f 4917//4917 4919//4919 4918//4918
f 4919//4919 2280//2280 2279//2279
f 3830//3830 3826//3826 4919//4919
f 3826//3826 1111//1111 2280//2280
f 4918//4918 4921//4921 4920//4920
f 4921//4921 4868//4868 4867//4867
f 2279//2279 2287//2287 4921//4921
f 2287//2287 5482//5482 4868//4868
f 4923//4923 4916//4916 4922//4922
f 4888//4888 4923//4923 4889//4889
f 4922//4922 4920//4920 4877//4877
f 4889//4889 4922//4922 3909//3909
f 2275//2275 2277//2277 2282//2282
f 3830//3830 4917//4917 3831//3831
f 4888//4888 4883//4883 4924//4924
f 3831//3831 4924//4924 4925//4925
f 4927//4927 4929//4929 4928//4928
f 4929//4929 4931//4931 4930//4930
f 3884//3884 3879//3879 4929//4929
f 3879//3879 3881//3881 4931//4931
f 4933//4933 4926//4926 4932//4932
f 4940//4940 4933//4933 4934//4934
f 4932//4932 4928//4928 4935//4935
f 4934//4934 4932//4932 4936//4936
f 4933//4933 4938//4938 4937//4937
f 4938//4938 4942//4942 4939//4939
f 4940//4940 4941//4941 4938//4938
f 4941//4941 5063//5063 4942//4942
f 4927//4927 4926//4926 4943//4943
f 3884//3884 4927//4927 3885//3885
f 4943//4943 4937//4937 4944//4944
f 3885//3885 4943//4943 4714//4714
f 4948//4948 4945//4945 4947//4947
f 4953//4953 4948//4948 4949//4949
f 4947//4947 4946//4946 3876//3876
f 4949//4949 4947//4947 4514//4514
f 4951//4951 4945//4945 4950//4950
f 4958//4958 4951//4951 4952//4952
f 4950//4950 4948//4948 4954//4954
f 4952//4952 4950//4950 4955//4955
f 4951//4951 4957//4957 4956//4956
f 4957//4957 4935//4935 4930//4930
f 4958//4958 4959//4959 4957//4957
f 4959//4959 4936//4936 4935//4935
f 4956//4956 4960//4960 4946//4946
f 4960//4960 3880//3880 3873//3873
f 4930//4930 4931//4931 4960//4960
f 4931//4931 3881//3881 3880//3880
f 4964//4964 4961//4961 4963//4963
f 2327//2327 4964//4964 2328//2328
f 4963//4963 4962//4962 4510//4510
f 2328//2328 4963//4963 2329//2329
f 4966//4966 4961//4961 4965//4965
f 4970//4970 4966//4966 4967//4967
f 4965//4965 4964//4964 2337//2337
f 4967//4967 4965//4965 2339//2339
f 4966//4966 4969//4969 4968//4968
f 4969//4969 4954//4954 4953//4953
f 4970//4970 4971//4971 4969//4969
f 4971//4971 4955//4955 4954//4954
f 4968//4968 4972//4972 4962//4962
f 4972//4972 4513//4513 4509//4509
f 4953//4953 4949//4949 4972//4972
f 4949//4949 4514//4514 4513//4513
f 4974//4974 4976//4976 4975//4975
f 4716//4716 4975//4975 4717//4717
f 4973//4973 4981//4981 4985//4985
f 4978//4978 4686//4686 4717//4717
f 4975//4975 4980//4980 4979//4979
f 4980//4980 4944//4944 4939//4939
f 2355//2355 2043//2043 2037//2037
f 4713//4713 4714//4714 4944//4944
f 4979//4979 4982//4982 4981//4981
f 4982//4982 4984//4984 4983//4983
f 4939//4939 4942//4942 4982//4982
f 4942//4942 5063//5063 4984//4984
f 2340//2340 2342//2342 2347//2347
f 2421//2421 2423//2423 2422//2422
f 4985//4985 4981//4981 4987//4987
f 4986//4986 4985//4985 4988//4988
f 4992//4992 4989//4989 4991//4991
f 4997//4997 4992//4992 4993//4993
f 4991//4991 4990//4990 4471//4471
f 4993//4993 4991//4991 4478//4478
f 4992//4992 4995//4995 4994//4994
f 4995//4995 4999//4999 4996//4996
f 4997//4997 4998//4998 4995//4995
f 4998//4998 5034//5034 4999//4999
f 5001//5001 4989//4989 5000//5000
f 2364//2364 5001//5001 2369//2369
f 5000//5000 4994//4994 5002//5002
f 2369//2369 5000//5000 2370//2370
f 5001//5001 5003//5003 4990//4990
f 5003//5003 4459//4459 4458//4458
f 2364//2364 2365//2365 5003//5003
f 2365//2365 1763//1763 4459//4459
f 5007//5007 5004//5004 5006//5006
f 5006//5006 5009//5009 5008//5008
f 5006//5006 5005//5005 3798//3798
f 3798//3798 3801//3801 5009//5009
f 5007//5007 5011//5011 5010//5010
f 5011//5011 5080//5080 5012//5012
f 5011//5011 5007//5007 5013//5013
f 5080//5080 5011//5011 5014//5014
f 5016//5016 5004//5004 5015//5015
f 5021//5021 5016//5016 5017//5017
f 5015//5015 5010//5010 5018//5018
f 5017//5017 5015//5015 5019//5019
f 5016//5016 5020//5020 5005//5005
f 5020//5020 3806//3806 3805//3805
f 5021//5021 5022//5022 5020//5020
f 5022//5022 3807//3807 3806//3806
f 5026//5026 5023//5023 5025//5025
f 5021//5021 5026//5026 5022//5022
f 5025//5025 5024//5024 4487//4487
f 5022//5022 5025//5025 3807//3807
f 5026//5026 5028//5028 5027//5027
f 5028//5028 5030//5030 5029//5029
f 5021//5021 5017//5017 5028//5028
f 5017//5017 5019//5019 5030//5030
f 5032//5032 5023//5023 5031//5031
f 4997//4997 5032//5032 4998//4998
f 5031//5031 5027//5027 5033//5033
f 4998//4998 5031//5031 5034//5034
f 5032//5032 5035//5035 5024//5024
f 5035//5035 4477//4477 4476//4476
f 4997//4997 4993//4993 5035//5035
f 4993//4993 4478//4478 4477//4477
f 5039//5039 5036//5036 5038//5038
f 5043//5043 5039//5039 5040//5040
f 5038//5038 5037//5037 4986//4986
f 5040//5040 5038//5038 4988//4988
f 5036//5036 5039//5039 5042//5042
f 5041//5041 5013//5013 5008//5008
f 5043//5043 5044//5044 5041//5041
f 5044//5044 5014//5014 5013//5013
f 5046//5046 5036//5036 5045//5045
f 4689//4689 5046//5046 4690//4690
f 5045//5045 5042//5042 5009//5009
f 4690//4690 5045//5045 3801//3801
f 5046//5046 5047//5047 5037//5037
f 5047//5047 4978//4978 4977//4977
f 4689//4689 4683//4683 5047//5047
f 4683//4683 4686//4686 4978//4978
f 4716//4716 4713//4713 4980//4980
f 5057//5057 5060//5060 5059//5059
f 5053//5053 5054//5054 5051//5051
f 5447//5447 5446//5446 5313//5313
f 5057//5057 5048//5048 5056//5056
f 5043//5043 5057//5057 5044//5044
f 5056//5056 5050//5050 5058//5058
f 5044//5044 5056//5056 5014//5014
f 2428//2428 2433//2433 2432//2432
f 2353//2353 2348//2348 2433//2433
f 5043//5043 5040//5040 5060//5060
f 5461//5461 5196//5196 5200//5200
f 2420//2420 2422//2422 2429//2429
f 5053//5053 5049//5049 5062//5062
f 5061//5061 5059//5059 4984//4984
f 5062//5062 5061//5061 5063//5063
f 5067//5067 5064//5064 5066//5066
f 5073//5073 5067//5067 5068//5068
f 5066//5066 5065//5065 5055//5055
f 5068//5068 5066//5066 5069//5069
f 5071//5071 5064//5064 5070//5070
f 5077//5077 5071//5071 5072//5072
f 5073//5073 5074//5074 5070//5070
f 5074//5074 5092//5092 5072//5072
f 5071//5071 5076//5076 5075//5075
f 5076//5076 5018//5018 5012//5012
f 5077//5077 5078//5078 5076//5076
f 5078//5078 5019//5019 5018//5018
f 5065//5065 5064//5064 5079//5079
f 5079//5079 5058//5058 5052//5052
f 5079//5079 5075//5075 5080//5080
f 5080//5080 5014//5014 5058//5058
f 5084//5084 5081//5081 5083//5083
f 4940//4940 5084//5084 4941//4941
f 5083//5083 5082//5082 5062//5062
f 4941//4941 5083//5083 5063//5063
f 5084//5084 5086//5086 5085//5085
f 5086//5086 5088//5088 5087//5087
f 4940//4940 4934//4934 5086//5086
f 4934//4934 4936//4936 5088//5088
f 5090//5090 5081//5081 5089//5089
f 5073//5073 5090//5090 5074//5074
f 5089//5089 5085//5085 5091//5091
f 5074//5074 5089//5089 5092//5092
f 5090//5090 5093//5093 5082//5082
f 5093//5093 5054//5054 5053//5053
f 5073//5073 5068//5068 5093//5093
f 5235//5235 5219//5219 5225//5225
f 5095//5095 5097//5097 5096//5096
f 5097//5097 5099//5099 5098//5098
f 5077//5077 5072//5072 5097//5097
f 5072//5072 5092//5092 5099//5099
f 5101//5101 5094//5094 5100//5100
f 5107//5107 5101//5101 5102//5102
f 5100//5100 5096//5096 5103//5103
f 5102//5102 5100//5100 5104//5104
f 5101//5101 5106//5106 5105//5105
f 5106//5106 5033//5033 5029//5029
f 5107//5107 5108//5108 5106//5106
f 5108//5108 5034//5034 5033//5033
f 5095//5095 5094//5094 5109//5109
f 5077//5077 5095//5095 5078//5078
f 5109//5109 5105//5105 5030//5030
f 5078//5078 5109//5109 5019//5019
f 5111//5111 5113//5113 5112//5112
f 5113//5113 5002//5002 4996//4996
f 2485//2485 2486//2486 5113//5113
f 2486//2486 2370//2370 5002//5002
f 5115//5115 5110//5110 5114//5114
f 5107//5107 5115//5115 5108//5108
f 5114//5114 5112//5112 4999//4999
f 5108//5108 5114//5114 5034//5034
f 5115//5115 5117//5117 5116//5116
f 5117//5117 5119//5119 5118//5118
f 5107//5107 5102//5102 5117//5117
f 5102//5102 5104//5104 5119//5119
f 5111//5111 5110//5110 5120//5120
f 2485//2485 5111//5111 2490//2490
f 5120//5120 5116//5116 5121//5121
f 2490//2490 5120//5120 2491//2491
f 5125//5125 5122//5122 5124//5124
f 5118//5118 5125//5125 5121//5121
f 5124//5124 5123//5123 2501//2501
f 5121//5121 5124//5124 2491//2491
f 5125//5125 5127//5127 5126//5126
f 5127//5127 5129//5129 5128//5128
f 5118//5118 5119//5119 5127//5127
f 5119//5119 5104//5104 5129//5129
f 5131//5131 5122//5122 5130//5130
f 4970//4970 5131//5131 4971//4971
f 5130//5130 5126//5126 5132//5132
f 4971//4971 5130//5130 4955//4955
f 5131//5131 5133//5133 5123//5123
f 5133//5133 2505//2505 2504//2504
f 4970//4970 4967//4967 5133//5133
f 4967//4967 2339//2339 2505//2505
f 5137//5137 5134//5134 5136//5136
f 4958//4958 5137//5137 4959//4959
f 5136//5136 5135//5135 5088//5088
f 4959//4959 5136//5136 4936//4936
f 5137//5137 5139//5139 5138//5138
f 5139//5139 5132//5132 5128//5128
f 4958//4958 4952//4952 5139//5139
f 4952//4952 4955//4955 5132//5132
f 5141//5141 5134//5134 5140//5140
f 5098//5098 5141//5141 5103//5103
f 5140//5140 5138//5138 5129//5129
f 5103//5103 5140//5140 5104//5104
f 5141//5141 5142//5142 5135//5135
f 5142//5142 5091//5091 5087//5087
f 5098//5098 5099//5099 5142//5142
f 5099//5099 5092//5092 5091//5091
f 5144//5144 5146//5146 5145//5145
f 5146//5146 3658//3658 3653//3653
f 4884//4884 4894//4894 5146//5146
f 4894//4894 3960//3960 3658//3658
f 5148//5148 5143//5143 5147//5147
f 5153//5153 5148//5148 5149//5149
f 5147//5147 5145//5145 3655//3655
f 5149//5149 5147//5147 3656//3656
f 5148//5148 5151//5151 5150//5150
f 5151//5151 5154//5154 5152//5152
f 5153//5153 5239//5239 5151//5151
f 2530//2530 2588//2588 2533//2533
f 5144//5144 5143//5143 5156//5156
f 4884//4884 5144//5144 4885//4885
f 5152//5152 5157//5157 5156//5156
f 5157//5157 4925//4925 4885//4885
f 5161//5161 5158//5158 5160//5160
f 3952//3952 5161//5161 3953//3953
f 5160//5160 5159//5159 3563//3563
f 3953//3953 5160//5160 5162//5162
f 5161//5161 5164//5164 5163//5163
f 5164//5164 5166//5166 5165//5165
f 3952//3952 3947//3947 5164//5164
f 3947//3947 3949//3949 5166//5166
f 5168//5168 5158//5158 5167//5167
f 3648//3648 5168//5168 3649//3649
f 5167//5167 5163//5163 5169//5169
f 3649//3649 5167//5167 5170//5170
f 5168//5168 5171//5171 5159//5159
f 5171//5171 3567//3567 3560//3560
f 3648//3648 3642//3642 5171//5171
f 3642//3642 3568//3568 3567//3567
f 5182//5182 5180//5180 5183//5183
f 5176//5176 5183//5183 3942//3942
f 5187//5187 5184//5184 5186//5186
f 5152//5152 5187//5187 5157//5157
f 5186//5186 5185//5185 3832//3832
f 5157//5157 5186//5186 4925//4925
f 5187//5187 5189//5189 5188//5188
f 5189//5189 5191//5191 5190//5190
f 5152//5152 5154//5154 5189//5189
f 5154//5154 5155//5155 5191//5191
f 5188//5188 5195//5195 5192//5192
f 5198//5198 5200//5200 5196//5196
f 5197//5197 5199//5199 5188//5188
f 5202//5202 5204//5204 5185//5185
f 5204//5204 3835//3835 3829//3829
f 5207//5207 5173//5173 3835//3835
f 5212//5212 5209//5209 5211//5211
f 3938//3938 5212//5212 3948//3948
f 5211//5211 5210//5210 5166//5166
f 3948//3948 5211//5211 3949//3949
f 5216//5216 5209//5209 5213//5213
f 5216//5216 5180//5180 5214//5214
f 5213//5213 5212//5212 3940//3940
f 5180//5180 5213//5213 3944//3944
f 5216//5216 5218//5218 5217//5217
f 5228//5228 5217//5217 5219//5219
f 5223//5223 5216//5216 5221//5221
f 5218//5218 5216//5216 5223//5223
f 5224//5224 5219//5219 5226//5226
f 5217//5217 5227//5227 5210//5210
f 5227//5227 5169//5169 5165//5165
f 5228//5228 5229//5229 5227//5227
f 5229//5229 5170//5170 5169//5169
f 5233//5233 5230//5230 5232//5232
f 5228//5228 5233//5233 5229//5229
f 5232//5232 5231//5231 3650//3650
f 5229//5229 5232//5232 5170//5170
f 5233//5233 5235//5235 5234//5234
f 5235//5235 5198//5198 5190//5190
f 5228//5228 5219//5219 5235//5235
f 5201//5201 5198//5198 5236//5236
f 2619//2619 2620//2620 2608//2608
f 5238//5238 5230//5230 5237//5237
f 5153//5153 5238//5238 5239//5239
f 5237//5237 5234//5234 5191//5191
f 5239//5239 5237//5237 5155//5155
f 5238//5238 5240//5240 5231//5231
f 5240//5240 3654//3654 3647//3647
f 5153//5153 5149//5149 5240//5240
f 5149//5149 3656//3656 3654//3654
f 5244//5244 5241//5241 4549//4549
f 4553//4553 5245//5245 4554//4554
f 5248//5248 5254//5254 5249//5249
f 5250//5250 5248//5248 5252//5252
f 5259//5259 5254//5254 5255//5255
f 4548//4548 4570//4570 5253//5253
f 5255//5255 5248//5248 4652//4652
f 5259//5259 5263//5263 5260//5260
f 5264//5264 5173//5173 5261//5261
f 5263//5263 5173//5173 5264//5264
f 5267//5267 5269//5269 5268//5268
f 5273//5273 5268//5268 5270//5270
f 3703//3703 3699//3699 5269//5269
f 3699//3699 3700//3700 5270//5270
f 5272//5272 5266//5266 5271//5271
f 4576//4576 5272//5272 4577//4577
f 5273//5273 5274//5274 5271//5271
f 5274//5274 4578//4578 4577//4577
f 5272//5272 5276//5276 5275//5275
f 5276//5276 5278//5278 5277//5277
f 4576//4576 4591//4591 5276//5276
f 4591//4591 4593//4593 5278//5278
f 5267//5267 5266//5266 5279//5279
f 3703//3703 5267//5267 3704//3704
f 5279//5279 5275//5275 5280//5280
f 3704//3704 5279//5279 5162//5162
f 5284//5284 5281//5281 5283//5283
f 5288//5288 5284//5284 5285//5285
f 5283//5283 5282//5282 3526//3526
f 5285//5285 5283//5283 3527//3527
f 5284//5284 5287//5287 5286//5286
f 5287//5287 4600//4600 4599//4599
f 5288//5288 5289//5289 5287//5287
f 5289//5289 4601//4601 4600//4600
f 5291//5291 5281//5281 5290//5290
f 5273//5273 5291//5291 5274//5274
f 5290//5290 5286//5286 4613//4613
f 5274//5274 5290//5290 4578//4578
f 5291//5291 5292//5292 5282//5282
f 5292//5292 3533//3533 3531//3531
f 5273//5273 5270//5270 5292//5292
f 5270//5270 3700//3700 3533//3533
f 5296//5296 5293//5293 5295//5295
f 2678//2678 5296//5296 2679//2679
f 3512//3512 3508//3508 5295//5295
f 3508//3508 774//774 2679//2679
f 5296//5296 5298//5298 5297//5297
f 5298//5298 4619//4619 4618//4618
f 5296//5296 2678//2678 5298//5298
f 2685//2685 1938//1938 4619//4619
f 5300//5300 5293//5293 5299//5299
f 5288//5288 5300//5300 5289//5289
f 5299//5299 5297//5297 4629//4629
f 5289//5289 5299//5299 4601//4601
f 5300//5300 5301//5301 5294//5294
f 3512//3512 5294//5294 3513//3513
f 5288//5288 5285//5285 5301//5301
f 5285//5285 3527//3527 3513//3513
f 5303//5303 5305//5305 5304//5304
f 5305//5305 5280//5280 5277//5277
f 3931//3931 3951//3951 5305//5305
f 3951//3951 5162//5162 5280//5280
f 5307//5307 5302//5302 5306//5306
f 4634//4634 5307//5307 4635//4635
f 5306//5306 5304//5304 5278//5278
f 4635//4635 5306//5306 4593//4593
f 5307//5307 5309//5309 5308//5308
f 5309//5309 5314//5314 5310//5310
f 4634//4634 4645//4645 5309//5309
f 5316//5316 5311//5311 5309//5309
f 4645//4645 4554//4554 5315//5315
f 5303//5303 5302//5302 5317//5317
f 3931//3931 5303//5303 3932//3932
f 5310//5310 5318//5318 5308//5308
f 5320//5320 5321//5321 5317//5317
f 5323//5323 5325//5325 5324//5324
f 5259//5259 5324//5324 5263//5263
f 3822//3822 3834//3834 5325//5325
f 3834//3834 5173//5173 5263//5263
f 5327//5327 5322//5322 5326//5326
f 5326//5326 4651//4651 4650//4650
f 5259//5259 5255//5255 5326//5326
f 5255//5255 4652//4652 4651//4651
f 5327//5327 5329//5329 5328//5328
f 5329//5329 2717//2717 2716//2716
f 4650//4650 5330//5330 5329//5329
f 5330//5330 1979//1979 2717//2717
f 5323//5323 5322//5322 5331//5331
f 3822//3822 5323//5323 3823//3823
f 5331//5331 5328//5328 2712//2712
f 3823//3823 5331//5331 2713//2713
f 5335//5335 5332//5332 5334//5334
f 5334//5334 5338//5338 5336//5336
f 5334//5334 5333//5333 5337//5337
f 5337//5337 4561//4561 5338//5338
f 5335//5335 5340//5340 5339//5339
f 5340//5340 4762//4762 4761//4761
f 5340//5340 5335//5335 5341//5341
f 4762//4762 5340//5340 4833//4833
f 5343//5343 5332//5332 5342//5342
f 5346//5346 5343//5343 5344//5344
f 5342//5342 5339//5339 4773//4773
f 5344//5344 5342//5342 4840//4840
f 5343//5343 5345//5345 5333//5333
f 5345//5345 4565//4565 4559//4559
f 5346//5346 5347//5347 5345//5345
f 5347//5347 4566//4566 4565//4565
f 5351//5351 5348//5348 5350//5350
f 5355//5355 5351//5351 5352//5352
f 5350//5350 5349//5349 4581//4581
f 5352//5352 5350//5350 4611//4611
f 5351//5351 5354//5354 5353//5353
f 5354//5354 4780//4780 4779//4779
f 5355//5355 5356//5356 5354//5354
f 5356//5356 4781//4781 4780//4780
f 5358//5358 5348//5348 5357//5357
f 5357//5357 5361//5361 5359//5359
f 5357//5357 5353//5353 5360//5360
f 5360//5360 4792//4792 5361//5361
f 5349//5349 5348//5348 5362//5362
f 4587//4587 5349//5349 4588//4588
f 5362//5362 5358//5358 5363//5363
f 4588//4588 5362//5362 4639//4639
f 5367//5367 5364//5364 5366//5366
f 5371//5371 5367//5367 5368//5368
f 5366//5366 5365//5365 4607//4607
f 5368//5368 5366//5366 4627//4627
f 5367//5367 5370//5370 5369//5369
f 5370//5370 4799//4799 4798//4798
f 5367//5367 5371//5371 5370//5370
f 5372//5372 4800//4800 4799//4799
f 5374//5374 5364//5364 5373//5373
f 5355//5355 5374//5374 5356//5356
f 5373//5373 5369//5369 4808//4808
f 5356//5356 5373//5373 4781//4781
f 5374//5374 5375//5375 5365//5365
f 5375//5375 4610//4610 4604//4604
f 5355//5355 5352//5352 5375//5375
f 5352//5352 4611//4611 4610//4610
f 5379//5379 5376//5376 5378//5378
f 2765//2765 5379//5379 2766//2766
f 5378//5378 5377//5377 4622//4622
f 2766//2766 5378//5378 1951//1951
f 5379//5379 5381//5381 5380//5380
f 5381//5381 4814//4814 4813//4813
f 2765//2765 2772//2772 5381//5381
f 2772//2772 2154//2154 4814//4814
f 5383//5383 5376//5376 5382//5382
f 5371//5371 5383//5383 5372//5372
f 5382//5382 5380//5380 4820//4820
f 5372//5372 5382//5382 4800//4800
f 5376//5376 5383//5383 5377//5377
f 5384//5384 4626//4626 4623//4623
f 5371//5371 5368//5368 5384//5384
f 5368//5368 4627//4627 4626//4626
f 5386//5386 5388//5388 5387//5387
f 5388//5388 5363//5363 5359//5359
f 4642//4642 4638//4638 5388//5388
f 4638//4638 4639//4639 5363//5363
f 5390//5390 5385//5385 5389//5389
f 4825//4825 5390//5390 4826//4826
f 5389//5389 5387//5387 5361//5361
f 4826//4826 5389//5389 4792//4792
f 5390//5390 5392//5392 5391//5391
f 5391//5391 5392//5392 5336//5336
f 4825//4825 4832//4832 5392//5392
f 4832//4832 4833//4833 5341//5341
f 5386//5386 5385//5385 5393//5393
f 4642//4642 5386//5386 4643//4643
f 5393//5393 5391//5391 5338//5338
f 4643//4643 5393//5393 4561//4561
f 5397//5397 5394//5394 5396//5396
f 5346//5346 5397//5397 5347//5347
f 5396//5396 5395//5395 4656//4656
f 5347//5347 5396//5396 4566//4566
f 5394//5394 5397//5397 5399//5399
f 5398//5398 4839//4839 4838//4838
f 5346//5346 5344//5344 5398//5398
f 5344//5344 4840//4840 4839//4839
f 5401//5401 5394//5394 5400//5400
f 2788//2788 5401//5401 2792//2792
f 5400//5400 5399//5399 4847//4847
f 2792//2792 5400//5400 2793//2793
f 5394//5394 5401//5401 5395//5395
f 5402//5402 4659//4659 4655//4655
f 2788//2788 2789//2789 5402//5402
f 5402//5402 2789//2789 4659//4659
f 2348//2348 2350//2350 2413//2413
f 2634//2634 5405//5405 2635//2635
f 2636//2636 2635//2635 5403//5403
f 5405//5405 5430//5430 5406//5406
f 5406//5406 5415//5415 5404//5404
f 5407//5407 2702//2702 2699//2699
f 2639//2639 1877//1877 1876//1876
f 5409//5409 5407//5407 1224//1224
f 2695//2695 5407//5407 2694//2694
f 5412//5412 5407//5407 5411//5411
f 5412//5412 5420//5420 5408//5408
f 2573//2573 5414//5414 5413//5413
f 2554//2554 5414//5414 2553//2553
f 5404//5404 5414//5414 2554//2554
f 5416//5416 5414//5414 5415//5415
f 5416//5416 5425//5425 5413//5413
f 5417//5417 2645//2645 5418//5418
f 1868//1868 1867//1867 5419//5419
f 5418//5418 2703//2703 5408//5408
f 5421//5421 5418//5418 5420//5420
f 5419//5419 5418//5418 5422//5422
f 2578//2578 5424//5424 5423//5423
f 2569//2569 5424//5424 2567//2567
f 5424//5424 2569//2569 5413//5413
f 5426//5426 5424//5424 5425//5425
f 5423//5423 5424//5424 5427//5427
f 5428//5428 2633//2633 2637//2637
f 5405//5405 2634//2634 2633//2633
f 1868//1868 5419//5419 1869//1869
f 1871//1871 1869//1869 5428//5428
f 5419//5419 5422//5422 5429//5429
f 5405//5405 5428//5428 5430//5430
f 1239//1239 5431//5431 1219//1219
f 5409//5409 1225//1225 1221//1221
f 2562//2562 2558//2558 5431//5431
f 2560//2560 5431//5431 2559//2559
f 4916//4916 4923//4923 4924//4924
f 5432//5432 5431//5431 2557//2557
f 5432//5432 5436//5436 5433//5433
f 5433//5433 5411//5411 5409//5409
f 2605//2605 5434//5434 2599//2599
f 2605//2605 2607//2607 5434//5434
f 2425//2425 2426//2426 2423//2423
f 2585//2585 5434//5434 2620//2620
f 2426//2426 2442//2442 2427//2427
f 5423//5423 5427//5427 5435//5435
f 5432//5432 5434//5434 5436//5436
f 5438//5438 5437//5437 5430//5430
f 5433//5433 5437//5437 5411//5411
f 5439//5439 5437//5437 5436//5436
f 5406//5406 5437//5437 5415//5415
f 5426//5426 5440//5440 5427//5427
f 5416//5416 5440//5440 5425//5425
f 5416//5416 5415//5415 5439//5439
f 5439//5439 5436//5436 5435//5435
f 5421//5421 5441//5441 5422//5422
f 5412//5412 5441//5441 5420//5420
f 5412//5412 5411//5411 5438//5438
f 5438//5438 5430//5430 5429//5429
f 5404//5404 2630//2630 2625//2625
f 5443//5443 5455//5455 5444//5444
f 5444//5444 5467//5467 5445//5445
f 5250//5250 5252//5252 5445//5445
f 5247//5247 5249//5249 5442//5442
f 5446//5446 5318//5318 5310//5310
f 2702//2702 5407//5407 5408//5408
f 5447//5447 5460//5460 5448//5448
f 5450//5450 5446//5446 5449//5449
f 5450//5450 3935//3935 3934//3934
f 5321//5321 5320//5320 5446//5446
f 5205//5205 5452//5452 5206//5206
f 5452//5452 5465//5465 5454//5454
f 5443//5443 5453//5453 5455//5455
f 5174//5174 5453//5453 5172//5172
f 5443//5443 5261//5261 5175//5175
f 4553//4553 4551//4551 5456//5456
f 4550//4550 5457//5457 4551//4551
f 5459//5459 5456//5456 5458//5458
f 5447//5447 5456//5456 5460//5460
f 5456//5456 5447//5447 5316//5316
f 5197//5197 5461//5461 5199//5199
f 5464//5464 5462//5462 5463//5463
f 5452//5452 5462//5462 5465//5465
f 5193//5193 5462//5462 5202//5202
f 5462//5462 5452//5452 5203//5203
f 5466//5466 5243//5243 5253//5253
f 5445//5445 5466//5466 5251//5251
f 5468//5468 5466//5466 5467//5467
f 5468//5468 5458//5458 5457//5457
f 5242//5242 5466//5466 5457//5457
f 3930//3930 5469//5469 3929//3929
f 5451//5451 5450//5450 3936//3936
f 5450//5450 5449//5449 5470//5470
f 5470//5470 5473//5473 5471//5471
f 5183//5183 5176//5176 5469//5469
f 5176//5176 5177//5177 5469//5469
f 2557//2557 5431//5431 2558//2558
f 5471//5471 5214//5214 5179//5179
f 5221//5221 5472//5472 5223//5223
f 5222//5222 5472//5472 5226//5226
f 2600//2600 5434//5434 5432//5432
f 5474//5474 5472//5472 5473//5473
f 5474//5474 5463//5463 5461//5461
f 5225//5225 5472//5472 5236//5236
f 5423//5423 5434//5434 2581//2581
f 5444//5444 5475//5475 5467//5467
f 5477//5477 5475//5475 5455//5455
f 5470//5470 5475//5475 5473//5473
f 5476//5476 5475//5475 5449//5449
f 5474//5474 5478//5478 5463//5463
f 5474//5474 5473//5473 5477//5477
f 5477//5477 5455//5455 5454//5454
f 5464//5464 5478//5478 5465//5465
f 5468//5468 5479//5479 5458//5458
f 5468//5468 5467//5467 5476//5476
f 5476//5476 5449//5449 5448//5448
f 5459//5459 5479//5479 5460//5460
f 3865//3865 3883//3883 3869//3869

